,lnps-10-org-obj,lnps-10-nrm-obj,lnps-10-obj,lnps-10-diff,lnps-10-freq,lnps-30-org-obj,lnps-30-nrm-obj,lnps-30-obj,lnps-30-diff,lnps-30-freq,lnps-60-org-obj,lnps-60-nrm-obj,lnps-60-obj,lnps-60-diff,lnps-60-freq,mp-is1-p-hi-org-obj,mp-is1-p-hi-nrm-obj,mp-is1-p-hi-obj,mp-is1-p-hi-diff,mp-is1-p-hi-freq,mp-is1-p-low-org-obj,mp-is1-p-low-nrm-obj,mp-is1-p-low-obj,mp-is1-p-low-diff,mp-is1-p-low-freq,mp-is1-p-mid-org-obj,mp-is1-p-mid-nrm-obj,mp-is1-p-mid-obj,mp-is1-p-mid-diff,mp-is1-p-mid-freq,mp-is10-p-hi-org-obj,mp-is10-p-hi-nrm-obj,mp-is10-p-hi-obj,mp-is10-p-hi-diff,mp-is10-p-hi-freq,mp-is10-p-low-org-obj,mp-is10-p-low-nrm-obj,mp-is10-p-low-obj,mp-is10-p-low-diff,mp-is10-p-low-freq,mp-is10-p-mid-org-obj,mp-is10-p-mid-nrm-obj,mp-is10-p-mid-obj,mp-is10-p-mid-diff,mp-is10-p-mid-freq,mp-is100-p-hi-org-obj,mp-is100-p-hi-nrm-obj,mp-is100-p-hi-obj,mp-is100-p-hi-diff,mp-is100-p-hi-freq,mp-is100-p-low-org-obj,mp-is100-p-low-nrm-obj,mp-is100-p-low-obj,mp-is100-p-low-diff,mp-is100-p-low-freq,mp-is100-p-mid-org-obj,mp-is100-p-mid-nrm-obj,mp-is100-p-mid-obj,mp-is100-p-mid-diff,mp-is100-p-mid-freq,mp-p-hi-org-obj,mp-p-hi-nrm-obj,mp-p-hi-obj,mp-p-hi-diff,mp-p-hi-freq,mp-p-low-org-obj,mp-p-low-nrm-obj,mp-p-low-obj,mp-p-low-diff,mp-p-low-freq,mp-p-mid-org-obj,mp-p-mid-nrm-obj,mp-p-mid-obj,mp-p-mid-diff,mp-p-mid-freq,mp-ps-p-hi-org-obj,mp-ps-p-hi-nrm-obj,mp-ps-p-hi-obj,mp-ps-p-hi-diff,mp-ps-p-hi-freq,mp-ps-p-low-org-obj,mp-ps-p-low-nrm-obj,mp-ps-p-low-obj,mp-ps-p-low-diff,mp-ps-p-low-freq,mp-ps-p-mid-org-obj,mp-ps-p-mid-nrm-obj,mp-ps-p-mid-obj,mp-ps-p-mid-diff,mp-ps-p-mid-freq,ps-org-obj,ps-nrm-obj,ps-obj,ps-diff,ps-freq
resolved-p14d-c14d-3600-3rd/nsp-n30-d28-r0.10-rp2-fp2-s2,0 0 0 0 0 127 -114,0.0 0.0 0.0 0.0 0.0 0.0 0.029411764705882353,0.029411764705882353,0.19285714285714287,315,0 0 0 0 0 137 -116,0.0 0.0 0.0 0.0 0.0 0.025380710659898477 0.0,0.25380710659898476,0.1261904761904762,293,0 0 0 0 0 155 -106,0.0 0.0 0.0 0.0 0.0 0.07106598984771574 0.14705882352941177,0.8577187220065692,0.09285714285714286,221,0 0 0 0 0 144 -106,0.0 0.0 0.0 0.0 0.0 0.04314720812182741 0.14705882352941177,0.5785309047476859,0.05,178,0 0 0 0 0 178 -79,0.0 0.0 0.0 0.0 0.0 0.12944162436548223 0.5441176470588235,1.838533890713646,0.3333333333333333,13,0 0 0 0 0 158 -91,0.0 0.0 0.0 0.0 0.0 0.07868020304568528 0.36764705882352944,1.1544490892803823,0.05,136,0 0 0 0 0 155 -84,0.0 0.0 0.0 0.0 0.0 0.07106598984771574 0.47058823529411764,1.181248133771275,0.05,149,0 0 0 0 0 189 -78,0.0 0.0 0.0 0.0 0.0 0.15736040609137056 0.5588235294117647,2.13242759032547,0.23333333333333334,27,0 0 0 0 0 164 -74,0.0 0.0 0.0 0.0 0.0 0.09390862944162437 0.6176470588235294,1.5567333532397731,0.05,153,0 0 0 0 0 155 -96,0.0 0.0 0.0 0.0 0.0 0.07106598984771574 0.29411764705882354,1.0047775455359809,0.05,103,0 0 0 0 0 183 -81,0.0 0.0 0.0 0.0 0.0 0.14213197969543148 0.5147058823529411,1.9360256793072559,0.32142857142857145,30,0 0 0 0 0 156 -103,0.0 0.0 0.0 0.0 0.0 0.07360406091370558 0.19117647058823528,0.9272170797252911,0.05,124,0 0 0 0 0 426 -52,0.0 0.0 0.0 0.0 0.0 0.7588832487309645 0.9411764705882353,8.53000895789788,0.1880952380952381,142,0 0 0 0 0 184 -87,0.0 0.0 0.0 0.0 0.0 0.1446700507614213 0.4264705882352941,1.8731710958495074,0.6261904761904762,125,0 0 0 0 0 521 -48,0.0 0.0 0.0 0.0 0.0 1.0 1.0,11.0,0.28809523809523807,59,0 0 0 0 0 173 -86,0.0 0.0 0.0 0.0 0.0 0.116751269035533 0.4411764705882353,1.6086891609435652,0.05,346,0 0 0 0 0 184 -87,0.0 0.0 0.0 0.0 0.0 0.1446700507614213 0.4264705882352941,1.8731710958495074,0.6261904761904762,125,0 0 0 0 0 521 -48,0.0 0.0 0.0 0.0 0.0 1.0 1.0,11.0,0.28809523809523807,59,0 0 0 0 0 156 -68,0.0 0.0 0.0 0.0 0.0 0.07360406091370558 0.7058823529411765,1.4419229620782323,0.05,140
resolved-p14d-c14d-3600-3rd/nsp-n50-d28-r0.10-rp2-fp2-s8,29 102 3727 3930 154 8447 -153,0.6388888888888888 0.0 0.45089285714285715 0.938953488372093 0.004878048780487805 0.9950900163666121 0.07234042553191489,644347.2819941568,0.01,7807,29 102 3752 4119 153 8436 -170,0.6388888888888888 0.0 0.4732142857142857 1.0 0.0 0.9914893617021276 0.0,644630.9466396488,0.01,6985,29 102 3727 3917 154 8462 -149,0.6388888888888888 0.0 0.45089285714285715 0.9347545219638242 0.004878048780487805 1.0 0.08936170212765958,644343.1491488613,0.01,7882,22 109 3239 1679 170 7457 -33,0.4444444444444444 0.017114914425427872 0.015178571428571428 0.21188630490956073 0.08292682926829269 0.6710310965630114 0.5829787234042553,446535.19387879834,0.01,3327,21 425 3365 1023 259 5407 11,0.4166666666666667 0.7897310513447433 0.12767857142857142 0.0 0.5170731707317073 0.0 0.7702127659574468,496969.0350452659,0.11571428571428571,1051,24 511 4342 1517 358 6119 9,0.5 1.0 1.0 0.15956072351421188 1.0 0.23306055646481177 0.7617021276595745,610262.6530312065,0.3142857142857143,1012,25 108 3354 1804 164 7666 -54,0.5277777777777778 0.014669926650366748 0.11785714285714285 0.2522609819121447 0.05365853658536585 0.739443535188216 0.49361702127659574,530688.8567593297,0.01,2985,21 425 3365 1024 259 5407 11,0.4166666666666667 0.7897310513447433 0.12767857142857142 0.00032299741602067185 0.5170731707317073 0.0 0.7702127659574468,496969.35804268194,0.11571428571428571,1050,24 511 4342 1517 358 6119 9,0.5 1.0 1.0 0.15956072351421188 1.0 0.23306055646481177 0.7617021276595745,610262.6530312065,0.3142857142857143,1012,25 108 3354 1805 164 7666 -54,0.5277777777777778 0.014669926650366748 0.11785714285714285 0.2525839793281654 0.05365853658536585 0.739443535188216 0.49361702127659574,530689.1797567457,0.01,2981,21 425 3365 1023 259 5407 11,0.4166666666666667 0.7897310513447433 0.12767857142857142 0.0 0.5170731707317073 0.0 0.7702127659574468,496969.0350452659,0.11571428571428571,1051,24 511 4342 1517 358 6119 9,0.5 1.0 1.0 0.15956072351421188 1.0 0.23306055646481177 0.7617021276595745,610262.6530312065,0.3142857142857143,1012,42 297 3790 1893 274 6105 -14,1.0 0.4767726161369193 0.5071428571428571 0.2810077519379845 0.5902439024390244 0.22847790507364976 0.6638297872340425,1053091.6709361402,0.01,2873,6 325 3837 1312 263 5576 65,0.0 0.5452322738386308 0.5491071428571429 0.09334625322997415 0.5365853658536586 0.05531914893617021 1.0,60162.85679373921,0.8157142857142857,4011,15 276 3222 1023 316 5656 41,0.25 0.4254278728606357 0.0 0.0 0.7951219512195122 0.08150572831423895 0.8978723404255319,292624.01241080905,0.7914285714285715,5236,42 297 3790 1893 274 6105 -14,1.0 0.4767726161369193 0.5071428571428571 0.2810077519379845 0.5902439024390244 0.22847790507364976 0.6638297872340425,1053091.6709361402,0.01,2873,6 325 3837 1312 263 5576 65,0.0 0.5452322738386308 0.5491071428571429 0.09334625322997415 0.5365853658536586 0.05531914893617021 1.0,60162.85679373921,0.8157142857142857,4011,15 277 3222 1024 316 5657 41,0.25 0.4278728606356968 0.0 0.00032299741602067185 0.7951219512195122 0.08183306055646482 0.8978723404255319,292868.8374590536,0.7914285714285715,5206,29 104 3389 3480 157 7954 -109,0.6388888888888888 0.004889975550122249 0.14910714285714285 0.7936046511627907 0.01951219512195122 0.8337152209492635 0.25957446808510637,641673.1104698251,0.01,8171
resolved-p14d-c14d-3600-3rd/nsp-n50-d28-r0.10-rp2-fp2-s3,17 14 1384 1570 6 4329 -85,0.25 0.017948717948717947 0.053338762214983716 0.05675422138836773 0.11904761904761904 0.11934275007206688 0.4879518072289157,252398.59977962272,0.012857142857142857,6182,15 20 1282 951 1 3898 -130,0.0 0.03333333333333333 0.011807817589576547 0.020462007504690433 0.0 0.0572211011818968 0.21686746987951808,3472.662595215488,0.012857142857142857,7347,15 20 1282 936 1 3907 -114,0.0 0.03333333333333333 0.011807817589576547 0.019582551594746717 0.0 0.05851830498702796 0.3132530120481928,3471.8924968857646,0.012857142857142857,7381,17 12 1373 883 2 4374 -40,0.25 0.01282051282051282 0.048859934853420196 0.01647514071294559 0.023809523809523808 0.1258287690977227 0.7590361445783133,251791.52404751495,0.012857142857142857,5528,18 397 1253 789 43 3501 -16,0.375 1.0 0.0 0.010963883677298312 1.0 0.0 0.9036144578313253,475111.86749813514,0.23857142857142857,393,19 193 1378 682 33 3597 -26,0.5 0.47692307692307695 0.050895765472312705 0.004690431519699813 0.7619047619047619 0.013836840588065724 0.8433734939759037,548283.1279966409,0.15,378,17 15 1545 1117 2 4778 -7,0.25 0.020512820512820513 0.11889250814332247 0.030194652908067544 0.023809523809523808 0.1840588065724993 0.9578313253012049,253275.58115739535,0.012857142857142857,4080,18 397 1253 789 43 3501 -16,0.375 1.0 0.0 0.010963883677298312 1.0 0.0 0.9036144578313253,475111.86749813514,0.23857142857142857,393,19 218 1474 796 37 3875 0,0.5 0.541025641025641 0.08998371335504886 0.011374296435272045 0.8571428571428571 0.053906024791006056 1.0,555101.0288785121,0.15142857142857144,371,17 12 1374 897 1 4436 -8,0.25 0.01282051282051282 0.0492671009771987 0.017295966228893057 0.0 0.13476506197751514 0.9518072289156626,251794.31771590086,0.012857142857142857,5091,18 397 1253 789 43 3501 -16,0.375 1.0 0.0 0.010963883677298312 1.0 0.0 0.9036144578313253,475111.86749813514,0.23857142857142857,393,18 397 1253 789 43 3501 -16,0.375 1.0 0.0 0.010963883677298312 1.0 0.0 0.9036144578313253,475111.86749813514,0.23857142857142857,393,22 34 3455 12022 5 9734 -13,0.875 0.06923076923076923 0.8965798045602605 0.6695590994371482 0.09523809523809523 0.8983857019313923 0.9216867469879518,891577.8634214068,0.6014285714285714,4630,23 7 3367 13719 5 10019 -65,1.0 0.0 0.8607491856677525 0.7690548780487805 0.09523809523809523 0.9394638224272125 0.608433734939759,1009396.0736162094,0.6457142857142857,5917,22 8 3709 17658 2 10439 -166,0.875 0.002564102564102564 1.0 1.0 0.023809523809523808 1.0 0.0,886268.7912087912,0.6457142857142857,5449,22 29 3419 11999 6 9731 -7,0.875 0.05641025641025641 0.8819218241042345 0.6682106003752345 0.11904761904761904 0.8979533006630153 0.9578313253012049,890150.2966086799,0.6014285714285714,4719,22 9 3429 13059 4 9956 -37,0.875 0.005128205128205128 0.8859934853420195 0.730358818011257 0.07142857142857142 0.9303833957912944 0.7771084337349398,885120.3379837865,0.6457142857142857,6081,22 8 3639 17338 3 10295 -153,0.875 0.002564102564102564 0.9714983713355049 0.9812382739212008 0.047619047619047616 0.9792447391179014 0.0783132530120482,885967.2649090926,0.6457142857142857,5808,15 20 1266 602 3 3735 -84,0.0 0.03333333333333333 0.005293159609120521 0.0 0.047619047619047616 0.033727298933410206 0.4939759036144578,3391.858083079392,0.012857142857142857,8310
resolved-p14d-c14d-3600-3rd/nsp-n10-d28-r0.10-rp0-fp0-s8,0 1 0 2 0 82 -31,0.0 0.0 0.0 0.0 0.0 0.0 0.09803921568627451,0.09803921568627451,0.2714285714285714,8573,0 1 0 2 0 84 -36,0.0 0.0 0.0 0.0 0.0 0.004484304932735426 0.0,0.04484304932735426,0.22857142857142856,8536,0 1 0 2 0 84 -29,0.0 0.0 0.0 0.0 0.0 0.004484304932735426 0.13725490196078433,0.18209795128813858,0.16428571428571428,8533,1 2 0 2 0 87 -13,1.0 1.0 0.0 0.0 0.0 0.011210762331838564 0.45098039215686275,1100000.5630880154,0.03571428571428571,3494,0 1 0 2 0 113 -17,0.0 0.0 0.0 0.0 0.0 0.06950672645739911 0.37254901960784315,1.0676162841818342,0.3357142857142857,20652,0 1 0 2 0 96 -17,0.0 0.0 0.0 0.0 0.0 0.03139013452914798 0.37254901960784315,0.686450364899323,0.06428571428571428,7322,1 2 0 2 0 87 -13,1.0 1.0 0.0 0.0 0.0 0.011210762331838564 0.45098039215686275,1100000.5630880154,0.03571428571428571,3494,0 1 0 2 0 109 -21,0.0 0.0 0.0 0.0 0.0 0.06053811659192825 0.29411764705882354,0.8994988129781061,0.40714285714285714,20654,0 1 0 2 0 95 -19,0.0 0.0 0.0 0.0 0.0 0.02914798206278027 0.3333333333333333,0.624813153961136,0.06428571428571428,7324,1 2 0 2 0 87 -13,1.0 1.0 0.0 0.0 0.0 0.011210762331838564 0.45098039215686275,1100000.5630880154,0.03571428571428571,3494,0 1 2 34 5 209 -2,0.0 0.0 0.01680672268907563 0.6274509803921569 0.3333333333333333 0.28475336322869954 0.6666666666666666,832.3657409152001,0.5785714285714286,19989,0 1 0 2 0 96 -20,0.0 0.0 0.0 0.0 0.0 0.03139013452914798 0.3137254901960784,0.6276268354875583,0.06428571428571428,7323,1 2 0 2 0 89 -16,1.0 1.0 0.0 0.0 0.0 0.01569506726457399 0.39215686274509803,1100000.5491075353,0.03571428571428571,3571,0 1 119 35 4 528 7,0.0 0.0 1.0 0.6470588235294118 0.26666666666666666 1.0 0.8431372549019608,10684.56862745098,0.7142857142857143,30136,0 2 32 50 15 456 8,0.0 1.0 0.2689075630252101 0.9411764705882353 1.0 0.8385650224215246 0.8627450980392157,103739.5004961626,0.42857142857142855,28085,1 2 0 2 0 89 -21,1.0 1.0 0.0 0.0 0.0 0.01569506726457399 0.29411764705882354,1100000.4510683196,0.03571428571428571,3574,0 1 112 41 4 493 15,0.0 0.0 0.9411764705882353 0.7647058823529411 0.26666666666666666 0.92152466367713 1.0,10213.352501538731,0.7142857142857143,30468,0 2 34 53 15 465 -4,0.0 1.0 0.2857142857142857 1.0 1.0 0.8587443946188341 0.6274509803921569,103966.35775206944,0.42857142857142855,27977,1 2 0 2 0 86 -19,1.0 1.0 0.0 0.0 0.0 0.008968609865470852 0.3333333333333333,1100000.423019432,0.03571428571428571,14973
resolved-p14d-c14d-3600-3rd/nsp-n30-d28-r0.10-rp2-fp2-s5,13 4 496 2799 10 2112 -77,1.0 0.5714285714285714 0.8065173116089613 0.6766877637130801 0.2222222222222222 0.7845683728036669 0.0,1065914.78592861,0.01904761904761905,11920,13 4 523 2947 8 2163 -70,1.0 0.5714285714285714 0.8615071283095723 0.7157172995780591 0.16666666666666666 0.8235294117647058 0.040697674418604654,1066498.5883839896,0.01904761904761905,9575,13 4 511 2943 9 2121 -75,1.0 0.5714285714285714 0.8370672097759674 0.7146624472573839 0.19444444444444445 0.7914438502673797 0.011627906976744186,1066255.5621987283,0.01904761904761905,10100,9 5 102 234 22 1100 -1,0.6923076923076923 0.7142857142857143 0.004073319755600814 0.00026371308016877635 0.5555555555555556 0.01145912910618793 0.4418604651162791,763833.3726542116,0.01904761904761905,5649,13 4 450 2868 10 2005 -65,1.0 0.5714285714285714 0.7128309572301426 0.6948839662447257 0.2222222222222222 0.7028265851795263 0.06976744186046512,1064995.370936919,0.01904761904761905,14230,13 4 444 2756 11 1977 -65,1.0 0.5714285714285714 0.7006109979633401 0.6653481012658228 0.25 0.6814362108479756 0.06976744186046512,1064846.1993533066,0.01904761904761905,14464,9 5 107 233 23 1113 13,0.6923076923076923 0.7142857142857143 0.014256619144602852 0.0 0.5833333333333334 0.0213903743315508 0.5232558139534884,763937.9004206004,0.01904761904761905,5494,13 4 496 2885 8 2077 -60,1.0 0.5714285714285714 0.8065173116089613 0.6993670886075949 0.16666666666666666 0.7578304048892284 0.09883720930232558,1065931.741155479,0.01904761904761905,12657,13 4 448 2760 10 1994 -64,1.0 0.5714285714285714 0.7087576374745418 0.6664029535864979 0.2222222222222222 0.6944232238349886 0.0755813953488372,1064926.078507045,0.01904761904761905,14352,9 5 100 238 25 1085 8,0.6923076923076923 0.7142857142857143 0.0 0.0013185654008438818 0.6388888888888888 0.0 0.4941860465116279,763801.9653766,0.01904761904761905,5816,13 4 427 2733 10 1943 -54,1.0 0.5714285714285714 0.6659877800407332 0.6592827004219409 0.2222222222222222 0.6554621848739496 0.13372093023255813,1064490.9282086876,0.01904761904761905,15114,13 4 481 2932 9 2024 -61,1.0 0.5714285714285714 0.7759674134419552 0.7117616033755274 0.19444444444444445 0.7173414820473644 0.09302325581395349,1065641.0037631728,0.01904761904761905,13360,9 6 213 338 17 1283 14,0.6923076923076923 0.8571428571428571 0.23014256619144602 0.027689873417721517 0.4166666666666667 0.15126050420168066 0.5290697674418605,780394.8018987862,0.01904761904761905,7046,0 0 591 4025 2 2394 45,0.0 0.0 1.0 1.0 0.0 1.0 0.7093023255813954,11010.709302325582,0.6452380952380953,4132,0 0 503 776 38 1946 88,0.0 0.0 0.8207739307535642 0.14319620253164558 1.0 0.6577540106951871 0.9593023255813954,8458.47235249982,0.6404761904761904,4847,9 7 217 344 18 1276 31,0.6923076923076923 1.0 0.23828920570264767 0.029272151898734177 0.4444444444444444 0.14591291061879297 0.627906976744186,794766.3879971448,0.01904761904761905,6761,0 0 590 4025 2 2394 45,0.0 0.0 0.9979633401221996 1.0 0.0 1.0 0.7093023255813954,10990.342703547578,0.6452380952380953,4138,0 0 521 860 35 2003 95,0.0 0.0 0.8574338085539714 0.16534810126582278 0.9166666666666666 0.7012987012987013 1.0,8839.36584048519,0.6404761904761904,4657,13 4 365 2271 13 1795 -49,1.0 0.5714285714285714 0.539714867617108 0.5374472573839663 0.3055555555555556 0.5423987776928954 0.16279069767441862,1063113.5954104422,0.01904761904761905,14801
resolved-p14d-c14d-3600-3rd/nsp-n30-d28-r0.10-rp2-fp2-s9,0 88 62 143 27 339 -52,0.0 0.0267639902676399 0.0 0.0 0.10294117647058823 0.0 0.0,2686.693144411049,0.03571428571428571,11455,10 94 68 172 26 357 -44,0.47619047619047616 0.0413625304136253 0.008633093525179856 0.030114226375908618 0.08823529411764706 0.020833333333333332 0.08602150537634409,480452.29227771674,0.009523809523809525,13235,10 94 68 173 25 366 -44,0.47619047619047616 0.0413625304136253 0.008633093525179856 0.03115264797507788 0.07352941176470588 0.03125 0.08602150537634409,480451.9642777473,0.009523809523809525,13146,13 151 215 224 26 494 -29,0.6190476190476191 0.18004866180048662 0.22014388489208633 0.08411214953271028 0.08823529411764706 0.17939814814814814 0.24731182795698925,639348.9010488426,0.009523809523809525,6178,3 487 686 926 88 1203 16,0.14285714285714285 0.9975669099756691 0.897841726618705 0.8130841121495327 1.0 1.0 0.7311827956989247,252516.06641584204,0.5619047619047619,4203,6 351 557 549 48 988 -31,0.2857142857142857 0.6666666666666666 0.7122302158273381 0.4215991692627207 0.4117647058823529 0.7511574074074074 0.22580645161290322,359973.76755960245,0.15476190476190477,8583,7 77 145 167 24 496 -41,0.3333333333333333 0.0 0.11942446043165468 0.024922118380062305 0.058823529411764705 0.18171296296296297 0.11827956989247312,334560.31781817065,0.009523809523809525,7808,9 422 604 658 61 1020 -18,0.42857142857142855 0.8394160583941606 0.7798561151079136 0.5347871235721703 0.6029411764705882 0.7881944444444444 0.3655913978494624,520914.92433898523,0.3119047619047619,540,12 249 380 472 40 748 -41,0.5714285714285714 0.41849148418491483 0.45755395683453237 0.34164070612668745 0.29411764705882354 0.47337962962962965 0.11827956989247312,618229.1639621069,0.0761904761904762,790,7 88 213 228 35 567 -37,0.3333333333333333 0.0267639902676399 0.21726618705035972 0.08826583592938733 0.22058823529411764 0.2638888888888889 0.16129032258064516,338295.51906927116,0.009523809523809525,7009,9 314 653 832 55 1016 -27,0.42857142857142855 0.5766423357664233 0.8503597122302158 0.715472481827622 0.5147058823529411 0.7835648148148148 0.26881720430107525,495514.30680578836,0.11190476190476191,1568,3 488 757 1106 74 1199 6,0.14285714285714285 1.0 1.0 1.0 0.7941176470588235 0.9953703703703703 0.6236559139784946,253947.1319814664,0.6071428571428571,5204,7 115 299 280 50 607 -41,0.3333333333333333 0.09245742092457421 0.3410071942446043 0.142263759086189 0.4411764705882353 0.3101851851851852 0.11827956989247312,346178.74890580354,0.009523809523809525,6563,17 217 123 196 36 961 41,0.8095238095238095 0.340632603406326 0.08776978417266187 0.055036344755970926 0.23529411764705882 0.7199074074074074 1.0,844551.5325367636,0.6476190476190476,11140,21 261 118 198 33 787 32,1.0 0.44768856447688565 0.08057553956834532 0.05711318795430945 0.19117647058823528 0.5185185185185185 0.9032258064516129,1045656.9310893767,0.6357142857142857,11865,7 111 287 280 54 584 -40,0.3333333333333333 0.0827250608272506 0.3237410071942446 0.142263759086189 0.5 0.2835648148148148 0.12903225806451613,345038.4779274932,0.009523809523809525,6752,16 214 127 193 33 1008 39,0.7619047619047619 0.3333333333333333 0.09352517985611511 0.05192107995846314 0.19117647058823528 0.7743055555555556 0.978494623655914,796253.1073138529,0.6452380952380953,11534,20 263 119 206 32 787 36,0.9523809523809523 0.45255474452554745 0.08201438848920864 0.06542056074766354 0.17647058823529413 0.5185185185185185 0.946236559139785,998545.7697597146,0.6357142857142857,11973,14 102 111 180 20 513 -9,0.6666666666666666 0.06082725060827251 0.07050359712230216 0.03842159916926272 0.0 0.2013888888888889 0.46236559139784944,673495.3255523664,0.009523809523809525,14321
resolved-p14d-c14d-3600-3rd/nsp-n40-d28-r0.10-rp2-fp2-s7,3 0 412 1746 3 1963 -53,0.0625 0.0 0.0 0.2780530457592539 0.05128205128205128 0.04658493870402802 0.06912442396313365,62783.71622469846,0.039285714285714285,5599,16 5 682 1376 23 2270 -52,0.875 0.01592356687898089 0.2833158447009444 0.1702127659574468 0.5641025641025641 0.15411558669001751 0.07373271889400922,879653.753045861,0.007142857142857143,8180,16 5 663 1341 20 2182 -64,0.875 0.01592356687898089 0.2633788037775446 0.16001165840862722 0.48717948717948717 0.12329246935201402 0.018433179723502304,879436.1256906734,0.007142857142857143,9370,15 5 606 1253 2 2163 -36,0.8125 0.01592356687898089 0.20356768100734524 0.13436315942873797 0.02564102564102564 0.11663747810858144 0.14746543778801843,816266.2746001831,0.007142857142857143,7491,14 222 790 1304 24 2376 -8,0.75 0.7070063694267515 0.39664218258132217 0.14922763042844653 0.5897435897435898 0.19124343257443083 0.2764976958525346,824877.4496899128,0.24464285714285713,325,11 196 878 1931 26 2511 -44,0.5625 0.6242038216560509 0.48898216159496327 0.3319731856601574 0.6410256410256411 0.23852889667250438 0.11059907834101383,630208.7754193626,0.23035714285714284,470,14 7 538 814 1 2016 -40,0.75 0.022292993630573247 0.1322140608604407 0.006412124744972311 0.0 0.06514886164623468 0.12903225806451613,753558.6326172813,0.007142857142857143,8807,14 222 705 792 27 1830 -1,0.75 0.7070063694267515 0.3074501573976915 0.0 0.6666666666666666 0.0 0.3087557603686636,823842.113939079,0.24107142857142858,341,10 314 718 1156 38 2005 13,0.5 1.0 0.3210912906610703 0.10609151850772369 0.9487179487179487 0.06129597197898424 0.37327188940092165,603412.8624515994,0.35,506,15 5 605 1249 1 2155 -44,0.8125 0.01592356687898089 0.2025183630640084 0.13319731856601574 0.0 0.1138353765323993 0.11059907834101383,816251.9865899478,0.007142857142857143,7719,14 222 705 792 27 1830 -1,0.75 0.7070063694267515 0.3074501573976915 0.0 0.6666666666666666 0.0 0.3087557603686636,823842.113939079,0.24107142857142858,341,11 196 878 1931 26 2511 -44,0.5625 0.6242038216560509 0.48898216159496327 0.3319731856601574 0.6410256410256411 0.23852889667250438 0.11059907834101383,630208.7754193626,0.23035714285714284,470,7 70 1348 4196 22 4685 133,0.3125 0.2229299363057325 0.9821615949632738 0.9921305741766249 0.5384615384615384 1.0 0.9262672811059908,345671.51257550984,0.6267857142857143,5070,4 32 1365 2488 39 4674 135,0.125 0.10191082802547771 1.0 0.4943165257942291 0.9743589743589743 0.9961471103327496 0.9354838709677419,145793.7321807522,0.6678571428571428,6789,2 49 1277 3978 20 4568 149,0.0 0.15605095541401273 0.9076600209863589 0.9285922471582629 0.48717948717948717 0.9590192644483363 1.0,25669.596139785557,0.6410714285714286,5045,7 69 1296 4009 23 4570 139,0.3125 0.2197452229299363 0.9275970619097587 0.9376275138443603 0.5641025641025641 0.9597197898423818 0.9539170506912442,344755.0817972949,0.6267857142857143,5290,3 30 1359 2490 40 4659 139,0.0625 0.09554140127388536 0.993704092339979 0.49489944622559023 1.0 0.990893169877408 0.9539170506912442,82596.94334576339,0.6678571428571428,7071,2 50 1297 4223 18 4597 130,0.0 0.1592356687898089 0.9286463798530955 1.0 0.4358974358974359 0.9691768826619965 0.9124423963133641,26264.22463232452,0.6410714285714286,5015,18 5 552 1663 10 2078 -68,1.0 0.01592356687898089 0.14690451206715635 0.25386184785776744 0.23076923076923078 0.08686514886164623 0.0,1003339.2092309927,0.007142857142857143,11870
resolved-p14d-c14d-3600-3rd/nsp-n50-d28-r0.10-rp2-fp2-s4,20 18 1550 1932 1 4980 -55,0.8461538461538461 0.01282051282051282 0.3112549800796813 0.0875917878015885 0.01639344262295082 0.34840923268870866 0.038834951456310676,850641.2012960364,0.03571428571428571,6862,20 18 1522 1876 1 4669 -58,0.8461538461538461 0.01282051282051282 0.29731075697211157 0.08339577401468605 0.01639344262295082 0.29990642545227697 0.024271844660194174,850497.0634599946,0.03571428571428571,7184,20 18 1522 1908 1 4678 -63,0.8461538461538461 0.01282051282051282 0.29731075697211157 0.0857934961786303 0.01639344262295082 0.30131004366812225 0.0,850499.450946496,0.03571428571428571,7160,17 15 1112 1386 7 3712 -16,0.6153846153846154 0.005128205128205128 0.09312749003984064 0.04668065337928967 0.11475409836065574 0.15065502183406113 0.22815533980582525,616888.6015666078,0.03571428571428571,6994,19 403 925 763 28 2754 9,0.7692307692307693 1.0 0.0 0.0 0.45901639344262296 0.0012476606363069245 0.34951456310679613,869277.032861283,0.1742857142857143,422,22 174 1075 1311 16 3206 -7,1.0 0.4128205128205128 0.07470119521912351 0.041060992057545334 0.26229508196721313 0.07174048658764816 0.27184466019417475,1042097.3429840228,0.2,295,17 15 1104 1375 8 3712 -14,0.6153846153846154 0.005128205128205128 0.08914342629482072 0.04585643638543384 0.13114754098360656 0.15065502183406113 0.23786407766990292,616849.5857651639,0.03571428571428571,7207,19 403 925 763 28 2754 9,0.7692307692307693 1.0 0.0 0.0 0.45901639344262296 0.0012476606363069245 0.34951456310679613,869277.032861283,0.1742857142857143,422,21 302 953 1238 38 2746 20,0.9230769230769231 0.7410256410256411 0.013944223107569721 0.03559118837104751 0.6229508196721312 0.0 0.4029126213592233,997417.2185935227,0.19714285714285715,314,17 16 1112 1373 7 3721 -20,0.6153846153846154 0.007692307692307693 0.09312749003984064 0.04570657875018732 0.11475409836065574 0.15205864004990644 0.2087378640776699,617144.0323670954,0.03571428571428571,6921,19 402 925 763 28 2754 9,0.7692307692307693 0.9974358974358974 0.0 0.0 0.45901639344262296 0.0012476606363069245 0.34951456310679613,869020.6226048728,0.1742857142857143,423,21 302 960 1238 38 2746 20,0.9230769230769231 0.7410256410256411 0.01743027888446215 0.03559118837104751 0.6229508196721312 0.0 0.4029126213592233,997452.0791512915,0.19714285714285715,313,15 13 2933 14109 0 9158 0,0.46153846153846156 0.0 1.0 1.0 0.0 1.0 0.3058252427184466,472548.7673637043,0.6157142857142858,6372,9 259 1681 6302 20 5953 143,0.0 0.6307692307692307 0.37649402390438247 0.4150307208152255 0.32786885245901637 0.5001559575795383 1.0,67295.68248160383,0.6985714285714286,4085,14 224 1607 5953 15 5901 134,0.38461538461538464 0.541025641025641 0.3396414342629482 0.3888805634647085 0.2459016393442623 0.49204616344354335 0.9563106796116505,442533.7105602914,0.66,3656,15 13 2919 13910 0 9158 13,0.46153846153846156 0.0 0.9930278884462151 0.9850891652929716 0.0 1.0 0.36893203883495146,472464.1985202555,0.6157142857142858,6462,9 259 1680 6256 23 5964 137,0.0 0.6307692307692307 0.375996015936255 0.4115839952045557 0.3770491803278688 0.5018714909544604 0.970873786407767,67292.16173821893,0.6985714285714286,4136,14 224 1631 5927 15 5924 132,0.38461538461538464 0.541025641025641 0.351593625498008 0.3869324142065038 0.2459016393442623 0.49563318777292575 0.9466019417475728,442651.3104848893,0.66,3524,18 16 1295 2408 61 4140 -32,0.6923076923076923 0.007692307692307693 0.18426294820717132 0.12325790499025925 1.0 0.21740486587648158 0.15048543689320387,695145.1349980807,0.03571428571428571,7700
resolved-p14d-c14d-3600-3rd/nsp-n30-d28-r0.10-rp2-fp2-s6,7 88 481 492 51 1924 -5,0.5384615384615384 0.004219409282700422 0.1488162344983089 0.2380352644836272 0.00558659217877095 0.7537473233404711 0.13253012048192772,540617.9056618469,0.011904761904761904,10797,7 88 481 494 52 1917 -7,0.5384615384615384 0.004219409282700422 0.1488162344983089 0.24055415617128464 0.0111731843575419 0.7387580299785867 0.10843373493975904,540620.8092234333,0.011904761904761904,10737,7 88 482 569 53 1907 -16,0.5384615384615384 0.004219409282700422 0.14994363021420518 0.3350125944584383 0.01675977653631285 0.7173447537473233 0.0,540726.7777116,0.011904761904761904,10367,6 87 470 303 54 1767 53,0.46153846153846156 0.0 0.13641488162344984 0.0 0.0223463687150838 0.41755888650963596 0.8313253012048193,462909.85190573387,0.011904761904761904,4679,1 304 1224 1097 229 1896 36,0.07692307692307693 0.9156118143459916 0.9864712514092446 1.0 1.0 0.6937901498929336 0.6265060240963856,179456.53527929157,0.29285714285714287,1821,0 313 1170 1015 182 1887 8,0.0 0.9535864978902954 0.9255918827508456 0.8967254408060453 0.7374301675977654 0.6745182012847966 0.2891566265060241,105592.07141274317,0.20714285714285716,2024,6 87 353 387 55 1577 23,0.46153846153846156 0.0 0.004509582863585118 0.10579345088161209 0.027932960893854747 0.010706638115631691 0.46987951807228917,461692.72105996765,0.011904761904761904,3958,1 304 1224 1097 229 1892 35,0.07692307692307693 0.9156118143459916 0.9864712514092446 1.0 1.0 0.6852248394004282 0.6144578313253012,179456.4375779939,0.29285714285714287,1822,0 308 1181 1001 173 1917 4,0.0 0.9324894514767933 0.9379932356257046 0.8790931989924433 0.6871508379888268 0.7387580299785867 0.24096385542168675,103584.31433088292,0.20714285714285716,2026,6 87 349 372 62 1572 22,0.46153846153846156 0.0 0.0 0.08690176322418136 0.0670391061452514 0.0 0.4578313253012048,461632.52504362556,0.011904761904761904,4272,1 304 1224 1097 229 1896 36,0.07692307692307693 0.9156118143459916 0.9864712514092446 1.0 1.0 0.6937901498929336 0.6265060240963856,179456.53527929157,0.29285714285714287,1821,0 308 1181 1001 173 1917 4,0.0 0.9324894514767933 0.9379932356257046 0.8790931989924433 0.6871508379888268 0.7387580299785867 0.24096385542168675,103584.31433088292,0.20714285714285716,2026,13 210 774 910 131 1684 24,1.0 0.5189873417721519 0.4791431792559188 0.7644836272040302 0.45251396648044695 0.2398286937901499 0.4819277108433735,1057502.7812082754,0.011904761904761904,5344,8 254 1200 963 128 1830 64,0.6153846153846154 0.7046413502109705 0.9594137542277339 0.8312342569269522 0.43575418994413406 0.5524625267665952 0.963855421686747,696324.1861046004,0.7761904761904762,7239,11 322 1195 834 108 1646 58,0.8461538461538461 0.9915611814345991 0.9537767756482526 0.6687657430730478 0.3240223463687151 0.15845824411134904 0.891566265060241,955551.3761802046,0.7833333333333333,6499,13 207 773 904 132 1684 27,1.0 0.5063291139240507 0.47801578354002255 0.756926952141058 0.4581005586592179 0.2398286937901499 0.5180722891566265,1056218.7225950395,0.011904761904761904,5391,8 239 1236 966 139 1876 67,0.6153846153846154 0.6413502109704642 1.0 0.8350125944584383 0.4972067039106145 0.6509635974304069 1.0,690411.8793824856,0.7761904761904762,8131,11 324 1185 811 109 1647 57,0.8461538461538461 1.0 0.9425028184892897 0.6397984886649875 0.329608938547486 0.16059957173447537 0.8795180722891566,956254.1192350483,0.7833333333333333,6313,6 87 536 699 50 2039 2,0.46153846153846156 0.0 0.21082299887260428 0.4987405541561713 0.0 1.0 0.21686746987951808,464155.6489488137,0.011904761904761904,12791
resolved-p14d-c14d-3600-3rd/nsp-n20-d28-r0.10-rp2-fp2-s0,0 0 0 0 0 54 -74,0.0 0.0 0.0 0.0 0.0 0.0 0.047619047619047616,0.047619047619047616,0.18928571428571428,274,0 0 0 0 0 54 -59,0.0 0.0 0.0 0.0 0.0 0.0 0.40476190476190477,0.40476190476190477,0.18571428571428572,265,0 0 0 0 0 59 -51,0.0 0.0 0.0 0.0 0.0 0.125 0.5952380952380952,1.8452380952380953,0.14642857142857144,231,0 0 0 0 0 78 -72,0.0 0.0 0.0 0.0 0.0 0.6 0.09523809523809523,6.095238095238095,0.07857142857142857,193,0 0 0 0 0 94 -36,0.0 0.0 0.0 0.0 0.0 1.0 0.9523809523809523,10.952380952380953,0.2357142857142857,15,0 0 0 0 0 80 -58,0.0 0.0 0.0 0.0 0.0 0.65 0.42857142857142855,6.928571428571429,0.07857142857142857,126,0 0 0 0 0 77 -55,0.0 0.0 0.0 0.0 0.0 0.575 0.5,6.25,0.07857142857142857,365,0 0 0 0 0 85 -34,0.0 0.0 0.0 0.0 0.0 0.775 1.0,8.75,0.3392857142857143,42,0 0 0 0 0 85 -47,0.0 0.0 0.0 0.0 0.0 0.775 0.6904761904761905,8.44047619047619,0.07857142857142857,259,0 0 0 0 0 80 -66,0.0 0.0 0.0 0.0 0.0 0.65 0.23809523809523808,6.738095238095238,0.07857142857142857,212,0 0 0 0 0 85 -43,0.0 0.0 0.0 0.0 0.0 0.775 0.7857142857142857,8.535714285714286,0.29285714285714287,37,0 0 0 0 0 81 -67,0.0 0.0 0.0 0.0 0.0 0.675 0.21428571428571427,6.964285714285714,0.07857142857142857,182,0 0 0 0 0 81 -76,0.0 0.0 0.0 0.0 0.0 0.675 0.0,6.75,0.07857142857142857,320,0 0 0 0 0 78 -71,0.0 0.0 0.0 0.0 0.0 0.6 0.11904761904761904,6.119047619047619,0.6285714285714286,145,0 0 0 0 0 82 -35,0.0 0.0 0.0 0.0 0.0 0.7 0.9761904761904762,7.976190476190476,0.07857142857142857,431,0 0 0 0 0 81 -76,0.0 0.0 0.0 0.0 0.0 0.675 0.0,6.75,0.07857142857142857,320,0 0 0 0 0 78 -71,0.0 0.0 0.0 0.0 0.0 0.6 0.11904761904761904,6.119047619047619,0.6285714285714286,145,0 0 0 0 0 82 -35,0.0 0.0 0.0 0.0 0.0 0.7 0.9761904761904762,7.976190476190476,0.07857142857142857,431,0 0 0 0 0 81 -45,0.0 0.0 0.0 0.0 0.0 0.675 0.7380952380952381,7.488095238095238,0.07857142857142857,225
resolved-p14d-c14d-3600-3rd/nsp-n50-d28-r0.10-rp2-fp2-s6,12 13 1713 3242 6 5191 -111,0.6666666666666666 0.02040816326530612 0.22398648648648647 0.12385763750922404 0.24 0.23897309845691656 0.2611464968152866,671097.8563730528,0.014285714285714285,6723,8 15 1366 2497 3 4171 -61,0.2222222222222222 0.027210884353741496 0.10675675675675676 0.08156893909292161 0.12 0.09968592107059948 0.5796178343949044,226106.02364130196,0.014285714285714285,8505,10 15 1487 2865 3 4639 -102,0.4444444444444444 0.027210884353741496 0.14763513513513513 0.10245785320996764 0.12 0.16359415540079203 0.3184713375796178,448758.2964972715,0.014285714285714285,7522,7 13 1050 1395 1 3581 -91,0.1111111111111111 0.02040816326530612 0.0 0.019015723448941365 0.04 0.019117847876553327 0.3885350318471338,113175.52287460127,0.014285714285714285,6999,7 301 1179 1060 25 3441 5,0.1111111111111111 1.0 0.04358108108108108 0.0 1.0 0.0 1.0,211647.92192192192,0.21571428571428572,1571,9 172 1369 2490 9 4008 -78,0.3333333333333333 0.5612244897959183 0.10777027027027027 0.0811715956178691 0.36 0.07742728390004097 0.4713375796178344,390651.9022216644,0.14714285714285713,1458,10 13 1281 2015 1 4108 -51,0.4444444444444444 0.02040816326530612 0.07804054054054053 0.05420900266787762 0.04 0.09108288952615048 0.643312101910828,447325.42932004546,0.014285714285714285,5374,7 301 1178 1060 25 3441 5,0.1111111111111111 1.0 0.043243243243243246 0.0 1.0 0.0 1.0,211644.54354354355,0.21571428571428572,1572,9 172 1369 2490 9 4008 -78,0.3333333333333333 0.5612244897959183 0.10777027027027027 0.0811715956178691 0.36 0.07742728390004097 0.4713375796178344,390651.9022216644,0.14714285714285713,1458,9 13 1091 1642 2 3730 -60,0.3333333333333333 0.02040816326530612 0.013851351351351352 0.033036271782936937 0.08 0.03946470025945651 0.5859872611464968,335554.68007942406,0.014285714285714285,6365,7 301 1179 1060 25 3441 5,0.1111111111111111 1.0 0.04358108108108108 0.0 1.0 0.0 1.0,211647.92192192192,0.21571428571428572,1571,9 172 1369 2490 9 4008 -78,0.3333333333333333 0.5612244897959183 0.10777027027027027 0.0811715956178691 0.36 0.07742728390004097 0.4713375796178344,390651.9022216644,0.14714285714285713,1458,15 12 3819 17635 0 10255 -150,1.0 0.017006802721088437 0.9354729729729729 0.9408525855707556 0.0 0.9304929673631026 0.012738853503184714,1012005.5802559365,0.5914285714285714,3430,13 7 4010 18407 0 10759 -141,0.7777777777777778 0.0 1.0 0.984673894533689 0.0 0.9993172197186945 0.07006369426751592,788772.5149082028,0.6471428571428571,2538,14 10 3618 12607 1 10681 -41,0.8888888888888888 0.01020408163265306 0.8675675675675676 0.6554464437758983 0.04 0.9886658473303291 0.7070063694267515,899255.0128364485,0.6257142857142857,5262,15 12 3819 17659 0 10264 -152,1.0 0.017006802721088437 0.9354729729729729 0.9422149060566498 0.0 0.9317219718694524 0.0,1012006.9421276139,0.5914285714285714,3412,13 7 4010 18677 0 10764 -143,0.7777777777777778 0.0 1.0 1.0 0.0 1.0 0.05732484076433121,788787.8351026186,0.6471428571428571,2516,14 10 3609 12607 1 10680 -37,0.8888888888888888 0.01020408163265306 0.864527027027027 0.6554464437758983 0.04 0.988529291274068 0.732484076433121,899224.6315431895,0.6257142857142857,5292,6 28 1125 1553 5 3622 -99,0.0 0.07142857142857142 0.02533783783783784 0.027984333314412215 0.2 0.024716646183258226 0.3375796178343949,7444.8046006296,0.014285714285714285,7336
resolved-p14d-c14d-3600-3rd/nsp-n40-d28-r0.10-rp2-fp2-s1,13 7 790 1469 22 3119 -112,0.75 0.0113314447592068 0.16906747536012132 0.14739501864998195 0.3392857142857143 0.2322309970384995 0.034934497816593885,753007.5000640686,0.010714285714285714,10252,13 7 806 1473 9 3136 -99,0.75 0.0113314447592068 0.18119787717968158 0.14787630850679823 0.10714285714285714 0.236426456071076 0.09170305676855896,753106.1698095562,0.010714285714285714,9572,13 7 792 1469 22 3124 -107,0.75 0.0113314447592068 0.17058377558756635 0.14739501864998195 0.3392857142857143 0.23346495557749258 0.056768558951965066,753022.6972399895,0.010714285714285714,9938,11 3 653 244 7 2919 -78,0.5 0.0 0.06520090978013647 0.0 0.07142857142857142 0.1828726554787759 0.18340611353711792,500661.16408761253,0.010714285714285714,7203,12 356 827 715 30 2178 -20,0.625 1.0 0.19711902956785443 0.05667188064011551 0.48214285714285715 0.0 0.4366812227074236,727076.5131432557,0.22857142857142856,3570,15 162 567 1535 27 2377 -19,1.0 0.45042492917847027 0.0 0.15533630128745038 0.42857142857142855 0.04911154985192497 0.4410480349344978,1045241.618525525,0.32857142857142857,3586,11 3 652 244 7 2922 -82,0.5 0.0 0.06444275966641395 0.0 0.07142857142857142 0.18361303060217177 0.16593886462882096,500653.5725229776,0.010714285714285714,7302,12 356 827 715 30 2178 -20,0.625 1.0 0.19711902956785443 0.05667188064011551 0.48214285714285715 0.0 0.4366812227074236,727076.5131432557,0.22857142857142856,3570,15 162 567 1535 27 2377 -19,1.0 0.45042492917847027 0.0 0.15533630128745038 0.42857142857142855 0.04911154985192497 0.4410480349344978,1045241.618525525,0.32857142857142857,3586,11 3 732 266 7 3222 -55,0.5 0.0 0.12509476876421532 0.0026470942124894718 0.07142857142857142 0.25765054294175715 0.2838427947598253,501263.5979872216,0.010714285714285714,6029,12 356 827 715 30 2178 -20,0.625 1.0 0.19711902956785443 0.05667188064011551 0.48214285714285715 0.0 0.4366812227074236,727076.5131432557,0.22857142857142856,3570,15 162 567 1790 21 2325 -72,1.0 0.45042492917847027 0.0 0.18601852965948742 0.32142857142857145 0.03627838104639684 0.2096069868995633,1045261.2266954466,0.10714285714285714,3574,10 82 1365 2465 59 4484 109,0.375 0.2237960339943343 0.6050037907505686 0.26723619299723256 1.0 0.569101678183613 1.0,403803.5685167182,0.5785714285714286,7381,7 4 1886 8555 3 6230 -5,0.0 0.0028328611898017 1.0 1.0 0.0 1.0 0.5021834061135371,11293.788302386283,0.6625,6345,9 6 1655 5310 19 5531 36,0.25 0.0084985835694051 0.8248673237300985 0.6095536036578029 0.2857142857142857 0.827492596248766 0.6812227074235808,259745.61277514062,0.6017857142857143,6998,9 61 1509 3119 44 4894 104,0.25 0.1643059490084986 0.714177407126611 0.34592708458669236 0.7321428571428571 0.6702862783810464 0.9781659388646288,273999.1913711396,0.5821428571428572,6284,7 4 1883 8057 4 6219 6,0.0 0.0028328611898017 0.9977255496588324 0.9400794128263746 0.017857142857142856 0.9972852912142152 0.5502183406113537,11212.929813933337,0.6625,6410,9 8 1690 5990 11 5618 12,0.25 0.014164305949008499 0.8514025777103866 0.6913728793165684 0.14285714285714285 0.8489634748272458 0.5764192139737991,260645.18101956925,0.6017857142857143,6732,12 5 765 1393 8 2871 -120,0.625 0.0056657223796034 0.15011372251705837 0.13825051137047287 0.08928571428571429 0.17102665350444224 0.0,627216.598812465,0.010714285714285714,10450
resolved-p14d-c14d-3600-3rd/nsp-n10-d28-r0.10-rp0-fp0-s3,0 0 0 0 0 76 -40,0.0 0.0 0.0 0.0 0.0 0.0 0.0,0.0,0.55,180,0 0 0 0 0 80 -33,0.0 0.0 0.0 0.0 0.0 0.16666666666666666 0.3181818181818182,1.9848484848484846,0.2857142857142857,152,0 0 0 0 0 87 -31,0.0 0.0 0.0 0.0 0.0 0.4583333333333333 0.4090909090909091,4.992424242424242,0.17142857142857143,117,0 0 0 0 0 97 -28,0.0 0.0 0.0 0.0 0.0 0.875 0.5454545454545454,9.295454545454545,0.07142857142857142,60,0 0 0 0 0 93 -31,0.0 0.0 0.0 0.0 0.0 0.7083333333333334 0.4090909090909091,7.492424242424243,0.2785714285714286,73,0 0 0 0 0 98 -27,0.0 0.0 0.0 0.0 0.0 0.9166666666666666 0.5909090909090909,9.757575757575758,0.07142857142857142,103,0 0 0 0 0 96 -21,0.0 0.0 0.0 0.0 0.0 0.8333333333333334 0.8636363636363636,9.196969696969697,0.07142857142857142,124,0 0 0 0 0 100 -22,0.0 0.0 0.0 0.0 0.0 1.0 0.8181818181818182,10.818181818181818,0.4,7,0 0 0 0 0 96 -26,0.0 0.0 0.0 0.0 0.0 0.8333333333333334 0.6363636363636364,8.96969696969697,0.07142857142857142,126,0 0 0 0 0 95 -29,0.0 0.0 0.0 0.0 0.0 0.7916666666666666 0.5,8.416666666666666,0.07142857142857142,113,0 0 0 0 0 97 -23,0.0 0.0 0.0 0.0 0.0 0.875 0.7727272727272727,9.522727272727273,0.37142857142857144,18,0 0 0 0 0 97 -26,0.0 0.0 0.0 0.0 0.0 0.875 0.6363636363636364,9.386363636363637,0.07142857142857142,136,0 0 0 0 0 96 -29,0.0 0.0 0.0 0.0 0.0 0.8333333333333334 0.5,8.833333333333334,0.07142857142857142,231,0 0 0 0 0 93 -18,0.0 0.0 0.0 0.0 0.0 0.7083333333333334 1.0,8.083333333333334,0.5714285714285714,86,0 0 0 0 0 95 -24,0.0 0.0 0.0 0.0 0.0 0.7916666666666666 0.7272727272727273,8.643939393939393,0.07142857142857142,230,0 0 0 0 0 96 -29,0.0 0.0 0.0 0.0 0.0 0.8333333333333334 0.5,8.833333333333334,0.07142857142857142,231,0 0 0 0 0 93 -19,0.0 0.0 0.0 0.0 0.0 0.7083333333333334 0.9545454545454546,8.037878787878789,0.5714285714285714,87,0 0 0 0 0 95 -24,0.0 0.0 0.0 0.0 0.0 0.7916666666666666 0.7272727272727273,8.643939393939393,0.07142857142857142,230,0 0 0 0 0 96 -24,0.0 0.0 0.0 0.0 0.0 0.8333333333333334 0.7272727272727273,9.06060606060606,0.07142857142857142,70
resolved-p14d-c14d-3600-3rd/nsp-n10-d28-r0.10-rp0-fp0-s5,0 0 2 0 0 117 -39,0.0 0.0 0.0 0.0 0.0 0.21621621621621623 0.29411764705882354,2.4562798092209857,0.3357142857142857,12105,0 0 2 0 0 118 -39,0.0 0.0 0.0 0.0 0.0 0.24324324324324326 0.29411764705882354,2.726550079491256,0.18571428571428572,12087,0 0 2 0 0 121 -44,0.0 0.0 0.0 0.0 0.0 0.32432432432432434 0.0,3.2432432432432434,0.18571428571428572,12075,2 0 3 0 0 111 -40,1.0 0.0 1.0 0.0 0.0 0.05405405405405406 0.23529411764705882,1010000.7758346582,0.02142857142857143,3794,0 0 2 1 0 146 -39,0.0 0.0 0.0 1.0 0.0 1.0 0.29411764705882354,1010.2941176470588,0.25,19215,0 0 2 0 0 122 -41,0.0 0.0 0.0 0.0 0.0 0.35135135135135137 0.17647058823529413,3.6899841017488075,0.06428571428571428,8946,2 0 3 0 0 111 -40,1.0 0.0 1.0 0.0 0.0 0.05405405405405406 0.23529411764705882,1010000.7758346582,0.02142857142857143,3794,0 0 2 0 0 133 -29,0.0 0.0 0.0 0.0 0.0 0.6486486486486487 0.8823529411764706,7.368839427662957,0.22857142857142856,19236,0 0 2 0 0 122 -41,0.0 0.0 0.0 0.0 0.0 0.35135135135135137 0.17647058823529413,3.6899841017488075,0.06428571428571428,8946,2 0 3 0 0 111 -40,1.0 0.0 1.0 0.0 0.0 0.05405405405405406 0.23529411764705882,1010000.7758346582,0.02142857142857143,3794,0 0 2 0 0 134 -27,0.0 0.0 0.0 0.0 0.0 0.6756756756756757 1.0,7.756756756756756,0.2357142857142857,19233,0 0 2 0 0 122 -41,0.0 0.0 0.0 0.0 0.0 0.35135135135135137 0.17647058823529413,3.6899841017488075,0.06428571428571428,8946,2 0 3 0 0 110 -33,1.0 0.0 1.0 0.0 0.0 0.02702702702702703 0.6470588235294118,1010000.9173290938,0.02142857142857143,2874,0 0 2 0 0 126 -27,0.0 0.0 0.0 0.0 0.0 0.4594594594594595 1.0,5.594594594594595,0.5714285714285714,5808,0 0 2 0 0 124 -38,0.0 0.0 0.0 0.0 0.0 0.40540540540540543 0.35294117647058826,4.406995230524642,0.06428571428571428,6513,2 0 3 0 0 110 -33,1.0 0.0 1.0 0.0 0.0 0.02702702702702703 0.6470588235294118,1010000.9173290938,0.02142857142857143,2874,0 0 2 0 0 126 -27,0.0 0.0 0.0 0.0 0.0 0.4594594594594595 1.0,5.594594594594595,0.5642857142857143,5809,0 0 2 0 0 124 -38,0.0 0.0 0.0 0.0 0.0 0.40540540540540543 0.35294117647058826,4.406995230524642,0.06428571428571428,6513,2 0 3 0 0 109 -38,1.0 0.0 1.0 0.0 0.0 0.0 0.35294117647058826,1010000.3529411765,0.02142857142857143,21526
resolved-p14d-c14d-3600-3rd/nsp-n20-d28-r0.10-rp2-fp2-s9,0 0 0 0 0 60 -59,0.0 0.0 0.0 0.0 0.0 0.0 0.0,0.0,0.3535714285714286,253,0 0 0 0 0 67 -40,0.0 0.0 0.0 0.0 0.0 0.2 0.36538461538461536,2.3653846153846154,0.2,212,0 0 0 0 0 73 -24,0.0 0.0 0.0 0.0 0.0 0.37142857142857144 0.6730769230769231,4.387362637362638,0.22142857142857142,218,0 0 0 0 0 84 -25,0.0 0.0 0.0 0.0 0.0 0.6857142857142857 0.6538461538461539,7.510989010989012,0.07857142857142857,273,0 0 0 0 0 95 -24,0.0 0.0 0.0 0.0 0.0 1.0 0.6730769230769231,10.673076923076923,0.35714285714285715,29,0 0 0 0 0 85 -39,0.0 0.0 0.0 0.0 0.0 0.7142857142857143 0.38461538461538464,7.527472527472528,0.07857142857142857,195,0 0 0 0 0 82 -15,0.0 0.0 0.0 0.0 0.0 0.6285714285714286 0.8461538461538461,7.131868131868131,0.07857142857142857,152,0 0 0 0 0 92 -28,0.0 0.0 0.0 0.0 0.0 0.9142857142857143 0.5961538461538461,9.739010989010989,0.30357142857142855,17,0 0 0 0 0 85 -11,0.0 0.0 0.0 0.0 0.0 0.7142857142857143 0.9230769230769231,8.065934065934066,0.07857142857142857,201,0 0 0 0 0 86 -36,0.0 0.0 0.0 0.0 0.0 0.7428571428571429 0.4423076923076923,7.870879120879121,0.07857142857142857,395,0 0 0 0 0 90 -7,0.0 0.0 0.0 0.0 0.0 0.8571428571428571 1.0,9.571428571428571,0.2642857142857143,36,0 0 0 0 0 82 -39,0.0 0.0 0.0 0.0 0.0 0.6285714285714286 0.38461538461538464,6.670329670329671,0.07857142857142857,339,0 0 0 0 0 82 -38,0.0 0.0 0.0 0.0 0.0 0.6285714285714286 0.40384615384615385,6.68956043956044,0.07857142857142857,472,0 0 0 0 0 89 -17,0.0 0.0 0.0 0.0 0.0 0.8285714285714286 0.8076923076923077,9.093406593406595,0.65,73,0 0 0 0 0 83 -46,0.0 0.0 0.0 0.0 0.0 0.6571428571428571 0.25,6.821428571428571,0.07857142857142857,367,0 0 0 0 0 82 -37,0.0 0.0 0.0 0.0 0.0 0.6285714285714286 0.4230769230769231,6.708791208791209,0.07857142857142857,471,0 0 0 0 0 89 -17,0.0 0.0 0.0 0.0 0.0 0.8285714285714286 0.8076923076923077,9.093406593406595,0.65,73,0 0 0 0 0 83 -46,0.0 0.0 0.0 0.0 0.0 0.6571428571428571 0.25,6.821428571428571,0.07857142857142857,367,0 0 0 0 0 86 -37,0.0 0.0 0.0 0.0 0.0 0.7428571428571429 0.4230769230769231,7.851648351648352,0.11428571428571428,166
resolved-p14d-c14d-3600-3rd/nsp-n50-d28-r0.10-rp2-fp2-s7,7 305 2213 4516 62 6043 -195,0.08695652173913043 0.8802588996763754 0.5229681978798587 0.492705047318612 0.7101449275362319 0.27546882919412063 0.0,180778.56791393075,0.05,4100,27 340 2003 2883 78 5739 -44,0.9565217391304348 0.9935275080906149 0.3745583038869258 0.17074132492113564 0.9420289855072463 0.19842878864673086 0.4026666666666667,1059887.4041563908,0.005714285714285714,6074,27 340 2020 3052 77 5759 -64,0.9565217391304348 0.9935275080906149 0.38657243816254416 0.2040615141955836 0.927536231884058 0.20349721236695387 0.34933333333333333,1060039.4137639627,0.005714285714285714,5690,23 341 1916 2069 70 5073 11,0.782608695652174 0.9967637540453075 0.31307420494699645 0.01025236593059937 0.8260869565217391 0.029650278763304613 0.5493333333333333,885509.5200038785,0.005714285714285714,4404,28 341 2317 4075 66 6024 -164,1.0 0.9967637540453075 0.5964664310954063 0.4057570977917981 0.7681159420289855 0.2706538266599088 0.08266666666666667,1106126.3976124127,0.005714285714285714,4975,28 341 2317 4075 66 6024 -164,1.0 0.9967637540453075 0.5964664310954063 0.4057570977917981 0.7681159420289855 0.2706538266599088 0.08266666666666667,1106126.3976124127,0.005714285714285714,4975,22 342 1855 2017 70 4956 16,0.7391304347826086 1.0 0.26996466431095406 0.0 0.8260869565217391 0.0 0.5626666666666666,841913.2527880371,0.005714285714285714,4458,28 341 2317 4085 66 6036 -162,1.0 0.9967637540453075 0.5964664310954063 0.4077287066246057 0.7681159420289855 0.2736948808920426 0.088,1106128.404965121,0.005714285714285714,4915,28 341 2317 4075 66 6024 -164,1.0 0.9967637540453075 0.5964664310954063 0.4057570977917981 0.7681159420289855 0.2706538266599088 0.08266666666666667,1106126.3976124127,0.005714285714285714,4975,22 342 1855 2017 70 4956 15,0.7391304347826086 1.0 0.26996466431095406 0.0 0.8260869565217391 0.0 0.56,841913.2501213704,0.005714285714285714,4459,28 341 2316 4154 66 6039 -166,1.0 0.9967637540453075 0.5957597173144876 0.4213328075709779 0.7681159420289855 0.274455144450076 0.07733333333333334,1106134.9388642272,0.005714285714285714,5084,28 341 2317 4091 66 6031 -167,1.0 0.9967637540453075 0.5964664310954063 0.40891167192429023 0.7681159420289855 0.27242777496198683 0.07466666666666667,1106129.5619260282,0.005714285714285714,4894,21 117 2884 6543 32 8817 180,0.6956521739130435 0.27184466019417475 0.9971731448763251 0.8923501577287066 0.2753623188405797 0.9784591991890522 1.0,733739.0423628289,0.7,4465,8 33 2607 5996 15 8199 69,0.13043478260869565 0.0 0.8014134275618374 0.7845031545741324 0.028985507246376812 0.8218449062341612 0.704,139245.24103867516,0.7314285714285714,5126,5 196 1473 3183 34 5449 165,0.0 0.5275080906148867 0.0 0.22988958990536276 0.30434782608695654 0.12493664470349722 0.96,53013.34280044976,0.75,4194,23 96 2888 7089 27 8902 150,0.782608695652174 0.20388349514563106 1.0 1.0 0.2028985507246377 1.0 0.92,814028.2550218096,0.7014285714285714,4324,8 36 2670 6329 13 8291 86,0.13043478260869565 0.009708737864077669 0.8459363957597174 0.8501577287066246 0.0 0.8451596553471871 0.7493333333333333,140724.37901129402,0.7314285714285714,4880,6 199 1542 3567 34 5588 163,0.043478260869565216 0.5372168284789643 0.04876325088339223 0.3055993690851735 0.30434782608695654 0.16016218955904712 0.9546666666666667,98026.16666655171,0.7514285714285714,3930,25 340 1904 3618 82 5448 -100,0.8695652173913043 0.9935275080906149 0.30459363957597174 0.3156545741324921 1.0 0.12468322351748606 0.25333333333333335,972381.0593358264,0.005714285714285714,7411
resolved-p14d-c14d-3600-3rd/nsp-n30-d28-r0.10-rp2-fp2-s4,10 12 261 604 3 1094 -54,1.0 0.005633802816901409 0.004651162790697674 0.11329890251775339 0.061224489795918366 0.05120630231413097 0.046875,1000729.8721991177,0.02857142857142857,9652,10 12 258 506 3 1089 -63,1.0 0.005633802816901409 0.0 0.08166559070367979 0.061224489795918366 0.04874446085672083 0.0,1000651.6557659821,0.02857142857142857,9742,8 15 264 495 4 1060 -59,0.7777777777777778 0.014084507042253521 0.009302325581395349 0.07811491284699806 0.08163265306122448 0.034465780403742 0.020833333333333332,779365.8954071075,0.02857142857142857,12059,8 10 320 301 0 1274 -58,0.7777777777777778 0.0 0.09612403100775194 0.015493867010974823 0.0 0.1398325947808961 0.026041666666666668,778755.9363224807,0.02857142857142857,12653,2 365 526 488 44 1204 -22,0.1111111111111111 1.0 0.41550387596899224 0.07585539057456424 0.8979591836734694 0.10536681437715412 0.21354166666666666,215433.06838955337,0.36666666666666664,2225,3 279 492 407 26 990 -13,0.2222222222222222 0.7577464788732394 0.3627906976744186 0.04970948999354422 0.5306122448979592 0.0 0.2604166666666667,301727.8082174404,0.1357142857142857,1876,8 10 332 302 0 1307 -45,0.7777777777777778 0.0 0.11472868217054263 0.0158166559070368 0.0 0.15608074839980304 0.09375,778942.5358128742,0.02857142857142857,12326,3 265 530 582 46 1214 10,0.2222222222222222 0.7183098591549296 0.42170542635658914 0.10619754680438993 0.9387755102040817 0.11029049729197439 0.3802083333333333,298471.82061241206,0.29285714285714287,2162,3 278 490 406 43 1097 -7,0.2222222222222222 0.7549295774647887 0.35968992248062015 0.04938670109748225 0.8775510204081632 0.05268340718857706 0.2916666666666667,301450.0394973842,0.4452380952380952,1879,8 10 321 299 0 1274 -52,0.7777777777777778 0.0 0.09767441860465116 0.014848289218850872 0.0 0.1398325947808961 0.057291666666666664,778770.8258706576,0.02857142857142857,12582,3 265 529 582 46 1212 10,0.2222222222222222 0.7183098591549296 0.4201550387596899 0.10619754680438993 0.9387755102040817 0.10930576070901034 0.3802083333333333,298456.30688907724,0.29285714285714287,2163,3 278 489 417 49 1101 2,0.2222222222222222 0.7549295774647887 0.3581395348837209 0.05293737895416398 1.0 0.05465288035450517 0.3385416666666667,301450.39776696265,0.45714285714285713,1924,8 70 859 2154 18 2681 129,0.7777777777777778 0.16901408450704225 0.931782945736434 0.6136216914138154 0.3673469387755102 0.8325947808961103 1.0,804656.6980189466,0.5666666666666667,8404,1 26 754 2634 9 2572 80,0.0 0.04507042253521127 0.7689922480620155 0.7685603615235636 0.1836734693877551 0.7789266371245692 0.7447916666666666,12992.426500641533,0.6738095238095239,10215,5 19 903 3351 9 3021 71,0.4444444444444444 0.02535211267605634 1.0 1.0 0.1836734693877551 1.0 0.6979166666666666,458008.72097565554,0.6404761904761904,8410,9 52 877 2296 13 2791 119,0.8888888888888888 0.11830985915492957 0.9596899224806201 0.6594577146546159 0.2653061224489796 0.8867552929591335 0.9479166666666666,911012.5778256838,0.5666666666666667,7466,1 26 748 2615 10 2566 71,0.0 0.04507042253521127 0.7596899224806202 0.7624273724983861 0.20408163265306123 0.775972427375677 0.6979166666666666,12895.234655031445,0.6738095238095239,10301,5 19 903 3351 9 3020 71,0.4444444444444444 0.02535211267605634 1.0 1.0 0.1836734693877551 0.999507631708518 0.6979166666666666,458008.71605197265,0.6404761904761904,8418,8 13 268 253 2 1034 -37,0.7777777777777778 0.008450704225352112 0.015503875968992248 0.0 0.04081632653061224 0.021664204825209258 0.13541666666666666,778782.3206513707,0.02857142857142857,14387
resolved-p14d-c14d-3600-3rd/nsp-n50-d28-r0.10-rp2-fp2-s1,3 17 1291 4630 4 4190 -191,0.125 0.5666666666666667 0.3668885191347754 1.0 0.0 0.24101421008637502 0.0,186337.96200011525,0.02857142857142857,7012,23 12 1280 4157 8 4149 -184,0.9583333333333334 0.4 0.3577371048252912 0.8700906344410876 0.06779661016949153 0.22959041515742545 0.017241379310344827,1002789.8878225754,0.014285714285714285,7182,23 12 1281 4142 9 4136 -190,0.9583333333333334 0.4 0.35856905158069885 0.8659708871189233 0.0847457627118644 0.22596823627751464 0.0024630541871921183,1002795.7314579474,0.014285714285714285,7147,12 30 923 1052 9 3478 -30,0.5 1.0 0.06073211314475874 0.01730293875308981 0.0847457627118644 0.042630259125104486 0.39655172413793105,600633.9215007871,0.014285714285714285,2463,24 12 1222 3901 8 4059 -182,1.0 0.4 0.30948419301164726 0.7997802801428179 0.06779661016949153 0.20451379214265814 0.022167487684729065,1043903.4691766854,0.014285714285714285,6497,24 12 1271 4006 9 4143 -181,1.0 0.4 0.3502495840266223 0.8286185113979676 0.0847457627118644 0.22791864028977432 0.024630541871921183,1044341.8927448802,0.014285714285714285,6169,15 23 1066 1414 7 3777 -29,0.625 0.7666666666666667 0.17970049916805325 0.11672617412798682 0.05084745762711865 0.12594037336305378 0.39901477832512317,703587.1409967499,0.014285714285714285,1957,24 12 1222 3901 8 4059 -180,1.0 0.4 0.30948419301164726 0.7997802801428179 0.06779661016949153 0.20451379214265814 0.027093596059113302,1043903.4741027938,0.014285714285714285,6495,24 12 1222 3901 8 4059 -182,1.0 0.4 0.30948419301164726 0.7997802801428179 0.06779661016949153 0.20451379214265814 0.022167487684729065,1043903.4691766854,0.014285714285714285,6497,12 30 850 989 11 3325 -8,0.5 1.0 0.0 0.0 0.11864406779661017 0.0 0.45073891625615764,600012.3151456959,0.014285714285714285,2522,24 12 1222 3901 8 4062 -180,1.0 0.4 0.30948419301164726 0.7997802801428179 0.06779661016949153 0.2053496795764837 0.027093596059113302,1043903.4824616682,0.014285714285714285,6488,24 12 1221 3898 7 4062 -179,1.0 0.4 0.3086522462562396 0.798956330678385 0.05084745762711865 0.2053496795764837 0.029556650246305417,1043892.6465924496,0.014285714285714285,6587,11 30 1066 1153 10 3878 2,0.4583333333333333 1.0 0.17970049916805325 0.045042570722329034 0.1016949152542373 0.15408191696851492 0.4753694581280788,560187.5665758892,0.014285714285714285,3584,0 0 2052 3215 55 6737 164,0.0 0.0 1.0 0.6113705026091732 0.864406779661017 0.9506826414042909 0.874384236453202,10708.192391225772,0.6657142857142857,2019,0 0 1872 2885 45 6808 215,0.0 0.0 0.8502495840266223 0.52073606152156 0.6949152542372882 0.9704653106714962 1.0,9103.428080318228,0.6285714285714286,2641,10 30 1060 1137 9 3857 -1,0.4166666666666667 1.0 0.17470881863560733 0.04064817357868718 0.0847457627118644 0.14823070493173585 0.46798029556650245,518464.82789021754,0.014285714285714285,3722,0 0 1910 2565 63 6302 138,0.0 0.0 0.8818635607321131 0.43284811864872286 1.0 0.8294789634995821 0.8103448275862069,9360.588860432437,0.67,2417,0 0 1921 3341 45 6914 202,0.0 0.0 0.8910149750415973 0.645976380115353 0.6949152542372882 1.0 0.9679802955665024,9636.585636250622,0.6285714285714286,2510,16 12 1131 2179 5 3980 -88,0.6666666666666666 0.4 0.23377703826955074 0.3268332875583631 0.01694915254237288 0.18250208971858456 0.2536945812807882,709335.0439676533,0.014285714285714285,7944
resolved-p14d-c14d-3600-3rd/nsp-n20-d28-r0.10-rp2-fp2-s7,0 0 0 0 0 54 -85,0.0 0.0 0.0 0.0 0.0 0.0 0.0,0.0,0.4035714285714286,256,0 0 0 0 0 69 -42,0.0 0.0 0.0 0.0 0.0 0.39473684210526316 0.6615384615384615,4.608906882591094,0.3142857142857143,145,0 0 0 0 0 75 -46,0.0 0.0 0.0 0.0 0.0 0.5526315789473685 0.6,6.126315789473685,0.3,126,0 0 0 0 0 81 -46,0.0 0.0 0.0 0.0 0.0 0.7105263157894737 0.6,7.705263157894736,0.17142857142857143,107,0 0 0 0 0 81 -44,0.0 0.0 0.0 0.0 0.0 0.7105263157894737 0.6307692307692307,7.736032388663967,0.41785714285714287,20,0 0 0 0 0 82 -47,0.0 0.0 0.0 0.0 0.0 0.7368421052631579 0.5846153846153846,7.953036437246963,0.17142857142857143,92,0 0 0 0 0 83 -46,0.0 0.0 0.0 0.0 0.0 0.7631578947368421 0.6,8.23157894736842,0.17142857142857143,95,0 0 0 0 0 70 -29,0.0 0.0 0.0 0.0 0.0 0.42105263157894735 0.8615384615384616,5.072064777327935,0.42857142857142855,14,0 0 0 0 0 84 -49,0.0 0.0 0.0 0.0 0.0 0.7894736842105263 0.5538461538461539,8.448582995951417,0.17142857142857143,131,0 0 0 0 0 82 -49,0.0 0.0 0.0 0.0 0.0 0.7368421052631579 0.5538461538461539,7.922267206477732,0.17142857142857143,82,0 0 0 0 0 64 -22,0.0 0.0 0.0 0.0 0.0 0.2631578947368421 0.9692307692307692,3.60080971659919,0.4035714285714286,11,0 0 0 0 0 84 -48,0.0 0.0 0.0 0.0 0.0 0.7894736842105263 0.5692307692307692,8.463967611336033,0.17142857142857143,78,0 0 0 0 0 80 -46,0.0 0.0 0.0 0.0 0.0 0.6842105263157895 0.6,7.442105263157894,0.17142857142857143,340,0 0 0 0 0 61 -20,0.0 0.0 0.0 0.0 0.0 0.18421052631578946 1.0,2.8421052631578947,0.5821428571428572,79,0 0 0 0 0 82 -60,0.0 0.0 0.0 0.0 0.0 0.7368421052631579 0.38461538461538464,7.753036437246964,0.17142857142857143,290,0 0 0 0 0 84 -54,0.0 0.0 0.0 0.0 0.0 0.7894736842105263 0.47692307692307695,8.37165991902834,0.17142857142857143,333,0 0 0 0 0 61 -20,0.0 0.0 0.0 0.0 0.0 0.18421052631578946 1.0,2.8421052631578947,0.5821428571428572,79,0 0 0 0 0 82 -60,0.0 0.0 0.0 0.0 0.0 0.7368421052631579 0.38461538461538464,7.753036437246964,0.17142857142857143,290,0 0 0 0 0 92 -43,0.0 0.0 0.0 0.0 0.0 1.0 0.6461538461538462,10.646153846153846,0.19642857142857142,74
resolved-p14d-c14d-3600-3rd/nsp-n10-d28-r0.10-rp0-fp0-s0,0 1 0 0 0 76 -27,0.0 0.0 0.0 0.0 0.0 0.0 0.1111111111111111,0.1111111111111111,0.32857142857142857,20926,0 1 0 0 0 87 -29,0.0 0.0 0.0 0.0 0.0 0.02466367713004484 0.06666666666666667,0.3133034379671151,0.17857142857142858,20898,0 1 0 0 0 86 -28,0.0 0.0 0.0 0.0 0.0 0.02242152466367713 0.08888888888888889,0.3131041355256602,0.20714285714285716,20877,2 3 0 0 0 87 -29,1.0 1.0 0.0 0.0 0.0 0.02466367713004484 0.06666666666666667,1100000.313303438,0.02142857142857143,3783,0 1 0 0 0 98 -21,0.0 0.0 0.0 0.0 0.0 0.04932735426008968 0.24444444444444444,0.7377179870453413,0.4142857142857143,19913,0 1 0 0 0 91 -28,0.0 0.0 0.0 0.0 0.0 0.033632286995515695 0.08888888888888889,0.42521175884404583,0.09285714285714286,15242,2 3 0 0 0 85 -30,1.0 1.0 0.0 0.0 0.0 0.020179372197309416 0.044444444444444446,1100000.2462381662,0.02142857142857143,4808,0 1 0 0 0 98 -21,0.0 0.0 0.0 0.0 0.0 0.04932735426008968 0.24444444444444444,0.7377179870453413,0.4142857142857143,19913,0 1 0 0 0 93 -32,0.0 0.0 0.0 0.0 0.0 0.03811659192825112 0.0,0.3811659192825112,0.09285714285714286,15235,2 3 0 0 0 85 -31,1.0 1.0 0.0 0.0 0.0 0.020179372197309416 0.022222222222222223,1100000.2240159442,0.02142857142857143,4260,0 1 0 0 0 98 -21,0.0 0.0 0.0 0.0 0.0 0.04932735426008968 0.24444444444444444,0.7377179870453413,0.4142857142857143,19913,0 1 0 0 0 111 -26,0.0 0.0 0.0 0.0 0.0 0.07847533632286996 0.13333333333333333,0.9180866965620329,0.09285714285714286,15179,2 3 0 0 0 84 -30,1.0 1.0 0.0 0.0 0.0 0.017937219730941704 0.044444444444444446,1100000.2238166416,0.02142857142857143,4148,0 1 34 76 22 522 13,0.0 0.0 0.8095238095238095 0.9620253164556962 0.88 1.0 1.0,9156.263411693792,0.7857142857142857,26804,0 1 16 20 7 300 -3,0.0 0.0 0.38095238095238093 0.25316455696202533 0.28 0.5022421524663677 0.6444444444444445,4096.355232454943,0.6285714285714286,26643,2 3 0 0 0 84 -30,1.0 1.0 0.0 0.0 0.0 0.017937219730941704 0.044444444444444446,1100000.2238166416,0.02142857142857143,4148,0 1 42 79 25 500 7,0.0 0.0 1.0 1.0 1.0 0.9506726457399103 0.8666666666666667,11110.373393124066,0.7642857142857142,26635,0 1 12 20 7 294 -5,0.0 0.0 0.2857142857142857 0.25316455696202533 0.28 0.48878923766816146 0.6,3143.795306481564,0.6857142857142857,26959,2 3 0 0 0 85 -32,1.0 1.0 0.0 0.0 0.0 0.020179372197309416 0.0,1100000.2017937219,0.02142857142857143,9350
resolved-p14d-c14d-3600-3rd/nsp-n40-d28-r0.10-rp2-fp2-s3,17 9 1040 3428 5 3478 -97,0.8947368421052632 0.13846153846153847 0.9358799454297408 0.7866344605475041 0.06666666666666667 0.9147665580890336 0.16733067729083664,918744.4115291866,0.01607142857142857,10153,17 9 1036 3209 4 3434 -98,0.8947368421052632 0.13846153846153847 0.9304229195088677 0.7278582930756844 0.05 0.8908794788273615 0.16334661354581673,918629.1555809833,0.01607142857142857,10825,17 9 1037 3241 5 3461 -102,0.8947368421052632 0.13846153846153847 0.931787175989086 0.7364465915190553 0.06666666666666667 0.9055374592833876 0.14741035856573706,918653.1837544449,0.01607142857142857,10397,13 5 400 649 5 1939 -27,0.6842105263157895 0.07692307692307693 0.06275579809004093 0.04079441760601181 0.06666666666666667 0.07926167209554831 0.44621513944223107,692579.0919051307,0.01607142857142857,4931,18 9 1065 3965 4 3283 -118,0.9473684210526315 0.13846153846153847 0.9699863574351978 0.9307568438003221 0.05 0.8089033659066233 0.08366533864541832,971858.3680159355,0.017857142857142856,11764,18 9 1087 4095 4 3290 -131,0.9473684210526315 0.13846153846153847 1.0 0.9656468062265163 0.05 0.8127035830618893 0.03187250996015936,972193.3806133525,0.017857142857142856,11641,13 5 406 657 6 1948 -28,0.6842105263157895 0.07692307692307693 0.07094133697135062 0.04294149221685454 0.08333333333333333 0.08414766558089033 0.44223107569721115,692664.8059110924,0.01607142857142857,4813,18 9 1087 4187 5 3233 -137,0.9473684210526315 0.13846153846153847 1.0 0.9903381642512077 0.06666666666666667 0.7817589576547231 0.00796812749003984,972219.4052874073,0.017857142857142856,10841,18 9 1087 4193 4 3268 -138,0.9473684210526315 0.13846153846153847 1.0 0.9919484702093397 0.05 0.8007600434310532 0.00398406374501992,972219.5349534929,0.01607142857142857,10792,13 5 354 497 5 1793 -17,0.6842105263157895 0.07692307692307693 0.0 0.0 0.06666666666666667 0.0 0.4860557768924303,691909.9867305408,0.01607142857142857,5151,18 9 1086 4037 5 3271 -126,0.9473684210526315 0.13846153846153847 0.9986357435197817 0.9500805152979066 0.06666666666666667 0.8023887079261672 0.05179282868525897,972165.7551958557,0.017857142857142856,11237,18 9 1087 4223 4 3241 -139,0.9473684210526315 0.13846153846153847 1.0 1.0 0.05 0.7861020629750272 0.0,972227.4359194152,0.01607142857142857,10685,17 57 583 734 12 1937 4,0.8947368421052632 0.8769230769230769 0.31241473396998637 0.06360708534621579 0.18333333333333332 0.0781758957654723 0.5697211155378487,985636.5890360236,0.01607142857142857,5110,0 0 1007 974 59 3627 112,0.0 0.0 0.8908594815825375 0.1280193236714976 0.9666666666666667 0.995656894679696 1.0,9144.237375110333,0.6642857142857143,3381,0 0 891 1157 61 3352 92,0.0 0.0 0.732605729877217 0.17713365539452497 1.0 0.8463626492942454 0.9203187250996016,7612.574899384736,0.6285714285714286,3273,19 65 602 870 11 2005 3,1.0 1.0 0.3383356070941337 0.10010735373054214 0.16666666666666666 0.11509229098805646 0.5657370517928287,1103501.8467513004,0.01607142857142857,4055,0 0 998 955 59 3635 93,0.0 0.0 0.878581173260573 0.12292002147074611 0.9666666666666667 1.0 0.9243027888446215,9016.322723531985,0.6642857142857143,3478,0 0 882 1135 59 3316 100,0.0 0.0 0.7203274215552524 0.17122920021470747 0.9666666666666667 0.8268186753528773 0.952191235059761,7480.390460422487,0.6285714285714286,3367,17 9 1028 3315 1 3361 -85,0.8947368421052632 0.13846153846153847 0.9195088676671214 0.7563070316693505 0.0 0.8512486427795874 0.2151394422310757,918543.1192856276,0.01607142857142857,11163
resolved-p14d-c14d-3600-3rd/nsp-n30-d28-r0.10-rp2-fp2-s1,7 2 326 876 7 1718 1,0.6363636363636364 0.009009009009009009 0.2545454545454545 0.1559633027522936 0.13793103448275862 0.23316638842515303 0.42391304347826086,639982.50379312,0.007142857142857143,10426,7 2 313 878 7 1604 -38,0.6363636363636364 0.009009009009009009 0.23305785123966943 0.15666901905434016 0.13793103448275862 0.16972732331663884 0.0,639767.2751726698,0.007142857142857143,11205,8 3 324 888 7 1716 8,0.7272727272727273 0.013513513513513514 0.2512396694214876 0.16019760056457305 0.13793103448275862 0.23205342237061768 0.5,731313.28655653,0.007142857142857143,9938,7 2 172 437 9 1299 -15,0.6363636363636364 0.009009009009009009 0.0 0.001058574453069866 0.20689655172413793 0.0 0.25,637286.5354941628,0.007142857142857143,6900,10 141 358 1332 32 1572 -9,0.9090909090909091 0.6351351351351351 0.3074380165289256 0.3168666196189132 1.0 0.15191986644407346 0.31521739130434784,976097.5038053866,0.1619047619047619,7845,9 222 357 995 32 1375 1,0.8181818181818182 1.0 0.30578512396694213 0.19795342272406494 1.0 0.042292710072342796 0.42391304347826086,921538.4696843558,0.2642857142857143,7879,7 2 173 434 9 1301 -18,0.6363636363636364 0.009009009009009009 0.001652892561983471 0.0 0.20689655172413793 0.0011129660545353367 0.21739130434782608,637301.9843662943,0.007142857142857143,6835,10 141 358 1332 32 1572 -8,0.9090909090909091 0.6351351351351351 0.3074380165289256 0.3168666196189132 1.0 0.15191986644407346 0.32608695652173914,976097.5146749518,0.1619047619047619,7844,11 114 359 1707 20 1657 -22,1.0 0.5135135135135135 0.3090909090909091 0.44918842625264643 0.5862068965517241 0.19922092376182526 0.17391304347826086,1054952.2356804493,0.1619047619047619,7776,8 4 246 739 11 1442 -25,0.7272727272727273 0.018018018018018018 0.12231404958677686 0.10762173606210304 0.27586206896551724 0.07957707289927657 0.14130434782608695,730433.8145884323,0.007142857142857143,5274,10 141 358 1332 32 1572 -8,0.9090909090909091 0.6351351351351351 0.3074380165289256 0.3168666196189132 1.0 0.15191986644407346 0.32608695652173914,976097.5146749518,0.1619047619047619,7844,10 141 358 1332 32 1572 -9,0.9090909090909091 0.6351351351351351 0.3074380165289256 0.3168666196189132 1.0 0.15191986644407346 0.31521739130434784,976097.5038053866,0.1619047619047619,7845,7 12 288 604 15 1571 -7,0.6363636363636364 0.05405405405405406 0.19173553719008266 0.05998588567395907 0.41379310344827586 0.15136338341680577 0.33695652173913043,643789.6129273173,0.007142857142857143,5468,0 0 765 2541 10 3073 54,0.0 0.0 0.9801652892561984 0.7434721242060691 0.2413793103448276 0.9872008903728436 1.0,10580.134956706264,0.6523809523809524,3807,0 0 628 3268 4 2539 53,0.0 0.0 0.7537190082644628 1.0 0.034482758620689655 0.6900389538119087 0.9891304347826086,8548.5278784796,0.5857142857142857,4887,7 12 296 638 16 1589 -4,0.6363636363636364 0.05405405405405406 0.2049586776859504 0.07198306280875089 0.4482758620689655 0.16138007790762382 0.3695652173913043,643937.4225609134,0.007142857142857143,5126,0 0 777 2590 10 3096 51,0.0 0.0 1.0 0.7607621736062103 0.2413793103448276 1.0 0.967391304347826,10795.86749594504,0.6523809523809524,3752,0 0 675 3261 3 2629 53,0.0 0.0 0.8314049586776859 0.997529992942837 0.0 0.7401224262659989 0.9891304347826086,9319.969934417137,0.5857142857142857,4731,7 2 266 565 22 1520 -33,0.6363636363636364 0.009009009009009009 0.15537190082644628 0.046224417784050814 0.6551724137931034 0.1229827490261547 0.05434782608695652,638931.2821072815,0.007142857142857143,12595
resolved-p14d-c14d-3600-3rd/nsp-n20-d28-r0.10-rp2-fp2-s6,2 0 12 10 0 141 -58,0.5 0.0 0.007575757575757576 0.00044033465433729633 0.0 0.016883116883116882 0.11403508771929824,500076.48077666847,0.007142857142857143,15921,2 0 8 9 0 127 -62,0.5 0.0 0.0 0.0 0.0 0.007792207792207792 0.07894736842105263,500000.15686944633,0.007142857142857143,16179,2 0 8 9 0 115 -63,0.5 0.0 0.0 0.0 0.0 0.0 0.07017543859649122,500000.0701754386,0.007142857142857143,16250,2 0 80 16 0 425 -67,0.5 0.0 0.13636363636363635 0.0030823425803610744 0.0 0.2012987012987013 0.03508771929824561,501368.766780949,0.007142857142857143,16826,1 147 536 307 49 716 16,0.25 0.9130434782608695 1.0 0.1312197269925143 0.8305084745762712 0.39025974025974025 0.7631578947368421,351523.28415583435,0.5,7161,0 161 298 210 32 719 -17,0.0 1.0 0.5492424242424242 0.08850726552179657 0.5423728813559322 0.3922077922077922 0.47368421052631576,105639.56455821423,0.21785714285714286,10402,2 0 93 14 0 389 -71,0.5 0.0 0.16098484848484848 0.002201673271686482 0.0 0.17792207792207793 0.0,501613.82937889936,0.007142857142857143,15959,1 147 535 314 51 723 17,0.25 0.9130434782608695 0.9981060606060606 0.13430206957287538 0.864406779661017 0.3948051948051948 0.7719298245614035,351510.8711614591,0.6285714285714286,7184,0 157 320 357 41 957 -11,0.0 0.9751552795031055 0.5909090909090909 0.15323645970937913 0.6949152542372882 0.5467532467532468 0.5263157894736842,103653.3406927916,0.5821428571428572,11864,2 0 84 15 0 428 -61,0.5 0.0 0.14393939393939395 0.002642007926023778 0.0 0.20324675324675326 0.08771929824561403,501444.1561341507,0.007142857142857143,16255,1 145 532 320 59 723 16,0.25 0.9006211180124224 0.9924242424242424 0.13694407749889917 1.0 0.3948051948051948 0.7631578947368421,350228.00951282633,0.625,7790,0 155 319 342 37 920 -6,0.0 0.9627329192546584 0.5890151515151515 0.14663143989431968 0.6271186440677966 0.5227272727272727 0.5701754385964912,102378.58419308435,0.5821428571428572,12344,4 11 462 2280 7 1655 29,1.0 0.06832298136645963 0.8598484848484849 1.0 0.11864406779661017 1.0 0.8771929824561403,1016453.5245848929,0.5571428571428572,13662,1 1 279 1752 4 1324 19,0.25 0.006211180124223602 0.5132575757575758 0.7675033025099075 0.06779661016949153 0.785064935064935 0.7894736842105263,256536.6168565598,0.6678571428571428,14386,1 2 262 513 5 1251 29,0.25 0.012422360248447204 0.4810606060606061 0.22192866578599735 0.0847457627118644 0.7376623376623377 0.8771929824561403,256291.49914386703,0.575,15272,4 11 418 1822 9 1540 43,1.0 0.06832298136645963 0.7765151515151515 0.7983267283135183 0.15254237288135594 0.9253246753246753 1.0,1015421.2838641523,0.5357142857142857,14955,1 1 259 1444 4 1245 30,0.25 0.006211180124223602 0.4753787878787879 0.6318802289740203 0.06779661016949153 0.7337662337662337 0.8859649122807017,256021.78940845112,0.6678571428571428,15172,1 2 262 523 3 1224 30,0.25 0.012422360248447204 0.4810606060606061 0.2263320123293703 0.05084745762711865 0.7201298701298702 0.8859649122807017,256292.34610715642,0.575,15093,2 0 28 10 0 190 -67,0.5 0.0 0.03787878787878788 0.00044033465433729633 0.0 0.048701298701298704 0.03508771929824561,500379.7503141486,0.007142857142857143,18871
resolved-p14d-c14d-3600-3rd/nsp-n20-d28-r0.10-rp2-fp2-s8,6 1 255 181 42 1721 53,1.0 0.0 0.24329159212880144 0.18693693693693694 0.10344827586206896 0.7000646412411118 0.6764705882352942,1002637.8748028117,0.010714285714285714,13355,6 1 254 148 47 1498 42,1.0 0.0 0.24150268336314848 0.11261261261261261 0.14655172413793102 0.5559146735617324 0.35294117647058826,1002548.20670657,0.010714285714285714,14081,6 1 254 143 47 1483 42,1.0 0.0 0.24150268336314848 0.10135135135135136 0.14655172413793102 0.5462184873949579 0.35294117647058826,1002536.8484834471,0.010714285714285714,14202,6 1 119 111 33 843 34,1.0 0.0 0.0 0.02927927927927928 0.02586206896551724 0.13251454427925016 0.11764705882352941,1000033.3082786774,0.010714285714285714,8823,0 2 601 264 146 1774 34,0.0 0.005813953488372093 0.8622540250447227 0.3738738738738739 1.0 0.7343244990303813 0.11764705882352941,9685.270365207438,0.30357142857142855,7599,0 85 678 538 128 1539 50,0.0 0.4883720930232558 1.0 0.990990990990991 0.8448275862068966 0.5824175824175825 0.5882352941176471,59919.09546305556,0.42857142857142855,9013,6 1 120 112 30 788 30,1.0 0.0 0.0017889087656529517 0.03153153153153153 0.0 0.09696186166774402 0.0,1000050.3902378046,0.010714285714285714,8657,0 5 659 358 146 2185 38,0.0 0.023255813953488372 0.9660107334525939 0.5855855855855856 1.0 1.0 0.23529411764705882,12681.50960957801,0.16428571428571428,6970,0 94 506 508 120 1439 45,0.0 0.5406976744186046 0.6923076923076923 0.9234234234234234 0.7758620689655172 0.5177763413057531 0.4411764705882353,61999.472935141,0.08214285714285714,8182,6 1 119 98 32 780 31,1.0 0.0 0.0 0.0 0.017241379310344827 0.09179056237879767 0.029411764705882353,1000002.6714553195,0.010714285714285714,9058,0 4 628 294 136 1851 42,0.0 0.01744186046511628 0.9105545617173524 0.44144144144144143 0.9137931034482759 0.78409825468649 0.35294117647058826,11390.746339194757,0.18571428571428572,7425,0 87 639 542 133 1558 48,0.0 0.5 0.9302325581395349 1.0 0.8879310344827587 0.59469941822883 0.5294117647058824,60397.59509079062,0.3892857142857143,8572,6 34 324 243 81 1290 40,1.0 0.19186046511627908 0.3667262969588551 0.32657657657657657 0.4396551724137931 0.42146089204912734 0.29411764705882354,1023228.360301602,0.010714285714285714,7962,5 173 367 409 101 638 57,0.8333333333333334 1.0 0.44364937388193204 0.7004504504504504 0.6120689655172413 0.0 0.7941176470588235,938532.2785368019,0.775,16141,6 169 354 346 49 738 64,1.0 0.9767441860465116 0.4203935599284436 0.5585585585585585 0.16379310344827586 0.06464124111182935 1.0,1102454.93848525,0.7071428571428572,15448,6 22 311 244 77 1380 44,1.0 0.12209302325581395 0.3434704830053667 0.32882882882882886 0.4051724137931034 0.4796380090497738 0.4117647058823529,1016018.5613706397,0.010714285714285714,9585,5 173 392 401 101 648 59,0.8333333333333334 1.0 0.4883720930232558 0.6824324324324325 0.6120689655172413 0.006464124111182934 0.8529411764705882,938961.6111749677,0.775,15816,6 173 344 342 51 726 64,1.0 1.0 0.40250447227191416 0.5495495495495496 0.1810344827586207 0.056884292178409825 1.0,1104594.2665634665,0.7035714285714286,14671,6 1 202 107 35 1152 37,1.0 0.0 0.148479427549195 0.02027027027027027 0.04310344827586207 0.33225597931480283 0.20588235294117646,1001512.9033327359,0.010714285714285714,17089
resolved-p14d-c14d-3600-3rd/nsp-n10-d28-r0.10-rp0-fp0-s2,0 0 0 0 0 68 -45,0.0 0.0 0.0 0.0 0.0 0.0 0.0,0.0,0.39285714285714285,202,0 0 0 0 0 73 -31,0.0 0.0 0.0 0.0 0.0 0.14705882352941177 0.4666666666666667,1.9372549019607845,0.2642857142857143,158,0 0 0 0 0 82 -27,0.0 0.0 0.0 0.0 0.0 0.4117647058823529 0.6,4.717647058823529,0.21428571428571427,118,0 0 0 0 0 93 -36,0.0 0.0 0.0 0.0 0.0 0.7352941176470589 0.3,7.652941176470589,0.12142857142857143,142,0 0 0 0 0 95 -35,0.0 0.0 0.0 0.0 0.0 0.7941176470588235 0.3333333333333333,8.274509803921568,0.5428571428571428,44,0 0 0 0 0 97 -27,0.0 0.0 0.0 0.0 0.0 0.8529411764705882 0.6,9.129411764705882,0.12142857142857143,161,0 0 0 0 0 97 -30,0.0 0.0 0.0 0.0 0.0 0.8529411764705882 0.5,9.029411764705882,0.12142857142857143,223,0 0 0 0 0 95 -32,0.0 0.0 0.0 0.0 0.0 0.7941176470588235 0.43333333333333335,8.374509803921567,0.44285714285714284,14,0 0 0 0 0 93 -28,0.0 0.0 0.0 0.0 0.0 0.7352941176470589 0.5666666666666667,7.919607843137255,0.12142857142857143,61,0 0 0 0 0 100 -27,0.0 0.0 0.0 0.0 0.0 0.9411764705882353 0.6,10.011764705882353,0.12142857142857143,48,0 0 0 0 0 102 -15,0.0 0.0 0.0 0.0 0.0 1.0 1.0,11.0,0.38571428571428573,7,0 0 0 0 0 94 -27,0.0 0.0 0.0 0.0 0.0 0.7647058823529411 0.6,8.24705882352941,0.12142857142857143,63,0 0 0 0 0 95 -19,0.0 0.0 0.0 0.0 0.0 0.7941176470588235 0.8666666666666667,8.8078431372549,0.12142857142857143,179,0 0 0 0 0 87 -21,0.0 0.0 0.0 0.0 0.0 0.5588235294117647 0.8,6.388235294117647,0.7,55,0 0 0 0 0 93 -31,0.0 0.0 0.0 0.0 0.0 0.7352941176470589 0.4666666666666667,7.8196078431372555,0.12142857142857143,154,0 0 0 0 0 95 -19,0.0 0.0 0.0 0.0 0.0 0.7941176470588235 0.8666666666666667,8.8078431372549,0.12142857142857143,179,0 0 0 0 0 87 -21,0.0 0.0 0.0 0.0 0.0 0.5588235294117647 0.8,6.388235294117647,0.7,55,0 0 0 0 0 93 -31,0.0 0.0 0.0 0.0 0.0 0.7352941176470589 0.4666666666666667,7.8196078431372555,0.12142857142857143,154,0 0 0 0 0 92 -26,0.0 0.0 0.0 0.0 0.0 0.7058823529411765 0.6333333333333333,7.692156862745099,0.12142857142857143,36
resolved-p14d-c14d-3600-3rd/nsp-n50-d28-r0.10-rp2-fp2-s2,23 107 2568 2754 81 6854 -34,0.5555555555555556 0.3857677902621723 0.15997300033749579 0.04092760890003134 0.7941176470588235 0.2568565400843882 0.4861111111111111,595855.4586352657,0.007142857142857143,6518,23 107 2568 2736 81 6824 -35,0.5555555555555556 0.3857677902621723 0.15997300033749579 0.03979943591350674 0.7941176470588235 0.25158227848101267 0.4791666666666667,595854.2707752187,0.007142857142857143,6662,23 107 2564 2729 81 6797 -20,0.5555555555555556 0.3857677902621723 0.15862301721228483 0.03936070197430273 0.7941176470588235 0.2468354430379747 0.5833333333333334,595840.3889083395,0.007142857142857143,7230,27 106 2579 2918 78 6893 -47,1.0 0.38202247191011235 0.16368545393182585 0.05120651833281103 0.7647058823529411 0.26371308016877637 0.3958333333333333,1039969.8118010326,0.007142857142857143,5790,18 271 2094 2101 102 5393 40,0.0 1.0 0.0 0.0 1.0 0.0 1.0,100101.0,0.10428571428571429,3015,18 271 2096 2101 102 5393 40,0.0 1.0 0.0006749915626054674 0.0 1.0 0.0 1.0,100107.74991562606,0.10428571428571429,3014,27 106 2577 2914 78 6882 -42,1.0 0.38202247191011235 0.16301046236922037 0.05095581322469445 0.7647058823529411 0.26177918424753865 0.4305555555555556,1039962.8265635613,0.007142857142857143,6102,18 271 2094 2101 102 5393 40,0.0 1.0 0.0 0.0 1.0 0.0 1.0,100101.0,0.10428571428571429,3015,18 271 2094 2101 102 5393 40,0.0 1.0 0.0 0.0 1.0 0.0 1.0,100101.0,0.10428571428571429,3015,27 106 2579 2917 78 6894 -43,1.0 0.38202247191011235 0.16368545393182585 0.05114384205578189 0.7647058823529411 0.2638888888888889 0.4236111111111111,1039969.7786606206,0.007142857142857143,5802,18 271 2094 2101 102 5393 40,0.0 1.0 0.0 0.0 1.0 0.0 1.0,100101.0,0.10428571428571429,3015,18 271 2096 2101 102 5393 40,0.0 1.0 0.0006749915626054674 0.0 1.0 0.0 1.0,100107.74991562606,0.10428571428571429,3014,20 86 4925 15465 0 11044 -46,0.2222222222222222 0.30711610486891383 0.9554505568680391 0.8376057662174867 0.0 0.9934950773558369 0.4027777777777778,263336.2817725628,0.6914285714285714,4310,23 4 3562 16276 1 10045 -75,0.5555555555555556 0.0 0.4954438069524131 0.8884362268881228 0.00980392156862745 0.8178621659634318 0.2013888888888889,561407.7902546732,0.7385714285714285,2739,20 10 3775 18056 2 10368 -92,0.2222222222222222 0.02247191011235955 0.5673304083698953 1.0 0.0196078431372549 0.874648382559775 0.08333333333333333,231153.5079186298,0.7185714285714285,3376,20 77 5057 14297 0 11081 -31,0.2222222222222222 0.27340823970037453 1.0 0.764399874647446 0.0 1.0 0.5069444444444444,260337.95301135155,0.6914285714285714,4391,23 4 3562 16276 1 10045 -75,0.5555555555555556 0.0 0.4954438069524131 0.8884362268881228 0.00980392156862745 0.8178621659634318 0.2013888888888889,561407.7902546732,0.7385714285714285,2739,20 10 3771 17699 2 10343 -104,0.2222222222222222 0.02247191011235955 0.5659804252446844 0.9776245691005955 0.0196078431372549 0.870253164556962 0.0,231117.5053709649,0.7185714285714285,3451,19 109 2392 2304 86 6365 -20,0.1111111111111111 0.39325842696629215 0.10057374282821464 0.012723284236916326 0.8431372549019608 0.17088607594936708 0.5833333333333334,151542.02043984245,0.007142857142857143,7464
resolved-p14d-c14d-3600-3rd/nsp-n10-d28-r0.10-rp0-fp0-s7,0 0 0 0 0 75 -36,0.0 0.0 0.0 0.0 0.0 0.0 0.0,0.0,0.5214285714285715,174,0 0 0 0 0 77 -29,0.0 0.0 0.0 0.0 0.0 0.08 0.35,1.15,0.44285714285714284,133,0 0 0 0 0 84 -21,0.0 0.0 0.0 0.0 0.0 0.36 0.75,4.35,0.4,93,0 0 0 0 0 90 -23,0.0 0.0 0.0 0.0 0.0 0.6 0.65,6.65,0.2,51,0 0 0 0 0 100 -19,0.0 0.0 0.0 0.0 0.0 1.0 0.85,10.85,0.5071428571428571,37,0 0 0 0 0 90 -20,0.0 0.0 0.0 0.0 0.0 0.6 0.8,6.8,0.2,101,0 0 0 0 0 90 -20,0.0 0.0 0.0 0.0 0.0 0.6 0.8,6.8,0.2,75,0 0 0 0 0 87 -18,0.0 0.0 0.0 0.0 0.0 0.48 0.9,5.7,0.44285714285714284,30,0 0 0 0 0 92 -18,0.0 0.0 0.0 0.0 0.0 0.68 0.9,7.700000000000001,0.2,162,0 0 0 0 0 89 -18,0.0 0.0 0.0 0.0 0.0 0.56 0.9,6.500000000000001,0.2,137,0 0 0 0 0 96 -18,0.0 0.0 0.0 0.0 0.0 0.84 0.9,9.3,0.4642857142857143,18,0 0 0 0 0 90 -19,0.0 0.0 0.0 0.0 0.0 0.6 0.85,6.85,0.2,129,0 0 0 0 0 90 -20,0.0 0.0 0.0 0.0 0.0 0.6 0.8,6.8,0.2,227,0 0 0 0 0 93 -16,0.0 0.0 0.0 0.0 0.0 0.72 1.0,8.2,0.7214285714285714,105,0 0 0 0 0 89 -21,0.0 0.0 0.0 0.0 0.0 0.56 0.75,6.3500000000000005,0.2,341,0 0 0 0 0 90 -20,0.0 0.0 0.0 0.0 0.0 0.6 0.8,6.8,0.2,227,0 0 0 0 0 93 -16,0.0 0.0 0.0 0.0 0.0 0.72 1.0,8.2,0.7214285714285714,105,0 0 0 0 0 89 -21,0.0 0.0 0.0 0.0 0.0 0.56 0.75,6.3500000000000005,0.2,341,0 0 0 0 0 88 -18,0.0 0.0 0.0 0.0 0.0 0.52 0.9,6.1000000000000005,0.21428571428571427,39
resolved-p14d-c14d-3600-3rd/nsp-n20-d28-r0.10-rp2-fp2-s1,0 1 34 86 2 281 -54,0.0 0.003676470588235294 0.06786427145708583 0.13781512605042018 0.03125 0.20047169811320756 0.08,1189.31461642594,0.08571428571428572,12865,10 0 83 17 0 356 -64,0.8333333333333334 0.0 0.1656686626746507 0.021848739495798318 0.0 0.28891509433962265 0.0,835014.7578505191,0.014285714285714285,15823,10 0 86 15 0 369 -58,0.8333333333333334 0.0 0.17165668662674652 0.018487394957983194 0.0 0.30424528301886794 0.048,835071.4780473891,0.014285714285714285,15554,10 0 3 39 0 132 -55,0.8333333333333334 0.0 0.005988023952095809 0.058823529411764705 0.0 0.024764150943396228 0.072,833452.3567437755,0.014285714285714285,8057,1 194 429 448 48 954 52,0.08333333333333333 0.7132352941176471 0.8562874251497006 0.746218487394958 0.75 0.9941037735849056 0.928,164051.82452172585,0.675,5985,0 272 438 582 64 898 26,0.0 1.0 0.874251497005988 0.9714285714285714 1.0 0.9280660377358491 0.72,109823.94420186582,0.6714285714285714,5740,10 0 0 4 0 111 -55,0.8333333333333334 0.0 0.0 0.0 0.0 0.0 0.072,833333.4053333334,0.014285714285714285,9109,1 193 424 457 51 959 51,0.08333333333333333 0.7095588235294118 0.846307385229541 0.761344537815126 0.796875 1.0 0.92,163604.24157638507,0.6714285714285714,6233,0 272 438 582 64 898 26,0.0 1.0 0.874251497005988 0.9714285714285714 1.0 0.9280660377358491 0.72,109823.94420186582,0.6714285714285714,5740,10 0 0 16 0 148 -49,0.8333333333333334 0.0 0.0 0.020168067226890758 0.0 0.04363207547169811 0.12,833354.057721315,0.014285714285714285,8642,1 191 427 444 53 947 49,0.08333333333333333 0.7022058823529411 0.8522954091816367 0.7394957983193278 0.828125 0.9858490566037735 0.904,162909.94644932915,0.6714285714285714,6480,0 263 501 599 61 885 20,0.0 0.9669117647058824 1.0 1.0 0.953125 0.9127358490566038 0.672,107796.28832907882,0.625,6012,12 29 109 190 27 545 -39,1.0 0.10661764705882353 0.21756487025948104 0.3126050420168067 0.421875 0.5117924528301887 0.2,1013197.5238750223,0.014285714285714285,10550,10 219 376 298 51 601 50,0.8333333333333334 0.8051470588235294 0.7504990019960079 0.49411764705882355 0.796875 0.5778301886792453 0.912,921933.5246845919,0.7928571428571428,15241,8 197 231 367 60 610 61,0.6666666666666666 0.7242647058823529 0.46107784431137727 0.6100840336134454 0.9375 0.5884433962264151 1.0,744414.6341655914,0.7,16533,12 40 133 246 26 550 -22,1.0 0.14705882352941177 0.2654690618762475 0.40672268907563025 0.40625 0.5176886792452831 0.336,1017813.4335475718,0.014285714285714285,8959,12 214 306 300 43 541 61,1.0 0.7867647058823529 0.6107784431137725 0.49747899159663866 0.671875 0.5070754716981132 1.0,1085354.9922656864,0.7964285714285714,11185,9 175 205 312 41 578 54,0.75 0.6433823529411765 0.4091816367265469 0.5176470588235295 0.640625 0.5507075471698113 0.944,819018.2122956782,0.675,15835,10 0 5 9 0 118 -57,0.8333333333333334 0.0 0.00998003992015968 0.008403361344537815 0.0 0.008254716981132075 0.056,833441.6756410493,0.014285714285714285,15395
resolved-p14d-c14d-3600-3rd/nsp-n10-d28-r0.10-rp0-fp0-s9,0 0 0 0 0 75 -42,0.0 0.0 0.0 0.0 0.0 0.0 0.14285714285714285,0.14285714285714285,0.36428571428571427,173,0 0 0 0 0 81 -45,0.0 0.0 0.0 0.0 0.0 0.21428571428571427 0.0,2.142857142857143,0.42142857142857143,122,0 0 0 0 0 86 -44,0.0 0.0 0.0 0.0 0.0 0.39285714285714285 0.047619047619047616,3.976190476190476,0.4357142857142857,86,0 0 0 0 0 102 -38,0.0 0.0 0.0 0.0 0.0 0.9642857142857143 0.3333333333333333,9.976190476190476,0.16428571428571428,77,0 0 0 0 0 96 -28,0.0 0.0 0.0 0.0 0.0 0.75 0.8095238095238095,8.30952380952381,0.45,27,0 0 0 0 0 98 -35,0.0 0.0 0.0 0.0 0.0 0.8214285714285714 0.47619047619047616,8.69047619047619,0.16428571428571428,55,0 0 0 0 0 103 -33,0.0 0.0 0.0 0.0 0.0 1.0 0.5714285714285714,10.571428571428571,0.16428571428571428,96,0 0 0 0 0 103 -27,0.0 0.0 0.0 0.0 0.0 1.0 0.8571428571428571,10.857142857142858,0.38571428571428573,31,0 0 0 0 0 100 -37,0.0 0.0 0.0 0.0 0.0 0.8928571428571429 0.38095238095238093,9.30952380952381,0.16428571428571428,99,0 0 0 0 0 99 -32,0.0 0.0 0.0 0.0 0.0 0.8571428571428571 0.6190476190476191,9.19047619047619,0.16428571428571428,44,0 0 0 0 0 89 -31,0.0 0.0 0.0 0.0 0.0 0.5 0.6666666666666666,5.666666666666667,0.39285714285714285,31,0 0 0 0 0 92 -28,0.0 0.0 0.0 0.0 0.0 0.6071428571428571 0.8095238095238095,6.8809523809523805,0.16428571428571428,71,0 0 0 0 0 97 -28,0.0 0.0 0.0 0.0 0.0 0.7857142857142857 0.8095238095238095,8.666666666666666,0.16428571428571428,171,0 0 0 0 0 87 -31,0.0 0.0 0.0 0.0 0.0 0.42857142857142855 0.6666666666666666,4.9523809523809526,0.6357142857142857,147,0 0 0 0 0 103 -27,0.0 0.0 0.0 0.0 0.0 1.0 0.8571428571428571,10.857142857142858,0.16428571428571428,113,0 0 0 0 0 97 -24,0.0 0.0 0.0 0.0 0.0 0.7857142857142857 1.0,8.857142857142858,0.16428571428571428,169,0 0 0 0 0 87 -31,0.0 0.0 0.0 0.0 0.0 0.42857142857142855 0.6666666666666666,4.9523809523809526,0.6357142857142857,147,0 0 0 0 0 103 -27,0.0 0.0 0.0 0.0 0.0 1.0 0.8571428571428571,10.857142857142858,0.16428571428571428,113,0 0 0 0 0 97 -38,0.0 0.0 0.0 0.0 0.0 0.7857142857142857 0.3333333333333333,8.19047619047619,0.17857142857142858,45
resolved-p14d-c14d-3600-3rd/nsp-n40-d28-r0.10-rp2-fp2-s4,11 10 527 197 11 2211 -79,0.625 0.0 0.0741777466759972 0.02631578947368421 0.11666666666666667 0.17208520179372197 0.11764705882352941,625781.5984219771,0.025,8817,11 10 527 192 6 2175 -91,0.625 0.0 0.0741777466759972 0.02523727351164797 0.03333333333333333 0.16199551569506726 0.053475935828877004,625772.0215046977,0.025,8944,11 10 509 199 8 2166 -91,0.625 0.0 0.0615815255423373 0.026747195858498704 0.06666666666666667 0.1594730941704036 0.053475935828877004,625650.8773248261,0.025,9038,11 10 421 79 12 1830 -88,0.625 0.0 0.0 0.0008628127696289905 0.13333333333333333 0.06530269058295964 0.06951871657754011,625014.9186917254,0.025,9390,6 498 785 864 64 1597 -27,0.0 1.0 0.2547235829251225 0.17018981880931838 1.0 0.0 0.39572192513368987,102817.82136998567,0.32142857142857145,670,8 351 664 830 26 1911 -31,0.25 0.6987704918032787 0.17004898530440868 0.16285591026747195 0.36666666666666664 0.08800448430493274 0.37433155080213903,321778.31598669995,0.31607142857142856,706,11 10 442 78 12 1903 -93,0.625 0.0 0.01469559132260322 0.0006471095772217428 0.13333333333333333 0.08576233183856502 0.0427807486631016,625161.8367602037,0.025,9072,14 174 760 2277 10 2513 -101,1.0 0.3360655737704918 0.23722883135059483 0.47497842968075926 0.1 0.25672645739910316 0.0,1036466.39138481,0.14464285714285716,501,6 446 636 687 45 1724 7,0.0 0.8934426229508197 0.1504548635409377 0.13201035375323555 0.6833333333333333 0.03559417040358744 0.5775401069518716,91050.0880993889,0.31607142857142856,875,11 10 498 75 11 2014 -99,0.625 0.0 0.053883834849545134 0.0 0.11666666666666667 0.11687219730941704 0.0106951871657754,625551.6844323223,0.025,8308,9 342 696 784 33 1783 -49,0.375 0.680327868852459 0.19244226731980407 0.15293356341673855 0.48333333333333334 0.052130044843049325 0.27807486631016043,445159.2758305088,0.20714285714285716,597,6 442 666 746 51 1742 7,0.0 0.8852459016393442 0.17144856543037088 0.14473684210526316 0.7833333333333333 0.0406390134529148 0.5775401069518716,90463.12992391821,0.31607142857142856,882,8 58 1406 3938 26 4800 85,0.25 0.09836065573770492 0.689293212036389 0.8332614322691976 0.36666666666666664 0.8977017937219731 0.9946524064171123,267608.8974634139,0.5803571428571429,6614,11 28 1843 4711 16 5156 66,0.625 0.036885245901639344 0.9951014695591323 1.0 0.2 0.9974775784753364 0.893048128342246,639670.4071096684,0.675,6698,8 18 1499 4277 39 4982 80,0.25 0.01639344262295082 0.7543736878936319 0.9063848144952545 0.5833333333333334 0.9487107623318386 0.9679144385026738,260158.25431112183,0.6339285714285714,6336,8 58 1383 3936 23 4731 86,0.25 0.09836065573770492 0.6731980405878236 0.832830025884383 0.31666666666666665 0.8783632286995515 1.0,267442.3263044868,0.5803571428571429,6718,11 27 1850 4707 16 5165 62,0.625 0.03483606557377049 1.0 0.999137187230371 0.2 1.0 0.8716577540106952,639513.6154023615,0.675,6787,7 19 1450 3820 40 4901 79,0.125 0.018442622950819672 0.7200839748075577 0.8078084555651424 0.6 0.9260089686098655 0.9625668449197861,134923.1331552537,0.6339285714285714,7610,11 13 488 209 4 1985 -83,0.625 0.006147540983606557 0.04688593421973408 0.028904227782571183 0.0 0.10874439461883408 0.0962566844919786,626113.7013689713,0.025,8941
resolved-p14d-c14d-3600-3rd/nsp-n50-d28-r0.10-rp2-fp2-s9,0 0 0 0 0 400 -164,0.0 0.0 0.0 0.0 0.0 0.0 0.0,0.0,0.1442857142857143,343,0 0 0 0 0 475 -154,0.0 0.0 0.0 0.0 0.0 0.09803921568627451 0.10752688172043011,1.0879190385831752,0.11142857142857143,260,0 0 0 0 0 487 -156,0.0 0.0 0.0 0.0 0.0 0.11372549019607843 0.08602150537634409,1.2232764073371283,0.12,222,0 0 0 0 0 435 -134,0.0 0.0 0.0 0.0 0.0 0.0457516339869281 0.3225806451612903,0.7800969850305713,0.07285714285714286,320,0 0 0 0 0 544 -134,0.0 0.0 0.0 0.0 0.0 0.18823529411764706 0.3225806451612903,2.204933586337761,0.30857142857142855,22,0 0 0 0 0 465 -122,0.0 0.0 0.0 0.0 0.0 0.08496732026143791 0.45161290322580644,1.3012861058401857,0.07285714285714286,99,0 0 0 0 0 458 -132,0.0 0.0 0.0 0.0 0.0 0.07581699346405228 0.34408602150537637,1.1022559561458993,0.07285714285714286,199,0 0 0 0 0 545 -123,0.0 0.0 0.0 0.0 0.0 0.1895424836601307 0.44086021505376344,2.3362850516550706,0.33714285714285713,32,0 0 0 0 0 437 -128,0.0 0.0 0.0 0.0 0.0 0.048366013071895426 0.3870967741935484,0.8707569049125026,0.07285714285714286,158,0 0 0 0 0 445 -141,0.0 0.0 0.0 0.0 0.0 0.058823529411764705 0.24731182795698925,0.8355471220746363,0.07285714285714286,188,0 0 0 0 0 524 -135,0.0 0.0 0.0 0.0 0.0 0.16209150326797386 0.3118279569892473,1.9327429896689858,0.2814285714285714,23,0 0 0 0 0 437 -146,0.0 0.0 0.0 0.0 0.0 0.048366013071895426 0.1935483870967742,0.6772085178157284,0.07285714285714286,105,0 0 0 0 0 1086 -92,0.0 0.0 0.0 0.0 0.0 0.8967320261437909 0.7741935483870968,9.741513809825005,0.3342857142857143,195,0 0 0 0 0 461 -158,0.0 0.0 0.0 0.0 0.0 0.07973856209150326 0.06451612903225806,0.8619017499472907,0.63,192,0 0 0 0 0 1165 -71,0.0 0.0 0.0 0.0 0.0 1.0 1.0,11.0,0.33285714285714285,202,0 0 0 0 0 1086 -92,0.0 0.0 0.0 0.0 0.0 0.8967320261437909 0.7741935483870968,9.741513809825005,0.3342857142857143,195,0 0 0 0 0 461 -158,0.0 0.0 0.0 0.0 0.0 0.07973856209150326 0.06451612903225806,0.8619017499472907,0.63,192,0 0 0 0 0 1165 -71,0.0 0.0 0.0 0.0 0.0 1.0 1.0,11.0,0.33285714285714285,202,0 0 0 0 0 502 -125,0.0 0.0 0.0 0.0 0.0 0.13333333333333333 0.41935483870967744,1.7526881720430108,0.08142857142857143,36
resolved-p14d-c14d-3600-3rd/nsp-n50-d28-r0.10-rp2-fp2-s0,21 127 2603 4726 84 7314 -184,0.5833333333333334 0.0 0.033826068191627104 0.9923850137069753 0.0 0.21959009848283204 0.0125,584666.1874299414,0.017142857142857144,6675,21 127 2604 4733 84 7314 -184,0.5833333333333334 0.0 0.033880017263703065 0.9945172098690223 0.0 0.21959009848283204 0.0125,584668.8591168241,0.017142857142857144,6542,21 127 2604 4751 84 7320 -187,0.5833333333333334 0.0 0.033880017263703065 1.0 0.0 0.2201224381155177 0.0,584674.3347303515,0.017142857142857144,6384,14 140 2183 1562 95 7168 25,0.0 0.03869047619047619 0.01116745791972378 0.028632348461772768 0.004882379050155349 0.2066365007541478 0.8833333333333333,4012.7924829525205,0.017142857142857144,2348,17 463 2061 1958 118 4839 10,0.25 1.0 0.004585671126456625 0.14925373134328357 0.015090989791389259 0.0 0.8208333333333333,350197.4403749203,0.20857142857142857,795,16 264 1976 2198 96 5790 -70,0.16666666666666666 0.40773809523809523 0.0 0.22235759975632044 0.005326231691078562 0.08437583178067608 0.4875,207664.69767171942,0.15428571428571428,5107,14 140 2212 1563 95 7192 23,0.0 0.03869047619047619 0.012731981009926629 0.028936947913493757 0.004882379050155349 0.20876585928489041 0.875,4028.755273558244,0.017142857142857144,2313,17 463 2061 1958 118 4839 10,0.25 1.0 0.004585671126456625 0.14925373134328357 0.015090989791389259 0.0 0.8208333333333333,350197.4403749203,0.20857142857142857,795,16 264 1976 2198 96 5790 -70,0.16666666666666666 0.40773809523809523 0.0 0.22235759975632044 0.005326231691078562 0.08437583178067608 0.4875,207664.69767171942,0.15428571428571428,5107,16 143 2503 1911 94 7527 -9,0.16666666666666666 0.047619047619047616 0.028431160984031076 0.1349375571123972 0.004438526409232135 0.23848815544317276 0.7416666666666667,171851.39099638615,0.017142857142857144,1642,17 463 2061 1958 118 4839 10,0.25 1.0 0.004585671126456625 0.14925373134328357 0.015090989791389259 0.0 0.8208333333333333,350197.4403749203,0.20857142857142857,795,16 264 1976 2198 96 5790 -70,0.16666666666666666 0.40773809523809523 0.0 0.22235759975632044 0.005326231691078562 0.08437583178067608 0.4875,207664.69767171942,0.15428571428571428,5107,26 401 4568 2019 298 5754 -4,1.0 0.8154761904761905 0.13983599482088907 0.1678342978982638 0.09498446515756769 0.08118179398456216 0.7625,1083124.8860581815,0.017142857142857144,2487,19 375 20512 4390 2337 16110 42,0.4166666666666667 0.7380952380952381 1.0 0.8900395979287238 1.0 1.0 0.9541666666666667,501477.1842407859,0.7942857142857143,1121,19 290 4221 1477 390 5566 53,0.4166666666666667 0.4851190476190476 0.12111566681053086 0.0027413950654888823 0.13581890812250333 0.06450181882707834 1.0,466407.69640074286,0.7928571428571428,4372,26 401 4568 2019 298 5753 -4,1.0 0.8154761904761905 0.13983599482088907 0.1678342978982638 0.09498446515756769 0.08109307071244788 0.7625,1083124.8851709487,0.017142857142857144,2489,19 375 20512 4390 2337 16110 42,0.4166666666666667 0.7380952380952381 1.0 0.8900395979287238 1.0 1.0 0.9541666666666667,501477.1842407859,0.7942857142857143,1121,19 288 4167 1468 391 5533 49,0.4166666666666667 0.4791666666666667 0.118202416918429 0.0 0.13626276076342655 0.06157395084730725 0.9833333333333333,465780.5828514358,0.7928571428571428,4448,18 136 2145 3148 98 6541 -69,0.3333333333333333 0.026785714285714284 0.00911739318083729 0.511727078891258 0.006213936972924989 0.15100700913849702 0.49166666666666664,336617.4289030597,0.017142857142857144,7714
resolved-p14d-c14d-3600-3rd/nsp-n40-d28-r0.10-rp2-fp2-s8,0 0 0 0 0 240 -155,0.0 0.0 0.0 0.0 0.0 0.0 0.0,0.0,0.18392857142857144,347,0 0 0 0 0 318 -143,0.0 0.0 0.0 0.0 0.0 0.12400635930047695 0.13636363636363635,1.3764272293684057,0.14642857142857144,223,0 0 0 0 0 336 -126,0.0 0.0 0.0 0.0 0.0 0.15262321144674085 0.32954545454545453,1.855777569012863,0.12142857142857143,198,0 0 0 0 0 392 -135,0.0 0.0 0.0 0.0 0.0 0.24165341812400637 0.22727272727272727,2.643806908512791,0.10178571428571428,124,0 0 0 0 0 411 -110,0.0 0.0 0.0 0.0 0.0 0.2718600953895072 0.5113636363636364,3.229964590258708,0.2892857142857143,32,0 0 0 0 0 377 -139,0.0 0.0 0.0 0.0 0.0 0.2178060413354531 0.18181818181818182,2.3598785951727126,0.10178571428571428,147,0 0 0 0 0 381 -127,0.0 0.0 0.0 0.0 0.0 0.22416534181240064 0.3181818181818182,2.5598352363058248,0.10178571428571428,91,0 0 0 0 0 337 -107,0.0 0.0 0.0 0.0 0.0 0.15421303656597773 0.5454545454545454,2.0875849111143228,0.38035714285714284,36,0 0 0 0 0 383 -120,0.0 0.0 0.0 0.0 0.0 0.2273449920508744 0.3977272727272727,2.6711771932360167,0.10178571428571428,69,0 0 0 0 0 379 -117,0.0 0.0 0.0 0.0 0.0 0.22098569157392686 0.4318181818181818,2.6416750975574503,0.10178571428571428,142,0 0 0 0 0 375 -101,0.0 0.0 0.0 0.0 0.0 0.21462639109697934 0.6136363636363636,2.759900274606157,0.29642857142857143,39,0 0 0 0 0 364 -122,0.0 0.0 0.0 0.0 0.0 0.1971383147853736 0.375,2.346383147853736,0.10178571428571428,114,0 0 0 0 0 869 -67,0.0 0.0 0.0 0.0 0.0 1.0 1.0,11.0,0.3357142857142857,150,0 0 0 0 0 351 -94,0.0 0.0 0.0 0.0 0.0 0.17647058823529413 0.6931818181818182,2.4578877005347595,0.6517857142857143,75,0 0 0 0 0 825 -76,0.0 0.0 0.0 0.0 0.0 0.9300476947535771 0.8977272727272727,10.198204220263044,0.3107142857142857,200,0 0 0 0 0 802 -78,0.0 0.0 0.0 0.0 0.0 0.8934817170111288 0.875,9.809817170111288,0.3053571428571429,188,0 0 0 0 0 351 -94,0.0 0.0 0.0 0.0 0.0 0.17647058823529413 0.6931818181818182,2.4578877005347595,0.6517857142857143,75,0 0 0 0 0 825 -76,0.0 0.0 0.0 0.0 0.0 0.9300476947535771 0.8977272727272727,10.198204220263044,0.3107142857142857,200,0 0 0 0 0 366 -119,0.0 0.0 0.0 0.0 0.0 0.20031796502384738 0.4090909090909091,2.412270559329383,0.10892857142857143,94
resolved-p14d-c14d-3600-3rd/nsp-n30-d28-r0.10-rp2-fp2-s8,10 130 48 147 11 408 -54,0.7692307692307693 0.4088050314465409 0.0196078431372549 0.042114695340501794 0.13043478260869565 0.05334281650071124 0.2198581560283688,810363.2622667183,0.009523809523809525,13182,10 121 40 134 12 418 -53,0.7692307692307693 0.3805031446540881 0.006535947712418301 0.03046594982078853 0.14492753623188406 0.060455192034139404 0.22695035460992907,807392.2333790212,0.009523809523809525,13475,13 105 36 100 5 333 -64,1.0 0.330188679245283 0.0 0.0 0.043478260869565216 0.0 0.14893617021276595,1033023.3646867855,0.009523809523809525,11862,11 89 119 258 34 641 -85,0.8461538461538461 0.279874213836478 0.13562091503267973 0.14157706093189965 0.463768115942029 0.21906116642958748 0.0,875687.6211720112,0.009523809523809525,7076,8 317 648 682 71 1181 -47,0.6153846153846154 0.9968553459119497 1.0 0.521505376344086 1.0 0.6031294452347084 0.2695035460992908,725697.9561501528,0.2761904761904762,3213,8 261 323 454 44 868 -64,0.6153846153846154 0.8207547169811321 0.46895424836601307 0.3172043010752688 0.6086956521739131 0.38051209103840683 0.14893617021276595,702531.6574897622,0.2,3476,9 96 166 291 27 555 -72,0.6923076923076923 0.3018867924528302 0.21241830065359477 0.17114695340501793 0.36231884057971014 0.15789473684210525 0.09219858156028368,724829.6045429242,0.009523809523809525,6268,9 279 279 544 42 811 -21,0.6923076923076923 0.8773584905660378 0.39705882352941174 0.3978494623655914 0.5797101449275363 0.3399715504978663 0.45390070921985815,784473.8036926626,0.2761904761904762,3195,8 261 323 454 45 868 -64,0.6153846153846154 0.8207547169811321 0.46895424836601307 0.3172043010752688 0.6231884057971014 0.38051209103840683 0.14893617021276595,702533.1067651245,0.2,3475,9 90 147 229 29 611 -79,0.6923076923076923 0.2830188679245283 0.18137254901960784 0.11559139784946236 0.391304347826087 0.19772403982930298 0.0425531914893617,722580.046216563,0.009523809523809525,7527,8 318 424 567 52 860 -21,0.6153846153846154 1.0 0.6339869281045751 0.41845878136200715 0.7246376811594203 0.3748221906116643 0.45390070921985815,722219.6093377544,0.2761904761904762,3209,8 261 323 454 44 868 -64,0.6153846153846154 0.8207547169811321 0.46895424836601307 0.3172043010752688 0.6086956521739131 0.38051209103840683 0.14893617021276595,702531.6574897622,0.2,3476,8 15 129 324 3 671 -66,0.6153846153846154 0.04716981132075472 0.15196078431372548 0.2007168458781362 0.014492753623188406 0.24039829302987198 0.1347517730496454,621825.909215772,0.009523809523809525,7493,0 0 443 1216 25 1733 36,0.0 0.0 0.6650326797385621 1.0 0.3333333333333333 0.9957325746799431 0.8581560283687943,7694.475612494122,0.6523809523809524,4342,0 0 355 795 33 1654 56,0.0 0.0 0.5212418300653595 0.6227598566308243 0.4492753623188406 0.9395448079658606 1.0,5890.501141595962,0.6214285714285714,3737,8 12 122 325 2 647 -59,0.6153846153846154 0.03773584905660377 0.14052287581699346 0.20161290322580644 0.0 0.2233285917496444 0.18439716312056736,620767.4596347521,0.009523809523809525,8048,0 0 439 1194 25 1739 48,0.0 0.0 0.6584967320261438 0.9802867383512545 0.3333333333333333 1.0 0.9432624113475178,7609.530654357373,0.6523809523809524,4400,0 0 353 795 35 1654 56,0.0 0.0 0.5179738562091504 0.6227598566308243 0.4782608695652174 0.9395448079658606 1.0,5860.719953758508,0.6214285714285714,3765,12 138 63 153 14 497 -62,0.9230769230769231 0.4339622641509434 0.04411764705882353 0.047491039426523295 0.17391304347826086 0.1166429587482219 0.16312056737588654,966980.5378565348,0.009523809523809525,12985
resolved-p14d-c14d-3600-3rd/nsp-n10-d28-r0.10-rp0-fp0-s1,0 1 0 0 0 73 -40,0.0 0.0 0.0 0.0 0.0 0.0 0.0,0.0,0.5071428571428571,7493,0 1 0 0 0 77 -36,0.0 0.0 0.0 0.0 0.0 0.0106951871657754 0.0851063829787234,0.1920582546364774,0.44285714285714284,7827,0 1 0 1 0 80 -29,0.0 0.0 0.0 0.005263157894736842 0.0 0.01871657754010695 0.23404255319148937,5.684366223329401,0.29285714285714287,7490,7 1 1 0 0 78 -34,1.0 0.0 0.005847953216374269 0.0 0.0 0.013368983957219251 0.1276595744680851,1000058.7408815778,0.014285714285714285,2204,0 1 41 80 12 418 -4,0.0 0.0 0.23976608187134502 0.42105263157894735 0.5 0.9224598930481284 0.7659574468085106,2878.7040066696873,0.45,21283,0 1 0 0 0 94 -33,0.0 0.0 0.0 0.0 0.0 0.05614973262032086 0.14893617021276595,0.7104334964159745,0.24285714285714285,15751,7 1 1 0 0 78 -33,1.0 0.0 0.005847953216374269 0.0 0.0 0.013368983957219251 0.14893617021276595,1000058.7621581736,0.014285714285714285,2203,0 1 23 48 14 313 -2,0.0 0.0 0.13450292397660818 0.25263157894736843 0.5833333333333334 0.6417112299465241 0.8085106382978723,1663.2197749845466,0.38571428571428573,22221,0 1 0 0 0 94 -34,0.0 0.0 0.0 0.0 0.0 0.05614973262032086 0.1276595744680851,0.6891569006712936,0.24285714285714285,15752,7 1 1 0 0 78 -34,1.0 0.0 0.005847953216374269 0.0 0.0 0.013368983957219251 0.1276595744680851,1000058.7408815778,0.014285714285714285,2204,0 1 7 47 9 262 -14,0.0 0.0 0.04093567251461988 0.24736842105263157 0.375 0.5053475935828877 0.5531914893617021,699.8318136240208,0.4857142857142857,23178,0 1 0 0 0 94 -30,0.0 0.0 0.0 0.0 0.0 0.05614973262032086 0.2127659574468085,0.7742632836500171,0.24285714285714285,15749,7 1 1 0 0 78 -34,1.0 0.0 0.005847953216374269 0.0 0.0 0.013368983957219251 0.1276595744680851,1000058.7408815778,0.014285714285714285,6050,0 41 50 102 24 447 -3,0.0 0.6153846153846154 0.29239766081871343 0.5368421052631579 1.0 1.0 0.7872340425531915,65110.06748595439,0.8214285714285714,30166,2 66 161 189 23 364 6,0.2857142857142857 1.0 0.9415204678362573 0.9947368421052631 0.9583333333333334 0.7780748663101604 0.9787234042553191,396228.8200401542,0.8071428571428572,33768,7 1 1 0 0 78 -36,1.0 0.0 0.005847953216374269 0.0 0.0 0.013368983957219251 0.0851063829787234,1000058.6983283863,0.014285714285714285,6051,0 43 52 85 17 426 -3,0.0 0.6461538461538462 0.30409356725146197 0.4473684210526316 0.7083333333333334 0.9438502673796791 0.7872340425531915,68184.74777900154,0.7714285714285715,29649,2 65 171 190 24 372 7,0.2857142857142857 0.9846153846153847 1.0 1.0 1.0 0.7994652406417112 1.0,395284.8188282306,0.8,33850,7 1 1 0 0 75 -37,1.0 0.0 0.005847953216374269 0.0 0.0 0.0053475935828877 0.06382978723404255,1000058.5968378867,0.014285714285714285,9043
resolved-p14d-c14d-3600-3rd/nsp-n40-d28-r0.10-rp2-fp2-s5,13 187 1108 1433 51 3605 -58,0.13636363636363635 0.007936507936507936 0.9960474308300395 0.9448818897637795 0.027777777777777776 0.8544187752108544 0.026845637583892617,148073.99216651882,0.019642857142857142,9262,13 187 1109 1435 51 4002 -62,0.13636363636363635 0.007936507936507936 0.997364953886693 0.9468503937007874 0.027777777777777776 1.0 0.0,148090.56486763267,0.019642857142857142,9020,13 187 1109 1442 52 4001 -55,0.13636363636363635 0.007936507936507936 0.997364953886693 0.9537401574803149 0.037037037037037035 0.9996332966629996 0.04697986577181208,148098.42387017052,0.019642857142857142,8863,17 184 902 1445 49 3353 3,0.3181818181818182 0.0 0.7246376811594203 0.9566929133858267 0.009259259259259259 0.762009534286762 0.436241610738255,326393.87016967766,0.019642857142857142,3637,10 361 1080 1005 156 2578 44,0.0 0.46825396825396826 0.9591567852437418 0.5236220472440944 1.0 0.47781444811147783 0.7114093959731543,57046.07627895542,0.12678571428571428,3847,15 184 872 1462 58 3333 31,0.22727272727272727 0.0 0.6851119894598156 0.9734251968503937 0.09259259259259259 0.7546754675467546 0.6241610738255033,235114.70253918436,0.10892857142857143,6815,17 184 877 1444 52 3309 -11,0.3181818181818182 0.0 0.691699604743083 0.9557086614173228 0.037037037037037035 0.7458745874587459 0.3422818791946309,326066.02762212383,0.019642857142857142,3919,10 361 1080 1005 156 2574 45,0.0 0.46825396825396826 0.9591567852437418 0.5236220472440944 1.0 0.47634763476347636 0.7181208053691275,57046.06832223134,0.12678571428571428,3848,15 186 923 1489 49 3424 16,0.22727272727272727 0.005291005291005291 0.7523056653491436 1.0 0.009259259259259259 0.7880454712137881 0.5234899328859061,236334.21432589018,0.026785714285714284,6152,17 184 969 1463 48 3500 5,0.3181818181818182 0.0 0.8129117259552042 0.9744094488188977 0.0 0.815914924825816 0.44966442953020136,327293.9537038669,0.019642857142857142,3215,10 361 1080 1005 156 2574 45,0.0 0.46825396825396826 0.9591567852437418 0.5236220472440944 1.0 0.47634763476347636 0.7181208053691275,57046.06832223134,0.12678571428571428,3848,15 184 872 1461 56 3337 37,0.22727272727272727 0.0 0.6851119894598156 0.9724409448818898 0.07407407407407407 0.7561422808947561 0.6644295302013423,235111.92137195385,0.10178571428571428,6966,32 538 608 1144 140 1837 45,1.0 0.9365079365079365 0.3372859025032938 0.6604330708661418 0.8518518518518519 0.2060872753942061 0.7181208053691275,1097772.0499254372,0.019642857142857142,3095,18 472 412 503 71 1275 37,0.36363636363636365 0.7619047619047619 0.07905138339920949 0.02952755905511811 0.21296296296296297 0.0 0.6644295302013423,440668.84194571356,0.7339285714285714,7613,12 506 352 767 62 1275 78,0.09090909090909091 0.8518518518518519 0.0 0.28937007874015747 0.12962962962962962 0.0 0.9395973154362416,176397.54873329465,0.7482142857142857,6010,31 530 602 1153 132 1806 44,0.9545454545454546 0.9153439153439153 0.32938076416337286 0.6692913385826772 0.7777777777777778 0.19471947194719472 0.7114093959731543,1050123.381441956,0.019642857142857142,3152,18 477 403 473 70 1289 36,0.36363636363636365 0.7751322751322751 0.06719367588932806 0.0 0.2037037037037037 0.005133846718005134 0.6577181208053692,441842.6073354428,0.7339285714285714,7450,11 562 408 740 73 1326 87,0.045454545454545456 1.0 0.07378129117259552 0.26279527559055116 0.23148148148148148 0.0187018701870187 1.0,146479.488808712,0.7553571428571428,6012,16 188 1111 1427 48 3701 -51,0.2727272727272727 0.010582010582010581 1.0 0.9389763779527559 0.0 0.8896222955628896 0.0738255033557047,284733.4202118855,0.019642857142857142,9056
resolved-p14d-c14d-3600-3rd/nsp-n10-d28-r0.10-rp0-fp0-s6,0 1 2 0 0 78 -32,0.0 0.030303030303030304 0.0273972602739726 0.0 0.0 0.0 0.0,3304.2756330427565,0.34285714285714286,12400,0 1 2 0 0 82 -20,0.0 0.030303030303030304 0.0273972602739726 0.0 0.0 0.007054673721340388 0.35294117647058826,3304.6991209564408,0.2714285714285714,12328,0 1 2 0 0 89 -21,0.0 0.030303030303030304 0.0273972602739726 0.0 0.0 0.019400352733686066 0.3235294117647059,3304.7931659818582,0.1,12284,3 0 0 0 0 90 -22,1.0 0.0 0.0 0.0 0.0 0.021164021164021163 0.29411764705882354,1000000.5057578587,0.0,14521,1 33 52 217 6 378 1,0.3333333333333333 1.0 0.7123287671232876 0.44016227180527384 0.1875 0.5291005291005291 0.9705882352941176,440921.79486989777,0.5785714285714286,30369,3 12 48 177 0 299 -23,1.0 0.36363636363636365 0.6575342465753424 0.359026369168357 0.0 0.3897707231040564 0.2647058823529412,1043302.1676116715,0.0,35979,3 0 0 0 0 90 -22,1.0 0.0 0.0 0.0 0.0 0.021164021164021163 0.29411764705882354,1000000.5057578587,0.0,14521,3 12 53 493 2 313 -19,1.0 0.36363636363636365 0.726027397260274 1.0 0.0625 0.4144620811287478 0.38235294117647056,1044634.6873099917,0.0,25964,1 29 60 360 3 319 2,0.3333333333333333 0.8787878787878788 0.821917808219178 0.7302231237322515 0.09375 0.42504409171075835 1.0,430176.14785896236,0.5071428571428571,26669,3 0 0 0 0 90 -22,1.0 0.0 0.0 0.0 0.0 0.021164021164021163 0.29411764705882354,1000000.5057578587,0.0,14521,3 14 43 165 0 279 -28,1.0 0.42424242424242425 0.589041095890411 0.33468559837728196 0.0 0.3544973544973545 0.11764705882352941,1048653.0016021277,0.03571428571428571,35674,3 12 49 445 0 297 -17,1.0 0.36363636363636365 0.6712328767123288 0.9026369168356998 0.0 0.3862433862433862 0.4411764705882353,1043982.9056579283,0.007142857142857143,32980,0 4 73 74 32 645 -1,0.0 0.12121212121212122 1.0 0.15010141987829614 1.0 1.0 0.9117647058823529,22382.2253057963,0.29285714285714287,27508,0 1 2 0 0 105 -12,0.0 0.030303030303030304 0.0273972602739726 0.0 0.0 0.047619047619047616 0.5882352941176471,3305.3400588130644,0.6142857142857143,13767,0 1 2 0 0 114 -23,0.0 0.030303030303030304 0.0273972602739726 0.0 0.0 0.06349206349206349 0.2647058823529412,3305.17525956003,0.37142857142857144,12285,0 4 73 71 31 631 -1,0.0 0.12121212121212122 1.0 0.1440162271805274 0.96875 0.9753086419753086 0.9117647058823529,22372.768199518283,0.29285714285714287,27541,0 1 2 0 0 105 -12,0.0 0.030303030303030304 0.0273972602739726 0.0 0.0 0.047619047619047616 0.5882352941176471,3305.3400588130644,0.6214285714285714,13766,0 1 2 0 0 108 -19,0.0 0.030303030303030304 0.0273972602739726 0.0 0.0 0.05291005291005291 0.38235294117647056,3305.1870865130336,0.37142857142857144,12286,3 9 52 169 1 344 -20,1.0 0.2727272727272727 0.7123287671232876 0.34279918864097364 0.03125 0.4691358024691358 0.35294117647058826,1034746.9834318024,0.0,39750
resolved-p14d-c14d-3600-3rd/nsp-n10-d28-r0.10-rp0-fp0-s4,1 4 0 0 0 85 -40,1.0 0.12 0.0 0.0 0.0 0.0 0.0,1012000.0,0.24285714285714285,9798,1 4 0 0 0 87 -35,1.0 0.12 0.0 0.0 0.0 0.004149377593360996 0.14285714285714285,1012000.1843509187,0.2357142857142857,9770,1 4 0 0 0 85 -36,1.0 0.12 0.0 0.0 0.0 0.0 0.11428571428571428,1012000.1142857143,0.21428571428571427,9807,1 4 3 0 0 99 -29,1.0 0.12 0.05 0.0 0.0 0.029045643153526972 0.3142857142857143,1012500.6047421459,0.02857142857142857,2275,0 1 0 0 0 114 -28,0.0 0.0 0.0 0.0 0.0 0.06016597510373444 0.34285714285714286,0.9445168938944872,0.4,7278,0 1 0 0 0 107 -28,0.0 0.0 0.0 0.0 0.0 0.04564315352697095 0.34285714285714286,0.7992886781268524,0.12857142857142856,9403,1 4 3 0 0 99 -29,1.0 0.12 0.05 0.0 0.0 0.029045643153526972 0.3142857142857143,1012500.6047421459,0.02857142857142857,2275,0 1 0 0 0 119 -35,0.0 0.0 0.0 0.0 0.0 0.07053941908713693 0.14285714285714285,0.848251333728512,0.45714285714285713,7277,0 1 0 0 0 107 -28,0.0 0.0 0.0 0.0 0.0 0.04564315352697095 0.34285714285714286,0.7992886781268524,0.12857142857142856,9403,1 4 3 0 0 99 -29,1.0 0.12 0.05 0.0 0.0 0.029045643153526972 0.3142857142857143,1012500.6047421459,0.02857142857142857,2275,0 1 0 0 0 114 -28,0.0 0.0 0.0 0.0 0.0 0.06016597510373444 0.34285714285714286,0.9445168938944872,0.4,7278,0 1 0 0 0 106 -28,0.0 0.0 0.0 0.0 0.0 0.043568464730290454 0.34285714285714286,0.7785417901600474,0.12857142857142856,9405,1 4 3 0 0 97 -26,1.0 0.12 0.05 0.0 0.0 0.024896265560165973 0.4,1012500.6489626556,0.02857142857142857,4936,1 26 60 168 52 487 -5,1.0 1.0 1.0 1.0 1.0 0.8340248962655602 1.0,1111109.3402489626,0.7142857142857143,25388,0 1 26 54 11 364 -9,0.0 0.0 0.43333333333333335 0.32142857142857145 0.21153846153846154 0.578838174273859 0.8857142857142857,4682.589846944203,0.44285714285714284,23258,1 4 3 0 0 97 -29,1.0 0.12 0.05 0.0 0.0 0.024896265560165973 0.3142857142857143,1012500.5632483698,0.02857142857142857,4938,0 18 56 109 47 567 -5,0.0 0.68 0.9333333333333333 0.6488095238095238 0.9038461538461539 1.0 1.0,78083.52747252746,0.6928571428571428,26491,0 1 30 67 17 446 -8,0.0 0.0 0.5 0.39880952380952384 0.3269230769230769 0.7489626556016598 0.9142857142857143,5439.905743772134,0.5,22186,1 4 3 0 0 98 -29,1.0 0.12 0.05 0.0 0.0 0.026970954356846474 0.3142857142857143,1012500.5839952579,0.02857142857142857,13612
resolved-p14d-c14d-3600-3rd/nsp-n40-d28-r0.10-rp2-fp2-s0,14 14 476 1116 11 2089 -28,0.875 0.4666666666666667 0.11464968152866242 0.13812901046943601 0.07092198581560284 0.17598343685300208 0.4372623574144487,922960.5817877301,0.014285714285714285,9541,14 14 476 1115 11 2034 -32,0.875 0.4666666666666667 0.11464968152866242 0.13796014859844646 0.07092198581560284 0.15971606033717836 0.4220532319391635,922960.2350429685,0.014285714285714285,9624,14 14 470 1115 11 2016 -37,0.875 0.4666666666666667 0.10828025477707007 0.13796014859844646 0.07092198581560284 0.1543921916592724 0.40304182509505704,922896.4685253589,0.014285714285714285,9705,14 3 559 638 7 1874 -56,0.875 0.1 0.20276008492569003 0.057413036136440394 0.0425531914893617 0.11239278320023662 0.33079847908745247,887090.7239308532,0.014285714285714285,4581,16 12 1038 4335 1 3093 -139,1.0 0.4 0.7112526539278131 0.6816953731847348 0.0 0.47293700088731144 0.015209125475285171,1047798.9664915972,0.014285714285714285,8091,16 12 1038 4335 1 3093 -139,1.0 0.4 0.7112526539278131 0.6816953731847348 0.0 0.47293700088731144 0.015209125475285171,1047798.9664915972,0.014285714285714285,8091,14 3 548 549 6 1836 -71,0.875 0.1 0.1910828025477707 0.04238432961837217 0.03546099290780142 0.10115350488021295 0.2737642585551331,886958.0437536944,0.014285714285714285,5075,16 12 1039 4335 1 3103 -142,1.0 0.4 0.7123142250530785 0.6816953731847348 0.0 0.4758947057083703 0.0038022813688212928,1047809.6003730539,0.014285714285714285,8008,16 12 1042 4351 2 3096 -142,1.0 0.4 0.7154989384288747 0.6843971631205674 0.0070921985815602835 0.4738243123336291 0.0038022813688212928,1047844.8378126721,0.014285714285714285,7846,14 3 510 301 5 1738 -65,0.875 0.1 0.15074309978768577 0.0005065856129685917 0.028368794326241134 0.07216799763383615 0.2965779467680608,886511.7927208456,0.014285714285714285,5564,15 12 942 3633 4 2999 -114,0.9375 0.4 0.6093418259023354 0.5631543397500844 0.02127659574468085 0.4451345755693582 0.11026615969581749,984163.2618702633,0.01607142857142857,8831,16 12 1038 4335 1 3098 -143,1.0 0.4 0.7112526539278131 0.6816953731847348 0.0 0.47441585329784086 0.0,1047798.9660709958,0.014285714285714285,8089,14 30 368 299 11 1494 -21,0.875 1.0 0.0 0.00016886187098953058 0.07092198581560284 0.0 0.46387832699619774,975007.7249387796,0.014285714285714285,4057,0 0 1086 3025 36 4108 120,0.0 0.0 0.7622080679405521 0.46048632218844987 0.24822695035460993 0.7731440402247856 1.0,8116.12113703168,0.6428571428571429,2856,0 0 1310 6220 6 4875 66,0.0 0.0 1.0 1.0 0.03546099290780142 1.0 0.7946768060836502,11014.340776096862,0.6446428571428572,2854,14 29 372 298 10 1494 -25,0.875 0.9666666666666667 0.004246284501061571 0.0 0.06382978723404255 0.0 0.44866920152091255,971715.9611596022,0.014285714285714285,4099,0 0 953 1537 38 3562 105,0.0 0.0 0.6210191082802548 0.20921985815602837 0.2624113475177305 0.6116533569949719 0.9429657794676806,6452.711575059767,0.6410714285714286,3619,0 0 1196 3250 142 3791 69,0.0 0.0 0.8789808917197452 0.49848024316109424 1.0 0.6793847973972198 0.8060836501901141,9395.889091982706,0.6464285714285715,3493,14 10 485 742 8 2063 -30,0.875 0.3333333333333333 0.12420382165605096 0.07497467071935157 0.04964539007092199 0.16829340431824905 0.4296577946768061,909657.4233514582,0.014285714285714285,10407
resolved-p14d-c14d-3600-3rd/nsp-n40-d28-r0.10-rp2-fp2-s9,11 13 984 912 23 3495 -27,0.6666666666666666 0.020460358056265986 0.21736011477761835 0.0382919763194357 0.6153846153846154 0.2843886462882096 0.12422360248447205,670989.1021679927,0.010714285714285714,8637,11 13 983 908 23 3869 -16,0.6666666666666666 0.020460358056265986 0.21664275466284075 0.03778813452575891 0.6153846153846154 0.3864628820960699 0.19254658385093168,670982.5137903907,0.010714285714285714,8831,11 13 983 908 23 3870 -21,0.6666666666666666 0.020460358056265986 0.21664275466284075 0.03778813452575891 0.6153846153846154 0.386735807860262 0.16149068322981366,670982.4854637478,0.010714285714285714,8809,11 6 766 608 11 3066 13,0.6666666666666666 0.0025575447570332483 0.06097560975609756 0.0 0.15384615384615385 0.16730349344978165 0.37267080745341613,667549.6075610574,0.010714285714285714,6791,9 384 698 739 33 2453 38,0.5 0.969309462915601 0.012195121951219513 0.016500818742914723 1.0 0.0 0.5279503105590062,597169.9262801257,0.1875,2194,11 269 696 942 29 2647 26,0.6666666666666666 0.6751918158567775 0.010760401721664276 0.04207078977201159 0.8461538461538461 0.05294759825327511 0.453416149068323,734421.1213360799,0.16071428571428573,1997,12 6 773 651 7 3085 11,0.75 0.0025575447570332483 0.06599713055954089 0.005416299282025444 0.0 0.17248908296943233 0.36024844720496896,750923.2272198575,0.010714285714285714,6446,9 384 698 739 33 2453 38,0.5 0.969309462915601 0.012195121951219513 0.016500818742914723 1.0 0.0 0.5279503105590062,597169.9262801257,0.1875,2194,10 396 681 745 33 2477 48,0.5833333333333334 1.0 0.0 0.017256581433429903 1.0 0.006550218340611353 0.5900621118012422,683451.2454790621,0.2732142857142857,2016,13 5 808 680 7 3119 -8,0.8333333333333334 0.0 0.09110473457675754 0.00906915228618214 0.0 0.18176855895196506 0.2422360248447205,834255.5097530015,0.010714285714285714,6111,9 384 698 739 33 2453 38,0.5 0.969309462915601 0.012195121951219513 0.016500818742914723 1.0 0.0 0.5279503105590062,597169.9262801257,0.18571428571428572,2195,10 396 681 745 33 2477 48,0.5833333333333334 1.0 0.0 0.017256581433429903 1.0 0.006550218340611353 0.5900621118012422,683451.2454790621,0.2732142857142857,2016,15 50 2075 8547 7 6117 41,1.0 0.11508951406649616 1.0 1.0 0.0 1.0 0.546583850931677,1022519.4979905006,0.5928571428571429,5775,5 19 1381 4337 24 5135 68,0.16666666666666666 0.03580562659846547 0.5021520803443329 0.4697065121551833 0.6538461538461539 0.7319868995633187 0.7142857142857143,175811.87541220628,0.65,7206,3 14 1210 3287 25 4717 114,0.0 0.023017902813299233 0.3794835007173601 0.3374480413150271 0.6923076923076923 0.6179039301310044 1.0,6510.483138350631,0.6285714285714286,6284,13 57 2061 7638 10 6088 81,0.8333333333333334 0.1329923273657289 0.9899569583931134 0.8855019523869505 0.11538461538461539 0.9920851528384279 0.7950310559006211,857439.8919503471,0.5928571428571429,5848,5 19 1350 4350 25 5053 65,0.16666666666666666 0.03580562659846547 0.4799139167862267 0.47134399798463283 0.6923076923076923 0.7096069868995634 0.6956521739130435,175594.73498363383,0.65,7507,4 14 1236 3348 17 4778 106,0.08333333333333333 0.023017902813299233 0.3981348637015782 0.34513162866859803 0.38461538461538464 0.6345524017467249 0.9503105590062112,90007.36125338565,0.6285714285714286,5981,12 10 697 797 13 3194 -47,0.75 0.01278772378516624 0.011477761836441894 0.023806524751228113 0.23076923076923078 0.20223799126637554 0.0,751442.4558246218,0.010714285714285714,9746
resolved-p14d-c14d-3600-3rd/nsp-n20-d28-r0.10-rp2-fp2-s4,6 4 6 18 0 130 -50,1.0 0.017341040462427744 0.00992063492063492 0.007106198183971575 0.0 0.02400893355667225 0.024793388429752067,1001840.6814763572,0.02142857142857143,15514,6 4 5 13 0 165 -44,1.0 0.017341040462427744 0.007936507936507936 0.005132254243979471 0.0 0.04355108877721943 0.0743801652892562,1001819.1112709049,0.02142857142857143,16047,6 4 5 19 0 141 -44,1.0 0.017341040462427744 0.007936507936507936 0.007500986971969996 0.0 0.03015075376884422 0.0743801652892562,1001821.3460002829,0.02142857142857143,15662,6 4 61 17 1 304 -53,1.0 0.017341040462427744 0.11904761904761904 0.006711409395973154 0.018867924528301886 0.12116136236739251 0.0,1002934.3900521914,0.02142857142857143,16382,0 157 278 327 45 850 24,0.0 0.9017341040462428 0.5496031746031746 0.1290959336754836 0.8490566037735849 0.4260189838079285 0.6363636363636364,95888.34029818332,0.675,5225,0 174 304 238 41 709 11,0.0 1.0 0.6011904761904762 0.09395973154362416 0.7735849056603774 0.3472920156337242 0.5289256198347108,106187.22482979059,0.2714285714285714,5271,6 4 104 44 3 430 -37,1.0 0.017341040462427744 0.20436507936507936 0.017370706671930518 0.05660377358490566 0.19151312116136238 0.1322314049586777,1003802.8332865406,0.02142857142857143,11246,0 151 266 325 52 828 30,0.0 0.8670520231213873 0.5257936507936508 0.12830635609948676 0.9811320754716981 0.4137353433835846 0.6859504132231405,92194.38168756897,0.6785714285714286,7485,0 173 275 319 40 724 18,0.0 0.9942196531791907 0.5436507936507936 0.12593762337149625 0.7547169811320755 0.3556672250139587 0.5867768595041323,105064.02602502135,0.45,5357,6 4 60 11 0 289 -43,1.0 0.017341040462427744 0.11706349206349206 0.0043426766679826295 0.0 0.11278615298715801 0.08264462809917356,1002910.2921497036,0.02142857142857143,17036,0 151 262 325 53 782 12,0.0 0.8670520231213873 0.5178571428571429 0.12830635609948676 1.0 0.3880513679508654 0.5371900826446281,92116.49780057181,0.6821428571428572,7759,0 156 323 345 44 694 8,0.0 0.8959537572254336 0.6388888888888888 0.13620213185945518 0.8301886792452831 0.3389168062534897 0.5041322314049587,96207.37891151017,0.525,6256,4 8 481 2513 4 1878 18,0.6666666666666666 0.04046242774566474 0.9523809523809523 0.9921042242400315 0.07547169811320754 1.0 0.5867768595041323,681246.9571359535,0.6035714285714285,14175,0 1 379 460 35 1347 50,0.0 0.0 0.75 0.18160284247927358 0.660377358490566 0.7035175879396985 0.8512396694214877,7755.526993877149,0.7392857142857143,14924,4 1 505 841 43 1591 51,0.6666666666666666 0.0 1.0 0.3320173707066719 0.8113207547169812 0.8397543271915131 0.859504132231405,677089.073160249,0.5964285714285714,11330,4 12 481 2533 4 1864 24,0.6666666666666666 0.06358381502890173 0.9523809523809523 1.0 0.07547169811320754 0.9921831379117811 0.6363636363636364,683566.963058193,0.5821428571428572,14813,0 1 375 463 31 1350 50,0.0 0.0 0.7420634920634921 0.18278720884326885 0.5849056603773585 0.7051926298157454 0.8512396694214877,7669.815861483504,0.7392857142857143,15273,1 5 479 840 26 1437 68,0.16666666666666666 0.023121387283236993 0.9484126984126984 0.3316225819186735 0.49056603773584906 0.7537688442211056 1.0,178852.14925325182,0.5857142857142857,14437,6 4 1 0 0 87 -53,1.0 0.017341040462427744 0.0 0.0 0.0 0.0 0.0,1001734.1040462428,0.02142857142857143,15843
resolved-p14d-c14d-3600-3rd/nsp-n30-d28-r0.10-rp2-fp2-s3,1 69 579 1518 60 2357 -39,0.0625 0.16136919315403422 0.0 0.36359530261969286 0.2694300518134715 0.5235478806907379 0.022857142857142857,79032.71595915423,0.1,8402,9 102 580 955 66 2287 53,0.5625 0.24205378973105135 0.0017574692442882249 0.1093044263775971 0.3005181347150259 0.4686028257456829 0.5485714285714286,586867.5445050831,0.016666666666666666,10715,9 103 582 958 67 2305 53,0.5625 0.24449877750611246 0.005272407732864675 0.11065943992773261 0.30569948186528495 0.4827315541601256 0.5485714285714286,587149.2071030244,0.016666666666666666,10479,16 97 818 2102 56 2819 -41,1.0 0.22982885085574573 0.4200351493848858 0.6273712737127372 0.24870466321243523 0.8861852433281004 0.011428571428571429,1027844.3516004621,0.016666666666666666,9181,5 412 1119 1590 201 2028 27,0.3125 1.0 0.9490333919156415 0.3961156278229449 1.0 0.2653061224489796 0.4,422489.50260820385,0.2261904761904762,4591,1 380 1137 1365 189 2061 38,0.0625 0.921760391198044 0.9806678383128296 0.2944896115627823 0.9378238341968912 0.29120879120879123 0.46285714285714286,164874.3644429701,0.2261904761904762,3530,16 97 819 2023 55 2851 -35,1.0 0.22982885085574573 0.421792618629174 0.5916892502258356 0.24352331606217617 0.9113029827315542 0.045714285714285714,1027826.0115978114,0.016666666666666666,8476,6 378 1008 1313 146 1690 30,0.375 0.9168704156479217 0.7539543057996485 0.27100271002710025 0.7150259067357513 0.0 0.41714285714285715,474569.5070663465,0.36904761904761907,4542,1 380 1137 1366 189 2062 38,0.0625 0.921760391198044 0.9806678383128296 0.29494128274616077 0.9378238341968912 0.29199372056514916 0.46285714285714286,164874.82396344704,0.2261904761904762,3529,16 97 818 2165 56 2824 -43,1.0 0.22982885085574573 0.4200351493848858 0.6558265582655827 0.24870466321243523 0.8901098901098901 0.0,1027872.8347029113,0.016666666666666666,8913,6 378 1046 1319 160 1989 52,0.375 0.9168704156479217 0.820738137082601 0.27371273712737126 0.7875647668393783 0.23469387755102042 0.5428571428571428,475249.78194534784,0.4666666666666667,4540,0 403 1148 1661 164 2103 27,0.0 0.9779951100244498 1.0 0.4281842818428184 0.8082901554404145 0.3241758241758242 0.4,108312.16605807359,0.2904761904761905,3616,10 33 804 2299 23 2740 126,0.625 0.07334963325183375 0.3954305799648506 0.7163504968383018 0.07772020725388601 0.8241758241758241 0.9657142857142857,637022.5991149232,0.6785714285714286,9384,4 3 690 1668 22 2525 108,0.25 0.0 0.19507908611599298 0.4313459801264679 0.07253886010362694 0.6554160125588697 0.8628571428571429,252396.80774456522,0.7238095238095238,8707,5 7 825 2881 8 2865 109,0.3125 0.009779951100244499 0.43233743409490333 0.979223125564589 0.0 0.9222919937205651 0.8685714285714285,318790.6840679039,0.7285714285714285,7096,10 33 804 2297 23 2750 125,0.625 0.07334963325183375 0.3954305799648506 0.7154471544715447 0.07772020725388601 0.8320251177394035 0.96,637021.7685512062,0.6785714285714286,9415,4 4 729 1639 18 2578 124,0.25 0.0024449877750611247 0.26362038664323373 0.4182475158084914 0.05181347150259067 0.6970172684458399 0.9542857142857143,253312.05596529596,0.7238095238095238,8287,5 9 861 2927 9 2964 132,0.3125 0.014669926650366748 0.4956063268892794 1.0 0.0051813471502590676 1.0 1.0,319934.57406864455,0.7285714285714285,6596,10 97 593 713 62 2227 11,0.625 0.22982885085574573 0.02460456942003515 0.0 0.27979274611398963 0.4215070643642072 0.30857142857142855,648261.4336964586,0.016666666666666666,10948
resolved-p14d-c14d-3600-3rd/nsp-n40-d28-r0.10-rp2-fp2-s2,14 92 1482 717 152 4195 17,0.46153846153846156 0.011142061281337047 0.0008539709649871904 0.0036529680365296802 0.0821917808219178 0.863098301595471 0.5109489051094891,462682.22145428485,0.008928571428571428,8016,14 92 1481 713 152 4186 22,0.46153846153846156 0.011142061281337047 0.0 0.0 0.0821917808219178 0.8584662892434379 0.5474452554744526,462670.01895282534,0.008928571428571428,8191,14 92 1485 903 152 4216 25,0.46153846153846156 0.011142061281337047 0.0034158838599487617 0.1735159817351598 0.0821917808219178 0.8739063304168811 0.5693430656934306,462877.8700713819,0.008928571428571428,7844,14 88 1519 1247 157 3985 -53,0.46153846153846156 0.0 0.032450896669513236 0.4876712328767123 0.1050228310502283 0.755018013381369 0.0,462368.6942012723,0.008928571428571428,2915,8 447 2645 1449 321 3304 8,0.0 1.0 0.9940222032450897 0.6721461187214612 0.8538812785388128 0.40452907874420996 0.44525547445255476,110702.24682528812,0.30178571428571427,3220,9 338 2596 1603 353 3846 34,0.07692307692307693 0.6963788300835655 0.9521776259607173 0.8127853881278538 1.0 0.6834791559444159 0.635036496350365,157002.9914072243,0.2714285714285714,3281,13 94 1495 849 174 3814 -21,0.38461538461538464 0.016713091922005572 0.011955593509820665 0.12420091324200913 0.182648401826484 0.6670097786927431 0.23357664233576642,386555.61917053733,0.008928571428571428,2951,8 447 2649 1442 314 3241 7,0.0 1.0 0.9974380871050385 0.6657534246575343 0.821917808219178 0.3721049922799794 0.43795620437956206,110726.485082657,0.29285714285714287,3218,9 338 2596 1603 353 3846 34,0.07692307692307693 0.6963788300835655 0.9521776259607173 0.8127853881278538 1.0 0.6834791559444159 0.635036496350365,157002.9914072243,0.2714285714285714,3281,13 94 1494 842 174 3830 -7,0.38461538461538464 0.016713091922005572 0.011101622544833475 0.1178082191780822 0.182648401826484 0.6752444673185796 0.3357664233576642,386540.8713034908,0.008928571428571428,2981,8 447 2652 1402 299 3263 15,0.0 1.0 1.0 0.6292237442922375 0.7534246575342466 0.3834276891405044 0.49635036496350365,110708.89683730202,0.2,3216,9 338 2593 1608 353 3835 33,0.07692307692307693 0.6963788300835655 0.9496157130657558 0.817351598173516 1.0 0.6778178075141533 0.6277372262773723,156981.874575566,0.2714285714285714,3282,21 309 2380 1808 310 3488 15,1.0 0.6155988857938719 0.7677198975234842 1.0 0.8036529680365296 0.49922799794132783 0.49635036496350365,1070322.94148177,0.008928571428571428,2375,17 328 2093 1014 134 3200 68,0.6923076923076923 0.6685236768802229 0.5226302305721605 0.27488584474885847 0.0 0.3510036026762738 0.8832116788321168,764665.6413938905,0.8071428571428572,3605,12 433 2077 1345 138 2539 43,0.3076923076923077 0.9610027855153204 0.5089666951323655 0.5771689497716895 0.0182648401826484 0.01080802882141019 0.7007299270072993,409462.05743916845,0.8142857142857143,2808,21 303 2414 1738 318 3498 14,1.0 0.5988857938718662 0.7967549103330487 0.9360730593607306 0.8401826484018264 0.5043746783324755 0.48905109489051096,1068881.7526125964,0.008928571428571428,2469,12 400 2159 1128 191 2935 84,0.3076923076923077 0.8690807799442897 0.5789923142613151 0.3789954337899543 0.2602739726027397 0.21461657231085948 1.0,400798.4778261232,0.8071428571428572,4806,11 437 1990 1367 141 2518 50,0.23076923076923078 0.9721448467966574 0.43467122117847995 0.5972602739726027 0.0319634703196347 0.0 0.7518248175182481,332931.63610650337,0.8142857142857143,3282,14 90 1596 1586 159 4461 -31,0.46153846153846156 0.005571030640668524 0.0982066609735269 0.7972602739726027 0.1141552511415525 1.0 0.16058394160583941,463896.467595292,0.008928571428571428,9521
resolved-p14d-c14d-3600-3rd/nsp-n30-d28-r0.10-rp2-fp2-s7,0 0 0 0 0 103 -124,0.0 0.0 0.0 0.0 0.0 0.0 0.0,0.0,0.20476190476190476,225,0 0 0 0 0 111 -107,0.0 0.0 0.0 0.0 0.0 0.028169014084507043 0.21794871794871795,0.4996388587937884,0.14761904761904762,155,0 0 0 0 0 122 -76,0.0 0.0 0.0 0.0 0.0 0.06690140845070422 0.6153846153846154,1.2843986998916577,0.08333333333333333,121,0 0 0 0 0 136 -90,0.0 0.0 0.0 0.0 0.0 0.11619718309859155 0.4358974358974359,1.5978692668833514,0.05714285714285714,157,0 0 0 0 0 176 -57,0.0 0.0 0.0 0.0 0.0 0.25704225352112675 0.8589743589743589,3.4293968941856265,0.24523809523809523,18,0 0 0 0 0 132 -84,0.0 0.0 0.0 0.0 0.0 0.10211267605633803 0.5128205128205128,1.533947273383893,0.05714285714285714,141,0 0 0 0 0 127 -73,0.0 0.0 0.0 0.0 0.0 0.08450704225352113 0.6538461538461539,1.4989165763813652,0.05714285714285714,185,0 0 0 0 0 146 -63,0.0 0.0 0.0 0.0 0.0 0.15140845070422534 0.782051282051282,2.2961357890935354,0.35,19,0 0 0 0 0 131 -83,0.0 0.0 0.0 0.0 0.0 0.09859154929577464 0.5256410256410257,1.511556518598772,0.05714285714285714,88,0 0 0 0 0 137 -67,0.0 0.0 0.0 0.0 0.0 0.11971830985915492 0.7307692307692307,1.9279523293607799,0.05714285714285714,88,0 0 0 0 0 160 -56,0.0 0.0 0.0 0.0 0.0 0.2007042253521127 0.8717948717948718,2.878837125315999,0.40714285714285714,17,0 0 0 0 0 138 -69,0.0 0.0 0.0 0.0 0.0 0.12323943661971831 0.7051282051282052,1.9375225713253883,0.05714285714285714,74,0 0 0 0 0 387 -46,0.0 0.0 0.0 0.0 0.0 1.0 1.0,11.0,0.19523809523809524,170,0 0 0 0 0 150 -65,0.0 0.0 0.0 0.0 0.0 0.16549295774647887 0.7564102564102564,2.4113398338750454,0.6285714285714286,82,0 0 0 0 0 144 -88,0.0 0.0 0.0 0.0 0.0 0.1443661971830986 0.46153846153846156,1.9052004333694477,0.05714285714285714,377,0 0 0 0 0 387 -46,0.0 0.0 0.0 0.0 0.0 1.0 1.0,11.0,0.19523809523809524,170,0 0 0 0 0 150 -65,0.0 0.0 0.0 0.0 0.0 0.16549295774647887 0.7564102564102564,2.4113398338750454,0.6285714285714286,82,0 0 0 0 0 143 -88,0.0 0.0 0.0 0.0 0.0 0.14084507042253522 0.46153846153846156,1.8699891657638137,0.05714285714285714,383,0 0 0 0 0 146 -76,0.0 0.0 0.0 0.0 0.0 0.15140845070422534 0.6153846153846154,2.129469122426869,0.06428571428571428,46
resolved-p14d-c14d-3600-3rd/nsp-n40-d28-r0.10-rp2-fp2-s6,8 13 528 656 3 1998 -95,0.5 0.01832460732984293 0.02167630057803468 0.05343634315145662 0.01694915254237288 0.07690493040811512 0.0,502105.1240464744,0.0125,9822,8 13 569 801 2 2135 -56,0.5 0.01832460732984293 0.05130057803468208 0.07677450507001449 0.0 0.10922387355508374 0.19796954314720813,502423.5312266798,0.0125,8768,8 13 556 790 2 2123 -67,0.5 0.01832460732984293 0.04190751445086705 0.07500402382102044 0.0 0.1063930172210427 0.14213197969543148,502327.7459634659,0.0125,8933,8 6 501 327 16 1991 -6,0.5 0.0 0.002167630057803468 0.0004828585224529213 0.23728813559322035 0.07525359754659118 0.4517766497461929,500047.09228528506,0.0125,8671,11 90 711 1473 7 2421 -52,0.875 0.2198952879581152 0.15390173410404626 0.18493481409946885 0.0847457627118644 0.17669261618306203 0.2182741116751269,898723.9407274959,0.0625,2423,11 84 729 1599 6 2279 -44,0.875 0.20418848167539266 0.16690751445086704 0.20521487204249156 0.06779661016949153 0.14319414956357632 0.25888324873096447,897301.6086698518,0.08214285714285714,845,8 6 544 350 15 2130 8,0.5 0.0 0.033236994219653176 0.004184773861258651 0.22033898305084745 0.10804435008256665 0.5228426395939086,500360.1919005033,0.0125,7754,8 234 676 691 14 2016 24,0.5 0.5968586387434555 0.12861271676300579 0.05906969258007404 0.2033898305084746 0.08115121490917669 0.6040609137055838,561052.8152906692,0.2357142857142857,2475,5 183 806 398 38 1808 -34,0.125 0.46335078534031415 0.22254335260115607 0.011910510220505393 0.6101694915254238 0.032083038452465205 0.3096446700507614,173634.0699944706,0.05714285714285714,941,8 6 498 324 16 1994 -12,0.5 0.0 0.0 0.0 0.23728813559322035 0.07596131163010143 0.4213197969543147,500024.9097464726,0.0125,8817,4 388 771 724 61 1672 -11,0.0 1.0 0.1972543352601156 0.06438113632705618 1.0 0.0 0.4263959390862944,102137.3508848673,0.22678571428571428,2497,6 113 901 612 32 2276 -5,0.25 0.2801047120418848 0.2911849710982659 0.04635441815548044 0.5084745762711864 0.14248643548006606 0.45685279187817257,281021.4045081004,0.225,893,7 27 1785 6098 14 5890 65,0.375 0.0549738219895288 0.9299132947976878 0.9293417028810559 0.2033898305084746 0.9950460014154282 0.8121827411167513,390756.95847561694,0.6196428571428572,5911,7 63 1298 3445 28 4295 90,0.375 0.14921465968586387 0.5780346820809249 0.5023338161918558 0.4406779661016949 0.6187780136824723 0.9390862944162437,396255.34126862895,0.7035714285714286,7058,4 24 1313 2414 43 4633 69,0.0 0.04712041884816754 0.5888728323699421 0.3363914373088685 0.6949152542372882 0.6985138004246284 0.8324873096446701,11014.470796562664,0.6678571428571428,6375,8 26 1882 6537 9 5911 55,0.5 0.05235602094240838 1.0 1.0 0.11864406779661017 1.0 0.7614213197969543,516258.2279223403,0.6196428571428572,5323,7 63 1294 3251 23 4316 102,0.375 0.14921465968586387 0.5751445086705202 0.4711089650732335 0.3559322033898305 0.6237320122670441 1.0,396186.8505608265,0.7035714285714286,7175,4 24 1289 2161 45 4573 68,0.0 0.04712041884816754 0.5715317919075145 0.29567036858200546 0.7288135593220338 0.6843595187544232 0.8274111675126904,10803.58253476116,0.6678571428571428,6772,12 11 703 1770 3 2353 -76,1.0 0.013089005235602094 0.14812138728323698 0.23273780782230807 0.01694915254237288 0.16065109695682944 0.09644670050761421,1003026.2500771392,0.0125,11916
resolved-p14d-c14d-3600-3rd/nsp-n50-d28-r0.10-rp2-fp2-s5,30 80 1653 315 41 2888 -37,0.8823529411764706 0.15625 0.3141778523489933 0.0 0.3958333333333333 0.12771444082519 0.0136986301369863,901160.5938763323,0.018571428571428572,7414,30 80 1646 322 44 2898 -31,0.8823529411764706 0.15625 0.311241610738255 0.0006995103427600679 0.4270833333333333 0.12907166123778502 0.0410958904109589,901135.0969400321,0.018571428571428572,7762,30 80 1646 322 44 2881 -30,0.8823529411764706 0.15625 0.311241610738255 0.0006995103427600679 0.4270833333333333 0.1267643865363735 0.045662100456621,901135.078433495,0.018571428571428572,7780,23 98 904 325 31 2594 -33,0.6764705882352942 0.19140625 0.0 0.00099930048965724 0.2916666666666667 0.08781216069489685 0.0319634703196347,695642.2892875278,0.018571428571428572,4787,33 332 1276 567 32 1947 -40,0.9705882352941176 0.6484375 0.15604026845637584 0.025182372339362446 0.3020833333333333 0.0 0.0,1037047.7786843542,0.07285714285714286,517,29 512 1271 972 42 2229 -13,0.8529411764705882 1.0 0.15394295302013422 0.06565404217048067 0.40625 0.038273615635179156 0.1232876712328767,954587.3910667876,0.20857142857142857,540,25 112 1618 555 99 2754 -36,0.7352941176470589 0.21875 0.29949664429530204 0.02398321175177376 1.0 0.10952768729641693 0.0182648401826484,760289.1808434769,0.018571428571428572,4909,30 236 2033 524 20 2998 -11,0.8823529411764706 0.4609375 0.4735738255033557 0.020885380233836313 0.17708333333333334 0.14264386536373508 0.1324200913242009,933222.5820038163,0.08285714285714285,248,34 402 1170 685 36 2129 -40,1.0 0.78515625 0.1115771812080537 0.03697411811731788 0.34375 0.0247014115092291 0.0,1079702.992944313,0.1442857142857143,248,25 127 1244 399 34 2464 -40,0.7352941176470589 0.248046875 0.14261744966442952 0.008394124113120816 0.3229166666666667 0.07016829533116178 0.0,761566.3671174363,0.018571428571428572,4742,32 320 1489 542 32 2415 -40,0.9411764705882353 0.625 0.24538590604026847 0.022684121115219346 0.3020833333333333 0.06351791530944625 0.0,1006183.8572822397,0.09,609,34 356 2193 690 18 2926 -26,1.0 0.6953125 0.5406879194630873 0.0374737683621465 0.15625 0.13287187839305103 0.0639269406392694,1074992.6206087174,0.12571428571428572,311,25 81 1175 728 15 3855 55,0.7352941176470589 0.158203125 0.1136744966442953 0.04127111022284401 0.125 0.25895765472312704 0.4337899543378995,752307.9695902262,0.018571428571428572,3348,0 0 1983 2704 78 6815 179,0.0 0.0 0.4526006711409396 0.23873288697911463 0.78125 0.6606948968512486 1.0,4850.471547357023,0.6442857142857142,2241,0 0 3288 10322 3 9315 2,0.0 0.0 1.0 1.0 0.0 1.0 0.1917808219178082,11010.191780821919,0.6357142857142857,2293,25 81 1174 729 15 3854 52,0.7352941176470589 0.158203125 0.11325503355704698 0.04137104027180973 0.125 0.25882193268186754 0.4200913242009132,752303.8598335523,0.018571428571428572,3365,0 0 2267 4709 25 7674 165,0.0 0.0 0.5717281879194631 0.4390926351553912 0.22916666666666666 0.7772801302931596 0.9360730593607306,6188.000055378981,0.6514285714285715,1282,0 0 3288 10229 3 9313 -2,0.0 0.0 1.0 0.9907065054461877 0.0 0.999728555917481 0.1735159817351598,11000.877306987097,0.6357142857142857,2310,21 122 1593 368 38 3039 -35,0.6176470588235294 0.23828125 0.28901006711409394 0.0052962925951833715 0.3645833333333333 0.1482084690553746 0.0228310502283105,644408.5440363397,0.018571428571428572,7814
resolved-p14d-c14d-3600-3rd/nsp-n20-d28-r0.10-rp2-fp2-s2,7 3 150 93 4 617 -17,1.0 0.017142857142857144 0.3185840707964602 0.1894093686354379 0.045454545454545456 0.6269005847953216 0.34146341463414637,1005100.6917146937,0.010714285714285714,14966,7 3 135 37 8 579 -17,1.0 0.017142857142857144 0.2853982300884956 0.07535641547861507 0.09090909090909091 0.5824561403508772 0.34146341463414637,1004658.8813645582,0.010714285714285714,16202,7 3 133 18 8 568 -21,1.0 0.017142857142857144 0.2809734513274336 0.03665987780040733 0.09090909090909091 0.5695906432748538 0.2926829268292683,1004575.759603811,0.010714285714285714,16273,7 0 6 0 0 99 -44,1.0 0.0 0.0 0.0 0.0 0.021052631578947368 0.012195121951219513,1000000.2227214378,0.010714285714285714,8833,0 175 381 491 54 744 1,0.0 1.0 0.8296460176991151 1.0 0.6136363636363636 0.775438596491228 0.5609756097560976,109366.13917492946,0.22142857142857142,4804,1 129 445 388 88 936 26,0.14285714285714285 0.7371428571428571 0.9712389380530974 0.790224032586558 1.0 1.0 0.8658536585365854,227184.9078382046,0.65,10605,7 0 6 0 0 99 -45,1.0 0.0 0.0 0.0 0.0 0.021052631578947368 0.0,1000000.2105263158,0.010714285714285714,8834,0 175 381 440 41 784 0,0.0 1.0 0.8296460176991151 0.8961303462321792 0.4659090909090909 0.8222222222222222 0.5487804878048781,109247.95243502427,0.2857142857142857,4809,1 129 437 380 86 930 26,0.14285714285714285 0.7371428571428571 0.9535398230088495 0.7739307535641547 0.9772727272727273 0.9929824561403509 0.8658536585365854,226989.2805060284,0.65,10658,7 0 6 0 0 81 -40,1.0 0.0 0.0 0.0 0.0 0.0 0.06097560975609756,1000000.0609756098,0.010714285714285714,8894,0 175 381 440 41 784 0,0.0 1.0 0.8296460176991151 0.8961303462321792 0.4659090909090909 0.8222222222222222 0.5487804878048781,109247.95243502427,0.2857142857142857,4809,1 133 458 411 83 909 37,0.14285714285714285 0.76 1.0 0.8370672097759674 0.9431818181818182 0.968421052631579 1.0,229799.2124592633,0.65,10268,7 0 6 0 0 90 -34,1.0 0.0 0.0 0.0 0.0 0.010526315789473684 0.13414634146341464,1000000.2394094993,0.010714285714285714,7186,0 0 125 316 6 544 30,0.0 0.0 0.26327433628318586 0.6435845213849287 0.06818181818181818 0.5415204678362573 0.9146341463414634,3289.4759048596734,0.5892857142857143,6795,0 0 129 219 3 777 9,0.0 0.0 0.2721238938053097 0.4460285132382892 0.03409090909090909 0.8140350877192982 0.6585365853658537,3179.475429663036,0.5142857142857142,8496,7 0 6 0 0 90 -32,1.0 0.0 0.0 0.0 0.0 0.010526315789473684 0.15853658536585366,1000000.2637997433,0.010714285714285714,7185,0 0 35 55 4 406 28,0.0 0.0 0.06415929203539823 0.1120162932790224 0.045454545454545456 0.38011695906432746 0.8902439024390244,762.8460816715416,0.5964285714285714,8370,0 0 124 208 13 714 6,0.0 0.0 0.2610619469026549 0.42362525458248473 0.14772727272727273 0.7403508771929824 0.6219512195121951,3057.042910873203,0.5142857142857142,8697,7 0 6 1 0 102 -45,1.0 0.0 0.0 0.002036659877800407 0.0 0.02456140350877193 0.0,1000002.2822739128,0.010714285714285714,16574
resolved-p14d-c14d-3600-3rd/nsp-n20-d28-r0.10-rp2-fp2-s3,0 0 0 0 0 89 -78,0.0 0.0 0.0 0.0 0.0 0.02857142857142857 0.0,0.2857142857142857,0.2714285714285714,261,0 0 0 0 0 88 -49,0.0 0.0 0.0 0.0 0.0 0.0 0.6444444444444445,0.6444444444444445,0.18214285714285713,240,0 0 0 0 0 99 -41,0.0 0.0 0.0 0.0 0.0 0.3142857142857143 0.8222222222222222,3.965079365079365,0.11071428571428571,222,0 0 0 0 0 106 -49,0.0 0.0 0.0 0.0 0.0 0.5142857142857142 0.6444444444444445,5.787301587301587,0.075,202,0 0 0 0 0 123 -33,0.0 0.0 0.0 0.0 0.0 1.0 1.0,11.0,0.21785714285714286,19,0 0 0 0 0 108 -45,0.0 0.0 0.0 0.0 0.0 0.5714285714285714 0.7333333333333333,6.447619047619047,0.075,96,0 0 0 0 0 111 -48,0.0 0.0 0.0 0.0 0.0 0.6571428571428571 0.6666666666666666,7.238095238095238,0.075,248,0 0 0 0 0 121 -40,0.0 0.0 0.0 0.0 0.0 0.9428571428571428 0.8444444444444444,10.273015873015874,0.35714285714285715,34,0 0 0 0 0 108 -47,0.0 0.0 0.0 0.0 0.0 0.5714285714285714 0.6888888888888889,6.403174603174603,0.075,169,0 0 0 0 0 105 -46,0.0 0.0 0.0 0.0 0.0 0.4857142857142857 0.7111111111111111,5.568253968253968,0.075,184,0 0 0 0 0 120 -42,0.0 0.0 0.0 0.0 0.0 0.9142857142857143 0.8,9.942857142857143,0.19285714285714287,18,0 0 0 0 0 102 -43,0.0 0.0 0.0 0.0 0.0 0.4 0.7777777777777778,4.777777777777778,0.075,152,0 0 0 0 0 104 -41,0.0 0.0 0.0 0.0 0.0 0.45714285714285713 0.8222222222222222,5.393650793650793,0.075,423,0 0 0 0 0 115 -38,0.0 0.0 0.0 0.0 0.0 0.7714285714285715 0.8888888888888888,8.603174603174603,0.6071428571428571,110,0 0 0 0 0 107 -45,0.0 0.0 0.0 0.0 0.0 0.5428571428571428 0.7333333333333333,6.161904761904761,0.075,460,0 0 0 0 0 104 -41,0.0 0.0 0.0 0.0 0.0 0.45714285714285713 0.8222222222222222,5.393650793650793,0.075,423,0 0 0 0 0 115 -38,0.0 0.0 0.0 0.0 0.0 0.7714285714285715 0.8888888888888888,8.603174603174603,0.6071428571428571,110,0 0 0 0 0 107 -45,0.0 0.0 0.0 0.0 0.0 0.5428571428571428 0.7333333333333333,6.161904761904761,0.075,460,0 0 0 0 0 114 -36,0.0 0.0 0.0 0.0 0.0 0.7428571428571429 0.9333333333333333,8.361904761904762,0.075,105
resolved-p14d-c14d-3600-3rd/nsp-n20-d28-r0.10-rp2-fp2-s5,7 3 33 9 0 201 -24,1.0 0.008547008547008548 0.025089605734767026 0.0 0.0 0.01918649270913277 0.0,1001105.7887769756,0.010714285714285714,14279,7 3 19 14 0 183 -11,1.0 0.008547008547008548 0.0 0.004262574595055414 0.0 0.005372217958557176 0.10236220472440945,1000859.1195136802,0.010714285714285714,15090,7 3 19 13 0 176 -24,1.0 0.008547008547008548 0.0 0.0034100596760443308 0.0 0.0 0.0,1000858.1109143769,0.010714285714285714,15251,7 3 92 20 1 394 -17,1.0 0.008547008547008548 0.13082437275985664 0.00937766410912191 0.012048192771084338 0.16730621642363777 0.05511811023622047,1002175.2552459602,0.010714285714285714,19841,0 210 546 736 77 945 44,0.0 0.8931623931623932 0.9444444444444444 0.6197783461210571 0.927710843373494 0.5901765157329241 0.5354330708661418,99479.67038937037,0.7214285714285714,5812,0 232 513 569 55 896 39,0.0 0.9871794871794872 0.8853046594982079 0.4774083546462063 0.6626506024096386 0.5525709900230238 0.49606299212598426,108120.69050071033,0.6785714285714286,6647,7 3 93 18 0 400 -16,1.0 0.008547008547008548 0.13261648745519714 0.0076726342710997444 0.0 0.17191097467382963 0.06299212598425197,1002190.3204653966,0.010714285714285714,19074,0 210 547 755 83 953 48,0.0 0.8931623931623932 0.946236559139785 0.6359761295822677 1.0 0.5963161933998465 0.5669291338582677,99521.11112828729,0.725,5695,0 232 510 570 55 920 43,0.0 0.9871794871794872 0.8799283154121864 0.4782608695652174 0.6626506024096386 0.5709900230237912 0.5275590551181102,108067.99526116213,0.6678571428571428,6729,7 3 103 49 2 462 4,1.0 0.008547008547008548 0.15053763440860216 0.03410059676044331 0.024096385542168676 0.2194934765924789 0.2204724409448819,1002399.0028413084,0.010714285714285714,16726,0 210 546 736 77 945 44,0.0 0.8931623931623932 0.9444444444444444 0.6197783461210571 0.927710843373494 0.5901765157329241 0.5354330708661418,99479.67038937037,0.7142857142857143,5814,0 235 521 501 61 887 40,0.0 1.0 0.899641577060932 0.4194373401534527 0.7349397590361446 0.545663852647736 0.5039370078740157,109495.30766220075,0.6607142857142857,5730,5 25 393 264 19 1304 88,0.7142857142857143 0.10256410256410256 0.6702508960573477 0.21739130434782608 0.2289156626506024 0.8656945510360706 0.8818897637795275,731494.455208585,0.55,13166,0 3 292 128 34 833 35,0.0 0.008547008547008548 0.489247311827957 0.10144927536231885 0.40963855421686746 0.5042210283960092 0.4645669291338583,5895.093880977525,0.6857142857142857,13225,2 3 357 1164 0 1479 67,0.2857142857142857 0.008547008547008548 0.6057347670250897 0.9846547314578005 0.0 1.0 0.7165354330708661,293621.7055061284,0.5821428571428572,15722,5 65 577 299 57 1455 103,0.7142857142857143 0.27350427350427353 1.0 0.24722932651321397 0.6867469879518072 0.9815809669992326 1.0,751962.8614711202,0.5285714285714286,15342,0 3 262 84 4 470 16,0.0 0.008547008547008548 0.43548387096774194 0.0639386189258312 0.04819277108433735 0.2256331542594014 0.31496062992125984,5280.868752585055,0.7285714285714285,14115,2 1 353 1182 2 1467 69,0.2857142857142857 0.0 0.5985663082437276 1.0 0.024096385542168676 0.9907904834996163 0.7322834645669292,292712.9986235768,0.5821428571428572,15916,7 3 108 18 0 298 4,1.0 0.008547008547008548 0.15949820788530467 0.0076726342710997444 0.0 0.09363008442056792 0.2204724409448819,1002458.5123411102,0.010714285714285714,17654
resolved-p14d-c14d-3600-3rd/nsp-n30-d28-r0.10-rp2-fp2-s0,5 8 242 407 1 972 -83,0.6666666666666666 0.015209125475285171 0.0 0.04186320754716981 0.0136986301369863 0.0 0.0,668230.8122847561,0.011904761904761904,13549,5 9 244 409 1 987 -73,0.6666666666666666 0.019011406844106463 0.0023148148148148147 0.0422562893081761 0.0136986301369863 0.006170300287947347 0.06451612903225806,668634.7078706794,0.011904761904761904,13252,5 9 244 413 2 978 -75,0.6666666666666666 0.019011406844106463 0.0023148148148148147 0.04304245283018868 0.0273972602739726 0.0024681201151789387 0.05161290322580645,668636.8139721876,0.011904761904761904,13010,5 6 320 194 3 1098 -40,0.6666666666666666 0.0076045627376425855 0.09027777777777778 0.0 0.0410958904109589 0.05183052241875771 0.27741935483870966,668334.8060318287,0.011904761904761904,13558,2 267 471 467 32 1126 -27,0.16666666666666666 1.0 0.2650462962962963 0.05365566037735849 0.4383561643835616 0.06334841628959276 0.36129032258064514,269415.6156809308,0.36666666666666664,4113,1 79 522 428 73 1352 9,0.0 0.28517110266159695 0.32407407407407407 0.045990566037735846 1.0 0.1563142739613328 0.5935483870967742,31905.998264064885,0.42142857142857143,4191,5 5 316 198 3 1079 -44,0.6666666666666666 0.0038022813688212928 0.08564814814814815 0.0007861635220125787 0.0410958904109589 0.04401480872069107 0.25161290322580643,667908.9637985838,0.011904761904761904,13906,2 267 471 467 32 1126 -26,0.16666666666666666 1.0 0.2650462962962963 0.05365566037735849 0.4383561643835616 0.06334841628959276 0.36774193548387096,269415.6221325437,0.36666666666666664,4112,1 79 522 426 73 1346 9,0.0 0.28517110266159695 0.32407407407407407 0.04559748427672956 1.0 0.15384615384615385 0.5935483870967742,31905.580501102722,0.4166666666666667,4192,5 9 407 835 0 1242 -68,0.6666666666666666 0.019011406844106463 0.1909722222222222 0.12598270440251572 0.0 0.11106540518305225 0.0967741935483871,670604.7197059476,0.011904761904761904,10488,2 267 471 469 32 1126 -27,0.16666666666666666 1.0 0.2650462962962963 0.05404874213836478 0.4383561643835616 0.06334841628959276 0.36129032258064514,269416.0087626918,0.36666666666666664,4111,1 79 522 428 73 1352 9,0.0 0.28517110266159695 0.32407407407407407 0.045990566037735846 1.0 0.1563142739613328 0.5935483870967742,31905.998264064885,0.42142857142857143,4191,5 25 758 1843 15 2619 72,0.6666666666666666 0.07984790874524715 0.5972222222222222 0.3240959119496855 0.2054794520547945 0.6774989716166187 1.0,680976.0986102849,0.5785714285714286,9746,2 7 748 3545 9 2693 66,0.16666666666666666 0.011406844106463879 0.5856481481481481 0.6586084905660378 0.1232876712328767 0.7079391197038256 0.9612903225806452,174342.81049800347,0.6523809523809524,8884,4 4 1106 5282 3 3403 18,0.5 0.0 1.0 1.0 0.0410958904109589 1.0 0.6516129032258065,511014.7612019443,0.6214285714285714,9768,7 18 839 1933 18 2759 57,1.0 0.053231939163498096 0.6909722222222222 0.34178459119496857 0.2465753424657534 0.735088440970794 0.9032258064516129,1012607.6123742297,0.5785714285714286,8241,2 7 806 4034 7 2934 68,0.16666666666666666 0.011406844106463879 0.6527777777777778 0.7547169811320755 0.0958904109589041 0.807075277663513 0.9741935483870968,175108.4798236438,0.6523809523809524,7477,3 7 1076 5138 2 3300 47,0.3333333333333333 0.011406844106463879 0.9652777777777778 0.9716981132075472 0.0273972602739726 0.9576306046894282 0.8387096774193549,345111.6483767167,0.6214285714285714,10245,5 8 293 268 10 1085 -68,0.6666666666666666 0.015209125475285171 0.059027777777777776 0.014544025157232705 0.136986301369863 0.04648292883587001 0.0967741935483871,668806.661250749,0.011904761904761904,14673
