,lnps-10-org-obj,lnps-10-nrm-obj,lnps-10-obj,lnps-10-diff,lnps-10-freq,lnps-30-org-obj,lnps-30-nrm-obj,lnps-30-obj,lnps-30-diff,lnps-30-freq,lnps-60-org-obj,lnps-60-nrm-obj,lnps-60-obj,lnps-60-diff,lnps-60-freq,mp-is1-p-hi-org-obj,mp-is1-p-hi-nrm-obj,mp-is1-p-hi-obj,mp-is1-p-hi-diff,mp-is1-p-hi-freq,mp-is1-p-low-org-obj,mp-is1-p-low-nrm-obj,mp-is1-p-low-obj,mp-is1-p-low-diff,mp-is1-p-low-freq,mp-is1-p-mid-org-obj,mp-is1-p-mid-nrm-obj,mp-is1-p-mid-obj,mp-is1-p-mid-diff,mp-is1-p-mid-freq,mp-is10-p-hi-org-obj,mp-is10-p-hi-nrm-obj,mp-is10-p-hi-obj,mp-is10-p-hi-diff,mp-is10-p-hi-freq,mp-is10-p-low-org-obj,mp-is10-p-low-nrm-obj,mp-is10-p-low-obj,mp-is10-p-low-diff,mp-is10-p-low-freq,mp-is10-p-mid-org-obj,mp-is10-p-mid-nrm-obj,mp-is10-p-mid-obj,mp-is10-p-mid-diff,mp-is10-p-mid-freq,mp-is100-p-hi-org-obj,mp-is100-p-hi-nrm-obj,mp-is100-p-hi-obj,mp-is100-p-hi-diff,mp-is100-p-hi-freq,mp-is100-p-low-org-obj,mp-is100-p-low-nrm-obj,mp-is100-p-low-obj,mp-is100-p-low-diff,mp-is100-p-low-freq,mp-is100-p-mid-org-obj,mp-is100-p-mid-nrm-obj,mp-is100-p-mid-obj,mp-is100-p-mid-diff,mp-is100-p-mid-freq,mp-p-hi-org-obj,mp-p-hi-nrm-obj,mp-p-hi-obj,mp-p-hi-diff,mp-p-hi-freq,mp-p-low-org-obj,mp-p-low-nrm-obj,mp-p-low-obj,mp-p-low-diff,mp-p-low-freq,mp-p-mid-org-obj,mp-p-mid-nrm-obj,mp-p-mid-obj,mp-p-mid-diff,mp-p-mid-freq,mp-ps-p-hi-org-obj,mp-ps-p-hi-nrm-obj,mp-ps-p-hi-obj,mp-ps-p-hi-diff,mp-ps-p-hi-freq,mp-ps-p-low-org-obj,mp-ps-p-low-nrm-obj,mp-ps-p-low-obj,mp-ps-p-low-diff,mp-ps-p-low-freq,mp-ps-p-mid-org-obj,mp-ps-p-mid-nrm-obj,mp-ps-p-mid-obj,mp-ps-p-mid-diff,mp-ps-p-mid-freq,ps-org-obj,ps-nrm-obj,ps-obj,ps-diff,ps-freq
resolved-p14d-c14d-3600-3rd/nsp-n30-d28-r0.10-rp2-fp2-s2,0 0 0 0 0 92 -152,0.0 0.0 0.0 0.0 0.0 0.002325581395348837 0.1937984496124031,0.21705426356589147,0.3119047619047619,492,0 0 0 0 0 91 -177,0.0 0.0 0.0 0.0 0.0 0.0 0.0,0.0,0.3047619047619048,535,0 0 0 0 0 95 -143,0.0 0.0 0.0 0.0 0.0 0.009302325581395349 0.26356589147286824,0.35658914728682173,0.23333333333333334,471,0 0 0 0 0 144 -106,0.0 0.0 0.0 0.0 0.0 0.12325581395348838 0.5503875968992248,1.7829457364341086,0.05,178,0 0 0 0 0 165 -100,0.0 0.0 0.0 0.0 0.0 0.17209302325581396 0.5968992248062015,2.317829457364341,0.3047619047619048,18,0 0 0 0 0 147 -93,0.0 0.0 0.0 0.0 0.0 0.13023255813953488 0.6511627906976745,1.9534883720930234,0.05,176,0 0 0 0 0 149 -90,0.0 0.0 0.0 0.0 0.0 0.13488372093023257 0.6744186046511628,2.0232558139534884,0.05,186,0 0 0 0 0 167 -87,0.0 0.0 0.0 0.0 0.0 0.17674418604651163 0.6976744186046512,2.4651162790697674,0.26904761904761904,37,0 0 0 0 0 156 -98,0.0 0.0 0.0 0.0 0.0 0.1511627906976744 0.6124031007751938,2.124031007751938,0.05,189,0 0 0 0 0 154 -97,0.0 0.0 0.0 0.0 0.0 0.14651162790697675 0.6201550387596899,2.0852713178294575,0.05,114,0 0 0 0 0 162 -108,0.0 0.0 0.0 0.0 0.0 0.16511627906976745 0.5348837209302325,2.186046511627907,0.36428571428571427,35,0 0 0 0 0 148 -104,0.0 0.0 0.0 0.0 0.0 0.1325581395348837 0.5658914728682171,1.891472868217054,0.05,140,0 0 0 0 0 146 -79,0.0 0.0 0.0 0.0 0.0 0.12790697674418605 0.7596899224806202,2.0387596899224807,0.05,440,0 0 0 0 0 149 -116,0.0 0.0 0.0 0.0 0.0 0.13488372093023257 0.4728682170542636,1.8217054263565893,0.6,161,0 0 0 0 0 521 -48,0.0 0.0 0.0 0.0 0.0 1.0 1.0,11.0,0.28809523809523807,59,0 0 0 0 0 146 -96,0.0 0.0 0.0 0.0 0.0 0.12790697674418605 0.627906976744186,1.9069767441860466,0.05,444,0 0 0 0 0 149 -116,0.0 0.0 0.0 0.0 0.0 0.13488372093023257 0.4728682170542636,1.8217054263565893,0.6,161,0 0 0 0 0 521 -48,0.0 0.0 0.0 0.0 0.0 1.0 1.0,11.0,0.28809523809523807,59,0 0 0 0 0 154 -94,0.0 0.0 0.0 0.0 0.0 0.14651162790697675 0.6434108527131783,2.108527131782946,0.05714285714285714,144
resolved-p14d-c14d-3600-3rd/nsp-n50-d28-r0.10-rp2-fp2-s8,4 31 1418 519 123 4953 -81,0.23529411764705882 0.0 0.0 0.0 0.0 0.3489010989010989 0.31137724550898205,235297.91803529332,0.21571428571428572,25329,4 62 2486 1295 183 6375 -133,0.23529411764705882 0.050080775444264945 0.3264058679706601 0.3917213528520949 0.18292682926829268 1.0 0.0,243986.26790697084,0.10857142857142857,25637,9 97 2345 603 206 5481 -42,0.5294117647058824 0.10662358642972536 0.2833129584352078 0.04240282685512368 0.2530487804878049 0.5906593406593407 0.5449101796407185,542981.4121416971,0.025714285714285714,37708,17 99 2094 613 184 4449 -21,1.0 0.1098546042003231 0.20660146699266504 0.04745078243311459 0.18597560975609756 0.11813186813186813 0.6706586826347305,1013119.3754107315,0.01,21940,15 573 3164 1938 251 4648 -10,0.8823529411764706 0.875605815831987 0.5336185819070904 0.7163048965169106 0.3902439024390244 0.20924908424908426 0.7365269461077845,976007.8668832897,0.11,1266,15 557 4690 2500 451 5180 -30,0.8823529411764706 0.8497576736672051 1.0 1.0 1.0 0.45283882783882784 0.6167664670658682,978433.8536979366,0.13857142857142857,1232,17 99 2157 578 168 4937 -8,1.0 0.1098546042003231 0.2258557457212714 0.02978293791014639 0.13719512195121952 0.3415750915750916 0.7485029940119761,1013291.68458126,0.01,20577,15 573 3164 1938 251 4648 -10,0.8823529411764706 0.875605815831987 0.5336185819070904 0.7163048965169106 0.3902439024390244 0.20924908424908426 0.7365269461077845,976007.8668832897,0.11,1266,15 557 4690 2500 451 5180 -30,0.8823529411764706 0.8497576736672051 1.0 1.0 1.0 0.45283882783882784 0.6167664670658682,978433.8536979366,0.13857142857142857,1232,17 99 2164 555 173 4954 -12,1.0 0.1098546042003231 0.2279951100244499 0.01817264008076729 0.1524390243902439 0.34935897435897434 0.7245508982035929,1013303.0462034384,0.01,20432,15 573 3164 1938 251 4648 -10,0.8823529411764706 0.875605815831987 0.5336185819070904 0.7163048965169106 0.3902439024390244 0.20924908424908426 0.7365269461077845,976007.8668832897,0.11,1266,16 650 4363 2403 382 5008 -9,0.9411764705882353 1.0 0.9000611246943765 0.9510348308934882 0.7896341463414634 0.3740842490842491 0.7425149700598802,1051211.5634381676,0.31,1177,17 384 3161 1464 266 5153 -28,1.0 0.5702746365105008 0.5327017114914425 0.47703180212014135 0.43597560975609756 0.44047619047619047 0.6287425149700598,1062880.1436334802,0.01,13973,0 337 2860 1679 297 4715 23,0.0 0.49434571890145396 0.4407090464547677 0.585562847046946 0.5304878048780488 0.23992673992673993 0.9341317365269461,54483.60738136362,0.7714285714285715,10884,1 428 2408 1530 399 4191 33,0.058823529411764705 0.6413570274636511 0.3025672371638142 0.5103483089348814 0.8414634146341463 0.0 0.9940119760479041,126580.3931921423,0.7971428571428572,16274,17 368 3132 1465 252 5141 -23,1.0 0.5444264943457189 0.523838630806846 0.47753659767794043 0.3932926829268293 0.434981684981685 0.6586826347305389,1060202.9101080957,0.01,14666,0 337 2885 1657 283 4759 13,0.0 0.49434571890145396 0.44834963325183375 0.574457344775366 0.4878048780487805 0.2600732600732601 0.874251497005988,54544.78103934171,0.7714285714285715,10775,1 433 2432 1640 385 4212 34,0.058823529411764705 0.6494345718901454 0.3099022004889976 0.5658758202927814 0.7987804878048781 0.009615384615384616 1.0,127512.85862858867,0.7971428571428572,16110,17 107 2613 788 208 6132 -38,1.0 0.12277867528271405 0.3652200488997555 0.13579000504795558 0.25914634146341464 0.8887362637362637 0.5688622754491018,1016101.228881376,0.01,41426
resolved-p14d-c14d-3600-3rd/nsp-n50-d28-r0.10-rp2-fp2-s3,0 7 0 49 1 702 -125,0.0 0.00744047619047619 0.0 0.03012820512820513 0.0033444816053511705 0.03752895752895753 0.11158798283261803,774.9971498944814,0.15571428571428572,12817,0 6 0 2 0 467 -139,0.0 0.005952380952380952 0.0 0.0 0.0 0.0012355212355212356 0.05150214592274678,595.3019525963732,0.13142857142857142,27314,0 6 0 9 0 506 -136,0.0 0.005952380952380952 0.0 0.004487179487179487 0.0 0.007258687258687259 0.06437768240343347,599.8622392802649,0.11285714285714285,27015,14 5 0 7 0 459 -112,0.875 0.004464285714285714 0.0 0.003205128205128205 0.0 0.0 0.16738197424892703,875449.8010816079,0.012857142857142857,25600,14 674 1153 1249 77 2200 -40,0.875 1.0 0.35173886516168396 0.7993589743589744 0.25752508361204013 0.2688803088803089 0.47639484978540775,979345.6653322758,0.26571428571428574,508,16 588 1324 944 71 2483 -33,1.0 0.8720238095238095 0.40390482001220257 0.6038461538461538 0.23745819397993312 0.31258687258687257 0.5064377682403434,1091872.6534322414,0.26285714285714284,405,14 5 0 7 0 477 -135,0.875 0.004464285714285714 0.0 0.003205128205128205 0.0 0.0027799227799227798 0.06866952789699571,875449.7301683894,0.012857142857142857,25593,14 674 1153 1249 77 2200 -40,0.875 1.0 0.35173886516168396 0.7993589743589744 0.25752508361204013 0.2688803088803089 0.47639484978540775,979345.6653322758,0.26571428571428574,508,16 588 1324 944 71 2483 -33,1.0 0.8720238095238095 0.40390482001220257 0.6038461538461538 0.23745819397993312 0.31258687258687257 0.5064377682403434,1091872.6534322414,0.26285714285714284,405,14 5 0 7 0 459 -112,0.875 0.004464285714285714 0.0 0.003205128205128205 0.0 0.0 0.16738197424892703,875449.8010816079,0.012857142857142857,25600,14 674 1153 1249 77 2200 -40,0.875 1.0 0.35173886516168396 0.7993589743589744 0.25752508361204013 0.2688803088803089 0.47639484978540775,979345.6653322758,0.26571428571428574,508,14 674 1153 1249 77 2200 -40,0.875 1.0 0.35173886516168396 0.7993589743589744 0.25752508361204013 0.2688803088803089 0.47639484978540775,979345.6653322758,0.26571428571428574,508,11 293 3195 1446 299 6376 82,0.6875 0.4330357142857143 0.974679682733374 0.9256410256410257 1.0 0.9138223938223938 1.0,741586.1475054844,0.5228571428571429,31047,0 2 767 424 114 3806 0,0.0 0.0 0.23398413666870044 0.2705128205128205 0.38127090301003347 0.5169111969111969 0.648068669527897,2654.298458139467,0.7014285714285714,34994,0 4 3009 906 233 6278 29,0.0 0.002976190476190476 0.9179377669310556 0.5794871794871795 0.7792642140468228 0.8986872586872587 0.7725321888412017,10144.169722597178,0.6271428571428571,33309,15 275 3278 1562 299 6618 75,0.9375 0.40625 1.0 1.0 1.0 0.9511969111969112 0.9699570815450643,989235.4819261936,0.52,32499,0 2 677 534 88 3844 14,0.0 0.0 0.20652837095790116 0.34102564102564104 0.29431438127090304 0.5227799227799228 0.7081545064377682,2441.6767424659797,0.7042857142857143,36696,0 2 2001 692 177 6934 36,0.0 0.0 0.6104331909701037 0.4423076923076923 0.5919732441471572 1.0 0.8025751072961373,6616.639501530742,0.6257142857142857,37091,14 5 0 7 0 470 -151,0.875 0.004464285714285714 0.0 0.003205128205128205 0.0 0.001698841698841699 0.0,875449.6506880507,0.012857142857142857,27323
resolved-p14d-c14d-3600-3rd/nsp-n10-d28-r0.10-rp0-fp0-s8,0 1 0 2 0 80 -38,0.0 0.0 0.0 0.0 0.0 0.058823529411764705 0.0,0.5882352941176471,0.40714285714285714,8618,0 1 0 2 0 83 -35,0.0 0.0 0.0 0.0 0.0 0.23529411764705882 0.12,2.4729411764705884,0.2714285714285714,8567,0 1 0 2 0 79 -37,0.0 0.0 0.0 0.0 0.0 0.0 0.04,0.04,0.38571428571428573,8581,1 2 0 2 0 87 -24,1.0 1.0 0.0 0.0 0.0 0.47058823529411764 0.56,1100005.265882353,0.03571428571428571,3501,0 1 0 2 0 95 -18,0.0 0.0 0.0 0.0 0.0 0.9411764705882353 0.8,10.211764705882354,0.2857142857142857,20666,0 1 0 2 0 96 -17,0.0 0.0 0.0 0.0 0.0 1.0 0.84,10.84,0.06428571428571428,7322,1 2 0 2 0 87 -24,1.0 1.0 0.0 0.0 0.0 0.47058823529411764 0.56,1100005.265882353,0.03571428571428571,3501,0 1 0 2 0 95 -18,0.0 0.0 0.0 0.0 0.0 0.9411764705882353 0.8,10.211764705882354,0.2857142857142857,20666,0 1 0 2 0 95 -19,0.0 0.0 0.0 0.0 0.0 0.9411764705882353 0.76,10.171764705882353,0.06428571428571428,7324,1 2 0 2 0 87 -23,1.0 1.0 0.0 0.0 0.0 0.47058823529411764 0.6,1100005.305882353,0.03571428571428571,3500,0 1 0 2 0 95 -18,0.0 0.0 0.0 0.0 0.0 0.9411764705882353 0.8,10.211764705882354,0.2857142857142857,20666,0 1 0 2 0 96 -20,0.0 0.0 0.0 0.0 0.0 1.0 0.72,10.72,0.06428571428571428,7323,1 2 0 2 0 86 -20,1.0 1.0 0.0 0.0 0.0 0.4117647058823529 0.72,1100004.8376470588,0.03571428571428571,3581,0 1 0 2 0 90 -13,0.0 0.0 0.0 0.0 0.0 0.6470588235294118 1.0,7.470588235294118,0.6857142857142857,34666,0 1 0 2 0 93 -20,0.0 0.0 0.0 0.0 0.0 0.8235294117647058 0.72,8.955294117647059,0.06428571428571428,31459,1 2 0 2 0 86 -20,1.0 1.0 0.0 0.0 0.0 0.4117647058823529 0.72,1100004.8376470588,0.03571428571428571,3581,0 1 0 2 0 90 -14,0.0 0.0 0.0 0.0 0.0 0.6470588235294118 0.96,7.430588235294118,0.6857142857142857,34667,0 1 0 2 0 93 -20,0.0 0.0 0.0 0.0 0.0 0.8235294117647058 0.72,8.955294117647059,0.06428571428571428,31459,1 2 0 2 0 85 -25,1.0 1.0 0.0 0.0 0.0 0.35294117647058826 0.52,1100004.0494117648,0.03571428571428571,14984
resolved-p14d-c14d-3600-3rd/nsp-n30-d28-r0.10-rp2-fp2-s5,0 1 2 10 0 309 -31,0.0 0.00411522633744856 0.0 0.0 0.0 0.0 0.039473684210526314,411.56210742906654,0.28095238095238095,52905,9 1 6 64 8 646 -34,1.0 0.00411522633744856 0.005988023952095809 0.04757709251101322 0.06201550387596899 0.14557235421166306 0.0,1000526.6372397065,0.01904761904761905,51342,9 1 2 64 9 692 6,1.0 0.00411522633744856 0.0 0.04757709251101322 0.06976744186046512 0.1654427645788337 0.5263157894736842,1000468.2572138772,0.01904761904761905,53906,9 1 2 63 8 565 -17,1.0 0.00411522633744856 0.0 0.04669603524229075 0.06201550387596899 0.11058315334773218 0.2236842105263158,1000465.7497351187,0.01904761904761905,15316,0 213 552 915 129 1982 14,0.0 0.8765432098765432 0.8233532934131736 0.7973568281938326 1.0 0.7226781857451404 0.631578947368421,96793.06911078472,0.20952380952380953,22295,0 243 548 906 114 2026 21,0.0 1.0 0.8173652694610778 0.7894273127753304 0.8837209302325582 0.7416846652267819 0.7236842105263158,109059.59263127214,0.30714285714285716,24144,9 1 2 63 8 574 -30,1.0 0.00411522633744856 0.0 0.04669603524229075 0.06201550387596899 0.11447084233261338 0.05263157894736842,1000465.617559377,0.01904761904761905,15273,0 222 670 1145 123 2624 33,0.0 0.9135802469135802 1.0 1.0 0.9534883720930233 1.0 0.881578947368421,102464.25510751469,0.569047619047619,22125,0 243 543 933 106 2132 29,0.0 1.0 0.8098802395209581 0.813215859030837 0.8217054263565892 0.7874730021598272 0.8289473684210527,109002.89247426612,0.30714285714285716,24237,9 1 2 63 8 565 -17,1.0 0.00411522633744856 0.0 0.04669603524229075 0.06201550387596899 0.11058315334773218 0.2236842105263158,1000465.7497351187,0.01904761904761905,15316,0 213 552 915 129 1982 14,0.0 0.8765432098765432 0.8233532934131736 0.7973568281938326 1.0 0.7226781857451404 0.631578947368421,96793.06911078472,0.20952380952380953,22295,0 243 551 937 120 2022 31,0.0 1.0 0.8218562874251497 0.8167400881057268 0.9302325581395349 0.7399568034557236 0.8552631578947368,109136.58104936362,0.30714285714285716,24140,9 1 2 63 8 565 -27,1.0 0.00411522633744856 0.0 0.04669603524229075 0.06201550387596899 0.11058315334773218 0.09210526315789473,1000465.6181561713,0.01904761904761905,16796,0 0 33 197 47 966 42,0.0 0.0 0.04640718562874251 0.1647577092511013 0.3643410852713178 0.2838012958963283 1.0,669.1016870246216,0.65,21394,0 0 2 82 17 765 -2,0.0 0.0 0.0 0.06343612334801763 0.13178294573643412 0.19697624190064794 0.42105263157894735,79.00523297224647,0.6166666666666667,20892,9 1 2 63 8 565 -27,1.0 0.00411522633744856 0.0 0.04669603524229075 0.06201550387596899 0.11058315334773218 0.09210526315789473,1000465.6181561713,0.01904761904761905,16796,0 0 33 199 52 981 40,0.0 0.0 0.04640718562874251 0.16651982378854627 0.40310077519379844 0.29028077753779696 0.9736842105263158,674.7782495812556,0.65,21329,0 0 2 133 23 840 32,0.0 0.0 0.0 0.10837004405286343 0.17829457364341086 0.22937365010799135 0.868421052631579,129.361658970916,0.6047619047619047,20303,9 1 2 63 8 573 -10,1.0 0.00411522633744856 0.0 0.04669603524229075 0.06201550387596899 0.11403887688984882 0.3157894736842105,1000465.8763976173,0.01904761904761905,47566
resolved-p14d-c14d-3600-3rd/nsp-n30-d28-r0.10-rp2-fp2-s9,0 3 0 0 0 95 -116,0.0 0.011494252873563218 0.0 0.0 0.0 0.0 0.0,1149.4252873563219,0.30714285714285716,13644,7 30 135 136 31 933 -43,1.0 0.11494252873563218 0.15789473684210525 0.14498933901918976 0.2052980132450331 0.5334182049649905 0.40555555555555556,1013244.4591199331,0.009523809523809525,76859,7 30 135 145 32 921 -38,1.0 0.11494252873563218 0.15789473684210525 0.15458422174840086 0.2119205298013245 0.5257797581158498 0.43333333333333335,1013254.6676476273,0.009523809523809525,76436,7 6 177 131 28 850 -62,1.0 0.022988505747126436 0.20701754385964913 0.1396588486140725 0.18543046357615894 0.4805856142584341 0.3,1004532.3337644234,0.009523809523809525,32061,0 181 641 765 84 1666 -14,0.0 0.6934865900383141 0.7497076023391813 0.8155650319829424 0.5562913907284768 1.0 0.5666666666666667,77727.49586494568,0.5095238095238095,5264,0 214 724 770 103 1419 -9,0.0 0.8199233716475096 0.8467836257309942 0.8208955223880597 0.6821192052980133 0.8427753023551878 0.5944444444444444,91358.30306244678,0.45476190476190476,10056,7 0 0 0 0 106 -101,1.0 0.0 0.0 0.0 0.0 0.007001909611712286 0.08333333333333333,1000000.1533524295,0.009523809523809525,35451,0 170 816 542 101 1526 -22,0.0 0.6513409961685823 0.9543859649122807 0.5778251599147122 0.6688741721854304 0.9108847867600255 0.5222222222222223,75332.30291320413,0.19047619047619047,1473,0 208 690 748 131 1559 3,0.0 0.7969348659003831 0.8070175438596491 0.7974413646055437 0.8675496688741722 0.9318905155951623 0.6611111111111111,88657.83837639482,0.5523809523809524,2860,7 0 0 0 0 105 -94,1.0 0.0 0.0 0.0 0.0 0.006365372374283896 0.12222222222222222,1000000.185875946,0.009523809523809525,39373,0 188 855 859 123 1540 11,0.0 0.7203065134099617 1.0 0.9157782515991472 0.8145695364238411 0.9197963080840229 0.7055555555555556,83037.79006487408,0.3976190476190476,3403,0 232 700 938 105 1311 18,0.0 0.8888888888888888 0.8187134502923976 1.0 0.695364238410596 0.7740292807129217 0.7444444444444445,98154.04455290549,0.5357142857142857,6206,7 0 0 0 0 112 -86,1.0 0.0 0.0 0.0 0.0 0.010821133036282623 0.16666666666666666,1000000.274877997,0.009523809523809525,36332,1 224 683 794 151 1559 14,0.14285714285714285 0.8582375478927203 0.7988304093567251 0.8464818763326226 1.0 0.9318905155951623 0.7222222222222222,237625.72474369293,0.8023809523809524,42620,0 261 845 691 125 1481 64,0.0 1.0 0.9883040935672515 0.7366737739872068 0.8278145695364238 0.8822406110757479 1.0,110712.31857272412,0.7571428571428571,46355,7 0 0 0 0 112 -87,1.0 0.0 0.0 0.0 0.0 0.010821133036282623 0.16111111111111112,1000000.2693224414,0.009523809523809525,36333,1 222 722 798 147 1614 17,0.14285714285714285 0.8505747126436781 0.8444444444444444 0.8507462686567164 0.9735099337748344 0.9669000636537237 0.7388888888888889,237317.56371751468,0.8,42946,0 261 845 691 125 1481 64,0.0 1.0 0.9883040935672515 0.7366737739872068 0.8278145695364238 0.8822406110757479 1.0,110712.31857272412,0.7571428571428571,46355,7 24 213 144 36 925 -35,1.0 0.09195402298850575 0.24912280701754386 0.1535181236673774 0.23841059602649006 0.5283259070655634 0.45,1011869.7228113667,0.009523809523809525,85768
resolved-p14d-c14d-3600-3rd/nsp-n40-d28-r0.10-rp2-fp2-s7,0 1 0 0 0 157 -154,0.0 0.002173913043478261 0.0 0.0 0.0 0.0 0.0,217.3913043478261,0.2875,11518,3 0 0 0 0 173 -143,0.17647058823529413 0.0 0.0 0.0 0.0 0.005534417156693186 0.04782608695652174,176470.69140555264,0.23214285714285715,25117,2 0 0 3 0 201 -124,0.11764705882352941 0.0 0.0 0.002843601895734597 0.0 0.015219647180906262 0.13043478260869565,117650.18505667956,0.18928571428571428,25111,14 1 0 0 0 254 -112,0.8235294117647058 0.002173913043478261 0.0 0.0 0.0 0.033552404012452436 0.1826086956521739,823747.3212017894,0.007142857142857143,24248,5 460 1551 815 84 2003 -15,0.29411764705882354 1.0 0.94 0.7725118483412322 0.5454545454545454 0.6385333794534763 0.6043478260869565,404351.69404333085,0.39464285714285713,558,4 394 1058 849 99 1799 -34,0.23529411764705882 0.8565217391304348 0.6412121212121212 0.804739336492891 0.6428571428571429 0.5679695607056382 0.5217391304347826,328233.63925773965,0.24285714285714285,771,14 1 0 0 0 254 -110,0.8235294117647058 0.002173913043478261 0.0 0.0 0.0 0.033552404012452436 0.19130434782608696,823747.3298974416,0.007142857142857143,24247,5 347 1294 742 105 1738 -48,0.29411764705882354 0.7543478260869565 0.7842424242424243 0.7033175355450237 0.6818181818181818 0.5468695952957454 0.4608695652173913,378172.28282918845,0.32321428571428573,655,4 394 990 977 128 1925 -18,0.23529411764705882 0.8565217391304348 0.6 0.9260663507109005 0.8311688311688312 0.611553095814597 0.591304347826087,327962.18162923615,0.6285714285714286,950,14 1 0 0 0 254 -110,0.8235294117647058 0.002173913043478261 0.0 0.0 0.0 0.033552404012452436 0.19130434782608696,823747.3298974416,0.007142857142857143,24247,5 347 1295 742 105 1725 -48,0.29411764705882354 0.7543478260869565 0.7848484848484848 0.7033175355450237 0.6818181818181818 0.5423728813559322 0.4608695652173913,378178.2984681096,0.32321428571428573,654,4 394 1058 849 99 1799 -34,0.23529411764705882 0.8565217391304348 0.6412121212121212 0.804739336492891 0.6428571428571429 0.5679695607056382 0.5217391304347826,328233.63925773965,0.24285714285714285,771,17 379 1634 1002 154 3048 71,1.0 0.8239130434782609 0.9903030303030304 0.9497630331753555 1.0 1.0 0.9782608695652174,1093355.0759449014,0.575,21771,0 1 110 510 110 2669 -13,0.0 0.002173913043478261 0.06666666666666667 0.4834123222748815 0.7142857142857143 0.8689034936008302 0.6130434782608696,1448.2009431322147,0.6875,39552,0 1 67 385 89 2174 -15,0.0 0.002173913043478261 0.040606060606060604 0.36492890995260663 0.577922077922078 0.6976824628156347 0.6043478260869565,1053.7542006074898,0.6428571428571429,39982,15 395 1650 1055 141 3031 76,0.8823529411764706 0.8586956521739131 1.0 1.0 0.9155844155844156 0.9941196817710135 1.0,979325.006032238,0.575,22374,0 1 88 516 92 2572 -8,0.0 0.002173913043478261 0.05333333333333334 0.4890995260663507 0.5974025974025974 0.8353510895883777 0.6347826086956522,1308.5527169923494,0.6875,40737,0 1 71 418 129 2109 -10,0.0 0.002173913043478261 0.04303030303030303 0.3962085308056872 0.8376623376623377 0.6751988931165687 0.6260869565217392,1135.0471751104647,0.6553571428571429,39723,14 1 0 0 0 247 -111,0.8235294117647058 0.002173913043478261 0.0 0.0 0.0 0.03113109650639917 0.18695652173913044,823747.3013365404,0.007142857142857143,28101
resolved-p14d-c14d-3600-3rd/nsp-n50-d28-r0.10-rp2-fp2-s4,6 7 0 7 0 382 -89,0.35294117647058826 0.0 0.0 0.004054054054054054 0.0 0.0030627871362940277 0.09900990099009901,352945.36016241467,0.2885714285714286,13852,5 7 0 2 0 381 -107,0.29411764705882354 0.0 0.0 0.0006756756756756757 0.0 0.002871362940275651 0.039603960396039604,294118.39105208905,0.16714285714285715,26862,6 7 0 5 0 414 -86,0.35294117647058826 0.0 0.0 0.002702702702702703 0.0 0.009188361408882083 0.10891089108910891,352944.07996779616,0.12142857142857143,26504,16 7 1 1 0 366 -99,0.9411764705882353 0.0 0.0004317789291882556 0.0 0.0 0.0 0.066006600660066,941180.8543841278,0.03571428571428571,26686,15 626 1516 1297 68 2399 21,0.8823529411764706 1.0 0.6545768566493955 0.8756756756756757 0.40718562874251496 0.38916539050535986 0.46204620462046203,989819.4576816241,0.26285714285714284,529,17 540 1320 1245 90 2242 -14,1.0 0.8610662358642972 0.5699481865284974 0.8405405405405405 0.5389221556886228 0.35911179173047475 0.3465346534653465,1092704.475860395,0.2342857142857143,453,16 7 1 1 0 366 -99,0.9411764705882353 0.0 0.0004317789291882556 0.0 0.0 0.0 0.066006600660066,941180.8543841278,0.03571428571428571,26686,15 626 1516 1297 68 2399 21,0.8823529411764706 1.0 0.6545768566493955 0.8756756756756757 0.40718562874251496 0.38916539050535986 0.46204620462046203,989819.4576816241,0.26285714285714284,529,17 540 1320 1245 90 2242 -14,1.0 0.8610662358642972 0.5699481865284974 0.8405405405405405 0.5389221556886228 0.35911179173047475 0.3465346534653465,1092704.475860395,0.2342857142857143,453,16 7 1 1 0 366 -99,0.9411764705882353 0.0 0.0004317789291882556 0.0 0.0 0.0 0.066006600660066,941180.8543841278,0.03571428571428571,26686,15 626 1516 1297 68 2399 21,0.8823529411764706 1.0 0.6545768566493955 0.8756756756756757 0.40718562874251496 0.38916539050535986 0.46204620462046203,989819.4576816241,0.26285714285714284,529,17 540 1320 1245 90 2242 -14,1.0 0.8610662358642972 0.5699481865284974 0.8405405405405405 0.5389221556886228 0.35911179173047475 0.3465346534653465,1092704.475860395,0.2342857142857143,453,7 174 2311 1481 142 5583 163,0.4117647058823529 0.26978998384491115 0.9978411053540587 1.0 0.8502994011976048 0.9986600306278713 0.9306930693069307,449818.06255388,0.5614285714285714,33145,0 329 2031 1178 167 3907 68,0.0 0.5201938610662359 0.8769430051813472 0.7952702702702703 1.0 0.677833078101072 0.6171617161716172,61691.48192120452,0.76,14298,0 298 1355 1052 114 3624 135,0.0 0.4701130856219709 0.5850604490500864 0.7101351351351352 0.6826347305389222 0.6236600306278713 0.8382838283828383,53647.38654502164,0.72,20729,7 157 2316 1375 143 5590 184,0.4117647058823529 0.24232633279483037 1.0 0.9283783783783783 0.8562874251497006 1.0 1.0,447022.34628272936,0.5614285714285714,33509,0 330 1664 1161 150 3765 107,0.0 0.5218093699515347 0.7184801381692574 0.7837837837837838 0.8982035928143712 0.6506508422664625 0.7458745874587459,60246.594902921395,0.7585714285714286,14193,0 298 1359 1052 113 3617 139,0.0 0.4701130856219709 0.5867875647668394 0.7101351351351352 0.6766467065868264 0.6223200612557427 0.8514851485148515,53664.05870142037,0.72,20619,16 7 1 1 0 389 -119,0.9411764705882353 0.0 0.0004317789291882556 0.0 0.0 0.004402756508422665 0.0,941180.8324050922,0.03571428571428571,35201
resolved-p14d-c14d-3600-3rd/nsp-n30-d28-r0.10-rp2-fp2-s6,0 2 6 0 0 269 -44,0.0 0.0 0.0 0.0 0.0 0.0 0.0,0.0,0.6404761904761904,24849,1 63 164 157 40 936 -19,0.16666666666666666 0.23282442748091603 0.09955891619407688 0.11501831501831501 0.1423487544483986 0.2587276958882855 0.24752475247524752,191076.78656887356,0.09285714285714286,51355,2 80 211 144 40 996 -33,0.3333333333333333 0.29770992366412213 0.129174543163201 0.1054945054945055 0.1423487544483986 0.28200155159038015 0.10891089108910891,364518.7294387239,0.02857142857142857,50833,6 87 215 151 45 985 -37,1.0 0.3244274809160305 0.13169502205419029 0.11062271062271062 0.1601423487544484 0.27773467804499613 0.06930693069306931,1033889.1819113542,0.011904761904761904,17988,0 251 1506 1365 217 2790 57,0.0 0.950381679389313 0.945179584120983 1.0 0.7722419928825622 0.9778898370830101 1.0,105577.96687780021,0.4238095238095238,4233,0 263 1424 1183 235 2452 8,0.0 0.9961832061068703 0.8935097668557026 0.8666666666666667 0.8362989323843416 0.8467804499612103 0.5148514851485149,109512.69749513392,0.30238095238095236,3579,6 87 215 151 45 990 -25,1.0 0.3244274809160305 0.13169502205419029 0.11062271062271062 0.1601423487544484 0.2796741660201707 0.18811881188118812,1033889.3201181153,0.011904761904761904,14669,0 247 1590 1338 276 2813 45,0.0 0.9351145038167938 0.998109640831758 0.9802197802197802 0.9822064056939501 0.9868114817688131 0.8811881188118812,104581.73651372264,0.37142857142857144,4578,0 244 1330 1169 217 2436 26,0.0 0.9236641221374046 0.8342785129174544 0.8564102564102564 0.7722419928825622 0.8405740884406516 0.693069306930693,101651.93060880486,0.38333333333333336,3854,6 87 215 151 45 987 -29,1.0 0.3244274809160305 0.13169502205419029 0.11062271062271062 0.1601423487544484 0.27851047323506595 0.1485148514851485,1033889.268877227,0.011904761904761904,14690,0 246 1593 1336 281 2847 49,0.0 0.9312977099236641 1.0 0.9787545787545787 1.0 1.0 0.9207920792079208,104219.4463632002,0.38095238095238093,4672,0 244 1350 1127 221 2432 21,0.0 0.9236641221374046 0.8468809073724007 0.8256410256410256 0.7864768683274022 0.839022498060512 0.6435643564356436,101748.54378927528,0.30714285714285716,3749,6 87 274 247 61 1690 17,1.0 0.3244274809160305 0.1688720856962823 0.18095238095238095 0.21708185053380782 0.5512024825446082 0.6039603960396039,1034340.2454997932,0.011904761904761904,28864,0 192 1075 877 172 2250 41,0.0 0.7251908396946565 0.6735979836168872 0.6424908424908425 0.6120996441281139 0.7684251357641583 0.8415841584158416,79967.29044805423,0.7309523809523809,23516,0 256 1058 1313 179 2108 46,0.0 0.9694656488549618 0.6628859483301828 0.9619047619047619 0.6370106761565836 0.7133436772692009 0.8910891089108911,104609.05472420005,0.7642857142857142,20562,6 87 283 262 68 1737 16,1.0 0.3244274809160305 0.17454316320100818 0.19194139194139195 0.24199288256227758 0.5694336695112491 0.594059405940594,1034410.6087999118,0.011904761904761904,28704,0 128 1027 813 184 2525 37,0.0 0.48091603053435117 0.6433522369250158 0.5956043956043956 0.6548042704626335 0.8750969743987588 0.801980198019802,55195.76319527794,0.7714285714285715,26629,0 264 1110 1317 176 2109 40,0.0 1.0 0.6956521739130435 0.9648351648351648 0.6263345195729537 0.7137315748642359 0.8316831683168316,107991.95935483986,0.7666666666666667,20028,6 87 215 151 45 996 -21,1.0 0.3244274809160305 0.13169502205419029 0.11062271062271062 0.1601423487544484 0.28200155159038015 0.22772277227722773,1033889.3829959313,0.011904761904761904,41613
resolved-p14d-c14d-3600-3rd/nsp-n20-d28-r0.10-rp2-fp2-s0,0 0 0 0 0 50 -91,0.0 0.0 0.0 0.0 0.0 0.02702702702702703 0.0,0.2702702702702703,0.19285714285714287,325,0 0 0 0 0 52 -81,0.0 0.0 0.0 0.0 0.0 0.08108108108108109 0.16129032258064516,0.972101133391456,0.22857142857142856,321,0 0 0 0 0 49 -65,0.0 0.0 0.0 0.0 0.0 0.0 0.41935483870967744,0.41935483870967744,0.24285714285714285,293,0 0 0 0 0 78 -72,0.0 0.0 0.0 0.0 0.0 0.7837837837837838 0.3064516129032258,8.144289450741063,0.07857142857142857,193,0 0 0 0 0 86 -38,0.0 0.0 0.0 0.0 0.0 1.0 0.8548387096774194,10.85483870967742,0.37857142857142856,22,0 0 0 0 0 78 -48,0.0 0.0 0.0 0.0 0.0 0.7837837837837838 0.6935483870967742,8.531386224934613,0.07857142857142857,138,0 0 0 0 0 77 -65,0.0 0.0 0.0 0.0 0.0 0.7567567567567568 0.41935483870967744,7.9869224062772455,0.07857142857142857,371,0 0 0 0 0 83 -32,0.0 0.0 0.0 0.0 0.0 0.918918918918919 0.9516129032258065,10.140802092414996,0.24642857142857144,45,0 0 0 0 0 78 -54,0.0 0.0 0.0 0.0 0.0 0.7837837837837838 0.5967741935483871,8.434612031386225,0.07857142857142857,288,0 0 0 0 0 78 -63,0.0 0.0 0.0 0.0 0.0 0.7837837837837838 0.45161290322580644,8.289450741063645,0.07857142857142857,233,0 0 0 0 0 83 -48,0.0 0.0 0.0 0.0 0.0 0.918918918918919 0.6935483870967742,9.882737576285963,0.23214285714285715,39,0 0 0 0 0 78 -53,0.0 0.0 0.0 0.0 0.0 0.7837837837837838 0.6129032258064516,8.450741063644289,0.07857142857142857,200,0 0 0 0 0 77 -43,0.0 0.0 0.0 0.0 0.0 0.7567567567567568 0.7741935483870968,8.341761115954665,0.07857142857142857,357,0 0 0 0 0 70 -29,0.0 0.0 0.0 0.0 0.0 0.5675675675675675 1.0,6.675675675675675,0.6142857142857143,154,0 0 0 0 0 77 -63,0.0 0.0 0.0 0.0 0.0 0.7567567567567568 0.45161290322580644,8.019180470793374,0.07857142857142857,480,0 0 0 0 0 77 -41,0.0 0.0 0.0 0.0 0.0 0.7567567567567568 0.8064516129032258,8.374019180470794,0.07857142857142857,355,0 0 0 0 0 70 -29,0.0 0.0 0.0 0.0 0.0 0.5675675675675675 1.0,6.675675675675675,0.6142857142857143,154,0 0 0 0 0 77 -63,0.0 0.0 0.0 0.0 0.0 0.7567567567567568 0.45161290322580644,8.019180470793374,0.07857142857142857,480,0 0 0 0 0 77 -50,0.0 0.0 0.0 0.0 0.0 0.7567567567567568 0.6612903225806451,8.228857890148214,0.07857142857142857,271
resolved-p14d-c14d-3600-3rd/nsp-n50-d28-r0.10-rp2-fp2-s6,0 5 2 2 0 261 -184,0.0 0.0042796005706134095 0.000560695262125035 0.0012845215157353885 0.0 0.0 0.0,434.85153119832665,0.2,25584,0 2 2 0 0 327 -174,0.0 0.0 0.000560695262125035 0.0 0.0 0.006120745618102569 0.04,5.708160077431376,0.14142857142857143,25984,0 3 2 2 0 432 -154,0.0 0.0014265335235378032 0.000560695262125035 0.0012845215157353885 0.0 0.015858295465083928 0.12,149.82340944541687,0.08571428571428572,25842,6 6 0 4 0 436 -160,0.8571428571428571 0.005706134094151213 0.0 0.002569043031470777 0.0 0.01622924974496893 0.096,857716.2978878011,0.014285714285714285,24806,4 561 1192 1141 53 2199 -49,0.5714285714285714 0.797432239657632 0.3341743762265209 0.7328195247270392 0.12325581395348838 0.17972734860428452 0.54,655261.0215362082,0.21857142857142858,1660,3 703 1316 1103 80 2447 -43,0.42857142857142855 1.0 0.36893748247827307 0.7084136159280668 0.18604651162790697 0.20272651395715477 0.564,532990.4129284417,0.37285714285714283,1745,6 6 0 4 0 437 -156,0.8571428571428571 0.005706134094151213 0.0 0.002569043031470777 0.0 0.016321988314940184 0.112,857716.3148151867,0.014285714285714285,24800,4 561 1192 1141 53 2199 -49,0.5714285714285714 0.797432239657632 0.3341743762265209 0.7328195247270392 0.12325581395348838 0.17972734860428452 0.54,655261.0215362082,0.21857142857142858,1660,3 703 1316 1103 80 2447 -43,0.42857142857142855 1.0 0.36893748247827307 0.7084136159280668 0.18604651162790697 0.20272651395715477 0.564,532990.4129284417,0.37285714285714283,1745,6 6 0 4 0 437 -157,0.8571428571428571 0.005706134094151213 0.0 0.002569043031470777 0.0 0.016321988314940184 0.108,857716.3108151867,0.014285714285714285,24801,4 561 1192 1141 53 2199 -49,0.5714285714285714 0.797432239657632 0.3341743762265209 0.7328195247270392 0.12325581395348838 0.17972734860428452 0.54,655261.0215362082,0.21857142857142858,1660,3 703 1316 1103 80 2447 -43,0.42857142857142855 1.0 0.36893748247827307 0.7084136159280668 0.18604651162790697 0.20272651395715477 0.564,532990.4129284417,0.37285714285714283,1745,6 236 2708 1156 239 5674 66,0.8571428571428571 0.3338088445078459 0.7591813849172975 0.7424534360950545 0.5558139534883721 0.5019938792543819 1.0,898919.6102130512,0.4957142857142857,32959,0 2 2 0 0 489 -160,0.0 0.0 0.000560695262125035 0.0 0.0 0.021144393953445237 0.096,5.914396560784803,0.6042857142857143,23354,0 3 3567 1557 404 10978 -10,0.0 0.0014265335235378032 1.0 1.0 0.9395348837209302 0.9938792543818974 0.696,11247.241633269692,0.7614285714285715,31823,7 211 2832 1141 267 5812 65,1.0 0.29814550641940085 0.7939444911690496 0.7328195247270392 0.6209302325581395 0.5147918019104145 0.996,1038555.0520196327,0.4957142857142857,32232,0 2 2 0 0 511 -143,0.0 0.0 0.000560695262125035 0.0 0.0 0.02318464249281276 0.164,6.0027990461784775,0.6057142857142858,23350,0 2 3427 1207 430 11044 13,0.0 0.0 0.9607513316512476 0.775208734746307 1.0 1.0 0.788,10493.510051258783,0.7557142857142857,33001,6 6 0 4 0 431 -160,0.8571428571428571 0.005706134094151213 0.0 0.002569043031470777 0.0 0.01576555689511268 0.096,857716.2932508725,0.014285714285714285,30099
resolved-p14d-c14d-3600-3rd/nsp-n40-d28-r0.10-rp2-fp2-s1,0 2 0 2 0 229 -183,0.0 0.0 0.0 0.0 0.0 0.0 0.0,0.0,0.32321428571428573,35177,0 2 0 5 0 504 -163,0.0 0.0 0.0 0.0024671052631578946 0.0 0.08255779045331732 0.07662835249042145,3.3693115201814896,0.11785714285714285,42742,0 2 0 4 0 439 -144,0.0 0.0 0.0 0.001644736842105263 0.0 0.06304413089162414 0.14942528735632185,2.4246034383778263,0.11607142857142858,42701,11 3 0 2 1 429 -155,0.8461538461538461 0.0019011406844106464 0.0 0.0 0.004672897196261682 0.06004202942059442 0.10727969348659004,846345.1352119945,0.010714285714285714,43073,5 473 939 1005 92 1597 -27,0.38461538461538464 0.8954372623574145 0.49369085173501576 0.8248355263157895 0.42990654205607476 0.4106874812368658 0.5977011494252874,479968.55012495944,0.4232142857142857,4345,5 491 1009 1218 89 1620 -81,0.38461538461538464 0.9296577946768061 0.5304942166140905 1.0 0.4158878504672897 0.41759231462023416 0.39080459770114945,483932.2617619967,0.2375,4540,11 3 0 2 1 429 -157,0.8461538461538461 0.0019011406844106464 0.0 0.0 0.004672897196261682 0.06004202942059442 0.09961685823754789,846345.1275491593,0.010714285714285714,43074,4 528 917 1067 88 1611 -32,0.3076923076923077 1.0 0.482124079915878 0.8758223684210527 0.411214953271028 0.41489042329630743 0.578544061302682,413435.21980350884,0.28214285714285714,4648,5 491 1009 1218 89 1620 -81,0.38461538461538464 0.9296577946768061 0.5304942166140905 1.0 0.4158878504672897 0.41759231462023416 0.39080459770114945,483932.2617619967,0.2375,4540,11 3 0 2 1 462 -153,0.8461538461538461 0.0019011406844106464 0.0 0.0 0.004672897196261682 0.06994896427499249 0.11494252873563218,846345.2419441784,0.010714285714285714,43026,4 528 917 1067 88 1611 -32,0.3076923076923077 1.0 0.482124079915878 0.8758223684210527 0.411214953271028 0.41489042329630743 0.578544061302682,413435.21980350884,0.28214285714285714,4648,7 471 914 1187 97 1564 -46,0.5384615384615384 0.8916349809885932 0.480546792849632 0.9745065789473685 0.4532710280373832 0.40078054638246774 0.524904214559387,633454.8708803236,0.225,4320,12 282 1902 1080 214 3494 77,0.9230769230769231 0.532319391634981 1.0 0.8865131578947368 1.0 0.9801861302912038 0.9961685823754789,987306.1734282012,0.5053571428571428,33084,0 2 6 321 40 1440 -37,0.0 0.0 0.0031545741324921135 0.2623355263157895 0.18691588785046728 0.3635544881416992 0.5593869731800766,316.76778828035447,0.7,35750,0 2 9 276 36 1413 -46,0.0 0.0 0.00473186119873817 0.22532894736842105 0.16822429906542055 0.35544881416991897 0.524904214559387,293.54938161860343,0.6857142857142857,34961,13 283 1847 934 176 3560 78,1.0 0.5342205323193916 0.9710830704521556 0.7664473684210527 0.822429906542056 1.0 1.0,1063992.5742955361,0.5089285714285714,30900,0 2 0 143 14 1018 -23,0.0 0.0 0.0 0.11595394736842106 0.06542056074766354 0.23686580606424498 0.6130268199233716,125.47768832375323,0.6553571428571429,37247,0 2 6 210 35 1215 -58,0.0 0.0 0.0031545741324921135 0.17105263157894737 0.16355140186915887 0.29600720504353045 0.4789272030651341,222.39251234428482,0.6946428571428571,35305,11 3 0 2 1 460 -159,0.8461538461538461 0.0019011406844106464 0.0 0.0 0.004672897196261682 0.06934854398078655 0.09195402298850575,846345.2129514696,0.010714285714285714,43760
resolved-p14d-c14d-3600-3rd/nsp-n10-d28-r0.10-rp0-fp0-s3,0 0 0 0 0 75 -44,0.0 0.0 0.0 0.0 0.0 0.19230769230769232 0.0,1.9230769230769231,0.5642857142857143,215,0 0 0 0 0 70 -39,0.0 0.0 0.0 0.0 0.0 0.0 0.19230769230769232,0.19230769230769232,0.44285714285714284,238,0 0 0 0 0 72 -39,0.0 0.0 0.0 0.0 0.0 0.07692307692307693 0.19230769230769232,0.9615384615384616,0.5214285714285715,215,0 0 0 0 0 96 -25,0.0 0.0 0.0 0.0 0.0 1.0 0.7307692307692307,10.73076923076923,0.07142857142857142,62,0 0 0 0 0 93 -31,0.0 0.0 0.0 0.0 0.0 0.8846153846153846 0.5,9.346153846153847,0.2785714285714286,73,0 0 0 0 0 95 -27,0.0 0.0 0.0 0.0 0.0 0.9615384615384616 0.6538461538461539,10.269230769230768,0.07142857142857142,115,0 0 0 0 0 94 -28,0.0 0.0 0.0 0.0 0.0 0.9230769230769231 0.6153846153846154,9.846153846153847,0.07142857142857142,131,0 0 0 0 0 91 -28,0.0 0.0 0.0 0.0 0.0 0.8076923076923077 0.6153846153846154,8.692307692307692,0.45714285714285713,16,0 0 0 0 0 96 -27,0.0 0.0 0.0 0.0 0.0 1.0 0.6538461538461539,10.653846153846153,0.07142857142857142,127,0 0 0 0 0 92 -24,0.0 0.0 0.0 0.0 0.0 0.8461538461538461 0.7692307692307693,9.230769230769232,0.07142857142857142,115,0 0 0 0 0 94 -30,0.0 0.0 0.0 0.0 0.0 0.9230769230769231 0.5384615384615384,9.76923076923077,0.29285714285714287,22,0 0 0 0 0 95 -29,0.0 0.0 0.0 0.0 0.0 0.9615384615384616 0.5769230769230769,10.192307692307692,0.07142857142857142,145,0 0 0 0 0 95 -28,0.0 0.0 0.0 0.0 0.0 0.9615384615384616 0.6153846153846154,10.23076923076923,0.07142857142857142,232,0 0 0 0 0 93 -18,0.0 0.0 0.0 0.0 0.0 0.8846153846153846 1.0,9.846153846153847,0.5714285714285714,86,0 0 0 0 0 95 -25,0.0 0.0 0.0 0.0 0.0 0.9615384615384616 0.7307692307692307,10.346153846153845,0.07142857142857142,231,0 0 0 0 0 95 -28,0.0 0.0 0.0 0.0 0.0 0.9615384615384616 0.6153846153846154,10.23076923076923,0.07142857142857142,232,0 0 0 0 0 93 -19,0.0 0.0 0.0 0.0 0.0 0.8846153846153846 0.9615384615384616,9.807692307692308,0.5714285714285714,87,0 0 0 0 0 95 -25,0.0 0.0 0.0 0.0 0.0 0.9615384615384616 0.7307692307692307,10.346153846153845,0.07142857142857142,231,0 0 0 0 0 94 -24,0.0 0.0 0.0 0.0 0.0 0.9230769230769231 0.7692307692307693,10.000000000000002,0.09285714285714286,81
resolved-p14d-c14d-3600-3rd/nsp-n10-d28-r0.10-rp0-fp0-s5,0 0 2 0 0 117 -45,0.0 0.0 0.0 0.0 0.0 0.47058823529411764 0.1,4.805882352941176,0.40714285714285714,12146,0 0 2 0 0 118 -45,0.0 0.0 0.0 0.0 0.0 0.5294117647058824 0.1,5.394117647058823,0.22142857142857142,12120,0 0 2 0 0 118 -47,0.0 0.0 0.0 0.0 0.0 0.5294117647058824 0.0,5.294117647058823,0.2642857142857143,12109,2 0 3 0 0 110 -37,1.0 0.0 1.0 0.0 0.0 0.058823529411764705 0.5,1010001.0882352941,0.02142857142857143,3801,0 0 2 0 0 124 -30,0.0 0.0 0.0 0.0 0.0 0.8823529411764706 0.85,9.673529411764706,0.38571428571428573,19239,0 0 2 0 0 122 -41,0.0 0.0 0.0 0.0 0.0 0.7647058823529411 0.3,7.947058823529411,0.06428571428571428,8946,2 0 3 0 0 110 -37,1.0 0.0 1.0 0.0 0.0 0.058823529411764705 0.5,1010001.0882352941,0.02142857142857143,3801,0 0 2 0 0 124 -30,0.0 0.0 0.0 0.0 0.0 0.8823529411764706 0.85,9.673529411764706,0.38571428571428573,19239,0 0 2 0 0 122 -41,0.0 0.0 0.0 0.0 0.0 0.7647058823529411 0.3,7.947058823529411,0.06428571428571428,8946,2 0 3 0 0 110 -37,1.0 0.0 1.0 0.0 0.0 0.058823529411764705 0.5,1010001.0882352941,0.02142857142857143,3801,0 0 2 0 0 124 -30,0.0 0.0 0.0 0.0 0.0 0.8823529411764706 0.85,9.673529411764706,0.38571428571428573,19239,0 0 2 0 0 122 -41,0.0 0.0 0.0 0.0 0.0 0.7647058823529411 0.3,7.947058823529411,0.06428571428571428,8946,2 0 3 0 0 109 -36,1.0 0.0 1.0 0.0 0.0 0.0 0.55,1010000.55,0.02142857142857143,2881,0 0 2 0 0 126 -27,0.0 0.0 0.0 0.0 0.0 1.0 1.0,11.0,0.5714285714285714,5808,0 0 2 0 0 123 -34,0.0 0.0 0.0 0.0 0.0 0.8235294117647058 0.65,8.885294117647058,0.06428571428571428,6514,2 0 3 0 0 109 -36,1.0 0.0 1.0 0.0 0.0 0.0 0.55,1010000.55,0.02142857142857143,2881,0 0 2 0 0 126 -27,0.0 0.0 0.0 0.0 0.0 1.0 1.0,11.0,0.5642857142857143,5809,0 0 2 0 0 123 -34,0.0 0.0 0.0 0.0 0.0 0.8235294117647058 0.65,8.885294117647058,0.06428571428571428,6514,2 0 3 0 0 109 -39,1.0 0.0 1.0 0.0 0.0 0.0 0.4,1010000.4,0.02142857142857143,21527
resolved-p14d-c14d-3600-3rd/nsp-n20-d28-r0.10-rp2-fp2-s9,0 0 0 0 0 57 -69,0.0 0.0 0.0 0.0 0.0 0.0 0.0,0.0,0.37142857142857144,308,0 0 0 0 0 57 -66,0.0 0.0 0.0 0.0 0.0 0.0 0.04918032786885246,0.04918032786885246,0.3678571428571429,328,0 0 0 0 0 59 -51,0.0 0.0 0.0 0.0 0.0 0.06896551724137931 0.29508196721311475,0.9847371396269079,0.425,321,0 0 0 0 0 81 -27,0.0 0.0 0.0 0.0 0.0 0.8275862068965517 0.6885245901639344,8.964386659129453,0.07857142857142857,307,0 0 0 0 0 82 -34,0.0 0.0 0.0 0.0 0.0 0.8620689655172413 0.5737704918032787,9.194460146975691,0.5178571428571429,30,0 0 0 0 0 81 -10,0.0 0.0 0.0 0.0 0.0 0.8275862068965517 0.9672131147540983,9.243075183719617,0.07857142857142857,234,0 0 0 0 0 81 -43,0.0 0.0 0.0 0.0 0.0 0.8275862068965517 0.4262295081967213,8.70209157716224,0.07857142857142857,171,0 0 0 0 0 80 -8,0.0 0.0 0.0 0.0 0.0 0.7931034482758621 1.0,8.931034482758621,0.25,18,0 0 0 0 0 81 -35,0.0 0.0 0.0 0.0 0.0 0.8275862068965517 0.5573770491803278,8.833239118145846,0.07857142857142857,236,0 0 0 0 0 81 -41,0.0 0.0 0.0 0.0 0.0 0.8275862068965517 0.45901639344262296,8.73487846240814,0.07857142857142857,465,0 0 0 0 0 86 -16,0.0 0.0 0.0 0.0 0.0 1.0 0.8688524590163934,10.868852459016393,0.5464285714285714,38,0 0 0 0 0 80 -21,0.0 0.0 0.0 0.0 0.0 0.7931034482758621 0.7868852459016393,8.71791972866026,0.07857142857142857,355,0 0 0 0 0 81 -48,0.0 0.0 0.0 0.0 0.0 0.8275862068965517 0.3442622950819672,8.620124364047484,0.07857142857142857,485,0 0 0 0 0 78 -28,0.0 0.0 0.0 0.0 0.0 0.7241379310344828 0.6721311475409836,7.913510457885811,0.6142857142857143,106,0 0 0 0 0 81 -35,0.0 0.0 0.0 0.0 0.0 0.8275862068965517 0.5573770491803278,8.833239118145846,0.07857142857142857,398,0 0 0 0 0 81 -48,0.0 0.0 0.0 0.0 0.0 0.8275862068965517 0.3442622950819672,8.620124364047484,0.07857142857142857,485,0 0 0 0 0 78 -28,0.0 0.0 0.0 0.0 0.0 0.7241379310344828 0.6721311475409836,7.913510457885811,0.6142857142857143,106,0 0 0 0 0 81 -35,0.0 0.0 0.0 0.0 0.0 0.8275862068965517 0.5573770491803278,8.833239118145846,0.07857142857142857,398,0 0 0 0 0 82 -31,0.0 0.0 0.0 0.0 0.0 0.8620689655172413 0.6229508196721312,9.243640474844543,0.07857142857142857,190
resolved-p14d-c14d-3600-3rd/nsp-n50-d28-r0.10-rp2-fp2-s7,3 41 652 1301 76 3366 -121,0.13043478260869565 0.04202586206896552 0.1868669228082431 0.4416575790621592 0.008928571428571428 0.29440069991251094 0.0,136951.53248687877,0.4042857142857143,13568,21 346 1436 1244 149 3743 -4,0.9130434782608695 0.3706896551724138 0.4607055536150891 0.4105779716466739 0.6607142857142857 0.45931758530183725 0.44150943396226416,955201.1833997669,0.005714285714285714,36164,21 359 1402 1361 122 4060 21,0.9130434782608695 0.38469827586206895 0.44882989870764933 0.4743729552889858 0.41964285714285715 0.5979877515310587 0.5358490566037736,956524.4578017282,0.005714285714285714,32522,20 331 872 576 101 2751 25,0.8695652173913043 0.3545258620689655 0.2637093957387356 0.04634678298800436 0.23214285714285715 0.02537182852143482 0.5509433962264151,907725.2632859721,0.005714285714285714,31570,13 859 2258 2325 162 3026 49,0.5652173913043478 0.9234913793103449 0.7478169752008382 1.0 0.7767857142857143 0.14566929133858267 0.6415094339622641,666124.4757611667,0.24142857142857144,12722,16 877 2085 1928 157 2693 47,0.6956521739130435 0.9428879310344828 0.6873908487600419 0.7835332606324973 0.7321428571428571 0.0 0.6339622641509434,797672.2570127031,0.25857142857142856,11653,20 331 877 571 98 2779 13,0.8695652173913043 0.3545258620689655 0.26545581557806497 0.04362050163576881 0.20535714285714285 0.03762029746281715 0.5056603773584906,907737.3998332549,0.005714285714285714,31434,13 859 2258 2325 162 3026 49,0.5652173913043478 0.9234913793103449 0.7478169752008382 1.0 0.7767857142857143 0.14566929133858267 0.6415094339622641,666124.4757611667,0.24142857142857144,12722,13 930 1909 2148 170 2879 61,0.5652173913043478 1.0 0.6259168704156479 0.9034896401308615 0.8482142857142857 0.08136482939632546 0.6867924528301886,672466.3715179535,0.22142857142857142,11736,20 331 869 582 102 2752 22,0.8695652173913043 0.3545258620689655 0.26266154383513796 0.04961832061068702 0.24107142857142858 0.025809273840769902 0.539622641509434,907718.9422154002,0.005714285714285714,31602,13 860 2257 2325 162 3027 49,0.5652173913043478 0.9245689655172413 0.7474676912329724 1.0 0.7767857142857143 0.14610673665791776 0.6415094339622641,666228.7459166307,0.24142857142857144,12721,16 877 2104 1839 131 2767 35,0.6956521739130435 0.9428879310344828 0.6940272441494936 0.7350054525627044 0.5 0.03237095363079615 0.5886792452830188,797667.157299331,0.18428571428571427,11476,21 559 2980 1231 174 4771 132,0.9130434782608695 0.6002155172413793 1.0 0.4034896401308615 0.8839285714285714 0.9090113735783028 0.9547169811320755,983566.9573129981,0.6428571428571429,15209,0 2 117 491 75 2860 -12,0.0 0.0 0.0 0.0 0.0 0.07305336832895888 0.41132075471698115,1.14185443800657,0.8014285714285714,30093,0 263 1458 1016 163 3877 72,0.0 0.28125 0.4683898009081383 0.2862595419847328 0.7857142857142857 0.5179352580927384 0.7283018867924528,33179.63663410526,0.7457142857142857,19504,23 451 2887 1047 187 4979 144,1.0 0.4838362068965517 0.9675165909884736 0.3031624863685932 1.0 1.0 1.0,1058472.9490859085,0.6442857142857142,14494,0 2 252 574 129 3257 -8,0.0 0.0 0.04715333566189312 0.04525627044711014 0.48214285714285715 0.24671916010498687 0.42641509433962266,567.8975194757165,0.7942857142857143,30001,0 268 1334 926 165 4083 88,0.0 0.28663793103448276 0.42507858889276984 0.2371864776444929 0.8035714285714286 0.6080489938757655 0.7886792452830189,33238.991782061654,0.7457142857142857,18380,20 331 961 492 84 2843 -23,0.8695652173913043 0.3545258620689655 0.2947956688787985 0.0005452562704471102 0.08035714285714286 0.06561679790026247 0.36981132075471695,907975.3672368448,0.005714285714285714,39428
resolved-p14d-c14d-3600-3rd/nsp-n30-d28-r0.10-rp2-fp2-s4,1 9 0 1 0 114 -127,0.06666666666666667 0.021341463414634148 0.0 0.0011494252873563218 0.0 0.0 0.0,68801.96243341744,0.2833333333333333,30096,0 6 1 3 0 138 -75,0.0 0.012195121951219513 0.0008210180623973727 0.0034482758620689655 0.0 0.009538950715421303 0.2653061224489796,1231.5313472375972,0.20476190476190476,42825,1 9 0 2 0 137 -85,0.06666666666666667 0.021341463414634148 0.0 0.0022988505747126436 0.0 0.009141494435612083 0.21428571428571427,68803.41755936346,0.16666666666666666,42628,8 8 2 8 0 148 -74,0.5333333333333333 0.018292682926829267 0.0016420361247947454 0.009195402298850575 0.0 0.013513513513513514 0.27040816326530615,535188.6229328616,0.02857142857142857,42286,0 329 596 870 70 1346 -17,0.0 0.9969512195121951 0.48932676518883417 1.0 0.5343511450381679 0.48966613672496023 0.5612244897959183,105647.28260346872,0.25,6911,0 224 522 676 95 1343 11,0.0 0.676829268292683 0.42857142857142855 0.7770114942528735 0.7251908396946565 0.4884737678855326 0.7040816326530612,72823.76051251644,0.4738095238095238,3675,8 8 2 8 0 148 -72,0.5333333333333333 0.018292682926829267 0.0016420361247947454 0.009195402298850575 0.0 0.013513513513513514 0.28061224489795916,535188.6331369431,0.02857142857142857,42284,0 330 582 739 69 1340 4,0.0 1.0 0.47783251231527096 0.8494252873563218 0.5267175572519084 0.4872813990461049 0.6683673469387755,105685.96334757163,0.25,6893,0 220 703 718 99 1601 16,0.0 0.6646341463414634 0.577175697865353 0.825287356321839 0.7557251908396947 0.5910174880763116 0.7295918367346939,73142.67125492319,0.47619047619047616,4814,8 8 2 8 0 148 -73,0.5333333333333333 0.018292682926829267 0.0016420361247947454 0.009195402298850575 0.0 0.013513513513513514 0.2755102040816326,535188.6280349023,0.02857142857142857,42285,0 330 583 738 68 1348 4,0.0 1.0 0.47865353037766833 0.8482758620689655 0.5190839694656488 0.4904610492845787 0.6683673469387755,105692.292540632,0.25,6892,0 218 775 766 103 1712 -18,0.0 0.6585365853658537 0.6362889983579638 0.8804597701149425 0.7862595419847328 0.6351351351351351 0.5561224489795918,73182.54171827875,0.4380952380952381,6121,15 205 1218 776 131 2630 56,1.0 0.6189024390243902 1.0 0.8919540229885058 1.0 1.0 0.9336734693877551,1072893.1315988968,0.5214285714285715,45365,0 36 448 391 85 2005 44,0.0 0.10365853658536585 0.367816091954023 0.4494252873563218 0.648854961832061 0.7515898251192369 0.8724489795918368,14566.713708847126,0.6928571428571428,57855,0 2 0 0 0 285 -60,0.0 0.0 0.0 0.0 0.0 0.0679650238473768 0.34183673469387754,1.0214869731676455,0.4023809523809524,44962,7 167 1080 754 110 2545 69,0.4666666666666667 0.5030487804878049 0.8866995073891626 0.8666666666666667 0.8396946564885496 0.9662162162162162 1.0,526799.8380838165,0.5261904761904762,40500,0 35 445 376 74 1944 42,0.0 0.10060975609756098 0.36535303776683087 0.432183908045977 0.5648854961832062 0.7273449920508744 0.8622448979591837,14211.314139907174,0.6928571428571428,58973,0 2 0 0 0 285 -60,0.0 0.0 0.0 0.0 0.0 0.0679650238473768 0.34183673469387754,1.0214869731676455,0.4023809523809524,44962,8 8 2 8 0 148 -90,0.5333333333333333 0.018292682926829267 0.0016420361247947454 0.009195402298850575 0.0 0.013513513513513514 0.18877551020408162,535188.5413002084,0.02857142857142857,38994
resolved-p14d-c14d-3600-3rd/nsp-n50-d28-r0.10-rp2-fp2-s1,0 5 0 34 0 553 -128,0.0 0.007716049382716049 0.0 0.02782608695652174 0.0 0.09222737819025523 0.32592592592592595,800.6792249359551,0.12714285714285714,10288,10 6 388 175 12 1901 -45,0.7142857142857143 0.009259259259259259 0.327150084317032 0.15043478260869564 0.15384615384615385 0.8741299303944315 0.9407407407407408,718658.6424928486,0.014285714285714285,40916,10 8 431 122 7 2046 -77,0.7142857142857143 0.012345679012345678 0.3634064080944351 0.10434782608695652 0.08974358974358974 0.9582366589327146 0.7037037037037037,719277.9545232477,0.014285714285714285,40311,10 5 2 2 0 412 -171,0.7142857142857143 0.007716049382716049 0.0016863406408094434 0.0 0.0 0.010440835266821345 0.007407407407407408,715074.294446154,0.014285714285714285,17057,12 579 1186 972 78 2034 -37,0.8571428571428571 0.8935185185185185 1.0 0.8434782608695652 1.0 0.951276102088167 1.0,957448.7000165994,0.2571428571428571,7291,14 476 999 963 70 2118 -51,1.0 0.7345679012345679 0.842327150084317 0.8356521739130435 0.8974358974358975 1.0 0.8962962962962963,1082816.3536842528,0.1757142857142857,7128,10 5 2 2 0 412 -172,0.7142857142857143 0.007716049382716049 0.0016863406408094434 0.0 0.0 0.010440835266821345 0.0,715074.2870387466,0.014285714285714285,17058,11 648 1013 1152 64 1962 -57,0.7857142857142857 1.0 0.8541315345699831 1.0 0.8205128205128205 0.9095127610208816 0.8518518518518519,895347.5993214988,0.16428571428571428,7304,12 516 1055 878 53 1895 -62,0.8571428571428571 0.7962962962962963 0.8895446880269815 0.7617391304347826 0.6794871794871795 0.8706496519721578 0.8148148148148148,946507.1428124746,0.17857142857142858,7182,10 5 2 2 0 394 -149,0.7142857142857143 0.007716049382716049 0.0016863406408094434 0.0 0.0 0.0 0.17037037037037037,715074.3530007644,0.014285714285714285,17099,12 579 1186 972 78 2034 -37,0.8571428571428571 0.8935185185185185 1.0 0.8434782608695652 1.0 0.951276102088167 1.0,957448.7000165994,0.2571428571428571,7291,12 516 1055 878 53 1895 -62,0.8571428571428571 0.7962962962962963 0.8895446880269815 0.7617391304347826 0.6794871794871795 0.8706496519721578 0.8148148148148148,946507.1428124746,0.17857142857142858,7182,10 5 2 2 0 428 -141,0.7142857142857143 0.007716049382716049 0.0016863406408094434 0.0 0.0 0.019721577726218097 0.22962962962962963,715074.6094758009,0.014285714285714285,22407,0 0 2 6 0 1083 -66,0.0 0.0 0.0016863406408094434 0.0034782608695652175 0.0 0.3996519721577726 0.7851851851851852,25.123372184422564,0.6585714285714286,9038,0 0 2 2 0 452 -146,0.0 0.0 0.0016863406408094434 0.0 0.0 0.033642691415313224 0.1925925925925926,17.39242591484016,0.055714285714285716,9261,10 5 2 2 0 418 -146,0.7142857142857143 0.007716049382716049 0.0016863406408094434 0.0 0.0 0.013921113689095127 0.1925925925925926,715074.5144341234,0.014285714285714285,22426,0 0 2 2 0 436 -162,0.0 0.0 0.0016863406408094434 0.0 0.0 0.024361948955916472 0.07407407407407407,17.181099971727672,0.6642857142857143,9221,0 0 2 2 0 454 -162,0.0 0.0 0.0016863406408094434 0.0 0.0 0.03480278422273782 0.07407407407407407,17.285508324395884,0.055714285714285716,9254,10 5 2 2 0 437 -160,0.7142857142857143 0.007716049382716049 0.0016863406408094434 0.0 0.0 0.02494199535962877 0.08888888888888889,715074.5209392365,0.014285714285714285,33482
resolved-p14d-c14d-3600-3rd/nsp-n20-d28-r0.10-rp2-fp2-s7,0 0 0 0 0 45 -94,0.0 0.0 0.0 0.0 0.0 0.0 0.0,0.0,0.5107142857142857,359,0 0 0 0 0 45 -86,0.0 0.0 0.0 0.0 0.0 0.0 0.1111111111111111,0.1111111111111111,0.475,300,0 0 0 0 0 45 -89,0.0 0.0 0.0 0.0 0.0 0.0 0.06944444444444445,0.06944444444444445,0.44285714285714284,293,0 0 0 0 0 81 -46,0.0 0.0 0.0 0.0 0.0 0.8372093023255814 0.6666666666666666,9.03875968992248,0.17142857142857143,107,0 0 0 0 0 79 -48,0.0 0.0 0.0 0.0 0.0 0.7906976744186046 0.6388888888888888,8.545865633074936,0.3821428571428571,24,0 0 0 0 0 79 -53,0.0 0.0 0.0 0.0 0.0 0.7906976744186046 0.5694444444444444,8.476421188630491,0.17142857142857143,100,0 0 0 0 0 83 -59,0.0 0.0 0.0 0.0 0.0 0.8837209302325582 0.4861111111111111,9.323320413436692,0.17142857142857143,99,0 0 0 0 0 70 -29,0.0 0.0 0.0 0.0 0.0 0.5813953488372093 0.9027777777777778,6.716731266149871,0.42857142857142855,14,0 0 0 0 0 81 -39,0.0 0.0 0.0 0.0 0.0 0.8372093023255814 0.7638888888888888,9.135981912144704,0.17142857142857143,155,0 0 0 0 0 79 -41,0.0 0.0 0.0 0.0 0.0 0.7906976744186046 0.7361111111111112,8.643087855297157,0.17142857142857143,107,0 0 0 0 0 64 -22,0.0 0.0 0.0 0.0 0.0 0.4418604651162791 1.0,5.4186046511627906,0.4035714285714286,11,0 0 0 0 0 79 -55,0.0 0.0 0.0 0.0 0.0 0.7906976744186046 0.5416666666666666,8.448643410852712,0.17142857142857143,121,0 0 0 0 0 77 -43,0.0 0.0 0.0 0.0 0.0 0.7441860465116279 0.7083333333333334,8.150193798449612,0.17142857142857143,379,0 0 0 0 0 61 -34,0.0 0.0 0.0 0.0 0.0 0.37209302325581395 0.8333333333333334,4.554263565891473,0.5964285714285714,85,0 0 0 0 0 77 -43,0.0 0.0 0.0 0.0 0.0 0.7441860465116279 0.7083333333333334,8.150193798449612,0.17142857142857143,317,0 0 0 0 0 78 -51,0.0 0.0 0.0 0.0 0.0 0.7674418604651163 0.5972222222222222,8.271640826873385,0.17142857142857143,371,0 0 0 0 0 61 -34,0.0 0.0 0.0 0.0 0.0 0.37209302325581395 0.8333333333333334,4.554263565891473,0.5964285714285714,85,0 0 0 0 0 77 -43,0.0 0.0 0.0 0.0 0.0 0.7441860465116279 0.7083333333333334,8.150193798449612,0.17142857142857143,317,0 0 0 0 0 88 -48,0.0 0.0 0.0 0.0 0.0 1.0 0.6388888888888888,10.63888888888889,0.17142857142857143,97
resolved-p14d-c14d-3600-3rd/nsp-n10-d28-r0.10-rp0-fp0-s0,0 1 0 0 0 75 -38,0.0 0.0 0.0 0.0 0.0 0.08 0.0,0.8,0.45714285714285713,20980,0 1 0 0 0 73 -35,0.0 0.0 0.0 0.0 0.0 0.0 0.17647058823529413,0.17647058823529413,0.4714285714285714,20987,0 1 0 0 0 73 -37,0.0 0.0 0.0 0.0 0.0 0.0 0.058823529411764705,0.058823529411764705,0.4857142857142857,20956,2 3 0 0 0 85 -25,1.0 1.0 0.0 0.0 0.0 0.48 0.7647058823529411,1100005.5647058825,0.02142857142857143,3790,0 1 0 0 0 98 -21,0.0 0.0 0.0 0.0 0.0 1.0 1.0,11.0,0.4142857142857143,19913,0 1 0 0 0 90 -25,0.0 0.0 0.0 0.0 0.0 0.68 0.7647058823529411,7.564705882352942,0.09285714285714286,15244,2 3 0 0 0 85 -31,1.0 1.0 0.0 0.0 0.0 0.48 0.4117647058823529,1100005.2117647058,0.02142857142857143,4809,0 1 0 0 0 98 -21,0.0 0.0 0.0 0.0 0.0 1.0 1.0,11.0,0.4142857142857143,19913,0 1 0 0 0 90 -25,0.0 0.0 0.0 0.0 0.0 0.68 0.7647058823529411,7.564705882352942,0.09285714285714286,15244,2 3 0 0 0 85 -31,1.0 1.0 0.0 0.0 0.0 0.48 0.4117647058823529,1100005.2117647058,0.02142857142857143,4260,0 1 0 0 0 98 -21,0.0 0.0 0.0 0.0 0.0 1.0 1.0,11.0,0.4142857142857143,19913,0 1 0 0 0 90 -25,0.0 0.0 0.0 0.0 0.0 0.68 0.7647058823529411,7.564705882352942,0.09285714285714286,15244,2 3 0 0 0 84 -32,1.0 1.0 0.0 0.0 0.0 0.44 0.35294117647058826,1100004.7529411763,0.02142857142857143,4150,0 1 0 0 0 91 -21,0.0 0.0 0.0 0.0 0.0 0.72 1.0,8.2,0.75,33540,0 1 0 0 0 92 -26,0.0 0.0 0.0 0.0 0.0 0.76 0.7058823529411765,8.305882352941175,0.09285714285714286,29646,2 3 0 0 0 84 -32,1.0 1.0 0.0 0.0 0.0 0.44 0.35294117647058826,1100004.7529411763,0.02142857142857143,4150,0 1 0 0 0 91 -21,0.0 0.0 0.0 0.0 0.0 0.72 1.0,8.2,0.75,33540,0 1 0 0 0 92 -26,0.0 0.0 0.0 0.0 0.0 0.76 0.7058823529411765,8.305882352941175,0.09285714285714286,29646,2 3 0 0 0 84 -31,1.0 1.0 0.0 0.0 0.0 0.44 0.4117647058823529,1100004.8117647057,0.02142857142857143,9352
resolved-p14d-c14d-3600-3rd/nsp-n40-d28-r0.10-rp2-fp2-s3,0 3 0 2 0 217 -124,0.0 0.005802707930367505 0.0 0.0008045052292839903 0.0 0.0 0.025,581.1002982660345,0.20535714285714285,45852,0 5 0 2 0 253 -115,0.0 0.009671179883945842 0.0 0.0008045052292839903 0.0 0.010938924339106655 0.1,968.1318828672594,0.14642857142857144,46109,0 5 0 3 0 279 -127,0.0 0.009671179883945842 0.0 0.0016090104585679806 0.0 0.018839258584017016 0.0,968.9153914389924,0.12321428571428572,45781,13 5 0 3 0 272 -104,1.0 0.009671179883945842 0.0 0.0016090104585679806 0.0 0.01671224551807961 0.19166666666666668,1000969.085787975,0.01607142857142857,17859,3 462 1019 1014 74 1810 -67,0.23076923076923078 0.8936170212765957 0.9417744916820703 0.8149637972646823 0.5362318840579711 0.4840474020054695 0.5,330422.6052734016,0.33214285714285713,14814,8 517 1082 1108 86 1969 -16,0.6153846153846154 1.0 1.0 0.8905872888173774 0.6231884057971014 0.5323609845031905 0.925,726343.7701238575,0.2625,12273,13 5 0 3 0 272 -104,1.0 0.009671179883945842 0.0 0.0016090104585679806 0.0 0.01671224551807961 0.19166666666666668,1000969.085787975,0.01607142857142857,17859,3 482 910 1238 69 1773 -7,0.23076923076923078 0.9323017408123792 0.8410351201478743 0.995172968624296 0.5 0.4728046186569432 1.0,333460.65706675826,0.3339285714285714,14770,8 517 1082 1108 86 1969 -16,0.6153846153846154 1.0 1.0 0.8905872888173774 0.6231884057971014 0.5323609845031905 0.925,726343.7701238575,0.2625,12273,13 5 0 3 0 272 -103,1.0 0.009671179883945842 0.0 0.0016090104585679806 0.0 0.01671224551807961 0.2,1000969.0941213083,0.01607142857142857,17858,3 482 910 1244 69 1773 -8,0.23076923076923078 0.9323017408123792 0.8410351201478743 1.0 0.5 0.4728046186569432 0.9916666666666667,333465.4757648006,0.3339285714285714,14769,8 517 1077 1109 87 1969 -16,0.6153846153846154 1.0 0.9953789279112755 0.8913917940466614 0.6304347826086957 0.5323609845031905 0.925,726299.0885458806,0.2625,12274,13 5 0 3 0 286 -98,1.0 0.009671179883945842 0.0 0.0016090104585679806 0.0 0.020966271649954422 0.24166666666666667,1000969.1783282363,0.01607142857142857,34080,0 0 128 496 138 3508 -39,0.0 0.0 0.11829944547134935 0.39823008849557523 1.0 1.0 0.7333333333333333,1691.9578765424021,0.6785714285714286,17347,0 0 0 1 0 738 -77,0.0 0.0 0.0 0.0 0.0 0.15831054390762686 0.4166666666666667,1.9997721057429354,0.32857142857142857,14846,13 5 59 126 14 883 -44,1.0 0.009671179883945842 0.054528650646950096 0.1005631536604988 0.10144927536231885 0.2023701002734731 0.6916666666666667,1001625.8279437302,0.01607142857142857,28177,0 0 128 483 126 3460 -38,0.0 0.0 0.11829944547134935 0.38777152051488334 0.9130434782608695 0.9854147675478578 0.7416666666666667,1672.666137396609,0.6732142857142858,17432,0 0 0 1 0 680 -84,0.0 0.0 0.0 0.0 0.0 0.14068672136128837 0.35833333333333334,1.765200546946217,0.32142857142857145,14857,13 5 0 3 0 251 -123,1.0 0.009671179883945842 0.0 0.0016090104585679806 0.0 0.010331206320267397 0.03333333333333333,1000968.8636442496,0.01607142857142857,37836
resolved-p14d-c14d-3600-3rd/nsp-n30-d28-r0.10-rp2-fp2-s1,0 1 4 2 0 140 -142,0.0 0.004048582995951417 0.0 0.0 0.0 0.0 0.0,404.8582995951417,0.38095238095238093,39408,0 1 4 2 0 192 -69,0.0 0.004048582995951417 0.0 0.0 0.0 0.022099447513812154 0.48026315789473684,405.5595572281746,0.3,39489,0 1 4 53 4 483 -51,0.0 0.004048582995951417 0.0 0.054429028815368194 0.029197080291970802 0.1457713557161071 0.5986842105263158,464.26343420739437,0.10714285714285714,39464,7 2 5 57 6 536 -73,1.0 0.008097165991902834 0.0009337068160597573 0.05869797225186766 0.043795620437956206 0.16829579260518487 0.45394736842105265,1000884.2681069411,0.007142857142857143,16549,0 235 1053 857 122 2350 10,0.0 0.951417004048583 0.9794584500466853 0.9124866595517609 0.8905109489051095 0.9392265193370166 1.0,105948.2149249608,0.5119047619047619,8734,0 238 644 821 130 1894 6,0.0 0.9635627530364372 0.5975723622782446 0.8740661686232657 0.948905109489051 0.7454313642158946 0.9736842105263158,103309.383603851,0.4738095238095238,11308,7 2 5 57 6 536 -74,1.0 0.008097165991902834 0.0009337068160597573 0.05869797225186766 0.043795620437956206 0.16829579260518487 0.4473684210526316,1000884.2615279937,0.007142857142857143,16550,0 235 1054 855 118 2299 -10,0.0 0.951417004048583 0.9803921568627451 0.9103521878335112 0.8613138686131386 0.91755206119847 0.868421052631579,105952.1494898452,0.28809523809523807,8721,0 247 760 790 105 1754 -13,0.0 1.0 0.7058823529411765 0.8409818569903948 0.7664233576642335 0.685932851678708 0.8486842105263158,107984.15573489589,0.20952380952380953,10920,7 2 5 57 6 548 -54,1.0 0.008097165991902834 0.0009337068160597573 0.05869797225186766 0.043795620437956206 0.1733956651083723 0.5789473684210527,1000884.4441056661,0.007142857142857143,16504,0 234 1075 939 137 2493 4,0.0 0.9473684210526315 1.0 1.0 1.0 1.0 0.9605263157894737,105847.80263157893,0.5476190476190477,8775,0 245 637 861 102 1640 -5,0.0 0.9919028340080972 0.5910364145658263 0.9167556029882604 0.7445255474452555 0.6374840628984275 0.9013157894736842,106099.13186061924,0.4,10961,7 2 5 57 6 565 -61,1.0 0.008097165991902834 0.0009337068160597573 0.05869797225186766 0.043795620437956206 0.1806204844878878 0.5328947368421053,1000884.4703012283,0.007142857142857143,18881,0 0 100 257 46 1175 -13,0.0 0.0 0.0896358543417367 0.272145144076841 0.3357664233576642 0.439864003399915 0.8486842105263158,1207.3276540744996,0.680952380952381,22373,0 0 14 187 48 942 -9,0.0 0.0 0.009337068160597572 0.19743863393810032 0.35036496350364965 0.3408414789630259 0.875,330.1292266840713,0.611904761904762,24602,7 2 5 57 6 570 -53,1.0 0.008097165991902834 0.0009337068160597573 0.05869797225186766 0.043795620437956206 0.1827454313642159 0.5855263157894737,1000884.5441822761,0.007142857142857143,18852,0 0 98 247 47 1201 -5,0.0 0.0 0.08776844070961717 0.26147278548559233 0.34306569343065696 0.4509137271568211 0.9013157894736842,1178.874214985872,0.6738095238095239,22610,0 0 18 141 25 958 5,0.0 0.0 0.013071895424836602 0.14834578441835647 0.18248175182481752 0.3476413089672758 0.9671052631578947,301.7564322020349,0.611904761904762,24296,7 2 5 57 6 541 -53,1.0 0.008097165991902834 0.0009337068160597573 0.05869797225186766 0.043795620437956206 0.17042073948151296 0.5855263157894737,1000884.4209353573,0.007142857142857143,45448
resolved-p14d-c14d-3600-3rd/nsp-n20-d28-r0.10-rp2-fp2-s6,0 0 2 6 0 65 -84,0.0 0.0 0.0 0.0 0.0 0.0025015634771732333 0.06481481481481481,0.08983044958654715,0.30714285714285716,16958,0 0 2 6 0 68 -90,0.0 0.0 0.0 0.0 0.0 0.004377736085053158 0.009259259259259259,0.05303662010979084,0.34285714285714286,16991,0 0 2 7 0 61 -91,0.0 0.0 0.0 0.002188183807439825 0.0 0.0 0.0,2.1881838074398248,0.3357142857142857,16985,2 0 2 9 0 79 -71,0.6666666666666666 0.0 0.0 0.006564551422319475 0.0 0.01125703564727955 0.18518518518518517,666673.5289736306,0.007142857142857143,28544,0 14 348 344 58 1248 -4,0.0 0.34146341463414637 0.854320987654321 0.7396061269146609 0.43283582089552236 0.742338961851157 0.8055555555555556,43480.66999413612,0.5821428571428572,55532,0 41 404 463 134 1660 17,0.0 1.0 0.9925925925925926 1.0 1.0 1.0 1.0,111036.92592592593,0.6035714285714285,50877,2 0 2 9 0 79 -71,0.6666666666666666 0.0 0.0 0.006564551422319475 0.0 0.01125703564727955 0.18518518518518517,666673.5289736306,0.007142857142857143,28544,0 17 343 297 77 1042 -25,0.0 0.4146341463414634 0.8419753086419753 0.6367614879649891 0.5746268656716418 0.6135084427767354 0.6111111111111112,50584.138090637134,0.32857142857142857,53900,0 12 382 327 83 1379 10,0.0 0.2926829268292683 0.9382716049382716 0.7024070021881839 0.6194029850746269 0.8242651657285803 0.9351851851851852,39424.53386984766,0.6107142857142858,63614,2 0 2 9 0 79 -71,0.6666666666666666 0.0 0.0 0.006564551422319475 0.0 0.01125703564727955 0.18518518518518517,666673.5289736306,0.007142857142857143,28544,0 13 318 328 72 1263 3,0.0 0.3170731707317073 0.7802469135802469 0.7045951859956237 0.5373134328358209 0.7517198248905566 0.8703703703703703,40276.50030687168,0.6,56942,0 7 287 404 88 1442 9,0.0 0.17073170731707318 0.7037037037037037 0.8708971553610503 0.6567164179104478 0.8636647904940588 0.9259259259259259,25056.33913972732,0.65,67523,3 20 407 234 60 1454 14,1.0 0.4878048780487805 1.0 0.4989059080962801 0.44776119402985076 0.8711694809255784 0.9722222222222222,1059333.8537494089,0.3678571428571429,83293,0 0 2 6 0 98 -31,0.0 0.0 0.0 0.0 0.0 0.023139462163852407 0.5555555555555556,0.7869501771940797,0.6,45275,0 0 2 6 0 105 -76,0.0 0.0 0.0 0.0 0.0 0.027517198248905566 0.1388888888888889,0.41406087137794456,0.05357142857142857,29898,2 18 362 225 45 1491 15,0.6666666666666666 0.43902439024390244 0.8888888888888888 0.47921225382932164 0.3358208955223881 0.8943089430894309 0.9814814814814815,719980.7134942397,0.36428571428571427,91493,0 0 2 6 0 98 -42,0.0 0.0 0.0 0.0 0.0 0.023139462163852407 0.4537037037037037,0.6850983253422278,0.5357142857142857,45276,0 0 2 6 0 105 -75,0.0 0.0 0.0 0.0 0.0 0.027517198248905566 0.14814814814814814,0.4233201306372038,0.05357142857142857,29897,2 0 2 9 0 77 -62,0.6666666666666666 0.0 0.0 0.006564551422319475 0.0 0.010006253908692933 0.26851851851851855,666673.5997991466,0.007142857142857143,20835
resolved-p14d-c14d-3600-3rd/nsp-n20-d28-r0.10-rp2-fp2-s8,0 1 1 1 0 71 -39,0.0 0.0 0.0 0.0049261083743842365 0.0 0.0 0.0,4.926108374384237,0.6357142857142857,19179,0 1 5 29 2 269 8,0.0 0.0 0.016 0.14285714285714285 0.02040816326530612 0.13580246913580246 0.5108695652173914,306.7668534402489,0.4107142857142857,19128,0 1 47 79 13 497 13,0.0 0.0 0.184 0.3891625615763547 0.1326530612244898 0.29218106995884774 0.5652173913043478,2245.914895789697,0.18928571428571428,31639,6 1 119 92 29 690 20,1.0 0.0 0.472 0.45320197044334976 0.29591836734693877 0.42455418381344306 0.6413043478260869,1005207.6806533639,0.010714285714285714,9448,0 1 1 0 0 122 -4,0.0 0.0 0.0 0.0 0.0 0.03497942386831276 0.3804347826086957,0.7302290212918232,0.625,17980,0 1 1 1 0 256 8,0.0 0.0 0.0 0.0049261083743842365 0.0 0.12688614540466392 0.5108695652173914,6.705839393648268,0.425,32178,6 1 119 92 29 690 22,1.0 0.0 0.472 0.45320197044334976 0.29591836734693877 0.42455418381344306 0.6630434782608695,1005207.7023924944,0.010714285714285714,9446,0 1 1 0 0 122 3,0.0 0.0 0.0 0.0 0.0 0.03497942386831276 0.45652173913043476,0.8063159778135623,0.6392857142857142,17979,0 1 1 2 0 273 4,0.0 0.0 0.0 0.009852216748768473 0.0 0.13854595336076816 0.4673913043478261,11.705067586723981,0.43214285714285716,32125,6 1 119 92 29 690 22,1.0 0.0 0.472 0.45320197044334976 0.29591836734693877 0.42455418381344306 0.6630434782608695,1005207.7023924944,0.010714285714285714,9446,0 1 1 0 0 122 -4,0.0 0.0 0.0 0.0 0.0 0.03497942386831276 0.3804347826086957,0.7302290212918232,0.625,17980,0 1 1 1 0 284 2,0.0 0.0 0.0 0.0049261083743842365 0.0 0.14609053497942387 0.44565217391304346,6.832665898091518,0.42857142857142855,32170,6 1 119 92 29 690 22,1.0 0.0 0.472 0.45320197044334976 0.29591836734693877 0.42455418381344306 0.6630434782608695,1005207.7023924944,0.010714285714285714,19864,0 1 87 149 67 1354 35,0.0 0.0 0.344 0.7339901477832512 0.6836734693877551 0.8799725651577504 0.8043478260869565,4251.961568199691,0.6464285714285715,64785,0 1 232 203 98 1508 51,0.0 0.0 0.924 1.0 1.0 0.98559670781893 0.9782608695652174,10350.834227947755,0.6785714285714286,59274,6 1 119 92 29 690 20,1.0 0.0 0.472 0.45320197044334976 0.29591836734693877 0.42455418381344306 0.6413043478260869,1005207.6806533639,0.010714285714285714,19865,0 1 101 151 85 1416 39,0.0 0.0 0.4 0.7438423645320197 0.8673469387755102 0.9224965706447188 0.8478260869565217,4840.649850202975,0.6785714285714286,63511,0 1 251 201 97 1529 53,0.0 0.0 1.0 0.9901477832512315 0.9897959183673469 1.0 1.0,11100.127375087966,0.6571428571428571,58434,6 1 119 92 29 687 22,1.0 0.0 0.472 0.45320197044334976 0.29591836734693877 0.4224965706447188 0.6630434782608695,1005207.6818163628,0.010714285714285714,36521
resolved-p14d-c14d-3600-3rd/nsp-n10-d28-r0.10-rp0-fp0-s2,0 0 0 0 0 68 -47,0.0 0.0 0.0 0.0 0.0 0.0 0.07142857142857142,0.07142857142857142,0.42142857142857143,236,0 0 0 0 0 68 -49,0.0 0.0 0.0 0.0 0.0 0.0 0.0,0.0,0.38571428571428573,226,0 0 0 0 0 68 -47,0.0 0.0 0.0 0.0 0.0 0.0 0.07142857142857142,0.07142857142857142,0.38571428571428573,209,0 0 0 0 0 93 -36,0.0 0.0 0.0 0.0 0.0 0.8928571428571429 0.4642857142857143,9.392857142857142,0.12142857142857143,142,0 0 0 0 0 90 -26,0.0 0.0 0.0 0.0 0.0 0.7857142857142857 0.8214285714285714,8.678571428571429,0.35714285714285715,47,0 0 0 0 0 91 -31,0.0 0.0 0.0 0.0 0.0 0.8214285714285714 0.6428571428571429,8.857142857142856,0.12142857142857143,209,0 0 0 0 0 96 -30,0.0 0.0 0.0 0.0 0.0 1.0 0.6785714285714286,10.678571428571429,0.12142857142857143,227,0 0 0 0 0 85 -21,0.0 0.0 0.0 0.0 0.0 0.6071428571428571 1.0,7.071428571428571,0.2785714285714286,27,0 0 0 0 0 93 -28,0.0 0.0 0.0 0.0 0.0 0.8928571428571429 0.75,9.678571428571429,0.12142857142857143,61,0 0 0 0 0 93 -30,0.0 0.0 0.0 0.0 0.0 0.8928571428571429 0.6785714285714286,9.607142857142858,0.12142857142857143,60,0 0 0 0 0 86 -23,0.0 0.0 0.0 0.0 0.0 0.6428571428571429 0.9285714285714286,7.357142857142858,0.34285714285714286,19,0 0 0 0 0 92 -29,0.0 0.0 0.0 0.0 0.0 0.8571428571428571 0.7142857142857143,9.285714285714285,0.12142857142857143,75,0 0 0 0 0 95 -26,0.0 0.0 0.0 0.0 0.0 0.9642857142857143 0.8214285714285714,10.464285714285714,0.12142857142857143,183,0 0 0 0 0 87 -23,0.0 0.0 0.0 0.0 0.0 0.6785714285714286 0.9285714285714286,7.714285714285715,0.6642857142857143,56,0 0 0 0 0 91 -27,0.0 0.0 0.0 0.0 0.0 0.8214285714285714 0.7857142857142857,9.0,0.12142857142857143,158,0 0 0 0 0 95 -26,0.0 0.0 0.0 0.0 0.0 0.9642857142857143 0.8214285714285714,10.464285714285714,0.12142857142857143,183,0 0 0 0 0 87 -23,0.0 0.0 0.0 0.0 0.0 0.6785714285714286 0.9285714285714286,7.714285714285715,0.6642857142857143,56,0 0 0 0 0 91 -27,0.0 0.0 0.0 0.0 0.0 0.8214285714285714 0.7857142857142857,9.0,0.12142857142857143,158,0 0 0 0 0 88 -25,0.0 0.0 0.0 0.0 0.0 0.7142857142857143 0.8571428571428571,8.0,0.12142857142857143,38
resolved-p14d-c14d-3600-3rd/nsp-n50-d28-r0.10-rp2-fp2-s2,15 136 1972 1040 118 4937 71,0.38461538461538464 0.2024353120243531 0.20005349023803157 0.2408622305529522 0.026239067055393587 0.2839484055893945 0.3620689655172414,407106.1384104801,0.007142857142857143,40370,15 136 1936 1034 118 4926 70,0.38461538461538464 0.2024353120243531 0.1904252473923509 0.2380506091846298 0.026239067055393587 0.2819777857398782 0.35344827586206895,407007.01603376685,0.007142857142857143,40605,15 133 1861 1091 132 4943 59,0.38461538461538464 0.197869101978691 0.17036640813051618 0.2647610121836926 0.06705539358600583 0.2850232891436761 0.25862068965517243,406380.5342996823,0.007142857142857143,43339,15 103 1296 583 117 4149 52,0.38461538461538464 0.15220700152207 0.019256485691361326 0.026710402999062792 0.023323615160349854 0.14278036546040845 0.19827586206896552,400059.31846853707,0.007142857142857143,33301,13 660 2140 1371 203 3746 60,0.3333333333333333 1.0 0.24498529018454132 0.3959700093720712 0.27405247813411077 0.07058402006449302 0.2672413793103448,436207.53457394417,0.3385714285714286,3242,13 582 2317 1496 134 3352 29,0.3333333333333333 0.8812785388127854 0.29232415084247126 0.45454545454545453 0.0728862973760933 0.0 0.0,424846.26280731964,0.2957142857142857,3137,15 103 1224 566 114 3884 49,0.38461538461538464 0.15220700152207 0.0 0.01874414245548266 0.014577259475218658 0.09530634181297026 0.1724137931034483,399857.4121132059,0.007142857142857143,34281,13 660 2140 1371 203 3747 60,0.3333333333333333 1.0 0.24498529018454132 0.3959700093720712 0.27405247813411077 0.07076316732353995 0.2672413793103448,436207.5363654168,0.3385714285714286,3241,13 582 2317 1496 134 3354 29,0.3333333333333333 0.8812785388127854 0.29232415084247126 0.45454545454545453 0.0728862973760933 0.00035829451809387314 0.0,424846.26639026485,0.2957142857142857,3136,15 103 1260 581 109 3949 54,0.38461538461538464 0.15220700152207 0.009628242845680663 0.02577319587628866 0.0 0.10695091365102113 0.21551724137931033,399959.4254183026,0.007142857142857143,33675,13 660 2140 1371 203 3746 60,0.3333333333333333 1.0 0.24498529018454132 0.3959700093720712 0.27405247813411077 0.07058402006449302 0.2672413793103448,436207.53457394417,0.3385714285714286,3242,13 582 2317 1496 134 3352 29,0.3333333333333333 0.8812785388127854 0.29232415084247126 0.45454545454545453 0.0728862973760933 0.0 0.0,424846.26280731964,0.2957142857142857,3137,39 591 4963 2660 452 5267 120,1.0 0.8949771689497716 1.0 1.0 1.0 0.3430670010748836 0.7844827586206896,1100601.9320477468,0.5057142857142857,19457,0 200 2357 1036 219 5921 145,0.0 0.2998477929984779 0.3030221984487831 0.23898781630740393 0.3206997084548105 0.46022930849158006 1.0,33291.66136457342,0.7128571428571429,20780,0 3 2351 852 316 8934 70,0.0 0.0 0.3014174913078363 0.1527647610121837 0.6034985422740525 1.0 0.35344827586206895,3237.6429765938133,0.72,31836,39 591 4963 2660 452 5268 120,1.0 0.8949771689497716 1.0 1.0 1.0 0.34324614833393047 0.7844827586206896,1100601.9338392194,0.5057142857142857,19456,0 200 2357 1036 219 5921 145,0.0 0.2998477929984779 0.3030221984487831 0.23898781630740393 0.3206997084548105 0.46022930849158006 1.0,33291.66136457342,0.7128571428571429,20780,0 3 2331 859 301 8916 53,0.0 0.0 0.2960684675046804 0.15604498594189317 0.5597667638483965 0.9967753493371552 0.20689655172413793,3182.8809874186327,0.72,32604,15 103 1359 526 133 4171 42,0.38461538461538464 0.15220700152207 0.036105910671302484 0.0 0.06997084548104957 0.14672160515944105 0.11206896551724138,400205.7202438699,0.007142857142857143,41213
resolved-p14d-c14d-3600-3rd/nsp-n10-d28-r0.10-rp0-fp0-s7,0 0 0 0 0 74 -30,0.0 0.0 0.0 0.0 0.0 0.0 0.2727272727272727,0.2727272727272727,0.5142857142857142,202,0 0 0 0 0 74 -36,0.0 0.0 0.0 0.0 0.0 0.0 0.0,0.0,0.5285714285714286,182,0 0 0 0 0 74 -34,0.0 0.0 0.0 0.0 0.0 0.0 0.09090909090909091,0.09090909090909091,0.5428571428571428,164,0 0 0 0 0 89 -21,0.0 0.0 0.0 0.0 0.0 0.8333333333333334 0.6818181818181818,9.015151515151516,0.2,54,0 0 0 0 0 89 -18,0.0 0.0 0.0 0.0 0.0 0.8333333333333334 0.8181818181818182,9.151515151515152,0.4714285714285714,43,0 0 0 0 0 90 -21,0.0 0.0 0.0 0.0 0.0 0.8888888888888888 0.6818181818181818,9.570707070707071,0.2,102,0 0 0 0 0 89 -20,0.0 0.0 0.0 0.0 0.0 0.8333333333333334 0.7272727272727273,9.06060606060606,0.2,79,0 0 0 0 0 87 -18,0.0 0.0 0.0 0.0 0.0 0.7222222222222222 0.8181818181818182,8.04040404040404,0.44285714285714284,30,0 0 0 0 0 89 -17,0.0 0.0 0.0 0.0 0.0 0.8333333333333334 0.8636363636363636,9.196969696969697,0.2,165,0 0 0 0 0 89 -20,0.0 0.0 0.0 0.0 0.0 0.8333333333333334 0.7272727272727273,9.06060606060606,0.2,138,0 0 0 0 0 92 -15,0.0 0.0 0.0 0.0 0.0 1.0 0.9545454545454546,10.954545454545455,0.5714285714285714,20,0 0 0 0 0 90 -20,0.0 0.0 0.0 0.0 0.0 0.8888888888888888 0.7272727272727273,9.616161616161616,0.2,130,0 0 0 0 0 89 -20,0.0 0.0 0.0 0.0 0.0 0.8333333333333334 0.7272727272727273,9.06060606060606,0.2,231,0 0 0 0 0 89 -14,0.0 0.0 0.0 0.0 0.0 0.8333333333333334 1.0,9.333333333333334,0.6642857142857143,111,0 0 0 0 0 89 -21,0.0 0.0 0.0 0.0 0.0 0.8333333333333334 0.6818181818181818,9.015151515151516,0.2,341,0 0 0 0 0 89 -20,0.0 0.0 0.0 0.0 0.0 0.8333333333333334 0.7272727272727273,9.06060606060606,0.2,231,0 0 0 0 0 89 -14,0.0 0.0 0.0 0.0 0.0 0.8333333333333334 1.0,9.333333333333334,0.6642857142857143,111,0 0 0 0 0 89 -21,0.0 0.0 0.0 0.0 0.0 0.8333333333333334 0.6818181818181818,9.015151515151516,0.2,341,0 0 0 0 0 86 -21,0.0 0.0 0.0 0.0 0.0 0.6666666666666666 0.6818181818181818,7.348484848484848,0.20714285714285716,43
resolved-p14d-c14d-3600-3rd/nsp-n20-d28-r0.10-rp2-fp2-s1,0 1 1 0 0 64 -96,0.0 0.01282051282051282 0.0015105740181268882 0.0 0.0 0.0009302325581395349 0.0,1297.1663245581321,0.2785714285714286,13957,0 1 1 0 0 65 -94,0.0 0.01282051282051282 0.0015105740181268882 0.0 0.0 0.0013953488372093023 0.014492753623188406,1297.1854684745463,0.325,24982,0 1 1 0 0 63 -85,0.0 0.01282051282051282 0.0015105740181268882 0.0 0.0 0.00046511627906976747 0.07971014492753623,1297.241383540269,0.2714285714285714,24902,10 0 0 3 0 63 -64,1.0 0.0 0.0 0.006521739130434782 0.0 0.00046511627906976747 0.2318840579710145,1000006.7582743512,0.014285714285714285,9326,0 6 227 287 66 1345 4,0.0 0.07692307692307693 0.3429003021148036 0.6239130434782608 0.4049079754601227 0.5967441860465116 0.7246376811594203,11792.406634021625,0.6607142857142857,31989,0 16 380 355 81 1650 12,0.0 0.20512820512820512 0.5740181268882175 0.7717391304347826 0.49693251533742333 0.7386046511627907 0.782608695652174,27082.602818878495,0.5357142857142857,18372,10 0 0 3 0 63 -64,1.0 0.0 0.0 0.006521739130434782 0.0 0.00046511627906976747 0.2318840579710145,1000006.7582743512,0.014285714285714285,9326,0 6 256 266 67 1293 22,0.0 0.07692307692307693 0.3867069486404834 0.5782608695652174 0.4110429447852761 0.5725581395348838 0.855072463768116,12185.322996615389,0.5678571428571428,31615,0 14 325 306 79 1591 16,0.0 0.1794871794871795 0.4909365558912387 0.6652173913043479 0.48466257668711654 0.7111627906976744 0.8115942028985508,23579.690378713272,0.5928571428571429,19174,10 0 0 3 0 63 -64,1.0 0.0 0.0 0.006521739130434782 0.0 0.00046511627906976747 0.2318840579710145,1000006.7582743512,0.014285714285714285,9326,0 4 65 138 19 669 -3,0.0 0.05128205128205128 0.09818731117824774 0.3 0.1165644171779141 0.28232558139534886 0.6739130434782609,6425.231850562828,0.5535714285714286,32441,0 12 318 305 98 1986 14,0.0 0.15384615384615385 0.48036253776435045 0.6630434782608695 0.6012269938650306 0.8948837209302326 0.7971014492753623,20921.152878564837,0.55,20017,10 0 0 3 0 62 -58,1.0 0.0 0.0 0.006521739130434782 0.0 0.0 0.2753623188405797,1000006.7971014493,0.014285714285714285,20577,0 5 662 460 163 2212 30,0.0 0.0641025641025641 1.0 1.0 1.0 1.0 0.9130434782608695,17521.16945373467,0.7678571428571429,71966,0 1 363 277 140 1683 21,0.0 0.01282051282051282 0.5483383685800605 0.6021739130434782 0.8588957055214724 0.753953488372093 0.8478260869565217,7461.88581241819,0.7214285714285714,57784,10 0 0 3 0 62 -58,1.0 0.0 0.0 0.006521739130434782 0.0 0.0 0.2753623188405797,1000006.7971014493,0.014285714285714285,20577,1 78 659 457 117 1386 42,0.1 1.0 0.9954682779456193 0.9934782608695653 0.7177914110429447 0.6158139534883721 1.0,211027.09832096493,0.8,56420,0 1 465 342 156 1672 21,0.0 0.01282051282051282 0.702416918429003 0.7434782608695653 0.9570552147239264 0.7488372093023256 0.8478260869565217,9153.74044686325,0.75,56264,10 0 0 3 0 63 -64,1.0 0.0 0.0 0.006521739130434782 0.0 0.00046511627906976747 0.2318840579710145,1000006.7582743512,0.014285714285714285,16018
resolved-p14d-c14d-3600-3rd/nsp-n10-d28-r0.10-rp0-fp0-s9,0 0 0 0 0 75 -50,0.0 0.0 0.0 0.0 0.0 0.034482758620689655 0.08,0.4248275862068966,0.42142857142857143,209,0 0 0 0 0 74 -52,0.0 0.0 0.0 0.0 0.0 0.0 0.0,0.0,0.4714285714285714,179,0 0 0 0 0 74 -50,0.0 0.0 0.0 0.0 0.0 0.0 0.08,0.08,0.4857142857142857,165,0 0 0 0 0 102 -38,0.0 0.0 0.0 0.0 0.0 0.9655172413793104 0.56,10.215172413793104,0.16428571428571428,77,0 0 0 0 0 91 -39,0.0 0.0 0.0 0.0 0.0 0.5862068965517241 0.52,6.382068965517242,0.4928571428571429,30,0 0 0 0 0 96 -35,0.0 0.0 0.0 0.0 0.0 0.7586206896551724 0.68,8.266206896551724,0.16428571428571428,59,0 0 0 0 0 103 -33,0.0 0.0 0.0 0.0 0.0 1.0 0.76,10.76,0.16428571428571428,96,0 0 0 0 0 90 -42,0.0 0.0 0.0 0.0 0.0 0.5517241379310345 0.4,5.9172413793103456,0.4642857142857143,38,0 0 0 0 0 99 -30,0.0 0.0 0.0 0.0 0.0 0.8620689655172413 0.88,9.500689655172414,0.16428571428571428,102,0 0 0 0 0 99 -32,0.0 0.0 0.0 0.0 0.0 0.8620689655172413 0.8,9.420689655172414,0.16428571428571428,44,0 0 0 0 0 89 -31,0.0 0.0 0.0 0.0 0.0 0.5172413793103449 0.84,6.012413793103448,0.39285714285714285,31,0 0 0 0 0 92 -28,0.0 0.0 0.0 0.0 0.0 0.6206896551724138 0.96,7.166896551724138,0.16428571428571428,71,0 0 0 0 0 97 -32,0.0 0.0 0.0 0.0 0.0 0.7931034482758621 0.8,8.731034482758622,0.16428571428571428,174,0 0 0 0 0 87 -31,0.0 0.0 0.0 0.0 0.0 0.4482758620689655 0.84,5.322758620689655,0.6357142857142857,147,0 0 0 0 0 103 -27,0.0 0.0 0.0 0.0 0.0 1.0 1.0,11.0,0.16428571428571428,113,0 0 0 0 0 97 -32,0.0 0.0 0.0 0.0 0.0 0.7931034482758621 0.8,8.731034482758622,0.16428571428571428,174,0 0 0 0 0 87 -31,0.0 0.0 0.0 0.0 0.0 0.4482758620689655 0.84,5.322758620689655,0.6357142857142857,147,0 0 0 0 0 103 -27,0.0 0.0 0.0 0.0 0.0 1.0 1.0,11.0,0.16428571428571428,113,0 0 0 0 0 97 -38,0.0 0.0 0.0 0.0 0.0 0.7931034482758621 0.56,8.491034482758621,0.17857142857142858,45
resolved-p14d-c14d-3600-3rd/nsp-n40-d28-r0.10-rp2-fp2-s4,1 9 0 0 0 157 -189,0.09090909090909091 0.008417508417508417 0.0 0.0 0.0 0.0 0.0,91750.84175084175,0.2857142857142857,28745,1 4 0 1 0 199 -169,0.09090909090909091 0.0 0.0 0.0008305647840531562 0.0 0.010821953104869879 0.08,90910.109693406,0.20714285714285716,29258,1 10 0 1 0 220 -155,0.09090909090909091 0.010101010101010102 0.0 0.0008305647840531562 0.0 0.01623292965730482 0.136,91920.32081327253,0.18392857142857144,28924,11 10 1 1 0 282 -132,1.0 0.010101010101010102 0.000546448087431694 0.0008305647840531562 0.0 0.03220819376449369 0.228,1001016.9461376971,0.025,42818,2 348 907 989 67 1624 -68,0.18181818181818182 0.5791245791245792 0.49562841530054647 0.8214285714285714 0.3435897435897436 0.3779953620200979 0.484,245546.97538305295,0.21071428571428572,1797,2 598 837 994 88 1565 -49,0.18181818181818182 1.0 0.45737704918032784 0.8255813953488372 0.4512820512820513 0.36279309456325687 0.56,287266.8498414078,0.32321428571428573,1123,11 10 1 1 0 282 -133,1.0 0.010101010101010102 0.000546448087431694 0.0008305647840531562 0.0 0.03220819376449369 0.224,1001016.9421376971,0.025,42819,3 522 681 995 37 1500 -44,0.2727272727272727 0.8720538720538721 0.3721311475409836 0.8264119601328903 0.18974358974358974 0.34604483380572015 0.58,364503.3981755151,0.4160714285714286,784,1 570 803 1204 111 1526 -53,0.09090909090909091 0.9528619528619529 0.4387978142076503 1.0 0.5692307692307692 0.35274413810873484 0.544,191644.25885566685,0.25535714285714284,1865,11 10 1 1 0 282 -131,1.0 0.010101010101010102 0.000546448087431694 0.0008305647840531562 0.0 0.03220819376449369 0.232,1001016.950137697,0.025,42817,2 407 768 918 74 1496 -96,0.18181818181818182 0.6784511784511784 0.419672131147541 0.7624584717607974 0.37948717948717947 0.3450141716052564 0.372,254664.25030620064,0.22142857142857142,1740,1 570 803 1204 111 1528 -53,0.09090909090909091 0.9528619528619529 0.4387978142076503 1.0 0.5692307692307692 0.3532594692089668 0.544,191644.26400897783,0.25535714285714284,1864,9 269 1813 906 175 3513 61,0.8181818181818182 0.44612794612794615 0.9907103825136612 0.7524916943521595 0.8974358974358975 0.8647255861891265 1.0,873553.5991597072,0.5375,37544,0 143 1110 727 195 2864 -9,0.0 0.234006734006734 0.6065573770491803 0.6038205980066446 1.0 0.6975006441638752 0.72,30177.76277561349,0.75,39048,0 66 1157 681 160 3729 30,0.0 0.10437710437710437 0.6322404371584699 0.5656146179401993 0.8205128205128205 0.9203813450141716 0.876,17417.86052273676,0.7071428571428572,34461,8 276 1830 947 183 3512 32,0.7272727272727273 0.45791245791245794 1.0 0.7865448504983389 0.9384615384615385 0.8644679206390106 0.884,783953.892747524,0.5375,38140,0 143 1100 763 194 3153 2,0.0 0.234006734006734 0.6010928961748634 0.6337209302325582 0.9948717948717949 0.7719659881473847 0.764,30153.294132023242,0.75,39410,0 54 1124 660 185 4038 2,0.0 0.08417508417508418 0.614207650273224 0.5481727574750831 0.9487179487179487 1.0 0.764,15213.393472587535,0.7464285714285714,41292,11 10 1 1 0 268 -132,1.0 0.010101010101010102 0.000546448087431694 0.0008305647840531562 0.0 0.028600876062870394 0.228,1001016.9100645201,0.025,24815
resolved-p14d-c14d-3600-3rd/nsp-n50-d28-r0.10-rp2-fp2-s9,0 0 0 0 0 208 -240,0.0 0.0 0.0 0.0 0.0 0.0 0.0,0.0,0.30142857142857143,810,0 0 0 0 0 222 -207,0.0 0.0 0.0 0.0 0.0 0.014893617021276596 0.24812030075187969,0.39705647096464564,0.26857142857142857,769,0 0 0 0 0 293 -174,0.0 0.0 0.0 0.0 0.0 0.09042553191489362 0.49624060150375937,1.4004959206526957,0.2257142857142857,558,0 0 0 0 0 421 -130,0.0 0.0 0.0 0.0 0.0 0.22659574468085106 0.8270676691729323,3.0930251159814426,0.07285714285714286,374,0 0 0 0 0 481 -137,0.0 0.0 0.0 0.0 0.0 0.2904255319148936 0.7744360902255639,3.6786914093745002,0.2714285714285714,26,0 0 0 0 0 418 -150,0.0 0.0 0.0 0.0 0.0 0.22340425531914893 0.6766917293233082,2.9107342825147975,0.07285714285714286,224,0 0 0 0 0 427 -129,0.0 0.0 0.0 0.0 0.0 0.23297872340425532 0.8345864661654135,3.164373700207967,0.07285714285714286,263,0 0 0 0 0 512 -127,0.0 0.0 0.0 0.0 0.0 0.32340425531914896 0.849624060150376,4.083666613341865,0.33714285714285713,41,0 0 0 0 0 411 -143,0.0 0.0 0.0 0.0 0.0 0.21595744680851064 0.7293233082706767,2.8888977763557833,0.07285714285714286,208,0 0 0 0 0 410 -136,0.0 0.0 0.0 0.0 0.0 0.2148936170212766 0.7819548872180451,2.930891057430811,0.07285714285714286,234,0 0 0 0 0 494 -128,0.0 0.0 0.0 0.0 0.0 0.30425531914893617 0.8421052631578947,3.8846584546472562,0.29428571428571426,24,0 0 0 0 0 425 -113,0.0 0.0 0.0 0.0 0.0 0.23085106382978723 0.9548872180451128,3.2633978563429853,0.07285714285714286,119,0 0 0 0 0 1114 -107,0.0 0.0 0.0 0.0 0.0 0.9638297872340426 1.0,10.638297872340425,0.2671428571428571,269,0 0 0 0 0 387 -134,0.0 0.0 0.0 0.0 0.0 0.19042553191489361 0.7969924812030075,2.701247800351944,0.65,208,0 0 0 0 0 1148 -110,0.0 0.0 0.0 0.0 0.0 1.0 0.9774436090225563,10.977443609022556,0.22142857142857142,359,0 0 0 0 0 1114 -107,0.0 0.0 0.0 0.0 0.0 0.9638297872340426 1.0,10.638297872340425,0.2671428571428571,269,0 0 0 0 0 387 -134,0.0 0.0 0.0 0.0 0.0 0.19042553191489361 0.7969924812030075,2.701247800351944,0.65,208,0 0 0 0 0 1148 -110,0.0 0.0 0.0 0.0 0.0 1.0 0.9774436090225563,10.977443609022556,0.22142857142857142,359,0 0 0 0 0 451 -132,0.0 0.0 0.0 0.0 0.0 0.25851063829787235 0.8120300751879699,3.3971364581666936,0.09142857142857143,41
resolved-p14d-c14d-3600-3rd/nsp-n50-d28-r0.10-rp2-fp2-s0,0 31 698 1574 90 3757 -138,0.0 0.0 0.0 0.20297951582867785 0.0 0.08843850760018425 0.0,203.8639009046797,0.24285714285714285,17911,14 125 1543 1466 148 4974 -11,1.0 0.1426403641881639 0.09454016558514208 0.18063314711359404 0.0617678381256656 0.27529556272071243 0.6512820512820513,1015399.6522432724,0.017142857142857144,40348,14 130 1651 1684 179 5211 -23,1.0 0.15022761760242792 0.10662340568359813 0.22573970618663355 0.09478168264110756 0.3116843236603716 0.5897435897435898,1016327.9202783558,0.017142857142857144,39249,14 124 912 593 133 3181 -34,1.0 0.1411229135053111 0.0239427164913851 0.0 0.04579339723109691 0.0 0.5333333333333333,1014356.8311885014,0.017142857142857144,16880,4 690 2640 2397 217 3969 -8,0.2857142857142857 1.0 0.21727455806668158 0.37326712187047384 0.13525026624068157 0.12098879164747428 0.6666666666666666,388275.6999980302,0.19857142857142857,2104,9 644 3005 2429 246 4243 -33,0.6428571428571429 0.9301972685887708 0.25811143432535244 0.37988826815642457 0.16613418530351437 0.1630584983878397 0.5384615384615384,738856.6547924827,0.27285714285714285,5787,14 124 918 614 122 3195 -21,1.0 0.1411229135053111 0.024614007607965987 0.004345127250155183 0.03407880724174654 0.0021495470597267005 0.6,1014366.8059300557,0.017142857142857144,16689,4 690 2640 2397 217 3969 -8,0.2857142857142857 1.0 0.21727455806668158 0.37326712187047384 0.13525026624068157 0.12098879164747428 0.6666666666666666,388275.6999980302,0.19857142857142857,2104,10 644 2218 1724 187 3453 -11,0.7142857142857143 0.9301972685887708 0.17006041620049228 0.234016139044072 0.1033013844515442 0.04176262858897589 0.6512820512820513,809251.4604924227,0.30142857142857143,5245,14 124 1032 606 150 3623 -22,1.0 0.1411229135053111 0.03736853882300291 0.0026898406786674944 0.06389776357827476 0.06786427145708583 0.5948717948717949,1014496.3298703072,0.017142857142857144,14738,4 665 2643 2231 248 4205 -23,0.2857142857142857 0.9620637329286799 0.21761020362497202 0.33891992551210426 0.16826411075612355 0.15722401351143866 0.5897435897435898,384454.6693637159,0.19857142857142857,2127,10 644 2218 1724 187 3453 -11,0.7142857142857143 0.9301972685887708 0.17006041620049228 0.234016139044072 0.1033013844515442 0.04176262858897589 0.6512820512820513,809251.4604924227,0.30142857142857143,5245,14 376 3147 1823 340 5007 -24,1.0 0.5235204855842185 0.27399865741776686 0.25450031036623216 0.26624068157614483 0.28036235221863964 0.5846153846153846,1055376.5477500302,0.017142857142857144,9573,4 602 9428 5380 1025 9491 5,0.2857142857142857 0.866464339908953 0.9767285746251958 0.9904821022139458 0.9957401490947817 0.9688315676339628 0.7333333333333333,383228.48321756604,0.8214285714285714,5369,3 539 3555 1632 350 4903 55,0.21428571428571427 0.7708649468892261 0.3196464533452674 0.2149803434719636 0.27689030883919064 0.2643942883463842 0.9897435897435898,294814.9765689186,0.7857142857142857,11647,14 373 3126 1801 328 4994 -19,1.0 0.5189681335356601 0.2716491385097337 0.249948272294641 0.2534611288604899 0.2783663442346077 0.6102564102564103,1054891.9930436965,0.017142857142857144,9810,4 604 9636 5426 1029 9694 6,0.2857142857142857 0.8694992412746586 1.0 1.0 1.0 1.0 0.7384615384615385,383774.94830329,0.8214285714285714,5235,3 538 3701 1610 347 4921 57,0.21428571428571427 0.7693474962063733 0.33598120384873575 0.21042830540037244 0.2736954206602769 0.26715799170888993 1.0,294821.7453722224,0.7857142857142857,11687,14 124 1224 772 177 4596 -34,1.0 0.1411229135053111 0.05884985455359141 0.037037037037037035 0.0926517571884984 0.2172577921080915 0.5333333333333333,1014749.7980200774,0.017142857142857144,40035
resolved-p14d-c14d-3600-3rd/nsp-n40-d28-r0.10-rp2-fp2-s8,0 0 0 0 0 149 -217,0.0 0.0 0.0 0.0 0.0 0.0 0.0,0.0,0.35,716,0 0 0 0 0 162 -215,0.0 0.0 0.0 0.0 0.0 0.019230769230769232 0.014084507042253521,0.20639219934994585,0.3196428571428571,592,0 0 0 0 0 195 -163,0.0 0.0 0.0 0.0 0.0 0.06804733727810651 0.38028169014084506,1.0607550629219102,0.25357142857142856,487,0 0 0 0 0 361 -133,0.0 0.0 0.0 0.0 0.0 0.3136094674556213 0.5915492957746479,3.727643970330861,0.10178571428571428,181,0 0 0 0 0 371 -115,0.0 0.0 0.0 0.0 0.0 0.32840236686390534 0.7183098591549296,4.002333527793983,0.325,35,0 0 0 0 0 359 -128,0.0 0.0 0.0 0.0 0.0 0.3106508875739645 0.6267605633802817,3.733269439119926,0.10178571428571428,154,0 0 0 0 0 357 -129,0.0 0.0 0.0 0.0 0.0 0.3076923076923077 0.6197183098591549,3.696641386782232,0.10178571428571428,100,0 0 0 0 0 313 -114,0.0 0.0 0.0 0.0 0.0 0.24260355029585798 0.7253521126760564,3.1513876156346363,0.4017857142857143,37,0 0 0 0 0 364 -122,0.0 0.0 0.0 0.0 0.0 0.3180473372781065 0.6690140845070423,3.8494874572881077,0.10178571428571428,95,0 0 0 0 0 359 -135,0.0 0.0 0.0 0.0 0.0 0.3106508875739645 0.5774647887323944,3.683973664472039,0.10178571428571428,199,0 0 0 0 0 352 -115,0.0 0.0 0.0 0.0 0.0 0.30029585798816566 0.7183098591549296,3.721268439036586,0.34464285714285714,40,0 0 0 0 0 359 -110,0.0 0.0 0.0 0.0 0.0 0.3106508875739645 0.7535211267605634,3.860030002500208,0.10178571428571428,143,0 0 0 0 0 731 -75,0.0 0.0 0.0 0.0 0.0 0.8609467455621301 1.0,9.609467455621301,0.2910714285714286,208,0 0 0 0 0 335 -91,0.0 0.0 0.0 0.0 0.0 0.27514792899408286 0.8873239436619719,3.6388032336028004,0.6017857142857143,97,0 0 0 0 0 825 -76,0.0 0.0 0.0 0.0 0.0 1.0 0.9929577464788732,10.992957746478874,0.3107142857142857,200,0 0 0 0 0 731 -75,0.0 0.0 0.0 0.0 0.0 0.8609467455621301 1.0,9.609467455621301,0.2910714285714286,208,0 0 0 0 0 333 -104,0.0 0.0 0.0 0.0 0.0 0.27218934911242604 0.795774647887324,3.5176681390115845,0.6267857142857143,101,0 0 0 0 0 825 -76,0.0 0.0 0.0 0.0 0.0 1.0 0.9929577464788732,10.992957746478874,0.3107142857142857,200,0 0 0 0 0 366 -119,0.0 0.0 0.0 0.0 0.0 0.3210059171597633 0.6901408450704225,3.9002000166680553,0.10892857142857143,94
resolved-p14d-c14d-3600-3rd/nsp-n30-d28-r0.10-rp2-fp2-s8,1 7 2 5 0 107 -183,0.125 0.023255813953488372 0.0021645021645021645 0.006459948320413436 0.0 0.0 0.0,127353.68636531426,0.37142857142857144,25053,8 20 189 189 39 1037 -71,1.0 0.0664451827242525 0.20454545454545456 0.2441860465116279 0.30708661417322836 0.5702023298589822 0.5517241379310345,1008971.1212732454,0.009523809523809525,73018,8 29 116 98 16 652 -59,1.0 0.09634551495016612 0.12554112554112554 0.12661498708010335 0.12598425196850394 0.3341508277130595 0.6108374384236454,1011033.1285084203,0.009523809523809525,60838,8 2 0 0 0 127 -113,1.0 0.006644518272425249 0.0 0.0 0.0 0.012262415695892091 0.3448275862068966,1000664.9192789857,0.009523809523809525,31387,0 257 924 705 114 1738 -34,0.0 0.8538205980066446 1.0 0.9108527131782945 0.8976377952755905 1.0 0.7339901477832512,96393.4102835181,0.5428571428571428,6218,0 258 795 740 127 1411 20,0.0 0.8571428571428571 0.8603896103896104 0.9560723514211886 1.0 0.7995095033721643 1.0,95383.24926463672,0.5023809523809524,4327,8 2 0 0 0 152 -96,1.0 0.006644518272425249 0.0 0.0 0.0 0.027590435315757205 0.42857142857142855,1000665.1563030242,0.009523809523809525,35254,2 301 746 774 75 1572 -26,0.25 1.0 0.8073593073593074 1.0 0.5905511811023622 0.8982219497240956 0.7733990147783252,359142.4038102154,0.2976190476190476,4089,0 258 795 740 127 1411 20,0.0 0.8571428571428571 0.8603896103896104 0.9560723514211886 1.0 0.7995095033721643 1.0,95383.24926463672,0.5023809523809524,4327,8 2 0 0 0 128 -110,1.0 0.006644518272425249 0.0 0.0 0.0 0.012875536480686695 0.35960591133004927,1000664.9401885186,0.009523809523809525,24244,0 258 856 659 104 1316 -61,0.0 0.8571428571428571 0.9264069264069265 0.851421188630491 0.8188976377952756 0.7412630288166769 0.6009852216748769,95919.67954627483,0.10714285714285714,6199,0 258 794 749 115 1436 14,0.0 0.8571428571428571 0.8593073593073594 0.9677002583979328 0.905511811023622 0.8148375229920294 0.9704433497536946,95374.72956543928,0.5976190476190476,4345,8 2 0 0 0 126 -116,1.0 0.006644518272425249 0.0 0.0 0.0 0.011649294911097487 0.33004926108374383,1000664.8983694527,0.009523809523809525,20362,0 0 31 307 75 1122 -37,0.0 0.0 0.03354978354978355 0.39664082687338503 0.5905511811023622 0.6223175965665236 0.7192118226600985,798.1361682697822,0.7357142857142858,21570,0 0 14 151 18 798 -7,0.0 0.0 0.015151515151515152 0.19509043927648578 0.14173228346456693 0.42366646229307175 0.8669950738916257,365.8824788349164,0.6595238095238095,18166,8 2 0 0 0 126 -116,1.0 0.006644518272425249 0.0 0.0 0.0 0.011649294911097487 0.33004926108374383,1000664.8983694527,0.009523809523809525,20362,0 0 27 272 61 1021 -47,0.0 0.0 0.02922077922077922 0.35142118863049093 0.48031496062992124 0.5603923973022685 0.6699507389162561,697.9343516132141,0.7238095238095238,22131,0 0 14 178 24 774 -9,0.0 0.0 0.015151515151515152 0.22997416020671835 0.1889763779527559 0.4089515634580012 0.8571428571428571,405.33360800886834,0.6761904761904762,17803,8 16 110 183 16 734 -95,1.0 0.053156146179401995 0.11904761904761904 0.2364341085271318 0.12598425196850394 0.384426732066217 0.43349753694581283,1006759.401106998,0.009523809523809525,70550
resolved-p14d-c14d-3600-3rd/nsp-n10-d28-r0.10-rp0-fp0-s1,0 1 0 0 0 67 -44,0.0 0.0 0.0 0.0 0.0 0.03571428571428571 0.0,0.3571428571428571,0.6071428571428571,7559,0 1 0 0 0 66 -41,0.0 0.0 0.0 0.0 0.0 0.0 0.17647058823529413,0.17647058823529413,0.6071428571428571,7927,0 1 0 0 0 67 -40,0.0 0.0 0.0 0.0 0.0 0.03571428571428571 0.23529411764705882,0.5924369747899159,0.5857142857142857,7618,7 1 1 0 0 75 -31,1.0 0.0 1.0 0.0 0.0 0.32142857142857145 0.7647058823529411,1010003.9789915967,0.014285714285714285,2217,0 1 0 0 0 92 -28,0.0 0.0 0.0 0.0 0.0 0.9285714285714286 0.9411764705882353,10.226890756302522,0.6357142857142857,24410,0 1 0 0 0 94 -33,0.0 0.0 0.0 0.0 0.0 1.0 0.6470588235294118,10.647058823529411,0.24285714285714285,15751,7 1 1 0 0 76 -30,1.0 0.0 1.0 0.0 0.0 0.35714285714285715 0.8235294117647058,1010004.3949579833,0.014285714285714285,2214,0 1 0 0 0 92 -28,0.0 0.0 0.0 0.0 0.0 0.9285714285714286 0.9411764705882353,10.226890756302522,0.6357142857142857,24410,0 1 0 0 0 94 -34,0.0 0.0 0.0 0.0 0.0 1.0 0.5882352941176471,10.588235294117647,0.24285714285714285,15752,7 1 1 0 0 76 -30,1.0 0.0 1.0 0.0 0.0 0.35714285714285715 0.8235294117647058,1010004.3949579833,0.014285714285714285,2214,0 1 0 0 0 92 -28,0.0 0.0 0.0 0.0 0.0 0.9285714285714286 0.9411764705882353,10.226890756302522,0.6357142857142857,24410,0 1 0 0 0 94 -30,0.0 0.0 0.0 0.0 0.0 1.0 0.8235294117647058,10.823529411764707,0.24285714285714285,15749,7 1 1 0 0 76 -33,1.0 0.0 1.0 0.0 0.0 0.35714285714285715 0.6470588235294118,1010004.218487395,0.014285714285714285,6063,0 1 0 0 0 86 -37,0.0 0.0 0.0 0.0 0.0 0.7142857142857143 0.4117647058823529,7.5546218487394965,0.6571428571428571,40235,0 1 0 0 0 93 -27,0.0 0.0 0.0 0.0 0.0 0.9642857142857143 1.0,10.642857142857142,0.24285714285714285,54420,7 1 1 0 0 76 -34,1.0 0.0 1.0 0.0 0.0 0.35714285714285715 0.5882352941176471,1010004.1596638656,0.014285714285714285,6064,0 1 0 0 0 86 -38,0.0 0.0 0.0 0.0 0.0 0.7142857142857143 0.35294117647058826,7.495798319327731,0.6428571428571429,40236,0 1 0 0 0 94 -28,0.0 0.0 0.0 0.0 0.0 1.0 0.9411764705882353,10.941176470588236,0.24285714285714285,54418,7 1 1 0 0 73 -35,1.0 0.0 1.0 0.0 0.0 0.25 0.5294117647058824,1010003.0294117647,0.014285714285714285,9052
resolved-p14d-c14d-3600-3rd/nsp-n40-d28-r0.10-rp2-fp2-s5,2 27 191 195 38 1838 -51,0.16666666666666666 0.0 0.0 0.0 0.0 0.2330300909727082 0.13496932515337423,166669.13193690154,0.34285714285714286,28509,12 184 342 314 49 2018 -5,1.0 0.2492063492063492 0.11160384331116038 0.06031424227065383 0.0650887573964497 0.35899230230930723 0.4171779141104294,1026107.503572694,0.019642857142857142,48858,12 184 342 317 53 2934 19,1.0 0.2492063492063492 0.11160384331116038 0.06183476938672073 0.08875739644970414 1.0 0.5644171779141104,1026117.9482799561,0.019642857142857142,48771,12 184 419 394 91 2367 7,1.0 0.2492063492063492 0.16851441241685144 0.1008616320324379 0.3136094674556213 0.6032190342897131 0.49079754601226994,1026744.5246114704,0.019642857142857142,20770,3 630 1458 2168 207 2552 22,0.25 0.9571428571428572 0.9364375461936437 1.0 1.0 0.7326801959412176 0.5828220858895705,356186.5708002675,0.33214285714285713,7758,3 647 1459 2158 190 2588 44,0.25 0.9841269841269841 0.9371766444937176 0.994931576279777 0.8994082840236687 0.7578726382085375 0.7177914110429447,358877.6337801108,0.4035714285714286,10136,12 184 388 386 89 2378 23,1.0 0.2492063492063492 0.14560236511456023 0.0968068930562595 0.30177514792899407 0.6109167249825053 0.588957055214724,1026510.3411039348,0.019642857142857142,21923,3 630 1458 2168 207 2552 22,0.25 0.9571428571428572 0.9364375461936437 1.0 1.0 0.7326801959412176 0.5828220858895705,356186.5708002675,0.33214285714285713,7758,3 657 1535 1957 196 2471 54,0.25 1.0 0.9933481152993349 0.8930562595032945 0.9349112426035503 0.6759972008397481 0.7791411042944786,360927.5676498697,0.3410714285714286,9144,12 189 498 440 96 2281 29,1.0 0.2571428571428571 0.2269031781226903 0.12417638114546375 0.3431952662721893 0.543037088873338 0.6257668711656442,1028147.8695410452,0.019642857142857142,17185,3 630 1458 2131 185 2588 35,0.25 0.9571428571428572 0.9364375461936437 0.9812468322351748 0.8698224852071006 0.7578726382085375 0.6625766871165644,356155.13156004733,0.2892857142857143,7764,1 630 1544 1639 171 2645 7,0.08333333333333333 0.9571428571428572 1.0 0.7318803852002027 0.7869822485207101 0.7977606717984604 0.49079754601226994,189866.66606193534,0.15178571428571427,10275,12 481 869 1220 138 1933 19,1.0 0.7206349206349206 0.5011086474501109 0.5195134313228585 0.591715976331361 0.2995101469559132 0.5644171779141104,1077656.8230855963,0.019642857142857142,12385,6 509 938 1026 146 1697 48,0.5 0.765079365079365 0.5521064301552107 0.42118601115053217 0.6390532544378699 0.13435969209237228 0.7423312883435583,582516.1780742923,0.8178571428571428,23728,0 579 631 1006 89 1505 87,0.0 0.8761904761904762 0.3252032520325203 0.41104916371008615 0.30177514792899407 0.0 0.9815950920245399,91313.28841296784,0.75,21374,12 481 869 1220 138 1933 19,1.0 0.7206349206349206 0.5011086474501109 0.5195134313228585 0.591715976331361 0.2995101469559132 0.5644171779141104,1077656.8230855963,0.019642857142857142,12385,7 478 790 890 145 1542 44,0.5833333333333334 0.7158730158730159 0.442719881744272 0.35225544855549923 0.6331360946745562 0.02589223233030091 0.7177914110429447,659764.379509835,0.8196428571428571,23346,0 574 737 1040 90 1597 90,0.0 0.8682539682539683 0.4035476718403548 0.4282818043588444 0.3076923076923077 0.06438068579426172 1.0,91321.5683857864,0.7517857142857143,21445,12 184 457 231 54 2203 -73,1.0 0.2492063492063492 0.19660014781966 0.01824632539280284 0.09467455621301775 0.48845346396081174 0.0,1026919.2347144854,0.019642857142857142,49638
resolved-p14d-c14d-3600-3rd/nsp-n10-d28-r0.10-rp0-fp0-s6,0 1 2 0 0 74 -35,0.0 1.0 1.0 0.0 0.0 0.0 0.0,110000.0,0.4357142857142857,12444,0 1 2 0 0 76 -34,0.0 1.0 1.0 0.0 0.0 0.07692307692307693 0.047619047619047616,110000.81684981685,0.36428571428571427,12394,0 1 2 0 0 77 -32,0.0 1.0 1.0 0.0 0.0 0.11538461538461539 0.14285714285714285,110001.2967032967,0.29285714285714287,12365,3 0 0 0 0 87 -27,1.0 0.0 0.0 0.0 0.0 0.5 0.38095238095238093,1000005.380952381,0.0,14532,0 1 2 0 0 97 -23,0.0 1.0 1.0 0.0 0.0 0.8846153846153846 0.5714285714285714,110009.41758241759,0.39285714285714285,53662,0 1 2 0 0 100 -22,0.0 1.0 1.0 0.0 0.0 1.0 0.6190476190476191,110010.61904761905,0.04285714285714286,44734,3 0 0 0 0 87 -27,1.0 0.0 0.0 0.0 0.0 0.5 0.38095238095238093,1000005.380952381,0.0,14532,0 1 2 0 0 96 -35,0.0 1.0 1.0 0.0 0.0 0.8461538461538461 0.0,110008.46153846153,0.42857142857142855,54442,0 1 2 0 0 100 -21,0.0 1.0 1.0 0.0 0.0 1.0 0.6666666666666666,110010.66666666667,0.04285714285714286,66065,3 0 0 0 0 87 -27,1.0 0.0 0.0 0.0 0.0 0.5 0.38095238095238093,1000005.380952381,0.0,14532,0 1 2 0 0 95 -22,0.0 1.0 1.0 0.0 0.0 0.8076923076923077 0.6190476190476191,110008.69597069598,0.4714285714285714,64726,0 1 2 0 0 97 -19,0.0 1.0 1.0 0.0 0.0 0.8846153846153846 0.7619047619047619,110009.60805860806,0.04285714285714286,55095,3 0 0 0 0 87 -20,1.0 0.0 0.0 0.0 0.0 0.5 0.7142857142857143,1000005.7142857143,0.0,107326,0 1 2 0 0 96 -14,0.0 1.0 1.0 0.0 0.0 0.8461538461538461 1.0,110009.46153846153,0.5357142857142857,13791,0 1 2 0 0 99 -26,0.0 1.0 1.0 0.0 0.0 0.9615384615384616 0.42857142857142855,110010.04395604396,0.04285714285714286,14627,3 0 0 0 0 87 -20,1.0 0.0 0.0 0.0 0.0 0.5 0.7142857142857143,1000005.7142857143,0.0,107326,0 1 2 0 0 96 -14,0.0 1.0 1.0 0.0 0.0 0.8461538461538461 1.0,110009.46153846153,0.5357142857142857,13791,0 1 2 0 0 99 -26,0.0 1.0 1.0 0.0 0.0 0.9615384615384616 0.42857142857142855,110010.04395604396,0.04285714285714286,14627,3 0 0 0 0 83 -26,1.0 0.0 0.0 0.0 0.0 0.34615384615384615 0.42857142857142855,1000003.89010989,0.0,46159
resolved-p14d-c14d-3600-3rd/nsp-n10-d28-r0.10-rp0-fp0-s4,1 4 0 0 0 84 -39,1.0 1.0 0.0 0.0 0.0 0.0 0.15789473684210525,1100000.1578947369,0.2571428571428571,9832,1 4 0 0 0 85 -42,1.0 1.0 0.0 0.0 0.0 0.041666666666666664 0.0,1100000.4166666667,0.3142857142857143,9816,1 4 0 0 0 84 -39,1.0 1.0 0.0 0.0 0.0 0.0 0.15789473684210525,1100000.1578947369,0.22857142857142856,9838,1 4 3 0 0 99 -29,1.0 1.0 1.0 0.0 0.0 0.625 0.6842105263157895,1110006.9342105263,0.02857142857142857,2275,0 1 0 0 0 107 -33,0.0 0.0 0.0 0.0 0.0 0.9583333333333334 0.47368421052631576,10.057017543859649,0.37857142857142856,7283,0 1 0 0 0 107 -28,0.0 0.0 0.0 0.0 0.0 0.9583333333333334 0.7368421052631579,10.320175438596491,0.12857142857142856,9403,1 4 3 0 0 99 -29,1.0 1.0 1.0 0.0 0.0 0.625 0.6842105263157895,1110006.9342105263,0.02857142857142857,2275,0 1 0 0 0 107 -33,0.0 0.0 0.0 0.0 0.0 0.9583333333333334 0.47368421052631576,10.057017543859649,0.37857142857142856,7283,0 1 0 0 0 107 -28,0.0 0.0 0.0 0.0 0.0 0.9583333333333334 0.7368421052631579,10.320175438596491,0.12857142857142856,9403,1 4 3 0 0 99 -29,1.0 1.0 1.0 0.0 0.0 0.625 0.6842105263157895,1110006.9342105263,0.02857142857142857,2275,0 1 0 0 0 107 -33,0.0 0.0 0.0 0.0 0.0 0.9583333333333334 0.47368421052631576,10.057017543859649,0.37857142857142856,7283,0 1 0 0 0 106 -28,0.0 0.0 0.0 0.0 0.0 0.9166666666666666 0.7368421052631579,9.903508771929824,0.12857142857142856,9405,1 4 3 0 0 97 -26,1.0 1.0 1.0 0.0 0.0 0.5416666666666666 0.8421052631578947,1110006.25877193,0.02857142857142857,4936,0 1 0 0 0 108 -25,0.0 0.0 0.0 0.0 0.0 1.0 0.8947368421052632,10.894736842105264,0.4785714285714286,34297,0 1 0 0 0 106 -31,0.0 0.0 0.0 0.0 0.0 0.9166666666666666 0.5789473684210527,9.74561403508772,0.12857142857142856,28468,1 4 3 0 0 97 -29,1.0 1.0 1.0 0.0 0.0 0.5416666666666666 0.6842105263157895,1110006.100877193,0.02857142857142857,4938,0 1 0 0 0 108 -23,0.0 0.0 0.0 0.0 0.0 1.0 1.0,11.0,0.4857142857142857,34295,0 1 0 0 0 106 -31,0.0 0.0 0.0 0.0 0.0 0.9166666666666666 0.5789473684210527,9.74561403508772,0.12857142857142856,28468,1 4 3 0 0 95 -25,1.0 1.0 1.0 0.0 0.0 0.4583333333333333 0.8947368421052632,1110005.4780701753,0.02857142857142857,13630
resolved-p14d-c14d-3600-3rd/nsp-n40-d28-r0.10-rp2-fp2-s0,3 4 0 3 0 150 -162,0.21428571428571427 0.0074487895716946 0.0 0.0015360983102918587 0.0 0.0 0.0,215032.129341194,0.24642857142857144,35760,3 4 0 3 0 217 -120,0.21428571428571427 0.0074487895716946 0.0 0.0015360983102918587 0.0 0.037703995498030385 0.22340425531914893,215032.72978540428,0.17142857142857143,36808,3 4 0 3 0 249 -106,0.21428571428571427 0.0074487895716946 0.0 0.0015360983102918587 0.0 0.05571187394485087 0.2978723404255319,215032.98433227386,0.14821428571428572,36579,14 3 1 4 0 249 -114,1.0 0.00558659217877095 0.0009182736455463728 0.002304147465437788 0.0 0.05571187394485087 0.2553191489361702,1000570.9585396863,0.014285714285714285,11064,8 512 1089 1303 97 1845 -31,0.5714285714285714 0.9534450651769087 1.0 1.0 0.8660714285714286 0.9538548114800225 0.6968085106382979,677869.9204457449,0.2017857142857143,9784,4 393 786 757 89 1561 -53,0.2857142857142857 0.7318435754189944 0.721763085399449 0.5806451612903226 0.7946428571428571 0.7940348902644907 0.5797872340425532,366784.90369332087,0.21428571428571427,10817,14 3 1 4 0 248 -114,1.0 0.00558659217877095 0.0009182736455463728 0.002304147465437788 0.0 0.05514912774338773 0.2553191489361702,1000570.9529122242,0.014285714285714285,11065,8 512 1089 1303 97 1845 -31,0.5714285714285714 0.9534450651769087 1.0 1.0 0.8660714285714286 0.9538548114800225 0.6968085106382979,677869.9204457449,0.2017857142857143,9784,4 393 899 880 92 1840 -31,0.2857142857142857 0.7318435754189944 0.8255280073461891 0.6751152073732719 0.8214285714285714 0.9510410804727069 0.6968085106382979,367921.38861347846,0.2357142857142857,10806,14 3 1 4 0 249 -114,1.0 0.00558659217877095 0.0009182736455463728 0.002304147465437788 0.0 0.05571187394485087 0.2553191489361702,1000570.9585396863,0.014285714285714285,11064,7 537 1081 1235 112 1927 -7,0.5 1.0 0.992653810835629 0.9477726574500768 1.0 1.0 0.824468085106383,610985.1352338914,0.4660714285714286,10888,4 393 899 880 92 1840 -31,0.2857142857142857 0.7318435754189944 0.8255280073461891 0.6751152073732719 0.8214285714285714 0.9510410804727069 0.6968085106382979,367921.38861347846,0.2357142857142857,10806,14 3 4 75 1 740 -51,1.0 0.00558659217877095 0.0036730945821854912 0.05683563748079877 0.008928571428571428 0.33202025886325265 0.5904255319148937,1000657.0292864433,0.014285714285714285,23792,0 0 2 228 24 1183 26,0.0 0.0 0.0018365472910927456 0.17434715821812596 0.21428571428571427 0.5813168261114238 1.0,220.95437081873908,0.6714285714285714,13377,0 0 31 466 73 1762 -44,0.0 0.0 0.028466483011937556 0.35714285714285715 0.6517857142857143 0.9071468767585819 0.6276595744680851,716.6853870328581,0.6910714285714286,14793,14 3 4 74 1 722 -54,1.0 0.00558659217877095 0.0036730945821854912 0.05606758832565284 0.008928571428571428 0.32189082723691614 0.574468085106383,1000656.1439855249,0.014285714285714285,23828,0 0 0 1 0 337 -81,0.0 0.0 0.0 0.0 0.0 0.1052335396736072 0.4308510638297872,1.4831864605658591,0.6553571428571429,15409,0 0 0 1 0 373 -118,0.0 0.0 0.0 0.0 0.0 0.12549240292628025 0.23404255319148937,1.488966582454292,0.09642857142857143,16442,14 3 1 4 0 255 -94,1.0 0.00558659217877095 0.0009182736455463728 0.002304147465437788 0.0 0.05908835115362971 0.3617021276595745,1000571.0986874371,0.014285714285714285,24880
resolved-p14d-c14d-3600-3rd/nsp-n40-d28-r0.10-rp2-fp2-s9,2 4 0 42 0 553 -64,0.1 0.005128205128205128 0.0 0.0 0.0 0.0 0.16161616161616163,100512.98212898213,0.15535714285714286,45271,2 4 0 55 2 629 -54,0.1 0.005128205128205128 0.0 0.008349389852280027 0.0061162079510703364 0.016500217108119844 0.21212121212121213,100522.15864685112,0.09285714285714286,44925,2 4 0 63 2 796 -54,0.1 0.005128205128205128 0.0 0.01348747591522158 0.0061162079510703364 0.05275727312201477 0.21212121212121213,100527.6593034742,0.06428571428571428,44852,10 4 2 83 6 810 -96,0.5 0.005128205128205128 0.000942507068803016 0.026332691072575465 0.01834862385321101 0.05579678679982631 0.0,500550.9711048344,0.010714285714285714,20902,5 414 766 1086 95 2206 13,0.25 0.705982905982906 0.3609802073515551 0.6705202312138728 0.290519877675841 0.3588797221016066 0.5505050505050505,324911.80419305916,0.2642857142857143,2981,6 560 955 1352 112 2144 17,0.3 0.9555555555555556 0.45004712535344016 0.8413615928066795 0.3425076452599388 0.3454190186712983 0.5707070707070707,400935.6640636801,0.3357142857142857,2461,10 4 2 83 6 810 -96,0.5 0.005128205128205128 0.000942507068803016 0.026332691072575465 0.01834862385321101 0.05579678679982631 0.0,500550.9711048344,0.010714285714285714,20902,5 414 766 1086 95 2206 13,0.25 0.705982905982906 0.3609802073515551 0.6705202312138728 0.290519877675841 0.3588797221016066 0.5505050505050505,324911.80419305916,0.2642857142857143,2981,4 551 937 1487 82 2202 -4,0.2 0.9401709401709402 0.441564561734213 0.9280667951188183 0.25076452599388377 0.3580112896222319 0.46464646464646464,299389.92764151515,0.18928571428571428,2554,10 4 2 83 6 810 -95,0.5 0.005128205128205128 0.000942507068803016 0.026332691072575465 0.01834862385321101 0.05579678679982631 0.005050505050505051,500550.97615533945,0.010714285714285714,20901,5 414 766 1086 95 2206 13,0.25 0.705982905982906 0.3609802073515551 0.6705202312138728 0.290519877675841 0.3588797221016066 0.5505050505050505,324911.80419305916,0.2642857142857143,2981,5 586 814 1357 107 2104 1,0.25 1.0 0.3836003770028275 0.844572896596018 0.327217125382263 0.336734693877551 0.4898989898989899,354717.1556250912,0.19464285714285715,2485,20 415 1952 1557 215 3561 102,1.0 0.7076923076923077 0.9198868991517436 0.9730250481695568 0.6574923547400612 0.6530612244897959 1.0,1081014.4046566368,0.5089285714285714,23741,0 37 2092 948 327 4831 -18,0.0 0.06153846153846154 0.9858623939679547 0.581888246628131 1.0 0.9287885366912723 0.3939393939393939,16704.040164914684,0.7071428571428572,37805,0 1 154 475 93 2035 -35,0.0 0.0 0.07257304429783223 0.2780989081567116 0.28440366972477066 0.32175423360833694 0.30808080808080807,1035.7953412516752,0.6660714285714285,39535,18 446 2122 1599 213 3580 86,0.9 0.7606837606837606 1.0 1.0 0.6513761467889908 0.6571862787668259 0.9191919191919192,987141.0047377618,0.5089285714285714,23933,0 35 2055 848 277 5159 -37,0.0 0.05811965811965812 0.9684260131950989 0.5176621708413616 0.8470948012232415 1.0 0.29797979797979796,16108.895574678469,0.7017857142857142,38782,0 1 208 456 82 2233 -36,0.0 0.0 0.09802073515551367 0.2658959537572254 0.25076452599388377 0.364741641337386 0.30303030303030304,1275.1302046281546,0.6732142857142858,37853,10 4 2 83 6 820 -80,0.5 0.005128205128205128 0.000942507068803016 0.026332691072575465 0.01834862385321101 0.05796786799826314 0.08080808080808081,500551.0736237272,0.010714285714285714,25581
resolved-p14d-c14d-3600-3rd/nsp-n20-d28-r0.10-rp2-fp2-s4,0 1 0 0 0 64 -80,0.0 0.0 0.0 0.0 0.0 0.0 0.0,0.0,0.4357142857142857,18250,0 1 0 0 0 65 -68,0.0 0.0 0.0 0.0 0.0 0.0005452562704471102 0.11009174311926606,0.11554430582373716,0.3535714285714286,18330,0 1 0 0 0 67 -78,0.0 0.0 0.0 0.0 0.0 0.0016357688113413304 0.01834862385321101,0.03470631196662431,0.33214285714285713,18387,6 4 1 0 0 82 -38,1.0 0.030927835051546393 0.0010638297872340426 0.0 0.0 0.009814612868047983 0.3853211009174312,1003103.9052702567,0.02142857142857143,27648,0 30 334 363 95 1648 14,0.0 0.29896907216494845 0.3553191489361702 0.5826645264847512 0.6291390728476821 0.8636859323882224 0.8623853211009175,34105.17638427105,0.65,62423,0 16 308 364 113 1651 6,0.0 0.15463917525773196 0.3276595744680851 0.5842696629213483 0.7483443708609272 0.8653217011995638 0.7889908256880734,19409.059578299177,0.48214285714285715,45056,6 4 1 0 0 82 -38,1.0 0.030927835051546393 0.0010638297872340426 0.0 0.0 0.009814612868047983 0.3853211009174312,1003103.9052702567,0.02142857142857143,27648,0 11 411 432 98 1898 11,0.0 0.10309278350515463 0.4372340425531915 0.6934189406099518 0.6490066225165563 1.0 0.8348623853211009,15450.773241294308,0.6357142857142857,72688,0 13 256 292 69 1600 11,0.0 0.12371134020618557 0.2723404255319149 0.46869983948635635 0.45695364238410596 0.8375136314067612 0.8348623853211009,15618.143478361862,0.4928571428571429,47515,6 4 1 0 0 82 -47,1.0 0.030927835051546393 0.0010638297872340426 0.0 0.0 0.009814612868047983 0.30275229357798167,1003103.8227014493,0.02142857142857143,27655,0 10 363 362 77 1866 14,0.0 0.09278350515463918 0.3861702127659574 0.5810593900481541 0.5099337748344371 0.9825517993456925 0.8623853211009175,13782.793313969647,0.6285714285714286,76351,0 2 69 131 9 588 -32,0.0 0.010309278350515464 0.07340425531914893 0.2102728731942215 0.059602649006622516 0.2857142857142857 0.44036697247706424,1984.5010361675395,0.19642857142857142,64928,5 98 940 623 127 1669 25,0.8333333333333334 1.0 1.0 1.0 0.8410596026490066 0.8751363140676118 0.963302752293578,944427.1539594912,0.46785714285714286,76472,0 1 0 0 0 97 -31,0.0 0.0 0.0 0.0 0.0 0.017993456924754635 0.44954128440366975,0.6294758536512162,0.5571428571428572,68405,0 1 33 40 2 422 13,0.0 0.0 0.035106382978723406 0.06420545746388442 0.013245033112582781 0.19520174482006544 0.8532110091743119,419.39901901975173,0.5678571428571428,77255,4 80 864 617 151 1688 29,0.6666666666666666 0.8144329896907216 0.9191489361702128 0.9903691813804173 1.0 0.8854961832061069 1.0,758401.6791406533,0.4607142857142857,79483,0 1 0 0 0 97 -31,0.0 0.0 0.0 0.0 0.0 0.017993456924754635 0.44954128440366975,0.6294758536512162,0.5535714285714286,68406,0 1 2 13 0 218 -24,0.0 0.0 0.002127659574468085 0.02086677367576244 0.0 0.08396946564885496 0.5137614678899083,43.496825544821746,0.5214285714285715,92120,6 4 1 0 0 75 -53,1.0 0.030927835051546393 0.0010638297872340426 0.0 0.0 0.0059978189749182115 0.24770642201834864,1003103.7294876388,0.02142857142857143,15909
resolved-p14d-c14d-3600-3rd/nsp-n30-d28-r0.10-rp2-fp2-s3,1 21 2 9 0 200 -90,0.07692307692307693 0.050666666666666665 0.0009090909090909091 0.003769520732364028 0.0 0.0 0.0,82002.60401956688,0.6642857142857143,18129,1 88 242 212 57 1221 -12,0.07692307692307693 0.22933333333333333 0.11 0.11308562197092084 0.22265625 0.3745414526779164 0.4727272727272727,101095.97964518069,0.047619047619047616,50239,7 97 254 213 56 1287 -12,0.5384615384615384 0.25333333333333335 0.11545454545454545 0.11362412493268713 0.21875 0.3987527512839325 0.4727272727272727,565089.3766291355,0.016666666666666666,49745,7 97 261 267 58 1286 -6,0.5384615384615384 0.25333333333333335 0.11863636363636364 0.14270328486806677 0.2265625 0.3983859134262656 0.509090909090909,565151.0879161467,0.016666666666666666,57205,0 322 1232 1465 176 2401 36,0.0 0.8533333333333334 0.56 0.7878298330640818 0.6875 0.8074101247248716 0.7636363636363637,91798.75090400831,0.34523809523809523,12805,0 325 1357 1823 206 2572 41,0.0 0.8613333333333333 0.6168181818181818 0.9806138933764136 0.8046875 0.8701393983859135 0.793939393939394,93372.09312826938,0.4357142857142857,11698,7 97 267 283 63 1348 -3,0.5384615384615384 0.25333333333333335 0.12136363636363637 0.1513193322563274 0.24609375 0.42112986060161406 0.5272727272727272,565189.1754370977,0.016666666666666666,55071,0 333 1026 1496 182 2512 66,0.0 0.8826666666666667 0.46636363636363637 0.8045234248788369 0.7109375 0.8481291269258987 0.9454545454545454,93815.34695099658,0.3547619047619048,11176,0 308 1405 1590 223 2633 33,0.0 0.816 0.6386363636363637 0.8551427032848681 0.87109375 0.892516507703595 0.7454545454545455,88938.28633427099,0.5595238095238095,13490,7 97 265 264 61 1333 -14,0.5384615384615384 0.25333333333333335 0.12045454545454545 0.1410877759827679 0.23828125 0.4156272927366104 0.46060606060606063,565168.950029388,0.016666666666666666,56592,1 281 1263 1629 220 2926 40,0.07692307692307693 0.744 0.5740909090909091 0.8761443187937533 0.859375 1.0 0.7878787878787878,158036.85571156765,0.5904761904761905,8597,0 299 1337 1708 256 2859 17,0.0 0.792 0.6077272727272728 0.9186860527732903 1.0 0.975421863536317 0.6484848484848484,86306.36148352988,0.38095238095238093,14455,13 374 2200 1859 230 2738 64,1.0 0.992 1.0 1.0 0.8984375 0.9310344827586207 0.9333333333333333,1110300.087428161,0.5452380952380952,36177,0 39 590 581 160 2562 75,0.0 0.09866666666666667 0.2681818181818182 0.31179321486268174 0.625 0.8664710198092443 1.0,12932.442773545623,0.6666666666666666,57641,0 2 0 2 0 442 -14,0.0 0.0 0.0 0.0 0.0 0.08877476155539252 0.46060606060606063,1.348353676159986,0.6666666666666666,50612,12 377 2197 1858 234 2742 61,0.9230769230769231 1.0 0.9986363636363637 0.9994614970382337 0.9140625 0.9325018341892883 0.9151515151515152,1034164.3946301821,0.5452380952380952,36280,0 42 611 605 157 2469 61,0.0 0.10666666666666667 0.2777272727272727 0.3247172859450727 0.61328125 0.8323550990462216 0.9151515151515152,13839.223507390083,0.6666666666666666,54900,0 2 0 2 0 390 -12,0.0 0.0 0.0 0.0 0.0 0.06969919295671313 0.4727272727272727,1.169719202294404,0.6761904761904762,49963,7 97 254 217 60 1312 -17,0.5384615384615384 0.25333333333333335 0.11545454545454545 0.1157781367797523 0.234375 0.40792369772560527 0.44242424242424244,565093.1545474166,0.016666666666666666,51585
resolved-p14d-c14d-3600-3rd/nsp-n40-d28-r0.10-rp2-fp2-s2,0 23 378 324 90 2310 -35,0.0 0.0 0.0 0.0 0.0 0.06206896551724138 0.0,0.6206896551724138,0.29464285714285715,16919,12 82 1069 407 170 3032 -22,0.9230769230769231 0.11153119092627599 0.22858087992060866 0.03506548373468526 0.23668639053254437 0.4450928381962865 0.14444444444444443,936579.1804643711,0.017857142857142856,44966,13 84 1084 411 176 3000 -21,1.0 0.11531190926275993 0.23354283824015878 0.036755386565272496 0.25443786982248523 0.42811671087533154 0.15555555555555556,1013933.2552048895,0.008928571428571428,44057,13 84 968 459 177 2519 -23,1.0 0.11531190926275993 0.19517036056897122 0.057034220532319393 0.257396449704142 0.1729442970822281 0.13333333333333333,1013567.5311737725,0.008928571428571428,12493,2 480 2992 2529 395 3817 12,0.15384615384615385 0.8638941398865785 0.8647039364869336 0.9315589353612167 0.9023668639053254 0.8615384615384616 0.5222222222222223,249913.54042827038,0.29285714285714287,4242,1 523 2860 2314 428 3690 25,0.07692307692307693 0.945179584120983 0.8210387032748925 0.8407266582171525 1.0 0.7941644562334218 0.6666666666666666,180600.75733737028,0.3732142857142857,4507,13 84 974 469 161 2480 -14,1.0 0.11531190926275993 0.19715514389679126 0.06125897760878749 0.21005917159763313 0.15225464190981433 0.23333333333333334,1013586.7631397648,0.008928571428571428,12389,3 462 2555 2224 388 4029 5,0.23076923076923078 0.8298676748582231 0.7201455507773735 0.8027038445289396 0.8816568047337278 0.9740053050397878 0.4444444444444444,321858.50778532395,0.2357142857142857,4095,1 530 2875 2458 339 3576 9,0.07692307692307693 0.9584120982986768 0.8260006615944426 0.9015631601182932 0.7366863905325444 0.7336870026525198 0.4888888888888889,182007.35092697598,0.24464285714285713,4097,13 84 974 469 161 2480 -14,1.0 0.11531190926275993 0.19715514389679126 0.06125897760878749 0.21005917159763313 0.15225464190981433 0.23333333333333334,1013586.7631397648,0.008928571428571428,12389,3 462 2555 2223 388 3977 5,0.23076923076923078 0.8298676748582231 0.7201455507773735 0.8022813688212928 0.8816568047337278 0.9464190981432361 0.4444444444444444,321857.8094475473,0.2357142857142857,4096,0 552 3401 2691 427 4078 30,0.0 1.0 1.0 1.0 0.9970414201183432 1.0 0.7222222222222222,111110.42636423405,0.48214285714285715,4522,13 158 2024 1076 355 3965 -23,1.0 0.2551984877126654 0.5444922262652994 0.3177017321504014 0.7840236686390533 0.940053050397878 0.13333333333333333,1031370.4089967711,0.008928571428571428,17126,1 464 2211 1980 266 2928 55,0.07692307692307693 0.833648393194707 0.6063513066490241 0.6996197718631179 0.5207100591715976 0.38992042440318303 1.0,167108.01929106217,0.775,11473,3 504 1451 1837 225 2193 33,0.23076923076923078 0.9092627599243857 0.35494541845848493 0.639205745669624 0.3994082840236686 0.0 0.7555555555555555,325924.86307588173,0.7839285714285714,13263,13 163 2027 1129 351 3915 -12,1.0 0.2646502835538752 0.5454846179292094 0.3400929446556823 0.772189349112426 0.9135278514588859 0.25555555555555554,1032346.5772483166,0.008928571428571428,16594,0 436 2083 2423 252 2736 30,0.0 0.780718336483932 0.5640092623221965 0.8867765103506549 0.47928994082840237 0.2880636604774536 0.7222222222222222,84650.23463487565,0.775,12458,3 502 2144 1895 225 2417 9,0.23076923076923078 0.9054820415879017 0.5841878928217002 0.663709336713139 0.3994082840236686 0.11883289124668435 0.4888888888888889,327864.6412391548,0.7910714285714285,13633,13 84 966 415 164 2452 -23,1.0 0.11531190926275993 0.19450876612636453 0.03844528939585974 0.21893491124260356 0.13740053050397877 0.13333333333333333,1013538.1247066981,0.008928571428571428,43992
resolved-p14d-c14d-3600-3rd/nsp-n30-d28-r0.10-rp2-fp2-s7,0 0 0 0 0 84 -146,0.0 0.0 0.0 0.0 0.0 0.0 0.023529411764705882,0.023529411764705882,0.3119047619047619,375,0 0 0 0 0 90 -143,0.0 0.0 0.0 0.0 0.0 0.0821917808219178 0.058823529411764705,0.8807413376309428,0.2642857142857143,316,0 0 0 0 0 86 -148,0.0 0.0 0.0 0.0 0.0 0.0273972602739726 0.0,0.273972602739726,0.30952380952380953,337,0 0 0 0 0 125 -81,0.0 0.0 0.0 0.0 0.0 0.5616438356164384 0.788235294117647,6.404673650282031,0.05714285714285714,195,0 0 0 0 0 141 -83,0.0 0.0 0.0 0.0 0.0 0.7808219178082192 0.7647058823529411,8.572925060435132,0.33095238095238094,20,0 0 0 0 0 125 -99,0.0 0.0 0.0 0.0 0.0 0.5616438356164384 0.5764705882352941,6.192908944399678,0.05714285714285714,158,0 0 0 0 0 124 -96,0.0 0.0 0.0 0.0 0.0 0.547945205479452 0.611764705882353,6.091216760676874,0.05714285714285714,191,0 0 0 0 0 146 -63,0.0 0.0 0.0 0.0 0.0 0.8493150684931506 1.0,9.493150684931507,0.35,19,0 0 0 0 0 130 -102,0.0 0.0 0.0 0.0 0.0 0.6301369863013698 0.5411764705882353,6.842546333601933,0.05714285714285714,97,0 0 0 0 0 130 -94,0.0 0.0 0.0 0.0 0.0 0.6301369863013698 0.6352941176470588,6.936663980660757,0.05714285714285714,110,0 0 0 0 0 157 -77,0.0 0.0 0.0 0.0 0.0 1.0 0.8352941176470589,10.83529411764706,0.37857142857142856,18,0 0 0 0 0 128 -80,0.0 0.0 0.0 0.0 0.0 0.6027397260273972 0.8,6.827397260273972,0.05714285714285714,89,0 0 0 0 0 130 -101,0.0 0.0 0.0 0.0 0.0 0.6301369863013698 0.5529411764705883,6.854311039484286,0.05714285714285714,400,0 0 0 0 0 134 -81,0.0 0.0 0.0 0.0 0.0 0.684931506849315 0.788235294117647,7.6375503626107974,0.6595238095238095,99,0 0 0 0 0 127 -88,0.0 0.0 0.0 0.0 0.0 0.589041095890411 0.7058823529411765,6.596293311845287,0.05714285714285714,413,0 0 0 0 0 130 -101,0.0 0.0 0.0 0.0 0.0 0.6301369863013698 0.5529411764705883,6.854311039484286,0.05714285714285714,400,0 0 0 0 0 134 -81,0.0 0.0 0.0 0.0 0.0 0.684931506849315 0.788235294117647,7.6375503626107974,0.6595238095238095,99,0 0 0 0 0 127 -88,0.0 0.0 0.0 0.0 0.0 0.589041095890411 0.7058823529411765,6.596293311845287,0.05714285714285714,413,0 0 0 0 0 132 -90,0.0 0.0 0.0 0.0 0.0 0.6575342465753424 0.6823529411764706,7.257695406929895,0.06428571428571428,63
resolved-p14d-c14d-3600-3rd/nsp-n40-d28-r0.10-rp2-fp2-s6,0 3 0 0 0 166 -162,0.0 0.0 0.0 0.0 0.0 0.0 0.0,0.0,0.225,33992,0 5 0 0 0 247 -120,0.0 0.004901960784313725 0.0 0.0 0.0 0.024930747922437674 0.17872340425531916,490.62410931485226,0.11964285714285715,33588,0 3 0 0 0 278 -110,0.0 0.0 0.0 0.0 0.0 0.03447214527546937 0.22127659574468084,0.5659980484993745,0.11071428571428571,33655,8 6 0 3 0 260 -90,0.4 0.007352941176470588 0.0 0.0031023784901758012 0.0 0.028931979070483227 0.30638297872340425,400738.99219890666,0.0125,28980,2 411 1042 742 62 1911 -45,0.1 1.0 0.6632718014003819 0.7673216132368149 0.38509316770186336 0.5370883348722684 0.4978723404255319,207444.4176997,0.2910714285714286,2632,1 239 884 738 103 1702 -60,0.05 0.5784313725490197 0.5626989178866963 0.7631851085832472 0.639751552795031 0.4727608494921514 0.4340425531914894,114302.44834867978,0.22142857142857142,1079,8 6 0 3 0 266 -101,0.4 0.007352941176470588 0.0 0.0031023784901758012 0.0 0.030778701138811943 0.25957446808510637,400738.96385761665,0.0125,28963,2 355 1073 872 79 1674 -47,0.1 0.8627450980392157 0.683004455760662 0.9017580144777663 0.4906832298136646 0.4641428131732841 0.48936170212765956,194060.51148882115,0.3517857142857143,2722,1 239 881 706 115 1882 -36,0.05 0.5784313725490197 0.5607893061744113 0.7300930713547052 0.7142857142857143 0.5281625115420129 0.5361702127659574,114258.36975475751,0.4107142857142857,1153,8 6 0 3 0 260 -89,0.4 0.007352941176470588 0.0 0.0031023784901758012 0.0 0.028931979070483227 0.31063829787234043,400738.9964542258,0.0125,28979,2 309 1055 785 96 1687 -52,0.1 0.75 0.671546785486951 0.811789038262668 0.5962732919254659 0.46814404432132967 0.46808510638297873,182592.03374787435,0.3517857142857143,2796,1 239 882 763 104 1869 -39,0.05 0.5784313725490197 0.5614258434118395 0.7890382626680456 0.6459627329192547 0.5241612803939674 0.5234042553191489,114316.79524203959,0.3392857142857143,1120,18 357 1566 967 136 3032 72,0.9 0.8676470588235294 0.9968173138128581 1.0 0.84472049689441 0.8821175746383503 0.9957446808510638,997827.1679905981,0.5107142857142857,32303,1 109 1155 671 161 3415 73,0.05 0.25980392156862747 0.73520050922979 0.6938986556359876 1.0 1.0 1.0,84137.29590479663,0.7464285714285714,45496,0 3 5 282 50 1559 2,0.0 0.0 0.003182686187141948 0.29162357807652534 0.3105590062111801 0.42874730686365037 0.6978723404255319,359.49168597812485,0.6785714285714286,40368,20 319 1571 874 125 3117 73,1.0 0.7745098039215687 1.0 0.9038262668045501 0.7763975155279503 0.9082794706063404 1.0,1088442.5292052203,0.5214285714285715,30001,1 109 1143 641 160 3338 61,0.05 0.25980392156862747 0.7275620623806492 0.6628748707342296 0.9937888198757764 0.9763004001231148 0.948936170212766,84028.97847356249,0.7464285714285714,46393,0 3 2 246 30 1318 10,0.0 0.0 0.001273074474856779 0.2543950361944157 0.18633540372670807 0.3545706371191136 0.7319148936170212,290.03694258046255,0.65,40654,8 6 0 3 0 259 -110,0.4 0.007352941176470588 0.0 0.0031023784901758012 0.0 0.028624192059095107 0.22127659574468084,400738.9040146535,0.0125,37202
resolved-p14d-c14d-3600-3rd/nsp-n50-d28-r0.10-rp2-fp2-s5,1 10 490 188 32 2163 -64,0.04 0.012804097311139564 0.3038605230386052 0.12097812097812098 0.3368421052631579 0.7019108280254777 0.3853211009174312,44481.08172238562,0.10857142857142857,28024,18 45 768 361 67 2780 -16,0.72 0.05761843790012804 0.47696139476961397 0.2323037323037323 0.7052631578947368 0.9639065817409767 0.8256880733944955,730844.752539693,0.018571428571428572,44843,18 46 804 369 70 2727 -21,0.72 0.058898847631242 0.49937733499377335 0.23745173745173745 0.7368421052631579 0.9414012738853503 0.7798165137614679,731204.9878902925,0.018571428571428572,43902,18 23 616 360 56 2706 -61,0.72 0.029449423815621 0.3823163138231631 0.23166023166023167 0.5894736842105263 0.932484076433121 0.41284403669724773,727068.4508046759,0.018571428571428572,23594,22 649 1244 1554 95 2320 -54,0.88 0.8309859154929577 0.7733499377334994 1.0 1.0 0.7685774946921444 0.47706422018348627,971940.2537657979,0.34285714285714286,641,17 781 1118 1198 53 2314 2,0.68 1.0 0.6948941469489415 0.7709137709137709 0.5578947368421052 0.7660297239915075 0.9908256880733946,787784.2958370153,0.3442857142857143,762,18 62 853 350 74 2408 -57,0.72 0.0793854033290653 0.5298879202988792 0.22522522522522523 0.7789473684210526 0.8059447983014862 0.44954128440366975,733549.0484872301,0.018571428571428572,23726,22 726 1172 1458 69 2249 -43,0.88 0.9295774647887324 0.7285180572851806 0.9382239382239382 0.7263157894736842 0.7384288747346072 0.5779816513761468,981261.744839295,0.28,457,25 669 1608 1545 91 2865 -44,1.0 0.8565941101152369 1.0 0.9942084942084942 0.9578947368421052 1.0 0.5688073394495413,1096759.977786756,0.21285714285714286,368,18 48 619 350 64 2159 -66,0.72 0.06145966709346991 0.38418430884184307 0.22522522522522523 0.6736842105263158 0.700212314225053 0.3669724770642202,730287.7725396625,0.018571428571428572,24275,22 724 1373 1479 85 2092 -50,0.88 0.9270166453265045 0.8536737235367372 0.9517374517374517 0.8947368421052632 0.6717622080679405 0.5137614678899083,982286.8442875145,0.27285714285714285,867,22 696 1389 1412 67 2305 -5,0.88 0.8911651728553137 0.8636363636363636 0.9086229086229086 0.7052631578947368 0.7622080679405521 0.926605504587156,978740.5788324914,0.25285714285714284,746,18 9 503 226 46 2188 -61,0.72 0.011523687580025609 0.3119551681195517 0.14543114543114544 0.4842105263157895 0.7125265392781316 0.41284403669724773,724473.3107466903,0.018571428571428572,27333,0 0 2 0 0 510 -106,0.0 0.0 0.0 0.0 0.0 0.0 0.0,0.0,0.6371428571428571,10606,0 0 12 345 50 2116 -16,0.0 0.0 0.0062266500622665 0.222007722007722 0.5263157894736842 0.6819532908704883 0.8256880733944955,344.55102255985486,0.6714285714285714,14182,18 11 478 211 42 1934 -70,0.72 0.014084507042253521 0.29638854296388545 0.13577863577863578 0.4421052631578947 0.6046709129511677 0.3302752293577982,724558.7022803175,0.018571428571428572,26187,0 0 57 429 60 2288 3,0.0 0.0 0.03424657534246575 0.27606177606177607 0.631578947368421 0.7549893842887474 1.0,690.2353180661632,0.6928571428571428,9023,0 0 12 362 58 2287 -13,0.0 0.0 0.0062266500622665 0.23294723294723294 0.6105263157894737 0.7545647558386412 0.8532110091743119,364.66522371640605,0.6714285714285714,14174,18 100 675 475 90 2155 -40,0.72 0.12804097311139565 0.4190535491905355 0.3056628056628057 0.9473684210526315 0.6985138004246284 0.6055045871559633,737402.6230934046,0.018571428571428572,48647
resolved-p14d-c14d-3600-3rd/nsp-n20-d28-r0.10-rp2-fp2-s2,0 0 10 0 0 73 -99,0.0 0.0 0.006191950464396285 0.0 0.0 0.0 0.0,61.91950464396285,0.3357142857142857,18437,0 0 10 0 0 77 -76,0.0 0.0 0.006191950464396285 0.0 0.0 0.0017398869073510222 0.21100917431192662,62.14791268734829,0.24285714285714285,24610,0 0 10 1 0 76 -77,0.0 0.0 0.006191950464396285 0.0022727272727272726 0.0 0.0013049151805132667 0.2018348623853211,64.40711593088058,0.28214285714285714,24541,7 0 6 0 0 76 -26,1.0 0.0 0.0 0.0 0.0 0.0013049151805132667 0.6697247706422018,1000000.6827739223,0.010714285714285714,8934,0 6 652 438 150 2372 1,0.0 0.17647058823529413 1.0 0.9954545454545455 1.0 1.0 0.9174311926605505,28753.43080017662,0.5964285714285714,20975,0 30 364 440 84 1275 4,0.0 0.8823529411764706 0.5541795665634675 1.0 0.56 0.5228360156589822 0.944954128440367,94839.26309756677,0.4357142857142857,25130,7 0 6 0 0 76 -26,1.0 0.0 0.0 0.0 0.0 0.0013049151805132667 0.6697247706422018,1000000.6827739223,0.010714285714285714,8934,0 0 206 256 79 1016 -4,0.0 0.0 0.30959752321981426 0.5818181818181818 0.5266666666666666 0.4101783384080035 0.8715596330275229,3735.4334237000985,0.40714285714285714,28704,0 31 362 430 103 1326 10,0.0 0.9117647058823529 0.5510835913312694 0.9772727272727273 0.6866666666666666 0.5450195737277077 1.0,97739.69609122464,0.5107142857142857,25047,7 0 6 0 0 76 -25,1.0 0.0 0.0 0.0 0.0 0.0013049151805132667 0.6788990825688074,1000000.6919482343,0.010714285714285714,8933,0 0 247 266 63 1305 -7,0.0 0.0 0.37306501547987614 0.6045454545454545 0.42 0.5358851674641149 0.8440366972477065,4383.398497716105,0.4785714285714286,27865,0 34 423 374 110 1466 6,0.0 1.0 0.6455108359133127 0.85 0.7333333333333333 0.6059156154849935 0.963302752293578,107385.4641513736,0.6428571428571429,23422,7 0 6 0 0 77 -32,1.0 0.0 0.0 0.0 0.0 0.0017398869073510222 0.6146788990825688,1000000.6320777681,0.010714285714285714,7285,0 0 10 0 0 103 -28,0.0 0.0 0.006191950464396285 0.0 0.0 0.013049151805132666 0.6513761467889908,62.70137230880317,0.6142857142857143,12221,0 0 10 0 0 117 -40,0.0 0.0 0.006191950464396285 0.0 0.0 0.019138755980861243 0.5412844036697247,62.65217660744119,0.07142857142857142,17683,7 0 6 0 0 77 -32,1.0 0.0 0.0 0.0 0.0 0.0017398869073510222 0.6146788990825688,1000000.6320777681,0.010714285714285714,7285,0 0 10 0 0 103 -28,0.0 0.0 0.006191950464396285 0.0 0.0 0.013049151805132666 0.6513761467889908,62.70137230880317,0.6071428571428571,12222,0 0 10 0 0 117 -39,0.0 0.0 0.006191950464396285 0.0 0.0 0.019138755980861243 0.5504587155963303,62.66135091936779,0.07142857142857142,17682,7 0 6 0 0 75 -20,1.0 0.0 0.0 0.0 0.0 0.0008699434536755111 0.7247706422018348,1000000.7334700768,0.010714285714285714,16731
resolved-p14d-c14d-3600-3rd/nsp-n20-d28-r0.10-rp2-fp2-s3,0 0 0 0 0 72 -88,0.0 0.0 0.0 0.0 0.0 0.044444444444444446 0.0,0.4444444444444445,0.35,350,0 0 0 0 0 71 -77,0.0 0.0 0.0 0.0 0.0 0.022222222222222223 0.15942028985507245,0.3816425120772947,0.34285714285714286,356,0 0 0 0 0 70 -85,0.0 0.0 0.0 0.0 0.0 0.0 0.043478260869565216,0.043478260869565216,0.37142857142857144,376,0 0 0 0 0 103 -44,0.0 0.0 0.0 0.0 0.0 0.7333333333333333 0.6376811594202898,7.971014492753623,0.075,215,0 0 0 0 0 111 -39,0.0 0.0 0.0 0.0 0.0 0.9111111111111111 0.7101449275362319,9.821256038647343,0.30357142857142855,20,0 0 0 0 0 103 -43,0.0 0.0 0.0 0.0 0.0 0.7333333333333333 0.6521739130434783,7.9855072463768115,0.075,120,0 0 0 0 0 101 -44,0.0 0.0 0.0 0.0 0.0 0.6888888888888889 0.6376811594202898,7.526570048309179,0.075,289,0 0 0 0 0 115 -49,0.0 0.0 0.0 0.0 0.0 1.0 0.5652173913043478,10.565217391304348,0.31785714285714284,39,0 0 0 0 0 101 -49,0.0 0.0 0.0 0.0 0.0 0.6888888888888889 0.5652173913043478,7.454106280193237,0.075,210,0 0 0 0 0 103 -43,0.0 0.0 0.0 0.0 0.0 0.7333333333333333 0.6521739130434783,7.9855072463768115,0.075,199,0 0 0 0 0 112 -57,0.0 0.0 0.0 0.0 0.0 0.9333333333333333 0.4492753623188406,9.782608695652174,0.32857142857142857,22,0 0 0 0 0 101 -40,0.0 0.0 0.0 0.0 0.0 0.6888888888888889 0.6956521739130435,7.584541062801932,0.075,159,0 0 0 0 0 104 -48,0.0 0.0 0.0 0.0 0.0 0.7555555555555555 0.5797101449275363,8.135265700483092,0.075,428,0 0 0 0 0 98 -19,0.0 0.0 0.0 0.0 0.0 0.6222222222222222 1.0,7.222222222222222,0.65,148,0 0 0 0 0 99 -39,0.0 0.0 0.0 0.0 0.0 0.6444444444444445 0.7101449275362319,7.154589371980677,0.075,487,0 0 0 0 0 104 -49,0.0 0.0 0.0 0.0 0.0 0.7555555555555555 0.5652173913043478,8.120772946859903,0.075,429,0 0 0 0 0 98 -19,0.0 0.0 0.0 0.0 0.0 0.6222222222222222 1.0,7.222222222222222,0.65,148,0 0 0 0 0 99 -39,0.0 0.0 0.0 0.0 0.0 0.6444444444444445 0.7101449275362319,7.154589371980677,0.075,487,0 0 0 0 0 106 -43,0.0 0.0 0.0 0.0 0.0 0.8 0.6521739130434783,8.652173913043478,0.075,127
resolved-p14d-c14d-3600-3rd/nsp-n20-d28-r0.10-rp2-fp2-s5,0 1 4 2 0 65 -59,0.0 0.0 0.0 0.004073319755600814 0.0 0.0 0.037037037037037035,4.110356792637852,0.37142857142857144,18020,0 1 4 1 0 69 -63,0.0 0.0 0.0 0.002036659877800407 0.0 0.0018552875695732839 0.0,2.05521275349614,0.37142857142857144,17849,0 1 4 0 0 75 -40,0.0 0.0 0.0 0.0 0.0 0.00463821892393321 0.21296296296296297,0.25934515220229504,0.31785714285714284,17914,7 3 8 5 0 94 -23,1.0 0.04 0.006097560975609756 0.010183299389002037 0.0 0.013450834879406308 0.37037037037037035,1004071.6637878641,0.010714285714285714,31559,0 30 448 433 114 1742 42,0.0 0.58 0.676829268292683 0.8818737270875764 0.7916666666666666 0.7778293135435993 0.9722222222222222,65738.08359203872,0.6857142857142857,67658,0 7 373 344 129 1925 30,0.0 0.12 0.5625 0.7006109979633401 0.8958333333333334 0.862708719851577 0.8611111111111112,18424.682529606296,0.6535714285714286,61039,7 3 8 5 0 94 -26,1.0 0.04 0.006097560975609756 0.010183299389002037 0.0 0.013450834879406308 0.3425925925925926,1004071.6360100864,0.010714285714285714,31561,0 37 393 437 105 1670 32,0.0 0.72 0.5929878048780488 0.890020366598778 0.7291666666666666 0.7444341372912802 0.8796296296296297,78901.1390530485,0.6785714285714286,61724,0 7 373 338 113 1930 29,0.0 0.12 0.5625 0.6883910386965377 0.7847222222222222 0.8650278293135436 0.8518518518518519,18401.365391063744,0.6535714285714286,61131,7 3 8 5 0 95 -16,1.0 0.04 0.006097560975609756 0.010183299389002037 0.0 0.013914656771799629 0.4351851851851852,1004071.7332408979,0.010714285714285714,31557,0 34 457 435 112 1736 45,0.0 0.66 0.6905487804878049 0.8859470468431772 0.7777777777777778 0.7750463821892394 1.0,73877.96309332091,0.6785714285714286,65771,0 28 371 452 106 1751 25,0.0 0.54 0.5594512195121951 0.9205702647657841 0.7361111111111112 0.7820037105751392 0.8148148148148148,60597.32842291941,0.6392857142857142,53525,2 51 639 436 119 1978 25,0.2857142857142857 1.0 0.9679878048780488 0.8879837067209776 0.8263888888888888 0.887291280148423 0.8148148148148148,396374.4740862924,0.42857142857142855,71462,0 1 4 0 0 95 0,0.0 0.0 0.0 0.0 0.0 0.013914656771799629 0.5833333333333334,0.7224799010513296,0.675,42319,0 1 6 2 0 160 -19,0.0 0.0 0.003048780487804878 0.004073319755600814 0.0 0.04406307977736549 0.4074074074074074,35.40916283883066,0.5214285714285715,80085,1 36 660 491 144 2221 21,0.14285714285714285 0.7 1.0 1.0 1.0 1.0 0.7777777777777778,223967.92063492062,0.4035714285714286,85127,0 1 4 0 0 88 -17,0.0 0.0 0.0 0.0 0.0 0.010667903525046383 0.42592592592592593,0.5326049611763898,0.6035714285714285,42323,0 1 4 1 0 171 2,0.0 0.0 0.0 0.002036659877800407 0.0 0.04916512059369202 0.6018518518518519,3.130162935589179,0.5035714285714286,81028,7 3 8 5 0 91 -22,1.0 0.04 0.006097560975609756 0.010183299389002037 0.0 0.012059369202226345 0.37962962962962965,1004071.6591324668,0.010714285714285714,33624
resolved-p14d-c14d-3600-3rd/nsp-n30-d28-r0.10-rp2-fp2-s0,0 5 0 0 0 99 -136,0.0 0.01195219123505976 0.0 0.0 0.0 0.0 0.0,1195.219123505976,0.24047619047619048,26912,0 5 0 0 0 103 -122,0.0 0.01195219123505976 0.0 0.0 0.0 0.0014331780723754925 0.08,1195.3134552866998,0.22142857142857142,26769,0 5 0 0 0 112 -84,0.0 0.01195219123505976 0.0 0.0 0.0 0.004657828735220351 0.29714285714285715,1195.5628446504713,0.16666666666666666,26715,5 5 0 0 0 139 -82,0.4166666666666667 0.01195219123505976 0.0 0.0 0.0 0.014331780723754926 0.30857142857142855,417862.3376794085,0.011904761904761904,34118,1 253 639 639 93 1371 -1,0.08333333333333333 1.0 0.4409937888198758 0.7879161528976573 0.5740740740740741 0.45575062701540664 0.7714285714285715,188593.92371667875,0.5214285714285715,4595,0 138 766 563 113 1825 -17,0.0 0.5418326693227091 0.52864044168392 0.6942046855733662 0.6975308641975309 0.6184163382300251 0.68,60240.49328448553,0.42857142857142855,5322,5 5 0 0 0 139 -82,0.4166666666666667 0.01195219123505976 0.0 0.0 0.0 0.014331780723754926 0.30857142857142855,417862.3376794085,0.011904761904761904,34118,1 253 639 639 93 1372 -1,0.08333333333333333 1.0 0.4409937888198758 0.7879161528976573 0.5740740740740741 0.4561089215335005 0.7714285714285715,188593.92729962393,0.5190476190476191,4594,0 138 766 563 113 1831 -17,0.0 0.5418326693227091 0.52864044168392 0.6942046855733662 0.6975308641975309 0.6205661053385884 0.68,60240.51478215661,0.42857142857142855,5320,5 5 0 0 0 139 -77,0.4166666666666667 0.01195219123505976 0.0 0.0 0.0 0.014331780723754926 0.33714285714285713,417862.36625083705,0.011904761904761904,34114,1 253 639 639 93 1371 -1,0.08333333333333333 1.0 0.4409937888198758 0.7879161528976573 0.5740740740740741 0.45575062701540664 0.7714285714285715,188593.92371667875,0.5214285714285715,4595,0 138 766 563 113 1829 -17,0.0 0.5418326693227091 0.52864044168392 0.6942046855733662 0.6975308641975309 0.6198495163024006 0.68,60240.50761626625,0.42857142857142855,5321,12 185 1449 809 162 2890 14,1.0 0.7290836653386454 1.0 0.9975339087546239 1.0 1.0 0.8571428571428571,1084016.7575854762,0.49047619047619045,48278,0 2 34 200 22 842 -5,0.0 0.0 0.023464458247066944 0.2466091245376079 0.13580246913580246 0.26621282694374776 0.7485714285714286,498.2446536198665,0.6714285714285714,51809,0 2 83 159 17 960 27,0.0 0.0 0.05728088336783989 0.1960542540073983 0.10493827160493827 0.30849158007882477 0.9314285714285714,783.3732592185079,0.5761904761904761,44932,6 168 1293 811 138 2855 39,0.5 0.6613545816733067 0.8923395445134575 1.0 0.8518518518518519 0.9874596918667145 1.0,576154.9133945692,0.4976190476190476,44284,0 2 45 179 25 781 36,0.0 0.0 0.031055900621118012 0.22071516646115907 0.15432098765432098 0.2443568613400215 0.9828571428571429,550.1326971940287,0.638095238095238,47010,0 2 72 125 23 968 16,0.0 0.0 0.049689440993788817 0.15413070283600494 0.1419753086419753 0.31135793622357577 0.8685714285714285,669.2047944288978,0.6214285714285714,49339,5 5 0 0 0 141 -90,0.4166666666666667 0.01195219123505976 0.0 0.0 0.0 0.015048369759942674 0.26285714285714284,417862.2991310131,0.011904761904761904,43059
