,lnps-10-org-obj,lnps-10-nrm-obj,lnps-10-obj,lnps-10-diff,lnps-10-freq,lnps-30-org-obj,lnps-30-nrm-obj,lnps-30-obj,lnps-30-diff,lnps-30-freq,lnps-60-org-obj,lnps-60-nrm-obj,lnps-60-obj,lnps-60-diff,lnps-60-freq,mp-is1-p-hi-org-obj,mp-is1-p-hi-nrm-obj,mp-is1-p-hi-obj,mp-is1-p-hi-diff,mp-is1-p-hi-freq,mp-is1-p-low-org-obj,mp-is1-p-low-nrm-obj,mp-is1-p-low-obj,mp-is1-p-low-diff,mp-is1-p-low-freq,mp-is1-p-mid-org-obj,mp-is1-p-mid-nrm-obj,mp-is1-p-mid-obj,mp-is1-p-mid-diff,mp-is1-p-mid-freq,mp-is10-p-hi-org-obj,mp-is10-p-hi-nrm-obj,mp-is10-p-hi-obj,mp-is10-p-hi-diff,mp-is10-p-hi-freq,mp-is10-p-low-org-obj,mp-is10-p-low-nrm-obj,mp-is10-p-low-obj,mp-is10-p-low-diff,mp-is10-p-low-freq,mp-is10-p-mid-org-obj,mp-is10-p-mid-nrm-obj,mp-is10-p-mid-obj,mp-is10-p-mid-diff,mp-is10-p-mid-freq,mp-is100-p-hi-org-obj,mp-is100-p-hi-nrm-obj,mp-is100-p-hi-obj,mp-is100-p-hi-diff,mp-is100-p-hi-freq,mp-is100-p-low-org-obj,mp-is100-p-low-nrm-obj,mp-is100-p-low-obj,mp-is100-p-low-diff,mp-is100-p-low-freq,mp-is100-p-mid-org-obj,mp-is100-p-mid-nrm-obj,mp-is100-p-mid-obj,mp-is100-p-mid-diff,mp-is100-p-mid-freq,mp-p-hi-org-obj,mp-p-hi-nrm-obj,mp-p-hi-obj,mp-p-hi-diff,mp-p-hi-freq,mp-p-low-org-obj,mp-p-low-nrm-obj,mp-p-low-obj,mp-p-low-diff,mp-p-low-freq,mp-p-mid-org-obj,mp-p-mid-nrm-obj,mp-p-mid-obj,mp-p-mid-diff,mp-p-mid-freq,mp-ps-p-hi-org-obj,mp-ps-p-hi-nrm-obj,mp-ps-p-hi-obj,mp-ps-p-hi-diff,mp-ps-p-hi-freq,mp-ps-p-low-org-obj,mp-ps-p-low-nrm-obj,mp-ps-p-low-obj,mp-ps-p-low-diff,mp-ps-p-low-freq,mp-ps-p-mid-org-obj,mp-ps-p-mid-nrm-obj,mp-ps-p-mid-obj,mp-ps-p-mid-diff,mp-ps-p-mid-freq,ps-org-obj,ps-nrm-obj,ps-obj,ps-diff,ps-freq
resolved-p21d-c7d-3600-all/resolved-p21d-c7d-3600-2nd/nsp-n50-d28-r0.10-rp2-fp2-s8,4 39 1988 324 182 4805 -59,0.0 0.0018083182640144665 0.0 0.0 0.0 0.2566465792272244 0.1858974358974359,183.58418962961633,0.29428571428571426,9522,4 38 2188 764 270 5519 -88,0.0 0.0 0.06565988181221274 0.21621621621621623 0.2682926829268293 0.5097483161999291 0.0,904.7417857930259,0.17809523809523808,9987,4 79 2769 1005 298 6056 -72,0.0 0.07414104882459313 0.25640183847669074 0.33464373464373465 0.35365853658536583 0.7001063452676356 0.10256410256410256,10355.236483083732,0.1019047619047619,11802,26 132 3039 809 311 5434 -36,0.9565217391304348 0.16998191681735986 0.3450426789231779 0.23832923832923833 0.3932926829268293 0.47961715703651187 0.3333333333333333,977253.1456129282,0.009523809523809525,6237,14 591 3880 2359 446 5380 10,0.43478260869565216 1.0 0.6211424819435325 1.0 0.8048780487804879 0.46047500886210563 0.6282051282051282,542079.7542751824,0.38857142857142857,1582,13 504 4385 2146 361 6099 -6,0.391304347826087 0.8426763110307414 0.7869336835193697 0.8953316953316953 0.5457317073170732 0.7153491669620702 0.5256410256410257,484398.89976311347,0.2742857142857143,1476,26 132 3039 809 311 5434 -36,0.9565217391304348 0.16998191681735986 0.3450426789231779 0.23832923832923833 0.3932926829268293 0.47961715703651187 0.3333333333333333,977253.1456129282,0.009523809523809525,6237,17 461 5034 2312 510 6902 -30,0.5652173913043478 0.7649186256781193 1.0 0.9769041769041769 1.0 1.0 0.3717948717948718,652796.5298439356,0.23809523809523808,1281,13 511 4244 2208 353 5964 -2,0.391304347826087 0.8553345388788427 0.7406434668417596 0.9257985257985258 0.5213414634146342 0.6674937965260546 0.5512820512820513,485229.39527454536,0.27714285714285714,1466,26 132 3039 809 311 5434 -36,0.9565217391304348 0.16998191681735986 0.3450426789231779 0.23832923832923833 0.3932926829268293 0.47961715703651187 0.3333333333333333,977253.1456129282,0.009523809523809525,6237,14 491 3833 2206 407 5254 -8,0.43478260869565216 0.8191681735985533 0.6057124097176625 0.9248157248157248 0.6859756097560976 0.41580999645515776 0.5128205128205128,523754.6343589528,0.21142857142857144,1676,13 492 4396 1962 432 5877 -20,0.391304347826087 0.8209764918625678 0.7905449770190414 0.8049140049140049 0.7621951219512195 0.6366536689117335 0.4358974358974359,482195.3827337683,0.2742857142857143,1484,26 132 3194 889 339 5679 -41,0.9565217391304348 0.16998191681735986 0.3959290873276428 0.27764127764127766 0.47865853658536583 0.5664657922722439 0.30128205128205127,977810.694756721,0.009523809523809525,15864,6 524 2413 1734 233 4192 68,0.08695652173913043 0.8788426763110307 0.13952724885095208 0.6928746928746928 0.15548780487804878 0.03934774902516838 1.0,176945.87880959577,0.7723809523809524,9275,6 552 2931 2021 371 4147 46,0.08695652173913043 0.9294755877034359 0.3095863427445831 0.8339066339066339 0.5762195121951219 0.02339595887982985 0.8589743589743589,183892.56545599378,0.7638095238095238,14450,26 132 3150 856 320 5684 -39,0.9565217391304348 0.16998191681735986 0.381483913328956 0.26142506142506144 0.42073170731707316 0.5682382133995038 0.3141025641025641,977644.2646623153,0.009523809523809525,16155,4 535 2404 1816 258 4167 52,0.0 0.8987341772151899 0.1365725541694025 0.7331695331695331 0.23170731707317074 0.030485643388869197 0.8974358974358975,91996.68582042119,0.7685714285714286,10368,6 555 2918 2027 369 4081 49,0.08695652173913043 0.9349005424954792 0.30531845042678923 0.8368550368550368 0.5701219512195121 0.0 0.8782051282051282,184394.50593005144,0.7638095238095238,14091,27 132 3327 787 328 6417 -65,1.0 0.16998191681735986 0.4395929087327643 0.22751842751842752 0.4451219512195122 0.8280751506557958 0.14743589743589744,1021674.579579108,0.009523809523809525,20178
resolved-p21d-c7d-3600-all/resolved-p21d-c7d-3600-2nd/nsp-n30-d28-r0.10-rp2-fp2-s5,0 1 2 4 0 128 -107,0.0 0.008849557522123894 0.0 0.0017761989342806395 0.0 0.0 0.0,886.73195114667,0.46825396825396826,18418,0 0 2 3 0 274 -40,0.0 0.0 0.0 0.0 0.0 0.06483126110124333 0.4407894736842105,1.089102084696644,0.36666666666666664,19212,0 0 17 104 13 959 8,0.0 0.0 0.04132231404958678 0.17939609236234458 0.12149532710280374 0.36900532859680285 0.756578947368421,609.2153978018291,0.1,19587,11 3 3 110 13 869 5,1.0 0.02654867256637168 0.0027548209366391185 0.19005328596802842 0.12149532710280374 0.32904085257548843 0.7368421052631579,1002888.645535313,0.01746031746031746,3643,0 102 315 549 89 2120 45,0.0 0.9026548672566371 0.8622589531680441 0.9698046181172292 0.8317757009345794 0.8845470692717584 1.0,99950.90391624755,0.4111111111111111,3692,0 113 344 424 72 2380 14,0.0 1.0 0.9421487603305785 0.7477797513321492 0.6728971962616822 1.0 0.7960526315789473,110247.35312689569,0.5015873015873016,4347,11 3 3 110 13 869 5,1.0 0.02654867256637168 0.0027548209366391185 0.19005328596802842 0.12149532710280374 0.32904085257548843 0.7368421052631579,1002888.645535313,0.01746031746031746,3643,0 102 314 566 107 2254 29,0.0 0.9026548672566371 0.859504132231405 1.0 1.0 0.9440497335701599 0.8947368421052632,99970.86328215557,0.49682539682539684,3727,0 112 302 463 77 1833 17,0.0 0.9911504424778761 0.8264462809917356 0.8170515097690941 0.719626168224299 0.7571047957371225 0.8157894736842105,108276.90802172753,0.4650793650793651,4392,11 3 3 110 13 869 5,1.0 0.02654867256637168 0.0027548209366391185 0.19005328596802842 0.12149532710280374 0.32904085257548843 0.7368421052631579,1002888.645535313,0.01746031746031746,3643,0 102 365 386 60 1833 28,0.0 0.9026548672566371 1.0 0.6802841918294849 0.5607476635514018 0.7571047957371225 0.8881578947368421,101010.30488970045,0.45714285714285713,3621,0 113 344 424 72 2380 14,0.0 1.0 0.9421487603305785 0.7477797513321492 0.6728971962616822 1.0 0.7960526315789473,110247.35312689569,0.5015873015873016,4347,11 3 3 110 13 869 6,1.0 0.02654867256637168 0.0027548209366391185 0.19005328596802842 0.12149532710280374 0.32904085257548843 0.743421052631579,1002888.6521142602,0.01746031746031746,6001,0 0 22 213 28 809 28,0.0 0.0 0.05509641873278237 0.37300177619893427 0.2616822429906542 0.30239786856127887 0.8881578947368421,954.046324406173,0.6825396825396826,22982,0 0 2 12 0 556 8,0.0 0.0 0.0 0.015985790408525755 0.0 0.19005328596802842 0.756578947368421,18.64290221557446,0.6714285714285714,21032,11 3 3 110 13 869 5,1.0 0.02654867256637168 0.0027548209366391185 0.19005328596802842 0.12149532710280374 0.32904085257548843 0.7368421052631579,1002888.645535313,0.01746031746031746,6002,0 0 19 146 19 810 44,0.0 0.0 0.046831955922865015 0.2539964476021314 0.17757009345794392 0.302841918294849 0.993421052631579,744.0948564121561,0.6936507936507936,23697,0 0 2 6 0 470 -12,0.0 0.0 0.0 0.0053285968028419185 0.0 0.15186500888099466 0.625,7.472246891651865,0.6714285714285714,21127,11 3 3 110 13 868 2,1.0 0.02654867256637168 0.0027548209366391185 0.19005328596802842 0.12149532710280374 0.3285968028419183 0.7171052631578947,1002888.6213579734,0.01746031746031746,15398
resolved-p21d-c7d-3600-all/resolved-p21d-c7d-3600-2nd/nsp-n40-d28-r0.10-rp2-fp2-s1,1 4 0 3 0 159 -263,0.06666666666666667 0.00516795865633075 0.0 0.0008438818565400844 0.0 0.0 0.0,67184.3064141563,0.44642857142857145,18500,1 4 0 2 0 326 -132,0.06666666666666667 0.00516795865633075 0.0 0.0 0.0 0.03697144122205003 0.40683229813664595,67184.2390790101,0.2702380952380952,32630,0 2 0 5 0 413 -151,0.0 0.0 0.0 0.002531645569620253 0.0 0.056232012397609034 0.34782608695652173,3.4417917805528653,0.18452380952380953,32117,15 4 0 5 1 579 -119,1.0 0.00516795865633075 0.0 0.002531645569620253 0.0034602076124567475 0.09298206774407793 0.4472049689440994,1000521.0505576103,0.015476190476190477,19770,6 389 780 881 86 1656 -74,0.4 1.0 0.4604486422668241 0.7417721518987341 0.2975778546712803 0.3314146557449635 0.5869565217391305,505379.9174631133,0.3238095238095238,4951,7 247 792 507 54 1398 -78,0.4666666666666667 0.6330749354005168 0.4675324675324675 0.42616033755274263 0.18685121107266436 0.27429709984502987 0.5745341614906833,535097.647845863,0.2511904761904762,5386,15 4 0 5 1 579 -119,1.0 0.00516795865633075 0.0 0.002531645569620253 0.0034602076124567475 0.09298206774407793 0.4472049689440994,1000521.0505576103,0.015476190476190477,19770,6 389 780 880 85 1655 -74,0.4 1.0 0.4604486422668241 0.7409282700421941 0.29411764705882354 0.33119326986938236 0.5869565217391305,505378.7253466367,0.3238095238095238,4952,6 337 777 571 57 1352 -66,0.4 0.8656330749354005 0.45867768595041325 0.480168776371308 0.1972318339100346 0.2641133495682975 0.6118012422360248,491653.2292475444,0.25833333333333336,5387,15 4 0 5 1 579 -119,1.0 0.00516795865633075 0.0 0.002531645569620253 0.0034602076124567475 0.09298206774407793 0.4472049689440994,1000521.0505576103,0.015476190476190477,19770,6 389 780 880 85 1655 -74,0.4 1.0 0.4604486422668241 0.7409282700421941 0.29411764705882354 0.33119326986938236 0.5869565217391305,505378.7253466367,0.3238095238095238,4952,7 341 712 551 48 1391 -80,0.4666666666666667 0.875968992248062 0.4203069657615112 0.46329113924050636 0.16608996539792387 0.27274739871596193 0.5683229813664596,558949.8314818369,0.23095238095238096,5380,12 325 1689 1149 183 3361 59,0.8 0.834625322997416 0.9970484061393152 0.9679324894514768 0.6332179930795848 0.7088775736108036 1.0,894472.3594256303,0.555952380952381,25856,0 88 1539 935 289 4553 -37,0.0 0.2222222222222222 0.9085005903187722 0.7873417721518987 1.0 0.97276953730352 0.7018633540372671,32204.999456288915,0.7440476190476191,25894,0 46 904 728 104 3530 43,0.0 0.11369509043927649 0.5336481700118064 0.6126582278481013 0.35986159169550175 0.746291786584016 0.9503105590062112,17363.04835948821,0.6071428571428571,40810,12 323 1694 1187 199 3399 56,0.8 0.8294573643410853 1.0 1.0 0.6885813148788927 0.7172902368828868 0.9906832298136646,894022.758151195,0.555952380952381,26040,0 86 1501 906 250 4676 -25,0.0 0.21705426356589147 0.8860684769775679 0.7628691983122363 0.8650519031141869 1.0 0.7391304347826086,31426.224645423266,0.7440476190476191,26917,0 44 880 714 101 3731 39,0.0 0.10852713178294573 0.5194805194805194 0.60084388185654 0.3494809688581315 0.7907903475758247 0.937888198757764,16692.156143516637,0.6071428571428571,41958,15 4 0 5 1 578 -123,1.0 0.00516795865633075 0.0 0.002531645569620253 0.0034602076124567475 0.09276068186849679 0.43478260869565216,1000521.0359213913,0.015476190476190477,19286
resolved-p21d-c7d-3600-all/resolved-p21d-c7d-3600-2nd/nsp-n30-d28-r0.10-rp2-fp2-s4,1 9 0 2 0 103 -124,0.1111111111111111 0.04895104895104895 0.0 0.003316749585406302 0.0 0.0 0.0,116009.53275580141,0.2571428571428571,14177,0 2 0 0 0 114 -113,0.0 0.0 0.0 0.0 0.0 0.0037865748709122204 0.06285714285714286,0.10072289156626507,0.3126984126984127,14627,1 9 0 1 0 117 -114,0.1111111111111111 0.04895104895104895 0.0 0.001658374792703151 0.0 0.004819277108433735 0.05714285714285714,116007.97971663694,0.2126984126984127,14427,9 8 2 11 0 145 -83,1.0 0.04195804195804196 0.002288329519450801 0.01824212271973466 0.0 0.014457831325301205 0.2342857142857143,1004237.308477746,0.022222222222222223,25897,0 108 569 505 96 1466 -19,0.0 0.7412587412587412 0.6510297482837528 0.8374792703150912 0.732824427480916 0.4691910499139415 0.6,81552.22523227397,0.5333333333333333,5276,0 145 602 426 58 1191 -22,0.0 1.0 0.6887871853546911 0.7064676616915423 0.44274809160305345 0.374526678141136 0.5828571428571429,107642.94244832303,0.36666666666666664,2544,9 8 2 11 0 145 -82,1.0 0.04195804195804196 0.002288329519450801 0.01824212271973466 0.0 0.014457831325301205 0.24,1004237.3141920317,0.022222222222222223,25896,0 108 569 505 96 1466 -19,0.0 0.7412587412587412 0.6510297482837528 0.8374792703150912 0.732824427480916 0.4691910499139415 0.6,81552.22523227397,0.5349206349206349,5275,0 121 504 410 65 1210 -17,0.0 0.8321678321678322 0.5766590389016019 0.6799336650082919 0.4961832061068702 0.3810671256454389 0.6114285714285714,89717.3476912461,0.36507936507936506,2859,9 8 2 11 0 145 -82,1.0 0.04195804195804196 0.002288329519450801 0.01824212271973466 0.0 0.014457831325301205 0.24,1004237.3141920317,0.022222222222222223,25896,0 108 582 326 41 939 -61,0.0 0.7412587412587412 0.665903890160183 0.5406301824212272 0.31297709923664124 0.28777969018932875 0.36,81360.07871672274,0.2523809523809524,4720,0 139 555 432 67 1258 -12,0.0 0.958041958041958 0.6350114416475973 0.7164179104477612 0.5114503816793893 0.39759036144578314 0.64,102926.48907290192,0.36984126984126986,2769,6 57 788 603 90 2282 23,0.6666666666666666 0.38461538461538464 0.9016018306636155 1.0 0.6870229007633588 0.7500860585197935 0.84,715221.2665855028,0.48095238095238096,39379,0 2 0 0 0 166 -62,0.0 0.0 0.0 0.0 0.0 0.021686746987951807 0.35428571428571426,0.5711531841652323,0.6555555555555556,29669,0 22 714 428 131 3008 49,0.0 0.13986013986013987 0.816933638443936 0.7097844112769486 1.0 1.0 0.9885714285714285,22976.123353158866,0.6587301587301587,55581,1 94 874 569 96 2467 51,0.1111111111111111 0.6433566433566433 1.0 0.9436152570480929 0.732824427480916 0.8137693631669535 1.0,186472.8108402033,0.473015873015873,50865,0 2 0 0 0 166 -63,0.0 0.0 0.0 0.0 0.0 0.021686746987951807 0.3485714285714286,0.5654388984509466,0.6587301587301587,29670,0 18 704 435 125 3005 32,0.0 0.11188811188811189 0.8054919908466819 0.7213930348258707 0.9541984732824428 0.9989672977624785 0.8914285714285715,20071.425080981175,0.6587301587301587,56842,9 8 2 11 0 145 -87,1.0 0.04195804195804196 0.002288329519450801 0.01824212271973466 0.0 0.014457831325301205 0.21142857142857144,1004237.2856206031,0.022222222222222223,18622
resolved-p21d-c7d-3600-all/resolved-p21d-c7d-3600-2nd/nsp-n10-d28-r0.10-rp0-fp0-s5,0 0 2 0 0 117 -45,0.0 0.0 0.0 0.0 0.0 0.06521739130434782 0.06666666666666667,0.7188405797101449,0.35714285714285715,8443,0 0 2 0 0 118 -47,0.0 0.0 0.0 0.0 0.0 0.07608695652173914 0.0,0.7608695652173914,0.28095238095238095,11397,0 0 2 0 0 118 -47,0.0 0.0 0.0 0.0 0.0 0.07608695652173914 0.0,0.7608695652173914,0.2761904761904762,11380,5 0 3 0 0 111 -39,1.0 0.0 1.0 0.0 0.0 0.0 0.26666666666666666,1010000.2666666667,0.014285714285714285,2066,0 0 2 0 0 129 -17,0.0 0.0 0.0 0.0 0.0 0.1956521739130435 1.0,2.9565217391304346,0.49047619047619045,15399,0 0 2 0 0 130 -39,0.0 0.0 0.0 0.0 0.0 0.20652173913043478 0.26666666666666666,2.3318840579710143,0.09047619047619047,18417,5 0 3 0 0 111 -39,1.0 0.0 1.0 0.0 0.0 0.0 0.26666666666666666,1010000.2666666667,0.014285714285714285,2066,0 0 2 0 0 129 -17,0.0 0.0 0.0 0.0 0.0 0.1956521739130435 1.0,2.9565217391304346,0.49047619047619045,15399,0 0 2 0 0 130 -39,0.0 0.0 0.0 0.0 0.0 0.20652173913043478 0.26666666666666666,2.3318840579710143,0.09047619047619047,18417,5 0 3 0 0 111 -39,1.0 0.0 1.0 0.0 0.0 0.0 0.26666666666666666,1010000.2666666667,0.014285714285714285,2066,0 0 2 0 0 129 -17,0.0 0.0 0.0 0.0 0.0 0.1956521739130435 1.0,2.9565217391304346,0.49047619047619045,15399,0 0 2 0 0 130 -39,0.0 0.0 0.0 0.0 0.0 0.20652173913043478 0.26666666666666666,2.3318840579710143,0.09047619047619047,18417,5 0 3 0 0 111 -38,1.0 0.0 1.0 0.0 0.0 0.0 0.3,1010000.3,0.014285714285714285,3827,0 0 2 0 0 126 -24,0.0 0.0 0.0 0.0 0.0 0.16304347826086957 0.7666666666666667,2.3971014492753624,0.5619047619047619,4895,0 0 2 0 0 203 -25,0.0 0.0 0.0 0.0 0.0 1.0 0.7333333333333333,10.733333333333333,0.3904761904761905,5999,5 0 3 0 0 111 -36,1.0 0.0 1.0 0.0 0.0 0.0 0.36666666666666664,1010000.3666666667,0.014285714285714285,3825,0 0 2 0 0 126 -25,0.0 0.0 0.0 0.0 0.0 0.16304347826086957 0.7333333333333333,2.363768115942029,0.5619047619047619,4897,0 0 2 0 0 203 -25,0.0 0.0 0.0 0.0 0.0 1.0 0.7333333333333333,10.733333333333333,0.3904761904761905,5999,0 0 2 0 0 128 -40,0.0 0.0 0.0 0.0 0.0 0.18478260869565216 0.23333333333333334,2.081159420289855,0.10476190476190476,8099
resolved-p21d-c7d-3600-all/resolved-p21d-c7d-3600-2nd/nsp-n10-d28-r0.10-rp0-fp0-s0,0 1 0 0 0 76 -38,0.0 0.0 0.0 0.0 0.0 0.028985507246376812 0.08,0.36985507246376814,0.37142857142857144,7777,0 3 0 0 0 74 -40,0.0 1.0 0.0 0.0 0.0 0.0 0.0,100000.0,0.38571428571428573,8025,0 3 0 0 0 76 -39,0.0 1.0 0.0 0.0 0.0 0.028985507246376812 0.04,100000.32985507246,0.319047619047619,8024,2 3 0 0 0 82 -33,1.0 1.0 0.0 0.0 0.0 0.11594202898550725 0.28,1100001.4394202898,0.01904761904761905,3001,0 1 0 0 0 97 -15,0.0 0.0 0.0 0.0 0.0 0.3333333333333333 1.0,4.333333333333333,0.3238095238095238,12556,0 1 0 0 0 89 -31,0.0 0.0 0.0 0.0 0.0 0.21739130434782608 0.36,2.5339130434782606,0.06666666666666667,14982,2 3 0 0 0 82 -33,1.0 1.0 0.0 0.0 0.0 0.11594202898550725 0.28,1100001.4394202898,0.01904761904761905,2558,0 1 0 0 0 94 -19,0.0 0.0 0.0 0.0 0.0 0.2898550724637681 0.84,3.738550724637681,0.3952380952380952,16144,0 1 0 0 0 89 -32,0.0 0.0 0.0 0.0 0.0 0.21739130434782608 0.32,2.4939130434782606,0.06666666666666667,12523,2 3 0 0 0 82 -33,1.0 1.0 0.0 0.0 0.0 0.11594202898550725 0.28,1100001.4394202898,0.01904761904761905,2170,0 1 0 0 0 89 -32,0.0 0.0 0.0 0.0 0.0 0.21739130434782608 0.32,2.4939130434782606,0.4142857142857143,10721,0 1 0 0 0 89 -31,0.0 0.0 0.0 0.0 0.0 0.21739130434782608 0.36,2.5339130434782606,0.06666666666666667,4481,2 3 0 0 0 82 -31,1.0 1.0 0.0 0.0 0.0 0.11594202898550725 0.36,1100001.51942029,0.01904761904761905,1790,0 1 0 0 0 92 -17,0.0 0.0 0.0 0.0 0.0 0.2608695652173913 0.92,3.528695652173913,0.6476190476190476,21421,0 1 0 0 0 143 -24,0.0 0.0 0.0 0.0 0.0 1.0 0.64,10.64,0.4142857142857143,25490,2 3 0 0 0 82 -31,1.0 1.0 0.0 0.0 0.0 0.11594202898550725 0.36,1100001.51942029,0.01904761904761905,1790,0 1 0 0 0 92 -17,0.0 0.0 0.0 0.0 0.0 0.2608695652173913 0.92,3.528695652173913,0.638095238095238,21423,0 1 0 0 0 143 -24,0.0 0.0 0.0 0.0 0.0 1.0 0.64,10.64,0.4142857142857143,25490,0 1 0 0 0 85 -27,0.0 0.0 0.0 0.0 0.0 0.15942028985507245 0.52,2.1142028985507246,0.10476190476190476,10227
resolved-p21d-c7d-3600-all/resolved-p21d-c7d-3600-2nd/nsp-n30-d28-r0.10-rp2-fp2-s9,1 2 0 0 0 78 -142,0.07692307692307693 0.0026109660574412533 0.0 0.0 0.0 0.0 0.0,77184.17352882105,0.28888888888888886,23562,0 1 0 0 0 89 -124,0.0 0.0 0.0 0.0 0.0 0.006432748538011696 0.09574468085106383,0.16007216623118078,0.29365079365079366,23818,1 1 0 0 0 92 -96,0.07692307692307693 0.0 0.0 0.0 0.0 0.008187134502923977 0.24468085106382978,76923.40347527302,0.21904761904761905,23659,13 1 2 1 0 108 -87,1.0 0.0 0.0011947431302270011 0.000856898029134533 0.0 0.017543859649122806 0.2925531914893617,1000013.2723211194,0.009523809523809525,9424,0 93 357 286 47 1026 -24,0.0 0.2402088772845953 0.2132616487455197 0.24507283633247642 0.26256983240223464 0.5543859649122806 0.6276595744680851,26431.005554711017,0.46190476190476193,3538,0 126 385 437 82 1169 0,0.0 0.3263707571801567 0.22998805256869773 0.3744644387317909 0.4581005586592179 0.6380116959064327 0.7553191489361702,35364.36617440836,0.5666666666666667,5371,13 1 2 1 0 109 -88,1.0 0.0 0.0011947431302270011 0.000856898029134533 0.0 0.018128654970760234 0.2872340425531915,1000013.2728499237,0.009523809523809525,6227,0 93 355 404 65 1084 -13,0.0 0.2402088772845953 0.2120669056152927 0.3461868037703513 0.36312849162011174 0.5883040935672514 0.6861702127659575,26530.625648693258,0.5682539682539682,3564,0 125 448 405 78 1022 -15,0.0 0.3237597911227154 0.26762246117084826 0.34704370179948585 0.43575418994413406 0.552046783625731 0.675531914893617,35449.018844525075,0.3873015873015873,5441,13 1 2 1 0 108 -87,1.0 0.0 0.0011947431302270011 0.000856898029134533 0.0 0.017543859649122806 0.2925531914893617,1000013.2723211194,0.009523809523809525,5607,0 93 357 336 56 860 -49,0.0 0.2402088772845953 0.2132616487455197 0.2879177377892031 0.3128491620111732 0.45730994152046783 0.4946808510638298,26477.774650171315,0.21904761904761905,3535,0 125 448 405 78 1022 -15,0.0 0.3237597911227154 0.26762246117084826 0.34704370179948585 0.43575418994413406 0.552046783625731 0.675531914893617,35449.018844525075,0.3873015873015873,5441,13 1 2 1 0 108 -83,1.0 0.0 0.0011947431302270011 0.000856898029134533 0.0 0.017543859649122806 0.31382978723404253,1000013.2935977151,0.009523809523809525,10681,0 302 768 750 123 1579 28,0.0 0.7859007832898173 0.45878136200716846 0.6426735218508998 0.6871508379888268 0.8777777777777778 0.9042553191489362,83898.96258780012,0.8031746031746032,24498,0 378 1652 1167 179 1661 44,0.0 0.9843342036553525 0.986857825567503 1.0 1.0 0.9257309941520467 0.9893617021276596,109412.24529285393,0.8269841269841269,22628,13 1 2 1 0 108 -83,1.0 0.0 0.0011947431302270011 0.000856898029134533 0.0 0.017543859649122806 0.31382978723404253,1000013.2935977151,0.009523809523809525,10681,0 316 877 972 124 1415 37,0.0 0.8224543080939948 0.52389486260454 0.8329048843187661 0.6927374301675978 0.7818713450292397 0.9521276595744681,88395.32890389027,0.7873015873015873,23876,0 384 1674 1142 161 1788 46,0.0 1.0 1.0 0.9785775492716366 0.8994413407821229 1.0 1.0,111079.52168334984,0.8301587301587302,22479,13 1 2 1 0 108 -89,1.0 0.0 0.0011947431302270011 0.000856898029134533 0.0 0.017543859649122806 0.28191489361702127,1000013.2616828216,0.009523809523809525,22196
resolved-p21d-c7d-3600-all/resolved-p21d-c7d-3600-2nd/nsp-n20-d28-r0.10-rp2-fp2-s2,0 0 10 0 0 73 -90,0.0 0.0 1.0 0.0 0.0 0.007633587786259542 0.046153846153846156,10000.122489724017,0.31666666666666665,9978,0 0 10 1 0 73 -87,0.0 0.0 1.0 0.5 0.0 0.007633587786259542 0.09230769230769231,10500.16864357017,0.2761904761904762,10090,0 0 10 1 0 75 -93,0.0 0.0 1.0 0.5 0.0 0.015267175572519083 0.0,10500.152671755724,0.3,10114,9 1 4 2 0 72 -45,1.0 1.0 0.0 1.0 0.0 0.003816793893129771 0.7384615384615385,1101000.7766294775,0.014285714285714285,5622,0 0 10 0 0 136 -28,0.0 0.0 1.0 0.0 0.0 0.2480916030534351 1.0,10003.480916030534,0.3238095238095238,10852,0 0 10 0 0 104 -58,0.0 0.0 1.0 0.0 0.0 0.12595419847328243 0.5384615384615384,10001.798003523194,0.07857142857142857,4346,9 1 4 2 0 72 -45,1.0 1.0 0.0 1.0 0.0 0.003816793893129771 0.7384615384615385,1101000.7766294775,0.014285714285714285,5622,0 0 10 0 0 111 -36,0.0 0.0 1.0 0.0 0.0 0.15267175572519084 0.8769230769230769,10002.403640634175,0.3547619047619048,17869,0 0 10 0 0 104 -49,0.0 0.0 1.0 0.0 0.0 0.12595419847328243 0.676923076923077,10001.936465061655,0.07857142857142857,6888,9 1 4 2 0 72 -45,1.0 1.0 0.0 1.0 0.0 0.003816793893129771 0.7384615384615385,1101000.7766294775,0.014285714285714285,5622,0 0 10 0 0 120 -39,0.0 0.0 1.0 0.0 0.0 0.18702290076335878 0.8307692307692308,10002.700998238402,0.37142857142857144,9760,0 0 10 0 0 104 -57,0.0 0.0 1.0 0.0 0.0 0.12595419847328243 0.5538461538461539,10001.813388138578,0.07857142857142857,4734,9 1 4 2 0 71 -52,1.0 1.0 0.0 1.0 0.0 0.0 0.6307692307692307,1101000.6307692307,0.014285714285714285,2984,0 0 10 0 0 98 -71,0.0 0.0 1.0 0.0 0.0 0.10305343511450382 0.3384615384615385,10001.368995889607,0.6238095238095238,20186,0 0 10 0 0 333 -42,0.0 0.0 1.0 0.0 0.0 1.0 0.7846153846153846,10010.784615384615,0.49523809523809526,16868,9 1 4 2 0 72 -50,1.0 1.0 0.0 1.0 0.0 0.003816793893129771 0.6615384615384615,1101000.6997064005,0.014285714285714285,2983,0 0 10 0 0 94 -40,0.0 0.0 1.0 0.0 0.0 0.08778625954198473 0.8153846153846154,10001.693247210804,0.6214285714285714,20198,0 0 10 0 0 333 -42,0.0 0.0 1.0 0.0 0.0 1.0 0.7846153846153846,10010.784615384615,0.49523809523809526,16868,9 1 4 2 0 71 -54,1.0 1.0 0.0 1.0 0.0 0.0 0.6,1101000.6,0.014285714285714285,4411
resolved-p21d-c7d-3600-all/resolved-p21d-c7d-3600-2nd/nsp-n10-d28-r0.10-rp0-fp0-s4,2 5 0 0 0 84 -42,1.0 1.0 0.0 0.0 0.0 0.0 0.043478260869565216,1100000.043478261,0.29523809523809524,13589,2 5 0 0 0 87 -43,1.0 1.0 0.0 0.0 0.0 0.10714285714285714 0.0,1100001.0714285714,0.2761904761904762,13580,0 4 0 0 0 84 -43,0.0 0.75 0.0 0.0 0.0 0.0 0.0,75000.0,0.3619047619047619,13689,2 5 4 0 0 101 -27,1.0 1.0 1.0 0.0 0.0 0.6071428571428571 0.6956521739130435,1110006.7670807454,0.023809523809523808,4632,0 1 0 0 0 109 -27,0.0 0.0 0.0 0.0 0.0 0.8928571428571429 0.6956521739130435,9.624223602484472,0.4666666666666667,26773,0 1 0 0 0 110 -28,0.0 0.0 0.0 0.0 0.0 0.9285714285714286 0.6521739130434783,9.937888198757765,0.12380952380952381,22643,2 5 4 0 0 101 -27,1.0 1.0 1.0 0.0 0.0 0.6071428571428571 0.6956521739130435,1110006.7670807454,0.023809523809523808,4632,0 1 0 0 0 109 -27,0.0 0.0 0.0 0.0 0.0 0.8928571428571429 0.6956521739130435,9.624223602484472,0.4666666666666667,26773,0 1 0 0 0 111 -28,0.0 0.0 0.0 0.0 0.0 0.9642857142857143 0.6521739130434783,10.29503105590062,0.12380952380952381,22641,2 5 4 0 0 101 -27,1.0 1.0 1.0 0.0 0.0 0.6071428571428571 0.6956521739130435,1110006.7670807454,0.023809523809523808,4632,0 1 0 0 0 109 -27,0.0 0.0 0.0 0.0 0.0 0.8928571428571429 0.6956521739130435,9.624223602484472,0.4666666666666667,26773,0 1 0 0 0 110 -28,0.0 0.0 0.0 0.0 0.0 0.9285714285714286 0.6521739130434783,9.937888198757765,0.12380952380952381,22643,2 5 4 0 0 101 -27,1.0 1.0 1.0 0.0 0.0 0.6071428571428571 0.6956521739130435,1110006.7670807454,0.023809523809523808,1543,0 1 0 0 0 110 -36,0.0 0.0 0.0 0.0 0.0 0.9285714285714286 0.30434782608695654,9.590062111801243,0.580952380952381,35123,0 1 0 0 0 110 -24,0.0 0.0 0.0 0.0 0.0 0.9285714285714286 0.8260869565217391,10.111801242236025,0.12380952380952381,27111,2 5 4 0 0 101 -27,1.0 1.0 1.0 0.0 0.0 0.6071428571428571 0.6956521739130435,1110006.7670807454,0.023809523809523808,1543,0 1 0 0 0 110 -36,0.0 0.0 0.0 0.0 0.0 0.9285714285714286 0.30434782608695654,9.590062111801243,0.5857142857142857,35122,0 1 0 0 0 112 -27,0.0 0.0 0.0 0.0 0.0 1.0 0.6956521739130435,10.695652173913043,0.1380952380952381,27012,0 3 0 3 0 108 -20,0.0 0.5 0.0 1.0 0.0 0.8571428571428571 1.0,51009.57142857143,0.12857142857142856,12368
resolved-p21d-c7d-3600-all/resolved-p21d-c7d-3600-2nd/nsp-n20-d28-r0.10-rp2-fp2-s4,0 1 2 0 0 73 -71,0.0 0.0 0.005154639175257732 0.0 0.0 0.001288659793814433 0.10909090909090909,51.66836925960637,0.3952380952380952,13821,0 1 0 0 0 70 -83,0.0 0.0 0.0 0.0 0.0 0.0 0.0,0.0,0.3047619047619048,14131,0 1 0 0 0 77 -60,0.0 0.0 0.0 0.0 0.0 0.003006872852233677 0.20909090909090908,0.23915963761324585,0.2642857142857143,14615,8 7 4 3 0 77 -70,1.0 0.14285714285714285 0.010309278350515464 0.0055762081784386614 0.0 0.003006872852233677 0.11818181818181818,1014394.5315279446,0.02142857142857143,19543,0 5 217 538 52 1173 21,0.0 0.09523809523809523 0.5592783505154639 1.0 0.40310077519379844 0.4737972508591065 0.9454545454545454,16162.586533537587,0.5547619047619048,50303,0 20 201 283 26 874 7,0.0 0.4523809523809524 0.5180412371134021 0.5260223048327137 0.20155038759689922 0.34536082474226804 0.8181818181818182,50968.95674288727,0.4166666666666667,36166,8 7 4 3 0 77 -70,1.0 0.14285714285714285 0.010309278350515464 0.0055762081784386614 0.0 0.003006872852233677 0.11818181818181818,1014394.5315279446,0.02142857142857143,19543,0 2 34 18 1 255 -15,0.0 0.023809523809523808 0.08762886597938144 0.03345724907063197 0.007751937984496124 0.07946735395189003 0.6181818181818182,3292.8863389729772,0.3904761904761905,62067,0 43 192 254 54 1064 6,0.0 1.0 0.4948453608247423 0.4721189591078067 0.4186046511627907 0.4269759450171821 0.8090909090909091,105467.51188283077,0.5714285714285714,22594,8 7 4 3 0 77 -70,1.0 0.14285714285714285 0.010309278350515464 0.0055762081784386614 0.0 0.003006872852233677 0.11818181818181818,1014394.5315279446,0.02142857142857143,19543,0 5 31 168 25 524 8,0.0 0.09523809523809523 0.07989690721649484 0.31226765799256506 0.1937984496124031 0.1950171821305842 0.8272727272727273,10657.203543476855,0.5404761904761904,59433,0 24 163 177 25 834 17,0.0 0.5476190476190477 0.42010309278350516 0.32899628252788105 0.1937984496124031 0.3281786941580756 0.9090909090909091,59315.50269507962,0.5595238095238095,34005,7 32 388 470 129 2398 -2,0.875 0.7380952380952381 1.0 0.8736059479553904 1.0 1.0 0.7363636363636363,959793.8661211155,0.4380952380952381,73179,0 3 250 165 52 1464 27,0.0 0.047619047619047616 0.6443298969072165 0.3066914498141264 0.40310077519379844 0.5987972508591065 1.0,11559.193230819024,0.6833333333333333,82955,0 1 192 113 53 882 22,0.0 0.0 0.4948453608247423 0.2100371747211896 0.4108527131782946 0.3487972508591065 0.9545454545454546,5204.018572249579,0.6166666666666667,77142,7 27 339 402 103 2392 5,0.875 0.6190476190476191 0.8737113402061856 0.7472118959107806 0.7984496124031008 0.9974226804123711 0.8,946479.706390779,0.43333333333333335,75508,0 3 242 125 52 1407 23,0.0 0.047619047619047616 0.6237113402061856 0.23234200743494424 0.40310077519379844 0.5743127147766323 0.9636363636363636,11278.377012432344,0.680952380952381,85717,0 1 118 118 37 869 26,0.0 0.0 0.30412371134020616 0.21933085501858737 0.2868217054263566 0.343213058419244 0.990909090909091,3293.6731786383866,0.6142857142857143,79637,8 7 4 3 0 77 -71,1.0 0.14285714285714285 0.010309278350515464 0.0055762081784386614 0.0 0.003006872852233677 0.10909090909090909,1014394.5224370355,0.02142857142857143,7871
resolved-p21d-c7d-3600-all/resolved-p21d-c7d-3600-2nd/nsp-n50-d28-r0.10-rp2-fp2-s7,3 104 713 575 101 2784 -96,0.11538461538461539 0.05493133583021224 0.0 0.0 0.04504504504504504 0.03798297314996726 0.012552301255230125,120882.64585417387,0.35714285714285715,12770,3 237 930 1020 96 3029 -99,0.11538461538461539 0.2209737827715356 0.10600879335613092 0.2736777367773678 0.0 0.11820563195808775 0.0,138816.9413884272,0.22666666666666666,11624,1 355 1056 986 117 3244 -88,0.038461538461538464 0.3682896379525593 0.16756228627259404 0.25276752767527677 0.1891891891891892 0.18860510805500982 0.04602510460251046,77239.74364229968,0.12571428571428572,12334,26 487 1080 731 128 2668 -31,1.0 0.533083645443196 0.1792867611138251 0.0959409594095941 0.2882882882882883 0.0 0.28451882845188287,1055226.2864625247,0.012380952380952381,12804,22 798 2335 2015 192 3124 19,0.8461538461538461 0.9213483146067416 0.7923790913531998 0.8856088560885609 0.8648648648648649 0.14931237721021612 0.49372384937238495,947186.5507182488,0.1761904761904762,559,15 861 2195 1913 172 2947 32,0.5769230769230769 1.0 0.7239863214460186 0.8228782287822878 0.6846846846846847 0.09135559921414538 0.5481171548117155,685055.7485079347,0.29714285714285715,1276,26 487 1080 731 128 2668 -31,1.0 0.533083645443196 0.1792867611138251 0.0959409594095941 0.2882882882882883 0.0 0.28451882845188287,1055226.2864625247,0.012380952380952381,12804,22 786 2305 2149 202 3107 31,0.8461538461538461 0.9063670411985019 0.777723497801661 0.968019680196802 0.954954954954955 0.14374590700720366 0.5439330543933054,945633.2818195297,0.1761904761904762,561,15 859 2394 2072 176 3106 44,0.5769230769230769 0.9975031210986267 0.8212017586712261 0.9206642066420664 0.7207207207207207 0.14341846758349705 0.5983263598326359,685880.1754094017,0.3504761904761905,1308,26 487 1080 731 128 2668 -31,1.0 0.533083645443196 0.1792867611138251 0.0959409594095941 0.2882882882882883 0.0 0.28451882845188287,1055226.2864625247,0.012380952380952381,12804,23 756 2329 2201 207 2844 27,0.8846153846153846 0.8689138576779026 0.789447972642892 1.0 1.0 0.05762933857236411 0.5271966527196653,980502.3535996423,0.1742857142857143,521,15 859 2394 2072 176 3106 44,0.5769230769230769 0.9975031210986267 0.8212017586712261 0.9206642066420664 0.7207207207207207 0.14341846758349705 0.5983263598326359,685880.1754094017,0.3504761904761905,1308,16 382 2718 1177 207 5161 140,0.6153846153846154 0.4019975031210986 0.9794821690278456 0.37023370233702335 1.0 0.8163064833005894 1.0,665858.5841541737,0.621904761904762,18404,0 143 1716 1019 181 5185 117,0.0 0.10362047440699126 0.4899853444064485 0.2730627306273063 0.7657657657657657 0.8241650294695482 0.9037656903765691,15620.685607952566,0.7780952380952381,18295,1 60 1809 969 129 5578 102,0.038461538461538464 0.0 0.5354176844162188 0.24231242312423124 0.2972972972972973 0.9528487229862476 0.8410041841004184,44098.12694996857,0.7619047619047619,28763,16 389 2760 1217 198 5206 135,0.6153846153846154 0.4107365792759051 1.0 0.3948339483394834 0.918918918918919 0.831041257367387 0.9790794979079498,666954.2886445088,0.621904761904762,18005,0 155 1678 1099 182 5163 102,0.0 0.11860174781523096 0.4714215925744993 0.32226322263222634 0.7747747747747747 0.8169613621480026 0.8410041841004184,16983.142025183373,0.7780952380952381,16205,1 67 1871 1032 109 5722 89,0.038461538461538464 0.008739076154806492 0.5657059110893992 0.2810578105781058 0.11711711711711711 1.0 0.7866108786610879,45296.06132108158,0.7619047619047619,26350,26 487 1185 1145 138 2754 -41,1.0 0.533083645443196 0.23058133854421103 0.3505535055350554 0.3783783783783784 0.028159790438768827 0.24267782426778242,1056003.0935488632,0.012380952380952381,11572
resolved-p21d-c7d-3600-all/resolved-p21d-c7d-3600-2nd/nsp-n10-d28-r0.10-rp0-fp0-s7,0 0 0 0 0 71 -28,0.0 0.0 0.0 0.0 0.0 0.0 0.29411764705882354,0.29411764705882354,0.45714285714285713,145,0 0 0 0 0 71 -32,0.0 0.0 0.0 0.0 0.0 0.0 0.058823529411764705,0.058823529411764705,0.4523809523809524,114,0 0 0 0 0 74 -33,0.0 0.0 0.0 0.0 0.0 0.13636363636363635 0.0,1.3636363636363635,0.3952380952380952,120,0 0 0 0 0 92 -24,0.0 0.0 0.0 0.0 0.0 0.9545454545454546 0.5294117647058824,10.074866310160429,0.13333333333333333,53,0 0 0 0 0 93 -16,0.0 0.0 0.0 0.0 0.0 1.0 1.0,11.0,0.4714285714285714,17,0 0 0 0 0 92 -23,0.0 0.0 0.0 0.0 0.0 0.9545454545454546 0.5882352941176471,10.133689839572193,0.13333333333333333,51,0 0 0 0 0 92 -24,0.0 0.0 0.0 0.0 0.0 0.9545454545454546 0.5294117647058824,10.074866310160429,0.13333333333333333,33,0 0 0 0 0 90 -16,0.0 0.0 0.0 0.0 0.0 0.8636363636363636 1.0,9.636363636363637,0.5428571428571428,10,0 0 0 0 0 92 -24,0.0 0.0 0.0 0.0 0.0 0.9545454545454546 0.5294117647058824,10.074866310160429,0.13333333333333333,32,0 0 0 0 0 92 -24,0.0 0.0 0.0 0.0 0.0 0.9545454545454546 0.5294117647058824,10.074866310160429,0.13333333333333333,46,0 0 0 0 0 89 -23,0.0 0.0 0.0 0.0 0.0 0.8181818181818182 0.5882352941176471,8.770053475935828,0.47619047619047616,4,0 0 0 0 0 92 -24,0.0 0.0 0.0 0.0 0.0 0.9545454545454546 0.5294117647058824,10.074866310160429,0.13333333333333333,35,0 0 0 0 0 92 -24,0.0 0.0 0.0 0.0 0.0 0.9545454545454546 0.5294117647058824,10.074866310160429,0.13333333333333333,174,0 0 0 0 0 92 -21,0.0 0.0 0.0 0.0 0.0 0.9545454545454546 0.7058823529411765,10.251336898395722,0.5952380952380952,190,0 0 0 0 0 92 -24,0.0 0.0 0.0 0.0 0.0 0.9545454545454546 0.5294117647058824,10.074866310160429,0.13333333333333333,174,0 0 0 0 0 92 -24,0.0 0.0 0.0 0.0 0.0 0.9545454545454546 0.5294117647058824,10.074866310160429,0.13333333333333333,174,0 0 0 0 0 92 -21,0.0 0.0 0.0 0.0 0.0 0.9545454545454546 0.7058823529411765,10.251336898395722,0.6,189,0 0 0 0 0 92 -24,0.0 0.0 0.0 0.0 0.0 0.9545454545454546 0.5294117647058824,10.074866310160429,0.13333333333333333,174,0 0 0 0 0 84 -17,0.0 0.0 0.0 0.0 0.0 0.5909090909090909 0.9411764705882353,6.850267379679145,0.18095238095238095,30
resolved-p21d-c7d-3600-all/resolved-p21d-c7d-3600-2nd/nsp-n30-d28-r0.10-rp2-fp2-s7,0 0 0 0 0 86 -141,0.0 0.0 0.0 0.0 0.0 0.013736263736263736 0.0449438202247191,0.18230645758735647,0.33015873015873015,416,0 0 0 0 0 83 -143,0.0 0.0 0.0 0.0 0.0 0.005494505494505495 0.02247191011235955,0.0774169650574145,0.3111111111111111,387,0 0 0 0 0 81 -145,0.0 0.0 0.0 0.0 0.0 0.0 0.0,0.0,0.3126984126984127,343,0 0 0 0 0 161 -91,0.0 0.0 0.0 0.0 0.0 0.21978021978021978 0.6067415730337079,2.804543770835906,0.09365079365079365,136,0 0 0 0 0 166 -80,0.0 0.0 0.0 0.0 0.0 0.23351648351648352 0.7303370786516854,3.0655019138165205,0.34444444444444444,17,0 0 0 0 0 164 -86,0.0 0.0 0.0 0.0 0.0 0.22802197802197802 0.6629213483146067,2.943141128534387,0.09365079365079365,113,0 0 0 0 0 167 -86,0.0 0.0 0.0 0.0 0.0 0.23626373626373626 0.6629213483146067,3.0255587109519695,0.09365079365079365,83,0 0 0 0 0 161 -105,0.0 0.0 0.0 0.0 0.0 0.21978021978021978 0.449438202247191,2.647240400049389,0.3682539682539683,10,0 0 0 0 0 161 -89,0.0 0.0 0.0 0.0 0.0 0.21978021978021978 0.6292134831460674,2.827015680948265,0.09365079365079365,124,0 0 0 0 0 168 -81,0.0 0.0 0.0 0.0 0.0 0.23901098901098902 0.7191011235955056,3.1092110137053957,0.09365079365079365,110,0 0 0 0 0 156 -77,0.0 0.0 0.0 0.0 0.0 0.20604395604395603 0.7640449438202247,2.824484504259785,0.3968253968253968,35,0 0 0 0 0 163 -86,0.0 0.0 0.0 0.0 0.0 0.22527472527472528 0.6629213483146067,2.9156686010618595,0.09365079365079365,129,0 0 0 0 0 445 -61,0.0 0.0 0.0 0.0 0.0 1.0 0.9438202247191011,10.9438202247191,0.353968253968254,95,0 0 0 0 0 146 -79,0.0 0.0 0.0 0.0 0.0 0.17857142857142858 0.7415730337078652,2.5272873194221512,0.6365079365079365,115,0 0 0 0 0 387 -56,0.0 0.0 0.0 0.0 0.0 0.8406593406593407 1.0,9.406593406593407,0.35555555555555557,106,0 0 0 0 0 445 -62,0.0 0.0 0.0 0.0 0.0 1.0 0.9325842696629213,10.932584269662922,0.353968253968254,96,0 0 0 0 0 146 -79,0.0 0.0 0.0 0.0 0.0 0.17857142857142858 0.7415730337078652,2.5272873194221512,0.6365079365079365,115,0 0 0 0 0 387 -56,0.0 0.0 0.0 0.0 0.0 0.8406593406593407 1.0,9.406593406593407,0.35555555555555557,106,0 0 0 0 0 154 -83,0.0 0.0 0.0 0.0 0.0 0.20054945054945056 0.6966292134831461,2.7021237189776515,0.10634920634920635,73
resolved-p21d-c7d-3600-all/resolved-p21d-c7d-3600-2nd/nsp-n40-d28-r0.10-rp2-fp2-s3,1 5 0 2 0 163 -183,0.06666666666666667 0.011337868480725623 0.0 0.0013089005235602095 0.0 0.0 0.0,67801.7624152628,0.27380952380952384,17733,0 0 0 1 0 194 -114,0.0 0.0 0.0 0.0 0.0 0.018139262726740785 0.3415841584158416,0.5229767856832495,0.2154761904761905,17873,1 6 0 2 0 211 -137,0.06666666666666667 0.013605442176870748 0.0 0.0013089005235602095 0.0 0.028086600351082503 0.22772277227722773,68029.0283736531,0.1976190476190476,17461,15 6 0 6 0 256 -91,1.0 0.013605442176870748 0.0 0.006544502617801047 0.0 0.05441778818022235 0.45544554455445546,1001368.0883437312,0.013095238095238096,5043,1 187 787 706 102 1872 -29,0.06666666666666667 0.42403628117913833 0.9949431099873578 0.9227748691099477 1.0 1.0 0.7623762376237624,120053.26312980165,0.44047619047619047,4512,6 352 785 626 69 1427 -35,0.4 0.7981859410430839 0.9924146649810367 0.8180628272251309 0.6764705882352942 0.7396138092451726 0.7326732673267327,490636.5794515272,0.24166666666666667,1721,15 6 0 6 0 256 -92,1.0 0.013605442176870748 0.0 0.006544502617801047 0.0 0.05441778818022235 0.4504950495049505,1001368.0833932362,0.013095238095238096,5044,1 187 791 543 94 1668 -53,0.06666666666666667 0.42403628117913833 1.0 0.7094240837696335 0.9215686274509803 0.8806319485078994 0.6435643564356436,119881.32561493675,0.3773809523809524,4482,6 352 785 626 69 1427 -35,0.4 0.7981859410430839 0.9924146649810367 0.8180628272251309 0.6764705882352942 0.7396138092451726 0.7326732673267327,490636.5794515272,0.24166666666666667,1721,15 6 0 6 0 256 -93,1.0 0.013605442176870748 0.0 0.006544502617801047 0.0 0.05441778818022235 0.44554455445544555,1001368.0784427412,0.013095238095238096,5045,1 187 791 543 94 1668 -53,0.06666666666666667 0.42403628117913833 1.0 0.7094240837696335 0.9215686274509803 0.8806319485078994 0.6435643564356436,119881.32561493675,0.3773809523809524,4482,5 441 750 765 56 1338 -20,0.3333333333333333 1.0 0.9481668773704172 1.0 0.5490196078431373 0.6875365710942072 0.806930693069307,443877.58636422583,0.35119047619047616,1745,15 6 0 6 0 262 -95,1.0 0.013605442176870748 0.0 0.006544502617801047 0.0 0.05792861322410767 0.43564356435643564,1001368.1036500015,0.013095238095238096,11323,0 0 0 50 3 796 19,0.0 0.0 0.0 0.06413612565445026 0.029411764705882353 0.3703920421299005 1.0,71.78122254633749,0.6666666666666666,11037,0 0 0 1 0 780 -80,0.0 0.0 0.0 0.0 0.0 0.361029842012873 0.5099009900990099,4.12019941022774,0.4773809523809524,12702,15 6 0 6 0 262 -96,1.0 0.013605442176870748 0.0 0.006544502617801047 0.0 0.05792861322410767 0.4306930693069307,1001368.0986995064,0.013095238095238096,11324,0 0 0 43 1 912 -3,0.0 0.0 0.0 0.0549738219895288 0.00980392156862745 0.4382679929783499 0.8910891089108911,61.22798318508593,0.6666666666666666,11182,0 0 0 1 0 780 -80,0.0 0.0 0.0 0.0 0.0 0.361029842012873 0.5099009900990099,4.12019941022774,0.4773809523809524,12702,15 6 0 6 0 258 -84,1.0 0.013605442176870748 0.0 0.006544502617801047 0.0 0.05558806319485079 0.4900990099009901,1001368.1346999467,0.013095238095238096,12422
resolved-p21d-c7d-3600-all/resolved-p21d-c7d-3600-2nd/nsp-n40-d28-r0.10-rp2-fp2-s0,4 6 0 1 0 146 -157,0.23529411764705882 0.0182370820668693 0.0 0.0 0.0 0.0 0.0,237117.82585374574,0.33214285714285713,16094,3 4 0 1 0 187 -122,0.17647058823529413 0.0121580547112462 0.0 0.0 0.0 0.01944049312470365 0.19444444444444445,177686.78255579443,0.2761904761904762,16273,4 6 0 3 0 209 -117,0.23529411764705882 0.0182370820668693 0.0 0.00211864406779661 0.0 0.029871977240398292 0.2222222222222222,237120.46543980818,0.18095238095238095,16302,17 5 1 7 0 245 -103,1.0 0.015197568389057751 0.0009930486593843098 0.006355932203389831 0.0 0.04694167852062589 0.3,1001536.8126744882,0.015476190476190477,4856,3 247 748 569 67 1439 -51,0.17647058823529413 0.7507598784194529 0.7428003972194638 0.6016949152542372 0.7362637362637363 0.6130867709815079 0.5888888888888889,259656.62109491337,0.2833333333333333,1891,8 253 919 580 62 1521 -72,0.47058823529411764 0.7689969604863222 0.9126117179741807 0.6133474576271186 0.6813186813186813 0.6519677572309152 0.4722222222222222,557302.5197480452,0.3380952380952381,2571,17 5 1 7 0 242 -119,1.0 0.015197568389057751 0.0009930486593843098 0.006355932203389831 0.0 0.04551920341394026 0.2111111111111111,1001536.7095608483,0.015476190476190477,4862,3 247 748 569 67 1439 -51,0.17647058823529413 0.7507598784194529 0.7428003972194638 0.6016949152542372 0.7362637362637363 0.6130867709815079 0.5888888888888889,259656.62109491337,0.2833333333333333,1891,8 329 841 945 75 1556 -66,0.47058823529411764 1.0 0.8351539225422046 1.0 0.8241758241758241 0.6685633001422475 0.5055555555555555,580029.3832905142,0.3404761904761905,2471,17 5 1 7 0 242 -119,1.0 0.015197568389057751 0.0009930486593843098 0.006355932203389831 0.0 0.04551920341394026 0.2111111111111111,1001536.7095608483,0.015476190476190477,4862,3 247 748 569 67 1439 -51,0.17647058823529413 0.7507598784194529 0.7428003972194638 0.6016949152542372 0.7362637362637363 0.6130867709815079 0.5888888888888889,259656.62109491337,0.2833333333333333,1891,8 263 1007 675 87 1577 -77,0.47058823529411764 0.7993920972644377 1.0 0.7139830508474576 0.9560439560439561 0.6785206258890469 0.4444444444444444,561344.2621177166,0.3011904761904762,2541,17 5 1 7 0 245 -119,1.0 0.015197568389057751 0.0009930486593843098 0.006355932203389831 0.0 0.04694167852062589 0.2111111111111111,1001536.7237855993,0.015476190476190477,7999,0 0 18 368 37 1889 -18,0.0 0.0 0.01787487586891758 0.388771186440678 0.4065934065934066 0.8264580369843528 0.7722222222222223,617.2160883812602,0.6952380952380952,12829,0 0 0 85 0 983 23,0.0 0.0 0.0 0.08898305084745763 0.0 0.3968705547652916 1.0,93.95175639511054,0.6785714285714286,13923,17 5 1 7 0 245 -119,1.0 0.015197568389057751 0.0009930486593843098 0.006355932203389831 0.0 0.04694167852062589 0.2111111111111111,1001536.7237855993,0.015476190476190477,7999,0 0 39 431 91 2255 -35,0.0 0.0 0.038728897715988087 0.4555084745762712 1.0 1.0 0.6777777777777778,953.4752295139298,0.7214285714285714,12151,0 0 0 78 1 843 17,0.0 0.0 0.0 0.0815677966101695 0.01098901098901099 0.3304883831199621 0.9666666666666667,86.93824820693688,0.6785714285714286,13988,17 5 1 7 0 244 -99,1.0 0.015197568389057751 0.0009930486593843098 0.006355932203389831 0.0 0.046467520151730675 0.32222222222222224,1001536.8301551268,0.015476190476190477,23949
resolved-p21d-c7d-3600-all/resolved-p21d-c7d-3600-2nd/nsp-n40-d28-r0.10-rp2-fp2-s9,2 4 0 4 0 164 -175,0.125 0.0076726342710997444 0.0 0.0 0.0 0.0 0.0,125767.26342710998,0.43333333333333335,23394,2 4 0 25 0 528 -80,0.125 0.0076726342710997444 0.0 0.022850924918389554 0.0 0.0801762114537445 0.3064516129032258,125791.2225657558,0.2654761904761905,23781,2 4 0 53 0 728 -43,0.125 0.0076726342710997444 0.0 0.05331882480957562 0.0 0.12422907488986784 0.4258064516129032,125822.25034912006,0.1630952380952381,22177,16 4 2 127 15 1075 -26,1.0 0.0076726342710997444 0.0009021199819576004 0.1338411316648531 0.05016722408026756 0.20066079295154185 0.4806451612903226,1000917.6297340932,0.009523809523809525,15288,5 276 619 685 76 2125 -7,0.3125 0.7033248081841432 0.2792061344158773 0.7410228509249184 0.25418060200668896 0.4319383259911894 0.5419354838709678,386395.84439244244,0.1619047619047619,2254,10 392 613 737 93 1945 -11,0.625 1.0 0.2764997744700045 0.7976060935799782 0.3110367892976589 0.39229074889867843 0.5290322580645161,728598.1594569569,0.24761904761904763,1947,16 4 2 127 15 1075 -26,1.0 0.0076726342710997444 0.0009021199819576004 0.1338411316648531 0.05016722408026756 0.20066079295154185 0.4806451612903226,1000917.6297340932,0.009523809523809525,15288,5 276 619 685 76 2125 -7,0.3125 0.7033248081841432 0.2792061344158773 0.7410228509249184 0.25418060200668896 0.4319383259911894 0.5419354838709678,386395.84439244244,0.1619047619047619,2254,10 392 661 816 80 2369 -36,0.625 1.0 0.29815065403698693 0.8835690968443961 0.26755852842809363 0.4856828193832599 0.4483870967741935,728897.1367053477,0.2892857142857143,1946,16 4 2 127 15 1075 -26,1.0 0.0076726342710997444 0.0009021199819576004 0.1338411316648531 0.05016722408026756 0.20066079295154185 0.4806451612903226,1000917.6297340932,0.009523809523809525,15288,5 276 618 685 76 2118 -7,0.3125 0.7033248081841432 0.2787550744248985 0.7410228509249184 0.25418060200668896 0.4303964757709251 0.5419354838709678,386391.31837403047,0.1619047619047619,2255,10 392 613 737 93 1945 -11,0.625 1.0 0.2764997744700045 0.7976060935799782 0.3110367892976589 0.39229074889867843 0.5290322580645161,728598.1594569569,0.24761904761904763,1947,13 201 1287 821 118 3536 135,0.8125 0.5115089514066496 0.5805142083897158 0.8890097932535365 0.39464882943143814 0.7427312775330397 1.0,870392.9392135341,0.5571428571428572,38374,0 330 979 923 163 2736 94,0.0 0.8414322250639387 0.4415877311682454 1.0 0.5451505016722408 0.5665198237885463 0.867741935483871,89620.14780841692,0.694047619047619,29132,0 1 2217 632 253 4520 28,0.0 0.0 1.0 0.6833514689880305 0.8461538461538461 0.9594713656387666 0.6548387096774193,10778.21640596948,0.6583333333333333,42043,13 203 1284 825 118 3549 135,0.8125 0.5166240409207161 0.5791610284167794 0.8933623503808488 0.39464882943143814 0.7455947136563876 1.0,870895.2975567,0.5571428571428572,38215,0 330 979 923 163 2736 95,0.0 0.8414322250639387 0.4415877311682454 1.0 0.5451505016722408 0.5665198237885463 0.8709677419354839,89620.15103422337,0.694047619047619,29131,0 1 2057 652 299 4704 24,0.0 0.0 0.927830401443392 0.705114254624592 1.0 1.0 0.6419354838709678,10094.060204542382,0.6678571428571428,42701,16 4 2 127 15 1074 -15,1.0 0.0076726342710997444 0.0009021199819576004 0.1338411316648531 0.05016722408026756 0.20044052863436124 0.5161290322580645,1000917.663015321,0.009523809523809525,14865
resolved-p21d-c7d-3600-all/resolved-p21d-c7d-3600-2nd/nsp-n40-d28-r0.10-rp2-fp2-s2,0 26 896 338 157 3119 -63,0.0 0.0 0.0 0.0 0.0091324200913242 0.5030549898167006 0.07746478873239436,6.021256696031821,0.2761904761904762,15582,0 37 1177 416 202 3442 -74,0.0 0.01936619718309859 0.14665970772442588 0.046762589928057555 0.2146118721461187 0.6675152749490835 0.0,3478.1157254462782,0.1738095238095238,15375,0 73 1270 388 182 3713 -57,0.0 0.08274647887323944 0.1951983298538622 0.02997601918465228 0.1232876712328767 0.8054989816700611 0.11971830985915492,10277.110680297064,0.12261904761904761,14683,17 131 1639 695 285 3734 -43,1.0 0.18485915492957747 0.38778705636743216 0.21402877697841727 0.593607305936073 0.8161914460285132 0.21830985915492956,1022645.5557885235,0.010714285714285714,4359,5 324 2626 1619 308 4014 -22,0.29411764705882354 0.5246478873239436 0.9029227557411273 0.7679856115107914 0.6986301369863014 0.9587576374745418 0.36619718309859156,356459.46574739646,0.22857142857142856,2069,1 379 2670 1803 374 3936 -11,0.058823529411764705 0.6214788732394366 0.9258872651356994 0.8782973621103117 1.0 0.9190427698574338 0.44366197183098594,131218.2208388461,0.20714285714285716,2062,17 131 1639 695 285 3734 -42,1.0 0.18485915492957747 0.38778705636743216 0.21402877697841727 0.593607305936073 0.8161914460285132 0.22535211267605634,1022645.562830777,0.010714285714285714,4358,4 410 2687 1676 335 3949 -11,0.23529411764705882 0.676056338028169 0.9347599164926931 0.802158273381295 0.821917808219178 0.9256619144602851 0.44366197183098594,313141.4009501223,0.23095238095238096,2113,1 415 2812 2006 372 3894 -20,0.058823529411764705 0.6848591549295775 1.0 1.0 0.9908675799086758 0.8976578411405295 0.38028169014084506,138417.88852281487,0.22976190476190475,2026,17 131 1639 695 285 3734 -42,1.0 0.18485915492957747 0.38778705636743216 0.21402877697841727 0.593607305936073 0.8161914460285132 0.22535211267605634,1022645.562830777,0.010714285714285714,4358,5 350 2456 1576 294 3679 -17,0.29411764705882354 0.5704225352112676 0.81419624217119 0.7422062350119905 0.634703196347032 0.7881873727087576 0.4014084507042254,360115.8228384867,0.18214285714285713,2049,1 379 2670 1803 374 3936 -11,0.058823529411764705 0.6214788732394366 0.9258872651356994 0.8782973621103117 1.0 0.9190427698574338 0.44366197183098594,131218.2208388461,0.20714285714285716,2062,17 132 1703 550 272 3972 -35,1.0 0.18661971830985916 0.4211899791231733 0.12709832134292565 0.5342465753424658 0.9373727087576375 0.2746478873239437,1023064.0429760697,0.010714285714285714,18999,7 589 1510 1834 193 2170 65,0.4117647058823529 0.9911971830985915 0.32045929018789143 0.8968824940047961 0.1735159817351598 0.01985743380855397 0.9788732394366197,515004.4286338468,0.805952380952381,16133,4 576 1311 1266 155 2234 61,0.23529411764705882 0.9683098591549296 0.21659707724425886 0.5563549160671463 0.0 0.05244399185336049 0.9507042253521126,334848.9043952054,0.7785714285714286,15015,17 131 1674 597 274 3741 -48,1.0 0.18485915492957747 0.40605427974947805 0.1552757793764988 0.54337899543379 0.8197556008146639 0.18309859154929578,1022764.4526239721,0.010714285714285714,20943,7 594 1505 1843 190 2155 68,0.4117647058823529 1.0 0.3178496868475992 0.9022781774580336 0.1598173515981735 0.012219959266802444 1.0,515862.58486303943,0.7988095238095239,15735,4 562 1272 1315 174 2131 55,0.23529411764705882 0.9436619718309859 0.19624217118997914 0.5857314148681055 0.0867579908675799 0.0 0.9084507042253521,332218.05220671627,0.7880952380952381,15526,17 131 1766 678 282 4095 -62,1.0 0.18485915492957747 0.45407098121085593 0.2038369304556355 0.5799086757990868 1.0 0.08450704225352113,1023298.5376101441,0.010714285714285714,20545
resolved-p21d-c7d-3600-all/resolved-p21d-c7d-3600-2nd/nsp-n50-d28-r0.10-rp2-fp2-s3,1 7 0 2 0 280 -164,0.023809523809523808 0.00684931506849315 0.0 0.0 0.0 0.0 0.021645021645021644,24494.47696139477,0.23238095238095238,31861,1 7 0 2 0 436 -169,0.023809523809523808 0.00684931506849315 0.0 0.0 0.0 0.01450623023991073 0.0,24494.600378675525,0.1619047619047619,31818,1 7 0 10 0 468 -126,0.023809523809523808 0.00684931506849315 0.0 0.0021947873799725653 0.0 0.017481867212200113 0.18614718614718614,24497.011069611366,0.1180952380952381,31548,22 7 0 7 0 446 -139,0.5238095238095238 0.00684931506849315 0.0 0.0013717421124828531 0.0 0.015436116793751162 0.12987012987012986,524496.1112897835,0.013333333333333334,18469,13 457 1357 890 90 2527 -68,0.30952380952380953 0.7773972602739726 0.1324548560273304 0.24362139917695474 0.06875477463712758 0.20894550864794495 0.43722943722943725,388841.1076726445,0.2980952380952381,7720,13 406 785 550 59 1696 -100,0.30952380952380953 0.690068493150685 0.07662274280136652 0.15034293552812072 0.04507257448433919 0.1316719360238051 0.2987012987012987,379453.35188052716,0.2361904761904762,1748,22 7 0 7 0 446 -135,0.5238095238095238 0.00684931506849315 0.0 0.0013717421124828531 0.0 0.015436116793751162 0.1471861471861472,524496.1286058008,0.013333333333333334,18465,13 457 1357 890 90 2527 -68,0.30952380952380953 0.7773972602739726 0.1324548560273304 0.24362139917695474 0.06875477463712758 0.20894550864794495 0.43722943722943725,388841.1076726445,0.2980952380952381,7720,13 406 786 551 59 1696 -101,0.30952380952380953 0.690068493150685 0.0767203513909224 0.1506172839506173 0.04507257448433919 0.1316719360238051 0.2943722943722944,379454.5979858409,0.2361904761904762,1747,22 7 0 7 0 446 -139,0.5238095238095238 0.00684931506849315 0.0 0.0013717421124828531 0.0 0.015436116793751162 0.12987012987012986,524496.1112897835,0.013333333333333334,18469,13 457 1357 891 90 2527 -68,0.30952380952380953 0.7773972602739726 0.1324548560273304 0.2438957475994513 0.06875477463712758 0.20894550864794495 0.43722943722943725,388841.38202106697,0.2980952380952381,7719,13 414 944 758 73 1792 -102,0.30952380952380953 0.7037671232876712 0.09214250854075158 0.2074074074074074 0.05576776165011459 0.14059884694067323 0.29004329004329005,381036.62715331605,0.22666666666666666,1725,42 582 4167 3120 384 6000 42,1.0 0.9914383561643836 0.40673499267935576 0.8554183813443073 0.293353705118411 0.5318951087967267 0.9134199134199135,1104102.1716660894,0.5447619047619048,23916,0 3 1699 595 135 6726 50,0.0 0.0 0.1658369936554417 0.1626886145404664 0.10313216195569137 0.5994048726055421 0.948051948051948,1838.31386796456,0.6438095238095238,32800,1 199 9551 3647 1056 10959 25,0.023809523809523808 0.3356164383561644 0.9322596388482186 1.0 0.8067226890756303 0.9930258508461968 0.8398268398268398,67785.20638787828,0.8238095238095238,26437,42 587 4483 3151 448 6080 35,1.0 1.0 0.43757930697901415 0.863923182441701 0.3422459893048128 0.5393342012274502 0.8831168831168831,1105280.2173100577,0.5447619047619048,23726,0 3 1693 628 145 6719 62,0.0 0.0 0.16525134211810638 0.17174211248285323 0.11077158135981666 0.5987539520178539 1.0,1842.3202313200773,0.6438095238095238,32961,1 209 10245 3636 1309 11034 27,0.023809523809523808 0.3527397260273973 1.0 0.9969821673525378 1.0 1.0 0.8484848484848485,70191.32706446455,0.8361904761904762,25781,22 7 0 7 0 451 -133,0.5238095238095238 0.00684931506849315 0.0 0.0013717421124828531 0.0 0.015901060070671377 0.15584415584415584,524496.1419132422,0.013333333333333334,20367
resolved-p21d-c7d-3600-all/resolved-p21d-c7d-3600-2nd/nsp-n30-d28-r0.10-rp2-fp2-s2,0 0 0 0 0 95 -157,0.0 0.0 0.0 0.0 0.0 0.027210884353741496 0.04716981132075472,0.31927865485816964,0.3349206349206349,590,0 0 0 0 0 87 -162,0.0 0.0 0.0 0.0 0.0 0.0 0.0,0.0,0.35079365079365077,632,0 0 0 0 0 104 -131,0.0 0.0 0.0 0.0 0.0 0.05782312925170068 0.29245283018867924,0.8706841227056861,0.28888888888888886,438,0 0 0 0 0 233 -63,0.0 0.0 0.0 0.0 0.0 0.4965986394557823 0.9339622641509434,5.899948658708766,0.10952380952380952,65,0 0 0 0 0 178 -80,0.0 0.0 0.0 0.0 0.0 0.30952380952380953 0.7735849056603774,3.8688230008984728,0.48412698412698413,17,0 0 0 0 0 232 -66,0.0 0.0 0.0 0.0 0.0 0.4931972789115646 0.9056603773584906,5.837633166474136,0.1111111111111111,74,0 0 0 0 0 233 -84,0.0 0.0 0.0 0.0 0.0 0.4965986394557823 0.7358490566037735,5.701835451161596,0.1126984126984127,48,0 0 0 0 0 184 -83,0.0 0.0 0.0 0.0 0.0 0.3299319727891156 0.7452830188679245,4.044602746759081,0.3253968253968254,29,0 0 0 0 0 237 -62,0.0 0.0 0.0 0.0 0.0 0.5102040816326531 0.9433962264150944,6.045437042741625,0.1111111111111111,39,0 0 0 0 0 248 -56,0.0 0.0 0.0 0.0 0.0 0.5476190476190477 1.0,6.476190476190476,0.10952380952380952,63,0 0 0 0 0 169 -66,0.0 0.0 0.0 0.0 0.0 0.2789115646258503 0.9056603773584906,3.6947760236169938,0.42857142857142855,18,0 0 0 0 0 227 -71,0.0 0.0 0.0 0.0 0.0 0.47619047619047616 0.8584905660377359,5.620395327942497,0.1111111111111111,52,0 0 0 0 0 348 -76,0.0 0.0 0.0 0.0 0.0 0.8877551020408163 0.8113207547169812,9.688871775125143,0.3634920634920635,99,0 0 0 0 0 152 -95,0.0 0.0 0.0 0.0 0.0 0.22108843537414966 0.6320754716981132,2.8429598254396096,0.6460317460317461,140,0 0 0 0 0 381 -67,0.0 0.0 0.0 0.0 0.0 1.0 0.8962264150943396,10.89622641509434,0.353968253968254,120,0 0 0 0 0 348 -76,0.0 0.0 0.0 0.0 0.0 0.8877551020408163 0.8113207547169812,9.688871775125143,0.3634920634920635,99,0 0 0 0 0 152 -61,0.0 0.0 0.0 0.0 0.0 0.22108843537414966 0.9528301886792453,3.163714542420742,0.665079365079365,135,0 0 0 0 0 381 -67,0.0 0.0 0.0 0.0 0.0 1.0 0.8962264150943396,10.89622641509434,0.353968253968254,120,0 0 0 0 0 185 -81,0.0 0.0 0.0 0.0 0.0 0.3333333333333333 0.7641509433962265,4.09748427672956,0.10952380952380952,87
resolved-p21d-c7d-3600-all/resolved-p21d-c7d-3600-2nd/nsp-n10-d28-r0.10-rp0-fp0-s2,0 0 0 0 0 68 -45,0.0 0.0 0.0 0.0 0.0 0.0 0.0,0.0,0.43333333333333335,164,0 0 0 0 0 69 -44,0.0 0.0 0.0 0.0 0.0 0.04 0.038461538461538464,0.43846153846153846,0.41904761904761906,164,0 0 0 0 0 69 -44,0.0 0.0 0.0 0.0 0.0 0.04 0.038461538461538464,0.43846153846153846,0.49523809523809526,155,0 0 0 0 0 92 -20,0.0 0.0 0.0 0.0 0.0 0.96 0.9615384615384616,10.561538461538461,0.1,85,0 0 0 0 0 86 -25,0.0 0.0 0.0 0.0 0.0 0.72 0.7692307692307693,7.9692307692307685,0.42857142857142855,9,0 0 0 0 0 92 -19,0.0 0.0 0.0 0.0 0.0 0.96 1.0,10.6,0.1,86,0 0 0 0 0 92 -20,0.0 0.0 0.0 0.0 0.0 0.96 0.9615384615384616,10.561538461538461,0.1,62,0 0 0 0 0 89 -23,0.0 0.0 0.0 0.0 0.0 0.84 0.8461538461538461,9.246153846153847,0.3380952380952381,11,0 0 0 0 0 92 -20,0.0 0.0 0.0 0.0 0.0 0.96 0.9615384615384616,10.561538461538461,0.1,65,0 0 0 0 0 92 -20,0.0 0.0 0.0 0.0 0.0 0.96 0.9615384615384616,10.561538461538461,0.1,50,0 0 0 0 0 85 -25,0.0 0.0 0.0 0.0 0.0 0.68 0.7692307692307693,7.56923076923077,0.36666666666666664,26,0 0 0 0 0 92 -20,0.0 0.0 0.0 0.0 0.0 0.96 0.9615384615384616,10.561538461538461,0.1,49,0 0 0 0 0 93 -22,0.0 0.0 0.0 0.0 0.0 1.0 0.8846153846153846,10.884615384615385,0.1,88,0 0 0 0 0 83 -29,0.0 0.0 0.0 0.0 0.0 0.6 0.6153846153846154,6.615384615384615,0.6095238095238096,171,0 0 0 0 0 92 -20,0.0 0.0 0.0 0.0 0.0 0.96 0.9615384615384616,10.561538461538461,0.1,152,0 0 0 0 0 93 -22,0.0 0.0 0.0 0.0 0.0 1.0 0.8846153846153846,10.884615384615385,0.1,88,0 0 0 0 0 83 -29,0.0 0.0 0.0 0.0 0.0 0.6 0.6153846153846154,6.615384615384615,0.6095238095238096,171,0 0 0 0 0 92 -19,0.0 0.0 0.0 0.0 0.0 0.96 1.0,10.6,0.1,151,0 0 0 0 0 88 -27,0.0 0.0 0.0 0.0 0.0 0.8 0.6923076923076923,8.692307692307692,0.10952380952380952,67
resolved-p21d-c7d-3600-all/resolved-p21d-c7d-3600-2nd/nsp-n10-d28-r0.10-rp0-fp0-s3,0 0 0 0 0 76 -42,0.0 0.0 0.0 0.0 0.0 0.02727272727272727 0.0,0.2727272727272727,0.4523809523809524,157,0 0 0 0 0 76 -39,0.0 0.0 0.0 0.0 0.0 0.02727272727272727 0.125,0.3977272727272727,0.4238095238095238,132,0 0 0 0 0 73 -39,0.0 0.0 0.0 0.0 0.0 0.0 0.125,0.125,0.4666666666666667,118,0 0 0 0 0 99 -30,0.0 0.0 0.0 0.0 0.0 0.23636363636363636 0.5,2.8636363636363638,0.0761904761904762,41,0 0 0 0 0 96 -30,0.0 0.0 0.0 0.0 0.0 0.20909090909090908 0.5,2.590909090909091,0.38571428571428573,32,0 0 0 0 0 99 -30,0.0 0.0 0.0 0.0 0.0 0.23636363636363636 0.5,2.8636363636363638,0.0761904761904762,34,0 0 0 0 0 99 -30,0.0 0.0 0.0 0.0 0.0 0.23636363636363636 0.5,2.8636363636363638,0.0761904761904762,57,0 0 0 0 0 97 -25,0.0 0.0 0.0 0.0 0.0 0.21818181818181817 0.7083333333333334,2.890151515151515,0.4238095238095238,12,0 0 0 0 0 99 -30,0.0 0.0 0.0 0.0 0.0 0.23636363636363636 0.5,2.8636363636363638,0.0761904761904762,44,0 0 0 0 0 99 -30,0.0 0.0 0.0 0.0 0.0 0.23636363636363636 0.5,2.8636363636363638,0.0761904761904762,50,0 0 0 0 0 95 -27,0.0 0.0 0.0 0.0 0.0 0.2 0.625,2.625,0.6285714285714286,12,0 0 0 0 0 99 -30,0.0 0.0 0.0 0.0 0.0 0.23636363636363636 0.5,2.8636363636363638,0.0761904761904762,37,0 0 0 0 0 99 -30,0.0 0.0 0.0 0.0 0.0 0.23636363636363636 0.5,2.8636363636363638,0.0761904761904762,211,0 0 0 0 0 91 -18,0.0 0.0 0.0 0.0 0.0 0.16363636363636364 1.0,2.6363636363636362,0.6095238095238096,43,0 0 0 0 0 183 -20,0.0 0.0 0.0 0.0 0.0 1.0 0.9166666666666666,10.916666666666666,0.35714285714285715,37,0 0 0 0 0 99 -30,0.0 0.0 0.0 0.0 0.0 0.23636363636363636 0.5,2.8636363636363638,0.0761904761904762,211,0 0 0 0 0 91 -18,0.0 0.0 0.0 0.0 0.0 0.16363636363636364 1.0,2.6363636363636362,0.6095238095238096,43,0 0 0 0 0 183 -21,0.0 0.0 0.0 0.0 0.0 1.0 0.875,10.875,0.35714285714285715,38,0 0 0 0 0 92 -29,0.0 0.0 0.0 0.0 0.0 0.17272727272727273 0.5416666666666666,2.268939393939394,0.14285714285714285,17
resolved-p21d-c7d-3600-all/resolved-p21d-c7d-3600-2nd/nsp-n20-d28-r0.10-rp2-fp2-s6,1 0 2 7 0 66 -95,0.16666666666666666 0.0 0.0 0.0021598272138228943 0.0 0.0 0.0,166668.82649388048,0.39285714285714285,18290,0 0 2 6 0 68 -85,0.0 0.0 0.0 0.0 0.0 0.001265022137887413 0.08,0.09265022137887413,0.4119047619047619,18813,0 0 2 6 0 79 -91,0.0 0.0 0.0 0.0 0.0 0.008222643896268185 0.032,0.11422643896268185,0.3,18572,6 3 4 10 0 88 -82,1.0 0.03125 0.004132231404958678 0.008639308855291577 0.0 0.013915243516761544 0.104,1003175.20477534,0.011904761904761904,20950,0 85 483 469 92 1474 19,0.0 0.8854166666666666 0.993801652892562 1.0 1.0 0.8905755850727388 0.912,99589.500951443,0.7261904761904762,45161,0 9 231 221 39 808 24,0.0 0.09375 0.4731404958677686 0.46436285097192226 0.42391304347826086 0.4693232131562302 0.952,14618.804346128996,0.5714285714285714,50791,6 3 4 10 0 88 -82,1.0 0.03125 0.004132231404958678 0.008639308855291577 0.0 0.013915243516761544 0.104,1003175.20477534,0.011904761904761904,20950,0 96 408 386 86 1139 24,0.0 1.0 0.8388429752066116 0.8207343412526998 0.9347826086956522 0.6786843769765971 0.952,109310.38119795815,0.6452380952380953,40314,0 13 106 117 17 445 -7,0.0 0.13541666666666666 0.21487603305785125 0.23974082073434125 0.18478260869565216 0.23972169512966476 0.704,15951.747295800382,0.38333333333333336,49758,6 3 4 10 0 88 -82,1.0 0.03125 0.004132231404958678 0.008639308855291577 0.0 0.013915243516761544 0.104,1003175.20477534,0.011904761904761904,20950,0 85 486 469 91 1498 14,0.0 0.8854166666666666 1.0 1.0 0.9891304347826086 0.9057558507273877 0.872,99650.5092686522,0.719047619047619,45057,0 9 224 182 38 607 -22,0.0 0.09375 0.45867768595041325 0.3801295896328294 0.41304347826086957 0.3421884882985452 0.584,14387.216681846034,0.25,51308,3 14 337 191 53 1647 30,0.5 0.14583333333333334 0.6921487603305785 0.39956803455723544 0.5760869565217391 1.0 1.0,521972.99766684853,0.3976190476190476,92783,0 0 274 183 60 1043 26,0.0 0.0 0.5619834710743802 0.38228941684665224 0.6521739130434783 0.6179633143580012 0.968,6074.489152038383,0.7119047619047619,82744,0 0 2 6 0 216 -51,0.0 0.0 0.0 0.0 0.0 0.09487666034155598 0.352,1.3007666034155596,0.38333333333333336,32382,3 16 338 212 49 1583 28,0.5 0.16666666666666666 0.6942148760330579 0.4449244060475162 0.532608695652174 0.9595192915876027 0.984,524117.5798955259,0.4,92160,0 0 311 183 67 1153 21,0.0 0.0 0.6384297520661157 0.38228941684665224 0.7282608695652174 0.687539531941809 0.928,6847.216419783749,0.6785714285714286,80494,0 0 2 6 0 216 -49,0.0 0.0 0.0 0.0 0.0 0.09487666034155598 0.368,1.3167666034155596,0.38333333333333336,32380,6 3 4 10 0 88 -82,1.0 0.03125 0.004132231404958678 0.008639308855291577 0.0 0.013915243516761544 0.104,1003175.20477534,0.011904761904761904,13590
resolved-p21d-c7d-3600-all/resolved-p21d-c7d-3600-2nd/nsp-n30-d28-r0.10-rp2-fp2-s8,1 1 2 2 0 104 -160,0.08333333333333333 0.00546448087431694 0.0026041666666666665 0.004424778761061947 0.0 0.0 0.0,83910.24786619275,0.30952380952380953,34554,0 0 2 3 0 114 -144,0.0 0.0 0.0026041666666666665 0.00663716814159292 0.0 0.007818608287724784 0.1032258064516129,32.860246697588444,0.20952380952380953,34966,1 2 2 3 0 118 -126,0.08333333333333333 0.01092896174863388 0.0026041666666666665 0.00663716814159292 0.0 0.0109460516028147 0.21935483870967742,84459.23715835971,0.17142857142857143,34641,12 2 0 0 0 116 -127,1.0 0.01092896174863388 0.0 0.0 0.0 0.009382329945269743 0.2129032258064516,1001093.2029013886,0.006349206349206349,6641,0 114 514 326 61 1249 -45,0.0 0.6229508196721312 0.6692708333333334 0.7212389380530974 0.6931818181818182 0.8952306489444879 0.7419354838709677,69788.04166239104,0.42698412698412697,3625,1 124 478 311 43 1117 -82,0.08333333333333333 0.6775956284153005 0.6223958333333334 0.6880530973451328 0.48863636363636365 0.7920250195465207 0.5032258064516129,158062.1947179074,0.22380952380952382,3054,12 2 0 0 0 116 -124,1.0 0.01092896174863388 0.0 0.0 0.0 0.009382329945269743 0.23225806451612904,1001093.2222562274,0.006349206349206349,9781,0 113 768 376 88 1383 -57,0.0 0.6174863387978142 1.0 0.831858407079646 1.0 1.0 0.6645161290322581,72691.1568029901,0.4,3659,0 183 559 381 75 1047 -60,0.0 1.0 0.7278645833333334 0.8429203539823009 0.8522727272727273 0.7372947615324472 0.6451612903225806,108214.81156894856,0.3476190476190476,3255,12 2 0 0 0 117 -128,1.0 0.01092896174863388 0.0 0.0 0.0 0.010164190774042221 0.2064516129032258,1001093.204268384,0.006349206349206349,8233,0 109 644 452 67 1202 -76,0.0 0.5956284153005464 0.8385416666666666 1.0 0.7613636363636364 0.8584831899921814 0.5419354838709678,69033.52132774147,0.4,3676,1 98 481 266 35 940 -74,0.08333333333333333 0.5355191256830601 0.6263020833333334 0.588495575221239 0.3977272727272727 0.653635652853792 0.5548387096774193,143783.62623270485,0.22063492063492063,3099,12 2 0 0 0 116 -127,1.0 0.01092896174863388 0.0 0.0 0.0 0.009382329945269743 0.2129032258064516,1001093.2029013886,0.006349206349206349,5727,0 0 32 187 35 922 -6,0.0 0.0 0.041666666666666664 0.413716814159292 0.3977272727272727 0.6395621579358874 0.9935483870967742,877.5453780651416,0.6730158730158731,21985,0 0 64 294 61 1259 -5,0.0 0.0 0.08333333333333333 0.6504424778761062 0.6931818181818182 0.9030492572322126 1.0,1563.1244855999435,0.6634920634920635,22735,12 2 0 0 0 116 -127,1.0 0.01092896174863388 0.0 0.0 0.0 0.009382329945269743 0.2129032258064516,1001093.2029013886,0.006349206349206349,5727,0 0 32 181 30 881 -6,0.0 0.0 0.041666666666666664 0.4004424778761062 0.3409090909090909 0.6075058639562158 0.9935483870967742,858.2686606603409,0.6634920634920635,22112,0 0 62 316 44 1300 -7,0.0 0.0 0.08072916666666667 0.6991150442477876 0.5 0.9351055512118843 0.9870967741935484,1566.7448632007668,0.6571428571428571,23191,12 2 0 0 0 116 -127,1.0 0.01092896174863388 0.0 0.0 0.0 0.009382329945269743 0.2129032258064516,1001093.2029013886,0.006349206349206349,28309
resolved-p21d-c7d-3600-all/resolved-p21d-c7d-3600-2nd/nsp-n20-d28-r0.10-rp2-fp2-s9,0 0 0 0 0 57 -83,0.0 0.0 0.0 0.0 0.0 0.008928571428571428 0.0,0.08928571428571427,0.4785714285714286,366,0 0 0 0 0 55 -79,0.0 0.0 0.0 0.0 0.0 0.0 0.05,0.05,0.44047619047619047,367,0 0 0 0 0 59 -66,0.0 0.0 0.0 0.0 0.0 0.017857142857142856 0.2125,0.3910714285714285,0.4119047619047619,328,0 0 0 0 0 102 -41,0.0 0.0 0.0 0.0 0.0 0.20982142857142858 0.525,2.6232142857142855,0.10476190476190476,98,0 0 0 0 0 92 -32,0.0 0.0 0.0 0.0 0.0 0.16517857142857142 0.6375,2.289285714285714,0.36666666666666664,9,0 0 0 0 0 102 -41,0.0 0.0 0.0 0.0 0.0 0.20982142857142858 0.525,2.6232142857142855,0.10476190476190476,134,0 0 0 0 0 102 -41,0.0 0.0 0.0 0.0 0.0 0.20982142857142858 0.525,2.6232142857142855,0.10476190476190476,126,0 0 0 0 0 95 -33,0.0 0.0 0.0 0.0 0.0 0.17857142857142858 0.625,2.4107142857142856,0.3880952380952381,17,0 0 0 0 0 102 -38,0.0 0.0 0.0 0.0 0.0 0.20982142857142858 0.5625,2.6607142857142856,0.10476190476190476,183,0 0 0 0 0 102 -41,0.0 0.0 0.0 0.0 0.0 0.20982142857142858 0.525,2.6232142857142855,0.10476190476190476,165,0 0 0 0 0 84 -28,0.0 0.0 0.0 0.0 0.0 0.12946428571428573 0.6875,1.9821428571428572,0.44761904761904764,21,0 0 0 0 0 102 -38,0.0 0.0 0.0 0.0 0.0 0.20982142857142858 0.5625,2.6607142857142856,0.10476190476190476,137,0 0 0 0 0 279 -10,0.0 0.0 0.0 0.0 0.0 1.0 0.9125,10.9125,0.38333333333333336,77,0 0 0 0 0 73 -46,0.0 0.0 0.0 0.0 0.0 0.08035714285714286 0.4625,1.2660714285714287,0.6928571428571428,148,0 0 0 0 0 271 -3,0.0 0.0 0.0 0.0 0.0 0.9642857142857143 1.0,10.642857142857142,0.4261904761904762,42,0 0 0 0 0 279 -10,0.0 0.0 0.0 0.0 0.0 1.0 0.9125,10.9125,0.38333333333333336,77,0 0 0 0 0 73 -46,0.0 0.0 0.0 0.0 0.0 0.08035714285714286 0.4625,1.2660714285714287,0.6928571428571428,148,0 0 0 0 0 271 -3,0.0 0.0 0.0 0.0 0.0 0.9642857142857143 1.0,10.642857142857142,0.4261904761904762,42,0 0 0 0 0 93 -26,0.0 0.0 0.0 0.0 0.0 0.16964285714285715 0.7125,2.4089285714285715,0.13095238095238096,125
resolved-p21d-c7d-3600-all/resolved-p21d-c7d-3600-2nd/nsp-n50-d28-r0.10-rp2-fp2-s5,1 10 2 2 0 309 -168,0.043478260869565216 0.02288329519450801 0.002157497303128371 0.0025284450063211127 0.0 0.0 0.0,45790.69380705362,0.2780952380952381,8944,0 15 4 28 0 502 -106,0.0 0.034324942791762014 0.004314994606256742 0.035398230088495575 0.0 0.1358198451794511 0.3263157894736842,3512.7269695685327,0.05619047619047619,23796,0 11 4 31 0 468 -115,0.0 0.02517162471395881 0.004314994606256742 0.039190897597977246 0.0 0.11189303307529909 0.2789473684210526,2600.9011927555994,0.07333333333333333,23304,23 10 0 9 0 343 -106,1.0 0.02288329519450801 0.0 0.011378002528445006 0.0 0.023926812104152005 0.3263157894736842,1002300.2731058898,0.01904761904761905,10617,19 437 870 791 50 1730 -77,0.8260869565217391 1.0 0.9385113268608414 1.0 0.6493506493506493 1.0 0.4789473684210526,936547.483802651,0.22952380952380952,3883,15 423 927 704 63 1639 -78,0.6521739130434783 0.9679633867276888 1.0 0.8900126422250316 0.8181818181818182 0.9359605911330049 0.47368421052631576,759951.9158304122,0.18,3947,23 10 0 9 0 343 -106,1.0 0.02288329519450801 0.0 0.011378002528445006 0.0 0.023926812104152005 0.3263157894736842,1002300.2731058898,0.01904761904761905,10617,19 437 870 791 50 1730 -77,0.8260869565217391 1.0 0.9385113268608414 1.0 0.6493506493506493 1.0 0.4789473684210526,936547.483802651,0.22952380952380952,3883,16 356 792 740 77 1439 -85,0.6956521739130435 0.8146453089244852 0.8543689320388349 0.9355246523388117 1.0 0.7952146375791695 0.4368421052631579,786704.3077667002,0.18,3921,23 10 0 9 0 345 -99,1.0 0.02288329519450801 0.0 0.011378002528445006 0.0 0.025334271639690358 0.3631578947368421,1002300.3240225904,0.01904761904761905,10611,19 437 870 790 49 1730 -77,0.8260869565217391 1.0 0.9385113268608414 0.9987357774968394 0.6363636363636364 1.0 0.4789473684210526,936544.9208788492,0.22952380952380952,3884,15 423 927 704 63 1639 -78,0.6521739130434783 0.9679633867276888 1.0 0.8900126422250316 0.8181818181818182 0.9359605911330049 0.47368421052631576,759951.9158304122,0.18,3947,23 10 0 9 0 347 -100,1.0 0.02288329519450801 0.0 0.011378002528445006 0.0 0.02674173117522871 0.35789473684210527,1002300.3328340278,0.01904761904761905,17103,0 0 2 0 0 547 -135,0.0 0.0 0.002157497303128371 0.0 0.0 0.16748768472906403 0.1736842105263158,23.423534089100663,0.6742857142857143,8987,0 0 3 105 3 1661 22,0.0 0.0 0.003236245954692557 0.13274336283185842 0.03896103896103896 0.9514426460239268 1.0,179.51635273512713,0.66,11437,23 10 0 9 0 347 -100,1.0 0.02288329519450801 0.0 0.011378002528445006 0.0 0.02674173117522871 0.35789473684210527,1002300.3328340278,0.01904761904761905,17103,0 0 2 0 0 547 -135,0.0 0.0 0.002157497303128371 0.0 0.0 0.16748768472906403 0.1736842105263158,23.423534089100663,0.6742857142857143,8987,0 0 2 4 0 883 -80,0.0 0.0 0.002157497303128371 0.0050568900126422255 0.0 0.4039408866995074 0.4631578947368421,31.13442980565785,0.6419047619047619,12383,23 10 0 9 0 341 -109,1.0 0.02288329519450801 0.0 0.011378002528445006 0.0 0.022519352568613652 0.3105263157894737,1002300.2432418207,0.01904761904761905,23073
resolved-p21d-c7d-3600-all/resolved-p21d-c7d-3600-2nd/nsp-n50-d28-r0.10-rp2-fp2-s2,1 23 1054 397 122 3743 -29,0.045454545454545456 0.035523978685612786 0.0 0.0 0.06435643564356436 0.0 0.07428571428571429,49013.45325238538,0.28095238095238095,11404,1 56 1450 1112 170 4396 -42,0.045454545454545456 0.0941385435168739 0.12733118971061094 0.4728835978835979 0.30198019801980197 0.17058516196447232 0.0,56646.49917264418,0.1523809523809524,11763,1 83 1514 1124 154 4536 -33,0.045454545454545456 0.14209591474245115 0.14790996784565916 0.4808201058201058 0.22277227722772278 0.20715778474399163 0.05142857142857143,61648.456947208906,0.12380952380952381,11092,21 158 1604 650 148 3807 10,0.9545454545454546 0.2753108348134991 0.17684887459807075 0.16732804232804233 0.19306930693069307 0.01671891327063741 0.29714285714285715,984032.1260777962,0.010476190476190476,21048,19 566 2134 1909 229 3899 28,0.8636363636363636 1.0 0.34726688102893893 1.0 0.594059405940594 0.04075235109717868 0.4,968169.245910758,0.18857142857142858,1703,15 439 3161 1764 241 4523 25,0.6818181818181818 0.7744227353463587 0.677491961414791 0.9041005291005291 0.6534653465346535 0.20376175548589343 0.38285714285714284,767007.2425054172,0.18857142857142858,1611,21 158 1604 650 148 3807 10,0.9545454545454546 0.2753108348134991 0.17684887459807075 0.16732804232804233 0.19306930693069307 0.01671891327063741 0.29714285714285715,984032.1260777962,0.010476190476190476,21048,20 482 2774 1616 198 4177 21,0.9090909090909091 0.8507992895204263 0.5530546623794212 0.8062169312169312 0.4405940594059406 0.11337513061650993 0.36,1000553.1547552096,0.16952380952380952,1601,21 512 2963 1836 233 4526 31,0.9545454545454546 0.9040852575488455 0.6138263665594855 0.9517195767195767 0.6138613861386139 0.20454545454545456 0.41714285714285715,1052107.81227867,0.19142857142857142,1498,21 158 1604 650 148 3807 10,0.9545454545454546 0.2753108348134991 0.17684887459807075 0.16732804232804233 0.19306930693069307 0.01671891327063741 0.29714285714285715,984032.1260777962,0.010476190476190476,21048,20 482 2774 1616 198 4177 21,0.9090909090909091 0.8507992895204263 0.5530546623794212 0.8062169312169312 0.4405940594059406 0.11337513061650993 0.36,1000553.1547552096,0.16952380952380952,1601,21 512 2963 1836 233 4526 31,0.9545454545454546 0.9040852575488455 0.6138263665594855 0.9517195767195767 0.6138613861386139 0.20454545454545456 0.41714285714285715,1052107.81227867,0.19142857142857142,1498,20 323 3857 1165 267 6542 133,0.9090909090909091 0.5683836589698046 0.9012861736334405 0.5079365079365079 0.7821782178217822 0.7311912225705329 1.0,975536.6029661683,0.5276190476190477,24284,2 26 2145 975 158 6338 105,0.09090909090909091 0.04085257548845471 0.35080385852090035 0.38227513227513227 0.24257425742574257 0.6778996865203761 0.84,98916.5385980283,0.7752380952380953,23432,0 3 2532 652 255 7571 104,0.0 0.0 0.4752411575562701 0.16865079365079366 0.7227722772277227 1.0 0.8342857142857143,5004.1738826505525,0.7171428571428572,29687,19 328 4164 1207 311 6559 112,0.8636363636363636 0.5772646536412078 1.0 0.5357142857142857 1.0 0.735632183908046 0.88,932006.7796080378,0.5276190476190477,25080,0 12 2144 869 109 7080 126,0.0 0.015985790408525755 0.3504823151125402 0.31216931216931215 0.0 0.8717345872518286 0.96,5425.248850019808,0.7752380952380953,30432,0 3 2104 604 246 7475 103,0.0 0.0 0.33762057877813506 0.13690476190476192 0.6782178217821783 0.9749216300940439 0.8285714285714286,3591.510119593842,0.7180952380952381,31057,22 161 2011 981 158 4808 -33,1.0 0.28063943161634103 0.3077170418006431 0.3862433862433862 0.24257425742574257 0.2782131661442006 0.05142857142857143,1031554.4479518593,0.010476190476190476,5060
resolved-p21d-c7d-3600-all/resolved-p21d-c7d-3600-2nd/nsp-n20-d28-r0.10-rp2-fp2-s8,0 1 1 0 0 71 -45,0.0 0.0 0.0 0.0 0.0 0.0 0.0,0.0,0.6785714285714286,11201,0 1 5 17 0 278 8,0.0 0.0 0.011111111111111112 0.07623318385650224 0.0 0.107756376887038 0.5698924731182796,188.991751209602,0.5357142857142857,10662,0 1 94 101 29 951 35,0.0 0.0 0.25833333333333336 0.452914798206278 0.30851063829787234 0.45809474232170744 0.8602150537634409,3072.5403578463793,0.1738095238095238,9174,10 1 238 141 78 1424 37,1.0 0.0 0.6583333333333333 0.6322869955156951 0.8297872340425532 0.7043206663196252 0.8817204301075269,1007306.5239793466,0.009523809523809525,2717,0 1 1 0 0 118 -1,0.0 0.0 0.0 0.0 0.0 0.024466423737636647 0.4731182795698925,0.7177825169462589,0.6190476190476191,14867,0 1 1 1 0 242 20,0.0 0.0 0.0 0.004484304932735426 0.0 0.0890161374284227 0.6989247311827957,6.073391038202448,0.49047619047619045,14499,10 1 238 141 78 1424 37,1.0 0.0 0.6583333333333333 0.6322869955156951 0.8297872340425532 0.7043206663196252 0.8817204301075269,1007306.5239793466,0.009523809523809525,2717,0 1 1 0 0 118 -1,0.0 0.0 0.0 0.0 0.0 0.024466423737636647 0.4731182795698925,0.7177825169462589,0.6190476190476191,14867,0 1 1 1 0 223 8,0.0 0.0 0.0 0.004484304932735426 0.0 0.07912545549193128 0.5698924731182796,5.845451960773018,0.49047619047619045,14501,10 1 238 141 78 1424 37,1.0 0.0 0.6583333333333333 0.6322869955156951 0.8297872340425532 0.7043206663196252 0.8817204301075269,1007306.5239793466,0.009523809523809525,2717,0 1 1 0 0 118 -1,0.0 0.0 0.0 0.0 0.0 0.024466423737636647 0.4731182795698925,0.7177825169462589,0.6190476190476191,14867,0 1 1 1 0 223 8,0.0 0.0 0.0 0.004484304932735426 0.0 0.07912545549193128 0.5698924731182796,5.845451960773018,0.49047619047619045,14501,10 1 238 141 78 1424 37,1.0 0.0 0.6583333333333333 0.6322869955156951 0.8297872340425532 0.7043206663196252 0.8817204301075269,1007306.5239793466,0.009523809523809525,5825,0 1 34 93 13 792 43,0.0 0.0 0.09166666666666666 0.4170403587443946 0.13829787234042554 0.37532535137948986 0.946236559139785,1352.2363027180386,0.6595238095238095,52163,0 1 247 192 83 1651 48,0.0 0.0 0.6833333333333333 0.8609865470852018 0.8829787234042553 0.8224882873503384 1.0,7791.8426356324635,0.6214285714285714,74645,10 1 238 141 78 1424 37,1.0 0.0 0.6583333333333333 0.6322869955156951 0.8297872340425532 0.7043206663196252 0.8817204301075269,1007306.5239793466,0.009523809523809525,5825,0 1 361 223 94 1992 35,0.0 0.0 1.0 1.0 1.0 1.0 0.8602150537634409,11110.860215053763,0.6904761904761905,47950,0 1 255 203 83 1647 40,0.0 0.0 0.7055555555555556 0.9103139013452914 0.8829787234042553 0.8204060385216033 0.9139784946236559,8063.285368121113,0.6190476190476191,74545,5 1 249 209 85 1516 43,0.5 0.0 0.6888888888888889 0.9372197309417041 0.9042553191489362 0.7522123893805309 0.946236559139785,507925.0025121984,0.02142857142857143,56474
resolved-p21d-c7d-3600-all/resolved-p21d-c7d-3600-2nd/nsp-n40-d28-r0.10-rp2-fp2-s7,3 4 0 1 0 163 -151,0.15 0.010067114093959731 0.0 0.0007396449704142012 0.0 0.0 0.0,151007.4510543664,0.29642857142857143,18920,3 4 0 0 0 165 -140,0.15 0.010067114093959731 0.0 0.0 0.0 0.000380517503805175 0.039711191335740074,151006.75492576236,0.22738095238095238,24831,3 4 0 1 0 203 -133,0.15 0.010067114093959731 0.0 0.0007396449704142012 0.0 0.0076103500761035 0.06498194945848375,151007.5921398166,0.14523809523809525,24909,20 4 0 5 0 216 -131,1.0 0.010067114093959731 0.0 0.0036982248520710057 0.0 0.010083713850837138 0.07220216606498195,1001010.5826735526,0.011904761904761904,23705,5 299 750 546 66 1364 -61,0.25 1.0 0.4528985507246377 0.40384615384615385 0.22 0.2285007610350076 0.3249097472924188,354957.44157845015,0.2785714285714286,2698,7 239 685 493 65 1529 -54,0.35 0.7986577181208053 0.4136473429951691 0.3646449704142012 0.21666666666666667 0.2598934550989346 0.35018050541516244,434391.5059941695,0.4083333333333333,2740,20 4 0 5 0 216 -131,1.0 0.010067114093959731 0.0 0.0036982248520710057 0.0 0.010083713850837138 0.07220216606498195,1001010.5826735526,0.011904761904761904,23705,5 299 750 546 66 1359 -62,0.25 1.0 0.4528985507246377 0.40384615384615385 0.22 0.22754946727549466 0.3212996389891697,354957.4284554043,0.2785714285714286,2699,14 79 402 356 19 1384 -26,0.7 0.26174496644295303 0.2427536231884058 0.26331360946745563 0.06333333333333334 0.23230593607305935 0.45126353790613716,728874.4541418788,0.2226190476190476,2570,20 4 0 5 0 216 -131,1.0 0.010067114093959731 0.0 0.0036982248520710057 0.0 0.010083713850837138 0.07220216606498195,1001010.5826735526,0.011904761904761904,23705,5 299 749 588 69 1303 -58,0.25 1.0 0.4522946859903382 0.4349112426035503 0.23 0.21689497716894976 0.33574007220216606,354983.3627923508,0.42142857142857143,2700,5 289 835 685 121 1587 -32,0.25 0.9664429530201343 0.5042270531400966 0.5066568047337278 0.4033333333333333 0.2709284627092846 0.4296028880866426,352236.69485899666,0.39880952380952384,2765,9 142 1614 825 101 4089 126,0.45 0.47315436241610737 0.9746376811594203 0.610207100591716 0.33666666666666667 0.7469558599695586 1.0,507714.15637906303,0.5666666666666667,39509,0 1 1554 666 232 5419 25,0.0 0.0 0.9384057971014492 0.492603550295858 0.7733333333333333 1.0 0.6353790613718412,9964.630233705055,0.6642857142857143,41702,0 1 0 0 0 753 -57,0.0 0.0 0.0 0.0 0.0 0.11225266362252663 0.33935018050541516,1.4618768167306815,0.4095238095238095,31163,10 115 1571 1352 105 4072 109,0.5 0.3825503355704698 0.9486714975845411 1.0 0.35 0.7437214611872146 0.9386281588447654,548785.1243756631,0.5726190476190476,36306,0 3 1656 716 300 5333 62,0.0 0.006711409395973154 1.0 0.5295857988165681 1.0 0.9836377473363774 0.7689530685920578,11311.332068955839,0.6654761904761904,39423,0 1 0 0 0 753 -57,0.0 0.0 0.0 0.0 0.0 0.11225266362252663 0.33935018050541516,1.4618768167306815,0.4095238095238095,31163,20 4 0 5 0 217 -116,1.0 0.010067114093959731 0.0 0.0036982248520710057 0.0 0.010273972602739725 0.1263537906137184,1001010.6387277647,0.011904761904761904,27323
resolved-p21d-c7d-3600-all/resolved-p21d-c7d-3600-2nd/nsp-n50-d28-r0.10-rp2-fp2-s4,6 9 1 99 0 441 -99,0.3333333333333333 0.013539651837524178 0.0005652911249293386 0.09271523178807947 0.0 0.013594012524820528 0.0,334785.80260024837,0.18666666666666668,27453,5 7 0 1 0 403 -78,0.2777777777777778 0.009671179883945842 0.0 0.0 0.0 0.007789827401863449 0.07191780821917808,278745.04558225465,0.1457142857142857,34212,6 11 2 22 0 453 -65,0.3333333333333333 0.017408123791102514 0.0011305822498586771 0.019867549668874173 0.0 0.01542691308996487 0.11643835616438356,335105.5897920981,0.05523809523809524,33770,18 9 1 5 0 355 -87,1.0 0.013539651837524178 0.0005652911249293386 0.003784295175023652 0.0 0.00045822514128608525 0.0410958904109589,1001363.4480683185,0.025714285714285714,17922,11 385 822 660 48 1541 -65,0.6111111111111112 0.7408123791102514 0.46466930469191636 0.6234626300851467 0.3037974683544304 0.18160989766305177 0.11643835616438356,690494.8169833089,0.13238095238095238,2232,9 519 983 772 59 1893 -41,0.5 1.0 0.5556811758055399 0.7294228949858089 0.37341772151898733 0.23537498090728579 0.19863013698630136,606326.1288051392,0.2438095238095238,416,18 9 1 5 0 355 -86,1.0 0.013539651837524178 0.0005652911249293386 0.003784295175023652 0.0 0.00045822514128608525 0.04452054794520548,1001363.451492976,0.025714285714285714,17921,11 385 822 660 48 1541 -65,0.6111111111111112 0.7408123791102514 0.46466930469191636 0.6234626300851467 0.3037974683544304 0.18160989766305177 0.11643835616438356,690494.8169833089,0.13238095238095238,2232,9 519 983 772 59 1893 -41,0.5 1.0 0.5556811758055399 0.7294228949858089 0.37341772151898733 0.23537498090728579 0.19863013698630136,606326.1288051392,0.2438095238095238,416,18 9 1 5 0 355 -87,1.0 0.013539651837524178 0.0005652911249293386 0.003784295175023652 0.0 0.00045822514128608525 0.0410958904109589,1001363.4480683185,0.025714285714285714,17922,11 385 822 660 48 1541 -65,0.6111111111111112 0.7408123791102514 0.46466930469191636 0.6234626300851467 0.3037974683544304 0.18160989766305177 0.11643835616438356,690494.8169833089,0.13238095238095238,2232,9 519 983 772 59 1893 -40,0.5 1.0 0.5556811758055399 0.7294228949858089 0.37341772151898733 0.23537498090728579 0.20205479452054795,606326.1322297967,0.2438095238095238,415,10 183 1654 1048 103 5359 192,0.5555555555555556 0.35009671179883944 0.9349915206331261 0.9905392620624409 0.6518987341772152 0.7647777608064763 0.9965753424657534,600979.5154302015,0.5780952380952381,33074,0 93 1511 879 158 5238 115,0.0 0.1760154738878143 0.8541548897682306 0.8306527909176916 1.0 0.7462960134412708 0.7328767123287672,27081.944914228166,0.7371428571428571,28173,0 2 1730 604 141 6766 74,0.0 0.0 0.9779536461277558 0.5704824976348155 0.8924050632911392 0.9796853520696502 0.5924657534246576,10449.648784515608,0.6876190476190476,31250,10 183 1652 1058 107 5370 193,0.5555555555555556 0.35009671179883944 0.9338609383832673 1.0 0.6772151898734177 0.7664579196578586 1.0,600980.2222174562,0.5780952380952381,33126,0 98 1470 873 143 5129 132,0.0 0.18568665377176016 0.8309779536461278 0.8249763481551561 0.9050632911392406 0.7296471666412098 0.791095890410959,27802.015158463197,0.7371428571428571,27832,0 2 1769 642 134 6899 91,0.0 0.0 1.0 0.6064333017975402 0.8481012658227848 1.0 0.6506849315068494,10701.894113311326,0.6876190476190476,30481,18 9 1 5 0 352 -85,1.0 0.013539651837524178 0.0005652911249293386 0.003784295175023652 0.0 0.0 0.04794520547945205,1001363.4503353823,0.025714285714285714,29305
resolved-p21d-c7d-3600-all/resolved-p21d-c7d-3600-2nd/nsp-n20-d28-r0.10-rp2-fp2-s1,0 1 1 0 0 66 -92,0.0 0.023809523809523808 0.001718213058419244 0.0 0.0 0.0030381944444444445 0.06569343065693431,2398.2305869116744,0.32142857142857145,6243,0 1 1 0 0 59 -94,0.0 0.023809523809523808 0.001718213058419244 0.0 0.0 0.0 0.051094890510948905,2398.185606427084,0.319047619047619,6224,0 1 1 0 0 62 -101,0.0 0.023809523809523808 0.001718213058419244 0.0 0.0 0.0013020833333333333 0.0,2398.1475323699065,0.3047619047619048,6150,14 0 0 3 0 62 -74,1.0 0.0 0.0 0.006928406466512702 0.0 0.0013020833333333333 0.19708029197080293,1000007.1385075918,0.014285714285714285,4185,0 42 230 283 43 739 2,0.0 1.0 0.3951890034364261 0.6535796766743649 0.28289473684210525 0.2951388888888889 0.7518248175182481,104637.46239842924,0.2619047619047619,19819,0 1 1 2 0 147 -51,0.0 0.023809523809523808 0.001718213058419244 0.004618937644341801 0.0 0.03819444444444445 0.36496350364963503,2403.500357129009,0.1738095238095238,21923,14 0 0 3 0 62 -74,1.0 0.0 0.0 0.006928406466512702 0.0 0.0013020833333333333 0.19708029197080293,1000007.1385075918,0.014285714285714285,4185,0 41 217 241 43 986 18,0.0 0.9761904761904762 0.37285223367697595 0.5565819861431871 0.28289473684210525 0.40234375 0.8686131386861314,101937.33346628347,0.6619047619047619,20346,0 1 1 0 0 89 -70,0.0 0.023809523809523808 0.001718213058419244 0.0 0.0 0.013020833333333334 0.22627737226277372,2398.490997242169,0.1,22055,14 0 0 3 0 62 -74,1.0 0.0 0.0 0.006928406466512702 0.0 0.0013020833333333333 0.19708029197080293,1000007.1385075918,0.014285714285714285,4185,0 42 230 283 43 739 2,0.0 1.0 0.3951890034364261 0.6535796766743649 0.28289473684210525 0.2951388888888889 0.7518248175182481,104637.46239842924,0.2619047619047619,19819,0 1 1 0 0 89 -70,0.0 0.023809523809523808 0.001718213058419244 0.0 0.0 0.013020833333333334 0.22627737226277372,2398.490997242169,0.1,22055,14 0 0 3 0 62 -74,1.0 0.0 0.0 0.006928406466512702 0.0 0.0013020833333333333 0.19708029197080293,1000007.1385075918,0.014285714285714285,5667,0 35 461 433 112 1403 36,0.0 0.8333333333333334 0.7920962199312714 1.0 0.7368421052631579 0.5833333333333334 1.0,92334.81307650571,0.7595238095238095,49414,0 3 582 331 152 2363 22,0.0 0.07142857142857142 1.0 0.7644341801385681 1.0 1.0 0.8978102189781022,18018.189133214688,0.7095238095238096,51123,14 0 0 3 0 62 -74,1.0 0.0 0.0 0.006928406466512702 0.0 0.0013020833333333333 0.19708029197080293,1000007.1385075918,0.014285714285714285,5667,0 1 377 294 90 1623 27,0.0 0.023809523809523808 0.647766323024055 0.6789838337182448 0.5921052631578947 0.6788194444444444 0.9343065693430657,9604.532472240753,0.7428571428571429,57701,0 3 481 347 122 2321 19,0.0 0.07142857142857142 0.8264604810996563 0.8013856812933026 0.8026315789473685 0.9817708333333334 0.8759124087591241,16299.804413783837,0.7452380952380953,53704,7 1 1 6 0 74 -63,0.5 0.023809523809523808 0.001718213058419244 0.013856812933025405 0.0 0.006510416666666667 0.2773722627737226,502412.33380089904,0.03333333333333333,33428
resolved-p21d-c7d-3600-all/resolved-p21d-c7d-3600-2nd/nsp-n20-d28-r0.10-rp2-fp2-s3,0 0 0 0 0 69 -71,0.0 0.0 0.0 0.0 0.0 0.004975124378109453 0.171875,0.22162624378109452,0.41904761904761906,278,0 0 0 0 0 70 -72,0.0 0.0 0.0 0.0 0.0 0.009950248756218905 0.15625,0.25575248756218905,0.319047619047619,283,0 0 0 0 0 68 -82,0.0 0.0 0.0 0.0 0.0 0.0 0.0,0.0,0.32142857142857145,303,0 0 0 0 0 112 -55,0.0 0.0 0.0 0.0 0.0 0.21890547263681592 0.421875,2.610929726368159,0.08333333333333333,130,0 0 0 0 0 119 -36,0.0 0.0 0.0 0.0 0.0 0.2537313432835821 0.71875,3.256063432835821,0.39285714285714285,22,0 0 0 0 0 112 -55,0.0 0.0 0.0 0.0 0.0 0.21890547263681592 0.421875,2.610929726368159,0.08333333333333333,126,0 0 0 0 0 112 -55,0.0 0.0 0.0 0.0 0.0 0.21890547263681592 0.421875,2.610929726368159,0.08333333333333333,126,0 0 0 0 0 118 -41,0.0 0.0 0.0 0.0 0.0 0.24875621890547264 0.640625,3.1281871890547266,0.24761904761904763,13,0 0 0 0 0 112 -55,0.0 0.0 0.0 0.0 0.0 0.21890547263681592 0.421875,2.610929726368159,0.08333333333333333,80,0 0 0 0 0 112 -55,0.0 0.0 0.0 0.0 0.0 0.21890547263681592 0.421875,2.610929726368159,0.08333333333333333,95,0 0 0 0 0 120 -39,0.0 0.0 0.0 0.0 0.0 0.25870646766169153 0.671875,3.258939676616915,0.2642857142857143,22,0 0 0 0 0 112 -55,0.0 0.0 0.0 0.0 0.0 0.21890547263681592 0.421875,2.610929726368159,0.08333333333333333,121,0 0 0 0 0 246 -34,0.0 0.0 0.0 0.0 0.0 0.8855721393034826 0.75,9.605721393034825,0.4238095238095238,90,0 0 0 0 0 94 -38,0.0 0.0 0.0 0.0 0.0 0.12935323383084577 0.6875,1.9810323383084576,0.6547619047619048,287,0 0 0 0 0 269 -18,0.0 0.0 0.0 0.0 0.0 1.0 1.0,11.0,0.3904761904761905,123,0 0 0 0 0 246 -34,0.0 0.0 0.0 0.0 0.0 0.8855721393034826 0.75,9.605721393034825,0.4238095238095238,90,0 0 0 0 0 94 -38,0.0 0.0 0.0 0.0 0.0 0.12935323383084577 0.6875,1.9810323383084576,0.6547619047619048,287,0 0 0 0 0 269 -18,0.0 0.0 0.0 0.0 0.0 1.0 1.0,11.0,0.3904761904761905,123,0 0 0 0 0 112 -47,0.0 0.0 0.0 0.0 0.0 0.21890547263681592 0.546875,2.735929726368159,0.0880952380952381,81
resolved-p21d-c7d-3600-all/resolved-p21d-c7d-3600-2nd/nsp-n30-d28-r0.10-rp2-fp2-s0,1 8 0 0 0 106 -151,0.09090909090909091 0.03571428571428571 0.0 0.0 0.0 0.0 0.0,94480.51948051948,0.2650793650793651,46132,1 8 0 0 0 108 -114,0.09090909090909091 0.03571428571428571 0.0 0.0 0.0 0.0008143322475570033 0.18974358974358974,94480.7173674317,0.19047619047619047,46302,1 8 0 11 0 165 -74,0.09090909090909091 0.03571428571428571 0.0 0.019572953736654804 0.0 0.024022801302931596 0.39487179487179486,94500.72753406403,0.05238095238095238,45885,11 8 0 0 0 130 -86,1.0 0.03571428571428571 0.0 0.0 0.0 0.009771986970684038 0.3333333333333333,1003571.8596246316,0.014285714285714285,17999,0 115 309 354 56 1148 -14,0.0 0.6726190476190477 0.28505535055350556 0.6298932384341637 0.38095238095238093 0.4242671009771987 0.7025641025641025,70785.39197908156,0.4793650793650794,8229,0 169 306 448 48 1216 -28,0.0 0.9940476190476191 0.2822878228782288 0.797153024911032 0.32653061224489793 0.4519543973941368 0.6307692307692307,103062.59653288443,0.28095238095238095,6893,11 8 0 0 0 130 -86,1.0 0.03571428571428571 0.0 0.0 0.0 0.009771986970684038 0.3333333333333333,1003571.8596246316,0.014285714285714285,17999,0 115 421 476 73 1469 0,0.0 0.6726190476190477 0.38837638376383765 0.8469750889679716 0.4965986394557823 0.5549674267100977 0.7743589743589744,72048.62758569815,0.5238095238095238,7902,0 170 490 364 56 1090 -41,0.0 1.0 0.45202952029520294 0.6476868327402135 0.38095238095238093 0.4006514657980456 0.5641025641025641,105210.64789100956,0.346031746031746,6558,11 8 0 0 0 130 -85,1.0 0.03571428571428571 0.0 0.0 0.0 0.009771986970684038 0.3384615384615385,1003571.8647528368,0.014285714285714285,17998,0 115 415 455 61 1128 -9,0.0 0.6726190476190477 0.3828413284132841 0.8096085409252669 0.41496598639455784 0.4161237785016287 0.7282051282051282,71946.31262851554,0.3682539682539683,7934,0 160 309 462 43 1041 -30,0.0 0.9404761904761905 0.28505535055350556 0.8220640569395018 0.2925170068027211 0.380700325732899 0.6205128205128205,97753.91582685172,0.3634920634920635,7059,8 74 1084 432 147 2562 34,0.7272727272727273 0.42857142857142855 1.0 0.7686832740213523 1.0 1.0 0.9487179487179487,781009.5021218403,0.5095238095238095,51968,0 2 428 131 26 1972 7,0.0 0.0 0.3948339483394834 0.23309608540925267 0.17687074829931973 0.759771986970684 0.8102564102564103,4207.530619913981,0.6222222222222222,43421,0 119 614 562 115 1849 36,0.0 0.6964285714285714 0.566420664206642 1.0 0.782312925170068 0.7096905537459284 0.958974358974359,76393.35095733701,0.7301587301587301,47822,8 72 1043 433 147 2553 34,0.7272727272727273 0.4166666666666667 0.9621771217712177 0.7704626334519573 1.0 0.9963355048859935 0.9487179487179487,779442.5398635557,0.5095238095238095,53458,0 2 362 214 35 1784 42,0.0 0.0 0.3339483394833948 0.3807829181494662 0.23809523809523808 0.6832247557003257 0.9897435897435898,3751.897827939685,0.638095238095238,46344,0 124 585 543 109 1801 44,0.0 0.7261904761904762 0.5396678966789668 0.9661921708185054 0.7414965986394558 0.6901465798045603 1.0,79063.96988231778,0.7238095238095238,46763,11 8 0 0 0 129 -79,1.0 0.03571428571428571 0.0 0.0 0.0 0.009364820846905538 0.36923076923076925,1003571.8914504063,0.014285714285714285,11033
resolved-p21d-c7d-3600-all/resolved-p21d-c7d-3600-2nd/nsp-n30-d28-r0.10-rp2-fp2-s3,1 23 2 6 0 198 -80,0.07692307692307693 0.05121293800539083 0.0 0.0 0.0 0.0 0.0,82044.37072361601,0.7,9138,1 23 213 331 70 1716 -10,0.07692307692307693 0.05121293800539083 0.11461162411732755 0.15954835542464407 0.24561403508771928 0.43100511073253833 0.45751633986928103,83379.36429116988,0.28253968253968254,10445,1 25 336 316 72 2050 1,0.07692307692307693 0.05660377358490566 0.18142313959804454 0.15218458517427588 0.25263157894736843 0.5258375922771152 0.5294117647058824,84580.92120830443,0.2492063492063492,9207,11 132 471 455 136 1977 6,0.8461538461538461 0.3450134770889488 0.25475285171102663 0.22042218949435444 0.47719298245614034 0.5051107325383305 0.5620915032679739,883476.4770664199,0.012698412698412698,10474,0 253 1200 1303 203 2577 35,0.0 0.6711590296495957 0.6507332971211298 0.6367206676485027 0.712280701754386 0.6754684838160137 0.7516339869281046,74338.6909928199,0.4793650793650794,8833,0 297 1076 1525 191 2359 35,0.0 0.7897574123989218 0.5833785985877241 0.7457044673539519 0.6701754385964912 0.6135718341851221 0.7516339869281046,85629.1365893118,0.3476190476190476,14691,11 132 471 455 136 1977 6,0.8461538461538461 0.3450134770889488 0.25475285171102663 0.22042218949435444 0.47719298245614034 0.5051107325383305 0.5620915032679739,883476.4770664199,0.012698412698412698,10474,0 256 1178 1276 189 2585 40,0.0 0.6792452830188679 0.6387832699619772 0.62346588119784 0.6631578947368421 0.6777399204997161 0.7843137254901961,75009.70438510858,0.37777777777777777,8223,0 267 976 1233 176 2274 48,0.0 0.7088948787061995 0.5290602933188484 0.6023564064801178 0.6175438596491228 0.5894378194207837 0.8366013071895425,76850.93257575486,0.2873015873015873,15008,11 132 471 455 136 1977 6,0.8461538461538461 0.3450134770889488 0.25475285171102663 0.22042218949435444 0.47719298245614034 0.5051107325383305 0.5620915032679739,883476.4770664199,0.012698412698412698,10474,0 256 1251 1309 196 2208 29,0.0 0.6792452830188679 0.6784356328082564 0.6396661757486499 0.6877192982456141 0.5706984667802385 0.7124183006535948,75423.74213851102,0.28095238095238095,8178,0 266 978 1218 187 2213 49,0.0 0.706199460916442 0.530146659424226 0.5949926362297496 0.656140350877193 0.5721181147075525 0.8431372549019608,76588.58367560591,0.4095238095238095,15354,11 375 1843 2043 285 2541 69,0.8461538461538461 1.0 1.0 1.0 1.0 0.6652470187393527 0.9738562091503268,957261.4724802427,0.6,31326,0 55 558 478 57 1895 73,0.0 0.13746630727762804 0.3020097772949484 0.23171330387825234 0.2 0.48182850653038045 1.0,17024.260089655843,0.7555555555555555,57507,0 4 1025 472 176 3602 51,0.0 0.0 0.5556762629005975 0.22876779577810505 0.6175438596491228 0.966496308915389 0.8562091503267973,5857.805982988472,0.7555555555555555,57244,13 336 1668 1690 222 2481 58,1.0 0.894878706199461 0.9049429657794676 0.8267059401080019 0.7789473684210526 0.6482112436115843 0.9019607843137255,1099449.2850279114,0.6111111111111112,30315,0 53 566 455 56 1876 66,0.0 0.1320754716981132 0.30635524171645845 0.22042218949435444 0.19649122807017544 0.47643384440658715 0.954248366013072,16516.889486087355,0.7555555555555555,58660,0 5 1122 552 213 3720 28,0.0 0.0026954177897574125 0.6083650190114068 0.26804123711340205 0.7473684210526316 1.0 0.7058823529411765,6706.675930661416,0.7523809523809524,54053,11 132 491 450 139 2004 13,0.8461538461538461 0.3450134770889488 0.26561651276480175 0.21796759941089838 0.48771929824561405 0.5127768313458262 0.6078431372549019,883583.8341310752,0.012698412698412698,9721
resolved-p21d-c7d-3600-all/resolved-p21d-c7d-3600-2nd/nsp-n10-d28-r0.10-rp0-fp0-s9,0 0 0 0 0 75 -54,0.0 0.0 0.0 0.0 0.0 0.0 0.0,0.0,0.3952380952380952,150,0 0 0 0 0 75 -54,0.0 0.0 0.0 0.0 0.0 0.0 0.0,0.0,0.38571428571428573,123,0 0 0 0 0 75 -54,0.0 0.0 0.0 0.0 0.0 0.0 0.0,0.0,0.3761904761904762,131,0 0 0 0 0 104 -34,0.0 0.0 0.0 0.0 0.0 1.0 0.6666666666666666,10.666666666666666,0.13333333333333333,45,0 0 0 0 0 85 -41,0.0 0.0 0.0 0.0 0.0 0.3448275862068966 0.43333333333333335,3.881609195402299,0.42857142857142855,9,0 0 0 0 0 104 -34,0.0 0.0 0.0 0.0 0.0 1.0 0.6666666666666666,10.666666666666666,0.13333333333333333,64,0 0 0 0 0 104 -34,0.0 0.0 0.0 0.0 0.0 1.0 0.6666666666666666,10.666666666666666,0.13333333333333333,66,0 0 0 0 0 93 -24,0.0 0.0 0.0 0.0 0.0 0.6206896551724138 1.0,7.206896551724138,0.6333333333333333,20,0 0 0 0 0 104 -34,0.0 0.0 0.0 0.0 0.0 1.0 0.6666666666666666,10.666666666666666,0.13333333333333333,52,0 0 0 0 0 104 -34,0.0 0.0 0.0 0.0 0.0 1.0 0.6666666666666666,10.666666666666666,0.13333333333333333,52,0 0 0 0 0 91 -34,0.0 0.0 0.0 0.0 0.0 0.5517241379310345 0.6666666666666666,6.183908045977012,0.5,21,0 0 0 0 0 104 -34,0.0 0.0 0.0 0.0 0.0 1.0 0.6666666666666666,10.666666666666666,0.13333333333333333,57,0 0 0 0 0 104 -34,0.0 0.0 0.0 0.0 0.0 1.0 0.6666666666666666,10.666666666666666,0.13333333333333333,181,0 0 0 0 0 91 -28,0.0 0.0 0.0 0.0 0.0 0.5517241379310345 0.8666666666666667,6.383908045977012,0.6857142857142857,45,0 0 0 0 0 104 -34,0.0 0.0 0.0 0.0 0.0 1.0 0.6666666666666666,10.666666666666666,0.13333333333333333,183,0 0 0 0 0 104 -34,0.0 0.0 0.0 0.0 0.0 1.0 0.6666666666666666,10.666666666666666,0.13333333333333333,181,0 0 0 0 0 91 -28,0.0 0.0 0.0 0.0 0.0 0.5517241379310345 0.8666666666666667,6.383908045977012,0.6857142857142857,45,0 0 0 0 0 104 -34,0.0 0.0 0.0 0.0 0.0 1.0 0.6666666666666666,10.666666666666666,0.13333333333333333,183,0 0 0 0 0 93 -34,0.0 0.0 0.0 0.0 0.0 0.6206896551724138 0.6666666666666666,6.873563218390805,0.16666666666666666,38
resolved-p21d-c7d-3600-all/resolved-p21d-c7d-3600-2nd/nsp-n50-d28-r0.10-rp2-fp2-s1,0 10 0 4 0 249 -231,0.0 0.01949317738791423 0.0 0.002162162162162162 0.0 0.0 0.0,1951.479900953585,0.26,22855,0 11 0 2 0 378 -148,0.0 0.021442495126705652 0.0 0.0 0.0 0.0688367129135539 0.4853801169590643,2145.42325991666,0.1219047619047619,23158,0 11 0 2 0 435 -143,0.0 0.021442495126705652 0.0 0.0 0.0 0.09925293489861259 0.5146198830409356,2145.7566619025924,0.09904761904761905,22894,17 10 4 4 0 425 -144,1.0 0.01949317738791423 0.0038314176245210726 0.002162162162162162 0.0 0.09391675560298826 0.5087719298245614,1001991.2420166846,0.015238095238095238,8691,10 511 852 764 63 2090 -67,0.5882352941176471 0.9961013645224172 0.8160919540229885 0.8237837837837838 0.7974683544303798 0.9823906083244397 0.9590643274853801,696920.6636997563,0.31142857142857144,3831,9 513 999 845 79 2064 -60,0.5294117647058824 1.0 0.9568965517241379 0.9113513513513514 1.0 0.9685165421558164 1.0,640002.7667398967,0.2895238095238095,3530,17 10 4 4 0 425 -144,1.0 0.01949317738791423 0.0038314176245210726 0.002162162162162162 0.0 0.09391675560298826 0.5087719298245614,1001991.2420166846,0.015238095238095238,8691,10 490 812 927 75 2123 -70,0.5882352941176471 0.9551656920077972 0.7777777777777778 1.0 0.9493670886075949 1.0 0.9415204678362573,692635.5193255332,0.3076190476190476,3872,10 482 1044 797 72 1962 -80,0.5882352941176471 0.9395711500974658 1.0 0.8594594594594595 0.9113924050632911 0.9140875133404482 0.8830409356725146,693153.0317434286,0.2980952380952381,3497,17 10 4 4 0 425 -144,1.0 0.01949317738791423 0.0038314176245210726 0.002162162162162162 0.0 0.09391675560298826 0.5087719298245614,1001991.2420166846,0.015238095238095238,8691,10 490 812 927 75 2123 -70,0.5882352941176471 0.9551656920077972 0.7777777777777778 1.0 0.9493670886075949 1.0 0.9415204678362573,692635.5193255332,0.3076190476190476,3872,9 513 999 845 79 2064 -60,0.5294117647058824 1.0 0.9568965517241379 0.9113513513513514 1.0 0.9685165421558164 1.0,640002.7667398967,0.2895238095238095,3530,17 10 4 4 0 428 -139,1.0 0.01949317738791423 0.0038314176245210726 0.002162162162162162 0.0 0.09551760939167556 0.5380116959064327,1001991.2872649886,0.015238095238095238,12617,0 0 2 3 1 962 -84,0.0 0.0 0.0019157088122605363 0.001081081081081081 0.012658227848101266 0.38046958377801493 0.8596491228070176,26.168336949083738,0.6180952380952381,11586,0 0 2 2 0 1268 -78,0.0 0.0 0.0019157088122605363 0.0 0.0 0.5437566702241196 0.8947368421052632,25.48939166695182,0.44666666666666666,8373,17 10 4 4 0 428 -140,1.0 0.01949317738791423 0.0038314176245210726 0.002162162162162162 0.0 0.09551760939167556 0.5321637426900585,1001991.2814170354,0.015238095238095238,12618,0 0 2 3 0 500 -161,0.0 0.0 0.0019157088122605363 0.001081081081081081 0.0 0.13393810032017076 0.4093567251461988,21.98690693203435,0.6390476190476191,11712,0 0 2 2 0 1268 -78,0.0 0.0 0.0019157088122605363 0.0 0.0 0.5437566702241196 0.8947368421052632,25.48939166695182,0.44666666666666666,8373,17 10 4 4 0 426 -145,1.0 0.01949317738791423 0.0038314176245210726 0.002162162162162162 0.0 0.09445037353255069 0.5029239766081871,1001991.2415049108,0.015238095238095238,37078
resolved-p21d-c7d-3600-all/resolved-p21d-c7d-3600-2nd/nsp-n20-d28-r0.10-rp2-fp2-s7,0 0 0 0 0 48 -80,0.0 0.0 0.0 0.0 0.0 0.05555555555555555 0.26153846153846155,0.8170940170940171,0.4095238095238095,322,0 0 0 0 0 45 -97,0.0 0.0 0.0 0.0 0.0 0.0 0.0,0.0,0.4642857142857143,343,0 0 0 0 0 45 -86,0.0 0.0 0.0 0.0 0.0 0.0 0.16923076923076924,0.16923076923076924,0.47619047619047616,344,0 0 0 0 0 99 -53,0.0 0.0 0.0 0.0 0.0 1.0 0.676923076923077,10.676923076923076,0.1738095238095238,94,0 0 0 0 0 77 -32,0.0 0.0 0.0 0.0 0.0 0.5925925925925926 1.0,6.925925925925926,0.3952380952380952,13,0 0 0 0 0 99 -54,0.0 0.0 0.0 0.0 0.0 1.0 0.6615384615384615,10.661538461538461,0.1738095238095238,118,0 0 0 0 0 99 -54,0.0 0.0 0.0 0.0 0.0 1.0 0.6615384615384615,10.661538461538461,0.1738095238095238,129,0 0 0 0 0 66 -35,0.0 0.0 0.0 0.0 0.0 0.3888888888888889 0.9538461538461539,4.842735042735042,0.5285714285714286,15,0 0 0 0 0 99 -54,0.0 0.0 0.0 0.0 0.0 1.0 0.6615384615384615,10.661538461538461,0.1738095238095238,121,0 0 0 0 0 99 -54,0.0 0.0 0.0 0.0 0.0 1.0 0.6615384615384615,10.661538461538461,0.1738095238095238,130,0 0 0 0 0 79 -34,0.0 0.0 0.0 0.0 0.0 0.6296296296296297 0.9692307692307692,7.265527065527066,0.49523809523809526,25,0 0 0 0 0 99 -54,0.0 0.0 0.0 0.0 0.0 1.0 0.6615384615384615,10.661538461538461,0.1738095238095238,142,0 0 0 0 0 99 -54,0.0 0.0 0.0 0.0 0.0 1.0 0.6615384615384615,10.661538461538461,0.1738095238095238,266,0 0 0 0 0 63 -45,0.0 0.0 0.0 0.0 0.0 0.3333333333333333 0.8,4.133333333333333,0.65,130,0 0 0 0 0 99 -54,0.0 0.0 0.0 0.0 0.0 1.0 0.6615384615384615,10.661538461538461,0.1738095238095238,265,0 0 0 0 0 99 -54,0.0 0.0 0.0 0.0 0.0 1.0 0.6615384615384615,10.661538461538461,0.1738095238095238,266,0 0 0 0 0 63 -45,0.0 0.0 0.0 0.0 0.0 0.3333333333333333 0.8,4.133333333333333,0.65,130,0 0 0 0 0 99 -54,0.0 0.0 0.0 0.0 0.0 1.0 0.6615384615384615,10.661538461538461,0.1738095238095238,265,0 0 0 0 0 99 -43,0.0 0.0 0.0 0.0 0.0 1.0 0.8307692307692308,10.830769230769231,0.18333333333333332,57
resolved-p21d-c7d-3600-all/resolved-p21d-c7d-3600-2nd/nsp-n40-d28-r0.10-rp2-fp2-s8,0 0 0 0 0 158 -205,0.0 0.0 0.0 0.0 0.0 0.0 0.0,0.0,0.30714285714285716,676,0 0 0 0 0 162 -196,0.0 0.0 0.0 0.0 0.0 0.006535947712418301 0.0625,0.127859477124183,0.2904761904761905,590,0 0 0 0 0 193 -147,0.0 0.0 0.0 0.0 0.0 0.05718954248366013 0.4027777777777778,0.9746732026143791,0.22023809523809523,445,0 0 0 0 0 350 -133,0.0 0.0 0.0 0.0 0.0 0.3137254901960784 0.5,3.6372549019607843,0.07976190476190476,236,0 0 0 0 0 334 -117,0.0 0.0 0.0 0.0 0.0 0.2875816993464052 0.6111111111111112,3.486928104575163,0.3142857142857143,32,0 0 0 0 0 351 -114,0.0 0.0 0.0 0.0 0.0 0.315359477124183 0.6319444444444444,3.785539215686274,0.07976190476190476,320,0 0 0 0 0 350 -128,0.0 0.0 0.0 0.0 0.0 0.3137254901960784 0.5347222222222222,3.6719771241830066,0.07976190476190476,191,0 0 0 0 0 359 -87,0.0 0.0 0.0 0.0 0.0 0.3284313725490196 0.8194444444444444,4.103758169934641,0.3119047619047619,18,0 0 0 0 0 353 -141,0.0 0.0 0.0 0.0 0.0 0.31862745098039214 0.4444444444444444,3.6307189542483655,0.07976190476190476,343,0 0 0 0 0 345 -111,0.0 0.0 0.0 0.0 0.0 0.3055555555555556 0.6527777777777778,3.7083333333333335,0.07976190476190476,279,0 0 0 0 0 387 -119,0.0 0.0 0.0 0.0 0.0 0.3741830065359477 0.5972222222222222,4.3390522875816995,0.28095238095238095,18,0 0 0 0 0 350 -125,0.0 0.0 0.0 0.0 0.0 0.3137254901960784 0.5555555555555556,3.69281045751634,0.07976190476190476,269,0 0 0 0 0 770 -61,0.0 0.0 0.0 0.0 0.0 1.0 1.0,11.0,0.2833333333333333,215,0 0 0 0 0 313 -102,0.0 0.0 0.0 0.0 0.0 0.25326797385620914 0.7152777777777778,3.247957516339869,0.6547619047619048,219,0 0 0 0 0 660 -84,0.0 0.0 0.0 0.0 0.0 0.8202614379084967 0.8402777777777778,9.042892156862745,0.26904761904761904,240,0 0 0 0 0 770 -61,0.0 0.0 0.0 0.0 0.0 1.0 1.0,11.0,0.2833333333333333,215,0 0 0 0 0 364 -96,0.0 0.0 0.0 0.0 0.0 0.3366013071895425 0.7569444444444444,4.12295751633987,0.6702380952380952,211,0 0 0 0 0 660 -84,0.0 0.0 0.0 0.0 0.0 0.8202614379084967 0.8402777777777778,9.042892156862745,0.26904761904761904,240,0 0 0 0 0 353 -102,0.0 0.0 0.0 0.0 0.0 0.31862745098039214 0.7152777777777778,3.901552287581699,0.09047619047619047,118
resolved-p21d-c7d-3600-all/resolved-p21d-c7d-3600-2nd/nsp-n10-d28-r0.10-rp0-fp0-s6,2 2 2 0 0 76 -36,0.6666666666666666 0.5 1.0 0.0 0.0 0.0 0.047619047619047616,726666.7142857142,0.34285714285714286,7556,2 2 2 0 0 76 -37,0.6666666666666666 0.5 1.0 0.0 0.0 0.0 0.0,726666.6666666666,0.38571428571428573,7538,0 1 2 0 0 76 -36,0.0 0.0 1.0 0.0 0.0 0.0 0.047619047619047616,10000.047619047618,0.42857142857142855,7925,3 2 0 0 0 88 -24,1.0 0.5 0.0 0.0 0.0 0.2727272727272727 0.6190476190476191,1050003.3463203462,0.009523809523809525,5749,0 1 2 0 0 99 -16,0.0 0.0 1.0 0.0 0.0 0.5227272727272727 1.0,10006.227272727272,0.37142857142857144,27378,0 1 2 0 0 111 -26,0.0 0.0 1.0 0.0 0.0 0.7954545454545454 0.5238095238095238,10008.478354978355,0.05714285714285714,14670,3 2 0 0 0 88 -24,1.0 0.5 0.0 0.0 0.0 0.2727272727272727 0.6190476190476191,1050003.3463203462,0.009523809523809525,5749,0 1 2 0 0 100 -16,0.0 0.0 1.0 0.0 0.0 0.5454545454545454 1.0,10006.454545454546,0.41904761904761906,27377,0 1 2 0 0 111 -26,0.0 0.0 1.0 0.0 0.0 0.7954545454545454 0.5238095238095238,10008.478354978355,0.05714285714285714,14670,3 2 0 0 0 88 -24,1.0 0.5 0.0 0.0 0.0 0.2727272727272727 0.6190476190476191,1050003.3463203462,0.009523809523809525,5749,0 1 2 0 0 101 -21,0.0 0.0 1.0 0.0 0.0 0.5681818181818182 0.7619047619047619,10006.443722943723,0.4666666666666667,27376,0 1 2 0 0 111 -26,0.0 0.0 1.0 0.0 0.0 0.7954545454545454 0.5238095238095238,10008.478354978355,0.05714285714285714,14670,3 2 0 0 0 88 -24,1.0 0.5 0.0 0.0 0.0 0.2727272727272727 0.6190476190476191,1050003.3463203462,0.009523809523809525,73652,0 1 2 0 0 94 -24,0.0 0.0 1.0 0.0 0.0 0.4090909090909091 0.6190476190476191,10004.709956709956,0.6761904761904762,23330,0 1 2 0 0 120 -24,0.0 0.0 1.0 0.0 0.0 1.0 0.6190476190476191,10010.619047619048,0.36666666666666664,10825,3 2 0 0 0 88 -24,1.0 0.5 0.0 0.0 0.0 0.2727272727272727 0.6190476190476191,1050003.3463203462,0.009523809523809525,73652,0 1 2 0 0 94 -24,0.0 0.0 1.0 0.0 0.0 0.4090909090909091 0.6190476190476191,10004.709956709956,0.6761904761904762,23330,0 1 2 0 0 120 -24,0.0 0.0 1.0 0.0 0.0 1.0 0.6190476190476191,10010.619047619048,0.36666666666666664,10825,2 3 1 1 0 89 -24,0.6666666666666666 1.0 0.5 1.0 0.0 0.29545454545454547 0.6190476190476191,772670.2402597403,0.05714285714285714,9311
resolved-p21d-c7d-3600-all/resolved-p21d-c7d-3600-2nd/nsp-n40-d28-r0.10-rp2-fp2-s4,1 12 0 0 0 153 -188,0.06666666666666667 0.02616279069767442 0.0 0.0 0.0 0.0 0.0,69282.9457364341,0.2869047619047619,28480,2 13 0 0 0 191 -173,0.13333333333333333 0.029069767441860465 0.0 0.0 0.0 0.011775643012085528 0.04983388704318937,136240.47766783656,0.20476190476190476,28063,2 13 0 1 0 258 -154,0.13333333333333333 0.029069767441860465 0.0 0.0012315270935960591 0.0 0.03253796095444685 0.11295681063122924,136241.97994103315,0.11666666666666667,28110,15 13 1 3 0 265 -128,1.0 0.029069767441860465 0.0010050251256281408 0.003694581280788177 0.0 0.03470715835140998 0.19933554817275748,1002921.2679838547,0.02023809523809524,18743,4 347 774 770 70 1342 -50,0.26666666666666666 1.0 0.7778894472361809 0.9482758620689655 0.9210526315789473 0.3684536721413077 0.4584717607973422,375490.08527273755,0.38571428571428573,2406,1 312 737 666 65 1390 -75,0.06666666666666667 0.8982558139534884 0.7407035175879397 0.8201970443349754 0.8552631578947368 0.3833281685776263 0.3754152823920266,164809.21529498752,0.20833333333333334,3348,15 13 1 3 0 265 -128,1.0 0.029069767441860465 0.0010050251256281408 0.003694581280788177 0.0 0.03470715835140998 0.19933554817275748,1002921.2679838547,0.02023809523809524,18743,3 306 856 606 53 1530 -44,0.2 0.8808139534883721 0.8603015075376884 0.7463054187192119 0.6973684210526315 0.42671211651688873 0.47840531561461797,297505.19821151934,0.3011904761904762,2423,1 312 737 667 65 1390 -75,0.06666666666666667 0.8982558139534884 0.7407035175879397 0.8214285714285714 0.8552631578947368 0.3833281685776263 0.3754152823920266,164810.4468220811,0.20833333333333334,3347,15 13 1 3 0 265 -128,1.0 0.029069767441860465 0.0010050251256281408 0.003694581280788177 0.0 0.03470715835140998 0.19933554817275748,1002921.2679838547,0.02023809523809524,18743,3 306 855 606 53 1529 -44,0.2 0.8808139534883721 0.8592964824120602 0.7463054187192119 0.6973684210526315 0.42640223117446546 0.47840531561461797,297495.1448614096,0.3011904761904762,2424,1 312 737 666 65 1390 -75,0.06666666666666667 0.8982558139534884 0.7407035175879397 0.8201970443349754 0.8552631578947368 0.3833281685776263 0.3754152823920266,164809.21529498752,0.20833333333333334,3348,9 121 971 812 76 3349 113,0.6 0.3430232558139535 0.9758793969849247 1.0 1.0 0.9903935543848776 1.0,645172.0234867885,0.55,42295,0 3 0 81 1 945 9,0.0 0.0 0.0 0.09975369458128079 0.013157894736842105 0.24542919119925627 0.654485049833887,104.17826101679145,0.6988095238095238,37933,0 3 312 384 66 2320 14,0.0 0.0 0.3135678391959799 0.4729064039408867 0.868421052631579 0.6715215370312985 0.6710963455149501,3702.813212879672,0.680952380952381,38067,9 126 995 808 75 3380 110,0.6 0.35755813953488375 1.0 0.9950738916256158 0.9868421052631579 1.0 0.9900332225913622,646860.5620888629,0.55,41856,0 3 0 132 1 935 -9,0.0 0.0 0.0 0.1625615763546798 0.013157894736842105 0.24233033777502325 0.5946843853820598,166.8953535914963,0.6869047619047619,37250,0 3 325 348 73 2569 6,0.0 0.0 0.32663316582914576 0.42857142857142855 0.9605263157894737 0.748682987294701 0.6445182724252492,3799.0870665872058,0.680952380952381,37448,15 13 1 3 0 263 -128,1.0 0.029069767441860465 0.0010050251256281408 0.003694581280788177 0.0 0.03408738766656337 0.19933554817275748,1002921.261786148,0.02023809523809524,22088
resolved-p21d-c7d-3600-all/resolved-p21d-c7d-3600-2nd/nsp-n10-d28-r0.10-rp0-fp0-s8,0 1 0 2 0 84 -39,0.0 0.0 0.0 0.0 0.0 0.06451612903225806 0.0,0.6451612903225806,0.3238095238095238,11732,0 1 0 2 0 82 -37,0.0 0.0 0.0 0.0 0.0 0.0 0.07407407407407407,0.07407407407407407,0.38095238095238093,11743,0 1 0 2 0 82 -34,0.0 0.0 0.0 0.0 0.0 0.0 0.18518518518518517,0.18518518518518517,0.3761904761904762,11757,3 1 0 2 0 93 -20,1.0 0.0 0.0 0.0 0.0 0.3548387096774194 0.7037037037037037,1000004.2520908004,0.02857142857142857,3462,0 1 0 2 0 96 -12,0.0 0.0 0.0 0.0 0.0 0.45161290322580644 1.0,5.516129032258064,0.2761904761904762,21518,0 1 0 2 0 113 -17,0.0 0.0 0.0 0.0 0.0 1.0 0.8148148148148148,10.814814814814815,0.06666666666666667,13556,3 1 0 2 0 93 -16,1.0 0.0 0.0 0.0 0.0 0.3548387096774194 0.8518518518518519,1000004.4002389486,0.02857142857142857,3458,0 1 0 2 0 95 -16,0.0 0.0 0.0 0.0 0.0 0.41935483870967744 0.8518518518518519,5.045400238948626,0.3952380952380952,20843,0 1 0 2 0 109 -21,0.0 0.0 0.0 0.0 0.0 0.8709677419354839 0.6666666666666666,9.376344086021504,0.06190476190476191,16061,3 1 0 2 0 89 -20,1.0 0.0 0.0 0.0 0.0 0.22580645161290322 0.7037037037037037,1000002.9617682198,0.02857142857142857,3465,0 1 0 2 0 95 -16,0.0 0.0 0.0 0.0 0.0 0.41935483870967744 0.8518518518518519,5.045400238948626,0.3952380952380952,20843,0 1 0 2 0 108 -20,0.0 0.0 0.0 0.0 0.0 0.8387096774193549 0.7037037037037037,9.090800477897252,0.06190476190476191,16062,3 1 0 2 0 91 -20,1.0 0.0 0.0 0.0 0.0 0.2903225806451613 0.7037037037037037,1000003.6069295101,0.02857142857142857,1764,0 1 0 2 0 98 -24,0.0 0.0 0.0 0.0 0.0 0.5161290322580645 0.5555555555555556,5.7168458781362,0.5857142857142857,63032,0 1 0 2 0 102 -20,0.0 0.0 0.0 0.0 0.0 0.6451612903225806 0.7037037037037037,7.15531660692951,0.06190476190476191,37401,3 1 0 2 0 91 -20,1.0 0.0 0.0 0.0 0.0 0.2903225806451613 0.7037037037037037,1000003.6069295101,0.02857142857142857,1764,0 1 0 2 0 98 -24,0.0 0.0 0.0 0.0 0.0 0.5161290322580645 0.5555555555555556,5.7168458781362,0.5857142857142857,63032,0 1 0 2 0 102 -20,0.0 0.0 0.0 0.0 0.0 0.6451612903225806 0.7037037037037037,7.15531660692951,0.06190476190476191,37401,0 3 0 2 0 87 -22,0.0 1.0 0.0 0.0 0.0 0.16129032258064516 0.6296296296296297,100002.24253285544,0.07142857142857142,11959
resolved-p21d-c7d-3600-all/resolved-p21d-c7d-3600-2nd/nsp-n50-d28-r0.10-rp2-fp2-s6,1 10 2 1 0 258 -230,0.047619047619047616 0.017204301075268817 0.0 0.0006600660066006601 0.0 0.0 0.0,49340.1377925811,0.2752380952380952,9155,1 11 2 36 0 552 -142,0.047619047619047616 0.01935483870967742 0.0 0.023762376237623763 0.0 0.04464692482915718 0.23097112860892388,49578.97130662989,0.14,9229,1 11 41 206 2 795 -161,0.047619047619047616 0.01935483870967742 0.01783264746227709 0.13597359735973596 0.00975609756097561 0.0815489749430524 0.18110236220472442,49870.8037638656,0.06571428571428571,9035,18 10 3 3 0 370 -149,0.8571428571428571 0.017204301075268817 0.0004572473708276177 0.0019801980198019802 0.0 0.0170083523158694 0.2125984251968504,858870.2226040603,0.017142857142857144,32118,10 437 874 789 46 1975 -121,0.47619047619047616 0.9354838709677419 0.39871970736168266 0.5207920792079208 0.22439024390243903 0.2607441154138193 0.28608923884514437,574272.1849948583,0.319047619047619,2885,11 467 1080 756 43 1829 -107,0.5238095238095238 1.0 0.4929126657521719 0.499009900990099 0.2097560975609756 0.23857251328777523 0.3228346456692913,629261.3445375703,0.23809523809523808,3131,18 10 3 3 0 370 -149,0.8571428571428571 0.017204301075268817 0.0004572473708276177 0.0019801980198019802 0.0 0.0170083523158694 0.2125984251968504,858870.2226040603,0.017142857142857144,32118,10 437 874 789 46 1975 -121,0.47619047619047616 0.9354838709677419 0.39871970736168266 0.5207920792079208 0.22439024390243903 0.2607441154138193 0.28608923884514437,574272.1849948583,0.319047619047619,2885,11 467 1079 756 43 1829 -107,0.5238095238095238 1.0 0.4924554183813443 0.499009900990099 0.2097560975609756 0.23857251328777523 0.3228346456692913,629256.7720638621,0.23809523809523808,3132,18 10 3 3 0 367 -154,0.8571428571428571 0.017204301075268817 0.0004572473708276177 0.0019801980198019802 0.0 0.016552771450265756 0.1994750656167979,858870.2049248922,0.017142857142857144,32122,10 437 874 789 46 1975 -121,0.47619047619047616 0.9354838709677419 0.39871970736168266 0.5207920792079208 0.22439024390243903 0.2607441154138193 0.28608923884514437,574272.1849948583,0.319047619047619,2885,11 467 1080 756 43 1829 -107,0.5238095238095238 1.0 0.4929126657521719 0.499009900990099 0.2097560975609756 0.23857251328777523 0.3228346456692913,629261.3445375703,0.23809523809523808,3131,11 116 2189 1515 64 6843 130,0.5238095238095238 0.24516129032258063 1.0 1.0 0.3121951219512195 1.0 0.9448818897637795,559367.8172358668,0.5876190476190476,24951,2 177 1511 1286 205 4540 87,0.09523809523809523 0.3763440860215054 0.6899862825788752 0.8488448844884489 1.0 0.6502657555049355 0.8320209973753281,140728.5462290754,0.7,30091,0 2 2 0 0 1239 -108,0.0 0.0 0.0 0.0 0.0 0.1489749430523918 0.32020997375328086,1.809959404277199,0.3638095238095238,20155,21 123 2125 1226 70 6580 151,1.0 0.26021505376344084 0.9707361682670325 0.8092409240924092 0.34146341463414637 0.9600607441154139 1.0,1036582.8549320113,0.5723809523809524,29088,2 164 1462 1251 171 4560 83,0.09523809523809523 0.34838709677419355 0.6675811614083219 0.8257425742574257 0.8341463414634146 0.6533029612756264 0.821522309711286,137669.12828992403,0.7,33516,0 2 2 0 0 1053 -122,0.0 0.0 0.0 0.0 0.0 0.12072892938496584 0.28346456692913385,1.4907538607787922,0.4266666666666667,20132,18 10 3 3 0 362 -150,0.8571428571428571 0.017204301075268817 0.0004572473708276177 0.0019801980198019802 0.0 0.015793470007593013 0.2099737532808399,858870.2078305654,0.017142857142857144,19450
resolved-p21d-c7d-3600-all/resolved-p21d-c7d-3600-2nd/nsp-n40-d28-r0.10-rp2-fp2-s5,2 33 112 242 40 1507 -69,0.13333333333333333 0.0 0.0 0.0 0.0 0.0 0.0,133333.33333333334,0.4607142857142857,12134,2 85 360 536 76 2454 -34,0.13333333333333333 0.10196078431372549 0.18289085545722714 0.2006825938566553 0.24161073825503357 0.8959318826868495 0.2631578947368421,145592.38646368193,0.2571428571428571,11552,2 172 415 483 80 2279 -37,0.13333333333333333 0.2725490196078431 0.2234513274336283 0.1645051194539249 0.2684563758389262 0.7303689687795648 0.24060150375939848,163021.64361668332,0.16071428571428573,9634,15 274 447 504 107 1924 -13,1.0 0.4725490196078431 0.24705014749262535 0.178839590443686 0.44966442953020136 0.3945127719962157 0.42105263157894735,1049953.575649459,0.02023809523809524,7773,1 536 1174 1607 136 2286 29,0.06666666666666667 0.9862745098039216 0.7831858407079646 0.931740614334471 0.6442953020134228 0.7369914853358562 0.7368421052631579,174130.25295563292,0.28095238095238095,5248,0 516 1226 1589 185 2373 35,0.0 0.9470588235294117 0.8215339233038348 0.9194539249146758 0.9731543624161074 0.8192999053926207 0.7819548872180451,103946.96590107695,0.14047619047619048,3378,15 274 447 504 107 1924 -12,1.0 0.4725490196078431 0.24705014749262535 0.178839590443686 0.44966442953020136 0.3945127719962157 0.42857142857142855,1049953.5831682559,0.02023809523809524,7772,1 536 1174 1607 136 2286 29,0.06666666666666667 0.9862745098039216 0.7831858407079646 0.931740614334471 0.6442953020134228 0.7369914853358562 0.7368421052631579,174130.25295563292,0.28095238095238095,5248,1 543 1468 1707 189 2564 36,0.06666666666666667 1.0 1.0 1.0 1.0 1.0 0.7894736842105263,177777.45614035087,0.2119047619047619,3353,15 274 447 504 107 1924 -13,1.0 0.4725490196078431 0.24705014749262535 0.178839590443686 0.44966442953020136 0.3945127719962157 0.42105263157894735,1049953.575649459,0.02023809523809524,7773,1 536 1177 1607 136 2289 29,0.06666666666666667 0.9862745098039216 0.7853982300884956 0.931740614334471 0.6442953020134228 0.7398297067171239 0.7368421052631579,174152.40523165205,0.28095238095238095,5247,0 516 1226 1589 185 2373 35,0.0 0.9470588235294117 0.8215339233038348 0.9194539249146758 0.9731543624161074 0.8192999053926207 0.7819548872180451,103946.96590107695,0.14047619047619048,3378,15 274 544 520 103 2220 0,1.0 0.4725490196078431 0.3185840707964602 0.18976109215017065 0.4228187919463087 0.674550614947966 0.518796992481203,1050680.0499432357,0.02023809523809524,20206,1 501 828 1070 134 1631 64,0.06666666666666667 0.9176470588235294 0.528023598820059 0.5651877133105802 0.6308724832214765 0.1173131504257332 1.0,164342.0566303572,0.7726190476190476,27022,2 489 995 1074 152 1922 62,0.13333333333333333 0.8941176470588236 0.6511799410029498 0.5679180887372014 0.7516778523489933 0.3926206244087039 0.9849624060150376,229904.8944918674,0.775,23202,15 274 463 411 99 2081 0,1.0 0.4725490196078431 0.2588495575221239 0.11535836177474403 0.3959731543624161 0.543046357615894 0.518796992481203,1050004.3024737851,0.02023809523809524,21609,1 497 880 1074 122 1622 62,0.06666666666666667 0.9098039215686274 0.5663716814159292 0.5679180887372014 0.5503355704697986 0.10879848628192999 0.9849624060150376,163935.80023074173,0.7678571428571429,27258,3 453 917 942 180 1876 54,0.2 0.8235294117647058 0.5936578171091446 0.4778156996587031 0.9395973154362416 0.3491012298959319 0.924812030075188,288865.7106030934,0.7726190476190476,22884,15 275 559 395 117 2320 -15,1.0 0.4745098039215686 0.32964601769911506 0.10443686006825939 0.5167785234899329 0.7691579943235572 0.40601503759398494,1050911.6528765461,0.02023809523809524,16750
resolved-p21d-c7d-3600-all/resolved-p21d-c7d-3600-2nd/nsp-n20-d28-r0.10-rp2-fp2-s0,0 0 0 0 0 49 -84,0.0 0.0 0.0 0.0 0.0 0.0 0.1076923076923077,0.1076923076923077,0.29523809523809524,320,0 0 0 0 0 52 -91,0.0 0.0 0.0 0.0 0.0 0.012658227848101266 0.0,0.12658227848101267,0.3,291,0 0 0 0 0 52 -80,0.0 0.0 0.0 0.0 0.0 0.012658227848101266 0.16923076923076924,0.2958130477117819,0.2642857142857143,306,0 0 0 0 0 90 -82,0.0 0.0 0.0 0.0 0.0 0.1729957805907173 0.13846153846153847,1.8684193443687114,0.09047619047619047,115,0 0 0 0 0 80 -45,0.0 0.0 0.0 0.0 0.0 0.1308016877637131 0.7076923076923077,2.0157091853294387,0.31666666666666665,19,0 0 0 0 0 90 -82,0.0 0.0 0.0 0.0 0.0 0.1729957805907173 0.13846153846153847,1.8684193443687114,0.09047619047619047,82,0 0 0 0 0 90 -82,0.0 0.0 0.0 0.0 0.0 0.1729957805907173 0.13846153846153847,1.8684193443687114,0.09047619047619047,91,0 0 0 0 0 90 -52,0.0 0.0 0.0 0.0 0.0 0.1729957805907173 0.6,2.329957805907173,0.34523809523809523,22,0 0 0 0 0 90 -82,0.0 0.0 0.0 0.0 0.0 0.1729957805907173 0.13846153846153847,1.8684193443687114,0.09047619047619047,86,0 0 0 0 0 90 -82,0.0 0.0 0.0 0.0 0.0 0.1729957805907173 0.13846153846153847,1.8684193443687114,0.09047619047619047,102,0 0 0 0 0 85 -30,0.0 0.0 0.0 0.0 0.0 0.1518987341772152 0.9384615384615385,2.4574488802336907,0.29285714285714287,11,0 0 0 0 0 90 -82,0.0 0.0 0.0 0.0 0.0 0.1729957805907173 0.13846153846153847,1.8684193443687114,0.09047619047619047,102,0 0 0 0 0 286 -26,0.0 0.0 0.0 0.0 0.0 1.0 1.0,11.0,0.36904761904761907,72,0 0 0 0 0 76 -29,0.0 0.0 0.0 0.0 0.0 0.11392405063291139 0.9538461538461539,2.093086660175268,0.5904761904761905,149,0 0 0 0 0 203 -39,0.0 0.0 0.0 0.0 0.0 0.6497890295358649 0.8,7.297890295358649,0.2714285714285714,157,0 0 0 0 0 286 -26,0.0 0.0 0.0 0.0 0.0 1.0 1.0,11.0,0.36904761904761907,72,0 0 0 0 0 76 -29,0.0 0.0 0.0 0.0 0.0 0.11392405063291139 0.9538461538461539,2.093086660175268,0.5904761904761905,149,0 0 0 0 0 203 -39,0.0 0.0 0.0 0.0 0.0 0.6497890295358649 0.8,7.297890295358649,0.2714285714285714,157,0 0 0 0 0 90 -66,0.0 0.0 0.0 0.0 0.0 0.1729957805907173 0.38461538461538464,2.1145731905225578,0.09047619047619047,80
resolved-p21d-c7d-3600-all/resolved-p21d-c7d-3600-2nd/nsp-n10-d28-r0.10-rp0-fp0-s1,0 1 0 0 0 67 -41,0.0 0.0 0.0 0.0 0.0 0.0 0.19047619047619047,0.19047619047619047,0.5904761904761905,7337,0 1 0 0 0 73 -40,0.0 0.0 0.0 0.0 0.0 0.057692307692307696 0.23809523809523808,0.815018315018315,0.4857142857142857,11783,0 1 0 0 0 72 -45,0.0 0.0 0.0 0.0 0.0 0.04807692307692308 0.0,0.4807692307692308,0.5,11794,8 1 1 0 0 78 -30,1.0 0.0 1.0 0.0 0.0 0.10576923076923077 0.7142857142857143,1010001.771978022,0.009523809523809525,4042,0 1 0 0 0 90 -32,0.0 0.0 0.0 0.0 0.0 0.22115384615384615 0.6190476190476191,2.8305860805860807,0.49523809523809526,22396,0 1 0 0 0 98 -29,0.0 0.0 0.0 0.0 0.0 0.2980769230769231 0.7619047619047619,3.7426739926739927,0.19523809523809524,16046,8 1 1 0 0 75 -29,1.0 0.0 1.0 0.0 0.0 0.07692307692307693 0.7619047619047619,1010001.5311355311,0.009523809523809525,4044,0 1 0 0 0 90 -32,0.0 0.0 0.0 0.0 0.0 0.22115384615384615 0.6190476190476191,2.8305860805860807,0.49523809523809526,22396,0 1 0 0 0 98 -29,0.0 0.0 0.0 0.0 0.0 0.2980769230769231 0.7619047619047619,3.7426739926739927,0.19523809523809524,16046,8 1 1 0 0 77 -29,1.0 0.0 1.0 0.0 0.0 0.09615384615384616 0.7619047619047619,1010001.7234432234,0.009523809523809525,4043,0 1 0 0 0 90 -31,0.0 0.0 0.0 0.0 0.0 0.22115384615384615 0.6666666666666666,2.878205128205128,0.49047619047619045,22395,0 1 0 0 0 98 -29,0.0 0.0 0.0 0.0 0.0 0.2980769230769231 0.7619047619047619,3.7426739926739927,0.19523809523809524,16046,8 1 1 0 0 75 -29,1.0 0.0 1.0 0.0 0.0 0.07692307692307693 0.7619047619047619,1010001.5311355311,0.009523809523809525,2696,0 1 0 0 0 89 -30,0.0 0.0 0.0 0.0 0.0 0.21153846153846154 0.7142857142857143,2.82967032967033,0.5952380952380952,56970,0 1 0 0 0 171 -24,0.0 0.0 0.0 0.0 0.0 1.0 1.0,11.0,0.5095238095238095,28928,8 1 1 0 0 75 -29,1.0 0.0 1.0 0.0 0.0 0.07692307692307693 0.7619047619047619,1010001.5311355311,0.009523809523809525,2696,0 1 0 0 0 89 -30,0.0 0.0 0.0 0.0 0.0 0.21153846153846154 0.7142857142857143,2.82967032967033,0.5952380952380952,56970,0 1 0 0 0 171 -24,0.0 0.0 0.0 0.0 0.0 1.0 1.0,11.0,0.5095238095238095,28928,0 1 0 3 0 92 -27,0.0 0.0 0.0 1.0 0.0 0.2403846153846154 0.8571428571428571,1003.260989010989,0.18571428571428572,20941
resolved-p21d-c7d-3600-all/resolved-p21d-c7d-3600-2nd/nsp-n30-d28-r0.10-rp2-fp2-s6,2 31 2 3 0 248 -72,0.16666666666666666 0.0 0.0 0.0 0.0 0.0 0.0,166666.66666666666,0.6158730158730159,14924,2 31 113 193 40 1083 -39,0.16666666666666666 0.0 0.11526479750778816 0.16934046345811052 0.22346368715083798 0.4765981735159817 0.2727272727272727,168016.04018292562,0.2873015873015873,18240,2 53 246 264 60 1389 -42,0.16666666666666666 0.07333333333333333 0.2533748701973001 0.232620320855615 0.33519553072625696 0.651255707762557 0.24793388429752067,176806.64906686314,0.17936507936507937,16326,12 119 364 264 101 1639 -28,1.0 0.29333333333333333 0.37590861889927313 0.232620320855615 0.5642458100558659 0.7939497716894978 0.36363636363636365,1033389.7675582678,0.01746031746031746,5425,0 188 764 820 167 2000 -2,0.0 0.5233333333333333 0.7912772585669782 0.7281639928698752 0.9329608938547486 1.0 0.5785123966942148,61078.144513655156,0.08888888888888889,5132,0 221 755 829 155 1838 14,0.0 0.6333333333333333 0.7819314641744548 0.7361853832442068 0.8659217877094972 0.9075342465753424 0.7107438016528925,71985.21162336043,0.08571428571428572,3903,12 119 364 261 101 1661 -21,1.0 0.29333333333333333 0.37590861889927313 0.22994652406417113 0.5642458100558659 0.8065068493150684 0.4214876033057851,1033387.2771834923,0.01746031746031746,3740,0 188 764 820 167 2000 -2,0.0 0.5233333333333333 0.7912772585669782 0.7281639928698752 0.9329608938547486 1.0 0.5785123966942148,61078.144513655156,0.08888888888888889,5132,0 216 802 960 179 1751 14,0.0 0.6166666666666667 0.8307372793354102 0.8529411764705882 1.0 0.8578767123287672 0.7107438016528925,70936.2701474163,0.1746031746031746,3918,12 119 364 268 101 1651 -29,1.0 0.29333333333333333 0.37590861889927313 0.23618538324420676 0.5642458100558659 0.8007990867579908 0.35537190082644626,1033393.3928493443,0.01746031746031746,3701,0 188 764 820 167 2000 -2,0.0 0.5233333333333333 0.7912772585669782 0.7281639928698752 0.9329608938547486 1.0 0.5785123966942148,61078.144513655156,0.08888888888888889,5132,0 221 755 829 155 1838 14,0.0 0.6333333333333333 0.7819314641744548 0.7361853832442068 0.8659217877094972 0.9075342465753424 0.7107438016528925,71985.21162336043,0.08571428571428572,3903,12 119 364 266 101 1650 -27,1.0 0.29333333333333333 0.37590861889927313 0.23440285204991088 0.5642458100558659 0.8002283105022832 0.371900826446281,1033391.621139313,0.01746031746031746,11631,0 331 965 1076 153 1517 45,0.0 1.0 1.0 0.9563279857397504 0.8547486033519553 0.7243150684931506 0.9669421487603306,111050.01293890864,0.7587301587301587,23013,0 329 859 1070 140 1605 29,0.0 0.9933333333333333 0.8899273104880582 0.9509803921568627 0.7821229050279329 0.7745433789954338 0.8347107438016529,109270.37926540732,0.7793650793650794,21218,12 119 364 266 101 1649 -27,1.0 0.29333333333333333 0.37590861889927313 0.23440285204991088 0.5642458100558659 0.7996575342465754 0.371900826446281,1033391.6154315504,0.01746031746031746,11632,0 327 932 1125 142 1496 49,0.0 0.9866666666666667 0.9657320872274143 1.0 0.7932960893854749 0.7123287671232876 1.0,109411.4404355506,0.792063492063492,23217,0 322 848 1046 141 1622 33,0.0 0.97 0.8785046728971962 0.9295900178253119 0.7877094972067039 0.7842465753424658 0.8677685950413223,106802.11793086641,0.7793650793650794,21376,12 119 364 262 101 1632 -31,1.0 0.29333333333333333 0.37590861889927313 0.23083778966131907 0.5642458100558659 0.7899543378995434 0.33884297520661155,1033387.9202793472,0.01746031746031746,10050
resolved-p21d-c7d-3600-all/resolved-p21d-c7d-3600-2nd/nsp-n20-d28-r0.10-rp2-fp2-s5,0 1 4 2 0 63 -70,0.0 0.0 0.0 0.004750593824228029 0.0 0.0 0.03225806451612903,4.782851888744157,0.42857142857142855,18044,0 1 4 1 0 66 -74,0.0 0.0 0.0 0.0023752969121140144 0.0 0.0015487867836861124 0.0,2.3907847799508755,0.37142857142857144,17838,0 1 4 2 0 74 -40,0.0 0.0 0.0 0.004750593824228029 0.0 0.005678884873515746 0.27419354838709675,5.081576221350282,0.319047619047619,18693,10 5 4 6 0 78 -35,1.0 0.15384615384615385 0.0 0.014251781472684086 0.0 0.007743933918430563 0.31451612903225806,1015399.2591215563,0.011904761904761904,26394,0 21 670 421 145 1868 23,0.0 0.7692307692307693 0.8809523809523809 1.0 0.8529411764705882 0.931853381517811 0.782258064516129,86827.99564212748,0.680952380952381,55088,0 1 36 116 14 495 28,0.0 0.0 0.042328042328042326 0.2755344418052256 0.08235294117647059 0.22302529685080022 0.8225806451612904,710.1029928169652,0.430952380952381,53341,10 5 4 6 0 78 -35,1.0 0.15384615384615385 0.0 0.014251781472684086 0.0 0.007743933918430563 0.31451612903225806,1015399.2591215563,0.011904761904761904,26394,0 25 760 398 170 1818 34,0.0 0.9230769230769231 1.0 0.9453681710213777 1.0 0.9060402684563759 0.8709677419354839,103362.99184914019,0.6619047619047619,50880,0 2 19 145 46 593 19,0.0 0.038461538461538464 0.01984126984126984 0.34441805225653205 0.27058823529411763 0.27361899845121324 0.75,4419.529610337,0.5214285714285715,50263,10 5 4 6 0 78 -35,1.0 0.15384615384615385 0.0 0.014251781472684086 0.0 0.007743933918430563 0.31451612903225806,1015399.2591215563,0.011904761904761904,26394,0 21 670 399 133 1905 21,0.0 0.7692307692307693 0.8809523809523809 0.9477434679334917 0.7823529411764706 0.9509550851832731 0.7661290322580645,86768.85517453596,0.6785714285714286,55367,0 1 25 118 18 392 -17,0.0 0.0 0.027777777777777776 0.28028503562945367 0.10588235294117647 0.16985028394424367 0.4596774193548387,570.8092289601464,0.2976190476190476,54457,7 27 379 215 78 1951 50,0.7 1.0 0.49603174603174605 0.5106888361045131 0.4588235294117647 0.9747031491997935 1.0,805527.6356808551,0.4,83665,0 1 4 0 0 87 -25,0.0 0.0 0.0 0.0 0.0 0.0123902942694889 0.3951612903225806,0.5190642330174696,0.6261904761904762,30656,0 1 4 0 0 132 -11,0.0 0.0 0.0 0.0 0.0 0.035622096024780586 0.5080645161290323,0.8642854763768382,0.23095238095238096,22390,5 23 345 201 73 2000 43,0.5 0.8461538461538461 0.45105820105820105 0.47743467933491684 0.4294117647058823 1.0 0.9435483870967742,589657.2860301592,0.3976190476190476,85024,0 1 4 0 0 87 -25,0.0 0.0 0.0 0.0 0.0 0.0123902942694889 0.3951612903225806,0.5190642330174696,0.6285714285714286,30655,0 1 4 0 0 129 -4,0.0 0.0 0.0 0.0 0.0 0.034073309241094474 0.5645161290322581,0.9052492214432029,0.23333333333333334,22300,8 6 4 6 0 80 -35,0.8 0.19230769230769232 0.0 0.014251781472684086 0.0 0.008776458440887971 0.31451612903225806,819245.4232929554,0.016666666666666666,22058
resolved-p21d-c7d-3600-all/resolved-p21d-c7d-3600-2nd/nsp-n40-d28-r0.10-rp2-fp2-s6,0 3 0 0 0 170 -182,0.0 0.0 0.0 0.0 0.0 0.00020263424518743666 0.0,0.0020263424518743665,0.31547619047619047,15616,0 9 0 0 0 169 -142,0.0 0.017391304347826087 0.0 0.0 0.0 0.0 0.149812734082397,1739.2802475166911,0.2154761904761905,15284,0 7 0 0 0 211 -120,0.0 0.011594202898550725 0.0 0.0 0.0 0.00851063829787234 0.23220973782771537,1159.737605975879,0.15833333333333333,15134,11 9 0 4 0 228 -132,1.0 0.017391304347826087 0.0 0.0032258064516129032 0.0 0.011955420466058764 0.18726591760299627,1001742.6630613565,0.01904761904761905,17361,2 182 669 461 53 1200 -93,0.18181818181818182 0.518840579710145 0.25602755453501724 0.3717741935483871 0.14600550964187328 0.2089159067882472 0.3333333333333333,236651.3125714603,0.23333333333333334,1663,3 348 794 611 38 1442 -65,0.2727272727272727 1.0 0.3038652889399158 0.49274193548387096 0.1046831955922865 0.2579533941236069 0.43820224719101125,376272.1536079034,0.3357142857142857,1338,11 9 0 4 0 228 -132,1.0 0.017391304347826087 0.0 0.0032258064516129032 0.0 0.011955420466058764 0.18726591760299627,1001742.6630613565,0.01904761904761905,17361,2 182 669 381 60 1256 -83,0.18181818181818182 0.518840579710145 0.25602755453501724 0.307258064516129 0.1652892561983471 0.22026342451874367 0.3707865168539326,236588.8757454445,0.2261904761904762,1669,3 348 794 611 38 1442 -65,0.2727272727272727 1.0 0.3038652889399158 0.49274193548387096 0.1046831955922865 0.2579533941236069 0.43820224719101125,376272.1536079034,0.3357142857142857,1338,11 9 0 4 0 228 -132,1.0 0.017391304347826087 0.0 0.0032258064516129032 0.0 0.011955420466058764 0.18726591760299627,1001742.6630613565,0.01904761904761905,17361,2 182 669 461 53 1200 -93,0.18181818181818182 0.518840579710145 0.25602755453501724 0.3717741935483871 0.14600550964187328 0.2089159067882472 0.3333333333333333,236651.3125714603,0.23333333333333334,1663,5 181 746 469 72 1278 -47,0.45454545454545453 0.5159420289855072 0.28549559892843474 0.3782258064516129 0.19834710743801653 0.22472137791286728 0.5056179775280899,509395.4267822417,0.29642857142857143,1167,11 116 1219 609 89 3684 85,1.0 0.32753623188405795 0.466513585916571 0.49112903225806454 0.24517906336088155 0.7122593718338399 1.0,1037942.528579884,0.5595238095238095,39500,0 87 2502 1240 322 4817 1,0.0 0.24347826086956523 0.9575200918484501 1.0 0.8870523415977961 0.9418439716312057 0.6853932584269663,35021.83607257554,0.7845238095238095,33615,0 69 945 756 149 3536 61,0.0 0.19130434782608696 0.3616532721010333 0.6096774193548387 0.41046831955922863 0.6822695035460993 0.9101123595505618,23405.424562324803,0.7,39893,11 116 1219 608 87 3693 84,1.0 0.32753623188405795 0.466513585916571 0.49032258064516127 0.2396694214876033 0.7140830800405269 0.9962546816479401,1037941.1856558474,0.5595238095238095,39604,0 94 2613 1210 363 5104 4,0.0 0.263768115942029 1.0 0.9758064516129032 1.0 1.0 0.6966292134831461,37463.31467502928,0.7928571428571428,32218,0 69 911 719 136 3503 60,0.0 0.19130434782608696 0.34864140834290086 0.5798387096774194 0.3746556473829201 0.6755825734549139 0.9063670411985019,23241.815333229162,0.694047619047619,41729,11 9 0 4 0 223 -127,1.0 0.017391304347826087 0.0 0.0032258064516129032 0.0 0.01094224924012158 0.20599250936329588,1001742.6716562359,0.01904761904761905,13950
resolved-p21d-c7d-3600-all/resolved-p21d-c7d-3600-2nd/nsp-n30-d28-r0.10-rp2-fp2-s1,0 0 4 1 0 119 -146,0.0 0.0 0.0 0.0 0.0 0.0 0.0,0.0,0.49682539682539684,19477,0 3 4 7 0 267 -69,0.0 0.02727272727272727 0.0 0.010752688172043012 0.0 0.07014218009478673 0.44,2739.166837245718,0.35555555555555557,19195,0 3 4 26 0 363 -60,0.0 0.02727272727272727 0.0 0.044802867383512544 0.0 0.11563981042654028 0.49142857142857144,2773.7234213319334,0.23015873015873015,18942,13 3 7 93 17 783 -32,1.0 0.02727272727272727 0.004608294930875576 0.16487455197132617 0.15315315315315314 0.31469194312796206 0.6514285714285715,1002957.3438918708,0.014285714285714285,3986,0 100 655 462 111 2229 8,0.0 0.9090909090909091 1.0 0.8261648745519713 1.0 1.0 0.88,101846.13578364288,0.30317460317460315,4956,0 109 248 398 61 1462 -4,0.0 0.990909090909091 0.37480798771121354 0.7114695340501792 0.5495495495495496 0.6364928909952606 0.8114285714285714,103612.58981450775,0.4777777777777778,3100,13 3 7 93 17 783 -32,1.0 0.02727272727272727 0.004608294930875576 0.16487455197132617 0.15315315315315314 0.31469194312796206 0.6514285714285715,1002957.3438918708,0.014285714285714285,3986,0 101 323 559 106 1958 4,0.0 0.9181818181818182 0.49001536098310294 1.0 0.954954954954955 0.871563981042654 0.8571428571428571,97823.40370617592,0.49682539682539684,4947,0 109 248 361 53 1359 -11,0.0 0.990909090909091 0.37480798771121354 0.6451612903225806 0.4774774774774775 0.5876777251184834 0.7714285714285715,103538.54621191417,0.27936507936507937,3105,13 3 7 93 17 783 -38,1.0 0.02727272727272727 0.004608294930875576 0.16487455197132617 0.15315315315315314 0.31469194312796206 0.6171428571428571,1002957.3096061565,0.014285714285714285,3987,0 101 323 559 106 1958 4,0.0 0.9181818181818182 0.49001536098310294 1.0 0.954954954954955 0.871563981042654 0.8571428571428571,97823.40370617592,0.49682539682539684,4947,0 110 277 385 64 1358 -16,0.0 1.0 0.41935483870967744 0.6881720430107527 0.5765765765765766 0.5872037914691943 0.7428571428571429,104945.99298282273,0.05873015873015873,3086,13 3 7 93 17 783 -30,1.0 0.02727272727272727 0.004608294930875576 0.16487455197132617 0.15315315315315314 0.31469194312796206 0.6628571428571428,1002957.3553204422,0.014285714285714285,5863,0 0 36 187 34 1001 16,0.0 0.0 0.04915514592933948 0.3333333333333333 0.3063063063063063 0.41800947867298577 0.9257142857142857,860.6212323298029,0.7111111111111111,21479,0 0 14 113 25 758 29,0.0 0.0 0.015360983102918587 0.2007168458781362 0.22522522522522523 0.3028436018957346 1.0,380.8776354488019,0.6285714285714286,21120,13 3 7 93 17 783 -30,1.0 0.02727272727272727 0.004608294930875576 0.16487455197132617 0.15315315315315314 0.31469194312796206 0.6628571428571428,1002957.3553204422,0.014285714285714285,5863,0 0 9 163 35 950 -6,0.0 0.0 0.007680491551459293 0.2903225806451613 0.3153153153153153 0.3938388625592417 0.8,403.3974163168782,0.6634920634920635,22444,0 0 14 125 9 794 24,0.0 0.0 0.015360983102918587 0.2222222222222222 0.08108108108108109 0.31990521327014215 0.9714285714285714,388.1106420636462,0.6301587301587301,20920,13 3 7 93 17 784 -33,1.0 0.02727272727272727 0.004608294930875576 0.16487455197132617 0.15315315315315314 0.31516587677725116 0.6457142857142857,1002957.3429169216,0.014285714285714285,14572
resolved-p21d-c7d-3600-all/resolved-p21d-c7d-3600-2nd/nsp-n50-d28-r0.10-rp2-fp2-s0,0 40 973 534 138 3767 -87,0.0 0.0 0.0 0.0 0.0 0.0 0.10795454545454546,0.10795454545454546,0.25523809523809526,8624,0 81 1439 953 156 4714 -106,0.0 0.07093425605536333 0.18536197295147175 0.2241840556447298 0.08411214953271028 0.33486562942008485 0.0,9182.989261943252,0.15619047619047619,8700,0 130 1672 1008 181 4745 -91,0.0 0.15570934256055363 0.27804295942720764 0.2536115569823435 0.20093457943925233 0.34582743988684583 0.08522727272727272,18628.612366925303,0.09523809523809523,8974,17 191 1592 638 174 3886 -54,1.0 0.26124567474048443 0.2462211614956245 0.05564472980203317 0.16822429906542055 0.04207920792079208 0.29545454545454547,1028659.9624953379,0.014285714285714285,5434,9 476 2796 1923 232 4352 -38,0.5294117647058824 0.754325259515571 0.7251392203659507 0.7431781701444623 0.4392523364485981 0.20685997171145687 0.38636363636363635,612885.2412282418,0.3038095238095238,4327,12 457 3487 2009 295 5354 -31,0.7058823529411765 0.7214532871972318 1.0 0.7891920813269128 0.7336448598130841 0.5611739745403111 0.42613636363636365,788896.2761043169,0.21428571428571427,4428,17 191 1592 638 174 3886 -54,1.0 0.26124567474048443 0.2462211614956245 0.05564472980203317 0.16822429906542055 0.04207920792079208 0.29545454545454547,1028659.9624953379,0.014285714285714285,5434,8 618 3117 2403 252 4495 3,0.47058823529411764 1.0 0.8528241845664281 1.0 0.5327102803738317 0.25742574257425743 0.6193181818181818,580172.9417434268,0.3038095238095238,4406,12 457 3486 2009 295 5354 -31,0.7058823529411765 0.7214532871972318 0.9996022275258553 0.7891920813269128 0.7336448598130841 0.5611739745403111 0.42613636363636365,788892.2983795755,0.21428571428571427,4429,17 191 1592 638 174 3886 -54,1.0 0.26124567474048443 0.2462211614956245 0.05564472980203317 0.16822429906542055 0.04207920792079208 0.29545454545454547,1028659.9624953379,0.014285714285714285,5434,10 523 2627 2044 216 4006 -8,0.5882352941176471 0.8356401384083045 0.6579156722354813 0.8079186730872124 0.3644859813084112 0.08451202263083452 0.5568181818181818,679224.2338904586,0.26095238095238094,4317,12 457 3487 2009 295 5354 -31,0.7058823529411765 0.7214532871972318 1.0 0.7891920813269128 0.7336448598130841 0.5611739745403111 0.42613636363636365,788896.2761043169,0.21428571428571427,4428,17 191 1628 721 196 3956 -48,1.0 0.26124567474048443 0.26054097056483694 0.10005350454788657 0.27102803738317754 0.06683168316831684 0.32954545454545453,1028858.1313502692,0.014285714285714285,18677,1 144 2439 1273 352 6594 4,0.058823529411764705 0.17993079584775087 0.5831344470962609 0.39539860888175493 1.0 0.9996463932107497 0.625,83153.97354031626,0.7714285714285715,22077,0 299 2889 1301 259 5056 28,0.0 0.44809688581314877 0.762132060461416 0.41037988228999467 0.5654205607476636 0.4557991513437058 0.7613636363636364,52903.250479443595,0.76,13439,17 191 1651 755 194 3953 -50,1.0 0.26124567474048443 0.26968973747016706 0.11824505082932049 0.2616822429906542 0.06577086280056577 0.3181818181818182,1028966.8540143247,0.014285714285714285,18147,1 144 2439 1273 352 6595 4,0.058823529411764705 0.17993079584775087 0.5831344470962609 0.39539860888175493 1.0 1.0 0.625,83153.97707638417,0.7714285714285715,22076,0 305 2930 1245 228 5055 70,0.0 0.458477508650519 0.7784407319013524 0.38041733547351525 0.4205607476635514 0.45544554455445546 1.0,54060.18604975084,0.76,12728,17 191 1668 933 189 4117 -84,1.0 0.26124567474048443 0.2764518695306285 0.21348314606741572 0.2383177570093458 0.12376237623762376 0.125,1029127.7637148855,0.014285714285714285,14789
resolved-p21d-c7d-3600-all/resolved-p21d-c7d-3600-2nd/nsp-n50-d28-r0.10-rp2-fp2-s9,0 0 0 0 0 188 -237,0.0 0.0 0.0 0.0 0.0 0.0 0.0,0.0,0.32476190476190475,790,0 0 0 0 0 236 -191,0.0 0.0 0.0 0.0 0.0 0.04776119402985075 0.304635761589404,0.7822477018879115,0.3076190476190476,608,0 0 0 0 0 295 -158,0.0 0.0 0.0 0.0 0.0 0.10646766169154229 0.5231788079470199,1.5878554248624428,0.23333333333333334,462,0 0 0 0 0 703 -117,0.0 0.0 0.0 0.0 0.0 0.5124378109452736 0.7947019867549668,5.919080096207703,0.11047619047619048,38,0 0 0 0 0 522 -137,0.0 0.0 0.0 0.0 0.0 0.33233830845771145 0.6622516556291391,3.9856347402062537,0.38285714285714284,16,0 0 0 0 0 643 -111,0.0 0.0 0.0 0.0 0.0 0.4527363184079602 0.8344370860927153,5.361800270172317,0.12285714285714286,49,0 0 0 0 0 680 -107,0.0 0.0 0.0 0.0 0.0 0.48955223880597015 0.8609271523178808,5.756449540377583,0.12095238095238095,58,0 0 0 0 0 411 -158,0.0 0.0 0.0 0.0 0.0 0.2218905472636816 0.5231788079470199,2.7420842805838355,0.3180952380952381,21,0 0 0 0 0 735 -123,0.0 0.0 0.0 0.0 0.0 0.5442786069651742 0.7549668874172185,6.1977529570689605,0.11619047619047619,89,0 0 0 0 0 685 -117,0.0 0.0 0.0 0.0 0.0 0.4945273631840796 0.7947019867549668,5.739975618595762,0.11904761904761904,61,0 0 0 0 0 515 -129,0.0 0.0 0.0 0.0 0.0 0.3253731343283582 0.7152317880794702,3.968963131363052,0.3514285714285714,20,0 0 0 0 0 748 -100,0.0 0.0 0.0 0.0 0.0 0.5572139303482587 0.9072847682119205,6.479424071694508,0.1219047619047619,66,0 0 0 0 0 1193 -86,0.0 0.0 0.0 0.0 0.0 1.0 1.0,11.0,0.34,202,0 0 0 0 0 378 -142,0.0 0.0 0.0 0.0 0.0 0.1890547263681592 0.6291390728476821,2.5196863365292743,0.6666666666666666,176,0 0 0 0 0 1114 -95,0.0 0.0 0.0 0.0 0.0 0.9213930348258706 0.9403973509933775,10.154327699252084,0.27714285714285714,306,0 0 0 0 0 1193 -86,0.0 0.0 0.0 0.0 0.0 1.0 1.0,11.0,0.34,202,0 0 0 0 0 378 -142,0.0 0.0 0.0 0.0 0.0 0.1890547263681592 0.6291390728476821,2.5196863365292743,0.6666666666666666,176,0 0 0 0 0 1114 -95,0.0 0.0 0.0 0.0 0.0 0.9213930348258706 0.9403973509933775,10.154327699252084,0.27714285714285714,306,0 0 0 0 0 516 -117,0.0 0.0 0.0 0.0 0.0 0.3263681592039801 0.7947019867549668,4.058383578794768,0.0980952380952381,41
resolved-p21d-c7d-3600-all/resolved-p21d-c7d-3600-3rd/nsp-n50-d28-r0.10-rp2-fp2-s8,4 36 1921 360 175 4718 -65,0.0 0.0 0.0 0.0 0.0 0.27702127659574466 0.176056338028169,2.9462691039856157,0.29714285714285715,10212,4 37 2061 662 234 5273 -88,0.0 0.0019342359767891683 0.055379746835443035 0.14367269267364416 0.20848056537102475 0.5131914893617021 0.014084507042253521,916.887814644753,0.17714285714285713,10026,4 70 2549 999 282 5903 -90,0.0 0.06576402321083172 0.24841772151898733 0.3039961941008563 0.37809187279151946 0.7812765957446809 0.0,9410.1976836105,0.11904761904761904,11458,26 132 3039 809 311 5434 -36,0.9565217391304348 0.18568665377176016 0.442246835443038 0.21360608943862988 0.48056537102473496 0.5817021276595745 0.38028169014084506,979780.7327915491,0.009523809523809525,6237,14 491 3833 2206 407 5254 -8,0.43478260869565216 0.8800773694390716 0.7563291139240507 0.8782112274024738 0.8197879858657244 0.5051063829787235 0.5774647887323944,531319.4553334074,0.21142857142857144,1676,13 511 4244 2208 353 5964 -2,0.391304347826087 0.9187620889748549 0.9189082278481012 0.879162702188392 0.6289752650176679 0.8072340425531915 0.6197183098591549,493320.39128947904,0.27714285714285714,1466,26 132 3014 774 298 5411 -40,0.9565217391304348 0.18568665377176016 0.43235759493670883 0.19695528068506185 0.43462897526501765 0.5719148936170213 0.352112676056338,979660.4698968017,0.009523809523809525,6534,17 440 4011 2182 349 5729 -20,0.5652173913043478 0.781431334622824 0.8267405063291139 0.8667935299714558 0.6148409893992933 0.7072340425531914 0.49295774647887325,652563.7727570047,0.24285714285714285,1320,15 453 4449 2178 416 6089 -28,0.4782608695652174 0.8065764023210832 1.0 0.8648905803996194 0.8515901060070671 0.8604255319148936 0.43661971830985913,569877.6002633634,0.22380952380952382,1312,26 132 3039 809 311 5434 -36,0.9565217391304348 0.18568665377176016 0.442246835443038 0.21360608943862988 0.48056537102473496 0.5817021276595745 0.38028169014084506,979780.7327915491,0.009523809523809525,6237,14 491 3833 2206 407 5254 -8,0.43478260869565216 0.8800773694390716 0.7563291139240507 0.8782112274024738 0.8197879858657244 0.5051063829787235 0.5774647887323944,531319.4553334074,0.21142857142857144,1676,13 541 4410 2462 458 5932 -25,0.391304347826087 0.97678916827853 0.9845727848101266 1.0 1.0 0.7936170212765957 0.45774647887323944,499937.3864187329,0.2819047619047619,1405,26 132 3146 854 324 5673 -42,0.9565217391304348 0.18568665377176016 0.48457278481012656 0.23501427212178877 0.5265017667844523 0.683404255319149 0.3380281690140845,980230.9688752345,0.009523809523809525,16215,5 522 2406 1782 256 4228 47,0.043478260869565216 0.9400386847195358 0.1918512658227848 0.6764985727878211 0.2862190812720848 0.06851063829787234 0.9647887323943662,140107.41237577706,0.7685714285714286,9943,7 553 2939 1990 358 4067 48,0.13043478260869565 1.0 0.4026898734177215 0.7754519505233112 0.6466431095406361 0.0 0.971830985915493,235302.76943533614,0.7638095238095238,13794,26 132 3150 874 323 5682 -34,0.9565217391304348 0.18568665377176016 0.4861550632911392 0.2445290199809705 0.5229681978798587 0.6872340425531915 0.39436619718309857,980256.0476869139,0.009523809523809525,16125,4 535 2414 1815 260 4178 52,0.0 0.965183752417795 0.19501582278481014 0.692197906755471 0.3003533568904594 0.04723404255319149 1.0,99192.23905249765,0.7685714285714286,10282,8 472 2902 1959 372 4109 24,0.17391304347826086 0.8433268858800773 0.38805379746835444 0.7607040913415795 0.696113074204947 0.017872340425531916 0.8028169014084507,262957.56698001985,0.7638095238095238,13546,27 132 3327 787 328 6417 -65,1.0 0.18568665377176016 0.5561708860759493 0.20313986679352997 0.5406360424028268 1.0 0.176056338028169,1024397.7537653074,0.009523809523809525,20178
resolved-p21d-c7d-3600-all/resolved-p21d-c7d-3600-3rd/nsp-n30-d28-r0.10-rp2-fp2-s5,0 0 2 3 0 128 -122,0.0 0.0 0.0 0.0 0.0 0.0 0.0,0.0,0.5063492063492063,18923,0 3 2 22 0 320 -28,0.0 0.019867549668874173 0.0 0.03374777975133215 0.0 0.07281001137656427 0.5595238095238095,2021.790370562039,0.30317460317460315,18677,0 3 2 48 1 447 -39,0.0 0.019867549668874173 0.0 0.07992895204262877 0.009345794392523364 0.12097080015168753 0.49404761904761907,2069.322253989863,0.2396825396825397,18185,11 3 3 110 13 869 5,1.0 0.019867549668874173 0.0029585798816568047 0.19005328596802842 0.12149532710280374 0.28100113765642776 0.7559523809523809,1002222.1095481399,0.01746031746031746,3643,0 100 317 522 81 2765 46,0.0 0.6622516556291391 0.9319526627218935 0.9218472468916519 0.7570093457943925 1.0 1.0,76553.24037160394,0.5142857142857142,3803,0 151 340 495 56 1641 22,0.0 1.0 1.0 0.8738898756660746 0.5233644859813084 0.5737580583996966 0.8571428571428571,110932.82104770535,0.10158730158730159,4302,11 3 3 110 13 869 5,1.0 0.019867549668874173 0.0029585798816568047 0.19005328596802842 0.12149532710280374 0.28100113765642776 0.7559523809523809,1002222.1095481399,0.01746031746031746,3643,0 100 317 522 81 2765 46,0.0 0.6622516556291391 0.9319526627218935 0.9218472468916519 0.7570093457943925 1.0 1.0,76553.24037160394,0.5142857142857142,3803,0 112 302 555 88 2071 33,0.0 0.7417218543046358 0.8875739644970414 0.9804618117229129 0.822429906542056 0.7368221463784603 0.9226190476190477,84118.92071832251,0.38571428571428573,4389,11 3 3 110 13 869 5,1.0 0.019867549668874173 0.0029585798816568047 0.19005328596802842 0.12149532710280374 0.28100113765642776 0.7559523809523809,1002222.1095481399,0.01746031746031746,3643,0 102 314 566 107 2254 29,0.0 0.6754966887417219 0.9230769230769231 1.0 1.0 0.8062191884717482 0.8988095238095238,77889.39910634994,0.49682539682539684,3727,0 112 302 464 76 1674 42,0.0 0.7417218543046358 0.8875739644970414 0.8188277087033747 0.7102803738317757 0.5862722791050436 0.9761904761904762,83944.61973478779,0.4031746031746032,4391,11 3 3 110 13 869 6,1.0 0.019867549668874173 0.0029585798816568047 0.19005328596802842 0.12149532710280374 0.28100113765642776 0.7619047619047619,1002222.1155005208,0.01746031746031746,6001,0 0 25 197 62 826 30,0.0 0.0 0.06804733727810651 0.34458259325044405 0.5794392523364486 0.2646947288585514 0.9047619047619048,1086.5516004585015,0.6825396825396826,22540,0 0 2 85 14 650 21,0.0 0.0 0.0 0.14564831261101244 0.1308411214953271 0.19795221843003413 0.8511904761904762,161.56313742103598,0.6777777777777778,19785,11 3 3 110 13 869 5,1.0 0.019867549668874173 0.0029585798816568047 0.19005328596802842 0.12149532710280374 0.28100113765642776 0.7559523809523809,1002222.1095481399,0.01746031746031746,6002,0 0 20 190 26 858 38,0.0 0.0 0.05325443786982249 0.3321492007104796 0.24299065420560748 0.27682973075464545 0.9523809523809523,892.7133230891926,0.6936507936507936,23408,0 0 2 126 15 672 4,0.0 0.0 0.0 0.21847246891651864 0.14018691588785046 0.2062950322335988 0.75,235.30411082763968,0.6126984126984127,19107,11 3 3 110 13 868 2,1.0 0.019867549668874173 0.0029585798816568047 0.19005328596802842 0.12149532710280374 0.2806219188471748 0.7380952380952381,1002222.0878988089,0.01746031746031746,15398
resolved-p21d-c7d-3600-all/resolved-p21d-c7d-3600-3rd/nsp-n40-d28-r0.10-rp2-fp2-s1,1 4 0 2 0 152 -216,0.06666666666666667 0.00516795865633075 0.0 0.0 0.0 0.0 0.0,67183.46253229975,0.38333333333333336,20486,1 3 0 3 0 305 -127,0.06666666666666667 0.002583979328165375 0.0 0.000847457627118644 0.0 0.03484399908904578 0.3248175182481752,66926.58531461947,0.20238095238095238,33692,0 2 0 2 0 500 -151,0.0 0.0 0.0 0.0 0.0 0.07925301753586882 0.23722627737226276,1.0297564527309508,0.15357142857142858,33332,15 4 0 5 1 578 -125,1.0 0.00516795865633075 0.0 0.002542372881355932 0.0034965034965034965 0.09701662491459805 0.33211678832116787,1000520.9901719015,0.015476190476190477,19772,6 389 780 880 85 1655 -74,0.4 1.0 0.4665071770334928 0.7440677966101695 0.2972027972027972 0.3422910498747438 0.5182481751824818,505442.8010053393,0.3238095238095238,4952,6 337 777 571 57 1352 -66,0.4 0.8656330749354005 0.4647129186602871 0.4822033898305085 0.1993006993006993 0.2732862673650649 0.5474452554744526,491715.8504478326,0.25833333333333336,5387,15 4 0 5 1 578 -126,1.0 0.00516795865633075 0.0 0.002542372881355932 0.0034965034965034965 0.09701662491459805 0.3284671532846715,1000520.9865222665,0.015476190476190477,19773,6 389 780 880 85 1655 -74,0.4 1.0 0.4665071770334928 0.7440677966101695 0.2972027972027972 0.3422910498747438 0.5182481751824818,505442.8010053393,0.3238095238095238,4952,6 337 777 571 57 1352 -66,0.4 0.8656330749354005 0.4647129186602871 0.4822033898305085 0.1993006993006993 0.2732862673650649 0.5474452554744526,491715.8504478326,0.25833333333333336,5387,15 4 0 5 1 578 -125,1.0 0.00516795865633075 0.0 0.002542372881355932 0.0034965034965034965 0.09701662491459805 0.33211678832116787,1000520.9901719015,0.015476190476190477,19772,6 389 780 881 86 1656 -74,0.4 1.0 0.4665071770334928 0.7449152542372881 0.3006993006993007 0.34251878843088135 0.5182481751824818,505444.00039070164,0.3238095238095238,4951,7 341 712 551 48 1391 -80,0.4666666666666667 0.875968992248062 0.4258373205741627 0.4652542372881356 0.16783216783216784 0.28216807105442954 0.49635036496350365,559007.2945823614,0.23095238095238096,5380,12 321 1672 1182 197 3322 58,0.8 0.8242894056847545 1.0 1.0 0.6888111888111889 0.7219312229560465 1.0,893506.0409995861,0.555952380952381,26220,0 88 1542 927 286 4543 -36,0.0 0.2222222222222222 0.9222488038277512 0.7838983050847458 1.0 1.0 0.656934306569343,32339.26549989105,0.7440476190476191,25701,0 48 904 780 114 3601 38,0.0 0.11886304909560723 0.5406698564593302 0.6593220338983051 0.3986013986013986 0.785470280118424 0.927007299270073,18000.967358012924,0.6107142857142858,40029,12 328 1672 1148 177 3277 57,0.8 0.8423772609819121 1.0 0.9711864406779661 0.6188811188811189 0.7116829879298565 0.9963503649635036,895278.9138310015,0.555952380952381,25652,0 88 1580 918 250 4528 -27,0.0 0.2222222222222222 0.9449760765550239 0.7762711864406779 0.8741258741258742 0.9965839216579366 0.6897810218978102,32546.322381864204,0.7440476190476191,24800,0 52 902 773 120 3660 32,0.0 0.12919896640826872 0.5394736842105263 0.6533898305084745 0.4195804195804196 0.7989068549305397 0.9051094890510949,19018.875533437007,0.6107142857142858,38462,15 4 0 5 1 578 -123,1.0 0.00516795865633075 0.0 0.002542372881355932 0.0034965034965034965 0.09701662491459805 0.33941605839416056,1000520.9974711717,0.015476190476190477,19286
resolved-p21d-c7d-3600-all/resolved-p21d-c7d-3600-3rd/nsp-n30-d28-r0.10-rp2-fp2-s4,1 9 0 2 0 105 -126,0.1111111111111111 0.058823529411764705 0.0 0.0032733224222585926 0.0 0.0 0.0,116996.73737470983,0.2571428571428571,14051,0 7 1 2 0 107 -112,0.0 0.04201680672268908 0.0011507479861910242 0.0032733224222585926 0.0 0.0006894174422612892 0.07954545454545454,4216.547914182045,0.3142857142857143,14411,0 4 0 1 0 120 -74,0.0 0.01680672268907563 0.0 0.0016366612111292963 0.0 0.005170630816959669 0.29545454545454547,1682.6560909723164,0.22380952380952382,14812,9 8 2 11 0 145 -82,1.0 0.05042016806722689 0.0023014959723820483 0.01800327332242226 0.0 0.013788348845225784 0.25,1005083.4229232573,0.022222222222222223,25896,0 108 569 505 99 1389 -19,0.0 0.8907563025210085 0.6547756041426928 0.8265139116202946 0.6387096774193548 0.44260599793174765 0.6079545454545454,96518.80518741478,0.43333333333333335,5259,0 121 504 410 65 1210 -17,0.0 1.0 0.5799769850402762 0.6710310965630114 0.41935483870967744 0.3809031368493623 0.6193181818181818,106517.16478038706,0.36507936507936506,2859,9 8 2 11 0 145 -82,1.0 0.05042016806722689 0.0023014959723820483 0.01800327332242226 0.0 0.013788348845225784 0.25,1005083.4229232573,0.022222222222222223,25896,0 106 424 369 45 1127 -2,0.0 0.8739495798319328 0.48791714614499426 0.6039279869067103 0.2903225806451613 0.3522923129955188 0.7045454545454546,92911.31715819894,0.44285714285714284,5580,0 120 549 474 101 1567 -5,0.0 0.9915966386554622 0.6317606444188723 0.7757774140752864 0.6516129032258065 0.5039641502930025 0.6875,106323.93615563573,0.5380952380952381,2921,9 8 2 11 0 145 -82,1.0 0.05042016806722689 0.0023014959723820483 0.01800327332242226 0.0 0.013788348845225784 0.25,1005083.4229232573,0.022222222222222223,25896,0 108 569 505 96 1466 -19,0.0 0.8907563025210085 0.6547756041426928 0.8265139116202946 0.6193548387096774 0.4691485694588073 0.6079545454545454,96517.13512925908,0.5349206349206349,5275,0 121 511 443 63 1220 -18,0.0 1.0 0.5880322209436134 0.7250409165302782 0.4064516129032258 0.3843502240606687 0.6136363636363636,106650.46542586098,0.3682539682539683,2816,1 89 869 611 99 2473 50,0.1111111111111111 0.7310924369747899 1.0 1.0 0.6387096774193548 0.8162702516373664 1.0,195293.3884788484,0.473015873015873,51264,0 2 0 0 0 149 -66,0.0 0.0 0.0 0.0 0.0 0.015167183729748363 0.3409090909090909,0.4925809282065745,0.6285714285714286,29704,0 18 704 435 125 3006 39,0.0 0.13445378151260504 0.810126582278481 0.7119476268412439 0.8064516129032258 1.0 0.9375,22350.17426217688,0.6587301587301587,56828,1 85 846 610 111 2543 29,0.1111111111111111 0.6974789915966386 0.9735327963176065 0.9983633387888707 0.7161290322580646 0.8403998621165115 0.8806818181818182,191673.59915640508,0.473015873015873,52260,0 2 0 0 0 166 -63,0.0 0.0 0.0 0.0 0.0 0.02102723198896932 0.35795454545454547,0.5682268653442386,0.6587301587301587,29670,0 29 855 478 155 2933 35,0.0 0.226890756302521 0.9838895281933256 0.7823240589198036 1.0 0.974836263357463 0.9147727272727273,33420.95810646601,0.6587301587301587,51122,9 8 2 11 0 145 -87,1.0 0.05042016806722689 0.0023014959723820483 0.01800327332242226 0.0 0.013788348845225784 0.2215909090909091,1005083.3945141665,0.022222222222222223,18622
resolved-p21d-c7d-3600-all/resolved-p21d-c7d-3600-3rd/nsp-n10-d28-r0.10-rp0-fp0-s5,0 0 2 0 0 117 -47,0.0 0.0 0.0 0.0 0.0 0.06521739130434782 0.0,0.6521739130434783,0.3619047619047619,8443,0 0 2 0 0 118 -47,0.0 0.0 0.0 0.0 0.0 0.07608695652173914 0.0,0.7608695652173914,0.2857142857142857,11402,0 0 2 0 0 117 -44,0.0 0.0 0.0 0.0 0.0 0.06521739130434782 0.1,0.7521739130434782,0.3476190476190476,11398,5 0 3 0 0 111 -39,1.0 0.0 1.0 0.0 0.0 0.0 0.26666666666666666,1010000.2666666667,0.014285714285714285,2066,0 0 2 0 0 129 -17,0.0 0.0 0.0 0.0 0.0 0.1956521739130435 1.0,2.9565217391304346,0.49047619047619045,15399,0 0 2 0 0 130 -39,0.0 0.0 0.0 0.0 0.0 0.20652173913043478 0.26666666666666666,2.3318840579710143,0.09047619047619047,18417,5 0 3 0 0 111 -39,1.0 0.0 1.0 0.0 0.0 0.0 0.26666666666666666,1010000.2666666667,0.014285714285714285,2066,0 0 2 0 0 129 -17,0.0 0.0 0.0 0.0 0.0 0.1956521739130435 1.0,2.9565217391304346,0.49047619047619045,15399,0 0 2 0 0 130 -39,0.0 0.0 0.0 0.0 0.0 0.20652173913043478 0.26666666666666666,2.3318840579710143,0.09047619047619047,18417,5 0 3 0 0 111 -39,1.0 0.0 1.0 0.0 0.0 0.0 0.26666666666666666,1010000.2666666667,0.014285714285714285,2066,0 0 2 0 0 129 -17,0.0 0.0 0.0 0.0 0.0 0.1956521739130435 1.0,2.9565217391304346,0.49047619047619045,15399,0 0 2 0 0 130 -39,0.0 0.0 0.0 0.0 0.0 0.20652173913043478 0.26666666666666666,2.3318840579710143,0.09047619047619047,18417,5 0 3 0 0 111 -36,1.0 0.0 1.0 0.0 0.0 0.0 0.36666666666666664,1010000.3666666667,0.014285714285714285,3825,0 0 2 0 0 126 -25,0.0 0.0 0.0 0.0 0.0 0.16304347826086957 0.7333333333333333,2.363768115942029,0.5619047619047619,4897,0 0 2 0 0 203 -25,0.0 0.0 0.0 0.0 0.0 1.0 0.7333333333333333,10.733333333333333,0.3904761904761905,5999,5 0 3 0 0 111 -37,1.0 0.0 1.0 0.0 0.0 0.0 0.3333333333333333,1010000.3333333334,0.014285714285714285,3826,0 0 2 0 0 126 -24,0.0 0.0 0.0 0.0 0.0 0.16304347826086957 0.7666666666666667,2.3971014492753624,0.5619047619047619,4895,0 0 2 0 0 203 -25,0.0 0.0 0.0 0.0 0.0 1.0 0.7333333333333333,10.733333333333333,0.3904761904761905,5999,0 0 2 0 0 128 -40,0.0 0.0 0.0 0.0 0.0 0.18478260869565216 0.23333333333333334,2.081159420289855,0.10476190476190476,8099
resolved-p21d-c7d-3600-all/resolved-p21d-c7d-3600-3rd/nsp-n10-d28-r0.10-rp0-fp0-s0,0 1 0 0 0 76 -37,0.0 0.0 0.0 0.0 0.0 0.0 0.21428571428571427,0.21428571428571427,0.3380952380952381,7630,0 3 0 0 0 76 -41,0.0 1.0 0.0 0.0 0.0 0.0 0.07142857142857142,100000.07142857143,0.3380952380952381,7772,0 3 0 0 0 77 -43,0.0 1.0 0.0 0.0 0.0 0.014925373134328358 0.0,100000.14925373135,0.35714285714285715,8016,2 3 0 0 0 82 -33,1.0 1.0 0.0 0.0 0.0 0.08955223880597014 0.35714285714285715,1100001.2526652452,0.01904761904761905,3001,0 1 0 0 0 97 -15,0.0 0.0 0.0 0.0 0.0 0.31343283582089554 1.0,4.134328358208956,0.3238095238095238,12556,0 1 0 0 0 89 -31,0.0 0.0 0.0 0.0 0.0 0.19402985074626866 0.42857142857142855,2.368869936034115,0.06666666666666667,14982,2 3 0 0 0 82 -33,1.0 1.0 0.0 0.0 0.0 0.08955223880597014 0.35714285714285715,1100001.2526652452,0.01904761904761905,2558,0 1 0 0 0 94 -19,0.0 0.0 0.0 0.0 0.0 0.26865671641791045 0.8571428571428571,3.5437100213219614,0.3952380952380952,16144,0 1 0 0 0 89 -32,0.0 0.0 0.0 0.0 0.0 0.19402985074626866 0.39285714285714285,2.3331556503198296,0.06666666666666667,12523,2 3 0 0 0 82 -33,1.0 1.0 0.0 0.0 0.0 0.08955223880597014 0.35714285714285715,1100001.2526652452,0.01904761904761905,2170,0 1 0 0 0 89 -32,0.0 0.0 0.0 0.0 0.0 0.19402985074626866 0.39285714285714285,2.3331556503198296,0.4142857142857143,10721,0 1 0 0 0 90 -32,0.0 0.0 0.0 0.0 0.0 0.208955223880597 0.39285714285714285,2.4824093816631128,0.06666666666666667,4480,2 3 0 0 0 82 -31,1.0 1.0 0.0 0.0 0.0 0.08955223880597014 0.42857142857142855,1100001.3240938166,0.01904761904761905,1790,0 1 0 0 0 92 -17,0.0 0.0 0.0 0.0 0.0 0.23880597014925373 0.9285714285714286,3.316631130063966,0.6476190476190476,21421,0 1 0 0 0 143 -24,0.0 0.0 0.0 0.0 0.0 1.0 0.6785714285714286,10.678571428571429,0.4142857142857143,25490,2 3 0 0 0 82 -32,1.0 1.0 0.0 0.0 0.0 0.08955223880597014 0.39285714285714285,1100001.288379531,0.01904761904761905,1791,0 1 0 0 0 92 -17,0.0 0.0 0.0 0.0 0.0 0.23880597014925373 0.9285714285714286,3.316631130063966,0.6428571428571429,21422,0 1 0 0 0 143 -24,0.0 0.0 0.0 0.0 0.0 1.0 0.6785714285714286,10.678571428571429,0.4142857142857143,25490,0 1 0 0 0 85 -27,0.0 0.0 0.0 0.0 0.0 0.13432835820895522 0.5714285714285714,1.9147121535181235,0.10476190476190476,10227
resolved-p21d-c7d-3600-all/resolved-p21d-c7d-3600-3rd/nsp-n30-d28-r0.10-rp2-fp2-s9,0 1 0 0 0 87 -159,0.0 0.0 0.0 0.0 0.0 0.0029291154071470417 0.0,0.029291154071470416,0.33650793650793653,23817,0 1 0 0 0 82 -128,0.0 0.0 0.0 0.0 0.0 0.0 0.14351851851851852,0.14351851851851852,0.29365079365079366,23989,0 1 0 0 0 101 -93,0.0 0.0 0.0 0.0 0.0 0.011130638547158758 0.3055555555555556,0.41686194102714313,0.2507936507936508,23896,13 1 2 1 0 108 -87,1.0 0.0 0.0011940298507462687 0.0008756567425569177 0.0 0.015231400117164616 0.3333333333333333,1000013.3016025845,0.009523809523809525,9424,0 93 428 323 60 948 -44,0.0 0.2402088772845953 0.2555223880597015 0.28283712784588444 0.3314917127071823 0.5073227885178676 0.5324074074074074,26897.703543465734,0.19682539682539682,3529,0 126 387 370 55 1047 0,0.0 0.3263707571801567 0.231044776119403 0.3239929947460595 0.30386740331491713 0.5653192735793791 0.7361111111111112,35308.292518134156,0.5349206349206349,5331,13 1 2 1 0 108 -81,1.0 0.0 0.0011940298507462687 0.0008756567425569177 0.0 0.015231400117164616 0.3611111111111111,1000013.3293803623,0.009523809523809525,6231,0 93 357 336 56 860 -49,0.0 0.2402088772845953 0.21313432835820895 0.29422066549912435 0.30939226519337015 0.45577035735207966 0.5092592592592593,26482.45786689286,0.21904761904761905,3535,0 126 387 286 47 1054 -16,0.0 0.3263707571801567 0.231044776119403 0.2504378283712785 0.2596685082872928 0.5694200351493849 0.6620370370370371,35230.28439579824,0.35555555555555557,5337,13 1 2 1 0 108 -87,1.0 0.0 0.0011940298507462687 0.0008756567425569177 0.0 0.015231400117164616 0.3333333333333333,1000013.3016025845,0.009523809523809525,5607,0 93 357 336 56 860 -49,0.0 0.2402088772845953 0.21313432835820895 0.29422066549912435 0.30939226519337015 0.45577035735207966 0.5092592592592593,26482.45786689286,0.21904761904761905,3535,0 98 452 274 57 841 -67,0.0 0.25326370757180156 0.26985074626865674 0.23992994746059546 0.3149171270718232 0.4446397188049209 0.42592592592592593,28301.17220314848,0.0746031746031746,5473,13 1 2 1 0 108 -82,1.0 0.0 0.0011940298507462687 0.0008756567425569177 0.0 0.015231400117164616 0.35648148148148145,1000013.3247507326,0.009523809523809525,10680,0 308 774 730 98 1476 12,0.0 0.8015665796344648 0.462089552238806 0.6392294220665499 0.5414364640883977 0.8166373755125952 0.7916666666666666,85479.88459473172,0.7746031746031746,24329,0 384 1675 1142 161 1789 46,0.0 1.0 1.0 1.0 0.8895027624309392 1.0 0.9490740740740741,111099.89935031717,0.8301587301587302,22478,13 1 2 1 0 108 -82,1.0 0.0 0.0011940298507462687 0.0008756567425569177 0.0 0.015231400117164616 0.35648148148148145,1000013.3247507326,0.009523809523809525,10680,0 310 794 818 107 1381 22,0.0 0.8067885117493473 0.47402985074626863 0.7162872154115587 0.5911602209944752 0.7609841827768014 0.8379629629629629,86203.00072469914,0.7761904761904762,24196,0 376 1639 1140 181 1731 57,0.0 0.97911227154047 0.9785074626865672 0.9982486865148862 1.0 0.9660222612770943 1.0,108805.21069004033,0.8174603174603174,22751,13 1 2 1 0 108 -87,1.0 0.0 0.0011940298507462687 0.0008756567425569177 0.0 0.015231400117164616 0.3333333333333333,1000013.3016025845,0.009523809523809525,22194
resolved-p21d-c7d-3600-all/resolved-p21d-c7d-3600-3rd/nsp-n20-d28-r0.10-rp2-fp2-s2,0 0 10 0 0 73 -89,0.0 0.0 1.0 0.0 0.0 0.007633587786259542 0.0,10000.076335877862,0.3333333333333333,10019,0 0 10 0 0 73 -85,0.0 0.0 1.0 0.0 0.0 0.007633587786259542 0.06060606060606061,10000.136941938468,0.3047619047619048,10157,0 0 10 0 0 73 -84,0.0 0.0 1.0 0.0 0.0 0.007633587786259542 0.07575757575757576,10000.15209345362,0.27380952380952384,10249,9 1 4 2 0 72 -45,1.0 1.0 0.0 1.0 0.0 0.003816793893129771 0.6666666666666666,1101000.7048346056,0.014285714285714285,5622,0 0 10 0 0 108 -23,0.0 0.0 1.0 0.0 0.0 0.14122137404580154 1.0,10002.412213740457,0.37142857142857144,10855,0 0 10 0 0 104 -58,0.0 0.0 1.0 0.0 0.0 0.12595419847328243 0.4696969696969697,10001.72923895443,0.07857142857142857,4346,9 1 4 2 0 72 -45,1.0 1.0 0.0 1.0 0.0 0.003816793893129771 0.6666666666666666,1101000.7048346056,0.014285714285714285,5622,0 0 10 0 0 111 -36,0.0 0.0 1.0 0.0 0.0 0.15267175572519084 0.803030303030303,10002.329747860282,0.3547619047619048,17869,0 0 10 0 0 104 -49,0.0 0.0 1.0 0.0 0.0 0.12595419847328243 0.6060606060606061,10001.865602590793,0.07857142857142857,6888,9 1 4 2 0 72 -45,1.0 1.0 0.0 1.0 0.0 0.003816793893129771 0.6666666666666666,1101000.7048346056,0.014285714285714285,5622,0 0 10 0 0 120 -39,0.0 0.0 1.0 0.0 0.0 0.18702290076335878 0.7575757575757576,10002.627804765209,0.37142857142857144,9760,0 0 10 0 0 104 -57,0.0 0.0 1.0 0.0 0.0 0.12595419847328243 0.48484848484848486,10001.744390469581,0.07857142857142857,4734,9 1 4 2 0 71 -52,1.0 1.0 0.0 1.0 0.0 0.0 0.5606060606060606,1101000.5606060605,0.014285714285714285,2984,0 0 10 0 0 98 -71,0.0 0.0 1.0 0.0 0.0 0.10305343511450382 0.2727272727272727,10001.303261623872,0.6238095238095238,20186,0 0 10 0 0 333 -42,0.0 0.0 1.0 0.0 0.0 1.0 0.7121212121212122,10010.712121212122,0.49523809523809526,16868,9 1 4 2 0 71 -52,1.0 1.0 0.0 1.0 0.0 0.0 0.5606060606060606,1101000.5606060605,0.014285714285714285,2984,0 0 10 0 0 94 -40,0.0 0.0 1.0 0.0 0.0 0.08778625954198473 0.7424242424242424,10001.620286837844,0.6214285714285714,20198,0 0 10 0 0 333 -42,0.0 0.0 1.0 0.0 0.0 1.0 0.7121212121212122,10010.712121212122,0.49523809523809526,16868,9 1 4 2 0 71 -54,1.0 1.0 0.0 1.0 0.0 0.0 0.5303030303030303,1101000.5303030303,0.014285714285714285,4411
resolved-p21d-c7d-3600-all/resolved-p21d-c7d-3600-3rd/nsp-n10-d28-r0.10-rp0-fp0-s4,2 5 0 0 0 84 -42,1.0 1.0 0.0 0.0 0.0 0.02857142857142857 0.0,1100000.2857142857,0.24285714285714285,13585,2 5 0 0 0 83 -40,1.0 1.0 0.0 0.0 0.0 0.0 0.08695652173913043,1100000.0869565217,0.2761904761904762,13567,2 5 0 0 0 84 -41,1.0 1.0 0.0 0.0 0.0 0.02857142857142857 0.043478260869565216,1100000.3291925467,0.21904761904761905,13541,2 5 4 0 0 101 -27,1.0 1.0 1.0 0.0 0.0 0.5142857142857142 0.6521739130434783,1110005.7950310558,0.023809523809523808,4632,0 1 0 0 0 109 -27,0.0 0.0 0.0 0.0 0.0 0.7428571428571429 0.6521739130434783,8.080745341614907,0.4666666666666667,26773,0 1 0 0 0 110 -24,0.0 0.0 0.0 0.0 0.0 0.7714285714285715 0.782608695652174,8.49689440993789,0.12380952380952381,22642,2 5 4 0 0 101 -27,1.0 1.0 1.0 0.0 0.0 0.5142857142857142 0.6521739130434783,1110005.7950310558,0.023809523809523808,4632,0 1 0 0 0 109 -27,0.0 0.0 0.0 0.0 0.0 0.7428571428571429 0.6521739130434783,8.080745341614907,0.4666666666666667,26773,0 1 0 0 0 111 -28,0.0 0.0 0.0 0.0 0.0 0.8 0.6086956521739131,8.608695652173914,0.12380952380952381,22641,2 5 4 0 0 101 -27,1.0 1.0 1.0 0.0 0.0 0.5142857142857142 0.6521739130434783,1110005.7950310558,0.023809523809523808,4632,0 1 0 0 0 109 -27,0.0 0.0 0.0 0.0 0.0 0.7428571428571429 0.6521739130434783,8.080745341614907,0.4666666666666667,26773,0 1 0 0 0 110 -24,0.0 0.0 0.0 0.0 0.0 0.7714285714285715 0.782608695652174,8.49689440993789,0.12380952380952381,22642,2 5 4 0 0 101 -27,1.0 1.0 1.0 0.0 0.0 0.5142857142857142 0.6521739130434783,1110005.7950310558,0.023809523809523808,1543,0 1 0 0 0 110 -36,0.0 0.0 0.0 0.0 0.0 0.7714285714285715 0.2608695652173913,7.975155279503106,0.5857142857142857,35122,0 1 0 0 0 112 -26,0.0 0.0 0.0 0.0 0.0 0.8285714285714286 0.6956521739130435,8.98136645962733,0.15714285714285714,26926,2 5 4 0 0 101 -27,1.0 1.0 1.0 0.0 0.0 0.5142857142857142 0.6521739130434783,1110005.7950310558,0.023809523809523808,1543,0 1 0 0 0 110 -36,0.0 0.0 0.0 0.0 0.0 0.7714285714285715 0.2608695652173913,7.975155279503106,0.580952380952381,35123,0 1 0 0 0 110 -24,0.0 0.0 0.0 0.0 0.0 0.7714285714285715 0.782608695652174,8.49689440993789,0.12380952380952381,27111,0 3 0 3 0 118 -19,0.0 0.5 0.0 1.0 0.0 1.0 1.0,51011.0,0.15714285714285714,12363
resolved-p21d-c7d-3600-all/resolved-p21d-c7d-3600-3rd/nsp-n20-d28-r0.10-rp2-fp2-s4,0 1 0 0 0 61 -79,0.0 0.0 0.0 0.0 0.0 0.0 0.023622047244094488,0.023622047244094488,0.40476190476190477,13849,0 1 0 0 0 64 -82,0.0 0.0 0.0 0.0 0.0 0.001488095238095238 0.0,0.01488095238095238,0.3261904761904762,13658,0 1 0 0 0 67 -69,0.0 0.0 0.0 0.0 0.0 0.002976190476190476 0.10236220472440945,0.1321241094863142,0.32857142857142857,13818,8 7 4 3 0 77 -70,1.0 0.06521739130434782 0.007662835249042145 0.005494505494505495 0.0 0.007936507936507936 0.09448818897637795,1006604.035841688,0.02142857142857143,19543,0 5 48 101 12 462 -27,0.0 0.043478260869565216 0.09195402298850575 0.184981684981685 0.08759124087591241 0.19890873015873015 0.4330708661417323,5463.529284078585,0.21666666666666667,57634,0 26 165 136 22 667 14,0.0 0.2717391304347826 0.3160919540229885 0.2490842490842491 0.16058394160583941 0.3005952380952381 0.7559055118110236,30603.737084845743,0.46904761904761905,33016,8 7 4 3 0 77 -70,1.0 0.06521739130434782 0.007662835249042145 0.005494505494505495 0.0 0.007936507936507936 0.09448818897637795,1006604.035841688,0.02142857142857143,19543,0 5 35 148 23 540 2,0.0 0.043478260869565216 0.06704980842911877 0.27106227106227104 0.1678832116788321 0.23759920634920634 0.6614173228346457,5309.2121728641905,0.4642857142857143,59025,0 93 169 361 63 1197 5,0.0 1.0 0.32375478927203066 0.6611721611721612 0.45985401459854014 0.5634920634920635 0.6850393700787402,103951.02541535732,0.6880952380952381,12024,8 7 4 3 0 77 -70,1.0 0.06521739130434782 0.007662835249042145 0.005494505494505495 0.0 0.007936507936507936 0.09448818897637795,1006604.035841688,0.02142857142857143,19543,0 4 34 152 20 552 6,0.0 0.03260869565217391 0.06513409961685823 0.2783882783882784 0.145985401459854 0.2435515873015873 0.6929133858267716,4208.325809179079,0.49047619047619045,60738,0 24 156 206 25 822 22,0.0 0.25 0.2988505747126437 0.3772893772893773 0.18248175182481752 0.3774801587301587 0.8188976377952756,28388.636998823393,0.5595238095238095,34182,5 51 514 546 137 2077 17,0.625 0.5434782608695652 0.9846743295019157 1.0 1.0 1.0 0.7795275590551181,690305.3489095347,0.45,69018,0 3 256 165 48 1448 25,0.0 0.021739130434782608 0.4904214559386973 0.3021978021978022 0.35036496350364965 0.6879960317460317 0.84251968503937,7423.084381415901,0.7095238095238096,80923,0 1 216 127 48 1225 35,0.0 0.0 0.41379310344827586 0.2326007326007326 0.35036496350364965 0.5773809523809523 0.9212598425196851,4412.263332800185,0.6238095238095238,75038,5 16 522 337 106 1982 30,0.625 0.16304347826086957 1.0 0.6172161172161172 0.7737226277372263 0.9528769841269841 0.8818897637795275,652009.3468656818,0.5142857142857142,50059,0 3 250 157 62 1454 26,0.0 0.021739130434782608 0.4789272030651341 0.2875457875457875 0.45255474452554745 0.6909722222222222 0.8503937007874016,7303.746452050954,0.6761904761904762,83231,0 1 205 131 37 1150 45,0.0 0.0 0.39272030651340994 0.23992673992673993 0.27007299270072993 0.5401785714285714 1.0,4200.538890045198,0.6190476190476191,75621,8 7 4 3 0 77 -71,1.0 0.06521739130434782 0.007662835249042145 0.005494505494505495 0.0 0.007936507936507936 0.08661417322834646,1006604.0279676723,0.02142857142857143,7871
resolved-p21d-c7d-3600-all/resolved-p21d-c7d-3600-3rd/nsp-n50-d28-r0.10-rp2-fp2-s7,3 114 601 497 99 2538 -74,0.11538461538461539 0.07081807081807082 0.0 0.0 0.0 0.0 0.11336032388663968,122466.53582674636,0.3580952380952381,12073,3 226 1003 879 113 3357 -102,0.11538461538461539 0.20757020757020758 0.17882562277580072 0.2063749324689357 0.09655172413793103 0.26843657817109146 0.0,138148.6068400586,0.2180952380952381,10208,3 373 1124 1047 116 3212 -85,0.11538461538461539 0.38705738705738707 0.2326512455516014 0.2971366828741221 0.11724137931034483 0.22091117666338905 0.06882591093117409,156728.00530435285,0.11047619047619048,11678,26 487 1080 731 128 2668 -31,1.0 0.5262515262515263 0.2130782918149466 0.12641815235008103 0.2 0.04260898066207801 0.2874493927125506,1054903.0672348514,0.012380952380952381,12804,23 756 2329 2201 207 2844 27,0.8846153846153846 0.8547008547008547 0.7686832740213523 0.9205834683954619 0.7448275862068966 0.10029498525073746 0.5222672064777328,978768.8942697587,0.1742857142857143,521,15 859 2394 2072 176 3106 44,0.5769230769230769 0.9804639804639804 0.7975978647686833 0.8508914100486223 0.5310344827586206 0.18616846935431006 0.5910931174089069,683851.9012532972,0.3504761904761905,1308,26 487 1080 731 128 2668 -31,1.0 0.5262515262515263 0.2130782918149466 0.12641815235008103 0.2 0.04260898066207801 0.2874493927125506,1054903.0672348514,0.012380952380952381,12804,22 786 2305 2149 202 3107 31,0.8461538461538461 0.8913308913308914 0.7580071174377224 0.8924905456509995 0.7103448275862069 0.18649623074401836 0.5384615384615384,943832.934913568,0.1761904761904762,561,18 778 2063 1993 209 2863 28,0.6923076923076923 0.8815628815628815 0.650355871886121 0.8082117774176121 0.7586206896551724 0.10652245165519501 0.5263157894736842,787853.2045695308,0.11428571428571428,1183,26 487 1080 731 128 2668 -31,1.0 0.5262515262515263 0.2130782918149466 0.12641815235008103 0.2 0.04260898066207801 0.2874493927125506,1054903.0672348514,0.012380952380952381,12804,22 859 2477 2348 212 3165 54,0.8461538461538461 0.9804639804639804 0.8345195729537367 1.0 0.7793103448275862 0.2055063913470993 0.631578947368421,953626.0576071251,0.1761904761904762,531,14 875 2175 2226 196 3354 51,0.5384615384615384 1.0 0.7001779359430605 0.9340896812533765 0.6689655172413793 0.26745329400196655 0.6194331983805668,646467.5980200849,0.24571428571428572,1344,22 400 2849 1246 244 5221 145,0.8461538461538461 0.42002442002442003 1.0 0.40464613722312265 1.0 0.8793838085873484 1.0,898670.7281315972,0.62,19971,0 143 1715 1020 183 5186 123,0.0 0.10622710622710622 0.49555160142348753 0.2825499729875743 0.5793103448275863 0.8679121599475582 0.9109311740890689,15928.297697189395,0.7780952380952381,18392,1 56 1949 896 116 5576 96,0.038461538461538464 0.0 0.599644128113879 0.21555915721231766 0.11724137931034483 0.9957391019337922 0.8016194331983806,44696.02204827314,0.7619047619047619,29519,12 346 2608 1148 184 5489 133,0.46153846153846156 0.3540903540903541 0.8927935943060499 0.35170178282009723 0.5862068965517241 0.9672238610291708 0.951417004048583,506296.3790186471,0.6247619047619047,16584,0 149 1723 1043 184 5079 125,0.0 0.11355311355311355 0.4991103202846975 0.29497568881685576 0.5862068965517241 0.8328416912487709 0.9190283400809717,16709.258381882926,0.7780952380952381,17832,1 60 1812 973 138 5589 100,0.038461538461538464 0.004884004884004884 0.5387010676156584 0.25715829281469477 0.2689655172413793 1.0 0.8178137651821862,44631.822284399546,0.7619047619047619,28549,26 487 1185 1145 138 2754 -41,1.0 0.5262515262515263 0.2597864768683274 0.3500810372771475 0.2689655172413793 0.07079646017699115 0.24696356275303644,1055600.9499110016,0.012380952380952381,11572
resolved-p21d-c7d-3600-all/resolved-p21d-c7d-3600-3rd/nsp-n10-d28-r0.10-rp0-fp0-s7,0 0 0 0 0 72 -27,0.0 0.0 0.0 0.0 0.0 0.045454545454545456 0.35294117647058826,0.8074866310160429,0.36666666666666664,106,0 0 0 0 0 71 -32,0.0 0.0 0.0 0.0 0.0 0.0 0.058823529411764705,0.058823529411764705,0.4380952380952381,118,0 0 0 0 0 71 -33,0.0 0.0 0.0 0.0 0.0 0.0 0.0,0.0,0.44761904761904764,92,0 0 0 0 0 92 -24,0.0 0.0 0.0 0.0 0.0 0.9545454545454546 0.5294117647058824,10.074866310160429,0.13333333333333333,53,0 0 0 0 0 93 -16,0.0 0.0 0.0 0.0 0.0 1.0 1.0,11.0,0.4714285714285714,17,0 0 0 0 0 92 -24,0.0 0.0 0.0 0.0 0.0 0.9545454545454546 0.5294117647058824,10.074866310160429,0.13333333333333333,52,0 0 0 0 0 92 -24,0.0 0.0 0.0 0.0 0.0 0.9545454545454546 0.5294117647058824,10.074866310160429,0.13333333333333333,33,0 0 0 0 0 90 -16,0.0 0.0 0.0 0.0 0.0 0.8636363636363636 1.0,9.636363636363637,0.5428571428571428,10,0 0 0 0 0 92 -24,0.0 0.0 0.0 0.0 0.0 0.9545454545454546 0.5294117647058824,10.074866310160429,0.13333333333333333,32,0 0 0 0 0 92 -24,0.0 0.0 0.0 0.0 0.0 0.9545454545454546 0.5294117647058824,10.074866310160429,0.13333333333333333,46,0 0 0 0 0 89 -23,0.0 0.0 0.0 0.0 0.0 0.8181818181818182 0.5882352941176471,8.770053475935828,0.47619047619047616,4,0 0 0 0 0 92 -24,0.0 0.0 0.0 0.0 0.0 0.9545454545454546 0.5294117647058824,10.074866310160429,0.13333333333333333,35,0 0 0 0 0 92 -24,0.0 0.0 0.0 0.0 0.0 0.9545454545454546 0.5294117647058824,10.074866310160429,0.13333333333333333,174,0 0 0 0 0 92 -21,0.0 0.0 0.0 0.0 0.0 0.9545454545454546 0.7058823529411765,10.251336898395722,0.5952380952380952,190,0 0 0 0 0 92 -24,0.0 0.0 0.0 0.0 0.0 0.9545454545454546 0.5294117647058824,10.074866310160429,0.13333333333333333,174,0 0 0 0 0 92 -24,0.0 0.0 0.0 0.0 0.0 0.9545454545454546 0.5294117647058824,10.074866310160429,0.13333333333333333,174,0 0 0 0 0 92 -21,0.0 0.0 0.0 0.0 0.0 0.9545454545454546 0.7058823529411765,10.251336898395722,0.6,189,0 0 0 0 0 92 -24,0.0 0.0 0.0 0.0 0.0 0.9545454545454546 0.5294117647058824,10.074866310160429,0.13333333333333333,174,0 0 0 0 0 84 -17,0.0 0.0 0.0 0.0 0.0 0.5909090909090909 0.9411764705882353,6.850267379679145,0.18095238095238095,30
resolved-p21d-c7d-3600-all/resolved-p21d-c7d-3600-3rd/nsp-n30-d28-r0.10-rp2-fp2-s7,0 0 0 0 0 83 -138,0.0 0.0 0.0 0.0 0.0 0.0 0.0,0.0,0.35555555555555557,437,0 0 0 0 0 84 -129,0.0 0.0 0.0 0.0 0.0 0.0027624309392265192 0.10975609756097561,0.1373804069532408,0.30793650793650795,386,0 0 0 0 0 90 -91,0.0 0.0 0.0 0.0 0.0 0.019337016574585635 0.573170731707317,0.7665408974531733,0.2920634920634921,340,0 0 0 0 0 161 -91,0.0 0.0 0.0 0.0 0.0 0.2154696132596685 0.573170731707317,2.7278668643040023,0.09365079365079365,136,0 0 0 0 0 166 -80,0.0 0.0 0.0 0.0 0.0 0.2292817679558011 0.7073170731707317,3.0001347527287425,0.34444444444444444,17,0 0 0 0 0 164 -86,0.0 0.0 0.0 0.0 0.0 0.22375690607734808 0.6341463414634146,2.8717154022368954,0.09365079365079365,113,0 0 0 0 0 192 -81,0.0 0.0 0.0 0.0 0.0 0.3011049723756906 0.6951219512195121,3.706171674976418,0.09523809523809523,41,0 0 0 0 0 161 -105,0.0 0.0 0.0 0.0 0.0 0.2154696132596685 0.4024390243902439,2.557135156986929,0.3682539682539683,10,0 0 0 0 0 161 -89,0.0 0.0 0.0 0.0 0.0 0.2154696132596685 0.5975609756097561,2.7522571082064413,0.09365079365079365,124,0 0 0 0 0 168 -81,0.0 0.0 0.0 0.0 0.0 0.23480662983425415 0.6951219512195121,3.0431882495620535,0.09365079365079365,110,0 0 0 0 0 156 -77,0.0 0.0 0.0 0.0 0.0 0.20165745856353592 0.7439024390243902,2.7604770246597496,0.3968253968253968,35,0 0 0 0 0 163 -86,0.0 0.0 0.0 0.0 0.0 0.22099447513812154 0.6341463414634146,2.84409109284463,0.09365079365079365,129,0 0 0 0 0 445 -61,0.0 0.0 0.0 0.0 0.0 1.0 0.9390243902439024,10.939024390243903,0.353968253968254,95,0 0 0 0 0 146 -73,0.0 0.0 0.0 0.0 0.0 0.17403314917127072 0.7926829268292683,2.533014418541976,0.680952380952381,112,0 0 0 0 0 387 -56,0.0 0.0 0.0 0.0 0.0 0.8397790055248618 1.0,9.397790055248619,0.35555555555555557,106,0 0 0 0 0 445 -61,0.0 0.0 0.0 0.0 0.0 1.0 0.9390243902439024,10.939024390243903,0.353968253968254,95,0 0 0 0 0 146 -79,0.0 0.0 0.0 0.0 0.0 0.17403314917127072 0.7195121951219512,2.4598436868346587,0.6365079365079365,115,0 0 0 0 0 387 -56,0.0 0.0 0.0 0.0 0.0 0.8397790055248618 1.0,9.397790055248619,0.35555555555555557,106,0 0 0 0 0 154 -83,0.0 0.0 0.0 0.0 0.0 0.19613259668508287 0.6707317073170732,2.632057674167902,0.10634920634920635,73
resolved-p21d-c7d-3600-all/resolved-p21d-c7d-3600-3rd/nsp-n40-d28-r0.10-rp2-fp2-s3,1 5 0 2 0 167 -186,0.06666666666666667 0.014204545454545454 0.0 0.0014184397163120568 0.0 0.0 0.0,68088.53965183753,0.2904761904761905,17255,0 0 0 1 0 186 -134,0.0 0.0 0.0 0.0 0.0 0.011143695014662757 0.27807486631016043,0.389511816456788,0.2261904761904762,17769,0 3 0 3 0 244 -110,0.0 0.008522727272727272 0.0 0.0028368794326241137 0.0 0.04516129032258064 0.40641711229946526,855.9676367208766,0.17142857142857143,17247,15 6 0 6 0 256 -93,1.0 0.017045454545454544 0.0 0.0070921985815602835 0.0 0.05219941348973607 0.49732620320855614,1001712.6569734651,0.013095238095238096,5045,2 160 812 401 84 1717 -75,0.13333333333333333 0.45454545454545453 1.0 0.5673758865248227 0.7368421052631579 0.9090909090909091 0.5935828877005348,189438.62337690854,0.31666666666666665,3926,6 352 785 626 69 1432 -35,0.4 1.0 0.9667487684729064 0.8865248226950354 0.6052631578947368 0.7419354838709677 0.8074866310160428,510622.7656646833,0.24166666666666667,1720,15 6 0 6 0 256 -93,1.0 0.017045454545454544 0.0 0.0070921985815602835 0.0 0.05219941348973607 0.49732620320855614,1001712.6569734651,0.013095238095238096,5045,1 187 790 677 114 1730 -33,0.06666666666666667 0.53125 0.9729064039408867 0.9588652482269504 1.0 0.9167155425219942 0.8181818181818182,130589.5812915459,0.4238095238095238,4483,7 235 636 561 66 1261 -68,0.4666666666666667 0.6676136363636364 0.7832512315270936 0.7943262411347518 0.5789473684210527 0.6416422287390029 0.6310160427807486,542119.8110346083,0.24166666666666667,1691,15 6 0 6 0 256 -92,1.0 0.017045454545454544 0.0 0.0070921985815602835 0.0 0.05219941348973607 0.5026737967914439,1001712.6623210587,0.013095238095238096,5044,1 187 787 706 102 1872 -29,0.06666666666666667 0.53125 0.9692118226600985 1.0 0.8947368421052632 1.0 0.839572192513369,130584.0981496707,0.44047619047619047,4512,6 352 785 626 69 1432 -35,0.4 1.0 0.9667487684729064 0.8865248226950354 0.6052631578947368 0.7419354838709677 0.8074866310160428,510622.7656646833,0.24166666666666667,1720,15 6 0 6 0 262 -96,1.0 0.017045454545454544 0.0 0.0070921985815602835 0.0 0.05571847507331378 0.48128342245989303,1001712.6761213002,0.013095238095238096,11324,0 0 0 13 1 966 1,0.0 0.0 0.0 0.01702127659574468 0.008771929824561403 0.4686217008797654 1.0,23.584686586998476,0.6678571428571428,11847,0 0 0 1 0 780 -80,0.0 0.0 0.0 0.0 0.0 0.35953079178885633 0.5668449197860963,4.162152837674659,0.4773809523809524,12702,15 6 0 6 0 262 -96,1.0 0.017045454545454544 0.0 0.0070921985815602835 0.0 0.05571847507331378 0.48128342245989303,1001712.6761213002,0.013095238095238096,11324,0 0 0 13 1 973 -2,0.0 0.0 0.0 0.01702127659574468 0.008771929824561403 0.4727272727272727 0.983957219251337,23.609699524724885,0.6678571428571428,11839,0 0 0 1 0 824 -75,0.0 0.0 0.0 0.0 0.0 0.3853372434017595 0.5935828877005348,4.4469553217181295,0.49404761904761907,12674,15 6 0 6 0 258 -84,1.0 0.017045454545454544 0.0 0.0070921985815602835 0.0 0.05337243401759531 0.5454545454545454,1001712.7168320126,0.013095238095238096,12422
resolved-p21d-c7d-3600-all/resolved-p21d-c7d-3600-3rd/nsp-n40-d28-r0.10-rp2-fp2-s0,4 6 0 1 0 146 -148,0.23529411764705882 0.0182370820668693 0.0 0.0 0.0 0.0 0.0,237117.82585374574,0.3416666666666667,15950,3 3 0 3 0 199 -117,0.17647058823529413 0.00911854103343465 0.0 0.00211864406779661 0.0 0.022815325010761944 0.1834319526627219,177384.97256790815,0.2511904761904762,16535,3 1 0 3 0 241 -109,0.17647058823529413 0.00303951367781155 0.0 0.00211864406779661 0.0 0.04089539388721481 0.23076923076923078,176777.2979703127,0.17023809523809524,16538,17 5 1 7 0 245 -103,1.0 0.015197568389057751 0.0010395010395010396 0.006355932203389831 0.0 0.04261730520878175 0.26627218934911245,1001537.2002267456,0.015476190476190477,4856,3 247 787 653 67 1515 -68,0.17647058823529413 0.7507598784194529 0.818087318087318 0.690677966101695 0.8481012658227848 0.589324149806285 0.47337278106508873,260509.3039650757,0.2833333333333333,1889,8 329 841 945 75 1555 -66,0.47058823529411764 1.0 0.8742203742203742 1.0 0.9493670886075949 0.6065432630219544 0.48520710059171596,580431.9263849129,0.3404761904761905,2472,17 5 1 7 0 245 -102,1.0 0.015197568389057751 0.0010395010395010396 0.006355932203389831 0.0 0.04261730520878175 0.27218934911242604,1001537.2061439054,0.015476190476190477,4855,3 247 748 569 67 1439 -51,0.17647058823529413 0.7507598784194529 0.7775467775467776 0.6016949152542372 0.8481012658227848 0.5566078346965131 0.5739644970414202,260014.68893738772,0.2833333333333333,1891,8 329 841 945 75 1555 -66,0.47058823529411764 1.0 0.8742203742203742 1.0 0.9493670886075949 0.6065432630219544 0.48520710059171596,580431.9263849129,0.3404761904761905,2472,17 5 1 7 0 242 -119,1.0 0.015197568389057751 0.0010395010395010396 0.006355932203389831 0.0 0.041325871717606544 0.17159763313609466,1001537.0926378545,0.015476190476190477,4862,3 247 637 542 60 1309 -72,0.17647058823529413 0.7507598784194529 0.6621621621621622 0.573093220338983 0.759493670886076 0.5006457167455876 0.44970414201183434,258822.6964475981,0.19166666666666668,1898,8 254 962 584 79 1562 -68,0.47058823529411764 0.7720364741641338 1.0 0.6175847457627118 1.0 0.6095566078346966 0.47337278106508873,558516.0363951531,0.3380952380952381,2552,17 5 1 7 0 245 -118,1.0 0.015197568389057751 0.0010395010395010396 0.006355932203389831 0.0 0.04261730520878175 0.17751479289940827,1001537.1114693491,0.015476190476190477,7998,0 0 18 426 62 1948 -16,0.0 0.0 0.018711018711018712 0.4502118644067797 0.7848101265822784 0.7757210503659061 0.7810650887573964,724.3413397676111,0.6952380952380952,12803,0 0 0 26 1 988 -38,0.0 0.0 0.0 0.026483050847457626 0.012658227848101266 0.3624623331898407 0.650887573964497,32.024384538130654,0.6761904761904762,14605,17 5 1 7 0 245 -118,1.0 0.015197568389057751 0.0010395010395010396 0.006355932203389831 0.0 0.04261730520878175 0.17751479289940827,1001537.1114693491,0.015476190476190477,7998,0 0 51 466 54 2469 -29,0.0 0.0 0.05301455301455302 0.4925847457627119 0.6835443037974683 1.0 0.7041420118343196,1101.7888482998233,0.725,11858,0 0 0 204 23 1199 21,0.0 0.0 0.0 0.21504237288135594 0.2911392405063291 0.45329315540249676 1.0,249.6892284860138,0.6988095238095238,13303,17 5 1 7 0 244 -98,1.0 0.015197568389057751 0.0010395010395010396 0.006355932203389831 0.0 0.04218682737839001 0.2958579881656805,1001537.2255077661,0.015476190476190477,23948
resolved-p21d-c7d-3600-all/resolved-p21d-c7d-3600-3rd/nsp-n40-d28-r0.10-rp2-fp2-s9,2 4 0 4 0 238 -157,0.125 0.007425742574257425 0.0 0.0 0.0 0.0 0.0,125742.57425742575,0.39404761904761904,23216,1 3 0 29 0 637 -57,0.0625 0.0049504950495049506 0.0 0.02720348204570185 0.0 0.09434854575549775 0.3472222222222222,63023.54369467597,0.22976190476190475,25313,2 4 0 52 2 713 -39,0.125 0.007425742574257425 0.0 0.05223068552774755 0.007633587786259542 0.11231969732797352 0.4097222222222222,125797.10122092762,0.16547619047619047,22702,16 4 2 127 15 1075 -26,1.0 0.007425742574257425 0.0009132420091324201 0.1338411316648531 0.05725190839694656 0.19791912981792387 0.4548611111111111,1000893.707052431,0.009523809523809525,15288,5 276 618 685 76 2118 -7,0.3125 0.6806930693069307 0.2821917808219178 0.7410228509249184 0.2900763358778626 0.44454953889808463 0.5208333333333334,384166.22155214724,0.1619047619047619,2255,10 392 613 737 93 1945 -11,0.625 0.9678217821782178 0.27990867579908674 0.7976060935799782 0.3549618320610687 0.40364152281863325 0.5069444444444444,725418.9106122714,0.24761904761904763,1947,16 4 2 127 15 1075 -26,1.0 0.007425742574257425 0.0009132420091324201 0.1338411316648531 0.05725190839694656 0.19791912981792387 0.4548611111111111,1000893.707052431,0.009523809523809525,15288,6 405 574 771 78 2154 -3,0.375 1.0 0.26210045662100456 0.8346028291621328 0.29770992366412213 0.4530621896429416 0.5347222222222222,478490.44373185723,0.3404761904761905,2019,10 392 613 737 93 1945 -11,0.625 0.9678217821782178 0.27990867579908674 0.7976060935799782 0.3549618320610687 0.40364152281863325 0.5069444444444444,725418.9106122714,0.24761904761904763,1947,16 4 2 127 15 1075 -26,1.0 0.007425742574257425 0.0009132420091324201 0.1338411316648531 0.05725190839694656 0.19791912981792387 0.4548611111111111,1000893.707052431,0.009523809523809525,15288,10 336 470 838 74 2213 -18,0.625 0.8292079207920792 0.2146118721461187 0.9075081610446137 0.2824427480916031 0.46701347836367935 0.4826388888888889,711007.8160101954,0.2392857142857143,1901,10 392 613 737 93 1945 -11,0.625 0.9678217821782178 0.27990867579908674 0.7976060935799782 0.3549618320610687 0.40364152281863325 0.5069444444444444,725418.9106122714,0.24761904761904763,1947,13 158 1111 763 91 3586 119,0.8125 0.3886138613861386 0.5073059360730594 0.8258977149075082 0.3473282442748092 0.7916765192716955 0.9583333333333334,857303.9511372055,0.5666666666666667,33696,2 306 977 802 133 2819 109,0.125 0.754950495049505 0.4461187214611872 0.8683351468988031 0.5076335877862596 0.6103097659021045 0.9236111111111112,205882.36193400994,0.6916666666666667,28302,0 2 2190 617 262 4376 26,0.0 0.0024752475247524753 1.0 0.6670293797606094 1.0 0.9784819106171672 0.6354166666666666,11024.974368008696,0.6583333333333333,40927,14 203 1295 816 131 3608 131,0.875 0.5 0.591324200913242 0.8835690968443961 0.5 0.7968786947268858 1.0,931855.7798929241,0.555952380952381,39248,0 330 979 923 163 2736 95,0.0 0.8143564356435643 0.44703196347031965 1.0 0.6221374045801527 0.5906833766847954 0.875,86974.9587732845,0.694047619047619,29131,0 1 2190 625 248 4467 46,0.0 0.0 1.0 0.675734494015234 0.9465648854961832 1.0 0.7048611111111112,10781.095843675963,0.6583333333333333,42176,16 4 2 127 15 1074 -15,1.0 0.007425742574257425 0.0009132420091324201 0.1338411316648531 0.05725190839694656 0.19768266729723338 0.4930555555555556,1000893.7428822501,0.009523809523809525,14865
resolved-p21d-c7d-3600-all/resolved-p21d-c7d-3600-3rd/nsp-n40-d28-r0.10-rp2-fp2-s2,0 26 1027 378 196 3303 -72,0.0 0.0 0.0 0.0 0.17209302325581396 0.5959183673469388 0.0,23.168485999050787,0.24166666666666667,15824,0 38 1205 410 191 3706 -51,0.0 0.02097902097902098 0.08768472906403942 0.019814241486068113 0.14883720930232558 0.801530612244898 0.14482758620689656,3017.6074846674487,0.18333333333333332,15726,0 74 1355 434 199 3758 -56,0.0 0.08391608391608392 0.16157635467980297 0.0346749226006192 0.18604651162790697 0.8280612244897959 0.1103448275862069,10069.042469242315,0.11547619047619048,15002,17 131 1639 695 285 3734 -43,1.0 0.18356643356643357 0.30147783251231525 0.19628482972136224 0.586046511627907 0.8158163265306122 0.2,1021634.669325916,0.010714285714285714,4359,5 324 2626 1619 308 4014 -22,0.29411764705882354 0.5209790209790209 0.7876847290640394 0.7684210526315789 0.6930232558139535 0.9586734693877551 0.3448275862068966,354940.0513878591,0.22857142857142856,2069,1 379 2670 1803 374 3936 -11,0.058823529411764705 0.6171328671328671 0.80935960591133 0.8823529411764706 1.0 0.9188775510204081 0.4206896551724138,129622.37459050656,0.20714285714285716,2062,17 131 1639 695 285 3734 -42,1.0 0.18356643356643357 0.30147783251231525 0.19628482972136224 0.586046511627907 0.8158163265306122 0.20689655172413793,1021634.6762224677,0.010714285714285714,4358,5 324 2626 1619 308 4016 -22,0.29411764705882354 0.5209790209790209 0.7876847290640394 0.7684210526315789 0.6930232558139535 0.9596938775510204 0.3448275862068966,354940.06159194076,0.22857142857142856,2068,1 472 3057 1993 370 3622 24,0.058823529411764705 0.7797202797202797 1.0 1.0 0.9813953488372092 0.7586734693877552 0.6620689655172414,147901.94572233577,0.3535714285714286,2010,17 131 1639 695 285 3734 -43,1.0 0.18356643356643357 0.30147783251231525 0.19628482972136224 0.586046511627907 0.8158163265306122 0.2,1021634.669325916,0.010714285714285714,4359,5 324 2626 1619 308 4014 -22,0.29411764705882354 0.5209790209790209 0.7876847290640394 0.7684210526315789 0.6930232558139535 0.9586734693877551 0.3448275862068966,354940.0513878591,0.22857142857142856,2069,1 354 2619 1615 346 3806 -19,0.058823529411764705 0.5734265734265734 0.7842364532019704 0.7659442724458204 0.8697674418604651 0.8525510204081632 0.36551724137931035,124870.36333051909,0.20714285714285716,2088,17 131 1772 648 283 4066 -51,1.0 0.18356643356643357 0.3669950738916256 0.16718266253869968 0.5767441860465117 0.985204081632653 0.14482758620689656,1022261.4480451054,0.010714285714285714,20260,7 598 1519 1727 204 2151 65,0.4117647058823529 1.0 0.24236453201970443 0.8352941176470589 0.20930232558139536 0.00816326530612245 0.9448275862068966,515045.6020129944,0.7785714285714286,15314,4 568 1308 1301 159 2188 69,0.23529411764705882 0.9475524475524476 0.13842364532019705 0.5715170278637771 0.0 0.027040816326530614 0.9724137931034482,332006.3587053257,0.7880952380952381,15274,17 132 1724 565 275 4039 -43,1.0 0.1853146853146853 0.34334975369458126 0.11578947368421053 0.5395348837209303 0.9714285714285714 0.2,1022144.623316185,0.010714285714285714,18451,7 595 1519 1763 196 2174 69,0.4117647058823529 0.9947552447552448 0.24236453201970443 0.8575851393188855 0.17209302325581396 0.01989795918367347 0.9724137931034482,514539.8415131038,0.7785714285714286,15466,4 578 1273 1252 164 2135 73,0.23529411764705882 0.965034965034965 0.12118226600985221 0.5411764705882353 0.023255813953488372 0.0 1.0,333553.93886263744,0.7726190476190476,14936,17 131 1766 678 282 4095 -61,1.0 0.18356643356643357 0.3640394088669951 0.18575851393188855 0.5720930232558139 1.0 0.07586206896551724,1022250.0811236397,0.010714285714285714,20544
resolved-p21d-c7d-3600-all/resolved-p21d-c7d-3600-3rd/nsp-n50-d28-r0.10-rp2-fp2-s3,1 7 0 2 0 301 -183,0.023255813953488372 0.008375209380234505 0.0 0.0 0.0 0.0 0.0,24093.334891511822,0.2438095238095238,31788,1 7 0 13 0 454 -141,0.023255813953488372 0.008375209380234505 0.0 0.003026967528893781 0.0 0.014260415695777798 0.1935483870967742,24096.69801158477,0.12285714285714286,32072,1 8 0 26 0 512 -132,0.023255813953488372 0.010050251256281407 0.0 0.006604292790313704 0.0 0.019666324913785067 0.2350230414746544,24267.87505819744,0.06666666666666667,31753,22 7 0 7 0 446 -138,0.5116279069767442 0.008375209380234505 0.0 0.001375894331315355 0.0 0.013514773045018176 0.2073732718894009,512467.1463301013,0.013333333333333334,18468,13 457 1357 890 90 2527 -68,0.3023255813953488 0.7621440536013401 0.1324548560273304 0.24435883324160704 0.06875477463712758 0.20747506757386522 0.5299539170506913,380118.3743310543,0.2980952380952381,7720,13 406 785 550 59 1696 -100,0.3023255813953488 0.6767169179229481 0.07662274280136652 0.15079801871216292 0.04507257448433919 0.13002143722620935 0.3824884792626728,370920.48859466944,0.2361904761904762,1748,22 7 0 7 0 446 -139,0.5116279069767442 0.008375209380234505 0.0 0.001375894331315355 0.0 0.013514773045018176 0.20276497695852536,512467.1417218064,0.013333333333333334,18469,13 457 1357 890 90 2527 -68,0.3023255813953488 0.7621440536013401 0.1324548560273304 0.24435883324160704 0.06875477463712758 0.20747506757386522 0.5299539170506913,380118.3743310543,0.2980952380952381,7720,13 406 785 550 59 1696 -100,0.3023255813953488 0.6767169179229481 0.07662274280136652 0.15079801871216292 0.04507257448433919 0.13002143722620935 0.3824884792626728,370920.48859466944,0.2361904761904762,1748,22 7 0 7 0 446 -138,0.5116279069767442 0.008375209380234505 0.0 0.001375894331315355 0.0 0.013514773045018176 0.2073732718894009,512467.1463301013,0.013333333333333334,18468,16 83 916 309 57 2292 -72,0.37209302325581395 0.135678391959799 0.08940946803318692 0.08447991194276279 0.04354469060351413 0.1855718147078013 0.511520737327189,386646.15875201323,0.20761904761904762,7647,13 406 786 551 59 1696 -101,0.3023255813953488 0.6767169179229481 0.0767203513909224 0.15107319757842597 0.04507257448433919 0.13002143722620935 0.3778801843317972,370921.7352511363,0.2361904761904762,1747,43 587 4628 3050 404 6121 34,1.0 0.9798994974874372 0.4517325524646169 0.8387451843698404 0.30863254392666156 0.542455028427626 1.0,1103383.3082624367,0.5447619047619048,23289,0 2 1295 543 100 5805 8,0.0 0.0 0.1264031234748658 0.1488717666483214 0.07639419404125286 0.513002143722621 0.880184331797235,1426.552626570128,0.6342857142857142,34396,1 209 10245 3636 1309 11030 27,0.023255813953488372 0.34673366834170855 1.0 1.0 1.0 1.0 0.967741935483871,69040.1485295947,0.8361904761904762,25784,43 599 4930 2919 423 6197 28,1.0 1.0 0.48121034651049294 0.8026967528893781 0.32314744079449964 0.5495386336098425 0.9723502304147466,1105653.5826986402,0.5447619047619048,22626,0 3 1708 588 127 6734 30,0.0 0.0016750418760469012 0.1667154709614446 0.16125481563015961 0.09702062643239114 0.5995898965420822 0.9815668202764977,2012.593241278232,0.6438095238095238,32476,1 208 9992 3517 1239 10985 8,0.023255813953488372 0.34505862646566166 0.9753050268423621 0.9672537149146946 0.946524064171123 0.9958057600894771 0.880184331797235,68587.47123174266,0.8361904761904762,25857,22 7 0 7 0 451 -133,0.5116279069767442 0.008375209380234505 0.0 0.001375894331315355 0.0 0.01398079970174294 0.2304147465437788,512467.1740318425,0.013333333333333334,20367
resolved-p21d-c7d-3600-all/resolved-p21d-c7d-3600-3rd/nsp-n30-d28-r0.10-rp2-fp2-s2,0 0 0 0 0 101 -158,0.0 0.0 0.0 0.0 0.0 0.017543859649122806 0.0,0.17543859649122806,0.30158730158730157,528,0 0 0 0 0 96 -147,0.0 0.0 0.0 0.0 0.0 0.0 0.10784313725490197,0.10784313725490197,0.34285714285714286,477,0 0 0 0 0 98 -117,0.0 0.0 0.0 0.0 0.0 0.007017543859649123 0.4019607843137255,0.47213622291021673,0.2857142857142857,407,0 0 0 0 0 233 -63,0.0 0.0 0.0 0.0 0.0 0.4807017543859649 0.9313725490196079,5.738390092879257,0.10952380952380952,65,0 0 0 0 0 178 -80,0.0 0.0 0.0 0.0 0.0 0.28771929824561404 0.7647058823529411,3.6418988648090815,0.48412698412698413,17,0 0 0 0 0 232 -66,0.0 0.0 0.0 0.0 0.0 0.47719298245614034 0.9019607843137255,5.673890608875129,0.1111111111111111,74,0 0 0 0 0 230 -68,0.0 0.0 0.0 0.0 0.0 0.47017543859649125 0.8823529411764706,5.584107327141384,0.1126984126984127,49,0 0 0 0 0 184 -83,0.0 0.0 0.0 0.0 0.0 0.3087719298245614 0.7352941176470589,3.823013415892673,0.3253968253968254,29,0 0 0 0 0 237 -62,0.0 0.0 0.0 0.0 0.0 0.49473684210526314 0.9411764705882353,5.888544891640867,0.1111111111111111,39,0 0 0 0 0 248 -56,0.0 0.0 0.0 0.0 0.0 0.5333333333333333 1.0,6.333333333333333,0.10952380952380952,63,0 0 0 0 0 158 -75,0.0 0.0 0.0 0.0 0.0 0.21754385964912282 0.8137254901960784,2.989164086687307,0.4015873015873016,19,0 0 0 0 0 227 -71,0.0 0.0 0.0 0.0 0.0 0.45964912280701753 0.8529411764705882,5.449432404540763,0.1111111111111111,52,0 0 0 0 0 352 -75,0.0 0.0 0.0 0.0 0.0 0.8982456140350877 0.8137254901960784,9.796181630546956,0.3634920634920635,98,0 0 0 0 0 152 -61,0.0 0.0 0.0 0.0 0.0 0.19649122807017544 0.9509803921568627,2.915892672858617,0.665079365079365,135,0 0 0 0 0 381 -67,0.0 0.0 0.0 0.0 0.0 1.0 0.8921568627450981,10.892156862745098,0.353968253968254,120,0 0 0 0 0 352 -75,0.0 0.0 0.0 0.0 0.0 0.8982456140350877 0.8137254901960784,9.796181630546956,0.3634920634920635,98,0 0 0 0 0 152 -61,0.0 0.0 0.0 0.0 0.0 0.19649122807017544 0.9509803921568627,2.915892672858617,0.665079365079365,135,0 0 0 0 0 381 -67,0.0 0.0 0.0 0.0 0.0 1.0 0.8921568627450981,10.892156862745098,0.353968253968254,120,0 0 0 0 0 185 -81,0.0 0.0 0.0 0.0 0.0 0.312280701754386 0.7549019607843137,3.8777089783281737,0.10952380952380952,87
resolved-p21d-c7d-3600-all/resolved-p21d-c7d-3600-3rd/nsp-n10-d28-r0.10-rp0-fp0-s2,0 0 0 0 0 72 -48,0.0 0.0 0.0 0.0 0.0 0.125 0.0,1.25,0.4,144,0 0 0 0 0 72 -47,0.0 0.0 0.0 0.0 0.0 0.125 0.034482758620689655,1.2844827586206897,0.4,135,0 0 0 0 0 69 -43,0.0 0.0 0.0 0.0 0.0 0.0 0.1724137931034483,0.1724137931034483,0.45714285714285713,168,0 0 0 0 0 92 -20,0.0 0.0 0.0 0.0 0.0 0.9583333333333334 0.9655172413793104,10.548850574712644,0.1,85,0 0 0 0 0 86 -25,0.0 0.0 0.0 0.0 0.0 0.7083333333333334 0.7931034482758621,7.876436781609196,0.42857142857142855,9,0 0 0 0 0 92 -20,0.0 0.0 0.0 0.0 0.0 0.9583333333333334 0.9655172413793104,10.548850574712644,0.1,87,0 0 0 0 0 92 -20,0.0 0.0 0.0 0.0 0.0 0.9583333333333334 0.9655172413793104,10.548850574712644,0.1,62,0 0 0 0 0 89 -23,0.0 0.0 0.0 0.0 0.0 0.8333333333333334 0.8620689655172413,9.195402298850576,0.3380952380952381,11,0 0 0 0 0 92 -19,0.0 0.0 0.0 0.0 0.0 0.9583333333333334 1.0,10.583333333333334,0.1,64,0 0 0 0 0 92 -19,0.0 0.0 0.0 0.0 0.0 0.9583333333333334 1.0,10.583333333333334,0.1,49,0 0 0 0 0 85 -25,0.0 0.0 0.0 0.0 0.0 0.6666666666666666 0.7931034482758621,7.459770114942528,0.36666666666666664,26,0 0 0 0 0 92 -20,0.0 0.0 0.0 0.0 0.0 0.9583333333333334 0.9655172413793104,10.548850574712644,0.1,49,0 0 0 0 0 92 -19,0.0 0.0 0.0 0.0 0.0 0.9583333333333334 1.0,10.583333333333334,0.1,89,0 0 0 0 0 83 -29,0.0 0.0 0.0 0.0 0.0 0.5833333333333334 0.6551724137931034,6.488505747126437,0.6095238095238096,171,0 0 0 0 0 92 -20,0.0 0.0 0.0 0.0 0.0 0.9583333333333334 0.9655172413793104,10.548850574712644,0.1,152,0 0 0 0 0 93 -22,0.0 0.0 0.0 0.0 0.0 1.0 0.896551724137931,10.89655172413793,0.1,88,0 0 0 0 0 83 -29,0.0 0.0 0.0 0.0 0.0 0.5833333333333334 0.6551724137931034,6.488505747126437,0.6095238095238096,171,0 0 0 0 0 92 -19,0.0 0.0 0.0 0.0 0.0 0.9583333333333334 1.0,10.583333333333334,0.1,151,0 0 0 0 0 88 -26,0.0 0.0 0.0 0.0 0.0 0.7916666666666666 0.7586206896551724,8.675287356321839,0.10952380952380952,66
resolved-p21d-c7d-3600-all/resolved-p21d-c7d-3600-3rd/nsp-n10-d28-r0.10-rp0-fp0-s3,0 0 0 0 0 70 -41,0.0 0.0 0.0 0.0 0.0 0.0 0.0,0.0,0.580952380952381,162,0 0 0 0 0 71 -36,0.0 0.0 0.0 0.0 0.0 0.008849557522123894 0.21739130434782608,0.305886879569065,0.44285714285714284,124,0 0 0 0 0 73 -39,0.0 0.0 0.0 0.0 0.0 0.02654867256637168 0.08695652173913043,0.3524432474028472,0.48095238095238096,130,0 0 0 0 0 99 -30,0.0 0.0 0.0 0.0 0.0 0.25663716814159293 0.4782608695652174,3.0446325509811465,0.0761904761904762,41,0 0 0 0 0 96 -30,0.0 0.0 0.0 0.0 0.0 0.23008849557522124 0.4782608695652174,2.7791458253174297,0.38571428571428573,32,0 0 0 0 0 99 -30,0.0 0.0 0.0 0.0 0.0 0.25663716814159293 0.4782608695652174,3.0446325509811465,0.0761904761904762,34,0 0 0 0 0 99 -30,0.0 0.0 0.0 0.0 0.0 0.25663716814159293 0.4782608695652174,3.0446325509811465,0.0761904761904762,57,0 0 0 0 0 97 -25,0.0 0.0 0.0 0.0 0.0 0.23893805309734514 0.6956521739130435,3.085032704886495,0.4238095238095238,12,0 0 0 0 0 99 -30,0.0 0.0 0.0 0.0 0.0 0.25663716814159293 0.4782608695652174,3.0446325509811465,0.0761904761904762,44,0 0 0 0 0 99 -30,0.0 0.0 0.0 0.0 0.0 0.25663716814159293 0.4782608695652174,3.0446325509811465,0.0761904761904762,50,0 0 0 0 0 95 -27,0.0 0.0 0.0 0.0 0.0 0.22123893805309736 0.6086956521739131,2.821085032704887,0.6285714285714286,12,0 0 0 0 0 99 -30,0.0 0.0 0.0 0.0 0.0 0.25663716814159293 0.4782608695652174,3.0446325509811465,0.0761904761904762,37,0 0 0 0 0 99 -30,0.0 0.0 0.0 0.0 0.0 0.25663716814159293 0.4782608695652174,3.0446325509811465,0.0761904761904762,211,0 0 0 0 0 91 -18,0.0 0.0 0.0 0.0 0.0 0.18584070796460178 1.0,2.858407079646018,0.6095238095238096,43,0 0 0 0 0 183 -20,0.0 0.0 0.0 0.0 0.0 1.0 0.9130434782608695,10.91304347826087,0.35714285714285715,37,0 0 0 0 0 99 -30,0.0 0.0 0.0 0.0 0.0 0.25663716814159293 0.4782608695652174,3.0446325509811465,0.0761904761904762,211,0 0 0 0 0 91 -20,0.0 0.0 0.0 0.0 0.0 0.18584070796460178 0.9130434782608695,2.7714505579068875,0.6047619047619047,45,0 0 0 0 0 183 -20,0.0 0.0 0.0 0.0 0.0 1.0 0.9130434782608695,10.91304347826087,0.35714285714285715,37,0 0 0 0 0 92 -29,0.0 0.0 0.0 0.0 0.0 0.19469026548672566 0.5217391304347826,2.4686417853020393,0.14285714285714285,17
resolved-p21d-c7d-3600-all/resolved-p21d-c7d-3600-3rd/nsp-n20-d28-r0.10-rp2-fp2-s6,0 0 2 6 0 64 -95,0.0 0.0 0.0 0.0 0.0 0.0 0.015151515151515152,0.015151515151515152,0.44285714285714284,18256,0 0 2 7 0 67 -77,0.0 0.0 0.0 0.0019083969465648854 0.0 0.0019193857965451055 0.15151515151515152,2.079105956045488,0.41904761904761906,18717,0 0 2 6 0 77 -97,0.0 0.0 0.0 0.0 0.0 0.008317338451695458 0.0,0.08317338451695458,0.3047619047619048,18630,6 3 4 10 0 88 -82,1.0 0.03260869565217391 0.004016064257028112 0.007633587786259542 0.0 0.015355086372360844 0.11363636363636363,1003308.9309828012,0.011904761904761904,20950,0 91 468 400 89 1458 -3,0.0 0.9891304347826086 0.9357429718875502 0.7519083969465649 0.8725490196078431 0.891874600127959 0.7121212121212122,109119.26736325712,0.6738095238095239,43963,0 14 123 115 18 490 -34,0.0 0.15217391304347827 0.2429718875502008 0.20801526717557253 0.17647058823529413 0.272552783109405 0.4772727272727273,17875.975306407305,0.19047619047619047,49376,6 3 4 10 0 88 -82,1.0 0.03260869565217391 0.004016064257028112 0.007633587786259542 0.0 0.015355086372360844 0.11363636363636363,1003308.9309828012,0.011904761904761904,20950,0 87 500 399 94 1609 6,0.0 0.9456521739130435 1.0 0.75 0.9215686274509803 0.9884836852207294 0.7803030303030303,105418.03939393196,0.6857142857142857,44317,0 13 104 171 24 601 -15,0.0 0.14130434782608695 0.20481927710843373 0.3148854961832061 0.23529411764705882 0.3435700575815739 0.6212121212121212,16521.099374337973,0.4666666666666667,49894,6 3 4 10 0 88 -82,1.0 0.03260869565217391 0.004016064257028112 0.007633587786259542 0.0 0.015355086372360844 0.11363636363636363,1003308.9309828012,0.011904761904761904,20950,0 92 484 530 102 1377 3,0.0 1.0 0.9678714859437751 1.0 1.0 0.8400511836212412 0.7575757575757576,110787.87294703154,0.6857142857142857,41639,0 27 154 196 35 802 -16,0.0 0.29347826086956524 0.30522088353413657 0.36259541984732824 0.3431372549019608 0.472168905950096 0.6136363636363636,32802.279393058554,0.40476190476190477,47249,3 19 357 215 57 1627 30,0.5 0.20652173913043478 0.7128514056224899 0.3988549618320611 0.5588235294117647 1.0 0.9621212121212122,528246.3874052537,0.40476190476190477,88631,0 0 303 224 72 1054 30,0.0 0.0 0.6044176706827309 0.41603053435114506 0.7058823529411765 0.6333973128598849 0.9621212121212122,6538.0915708132925,0.680952380952381,80838,0 0 2 6 0 187 -43,0.0 0.0 0.0 0.0 0.0 0.07869481765834933 0.4090909090909091,1.1960390856744025,0.37142857142857144,32925,3 13 310 165 47 1612 35,0.5 0.14130434782608695 0.6184738955823293 0.30343511450381677 0.46078431372549017 0.9904030710172744 1.0,520675.59131501854,0.3976190476190476,95443,0 0 274 183 60 1041 26,0.0 0.0 0.5461847389558233 0.3377862595419847 0.5882352941176471 0.6250799744081894 0.9318181818181818,5865.639796437882,0.7119047619047619,82751,0 0 2 6 0 216 -50,0.0 0.0 0.0 0.0 0.0 0.09724888035828536 0.3560606060606061,1.3285494096434598,0.38333333333333336,32381,6 3 4 10 0 88 -82,1.0 0.03260869565217391 0.004016064257028112 0.007633587786259542 0.0 0.015355086372360844 0.11363636363636363,1003308.9309828012,0.011904761904761904,13590
resolved-p21d-c7d-3600-all/resolved-p21d-c7d-3600-3rd/nsp-n30-d28-r0.10-rp2-fp2-s8,0 0 2 2 0 96 -174,0.0 0.0 0.002607561929595828 0.004424778761061947 0.0 0.0 0.0,30.500398057020227,0.34285714285714286,34848,1 2 2 2 0 112 -160,0.08333333333333333 0.012658227848101266 0.002607561929595828 0.004424778761061947 0.0 0.01177336276674025 0.08139534883720931,84629.85564517698,0.23809523809523808,34969,1 2 2 2 0 117 -122,0.08333333333333333 0.012658227848101266 0.002607561929595828 0.004424778761061947 0.0 0.01545253863134658 0.3023255813953488,84630.11336716819,0.173015873015873,34762,12 2 0 0 0 116 -127,1.0 0.012658227848101266 0.0 0.0 0.0 0.014716703458425313 0.27325581395348836,1001266.2432076586,0.006349206349206349,6641,0 114 521 354 69 1169 -55,0.0 0.7215189873417721 0.6792698826597132 0.7831858407079646 0.8023255813953488 0.789551140544518 0.6918604651162791,79816.60333149241,0.32063492063492066,3610,1 158 637 375 67 1222 -59,0.08333333333333333 1.0 0.8305084745762712 0.8296460176991151 0.7790697674418605 0.8285504047093452 0.6686046511627907,192554.9251822376,0.3873015873015873,3038,12 2 0 0 0 116 -124,1.0 0.012658227848101266 0.0 0.0 0.0 0.014716703458425313 0.29069767441860467,1001266.2606495192,0.006349206349206349,9781,0 109 644 452 67 1202 -76,0.0 0.689873417721519 0.8396349413298566 1.0 0.7790697674418605 0.8138337012509198 0.5697674418604651,78470.30626664903,0.4,3676,1 87 577 250 43 998 -75,0.08333333333333333 0.5506329113924051 0.7522816166883963 0.5530973451327433 0.5 0.6637233259749816 0.5755813953488372,146529.75079924564,0.25396825396825395,3240,12 2 0 0 0 117 -128,1.0 0.012658227848101266 0.0 0.0 0.0 0.01545253863134658 0.26744186046511625,1001266.2447520569,0.006349206349206349,8233,0 113 767 386 86 1455 -46,0.0 0.7151898734177216 1.0 0.8539823008849557 1.0 1.0 0.7441860465116279,82483.71382870362,0.4,3661,1 89 610 306 42 1098 -68,0.08333333333333333 0.5632911392405063 0.7953063885267275 0.6769911504424779 0.4883720930232558 0.7373068432671082 0.6162790697674418,148349.32884989848,0.2777777777777778,3112,12 2 0 0 0 116 -127,1.0 0.012658227848101266 0.0 0.0 0.0 0.014716703458425313 0.27325581395348836,1001266.2432076586,0.006349206349206349,5727,0 0 33 191 44 986 -8,0.0 0.0 0.04302477183833116 0.4225663716814159 0.5116279069767442 0.6548933038999264 0.9651162790697675,911.490930080471,0.6952380952380952,21407,0 0 82 280 34 1063 -31,0.0 0.0 0.10691003911342895 0.6194690265486725 0.3953488372093023 0.7115526122148639 0.8313953488372093,1736.051222874878,0.5904761904761905,20661,12 2 0 0 0 116 -127,1.0 0.012658227848101266 0.0 0.0 0.0 0.014716703458425313 0.27325581395348836,1001266.2432076586,0.006349206349206349,5727,0 0 30 205 45 991 -2,0.0 0.0 0.03911342894393742 0.45353982300884954 0.5232558139534884 0.6585724797645327 1.0,904.5854186412179,0.7015873015873015,22672,0 0 64 264 60 1282 -3,0.0 0.0 0.08344198174706649 0.584070796460177 0.6976744186046512 0.8727005150846211 0.9941860465116279,1497.979246988665,0.6666666666666666,22784,12 2 0 0 0 116 -126,1.0 0.012658227848101266 0.0 0.0 0.0 0.014716703458425313 0.27906976744186046,1001266.2490216121,0.006349206349206349,28308
resolved-p21d-c7d-3600-all/resolved-p21d-c7d-3600-3rd/nsp-n20-d28-r0.10-rp2-fp2-s9,0 0 0 0 0 53 -84,0.0 0.0 0.0 0.0 0.0 0.0 0.0,0.0,0.4928571428571429,405,0 0 0 0 0 57 -83,0.0 0.0 0.0 0.0 0.0 0.017699115044247787 0.012345679012345678,0.18933682945482355,0.41904761904761906,354,0 0 0 0 0 60 -64,0.0 0.0 0.0 0.0 0.0 0.030973451327433628 0.24691358024691357,0.5566480935212499,0.38333333333333336,337,0 0 0 0 0 102 -41,0.0 0.0 0.0 0.0 0.0 0.2168141592920354 0.5308641975308642,2.6990057904512184,0.10476190476190476,98,0 0 0 0 0 92 -32,0.0 0.0 0.0 0.0 0.0 0.17256637168141592 0.6419753086419753,2.3676390254561346,0.36666666666666664,9,0 0 0 0 0 102 -41,0.0 0.0 0.0 0.0 0.0 0.2168141592920354 0.5308641975308642,2.6990057904512184,0.10476190476190476,134,0 0 0 0 0 102 -41,0.0 0.0 0.0 0.0 0.0 0.2168141592920354 0.5308641975308642,2.6990057904512184,0.10476190476190476,126,0 0 0 0 0 95 -33,0.0 0.0 0.0 0.0 0.0 0.18584070796460178 0.6296296296296297,2.4880367092756477,0.3880952380952381,17,0 0 0 0 0 102 -38,0.0 0.0 0.0 0.0 0.0 0.2168141592920354 0.5679012345679012,2.736042827488255,0.10476190476190476,183,0 0 0 0 0 102 -41,0.0 0.0 0.0 0.0 0.0 0.2168141592920354 0.5308641975308642,2.6990057904512184,0.10476190476190476,165,0 0 0 0 0 84 -28,0.0 0.0 0.0 0.0 0.0 0.13716814159292035 0.691358024691358,2.063039440620561,0.44761904761904764,21,0 0 0 0 0 102 -40,0.0 0.0 0.0 0.0 0.0 0.2168141592920354 0.5432098765432098,2.7113514694635636,0.10476190476190476,139,0 0 0 0 0 279 -10,0.0 0.0 0.0 0.0 0.0 1.0 0.9135802469135802,10.91358024691358,0.38333333333333336,77,0 0 0 0 0 73 -46,0.0 0.0 0.0 0.0 0.0 0.08849557522123894 0.4691358024691358,1.354091554681525,0.6928571428571428,148,0 0 0 0 0 271 -3,0.0 0.0 0.0 0.0 0.0 0.9646017699115044 1.0,10.646017699115044,0.4261904761904762,42,0 0 0 0 0 279 -10,0.0 0.0 0.0 0.0 0.0 1.0 0.9135802469135802,10.91358024691358,0.38333333333333336,77,0 0 0 0 0 73 -46,0.0 0.0 0.0 0.0 0.0 0.08849557522123894 0.4691358024691358,1.354091554681525,0.6928571428571428,148,0 0 0 0 0 271 -3,0.0 0.0 0.0 0.0 0.0 0.9646017699115044 1.0,10.646017699115044,0.4261904761904762,42,0 0 0 0 0 94 -27,0.0 0.0 0.0 0.0 0.0 0.18141592920353983 0.7037037037037037,2.517862995739102,0.14047619047619048,123
resolved-p21d-c7d-3600-all/resolved-p21d-c7d-3600-3rd/nsp-n50-d28-r0.10-rp2-fp2-s5,1 10 2 2 0 271 -201,0.043478260869565216 0.017241379310344827 0.002068252326783868 0.002531645569620253 0.0 0.0 0.0,45225.612969437156,0.28285714285714286,8984,1 11 2 14 0 441 -117,0.043478260869565216 0.01896551724137931 0.002068252326783868 0.017721518987341773 0.0 0.09502515371716043 0.39622641509433965,45414.56311391059,0.11142857142857143,23802,1 11 4 20 0 472 -113,0.043478260869565216 0.01896551724137931 0.004136504653567736 0.02531645569620253 0.0 0.11235326998323085 0.41509433962264153,45443.03272297448,0.08,23104,23 10 0 9 0 345 -100,1.0 0.017241379310344827 0.0 0.01139240506329114 0.0 0.04136389044158748 0.47641509433962265,1001736.4203900965,0.01904761904761905,10612,19 437 870 790 49 1730 -77,0.8260869565217391 0.753448275862069 0.8996897621509824 1.0 0.7777777777777778 0.815539407490218 0.5849056603773585,911515.1998069689,0.22952380952380952,3884,15 423 927 703 63 1639 -78,0.6521739130434783 0.7293103448275862 0.9586349534643226 0.889873417721519 1.0 0.7646730016769144 0.5801886792452831,735689.3973972977,0.18,3948,23 10 0 9 0 343 -106,1.0 0.017241379310344827 0.0 0.01139240506329114 0.0 0.04024594745667971 0.4481132075471698,1001736.3809087799,0.01904761904761905,10617,18 580 967 745 60 2060 -53,0.782608695652174 1.0 1.0 0.9430379746835443 0.9523809523809523 1.0 0.6981132075471698,893657.6698353031,0.30666666666666664,3895,15 423 927 703 63 1639 -78,0.6521739130434783 0.7293103448275862 0.9586349534643226 0.889873417721519 1.0 0.7646730016769144 0.5801886792452831,735689.3973972977,0.18,3948,23 10 0 9 0 343 -106,1.0 0.017241379310344827 0.0 0.01139240506329114 0.0 0.04024594745667971 0.4481132075471698,1001736.3809087799,0.01904761904761905,10617,19 437 870 790 49 1730 -77,0.8260869565217391 0.753448275862069 0.8996897621509824 1.0 0.7777777777777778 0.815539407490218 0.5849056603773585,911515.1998069689,0.22952380952380952,3884,15 423 927 703 63 1639 -78,0.6521739130434783 0.7293103448275862 0.9586349534643226 0.889873417721519 1.0 0.7646730016769144 0.5801886792452831,735689.3973972977,0.18,3948,23 10 0 9 0 347 -100,1.0 0.017241379310344827 0.0 0.01139240506329114 0.0 0.042481833426495245 0.47641509433962265,1001736.4315695263,0.01904761904761905,17103,0 0 2 0 0 547 -135,0.0 0.0 0.002068252326783868 0.0 0.0 0.1542761319172722 0.3113207547169811,22.536605341728382,0.6742857142857143,8987,0 0 5 145 4 1552 11,0.0 0.0 0.005170630816959669 0.18354430379746836 0.06349206349206349 0.7160424818334264 1.0,249.76024313460567,0.66,11298,23 10 0 9 0 347 -100,1.0 0.017241379310344827 0.0 0.01139240506329114 0.0 0.042481833426495245 0.47641509433962265,1001736.4315695263,0.01904761904761905,17103,0 0 2 0 0 547 -135,0.0 0.0 0.002068252326783868 0.0 0.0 0.1542761319172722 0.3113207547169811,22.536605341728382,0.6742857142857143,8987,0 0 2 19 1 1295 -47,0.0 0.0 0.002068252326783868 0.024050632911392405 0.015873015873015872 0.5723868082727781 0.7264150943396226,52.770740943600075,0.6571428571428571,12028,23 10 0 9 0 341 -109,1.0 0.017241379310344827 0.0 0.01139240506329114 0.0 0.03912800447177194 0.4339622641509434,1001736.3555784066,0.01904761904761905,23073
resolved-p21d-c7d-3600-all/resolved-p21d-c7d-3600-3rd/nsp-n50-d28-r0.10-rp2-fp2-s2,1 24 1168 396 124 3794 -28,0.043478260869565216 0.037300177619893425 0.0 0.0 0.0 0.0 0.09550561797752809,47208.374137172534,0.27714285714285714,11150,1 45 1465 967 165 4709 -37,0.043478260869565216 0.07460035523978685 0.09913217623497997 0.3771466314398943 0.21243523316062177 0.23347792804286807 0.0449438202247191,52330.388033750314,0.16380952380952382,11565,1 97 1596 1133 166 4532 -45,0.043478260869565216 0.1669626998223801 0.14285714285714285 0.4867899603698811 0.21761658031088082 0.18831334524113294 0.0,62113.537032228036,0.1019047619047619,9968,21 158 1604 650 148 3807 10,0.9130434782608695 0.2753108348134991 0.14552736982643524 0.16776750330250992 0.12435233160621761 0.003317172748150038 0.3089887640449438,942210.3803374384,0.010476190476190476,21048,19 566 2134 1909 229 3899 28,0.8260869565217391 1.0 0.32242990654205606 0.9993394980184941 0.5440414507772021 0.026792549119673385 0.4101123595505618,930365.6772681066,0.18857142857142858,1703,15 439 3161 1763 238 4516 25,0.6521739130434783 0.7744227353463587 0.6652202937249666 0.9029062087186261 0.5906735751295337 0.18423067108956367 0.39325842696629215,737232.5986467332,0.18857142857142858,1612,21 158 1604 650 148 3807 10,0.9130434782608695 0.2753108348134991 0.14552736982643524 0.16776750330250992 0.12435233160621761 0.003317172748150038 0.3089887640449438,942210.3803374384,0.010476190476190476,21048,20 482 2774 1616 198 4177 21,0.8695652173913043 0.8507992895204263 0.5360480640854473 0.8058124174372523 0.38341968911917096 0.09772901250318959 0.3707865168539326,960851.1294471924,0.16952380952380952,1601,15 439 3161 1763 238 4516 25,0.6521739130434783 0.7744227353463587 0.6652202937249666 0.9029062087186261 0.5906735751295337 0.18423067108956367 0.39325842696629215,737232.5986467332,0.18857142857142858,1612,21 158 1604 650 148 3807 10,0.9130434782608695 0.2753108348134991 0.14552736982643524 0.16776750330250992 0.12435233160621761 0.003317172748150038 0.3089887640449438,942210.3803374384,0.010476190476190476,21048,19 566 2134 1910 230 3898 28,0.8260869565217391 1.0 0.32242990654205606 1.0 0.5492227979274611 0.026537381985200306 0.4101123595505618,930366.8533531318,0.18857142857142858,1702,23 466 3671 1878 317 4934 33,1.0 0.822380106571936 0.8354472630173565 0.9788639365918098 1.0 0.290890533299311 0.43820224719101125,1091674.694331539,0.18,1414,19 328 4164 1207 311 6559 112,0.8260869565217391 0.5772646536412078 1.0 0.535667107001321 0.9689119170984456 0.7055371268180658 0.8820224719101124,894453.9175783112,0.5276190476190477,25080,0 19 2830 858 277 6556 92,0.0 0.028419182948490232 0.554739652870494 0.3051519154557464 0.7927461139896373 0.7047716254146466 0.7696629213483146,8781.558729584167,0.7742857142857142,28343,0 3 1809 523 207 7110 90,0.0 0.0 0.21395193591455275 0.08388375165125496 0.43005181347150256 0.8461342179127328 0.7584269662921348,2275.6280612893524,0.7180952380952381,32678,20 323 3857 1165 267 6542 133,0.8695652173913043 0.5683836589698046 0.8975300400534045 0.5079260237780714 0.7409326424870466 0.7011992855320235 1.0,935968.914969701,0.5276190476190477,24284,0 11 2044 868 199 7713 124,0.0 0.014209591474245116 0.2923898531375167 0.31175693527080584 0.38860103626943004 1.0 0.949438202247191,4706.424155899675,0.7752380952380953,30978,0 3 1760 493 202 6847 79,0.0 0.0 0.19759679572763686 0.06406869220607662 0.40414507772020725 0.7790252615463128 0.6966292134831461,2088.938039083412,0.7180952380952381,33246,22 161 2011 981 158 4808 -33,0.9565217391304348 0.28063943161634103 0.28137516688918557 0.38639365918097757 0.17616580310880828 0.258739474355703 0.06741573033707865,987806.0990109266,0.010476190476190476,5060
resolved-p21d-c7d-3600-all/resolved-p21d-c7d-3600-3rd/nsp-n20-d28-r0.10-rp2-fp2-s8,0 1 1 0 0 68 -58,0.0 0.0 0.0 0.0 0.0 0.0 0.0,0.0,0.669047619047619,10209,0 1 21 44 2 357 9,0.0 0.0 0.06230529595015576 0.19555555555555557 0.018691588785046728 0.17030053034767237 0.6203703703703703,822.801049609465,0.4261904761904762,10265,0 1 92 110 39 873 15,0.0 0.0 0.2834890965732087 0.4888888888888889 0.3644859813084112 0.474366529169122 0.6759259259259259,3365.648043969434,0.19523809523809524,9193,10 1 238 141 78 1424 37,1.0 0.0 0.7383177570093458 0.6266666666666667 0.7289719626168224 0.7990571596935769 0.8796296296296297,1008091.6116342484,0.009523809523809525,2717,0 1 1 0 0 118 -1,0.0 0.0 0.0 0.0 0.0 0.02946375957572186 0.5277777777777778,0.8224153735349964,0.6190476190476191,14867,0 1 1 1 0 223 8,0.0 0.0 0.0 0.0044444444444444444 0.0 0.09133765468473777 0.6111111111111112,5.968932102402934,0.49047619047619045,14501,10 1 238 141 78 1424 37,1.0 0.0 0.7383177570093458 0.6266666666666667 0.7289719626168224 0.7990571596935769 0.8796296296296297,1008091.6116342484,0.009523809523809525,2717,0 1 1 0 0 118 -1,0.0 0.0 0.0 0.0 0.0 0.02946375957572186 0.5277777777777778,0.8224153735349964,0.6190476190476191,14867,0 1 1 1 0 223 8,0.0 0.0 0.0 0.0044444444444444444 0.0 0.09133765468473777 0.6111111111111112,5.968932102402934,0.49047619047619045,14501,10 1 238 141 78 1424 37,1.0 0.0 0.7383177570093458 0.6266666666666667 0.7289719626168224 0.7990571596935769 0.8796296296296297,1008091.6116342484,0.009523809523809525,2717,0 1 1 0 0 118 -1,0.0 0.0 0.0 0.0 0.0 0.02946375957572186 0.5277777777777778,0.8224153735349964,0.6190476190476191,14867,0 1 1 1 0 272 4,0.0 0.0 0.0 0.0044444444444444444 0.0 0.12021213906894519 0.5740740740740741,6.2206399092079705,0.4928571428571429,14493,10 1 238 142 78 1424 36,1.0 0.0 0.7383177570093458 0.6311111111111111 0.7289719626168224 0.7990571596935769 0.8703703703703703,1008096.0468194336,0.009523809523809525,5824,0 1 50 160 24 896 34,0.0 0.0 0.1526479750778816 0.7111111111111111 0.22429906542056074 0.48791985857395404 0.8518518518518519,2265.751818869575,0.6404761904761904,50410,0 1 322 210 98 1765 50,0.0 0.0 1.0 0.9333333333333333 0.9158878504672897 1.0 1.0,11035.922118380062,0.6476190476190476,72457,10 1 238 142 78 1424 36,1.0 0.0 0.7383177570093458 0.6311111111111111 0.7289719626168224 0.7990571596935769 0.8703703703703703,1008096.0468194336,0.009523809523809525,5824,0 1 47 170 37 887 33,0.0 0.0 0.14330218068535824 0.7555555555555555 0.34579439252336447 0.4826163818503241 0.8425925925925926,2228.82555807257,0.6238095238095238,50555,0 1 313 225 107 1736 48,0.0 0.0 0.9719626168224299 1.0 1.0 0.9829110194460813 0.9814814814814815,10830.43675990024,0.6476190476190476,72573,5 2 234 135 74 1377 33,0.5 1.0 0.7258566978193146 0.6 0.6915887850467289 0.7713612256923984 0.8425925925925926,607936.2820615474,0.023809523809523808,52654
resolved-p21d-c7d-3600-all/resolved-p21d-c7d-3600-3rd/nsp-n40-d28-r0.10-rp2-fp2-s7,3 2 0 0 0 130 -174,0.15 0.003355704697986577 0.0 0.0 0.0 0.0 0.0,150335.57046979867,0.33095238095238094,24586,2 4 0 1 0 175 -133,0.1 0.010067114093959731 0.0 0.000946073793755913 0.0 0.008678881388621022 0.14285714285714285,101007.88712914647,0.2130952380952381,24661,3 3 0 0 0 221 -130,0.15 0.006711409395973154 0.0 0.0 0.0 0.017550626808100288 0.15331010452961671,150671.4697559699,0.16666666666666666,24994,20 4 0 5 0 216 -131,1.0 0.010067114093959731 0.0 0.004730368968779565 0.0 0.016586306653809064 0.14982578397212543,1001011.7574672153,0.011904761904761904,23705,5 299 750 546 66 1359 -62,0.25 1.0 0.38109756097560976 0.5165562913907285 0.20952380952380953 0.23702989392478302 0.3902439024390244,354351.2448249409,0.2785714285714286,2699,7 276 627 440 33 1391 -85,0.35 0.9228187919463087 0.31859756097560976 0.4162724692526017 0.10476190476190476 0.24320154291224685 0.31010452961672474,445897.3455840745,0.24166666666666667,2682,20 4 0 5 0 216 -130,1.0 0.010067114093959731 0.0 0.004730368968779565 0.0 0.016586306653809064 0.15331010452961671,1001011.7609515358,0.011904761904761904,23704,5 299 749 588 69 1303 -58,0.25 1.0 0.38058943089430897 0.5562913907284768 0.21904761904761905 0.2262295081967213 0.40418118466898956,354386.756937843,0.42142857142857143,2700,7 268 842 570 53 1705 -30,0.35 0.8959731543624161 0.42784552845528456 0.5392620624408704 0.16825396825396827 0.3037608486017358 0.5017421602787456,444435.397530707,0.4095238095238095,2727,20 4 0 5 0 216 -131,1.0 0.010067114093959731 0.0 0.004730368968779565 0.0 0.016586306653809064 0.14982578397212543,1001011.7574672153,0.011904761904761904,23705,5 299 749 588 69 1303 -58,0.25 1.0 0.38058943089430897 0.5562913907284768 0.21904761904761905 0.2262295081967213 0.40418118466898956,354386.756937843,0.42142857142857143,2700,7 276 627 440 33 1391 -85,0.35 0.9228187919463087 0.31859756097560976 0.4162724692526017 0.10476190476190476 0.24320154291224685 0.31010452961672474,445897.3455840745,0.24166666666666667,2682,9 153 1633 1037 105 4083 113,0.45 0.5100671140939598 0.8297764227642277 0.9810785241248817 0.3333333333333333 0.7623915139826423 1.0,510327.5114096363,0.5666666666666667,38768,0 5 1660 758 315 5315 41,0.0 0.013422818791946308 0.8434959349593496 0.7171239356669821 1.0 1.0 0.7491289198606271,10605.11429337497,0.6654761904761904,38762,0 1 0 13 0 751 -47,0.0 0.0 0.0 0.01229895931882687 0.0 0.1197685631629701 0.4425087108013937,13.939153661257963,0.6880952380952381,30439,10 99 1559 1057 117 4167 110,0.5 0.3288590604026846 0.7921747967479674 1.0 0.37142857142857144 0.7785920925747348 0.9895470383275261,541853.5723328551,0.5726190476190476,37511,0 1 1968 698 270 5271 23,0.0 0.0 1.0 0.6603595080416272 0.8571428571428571 0.9915139826422372 0.686411149825784,10756.67534473216,0.6642857142857143,41090,0 1 0 0 0 753 -57,0.0 0.0 0.0 0.0 0.0 0.1201542912246866 0.4076655052264808,1.6092084174733468,0.4095238095238095,31163,20 4 0 5 0 217 -116,1.0 0.010067114093959731 0.0 0.004730368968779565 0.0 0.01677917068466731 0.20209059233449478,1001011.8116606639,0.011904761904761904,27323
resolved-p21d-c7d-3600-all/resolved-p21d-c7d-3600-3rd/nsp-n50-d28-r0.10-rp2-fp2-s4,6 9 0 43 0 359 -105,0.3333333333333333 0.011824324324324325 0.0 0.03625954198473282 0.0 0.0010893246187363835 0.0,334552.03620099666,0.2,27264,5 9 0 13 1 475 -75,0.2777777777777778 0.011824324324324325 0.0 0.007633587786259542 0.005747126436781609 0.019140989729225025 0.10067114093959731,278968.7105916784,0.09142857142857143,34404,6 9 0 21 1 458 -67,0.3333333333333333 0.011824324324324325 0.0 0.015267175572519083 0.005747126436781609 0.01649548708372238 0.12751677852348994,334531.9001256313,0.0761904761904762,33778,18 9 1 5 0 355 -87,1.0 0.011824324324324325 0.0005417118093174431 0.0 0.0 0.00046685340802987864 0.06040268456375839,1001187.9146217443,0.025714285714285714,17922,12 396 738 618 44 1769 -65,0.6666666666666666 0.6655405405405406 0.39978331527627303 0.5849236641221374 0.25287356321839083 0.22051042639277935 0.1342281879194631,737831.1042263792,0.2219047619047619,2138,9 519 983 772 59 1893 -41,0.5 0.8733108108108109 0.5325027085590466 0.7318702290076335 0.3390804597701149 0.23980703392468097 0.21476510067114093,593424.4992770961,0.2438095238095238,416,18 9 1 5 0 355 -86,1.0 0.011824324324324325 0.0005417118093174431 0.0 0.0 0.00046685340802987864 0.06375838926174497,1001187.9179774489,0.025714285714285714,17921,11 594 876 914 61 2009 -22,0.6111111111111112 1.0 0.4745395449620802 0.8673664122137404 0.3505747126436782 0.2578586990351696 0.2785234899328859,716761.7875546903,0.319047619047619,2139,9 529 923 1002 64 1924 -35,0.5 0.8902027027027027 0.5 0.9513358778625954 0.367816091954023 0.2446311858076564 0.2348993288590604,595011.0689685153,0.35428571428571426,408,18 9 1 5 0 355 -86,1.0 0.011824324324324325 0.0005417118093174431 0.0 0.0 0.00046685340802987864 0.06375838926174497,1001187.9179774489,0.025714285714285714,17921,11 385 822 660 48 1541 -65,0.6111111111111112 0.6469594594594594 0.4452871072589382 0.625 0.27586206896551724 0.18502956738250856 0.1342281879194631,680914.4988604047,0.13238095238095238,2232,9 519 983 772 59 1893 -41,0.5 0.8733108108108109 0.5325027085590466 0.7318702290076335 0.3390804597701149 0.23980703392468097 0.21476510067114093,593424.4992770961,0.2438095238095238,416,10 183 1645 1053 105 5347 192,0.5555555555555556 0.30574324324324326 0.8911159263271939 1.0 0.603448275862069 0.7773109243697479 0.9966442953020134,596110.153724277,0.5780952380952381,33317,1 138 1480 928 157 4713 132,0.05555555555555555 0.22972972972972974 0.8017334777898159 0.8807251908396947 0.9022988505747126 0.6786492374727668 0.7953020134228188,87524.400176712,0.7352380952380952,24151,0 3 1846 637 163 6778 106,0.0 0.0016891891891891893 1.0 0.6030534351145038 0.9367816091954023 1.0 0.7080536912751678,10876.358568644238,0.6714285714285714,28510,10 181 1643 1050 103 5337 193,0.5555555555555556 0.30236486486486486 0.890032502708559 0.9971374045801527 0.5919540229885057 0.7757547463429816 1.0,595757.4574234701,0.5780952380952381,33457,0 81 1572 935 174 5613 123,0.0 0.13344594594594594 0.8515709642470206 0.8874045801526718 1.0 0.8187052598817305 0.7651006711409396,22856.66097048743,0.7371428571428571,29752,0 2 1477 610 127 6357 66,0.0 0.0 0.8001083423618635 0.5772900763358778 0.7298850574712644 0.9344849050731404 0.5738255033557047,8661.280680255726,0.6876190476190476,32685,18 9 1 5 0 352 -85,1.0 0.011824324324324325 0.0005417118093174431 0.0 0.0 0.0 0.06711409395973154,1001187.9166646196,0.025714285714285714,29305
resolved-p21d-c7d-3600-all/resolved-p21d-c7d-3600-3rd/nsp-n20-d28-r0.10-rp2-fp2-s1,0 1 1 0 0 62 -95,0.0 0.021739130434782608 0.0021598272138228943 0.0 0.0 0.0008718395815170009 0.03571428571428571,2195.5557482980194,0.3976190476190476,6116,0 1 1 0 0 63 -100,0.0 0.021739130434782608 0.0021598272138228943 0.0 0.0 0.0013077593722755014 0.0,2195.5243932102126,0.3,6164,0 1 1 0 0 60 -92,0.0 0.021739130434782608 0.0021598272138228943 0.0 0.0 0.0 0.05714285714285714,2195.5684584736327,0.34285714285714286,6115,14 0 0 3 0 62 -74,1.0 0.0 0.0 0.008645533141210375 0.0 0.0008718395815170009 0.18571428571428572,1000008.8399658228,0.014285714285714285,4185,0 41 218 248 44 1043 22,0.0 0.8913043478260869 0.4708423326133909 0.7146974063400576 0.32592592592592595 0.42850915431560593 0.8714285714285714,94591.30462778984,0.6666666666666666,20146,0 1 1 0 0 89 -70,0.0 0.021739130434782608 0.0021598272138228943 0.0 0.0 0.012641673931996512 0.21428571428571427,2195.8520180700957,0.1,22055,14 0 0 3 0 62 -74,1.0 0.0 0.0 0.008645533141210375 0.0 0.0008718395815170009 0.18571428571428572,1000008.8399658228,0.014285714285714285,4185,0 46 304 291 36 857 6,0.0 1.0 0.6565874730021598 0.8386167146974063 0.26666666666666666 0.34742807323452485 0.7571428571428571,107435.38953497515,0.5428571428571428,19042,0 1 1 0 0 89 -70,0.0 0.021739130434782608 0.0021598272138228943 0.0 0.0 0.012641673931996512 0.21428571428571427,2195.8520180700957,0.1,22055,14 0 0 3 0 62 -74,1.0 0.0 0.0 0.008645533141210375 0.0 0.0008718395815170009 0.18571428571428572,1000008.8399658228,0.014285714285714285,4185,0 33 438 323 77 1117 -8,0.0 0.717391304347826 0.9460043196544277 0.930835734870317 0.5703703703703704 0.46076721883173494 0.6571428571428571,82192.3112182797,0.44047619047619047,21515,0 1 1 0 0 89 -70,0.0 0.021739130434782608 0.0021598272138228943 0.0 0.0 0.012641673931996512 0.21428571428571427,2195.8520180700957,0.1,22055,14 0 0 3 0 62 -74,1.0 0.0 0.0 0.008645533141210375 0.0 0.0008718395815170009 0.18571428571428572,1000008.8399658228,0.014285714285714285,5667,0 1 377 295 90 1621 26,0.0 0.021739130434782608 0.8142548596112311 0.8501440922190202 0.6666666666666666 0.6804707933740192 0.9,11240.977106409999,0.7428571428571429,57694,0 3 463 347 135 2354 21,0.0 0.06521739130434782 1.0 1.0 1.0 1.0 0.8642857142857143,17632.603416149068,0.7428571428571429,53868,14 0 0 3 0 62 -74,1.0 0.0 0.0 0.008645533141210375 0.0 0.0008718395815170009 0.18571428571428572,1000008.8399658228,0.014285714285714285,5667,0 1 376 312 91 1624 40,0.0 0.021739130434782608 0.8120950323974082 0.899135446685879 0.674074074074074 0.6817785527462947 1.0,11269.224007073093,0.7428571428571429,57747,0 1 397 300 106 2320 22,0.0 0.021739130434782608 0.857451403887689 0.8645533141210374 0.7851851851851852 0.985178727114211 0.8714285714285714,11702.222130837277,0.7261904761904762,56058,7 1 1 6 0 73 -61,0.5 0.021739130434782608 0.0021598272138228943 0.01729106628242075 0.0 0.005666957279860506 0.2785714285714286,502213.1376229003,0.03333333333333333,33433
resolved-p21d-c7d-3600-all/resolved-p21d-c7d-3600-3rd/nsp-n20-d28-r0.10-rp2-fp2-s3,0 0 0 0 0 68 -51,0.0 0.0 0.0 0.0 0.0 0.0 0.4,0.4,0.3523809523809524,281,0 0 0 0 0 71 -73,0.0 0.0 0.0 0.0 0.0 0.014925373134328358 0.0,0.14925373134328357,0.29285714285714287,300,0 0 0 0 0 70 -72,0.0 0.0 0.0 0.0 0.0 0.009950248756218905 0.01818181818181818,0.11768430574400723,0.25,270,0 0 0 0 0 112 -55,0.0 0.0 0.0 0.0 0.0 0.21890547263681592 0.32727272727272727,2.516327453640886,0.08333333333333333,130,0 0 0 0 0 119 -36,0.0 0.0 0.0 0.0 0.0 0.2537313432835821 0.6727272727272727,3.210040705563094,0.39285714285714285,22,0 0 0 0 0 112 -55,0.0 0.0 0.0 0.0 0.0 0.21890547263681592 0.32727272727272727,2.516327453640886,0.08333333333333333,126,0 0 0 0 0 112 -55,0.0 0.0 0.0 0.0 0.0 0.21890547263681592 0.32727272727272727,2.516327453640886,0.08333333333333333,126,0 0 0 0 0 118 -41,0.0 0.0 0.0 0.0 0.0 0.24875621890547264 0.5818181818181818,3.069380370872908,0.24761904761904763,13,0 0 0 0 0 112 -55,0.0 0.0 0.0 0.0 0.0 0.21890547263681592 0.32727272727272727,2.516327453640886,0.08333333333333333,80,0 0 0 0 0 112 -55,0.0 0.0 0.0 0.0 0.0 0.21890547263681592 0.32727272727272727,2.516327453640886,0.08333333333333333,95,0 0 0 0 0 120 -39,0.0 0.0 0.0 0.0 0.0 0.25870646766169153 0.6181818181818182,3.2052464947987334,0.2642857142857143,22,0 0 0 0 0 112 -55,0.0 0.0 0.0 0.0 0.0 0.21890547263681592 0.32727272727272727,2.516327453640886,0.08333333333333333,121,0 0 0 0 0 246 -34,0.0 0.0 0.0 0.0 0.0 0.8855721393034826 0.7090909090909091,9.564812302125734,0.4238095238095238,90,0 0 0 0 0 94 -38,0.0 0.0 0.0 0.0 0.0 0.12935323383084577 0.6363636363636364,1.9298959746720938,0.6547619047619048,287,0 0 0 0 0 269 -18,0.0 0.0 0.0 0.0 0.0 1.0 1.0,11.0,0.3904761904761905,123,0 0 0 0 0 246 -34,0.0 0.0 0.0 0.0 0.0 0.8855721393034826 0.7090909090909091,9.564812302125734,0.4238095238095238,90,0 0 0 0 0 94 -38,0.0 0.0 0.0 0.0 0.0 0.12935323383084577 0.6363636363636364,1.9298959746720938,0.6547619047619048,287,0 0 0 0 0 269 -18,0.0 0.0 0.0 0.0 0.0 1.0 1.0,11.0,0.3904761904761905,123,0 0 0 0 0 112 -47,0.0 0.0 0.0 0.0 0.0 0.21890547263681592 0.4727272727272727,2.6617819990954317,0.0880952380952381,81
resolved-p21d-c7d-3600-all/resolved-p21d-c7d-3600-3rd/nsp-n30-d28-r0.10-rp2-fp2-s0,1 8 0 0 0 103 -134,0.09090909090909091 0.03571428571428571 0.0 0.0 0.0 0.002091175240485153 0.0,94480.54039227188,0.26825396825396824,46149,1 8 0 0 0 98 -114,0.09090909090909091 0.03571428571428571 0.0 0.0 0.0 0.0 0.11173184357541899,94480.63121236306,0.2253968253968254,46258,1 8 0 0 0 131 -85,0.09090909090909091 0.03571428571428571 0.0 0.0 0.0 0.013801756587202008 0.2737430167597765,94480.93124110211,0.1365079365079365,46141,11 8 0 0 0 130 -87,1.0 0.03571428571428571 0.0 0.0 0.0 0.013383521539104977 0.26256983240223464,1003571.8249764764,0.014285714285714285,18000,0 115 421 406 66 1319 -20,0.0 0.6726190476190477 0.3916279069767442 0.7097902097902098 0.4714285714285714 0.5106649937264742 0.6368715083798883,71940.86042005091,0.35714285714285715,7903,0 170 460 535 92 1273 17,0.0 1.0 0.42790697674418604 0.9353146853146853 0.6571428571428571 0.49142618151401085 0.8435754189944135,105285.85657570497,0.5936507936507937,6651,11 8 0 0 0 130 -87,1.0 0.03571428571428571 0.0 0.0 0.0 0.013383521539104977 0.26256983240223464,1003571.8249764764,0.014285714285714285,18000,0 115 309 354 56 1148 -14,0.0 0.6726190476190477 0.2874418604651163 0.6188811188811189 0.4 0.43914680050188204 0.6703910614525139,70800.26634450351,0.4793650793650794,8229,0 170 462 459 67 1017 -14,0.0 1.0 0.4297674418604651 0.8024475524475524 0.4785714285714286 0.3843580092011711 0.6703910614525139,105152.49308506282,0.346031746031746,6575,11 8 0 0 0 130 -86,1.0 0.03571428571428571 0.0 0.0 0.0 0.013383521539104977 0.2681564245810056,1003571.8305630685,0.014285714285714285,17999,0 114 308 457 76 1471 -13,0.0 0.6666666666666666 0.28651162790697676 0.798951048951049 0.5428571428571428 0.5742367210372229 0.6759776536312849,70391.43805383719,0.5333333333333333,8911,0 170 460 535 92 1273 17,0.0 1.0 0.42790697674418604 0.9353146853146853 0.6571428571428571 0.49142618151401085 0.8435754189944135,105285.85657570497,0.5936507936507937,6651,7 64 1070 446 133 2456 43,0.6363636363636364 0.36904761904761907 0.9953488372093023 0.7797202797202797 0.95 0.986198243412798 0.9888268156424581,684107.4577294614,0.5253968253968254,49008,0 2 333 174 38 1931 33,0.0 0.0 0.3097674418604651 0.3041958041958042 0.2714285714285714 0.766624843161857 0.9329608938547486,3437.612289268786,0.6412698412698413,48035,0 119 614 572 113 1870 38,0.0 0.6964285714285714 0.5711627906976744 1.0 0.8071428571428572 0.7411125052279381 0.9608938547486033,76443.5713544552,0.726984126984127,47549,7 64 1075 454 140 2489 41,0.6363636363636364 0.36904761904761907 1.0 0.7937062937062938 1.0 1.0 0.9776536312849162,684173.0822157358,0.5253968253968254,48920,0 2 361 208 34 1774 32,0.0 0.0 0.3358139534883721 0.36363636363636365 0.24285714285714285 0.7009619406106232 0.9273743016759777,3753.9986065135813,0.6412698412698413,46666,0 119 608 570 114 1966 45,0.0 0.6964285714285714 0.5655813953488372 0.9965034965034965 0.8142857142857143 0.7812630698452531 1.0,76385.41579497604,0.7285714285714285,48361,11 8 0 0 0 129 -79,1.0 0.03571428571428571 0.0 0.0 0.0 0.012965286491007947 0.30726256983240224,1003571.8654868633,0.014285714285714285,11033
resolved-p21d-c7d-3600-all/resolved-p21d-c7d-3600-3rd/nsp-n30-d28-r0.10-rp2-fp2-s3,1 23 26 90 7 648 -10,0.07692307692307693 0.051075268817204304 0.0 0.0 0.0 0.0 0.0,82030.60380479736,0.5238095238095238,10118,0 22 210 308 67 1714 9,0.0 0.04838709677419355 0.09887157442235357 0.10597958191541079 0.21052631578947367 0.34398192965472735 0.2375,5958.134954433796,0.2841269841269841,10073,1 44 379 345 94 1917 15,0.07692307692307693 0.10752688172043011 0.18968296614723268 0.12396694214876033 0.30526315789473685 0.409486931268151 0.3125,89731.49538384317,0.20634920634920634,9174,11 132 471 455 136 1977 6,0.8461538461538461 0.34408602150537637 0.23911875335840946 0.17744287797763733 0.45263157894736844 0.42884801548886736 0.2,883180.8303539951,0.012698412698412698,10474,0 252 1186 1308 201 2555 54,0.0 0.6666666666666666 0.6233207952713595 0.5921244530870199 0.6807017543859649 0.6153597934817683 0.8,73567.0228458407,0.4777777777777778,9316,0 266 978 1218 187 2216 49,0.0 0.7043010752688172 0.5115529285330468 0.5483714146815751 0.631578947368421 0.5059696676347208 0.7375,76162.96331830695,0.40793650793650793,15355,11 132 471 455 136 1977 6,0.8461538461538461 0.34408602150537637 0.23911875335840946 0.17744287797763733 0.45263157894736844 0.42884801548886736 0.2,883180.8303539951,0.012698412698412698,10474,0 253 1209 1305 190 2600 37,0.0 0.6693548387096774 0.6356797420741537 0.5906660184735051 0.6421052631578947 0.6298806066473056 0.5875,73954.04414256505,0.4111111111111111,8745,0 266 978 1218 187 2216 49,0.0 0.7043010752688172 0.5115529285330468 0.5483714146815751 0.631578947368421 0.5059696676347208 0.7375,76162.96331830695,0.40793650793650793,15355,11 132 471 455 136 1977 6,0.8461538461538461 0.34408602150537637 0.23911875335840946 0.17744287797763733 0.45263157894736844 0.42884801548886736 0.2,883180.8303539951,0.012698412698412698,10474,0 253 1210 1306 191 2604 38,0.0 0.6693548387096774 0.6362170875873187 0.5911521633446767 0.6456140350877193 0.6311713455953534 0.6,73960.28002715034,0.4031746031746032,8729,0 266 977 1392 158 2480 27,0.0 0.7043010752688172 0.5110155830198818 0.6329606222654351 0.5298245614035088 0.5911584382058729 0.4625,76232.58051986838,0.4936507936507937,15357,13 336 1713 1692 223 2453 69,1.0 0.8924731182795699 0.906501880709296 0.7788040836169179 0.7578947368421053 0.5824459503065506 0.9875,1099173.736151854,0.6111111111111112,30244,0 58 781 483 56 1734 70,0.0 0.14516129032258066 0.40569586243954864 0.19105493437044238 0.17192982456140352 0.3504356243949661 1.0,18785.839929724087,0.7634920634920634,54715,0 4 990 474 177 3554 55,0.0 0.0 0.5180010746910263 0.18667963052989792 0.5964912280701754 0.9377218457566957 0.8125,5436.529218704745,0.7492063492063492,57664,10 376 1887 2147 292 2718 52,0.7692307692307693 1.0 1.0 1.0 1.0 0.6679574056147144 0.775,880338.2238048255,0.5984126984126984,31488,0 53 566 452 56 1838 60,0.0 0.13172043010752688 0.2901665771090811 0.1759844433641225 0.17192982456140352 0.3839948370442078 0.875,16271.601156034205,0.7555555555555555,59085,0 9 1174 674 280 3747 43,0.0 0.013440860215053764 0.6168726491133799 0.28390860476421975 0.9578947368421052 1.0 0.6625,7903.173091087606,0.7476190476190476,50343,11 132 491 459 147 2009 2,0.8461538461538461 0.34408602150537637 0.24986566362170876 0.17938745746232376 0.49122807017543857 0.4391739270732494 0.15,883294.1569443515,0.012698412698412698,9610
resolved-p21d-c7d-3600-all/resolved-p21d-c7d-3600-3rd/nsp-n10-d28-r0.10-rp0-fp0-s9,0 0 0 0 0 75 -55,0.0 0.0 0.0 0.0 0.0 0.03333333333333333 0.0,0.3333333333333333,0.4380952380952381,173,0 0 0 0 0 74 -45,0.0 0.0 0.0 0.0 0.0 0.0 0.3225806451612903,0.3225806451612903,0.4857142857142857,143,0 0 0 0 0 75 -49,0.0 0.0 0.0 0.0 0.0 0.03333333333333333 0.1935483870967742,0.5268817204301075,0.3952380952380952,128,0 0 0 0 0 104 -34,0.0 0.0 0.0 0.0 0.0 1.0 0.6774193548387096,10.67741935483871,0.13333333333333333,45,0 0 0 0 0 85 -36,0.0 0.0 0.0 0.0 0.0 0.36666666666666664 0.6129032258064516,4.279569892473118,0.46190476190476193,8,0 0 0 0 0 104 -34,0.0 0.0 0.0 0.0 0.0 1.0 0.6774193548387096,10.67741935483871,0.13333333333333333,64,0 0 0 0 0 104 -34,0.0 0.0 0.0 0.0 0.0 1.0 0.6774193548387096,10.67741935483871,0.13333333333333333,66,0 0 0 0 0 93 -24,0.0 0.0 0.0 0.0 0.0 0.6333333333333333 1.0,7.333333333333333,0.6333333333333333,20,0 0 0 0 0 104 -34,0.0 0.0 0.0 0.0 0.0 1.0 0.6774193548387096,10.67741935483871,0.13333333333333333,52,0 0 0 0 0 104 -34,0.0 0.0 0.0 0.0 0.0 1.0 0.6774193548387096,10.67741935483871,0.13333333333333333,52,0 0 0 0 0 91 -34,0.0 0.0 0.0 0.0 0.0 0.5666666666666667 0.6774193548387096,6.344086021505376,0.5,21,0 0 0 0 0 104 -33,0.0 0.0 0.0 0.0 0.0 1.0 0.7096774193548387,10.709677419354838,0.13333333333333333,56,0 0 0 0 0 104 -34,0.0 0.0 0.0 0.0 0.0 1.0 0.6774193548387096,10.67741935483871,0.13333333333333333,181,0 0 0 0 0 91 -27,0.0 0.0 0.0 0.0 0.0 0.5666666666666667 0.9032258064516129,6.569892473118279,0.6904761904761905,44,0 0 0 0 0 104 -34,0.0 0.0 0.0 0.0 0.0 1.0 0.6774193548387096,10.67741935483871,0.13333333333333333,183,0 0 0 0 0 104 -34,0.0 0.0 0.0 0.0 0.0 1.0 0.6774193548387096,10.67741935483871,0.13333333333333333,181,0 0 0 0 0 91 -28,0.0 0.0 0.0 0.0 0.0 0.5666666666666667 0.8709677419354839,6.53763440860215,0.6857142857142857,45,0 0 0 0 0 104 -34,0.0 0.0 0.0 0.0 0.0 1.0 0.6774193548387096,10.67741935483871,0.13333333333333333,183,0 0 0 0 0 93 -34,0.0 0.0 0.0 0.0 0.0 0.6333333333333333 0.6774193548387096,7.010752688172043,0.16666666666666666,38
resolved-p21d-c7d-3600-all/resolved-p21d-c7d-3600-3rd/nsp-n50-d28-r0.10-rp2-fp2-s1,0 11 0 2 0 253 -177,0.0 0.021400778210116732 0.0 0.0 0.0 0.0 0.0,2140.077821011673,0.23142857142857143,23090,0 4 0 3 0 380 -155,0.0 0.007782101167315175 0.0 0.001081081081081081 0.0 0.0679144385026738 0.11458333333333333,780.0849255309586,0.1295238095238095,23144,0 10 0 7 0 424 -137,0.0 0.019455252918287938 0.0 0.005405405405405406 0.0 0.09144385026737968 0.20833333333333334,1952.0534690702063,0.09142857142857143,22965,17 10 4 4 0 425 -144,1.0 0.019455252918287938 0.003524229074889868 0.002162162162162162 0.0 0.09197860962566845 0.171875,1001984.0214058361,0.015238095238095238,8691,10 490 812 927 75 2123 -70,0.5882352941176471 0.953307392996109 0.7154185022026431 1.0 0.7894736842105263 1.0 0.5572916666666666,691809.7230993721,0.3076190476190476,3872,9 437 1135 773 69 2063 -57,0.5294117647058824 0.8501945525291829 1.0 0.8335135135135135 0.7263157894736842 0.9679144385026738 0.625,625347.6691956467,0.2895238095238095,3546,17 10 4 4 0 425 -144,1.0 0.019455252918287938 0.003524229074889868 0.002162162162162162 0.0 0.09197860962566845 0.171875,1001984.0214058361,0.015238095238095238,8691,10 490 812 927 75 2123 -70,0.5882352941176471 0.953307392996109 0.7154185022026431 1.0 0.7894736842105263 1.0 0.5572916666666666,691809.7230993721,0.3076190476190476,3872,9 437 1135 773 69 2063 -57,0.5294117647058824 0.8501945525291829 1.0 0.8335135135135135 0.7263157894736842 0.9679144385026738 0.625,625347.6691956467,0.2895238095238095,3546,17 10 4 4 0 425 -144,1.0 0.019455252918287938 0.003524229074889868 0.002162162162162162 0.0 0.09197860962566845 0.171875,1001984.0214058361,0.015238095238095238,8691,10 514 794 769 73 1981 -47,0.5882352941176471 1.0 0.6995594713656388 0.8291891891891892 0.7684210526315789 0.9240641711229947 0.6770833333333334,696146.8378508004,0.31142857142857144,3826,10 509 1086 860 95 2015 -62,0.5882352941176471 0.9902723735408561 0.9568281938325991 0.9275675675675675 1.0 0.9422459893048128 0.5989583333333334,697868.4023958526,0.2723809523809524,3485,17 10 4 4 0 428 -140,1.0 0.019455252918287938 0.003524229074889868 0.002162162162162162 0.0 0.09358288770053476 0.19270833333333334,1001984.0582819502,0.015238095238095238,12618,0 0 2 81 2 1557 15,0.0 0.0 0.001762114537444934 0.08540540540540541 0.021052631578947368 0.6973262032085561 1.0,113.10507596983504,0.6542857142857142,10700,0 0 2 2 0 1163 -101,0.0 0.0 0.001762114537444934 0.0 0.0 0.48663101604278075 0.3958333333333333,22.88328886821048,0.3238095238095238,8485,17 10 4 4 0 428 -140,1.0 0.019455252918287938 0.003524229074889868 0.002162162162162162 0.0 0.09358288770053476 0.19270833333333334,1001984.0582819502,0.015238095238095238,12618,0 0 2 6 0 822 -97,0.0 0.0 0.001762114537444934 0.004324324324324324 0.0 0.30427807486631014 0.4166666666666667,25.404917114103434,0.6676190476190477,11436,0 0 2 2 0 1375 -103,0.0 0.0 0.001762114537444934 0.0 0.0 0.6 0.3854166666666667,24.00656204111601,0.46476190476190476,8335,17 10 4 4 0 426 -145,1.0 0.019455252918287938 0.003524229074889868 0.002162162162162162 0.0 0.09251336898395722 0.16666666666666666,1001984.0215450964,0.015238095238095238,37078
resolved-p21d-c7d-3600-all/resolved-p21d-c7d-3600-3rd/nsp-n20-d28-r0.10-rp2-fp2-s7,0 0 0 0 0 44 -91,0.0 0.0 0.0 0.0 0.0 0.0 0.016666666666666666,0.016666666666666666,0.4928571428571429,367,0 0 0 0 0 47 -92,0.0 0.0 0.0 0.0 0.0 0.05454545454545454 0.0,0.5454545454545454,0.38571428571428573,338,0 0 0 0 0 52 -72,0.0 0.0 0.0 0.0 0.0 0.14545454545454545 0.3333333333333333,1.7878787878787878,0.38571428571428573,312,0 0 0 0 0 99 -54,0.0 0.0 0.0 0.0 0.0 1.0 0.6333333333333333,10.633333333333333,0.1738095238095238,95,0 0 0 0 0 77 -32,0.0 0.0 0.0 0.0 0.0 0.6 1.0,7.0,0.3952380952380952,13,0 0 0 0 0 99 -54,0.0 0.0 0.0 0.0 0.0 1.0 0.6333333333333333,10.633333333333333,0.1738095238095238,118,0 0 0 0 0 99 -54,0.0 0.0 0.0 0.0 0.0 1.0 0.6333333333333333,10.633333333333333,0.1738095238095238,129,0 0 0 0 0 66 -35,0.0 0.0 0.0 0.0 0.0 0.4 0.95,4.95,0.5285714285714286,15,0 0 0 0 0 99 -54,0.0 0.0 0.0 0.0 0.0 1.0 0.6333333333333333,10.633333333333333,0.1738095238095238,121,0 0 0 0 0 99 -54,0.0 0.0 0.0 0.0 0.0 1.0 0.6333333333333333,10.633333333333333,0.1738095238095238,130,0 0 0 0 0 79 -34,0.0 0.0 0.0 0.0 0.0 0.6363636363636364 0.9666666666666667,7.33030303030303,0.49523809523809526,25,0 0 0 0 0 99 -54,0.0 0.0 0.0 0.0 0.0 1.0 0.6333333333333333,10.633333333333333,0.1738095238095238,142,0 0 0 0 0 99 -54,0.0 0.0 0.0 0.0 0.0 1.0 0.6333333333333333,10.633333333333333,0.1738095238095238,266,0 0 0 0 0 63 -45,0.0 0.0 0.0 0.0 0.0 0.34545454545454546 0.7833333333333333,4.237878787878788,0.65,130,0 0 0 0 0 99 -54,0.0 0.0 0.0 0.0 0.0 1.0 0.6333333333333333,10.633333333333333,0.1738095238095238,265,0 0 0 0 0 99 -54,0.0 0.0 0.0 0.0 0.0 1.0 0.6333333333333333,10.633333333333333,0.1738095238095238,266,0 0 0 0 0 63 -45,0.0 0.0 0.0 0.0 0.0 0.34545454545454546 0.7833333333333333,4.237878787878788,0.65,130,0 0 0 0 0 99 -54,0.0 0.0 0.0 0.0 0.0 1.0 0.6333333333333333,10.633333333333333,0.1738095238095238,265,0 0 0 0 0 99 -38,0.0 0.0 0.0 0.0 0.0 1.0 0.9,10.9,0.1761904761904762,56
resolved-p21d-c7d-3600-all/resolved-p21d-c7d-3600-3rd/nsp-n40-d28-r0.10-rp2-fp2-s8,0 0 0 0 0 151 -210,0.0 0.0 0.0 0.0 0.0 0.0 0.12941176470588237,0.12941176470588237,0.33690476190476193,669,0 0 0 0 0 166 -232,0.0 0.0 0.0 0.0 0.0 0.02617801047120419 0.0,0.2617801047120419,0.31785714285714284,582,0 0 0 0 0 191 -157,0.0 0.0 0.0 0.0 0.0 0.06980802792321117 0.4411764705882353,1.139256749820347,0.23095238095238096,526,0 0 0 0 0 350 -133,0.0 0.0 0.0 0.0 0.0 0.3472949389179756 0.5823529411764706,4.055302330356226,0.07976190476190476,236,0 0 0 0 0 334 -117,0.0 0.0 0.0 0.0 0.0 0.3193717277486911 0.6764705882352942,3.8701878657222055,0.3142857142857143,32,0 0 0 0 0 351 -114,0.0 0.0 0.0 0.0 0.0 0.34904013961605584 0.6941176470588235,4.184519043219382,0.07976190476190476,320,0 0 0 0 0 350 -129,0.0 0.0 0.0 0.0 0.0 0.3472949389179756 0.6058823529411764,4.078831742120932,0.07976190476190476,192,0 0 0 0 0 359 -87,0.0 0.0 0.0 0.0 0.0 0.36300174520069806 0.8529411764705882,4.482958628477569,0.3119047619047619,18,0 0 0 0 0 353 -141,0.0 0.0 0.0 0.0 0.0 0.3525305410122164 0.5352941176470588,4.060599527769223,0.07976190476190476,343,0 0 0 0 0 345 -111,0.0 0.0 0.0 0.0 0.0 0.33856893542757416 0.711764705882353,4.097454060158094,0.07976190476190476,279,0 0 0 0 0 387 -119,0.0 0.0 0.0 0.0 0.0 0.4118673647469459 0.6647058823529411,4.7833795298224,0.28095238095238095,18,0 0 0 0 0 350 -125,0.0 0.0 0.0 0.0 0.0 0.3472949389179756 0.6294117647058823,4.102361153885639,0.07976190476190476,269,0 0 0 0 0 724 -67,0.0 0.0 0.0 0.0 0.0 1.0 0.9705882352941176,10.970588235294118,0.3142857142857143,174,0 0 0 0 0 313 -102,0.0 0.0 0.0 0.0 0.0 0.28272251308900526 0.7647058823529411,3.5919310132429936,0.6547619047619048,219,0 0 0 0 0 716 -88,0.0 0.0 0.0 0.0 0.0 0.9860383944153578 0.8470588235294118,10.70744276768299,0.3773809523809524,175,0 0 0 0 0 724 -62,0.0 0.0 0.0 0.0 0.0 1.0 1.0,11.0,0.3130952380952381,175,0 0 0 0 0 363 -128,0.0 0.0 0.0 0.0 0.0 0.3699825479930192 0.611764705882353,4.311590185812545,0.6619047619047619,217,0 0 0 0 0 660 -84,0.0 0.0 0.0 0.0 0.0 0.8883071553228621 0.8705882352941177,9.75365978852274,0.26904761904761904,240,0 0 0 0 0 353 -107,0.0 0.0 0.0 0.0 0.0 0.3525305410122164 0.7352941176470589,4.260599527769223,0.08571428571428572,119
resolved-p21d-c7d-3600-all/resolved-p21d-c7d-3600-3rd/nsp-n10-d28-r0.10-rp0-fp0-s6,2 2 2 0 0 76 -36,0.6666666666666666 0.5 1.0 0.0 0.0 0.0 0.0,726666.6666666666,0.4,7529,0 1 2 0 0 77 -36,0.0 0.0 1.0 0.0 0.0 0.022727272727272728 0.0,10000.227272727272,0.3952380952380952,7657,0 1 2 0 0 76 -33,0.0 0.0 1.0 0.0 0.0 0.0 0.1875,10000.1875,0.4095238095238095,7829,3 2 0 0 0 88 -24,1.0 0.5 0.0 0.0 0.0 0.2727272727272727 0.75,1050003.4772727273,0.009523809523809525,5749,0 1 2 0 0 101 -21,0.0 0.0 1.0 0.0 0.0 0.5681818181818182 0.9375,10006.619318181818,0.4666666666666667,27376,0 1 2 0 0 111 -26,0.0 0.0 1.0 0.0 0.0 0.7954545454545454 0.625,10008.579545454546,0.05714285714285714,14670,3 2 0 0 0 88 -24,1.0 0.5 0.0 0.0 0.0 0.2727272727272727 0.75,1050003.4772727273,0.009523809523809525,5749,0 1 2 0 0 101 -21,0.0 0.0 1.0 0.0 0.0 0.5681818181818182 0.9375,10006.619318181818,0.4666666666666667,27376,0 1 2 0 0 111 -26,0.0 0.0 1.0 0.0 0.0 0.7954545454545454 0.625,10008.579545454546,0.05714285714285714,14670,3 2 0 0 0 88 -24,1.0 0.5 0.0 0.0 0.0 0.2727272727272727 0.75,1050003.4772727273,0.009523809523809525,5749,0 1 2 0 0 101 -20,0.0 0.0 1.0 0.0 0.0 0.5681818181818182 1.0,10006.681818181818,0.45714285714285713,27375,0 1 2 0 0 111 -26,0.0 0.0 1.0 0.0 0.0 0.7954545454545454 0.625,10008.579545454546,0.05714285714285714,14670,3 2 0 0 0 88 -24,1.0 0.5 0.0 0.0 0.0 0.2727272727272727 0.75,1050003.4772727273,0.009523809523809525,73652,0 1 2 0 0 94 -24,0.0 0.0 1.0 0.0 0.0 0.4090909090909091 0.75,10004.84090909091,0.6761904761904762,23330,0 1 2 0 0 120 -21,0.0 0.0 1.0 0.0 0.0 1.0 0.9375,10010.9375,0.36666666666666664,10822,3 2 0 0 0 88 -24,1.0 0.5 0.0 0.0 0.0 0.2727272727272727 0.75,1050003.4772727273,0.009523809523809525,73652,0 1 2 0 0 94 -24,0.0 0.0 1.0 0.0 0.0 0.4090909090909091 0.75,10004.84090909091,0.6761904761904762,23330,0 1 2 0 0 120 -24,0.0 0.0 1.0 0.0 0.0 1.0 0.75,10010.75,0.36666666666666664,10825,2 3 1 1 0 89 -24,0.6666666666666666 1.0 0.5 1.0 0.0 0.29545454545454547 0.75,772670.3712121212,0.05714285714285714,9311
resolved-p21d-c7d-3600-all/resolved-p21d-c7d-3600-3rd/nsp-n40-d28-r0.10-rp2-fp2-s4,1 13 0 1 0 164 -184,0.06666666666666667 0.029069767441860465 0.0 0.0010416666666666667 0.0 0.0 0.0,69574.68507751939,0.2916666666666667,28105,2 11 0 0 0 201 -160,0.13333333333333333 0.023255813953488372 0.0 0.0 0.0 0.011405672009864365 0.0802675585284281,135659.10905296082,0.16547619047619047,28449,1 12 0 1 0 233 -165,0.06666666666666667 0.02616279069767442 0.0 0.0010416666666666667 0.0 0.02127003699136868 0.06354515050167224,69284.2636486212,0.1619047619047619,28284,15 13 1 3 0 265 -128,1.0 0.029069767441860465 0.0010582010582010583 0.003125 0.0 0.031134401972872996 0.18729096989966554,1002921.1823897577,0.02023809523809524,18743,3 306 856 606 53 1530 -44,0.2 0.8808139534883721 0.9058201058201059 0.63125 0.4608695652173913 0.4210850801479655 0.4682274247491639,297821.6124417862,0.3011904761904762,2423,1 312 737 667 65 1390 -75,0.06666666666666667 0.8982558139534884 0.7798941798941799 0.6947916666666667 0.5652173913043478 0.37792848335388407 0.36454849498327757,165046.64710008295,0.20833333333333334,3347,15 13 1 3 0 265 -128,1.0 0.029069767441860465 0.0010582010582010583 0.003125 0.0 0.031134401972872996 0.18729096989966554,1002921.1823897577,0.02023809523809524,18743,3 306 855 606 53 1529 -44,0.2 0.8808139534883721 0.9047619047619048 0.63125 0.4608695652173913 0.42077681874229345 0.4682274247491639,297811.02734859014,0.3011904761904762,2424,1 312 737 666 65 1390 -75,0.06666666666666667 0.8982558139534884 0.7798941798941799 0.69375 0.5652173913043478 0.37792848335388407 0.36454849498327757,165045.60543341626,0.20833333333333334,3348,15 13 1 3 0 265 -128,1.0 0.029069767441860465 0.0010582010582010583 0.003125 0.0 0.031134401972872996 0.18729096989966554,1002921.1823897577,0.02023809523809524,18743,4 347 774 770 70 1345 -48,0.26666666666666666 1.0 0.819047619047619 0.8020833333333334 0.6086956521739131 0.36405672009864365 0.45484949832775917,375724.1911723929,0.38571428571428573,2405,3 278 772 514 60 1721 -62,0.2 0.7994186046511628 0.816931216931217 0.5354166666666667 0.5217391304347826 0.47996300863131935 0.4080267558528428,288703.97087098076,0.29642857142857143,3268,9 118 945 809 74 3328 112,0.6 0.33430232558139533 1.0 0.8427083333333333 0.6434782608695652 0.9753390875462392 0.9899665551839465,644348.0320749904,0.55,43597,0 3 0 22 0 835 -49,0.0 0.0 0.0 0.022916666666666665 0.0 0.20684340320591862 0.451505016722408,25.43660571544826,0.7226190476190476,39611,0 3 244 448 94 2496 26,0.0 0.0 0.2582010582010582 0.4666666666666667 0.8173913043478261 0.718865598027127 0.7023411371237458,3138.3073762294266,0.6714285714285714,42479,11 95 937 960 61 3408 115,0.7333333333333333 0.26744186046511625 0.9915343915343915 1.0 0.5304347826086957 1.0 1.0,771056.9067734496,0.55,37368,0 3 0 111 2 1092 32,0.0 0.0 0.0 0.115625 0.017391304347826087 0.28606658446362515 0.7224080267558528,120.94720430617471,0.6869047619047619,37543,0 3 254 485 115 2461 32,0.0 0.0 0.2687830687830688 0.5052083333333334 1.0 0.7080764488286067 0.7224080267558528,3300.8421936790633,0.6726190476190477,41834,15 13 1 3 0 266 -127,1.0 0.029069767441860465 0.0010582010582010583 0.003125 0.0 0.031442663378545004 0.19063545150501673,1002921.1888168533,0.02023809523809524,22076
resolved-p21d-c7d-3600-all/resolved-p21d-c7d-3600-3rd/nsp-n10-d28-r0.10-rp0-fp0-s8,0 1 0 2 0 78 -35,0.0 0.0 0.0 0.0 0.0 0.0 0.043478260869565216,0.043478260869565216,0.38571428571428573,11740,0 1 0 2 0 78 -34,0.0 0.0 0.0 0.0 0.0 0.0 0.08695652173913043,0.08695652173913043,0.38095238095238093,11736,0 1 0 2 0 79 -36,0.0 0.0 0.0 0.0 0.0 0.03333333333333333 0.0,0.3333333333333333,0.4095238095238095,11729,3 1 0 2 0 89 -18,1.0 0.0 0.0 0.0 0.0 0.36666666666666664 0.782608695652174,1000004.4492753623,0.02857142857142857,3463,0 1 0 2 0 96 -13,0.0 0.0 0.0 0.0 0.0 0.6 1.0,7.0,0.2714285714285714,21519,0 1 0 2 0 108 -20,0.0 0.0 0.0 0.0 0.0 1.0 0.6956521739130435,10.695652173913043,0.06190476190476191,13560,3 1 0 2 0 89 -19,1.0 0.0 0.0 0.0 0.0 0.36666666666666664 0.7391304347826086,1000004.4057971014,0.02857142857142857,3464,0 1 0 2 0 95 -16,0.0 0.0 0.0 0.0 0.0 0.5666666666666667 0.8695652173913043,6.536231884057971,0.3952380952380952,20843,0 1 0 2 0 107 -18,0.0 0.0 0.0 0.0 0.0 0.9666666666666667 0.782608695652174,10.44927536231884,0.06190476190476191,16063,3 1 0 2 0 93 -17,1.0 0.0 0.0 0.0 0.0 0.5 0.8260869565217391,1000005.8260869565,0.02857142857142857,3459,0 1 0 2 0 95 -16,0.0 0.0 0.0 0.0 0.0 0.5666666666666667 0.8695652173913043,6.536231884057971,0.3952380952380952,20843,0 1 0 2 0 102 -19,0.0 0.0 0.0 0.0 0.0 0.8 0.7391304347826086,8.73913043478261,0.06190476190476191,16064,3 1 0 2 0 91 -20,1.0 0.0 0.0 0.0 0.0 0.43333333333333335 0.6956521739130435,1000005.0289855072,0.02857142857142857,1764,0 1 0 2 0 94 -15,0.0 0.0 0.0 0.0 0.0 0.5333333333333333 0.9130434782608695,6.246376811594202,0.6619047619047619,63037,0 1 0 2 0 106 -20,0.0 0.0 0.0 0.0 0.0 0.9333333333333333 0.6956521739130435,10.028985507246377,0.06190476190476191,37399,3 1 0 2 0 91 -20,1.0 0.0 0.0 0.0 0.0 0.43333333333333335 0.6956521739130435,1000005.0289855072,0.02857142857142857,1764,0 1 0 2 0 98 -24,0.0 0.0 0.0 0.0 0.0 0.6666666666666666 0.5217391304347826,7.188405797101448,0.5857142857142857,63032,0 1 0 2 0 102 -20,0.0 0.0 0.0 0.0 0.0 0.8 0.6956521739130435,8.695652173913043,0.06190476190476191,37401,0 3 0 2 0 87 -22,0.0 1.0 0.0 0.0 0.0 0.3 0.6086956521739131,100003.60869565218,0.07142857142857142,11959
resolved-p21d-c7d-3600-all/resolved-p21d-c7d-3600-3rd/nsp-n50-d28-r0.10-rp2-fp2-s6,1 11 2 1 0 243 -219,0.043478260869565216 0.015706806282722512 0.0 0.0007874015748031496 0.0 0.0 0.0,45049.72889941227,0.31238095238095237,5793,1 11 2 49 0 502 -153,0.043478260869565216 0.015706806282722512 0.0 0.03858267716535433 0.0 0.04143337066069429 0.171875,45088.11038370943,0.12476190476190477,9878,1 11 2 156 1 610 -153,0.043478260869565216 0.015706806282722512 0.0 0.12283464566929134 0.004807692307692308 0.05871060630299152 0.171875,45173.015893800555,0.08571428571428572,9051,18 10 3 3 0 370 -149,0.782608695652174 0.013961605584642234 0.0004438526409232135 0.002362204724409449 0.0 0.020316749320108782 0.18229166666666666,784012.0424009317,0.017142857142857144,32118,9 575 673 959 62 1778 -52,0.391304347826087 1.0 0.29782512205947625 0.7551181102362204 0.2980769230769231 0.24556071028635418 0.4348958333333333,495070.41535216186,0.35333333333333333,2952,11 485 955 708 52 1789 -107,0.4782608695652174 0.8429319371727748 0.42299156679982247 0.5574803149606299 0.25 0.24732042873140297 0.2916666666666667,567369.2241364077,0.24285714285714285,3121,18 10 3 3 0 370 -149,0.782608695652174 0.013961605584642234 0.0004438526409232135 0.002362204724409449 0.0 0.020316749320108782 0.18229166666666666,784012.0424009317,0.017142857142857144,32118,11 401 803 626 62 1948 -83,0.4782608695652174 0.6963350785340314 0.355525965379494 0.49291338582677163 0.2980769230769231 0.2727563589825628 0.3541666666666667,551975.4398808065,0.319047619047619,2872,11 467 1080 756 43 1829 -107,0.4782608695652174 0.8115183246073299 0.47847314691522413 0.5952755905511811 0.20673076923076922 0.25371940489521677 0.2916666666666667,564816.2110232925,0.23809523809523808,3131,18 10 3 3 0 370 -149,0.782608695652174 0.013961605584642234 0.0004438526409232135 0.002362204724409449 0.0 0.020316749320108782 0.18229166666666666,784012.0424009317,0.017142857142857144,32118,10 437 877 789 46 1976 -121,0.43478260869565216 0.7591623036649214 0.3883710608078118 0.621259842519685 0.22115384615384615 0.27723564229723247 0.2552083333333333,515228.9524621138,0.319047619047619,2884,11 467 1080 756 43 1829 -107,0.4782608695652174 0.8115183246073299 0.47847314691522413 0.5952755905511811 0.20673076923076922 0.25371940489521677 0.2916666666666667,564816.2110232925,0.23809523809523808,3131,18 157 2243 1201 69 6494 165,0.782608695652174 0.2705061082024433 0.9946737683089214 0.9456692913385827 0.3317307692307692 1.0 1.0,820595.8865237691,0.5723809523809524,29983,2 170 1478 1226 208 4531 73,0.08695652173913043 0.2931937172774869 0.6551264980026631 0.9653543307086614 1.0 0.6859702447608382 0.7604166666666666,123900.13289672868,0.7,32217,0 2 2 0 0 1240 -109,0.0 0.0 0.0 0.0 0.0 0.1594944808830587 0.2864583333333333,1.8814031421639204,0.3638095238095238,20154,23 189 2255 1159 76 6459 161,1.0 0.3263525305410122 1.0 0.9125984251968504 0.36538461538461536 0.9944008958566629 0.9895833333333334,1043595.3235331285,0.5714285714285714,30854,2 166 1469 1270 207 4524 70,0.08695652173913043 0.2862129144851658 0.6511318242343542 1.0 0.9951923076923077 0.6848504239321709 0.7526041666666666,123196.25176916577,0.7,32228,0 2 2 1 0 1098 -86,0.0 0.0 0.0 0.0007874015748031496 0.0 0.13677811550151975 0.3463541666666667,2.5015368964850135,0.42952380952380953,20049,18 10 3 3 0 362 -149,0.782608695652174 0.013961605584642234 0.0004438526409232135 0.002362204724409449 0.0 0.019036954087346025 0.18229166666666666,784012.0296029793,0.017142857142857144,19449
resolved-p21d-c7d-3600-all/resolved-p21d-c7d-3600-3rd/nsp-n40-d28-r0.10-rp2-fp2-s5,2 32 129 150 21 1421 -40,0.13333333333333333 0.0 0.0 0.0 0.0 0.0 0.019417475728155338,133333.35275080908,0.44642857142857145,11239,2 98 317 455 76 2385 -42,0.13333333333333333 0.12915851272015655 0.13110181311018132 0.18351383874849578 0.2619047619047619 0.8433945756780402 0.0,147778.34099714656,0.25595238095238093,11595,2 150 417 501 84 2476 -37,0.13333333333333333 0.2309197651663405 0.200836820083682 0.2111913357400722 0.3 0.9230096237970253 0.04854368932038835,158684.14802647158,0.17261904761904762,9666,15 274 447 504 107 1924 -13,1.0 0.4735812133072407 0.2217573221757322 0.21299638989169675 0.4095238095238095 0.44006999125109364 0.2815533980582524,1049834.325576636,0.02023809523809524,7773,1 512 1264 1629 152 2415 33,0.06666666666666667 0.9393346379647749 0.791492329149233 0.8898916967509025 0.6238095238095238 0.8696412948381452 0.7281553398058253,169476.75097205653,0.2773809523809524,5271,0 516 1226 1589 185 2373 35,0.0 0.9471624266144814 0.7649930264993027 0.8658243080625753 0.780952380952381 0.8328958880139983 0.7475728155339806,103319.16900429466,0.14047619047619048,3378,15 274 447 504 107 1924 -13,1.0 0.4735812133072407 0.2217573221757322 0.21299638989169675 0.4095238095238095 0.44006999125109364 0.2815533980582524,1049834.325576636,0.02023809523809524,7773,1 536 1174 1607 136 2286 29,0.06666666666666667 0.9863013698630136 0.7287308228730823 0.8766546329723225 0.5476190476190477 0.7567804024496938 0.6893203883495146,173523.78554384594,0.28095238095238095,5248,1 543 1468 1707 189 2564 36,0.06666666666666667 1.0 0.9337517433751743 0.9368231046931408 0.8 1.0 0.7572815533980582,177031.76448666496,0.2119047619047619,3353,15 274 447 504 107 1924 -13,1.0 0.4735812133072407 0.2217573221757322 0.21299638989169675 0.4095238095238095 0.44006999125109364 0.2815533980582524,1049834.325576636,0.02023809523809524,7773,1 536 1174 1607 136 2286 29,0.06666666666666667 0.9863013698630136 0.7287308228730823 0.8766546329723225 0.5476190476190477 0.7567804024496938 0.6893203883495146,173523.78554384594,0.28095238095238095,5248,2 541 1563 1812 231 2480 61,0.13333333333333333 0.9960861056751468 1.0 1.0 1.0 0.926509186351706 1.0,244052.20899271153,0.30238095238095236,3181,15 274 575 544 108 2244 -13,1.0 0.4735812133072407 0.3110181311018131 0.23706377858002406 0.4142857142857143 0.7200349956255468 0.2815533980582524,1050754.2768951051,0.02023809523809524,19904,7 451 855 826 111 1600 47,0.4666666666666667 0.8199608610567515 0.5062761506276151 0.40673886883273164 0.42857142857142855 0.15660542432195976 0.8640776699029126,554177.540422221,0.7761904761904762,17943,3 453 917 942 180 1876 55,0.2 0.8238747553816047 0.5495118549511855 0.47653429602888087 0.7571428571428571 0.39807524059492566 0.941747572815534,288439.76516939426,0.7726190476190476,22883,15 274 484 447 106 2084 -5,1.0 0.4735812133072407 0.24755927475592748 0.17870036101083034 0.40476190476190477 0.5800524934383202 0.3592233009708738,1050059.0503780057,0.02023809523809524,21228,2 497 792 1023 134 1604 46,0.13333333333333333 0.9099804305283757 0.46234309623430964 0.5252707581227437 0.5380952380952381 0.16010498687664043 0.8543689320388349,229536.34304924708,0.7678571428571429,25519,3 453 917 942 180 1876 54,0.2 0.8238747553816047 0.5495118549511855 0.47653429602888087 0.7571428571428571 0.39807524059492566 0.9320388349514563,288439.7554606564,0.7726190476190476,22884,15 275 570 426 117 2309 -10,1.0 0.4755381604696673 0.3075313807531381 0.16606498194945848 0.45714285714285713 0.7769028871391076 0.3106796116504854,1050848.9888306449,0.02023809523809524,16130
resolved-p21d-c7d-3600-all/resolved-p21d-c7d-3600-3rd/nsp-n20-d28-r0.10-rp2-fp2-s0,0 0 0 0 0 49 -93,0.0 0.0 0.0 0.0 0.0 0.0 0.0,0.0,0.319047619047619,323,0 0 0 0 0 50 -93,0.0 0.0 0.0 0.0 0.0 0.004219409282700422 0.0,0.04219409282700422,0.2976190476190476,307,0 0 0 0 0 49 -81,0.0 0.0 0.0 0.0 0.0 0.0 0.1791044776119403,0.1791044776119403,0.2904761904761905,312,0 0 0 0 0 90 -82,0.0 0.0 0.0 0.0 0.0 0.1729957805907173 0.16417910447761194,1.894136910384785,0.09047619047619047,115,0 0 0 0 0 80 -45,0.0 0.0 0.0 0.0 0.0 0.1308016877637131 0.7164179104477612,2.024434788084892,0.31666666666666665,19,0 0 0 0 0 90 -82,0.0 0.0 0.0 0.0 0.0 0.1729957805907173 0.16417910447761194,1.894136910384785,0.09047619047619047,82,0 0 0 0 0 90 -82,0.0 0.0 0.0 0.0 0.0 0.1729957805907173 0.16417910447761194,1.894136910384785,0.09047619047619047,91,0 0 0 0 0 87 -35,0.0 0.0 0.0 0.0 0.0 0.16033755274261605 0.8656716417910447,2.4690471692172054,0.28809523809523807,25,0 0 0 0 0 90 -82,0.0 0.0 0.0 0.0 0.0 0.1729957805907173 0.16417910447761194,1.894136910384785,0.09047619047619047,86,0 0 0 0 0 90 -82,0.0 0.0 0.0 0.0 0.0 0.1729957805907173 0.16417910447761194,1.894136910384785,0.09047619047619047,102,0 0 0 0 0 85 -30,0.0 0.0 0.0 0.0 0.0 0.1518987341772152 0.9402985074626866,2.4592858492348384,0.29285714285714287,11,0 0 0 0 0 90 -82,0.0 0.0 0.0 0.0 0.0 0.1729957805907173 0.16417910447761194,1.894136910384785,0.09047619047619047,102,0 0 0 0 0 286 -26,0.0 0.0 0.0 0.0 0.0 1.0 1.0,11.0,0.36904761904761907,72,0 0 0 0 0 76 -29,0.0 0.0 0.0 0.0 0.0 0.11392405063291139 0.9552238805970149,2.094464386926129,0.5904761904761905,149,0 0 0 0 0 203 -39,0.0 0.0 0.0 0.0 0.0 0.6497890295358649 0.8059701492537313,7.303860444612381,0.2714285714285714,157,0 0 0 0 0 286 -26,0.0 0.0 0.0 0.0 0.0 1.0 1.0,11.0,0.36904761904761907,72,0 0 0 0 0 76 -29,0.0 0.0 0.0 0.0 0.0 0.11392405063291139 0.9552238805970149,2.094464386926129,0.5904761904761905,149,0 0 0 0 0 203 -39,0.0 0.0 0.0 0.0 0.0 0.6497890295358649 0.8059701492537313,7.303860444612381,0.2714285714285714,157,0 0 0 0 0 90 -66,0.0 0.0 0.0 0.0 0.0 0.1729957805907173 0.40298507462686567,2.1329428805340385,0.09047619047619047,80
resolved-p21d-c7d-3600-all/resolved-p21d-c7d-3600-3rd/nsp-n10-d28-r0.10-rp0-fp0-s1,0 1 0 0 0 69 -48,0.0 0.0 0.0 0.0 0.0 0.0 0.0,0.0,0.49523809523809526,7466,0 1 0 0 0 71 -46,0.0 0.0 0.0 0.0 0.0 0.0196078431372549 0.08333333333333333,0.27941176470588236,0.48095238095238096,11795,0 1 0 0 0 69 -42,0.0 0.0 0.0 0.0 0.0 0.0 0.25,0.25,0.580952380952381,11782,8 1 1 0 0 75 -29,1.0 0.0 1.0 0.0 0.0 0.058823529411764705 0.7916666666666666,1010001.3799019608,0.009523809523809525,4044,0 1 0 0 0 90 -32,0.0 0.0 0.0 0.0 0.0 0.20588235294117646 0.6666666666666666,2.725490196078431,0.49523809523809526,22396,0 1 0 0 0 98 -29,0.0 0.0 0.0 0.0 0.0 0.28431372549019607 0.7916666666666666,3.634803921568627,0.19523809523809524,16046,8 1 1 0 0 77 -29,1.0 0.0 1.0 0.0 0.0 0.0784313725490196 0.7916666666666666,1010001.5759803922,0.009523809523809525,4043,0 1 0 0 0 90 -32,0.0 0.0 0.0 0.0 0.0 0.20588235294117646 0.6666666666666666,2.725490196078431,0.49523809523809526,22396,0 1 0 0 0 98 -29,0.0 0.0 0.0 0.0 0.0 0.28431372549019607 0.7916666666666666,3.634803921568627,0.19523809523809524,16046,8 1 1 0 0 75 -29,1.0 0.0 1.0 0.0 0.0 0.058823529411764705 0.7916666666666666,1010001.3799019608,0.009523809523809525,4044,0 1 0 0 0 90 -31,0.0 0.0 0.0 0.0 0.0 0.20588235294117646 0.7083333333333334,2.767156862745098,0.49047619047619045,22395,0 1 0 0 0 98 -29,0.0 0.0 0.0 0.0 0.0 0.28431372549019607 0.7916666666666666,3.634803921568627,0.19523809523809524,16046,8 1 1 0 0 75 -29,1.0 0.0 1.0 0.0 0.0 0.058823529411764705 0.7916666666666666,1010001.3799019608,0.009523809523809525,2696,0 1 0 0 0 89 -30,0.0 0.0 0.0 0.0 0.0 0.19607843137254902 0.75,2.7107843137254903,0.5904761904761905,56971,0 1 0 0 0 171 -24,0.0 0.0 0.0 0.0 0.0 1.0 1.0,11.0,0.5095238095238095,28928,8 1 1 0 0 75 -29,1.0 0.0 1.0 0.0 0.0 0.058823529411764705 0.7916666666666666,1010001.3799019608,0.009523809523809525,2696,0 1 0 0 0 89 -30,0.0 0.0 0.0 0.0 0.0 0.19607843137254902 0.75,2.7107843137254903,0.5952380952380952,56970,0 1 0 0 0 171 -24,0.0 0.0 0.0 0.0 0.0 1.0 1.0,11.0,0.5095238095238095,28928,0 1 0 3 0 92 -27,0.0 0.0 0.0 1.0 0.0 0.22549019607843138 0.875,1003.1299019607843,0.18571428571428572,20941
resolved-p21d-c7d-3600-all/resolved-p21d-c7d-3600-3rd/nsp-n30-d28-r0.10-rp2-fp2-s6,0 30 4 36 2 453 -63,0.0 0.0 0.0 0.0 0.0 0.0 0.0,0.0,0.5158730158730159,20406,1 33 80 146 27 870 -36,0.08333333333333333 0.00967741935483871 0.07495069033530571 0.10091743119266056 0.13736263736263737 0.2291208791208791 0.24107142857142858,85167.76814731896,0.3396825396825397,17779,2 38 177 207 49 1275 -39,0.16666666666666666 0.025806451612903226 0.17061143984220908 0.15688073394495414 0.25824175824175827 0.45164835164835165 0.21428571428571427,171140.86190537896,0.2365079365079365,16755,12 119 364 264 101 1639 -28,1.0 0.2870967741935484 0.35502958579881655 0.20917431192660552 0.5439560439560439 0.6516483516483517 0.3125,1032530.3721771816,0.01746031746031746,5425,0 188 1018 908 170 2273 17,0.0 0.5096774193548387 1.0 0.8 0.9230769230769231 1.0 0.7142857142857143,61870.76391350585,0.35555555555555557,5123,0 247 779 962 164 1870 19,0.0 0.7 0.7642998027613412 0.8495412844036697 0.8901098901098901 0.7785714285714286 0.7321428571428571,78590.06815817092,0.11428571428571428,3894,12 119 364 268 101 1651 -29,1.0 0.2870967741935484 0.35502958579881655 0.21284403669724772 0.5439560439560439 0.6582417582417582 0.30357142857142855,1032534.0989074468,0.01746031746031746,3701,0 185 912 977 184 2192 20,0.0 0.5 0.8954635108481263 0.863302752293578 1.0 0.9554945054945055 0.7410714285714286,59928.23387725836,0.32857142857142857,5251,0 221 779 796 145 1828 13,0.0 0.6161290322580645 0.7642998027613412 0.6972477064220184 0.7857142857142857 0.7554945054945055 0.6785714285714286,70039.95390489683,0.08571428571428572,3897,12 119 364 268 101 1651 -27,1.0 0.2870967741935484 0.35502958579881655 0.21284403669724772 0.5439560439560439 0.6582417582417582 0.32142857142857145,1032534.1167645897,0.01746031746031746,3700,0 188 1018 908 170 2273 17,0.0 0.5096774193548387 1.0 0.8 0.9230769230769231 1.0 0.7142857142857143,61870.76391350585,0.35555555555555557,5123,0 221 755 829 155 1838 14,0.0 0.6161290322580645 0.7406311637080868 0.7275229357798165 0.8406593406593407 0.760989010989011 0.6875,69839.10112284296,0.08571428571428572,3903,12 119 364 266 101 1650 -27,1.0 0.2870967741935484 0.35502958579881655 0.21100917431192662 0.5439560439560439 0.6576923076923077 0.32142857142857145,1032532.2764076989,0.01746031746031746,11631,0 340 987 1037 125 1553 41,0.0 1.0 0.9694280078895463 0.918348623853211 0.6758241758241759 0.6043956043956044 0.9285714285714286,110687.18364780361,0.7825396825396825,22680,0 312 796 1011 131 1651 42,0.0 0.9096774193548387 0.7810650887573964 0.8944954128440367 0.7087912087912088 0.6582417582417582 0.9375,99751.2872743634,0.780952380952381,21724,12 119 364 266 101 1649 -27,1.0 0.2870967741935484 0.35502958579881655 0.21100917431192662 0.5439560439560439 0.6571428571428571 0.32142857142857145,1032532.2709131934,0.01746031746031746,11632,0 327 932 1126 142 1505 49,0.0 0.9580645161290322 0.9151873767258383 1.0 0.7692307692307693 0.578021978021978 1.0,106042.02867686491,0.792063492063492,23210,0 310 792 1005 128 1616 39,0.0 0.9032258064516129 0.777120315581854 0.8889908256880734 0.6923076923076923 0.639010989010989 0.9107142857142857,99059.30622007449,0.7793650793650794,21801,12 119 364 262 101 1632 -31,1.0 0.2870967741935484 0.35502958579881655 0.20733944954128442 0.5439560439560439 0.6478021978021978 0.2857142857142857,1032528.4720675437,0.01746031746031746,10050
resolved-p21d-c7d-3600-all/resolved-p21d-c7d-3600-3rd/nsp-n20-d28-r0.10-rp2-fp2-s5,1 4 3 0 0 63 -65,0.1 0.08108108108108109 0.0 0.0 0.0 0.0 0.125,108108.2331081081,0.3476190476190476,17836,0 1 4 1 0 66 -80,0.0 0.0 0.00130718954248366 0.002652519893899204 0.0 0.0015616866215512754 0.0,15.740032184951318,0.4095238095238095,18077,0 1 4 1 0 77 -39,0.0 0.0 0.00130718954248366 0.002652519893899204 0.0 0.007287870900572618 0.3416666666666667,16.138960694408198,0.2833333333333333,17992,10 5 4 6 0 78 -35,1.0 0.10810810810810811 0.00130718954248366 0.015915119363395226 0.0 0.007808433107756377 0.375,1010840.2509099301,0.011904761904761904,26394,0 38 455 306 79 1654 27,0.0 1.0 0.5908496732026144 0.8116710875331565 0.45930232558139533 0.8282144716293597 0.8916666666666667,106775.2718635004,0.6095238095238096,43871,0 1 37 111 21 438 16,0.0 0.0 0.044444444444444446 0.29442970822281167 0.12209302325581395 0.19521082769390943 0.8,753.8355632697766,0.35714285714285715,52894,10 5 4 6 0 78 -35,1.0 0.10810810810810811 0.00130718954248366 0.015915119363395226 0.0 0.007808433107756377 0.375,1010840.2509099301,0.011904761904761904,26394,0 32 768 370 172 1677 40,0.0 0.8378378378378378 1.0 0.9814323607427056 1.0 0.8401874023945861 1.0,94874.61801855043,0.6333333333333333,47295,0 2 10 184 33 565 18,0.0 0.02702702702702703 0.009150326797385621 0.4880636604774536 0.19186046511627908 0.26132222800624677 0.8166666666666667,3304.88556661237,0.5166666666666667,51898,10 5 4 6 0 78 -35,1.0 0.10810810810810811 0.00130718954248366 0.015915119363395226 0.0 0.007808433107756377 0.375,1010840.2509099301,0.011904761904761904,26394,0 25 730 377 167 1830 31,0.0 0.6486486486486487 0.9503267973856209 1.0 0.9709302325581395 0.9198334200937012 0.925,75475.34919617782,0.6333333333333333,52925,0 1 18 58 4 257 -10,0.0 0.0 0.0196078431372549 0.15384615384615385 0.023255813953488372 0.10098906819364914 0.5833333333333334,353.84339062932156,0.26904761904761904,54978,4 16 373 202 71 1984 32,0.4 0.40540540540540543 0.48366013071895425 0.5358090185676393 0.4127906976744186 1.0 0.9333333333333333,445965.1632693985,0.4095238095238095,82192,0 1 4 0 0 87 -26,0.0 0.0 0.00130718954248366 0.0 0.0 0.012493492972410203 0.45,13.646830354560704,0.6309523809523809,30657,0 1 4 0 0 147 -9,0.0 0.0 0.00130718954248366 0.0 0.0 0.04372722540343571 0.5916666666666667,14.100834345537624,0.23095238095238096,22361,3 16 348 183 70 1979 35,0.3 0.40540540540540543 0.45098039215686275 0.4854111405835544 0.4069767441860465 0.9973971889640812 0.9583333333333334,345587.3855823343,0.4095238095238095,82707,0 1 4 0 0 87 -26,0.0 0.0 0.00130718954248366 0.0 0.0 0.012493492972410203 0.45,13.646830354560704,0.6309523809523809,30657,0 1 4 0 0 129 -3,0.0 0.0 0.00130718954248366 0.0 0.0 0.03435710567412806 0.6416666666666667,14.057133148244548,0.23333333333333334,22299,8 6 4 6 0 80 -35,0.8 0.13513513513513514 0.00130718954248366 0.015915119363395226 0.0 0.008849557522123894 0.375,813542.9640238769,0.016666666666666666,22058
resolved-p21d-c7d-3600-all/resolved-p21d-c7d-3600-3rd/nsp-n40-d28-r0.10-rp2-fp2-s6,0 6 0 0 0 164 -185,0.0 0.008695652173913044 0.0 0.0 0.0 0.0 0.0,869.5652173913044,0.29642857142857143,15369,0 8 0 0 0 180 -136,0.0 0.014492753623188406 0.0 0.0 0.0 0.0032693093583980384 0.16333333333333333,1449.4713887457578,0.20833333333333334,15269,0 3 0 0 0 220 -110,0.0 0.0 0.0 0.0 0.0 0.011442582754393135 0.25,0.3644258275439314,0.18333333333333332,15339,11 9 0 4 0 228 -132,1.0 0.017391304347826087 0.0 0.002911208151382824 0.0 0.013077237433592154 0.17666666666666667,1001742.349081975,0.01904761904761905,17361,2 262 744 646 59 1250 -74,0.18181818181818182 0.7507246376811594 0.28203184230477635 0.47016011644832606 0.16619718309859155 0.22190437270126687 0.37,260200.3328878307,0.23333333333333334,1598,3 348 794 611 38 1442 -65,0.2727272727272727 1.0 0.3009855951478393 0.44468704512372637 0.10704225352112676 0.2611360850020433 0.4,376195.53131007694,0.3357142857142857,1338,11 9 0 4 0 228 -132,1.0 0.017391304347826087 0.0 0.002911208151382824 0.0 0.013077237433592154 0.17666666666666667,1001742.349081975,0.01904761904761905,17361,2 182 669 381 60 1256 -83,0.18181818181818182 0.518840579710145 0.25360121304018196 0.27729257641921395 0.16901408450704225 0.22313036371066614 0.34,236535.01720810516,0.2261904761904762,1669,3 348 794 611 38 1442 -65,0.2727272727272727 1.0 0.3009855951478393 0.44468704512372637 0.10704225352112676 0.2611360850020433 0.4,376195.53131007694,0.3357142857142857,1338,11 9 0 4 0 228 -132,1.0 0.017391304347826087 0.0 0.002911208151382824 0.0 0.013077237433592154 0.17666666666666667,1001742.349081975,0.01904761904761905,17361,2 182 669 381 60 1256 -83,0.18181818181818182 0.518840579710145 0.25360121304018196 0.27729257641921395 0.16901408450704225 0.22313036371066614 0.34,236535.01720810516,0.2261904761904762,1669,3 348 794 611 38 1442 -65,0.2727272727272727 1.0 0.3009855951478393 0.44468704512372637 0.10704225352112676 0.2611360850020433 0.4,376195.53131007694,0.3357142857142857,1338,11 116 1219 608 87 3671 83,1.0 0.32753623188405795 0.46209249431387417 0.44250363901018924 0.24507042253521127 0.71659174499387 0.8933333333333333,1037849.6180635915,0.5595238095238095,39680,0 81 2471 1154 317 5058 23,0.0 0.22608695652173913 0.9366944655041698 0.8398835516739447 0.8929577464788733 1.0 0.6933333333333334,32915.512966870774,0.7928571428571428,35932,0 69 958 786 145 3654 65,0.0 0.19130434782608696 0.36315390447308565 0.5720524017467249 0.4084507042253521 0.7131181038005722 0.8333333333333334,23382.835813880152,0.7,37620,9 142 1253 571 102 3636 115,0.8181818181818182 0.4028985507246377 0.4749810462471569 0.4155749636098981 0.28732394366197184 0.7094401307723743 1.0,863673.8854760374,0.5523809523809524,42868,0 87 2638 1374 355 5053 19,0.0 0.24347826086956523 1.0 1.0 1.0 0.9989783408255006 0.68,35458.49587036478,0.7845238095238095,33555,0 77 1010 633 132 3066 74,0.0 0.2144927536231884 0.38286580742987114 0.4606986899563319 0.37183098591549296 0.5929709848794442 0.8633333333333333,25782.60826834756,0.6916666666666667,32723,11 9 0 4 0 223 -127,1.0 0.017391304347826087 0.0 0.002911208151382824 0.0 0.012055578259092767 0.19333333333333333,1001742.3555320499,0.01904761904761905,13950
resolved-p21d-c7d-3600-all/resolved-p21d-c7d-3600-3rd/nsp-n30-d28-r0.10-rp2-fp2-s1,0 0 4 1 0 120 -158,0.0 0.0 0.0 0.0 0.0 0.0 0.0,0.0,0.4714285714285714,19460,0 2 6 13 0 314 -53,0.0 0.017857142857142856 0.004901960784313725 0.021505376344086023 0.0 0.0970970970970971 0.546875,1857.7571158724797,0.2523809523809524,19131,0 3 4 7 0 330 -51,0.0 0.026785714285714284 0.0 0.010752688172043012 0.0 0.10510510510510511 0.5572916666666666,2690.932459461189,0.2968253968253968,18810,13 3 7 93 17 783 -38,1.0 0.026785714285714284 0.007352941176470588 0.16487455197132617 0.14782608695652175 0.33183183183183185 0.625,1002935.7013193214,0.014285714285714285,3987,0 101 323 559 106 1958 4,0.0 0.9017857142857143 0.7818627450980392 1.0 0.9217391304347826 0.91991991991992 0.84375,99099.41574179451,0.49682539682539684,4947,0 109 247 345 61 1311 -3,0.0 0.9732142857142857 0.5955882352941176 0.6164874551971327 0.5304347826086957 0.5960960960960962 0.8072916666666666,103953.61011045537,0.27936507936507937,3106,13 3 7 93 17 783 -38,1.0 0.026785714285714284 0.007352941176470588 0.16487455197132617 0.14782608695652175 0.33183183183183185 0.625,1002935.7013193214,0.014285714285714285,3987,0 101 325 525 84 2118 23,0.0 0.9017857142857143 0.7867647058823529 0.9390681003584229 0.7304347826086957 1.0 0.9427083333333334,99069.27277434758,0.30793650793650795,4768,0 109 248 361 53 1359 -11,0.0 0.9732142857142857 0.5980392156862745 0.6451612903225806 0.4608695652173913 0.6201201201201201 0.765625,104000.03580133682,0.27936507936507937,3105,13 3 7 93 17 783 -32,1.0 0.026785714285714284 0.007352941176470588 0.16487455197132617 0.14782608695652175 0.33183183183183185 0.65625,1002935.7325693214,0.014285714285714285,3986,0 112 412 513 115 1873 2,0.0 1.0 1.0 0.9175627240143369 1.0 0.8773773773773774 0.8333333333333334,111027.16983112144,0.3111111111111111,4763,0 109 249 359 55 1393 -5,0.0 0.9732142857142857 0.6004901960784313 0.6415770609318996 0.4782608695652174 0.6371371371371372 0.796875,104022.90192647267,0.40634920634920635,3099,13 3 7 93 17 783 -30,1.0 0.026785714285714284 0.007352941176470588 0.16487455197132617 0.14782608695652175 0.33183183183183185 0.6666666666666666,1002935.7429859882,0.014285714285714285,5863,0 0 43 185 40 1032 6,0.0 0.0 0.09558823529411764 0.32974910394265233 0.34782608695652173 0.45645645645645644 0.8541666666666666,1325.8327968107121,0.7095238095238096,20121,0 0 14 122 28 752 34,0.0 0.0 0.024509803921568627 0.2168458781362007 0.24347826086956523 0.3163163163163163 1.0,490.45490660200664,0.6285714285714286,21003,13 3 7 93 17 783 -28,1.0 0.026785714285714284 0.007352941176470588 0.16487455197132617 0.14782608695652175 0.33183183183183185 0.6770833333333334,1002935.7534026548,0.014285714285714285,5862,0 0 19 209 34 1034 3,0.0 0.0 0.03676470588235294 0.3727598566308244 0.2956521739130435 0.4574574574574575 0.8385416666666666,775.3852490868994,0.6698412698412698,21710,0 0 17 171 45 957 -8,0.0 0.0 0.031862745098039214 0.3046594982078853 0.391304347826087 0.4189189189189189 0.78125,667.3878231600753,0.6301587301587301,20155,13 3 7 93 17 784 -32,1.0 0.026785714285714284 0.007352941176470588 0.16487455197132617 0.14782608695652175 0.33233233233233234 0.65625,1002935.7375743265,0.014285714285714285,14571
resolved-p21d-c7d-3600-all/resolved-p21d-c7d-3600-3rd/nsp-n50-d28-r0.10-rp2-fp2-s0,0 39 933 566 131 4110 -92,0.0 0.0 0.0 0.0 0.0 0.0827178729689808 0.14685314685314685,0.9740318765429549,0.3047619047619048,7244,0 90 1467 947 167 4481 -113,0.0 0.08808290155440414 0.209165687426557 0.20740337506804574 0.16289592760180996 0.21971935007385524 0.0,11125.837191034949,0.1457142857142857,9100,0 125 1675 943 173 4778 -106,0.0 0.14853195164075994 0.29063846455150805 0.20522591181273817 0.19004524886877827 0.3293943870014771 0.04895104895104895,17987.153141209656,0.09904761904761905,8396,17 191 1592 638 174 3886 -54,1.0 0.26252158894645944 0.25812769291030163 0.0391943385955362 0.19457013574660634 0.0 0.4125874125874126,1028892.4997633317,0.014285714285714285,5434,10 523 2627 2044 216 4006 -8,0.5882352941176471 0.8359240069084629 0.6635330983157071 0.8045726728361459 0.38461538461538464 0.04431314623338257 0.7342657342657343,679307.2374001448,0.26095238095238094,4317,11 495 2941 2074 275 4651 -15,0.6470588235294118 0.7875647668393783 0.7865256560908734 0.8209036472509527 0.6515837104072398 0.2824963072378139 0.6853146853146853,734570.1290703077,0.14761904761904762,4474,17 191 1592 638 174 3886 -54,1.0 0.26252158894645944 0.25812769291030163 0.0391943385955362 0.19457013574660634 0.0 0.4125874125874126,1028892.4997633317,0.014285714285714285,5434,8 618 3120 2403 252 4492 3,0.47058823529411764 1.0 0.8566392479435958 1.0 0.5475113122171946 0.22378138847858198 0.8111888111888111,580212.4279074713,0.3038095238095238,4405,12 457 3486 2009 295 5354 -31,0.7058823529411765 0.7219343696027634 1.0 0.7855198693522046 0.7420814479638009 0.5420974889217134 0.5734265734265734,788941.5123170641,0.21428571428571427,4429,17 191 1592 638 174 3886 -54,1.0 0.26252158894645944 0.25812769291030163 0.0391943385955362 0.19457013574660634 0.0 0.4125874125874126,1028892.4997633317,0.014285714285714285,5434,8 618 3120 2403 252 4492 3,0.47058823529411764 1.0 0.8566392479435958 1.0 0.5475113122171946 0.22378138847858198 0.8111888111888111,580212.4279074713,0.3038095238095238,4405,12 457 3486 2009 295 5354 -31,0.7058823529411765 0.7219343696027634 1.0 0.7855198693522046 0.7420814479638009 0.5420974889217134 0.5734265734265734,788941.5123170641,0.21428571428571427,4429,17 191 1628 731 196 3957 -49,1.0 0.26252158894645944 0.27222875048962003 0.08982035928143713 0.29411764705882354 0.02621861152141802 0.44755244755244755,1029094.3882620923,0.014285714285714285,18655,1 145 2467 1288 344 6342 -9,0.058823529411764705 0.18307426597582038 0.6008617312965139 0.39303211758301576 0.9638009049773756 0.9069423929098966 0.7272727272727273,83638.78222704901,0.7714285714285715,21137,0 302 2881 1185 249 4978 29,0.0 0.4542314335060449 0.763023893458676 0.33696243875884596 0.5339366515837104 0.4032496307237814 0.993006993006993,53448.763892408715,0.76,13288,17 191 1704 821 205 4036 -44,1.0 0.26252158894645944 0.3019976498237368 0.13881328252585737 0.334841628959276 0.055391432791728215 0.4825174825174825,1029445.4692701155,0.014285714285714285,17519,1 144 2439 1273 352 6594 4,0.058823529411764705 0.18134715025906736 0.5898942420681551 0.3848666303756124 1.0 1.0 0.8181818181818182,83352.87167054678,0.7714285714285715,22077,0 305 2922 1211 244 5004 30,0.0 0.459412780656304 0.7790834312573442 0.3511159499183451 0.5113122171945701 0.41285081240768096 1.0,54139.48805796572,0.76,12772,17 191 1660 966 208 4168 -84,1.0 0.26252158894645944 0.2847630238934587 0.21774632553075668 0.34841628959276016 0.10413589364844904 0.20279720279720279,1029353.6212442098,0.014285714285714285,14973
resolved-p21d-c7d-3600-all/resolved-p21d-c7d-3600-3rd/nsp-n50-d28-r0.10-rp2-fp2-s9,0 0 0 0 0 208 -227,0.0 0.0 0.0 0.0 0.0 0.0 0.0,0.0,0.3352380952380952,817,0 0 0 0 0 244 -159,0.0 0.0 0.0 0.0 0.0 0.03654822335025381 0.48226950354609927,0.8477517370486374,0.24476190476190476,689,0 0 0 0 0 330 -157,0.0 0.0 0.0 0.0 0.0 0.12385786802030457 0.49645390070921985,1.7350325809122658,0.19238095238095237,668,0 0 0 0 0 703 -117,0.0 0.0 0.0 0.0 0.0 0.5025380710659898 0.7801418439716312,5.80552255463153,0.11047619047619048,38,0 0 0 0 0 509 -115,0.0 0.0 0.0 0.0 0.0 0.30558375634517765 0.7943262411347518,3.8501638045865283,0.32857142857142857,17,0 0 0 0 0 643 -111,0.0 0.0 0.0 0.0 0.0 0.4416243654822335 0.8226950354609929,5.2389386902833275,0.12285714285714286,49,0 0 0 0 0 680 -107,0.0 0.0 0.0 0.0 0.0 0.47918781725888326 0.851063829787234,5.642942002376067,0.12095238095238095,58,0 0 0 0 0 411 -158,0.0 0.0 0.0 0.0 0.0 0.20609137055837565 0.48936170212765956,2.5502754077114163,0.3180952380952381,21,0 0 0 0 0 735 -123,0.0 0.0 0.0 0.0 0.0 0.5350253807106599 0.7375886524822695,6.0878424595888685,0.11619047619047619,89,0 0 0 0 0 692 -112,0.0 0.0 0.0 0.0 0.0 0.49137055837563454 0.8156028368794326,5.729308420635778,0.11904761904761904,60,0 0 0 0 0 515 -129,0.0 0.0 0.0 0.0 0.0 0.3116751269035533 0.6950354609929078,3.811786730028441,0.3514285714285714,20,0 0 0 0 0 699 -115,0.0 0.0 0.0 0.0 0.0 0.4984771573604061 0.7943262411347518,5.779097814738813,0.1219047619047619,68,0 0 0 0 0 1170 -134,0.0 0.0 0.0 0.0 0.0 0.9766497461928934 0.6595744680851063,10.42607193001404,0.38857142857142857,171,0 0 0 0 0 378 -142,0.0 0.0 0.0 0.0 0.0 0.17258883248730963 0.6028368794326241,2.3287252043057203,0.6666666666666666,176,0 0 0 0 0 1114 -95,0.0 0.0 0.0 0.0 0.0 0.9197969543147209 0.9361702127659575,10.134139755913168,0.27714285714285714,306,0 0 0 0 0 1193 -86,0.0 0.0 0.0 0.0 0.0 1.0 1.0,11.0,0.34,202,0 0 0 0 0 378 -142,0.0 0.0 0.0 0.0 0.0 0.17258883248730963 0.6028368794326241,2.3287252043057203,0.6666666666666666,176,0 0 0 0 0 1114 -95,0.0 0.0 0.0 0.0 0.0 0.9197969543147209 0.9361702127659575,10.134139755913168,0.27714285714285714,306,0 0 0 0 0 521 -112,0.0 0.0 0.0 0.0 0.0 0.3177664974619289 0.8156028368794326,3.993267811498722,0.11238095238095239,40
resolved-p21d-c7d-3600-all/resolved-p21d-c7d-3600-1st/nsp-n50-d28-r0.10-rp2-fp2-s8,4 36 1809 351 190 4469 -71,0.0 0.0 0.0 0.0 0.0 0.15267507612005218 0.043478260869565216,1.570229022070087,0.2866666666666667,10289,4 36 2251 639 240 5489 -77,0.0 0.0 0.16993464052287582 0.13642823306489815 0.1865671641791045 0.5963462374945628 0.0,1860.3948170865124,0.16476190476190475,9609,4 73 2765 959 291 6192 -72,0.0 0.07170542635658915 0.3675509419454056 0.2880151586925628 0.376865671641791 0.902131361461505 0.036231884057971016,11180.811326468385,0.10380952380952381,11248,26 132 3025 793 303 5402 -38,0.9565217391304348 0.18604651162790697 0.4675124951941561 0.20937944102321174 0.4216417910447761 0.5585036972596781 0.2826086956521739,980058.926510963,0.009523809523809525,6380,14 491 3833 2206 407 5254 -8,0.43478260869565216 0.8817829457364341 0.778162245290273 0.8787304594978683 0.8097014925373134 0.4941278816876903 0.5,531707.6676097668,0.21142857142857144,1676,13 541 4410 2462 458 5932 -25,0.391304347826087 0.9786821705426356 1.0 1.0 1.0 0.7890387124836885 0.37681159420289856,500280.8320790696,0.2819047619047619,1405,26 132 3022 788 303 5399 -38,0.9565217391304348 0.18604651162790697 0.4663590926566705 0.2070108953102795 0.4216417910447761 0.5571987820791648 0.2826086956521739,980045.0108907234,0.009523809523809525,6393,14 491 3833 2206 407 5254 -8,0.43478260869565216 0.8817829457364341 0.778162245290273 0.8787304594978683 0.8097014925373134 0.4941278816876903 0.5,531707.6676097668,0.21142857142857144,1676,13 492 4396 1962 432 5877 -20,0.391304347826087 0.8837209302325582 0.9946174548250672 0.763145428706774 0.9029850746268657 0.765115267507612 0.41304347826086957,490484.1235299163,0.2742857142857143,1484,26 132 3039 809 311 5434 -36,0.9565217391304348 0.18604651162790697 0.4728950403690888 0.21695878730459497 0.45149253731343286 0.5724227925184863 0.2971014492753623,980123.4700673268,0.009523809523809525,6237,14 491 3833 2206 407 5254 -8,0.43478260869565216 0.8817829457364341 0.778162245290273 0.8787304594978683 0.8097014925373134 0.4941278816876903 0.5,531707.6676097668,0.21142857142857144,1676,13 511 4244 2208 353 5964 -2,0.391304347826087 0.9205426356589147 0.9361783929257977 0.8796778777830412 0.6082089552238806 0.8029578077424967 0.5434782608695652,493669.46715088014,0.27714285714285714,1466,26 132 3224 897 347 5702 -34,0.9565217391304348 0.18604651162790697 0.5440215301806998 0.25864519185220275 0.585820895522388 0.6889952153110048 0.3115942028985507,980891.034422793,0.009523809523809525,15762,6 542 2404 1690 220 4177 61,0.08695652173913043 0.9806201550387597 0.22875816993464052 0.6342965419232591 0.11194029850746269 0.02566333188342758 1.0,187952.86614744566,0.7723809523809524,9057,7 545 2913 2028 369 4118 39,0.13043478260869565 0.9864341085271318 0.4244521337946944 0.7944102321174799 0.667910447761194 0.0 0.8405797101449275,234184.7566559595,0.7638095238095238,14028,26 132 3316 762 363 6127 -45,0.9565217391304348 0.18604651162790697 0.5793925413302576 0.19469445760303175 0.6455223880597015 0.8738581992170509 0.2318840579710145,981188.5328689872,0.009523809523809525,14950,4 537 2433 1819 261 4239 47,0.0 0.9709302325581395 0.23990772779700115 0.6954050213169114 0.26492537313432835 0.05263157894736842 0.8985507246376812,100215.42295892842,0.7685714285714286,10200,6 552 2926 2017 371 4152 44,0.08695652173913043 1.0 0.42945021145713186 0.7891994315490289 0.6753731343283582 0.01478903871248369 0.8768115942028986,192108.78530066495,0.7638095238095238,14514,27 132 3327 787 328 6417 -65,1.0 0.18604651162790697 0.5836216839677048 0.20653718616769304 0.5149253731343284 1.0 0.08695652173913043,1024708.9846824706,0.009523809523809525,20178
resolved-p21d-c7d-3600-all/resolved-p21d-c7d-3600-1st/nsp-n30-d28-r0.10-rp2-fp2-s5,0 0 2 3 0 137 -130,0.0 0.0 0.0 0.0 0.0 0.0 0.0,0.0,0.5111111111111111,18825,0 1 2 3 0 259 -46,0.0 0.005780346820809248 0.0 0.0 0.0 0.04899598393574297 0.44680851063829785,578.9714504309206,0.36984126984126986,18722,0 3 2 25 0 463 -10,0.0 0.017341040462427744 0.0 0.03859649122807018 0.0 0.13092369477911647 0.6382978723404256,1774.648072290976,0.2492063492063492,18381,11 3 3 110 13 869 5,1.0 0.017341040462427744 0.001440922190201729 0.18771929824561404 0.10569105691056911 0.29397590361445786 0.7180851063829787,1001950.459516224,0.01746031746031746,3643,0 173 696 573 123 2112 7,0.0 1.0 1.0 1.0 1.0 0.7931726907630522 0.7287234042553191,111108.66045031189,0.3111111111111111,3593,0 143 376 429 71 1622 16,0.0 0.8265895953757225 0.5389048991354467 0.7473684210526316 0.5772357723577236 0.5963855421686747 0.776595744680851,88859.8409783815,0.30793650793650795,4308,11 3 3 110 13 869 5,1.0 0.017341040462427744 0.001440922190201729 0.18771929824561404 0.10569105691056911 0.29397590361445786 0.7180851063829787,1001950.459516224,0.01746031746031746,3643,0 96 432 502 73 2574 35,0.0 0.5549132947976878 0.6195965417867435 0.875438596491228 0.5934959349593496 0.978714859437751 0.8776595744680851,62632.74789579222,0.35555555555555557,3843,0 113 343 502 84 1848 23,0.0 0.653179190751445 0.49135446685878964 0.875438596491228 0.6829268292682927 0.6871485943775101 0.8138297872340425,71182.88033888147,0.47619047619047616,4355,11 3 3 110 13 869 5,1.0 0.017341040462427744 0.001440922190201729 0.18771929824561404 0.10569105691056911 0.29397590361445786 0.7180851063829787,1001950.459516224,0.01746031746031746,3643,0 100 317 523 79 2627 58,0.0 0.5780346820809249 0.4538904899135447 0.9122807017543859 0.6422764227642277 1.0 1.0,63329.88145125875,0.49682539682539684,3802,0 112 302 555 69 1913 14,0.0 0.6473988439306358 0.4322766570605187 0.968421052631579 0.5609756097560976 0.7132530120481928 0.7659574468085106,70095.06806484325,0.4031746031746032,4390,11 3 3 110 13 869 6,1.0 0.017341040462427744 0.001440922190201729 0.18771929824561404 0.10569105691056911 0.29397590361445786 0.723404255319149,1001950.4648353729,0.01746031746031746,6001,0 0 21 213 30 834 32,0.0 0.0 0.027377521613832854 0.3684210526315789 0.24390243902439024 0.27991967871485945 0.8617021276595744,670.2474115871546,0.7031746031746032,23069,0 0 2 48 2 598 23,0.0 0.0 0.0 0.07894736842105263 0.016260162601626018 0.18514056224899597 0.8138297872340425,83.23862009093924,0.6746031746031746,20373,11 3 3 110 13 869 6,1.0 0.017341040462427744 0.001440922190201729 0.18771929824561404 0.10569105691056911 0.29397590361445786 0.723404255319149,1001950.4648353729,0.01746031746031746,6001,0 0 25 190 35 835 7,0.0 0.0 0.03314121037463977 0.3280701754385965 0.2845528455284553 0.28032128514056226 0.7287234042553191,691.4694999935007,0.6825396825396826,22583,0 0 2 28 1 595 21,0.0 0.0 0.0 0.043859649122807015 0.008130081300813009 0.18393574297188756 0.8031914893617021,47.31520617196889,0.6730158730158731,20632,11 3 3 110 13 868 2,1.0 0.017341040462427744 0.001440922190201729 0.18771929824561404 0.10569105691056911 0.293574297188755 0.7021276595744681,1001950.4395427129,0.01746031746031746,15398
resolved-p21d-c7d-3600-all/resolved-p21d-c7d-3600-1st/nsp-n40-d28-r0.10-rp2-fp2-s1,1 4 0 3 0 156 -222,0.06666666666666667 0.0025906735751295338 0.0 0.0008403361344537816 0.0 0.0 0.0,66926.57436031407,0.4023809523809524,20323,1 4 0 2 0 330 -151,0.06666666666666667 0.0025906735751295338 0.0 0.0 0.0 0.03956343792633015 0.2526690391459075,66926.38232759804,0.21666666666666667,32962,1 3 0 9 0 546 -141,0.06666666666666667 0.0 0.0 0.0058823529411764705 0.0 0.08867667121418826 0.28825622775800713,66673.72404254775,0.11190476190476191,33200,15 4 0 5 1 579 -119,1.0 0.0025906735751295338 0.0 0.0025210084033613447 0.0034602076124567475 0.09618008185538882 0.3665480427046263,1000263.2627355388,0.015476190476190477,19770,14 230 398 326 43 1220 -93,0.9333333333333333 0.5880829015544041 0.23494687131050768 0.2722689075630252 0.14878892733564014 0.2419281491587085 0.45907473309608543,994781.1183584002,0.20357142857142857,4594,6 337 777 571 57 1352 -66,0.4 0.8652849740932642 0.45867768595041325 0.4781512605042017 0.1972318339100346 0.2719417917235107 0.5551601423487544,491616.42329078534,0.25833333333333336,5387,15 4 0 5 1 579 -123,1.0 0.0025906735751295338 0.0 0.0025210084033613447 0.0034602076124567475 0.09618008185538882 0.35231316725978645,1000263.2485006633,0.015476190476190477,19771,6 389 780 881 86 1656 -74,0.4 1.0 0.4604486422668241 0.738655462184874 0.2975778546712803 0.34106412005457026 0.5266903914590747,505376.83700191224,0.3238095238095238,4951,6 337 777 571 57 1352 -66,0.4 0.8652849740932642 0.45867768595041325 0.4781512605042017 0.1972318339100346 0.2719417917235107 0.5551601423487544,491616.42329078534,0.25833333333333336,5387,15 4 0 5 1 578 -126,1.0 0.0025906735751295338 0.0 0.0025210084033613447 0.0034602076124567475 0.09595270577535243 0.3416370106761566,1000263.235550746,0.015476190476190477,19773,10 291 718 569 64 1580 -89,0.6666666666666666 0.7461139896373057 0.42384887839433294 0.4764705882352941 0.22145328719723184 0.32378353797180537 0.47330960854092524,746018.8814762838,0.2011904761904762,4805,6 337 777 571 57 1352 -66,0.4 0.8652849740932642 0.45867768595041325 0.4781512605042017 0.1972318339100346 0.2719417917235107 0.5551601423487544,491616.42329078534,0.25833333333333336,5387,12 321 1667 1192 195 3377 59,0.8 0.8238341968911918 0.9840613931523022 1.0 0.6747404844290658 0.7323783537971805 1.0,893299.8314526231,0.555952380952381,26316,0 88 1539 935 289 4554 -38,0.0 0.22020725388601037 0.9085005903187722 0.7840336134453781 1.0 1.0 0.6548042704626335,32000.419709504597,0.7440476190476191,25893,0 48 905 782 114 3618 42,0.0 0.11658031088082901 0.5342384887839433 0.6554621848739496 0.3944636678200692 0.7871759890859482 0.9395017793594306,17704.13578924851,0.6107142857142858,39944,12 321 1667 1192 195 3377 59,0.8 0.8238341968911918 0.9840613931523022 1.0 0.6747404844290658 0.7323783537971805 1.0,893299.8314526231,0.555952380952381,26316,0 93 1694 1006 259 3985 -8,0.0 0.23316062176165803 1.0 0.8436974789915966 0.8961937716262975 0.8706230104592997 0.7615658362989324,34258.846828260925,0.7440476190476191,20743,0 63 982 946 100 3456 43,0.0 0.15544041450777202 0.5796930342384888 0.7932773109243697 0.3460207612456747 0.7503410641200545 0.9430604982206405,22177.297651350447,0.6107142857142858,34626,15 4 0 5 1 578 -123,1.0 0.0025906735751295338 0.0 0.0025210084033613447 0.0034602076124567475 0.09595270577535243 0.35231316725978645,1000263.2462269026,0.015476190476190477,19286
resolved-p21d-c7d-3600-all/resolved-p21d-c7d-3600-1st/nsp-n30-d28-r0.10-rp2-fp2-s4,1 9 0 1 0 100 -124,0.1111111111111111 0.03317535545023697 0.0 0.0016313213703099511 0.0 0.0 0.022988505747126436,114430.30096601087,0.29365079365079366,14191,1 9 0 2 0 103 -128,0.1111111111111111 0.03317535545023697 0.0 0.0032626427406199023 0.0 0.0010204081632653062 0.0,114431.91950295705,0.2968253968253968,14142,1 9 0 2 0 112 -104,0.1111111111111111 0.03317535545023697 0.0 0.0032626427406199023 0.0 0.004081632653061225 0.13793103448275862,114432.08804623644,0.24444444444444444,14377,9 8 2 11 0 145 -82,1.0 0.02843601895734597 0.0022675736961451248 0.01794453507340946 0.0 0.015306122448979591 0.26436781609195403,1002884.63959681,0.022222222222222223,25896,0 108 569 505 96 1466 -19,0.0 0.5023696682464455 0.645124716553288 0.8238172920065253 0.6486486486486487 0.46462585034013604 0.6264367816091954,57582.16884233383,0.5349206349206349,5275,0 121 504 410 65 1210 -17,0.0 0.5639810426540285 0.5714285714285714 0.6688417618270799 0.4391891891891892 0.37755102040816324 0.6379310344827587,62829.564101673124,0.36507936507936506,2859,9 8 2 11 0 145 -83,1.0 0.02843601895734597 0.0022675736961451248 0.01794453507340946 0.0 0.015306122448979591 0.25862068965517243,1002884.6338496836,0.022222222222222223,25897,0 108 573 426 76 1335 -24,0.0 0.5023696682464455 0.6496598639455783 0.6949429037520392 0.5135135135135135 0.4200680272108844 0.5977011494252874,57484.65810062525,0.4746031746031746,4821,0 213 458 433 57 1291 -6,0.0 1.0 0.5192743764172335 0.7063621533442088 0.38513513513513514 0.4051020408163265 0.7011494252873564,105942.37160086351,0.37142857142857144,2385,9 8 2 11 0 145 -82,1.0 0.02843601895734597 0.0022675736961451248 0.01794453507340946 0.0 0.015306122448979591 0.26436781609195403,1002884.63959681,0.022222222222222223,25896,0 186 351 405 42 969 -36,0.0 0.8720379146919431 0.3979591836734694 0.6606851549755302 0.28378378378378377 0.295578231292517 0.5287356321839081,91875.93135722802,0.27936507936507937,4059,0 121 504 410 65 1210 -17,0.0 0.5639810426540285 0.5714285714285714 0.6688417618270799 0.4391891891891892 0.37755102040816324 0.6379310344827587,62829.564101673124,0.36507936507936506,2859,1 87 846 613 111 2542 36,0.1111111111111111 0.4028436018957346 0.9591836734693877 1.0 0.75 0.8306122448979592 0.9425287356321839,162071.55668656307,0.473015873015873,52120,0 2 0 0 0 166 -63,0.0 0.0 0.0 0.0 0.0 0.022448979591836733 0.3735632183908046,0.5980530143091719,0.6587301587301587,29670,0 26 739 439 145 3040 31,0.0 0.11374407582938388 0.8378684807256236 0.7161500815660685 0.9797297297297297 1.0 0.9137931034482759,20578.12923783711,0.6587301587301587,54462,7 95 882 591 106 2558 41,0.7777777777777778 0.44075829383886256 1.0 0.964110929853181 0.7162162162162162 0.8360544217687075 0.9712643678160919,832898.6715217243,0.4714285714285714,52416,0 2 0 0 0 166 -63,0.0 0.0 0.0 0.0 0.0 0.022448979591836733 0.3735632183908046,0.5980530143091719,0.6587301587301587,29670,0 30 789 510 148 2877 46,0.0 0.13270142180094788 0.8945578231292517 0.831973898858075 1.0 0.9445578231292517 1.0,23158.13988847667,0.6587301587301587,50240,9 8 2 11 0 145 -87,1.0 0.02843601895734597 0.0022675736961451248 0.01794453507340946 0.0 0.015306122448979591 0.23563218390804597,1002884.6108611779,0.022222222222222223,18622
resolved-p21d-c7d-3600-all/resolved-p21d-c7d-3600-1st/nsp-n10-d28-r0.10-rp0-fp0-s5,0 0 2 0 0 117 -44,0.0 0.0 0.0 0.0 0.0 0.06521739130434782 0.1,0.7521739130434782,0.4095238095238095,8580,0 0 2 0 0 118 -47,0.0 0.0 0.0 0.0 0.0 0.07608695652173914 0.0,0.7608695652173914,0.26666666666666666,11396,0 0 2 0 0 117 -45,0.0 0.0 0.0 0.0 0.0 0.06521739130434782 0.06666666666666667,0.7188405797101449,0.3333333333333333,11395,5 0 3 0 0 111 -39,1.0 0.0 1.0 0.0 0.0 0.0 0.26666666666666666,1010000.2666666667,0.014285714285714285,2066,0 0 2 0 0 129 -17,0.0 0.0 0.0 0.0 0.0 0.1956521739130435 1.0,2.9565217391304346,0.49047619047619045,15399,0 0 2 0 0 130 -39,0.0 0.0 0.0 0.0 0.0 0.20652173913043478 0.26666666666666666,2.3318840579710143,0.09047619047619047,18417,5 0 3 0 0 111 -39,1.0 0.0 1.0 0.0 0.0 0.0 0.26666666666666666,1010000.2666666667,0.014285714285714285,2066,0 0 2 0 0 129 -17,0.0 0.0 0.0 0.0 0.0 0.1956521739130435 1.0,2.9565217391304346,0.49047619047619045,15399,0 0 2 0 0 130 -39,0.0 0.0 0.0 0.0 0.0 0.20652173913043478 0.26666666666666666,2.3318840579710143,0.09047619047619047,18417,5 0 3 0 0 111 -38,1.0 0.0 1.0 0.0 0.0 0.0 0.3,1010000.3,0.014285714285714285,2065,0 0 2 0 0 129 -17,0.0 0.0 0.0 0.0 0.0 0.1956521739130435 1.0,2.9565217391304346,0.49047619047619045,15399,0 0 2 0 0 130 -39,0.0 0.0 0.0 0.0 0.0 0.20652173913043478 0.26666666666666666,2.3318840579710143,0.09047619047619047,18417,5 0 3 0 0 111 -36,1.0 0.0 1.0 0.0 0.0 0.0 0.36666666666666664,1010000.3666666667,0.014285714285714285,3825,0 0 2 0 0 126 -24,0.0 0.0 0.0 0.0 0.0 0.16304347826086957 0.7666666666666667,2.3971014492753624,0.5571428571428572,4896,0 0 2 0 0 203 -25,0.0 0.0 0.0 0.0 0.0 1.0 0.7333333333333333,10.733333333333333,0.3904761904761905,5999,5 0 3 0 0 111 -36,1.0 0.0 1.0 0.0 0.0 0.0 0.36666666666666664,1010000.3666666667,0.014285714285714285,3825,0 0 2 0 0 126 -24,0.0 0.0 0.0 0.0 0.0 0.16304347826086957 0.7666666666666667,2.3971014492753624,0.5619047619047619,4895,0 0 2 0 0 203 -25,0.0 0.0 0.0 0.0 0.0 1.0 0.7333333333333333,10.733333333333333,0.3904761904761905,5999,0 0 2 0 0 128 -40,0.0 0.0 0.0 0.0 0.0 0.18478260869565216 0.23333333333333334,2.081159420289855,0.10476190476190476,8099
resolved-p21d-c7d-3600-all/resolved-p21d-c7d-3600-1st/nsp-n10-d28-r0.10-rp0-fp0-s0,0 1 0 0 0 76 -38,0.0 0.0 0.0 0.0 0.0 0.0 0.0,0.0,0.38095238095238093,7780,0 1 0 0 0 76 -38,0.0 0.0 0.0 0.0 0.0 0.0 0.0,0.0,0.36666666666666664,7793,0 3 0 0 0 76 -36,0.0 1.0 0.0 0.0 0.0 0.0 0.08695652173913043,100000.08695652174,0.30952380952380953,8024,2 3 0 0 0 82 -33,1.0 1.0 0.0 0.0 0.0 0.08955223880597014 0.21739130434782608,1100001.1129136924,0.01904761904761905,3001,0 1 0 0 0 97 -15,0.0 0.0 0.0 0.0 0.0 0.31343283582089554 1.0,4.134328358208956,0.3238095238095238,12556,0 1 0 0 0 89 -32,0.0 0.0 0.0 0.0 0.0 0.19402985074626866 0.2608695652173913,2.201168072680078,0.06666666666666667,14983,2 3 0 0 0 82 -33,1.0 1.0 0.0 0.0 0.0 0.08955223880597014 0.21739130434782608,1100001.1129136924,0.01904761904761905,2558,0 1 0 0 0 94 -19,0.0 0.0 0.0 0.0 0.0 0.26865671641791045 0.8260869565217391,3.5126541207008435,0.3952380952380952,16144,0 1 0 0 0 89 -32,0.0 0.0 0.0 0.0 0.0 0.19402985074626866 0.2608695652173913,2.201168072680078,0.06666666666666667,12523,2 3 0 0 0 82 -33,1.0 1.0 0.0 0.0 0.0 0.08955223880597014 0.21739130434782608,1100001.1129136924,0.01904761904761905,2170,0 1 0 0 0 89 -32,0.0 0.0 0.0 0.0 0.0 0.19402985074626866 0.2608695652173913,2.201168072680078,0.4142857142857143,10721,0 1 0 0 0 90 -32,0.0 0.0 0.0 0.0 0.0 0.208955223880597 0.2608695652173913,2.350421804023361,0.06666666666666667,4480,2 3 0 0 0 82 -33,1.0 1.0 0.0 0.0 0.0 0.08955223880597014 0.21739130434782608,1100001.1129136924,0.01904761904761905,1792,0 1 0 0 0 92 -17,0.0 0.0 0.0 0.0 0.0 0.23880597014925373 0.9130434782608695,3.3011031797534067,0.638095238095238,21423,0 1 0 0 0 143 -24,0.0 0.0 0.0 0.0 0.0 1.0 0.6086956521739131,10.608695652173914,0.4142857142857143,25490,2 3 0 0 0 82 -32,1.0 1.0 0.0 0.0 0.0 0.08955223880597014 0.2608695652173913,1100001.1563919534,0.01904761904761905,1791,0 1 0 0 0 92 -17,0.0 0.0 0.0 0.0 0.0 0.23880597014925373 0.9130434782608695,3.3011031797534067,0.6476190476190476,21421,0 1 0 0 0 143 -24,0.0 0.0 0.0 0.0 0.0 1.0 0.6086956521739131,10.608695652173914,0.4142857142857143,25490,0 1 0 0 0 85 -27,0.0 0.0 0.0 0.0 0.0 0.13432835820895522 0.4782608695652174,1.8215444516547694,0.10476190476190476,10227
resolved-p21d-c7d-3600-all/resolved-p21d-c7d-3600-1st/nsp-n30-d28-r0.10-rp2-fp2-s9,1 2 0 0 0 78 -149,0.07692307692307693 0.0026109660574412533 0.0 0.0 0.0 0.0005844535359438924 0.0,77184.17937335641,0.30317460317460315,23650,1 2 0 0 0 77 -146,0.07692307692307693 0.0026109660574412533 0.0 0.0 0.0 0.0 0.014563106796116505,77184.18809192785,0.30793650793650795,23748,1 2 0 0 0 87 -98,0.07692307692307693 0.0026109660574412533 0.0 0.0 0.0 0.0058445353594389245 0.24757281553398058,77184.47954699017,0.2126984126984127,23608,13 1 2 1 0 108 -87,1.0 0.0 0.0011947431302270011 0.0008756567425569177 0.0 0.018118059614260665 0.30097087378640774,1000013.3052395148,0.009523809523809525,9424,0 93 357 336 56 860 -49,0.0 0.2402088772845953 0.2132616487455197 0.29422066549912435 0.3181818181818182 0.4576271186440678 0.4854368932038835,26484.604771311675,0.21904761904761905,3535,0 98 452 274 57 841 -67,0.0 0.25326370757180156 0.27001194743130225 0.23992994746059546 0.32386363636363635 0.4465225014611338 0.39805825242718446,28303.669825857178,0.0746031746031746,5473,13 1 2 1 0 108 -84,1.0 0.0 0.0011947431302270011 0.0008756567425569177 0.0 0.018118059614260665 0.3155339805825243,1000013.3198026215,0.009523809523809525,6233,0 229 540 617 69 1130 8,0.0 0.5953002610966057 0.3225806451612903 0.5402802101576182 0.39204545454545453 0.6154295733489188 0.7621359223300971,63342.23374854146,0.5253968253968254,3081,0 125 449 416 79 1013 -18,0.0 0.3237597911227154 0.2682198327359618 0.36427320490367776 0.44886363636363635 0.5470485096434834 0.6359223300970874,35473.44341559773,0.38412698412698415,5438,13 1 2 1 0 108 -87,1.0 0.0 0.0011947431302270011 0.0008756567425569177 0.0 0.018118059614260665 0.30097087378640774,1000013.3052395148,0.009523809523809525,5607,0 93 357 286 48 955 -30,0.0 0.2402088772845953 0.2132616487455197 0.2504378283712785 0.2727272727272727 0.5131502045587376 0.5776699029126213,26436.92394350723,0.4,3537,0 98 452 274 57 841 -67,0.0 0.25326370757180156 0.27001194743130225 0.23992994746059546 0.32386363636363635 0.4465225014611338 0.39805825242718446,28303.669825857178,0.0746031746031746,5473,13 1 2 1 0 108 -83,1.0 0.0 0.0011947431302270011 0.0008756567425569177 0.0 0.018118059614260665 0.32038834951456313,1000013.3246569905,0.009523809523809525,10681,0 299 787 784 136 1482 28,0.0 0.7780678851174935 0.470131421744325 0.6865148861646234 0.7727272727272727 0.8211572180011689 0.8592233009708737,83280.96113811093,0.7888888888888889,24716,0 375 1635 1138 176 1701 57,0.0 0.9765013054830287 0.9767025089605734 0.9964973730297724 1.0 0.9491525423728814 1.0,108524.1445363621,0.8158730158730159,22793,13 1 2 1 0 108 -83,1.0 0.0 0.0011947431302270011 0.0008756567425569177 0.0 0.018118059614260665 0.32038834951456313,1000013.3246569905,0.009523809523809525,10681,0 302 768 750 123 1579 28,0.0 0.7859007832898173 0.45878136200716846 0.6567425569176882 0.6988636363636364 0.8778492109877265 0.8592233009708737,83914.15858501832,0.8031746031746032,24498,0 384 1674 1142 161 1788 46,0.0 1.0 1.0 1.0 0.9147727272727273 1.0 0.9466019417475728,111102.42387466902,0.8301587301587302,22479,13 1 2 1 0 108 -88,1.0 0.0 0.0011947431302270011 0.0008756567425569177 0.0 0.018118059614260665 0.2961165048543689,1000013.3003851458,0.009523809523809525,22195
resolved-p21d-c7d-3600-all/resolved-p21d-c7d-3600-1st/nsp-n20-d28-r0.10-rp2-fp2-s2,1 1 4 0 0 62 -80,0.1111111111111111 0.2 0.0 0.0 0.0 0.0 0.11363636363636363,131111.22474747474,0.29523809523809524,9943,0 0 10 1 0 73 -90,0.0 0.0 0.043478260869565216 0.00684931506849315 0.0 0.016666666666666666 0.0,441.798590430812,0.2857142857142857,10166,0 0 10 0 0 73 -78,0.0 0.0 0.043478260869565216 0.0 0.0 0.016666666666666666 0.13636363636363635,435.0856389986825,0.27380952380952384,10084,9 1 4 2 0 72 -45,1.0 0.2 0.0 0.0136986301369863 0.0 0.015151515151515152 0.5113636363636364,1020014.3615089249,0.014285714285714285,5622,0 5 142 146 26 722 -2,0.0 1.0 1.0 1.0 1.0 1.0 1.0,111111.0,0.4023809523809524,10192,0 0 10 0 0 104 -58,0.0 0.0 0.043478260869565216 0.0 0.0 0.06363636363636363 0.36363636363636365,435.7826086956522,0.07857142857142857,4346,9 1 4 2 0 72 -45,1.0 0.2 0.0 0.0136986301369863 0.0 0.015151515151515152 0.5113636363636364,1020014.3615089249,0.014285714285714285,5622,0 0 10 0 0 111 -36,0.0 0.0 0.043478260869565216 0.0 0.0 0.07424242424242425 0.6136363636363636,436.1386693017128,0.3547619047619048,17869,0 0 10 0 0 104 -49,0.0 0.0 0.043478260869565216 0.0 0.0 0.06363636363636363 0.4659090909090909,435.88488142292493,0.07857142857142857,6888,9 1 4 2 0 72 -45,1.0 0.2 0.0 0.0136986301369863 0.0 0.015151515151515152 0.5113636363636364,1020014.3615089249,0.014285714285714285,5622,0 0 10 0 0 120 -39,0.0 0.0 0.043478260869565216 0.0 0.0 0.08787878787878788 0.5795454545454546,436.2409420289855,0.37142857142857144,9760,0 0 10 0 0 104 -57,0.0 0.0 0.043478260869565216 0.0 0.0 0.06363636363636363 0.375,435.7939723320158,0.07857142857142857,4734,9 1 4 2 0 71 -52,1.0 0.2 0.0 0.0136986301369863 0.0 0.013636363636363636 0.4318181818181818,1020014.2668119551,0.014285714285714285,2984,0 0 10 0 0 98 -71,0.0 0.0 0.043478260869565216 0.0 0.0 0.05454545454545454 0.2159090909090909,435.5439723320158,0.6238095238095238,20186,0 0 10 0 0 333 -42,0.0 0.0 0.043478260869565216 0.0 0.0 0.4106060606060606 0.5454545454545454,439.4341238471673,0.49523809523809526,16868,9 1 4 2 0 71 -52,1.0 0.2 0.0 0.0136986301369863 0.0 0.013636363636363636 0.4318181818181818,1020014.2668119551,0.014285714285714285,2984,0 0 10 0 0 98 -71,0.0 0.0 0.043478260869565216 0.0 0.0 0.05454545454545454 0.2159090909090909,435.5439723320158,0.6238095238095238,20186,0 0 10 0 0 333 -42,0.0 0.0 0.043478260869565216 0.0 0.0 0.4106060606060606 0.5454545454545454,439.4341238471673,0.49523809523809526,16868,9 1 4 2 0 71 -54,1.0 0.2 0.0 0.0136986301369863 0.0 0.013636363636363636 0.4090909090909091,1020014.2440846824,0.014285714285714285,4411
resolved-p21d-c7d-3600-all/resolved-p21d-c7d-3600-1st/nsp-n10-d28-r0.10-rp0-fp0-s4,2 5 0 0 0 86 -40,1.0 1.0 0.0 0.0 0.0 0.05 0.23809523809523808,1100000.738095238,0.3,13619,1 4 0 0 0 88 -45,0.5 0.75 0.0 0.0 0.0 0.1 0.0,575001.0,0.3,13653,2 5 0 0 0 84 -38,1.0 1.0 0.0 0.0 0.0 0.0 0.3333333333333333,1100000.3333333333,0.29523809523809524,13577,2 5 4 0 0 101 -27,1.0 1.0 1.0 0.0 0.0 0.425 0.8571428571428571,1110005.107142857,0.023809523809523808,4632,0 1 0 0 0 109 -27,0.0 0.0 0.0 0.0 0.0 0.625 0.8571428571428571,7.107142857142857,0.4666666666666667,26773,0 1 0 0 0 111 -28,0.0 0.0 0.0 0.0 0.0 0.675 0.8095238095238095,7.559523809523809,0.12380952380952381,22641,2 5 4 0 0 101 -27,1.0 1.0 1.0 0.0 0.0 0.425 0.8571428571428571,1110005.107142857,0.023809523809523808,4632,0 1 0 0 0 109 -27,0.0 0.0 0.0 0.0 0.0 0.625 0.8571428571428571,7.107142857142857,0.4666666666666667,26773,0 1 0 0 0 110 -29,0.0 0.0 0.0 0.0 0.0 0.65 0.7619047619047619,7.261904761904762,0.12380952380952381,22644,2 5 4 0 0 101 -27,1.0 1.0 1.0 0.0 0.0 0.425 0.8571428571428571,1110005.107142857,0.023809523809523808,4632,0 1 0 0 0 109 -27,0.0 0.0 0.0 0.0 0.0 0.625 0.8571428571428571,7.107142857142857,0.4666666666666667,26773,0 1 0 0 0 110 -24,0.0 0.0 0.0 0.0 0.0 0.65 1.0,7.5,0.12380952380952381,22642,2 5 4 0 0 101 -27,1.0 1.0 1.0 0.0 0.0 0.425 0.8571428571428571,1110005.107142857,0.023809523809523808,1543,0 1 0 0 0 110 -36,0.0 0.0 0.0 0.0 0.0 0.65 0.42857142857142855,6.928571428571429,0.5857142857142857,35122,0 1 0 0 0 109 -29,0.0 0.0 0.0 0.0 0.0 0.625 0.7619047619047619,7.011904761904762,0.1380952380952381,27019,2 5 4 0 0 101 -27,1.0 1.0 1.0 0.0 0.0 0.425 0.8571428571428571,1110005.107142857,0.023809523809523808,1543,0 1 0 0 0 110 -36,0.0 0.0 0.0 0.0 0.0 0.65 0.42857142857142855,6.928571428571429,0.5857142857142857,35122,0 1 0 0 0 112 -26,0.0 0.0 0.0 0.0 0.0 0.7 0.9047619047619048,7.904761904761905,0.1380952380952381,27011,0 3 0 3 0 124 -24,0.0 0.5 0.0 1.0 0.0 1.0 1.0,51011.0,0.10952380952380952,12361
resolved-p21d-c7d-3600-all/resolved-p21d-c7d-3600-1st/nsp-n20-d28-r0.10-rp2-fp2-s4,0 1 0 0 0 65 -77,0.0 0.0 0.0 0.0 0.0 0.0022172949002217295 0.0,0.022172949002217293,0.36904761904761907,13607,0 1 0 0 0 60 -77,0.0 0.0 0.0 0.0 0.0 0.0 0.0,0.0,0.36428571428571427,13797,0 1 0 0 0 70 -65,0.0 0.0 0.0 0.0 0.0 0.004434589800443459 0.10909090909090909,0.15343680709534369,0.36428571428571427,14241,8 7 4 3 0 77 -70,1.0 0.16216216216216217 0.008421052631578947 0.005504587155963303 0.0 0.00753880266075388 0.06363636363636363,1016306.0703540782,0.02142857142857143,19543,0 1 52 79 16 411 -3,0.0 0.0 0.10947368421052632 0.14495412844036698 0.1038961038961039 0.1556541019955654 0.6727272727272727,1252.3098492279235,0.28809523809523807,62543,0 34 270 199 37 778 4,0.0 0.8918918918918919 0.5684210526315789 0.3651376146788991 0.24025974025974026 0.31840354767184037 0.7363636363636363,95266.48370332293,0.46190476190476193,26771,8 7 4 3 0 77 -68,1.0 0.16216216216216217 0.008421052631578947 0.005504587155963303 0.0 0.00753880266075388 0.08181818181818182,1016306.0885358964,0.02142857142857143,19541,0 4 35 147 19 536 6,0.0 0.08108108108108109 0.07368421052631578 0.26972477064220185 0.12337662337662338 0.21108647450110865 0.7545454545454545,9129.878056550688,0.5,60580,0 20 158 182 27 645 -25,0.0 0.5135135135135135 0.33263157894736844 0.3339449541284404 0.17532467532467533 0.25942350332594233 0.4727272727272727,55032.21152479193,0.44285714285714284,36535,8 7 4 3 0 77 -69,1.0 0.16216216216216217 0.008421052631578947 0.005504587155963303 0.0 0.00753880266075388 0.07272727272727272,1016306.0794449874,0.02142857142857143,19542,0 5 63 146 16 639 -5,0.0 0.10810810810810811 0.13263157894736843 0.26788990825688075 0.1038961038961039 0.2567627494456763 0.6545454545454545,12418.62829187999,0.3952380952380952,57110,0 28 198 213 38 743 -9,0.0 0.7297297297297297 0.4168421052631579 0.3908256880733945 0.24675324675324675 0.3028824833702882 0.6181818181818182,77560.54204500516,0.4714285714285714,30839,6 31 418 519 154 2315 4,0.75 0.8108108108108109 0.88 0.9522935779816514 1.0 1.0 0.7363636363636363,840944.111022699,0.44285714285714284,71599,0 3 253 166 51 1452 32,0.0 0.05405405405405406 0.5326315789473685 0.30458715596330277 0.33116883116883117 0.6172949002217295 0.990909090909091,11076.589092052402,0.6904761904761905,82326,0 1 190 109 42 852 33,0.0 0.0 0.4 0.2 0.2727272727272727 0.35121951219512193 1.0,4231.784922394679,0.6166666666666667,77457,5 38 475 545 149 2087 14,0.625 1.0 1.0 1.0 0.9675324675324676 0.8988913525498892 0.8272727272727273,736106.569433006,0.44761904761904764,70347,0 6 302 194 60 1539 25,0.0 0.13513513513513514 0.6357894736842106 0.3559633027522936 0.38961038961038963 0.6558758314855876 0.9272727272727272,20273.81862311108,0.7380952380952381,73788,0 1 94 73 7 650 20,0.0 0.0 0.19789473684210526 0.13394495412844037 0.045454545454545456 0.2616407982261641 0.8818181818181818,2120.9360032590275,0.6,81667,8 7 4 3 0 77 -71,1.0 0.16216216216216217 0.008421052631578947 0.005504587155963303 0.0 0.00753880266075388 0.05454545454545454,1016306.0612631692,0.02142857142857143,7871
resolved-p21d-c7d-3600-all/resolved-p21d-c7d-3600-1st/nsp-n50-d28-r0.10-rp2-fp2-s7,3 48 721 490 103 3200 -98,0.11538461538461539 0.0 0.0 0.0 0.0072992700729927005 0.17604235605559232 0.0,115387.10573518324,0.4342857142857143,9707,3 213 892 838 102 3277 -92,0.11538461538461539 0.19975786924939468 0.07755102040816327 0.19750283768444948 0.0 0.20152217074784912 0.02459016393442623,136335.45516319235,0.2361904761904762,11796,1 370 1198 1138 106 3443 -65,0.038461538461538464 0.3898305084745763 0.2163265306122449 0.3677639046538025 0.029197080291970802 0.2564526803441429 0.13524590163934427,79981.23800050662,0.11714285714285715,9417,26 487 1080 731 128 2668 -31,1.0 0.5314769975786925 0.16281179138321997 0.13677639046538026 0.1897810218978102 0.0 0.27459016393442626,1054931.8467545204,0.012380952380952381,12804,22 786 2305 2149 202 3107 31,0.8461538461538461 0.8934624697336562 0.7183673469387755 0.9415437003405221 0.7299270072992701 0.14526803441429517 0.5286885245901639,943700.2843665386,0.1761904761904762,561,14 874 2391 2252 194 3350 40,0.5384615384615384 1.0 0.7573696145124716 1.0 0.6715328467153284 0.2256783587028458 0.5655737704918032,647105.2102486922,0.3076190476190476,1408,26 487 1080 731 128 2668 -31,1.0 0.5314769975786925 0.16281179138321997 0.13677639046538026 0.1897810218978102 0.0 0.27459016393442626,1054931.8467545204,0.012380952380952381,12804,22 786 2305 2149 202 3107 31,0.8461538461538461 0.8934624697336562 0.7183673469387755 0.9415437003405221 0.7299270072992701 0.14526803441429517 0.5286885245901639,943700.2843665386,0.1761904761904762,561,18 778 2063 1993 209 2863 28,0.6923076923076923 0.8837772397094431 0.6086167800453515 0.8530079455164585 0.781021897810219 0.06452680344142951 0.5163934426229508,787703.8558758646,0.11428571428571428,1183,26 487 1080 731 128 2668 -31,1.0 0.5314769975786925 0.16281179138321997 0.13677639046538026 0.1897810218978102 0.0 0.27459016393442626,1054931.8467545204,0.012380952380952381,12804,22 798 2335 2015 192 3124 19,0.8461538461538461 0.9079903147699758 0.7319727891156462 0.8654937570942112 0.656934306569343 0.15089344804765056 0.47950819672131145,945205.7811524285,0.1761904761904762,559,15 859 2394 2072 176 3106 44,0.5769230769230769 0.9818401937046005 0.7587301587301587 0.8978433598183881 0.5401459854014599 0.14493712772998016 0.5819672131147541,683648.2871776875,0.3504761904761905,1308,19 400 2926 1176 211 5167 145,0.7307692307692307 0.4261501210653753 1.0 0.38933030646992056 0.7956204379562044 0.8269358041032429 0.9959016393442623,783862.4004857142,0.6209523809523809,19016,0 125 1867 985 179 5355 79,0.0 0.09322033898305085 0.5197278911564626 0.28093076049943244 0.5620437956204379 0.8891462607544672 0.7254098360655737,14866.064822374796,0.7904761904761904,20499,1 71 1868 1055 125 5690 103,0.038461538461538464 0.02784503631961259 0.5201814058956916 0.3206583427922815 0.1678832116788321 1.0 0.8237704918032787,46796.126586908606,0.7619047619047619,25956,22 402 2843 1242 239 5198 146,0.8461538461538461 0.42857142857142855 0.962358276643991 0.4267877412031782 1.0 0.8371939113170086 1.0,899170.7314577452,0.62,19611,0 143 1715 1020 183 5186 121,0.0 0.11501210653753027 0.4507936507936508 0.300794551645857 0.5912408759124088 0.8332230311052283 0.8975409836065574,16378.295572221292,0.7780952380952381,18394,1 63 1825 1038 112 5625 93,0.038461538461538464 0.018159806295399514 0.5006802721088436 0.31101021566401815 0.072992700729927 0.9784910655195235 0.7827868852459017,45613.1989954443,0.7619047619047619,27622,26 487 1193 1044 144 2902 -51,1.0 0.5314769975786925 0.21405895691609977 0.31441543700340524 0.30656934306569344 0.07743216412971542 0.19262295081967212,1055634.3286429322,0.012380952380952381,11394
resolved-p21d-c7d-3600-all/resolved-p21d-c7d-3600-1st/nsp-n10-d28-r0.10-rp0-fp0-s7,0 0 0 0 0 71 -32,0.0 0.0 0.0 0.0 0.0 0.0 0.0,0.0,0.4666666666666667,135,0 0 0 0 0 74 -32,0.0 0.0 0.0 0.0 0.0 0.13636363636363635 0.0,1.3636363636363635,0.3476190476190476,100,0 0 0 0 0 72 -30,0.0 0.0 0.0 0.0 0.0 0.045454545454545456 0.125,0.5795454545454546,0.41904761904761906,102,0 0 0 0 0 92 -24,0.0 0.0 0.0 0.0 0.0 0.9545454545454546 0.5,10.045454545454547,0.13333333333333333,53,0 0 0 0 0 93 -16,0.0 0.0 0.0 0.0 0.0 1.0 1.0,11.0,0.4714285714285714,17,0 0 0 0 0 92 -24,0.0 0.0 0.0 0.0 0.0 0.9545454545454546 0.5,10.045454545454547,0.13333333333333333,52,0 0 0 0 0 92 -24,0.0 0.0 0.0 0.0 0.0 0.9545454545454546 0.5,10.045454545454547,0.13333333333333333,33,0 0 0 0 0 90 -16,0.0 0.0 0.0 0.0 0.0 0.8636363636363636 1.0,9.636363636363637,0.5428571428571428,10,0 0 0 0 0 92 -24,0.0 0.0 0.0 0.0 0.0 0.9545454545454546 0.5,10.045454545454547,0.13333333333333333,32,0 0 0 0 0 92 -24,0.0 0.0 0.0 0.0 0.0 0.9545454545454546 0.5,10.045454545454547,0.13333333333333333,46,0 0 0 0 0 89 -23,0.0 0.0 0.0 0.0 0.0 0.8181818181818182 0.5625,8.744318181818182,0.47619047619047616,4,0 0 0 0 0 92 -24,0.0 0.0 0.0 0.0 0.0 0.9545454545454546 0.5,10.045454545454547,0.13333333333333333,35,0 0 0 0 0 92 -24,0.0 0.0 0.0 0.0 0.0 0.9545454545454546 0.5,10.045454545454547,0.13333333333333333,174,0 0 0 0 0 92 -21,0.0 0.0 0.0 0.0 0.0 0.9545454545454546 0.6875,10.232954545454547,0.6,189,0 0 0 0 0 92 -24,0.0 0.0 0.0 0.0 0.0 0.9545454545454546 0.5,10.045454545454547,0.13333333333333333,174,0 0 0 0 0 92 -24,0.0 0.0 0.0 0.0 0.0 0.9545454545454546 0.5,10.045454545454547,0.13333333333333333,174,0 0 0 0 0 92 -21,0.0 0.0 0.0 0.0 0.0 0.9545454545454546 0.6875,10.232954545454547,0.6,189,0 0 0 0 0 92 -24,0.0 0.0 0.0 0.0 0.0 0.9545454545454546 0.5,10.045454545454547,0.13333333333333333,174,0 0 0 0 0 84 -17,0.0 0.0 0.0 0.0 0.0 0.5909090909090909 0.9375,6.846590909090909,0.18095238095238095,30
resolved-p21d-c7d-3600-all/resolved-p21d-c7d-3600-1st/nsp-n30-d28-r0.10-rp2-fp2-s7,0 0 0 0 0 81 -115,0.0 0.0 0.0 0.0 0.0 0.0 0.24358974358974358,0.24358974358974358,0.29365079365079366,415,0 0 0 0 0 82 -134,0.0 0.0 0.0 0.0 0.0 0.0027472527472527475 0.0,0.027472527472527476,0.33015873015873015,419,0 0 0 0 0 89 -103,0.0 0.0 0.0 0.0 0.0 0.02197802197802198 0.3974358974358974,0.6172161172161172,0.273015873015873,321,0 0 0 0 0 161 -91,0.0 0.0 0.0 0.0 0.0 0.21978021978021978 0.5512820512820513,2.749084249084249,0.09365079365079365,136,0 0 0 0 0 166 -80,0.0 0.0 0.0 0.0 0.0 0.23351648351648352 0.6923076923076923,3.0274725274725274,0.34444444444444444,17,0 0 0 0 0 164 -86,0.0 0.0 0.0 0.0 0.0 0.22802197802197802 0.6153846153846154,2.8956043956043955,0.09365079365079365,113,0 0 0 0 0 167 -86,0.0 0.0 0.0 0.0 0.0 0.23626373626373626 0.6153846153846154,2.978021978021978,0.09365079365079365,83,0 0 0 0 0 161 -105,0.0 0.0 0.0 0.0 0.0 0.21978021978021978 0.3717948717948718,2.56959706959707,0.3682539682539683,10,0 0 0 0 0 161 -89,0.0 0.0 0.0 0.0 0.0 0.21978021978021978 0.5769230769230769,2.7747252747252746,0.09365079365079365,124,0 0 0 0 0 170 -82,0.0 0.0 0.0 0.0 0.0 0.2445054945054945 0.6666666666666666,3.1117216117216113,0.09365079365079365,98,0 0 0 0 0 156 -77,0.0 0.0 0.0 0.0 0.0 0.20604395604395603 0.7307692307692307,2.791208791208791,0.3968253968253968,35,0 0 0 0 0 163 -86,0.0 0.0 0.0 0.0 0.0 0.22527472527472528 0.6153846153846154,2.868131868131868,0.09365079365079365,129,0 0 0 0 0 445 -62,0.0 0.0 0.0 0.0 0.0 1.0 0.9230769230769231,10.923076923076923,0.353968253968254,96,0 0 0 0 0 147 -73,0.0 0.0 0.0 0.0 0.0 0.1813186813186813 0.782051282051282,2.5952380952380953,0.6714285714285714,109,0 0 0 0 0 387 -56,0.0 0.0 0.0 0.0 0.0 0.8406593406593407 1.0,9.406593406593407,0.35555555555555557,106,0 0 0 0 0 445 -62,0.0 0.0 0.0 0.0 0.0 1.0 0.9230769230769231,10.923076923076923,0.353968253968254,96,0 0 0 0 0 146 -79,0.0 0.0 0.0 0.0 0.0 0.17857142857142858 0.7051282051282052,2.490842490842491,0.6365079365079365,115,0 0 0 0 0 387 -56,0.0 0.0 0.0 0.0 0.0 0.8406593406593407 1.0,9.406593406593407,0.35555555555555557,106,0 0 0 0 0 154 -83,0.0 0.0 0.0 0.0 0.0 0.20054945054945056 0.6538461538461539,2.659340659340659,0.10634920634920635,73
resolved-p21d-c7d-3600-all/resolved-p21d-c7d-3600-1st/nsp-n40-d28-r0.10-rp2-fp2-s3,0 0 0 1 0 169 -182,0.0 0.0 0.0 0.0 0.0 0.0 0.0,0.0,0.29404761904761906,17073,0 4 0 1 0 179 -119,0.0 0.009070294784580499 0.0 0.0 0.0 0.005871990604815032 0.3772455089820359,907.4654438730801,0.22142857142857142,17697,0 0 0 2 0 237 -102,0.0 0.0 0.0 0.001310615989515072 0.0 0.03992953611274222 0.47904191616766467,2.188953266810159,0.17976190476190476,17164,15 6 0 6 0 256 -92,1.0 0.013605442176870748 0.0 0.00655307994757536 0.0 0.05108631826189078 0.5389221556886228,1001368.1470829729,0.013095238095238096,5044,6 151 706 326 56 1356 -61,0.4 0.3424036281179138 0.8694581280788177 0.4259501965923984 0.5490196078431373 0.6970052847915443 0.7245508982035929,443423.4908537024,0.24166666666666667,3793,5 441 751 764 55 1347 -25,0.3333333333333333 1.0 0.9248768472906403 1.0 0.5392156862745098 0.6917204932472109 0.9401197604790419,443643.8806995601,0.35119047619047616,1743,15 6 0 6 0 256 -92,1.0 0.013605442176870748 0.0 0.00655307994757536 0.0 0.05108631826189078 0.5389221556886228,1001368.1470829729,0.013095238095238096,5044,2 160 812 401 84 1717 -75,0.13333333333333333 0.36281179138321995 1.0 0.5242463958060288 0.8235294117647058 0.908984145625367 0.6407185628742516,180230.84236865697,0.31666666666666665,3926,6 352 785 626 69 1432 -35,0.4 0.7981859410430839 0.9667487684729064 0.8191349934469201 0.6764705882352942 0.7416324133881386 0.8802395209580839,490381.1604049627,0.24166666666666667,1720,15 6 0 6 0 256 -93,1.0 0.013605442176870748 0.0 0.00655307994757536 0.0 0.05108631826189078 0.5329341317365269,1001368.141094949,0.013095238095238096,5045,1 187 787 706 102 1872 -29,0.06666666666666667 0.42403628117913833 0.9692118226600985 0.9239842726081258 1.0 1.0 0.9161676646706587,119797.31345145429,0.44047619047619047,4512,6 352 785 626 69 1427 -35,0.4 0.7981859410430839 0.9667487684729064 0.8191349934469201 0.6764705882352942 0.738696418085731 0.8802395209580839,490381.1310450097,0.24166666666666667,1721,15 6 0 6 0 262 -96,1.0 0.013605442176870748 0.0 0.00655307994757536 0.0 0.0546095126247798 0.5149700598802395,1001368.1583628207,0.013095238095238096,11324,0 0 35 286 48 1306 -15,0.0 0.0 0.04310344827586207 0.3735255570117955 0.47058823529411764 0.6676453317674692 1.0,859.2953166175026,0.6845238095238095,9454,0 0 0 1 0 780 -80,0.0 0.0 0.0 0.0 0.0 0.35877862595419846 0.6107784431137725,4.198564702655757,0.4773809523809524,12702,15 6 0 6 0 262 -95,1.0 0.013605442176870748 0.0 0.00655307994757536 0.0 0.0546095126247798 0.5209580838323353,1001368.1643508447,0.013095238095238096,11323,0 0 0 9 0 779 -40,0.0 0.0 0.0 0.010484927916120577 0.0 0.35819142689371697 0.8502994011976048,14.917141586255353,0.6666666666666666,11947,0 0 0 1 0 780 -80,0.0 0.0 0.0 0.0 0.0 0.35877862595419846 0.6107784431137725,4.198564702655757,0.4773809523809524,12702,15 6 0 6 0 258 -85,1.0 0.013605442176870748 0.0 0.00655307994757536 0.0 0.05226071638285379 0.5808383233532934,1001368.2007431218,0.013095238095238096,12423
resolved-p21d-c7d-3600-all/resolved-p21d-c7d-3600-1st/nsp-n40-d28-r0.10-rp2-fp2-s0,4 6 0 1 0 161 -148,0.23529411764705882 0.020833333333333332 0.0 0.0 0.0 0.0 0.0,237377.45098039217,0.29642857142857143,16468,1 5 0 3 0 189 -132,0.058823529411764705 0.017361111111111112 0.0 0.0024096385542168677 0.0 0.01593625498007968 0.09467455621301775,60562.30419853605,0.2523809523809524,16140,4 6 0 1 0 183 -129,0.23529411764705882 0.020833333333333332 0.0 0.0 0.0 0.012521343198634035 0.11242603550295859,237377.68861985963,0.22976190476190475,16551,17 5 1 7 0 242 -118,1.0 0.017361111111111112 0.0010395010395010396 0.007228915662650603 0.0 0.04610130904951622 0.17751479289940827,1001754.3735650522,0.015476190476190477,4861,3 247 748 569 67 1439 -51,0.17647058823529413 0.8576388888888888 0.7775467775467776 0.6843373493975904 0.8072289156626506 0.7273762094479226 0.5739644970414202,270782.85286720615,0.2833333333333333,1891,8 254 962 584 79 1562 -68,0.47058823529411764 0.8819444444444444 1.0 0.7024096385542169 0.9518072289156626 0.7973819009675583 0.47337278106508873,569588.7172917986,0.3380952380952381,2552,17 5 1 7 0 242 -119,1.0 0.017361111111111112 0.0010395010395010396 0.007228915662650603 0.0 0.04610130904951622 0.17159763313609466,1001754.3676478924,0.015476190476190477,4862,3 247 637 542 60 1309 -72,0.17647058823529413 0.8576388888888888 0.6621621621621622 0.6518072289156627 0.7228915662650602 0.6533864541832669 0.44970414201183434,269587.17870003066,0.19166666666666668,1898,8 254 962 584 79 1562 -68,0.47058823529411764 0.8819444444444444 1.0 0.7024096385542169 0.9518072289156626 0.7973819009675583 0.47337278106508873,569588.7172917986,0.3380952380952381,2552,17 5 1 7 0 242 -119,1.0 0.017361111111111112 0.0010395010395010396 0.007228915662650603 0.0 0.04610130904951622 0.17159763313609466,1001754.3676478924,0.015476190476190477,4862,6 288 937 831 83 1389 -61,0.35294117647058826 1.0 0.974012474012474 1.0 1.0 0.6989186112692088 0.514792899408284,463788.80518972507,0.2869047619047619,1844,8 254 962 584 79 1562 -68,0.47058823529411764 0.8819444444444444 1.0 0.7024096385542169 0.9518072289156626 0.7973819009675583 0.47337278106508873,569588.7172917986,0.3380952380952381,2552,17 5 1 7 0 245 -118,1.0 0.017361111111111112 0.0010395010395010396 0.007228915662650603 0.0 0.04780876494023904 0.17751479289940827,1001754.390639611,0.015476190476190477,7998,0 0 16 361 65 1918 16,0.0 0.0 0.016632016632016633 0.43373493975903615 0.7831325301204819 1.0 0.9704142011834319,689.3387732924341,0.6964285714285714,13019,0 0 0 60 1 894 11,0.0 0.0 0.0 0.07108433734939759 0.012048192771084338 0.41718838929994306 0.9408284023668639,77.40186892187232,0.6773809523809524,14288,17 5 1 7 0 245 -118,1.0 0.017361111111111112 0.0010395010395010396 0.007228915662650603 0.0 0.04780876494023904 0.17751479289940827,1001754.390639611,0.015476190476190477,7998,0 0 12 339 56 1745 5,0.0 0.0 0.012474012474012475 0.4072289156626506 0.6746987951807228 0.9015367103016505 0.9053254437869822,609.3596124676511,0.7154761904761905,13317,0 0 0 204 23 1199 21,0.0 0.0 0.0 0.24457831325301205 0.27710843373493976 0.5907797381900968 1.0,279.196954008407,0.6988095238095238,13303,17 5 1 7 0 244 -99,1.0 0.017361111111111112 0.0010395010395010396 0.007228915662650603 0.0 0.04723961297666477 0.28994082840236685,1001754.4973741269,0.015476190476190477,23949
resolved-p21d-c7d-3600-all/resolved-p21d-c7d-3600-1st/nsp-n40-d28-r0.10-rp2-fp2-s9,2 4 0 4 0 211 -153,0.125 0.002570694087403599 0.0 0.0 0.0 0.0 0.0,125257.06940874035,0.4035714285714286,21870,1 3 0 17 0 553 -61,0.0625 0.0 0.0 0.011743450767841012 0.0 0.07792207792207792 0.30363036303630364,62512.8263019101,0.2714285714285714,24224,2 4 0 54 1 701 -42,0.125 0.002570694087403599 0.0 0.045167118337850046 0.0024390243902439024 0.11164274322169059 0.36633663366336633,125303.96319358311,0.16904761904761906,21343,16 4 2 127 15 1075 -26,1.0 0.002570694087403599 0.0007567158531971245 0.1111111111111111 0.036585365853658534 0.19685577580314423 0.41914191419141916,1000381.793914641,0.009523809523809525,15288,6 305 582 699 74 2592 16,0.375 0.7763496143958869 0.22020431328036322 0.6278229448961157 0.18048780487804877 0.542492595124174 0.5577557755775577,455488.85897950304,0.19642857142857142,2225,10 392 662 816 80 2369 -36,0.625 1.0 0.2504729474082482 0.7335140018066847 0.1951219512195122 0.49168375484164956 0.38613861386138615,728263.0586471733,0.2892857142857143,1945,16 4 2 127 15 1075 -26,1.0 0.002570694087403599 0.0007567158531971245 0.1111111111111111 0.036585365853658534 0.19685577580314423 0.41914191419141916,1000381.793914641,0.009523809523809525,15288,5 256 551 626 73 2093 -12,0.3125 0.6503856041131105 0.2084752175558078 0.5618789521228545 0.17804878048780487 0.42879927090453407 0.46534653465346537,380207.74975628447,0.1619047619047619,2263,10 392 613 737 93 1945 -11,0.625 1.0 0.23193340900491866 0.6621499548328816 0.22682926829268293 0.3950786056049214 0.46864686468646866,728008.5864046321,0.24761904761904763,1947,16 4 2 127 15 1075 -26,1.0 0.002570694087403599 0.0007567158531971245 0.1111111111111111 0.036585365853658534 0.19685577580314423 0.41914191419141916,1000381.793914641,0.009523809523809525,15288,5 276 618 685 76 2118 -7,0.3125 0.7017994858611826 0.23382519863791146 0.6151761517615176 0.18536585365853658 0.4344953292321713 0.48184818481848185,385656.7401111019,0.1619047619047619,2255,10 392 613 737 93 1945 -11,0.625 1.0 0.23193340900491866 0.6621499548328816 0.22682926829268293 0.3950786056049214 0.46864686468646866,728008.5864046321,0.24761904761904763,1947,13 201 1287 822 120 3553 136,0.8125 0.5089974293059126 0.4869466515323496 0.7389340560072267 0.2926829268292683 0.7614490772385509 0.9537953795379538,869045.9800807568,0.5571428571428572,38346,0 327 984 1064 154 2656 80,0.0 0.8329048843187661 0.37230419977298523 0.957542908762421 0.375609756097561 0.5570745044429255 0.768976897689769,88014.97403592076,0.694047619047619,29280,0 3 2429 656 410 4600 42,0.0 0.0 0.9190314037079077 0.5889792231255646 1.0 1.0 0.6435643564356436,9889.936824561077,0.6595238095238095,40034,12 175 1178 1111 63 3783 150,0.75 0.442159383033419 0.4457056375331063 1.0 0.15365853658536585 0.8138528138528138 1.0,799697.49906047,0.5857142857142857,19825,0 327 983 1079 159 2670 75,0.0 0.8329048843187661 0.37192584184638666 0.971093044263776 0.3878048780487805 0.5602642971064024 0.7524752475247525,88025.97550062773,0.7083333333333334,29379,0 3 2643 618 396 4543 31,0.0 0.0 1.0 0.5546522131887985 0.9658536585365853 0.987012987012987 0.6072607260726073,10661.714969638659,0.6595238095238095,39899,16 4 2 127 15 1074 -14,1.0 0.002570694087403599 0.0007567158531971245 0.1111111111111111 0.036585365853658534 0.19662793347003873 0.45874587458745875,1000381.8312401781,0.009523809523809525,14864
resolved-p21d-c7d-3600-all/resolved-p21d-c7d-3600-1st/nsp-n40-d28-r0.10-rp2-fp2-s2,0 26 924 285 124 2944 -68,0.0 0.0 0.0 0.0 0.0 0.38321342925659474 0.0,3.8321342925659474,0.29642857142857143,17828,0 32 1187 400 189 3649 -66,0.0 0.01054481546572935 0.15063001145475372 0.07424144609425436 0.26 0.7213429256594724 0.014285714285714285,2668.250822185607,0.18452380952380953,15393,0 68 1271 412 202 3526 -61,0.0 0.07381370826010544 0.19873997709049254 0.08198837959974177 0.312 0.6623501199040768 0.05,9488.632477714253,0.12857142857142856,14697,17 131 1639 695 285 3734 -43,1.0 0.18453427065026362 0.4095074455899198 0.26468689477081986 0.644 0.7621103117505995 0.17857142857142858,1022885.3880902424,0.010714285714285714,4359,5 324 2626 1619 308 4016 -22,0.29411764705882354 0.523725834797891 0.9747995418098511 0.8612007746933505 0.736 0.8973621103117506 0.32857142857142857,357182.3289239362,0.22857142857142856,2068,1 379 2670 1802 374 3936 -12,0.058823529411764705 0.6203866432337434 1.0 0.9793415106520336 1.0 0.8589928057553957 0.4,131950.52517384864,0.20714285714285716,2063,17 131 1639 695 285 3734 -42,1.0 0.18453427065026362 0.4095074455899198 0.26468689477081986 0.644 0.7621103117505995 0.18571428571428572,1022885.3952330996,0.010714285714285714,4358,4 410 2382 1640 236 3616 -20,0.23529411764705882 0.6748681898066784 0.8350515463917526 0.8747579083279535 0.448 0.705515587529976 0.34285714285714286,312058.4080129903,0.31785714285714284,2117,1 379 2670 1802 374 3936 -12,0.058823529411764705 0.6203866432337434 1.0 0.9793415106520336 1.0 0.8589928057553957 0.4,131950.52517384864,0.20714285714285716,2063,17 131 1639 695 285 3734 -43,1.0 0.18453427065026362 0.4095074455899198 0.26468689477081986 0.644 0.7621103117505995 0.17857142857142858,1022885.3880902424,0.010714285714285714,4359,5 324 2626 1619 308 4014 -22,0.29411764705882354 0.523725834797891 0.9747995418098511 0.8612007746933505 0.736 0.8964028776978418 0.32857142857142857,357182.31933161005,0.22857142857142856,2069,1 379 2670 1802 374 3936 -12,0.058823529411764705 0.6203866432337434 1.0 0.9793415106520336 1.0 0.8589928057553957 0.4,131950.52517384864,0.20714285714285716,2063,17 153 1915 800 304 4230 -19,1.0 0.22319859402460457 0.5675830469644902 0.33247256294383476 0.72 1.0 0.35,1028410.5124350492,0.010714285714285714,14450,7 595 1507 1771 193 2175 72,0.4117647058823529 1.0 0.33390607101947306 0.9593285990961911 0.276 0.014388489208633094 1.0,516091.8390765359,0.7892857142857143,15589,4 568 1304 1306 168 2169 63,0.23529411764705882 0.9525483304042179 0.21764032073310424 0.6591349257585539 0.176 0.011510791366906475 0.9357142857142857,333403.1396427696,0.7880952380952381,15308,17 131 1799 647 286 4070 -54,1.0 0.18453427065026362 0.5011454753722795 0.23369916074887023 0.648 0.9232613908872902 0.1,1023772.713593407,0.010714285714285714,20160,7 586 1507 1834 191 2145 66,0.4117647058823529 0.984182776801406 0.33390607101947306 1.0 0.268 0.0 0.9571428571428572,514549.80141554534,0.8,16319,4 568 1308 1301 159 2188 69,0.23529411764705882 0.9525483304042179 0.21993127147766323 0.6559070367979342 0.14 0.02062350119904077 0.9785714285714285,333419.35524549574,0.7880952380952381,15274,17 131 1766 678 282 4095 -61,1.0 0.18453427065026362 0.4822451317296678 0.2537120723047127 0.632 0.935251798561151 0.05,1023602.1929726134,0.010714285714285714,20544
resolved-p21d-c7d-3600-all/resolved-p21d-c7d-3600-1st/nsp-n50-d28-r0.10-rp2-fp2-s3,1 7 0 2 0 300 -162,0.023809523809523808 0.006896551724137931 0.0 0.0 0.0 0.0 0.0,24499.178981937603,0.21428571428571427,31805,1 13 0 17 0 472 -134,0.023809523809523808 0.017241379310344827 0.0 0.004054054054054054 0.0 0.016150234741784036 0.12669683257918551,25538.003993792343,0.09142857142857143,30518,1 9 0 32 0 528 -132,0.023809523809523808 0.010344827586206896 0.0 0.008108108108108109 0.0 0.02140845070422535 0.13574660633484162,24852.464507365985,0.06761904761904762,32075,22 7 0 7 0 446 -138,0.5238095238095238 0.006896551724137931 0.0 0.0013513513513513514 0.0 0.013708920187793428 0.1085972850678733,524500.7760197759,0.013333333333333334,18468,13 457 1357 891 90 2527 -68,0.30952380952380953 0.7827586206896552 0.1294106427617776 0.24027027027027026 0.0703125 0.20910798122065727 0.4253393665158371,389343.5959598418,0.2980952380952381,7719,13 406 785 550 59 1696 -100,0.30952380952380953 0.6948275862068966 0.07486172038909021 0.14810810810810812 0.04609375 0.13107981220657278 0.28054298642533937,379909.4941726067,0.2361904761904762,1748,22 7 0 7 0 446 -138,0.5238095238095238 0.006896551724137931 0.0 0.0013513513513513514 0.0 0.013708920187793428 0.1085972850678733,524500.7760197759,0.013333333333333334,18468,13 457 1357 891 90 2527 -68,0.30952380952380953 0.7827586206896552 0.1294106427617776 0.24027027027027026 0.0703125 0.20910798122065727 0.4253393665158371,389343.5959598418,0.2980952380952381,7719,13 406 785 550 59 1696 -100,0.30952380952380953 0.6948275862068966 0.07486172038909021 0.14810810810810812 0.04609375 0.13107981220657278 0.28054298642533937,379909.4941726067,0.2361904761904762,1748,22 7 0 7 0 446 -139,0.5238095238095238 0.006896551724137931 0.0 0.0013513513513513514 0.0 0.013708920187793428 0.10407239819004525,524500.771494889,0.013333333333333334,18469,12 526 932 754 74 2458 -84,0.2857142857142857 0.9017241379310345 0.08888041197787526 0.20324324324324325 0.0578125 0.20262910798122066 0.35294117647058826,376986.9073526674,0.3419047619047619,7735,13 406 786 551 59 1696 -101,0.30952380952380953 0.6948275862068966 0.07495708563799351 0.1483783783783784 0.04609375 0.13107981220657278 0.27601809954751133,379910.7135704791,0.2361904761904762,1747,36 387 7192 2476 689 7371 2,0.8571428571428571 0.6620689655172414 0.685866870112531 0.6686486486486487 0.53828125 0.663943661971831 0.7420814479638009,930938.2806874228,0.5523809523809524,19054,0 3 1693 622 142 6715 59,0.0 0.0 0.16145336639328628 0.16756756756756758 0.1109375 0.6023474178403756 1.0,1800.218455678834,0.6438095238095238,32984,1 211 10432 3630 1280 10895 19,0.023809523809523808 0.3586206896551724 0.9948502765592219 0.9805405405405405 1.0 0.9948356807511737 0.8190045248868778,70711.40344250621,0.8323809523809523,25638,42 583 4436 3141 421 6026 35,1.0 1.0 0.4230402441350372 0.8483783783783784 0.32890625 0.5376525821596244 0.8914027149321267,1105117.9393732653,0.5447619047619048,23796,0 3 1422 505 102 5891 12,0.0 0.0 0.13560938394049207 0.13594594594594595 0.0796875 0.5249765258215963 0.7873303167420814,1506.0456309258248,0.6342857142857142,34014,1 219 10486 3702 1232 10950 14,0.023809523809523808 0.3724137931034483 1.0 1.0 0.9625 1.0 0.7963800904977375,72157.94949995914,0.8352380952380952,25411,22 7 0 7 0 451 -133,0.5238095238095238 0.006896551724137931 0.0 0.0013513513513513514 0.0 0.014178403755868544 0.13122171945701358,524500.803339046,0.013333333333333334,20367
resolved-p21d-c7d-3600-all/resolved-p21d-c7d-3600-1st/nsp-n30-d28-r0.10-rp2-fp2-s2,0 0 0 0 0 99 -158,0.0 0.0 0.0 0.0 0.0 0.02422145328719723 0.1206896551724138,0.3629041880443861,0.3761904761904762,497,0 0 0 0 0 92 -172,0.0 0.0 0.0 0.0 0.0 0.0 0.0,0.0,0.34285714285714286,519,0 0 0 0 0 103 -135,0.0 0.0 0.0 0.0 0.0 0.03806228373702422 0.31896551724137934,0.6995883546116215,0.29523809523809524,401,0 0 0 0 0 233 -63,0.0 0.0 0.0 0.0 0.0 0.48788927335640137 0.9396551724137931,5.818547905977807,0.10952380952380952,65,0 0 0 0 0 178 -80,0.0 0.0 0.0 0.0 0.0 0.2975778546712803 0.7931034482758621,3.768881994988665,0.48412698412698413,17,0 0 0 0 0 232 -66,0.0 0.0 0.0 0.0 0.0 0.4844290657439446 0.9137931034482759,5.758083760887722,0.1111111111111111,74,0 0 0 0 0 230 -68,0.0 0.0 0.0 0.0 0.0 0.47750865051903113 0.896551724137931,5.6716382293282415,0.1126984126984127,49,0 0 0 0 0 184 -84,0.0 0.0 0.0 0.0 0.0 0.31833910034602075 0.7586206896551724,3.94201169311538,0.38095238095238093,30,0 0 0 0 0 237 -62,0.0 0.0 0.0 0.0 0.0 0.5017301038062284 0.9482758620689655,5.965576900131249,0.1111111111111111,39,0 0 0 0 0 248 -56,0.0 0.0 0.0 0.0 0.0 0.5397923875432526 1.0,6.397923875432527,0.10952380952380952,63,0 0 0 0 0 169 -66,0.0 0.0 0.0 0.0 0.0 0.2664359861591695 0.9137931034482759,3.578152965039971,0.42857142857142855,18,0 0 0 0 0 224 -66,0.0 0.0 0.0 0.0 0.0 0.45674740484429066 0.9137931034482759,5.481267151891182,0.1111111111111111,54,0 0 0 0 0 352 -75,0.0 0.0 0.0 0.0 0.0 0.8996539792387543 0.8362068965517241,9.832746688939269,0.3634920634920635,98,0 0 0 0 0 152 -61,0.0 0.0 0.0 0.0 0.0 0.20761245674740483 0.9568965517241379,3.033021119198186,0.665079365079365,135,0 0 0 0 0 381 -67,0.0 0.0 0.0 0.0 0.0 1.0 0.9051724137931034,10.905172413793103,0.353968253968254,120,0 0 0 0 0 348 -76,0.0 0.0 0.0 0.0 0.0 0.8858131487889274 0.8275862068965517,9.685717694785826,0.3634920634920635,99,0 0 0 0 0 152 -61,0.0 0.0 0.0 0.0 0.0 0.20761245674740483 0.9568965517241379,3.033021119198186,0.665079365079365,135,0 0 0 0 0 381 -67,0.0 0.0 0.0 0.0 0.0 1.0 0.9051724137931034,10.905172413793103,0.353968253968254,120,0 0 0 0 0 185 -81,0.0 0.0 0.0 0.0 0.0 0.3217993079584775 0.7844827586206896,4.002475838205465,0.10952380952380952,87
resolved-p21d-c7d-3600-all/resolved-p21d-c7d-3600-1st/nsp-n10-d28-r0.10-rp0-fp0-s2,0 0 0 0 0 75 -53,0.0 0.0 0.0 0.0 0.0 0.2916666666666667 0.0,2.916666666666667,0.40476190476190477,151,0 0 0 0 0 72 -45,0.0 0.0 0.0 0.0 0.0 0.16666666666666666 0.23529411764705882,1.9019607843137254,0.34285714285714286,146,0 0 0 0 0 68 -43,0.0 0.0 0.0 0.0 0.0 0.0 0.29411764705882354,0.29411764705882354,0.5,164,0 0 0 0 0 92 -20,0.0 0.0 0.0 0.0 0.0 1.0 0.9705882352941176,10.970588235294118,0.1,85,0 0 0 0 0 86 -25,0.0 0.0 0.0 0.0 0.0 0.75 0.8235294117647058,8.323529411764707,0.42857142857142855,9,0 0 0 0 0 92 -20,0.0 0.0 0.0 0.0 0.0 1.0 0.9705882352941176,10.970588235294118,0.1,87,0 0 0 0 0 92 -20,0.0 0.0 0.0 0.0 0.0 1.0 0.9705882352941176,10.970588235294118,0.1,62,0 0 0 0 0 89 -23,0.0 0.0 0.0 0.0 0.0 0.875 0.8823529411764706,9.632352941176471,0.3380952380952381,11,0 0 0 0 0 92 -20,0.0 0.0 0.0 0.0 0.0 1.0 0.9705882352941176,10.970588235294118,0.1,65,0 0 0 0 0 92 -20,0.0 0.0 0.0 0.0 0.0 1.0 0.9705882352941176,10.970588235294118,0.1,50,0 0 0 0 0 85 -25,0.0 0.0 0.0 0.0 0.0 0.7083333333333334 0.8235294117647058,7.9068627450980395,0.36666666666666664,26,0 0 0 0 0 92 -20,0.0 0.0 0.0 0.0 0.0 1.0 0.9705882352941176,10.970588235294118,0.1,49,0 0 0 0 0 92 -20,0.0 0.0 0.0 0.0 0.0 1.0 0.9705882352941176,10.970588235294118,0.1,90,0 0 0 0 0 83 -29,0.0 0.0 0.0 0.0 0.0 0.625 0.7058823529411765,6.955882352941177,0.6095238095238096,171,0 0 0 0 0 92 -19,0.0 0.0 0.0 0.0 0.0 1.0 1.0,11.0,0.1,151,0 0 0 0 0 92 -20,0.0 0.0 0.0 0.0 0.0 1.0 0.9705882352941176,10.970588235294118,0.1,90,0 0 0 0 0 83 -29,0.0 0.0 0.0 0.0 0.0 0.625 0.7058823529411765,6.955882352941177,0.6095238095238096,171,0 0 0 0 0 92 -20,0.0 0.0 0.0 0.0 0.0 1.0 0.9705882352941176,10.970588235294118,0.1,152,0 0 0 0 0 88 -27,0.0 0.0 0.0 0.0 0.0 0.8333333333333334 0.7647058823529411,9.098039215686274,0.10952380952380952,67
resolved-p21d-c7d-3600-all/resolved-p21d-c7d-3600-1st/nsp-n10-d28-r0.10-rp0-fp0-s3,0 0 0 0 0 70 -42,0.0 0.0 0.0 0.0 0.0 0.0 0.0,0.0,0.5238095238095238,161,0 0 0 0 0 73 -41,0.0 0.0 0.0 0.0 0.0 0.02654867256637168 0.041666666666666664,0.30715339233038347,0.45714285714285713,127,0 0 0 0 0 76 -41,0.0 0.0 0.0 0.0 0.0 0.05309734513274336 0.041666666666666664,0.5726401179941002,0.46190476190476193,117,0 0 0 0 0 99 -30,0.0 0.0 0.0 0.0 0.0 0.25663716814159293 0.5,3.066371681415929,0.0761904761904762,41,0 0 0 0 0 96 -30,0.0 0.0 0.0 0.0 0.0 0.23008849557522124 0.5,2.8008849557522124,0.38571428571428573,32,0 0 0 0 0 99 -30,0.0 0.0 0.0 0.0 0.0 0.25663716814159293 0.5,3.066371681415929,0.0761904761904762,34,0 0 0 0 0 99 -30,0.0 0.0 0.0 0.0 0.0 0.25663716814159293 0.5,3.066371681415929,0.0761904761904762,57,0 0 0 0 0 97 -25,0.0 0.0 0.0 0.0 0.0 0.23893805309734514 0.7083333333333334,3.097713864306785,0.4238095238095238,12,0 0 0 0 0 99 -30,0.0 0.0 0.0 0.0 0.0 0.25663716814159293 0.5,3.066371681415929,0.0761904761904762,44,0 0 0 0 0 99 -30,0.0 0.0 0.0 0.0 0.0 0.25663716814159293 0.5,3.066371681415929,0.0761904761904762,50,0 0 0 0 0 95 -27,0.0 0.0 0.0 0.0 0.0 0.22123893805309736 0.625,2.837389380530974,0.6285714285714286,12,0 0 0 0 0 99 -30,0.0 0.0 0.0 0.0 0.0 0.25663716814159293 0.5,3.066371681415929,0.0761904761904762,37,0 0 0 0 0 99 -30,0.0 0.0 0.0 0.0 0.0 0.25663716814159293 0.5,3.066371681415929,0.0761904761904762,211,0 0 0 0 0 91 -19,0.0 0.0 0.0 0.0 0.0 0.18584070796460178 0.9583333333333334,2.8167404129793514,0.6095238095238096,44,0 0 0 0 0 183 -20,0.0 0.0 0.0 0.0 0.0 1.0 0.9166666666666666,10.916666666666666,0.35714285714285715,37,0 0 0 0 0 99 -30,0.0 0.0 0.0 0.0 0.0 0.25663716814159293 0.5,3.066371681415929,0.0761904761904762,211,0 0 0 0 0 91 -18,0.0 0.0 0.0 0.0 0.0 0.18584070796460178 1.0,2.858407079646018,0.6095238095238096,43,0 0 0 0 0 183 -20,0.0 0.0 0.0 0.0 0.0 1.0 0.9166666666666666,10.916666666666666,0.35714285714285715,37,0 0 0 0 0 92 -29,0.0 0.0 0.0 0.0 0.0 0.19469026548672566 0.5416666666666666,2.488569321533923,0.14285714285714285,17
resolved-p21d-c7d-3600-all/resolved-p21d-c7d-3600-1st/nsp-n20-d28-r0.10-rp2-fp2-s6,0 0 2 6 0 66 -92,0.0 0.0 0.0 0.0 0.0 0.0 0.0,0.0,0.4023809523809524,18634,0 0 2 6 0 70 -85,0.0 0.0 0.0 0.0 0.0 0.002612671456564337 0.056910569105691054,0.08303728367133442,0.3880952380952381,18778,0 0 2 7 0 74 -86,0.0 0.0 0.0 0.002109704641350211 0.0 0.005225342913128674 0.04878048780487805,2.210738558286376,0.319047619047619,18651,6 3 4 10 0 88 -82,1.0 0.0297029702970297 0.0024009603841536613 0.008438818565400843 0.0 0.014369693011103853 0.08130081300813008,1003002.970449853,0.011904761904761904,20950,0 97 399 391 81 1119 17,0.0 0.9603960396039604 0.4765906362545018 0.8122362869198312 0.42408376963350786 0.6877857609405618 0.8861788617886179,101667.91902329543,0.5976190476190476,39450,0 28 183 152 24 637 -31,0.0 0.27722772277227725 0.21728691476590636 0.3080168776371308 0.1256544502617801 0.3729588504245591 0.4959349593495935,30220.449271013695,0.16904761904761906,46889,6 3 4 10 0 88 -82,1.0 0.0297029702970297 0.0024009603841536613 0.008438818565400843 0.0 0.014369693011103853 0.08130081300813008,1003002.970449853,0.011904761904761904,20950,0 78 549 480 101 1484 1,0.0 0.7722772277227723 0.6566626650660264 1.0 0.5287958115183246 0.9261920313520575 0.7560975609756098,84857.24702196383,0.6976190476190476,47779,0 11 835 206 191 1086 -5,0.0 0.10891089108910891 1.0 0.4219409282700422 1.0 0.6662312214239059 0.7073170731707317,21420.399666468344,0.4666666666666667,50052,6 3 4 10 0 88 -82,1.0 0.0297029702970297 0.0024009603841536613 0.008438818565400843 0.0 0.014369693011103853 0.08130081300813008,1003002.970449853,0.011904761904761904,20950,0 101 415 357 71 1187 11,0.0 1.0 0.4957983193277311 0.740506329113924 0.3717277486910995 0.7322011757021555 0.8373983739837398,105743.82170739135,0.680952380952381,37457,0 14 108 119 18 438 -33,0.0 0.13861386138613863 0.12725090036014405 0.23839662447257384 0.09424083769633508 0.24297844546048333 0.4796747967479675,15384.625309708865,0.24047619047619048,49446,3 14 349 204 55 1597 29,0.5 0.13861386138613863 0.41656662665066024 0.4177215189873418 0.2879581151832461 1.0 0.983739837398374,518484.55347546353,0.40476190476190477,89247,0 0 297 221 70 1090 31,0.0 0.0 0.35414165666266506 0.45358649789029537 0.36649214659685864 0.6688438928804703 1.0,4039.3407181054367,0.6904761904761905,81894,0 0 2 6 0 216 -48,0.0 0.0 0.0 0.0 0.0 0.09797517962116264 0.35772357723577236,1.3374753734473988,0.38333333333333336,32379,3 12 340 219 45 1575 20,0.5 0.1188118811881188 0.4057623049219688 0.44936708860759494 0.2356020942408377 0.9856303069888962 0.9105691056910569,516422.50533823884,0.40476190476190477,91274,0 0 204 162 39 1015 18,0.0 0.0 0.2424969987995198 0.3291139240506329 0.20418848167539266 0.6198563030698889 0.8943089430894309,2781.5956321871586,0.7,85130,0 0 2 6 0 189 -45,0.0 0.0 0.0 0.0 0.0 0.08033964728935336 0.3821138211382114,1.185510294031745,0.37142857142857144,32924,6 3 4 10 0 88 -82,1.0 0.0297029702970297 0.0024009603841536613 0.008438818565400843 0.0 0.014369693011103853 0.08130081300813008,1003002.970449853,0.011904761904761904,13590
resolved-p21d-c7d-3600-all/resolved-p21d-c7d-3600-1st/nsp-n30-d28-r0.10-rp2-fp2-s8,1 2 2 2 0 107 -175,0.08333333333333333 0.012658227848101266 0.0026041666666666665 0.004424778761061947 0.0 0.0007374631268436578 0.0,84629.62993820246,0.30952380952380953,34614,1 2 2 2 0 106 -171,0.08333333333333333 0.012658227848101266 0.0026041666666666665 0.004424778761061947 0.0 0.0 0.023391812865497075,84629.64595538405,0.27936507936507937,34732,1 2 2 2 0 118 -132,0.08333333333333333 0.012658227848101266 0.0026041666666666665 0.004424778761061947 0.0 0.008849557522123894 0.25146198830409355,84629.96252113472,0.15873015873015872,34719,12 2 0 0 0 116 -127,1.0 0.012658227848101266 0.0 0.0 0.0 0.007374631268436578 0.2807017543859649,1001266.1772328772,0.006349206349206349,6641,0 109 702 328 75 1366 -66,0.0 0.689873417721519 0.9140625 0.7256637168141593 1.0 0.9292035398230089 0.6374269005847953,78963.55995126488,0.4,3670,1 158 637 375 67 1222 -59,0.08333333333333333 1.0 0.8294270833333334 0.8296460176991151 0.8933333333333333 0.8230088495575221 0.6783625730994152,192555.49196876778,0.3873015873015873,3038,12 2 0 0 0 116 -123,1.0 0.012658227848101266 0.0 0.0 0.0 0.007374631268436578 0.30409356725146197,1001266.20062469,0.006349206349206349,9780,0 114 514 326 61 1249 -45,0.0 0.7215189873417721 0.6692708333333334 0.7212389380530974 0.8133333333333334 0.8429203539823009 0.7602339181286549,79656.36877635494,0.42698412698412697,3625,1 124 478 309 41 1104 -82,0.08333333333333333 0.7848101265822784 0.6223958333333334 0.6836283185840708 0.5466666666666666 0.7359882005899705 0.543859649122807,168784.50305180027,0.22380952380952382,3055,12 2 0 0 0 117 -128,1.0 0.012658227848101266 0.0 0.0 0.0 0.008112094395280236 0.27485380116959063,1001266.1787595552,0.006349206349206349,8233,0 113 768 452 53 1462 -69,0.0 0.7151898734177216 1.0 1.0 0.7066666666666667 1.0 0.6198830409356725,82600.27389147975,0.48412698412698413,3642,1 89 523 270 41 930 -63,0.08333333333333333 0.5632911392405063 0.6809895833333334 0.5973451327433629 0.5466666666666666 0.6076696165191741 0.6549707602339181,147131.08655705274,0.2777777777777778,3128,12 2 0 0 0 116 -127,1.0 0.012658227848101266 0.0 0.0 0.0 0.007374631268436578 0.2807017543859649,1001266.1772328772,0.006349206349206349,5727,0 0 32 192 36 913 -4,0.0 0.0 0.041666666666666664 0.4247787610619469 0.48 0.5951327433628318 1.0,896.3967551622419,0.6714285714285714,21875,0 0 64 294 61 1259 -5,0.0 0.0 0.08333333333333333 0.6504424778761062 0.8133333333333334 0.8502949852507374 0.9941520467836257,1574.6062464420638,0.6634920634920635,22735,12 2 0 0 0 116 -127,1.0 0.012658227848101266 0.0 0.0 0.0 0.007374631268436578 0.2807017543859649,1001266.1772328772,0.006349206349206349,5727,0 0 40 257 44 1008 -48,0.0 0.0 0.052083333333333336 0.5685840707964602 0.5866666666666667 0.6651917404129793 0.7426900584795322,1155.4786782590695,0.6507936507936508,20134,0 0 66 306 45 1311 -5,0.0 0.0 0.0859375 0.6769911504424779 0.6 0.8886430678466076 0.9941520467836257,1606.2467331677276,0.665079365079365,22393,12 2 0 0 0 116 -124,1.0 0.012658227848101266 0.0 0.0 0.0 0.007374631268436578 0.2982456140350877,1001266.1947767369,0.006349206349206349,28306
resolved-p21d-c7d-3600-all/resolved-p21d-c7d-3600-1st/nsp-n20-d28-r0.10-rp2-fp2-s9,0 0 0 0 0 57 -70,0.0 0.0 0.0 0.0 0.0 0.0 0.12987012987012986,0.12987012987012986,0.43333333333333335,382,0 0 0 0 0 61 -80,0.0 0.0 0.0 0.0 0.0 0.018018018018018018 0.0,0.18018018018018017,0.4023809523809524,361,0 0 0 0 0 57 -66,0.0 0.0 0.0 0.0 0.0 0.0 0.18181818181818182,0.18181818181818182,0.4238095238095238,341,0 0 0 0 0 102 -41,0.0 0.0 0.0 0.0 0.0 0.20270270270270271 0.5064935064935064,2.5335205335205337,0.10476190476190476,98,0 0 0 0 0 92 -32,0.0 0.0 0.0 0.0 0.0 0.15765765765765766 0.6233766233766234,2.1999531999531996,0.36666666666666664,9,0 0 0 0 0 102 -41,0.0 0.0 0.0 0.0 0.0 0.20270270270270271 0.5064935064935064,2.5335205335205337,0.10476190476190476,134,0 0 0 0 0 102 -41,0.0 0.0 0.0 0.0 0.0 0.20270270270270271 0.5064935064935064,2.5335205335205337,0.10476190476190476,126,0 0 0 0 0 95 -33,0.0 0.0 0.0 0.0 0.0 0.17117117117117117 0.6103896103896104,2.322101322101322,0.3880952380952381,17,0 0 0 0 0 102 -38,0.0 0.0 0.0 0.0 0.0 0.20270270270270271 0.5454545454545454,2.5724815724815726,0.10476190476190476,183,0 0 0 0 0 102 -41,0.0 0.0 0.0 0.0 0.0 0.20270270270270271 0.5064935064935064,2.5335205335205337,0.10476190476190476,165,0 0 0 0 0 84 -28,0.0 0.0 0.0 0.0 0.0 0.12162162162162163 0.6753246753246753,1.8915408915408916,0.44761904761904764,21,0 0 0 0 0 102 -38,0.0 0.0 0.0 0.0 0.0 0.20270270270270271 0.5454545454545454,2.5724815724815726,0.10476190476190476,137,0 0 0 0 0 279 -10,0.0 0.0 0.0 0.0 0.0 1.0 0.9090909090909091,10.909090909090908,0.38333333333333336,77,0 0 0 0 0 73 -46,0.0 0.0 0.0 0.0 0.0 0.07207207207207207 0.44155844155844154,1.1622791622791622,0.6928571428571428,148,0 0 0 0 0 271 -3,0.0 0.0 0.0 0.0 0.0 0.963963963963964 1.0,10.63963963963964,0.4261904761904762,42,0 0 0 0 0 273 -12,0.0 0.0 0.0 0.0 0.0 0.972972972972973 0.8831168831168831,10.612846612846614,0.38333333333333336,78,0 0 0 0 0 73 -46,0.0 0.0 0.0 0.0 0.0 0.07207207207207207 0.44155844155844154,1.1622791622791622,0.6928571428571428,148,0 0 0 0 0 271 -3,0.0 0.0 0.0 0.0 0.0 0.963963963963964 1.0,10.63963963963964,0.4261904761904762,42,0 0 0 0 0 93 -21,0.0 0.0 0.0 0.0 0.0 0.16216216216216217 0.7662337662337663,2.387855387855388,0.13333333333333333,124
resolved-p21d-c7d-3600-all/resolved-p21d-c7d-3600-1st/nsp-n50-d28-r0.10-rp2-fp2-s5,1 9 2 1 0 287 -161,0.043478260869565216 0.015517241379310345 0.002066115702479339 0.0010570824524312897 0.0 0.0 0.0,45051.70324697348,0.2523809523809524,8505,1 11 2 5 0 378 -129,0.043478260869565216 0.01896551724137931 0.002066115702479339 0.005285412262156448 0.0 0.05132543711223914 0.22377622377622378,45401.49619358499,0.15523809523809523,23324,1 11 2 16 0 443 -129,0.043478260869565216 0.01896551724137931 0.002066115702479339 0.016913319238900635 0.0 0.08798646362098139 0.22377622377622378,45413.49071082682,0.10666666666666667,22895,23 10 0 9 0 343 -106,1.0 0.017241379310344827 0.0 0.009513742071881607 0.0 0.03158488437676255 0.38461538461538464,1001734.3521373348,0.01904761904761905,10617,19 437 870 790 49 1730 -77,0.8260869565217391 0.753448275862069 0.8987603305785123 0.8350951374207188 0.7777777777777778 0.8138747884940778 0.5874125874125874,911340.986489402,0.22952380952380952,3884,15 423 927 704 63 1639 -78,0.6521739130434783 0.7293103448275862 0.9576446280991735 0.7441860465116279 1.0 0.7625493513818387 0.5804195804195804,735533.7857668345,0.18,3947,23 10 0 9 0 343 -106,1.0 0.017241379310344827 0.0 0.009513742071881607 0.0 0.03158488437676255 0.38461538461538464,1001734.3521373348,0.01904761904761905,10617,18 580 968 746 60 2060 -53,0.782608695652174 1.0 1.0 0.7885835095137421 0.9523809523809523 1.0 0.7552447552447552,893503.272501681,0.30666666666666664,3894,15 423 927 703 63 1639 -78,0.6521739130434783 0.7293103448275862 0.9576446280991735 0.7431289640591966 1.0 0.7625493513818387 0.5804195804195804,735532.728684382,0.18,3948,23 10 0 9 0 345 -100,1.0 0.017241379310344827 0.0 0.009513742071881607 0.0 0.032712915961646924 0.42657342657342656,1001734.4053756925,0.01904761904761905,10612,19 437 870 790 49 1730 -77,0.8260869565217391 0.753448275862069 0.8987603305785123 0.8350951374207188 0.7777777777777778 0.8138747884940778 0.5874125874125874,911340.986489402,0.22952380952380952,3884,18 466 812 946 43 1780 -41,0.782608695652174 0.803448275862069 0.8388429752066116 1.0 0.6825396825396826 0.8420755781161873 0.8391608391608392,872419.4668753212,0.29619047619047617,3821,23 10 0 9 0 347 -100,1.0 0.017241379310344827 0.0 0.009513742071881607 0.0 0.0338409475465313 0.42657342657342656,1001734.4166560085,0.01904761904761905,17103,0 0 2 0 0 536 -144,0.0 0.0 0.002066115702479339 0.0 0.0 0.1404399323181049 0.11888111888111888,22.184437466855556,0.6523809523809524,8998,0 0 2 13 0 1474 -18,0.0 0.0 0.002066115702479339 0.013742071881606765 0.0 0.6694867456288776 1.0,42.098096362688935,0.6580952380952381,12139,23 10 0 9 0 349 -97,1.0 0.017241379310344827 0.0 0.009513742071881607 0.0 0.03496897913141568 0.44755244755244755,1001734.4489153452,0.01904761904761905,17100,0 0 2 0 0 547 -133,0.0 0.0 0.002066115702479339 0.0 0.0 0.14664410603496897 0.1958041958041958,22.323402280947274,0.6761904761904762,8980,0 0 2 4 0 883 -80,0.0 0.0 0.002066115702479339 0.004228329809725159 0.0 0.3361534122955443 0.5664335664335665,28.817454523907557,0.6419047619047619,12383,23 10 0 9 0 340 -110,1.0 0.017241379310344827 0.0 0.009513742071881607 0.0 0.029892836999435984 0.35664335664335667,1001734.307244833,0.01904761904761905,23074
resolved-p21d-c7d-3600-all/resolved-p21d-c7d-3600-1st/nsp-n50-d28-r0.10-rp2-fp2-s2,1 21 1173 313 125 4008 -32,0.045454545454545456 0.03197158081705151 0.0 0.0 0.0 0.053400637619553666 0.08333333333333333,48652.32087596013,0.2714285714285714,9809,1 37 1392 672 158 4658 -47,0.045454545454545456 0.06039076376554174 0.0732196589769308 0.20351473922902494 0.1774193548387097 0.22608926673751328 0.0,52449.33598824921,0.19142857142857142,12485,1 97 1653 1264 179 4689 -39,0.045454545454545456 0.1669626998223801 0.160481444332999 0.5391156462585034 0.2903225806451613 0.23432518597236981 0.044444444444444446,64326.165480740645,0.09714285714285714,10312,21 158 1604 650 148 3807 10,0.9545454545454546 0.2753108348134991 0.14409896355733867 0.19104308390022676 0.12365591397849462 0.0 0.31666666666666665,983721.2530043427,0.010476190476190476,21048,19 566 2134 1909 229 3899 28,0.8636363636363636 1.0 0.3212972250083584 0.9047619047619048 0.5591397849462365 0.024442082890541977 0.4166666666666667,967810.6728571993,0.18857142857142858,1703,15 439 3161 1763 238 4516 25,0.6818181818181818 0.7744227353463587 0.6646606486125042 0.8219954648526077 0.6075268817204301 0.1883634431455898 0.4,766792.0936263988,0.18857142857142858,1612,21 158 1604 650 148 3807 10,0.9545454545454546 0.2753108348134991 0.14409896355733867 0.19104308390022676 0.12365591397849462 0.0 0.31666666666666665,983721.2530043427,0.010476190476190476,21048,19 566 2134 1909 229 3899 28,0.8636363636363636 1.0 0.3212972250083584 0.9047619047619048 0.5591397849462365 0.024442082890541977 0.4166666666666667,967810.6728571993,0.18857142857142858,1703,15 521 2831 2077 262 4349 39,0.6818181818181818 0.9200710479573713 0.5543296556335674 1.0 0.7365591397849462 0.14399574920297556 0.4777777777777778,780444.1568195028,0.19428571428571428,1602,21 158 1604 650 148 3807 10,0.9545454545454546 0.2753108348134991 0.14409896355733867 0.19104308390022676 0.12365591397849462 0.0 0.31666666666666665,983721.2530043427,0.010476190476190476,21048,19 566 2134 1909 229 3899 28,0.8636363636363636 1.0 0.3212972250083584 0.9047619047619048 0.5591397849462365 0.024442082890541977 0.4166666666666667,967810.6728571993,0.18857142857142858,1703,15 521 2831 2077 262 4349 39,0.6818181818181818 0.9200710479573713 0.5543296556335674 1.0 0.7365591397849462 0.14399574920297556 0.4777777777777778,780444.1568195028,0.19428571428571428,1602,19 328 4164 1207 311 6559 112,0.8636363636363636 0.5772646536412078 1.0 0.5068027210884354 1.0 0.7311370882040382 0.8833333333333333,931977.8264257882,0.5276190476190477,25080,0 8 1944 868 168 7506 122,0.0 0.008880994671403197 0.2577733199598796 0.31462585034013607 0.23118279569892472 0.982731137088204 0.9388888888888889,3814.342996908915,0.7752380952380953,31683,0 3 2532 652 255 7571 105,0.0 0.0 0.4543630892678034 0.1921768707482993 0.6989247311827957 1.0 0.8444444444444444,4816.544680989057,0.7171428571428572,29686,20 323 3857 1165 267 6542 133,0.9090909090909091 0.5683836589698046 0.8973587428953528 0.48299319727891155 0.7634408602150538 0.7266206163655685 1.0,975470.4659063071,0.5276190476190477,24284,0 6 1919 870 196 7237 120,0.0 0.0053285968028419185 0.24941491140086927 0.3157596371882086 0.3817204301075269 0.9112646121147715 0.9277777777777778,3390.9808983907715,0.7628571428571429,32242,0 3 1736 460 185 6826 57,0.0 0.0 0.18823136074891342 0.08333333333333333 0.3225806451612903 0.8020722635494155 0.5777777777777777,2006.5035057518685,0.7171428571428572,33808,22 161 2011 981 158 4808 -33,1.0 0.28063943161634103 0.28017385489802743 0.3786848072562358 0.1774193548387097 0.26594048884165783 0.07777777777777778,1031264.8456360206,0.010476190476190476,5060
resolved-p21d-c7d-3600-all/resolved-p21d-c7d-3600-1st/nsp-n20-d28-r0.10-rp2-fp2-s8,0 1 1 0 0 71 -45,0.0 0.0 0.0 0.0 0.0 0.0017281105990783411 0.0,0.01728110599078341,0.6857142857142857,10239,0 1 1 0 0 68 -45,0.0 0.0 0.0 0.0 0.0 0.0 0.0,0.0,0.6857142857142857,10784,0 1 51 94 17 610 28,0.0 0.0 0.13054830287206268 0.3671875 0.14655172413793102 0.3122119815668203 0.7604166666666666,1691.2082376167548,0.24761904761904763,9277,10 1 238 141 78 1424 37,1.0 0.0 0.618798955613577 0.55078125 0.6724137931034483 0.7811059907834101 0.8541666666666666,1006814.6774120206,0.009523809523809525,2717,0 1 1 0 0 118 -1,0.0 0.0 0.0 0.0 0.0 0.02880184331797235 0.4583333333333333,0.7463517665130568,0.6190476190476191,14867,0 1 1 1 0 223 8,0.0 0.0 0.0 0.00390625 0.0 0.08928571428571429 0.5520833333333334,5.351190476190476,0.49047619047619045,14501,10 1 238 141 78 1424 37,1.0 0.0 0.618798955613577 0.55078125 0.6724137931034483 0.7811059907834101 0.8541666666666666,1006814.6774120206,0.009523809523809525,2717,0 1 1 0 0 123 -16,0.0 0.0 0.0 0.0 0.0 0.03168202764976959 0.3020833333333333,0.6189036098310292,0.6452380952380953,14865,0 1 1 1 0 223 8,0.0 0.0 0.0 0.00390625 0.0 0.08928571428571429 0.5520833333333334,5.351190476190476,0.49047619047619045,14501,10 1 238 141 78 1424 37,1.0 0.0 0.618798955613577 0.55078125 0.6724137931034483 0.7811059907834101 0.8541666666666666,1006814.6774120206,0.009523809523809525,2717,0 1 1 0 0 118 -1,0.0 0.0 0.0 0.0 0.0 0.02880184331797235 0.4583333333333333,0.7463517665130568,0.6190476190476191,14867,0 1 1 1 0 223 8,0.0 0.0 0.0 0.00390625 0.0 0.08928571428571429 0.5520833333333334,5.351190476190476,0.49047619047619045,14501,10 1 238 142 78 1424 36,1.0 0.0 0.618798955613577 0.5546875 0.6724137931034483 0.7811059907834101 0.84375,1006818.573245354,0.009523809523809525,5824,0 1 32 88 6 663 36,0.0 0.0 0.08093994778067885 0.34375 0.05172413793103448 0.34274193548387094 0.84375,1162.5930609547308,0.6452380952380953,52728,0 6 384 256 116 1804 51,0.0 1.0 1.0 1.0 1.0 1.0 1.0,111111.0,0.6714285714285714,69873,10 1 238 142 78 1424 36,1.0 0.0 0.618798955613577 0.5546875 0.6724137931034483 0.7811059907834101 0.84375,1006818.573245354,0.009523809523809525,5824,0 1 32 85 7 670 46,0.0 0.0 0.08093994778067885 0.33203125 0.0603448275862069 0.3467741935483871 0.9479166666666666,1151.88086916756,0.6452380952380953,52792,0 1 242 162 83 1667 48,0.0 0.0 0.6292428198433421 0.6328125 0.7155172413793104 0.9210829493087558 0.96875,7006.97200206444,0.6523809523809524,75062,5 2 234 133 69 1399 33,0.5 0.2 0.608355091383812 0.51953125 0.5948275862068966 0.7667050691244239 0.8125,526671.04447315,0.023809523809523808,52734
resolved-p21d-c7d-3600-all/resolved-p21d-c7d-3600-1st/nsp-n40-d28-r0.10-rp2-fp2-s7,3 4 0 0 0 139 -166,0.15 0.010067114093959731 0.0 0.0 0.0 0.0 0.0,151006.71140939597,0.3,24808,2 2 0 0 0 184 -133,0.1 0.003355704697986577 0.0 0.0 0.0 0.008794215360562829 0.11956521739130435,100335.77797716965,0.24047619047619048,24483,3 4 0 2 0 206 -145,0.15 0.010067114093959731 0.0 0.0019212295869356388 0.0 0.013093609536837992 0.07608695652173914,151008.8396620348,0.17261904761904762,24920,20 4 0 5 0 216 -131,1.0 0.010067114093959731 0.0 0.004803073967339097 0.0 0.015047879616963064 0.12681159420289856,1001011.7917737537,0.011904761904761904,23705,5 299 749 588 69 1303 -58,0.25 1.0 0.45698596705308114 0.5648414985590778 0.25 0.22747703732655852 0.391304347826087,355162.36724381096,0.42142857142857143,2700,7 268 842 570 53 1705 -30,0.35 0.8959731543624161 0.5137278828553996 0.547550432276657 0.19202898550724637 0.3060386945475865 0.4927536231884058,445304.90073619166,0.4095238095238095,2727,20 4 0 5 0 216 -130,1.0 0.010067114093959731 0.0 0.004803073967339097 0.0 0.015047879616963064 0.13043478260869565,1001011.7953969421,0.011904761904761904,23704,5 299 750 546 66 1359 -62,0.25 1.0 0.4575960951799878 0.5244956772334294 0.2391304347826087 0.23842094977525893 0.37681159420289856,355127.13069360354,0.2785714285714286,2699,7 276 627 440 33 1391 -85,0.35 0.9228187919463087 0.3825503355704698 0.42267050912584053 0.11956521739130435 0.2446746140316592 0.29347826086956524,446544.7498056017,0.24166666666666667,2682,20 4 0 5 0 216 -130,1.0 0.010067114093959731 0.0 0.004803073967339097 0.0 0.015047879616963064 0.13043478260869565,1001011.7953969421,0.011904761904761904,23704,5 299 750 546 66 1359 -62,0.25 1.0 0.4575960951799878 0.5244956772334294 0.2391304347826087 0.23842094977525893 0.37681159420289856,355127.13069360354,0.2785714285714286,2699,7 204 814 499 65 1716 -49,0.35 0.6812080536912751 0.4966442953020134 0.4793467819404419 0.23550724637681159 0.30818839163572403 0.42391304347826086,423593.6516256856,0.4083333333333333,2756,9 135 1554 1037 113 4076 110,0.45 0.44966442953020136 0.9481391092129348 0.9961575408261287 0.40942028985507245 0.7693961305452414 1.0,505493.6275762666,0.5726190476190476,38407,0 3 1639 724 276 5256 54,0.0 0.006711409395973154 1.0 0.6954851104707013 1.0 1.0 0.7971014492753623,11477.423151517292,0.6654761904761904,39968,0 1 0 0 0 753 -57,0.0 0.0 0.0 0.0 0.0 0.1199921829196795 0.39492753623188404,1.594849365428679,0.4095238095238095,31163,9 141 1545 1041 113 4095 106,0.45 0.4697986577181208 0.9426479560707749 1.0 0.40942028985507245 0.773109243697479 0.9855072463768116,507456.00396118866,0.5726190476190476,38113,0 1 604 426 124 2416 -9,0.0 0.0 0.3685173886516168 0.4092219020172911 0.4492753623188406 0.44498729724447916 0.5688405797101449,4144.342038317498,0.6773809523809524,42275,0 1 0 0 0 753 -57,0.0 0.0 0.0 0.0 0.0 0.1199921829196795 0.39492753623188404,1.594849365428679,0.4095238095238095,31163,20 4 0 5 0 217 -116,1.0 0.010067114093959731 0.0 0.004803073967339097 0.0 0.015243306624975571 0.18115942028985507,1001011.8480758498,0.011904761904761904,27323
resolved-p21d-c7d-3600-all/resolved-p21d-c7d-3600-1st/nsp-n50-d28-r0.10-rp2-fp2-s4,6 9 0 74 0 390 -109,0.3333333333333333 0.013282732447817837 0.0 0.05328185328185328 0.0 0.005840762373193975 0.0,334714.9468390207,0.23904761904761904,27684,6 15 3 23 0 441 -77,0.3333333333333333 0.024667931688804556 0.0017006802721088435 0.013899613899613899 0.0 0.013679680295112203 0.10561056105610561,335831.2753261985,0.04666666666666667,32641,6 9 0 13 2 446 -67,0.3333333333333333 0.013282732447817837 0.0 0.006177606177606178 0.011976047904191617 0.014448201660006148 0.13861386138613863,334669.2648849611,0.09238095238095238,34061,18 9 1 5 0 355 -87,1.0 0.013282732447817837 0.0005668934240362812 0.0 0.0 0.00046111281893636643 0.07260726072607261,1001334.019397411,0.025714285714285714,17922,12 396 738 618 44 1769 -65,0.6666666666666666 0.7476280834914611 0.41836734693877553 0.47335907335907335 0.2634730538922156 0.21779895481094375 0.14521452145214522,746115.1780680184,0.2219047619047619,2138,9 529 923 1002 64 1924 -35,0.5 1.0 0.5232426303854876 0.7698841698841699 0.38323353293413176 0.24162311712265602 0.24422442244224424,606043.2942826261,0.35428571428571426,408,18 9 1 5 0 355 -86,1.0 0.013282732447817837 0.0005668934240362812 0.0 0.0 0.00046111281893636643 0.07590759075907591,1001334.022697741,0.025714285714285714,17921,12 396 738 618 44 1769 -65,0.6666666666666666 0.7476280834914611 0.41836734693877553 0.47335907335907335 0.2634730538922156 0.21779895481094375 0.14521452145214522,746115.1780680184,0.2219047619047619,2138,9 519 983 772 59 1893 -41,0.5 0.9810246679316889 0.5572562358276644 0.5922779922779923 0.3532934131736527 0.23685828466031356 0.22442244224422442,604305.2294903297,0.2438095238095238,416,18 9 1 5 0 355 -87,1.0 0.013282732447817837 0.0005668934240362812 0.0 0.0 0.00046111281893636643 0.07260726072607261,1001334.019397411,0.025714285714285714,17922,12 396 738 618 44 1769 -65,0.6666666666666666 0.7476280834914611 0.41836734693877553 0.47335907335907335 0.2634730538922156 0.21779895481094375 0.14521452145214522,746115.1780680184,0.2219047619047619,2138,9 519 983 772 59 1893 -41,0.5 0.9810246679316889 0.5572562358276644 0.5922779922779923 0.3532934131736527 0.23685828466031356 0.22442244224422442,604305.2294903297,0.2438095238095238,416,10 202 1670 1300 104 5421 194,0.5555555555555556 0.3795066413662239 0.9467120181405896 1.0 0.6227544910179641 0.7791269597294804 1.0,604044.406592283,0.579047619047619,29446,1 100 1478 857 149 5064 122,0.05555555555555555 0.1859582542694497 0.8378684807256236 0.6579150579150579 0.8922155688622755 0.7242545342760529 0.7623762376237624,83285.20732613844,0.7371428571428571,27582,0 2 1764 633 129 6858 87,0.0 0.0 1.0 0.48494208494208496 0.7724550898203593 1.0 0.6468646864686468,10572.83445861059,0.6876190476190476,30659,10 175 1651 1047 108 5286 180,0.5555555555555556 0.32827324478178366 0.9359410430839002 0.8046332046332046 0.6467065868263473 0.758376882877344 0.9537953795379538,598620.1318920972,0.5780952380952381,34229,1 101 1480 888 167 5108 114,0.05555555555555555 0.18785578747628084 0.8390022675736961 0.6818532818532819 1.0 0.7310175222871196 0.735973597359736,83521.05640959411,0.7371428571428571,27418,0 2 1477 624 127 6359 70,0.0 0.0 0.8373015873015873 0.477992277992278 0.7604790419161677 0.9233015677835844 0.5907590759075908,8936.87982995351,0.6876190476190476,32653,18 9 1 5 0 352 -85,1.0 0.013282732447817837 0.0005668934240362812 0.0 0.0 0.0 0.07920792079207921,1001334.021386943,0.025714285714285714,29305
resolved-p21d-c7d-3600-all/resolved-p21d-c7d-3600-1st/nsp-n20-d28-r0.10-rp2-fp2-s1,0 1 1 0 0 65 -101,0.0 0.029411764705882353 0.0016 0.0 0.0 0.002564102564102564 0.0,2957.2021116138762,0.34523809523809523,6085,0 1 1 0 0 59 -96,0.0 0.029411764705882353 0.0016 0.0 0.0 0.0 0.03424657534246575,2957.2107171635776,0.34285714285714286,6084,0 1 1 0 0 62 -98,0.0 0.029411764705882353 0.0016 0.0 0.0 0.001282051282051282 0.02054794520547945,2957.209839046261,0.36666666666666664,6081,14 0 0 3 0 62 -74,1.0 0.0 0.0 0.007228915662650603 0.0 0.001282051282051282 0.18493150684931506,1000007.4266676824,0.014285714285714285,4185,0 34 503 326 91 1641 22,0.0 1.0 0.8048 0.7855421686746988 0.5723270440251572 0.6760683760683761 0.8424657534246576,108898.37802259132,0.5714285714285714,21354,0 1 1 0 0 89 -70,0.0 0.029411764705882353 0.0016 0.0 0.0 0.01282051282051282 0.21232876712328766,2957.5170044835636,0.1,22055,14 0 0 3 0 62 -74,1.0 0.0 0.0 0.007228915662650603 0.0 0.001282051282051282 0.18493150684931506,1000007.4266676824,0.014285714285714285,4185,0 28 473 388 82 1442 16,0.0 0.8235294117647058 0.7568 0.9349397590361446 0.5157232704402516 0.591025641025641 0.8013698630136986,90914.16488882403,0.6142857142857143,22444,0 1 1 0 0 89 -70,0.0 0.029411764705882353 0.0016 0.0 0.0 0.01282051282051282 0.21232876712328766,2957.5170044835636,0.1,22055,14 0 0 3 0 62 -74,1.0 0.0 0.0 0.007228915662650603 0.0 0.001282051282051282 0.18493150684931506,1000007.4266676824,0.014285714285714285,4185,0 29 475 383 88 1310 8,0.0 0.8529411764705882 0.76 0.9228915662650602 0.5534591194968553 0.5346153846153846 0.7465753424657534,93878.4478544622,0.569047619047619,22332,0 1 1 0 0 89 -70,0.0 0.029411764705882353 0.0016 0.0 0.0 0.01282051282051282 0.21232876712328766,2957.5170044835636,0.1,22055,14 0 0 3 0 62 -74,1.0 0.0 0.0 0.007228915662650603 0.0 0.001282051282051282 0.18493150684931506,1000007.4266676824,0.014285714285714285,5667,0 1 389 293 86 1629 30,0.0 0.029411764705882353 0.6224 0.7060240963855422 0.5408805031446541 0.6709401709401709 0.8972602739726028,9932.895279271615,0.7428571428571429,57508,0 1 391 274 105 2300 21,0.0 0.029411764705882353 0.6256 0.6602409638554216 0.660377358490566 0.9576923076923077 0.8356164383561644,9933.867709807993,0.7428571428571429,56497,14 0 0 3 0 62 -74,1.0 0.0 0.0 0.007228915662650603 0.0 0.001282051282051282 0.18493150684931506,1000007.4266676824,0.014285714285714285,5667,0 24 558 415 95 1447 45,0.0 0.7058823529411765 0.8928 1.0 0.5974842767295597 0.5931623931623932 1.0,80582.91534572223,0.7619047619047619,51597,0 3 625 343 159 2399 36,0.0 0.08823529411764706 1.0 0.8265060240963855 1.0 1.0 0.9383561643835616,19760.973792025474,0.7309523809523809,50656,7 1 1 6 0 71 -59,0.5 0.029411764705882353 0.0016 0.014457831325301205 0.0 0.005128205128205128 0.2876712328767123,502971.9732551977,0.03571428571428571,33444
resolved-p21d-c7d-3600-all/resolved-p21d-c7d-3600-1st/nsp-n20-d28-r0.10-rp2-fp2-s3,0 0 0 0 0 76 -73,0.0 0.0 0.0 0.0 0.0 0.04455445544554455 0.25675675675675674,0.7023013112122023,0.30238095238095236,254,0 0 0 0 0 74 -92,0.0 0.0 0.0 0.0 0.0 0.034653465346534656 0.0,0.34653465346534656,0.35714285714285715,284,0 0 0 0 0 67 -84,0.0 0.0 0.0 0.0 0.0 0.0 0.10810810810810811,0.10810810810810811,0.29523809523809524,278,0 0 0 0 0 112 -55,0.0 0.0 0.0 0.0 0.0 0.22277227722772278 0.5,2.727722772277228,0.08333333333333333,130,0 0 0 0 0 119 -36,0.0 0.0 0.0 0.0 0.0 0.25742574257425743 0.7567567567567568,3.331014182499331,0.39285714285714285,22,0 0 0 0 0 112 -55,0.0 0.0 0.0 0.0 0.0 0.22277227722772278 0.5,2.727722772277228,0.08333333333333333,126,0 0 0 0 0 112 -55,0.0 0.0 0.0 0.0 0.0 0.22277227722772278 0.5,2.727722772277228,0.08333333333333333,126,0 0 0 0 0 118 -41,0.0 0.0 0.0 0.0 0.0 0.2524752475247525 0.6891891891891891,3.213941664436714,0.24761904761904763,13,0 0 0 0 0 112 -55,0.0 0.0 0.0 0.0 0.0 0.22277227722772278 0.5,2.727722772277228,0.08333333333333333,80,0 0 0 0 0 112 -55,0.0 0.0 0.0 0.0 0.0 0.22277227722772278 0.5,2.727722772277228,0.08333333333333333,95,0 0 0 0 0 120 -39,0.0 0.0 0.0 0.0 0.0 0.2623762376237624 0.7162162162162162,3.33997859245384,0.2642857142857143,22,0 0 0 0 0 112 -55,0.0 0.0 0.0 0.0 0.0 0.22277227722772278 0.5,2.727722772277228,0.08333333333333333,121,0 0 0 0 0 246 -34,0.0 0.0 0.0 0.0 0.0 0.8861386138613861 0.7837837837837838,9.645169922397645,0.4238095238095238,90,0 0 0 0 0 94 -38,0.0 0.0 0.0 0.0 0.0 0.13366336633663367 0.7297297297297297,2.0663633930960663,0.6547619047619048,287,0 0 0 0 0 269 -18,0.0 0.0 0.0 0.0 0.0 1.0 1.0,11.0,0.3904761904761905,123,0 0 0 0 0 246 -34,0.0 0.0 0.0 0.0 0.0 0.8861386138613861 0.7837837837837838,9.645169922397645,0.4238095238095238,90,0 0 0 0 0 94 -38,0.0 0.0 0.0 0.0 0.0 0.13366336633663367 0.7297297297297297,2.0663633930960663,0.6547619047619048,287,0 0 0 0 0 269 -18,0.0 0.0 0.0 0.0 0.0 1.0 1.0,11.0,0.3904761904761905,123,0 0 0 0 0 112 -47,0.0 0.0 0.0 0.0 0.0 0.22277227722772278 0.6081081081081081,2.835830880385336,0.0880952380952381,81
resolved-p21d-c7d-3600-all/resolved-p21d-c7d-3600-1st/nsp-n30-d28-r0.10-rp2-fp2-s0,1 8 0 0 0 110 -135,0.09090909090909091 0.03333333333333333 0.0 0.0 0.0 0.0033003300330033004 0.0,94242.45724572458,0.24761904761904763,46060,1 8 0 0 0 102 -94,0.09090909090909091 0.03333333333333333 0.0 0.0 0.0 0.0 0.22777777777777777,94242.65202020202,0.18095238095238095,46434,1 8 0 1 0 146 -79,0.09090909090909091 0.03333333333333333 0.0 0.0017667844522968198 0.0 0.018151815181518153 0.3111111111111111,94244.68365613947,0.08412698412698413,45995,11 8 0 0 0 130 -87,1.0 0.03333333333333333 0.0 0.0 0.0 0.01155115511551155 0.26666666666666666,1003333.7155115511,0.014285714285714285,18000,0 182 648 527 70 1365 -57,0.0 1.0 0.6050420168067226 0.931095406360424 0.5263157894736842 0.5210396039603961 0.43333333333333335,107039.79088274796,0.3349206349206349,5832,0 160 310 451 43 1022 -29,0.0 0.8777777777777778 0.28944911297852477 0.7968197879858657 0.3233082706766917 0.3795379537953795 0.5888888888888889,91505.8037910434,0.3634920634920635,7058,11 8 0 0 0 130 -85,1.0 0.03333333333333333 0.0 0.0 0.0 0.01155115511551155 0.2777777777777778,1003333.7266226623,0.014285714285714285,17998,0 115 421 406 66 1319 -20,0.0 0.6277777777777778 0.3930905695611578 0.7173144876325088 0.49624060150375937 0.5020627062706271 0.6388888888888888,67481.28153712382,0.35714285714285715,7903,0 170 460 535 92 1273 17,0.0 0.9333333333333333 0.4295051353874883 0.9452296819787986 0.6917293233082706 0.4830858085808581 0.8444444444444444,98648.4626040481,0.5936507936507937,6651,11 8 0 0 0 130 -86,1.0 0.03333333333333333 0.0 0.0 0.0 0.01155115511551155 0.2722222222222222,1003333.7210671067,0.014285714285714285,17999,0 115 305 470 68 1440 6,0.0 0.6277777777777778 0.28478057889822594 0.8303886925795053 0.5112781954887218 0.551980198019802 0.7833333333333333,66513.40321420194,0.5380952380952381,8794,0 160 388 380 48 941 -47,0.0 0.8777777777777778 0.3622782446311858 0.6713780918727915 0.3609022556390977 0.34612211221122113 0.4888888888888889,92111.97865153734,0.21428571428571427,6962,7 69 1066 440 128 2526 45,0.6363636363636364 0.37222222222222223 0.9953314659197012 0.7773851590106007 0.9624060150375939 1.0 1.0,684423.79900557,0.5253968253968254,48536,0 2 414 140 22 1966 29,0.0 0.0 0.3865546218487395 0.24734982332155478 0.16541353383458646 0.768976897689769 0.9111111111111111,4138.038275280417,0.6222222222222222,44197,0 119 614 566 112 1836 36,0.0 0.65 0.5732959850606909 1.0 0.8421052631578947 0.7153465346534653 0.95,71825.27384226923,0.7285714285714285,47648,7 64 1071 443 133 2461 43,0.6363636363636364 0.34444444444444444 1.0 0.7826855123674912 1.0 0.9731848184818482 0.9888888888888889,681701.4870575219,0.5253968253968254,48968,0 2 298 168 21 1677 34,0.0 0.0 0.27824463118580767 0.2968197879858657 0.15789473684210525 0.6497524752475248 0.9388888888888889,3102.491987169517,0.6412698412698413,49979,0 120 591 538 109 1819 41,0.0 0.6555555555555556 0.5518207282913166 0.950530035335689 0.8195488721804511 0.7083333333333334 0.9777777777777777,72114.30887213357,0.7142857142857143,47485,11 8 0 0 0 129 -79,1.0 0.03333333333333333 0.0 0.0 0.0 0.011138613861386138 0.3111111111111111,1003333.755830583,0.014285714285714285,11033
resolved-p21d-c7d-3600-all/resolved-p21d-c7d-3600-1st/nsp-n30-d28-r0.10-rp2-fp2-s3,0 22 6 11 0 275 -54,0.0 0.047619047619047616 0.0 0.0 0.0 0.0 0.0,4761.9047619047615,0.6285714285714286,10979,1 23 212 267 70 1468 -3,0.09090909090909091 0.05026455026455026 0.11419068736141907 0.11973807296538821 0.24054982817869416 0.34529667149059334 0.34,97225.0388316583,0.2920634920634921,9618,1 35 335 380 70 1917 10,0.09090909090909091 0.082010582010582 0.18237250554323725 0.1725912067352666 0.24054982817869416 0.4752532561505065 0.4266666666666667,101135.69955436279,0.22857142857142856,9692,11 132 471 455 136 1977 6,1.0 0.3386243386243386 0.25776053215077604 0.2076707202993452 0.46735395189003437 0.49261939218523876 0.4,1036699.7714933518,0.012698412698412698,10474,0 256 1251 1308 195 2206 29,0.0 0.6666666666666666 0.6901330376940134 0.6066417212347989 0.6701030927835051 0.5589001447178003 0.5533333333333333,74247.79140890045,0.28095238095238095,8179,0 266 977 1392 158 2480 27,0.0 0.6931216931216931 0.5382483370288248 0.6459307764265669 0.5429553264604811 0.638205499276411 0.54,75401.80104652293,0.4936507936507937,15357,11 132 471 455 136 1977 6,1.0 0.3386243386243386 0.25776053215077604 0.2076707202993452 0.46735395189003437 0.49261939218523876 0.4,1036699.7714933518,0.012698412698412698,10474,0 252 1186 1282 203 2560 54,0.0 0.656084656084656 0.6541019955654102 0.5944808231992517 0.697594501718213 0.6613603473227206 0.72,72821.059440964,0.4857142857142857,9406,0 266 978 1218 187 2216 49,0.0 0.6931216931216931 0.5388026607538803 0.5645463049579046 0.6426116838487973 0.561794500723589 0.6866666666666666,75335.3080047248,0.40793650793650793,15355,11 132 471 455 136 1977 6,1.0 0.3386243386243386 0.25776053215077604 0.2076707202993452 0.46735395189003437 0.49261939218523876 0.4,1036699.7714933518,0.012698412698412698,10474,0 261 1151 1354 149 2085 26,0.0 0.6798941798941799 0.63470066518847 0.6281571562207671 0.5120274914089347 0.5238784370477568 0.5333333333333333,75021.55666436815,0.35714285714285715,8130,0 267 1063 1341 204 2236 41,0.0 0.6957671957671958 0.585920177383592 0.6220767072029935 0.7010309278350515 0.5675832127351664 0.6333333333333333,76134.41031600269,0.1761904761904762,14925,10 382 1810 2149 291 2618 49,0.9090909090909091 1.0 1.0 1.0 1.0 0.6781476121562953 0.6866666666666666,1020198.3772336973,0.5984126984126984,31477,0 55 560 465 55 1837 60,0.0 0.1349206349206349 0.3070953436807095 0.21234798877455566 0.18900343642611683 0.4520984081041968 0.76,16799.546245368794,0.7555555555555555,57245,0 5 1139 550 205 3730 37,0.0 0.0026455026455026454 0.6280487804878049 0.2521047708138447 0.7044673539518901 1.0 0.6066666666666667,6878.196242304014,0.7523809523809524,53810,10 334 1695 1658 277 2547 73,0.9090909090909091 0.873015873015873 0.9362527716186253 0.7703461178671656 0.9518900343642611 0.6575976845151954 0.8466666666666667,1006627.9818734981,0.6095238095238096,30758,0 60 839 565 58 1847 96,0.0 0.14814814814814814 0.46175166297117515 0.2591206735266604 0.19931271477663232 0.4549927641099855 1.0,19716.933317171988,0.765079365079365,52062,0 4 1069 511 174 3529 48,0.0 0.0 0.5892461197339246 0.23386342376052385 0.5979381443298969 0.9418234442836468 0.68,6196.216669975595,0.7793650793650794,56246,11 132 492 454 141 2029 7,1.0 0.3386243386243386 0.26940133037694014 0.20720299345182414 0.4845360824742268 0.50767004341534 0.4066666666666667,1036817.5871350033,0.012698412698412698,9111
resolved-p21d-c7d-3600-all/resolved-p21d-c7d-3600-1st/nsp-n10-d28-r0.10-rp0-fp0-s9,0 0 0 0 0 71 -47,0.0 0.0 0.0 0.0 0.0 0.0 0.20689655172413793,0.20689655172413793,0.5047619047619047,161,0 0 0 0 0 75 -52,0.0 0.0 0.0 0.0 0.0 0.12121212121212122 0.034482758620689655,1.2466039707419019,0.3523809523809524,132,0 0 0 0 0 75 -53,0.0 0.0 0.0 0.0 0.0 0.12121212121212122 0.0,1.2121212121212122,0.40476190476190477,120,0 0 0 0 0 104 -33,0.0 0.0 0.0 0.0 0.0 1.0 0.6896551724137931,10.689655172413794,0.13333333333333333,44,0 0 0 0 0 81 -40,0.0 0.0 0.0 0.0 0.0 0.30303030303030304 0.4482758620689655,3.4785788923719956,0.4238095238095238,10,0 0 0 0 0 104 -34,0.0 0.0 0.0 0.0 0.0 1.0 0.6551724137931034,10.655172413793103,0.13333333333333333,64,0 0 0 0 0 104 -34,0.0 0.0 0.0 0.0 0.0 1.0 0.6551724137931034,10.655172413793103,0.13333333333333333,66,0 0 0 0 0 93 -24,0.0 0.0 0.0 0.0 0.0 0.6666666666666666 1.0,7.666666666666666,0.6333333333333333,20,0 0 0 0 0 104 -34,0.0 0.0 0.0 0.0 0.0 1.0 0.6551724137931034,10.655172413793103,0.13333333333333333,52,0 0 0 0 0 104 -34,0.0 0.0 0.0 0.0 0.0 1.0 0.6551724137931034,10.655172413793103,0.13333333333333333,52,0 0 0 0 0 91 -34,0.0 0.0 0.0 0.0 0.0 0.6060606060606061 0.6551724137931034,6.715778474399164,0.5,21,0 0 0 0 0 104 -33,0.0 0.0 0.0 0.0 0.0 1.0 0.6896551724137931,10.689655172413794,0.13333333333333333,56,0 0 0 0 0 104 -34,0.0 0.0 0.0 0.0 0.0 1.0 0.6551724137931034,10.655172413793103,0.13333333333333333,181,0 0 0 0 0 91 -25,0.0 0.0 0.0 0.0 0.0 0.6060606060606061 0.9655172413793104,7.026123301985371,0.6857142857142857,43,0 0 0 0 0 104 -34,0.0 0.0 0.0 0.0 0.0 1.0 0.6551724137931034,10.655172413793103,0.13333333333333333,183,0 0 0 0 0 104 -34,0.0 0.0 0.0 0.0 0.0 1.0 0.6551724137931034,10.655172413793103,0.13333333333333333,181,0 0 0 0 0 91 -27,0.0 0.0 0.0 0.0 0.0 0.6060606060606061 0.896551724137931,6.957157784743991,0.6904761904761905,44,0 0 0 0 0 104 -34,0.0 0.0 0.0 0.0 0.0 1.0 0.6551724137931034,10.655172413793103,0.13333333333333333,183,0 0 0 0 0 93 -34,0.0 0.0 0.0 0.0 0.0 0.6666666666666666 0.6551724137931034,7.321839080459769,0.16666666666666666,38
resolved-p21d-c7d-3600-all/resolved-p21d-c7d-3600-1st/nsp-n50-d28-r0.10-rp2-fp2-s1,0 11 0 2 0 238 -223,0.0 0.022448979591836733 0.0 0.0 0.0 0.0 0.0,2244.8979591836733,0.26095238095238094,23239,0 11 0 2 0 348 -152,0.0 0.022448979591836733 0.0 0.0 0.0 0.05480817140009965 0.42771084337349397,2245.8737517410477,0.12380952380952381,23219,0 7 0 4 0 515 -140,0.0 0.014285714285714285 0.0 0.002162162162162162 0.0 0.13801694070752366 0.5,1432.6137601406658,0.07904761904761905,23458,17 10 4 4 0 425 -144,1.0 0.02040816326530612 0.0034129692832764505 0.002162162162162162 0.0 0.0931738913801694 0.4759036144578313,1002078.5158240538,0.015238095238095238,8691,10 490 813 927 75 2124 -70,0.5882352941176471 1.0 0.6936860068259386 1.0 1.0 0.9397110114598903 0.9216867469879518,696282.4729827681,0.3076190476190476,3871,9 437 1135 773 69 2063 -57,0.5294117647058824 0.8918367346938776 0.9684300341296929 0.8335135135135135 0.92 0.909317389138017 1.0,629215.345203972,0.2895238095238095,3546,17 10 4 4 0 425 -144,1.0 0.02040816326530612 0.0034129692832764505 0.002162162162162162 0.0 0.0931738913801694 0.4759036144578313,1002078.5158240538,0.015238095238095238,8691,10 490 812 927 75 2123 -70,0.5882352941176471 1.0 0.6928327645051194 1.0 1.0 0.9392127553562531 0.9216867469879518,696273.9355769989,0.3076190476190476,3872,9 437 1135 773 69 2063 -57,0.5294117647058824 0.8918367346938776 0.9684300341296929 0.8335135135135135 0.92 0.909317389138017 1.0,629215.345203972,0.2895238095238095,3546,17 10 4 4 0 425 -144,1.0 0.02040816326530612 0.0034129692832764505 0.002162162162162162 0.0 0.0931738913801694 0.4759036144578313,1002078.5158240538,0.015238095238095238,8691,10 490 813 927 75 2124 -70,0.5882352941176471 1.0 0.6936860068259386 1.0 1.0 0.9397110114598903 0.9216867469879518,696282.4729827681,0.3076190476190476,3871,11 275 1172 609 69 2245 -63,0.6470588235294118 0.5612244897959183 1.0 0.6562162162162162 0.92 1.0 0.963855421686747,713940.4525806415,0.35619047619047617,3439,17 10 4 4 0 428 -139,1.0 0.02040816326530612 0.0034129692832764505 0.002162162162162162 0.0 0.09466865969108122 0.5060240963855421,1002078.5608922188,0.015238095238095238,12617,0 0 2 3 0 560 -103,0.0 0.0 0.0017064846416382253 0.001081081081081081 0.0 0.1604384653712008 0.7228915662650602,20.473203717440402,0.6685714285714286,11705,0 0 2 2 0 1268 -78,0.0 0.0 0.0017064846416382253 0.0 0.0 0.5132037867463877 0.8734939759036144,23.070378259749745,0.44666666666666666,8373,17 10 4 4 0 428 -139,1.0 0.02040816326530612 0.0034129692832764505 0.002162162162162162 0.0 0.09466865969108122 0.5060240963855421,1002078.5608922188,0.015238095238095238,12617,0 0 2 3 0 560 -103,0.0 0.0 0.0017064846416382253 0.001081081081081081 0.0 0.1604384653712008 0.7228915662650602,20.473203717440402,0.6685714285714286,11705,0 0 2 2 0 1268 -78,0.0 0.0 0.0017064846416382253 0.0 0.0 0.5132037867463877 0.8734939759036144,23.070378259749745,0.44666666666666666,8373,17 10 4 4 0 426 -145,1.0 0.02040816326530612 0.0034129692832764505 0.002162162162162162 0.0 0.09367214748380667 0.46987951807228917,1002078.5147825185,0.015238095238095238,37078
resolved-p21d-c7d-3600-all/resolved-p21d-c7d-3600-1st/nsp-n20-d28-r0.10-rp2-fp2-s7,0 0 0 0 0 49 -96,0.0 0.0 0.0 0.0 0.0 0.05660377358490566 0.0,0.5660377358490566,0.530952380952381,376,0 0 0 0 0 46 -88,0.0 0.0 0.0 0.0 0.0 0.0 0.125,0.125,0.42142857142857143,369,0 0 0 0 0 53 -85,0.0 0.0 0.0 0.0 0.0 0.1320754716981132 0.171875,1.492629716981132,0.39285714285714285,313,0 0 0 0 0 99 -53,0.0 0.0 0.0 0.0 0.0 1.0 0.671875,10.671875,0.1738095238095238,94,0 0 0 0 0 77 -32,0.0 0.0 0.0 0.0 0.0 0.5849056603773585 1.0,6.849056603773585,0.3952380952380952,13,0 0 0 0 0 99 -54,0.0 0.0 0.0 0.0 0.0 1.0 0.65625,10.65625,0.1738095238095238,118,0 0 0 0 0 99 -54,0.0 0.0 0.0 0.0 0.0 1.0 0.65625,10.65625,0.1738095238095238,129,0 0 0 0 0 66 -35,0.0 0.0 0.0 0.0 0.0 0.37735849056603776 0.953125,4.726709905660377,0.5285714285714286,15,0 0 0 0 0 99 -54,0.0 0.0 0.0 0.0 0.0 1.0 0.65625,10.65625,0.1738095238095238,121,0 0 0 0 0 99 -54,0.0 0.0 0.0 0.0 0.0 1.0 0.65625,10.65625,0.1738095238095238,130,0 0 0 0 0 79 -34,0.0 0.0 0.0 0.0 0.0 0.6226415094339622 0.96875,7.195165094339623,0.49523809523809526,25,0 0 0 0 0 99 -54,0.0 0.0 0.0 0.0 0.0 1.0 0.65625,10.65625,0.1738095238095238,142,0 0 0 0 0 99 -54,0.0 0.0 0.0 0.0 0.0 1.0 0.65625,10.65625,0.1738095238095238,266,0 0 0 0 0 63 -45,0.0 0.0 0.0 0.0 0.0 0.32075471698113206 0.796875,4.0044221698113205,0.65,130,0 0 0 0 0 99 -54,0.0 0.0 0.0 0.0 0.0 1.0 0.65625,10.65625,0.1738095238095238,265,0 0 0 0 0 99 -54,0.0 0.0 0.0 0.0 0.0 1.0 0.65625,10.65625,0.1738095238095238,266,0 0 0 0 0 63 -45,0.0 0.0 0.0 0.0 0.0 0.32075471698113206 0.796875,4.0044221698113205,0.65,130,0 0 0 0 0 99 -54,0.0 0.0 0.0 0.0 0.0 1.0 0.65625,10.65625,0.1738095238095238,265,0 0 0 0 0 99 -43,0.0 0.0 0.0 0.0 0.0 1.0 0.828125,10.828125,0.18333333333333332,57
resolved-p21d-c7d-3600-all/resolved-p21d-c7d-3600-1st/nsp-n40-d28-r0.10-rp2-fp2-s8,0 0 0 0 0 166 -207,0.0 0.0 0.0 0.0 0.0 0.0 0.006802721088435374,0.006802721088435374,0.30714285714285716,586,0 0 0 0 0 172 -208,0.0 0.0 0.0 0.0 0.0 0.008836524300441826 0.0,0.08836524300441825,0.2976190476190476,641,0 0 0 0 0 196 -172,0.0 0.0 0.0 0.0 0.0 0.044182621502209134 0.24489795918367346,0.6867241742057648,0.2261904761904762,558,0 0 0 0 0 350 -132,0.0 0.0 0.0 0.0 0.0 0.2709867452135493 0.5170068027210885,3.2268742548565816,0.07976190476190476,235,0 0 0 0 0 334 -117,0.0 0.0 0.0 0.0 0.0 0.24742268041237114 0.6190476190476191,3.0932744231713305,0.3142857142857143,32,0 0 0 0 0 351 -114,0.0 0.0 0.0 0.0 0.0 0.27245949926362295 0.6394557823129252,3.3640507749491544,0.07976190476190476,320,0 0 0 0 0 350 -129,0.0 0.0 0.0 0.0 0.0 0.2709867452135493 0.5374149659863946,3.2472824181218876,0.07976190476190476,192,0 0 0 0 0 359 -87,0.0 0.0 0.0 0.0 0.0 0.28424153166421207 0.8231292517006803,3.665544568342801,0.3119047619047619,18,0 0 0 0 0 353 -141,0.0 0.0 0.0 0.0 0.0 0.27540500736377027 0.4557823129251701,3.2098323865628724,0.07976190476190476,343,0 0 0 0 0 345 -111,0.0 0.0 0.0 0.0 0.0 0.26362297496318116 0.6598639455782312,3.296093695210043,0.07976190476190476,279,0 0 0 0 0 387 -119,0.0 0.0 0.0 0.0 0.0 0.32547864506627394 0.6054421768707483,3.8602286275334876,0.28095238095238095,18,0 0 0 0 0 350 -125,0.0 0.0 0.0 0.0 0.0 0.2709867452135493 0.564625850340136,3.274493302475629,0.07976190476190476,269,0 0 0 0 0 845 -64,0.0 0.0 0.0 0.0 0.0 1.0 0.9795918367346939,10.979591836734693,0.37857142857142856,165,0 0 0 0 0 313 -102,0.0 0.0 0.0 0.0 0.0 0.21649484536082475 0.7210884353741497,2.8860368889823973,0.6547619047619048,219,0 0 0 0 0 660 -84,0.0 0.0 0.0 0.0 0.0 0.727540500736377 0.8435374149659864,8.118942422329756,0.26904761904761904,240,0 0 0 0 0 770 -61,0.0 0.0 0.0 0.0 0.0 0.8895434462444771 1.0,9.895434462444772,0.2833333333333333,215,0 0 0 0 0 364 -96,0.0 0.0 0.0 0.0 0.0 0.2916053019145803 0.7619047619047619,3.677957781050565,0.6702380952380952,211,0 0 0 0 0 683 -101,0.0 0.0 0.0 0.0 0.0 0.7614138438880707 0.7278911564625851,8.342029595343291,0.2571428571428571,267,0 0 0 0 0 353 -102,0.0 0.0 0.0 0.0 0.0 0.27540500736377027 0.7210884353741497,3.475138509011852,0.09047619047619047,118
resolved-p21d-c7d-3600-all/resolved-p21d-c7d-3600-1st/nsp-n10-d28-r0.10-rp0-fp0-s6,2 2 2 0 0 76 -35,0.6666666666666666 0.5 1.0 0.0 0.0 0.0 0.0,726666.6666666666,0.3523809523809524,7552,1 3 2 0 0 76 -34,0.3333333333333333 1.0 1.0 0.0 0.0 0.0 0.05263157894736842,443333.38596491225,0.4142857142857143,7594,0 1 2 0 0 77 -34,0.0 0.0 1.0 0.0 0.0 0.022727272727272728 0.05263157894736842,10000.27990430622,0.4238095238095238,7884,3 2 0 0 0 88 -24,1.0 0.5 0.0 0.0 0.0 0.2727272727272727 0.5789473684210527,1050003.3062200956,0.009523809523809525,5749,0 1 2 0 0 101 -21,0.0 0.0 1.0 0.0 0.0 0.5681818181818182 0.7368421052631579,10006.418660287081,0.4666666666666667,27376,0 1 2 0 0 111 -26,0.0 0.0 1.0 0.0 0.0 0.7954545454545454 0.47368421052631576,10008.428229665073,0.05714285714285714,14670,3 2 0 0 0 88 -24,1.0 0.5 0.0 0.0 0.0 0.2727272727272727 0.5789473684210527,1050003.3062200956,0.009523809523809525,5749,0 1 2 0 0 99 -16,0.0 0.0 1.0 0.0 0.0 0.5227272727272727 1.0,10006.227272727272,0.37142857142857144,27378,0 1 2 0 0 111 -26,0.0 0.0 1.0 0.0 0.0 0.7954545454545454 0.47368421052631576,10008.428229665073,0.05714285714285714,14670,3 2 0 0 0 88 -24,1.0 0.5 0.0 0.0 0.0 0.2727272727272727 0.5789473684210527,1050003.3062200956,0.009523809523809525,5749,0 1 2 0 0 99 -16,0.0 0.0 1.0 0.0 0.0 0.5227272727272727 1.0,10006.227272727272,0.37142857142857144,27378,0 1 2 0 0 111 -27,0.0 0.0 1.0 0.0 0.0 0.7954545454545454 0.42105263157894735,10008.375598086124,0.05714285714285714,14671,3 2 0 0 0 88 -24,1.0 0.5 0.0 0.0 0.0 0.2727272727272727 0.5789473684210527,1050003.3062200956,0.009523809523809525,73652,0 1 2 0 0 94 -24,0.0 0.0 1.0 0.0 0.0 0.4090909090909091 0.5789473684210527,10004.66985645933,0.6761904761904762,23330,0 1 2 0 0 120 -20,0.0 0.0 1.0 0.0 0.0 1.0 0.7894736842105263,10010.78947368421,0.36666666666666664,10821,3 2 0 0 0 88 -24,1.0 0.5 0.0 0.0 0.0 0.2727272727272727 0.5789473684210527,1050003.3062200956,0.009523809523809525,73652,0 1 2 0 0 94 -24,0.0 0.0 1.0 0.0 0.0 0.4090909090909091 0.5789473684210527,10004.66985645933,0.6761904761904762,23330,0 1 2 0 0 120 -24,0.0 0.0 1.0 0.0 0.0 1.0 0.5789473684210527,10010.578947368422,0.36666666666666664,10825,2 3 1 1 0 89 -24,0.6666666666666666 1.0 0.5 1.0 0.0 0.29545454545454547 0.5789473684210527,772670.2001594896,0.05714285714285714,9311
resolved-p21d-c7d-3600-all/resolved-p21d-c7d-3600-1st/nsp-n40-d28-r0.10-rp2-fp2-s4,2 13 0 0 0 151 -199,0.13333333333333333 0.03184713375796178 0.0 0.0 0.0 0.0 0.0,136518.04670912953,0.3238095238095238,28036,2 13 0 0 0 204 -159,0.13333333333333333 0.03184713375796178 0.0 0.0 0.0 0.016449410304158908 0.12698412698412698,136518.33818735954,0.1630952380952381,28164,2 13 0 1 0 223 -160,0.13333333333333333 0.03184713375796178 0.0 0.0012077294685990338 0.0 0.0223463687150838 0.12380952380952381,136519.60171180908,0.16071428571428573,28105,15 13 1 3 0 265 -128,1.0 0.03184713375796178 0.0010604453870625664 0.0036231884057971015 0.0 0.035381750465549346 0.2253968253968254,1003199.5202324026,0.02023809523809524,18743,3 306 855 606 53 1529 -44,0.2 0.964968152866242 0.9066808059384942 0.7318840579710145 0.5578947368421052 0.4276846679081316 0.49206349206349204,306356.0657878355,0.3011904761904762,2424,5 317 562 514 46 1463 -61,0.3333333333333333 1.0 0.5959703075291622 0.6207729468599034 0.4842105263157895 0.40720049658597146 0.4380952380952381,439966.7405083204,0.2357142857142857,3240,15 13 1 3 0 265 -128,1.0 0.03184713375796178 0.0010604453870625664 0.0036231884057971015 0.0 0.035381750465549346 0.2253968253968254,1003199.5202324026,0.02023809523809524,18743,3 306 855 606 53 1529 -44,0.2 0.964968152866242 0.9066808059384942 0.7318840579710145 0.5578947368421052 0.4276846679081316 0.49206349206349204,306356.0657878355,0.3011904761904762,2424,2 233 700 639 73 1470 5,0.13333333333333333 0.732484076433121 0.7423117709437964 0.7717391304347826 0.7684210526315789 0.409373060211049 0.6476190476190476,214858.18127143107,0.4119047619047619,3324,15 13 1 3 0 265 -128,1.0 0.03184713375796178 0.0010604453870625664 0.0036231884057971015 0.0 0.035381750465549346 0.2253968253968254,1003199.5202324026,0.02023809523809524,18743,3 306 856 606 53 1530 -44,0.2 0.964968152866242 0.9077412513255567 0.7318840579710145 0.5578947368421052 0.42799503414028556 0.49206349206349204,306366.6733453685,0.3011904761904762,2423,2 233 700 639 73 1472 3,0.13333333333333333 0.732484076433121 0.7423117709437964 0.7717391304347826 0.7684210526315789 0.4099937926753569 0.6412698412698413,214858.18112954937,0.4119047619047619,3323,9 121 943 811 74 3327 116,0.6 0.37579617834394907 1.0 0.9794685990338164 0.7789473684210526 0.9857231533209186 1.0,648647.838401804,0.55,43339,0 3 0 37 0 772 -33,0.0 0.0 0.0 0.04468599033816425 0.0 0.19273743016759776 0.526984126984127,47.14034876682435,0.6821428571428572,38930,0 3 244 448 95 2502 21,0.0 0.0 0.25874867444326616 0.5410628019323671 1.0 0.7296710117939168 0.6984126984126984,3236.5446691813804,0.6714285714285714,42461,11 86 927 828 60 3373 108,0.7333333333333333 0.2643312101910828 0.9830328738069989 1.0 0.631578947368421 1.0 0.9746031746031746,770670.915588423,0.55,39740,0 3 0 189 10 834 10,0.0 0.0 0.0 0.22826086956521738 0.10526315789473684 0.21198013656114215 0.6634920634920635,241.57047878379456,0.6857142857142857,36959,0 3 238 443 95 2467 24,0.0 0.0 0.2523860021208908 0.535024154589372 1.0 0.7188081936685289 0.707936507936508,3166.780194242902,0.6714285714285714,42581,15 13 1 3 0 263 -128,1.0 0.03184713375796178 0.0010604453870625664 0.0036231884057971015 0.0 0.03476101800124146 0.2253968253968254,1003199.514025078,0.02023809523809524,22088
resolved-p21d-c7d-3600-all/resolved-p21d-c7d-3600-1st/nsp-n10-d28-r0.10-rp0-fp0-s8,0 1 0 2 0 78 -35,0.0 0.0 0.0 0.0 0.0 0.0 0.043478260869565216,0.043478260869565216,0.3523809523809524,11744,0 1 0 2 0 78 -34,0.0 0.0 0.0 0.0 0.0 0.0 0.08695652173913043,0.08695652173913043,0.4095238095238095,11753,0 1 0 2 0 82 -36,0.0 0.0 0.0 0.0 0.0 0.13333333333333333 0.0,1.3333333333333333,0.4,11746,3 1 0 2 0 93 -17,1.0 0.0 0.0 0.0 0.0 0.5 0.8260869565217391,1000005.8260869565,0.02857142857142857,3459,0 1 0 2 0 97 -13,0.0 0.0 0.0 0.0 0.0 0.6333333333333333 1.0,7.333333333333333,0.2761904761904762,21517,0 1 0 2 0 108 -20,0.0 0.0 0.0 0.0 0.0 1.0 0.6956521739130435,10.695652173913043,0.06190476190476191,13560,3 1 0 2 0 93 -18,1.0 0.0 0.0 0.0 0.0 0.5 0.782608695652174,1000005.7826086957,0.02857142857142857,3460,0 1 0 2 0 95 -16,0.0 0.0 0.0 0.0 0.0 0.5666666666666667 0.8695652173913043,6.536231884057971,0.3952380952380952,20843,0 1 0 2 0 102 -19,0.0 0.0 0.0 0.0 0.0 0.8 0.7391304347826086,8.73913043478261,0.06190476190476191,16064,3 1 0 2 0 93 -19,1.0 0.0 0.0 0.0 0.0 0.5 0.7391304347826086,1000005.7391304348,0.02857142857142857,3461,0 1 0 2 0 95 -16,0.0 0.0 0.0 0.0 0.0 0.5666666666666667 0.8695652173913043,6.536231884057971,0.3952380952380952,20843,0 1 0 2 0 102 -20,0.0 0.0 0.0 0.0 0.0 0.8 0.6956521739130435,8.695652173913043,0.06190476190476191,16065,3 1 0 2 0 91 -19,1.0 0.0 0.0 0.0 0.0 0.43333333333333335 0.7391304347826086,1000005.0724637681,0.02857142857142857,1763,0 1 0 2 0 98 -24,0.0 0.0 0.0 0.0 0.0 0.6666666666666666 0.5217391304347826,7.188405797101448,0.5952380952380952,63031,0 1 0 2 0 102 -20,0.0 0.0 0.0 0.0 0.0 0.8 0.6956521739130435,8.695652173913043,0.06190476190476191,37401,3 1 0 2 0 89 -20,1.0 0.0 0.0 0.0 0.0 0.36666666666666664 0.6956521739130435,1000004.3623188406,0.02857142857142857,1767,0 1 0 2 0 98 -24,0.0 0.0 0.0 0.0 0.0 0.6666666666666666 0.5217391304347826,7.188405797101448,0.5952380952380952,63031,0 1 0 2 0 102 -20,0.0 0.0 0.0 0.0 0.0 0.8 0.6956521739130435,8.695652173913043,0.06190476190476191,37401,0 3 0 2 0 87 -22,0.0 1.0 0.0 0.0 0.0 0.3 0.6086956521739131,100003.60869565218,0.07142857142857142,11959
resolved-p21d-c7d-3600-all/resolved-p21d-c7d-3600-1st/nsp-n50-d28-r0.10-rp2-fp2-s6,1 11 2 1 0 224 -226,0.047619047619047616 0.013996889580093312 0.0 0.0007390983000739098 0.0 0.0 0.0,49019.475675357025,0.2914285714285714,9070,1 11 2 54 1 520 -149,0.047619047619047616 0.013996889580093312 0.0 0.03991130820399113 0.004739336492890996 0.04658482845451684 0.19743589743589743,49059.78510309221,0.1219047619047619,11382,1 11 3 186 1 666 -170,0.047619047619047616 0.013996889580093312 0.0004452359750667854 0.13747228381374724 0.004739336492890996 0.06956248032735285 0.14358974358974358,49161.974368817515,0.08190476190476191,9686,18 10 3 3 0 370 -149,0.8571428571428571 0.012441679626749611 0.0004452359750667854 0.0022172949002217295 0.0 0.02297765187283601 0.19743589743589743,858394.1219725991,0.017142857142857144,32118,8 645 799 692 48 1927 -84,0.38095238095238093 1.0 0.354853072128228 0.5114560236511456 0.22748815165876776 0.26802014479068303 0.3641025641025641,485038.1608164923,0.35333333333333333,2981,11 485 955 708 52 1789 -107,0.5238095238095238 0.7511664074650077 0.42430988423864646 0.5232815964523282 0.24644549763033174 0.24630154233553667 0.30512820512820515,603719.9576882549,0.24285714285714285,3121,18 10 3 3 0 370 -149,0.8571428571428571 0.012441679626749611 0.0004452359750667854 0.0022172949002217295 0.0 0.02297765187283601 0.19743589743589743,858394.1219725991,0.017142857142857144,32118,10 437 874 789 46 1975 -121,0.47619047619047616 0.6765163297045101 0.38824577025823687 0.5831485587583148 0.21800947867298578 0.2755744412968209 0.2692307692307692,548332.5413453174,0.319047619047619,2885,11 467 1079 756 43 1829 -107,0.5238095238095238 0.7231726283048211 0.4795191451469279 0.5587583148558758 0.2037914691943128 0.2525967894239849 0.30512820512820515,601503.9466493499,0.23809523809523808,3132,18 10 3 3 0 370 -149,0.8571428571428571 0.012441679626749611 0.0004452359750667854 0.0022172949002217295 0.0 0.02297765187283601 0.19743589743589743,858394.1219725991,0.017142857142857144,32118,8 645 799 692 48 1927 -84,0.38095238095238093 1.0 0.354853072128228 0.5114560236511456 0.22748815165876776 0.26802014479068303 0.3641025641025641,485038.1608164923,0.35333333333333333,2981,11 467 1079 756 43 1829 -107,0.5238095238095238 0.7231726283048211 0.4795191451469279 0.5587583148558758 0.2037914691943128 0.2525967894239849 0.30512820512820515,601503.9466493499,0.23809523809523808,3132,21 124 2120 1217 70 6578 153,1.0 0.18973561430793157 0.9430097951914514 0.8994826311899483 0.33175355450236965 1.0 0.9717948717948718,1029347.2891642196,0.5723809523809524,28895,2 185 1486 1353 209 4612 104,0.09523809523809523 0.2846034214618974 0.6607301869991096 1.0 0.990521327014218 0.6905886056027699 0.8461538461538461,131412.54342687968,0.7,26543,0 2 2 0 0 1053 -123,0.0 0.0 0.0 0.0 0.0 0.13046899590808939 0.2641025641025641,1.5687925231834579,0.4266666666666667,20133,18 157 2248 1200 68 6494 164,0.8571428571428571 0.2410575427682737 1.0 0.8869179600886918 0.3222748815165877 0.9867799811142587 1.0,892178.6246677359,0.5723809523809524,29907,2 164 1464 1260 211 4560 87,0.09523809523809523 0.25194401244167963 0.6509349955476402 0.9312638580931264 1.0 0.6824047843877872 0.8025641025641026,127980.73690777917,0.7,33113,0 2 2 0 0 1239 -108,0.0 0.0 0.0 0.0 0.0 0.15974189486937362 0.30256410256410254,1.8999830512578388,0.3638095238095238,20155,18 10 3 3 0 362 -150,0.8571428571428571 0.012441679626749611 0.0004452359750667854 0.0022172949002217295 0.0 0.021718602455146365 0.19487179487179487,858394.1068180023,0.017142857142857144,19450
resolved-p21d-c7d-3600-all/resolved-p21d-c7d-3600-1st/nsp-n40-d28-r0.10-rp2-fp2-s5,2 32 77 190 37 1421 -55,0.13333333333333333 0.0 0.0 0.0 0.0 0.0 0.0,133333.33333333334,0.4726190476190476,11835,2 91 346 468 75 2385 -48,0.13333333333333333 0.11545988258317025 0.19338605319913732 0.18325642715886617 0.25 0.7626582278481012 0.0603448275862069,147029.12547790667,0.2511904761904762,11558,2 153 421 524 89 2327 -48,0.13333333333333333 0.23679060665362034 0.24730409777138748 0.22017139090309823 0.34210526315789475 0.7167721518987342 0.0603448275862069,159747.0449599747,0.17142857142857143,10244,15 274 447 504 107 1924 -13,1.0 0.4735812133072407 0.26599568655643424 0.2069874752801582 0.4605263157894737 0.39794303797468356 0.3620689655172414,1050275.4598024928,0.02023809523809524,7773,4 538 1199 1511 174 2685 53,0.26666666666666666 0.9902152641878669 0.8066139468008627 0.8707976268951879 0.9013157894736842 1.0 0.9310344827586207,374726.19279378734,0.18571428571428572,3025,0 516 1226 1589 185 2373 35,0.0 0.9471624266144814 0.8260244428468727 0.9222148978246539 0.9736842105263158 0.7531645569620253 0.7758620689655172,104004.37791643273,0.14047619047619048,3378,15 274 447 504 107 1924 -12,1.0 0.4735812133072407 0.26599568655643424 0.2069874752801582 0.4605263157894737 0.39794303797468356 0.3706896551724138,1050275.4684231824,0.02023809523809524,7772,4 520 1296 1534 145 2629 32,0.26666666666666666 0.9549902152641878 0.8763479511143063 0.8859591298615689 0.7105263157894737 0.9556962025316456 0.75,371896.4864276944,0.18333333333333332,3161,0 516 1226 1589 185 2373 35,0.0 0.9471624266144814 0.8260244428468727 0.9222148978246539 0.9736842105263158 0.7531645569620253 0.7758620689655172,104004.37791643273,0.14047619047619048,3378,15 274 447 504 107 1924 -13,1.0 0.4735812133072407 0.26599568655643424 0.2069874752801582 0.4605263157894737 0.39794303797468356 0.3620689655172414,1050275.4598024928,0.02023809523809524,7773,1 536 1177 1607 136 2289 29,0.06666666666666667 0.9863013698630136 0.7907979870596693 0.9340804218852999 0.6513157894736842 0.6867088607594937 0.7241379310344828,174211.58675093603,0.28095238095238095,5247,1 543 1468 1707 189 2564 36,0.06666666666666667 1.0 1.0 1.0 1.0 0.9042721518987342 0.7844827586206896,177776.49387094428,0.2119047619047619,3353,15 274 494 453 103 2080 -4,1.0 0.4735812133072407 0.299784327821711 0.17336849044166117 0.4342105263157895 0.5213607594936709 0.4396551724137931,1050578.4074147819,0.02023809523809524,21032,1 509 807 1063 138 1616 50,0.06666666666666667 0.9334637964774951 0.5248023005032351 0.5754779169413315 0.6644736842105263 0.15427215189873417 0.9051724137931034,165905.44249874368,0.7702380952380953,25943,2 492 986 1034 157 1811 61,0.13333333333333333 0.9001956947162426 0.6534867002156722 0.5563612392880686 0.7894736842105263 0.30854430379746833 1.0,230527.16385786142,0.775,22964,15 274 487 458 106 2091 -6,1.0 0.4735812133072407 0.29475197699496763 0.17666446934739619 0.45394736842105265 0.5300632911392406 0.4224137931034483,1050533.4233535677,0.02023809523809524,21104,1 491 880 1068 128 1653 61,0.06666666666666667 0.898238747553816 0.5772825305535586 0.5787738958470666 0.5986842105263158 0.18354430379746836 1.0,162904.84448752154,0.7726190476190476,27531,2 492 986 1033 157 1817 61,0.13333333333333333 0.9001956947162426 0.6534867002156722 0.5557020435069215 0.7894736842105263 0.31329113924050633 1.0,230526.5521304347,0.775,22965,15 275 552 377 106 2267 -22,1.0 0.4755381604696673 0.34148094895758446 0.12326961107448912 0.45394736842105265 0.6693037974683544 0.28448275862068967,1051144.2674051924,0.02023809523809524,17159
resolved-p21d-c7d-3600-all/resolved-p21d-c7d-3600-1st/nsp-n20-d28-r0.10-rp2-fp2-s0,0 0 0 0 0 55 -79,0.0 0.0 0.0 0.0 0.0 0.0211864406779661 0.24285714285714285,0.4547215496368039,0.2904761904761905,284,0 0 0 0 0 50 -93,0.0 0.0 0.0 0.0 0.0 0.0 0.04285714285714286,0.04285714285714286,0.30952380952380953,300,0 0 0 0 0 53 -96,0.0 0.0 0.0 0.0 0.0 0.012711864406779662 0.0,0.1271186440677966,0.29285714285714287,295,0 0 0 0 0 90 -82,0.0 0.0 0.0 0.0 0.0 0.1694915254237288 0.2,1.894915254237288,0.09047619047619047,115,0 0 0 0 0 80 -45,0.0 0.0 0.0 0.0 0.0 0.1271186440677966 0.7285714285714285,1.9997578692493945,0.31666666666666665,19,0 0 0 0 0 90 -82,0.0 0.0 0.0 0.0 0.0 0.1694915254237288 0.2,1.894915254237288,0.09047619047619047,82,0 0 0 0 0 90 -82,0.0 0.0 0.0 0.0 0.0 0.1694915254237288 0.2,1.894915254237288,0.09047619047619047,91,0 0 0 0 0 90 -52,0.0 0.0 0.0 0.0 0.0 0.1694915254237288 0.6285714285714286,2.3234866828087166,0.34523809523809523,22,0 0 0 0 0 90 -82,0.0 0.0 0.0 0.0 0.0 0.1694915254237288 0.2,1.894915254237288,0.09047619047619047,86,0 0 0 0 0 90 -82,0.0 0.0 0.0 0.0 0.0 0.1694915254237288 0.2,1.894915254237288,0.09047619047619047,102,0 0 0 0 0 85 -30,0.0 0.0 0.0 0.0 0.0 0.1483050847457627 0.9428571428571428,2.4259079903147702,0.29285714285714287,11,0 0 0 0 0 90 -82,0.0 0.0 0.0 0.0 0.0 0.1694915254237288 0.2,1.894915254237288,0.09047619047619047,102,0 0 0 0 0 286 -26,0.0 0.0 0.0 0.0 0.0 1.0 1.0,11.0,0.36904761904761907,72,0 0 0 0 0 76 -29,0.0 0.0 0.0 0.0 0.0 0.11016949152542373 0.9571428571428572,2.0588377723970943,0.5904761904761905,149,0 0 0 0 0 203 -39,0.0 0.0 0.0 0.0 0.0 0.6483050847457628 0.8142857142857143,7.297336561743342,0.2714285714285714,157,0 0 0 0 0 286 -26,0.0 0.0 0.0 0.0 0.0 1.0 1.0,11.0,0.36904761904761907,72,0 0 0 0 0 76 -29,0.0 0.0 0.0 0.0 0.0 0.11016949152542373 0.9571428571428572,2.0588377723970943,0.5904761904761905,149,0 0 0 0 0 203 -39,0.0 0.0 0.0 0.0 0.0 0.6483050847457628 0.8142857142857143,7.297336561743342,0.2714285714285714,157,0 0 0 0 0 90 -66,0.0 0.0 0.0 0.0 0.0 0.1694915254237288 0.42857142857142855,2.1234866828087164,0.09047619047619047,80
resolved-p21d-c7d-3600-all/resolved-p21d-c7d-3600-1st/nsp-n10-d28-r0.10-rp0-fp0-s1,0 1 0 1 0 66 -40,0.0 0.0 0.0 0.3333333333333333 0.0 0.0 0.2727272727272727,333.60606060606057,0.5523809523809524,7428,0 1 0 0 0 71 -46,0.0 0.0 0.0 0.0 0.0 0.047619047619047616 0.0,0.47619047619047616,0.4,11798,0 1 0 0 0 71 -40,0.0 0.0 0.0 0.0 0.0 0.047619047619047616 0.2727272727272727,0.7489177489177489,0.45714285714285713,11792,8 1 1 0 0 75 -29,1.0 0.0 1.0 0.0 0.0 0.08571428571428572 0.7727272727272727,1010001.6298701299,0.009523809523809525,4044,0 1 0 0 0 90 -32,0.0 0.0 0.0 0.0 0.0 0.22857142857142856 0.6363636363636364,2.922077922077922,0.49523809523809526,22396,0 1 0 0 0 98 -29,0.0 0.0 0.0 0.0 0.0 0.3047619047619048 0.7727272727272727,3.820346320346321,0.19523809523809524,16046,8 1 1 0 0 77 -29,1.0 0.0 1.0 0.0 0.0 0.10476190476190476 0.7727272727272727,1010001.8203463204,0.009523809523809525,4043,0 1 0 0 0 90 -31,0.0 0.0 0.0 0.0 0.0 0.22857142857142856 0.6818181818181818,2.9675324675324672,0.49047619047619045,22395,0 1 0 0 0 98 -29,0.0 0.0 0.0 0.0 0.0 0.3047619047619048 0.7727272727272727,3.820346320346321,0.19523809523809524,16046,8 1 1 0 0 77 -29,1.0 0.0 1.0 0.0 0.0 0.10476190476190476 0.7727272727272727,1010001.8203463204,0.009523809523809525,4043,0 1 0 0 0 90 -31,0.0 0.0 0.0 0.0 0.0 0.22857142857142856 0.6818181818181818,2.9675324675324672,0.49047619047619045,22395,0 1 0 0 0 98 -29,0.0 0.0 0.0 0.0 0.0 0.3047619047619048 0.7727272727272727,3.820346320346321,0.19523809523809524,16046,8 1 1 0 0 75 -29,1.0 0.0 1.0 0.0 0.0 0.08571428571428572 0.7727272727272727,1010001.6298701299,0.009523809523809525,2696,0 1 0 0 0 89 -30,0.0 0.0 0.0 0.0 0.0 0.21904761904761905 0.7272727272727273,2.917748917748918,0.5952380952380952,56970,0 1 0 0 0 171 -24,0.0 0.0 0.0 0.0 0.0 1.0 1.0,11.0,0.5095238095238095,28928,8 1 1 0 0 76 -30,1.0 0.0 1.0 0.0 0.0 0.09523809523809523 0.7272727272727273,1010001.6796536796,0.009523809523809525,2695,0 1 0 0 0 89 -30,0.0 0.0 0.0 0.0 0.0 0.21904761904761905 0.7272727272727273,2.917748917748918,0.5952380952380952,56970,0 1 0 0 0 171 -24,0.0 0.0 0.0 0.0 0.0 1.0 1.0,11.0,0.5095238095238095,28928,0 1 0 3 0 92 -27,0.0 0.0 0.0 1.0 0.0 0.24761904761904763 0.8636363636363636,1003.3398268398269,0.18571428571428572,20941
resolved-p21d-c7d-3600-all/resolved-p21d-c7d-3600-1st/nsp-n30-d28-r0.10-rp2-fp2-s6,2 33 2 3 0 168 -105,0.16666666666666666 0.0 0.0 0.0 0.0 0.0 0.0,166666.66666666666,0.638095238095238,19065,2 33 132 194 39 1155 -49,0.16666666666666666 0.0 0.13131313131313133 0.1737943585077343 0.23353293413173654 0.5183823529411765 0.37333333333333335,168182.50278858162,0.2841269841269841,17905,2 37 213 260 71 1497 -50,0.16666666666666666 0.013333333333333334 0.21313131313131314 0.2338489535941765 0.4251497005988024 0.6980042016806722 0.36666666666666664,170415.02376365065,0.20952380952380953,16843,12 119 364 264 101 1639 -28,1.0 0.2866666666666667 0.3656565656565657 0.23748862602365786 0.6047904191616766 0.7725840336134454 0.5133333333333333,1032629.4391648417,0.01746031746031746,5425,0 188 764 820 167 2000 -2,0.0 0.5166666666666667 0.7696969696969697 0.7434030937215651 1.0 0.9621848739495799 0.6866666666666666,60217.347972764095,0.08888888888888889,5132,0 217 737 833 158 1776 10,0.0 0.6133333333333333 0.7424242424242424 0.7552320291173794 0.9461077844311377 0.8445378151260504 0.7666666666666667,69616.63060995417,0.08571428571428572,3908,12 119 364 268 101 1651 -27,1.0 0.2866666666666667 0.3656565656565657 0.2411282984531392 0.6047904191616766 0.7788865546218487 0.52,1032633.1485291478,0.01746031746031746,3700,0 188 765 839 163 2072 11,0.0 0.5166666666666667 0.7707070707070707 0.7606915377616015 0.9760479041916168 1.0 0.7733333333333333,60242.80703525148,0.08888888888888889,5130,0 221 755 829 155 1838 14,0.0 0.6266666666666667 0.7606060606060606 0.7515923566878981 0.9281437125748503 0.8771008403361344 0.7933333333333333,71126.69834240935,0.08571428571428572,3903,12 119 364 261 101 1661 -21,1.0 0.2866666666666667 0.3656565656565657 0.23475887170154686 0.6047904191616766 0.7841386554621849 0.56,1032626.8716234047,0.01746031746031746,3740,0 188 764 820 167 2000 -2,0.0 0.5166666666666667 0.7696969696969697 0.7434030937215651 1.0 0.9621848739495799 0.6866666666666666,60217.347972764095,0.08888888888888889,5132,0 247 779 962 164 1870 19,0.0 0.7133333333333334 0.7848484848484848 0.8726114649681529 0.9820359281437125 0.8939075630252101 0.8266666666666667,80162.39898189764,0.11428571428571428,3894,12 119 364 266 101 1650 -27,1.0 0.2866666666666667 0.3656565656565657 0.23930846223839855 0.6047904191616766 0.7783613445378151 0.52,1032631.3234408323,0.01746031746031746,11631,0 333 951 1069 153 1513 45,0.0 1.0 0.9585858585858585 0.9699727024567789 0.9161676646706587 0.7064075630252101 1.0,110655.51213041268,0.7634920634920634,22974,0 312 798 969 156 1595 40,0.0 0.93 0.804040404040404 0.8789808917197452 0.9341317365269461 0.7494747899159664 0.9666666666666667,102021.25952034231,0.7714285714285715,21708,12 119 364 266 101 1650 -27,1.0 0.2866666666666667 0.3656565656565657 0.23930846223839855 0.6047904191616766 0.7783613445378151 0.52,1032631.3234408323,0.01746031746031746,11631,0 317 992 1102 166 1597 32,0.0 0.9466666666666667 1.0 1.0 0.9940119760479041 0.7505252100840336 0.9133333333333333,105774.48644970564,0.7873015873015873,23500,0 308 785 1065 136 1650 42,0.0 0.9166666666666666 0.7909090909090909 0.9663330300272975 0.8143712574850299 0.7783613445378151 0.98,100632.29134497874,0.7777777777777778,21940,12 119 364 262 101 1632 -31,1.0 0.2866666666666667 0.3656565656565657 0.2356687898089172 0.6047904191616766 0.7689075630252101 0.49333333333333335,1032627.562563921,0.01746031746031746,10050
resolved-p21d-c7d-3600-all/resolved-p21d-c7d-3600-1st/nsp-n20-d28-r0.10-rp2-fp2-s5,0 1 4 1 0 61 -59,0.0 0.0 0.0 0.002347417840375587 0.0 0.0 0.16101694915254236,2.5084347895281294,0.3976190476190476,18350,0 1 6 2 0 71 -78,0.0 0.0 0.0024479804161566705 0.004694835680751174 0.0 0.005274261603375527 0.0,29.227382458351634,0.37857142857142856,18238,0 1 4 1 0 73 -66,0.0 0.0 0.0 0.002347417840375587 0.0 0.006329113924050633 0.1016949152542373,2.5124038948703307,0.3761904761904762,18008,10 5 4 6 0 78 -35,1.0 0.12121212121212122 0.0 0.014084507042253521 0.0 0.008966244725738396 0.3644067796610169,1012135.7506974813,0.011904761904761904,26394,0 21 668 399 133 1895 18,0.0 0.6060606060606061 0.8127294981640147 0.9366197183098591 0.7388888888888889 0.9672995780590717 0.8135593220338984,69754.35075000212,0.6666666666666666,55797,0 2 9 182 24 558 18,0.0 0.030303030303030304 0.006119951040391677 0.4272300469483568 0.13333333333333333 0.2621308016877637 0.8135593220338984,3535.500788327549,0.4666666666666667,51927,10 5 4 6 0 78 -35,1.0 0.12121212121212122 0.0 0.014084507042253521 0.0 0.008966244725738396 0.3644067796610169,1012135.7506974813,0.011904761904761904,26394,0 34 821 426 180 1771 25,0.0 1.0 1.0 1.0 1.0 0.9018987341772152 0.8728813559322034,111109.8918686977,0.6428571428571429,45529,0 2 11 203 35 570 22,0.0 0.030303030303030304 0.008567931456548347 0.4765258215962441 0.19444444444444445 0.26845991561181437 0.847457627118644,3615.4846676924394,0.5166666666666667,51467,10 5 4 6 0 78 -35,1.0 0.12121212121212122 0.0 0.014084507042253521 0.0 0.008966244725738396 0.3644067796610169,1012135.7506974813,0.011904761904761904,26394,0 24 712 394 173 1857 30,0.0 0.696969696969697 0.8665850673194615 0.9248826291079812 0.9611111111111111 0.9472573839662447 0.9152542372881356,79394.20193846035,0.6642857142857143,53792,0 1 37 111 21 438 15,0.0 0.0 0.04039167686658507 0.2605633802816901 0.11666666666666667 0.19883966244725737 0.788135593220339,678.9233478319004,0.35714285714285715,52895,4 15 370 261 121 1957 29,0.4 0.42424242424242425 0.4479804161566707 0.6126760563380281 0.6722222222222223 1.0 0.9067796610169492,447594.8516440304,0.4142857142857143,79816,0 1 4 0 0 87 -25,0.0 0.0 0.0 0.0 0.0 0.013713080168776372 0.4491525423728814,0.5862833440606451,0.6261904761904762,30656,0 1 4 0 0 139 -6,0.0 0.0 0.0 0.0 0.0 0.04113924050632911 0.6101694915254238,1.021561896588715,0.23095238095238096,22374,6 19 389 244 104 1922 40,0.6 0.5454545454545454 0.47123623011015914 0.5727699530516432 0.5777777777777777 0.9815400843881856 1.0,659899.1799782295,0.4095238095238095,81245,0 1 4 0 0 87 -25,0.0 0.0 0.0 0.0 0.0 0.013713080168776372 0.4491525423728814,0.5862833440606451,0.6261904761904762,30656,0 1 4 0 0 132 -11,0.0 0.0 0.0 0.0 0.0 0.037447257383966245 0.5677966101694916,0.942269184009154,0.23095238095238096,22390,8 6 4 6 0 80 -35,0.8 0.15151515151515152 0.0 0.014084507042253521 0.0 0.010021097046413503 0.3644067796610169,815166.0642763076,0.016666666666666666,22058
resolved-p21d-c7d-3600-all/resolved-p21d-c7d-3600-1st/nsp-n40-d28-r0.10-rp2-fp2-s6,0 6 0 0 0 161 -172,0.0 0.0 0.0 0.0 0.0 0.0 0.0,0.0,0.29642857142857143,15551,0 9 0 0 0 169 -126,0.0 0.008771929824561403 0.0 0.0 0.0 0.001639344262295082 0.1625441696113074,877.3719200683745,0.22857142857142856,15366,0 9 0 0 0 196 -126,0.0 0.008771929824561403 0.0 0.0 0.0 0.007172131147540984 0.1625441696113074,877.427247937227,0.17023809523809524,15040,11 9 0 4 0 228 -127,1.0 0.008771929824561403 0.0 0.003125 0.0 0.01372950819672131 0.15901060070671377,1000880.6142881388,0.01904761904761905,17360,2 182 668 403 61 1238 -82,0.18181818181818182 0.5146198830409356 0.2648691514670896 0.31484375 0.15844155844155844 0.2206967213114754 0.31802120141342755,236262.07453120497,0.2261904761904762,1670,3 348 794 611 38 1442 -65,0.2727272727272727 1.0 0.3148295003965107 0.47734375 0.0987012987012987 0.2625 0.37809187279151946,376365.7847029807,0.3357142857142857,1338,11 9 0 4 0 228 -132,1.0 0.008771929824561403 0.0 0.003125 0.0 0.01372950819672131 0.1413427561837456,1000880.5966202943,0.01904761904761905,17361,2 182 669 381 60 1256 -83,0.18181818181818182 0.5146198830409356 0.26526566217287867 0.29765625 0.15584415584415584 0.22438524590163936 0.31448763250883394,236248.62574968013,0.2261904761904762,1669,3 348 793 611 38 1442 -65,0.2727272727272727 1.0 0.31443298969072164 0.47734375 0.0987012987012987 0.2625 0.37809187279151946,376361.81959592283,0.3357142857142857,1339,11 9 0 4 0 228 -132,1.0 0.008771929824561403 0.0 0.003125 0.0 0.01372950819672131 0.1413427561837456,1000880.5966202943,0.01904761904761905,17361,2 182 668 403 61 1238 -82,0.18181818181818182 0.5146198830409356 0.2648691514670896 0.31484375 0.15844155844155844 0.2206967213114754 0.31802120141342755,236262.07453120497,0.2261904761904762,1670,3 348 794 611 38 1442 -65,0.2727272727272727 1.0 0.3148295003965107 0.47734375 0.0987012987012987 0.2625 0.37809187279151946,376365.7847029807,0.3357142857142857,1338,11 116 1219 610 89 3693 85,1.0 0.3216374269005848 0.48334655035685964 0.4765625 0.23116883116883116 0.7237704918032787 0.9081272084805654,1037505.0334088705,0.5595238095238095,39436,0 88 2522 1280 385 5041 6,0.0 0.23976608187134502 1.0 1.0 1.0 1.0 0.6289752650176679,35087.23716239952,0.7857142857142857,33202,0 69 911 722 137 3502 70,0.0 0.18421052631578946 0.3612212529738303 0.5640625 0.35584415584415585 0.6846311475409836 0.8551236749116607,22640.613512051987,0.694047619047619,41682,9 141 1254 585 103 3696 111,0.8181818181818182 0.39473684210526316 0.4972244250594766 0.45703125 0.2675324675324675 0.7243852459016393 1.0,863119.7749921515,0.5523809523809524,42941,0 87 2454 1272 352 4773 2,0.0 0.23684210526315788 0.9730372720063442 0.99375 0.9142857142857143 0.9450819672131148 0.6148409893992933,34509.82747846933,0.7845238095238095,34365,0 69 916 728 137 3510 71,0.0 0.18421052631578946 0.36320380650277556 0.56875 0.35584415584415585 0.6862704918032787 0.8586572438162544,22665.14647435297,0.694047619047619,41534,11 9 0 4 0 223 -127,1.0 0.008771929824561403 0.0 0.003125 0.0 0.012704918032786885 0.15901060070671377,1000880.6040422372,0.01904761904761905,13950
resolved-p21d-c7d-3600-all/resolved-p21d-c7d-3600-1st/nsp-n30-d28-r0.10-rp2-fp2-s1,0 0 4 1 0 123 -149,0.0 0.0 0.0 0.0 0.0 0.0 0.0,0.0,0.4873015873015873,19558,0 3 4 3 0 227 -59,0.0 0.01935483870967742 0.0 0.003484320557491289 0.0 0.057777777777777775 0.5142857142857142,1940.0602550172966,0.34444444444444444,19314,0 3 4 20 0 358 -49,0.0 0.01935483870967742 0.0 0.033101045296167246 0.0 0.13055555555555556 0.5714285714285714,1970.4619003908933,0.24603174603174602,18843,13 3 7 93 17 783 -38,1.0 0.01935483870967742 0.006726457399103139 0.1602787456445993 0.14782608695652175 0.36666666666666664 0.6342857142857142,1002182.11075168,0.014285714285714285,3987,0 112 412 513 115 1873 2,0.0 0.7225806451612903 0.9147982062780269 0.89198606271777 1.0 0.9722222222222222 0.8628571428571429,82408.61772099214,0.3111111111111111,4763,0 155 450 575 78 1755 -3,0.0 1.0 1.0 1.0 0.6782608695652174 0.9066666666666666 0.8342857142857143,111077.72703933748,0.3142857142857143,3045,13 3 7 93 17 783 -32,1.0 0.01935483870967742 0.006726457399103139 0.1602787456445993 0.14782608695652175 0.36666666666666664 0.6685714285714286,1002182.1450373942,0.014285714285714285,3986,0 112 412 513 115 1873 2,0.0 0.7225806451612903 0.9147982062780269 0.89198606271777 1.0 0.9722222222222222 0.8628571428571429,82408.61772099214,0.3111111111111111,4763,0 109 249 359 55 1393 -5,0.0 0.7032258064516129 0.5493273542600897 0.6236933797909407 0.4782608695652174 0.7055555555555556 0.8228571428571428,76495.25206720806,0.40634920634920635,3099,13 3 7 93 17 783 -38,1.0 0.01935483870967742 0.006726457399103139 0.1602787456445993 0.14782608695652175 0.36666666666666664 0.6342857142857142,1002182.11075168,0.014285714285714285,3987,0 101 326 374 65 1923 -10,0.0 0.6516129032258065 0.7219730941704036 0.6498257839721254 0.5652173913043478 1.0 0.7942857142857143,73098.16307310153,0.30793650793650795,4767,0 109 249 359 55 1393 -5,0.0 0.7032258064516129 0.5493273542600897 0.6236933797909407 0.4782608695652174 0.7055555555555556 0.8228571428571428,76495.25206720806,0.40634920634920635,3099,13 3 7 93 17 783 -30,1.0 0.01935483870967742 0.006726457399103139 0.1602787456445993 0.14782608695652175 0.36666666666666664 0.68,1002182.1564659657,0.014285714285714285,5863,0 0 36 188 34 1007 15,0.0 0.0 0.07174887892376682 0.32578397212543553 0.2956521739130435 0.4911111111111111 0.9371428571428572,1078.686232722662,0.7111111111111111,21441,0 0 14 125 9 742 26,0.0 0.0 0.02242152466367713 0.21602787456445993 0.0782608695652174 0.3438888888888889 1.0,452.50809704664186,0.6301587301587301,20951,13 3 7 93 17 783 -30,1.0 0.01935483870967742 0.006726457399103139 0.1602787456445993 0.14782608695652175 0.36666666666666664 0.68,1002182.1564659657,0.014285714285714285,5863,0 0 9 196 48 870 6,0.0 0.0 0.011210762331838564 0.3397212543554007 0.41739130434782606 0.415 0.8857142857142857,498.60372239428324,0.6698412698412698,22152,0 0 25 204 42 996 19,0.0 0.0 0.04708520179372197 0.35365853658536583 0.3652173913043478 0.485 0.96,866.8422936530203,0.6396825396825396,18992,13 3 7 93 17 784 -41,1.0 0.01935483870967742 0.006726457399103139 0.1602787456445993 0.14782608695652175 0.3672222222222222 0.6171428571428571,1002182.0991643784,0.014285714285714285,14580
resolved-p21d-c7d-3600-all/resolved-p21d-c7d-3600-1st/nsp-n50-d28-r0.10-rp2-fp2-s0,0 38 902 486 141 3667 -90,0.0 0.0 0.0 0.0 0.0 0.0 0.11851851851851852,0.11851851851851852,0.27904761904761904,7762,0 96 1530 984 187 4775 -106,0.0 0.1 0.24294003868471953 0.2597809076682316 0.21800947867298578 0.3785445848992142 0.0,12714.767688231717,0.1380952380952381,9611,0 127 1615 1010 181 4534 -98,0.0 0.15344827586206897 0.2758220502901354 0.2733437663015128 0.1895734597156398 0.2962077212162624 0.05925925925925926,18398.37053785275,0.10285714285714286,9278,17 191 1592 638 174 3886 -54,1.0 0.2637931034482759 0.26692456479690524 0.0792905581637976 0.15639810426540285 0.07482063546293133 0.3851851851851852,1029144.6197529268,0.014285714285714285,5434,10 523 2627 2044 216 4006 -8,0.5882352941176471 0.8362068965517241 0.6673114119922631 0.8127282211789254 0.35545023696682465 0.1158182439357704 0.725925925925926,679379.255245983,0.26095238095238094,4317,12 457 3487 2009 295 5354 -31,0.7058823529411765 0.7224137931034482 1.0 0.7944705268648931 0.7298578199052133 0.5763580457806627 0.5555555555555556,788997.5076963902,0.21428571428571427,4428,17 191 1592 638 174 3886 -54,1.0 0.2637931034482759 0.26692456479690524 0.0792905581637976 0.15639810426540285 0.07482063546293133 0.3851851851851852,1029144.6197529268,0.014285714285714285,5434,9 476 2796 1922 232 4313 -38,0.5294117647058824 0.7551724137931034 0.732688588007737 0.7490871152842984 0.4312796208530806 0.22070379227878373 0.5037037037037037,613050.8177842662,0.3038095238095238,4328,12 457 3486 2009 295 5354 -31,0.7058823529411765 0.7224137931034482 0.9996131528046421 0.7944705268648931 0.7298578199052133 0.5763580457806627 0.5555555555555556,788993.6392244365,0.21428571428571427,4429,17 191 1592 638 174 3886 -54,1.0 0.2637931034482759 0.26692456479690524 0.0792905581637976 0.15639810426540285 0.07482063546293133 0.3851851851851852,1029144.6197529268,0.014285714285714285,5434,8 618 3117 2403 252 4495 3,0.47058823529411764 1.0 0.8568665377176016 1.0 0.5260663507109005 0.2828834984625897 0.8074074074074075,580213.1435487568,0.3038095238095238,4406,12 457 3486 2009 295 5354 -31,0.7058823529411765 0.7224137931034482 0.9996131528046421 0.7944705268648931 0.7298578199052133 0.5763580457806627 0.5555555555555556,788993.6392244365,0.21428571428571427,4429,17 191 1609 725 189 3923 -52,1.0 0.2637931034482759 0.2735009671179884 0.12467396974439228 0.22748815165876776 0.08746156474205671 0.4,1029263.0174165652,0.014285714285714285,18844,0 161 2628 1345 311 6071 -22,0.0 0.2120689655172414 0.6676982591876209 0.4480959833072509 0.8056872037914692 0.8213187564058764 0.6222222222222222,28421.379257073026,0.7657142857142857,22149,0 302 2881 1185 249 4978 29,0.0 0.45517241379310347 0.7655705996131528 0.3646322378716745 0.5118483412322274 0.447898872565767 1.0,53594.24343616243,0.76,13288,17 191 1776 789 207 4309 -26,1.0 0.2637931034482759 0.3381044487427466 0.15805946791862285 0.3127962085308057 0.2193372053296891 0.5925925925925926,1029952.4798856727,0.014285714285714285,17370,1 144 2439 1273 352 6594 4,0.058823529411764705 0.18275862068965518 0.5945841392649903 0.41053729786124155 1.0 1.0 0.8148148148148148,83566.58498605619,0.7714285714285715,22077,0 303 2886 1188 251 4992 26,0.0 0.45689655172413796 0.767504835589942 0.36619718309859156 0.5213270142180095 0.45268192688759823 0.9777777777777777,53788.53800988026,0.76,13164,17 191 1668 933 189 4117 -84,1.0 0.2637931034482759 0.29632495164410055 0.23317683881064163 0.22748815165876776 0.15374103177314657 0.16296296296296298,1029600.1858885258,0.014285714285714285,14789
resolved-p21d-c7d-3600-all/resolved-p21d-c7d-3600-1st/nsp-n50-d28-r0.10-rp2-fp2-s9,0 0 0 0 0 193 -250,0.0 0.0 0.0 0.0 0.0 0.0 0.0,0.0,0.3485714285714286,825,0 0 0 0 0 247 -191,0.0 0.0 0.0 0.0 0.0 0.054 0.3597560975609756,0.8997560975609756,0.2733333333333333,591,0 0 0 0 0 345 -151,0.0 0.0 0.0 0.0 0.0 0.152 0.6036585365853658,2.1236585365853657,0.22,508,0 0 0 0 0 705 -108,0.0 0.0 0.0 0.0 0.0 0.512 0.8658536585365854,5.985853658536586,0.11047619047619048,37,0 0 0 0 0 522 -137,0.0 0.0 0.0 0.0 0.0 0.329 0.6890243902439024,3.9790243902439024,0.38285714285714284,16,0 0 0 0 0 643 -111,0.0 0.0 0.0 0.0 0.0 0.45 0.8475609756097561,5.347560975609756,0.12285714285714286,49,0 0 0 0 0 680 -107,0.0 0.0 0.0 0.0 0.0 0.487 0.8719512195121951,5.741951219512195,0.12095238095238095,58,0 0 0 0 0 411 -158,0.0 0.0 0.0 0.0 0.0 0.218 0.5609756097560976,2.7409756097560978,0.3180952380952381,21,0 0 0 0 0 735 -123,0.0 0.0 0.0 0.0 0.0 0.542 0.774390243902439,6.194390243902439,0.11619047619047619,89,0 0 0 0 0 685 -117,0.0 0.0 0.0 0.0 0.0 0.492 0.8109756097560976,5.730975609756097,0.11904761904761904,61,0 0 0 0 0 515 -129,0.0 0.0 0.0 0.0 0.0 0.322 0.7378048780487805,3.9578048780487807,0.3514285714285714,20,0 0 0 0 0 788 -102,0.0 0.0 0.0 0.0 0.0 0.595 0.9024390243902439,6.852439024390243,0.1219047619047619,64,0 0 0 0 0 1193 -86,0.0 0.0 0.0 0.0 0.0 1.0 1.0,11.0,0.34,202,0 0 0 0 0 378 -142,0.0 0.0 0.0 0.0 0.0 0.185 0.6585365853658537,2.508536585365854,0.6666666666666666,176,0 0 0 0 0 1114 -95,0.0 0.0 0.0 0.0 0.0 0.921 0.9451219512195121,10.155121951219513,0.27714285714285714,306,0 0 0 0 0 1193 -86,0.0 0.0 0.0 0.0 0.0 1.0 1.0,11.0,0.34,202,0 0 0 0 0 378 -142,0.0 0.0 0.0 0.0 0.0 0.185 0.6585365853658537,2.508536585365854,0.6666666666666666,176,0 0 0 0 0 1114 -95,0.0 0.0 0.0 0.0 0.0 0.921 0.9451219512195121,10.155121951219513,0.27714285714285714,306,0 0 0 0 0 515 -116,0.0 0.0 0.0 0.0 0.0 0.322 0.8170731707317073,4.037073170731707,0.1019047619047619,45
