,lnps-10-org-obj,lnps-10-nrm-obj,lnps-10-obj,lnps-10-diff,lnps-10-freq,lnps-30-org-obj,lnps-30-nrm-obj,lnps-30-obj,lnps-30-diff,lnps-30-freq,lnps-60-org-obj,lnps-60-nrm-obj,lnps-60-obj,lnps-60-diff,lnps-60-freq,mp-is1-p-hi-org-obj,mp-is1-p-hi-nrm-obj,mp-is1-p-hi-obj,mp-is1-p-hi-diff,mp-is1-p-hi-freq,mp-is1-p-low-org-obj,mp-is1-p-low-nrm-obj,mp-is1-p-low-obj,mp-is1-p-low-diff,mp-is1-p-low-freq,mp-is1-p-mid-org-obj,mp-is1-p-mid-nrm-obj,mp-is1-p-mid-obj,mp-is1-p-mid-diff,mp-is1-p-mid-freq,mp-is10-p-hi-org-obj,mp-is10-p-hi-nrm-obj,mp-is10-p-hi-obj,mp-is10-p-hi-diff,mp-is10-p-hi-freq,mp-is10-p-low-org-obj,mp-is10-p-low-nrm-obj,mp-is10-p-low-obj,mp-is10-p-low-diff,mp-is10-p-low-freq,mp-is10-p-mid-org-obj,mp-is10-p-mid-nrm-obj,mp-is10-p-mid-obj,mp-is10-p-mid-diff,mp-is10-p-mid-freq,mp-is100-p-hi-org-obj,mp-is100-p-hi-nrm-obj,mp-is100-p-hi-obj,mp-is100-p-hi-diff,mp-is100-p-hi-freq,mp-is100-p-low-org-obj,mp-is100-p-low-nrm-obj,mp-is100-p-low-obj,mp-is100-p-low-diff,mp-is100-p-low-freq,mp-is100-p-mid-org-obj,mp-is100-p-mid-nrm-obj,mp-is100-p-mid-obj,mp-is100-p-mid-diff,mp-is100-p-mid-freq,mp-p-hi-org-obj,mp-p-hi-nrm-obj,mp-p-hi-obj,mp-p-hi-diff,mp-p-hi-freq,mp-p-low-org-obj,mp-p-low-nrm-obj,mp-p-low-obj,mp-p-low-diff,mp-p-low-freq,mp-p-mid-org-obj,mp-p-mid-nrm-obj,mp-p-mid-obj,mp-p-mid-diff,mp-p-mid-freq,mp-ps-p-hi-org-obj,mp-ps-p-hi-nrm-obj,mp-ps-p-hi-obj,mp-ps-p-hi-diff,mp-ps-p-hi-freq,mp-ps-p-low-org-obj,mp-ps-p-low-nrm-obj,mp-ps-p-low-obj,mp-ps-p-low-diff,mp-ps-p-low-freq,mp-ps-p-mid-org-obj,mp-ps-p-mid-nrm-obj,mp-ps-p-mid-obj,mp-ps-p-mid-diff,mp-ps-p-mid-freq,ps-org-obj,ps-nrm-obj,ps-obj,ps-diff,ps-freq
resolved-p14d-c14d-3600-1st/nsp-n50-d28-r0.10-rp2-fp2-s8,30 102 3853 4625 153 8695 -225,0.0 0.08888888888888889 0.0024279210925644916 0.9990725712960816 1.0 0.8142989786443825 0.0,10020.38366089706,0.01,578,30 102 3856 4625 153 8697 -225,0.0 0.08888888888888889 0.002883156297420334 0.9990725712960816 1.0 0.8161559888579387 0.0,10024.954583047753,0.01,577,30 102 3857 4629 153 8701 -224,0.0 0.08888888888888889 0.0030349013657056147 1.0 1.0 0.819870009285051 0.004219409282700422,10027.440822048078,0.01,575,30 101 3987 4107 153 8831 -196,0.0 0.08148148148148149 0.02276176024279211 0.8789705541386506 1.0 0.9405756731662024 0.12236286919831224,9364.264424315581,0.01,48,30 102 3853 4533 153 8696 -205,0.0 0.08888888888888889 0.0024279210925644916 0.9777417111059588 1.0 0.8152274837511606 0.08438818565400844,9999.146473943658,0.01,620,30 102 3856 4521 153 8692 -209,0.0 0.08888888888888889 0.002883156297420334 0.9749594249942035 1.0 0.8115134633240483 0.06751054852320675,10000.862522039059,0.01,595,30 101 4011 4140 153 8873 -194,0.0 0.08148148148148149 0.026403641881638847 0.8866218409459773 1.0 0.9795728876508821 0.1308016877637131,9408.732938474786,0.01,41,30 102 3852 4553 153 8699 -204,0.0 0.08888888888888889 0.002276176024279211 0.9823788546255506 1.0 0.8180129990714949 0.08860759493670886,10002.298241342884,0.01,625,30 102 3852 4517 153 8696 -206,0.0 0.08888888888888889 0.002276176024279211 0.9740319962902851 1.0 0.8152274837511606 0.08016877637130802,9993.915089035849,0.01,633,30 101 4026 4068 153 8895 -196,0.0 0.08148148148148149 0.02867981790591806 0.8699281242754463 1.0 1.0 0.12236286919831224,9414.996814351975,0.01,38,30 102 3853 4557 153 8704 -207,0.0 0.08888888888888889 0.0024279210925644916 0.983306283329469 1.0 0.8226555246053854 0.0759493670886076,10004.776887757145,0.01,616,30 102 3853 4587 153 8709 -207,0.0 0.08888888888888889 0.0024279210925644916 0.990261998608857 1.0 0.8272980501392758 0.0759493670886076,10011.779028291872,0.01,613,74 215 10427 932 41 7863 -2,1.0 0.9259259259259259 1.0 0.14282402040343148 0.2112676056338028 0.04178272980501393 0.9409282700421941,1102757.9021291274,0.5685714285714286,267,32 94 9747 391 14 7818 1,0.045454545454545456 0.02962962962962963 0.8968133535660091 0.017389288198469743 0.02112676056338028 0.0 0.9535864978902954,57406.097503921206,0.8128571428571428,546,30 109 9172 326 13 7879 -67,0.0 0.14074074074074075 0.8095599393019727 0.002318571759795966 0.014084507042253521 0.056638811513463325 0.6666666666666666,22174.633544339624,0.8128571428571428,537,73 225 10353 960 42 7908 12,0.9772727272727273 1.0 0.9887708649468893 0.1493160213308602 0.21830985915492956 0.08356545961002786 1.0,1087333.4185840387,0.5542857142857143,286,33 90 9822 394 13 7857 2,0.06818181818181818 0.0 0.9081942336874052 0.018084859726408532 0.014084507042253521 0.036211699164345405 0.9578059071729957,77284.57375202168,0.8128571428571428,523,30 110 9450 316 11 7879 -67,0.0 0.14814814814814814 0.8517450682852807 0.0 0.0 0.056638811513463325 0.6666666666666666,23333.498552449422,0.8128571428571428,519,30 102 3837 4454 153 8615 -187,0.0 0.08888888888888889 0.0 0.9594249942035706 1.0 0.7400185701021356 0.16033755274261605,9955.874406346224,0.01,586
resolved-p14d-c14d-3600-1st/nsp-n30-d28-r0.10-rp2-fp2-s5,13 4 689 3345 8 2427 -86,0.5652173913043478 0.09302325581395349 0.03138373751783167 0.13176895306859207 1.0 0.11319770474700053 0.17391304347826086,575066.629104081,0.01904761904761905,1222,13 4 691 3374 8 2430 -78,0.5652173913043478 0.09302325581395349 0.034236804564907276 0.13438628158844765 1.0 0.11476264997391758 0.2318840579710145,575097.8507235383,0.01904761904761905,1178,13 4 692 3360 8 2429 -80,0.5652173913043478 0.09302325581395349 0.03566333808844508 0.13312274368231047 1.0 0.11424100156494522 0.21739130434782608,575110.8328116299,0.01904761904761905,1149,15 4 738 3167 8 2493 -64,0.6521739130434783 0.09302325581395349 0.10128388017118402 0.11570397111913358 1.0 0.1476264997391758 0.3333333333333333,662706.5909960354,0.01904761904761905,22,13 4 687 3305 8 2422 -78,0.5652173913043478 0.09302325581395349 0.028530670470756064 0.12815884476534295 1.0 0.11058946270213876 0.2318840579710145,575034.5202139011,0.01904761904761905,1046,13 4 667 3372 8 2401 -74,0.5652173913043478 0.09302325581395349 0.0 0.1342057761732852 1.0 0.09963484611371935 0.2608695652173913,574755.1798799428,0.01904761904761905,1181,15 4 738 3167 8 2493 -64,0.6521739130434783 0.09302325581395349 0.10128388017118402 0.11570397111913358 1.0 0.1476264997391758 0.3333333333333333,662706.5909960354,0.01904761904761905,22,13 4 669 3306 8 2401 -74,0.5652173913043478 0.09302325581395349 0.0028530670470756064 0.12824909747292418 1.0 0.09963484611371935 0.2608695652173913,574777.7538717132,0.01904761904761905,1164,13 4 669 3310 8 2401 -77,0.5652173913043478 0.09302325581395349 0.0028530670470756064 0.1286101083032491 1.0 0.09963484611371935 0.2391304347826087,574778.0931434131,0.01904761904761905,1163,15 4 738 3167 8 2493 -64,0.6521739130434783 0.09302325581395349 0.10128388017118402 0.11570397111913358 1.0 0.1476264997391758 0.3333333333333333,662706.5909960354,0.01904761904761905,22,13 4 670 3305 8 2411 -75,0.5652173913043478 0.09302325581395349 0.0042796005706134095 0.12815884476534295 1.0 0.10485133020344288 0.2536231884057971,574791.973872705,0.01904761904761905,1150,13 4 685 3299 8 2442 -78,0.5652173913043478 0.09302325581395349 0.025677603423680456 0.1276173285198556 1.0 0.1210224308815858 0.2318840579710145,575005.5523568665,0.01904761904761905,1060,23 43 757 1885 8 2210 27,1.0 1.0 0.12838801711840228 0.0 1.0 0.0 0.9927536231884058,1101384.8729248072,0.01904761904761905,550,0 0 1368 12192 0 4102 -96,0.0 0.0 1.0 0.9302346570397112 0.0 0.9869587897756912 0.10144927536231885,10940.205694212831,0.6428571428571429,197,0 0 1352 12965 0 4127 -110,0.0 0.0 0.9771754636233951 1.0 0.0 1.0 0.0,10781.75463623395,0.6452380952380953,167,23 42 756 1887 8 2210 28,1.0 0.9767441860465116 0.12696148359486448 0.00018050541516245486 1.0 0.0 1.0,1099045.2139460149,0.01904761904761905,557,0 0 1368 12192 0 4102 -98,0.0 0.0 1.0 0.9302346570397112 0.0 0.9869587897756912 0.08695652173913043,10940.191201459207,0.6476190476190476,200,0 0 1352 12965 0 4127 -110,0.0 0.0 0.9771754636233951 1.0 0.0 1.0 0.0,10781.75463623395,0.6452380952380953,167,13 4 674 3363 8 2416 -77,0.5652173913043478 0.09302325581395349 0.009985734664764621 0.13339350180505416 1.0 0.10745957224830464 0.2391304347826087,574854.281460353,0.01904761904761905,1337
resolved-p14d-c14d-3600-1st/nsp-n40-d28-r0.10-rp2-fp2-s1,20 7 1140 4385 2 3606 -197,1.0 0.17647058823529413 0.007686932215234102 0.02070542915613338 1.0 0.0 0.7230769230769231,1017845.356651761,0.010714285714285714,773,20 7 1140 4378 2 3606 -199,1.0 0.17647058823529413 0.007686932215234102 0.02028409774888648 1.0 0.0 0.6923076923076923,1017844.9045511229,0.010714285714285714,778,20 7 1140 4385 2 3606 -200,1.0 0.17647058823529413 0.007686932215234102 0.02070542915613338 1.0 0.0 0.676923076923077,1017845.3104979148,0.010714285714285714,774,20 7 1156 4153 1 3720 -190,1.0 0.17647058823529413 0.018867924528301886 0.006741302515950403 0.5 0.03027084439723845 0.8307692307692308,1017893.6128490032,0.010714285714285714,475,20 7 1131 4460 2 3674 -204,1.0 0.17647058823529413 0.001397624039133473 0.02521969423377874 1.0 0.018056293149229952 0.6153846153846154,1017787.0507057013,0.010714285714285714,653,20 7 1129 4539 2 3683 -204,1.0 0.17647058823529413 0.0 0.029974720115565186 1.0 0.020446096654275093 0.6153846153846154,1017777.853389227,0.010714285714285714,668,20 7 1156 4153 1 3722 -191,1.0 0.17647058823529413 0.018867924528301886 0.006741302515950403 0.5 0.030801911842804036 0.8153846153846154,1017893.6027750622,0.010714285714285714,474,20 7 1129 4539 2 3683 -204,1.0 0.17647058823529413 0.0 0.029974720115565186 1.0 0.020446096654275093 0.6153846153846154,1017777.853389227,0.010714285714285714,668,20 7 1129 4543 1 3680 -203,1.0 0.17647058823529413 0.0 0.030215480919706272 0.5 0.01964949548592671 0.6307692307692307,1017728.1015686347,0.010714285714285714,666,20 7 1156 4153 1 3720 -190,1.0 0.17647058823529413 0.018867924528301886 0.006741302515950403 0.5 0.03027084439723845 0.8307692307692308,1017893.6128490032,0.010714285714285714,475,20 7 1129 4538 2 3683 -203,1.0 0.17647058823529413 0.0 0.029914529914529916 1.0 0.020446096654275093 0.6307692307692307,1017777.8085836413,0.010714285714285714,669,20 7 1131 4561 1 3680 -208,1.0 0.17647058823529413 0.001397624039133473 0.03129890453834116 0.5 0.01964949548592671 0.5538461538461539,1017743.0843095678,0.010714285714285714,600,17 21 2560 17365 0 7251 -186,0.25 1.0 1.0 0.8019742385939569 0.0 0.967870419543282 0.8923076923076924,360812.5452504817,0.6267857142857143,718,16 4 2549 20655 0 7372 -244,0.0 0.0 0.9923130677847659 1.0 0.0 1.0 0.0,10933.13067784766,0.6339285714285714,262,16 4 2527 20540 0 7334 -241,0.0 0.0 0.9769392033542977 0.9930781268809438 0.0 0.9899097185342538 0.046153846153846156,10772.415411455419,0.6285714285714286,385,17 16 2555 17501 0 7258 -191,0.25 0.7058823529411765 0.9965059399021663 0.8101601059347538 0.0 0.9697291556027615 0.8153846153846154,331373.9674752455,0.6285714285714286,690,16 4 2549 20655 0 7372 -244,0.0 0.0 0.9923130677847659 1.0 0.0 1.0 0.0,10933.13067784766,0.6339285714285714,262,16 4 2527 20540 0 7334 -241,0.0 0.0 0.9769392033542977 0.9930781268809438 0.0 0.9899097185342538 0.046153846153846156,10772.415411455419,0.6285714285714286,385,19 7 1156 4041 2 3652 -179,0.75 0.17647058823529413 0.018867924528301886 0.0 1.0 0.012214551248008496 1.0,767936.8602143249,0.010714285714285714,900
resolved-p14d-c14d-3600-1st/nsp-n30-d28-r0.10-rp2-fp2-s4,14 13 593 3218 1 1869 -115,1.0 1.0 0.01182033096926714 0.035158549920094206 0.5 0.03415559772296015 0.027777777777777776,1100203.7311933679,0.02857142857142857,854,14 13 592 3269 1 1885 -116,1.0 1.0 0.010638297872340425 0.039448229455799476 0.5 0.040227703984819736 0.0,1100196.233485219,0.02857142857142857,857,14 13 593 3219 1 1870 -115,1.0 1.0 0.01182033096926714 0.03524266128353941 0.5 0.03453510436432638 0.027777777777777776,1100203.8190997976,0.02857142857142857,852,12 13 662 2828 0 1922 -100,0.3333333333333333 1.0 0.0933806146572104 0.0023551181764656405 0.0 0.05426944971537002 0.4444444444444444,434270.4817370235,0.02857142857142857,525,13 13 612 3205 0 1838 -106,0.6666666666666666 1.0 0.034278959810874705 0.03406510219530658 0.0 0.022390891840607212 0.2777777777777778,767044.0230536668,0.02857142857142857,573,13 13 628 3248 1 1880 -108,0.6666666666666666 1.0 0.05319148936170213 0.03768189082345025 0.5 0.038330170777988615 0.2222222222222222,767286.8689750371,0.02857142857142857,565,12 13 662 2800 0 1913 -102,0.3333333333333333 1.0 0.0933806146572104 0.0 0.0 0.05085388994307401 0.3888888888888889,434268.0369076937,0.02857142857142857,537,13 13 629 3235 0 1884 -109,0.6666666666666666 1.0 0.054373522458628844 0.03658844309866263 0.0 0.03984819734345351 0.19444444444444445,767247.5832607695,0.02857142857142857,561,14 13 624 3197 1 1867 -104,1.0 1.0 0.04846335697399527 0.03339221128774497 0.5 0.0333965844402277 0.3333333333333333,1100568.6930802055,0.02857142857142857,504,12 13 662 2873 0 1960 -100,0.3333333333333333 1.0 0.0933806146572104 0.006140129531499706 0.0 0.06869070208728653 0.4444444444444444,434274.4109609022,0.02857142857142857,503,13 13 647 3286 1 1924 -109,0.6666666666666666 1.0 0.07565011820330969 0.0408781226343679 0.5 0.05502846299810247 0.19444444444444445,767514.7907004085,0.02857142857142857,547,13 13 629 3235 0 1884 -109,0.6666666666666666 1.0 0.054373522458628844 0.03658844309866263 0.0 0.03984819734345351 0.19444444444444445,767247.5832607695,0.02857142857142857,561,12 5 1405 13970 0 4238 -80,0.3333333333333333 0.1111111111111111 0.9716312056737588 0.9395239296829001 0.0 0.9332068311195446 1.0,355110.6124991761,0.65,200,11 4 1397 14593 0 4325 -107,0.0 0.0 0.9621749408983451 0.9919253091092607 0.0 0.966223908918406 0.25,10623.586957181895,0.65,1309,11 4 1429 14538 0 4399 -111,0.0 0.0 1.0 0.9872991841197746 0.0 0.9943074003795066 0.1388888888888889,10997.381147012458,0.638095238095238,706,12 5 1405 13970 0 4233 -81,0.3333333333333333 0.1111111111111111 0.9716312056737588 0.9395239296829001 0.0 0.9313092979127134 0.9722222222222222,355110.5657460663,0.65,202,11 4 1396 14689 2 4337 -108,0.0 0.0 0.9609929078014184 1.0 1.0 0.9707779886148008 0.2222222222222222,10719.859080122555,0.6523809523809524,1355,11 4 1425 14544 0 4414 -100,0.0 0.0 0.9952718676122931 0.9878038523004458 0.0 1.0 0.4444444444444444,10950.966972867822,0.6476190476190476,732,14 13 583 2858 0 1779 -113,1.0 1.0 0.0 0.004878459079821684 0.0 0.0 0.08333333333333333,1100004.9617924131,0.02857142857142857,865
resolved-p14d-c14d-3600-1st/nsp-n10-d28-r0.10-rp0-fp0-s5,4 1 53 746 0 343 -44,1.0 0.05 0.39344262295081966 0.8151071025930101 0.0 0.36259541984732824 0.05172413793103448,1009753.2110104376,0.02142857142857143,3570,4 1 53 706 0 345 -41,1.0 0.05 0.39344262295081966 0.770011273957159 0.0 0.366412213740458 0.10344827586206896,1009708.2050738786,0.02142857142857143,3636,4 1 53 713 0 343 -47,1.0 0.05 0.39344262295081966 0.7779030439684329 0.0 0.36259541984732824 0.0,1009715.9552276751,0.02142857142857143,3626,3 1 69 559 0 389 -25,0.75 0.05 0.5245901639344263 0.6042841037204059 0.0 0.45038167938931295 0.3793103448275862,760855.0688702033,0.02142857142857143,1621,2 4 73 592 1 396 -23,0.5 0.2 0.5573770491803278 0.6414881623449831 0.25 0.4637404580152672 0.41379310344827586,526245.3098518319,0.35,3878,1 20 117 899 0 422 -11,0.25 1.0 0.9180327868852459 0.9875986471251409 0.0 0.5133587786259542 0.6206896551724138,360173.680793419,0.24285714285714285,3721,3 1 69 623 0 390 -24,0.75 0.05 0.5245901639344263 0.6764374295377678 0.0 0.45229007633587787 0.39655172413793105,760927.2585213695,0.02142857142857143,1600,2 4 73 568 1 396 -24,0.5 0.2 0.5573770491803278 0.6144306651634723 0.25 0.4637404580152672 0.39655172413793105,526218.235113271,0.35,3882,1 20 114 899 0 437 -15,0.25 1.0 0.8934426229508197 0.9875986471251409 0.0 0.5419847328244275 0.5517241379310345,359927.9964480995,0.24285714285714285,3729,3 1 69 703 0 390 -24,0.75 0.05 0.5245901639344263 0.7666290868094702 0.0 0.45229007633587787 0.39655172413793105,761017.4501786412,0.02142857142857143,1590,2 4 74 569 1 394 -25,0.5 0.2 0.5655737704918032 0.6155580608793687 0.25 0.4599236641221374 0.3793103448275862,526301.2743127835,0.34285714285714286,3871,1 20 127 882 0 424 -20,0.25 1.0 1.0 0.9684329199549042 0.0 0.517175572519084 0.46551724137931033,360974.0701929215,0.24285714285714285,3687,2 0 5 23 0 154 -22,0.5 0.0 0.0 0.0 0.0 0.0019083969465648854 0.43103448275862066,500000.45011845225,0.02142857142857143,2289,0 0 60 338 2 600 9,0.0 0.0 0.45081967213114754 0.3551296505073281 0.5 0.8530534351145038 0.9655172413793104,4922.822423411329,0.6857142857142857,1819,0 0 76 899 3 676 5,0.0 0.0 0.5819672131147541 0.9875986471251409 0.75 0.9980916030534351 0.896551724137931,6893.148246027355,0.6142857142857143,1743,2 0 6 47 1 153 -30,0.5 0.0 0.00819672131147541 0.02705749718151071 0.25 0.0 0.29310344827586204,500134.31781374454,0.02142857142857143,2236,0 0 56 336 1 578 11,0.0 0.0 0.4180327868852459 0.3528748590755355 0.25 0.8110687022900763 1.0,4567.313414950895,0.6857142857142857,1966,0 0 76 910 4 677 3,0.0 0.0 0.5819672131147541 1.0 1.0 1.0 0.8620689655172413,6930.534200113058,0.6142857142857143,1695,4 1 45 814 0 319 -44,1.0 0.05 0.32786885245901637 0.8917700112739572 0.0 0.31679389312977096 0.05172413793103448,1009173.6781989334,0.02142857142857143,4021
resolved-p14d-c14d-3600-1st/nsp-n10-d28-r0.10-rp0-fp0-s0,5 32 3 13 0 181 -20,1.0 0.19607843137254902 0.125 0.013513513513513514 0.0 0.3790322580645161 0.2,1020875.3469733491,0.02142857142857143,3165,5 33 1 12 0 156 -23,1.0 0.21568627450980393 0.041666666666666664 0.0 0.0 0.1774193548387097 0.0,1021987.0683111955,0.02142857142857143,2946,5 32 2 14 0 164 -17,1.0 0.19607843137254902 0.08333333333333333 0.02702702702702703 0.0 0.24193548387096775 0.4,1020471.022852454,0.02142857142857143,3248,2 26 18 38 1 205 -19,0.0 0.0784313725490196 0.75 0.35135135135135137 0.25 0.5725806451612904 0.26666666666666666,15725.481079371591,0.02142857142857143,2304,4 46 2 13 0 134 -18,0.6666666666666666 0.47058823529411764 0.08333333333333333 0.013513513513513514 0.0 0.0 0.3333333333333333,714572.6703762586,0.02142857142857143,3458,4 47 2 13 0 153 -16,0.6666666666666666 0.49019607843137253 0.08333333333333333 0.013513513513513514 0.0 0.1532258064516129 0.4666666666666667,716535.1202813819,0.02142857142857143,2970,2 28 14 72 1 145 -21,0.0 0.11764705882352941 0.5833333333333334 0.8108108108108109 0.25 0.08870967741935484 0.13333333333333333,18434.87045660461,0.02142857142857143,2508,4 47 1 21 0 155 -16,0.6666666666666666 0.49019607843137253 0.041666666666666664 0.12162162162162163 0.0 0.1693548387096774 0.4666666666666667,716226.723013146,0.02142857142857143,3115,4 46 3 13 0 144 -17,0.6666666666666666 0.47058823529411764 0.125 0.013513513513513514 0.0 0.08064516129032258 0.4,714990.2101612048,0.02142857142857143,3410,2 30 14 60 4 194 -23,0.0 0.1568627450980392 0.5833333333333334 0.6486486486486487 1.0 0.4838709677419355 0.0,22273.095201463322,0.02142857142857143,2072,4 46 4 15 0 145 -19,0.6666666666666666 0.47058823529411764 0.16666666666666666 0.04054054054054054 0.0 0.08870967741935484 0.26666666666666666,715433.8511667264,0.02142857142857143,3382,4 46 3 14 0 150 -18,0.6666666666666666 0.47058823529411764 0.125 0.02702702702702703 0.0 0.12903225806451613 0.3333333333333333,715004.1408790194,0.02142857142857143,3395,5 22 17 82 2 186 -16,1.0 0.0 0.7083333333333334 0.9459459459459459 0.5 0.41935483870967744 0.4666666666666667,1008083.939494333,0.02142857142857143,1986,4 73 0 15 2 231 -20,0.6666666666666666 1.0 0.0 0.04054054054054054 0.5 0.782258064516129 0.2,766765.2297878524,0.65,3279,4 66 0 18 3 236 -8,0.6666666666666666 0.8627450980392157 0.0 0.08108108108108109 0.75 0.8225806451612904 1.0,753106.4833581209,0.5714285714285714,3300,5 23 21 86 2 187 -14,1.0 0.0196078431372549 0.875 1.0 0.5 0.4274193548387097 0.6,1011765.6585072739,0.02142857142857143,1943,4 72 0 30 4 258 -18,0.6666666666666666 0.9803921568627451 0.0 0.24324324324324326 1.0 1.0 0.3333333333333333,765059.4589295177,0.6428571428571429,3357,4 66 0 17 3 239 -9,0.6666666666666666 0.8627450980392157 0.0 0.06756756756756757 0.75 0.8467741935483871 0.9333333333333333,753093.1451134246,0.5714285714285714,3307,3 38 24 33 1 205 -17,0.3333333333333333 0.3137254901960784 1.0 0.28378378378378377 0.25 0.5725806451612904 0.4,375020.79194317653,0.02142857142857143,3346
resolved-p14d-c14d-3600-1st/nsp-n30-d28-r0.10-rp2-fp2-s9,18 105 5 61 5 287 -61,0.0 0.0 0.027472527472527472 0.07142857142857142 0.29411764705882354 0.005934718100890208 0.19402985074626866,375.8189878914837,0.009523809523809525,975,18 105 5 62 5 292 -60,0.0 0.0 0.027472527472527472 0.075 0.29411764705882354 0.013353115727002967 0.208955223880597,379.4795258123077,0.009523809523809525,933,18 105 5 57 5 283 -63,0.0 0.0 0.027472527472527472 0.05714285714285714 0.29411764705882354 0.0 0.16417910447761194,361.44407567849186,0.009523809523809525,998,23 134 10 60 1 561 -56,0.38461538461538464 0.17791411042944785 0.054945054945054944 0.06785714285714285 0.058823529411764705 0.4124629080118694 0.26865671641791045,403034.3789893748,0.009523809523809525,932,21 120 4 46 0 309 -74,0.23076923076923078 0.09202453987730061 0.02197802197802198 0.017857142857142856 0.0 0.03857566765578635 0.0,240209.70787627477,0.009523809523809525,931,21 120 4 46 0 305 -72,0.23076923076923078 0.09202453987730061 0.02197802197802198 0.017857142857142856 0.0 0.032640949554896145 0.029850746268656716,240209.67837984,0.009523809523809525,943,20 117 3 41 0 302 -74,0.15384615384615385 0.0736196319018405 0.016483516483516484 0.0 0.0 0.028189910979228485 0.0,161373.23410028286,0.009523809523809525,858,20 268 182 321 17 440 -7,0.15384615384615385 1.0 1.0 1.0 1.0 0.23293768545994065 1.0,264949.48322300846,0.16428571428571428,432,23 147 0 49 1 334 -68,0.38461538461538464 0.25766871165644173 0.0 0.02857142857142857 0.058823529411764705 0.07566765578635015 0.08955223880597014,410417.5557913381,0.0761904761904762,421,22 122 3 47 0 453 -57,0.3076923076923077 0.10429447852760736 0.016483516483516484 0.02142857142857143 0.0 0.2522255192878338 0.2537313432835821,318310.7952678683,0.009523809523809525,879,24 127 14 57 4 332 -64,0.46153846153846156 0.13496932515337423 0.07692307692307693 0.05714285714285714 0.23529411764705882 0.07270029673590504 0.14925373134328357,475886.173348636,0.08095238095238096,988,23 129 0 47 0 312 -65,0.38461538461538464 0.147239263803681 0.0 0.02142857142857143 0.0 0.04302670623145401 0.13432835820895522,399361.3041626018,0.009523809523809525,902,19 136 10 147 3 438 -65,0.07692307692307693 0.1901840490797546 0.054945054945054944 0.37857142857142856 0.17647058823529413 0.22997032640949555 0.13432835820895522,96889.5848995202,0.009523809523809525,781,29 240 25 102 16 953 -32,0.8461538461538461 0.8282208588957055 0.13736263736263737 0.21785714285714286 0.9411764705882353 0.9940652818991098 0.6268656716417911,930672.1007254496,0.6476190476190476,1103,31 255 138 70 12 740 -37,1.0 0.9202453987730062 0.7582417582417582 0.10357142857142858 0.7058823529411765 0.6780415430267063 0.5522388059701493,1099788.44977782,0.6214285714285714,1155,19 136 10 147 3 465 -63,0.07692307692307693 0.1901840490797546 0.054945054945054944 0.37857142857142856 0.17647058823529413 0.27002967359050445 0.16417910447761194,96890.01534373827,0.009523809523809525,775,29 239 40 101 16 957 -31,0.8461538461538461 0.8220858895705522 0.21978021978021978 0.21428571428571427 0.9411764705882353 1.0 0.6417910447761194,930879.2824610928,0.6476190476190476,1125,31 255 137 69 7 729 -34,1.0 0.9202453987730062 0.7527472527472527 0.1 0.4117647058823529 0.6617210682492581 0.5970149253731343,1099700.4031009693,0.6214285714285714,1240,22 119 1 64 2 331 -64,0.3076923076923077 0.08588957055214724 0.005494505494505495 0.08214285714285714 0.11764705882352941 0.0712166172106825 0.14925373134328357,316430.97878539615,0.009523809523809525,1305
resolved-p14d-c14d-3600-1st/nsp-n20-d28-r0.10-rp2-fp2-s2,7 3 276 1993 0 911 -45,0.5833333333333334 0.5 0.10526315789473684 0.18420318169132013 0.0 0.10487982520029134 0.15384615384615385,634571.3707383779,0.010714285714285714,1870,7 3 276 1997 0 898 -47,0.5833333333333334 0.5 0.10526315789473684 0.18476137315099078 0.0 0.09541150764748725 0.10256410256410256,634571.7829646107,0.010714285714285714,1864,7 3 276 1992 0 912 -45,0.5833333333333334 0.5 0.10526315789473684 0.18406363382640245 0.0 0.1056081573197378 0.15384615384615385,634571.2384738342,0.010714285714285714,1872,7 0 239 673 0 795 -12,0.5833333333333334 0.0 0.012531328320802004 0.0 0.0 0.02039329934450109 1.0,583459.8505495349,0.010714285714285714,768,7 3 282 1912 0 857 -49,0.5833333333333334 0.5 0.12030075187969924 0.17289980463298912 0.0 0.06554989075018208 0.05128205128205128,634709.9474377221,0.014285714285714285,1931,7 3 282 1910 1 872 -46,0.5833333333333334 0.5 0.12030075187969924 0.17262070890315379 1.0 0.0764748725418791 0.1282051282051282,634809.8545148871,0.04285714285714286,1932,7 0 240 681 0 796 -14,0.5833333333333334 0.0 0.015037593984962405 0.0011163829193413341 0.0 0.02112163146394756 0.9487179487179487,583485.9855903657,0.010714285714285714,741,7 2 282 1911 0 861 -45,0.5833333333333334 0.3333333333333333 0.12030075187969924 0.17276025676807144 0.0 0.06846321922796796 0.15384615384615385,618043.2729205779,0.02857142857142857,1961,7 3 282 1917 0 856 -51,0.5833333333333334 0.5 0.12030075187969924 0.17359754395757745 0.0 0.06482155863073562 0.0,634710.5866116743,0.010714285714285714,1921,7 0 239 673 0 796 -12,0.5833333333333334 0.0 0.012531328320802004 0.0 0.0 0.02112163146394756 1.0,583459.857832856,0.010714285714285714,765,7 3 282 1907 0 857 -45,0.5833333333333334 0.5 0.12030075187969924 0.1722020653084008 0.0 0.06554989075018208 0.15384615384615385,634709.3522625001,0.03214285714285714,1945,7 3 282 1980 0 893 -45,0.5833333333333334 0.5 0.12030075187969924 0.18238905944739045 0.0 0.09176984705025491 0.15384615384615385,634719.801456202,0.010714285714285714,1653,12 6 234 1301 0 767 -43,1.0 1.0 0.0 0.08763605916829473 0.0 0.0 0.20512820512820512,1100087.8411873735,0.010714285714285714,1100,0 0 633 7539 0 2140 -38,0.0 0.0 1.0 0.9581356405247 0.0 1.0 0.3333333333333333,10968.468973858033,0.6428571428571429,456,0 0 626 7839 0 2139 -39,0.0 0.0 0.9824561403508771 1.0 0.0 0.9992716678805535 0.3076923076923077,10834.861812495268,0.6142857142857143,370,12 6 254 1433 0 816 -45,1.0 1.0 0.05012531328320802 0.10605637733742673 0.0 0.035688273852876914 0.15384615384615385,1100607.820239062,0.010714285714285714,953,0 0 633 7481 0 2124 -38,0.0 0.0 1.0 0.9500418643594754 0.0 0.9883466860888566 0.3333333333333333,10960.258664553698,0.6357142857142857,476,0 0 626 7839 0 2140 -41,0.0 0.0 0.9824561403508771 1.0 0.0 1.0 0.2564102564102564,10834.817813765181,0.6107142857142858,373,7 3 255 1533 0 867 -20,0.5833333333333334 0.5 0.05263157894736842 0.12001116382919341 0.0 0.07283321194464676 0.7948717948717948,633981.1834905506,0.010714285714285714,2038
resolved-p14d-c14d-3600-1st/nsp-n10-d28-r0.10-rp0-fp0-s4,1 37 48 353 1 261 -32,0.1111111111111111 0.38372093023255816 0.7758620689655172 0.7119675456389453 0.25 0.654054054054054 0.058823529411764705,157985.391733731,0.02857142857142857,3422,1 40 61 495 1 263 -33,0.1111111111111111 0.4186046511627907 1.0 1.0 0.25 0.6648648648648648 0.0,164003.22487603882,0.02857142857142857,3181,1 38 54 454 0 267 -33,0.1111111111111111 0.3953488372093023 0.8793103448275862 0.9168356997971603 0.0 0.6864864864864865 0.0,160362.79884497923,0.02857142857142857,3281,1 4 3 2 0 140 -28,0.1111111111111111 0.0 0.0 0.0 0.0 0.0 0.29411764705882354,111111.40522875817,0.02857142857142857,2107,1 5 31 329 0 293 -19,0.1111111111111111 0.011627906976744186 0.4827586206896552 0.6632860040567952 0.0 0.827027027027027 0.8235294117647058,117773.8678194209,0.02857142857142857,3203,1 5 31 306 0 300 -25,0.1111111111111111 0.011627906976744186 0.4827586206896552 0.6166328600405679 0.0 0.8648648648648649 0.47058823529411764,117727.2401126066,0.02857142857142857,3510,1 4 3 2 0 140 -31,0.1111111111111111 0.0 0.0 0.0 0.0 0.0 0.11764705882352941,111111.22875816993,0.02857142857142857,2110,1 5 31 266 0 288 -27,0.1111111111111111 0.011627906976744186 0.4827586206896552 0.5354969574036511 0.0 0.8 0.35294117647058826,117645.3379142622,0.02857142857142857,3777,1 5 31 306 0 303 -20,0.1111111111111111 0.011627906976744186 0.4827586206896552 0.6166328600405679 0.0 0.8810810810810811 0.7647058823529411,117727.6963924158,0.02857142857142857,3488,1 4 3 2 0 140 -30,0.1111111111111111 0.0 0.0 0.0 0.0 0.0 0.17647058823529413,111111.28758169935,0.02857142857142857,2109,1 5 33 326 0 296 -19,0.1111111111111111 0.011627906976744186 0.5172413793103449 0.6572008113590264 0.0 0.8432432432432433 0.8235294117647058,118112.7723750922,0.02857142857142857,3037,0 23 43 279 4 325 -18,0.0 0.22093023255813954 0.6896551724137931 0.5618661257606491 1.0 1.0 0.8823529411764706,29662.32345865371,0.11428571428571428,3778,2 23 23 82 4 249 -26,0.2222222222222222 0.22093023255813954 0.3448275862068966 0.16227180527383367 1.0 0.5891891891891892 0.4117647058823529,248032.09680197676,0.02857142857142857,2293,9 89 5 55 3 316 -16,1.0 0.9883720930232558 0.034482758620689655 0.1075050709939148 0.75 0.9513513513513514 1.0,1099375.0554730399,0.7642857142857142,3633,8 74 11 25 0 285 -26,0.8888888888888888 0.813953488372093 0.13793103448275862 0.04665314401622718 0.0 0.7837837837837838 0.4117647058823529,971718.4508174857,0.7357142857142858,3629,2 36 26 62 3 239 -17,0.2222222222222222 0.37209302325581395 0.39655172413793105 0.12170385395537525 0.75 0.5351351351351351 0.9411764705882353,263600.03817096027,0.02857142857142857,1824,9 90 3 34 4 302 -22,1.0 1.0 0.0 0.06490872210953347 1.0 0.8756756756756757 0.6470588235294118,1100174.31253769,0.7642857142857142,3474,8 74 11 25 0 313 -28,0.8888888888888888 0.813953488372093 0.13793103448275862 0.04665314401622718 0.0 0.9351351351351351 0.29411764705882354,971719.8466839404,0.7357142857142858,3549,1 24 40 379 1 273 -23,0.1111111111111111 0.23255813953488372 0.6379310344827587 0.7647058823529411 0.25 0.7189189189189189 0.5882352941176471,141543.7187162633,0.02857142857142857,3682
resolved-p14d-c14d-3600-1st/nsp-n20-d28-r0.10-rp2-fp2-s4,8 6 318 1277 0 969 -59,0.5 0.1 0.11692307692307692 0.0008997429305912597 0.0 0.12040656763096169 0.046511627906976744,511171.3810894656,0.02142857142857143,1298,8 6 318 1277 0 929 -59,0.5 0.1 0.11692307692307692 0.0008997429305912597 0.0 0.08913213448006255 0.046511627906976744,511171.0683451341,0.02142857142857143,1319,8 6 318 1277 0 968 -61,0.5 0.1 0.11692307692307692 0.0008997429305912597 0.0 0.11962470680218922 0.0,511171.32675922936,0.02142857142857143,1300,8 6 280 1348 0 815 -44,0.5 0.1 0.0 0.010025706940874035 0.0 0.0 0.3953488372093023,510010.4210557781,0.02142857142857143,1243,7 33 329 1542 1 1021 -53,0.0 1.0 0.15076923076923077 0.03496143958868895 1.0 0.16106333072713058 0.18604651162790697,101644.4504270999,0.18571428571428572,1169,8 6 323 1434 0 958 -52,0.5 0.1 0.13230769230769232 0.021079691516709513 0.0 0.11180609851446442 0.20930232558139536,511345.48397790437,0.025,1162,8 6 280 1315 0 828 -38,0.5 0.1 0.0 0.005784061696658098 0.0 0.010164190774042221 0.5348837209302325,510006.42058732535,0.02142857142857143,1321,7 33 329 1542 1 1021 -52,0.0 1.0 0.15076923076923077 0.03496143958868895 1.0 0.16106333072713058 0.20930232558139536,101644.47368291386,0.17857142857142858,1168,8 6 323 1419 0 975 -58,0.5 0.1 0.13230769230769232 0.019151670951156812 0.0 0.12509773260359655 0.06976744186046512,511343.549338796,0.025,1174,8 6 281 1376 0 827 -43,0.5 0.1 0.003076923076923077 0.013624678663239074 0.0 0.009382329945269743 0.4186046511627907,510044.9063373831,0.02142857142857143,1168,7 33 329 1542 1 1021 -52,0.0 1.0 0.15076923076923077 0.03496143958868895 1.0 0.16106333072713058 0.20930232558139536,101644.47368291386,0.18571428571428572,1166,8 6 323 1432 0 952 -53,0.5 0.1 0.13230769230769232 0.02082262210796915 0.0 0.10711493354182955 0.18604651162790697,511345.1567410319,0.025,1166,9 3 603 8909 1 2084 -52,1.0 0.0 0.9938461538461538 0.9818766066838046 1.0 0.9921813917122753 0.20930232558139536,1011030.4692613881,0.6464285714285715,1634,8 3 553 6852 0 1985 -21,0.5 0.0 0.84 0.7174807197943445 0.0 0.9147771696637998 0.9302325581395349,509127.55872404913,0.6821428571428572,1005,9 3 589 8490 0 2029 -44,1.0 0.0 0.9507692307692308 0.9280205655526992 0.0 0.9491790461297889 0.3953488372093023,1010445.6000125435,0.6428571428571429,1530,9 3 605 9050 0 2094 -52,1.0 0.0 1.0 1.0 0.0 1.0 0.20930232558139536,1011010.2093023256,0.6464285714285715,1550,8 3 553 6852 0 1985 -18,0.5 0.0 0.84 0.7174807197943445 0.0 0.9147771696637998 1.0,509127.62849149096,0.6857142857142857,1003,9 3 590 8391 0 2027 -40,1.0 0.0 0.9538461538461539 0.9152956298200514 0.0 0.947615324472244 0.4883720930232558,1010463.7216936194,0.65,1475,8 6 303 1270 0 898 -24,0.5 0.1 0.07076923076923076 0.0 0.0 0.06489444878811572 0.8604651162790697,510709.20171729644,0.02142857142857143,1289
resolved-p14d-c14d-3600-1st/nsp-n50-d28-r0.10-rp2-fp2-s7,28 340 2436 4752 65 6331 -196,1.0 0.996996996996997 0.017769002961500493 0.0011616560568746806 0.9848484848484849 0.011967090501121914 0.9534883720930233,1099978.1093931335,0.005714285714285714,354,28 340 2437 4753 65 6315 -196,1.0 0.996996996996997 0.01826258637709773 0.0012081222991496678 0.9848484848484849 0.008975317875841436 0.9534883720930233,1099983.0617758054,0.005714285714285714,347,28 340 2436 4753 65 6324 -196,1.0 0.996996996996997 0.017769002961500493 0.0012081222991496678 0.9848484848484849 0.010658189977561705 0.9534883720930233,1099978.1427703705,0.005714285714285714,350,28 341 2468 4827 64 6398 -194,1.0 1.0 0.03356367226061204 0.004646624227498722 0.9696969696969697 0.02449513836948392 0.9767441860465116,1100438.474739373,0.005714285714285714,154,28 341 2455 4741 65 6327 -202,1.0 1.0 0.027147087857847977 0.0006505273918498211 0.9848484848484849 0.011219147344801795 0.8837209302325582,1100371.602166859,0.005714285714285714,253,28 341 2455 4727 65 6327 -199,1.0 1.0 0.027147087857847977 0.0 0.9848484848484849 0.011219147344801795 0.9186046511627907,1100370.986523188,0.005714285714285714,258,28 341 2454 4776 64 6390 -199,1.0 1.0 0.02665350444225074 0.002276845871474374 0.9696969696969697 0.02299925205684368 0.9186046511627907,1100366.9301844353,0.005714285714285714,163,28 341 2455 4741 65 6327 -202,1.0 1.0 0.027147087857847977 0.0006505273918498211 0.9848484848484849 0.011219147344801795 0.8837209302325582,1100371.602166859,0.005714285714285714,253,28 341 2455 4741 65 6327 -202,1.0 1.0 0.027147087857847977 0.0006505273918498211 0.9848484848484849 0.011219147344801795 0.8837209302325582,1100371.602166859,0.005714285714285714,253,28 341 2466 4828 64 6398 -197,1.0 1.0 0.03257650542941757 0.004693090469773709 0.9696969696969697 0.02449513836948392 0.9418604651162791,1100428.6146535825,0.005714285714285714,155,28 341 2474 4741 66 6398 -196,1.0 1.0 0.03652517275419546 0.0006505273918498211 1.0 0.02449513836948392 0.9534883720930233,1100467.1006946897,0.005714285714285714,208,28 341 2465 4732 65 6394 -194,1.0 1.0 0.032082922013820334 0.00023233121137493612 0.9848484848484849 0.023747195213163798 0.9767441860465116,1100420.7606159726,0.005714285714285714,249,25 21 4426 25356 0 11615 -260,0.4 0.03903903903903904 1.0 0.9585521118907114 0.0 1.0 0.20930232558139536,414872.6653181202,0.7314285714285714,514,23 8 4324 26248 1 11506 -278,0.0 0.0 0.9496544916090819 1.0 0.015151515151515152 0.9796185489902768 0.0,10507.856253095873,0.7557142857142857,63,23 8 4260 26199 0 11375 -273,0.0 0.0 0.9180651530108588 0.9977231541285256 0.0 0.9551234106207929 0.05813953488372093,10187.984057878204,0.75,144,25 21 4402 25552 0 11615 -261,0.4 0.03903903903903904 0.9881539980256664 0.9676594953766089 0.0 1.0 0.19767441860465115,414763.3010539558,0.7314285714285714,553,23 8 4324 26248 1 11506 -278,0.0 0.0 0.9496544916090819 1.0 0.015151515151515152 0.9796185489902768 0.0,10507.856253095873,0.7557142857142857,63,23 8 4260 26199 0 11375 -273,0.0 0.0 0.9180651530108588 0.9977231541285256 0.0 0.9551234106207929 0.05813953488372093,10187.984057878204,0.75,144,28 341 2400 4774 65 6267 -192,1.0 1.0 0.0 0.0021839133869243996 0.9848484848484849 0.0 1.0,1100101.6687618718,0.005714285714285714,437
resolved-p14d-c14d-3600-1st/nsp-n10-d28-r0.10-rp0-fp0-s7,0 0 0 0 0 103 -19,0.0 0.0 0.0 0.0 0.0 0.5 0.45454545454545453,5.454545454545454,0.2857142857142857,65,0 0 0 0 0 97 -20,0.0 0.0 0.0 0.0 0.0 0.2857142857142857 0.36363636363636365,3.2207792207792205,0.3,49,0 0 0 0 0 97 -20,0.0 0.0 0.0 0.0 0.0 0.2857142857142857 0.36363636363636365,3.2207792207792205,0.3,49,0 0 0 0 0 90 -18,0.0 0.0 0.0 0.0 0.0 0.03571428571428571 0.5454545454545454,0.9025974025974025,0.2,47,0 0 0 0 0 114 -14,0.0 0.0 0.0 0.0 0.0 0.8928571428571429 0.9090909090909091,9.837662337662337,0.55,34,0 0 0 0 0 96 -23,0.0 0.0 0.0 0.0 0.0 0.25 0.09090909090909091,2.590909090909091,0.2,83,0 0 0 0 0 94 -22,0.0 0.0 0.0 0.0 0.0 0.17857142857142858 0.18181818181818182,1.9675324675324677,0.2,69,0 0 0 0 0 103 -20,0.0 0.0 0.0 0.0 0.0 0.5 0.36363636363636365,5.363636363636363,0.5571428571428572,27,0 0 0 0 0 93 -20,0.0 0.0 0.0 0.0 0.0 0.14285714285714285 0.36363636363636365,1.7922077922077921,0.2,157,0 0 0 0 0 89 -13,0.0 0.0 0.0 0.0 0.0 0.0 1.0,1.0,0.2,134,0 0 0 0 0 117 -17,0.0 0.0 0.0 0.0 0.0 1.0 0.6363636363636364,10.636363636363637,0.5214285714285715,10,0 0 0 0 0 90 -19,0.0 0.0 0.0 0.0 0.0 0.03571428571428571 0.45454545454545453,0.8116883116883116,0.2,129,0 0 0 0 0 90 -15,0.0 0.0 0.0 0.0 0.0 0.03571428571428571 0.8181818181818182,1.1753246753246753,0.2,223,0 0 0 0 0 101 -24,0.0 0.0 0.0 0.0 0.0 0.42857142857142855 0.0,4.285714285714286,0.6714285714285714,92,0 0 0 0 0 102 -23,0.0 0.0 0.0 0.0 0.0 0.4642857142857143 0.09090909090909091,4.733766233766234,0.2,266,0 0 0 0 0 90 -14,0.0 0.0 0.0 0.0 0.0 0.03571428571428571 0.9090909090909091,1.2662337662337662,0.2,222,0 0 0 0 0 101 -24,0.0 0.0 0.0 0.0 0.0 0.42857142857142855 0.0,4.285714285714286,0.6714285714285714,92,0 0 0 0 0 101 -21,0.0 0.0 0.0 0.0 0.0 0.42857142857142855 0.2727272727272727,4.558441558441558,0.2,271,0 0 0 0 0 94 -18,0.0 0.0 0.0 0.0 0.0 0.17857142857142858 0.5454545454545454,2.3311688311688314,0.2357142857142857,36
resolved-p14d-c14d-3600-1st/nsp-n30-d28-r0.10-rp2-fp2-s7,0 0 0 0 0 151 -83,0.0 0.0 0.0 0.0 0.0 0.027692307692307693 0.1590909090909091,0.436013986013986,0.06666666666666667,74,0 0 0 0 0 142 -73,0.0 0.0 0.0 0.0 0.0 0.0 0.38636363636363635,0.38636363636363635,0.07142857142857142,52,0 0 0 0 0 142 -73,0.0 0.0 0.0 0.0 0.0 0.0 0.38636363636363635,0.38636363636363635,0.07142857142857142,52,0 0 0 0 0 147 -88,0.0 0.0 0.0 0.0 0.0 0.015384615384615385 0.045454545454545456,0.19930069930069932,0.05714285714285714,107,0 0 0 0 0 209 -71,0.0 0.0 0.0 0.0 0.0 0.20615384615384616 0.4318181818181818,2.4933566433566434,0.23095238095238096,15,0 0 0 0 0 153 -79,0.0 0.0 0.0 0.0 0.0 0.033846153846153845 0.25,0.5884615384615385,0.05714285714285714,120,0 0 0 0 0 158 -78,0.0 0.0 0.0 0.0 0.0 0.04923076923076923 0.2727272727272727,0.765034965034965,0.05714285714285714,123,0 0 0 0 0 185 -73,0.0 0.0 0.0 0.0 0.0 0.13230769230769232 0.38636363636363635,1.7094405594405595,0.35,15,0 0 0 0 0 146 -89,0.0 0.0 0.0 0.0 0.0 0.012307692307692308 0.022727272727272728,0.14580419580419582,0.05714285714285714,59,0 0 0 0 0 149 -90,0.0 0.0 0.0 0.0 0.0 0.021538461538461538 0.0,0.21538461538461537,0.05714285714285714,73,0 0 0 0 0 183 -64,0.0 0.0 0.0 0.0 0.0 0.12615384615384614 0.5909090909090909,1.8524475524475523,0.30238095238095236,12,0 0 0 0 0 150 -82,0.0 0.0 0.0 0.0 0.0 0.024615384615384615 0.18181818181818182,0.427972027972028,0.05714285714285714,59,0 0 0 0 0 399 -66,0.0 0.0 0.0 0.0 0.0 0.7907692307692308 0.5454545454545454,8.453146853146853,0.34285714285714286,42,0 0 0 0 0 467 -46,0.0 0.0 0.0 0.0 0.0 1.0 1.0,11.0,0.3880952380952381,25,0 0 0 0 0 425 -67,0.0 0.0 0.0 0.0 0.0 0.8707692307692307 0.5227272727272727,9.23041958041958,0.30238095238095236,78,0 0 0 0 0 373 -55,0.0 0.0 0.0 0.0 0.0 0.7107692307692308 0.7954545454545454,7.903146853146854,0.319047619047619,61,0 0 0 0 0 467 -46,0.0 0.0 0.0 0.0 0.0 1.0 1.0,11.0,0.3880952380952381,25,0 0 0 0 0 425 -67,0.0 0.0 0.0 0.0 0.0 0.8707692307692307 0.5227272727272727,9.23041958041958,0.30238095238095236,78,0 0 0 0 0 149 -77,0.0 0.0 0.0 0.0 0.0 0.021538461538461538 0.29545454545454547,0.5108391608391608,0.06428571428571428,38
resolved-p14d-c14d-3600-1st/nsp-n40-d28-r0.10-rp2-fp2-s3,18 9 1234 4665 4 3472 -169,0.6206896551724138 0.06474820143884892 0.0130475302889096 0.013028816676885347 1.0 0.009976525821596244 0.030303030303030304,627408.1095041531,0.01607142857142857,982,18 9 1235 4654 3 3443 -167,0.6206896551724138 0.06474820143884892 0.013979496738117428 0.012185775597792764 0.75 0.0014671361502347417 0.045454545454545456,627391.5161851846,0.01607142857142857,958,18 9 1233 4669 3 3470 -164,0.6206896551724138 0.06474820143884892 0.012115563839701771 0.013335377069282648 0.75 0.009389671361502348 0.06818181818181818,627374.1284102967,0.01607142857142857,1023,19 9 1320 4495 0 3727 -159,0.6551724137931034 0.06474820143884892 0.09319664492078285 0.0 0.0 0.08480046948356808 0.10606060606060606,662580.154451497,0.01607142857142857,20,18 9 1230 4592 2 3448 -169,0.6206896551724138 0.06474820143884892 0.009319664492078284 0.00743408951563458 0.5 0.0029342723004694834 0.030303030303030304,627315.1656964885,0.01607142857142857,1187,18 9 1232 4646 1 3452 -170,0.6206896551724138 0.06474820143884892 0.011183597390493943 0.01157265481299816 0.25 0.004107981220657277 0.022727272727272728,627312.9477521016,0.01607142857142857,1108,19 9 1320 4495 0 3727 -159,0.6551724137931034 0.06474820143884892 0.09319664492078285 0.0 0.0 0.08480046948356808 0.10606060606060606,662580.154451497,0.01607142857142857,20,18 9 1230 4590 2 3449 -173,0.6206896551724138 0.06474820143884892 0.009319664492078284 0.007280809319435929 0.5 0.003227699530516432 0.0,627314.9850475342,0.01607142857142857,1188,18 9 1233 4578 2 3451 -169,0.6206896551724138 0.06474820143884892 0.012115563839701771 0.006361128142244022 0.5 0.0038145539906103286 0.030303030303030304,627342.0605314082,0.01607142857142857,1096,19 9 1320 4495 0 3727 -159,0.6551724137931034 0.06474820143884892 0.09319664492078285 0.0 0.0 0.08480046948356808 0.10606060606060606,662580.154451497,0.01607142857142857,20,18 9 1229 4553 1 3438 -168,0.6206896551724138 0.06474820143884892 0.008387698042870456 0.004445125689760883 0.25 0.0 0.03787878787878788,627277.835301205,0.01607142857142857,1221,18 9 1230 4535 1 3445 -172,0.6206896551724138 0.06474820143884892 0.009319664492078284 0.0030656039239730227 0.25 0.0020539906103286387 0.007575757575757576,627285.7656808072,0.01607142857142857,1199,29 132 1612 5871 1 4473 -41,1.0 0.9496402877697842 0.36533084808946875 0.10545677498467199 0.25 0.30369718309859156 1.0,1098751.8310046887,0.2017857142857143,464,0 0 2293 17543 0 6846 -162,0.0 0.0 1.0 1.0 0.0 1.0 0.08333333333333333,11010.083333333334,0.625,174,0 0 2126 16833 1 6582 -157,0.0 0.0 0.8443616029822927 0.9455855303494789 0.25 0.9225352112676056 0.12121212121212122,9423.548124406294,0.6357142857142857,277,29 139 1555 5344 1 4304 -44,1.0 1.0 0.31220876048462254 0.06506744328632741 0.25 0.25410798122065725 0.9772727272727273,1103215.673400672,0.17857142857142858,491,0 0 2293 17543 0 6846 -162,0.0 0.0 1.0 1.0 0.0 1.0 0.08333333333333333,11010.083333333334,0.625,174,0 0 2126 16625 1 6585 -158,0.0 0.0 0.8443616029822927 0.9296443899448191 0.25 0.9234154929577465 0.11363636363636363,9407.608211060959,0.6339285714285714,285,18 9 1220 4596 4 3446 -166,0.6206896551724138 0.06474820143884892 0.0 0.007740649908031882 1.0 0.002347417840375587 0.05303030303030303,627272.2924706881,0.01607142857142857,1117
resolved-p14d-c14d-3600-1st/nsp-n40-d28-r0.10-rp2-fp2-s0,17 10 1127 4611 1 3285 -144,0.7083333333333334 0.0970873786407767 0.0 0.010998770323814728 1.0 0.0 0.05084745762711865,718153.1208151925,0.014285714285714285,977,17 10 1130 4601 0 3292 -146,0.7083333333333334 0.0970873786407767 0.002304147465437788 0.010315616887552944 0.0 0.0018387181507748883 0.01694915254237288,718075.463625287,0.014285714285714285,945,17 10 1133 4611 1 3321 -146,0.7083333333333334 0.0970873786407767 0.004608294930875576 0.010998770323814728 1.0 0.009456264775413711 0.01694915254237288,718199.2644288439,0.014285714285714285,903,18 8 1289 4450 0 3485 -133,0.75 0.07766990291262135 0.12442396313364056 0.0 0.0 0.052534804307853955 0.23728813559322035,759011.9925587772,0.014285714285714285,21,17 12 1166 4485 1 3339 -142,0.7083333333333334 0.11650485436893204 0.029953917050691243 0.002391037026916245 1.0 0.014184397163120567 0.0847457627118644,720385.9755674948,0.014285714285714285,824,17 12 1166 4482 0 3334 -144,0.7083333333333334 0.11650485436893204 0.029953917050691243 0.00218609099603771 0.0 0.01287102705542422 0.05084745762711865,720285.7235894577,0.014285714285714285,825,18 8 1289 4450 0 3485 -133,0.75 0.07766990291262135 0.12442396313364056 0.0 0.0 0.052534804307853955 0.23728813559322035,759011.9925587772,0.014285714285714285,21,17 12 1166 4487 1 3339 -142,0.7083333333333334 0.11650485436893204 0.029953917050691243 0.0025276677141686022 1.0 0.014184397163120567 0.0847457627118644,720386.112198182,0.014285714285714285,823,17 12 1166 4487 1 3339 -142,0.7083333333333334 0.11650485436893204 0.029953917050691243 0.0025276677141686022 1.0 0.014184397163120567 0.0847457627118644,720386.112198182,0.014285714285714285,823,18 8 1289 4450 0 3485 -133,0.75 0.07766990291262135 0.12442396313364056 0.0 0.0 0.052534804307853955 0.23728813559322035,759011.9925587772,0.014285714285714285,21,17 12 1165 4484 0 3325 -144,0.7083333333333334 0.11650485436893204 0.029185867895545316 0.002322721683290067 0.0 0.010506960861570791 0.05084745762711865,720278.1560879316,0.014285714285714285,835,17 12 1165 4469 1 3325 -144,0.7083333333333334 0.11650485436893204 0.029185867895545316 0.0012979915288973904 1.0 0.010506960861570791 0.05084745762711865,720377.1313577772,0.014285714285714285,840,24 93 1699 6752 0 4331 -92,1.0 0.9029126213592233 0.4393241167434716 0.15726192102746278 0.0 0.27475702653007616 0.9322033898305084,1094845.4449980396,0.16428571428571428,530,0 0 2363 18488 0 6904 -147,0.0 0.0 0.9493087557603687 0.9590107938242929 0.0 0.9506172839506173 0.0,10461.604524267486,0.6410714285714286,116,0 0 2429 19088 0 7092 -147,0.0 0.0 1.0 1.0 0.0 1.0 0.0,11010.0,0.6446428571428572,69,21 103 1824 8036 0 4749 -88,0.875 1.0 0.5353302611367128 0.2449788222434759 0.0 0.38455476753349094 1.0,980603.126981286,0.23035714285714284,457,0 0 2363 18488 0 6904 -147,0.0 0.0 0.9493087557603687 0.9590107938242929 0.0 0.9506172839506173 0.0,10461.604524267486,0.6410714285714286,116,0 0 2429 19088 0 7092 -147,0.0 0.0 1.0 1.0 0.0 1.0 0.0,11010.0,0.6446428571428572,69,17 10 1174 4585 0 3394 -143,0.7083333333333334 0.0970873786407767 0.03609831029185868 0.00922257138953409 0.0 0.028631468347780405 0.06779661016949153,718412.6309830128,0.014285714285714285,1022
resolved-p14d-c14d-3600-1st/nsp-n40-d28-r0.10-rp2-fp2-s9,20 8 1218 3798 6 4420 -67,0.0 1.0 0.016511127063890883 0.01853334858711818 1.0 0.1437690813211213 1.0,100286.08231003924,0.010714285714285714,667,20 8 1218 3806 6 4412 -70,0.0 1.0 0.016511127063890883 0.01899096213247912 1.0 0.14154870940882597 0.9803921568627451,100286.49811202234,0.010714285714285714,657,20 8 1218 3828 6 4420 -78,0.0 1.0 0.016511127063890883 0.020249399382221714 1.0 0.1437690813211213 0.9281045751633987,100287.7264654095,0.010714285714285714,623,23 8 1302 4854 6 4327 -181,1.0 1.0 0.07681263460157932 0.07893833657476261 1.0 0.11795725784068832 0.2549019607843137,1100948.4991571298,0.010714285714285714,72,23 8 1302 4876 6 4327 -180,1.0 1.0 0.07681263460157932 0.0801967738245052 1.0 0.11795725784068832 0.26143790849673204,1100949.7641303272,0.010714285714285714,58,23 8 1302 4894 6 4302 -180,1.0 1.0 0.07681263460157932 0.08122640430156733 1.0 0.11101859561476547 0.26143790849673204,1100950.724374182,0.010714285714285714,57,23 8 1302 4854 6 4327 -181,1.0 1.0 0.07681263460157932 0.07893833657476261 1.0 0.11795725784068832 0.2549019607843137,1100948.4991571298,0.010714285714285714,72,23 8 1302 4894 6 4302 -180,1.0 1.0 0.07681263460157932 0.08122640430156733 1.0 0.11101859561476547 0.26143790849673204,1100950.724374182,0.010714285714285714,57,23 8 1302 4876 6 4327 -180,1.0 1.0 0.07681263460157932 0.0801967738245052 1.0 0.11795725784068832 0.26143790849673204,1100949.7641303272,0.010714285714285714,58,23 8 1302 4854 6 4327 -181,1.0 1.0 0.07681263460157932 0.07893833657476261 1.0 0.11795725784068832 0.2549019607843137,1100948.4991571298,0.010714285714285714,72,23 8 1302 4876 6 4327 -180,1.0 1.0 0.07681263460157932 0.0801967738245052 1.0 0.11795725784068832 0.26143790849673204,1100949.7641303272,0.010714285714285714,58,23 8 1302 4876 6 4327 -180,1.0 1.0 0.07681263460157932 0.0801967738245052 1.0 0.11795725784068832 0.26143790849673204,1100949.7641303272,0.010714285714285714,58,23 7 2577 20576 0 7453 -199,1.0 0.0 0.9921033740129217 0.9782633565953552 0.0 0.9855675825700805 0.13725490196078433,1010909.2900274523,0.6375,81,22 7 2584 20956 0 7497 -218,0.6666666666666666 0.0 0.9971284996410624 1.0 0.0 0.9977796280877047 0.013071895424836602,677647.9425312536,0.6428571428571429,214,22 7 2588 20739 0 7505 -219,0.6666666666666666 0.0 1.0 0.9875872325820845 0.0 1.0 0.006535947712418301,677664.2604351965,0.6446428571428572,164,23 7 2577 20576 0 7453 -199,1.0 0.0 0.9921033740129217 0.9782633565953552 0.0 0.9855675825700805 0.13725490196078433,1010909.2900274523,0.6375,81,22 7 2588 20823 0 7479 -220,0.6666666666666666 0.0 1.0 0.9923921748083744 0.0 0.9927837912850402 0.0,677668.9866793879,0.6446428571428572,152,22 7 2588 20739 0 7505 -218,0.6666666666666666 0.0 1.0 0.9875872325820845 0.0 1.0 0.013071895424836602,677664.2669711441,0.6446428571428572,163,20 8 1195 3474 6 3902 -116,0.0 1.0 0.0 0.0 1.0 0.0 0.6797385620915033,100100.67973856209,0.010714285714285714,713
resolved-p14d-c14d-3600-1st/nsp-n40-d28-r0.10-rp2-fp2-s2,19 87 2076 3544 146 5337 -149,0.02631578947368421 0.0 0.01441213653603034 0.9651868412647716 0.9509803921568627 0.8837047353760445 0.06435643564356436,27529.097123314375,0.008928571428571428,628,19 87 2076 3540 146 5335 -148,0.02631578947368421 0.0 0.01441213653603034 0.963909294155222 0.9509803921568627 0.8823119777158774 0.06930693069306931,27527.810599123273,0.008928571428571428,637,19 87 2076 3562 146 5348 -154,0.02631578947368421 0.0 0.01441213653603034 0.9709358032577451 0.9509803921568627 0.8913649025069638 0.039603960396039604,27534.89793450341,0.008928571428571428,605,19 87 2225 3531 151 5504 -162,0.02631578947368421 0.0 0.05208596713021492 0.9610348131587352 1.0 1.0 0.0,27907.683958145095,0.008928571428571428,24,18 88 2075 3653 146 5330 -159,0.0 0.004784688995215311 0.01415929203539823 1.0 0.9509803921568627 0.8788300835654597 0.01485148514851485,1723.9630114120027,0.008928571428571428,618,18 88 2075 3630 146 5326 -157,0.0 0.004784688995215311 0.01415929203539823 0.9926541041200895 0.9509803921568627 0.8760445682451253 0.024752475247524754,1716.599161368988,0.008928571428571428,641,19 87 2225 3564 151 5504 -162,0.02631578947368421 0.0 0.05208596713021492 0.9715745768125199 1.0 1.0 0.0,27918.22372179888,0.008928571428571428,23,18 88 2075 3622 146 5327 -156,0.0 0.004784688995215311 0.01415929203539823 0.9900990099009901 0.9509803921568627 0.8767409470752089 0.0297029702970297,1714.0559814332387,0.008928571428571428,653,18 88 2075 3622 146 5326 -156,0.0 0.004784688995215311 0.01415929203539823 0.9900990099009901 0.9509803921568627 0.8760445682451253 0.0297029702970297,1714.049017644938,0.008928571428571428,654,19 87 2225 3531 151 5504 -162,0.02631578947368421 0.0 0.05208596713021492 0.9610348131587352 1.0 1.0 0.0,27907.683958145095,0.008928571428571428,24,18 88 2075 3643 146 5332 -159,0.0 0.004784688995215311 0.01415929203539823 0.9968061322261258 0.9509803921568627 0.8802228412256268 0.01485148514851485,1720.7830712147302,0.008928571428571428,622,18 88 2075 3640 146 5327 -157,0.0 0.004784688995215311 0.01415929203539823 0.9958479718939636 0.9509803921568627 0.8767409470752089 0.024752475247524754,1719.7999929311627,0.008928571428571428,627,56 296 5974 1025 62 4318 40,1.0 1.0 1.0 0.16065154902587034 0.12745098039215685 0.17409470752089137 1.0,1110176.1375941404,0.45714285714285713,382,34 203 5214 522 50 4068 23,0.42105263157894735 0.5550239234449761 0.8078381795195955 0.0 0.00980392156862745 0.0 0.9158415841584159,484635.30195238197,0.8017857142857143,651,32 211 5354 618 49 4295 30,0.3684210526315789 0.5933014354066986 0.843236409608091 0.03066113062919195 0.0 0.15807799442896936 0.9504950495049505,436216.75267395267,0.8017857142857143,585,56 295 5962 1018 60 4324 40,1.0 0.9952153110047847 0.9969658659924147 0.15841584158415842 0.10784313725490197 0.17827298050139276 1.0,1109663.1726455172,0.46785714285714286,371,34 203 5214 522 50 4068 23,0.42105263157894735 0.5550239234449761 0.8078381795195955 0.0 0.00980392156862745 0.0 0.9158415841584159,484635.30195238197,0.8017857142857143,651,32 211 5354 618 49 4295 30,0.3684210526315789 0.5933014354066986 0.843236409608091 0.03066113062919195 0.0 0.15807799442896936 0.9504950495049505,436216.75267395267,0.8017857142857143,585,19 87 2019 3456 148 5228 -139,0.02631578947368421 0.0 0.0 0.937080804854679 0.9705882352941176 0.807799442896936 0.11386138613861387,27358.12095788341,0.008928571428571428,528
resolved-p14d-c14d-3600-1st/nsp-n50-d28-r0.10-rp2-fp2-s3,22 15 2006 4428 1 5636 -150,0.0 1.0 0.0017050298380221654 0.0016675401400733719 0.5 0.03370418848167539 1.0,100070.0548804051,0.012857142857142857,553,22 15 2003 4393 2 5636 -151,0.0 1.0 0.00042625745950554135 0.0 1.0 0.03370418848167539 0.99,100105.58961647988,0.012857142857142857,567,22 15 2002 4413 2 5636 -150,0.0 1.0 0.0 0.0009528800800419267 1.0 0.03370418848167539 1.0,100102.28992196485,0.012857142857142857,572,24 12 2147 5372 0 5430 -229,0.4 0.5 0.06180733162830349 0.046643479918052316 0.0 0.0 0.21,450664.9267962011,0.012857142857142857,144,24 12 2149 5273 0 5524 -230,0.4 0.5 0.06265984654731457 0.041926723521844775 0.0 0.015379581151832461 0.2,450668.87898480654,0.012857142857142857,96,24 12 2149 5273 0 5524 -230,0.4 0.5 0.06265984654731457 0.041926723521844775 0.0 0.015379581151832461 0.2,450668.87898480654,0.012857142857142857,96,24 12 2147 5372 0 5430 -229,0.4 0.5 0.06180733162830349 0.046643479918052316 0.0 0.0 0.21,450664.9267962011,0.012857142857142857,144,24 12 2149 5273 0 5524 -230,0.4 0.5 0.06265984654731457 0.041926723521844775 0.0 0.015379581151832461 0.2,450668.87898480654,0.012857142857142857,96,24 12 2149 5273 0 5525 -230,0.4 0.5 0.06265984654731457 0.041926723521844775 0.0 0.015543193717277488 0.2,450668.88062093215,0.012857142857142857,95,24 12 2147 5380 0 5436 -226,0.4 0.5 0.06180733162830349 0.04702463195006908 0.0 0.000981675392670157 0.24,450665.34776498703,0.012857142857142857,136,24 12 2149 5273 0 5525 -230,0.4 0.5 0.06265984654731457 0.041926723521844775 0.0 0.015543193717277488 0.2,450668.88062093215,0.012857142857142857,95,24 12 2149 5273 0 5524 -230,0.4 0.5 0.06265984654731457 0.041926723521844775 0.0 0.015379581151832461 0.2,450668.87898480654,0.012857142857142857,96,27 9 4348 25382 0 11542 -226,1.0 0.0 1.0 1.0 0.0 1.0 0.24,1011010.24,0.6514285714285715,28,26 11 4179 25278 1 11364 -249,0.8 0.3333333333333333 0.9279624893435635 0.995045023583782 0.5 0.9708769633507853 0.01,843667.7220199862,0.6542857142857142,838,26 11 4244 25236 1 11449 -250,0.8 0.3333333333333333 0.9556692242114238 0.9930439754156939 0.5 0.9847840314136126 0.0,843942.9173911774,0.65,794,27 9 4348 25382 0 11542 -226,1.0 0.0 1.0 1.0 0.0 1.0 0.24,1011010.24,0.6514285714285715,28,26 11 4187 25369 1 11387 -248,0.8 0.3333333333333333 0.9313725490196079 0.9993806279479728 0.5 0.9746400523560209 0.02,843706.205852001,0.6542857142857142,816,26 11 4245 25333 1 11461 -250,0.8 0.3333333333333333 0.9560954816709293 0.9976654438038973 0.5 0.9867473821989529 0.0,843951.8210676685,0.6528571428571428,769,24 12 2080 4525 0 5783 -160,0.4 0.5 0.03324808184143223 0.006289008528276716 0.0 0.05775523560209424 0.9,450340.2473792986,0.012857142857142857,608
resolved-p14d-c14d-3600-1st/nsp-n30-d28-r0.10-rp2-fp2-s2,0 0 0 0 0 208 -74,0.0 0.0 0.0 0.0 0.0 0.12860892388451445 0.5,1.7860892388451446,0.05952380952380952,94,0 0 0 0 0 228 -60,0.0 0.0 0.0 0.0 0.0 0.18110236220472442 0.7692307692307693,2.5802543912780136,0.07857142857142857,77,0 0 0 0 0 213 -74,0.0 0.0 0.0 0.0 0.0 0.14173228346456693 0.5,1.9173228346456692,0.05238095238095238,90,0 0 0 0 0 178 -73,0.0 0.0 0.0 0.0 0.0 0.049868766404199474 0.5192307692307693,1.017918433272764,0.05,87,0 0 0 0 0 213 -76,0.0 0.0 0.0 0.0 0.0 0.14173228346456693 0.46153846153846156,1.8788612961841307,0.2857142857142857,8,0 0 0 0 0 192 -86,0.0 0.0 0.0 0.0 0.0 0.08661417322834646 0.2692307692307692,1.1353725015142337,0.05,68,0 0 0 0 0 181 -100,0.0 0.0 0.0 0.0 0.0 0.05774278215223097 0.0,0.5774278215223096,0.05,69,0 0 0 0 0 200 -74,0.0 0.0 0.0 0.0 0.0 0.10761154855643044 0.5,1.5761154855643045,0.3547619047619048,21,0 0 0 0 0 182 -88,0.0 0.0 0.0 0.0 0.0 0.06036745406824147 0.23076923076923078,0.8344437714516455,0.05,116,0 0 0 0 0 159 -87,0.0 0.0 0.0 0.0 0.0 0.0 0.25,0.25,0.05,66,0 0 0 0 0 201 -82,0.0 0.0 0.0 0.0 0.0 0.11023622047244094 0.34615384615384615,1.4485160508782555,0.2261904761904762,27,0 0 0 0 0 181 -97,0.0 0.0 0.0 0.0 0.0 0.05774278215223097 0.057692307692307696,0.6351201292146174,0.05,92,0 0 0 0 0 505 -50,0.0 0.0 0.0 0.0 0.0 0.9081364829396326 0.9615384615384616,10.042903290934786,0.2523809523809524,95,0 0 0 0 0 418 -64,0.0 0.0 0.0 0.0 0.0 0.6797900262467191 0.6923076923076923,7.490207954774884,0.35714285714285715,30,0 0 0 0 0 521 -48,0.0 0.0 0.0 0.0 0.0 0.9501312335958005 1.0,10.501312335958005,0.28809523809523807,59,0 0 0 0 0 540 -48,0.0 0.0 0.0 0.0 0.0 1.0 1.0,11.0,0.22857142857142856,109,0 0 0 0 0 418 -64,0.0 0.0 0.0 0.0 0.0 0.6797900262467191 0.6923076923076923,7.490207954774884,0.35714285714285715,30,0 0 0 0 0 521 -48,0.0 0.0 0.0 0.0 0.0 0.9501312335958005 1.0,10.501312335958005,0.28809523809523807,59,0 0 0 0 0 194 -80,0.0 0.0 0.0 0.0 0.0 0.09186351706036745 0.38461538461538464,1.3032505552190592,0.05238095238095238,104
resolved-p14d-c14d-3600-1st/nsp-n10-d28-r0.10-rp0-fp0-s2,0 0 0 0 0 93 -33,0.0 0.0 0.0 0.0 0.0 0.20689655172413793 0.0,2.0689655172413794,0.21428571428571427,64,0 0 0 0 0 116 -29,0.0 0.0 0.0 0.0 0.0 1.0 0.2,10.2,0.12142857142857143,55,0 0 0 0 0 116 -28,0.0 0.0 0.0 0.0 0.0 1.0 0.25,10.25,0.12142857142857143,54,0 0 0 0 0 97 -20,0.0 0.0 0.0 0.0 0.0 0.3448275862068966 0.65,4.098275862068966,0.12142857142857143,114,0 0 0 0 0 110 -28,0.0 0.0 0.0 0.0 0.0 0.7931034482758621 0.25,8.181034482758621,0.37857142857142856,38,0 0 0 0 0 109 -31,0.0 0.0 0.0 0.0 0.0 0.7586206896551724 0.1,7.686206896551724,0.12142857142857143,109,0 0 0 0 0 110 -25,0.0 0.0 0.0 0.0 0.0 0.7931034482758621 0.4,8.331034482758621,0.12142857142857143,188,0 0 0 0 0 100 -13,0.0 0.0 0.0 0.0 0.0 0.4482758620689655 1.0,5.482758620689655,0.4857142857142857,11,0 0 0 0 0 93 -28,0.0 0.0 0.0 0.0 0.0 0.20689655172413793 0.25,2.3189655172413794,0.12142857142857143,61,0 0 0 0 0 102 -28,0.0 0.0 0.0 0.0 0.0 0.5172413793103449 0.25,5.422413793103448,0.12142857142857143,41,0 0 0 0 0 103 -28,0.0 0.0 0.0 0.0 0.0 0.5517241379310345 0.25,5.767241379310345,0.34285714285714286,6,0 0 0 0 0 94 -27,0.0 0.0 0.0 0.0 0.0 0.2413793103448276 0.3,2.7137931034482756,0.12142857142857143,63,0 0 0 0 0 96 -31,0.0 0.0 0.0 0.0 0.0 0.3103448275862069 0.1,3.203448275862069,0.12142857142857143,178,0 0 0 0 0 87 -21,0.0 0.0 0.0 0.0 0.0 0.0 0.6,0.6,0.7,55,0 0 0 0 0 93 -31,0.0 0.0 0.0 0.0 0.0 0.20689655172413793 0.1,2.1689655172413795,0.12142857142857143,154,0 0 0 0 0 96 -30,0.0 0.0 0.0 0.0 0.0 0.3103448275862069 0.15,3.253448275862069,0.12142857142857143,177,0 0 0 0 0 87 -21,0.0 0.0 0.0 0.0 0.0 0.0 0.6,0.6,0.7,55,0 0 0 0 0 93 -31,0.0 0.0 0.0 0.0 0.0 0.20689655172413793 0.1,2.1689655172413795,0.12142857142857143,154,0 0 0 0 0 110 -25,0.0 0.0 0.0 0.0 0.0 0.7931034482758621 0.4,8.331034482758621,0.12142857142857143,23
resolved-p14d-c14d-3600-1st/nsp-n10-d28-r0.10-rp0-fp0-s3,0 0 0 0 0 91 -23,0.0 0.0 0.0 0.0 0.0 0.0 0.875,0.875,0.14285714285714285,98,0 0 0 0 0 102 -26,0.0 0.0 0.0 0.0 0.0 0.4583333333333333 0.5,5.083333333333333,0.09285714285714286,67,0 0 0 0 0 102 -26,0.0 0.0 0.0 0.0 0.0 0.4583333333333333 0.5,5.083333333333333,0.09285714285714286,67,0 0 0 0 0 101 -30,0.0 0.0 0.0 0.0 0.0 0.4166666666666667 0.0,4.166666666666667,0.07142857142857142,55,0 0 0 0 0 106 -22,0.0 0.0 0.0 0.0 0.0 0.625 1.0,7.25,0.2357142857142857,66,0 0 0 0 0 99 -25,0.0 0.0 0.0 0.0 0.0 0.3333333333333333 0.625,3.958333333333333,0.07142857142857142,98,0 0 0 0 0 102 -26,0.0 0.0 0.0 0.0 0.0 0.4583333333333333 0.5,5.083333333333333,0.07142857142857142,108,0 0 0 0 0 100 -22,0.0 0.0 0.0 0.0 0.0 0.375 1.0,4.75,0.4,7,0 0 0 0 0 96 -25,0.0 0.0 0.0 0.0 0.0 0.20833333333333334 0.625,2.7083333333333335,0.07142857142857142,125,0 0 0 0 0 95 -29,0.0 0.0 0.0 0.0 0.0 0.16666666666666666 0.125,1.7916666666666665,0.07142857142857142,113,0 0 0 0 0 94 -27,0.0 0.0 0.0 0.0 0.0 0.125 0.375,1.625,0.37142857142857144,20,0 0 0 0 0 105 -26,0.0 0.0 0.0 0.0 0.0 0.5833333333333334 0.5,6.333333333333334,0.07142857142857142,106,0 0 0 0 0 96 -27,0.0 0.0 0.0 0.0 0.0 0.20833333333333334 0.375,2.4583333333333335,0.07142857142857142,230,0 0 0 0 0 115 -26,0.0 0.0 0.0 0.0 0.0 1.0 0.5,10.5,0.6214285714285714,68,0 0 0 0 0 102 -28,0.0 0.0 0.0 0.0 0.0 0.4583333333333333 0.25,4.833333333333333,0.07142857142857142,207,0 0 0 0 0 96 -27,0.0 0.0 0.0 0.0 0.0 0.20833333333333334 0.375,2.4583333333333335,0.07142857142857142,230,0 0 0 0 0 115 -24,0.0 0.0 0.0 0.0 0.0 1.0 0.75,10.75,0.6214285714285714,67,0 0 0 0 0 102 -28,0.0 0.0 0.0 0.0 0.0 0.4583333333333333 0.25,4.833333333333333,0.07142857142857142,207,0 0 0 0 0 102 -29,0.0 0.0 0.0 0.0 0.0 0.4583333333333333 0.125,4.708333333333333,0.07857142857142857,67
resolved-p14d-c14d-3600-1st/nsp-n20-d28-r0.10-rp2-fp2-s6,6 3 284 1875 0 820 -86,0.0 0.5 0.03081232492997199 0.03686344058778819 0.0 0.026870007262164125 0.48,50345.73538996013,0.007142857142857143,1900,6 3 284 2068 0 799 -90,0.0 0.5 0.03081232492997199 0.061312389156321256 0.0 0.011619462599854757 0.32,50369.87183308204,0.007142857142857143,1821,6 3 283 1944 0 795 -89,0.0 0.5 0.028011204481792718 0.045604256397263745 0.0 0.008714596949891068 0.36,50326.16344718469,0.007142857142857143,1949,6 3 286 1715 0 906 -88,0.0 0.5 0.036414565826330535 0.016594882189004307 0.0 0.08932461873638345 0.4,50382.03378663967,0.007142857142857143,2030,6 3 279 1591 0 837 -83,0.0 0.5 0.01680672268907563 0.000886749429946795 0.0 0.0392156862745098 0.6,50169.94613318345,0.007142857142857143,1894,6 3 279 1637 0 859 -88,0.0 0.5 0.01680672268907563 0.006713959969597162 0.0 0.05519244734931009 0.4,50175.733111333844,0.007142857142857143,1880,6 3 285 1991 0 809 -89,0.0 0.5 0.03361344537815126 0.05155814542690651 0.0 0.01888162672476398 0.36,50388.24141547567,0.007142857142857143,2087,6 3 280 2067 0 788 -90,0.0 0.5 0.0196078431372549 0.06118571066632886 0.0 0.0036310820624546117 0.32,50257.620452859504,0.007142857142857143,1646,6 3 279 1584 0 793 -82,0.0 0.5 0.01680672268907563 0.0 0.0 0.007262164124909223 0.64,50168.779848532,0.007142857142857143,1928,6 3 286 1746 0 873 -89,0.0 0.5 0.036414565826330535 0.020521915378768685 0.0 0.06535947712418301 0.36,50385.68116841331,0.007142857142857143,1992,6 3 279 1584 0 785 -81,0.0 0.5 0.01680672268907563 0.0 0.0 0.0014524328249818446 0.68,50168.761751219005,0.007142857142857143,1935,6 3 279 1584 0 783 -80,0.0 0.5 0.01680672268907563 0.0 0.0 0.0 0.72,50168.78722689076,0.007142857142857143,1936,7 4 620 9478 0 2153 -73,1.0 1.0 0.9719887955182073 1.0 0.0 0.9949164851125636 1.0,1110730.837120033,0.6392857142857142,1372,7 2 627 9096 0 2131 -98,1.0 0.0 0.9915966386554622 0.9516088168229034 0.0 0.9789397240377633 0.0,1010877.3646006179,0.6428571428571429,1579,7 2 630 9097 0 2143 -98,1.0 0.0 1.0 0.9517354953128959 0.0 0.9876543209876543 0.0,1010961.6120385227,0.65,1028,7 4 624 9438 0 2160 -74,1.0 1.0 0.9831932773109243 0.994932860400304 0.0 1.0 0.96,1110837.8256335096,0.6392857142857142,1321,7 2 627 9096 0 2131 -98,1.0 0.0 0.9915966386554622 0.9516088168229034 0.0 0.9789397240377633 0.0,1010877.3646006179,0.6428571428571429,1579,7 2 630 9097 0 2143 -98,1.0 0.0 1.0 0.9517354953128959 0.0 0.9876543209876543 0.0,1010961.6120385227,0.65,1028,6 3 273 1865 0 797 -86,0.0 0.5 0.0 0.0355966556878642 0.0 0.010167029774872912 0.48,50036.17832598562,0.007142857142857143,2112
resolved-p14d-c14d-3600-1st/nsp-n30-d28-r0.10-rp2-fp2-s8,18 127 3 39 1 305 -93,0.75 0.8246753246753247 0.0022727272727272726 0.0 0.125 0.015666489644184812 0.7857142857142857,832503.7021194419,0.009523809523809525,1157,18 127 3 40 1 290 -108,0.75 0.8246753246753247 0.0022727272727272726 7.961783439490445e-05 0.125 0.01168348380244291 0.5714285714285714,832503.5276215036,0.009523809523809525,1118,18 127 3 40 1 300 -96,0.75 0.8246753246753247 0.0022727272727272726 7.961783439490445e-05 0.125 0.014338821030270845 0.7428571428571429,832503.7256034473,0.009523809523809525,1081,15 154 15 118 8 441 -78,0.625 1.0 0.011363636363636364 0.006289808917197453 1.0 0.05177907594264471 1.0,725221.443963313,0.009523809523809525,964,17 148 0 44 1 267 -101,0.7083333333333334 0.961038961038961 0.0 0.0003980891719745223 0.125 0.0055762081784386614 0.6714285714285714,804450.8547170546,0.009523809523809525,1157,17 148 0 44 1 275 -102,0.7083333333333334 0.961038961038961 0.0 0.0003980891719745223 0.125 0.007700477960701009 0.6571428571428571,804450.8616740382,0.009523809523809525,1140,17 140 1 50 1 258 -103,0.7083333333333334 0.9090909090909091 0.0007575757575757576 0.0008757961783439491 0.125 0.003186404673393521 0.6428571428571429,799264.050517368,0.009523809523809525,804,17 148 0 44 1 266 -103,0.7083333333333334 0.961038961038961 0.0 0.0003980891719745223 0.125 0.0053106744556558685 0.6428571428571429,804450.8234902888,0.009523809523809525,1167,17 148 0 44 1 278 -109,0.7083333333333334 0.961038961038961 0.0 0.0003980891719745223 0.125 0.008497079129049389 0.5571428571428572,804450.7696400499,0.009523809523809525,1126,17 141 2 40 1 314 -108,0.7083333333333334 0.9155844155844156 0.0015151515151515152 7.961783439490445e-05 0.125 0.018056293149229952 0.5714285714285714,799920.2580162637,0.009523809523809525,998,17 148 0 44 1 262 -103,0.7083333333333334 0.961038961038961 0.0 0.0003980891719745223 0.125 0.004248539564524694 0.6428571428571429,804450.81286894,0.009523809523809525,1185,17 148 0 45 1 277 -99,0.7083333333333334 0.961038961038961 0.0 0.00047770700636942675 0.125 0.008231545406266597 0.7,804450.9894596899,0.009523809523809525,976,24 32 631 2621 0 1803 -97,1.0 0.2077922077922078 0.478030303030303 0.20557324840764332 0.0 0.41343600637280936 0.7285714285714285,1025769.9599894237,0.009523809523809525,659,0 0 1312 12599 0 4006 -147,0.0 0.0 0.9939393939393939 1.0 0.0 0.9984067976633032 0.014285714285714285,10949.392293084857,0.6404761904761904,276,0 0 1108 11881 0 3670 -124,0.0 0.0 0.8393939393939394 0.9428343949044586 0.0 0.9091874668082847 0.34285714285714286,9346.208520654793,0.6309523809523809,521,24 32 630 2597 0 1792 -98,1.0 0.2077922077922078 0.4772727272727273 0.20366242038216562 0.0 0.41051513542219864 0.7142857142857143,1025760.4299093988,0.009523809523809525,674,0 0 1320 12599 0 4012 -148,0.0 0.0 1.0 1.0 0.0 1.0 0.0,11010.0,0.6428571428571429,249,0 0 1108 11881 0 3670 -123,0.0 0.0 0.8393939393939394 0.9428343949044586 0.0 0.9091874668082847 0.35714285714285715,9346.222806369078,0.6309523809523809,520,17 145 0 48 1 246 -109,0.7083333333333334 0.9415584415584416 0.0 0.0007165605095541401 0.125 0.0 0.5571428571428572,802502.9511925442,0.009523809523809525,1405
resolved-p14d-c14d-3600-1st/nsp-n20-d28-r0.10-rp2-fp2-s9,0 0 0 0 0 96 -13,0.0 0.0 0.0 0.0 0.0 0.34285714285714286 0.8529411764705882,4.281512605042017,0.11071428571428571,96,0 0 0 0 0 99 -26,0.0 0.0 0.0 0.0 0.0 0.42857142857142855 0.47058823529411764,4.756302521008403,0.07857142857142857,104,0 0 0 0 0 99 -26,0.0 0.0 0.0 0.0 0.0 0.42857142857142855 0.47058823529411764,4.756302521008403,0.07857142857142857,104,0 0 0 0 0 113 -17,0.0 0.0 0.0 0.0 0.0 0.8285714285714286 0.7352941176470589,9.021008403361346,0.07857142857142857,186,0 0 0 0 0 108 -13,0.0 0.0 0.0 0.0 0.0 0.6857142857142857 0.8529411764705882,7.7100840336134455,0.2642857142857143,18,0 0 0 0 0 107 -18,0.0 0.0 0.0 0.0 0.0 0.6571428571428571 0.7058823529411765,7.277310924369748,0.07857142857142857,125,0 0 0 0 0 84 -42,0.0 0.0 0.0 0.0 0.0 0.0 0.0,0.0,0.07857142857142857,144,0 0 0 0 0 115 -29,0.0 0.0 0.0 0.0 0.0 0.8857142857142857 0.38235294117647056,9.239495798319329,0.29285714285714287,14,0 0 0 0 0 90 -10,0.0 0.0 0.0 0.0 0.0 0.17142857142857143 0.9411764705882353,2.65546218487395,0.07857142857142857,161,0 0 0 0 0 119 -21,0.0 0.0 0.0 0.0 0.0 1.0 0.6176470588235294,10.617647058823529,0.07857142857142857,219,0 0 0 0 0 102 -25,0.0 0.0 0.0 0.0 0.0 0.5142857142857142 0.5,5.642857142857142,0.26785714285714285,33,0 0 0 0 0 109 -42,0.0 0.0 0.0 0.0 0.0 0.7142857142857143 0.0,7.142857142857143,0.07857142857142857,210,0 0 0 0 0 87 -8,0.0 0.0 0.0 0.0 0.0 0.08571428571428572 1.0,1.8571428571428572,0.07857142857142857,425,0 0 0 0 0 105 -15,0.0 0.0 0.0 0.0 0.0 0.6 0.7941176470588235,6.794117647058823,0.6178571428571429,42,0 0 0 0 0 96 -20,0.0 0.0 0.0 0.0 0.0 0.34285714285714286 0.6470588235294118,4.075630252100841,0.07857142857142857,316,0 0 0 0 0 93 -32,0.0 0.0 0.0 0.0 0.0 0.2571428571428571 0.29411764705882354,2.8655462184873945,0.07857142857142857,416,0 0 0 0 0 105 -15,0.0 0.0 0.0 0.0 0.0 0.6 0.7941176470588235,6.794117647058823,0.6178571428571429,42,0 0 0 0 0 114 -17,0.0 0.0 0.0 0.0 0.0 0.8571428571428571 0.7352941176470589,9.306722689075631,0.07857142857142857,292,0 0 0 0 0 91 -36,0.0 0.0 0.0 0.0 0.0 0.2 0.17647058823529413,2.176470588235294,0.07857142857142857,132
resolved-p14d-c14d-3600-1st/nsp-n50-d28-r0.10-rp2-fp2-s5,36 82 2394 199 10 3326 -63,0.8571428571428571 0.5394736842105263 0.11748633879781421 0.0020473562399857576 0.4166666666666667 0.045512010113780026 0.8633540372670807,912310.1214489329,0.018571428571428572,628,36 82 2392 197 9 3327 -64,0.8571428571428571 0.5394736842105263 0.11639344262295082 0.0019583407512907248 0.375 0.04563843236409608 0.8571428571428571,912294.9318580712,0.018571428571428572,642,36 82 2390 200 11 3326 -64,0.8571428571428571 0.5394736842105263 0.11530054644808743 0.002091863984333274 0.4583333333333333 0.045512010113780026 0.8571428571428571,912292.4684886665,0.018571428571428572,651,38 76 2592 174 3 3262 -94,0.9047619047619048 0.5 0.22568306010928962 0.0009346626312978459 0.125 0.03742098609355247 0.6708074534161491,957033.2150429433,0.018571428571428572,550,37 152 2462 184 6 3142 -84,0.8809523809523809 1.0 0.1546448087431694 0.0013797400747730104 0.25 0.02225031605562579 0.7329192546583851,982526.1642023026,0.07285714285714286,492,36 127 2477 247 6 3202 -53,0.8571428571428571 0.8355263157894737 0.1628415300546448 0.004183727968666548 0.25 0.029835651074589128 0.9254658385093167,942354.3115726688,0.041428571428571426,508,39 70 2633 165 3 3306 -95,0.9285714285714286 0.4605263157894737 0.24808743169398906 0.0005340929321701976 0.125 0.04298356510745891 0.6645962732919255,977119.0629921724,0.018571428571428572,523,38 145 2710 179 5 3561 -84,0.9047619047619048 0.9539473684210527 0.2901639344262295 0.0011572013530354282 0.20833333333333334 0.0752212389380531 0.7329192546583851,1003081.7566146028,0.08285714285714285,201,38 115 2780 255 16 3649 -80,0.9047619047619048 0.756578947368421 0.3284153005464481 0.00453978992344668 0.6666666666666666 0.08634639696586599 0.7577639751552795,983776.7801887463,0.08285714285714285,201,36 78 2736 265 3 3569 -92,0.8571428571428571 0.5131578947368421 0.3043715846994536 0.004984867366921844 0.125 0.07623261694058155 0.6832298136645962,911521.2928868858,0.018571428571428572,484,34 117 2198 325 24 3360 -41,0.8095238095238095 0.7697368421052632 0.010382513661202186 0.007655332027772833 1.0 0.04981036662452592 1.0,886710.472306642,0.09,553,39 125 2565 286 3 3495 -90,0.9285714285714286 0.8223684210526315 0.21092896174863388 0.00591952999821969 0.125 0.06687737041719342 0.6956521739130435,1012937.3442500544,0.047142857142857146,263,33 106 3093 12482 0 8455 -58,0.7857142857142857 0.6973684210526315 0.4994535519125683 0.5487359800605305 0.0 0.6939317319848294 0.8944099378881988,861002.2330459928,0.3585714285714286,387,0 0 4009 22168 0 10876 -195,0.0 0.0 1.0 0.9798379918105751 0.0 1.0 0.043478260869565216,10989.881470071445,0.64,149,0 0 4001 22621 0 10855 -202,0.0 0.0 0.9956284153005465 1.0 0.0 0.9973451327433628 0.0,10966.257604332899,0.6385714285714286,128,33 106 3093 12482 0 8455 -58,0.7857142857142857 0.6973684210526315 0.4994535519125683 0.5487359800605305 0.0 0.6939317319848294 0.8944099378881988,861002.2330459928,0.3585714285714286,387,0 0 4008 22453 0 10867 -194,0.0 0.0 0.9994535519125683 0.9925226989496172 0.0 0.9988621997471555 0.049689440993788817,10997.096529513767,0.6385714285714286,154,0 0 4001 22621 0 10855 -202,0.0 0.0 0.9956284153005465 1.0 0.0 0.9973451327433628 0.0,10966.257604332899,0.6385714285714286,128,42 91 2179 153 11 2966 -99,1.0 0.5986842105263158 0.0 0.0 0.4583333333333333 0.0 0.639751552795031,1059914.8941375178,0.018571428571428572,674
resolved-p14d-c14d-3600-1st/nsp-n50-d28-r0.10-rp2-fp2-s2,27 106 2972 4760 78 7507 -147,0.0 1.0 0.04424157303370786 0.00536613163643271 0.975 0.024319066147859923 0.8805970149253731,100546.40564964991,0.007142857142857143,675,27 106 2971 4744 78 7499 -144,0.0 1.0 0.04353932584269663 0.004606325387026308 0.975 0.02237354085603113 0.9253731343283582,100538.64869235689,0.007142857142857143,687,27 106 2978 4744 78 7498 -144,0.0 1.0 0.04845505617977528 0.004606325387026308 0.975 0.02213035019455253 0.9253731343283582,100587.80356382106,0.007142857142857143,653,27 106 2956 4697 78 7432 -143,0.0 1.0 0.03300561797752809 0.002374394529395004 0.975 0.006079766536964981 0.9402985074626866,100430.93167047751,0.007142857142857143,692,27 106 2909 4647 79 7407 -140,0.0 1.0 0.0 0.0 0.9875 0.0 0.9850746268656716,100099.73507462686,0.007142857142857143,450,27 106 2909 4653 79 7407 -140,0.0 1.0 0.0 0.0002849273435274005 0.9875 0.0 0.9850746268656716,100100.02000197039,0.007142857142857143,446,27 106 2954 4694 78 7441 -140,0.0 1.0 0.03160112359550562 0.002231930857631304 0.975 0.008268482490272374 0.9850746268656716,100416.81092626446,0.007142857142857143,719,27 106 2910 4654 80 7407 -142,0.0 1.0 0.0007022471910112359 0.00033241523411530057 1.0 0.0 0.9552238805970149,100108.31011102482,0.007142857142857143,435,27 106 2910 4654 80 7407 -142,0.0 1.0 0.0007022471910112359 0.00033241523411530057 1.0 0.0 0.9552238805970149,100108.31011102482,0.007142857142857143,435,27 106 2954 4714 78 7441 -140,0.0 1.0 0.03160112359550562 0.003181688669389306 0.975 0.008268482490272374 0.9850746268656716,100417.76068407622,0.007142857142857143,714,27 106 2909 4659 79 7407 -139,0.0 1.0 0.0 0.000569854687054801 0.9875 0.0 1.0,100100.31985468706,0.007142857142857143,445,27 106 2909 4647 79 7407 -140,0.0 1.0 0.0 0.0 0.9875 0.0 0.9850746268656716,100099.73507462686,0.007142857142857143,450,28 8 4333 25705 0 11519 -186,1.0 0.0392156862745098 1.0 1.0 0.0 1.0 0.29850746268656714,1014931.8671349137,0.7385714285714285,31,27 4 4191 25152 0 11349 -206,0.0 0.0 0.9002808988764045 0.9737391965048913 0.0 0.9586575875486382 0.0,9986.134761144423,0.7271428571428571,599,27 5 4200 25228 0 11384 -197,0.0 0.00980392156862745 0.9066011235955056 0.9773482761895717 0.0 0.9671692607003891 0.13432835820895522,11033.557689972586,0.7285714285714285,325,28 8 4333 25705 0 11519 -186,1.0 0.0392156862745098 1.0 1.0 0.0 1.0 0.29850746268656714,1014931.8671349137,0.7385714285714285,31,27 4 4171 25277 0 11308 -200,0.0 0.0 0.8862359550561798 0.9796751828283787 0.0 0.9486867704280155 0.08955223880597014,9851.611153333262,0.7285714285714285,616,27 5 4200 25228 0 11384 -197,0.0 0.00980392156862745 0.9066011235955056 0.9773482761895717 0.0 0.9671692607003891 0.13432835820895522,11033.557689972586,0.7285714285714285,325,27 106 2934 4717 78 7449 -144,0.0 1.0 0.0175561797752809 0.003324152341153006 0.975 0.010214007782101167 0.9253731343283582,100277.41346330612,0.007142857142857143,511
resolved-p14d-c14d-3600-1st/nsp-n20-d28-r0.10-rp2-fp2-s8,8 1 389 1477 29 1594 30,0.1 0.0 0.8480176211453745 0.6130268199233716 0.47368421052631576 0.8111647139903515 0.6410256410256411,109149.32412521068,0.010714285714285714,1383,8 1 389 1477 29 1589 25,0.1 0.0 0.8480176211453745 0.6130268199233716 0.47368421052631576 0.8077188146106133 0.5128205128205128,109149.16146108868,0.010714285714285714,1416,8 1 389 1477 29 1593 24,0.1 0.0 0.8480176211453745 0.6130268199233716 0.47368421052631576 0.8104755341144039 0.48717948717948717,109149.16338725807,0.010714285714285714,1391,7 1 371 1216 33 1621 32,0.0 0.0 0.8083700440528634 0.5019157088122606 0.543859649122807 0.8297725706409372 0.6923076923076923,8648.992147651892,0.010714285714285714,500,8 1 458 2150 30 1853 14,0.1 0.0 1.0 0.8995317156236696 0.49122807017543857 0.9896623018607856 0.23076923076923078,110958.78191489058,0.09642857142857143,478,8 1 453 2386 29 1782 5,0.1 0.0 0.9889867841409692 1.0 0.47368421052631576 0.9407305306685044 0.0,110946.643567769,0.1357142857142857,693,7 1 379 1171 33 1630 34,0.0 0.0 0.8259911894273128 0.4827586206896552 0.543859649122807 0.8359751895244659 0.7435897435897436,8806.159821513898,0.010714285714285714,473,8 1 458 2152 30 1868 15,0.1 0.0 1.0 0.9003831417624522 0.49122807017543857 1.0 0.2564102564102564,110959.76235903641,0.09285714285714286,474,8 1 453 2363 29 1804 8,0.1 0.0 0.9889867841409692 0.9902085994040017 0.47368421052631576 0.9558924879393522 0.07692307692307693,110937.08070982264,0.11785714285714285,814,7 1 371 1176 33 1617 31,0.0 0.0 0.8083700440528634 0.48488718603661135 0.543859649122807 0.8270158511371468 0.6666666666666666,8631.910416655564,0.010714285714285714,507,8 1 458 2156 30 1850 14,0.1 0.0 1.0 0.902085994040017 0.49122807017543857 0.9875947622329428 0.23076923076923078,110961.31551791065,0.08571428571428572,471,8 1 453 2363 29 1800 5,0.1 0.0 0.9889867841409692 0.9902085994040017 0.47368421052631576 0.9531357684355617 0.0,110936.97621955068,0.125,807,16 144 212 341 56 958 44,0.9 0.8125 0.4581497797356828 0.12941677309493402 0.9473684210526315 0.3728463128876637 1.0,986060.3798756859,0.010714285714285714,729,17 168 233 126 59 472 5,1.0 0.9488636363636364 0.5044052863436124 0.037888463175819495 1.0 0.03790489317711923 0.0,1100068.6840119073,0.7714285714285715,1486,17 177 4 37 2 417 18,1.0 1.0 0.0 0.0 0.0 0.0 0.3333333333333333,1100000.3333333333,0.6714285714285714,1468,17 138 209 319 55 956 42,1.0 0.7784090909090909 0.45154185022026433 0.12005108556832694 0.9298245614035088 0.3714679531357684 0.9487179487179487,1082574.0245323004,0.010714285714285714,699,17 168 233 126 59 471 6,1.0 0.9488636363636364 0.5044052863436124 0.037888463175819495 1.0 0.037215713301171606 0.02564102564102564,1100068.7027611341,0.7714285714285715,1491,17 176 4 40 2 419 16,1.0 0.9943181818181818 0.0 0.001277139208173691 0.0 0.0013783597518952446 0.28205128205128205,1099433.391155906,0.6714285714285714,1553,9 1 416 2044 29 1674 17,0.2 0.0 0.9074889867841409 0.8544061302681992 0.47368421052631576 0.8662991040661613 0.3076923076923077,209985.6351025106,0.010714285714285714,1523
resolved-p14d-c14d-3600-1st/nsp-n40-d28-r0.10-rp2-fp2-s7,21 5 1066 4550 1 3140 -146,0.8571428571428571 0.2 0.047766749379652605 0.01755542240862792 0.2 0.030646235842771485 0.6,877658.9865214207,0.007142857142857143,679,22 5 1101 4595 1 3221 -150,1.0 0.2 0.06947890818858561 0.02025164769322948 0.2 0.04863424383744171 0.5428571428571428,1020736.0699291603,0.007142857142857143,482,21 5 1067 4535 1 3135 -147,0.8571428571428571 0.2 0.04838709677419355 0.01665668064709407 0.2 0.029535864978902954 0.5857142857142857,877664.2658641816,0.007142857142857143,645,22 5 1129 4376 1 3305 -146,1.0 0.2 0.08684863523573201 0.0071300179748352305 0.2 0.06728847435043304 0.6,1020896.8892550757,0.007142857142857143,259,20 17 1121 4334 1 3308 -124,0.7142857142857143 1.0 0.08188585607940446 0.004613541042540443 0.2 0.06795469686875416 0.9142857142857143,815130.7802202338,0.04107142857142857,269,20 14 1134 4258 1 3318 -119,0.7142857142857143 0.8 0.08995037220843673 5.9916117435590176e-05 0.2 0.07017543859649122 0.9857142857142858,795206.9653925878,0.04285714285714286,314,22 5 1129 4369 1 3305 -148,1.0 0.2 0.08684863523573201 0.0067106051527860994 0.2 0.06728847435043304 0.5714285714285714,1020896.441270825,0.007142857142857143,270,20 17 1121 4334 1 3308 -124,0.7142857142857143 1.0 0.08188585607940446 0.004613541042540443 0.2 0.06795469686875416 0.9142857142857143,815130.7802202338,0.04107142857142857,269,20 14 1134 4257 1 3316 -118,0.7142857142857143 0.8 0.08995037220843673 0.0 0.2 0.06973129025094381 1.0,795206.9153207012,0.04285714285714286,317,22 5 1129 4394 1 3302 -145,1.0 0.2 0.08684863523573201 0.008208508088675855 0.2 0.06662225183211193 0.6142857142857143,1020897.9753686786,0.007142857142857143,228,20 17 1121 4334 1 3308 -124,0.7142857142857143 1.0 0.08188585607940446 0.004613541042540443 0.2 0.06795469686875416 0.9142857142857143,815130.7802202338,0.04107142857142857,269,20 14 1134 4257 1 3316 -119,0.7142857142857143 0.8 0.08995037220843673 0.0 0.2 0.06973129025094381 0.9857142857142858,795206.901034987,0.04285714285714286,318,16 6 2601 20947 0 7505 -169,0.14285714285714285 0.26666666666666666 1.0 1.0 0.0 1.0 0.2714285714285714,180534.08095238093,0.6464285714285715,28,15 2 2424 20289 1 7284 -188,0.0 0.0 0.8901985111662531 0.9605751947273816 0.2 0.9509216078170108 0.0,9892.069522468084,0.6392857142857142,917,15 3 2489 20450 0 7374 -173,0.0 0.06666666666666667 0.9305210918114144 0.9702216896345117 0.0 0.9709082833666445 0.21428571428571427,16952.022642963275,0.6410714285714286,332,16 6 2601 20947 0 7505 -169,0.14285714285714285 0.26666666666666666 1.0 1.0 0.0 1.0 0.2714285714285714,180534.08095238093,0.6464285714285715,28,15 2 2428 20288 1 7307 -188,0.0 0.0 0.8926799007444168 0.9605152786099461 0.2 0.9560293137908061 0.0,9916.874579192023,0.6410714285714286,897,15 3 2489 20450 0 7374 -173,0.0 0.06666666666666667 0.9305210918114144 0.9702216896345117 0.0 0.9709082833666445 0.21428571428571427,16952.022642963275,0.6410714285714286,332,19 5 989 4353 5 3002 -151,0.5714285714285714 0.2 0.0 0.005751947273816656 1.0 0.0 0.5285714285714286,591534.8519472737,0.007142857142857143,849
resolved-p14d-c14d-3600-1st/nsp-n50-d28-r0.10-rp2-fp2-s4,24 17 2007 5230 0 5195 -128,0.8571428571428571 1.0 0.0004268032437046522 0.0 0.0 0.0012470771628994544 1.0,957148.1376460657,0.03571428571428571,552,24 17 2011 5293 0 5190 -138,0.8571428571428571 1.0 0.002134016218523261 0.0029873393712361897 0.0 0.0004676539360872954 0.855072463768116,957168.0443934166,0.03571428571428571,471,24 17 2007 5306 0 5187 -133,0.8571428571428571 1.0 0.0004268032437046522 0.0036037744795865143 0.0 0.0 0.927536231884058,957151.6564860055,0.03571428571428571,510,25 14 2144 6153 0 5515 -179,1.0 0.7 0.058898847631242 0.04376689269287306 0.0 0.051130163678877634 0.2608695652173913,1070633.5275402074,0.03571428571428571,100,25 14 2144 6153 0 5520 -163,1.0 0.7 0.058898847631242 0.04376689269287306 0.0 0.05190958690568979 0.4927536231884058,1070633.7672184976,0.15,337,25 14 2144 6113 2 5518 -168,1.0 0.7 0.058898847631242 0.04187016928256437 1.0 0.05159781761496492 0.42028985507246375,1070731.7949136263,0.11714285714285715,166,25 14 2144 6153 0 5515 -179,1.0 0.7 0.058898847631242 0.04376689269287306 0.0 0.051130163678877634 0.2608695652173913,1070633.5275402074,0.03571428571428571,100,25 14 2144 6153 0 5520 -170,1.0 0.7 0.058898847631242 0.04376689269287306 0.0 0.05190958690568979 0.391304347826087,1070633.6657692222,0.15142857142857144,357,25 14 2144 6098 1 5538 -168,1.0 0.7 0.058898847631242 0.04115889800369861 0.5 0.05471551052221356 0.42028985507246375,1070681.1148192764,0.11714285714285715,168,25 14 2144 6153 0 5515 -180,1.0 0.7 0.058898847631242 0.04376689269287306 0.0 0.051130163678877634 0.2463768115942029,1070633.5130474537,0.03571428571428571,101,25 14 2144 6153 0 5520 -165,1.0 0.7 0.058898847631242 0.04376689269287306 0.0 0.05190958690568979 0.463768115942029,1070633.7382329903,0.15285714285714286,344,25 14 2144 6098 1 5538 -166,1.0 0.7 0.058898847631242 0.04115889800369861 0.5 0.05471551052221356 0.4492753623188406,1070681.1438047837,0.11714285714285715,167,18 7 4199 26171 0 11421 -190,0.0 0.0 0.9359795134443022 0.9929821233818579 0.0 0.9717848791893998 0.10144927536231885,10362.596555892136,0.6471428571428571,842,18 7 4292 25902 1 11454 -195,0.0 0.0 0.9756722151088348 0.9802266584475319 0.5 0.9769290724863601 0.028985507246376812,10796.747085767991,0.6542857142857142,70,18 7 4349 26201 0 11602 -196,0.0 0.0 1.0 0.9944046659395893 0.0 1.0 0.014492753623188406,11004.419158693212,0.6528571428571428,66,18 7 4235 26319 0 11478 -196,0.0 0.0 0.9513444302176697 1.0 0.0 0.9806703039750585 0.014492753623188406,10523.265497970071,0.6471428571428571,722,18 7 4292 25902 1 11454 -196,0.0 0.0 0.9756722151088348 0.9802266584475319 0.5 0.9769290724863601 0.014492753623188406,10796.732593014367,0.6542857142857142,71,18 7 4349 26201 0 11602 -197,0.0 0.0 1.0 0.9944046659395893 0.0 1.0 0.0,11004.40466593959,0.6528571428571428,67,25 14 2006 5820 0 5360 -149,1.0 0.7 0.0 0.027976670302053204 0.0 0.026968043647700703 0.6956521739130435,1070028.9420029125,0.03571428571428571,475
resolved-p14d-c14d-3600-1st/nsp-n20-d28-r0.10-rp2-fp2-s1,14 3 246 1462 2 793 -66,0.1 0.0 0.8581560283687943 0.9438810006761326 0.10526315789473684 0.9315068493150684 0.075,109545.3576686467,0.014285714285714285,1455,14 3 246 1438 2 796 -64,0.1 0.0 0.8581560283687943 0.9276538201487492 0.10526315789473684 0.9373776908023483 0.1,109529.21419653419,0.014285714285714285,1540,14 3 246 1432 1 798 -63,0.1 0.0 0.8581560283687943 0.9235970250169033 0.05263157894736842 0.9412915851272016 0.1125,109519.94588245086,0.014285714285714285,1610,14 3 286 1403 0 809 -51,0.1 0.0 1.0 0.9039891818796484 0.0 0.9628180039138943 0.2625,110913.87986191879,0.014285714285714285,482,15 3 246 1545 2 802 -72,0.2 0.0 0.8581560283687943 1.0 0.10526315789473684 0.949119373776908 0.0,209601.5777932152,0.014285714285714285,1125,15 3 246 1459 0 796 -61,0.2 0.0 0.8581560283687943 0.9418526031102096 0.0 0.9373776908023483 0.1375,209532.92416370616,0.014285714285714285,1546,14 3 286 1405 0 813 -54,0.1 0.0 1.0 0.905341446923597 0.0 0.9706457925636007 0.225,110915.27290484923,0.014285714285714285,466,15 3 246 1463 1 789 -60,0.2 0.0 0.8581560283687943 0.9445571331981069 0.05263157894736842 0.923679060665362 0.15,209540.76736538744,0.014285714285714285,1522,15 3 246 1470 0 782 -61,0.2 0.0 0.8581560283687943 0.949290060851927 0.0 0.9099804305283757 0.1375,209540.08764884516,0.014285714285714285,1507,13 3 286 1361 0 828 -54,0.0 0.0 1.0 0.8755916159567275 0.0 1.0 0.225,10885.816615956728,0.014285714285714285,517,15 3 246 1502 0 789 -66,0.2 0.0 0.8581560283687943 0.9709263015551048 0.0 0.923679060665362 0.075,209561.7983758497,0.014285714285714285,1362,15 3 246 1467 1 789 -60,0.2 0.0 0.8581560283687943 0.947261663286004 0.05263157894736842 0.923679060665362 0.15,209543.47189547535,0.014285714285714285,1516,22 158 60 314 11 331 -34,0.9 0.8659217877094972 0.19858156028368795 0.16768086544962812 0.5789473684210527 0.0273972602739726 0.475,988804.3189486811,0.014285714285714285,986,22 182 44 144 19 452 8,0.9 1.0 0.14184397163120568 0.05273833671399594 1.0 0.26418786692759294 1.0,1001574.8199316954,0.7964285714285714,1452,22 172 4 66 9 380 -2,0.9 0.9441340782122905 0.0 0.0 0.47368421052631576 0.1232876712328767 0.875,994462.884118994,0.6392857142857142,1648,23 156 50 288 10 317 -32,1.0 0.8547486033519553 0.16312056737588654 0.15010141987829614 0.5263157894736842 0.0 0.5,1087309.2990077802,0.014285714285714285,887,22 182 44 144 19 452 6,0.9 1.0 0.14184397163120568 0.05273833671399594 1.0 0.26418786692759294 0.975,1001574.7949316953,0.7964285714285714,1453,22 171 5 68 9 370 1,0.9 0.9385474860335196 0.0035460992907801418 0.001352265043948614 0.47368421052631576 0.10371819960861056 0.9125,993940.8799643525,0.6392857142857142,1789,15 3 228 1254 0 767 -59,0.2 0.0 0.7943262411347518 0.8032454361054767 0.0 0.8806262230919765 0.1625,208755.47660968392,0.014285714285714285,1812
resolved-p14d-c14d-3600-1st/nsp-n20-d28-r0.10-rp2-fp2-s3,0 0 0 0 0 112 -42,0.0 0.0 0.0 0.0 0.0 0.043209876543209874 0.23255813953488372,0.6646569049669825,0.11071428571428571,156,0 0 0 0 0 120 -34,0.0 0.0 0.0 0.0 0.0 0.09259259259259259 0.4186046511627907,1.3445305770887166,0.08214285714285714,148,0 0 0 0 0 120 -34,0.0 0.0 0.0 0.0 0.0 0.09259259259259259 0.4186046511627907,1.3445305770887166,0.08214285714285714,148,0 0 0 0 0 117 -38,0.0 0.0 0.0 0.0 0.0 0.07407407407407407 0.32558139534883723,1.0663221360895778,0.075,144,0 0 0 0 0 135 -47,0.0 0.0 0.0 0.0 0.0 0.18518518518518517 0.11627906976744186,1.9681309216192935,0.18928571428571428,13,0 0 0 0 0 123 -52,0.0 0.0 0.0 0.0 0.0 0.1111111111111111 0.0,1.1111111111111112,0.075,43,0 0 0 0 0 121 -42,0.0 0.0 0.0 0.0 0.0 0.09876543209876543 0.23255813953488372,1.220212460522538,0.075,172,0 0 0 0 0 145 -25,0.0 0.0 0.0 0.0 0.0 0.24691358024691357 0.627906976744186,3.0970427792133215,0.2714285714285714,21,0 0 0 0 0 117 -34,0.0 0.0 0.0 0.0 0.0 0.07407407407407407 0.4186046511627907,1.1593453919035315,0.075,112,0 0 0 0 0 105 -46,0.0 0.0 0.0 0.0 0.0 0.0 0.13953488372093023,0.13953488372093023,0.075,184,0 0 0 0 0 140 -45,0.0 0.0 0.0 0.0 0.0 0.21604938271604937 0.16279069767441862,2.323284524834912,0.2785714285714286,12,0 0 0 0 0 117 -32,0.0 0.0 0.0 0.0 0.0 0.07407407407407407 0.46511627906976744,1.205857019810508,0.075,100,0 0 0 0 0 123 -48,0.0 0.0 0.0 0.0 0.0 0.1111111111111111 0.09302325581395349,1.2041343669250646,0.075,363,0 0 0 0 0 130 -43,0.0 0.0 0.0 0.0 0.0 0.15432098765432098 0.20930232558139536,1.7525122021246051,0.5857142857142857,51,0 0 0 0 0 205 -26,0.0 0.0 0.0 0.0 0.0 0.6172839506172839 0.6046511627906976,6.777490668963537,0.175,201,0 0 0 0 0 184 -28,0.0 0.0 0.0 0.0 0.0 0.4876543209876543 0.5581395348837209,5.434682744760265,0.075,316,0 0 0 0 0 130 -43,0.0 0.0 0.0 0.0 0.0 0.15432098765432098 0.20930232558139536,1.7525122021246051,0.5857142857142857,51,0 0 0 0 0 267 -9,0.0 0.0 0.0 0.0 0.0 1.0 1.0,11.0,0.3107142857142857,136,0 0 0 0 0 120 -41,0.0 0.0 0.0 0.0 0.0 0.09259259259259259 0.2558139534883721,1.181739879414298,0.07857142857142857,84
resolved-p14d-c14d-3600-1st/nsp-n30-d28-r0.10-rp2-fp2-s0,6 9 689 3188 0 1944 -93,0.0 0.5 0.06982543640897755 0.023073787199347738 0.0 0.06591337099811675 0.967741935483871,50722.955026934585,0.011904761904761904,1192,6 9 689 3240 0 1941 -92,0.0 0.5 0.06982543640897755 0.027313493681206686 0.0 0.0647834274952919 1.0,50727.21569204594,0.011904761904761904,1165,6 9 689 3276 0 1925 -96,0.0 0.5 0.06982543640897755 0.03024867509172442 0.0 0.05875706214689266 0.8709677419354839,50729.961577544906,0.011904761904761904,1147,7 9 634 2905 0 1776 -107,0.3333333333333333 0.5 0.0012468827930174563 0.0 0.0 0.0026365348399246705 0.5161290322580645,383346.34465564415,0.011904761904761904,1347,7 9 660 3188 0 1836 -109,0.3333333333333333 0.5 0.03366583541147132 0.023073787199347738 0.0 0.025235404896421846 0.45161290322580644,383693.76944159955,0.011904761904761904,1432,7 9 659 3123 0 1836 -111,0.3333333333333333 0.5 0.032418952618453865 0.017774154097024052 0.0 0.025235404896421846 0.3870967741935484,383675.93646443804,0.011904761904761904,1487,7 9 633 2974 0 1776 -109,0.3333333333333333 0.5 0.0 0.005625764370158989 0.0 0.0026365348399246705 0.45161290322580644,383339.4370759551,0.011904761904761904,1448,7 9 659 3257 0 1835 -110,0.3333333333333333 0.5 0.032418952618453865 0.028699551569506727 0.0 0.024858757062146894 0.41935483870967744,383686.8903534967,0.011904761904761904,1444,7 9 660 3284 0 1845 -112,0.3333333333333333 0.5 0.03366583541147132 0.030900937627395028 0.0 0.02862523540489642 0.3548387096774194,383701.53371613915,0.011904761904761904,1399,7 9 633 3103 0 1769 -112,0.3333333333333333 0.5 0.0 0.016143497757847534 0.0 0.0 0.3548387096774194,383349.83166980086,0.011904761904761904,1389,7 9 659 3115 0 1836 -112,0.3333333333333333 0.5 0.032418952618453865 0.017121891561353443 0.0 0.025235404896421846 0.3548387096774194,383675.25194383785,0.011904761904761904,1491,7 9 661 3326 0 1854 -112,0.3333333333333333 0.5 0.034912718204488775 0.034325315939665715 0.0 0.032015065913371 0.3548387096774194,383717.46082068665,0.011904761904761904,1362,9 5 1435 13999 0 4415 -94,1.0 0.0 1.0 0.9045250713412148 0.0 0.9966101694915255 0.9354838709677419,1010915.4266569071,0.638095238095238,265,7 13 1375 14435 2 4300 -121,0.3333333333333333 1.0 0.9251870324189526 0.9400733795352629 1.0 0.9532956685499059 0.06451612903225806,443634.87450987264,0.6428571428571429,1195,7 12 1433 15170 1 4424 -123,0.3333333333333333 0.875 0.9975062344139651 1.0 0.5 1.0 0.0,431868.395677473,0.6428571428571429,1276,9 5 1435 14107 0 4391 -95,1.0 0.0 1.0 0.9133306155727681 0.0 0.9875706214689266 0.9032258064516129,1010924.1095475939,0.638095238095238,252,7 13 1373 14471 1 4285 -118,0.3333333333333333 1.0 0.9226932668329177 0.9430085609457807 0.5 0.9476459510357815 0.16129032258064516,443562.9123124412,0.6404761904761904,1247,7 12 1431 15110 0 4411 -123,0.3333333333333333 0.875 0.9950124688279302 0.9951080309824705 0.0 0.9951035781544256 0.0,431788.5170883766,0.6428571428571429,1293,7 9 669 2923 2 1813 -107,0.3333333333333333 0.5 0.04488778054862843 0.0014675907052588667 1.0 0.01657250470809793 0.5161290322580645,383884.3605836042,0.011904761904761904,1095
resolved-p14d-c14d-3600-1st/nsp-n30-d28-r0.10-rp2-fp2-s3,15 97 831 2505 55 2837 -61,0.0 1.0 0.037821482602118005 0.006076388888888889 0.9649122807017544 0.01920838183934808 0.8478260869565217,100481.82235288559,0.016666666666666666,921,15 97 831 2482 55 2830 -59,0.0 1.0 0.037821482602118005 0.004261363636363636 0.9649122807017544 0.015133876600698487 0.8913043478260869,100480.01006084155,0.016666666666666666,931,15 97 831 2432 55 2834 -54,0.0 1.0 0.037821482602118005 0.0003156565656565657 0.9649122807017544 0.017462165308498253 1.0,100476.1963323101,0.016666666666666666,946,16 97 866 2486 57 2949 -79,0.3333333333333333 1.0 0.0907715582450832 0.004577020202020202 1.0 0.08440046565774156 0.45652173913043476,434346.92646238185,0.016666666666666666,517,16 97 806 2443 57 2810 -70,0.3333333333333333 1.0 0.0 0.0011837121212121212 1.0 0.0034924330616996507 0.6521739130434783,433435.2041436982,0.016666666666666666,753,16 97 806 2454 57 2806 -70,0.3333333333333333 1.0 0.0 0.002051767676767677 1.0 0.0011641443538998836 0.6521739130434783,433436.04891636665,0.016666666666666666,738,16 97 866 2489 56 2950 -82,0.3333333333333333 1.0 0.0907715582450832 0.004813762626262626 0.9824561403508771 0.08498253783469151 0.391304347826087,434345.34942217165,0.016666666666666666,507,16 97 810 2428 56 2815 -74,0.3333333333333333 1.0 0.006051437216338881 0.0 0.9824561403508771 0.006402793946449359 0.5652173913043478,433492.7225648626,0.016666666666666666,712,16 97 806 2448 57 2804 -69,0.3333333333333333 1.0 0.0 0.0015782828282828283 1.0 0.0 0.6739130434782609,433435.5855292051,0.016666666666666666,747,16 97 866 2501 56 2950 -82,0.3333333333333333 1.0 0.0907715582450832 0.005760732323232323 0.9824561403508771 0.08498253783469151 0.391304347826087,434346.2963918686,0.016666666666666666,489,16 97 810 2457 56 2826 -75,0.3333333333333333 1.0 0.006051437216338881 0.002288510101010101 0.9824561403508771 0.012805587892898719 0.5434782608695652,433495.0533637726,0.016666666666666666,689,16 97 810 2458 56 2826 -75,0.3333333333333333 1.0 0.006051437216338881 0.0023674242424242425 0.9824561403508771 0.012805587892898719 0.5434782608695652,433495.13227791403,0.016666666666666666,687,18 7 1467 14841 0 4522 -82,1.0 0.021739130434782608 1.0 0.9795612373737373 0.0 1.0 0.391304347826087,1013163.8655851998,0.7380952380952381,858,17 6 1452 14761 0 4471 -91,0.6666666666666666 0.010869565217391304 0.9773071104387292 0.9732481060606061 0.0 0.970314318975553 0.1956521739130435,678509.8411942173,0.7476190476190476,342,17 5 1441 14636 0 4420 -99,0.6666666666666666 0.0 0.9606656580937972 0.9633838383838383 0.0 0.940628637951106 0.021739130434782608,677246.1351114984,0.7357142857142858,565,18 7 1467 14782 0 4522 -83,1.0 0.021739130434782608 1.0 0.974905303030303 0.0 1.0 0.3695652173913043,1013159.187911726,0.7380952380952381,887,17 6 1460 15100 0 4484 -94,0.6666666666666666 0.010869565217391304 0.989409984871407 1.0 0.0 0.9778812572759022 0.13043478260869565,678657.6322844751,0.7428571428571429,294,17 6 1446 14755 0 4437 -100,0.6666666666666666 0.010869565217391304 0.9682299546142209 0.9727746212121212 0.0 0.9505238649592549 0.0,678418.2025944097,0.7380952380952381,513,16 97 811 2486 57 2850 -71,0.3333333333333333 1.0 0.007564296520423601 0.004577020202020202 1.0 0.02677532013969732 0.6304347826086957,433514.4515067236,0.016666666666666666,773
resolved-p14d-c14d-3600-1st/nsp-n10-d28-r0.10-rp0-fp0-s9,0 0 0 0 0 107 -35,0.0 0.0 0.0 0.0 0.0 0.5714285714285714 0.23076923076923078,5.945054945054944,0.2571428571428571,33,0 0 0 0 0 110 -33,0.0 0.0 0.0 0.0 0.0 0.6571428571428571 0.38461538461538464,6.956043956043956,0.22142857142857142,16,0 0 0 0 0 106 -34,0.0 0.0 0.0 0.0 0.0 0.5428571428571428 0.3076923076923077,5.736263736263735,0.20714285714285716,17,0 0 0 0 0 108 -32,0.0 0.0 0.0 0.0 0.0 0.6 0.46153846153846156,6.461538461538462,0.16428571428571428,62,0 0 0 0 0 108 -30,0.0 0.0 0.0 0.0 0.0 0.6 0.6153846153846154,6.615384615384615,0.36428571428571427,23,0 0 0 0 0 104 -32,0.0 0.0 0.0 0.0 0.0 0.4857142857142857 0.46153846153846156,5.318681318681318,0.16428571428571428,43,0 0 0 0 0 106 -32,0.0 0.0 0.0 0.0 0.0 0.5428571428571428 0.46153846153846156,5.89010989010989,0.16428571428571428,89,0 0 0 0 0 112 -25,0.0 0.0 0.0 0.0 0.0 0.7142857142857143 1.0,8.142857142857142,0.36428571428571427,25,0 0 0 0 0 109 -35,0.0 0.0 0.0 0.0 0.0 0.6285714285714286 0.23076923076923078,6.516483516483516,0.16428571428571428,80,0 0 0 0 0 99 -34,0.0 0.0 0.0 0.0 0.0 0.34285714285714286 0.3076923076923077,3.7362637362637363,0.16428571428571428,46,0 0 0 0 0 113 -26,0.0 0.0 0.0 0.0 0.0 0.7428571428571429 0.9230769230769231,8.351648351648352,0.4928571428571429,18,0 0 0 0 0 99 -32,0.0 0.0 0.0 0.0 0.0 0.34285714285714286 0.46153846153846156,3.8901098901098905,0.16428571428571428,64,0 0 0 0 0 103 -33,0.0 0.0 0.0 0.0 0.0 0.45714285714285713 0.38461538461538464,4.956043956043956,0.16428571428571428,159,0 0 0 0 0 87 -31,0.0 0.0 0.0 0.0 0.0 0.0 0.5384615384615384,0.5384615384615384,0.6357142857142857,147,0 0 0 0 0 102 -28,0.0 0.0 0.0 0.0 0.0 0.42857142857142855 0.7692307692307693,5.054945054945055,0.16428571428571428,115,0 0 0 0 0 103 -38,0.0 0.0 0.0 0.0 0.0 0.45714285714285713 0.0,4.571428571428571,0.16428571428571428,163,0 0 0 0 0 122 -37,0.0 0.0 0.0 0.0 0.0 1.0 0.07692307692307693,10.076923076923077,0.5571428571428572,114,0 0 0 0 0 102 -27,0.0 0.0 0.0 0.0 0.0 0.42857142857142855 0.8461538461538461,5.131868131868131,0.16428571428571428,114,0 0 0 0 0 111 -31,0.0 0.0 0.0 0.0 0.0 0.6857142857142857 0.5384615384615384,7.395604395604396,0.20714285714285716,40
resolved-p14d-c14d-3600-1st/nsp-n50-d28-r0.10-rp2-fp2-s1,25 12 1913 5424 1 5179 -226,1.0 0.13186813186813187 0.016689219666215605 0.00048783131877066507 1.0 0.012956017729287419 0.03937007874015748,1013454.3621450502,0.014285714285714285,710,25 12 1913 5421 1 5184 -228,1.0 0.13186813186813187 0.016689219666215605 0.0003252208791804434 1.0 0.013808387316740538 0.023622047244094488,1013454.1923102749,0.014285714285714285,712,25 12 1925 5462 1 5185 -231,1.0 0.13186813186813187 0.02210193955796121 0.0025475635535801397 1.0 0.013978861234231163 0.0,1013510.5199345588,0.014285714285714285,621,25 12 2144 5484 0 5385 -220,1.0 0.13186813186813187 0.12088407758231845 0.003740040110575099 0.0 0.04807364473235595 0.08661417322834646,1014399.9613533675,0.014285714285714285,20,25 12 1886 5428 0 5127 -231,1.0 0.13186813186813187 0.0045105999097880016 0.000704645238224294 0.0 0.004091374019774974 0.0,1013232.6647448895,0.014285714285714285,747,25 12 1886 5429 0 5124 -230,1.0 0.13186813186813187 0.0045105999097880016 0.0007588487180877012 0.0 0.003579952267303103 0.007874015748031496,1013232.7217081676,0.014285714285714285,744,25 12 2144 5484 0 5385 -220,1.0 0.13186813186813187 0.12088407758231845 0.003740040110575099 0.0 0.04807364473235595 0.08661417322834646,1014399.9613533675,0.014285714285714285,20,25 12 1886 5448 0 5120 -229,1.0 0.13186813186813187 0.0045105999097880016 0.0017887148354924385 0.0 0.002898056597340607 0.015748031496062992,1013233.752629344,0.014285714285714285,738,25 12 1876 5445 0 5103 -229,1.0 0.13186813186813187 0.0 0.001626104395902217 0.0 0.0 0.015748031496062992,1013188.4550392405,0.014285714285714285,795,25 12 2144 5504 0 5385 -221,1.0 0.13186813186813187 0.12088407758231845 0.004824109707843243 0.0 0.04807364473235595 0.07874015748031496,1014401.037548949,0.014285714285714285,19,25 12 1886 5489 0 5131 -230,1.0 0.13186813186813187 0.0045105999097880016 0.004011057509892135 0.0 0.00477326968973747 0.007874015748031496,1013235.9858501336,0.014285714285714285,736,25 12 1881 5439 0 5122 -228,1.0 0.13186813186813187 0.0022552999548940008 0.0013008835167217735 0.0 0.0032390044323218547 0.023622047244094488,1013210.7230819705,0.014285714285714285,757,22 91 3316 12690 1 8512 -104,0.88 1.0 0.6495263870094723 0.3943303160062876 1.0 0.581145584725537 1.0,986996.4056419482,0.35714285714285715,413,0 0 4083 23624 0 10952 -211,0.0 0.0 0.995489400090212 0.9869911648327823 0.0 0.9971019434026593 0.15748031496062992,10952.01366548389,0.6514285714285715,79,0 0 4093 23845 0 10969 -211,0.0 0.0 1.0 0.9989701338825953 0.0 1.0 0.15748031496062992,11009.127614197556,0.66,66,20 86 3348 12838 1 8603 -108,0.8 0.945054945054945 0.6639603067207939 0.4023524310260719 1.0 0.5966587112171837 0.968503937007874,901654.3850947777,0.36428571428571427,403,0 0 4083 23624 0 10952 -211,0.0 0.0 0.995489400090212 0.9869911648327823 0.0 0.9971019434026593 0.15748031496062992,10952.01366548389,0.6514285714285715,79,0 0 4091 23864 0 10969 -211,0.0 0.0 0.9990978800180425 1.0 0.0 1.0 0.15748031496062992,11001.136280495386,0.66,75,25 12 1905 5415 0 5183 -230,1.0 0.13186813186813187 0.013080739738385205 0.0 0.0 0.013637913399249914 0.007874015748031496,1013317.7648373467,0.014285714285714285,483
resolved-p14d-c14d-3600-1st/nsp-n20-d28-r0.10-rp2-fp2-s7,0 0 0 0 0 87 -34,0.0 0.0 0.0 0.0 0.0 0.06857142857142857 0.5945945945945946,1.2803088803088802,0.18928571428571428,65,0 0 0 0 0 94 -37,0.0 0.0 0.0 0.0 0.0 0.10857142857142857 0.5135135135135135,1.599227799227799,0.17142857142857143,52,0 0 0 0 0 94 -37,0.0 0.0 0.0 0.0 0.0 0.10857142857142857 0.5135135135135135,1.599227799227799,0.17142857142857143,52,0 0 0 0 0 94 -40,0.0 0.0 0.0 0.0 0.0 0.10857142857142857 0.43243243243243246,1.518146718146718,0.17142857142857143,79,0 0 0 0 0 106 -31,0.0 0.0 0.0 0.0 0.0 0.17714285714285713 0.6756756756756757,2.447104247104247,0.3464285714285714,14,0 0 0 0 0 109 -34,0.0 0.0 0.0 0.0 0.0 0.19428571428571428 0.5945945945945946,2.5374517374517374,0.17142857142857143,73,0 0 0 0 0 92 -51,0.0 0.0 0.0 0.0 0.0 0.09714285714285714 0.13513513513513514,1.1065637065637066,0.17142857142857143,53,0 0 0 0 0 82 -35,0.0 0.0 0.0 0.0 0.0 0.04 0.5675675675675675,0.9675675675675676,0.4035714285714286,8,0 0 0 0 0 103 -40,0.0 0.0 0.0 0.0 0.0 0.16 0.43243243243243246,2.0324324324324325,0.17142857142857143,81,0 0 0 0 0 93 -39,0.0 0.0 0.0 0.0 0.0 0.10285714285714286 0.4594594594594595,1.488030888030888,0.17142857142857143,69,0 0 0 0 0 85 -19,0.0 0.0 0.0 0.0 0.0 0.05714285714285714 1.0,1.5714285714285714,0.4142857142857143,8,0 0 0 0 0 88 -41,0.0 0.0 0.0 0.0 0.0 0.07428571428571429 0.40540540540540543,1.1482625482625484,0.17142857142857143,67,0 0 0 0 0 250 -22,0.0 0.0 0.0 0.0 0.0 1.0 0.918918918918919,10.91891891891892,0.32142857142857145,119,0 0 0 0 0 75 -27,0.0 0.0 0.0 0.0 0.0 0.0 0.7837837837837838,0.7837837837837838,0.6142857142857143,59,0 0 0 0 0 95 -56,0.0 0.0 0.0 0.0 0.0 0.11428571428571428 0.0,1.1428571428571428,0.17142857142857143,249,0 0 0 0 0 250 -22,0.0 0.0 0.0 0.0 0.0 1.0 0.918918918918919,10.91891891891892,0.32142857142857145,119,0 0 0 0 0 75 -27,0.0 0.0 0.0 0.0 0.0 0.0 0.7837837837837838,0.7837837837837838,0.6142857142857143,59,0 0 0 0 0 95 -56,0.0 0.0 0.0 0.0 0.0 0.11428571428571428 0.0,1.1428571428571428,0.17142857142857143,249,0 0 0 0 0 95 -44,0.0 0.0 0.0 0.0 0.0 0.11428571428571428 0.32432432432432434,1.4671814671814671,0.18571428571428572,61
resolved-p14d-c14d-3600-1st/nsp-n40-d28-r0.10-rp2-fp2-s8,0 0 0 0 0 391 -125,0.0 0.0 0.0 0.0 0.0 0.08620689655172414 0.19672131147540983,1.0587902769926512,0.10357142857142858,68,0 0 0 0 0 403 -124,0.0 0.0 0.0 0.0 0.0 0.11206896551724138 0.21311475409836064,1.3338044092707744,0.10178571428571428,61,0 0 0 0 0 403 -124,0.0 0.0 0.0 0.0 0.0 0.11206896551724138 0.21311475409836064,1.3338044092707744,0.10178571428571428,61,0 0 0 0 0 405 -114,0.0 0.0 0.0 0.0 0.0 0.11637931034482758 0.3770491803278688,1.5408422837761446,0.10178571428571428,115,0 0 0 0 0 411 -110,0.0 0.0 0.0 0.0 0.0 0.12931034482758622 0.4426229508196721,1.7357263990955343,0.2892857142857143,32,0 0 0 0 0 428 -137,0.0 0.0 0.0 0.0 0.0 0.16594827586206898 0.0,1.6594827586206897,0.10178571428571428,62,0 0 0 0 0 401 -95,0.0 0.0 0.0 0.0 0.0 0.10775862068965517 0.6885245901639344,1.766110797060486,0.10178571428571428,56,0 0 0 0 0 443 -89,0.0 0.0 0.0 0.0 0.0 0.19827586206896552 0.7868852459016393,2.7696438665912946,0.33214285714285713,23,0 0 0 0 0 410 -97,0.0 0.0 0.0 0.0 0.0 0.1271551724137931 0.6557377049180327,1.9272894290559637,0.10178571428571428,54,0 0 0 0 0 402 -105,0.0 0.0 0.0 0.0 0.0 0.10991379310344827 0.5245901639344263,1.623728094968909,0.10178571428571428,82,0 0 0 0 0 474 -105,0.0 0.0 0.0 0.0 0.0 0.2650862068965517 0.5245901639344263,3.1754522328999433,0.34464285714285714,32,0 0 0 0 0 413 -126,0.0 0.0 0.0 0.0 0.0 0.1336206896551724 0.18032786885245902,1.516534765404183,0.10178571428571428,60,0 0 0 0 0 814 -84,0.0 0.0 0.0 0.0 0.0 0.9978448275862069 0.8688524590163934,10.847300734878461,0.39464285714285713,99,0 0 0 0 0 351 -94,0.0 0.0 0.0 0.0 0.0 0.0 0.7049180327868853,0.7049180327868853,0.6517857142857143,75,0 0 0 0 0 804 -87,0.0 0.0 0.0 0.0 0.0 0.9762931034482759 0.819672131147541,10.582603165630301,0.3517857142857143,147,0 0 0 0 0 815 -84,0.0 0.0 0.0 0.0 0.0 1.0 0.8688524590163934,10.868852459016393,0.39464285714285713,98,0 0 0 0 0 351 -94,0.0 0.0 0.0 0.0 0.0 0.0 0.7049180327868853,0.7049180327868853,0.6517857142857143,75,0 0 0 0 0 810 -76,0.0 0.0 0.0 0.0 0.0 0.9892241379310345 1.0,10.892241379310345,0.3482142857142857,150,0 0 0 0 0 408 -123,0.0 0.0 0.0 0.0 0.0 0.12284482758620689 0.22950819672131148,1.4579564725833805,0.10535714285714286,87
resolved-p14d-c14d-3600-1st/nsp-n10-d28-r0.10-rp0-fp0-s6,3 14 60 668 0 288 -27,1.0 0.3076923076923077 0.14545454545454545 0.1150317572335921 0.0 0.0 0.18181818181818182,1032338.9897991916,0.0,2767,3 14 59 664 0 288 -24,1.0 0.3076923076923077 0.13636363636363635 0.11409080216419666 0.0 0.0 0.25,1032247.2079350314,0.0,2783,3 14 63 662 0 290 -22,1.0 0.3076923076923077 0.17272727272727273 0.11362032462949895 0.0 0.0035398230088495575 0.29545454545454547,1032610.4546739085,0.0,2727,3 2 79 586 2 363 -29,1.0 0.0 0.3181818181818182 0.09574217831098565 1.0 0.13274336283185842 0.13636363636363635,1003379.0241573938,0.0,2958,3 23 69 547 0 323 -22,1.0 0.5384615384615384 0.22727272727272727 0.08656786638438015 0.0 0.061946902654867256 0.29545454545454547,1056206.3639088375,0.02142857142857143,3820,3 24 68 522 0 312 -10,1.0 0.5641025641025641 0.21818181818181817 0.08068689720065866 0.0 0.04247787610619469 0.5681818181818182,1058673.7544498546,0.0,3887,3 2 79 586 2 354 -33,1.0 0.0 0.3181818181818182 0.09574217831098565 1.0 0.1168141592920354 0.045454545454545456,1003378.7739562675,0.0,2970,3 23 70 616 0 317 -16,1.0 0.5384615384615384 0.23636363636363636 0.10279934133145142 0.0 0.05132743362831858 0.4318181818181818,1056313.5346436398,0.02142857142857143,3709,3 24 72 742 1 301 -25,1.0 0.5641025641025641 0.2545454545454545 0.13243942601740766 0.5 0.023008849557522124 0.22727272727272727,1059138.6077429513,0.02142857142857143,3763,3 2 79 606 2 351 -32,1.0 0.0 0.3181818181818182 0.10044695365796283 1.0 0.11150442477876106 0.06818181818181818,1003383.4483615421,0.0,2945,3 23 69 642 1 299 -27,1.0 0.5384615384615384 0.22727272727272727 0.10891554928252176 0.5 0.019469026548672566 0.18181818181818182,1056278.1731766108,0.014285714285714285,3715,3 23 74 584 0 314 -18,1.0 0.5384615384615384 0.2727272727272727 0.09527170077628794 0.0 0.04601769911504425 0.38636363636363635,1056669.5448148304,0.007142857142857143,3541,1 3 148 4230 0 845 -35,0.3333333333333333 0.02564102564102564 0.9454545454545454 0.9529522465302281 0.0 0.9858407079646018 0.0,346314.7920055912,0.55,3372,0 37 45 179 0 432 2,0.0 0.8974358974358975 0.00909090909090909 0.0 0.0 0.25486725663716814 0.8409090909090909,89837.88841615611,0.6928571428571428,3050,0 5 84 1065 1 680 8,0.0 0.07692307692307693 0.36363636363636365 0.20842154787108916 0.5 0.6938053097345133 0.9772727272727273,11595.008202367037,0.5571428571428572,3255,1 3 154 4430 0 853 -32,0.3333333333333333 0.02564102564102564 1.0 1.0 0.0 1.0 0.06818181818181818,346907.50407925405,0.55,3293,0 41 44 179 0 424 -9,0.0 1.0 0.0 0.0 0.0 0.2407079646017699 0.5909090909090909,100002.99798873693,0.6928571428571428,3011,0 6 83 1065 1 672 9,0.0 0.10256410256410256 0.35454545454545455 0.20842154787108916 0.5 0.679646017699115 1.0,14068.082809912881,0.5571428571428572,3235,3 21 100 538 1 308 -21,1.0 0.48717948717948717 0.509090909090909 0.08445071747824041 0.5 0.035398230088495575 0.3181818181818182,1053943.980690455,0.0,3923
resolved-p14d-c14d-3600-1st/nsp-n40-d28-r0.10-rp2-fp2-s4,16 15 1166 3645 0 3128 -176,0.3333333333333333 0.6153846153846154 0.0007127583749109052 0.029349139667376418 0.0 0.003219871205151794 0.625,394908.9287939234,0.025,710,16 15 1166 3667 0 3117 -172,0.3333333333333333 0.6153846153846154 0.0007127583749109052 0.030615180986361283 0.0 0.0006899724011039559 0.675,394910.21953625436,0.025,697,16 15 1166 3667 0 3114 -174,0.3333333333333333 0.6153846153846154 0.0007127583749109052 0.030615180986361283 0.0 0.0 0.65,394910.1876365303,0.025,702,15 16 1240 3224 0 3508 -154,0.0 0.6923076923076923 0.05345687811831789 0.00512171260862059 0.0 0.0906163753449862 0.9,69772.26588831449,0.025,485,17 20 1190 4241 0 3220 -178,0.6666666666666666 1.0 0.01781895937277263 0.06364734994533003 0.0 0.02437902483900644 0.6,766909.3474005881,0.03571428571428571,444,18 15 1190 4239 0 3232 -181,1.0 0.6153846153846154 0.01781895937277263 0.06353225527996777 0.0 0.027138914443422264 0.5625,1061781.0172766137,0.025,401,15 16 1240 3220 0 3508 -153,0.0 0.6923076923076923 0.05345687811831789 0.00489152327789607 0.0 0.0906163753449862 0.9125,69772.04819898376,0.025,486,17 20 1190 4241 0 3220 -178,0.6666666666666666 1.0 0.01781895937277263 0.06364734994533003 0.0 0.02437902483900644 0.6,766909.3474005881,0.03571428571428571,444,17 18 1190 4239 0 3218 -175,0.6666666666666666 0.8461538461538461 0.01781895937277263 0.06353225527996777 0.0 0.02391904323827047 0.6375,751524.6498214913,0.04642857142857143,478,16 15 1248 3327 0 3536 -156,0.3333333333333333 0.6153846153846154 0.05915894511760513 0.011049087874777003 0.0 0.09705611775528979 0.875,395476.2789720232,0.025,453,17 20 1190 4226 4 3253 -154,0.6666666666666666 1.0 0.01781895937277263 0.06278413995511307 1.0 0.031968721251149954 0.9,767008.860087562,0.15714285714285714,446,17 18 1190 4239 0 3219 -177,0.6666666666666666 0.8461538461538461 0.01781895937277263 0.06353225527996777 0.0 0.024149034038638453 0.6125,751524.6271213993,0.04642857142857143,473,17 7 2568 20375 0 7404 -207,0.6666666666666666 0.0 1.0 0.9921160154226851 0.0 0.9866605335786569 0.2375,677668.8867874251,0.6446428571428572,140,15 7 2555 20512 0 7462 -226,0.0 0.0 0.9907341411261582 1.0 0.0 1.0 0.0,10917.341411261583,0.6553571428571429,852,16 7 2541 20498 0 7400 -226,0.3333333333333333 0.0 0.9807555238774056 0.9991943373424642 0.0 0.9857405703771849 0.0,344149.9403151536,0.6464285714285715,441,17 7 2568 20375 0 7404 -207,0.6666666666666666 0.0 1.0 0.9921160154226851 0.0 0.9866605335786569 0.2375,677668.8867874251,0.6446428571428572,140,15 7 2555 20496 0 7462 -226,0.0 0.0 0.9907341411261582 0.9990792426771019 0.0 1.0 0.0,10916.420653938685,0.6553571428571429,854,16 7 2541 20498 0 7400 -226,0.3333333333333333 0.0 0.9807555238774056 0.9991943373424642 0.0 0.9857405703771849 0.0,344149.9403151536,0.6464285714285715,441,17 15 1165 3135 0 3189 -146,0.6666666666666666 0.6153846153846154 0.0 0.0 0.0 0.017249310027598896 1.0,728206.3006982284,0.025,741
resolved-p14d-c14d-3600-1st/nsp-n10-d28-r0.10-rp0-fp0-s8,2 3 28 319 2 268 -15,0.1111111111111111 0.012658227848101266 0.4727272727272727 0.5249569707401033 0.5 0.5434782608695652 0.3939393939393939,117684.9923159367,0.03571428571428571,3195,2 3 28 319 2 269 -17,0.1111111111111111 0.012658227848101266 0.4727272727272727 0.5249569707401033 0.5 0.5489130434782609 0.3333333333333333,117684.98605770218,0.03571428571428571,3189,2 3 30 330 2 281 -19,0.1111111111111111 0.012658227848101266 0.509090909090909 0.5438898450946644 0.5 0.6141304347826086 0.2727272727272727,118068.14686354554,0.03571428571428571,2864,1 2 12 188 0 179 -15,0.0 0.0 0.18181818181818182 0.29948364888123924 0.0 0.059782608695652176 0.3939393939393939,2118.6572325439533,0.03571428571428571,2633,3 2 50 338 1 328 -11,0.2222222222222222 0.0 0.8727272727272727 0.5576592082616179 0.25 0.8695652173913043 0.5151515151515151,231541.36496144562,0.05,3783,2 3 54 331 1 342 -5,0.1111111111111111 0.012658227848101266 0.9454545454545454 0.5456110154905336 0.25 0.9456521739130435 0.696969696969697,122412.24385739332,0.05,3718,1 2 12 186 0 179 -23,0.0 0.0 0.18181818181818182 0.29604130808950085 0.0 0.059782608695652176 0.15151515151515152,2114.972467509791,0.03571428571428571,2667,3 2 53 340 1 331 -13,0.2222222222222222 0.0 0.9272727272727272 0.5611015490533563 0.25 0.8858695652173914 0.45454545454545453,232090.36428510956,0.04285714285714286,3628,2 4 57 333 3 347 -5,0.1111111111111111 0.02531645569620253 1.0 0.5490533562822719 0.75 0.9728260869565217 0.696969696969697,124277.23526758017,0.05,3599,1 2 12 290 0 187 -17,0.0 0.0 0.18181818181818182 0.4750430292598967 0.0 0.10326086956521739 0.3333333333333333,2294.5907894707007,0.03571428571428571,2539,3 2 50 337 1 339 -13,0.2222222222222222 0.0 0.8727272727272727 0.5559380378657487 0.25 0.9293478260869565 0.45454545454545453,231540.1810110761,0.05,3797,2 3 56 333 4 348 -5,0.1111111111111111 0.012658227848101266 0.9818181818181818 0.5490533562822719 1.0 0.9782608695652174 0.696969696969697,122854.64864877795,0.05,3640,2 9 8 20 0 168 -14,0.1111111111111111 0.08860759493670886 0.10909090909090909 0.010327022375215147 0.0 0.0 0.42424242424242425,121073.53096049055,0.03571428571428571,2472,10 81 9 21 1 349 5,1.0 1.0 0.12727272727272726 0.012048192771084338 0.25 0.9836956521739131 1.0,1101320.6124220202,0.7,3094,10 81 2 14 0 324 -8,1.0 1.0 0.0 0.0 0.0 0.8478260869565217 0.6060606060606061,1100009.0843214756,0.6214285714285714,3237,2 9 9 26 0 168 -9,0.1111111111111111 0.08860759493670886 0.12727272727272726 0.020654044750430294 0.0 0.0 0.5757575757575758,121265.82767983546,0.03571428571428571,2424,10 81 5 21 1 341 -4,1.0 1.0 0.05454545454545454 0.012048192771084338 0.25 0.9402173913043478 0.7272727272727273,1100592.632184866,0.7,3447,10 80 2 14 0 352 -6,1.0 0.9873417721518988 0.0 0.0 0.0 1.0 0.6666666666666666,1098744.8438818567,0.6571428571428571,3375,3 18 57 595 0 301 -28,0.2222222222222222 0.20253164556962025 1.0 1.0 0.0 0.7228260869565217 0.0,253482.61504005382,0.03571428571428571,3351
resolved-p14d-c14d-3600-1st/nsp-n50-d28-r0.10-rp2-fp2-s6,13 13 1912 5892 0 5209 -231,0.0 1.0 0.02566158781074579 0.005295980993862601 0.0 0.005668398677373642 0.5263157894736842,100262.49485887757,0.014285714285714285,743,13 13 1912 5785 2 5220 -222,0.0 1.0 0.02566158781074579 0.0 0.5 0.007400409384348922 0.7631578947368421,100307.45304009604,0.014285714285714285,756,13 13 1912 5792 2 5210 -220,0.0 1.0 0.02566158781074579 0.0003464660463274599 0.5 0.005825854196189577 0.8157894736842105,100307.83639216943,0.014285714285714285,752,13 13 1924 5953 0 5251 -230,0.0 1.0 0.030473135525260625 0.008315185111859039 0.0 0.01228153046764289 0.5526315789473685,100313.7219872481,0.014285714285714285,771,13 13 1919 5841 0 5249 -227,0.0 1.0 0.02846832397754611 0.0027717283706196793 0.0 0.011966619430011021 0.631578947368421,100288.20621328775,0.014285714285714285,522,13 13 1919 5841 0 5249 -227,0.0 1.0 0.02846832397754611 0.0027717283706196793 0.0 0.011966619430011021 0.631578947368421,100288.20621328775,0.014285714285714285,522,13 13 1927 5946 0 5227 -230,0.0 1.0 0.031676022453889334 0.007968719065531578 0.0 0.008502598016060462 0.5526315789473685,100325.36660116354,0.014285714285714285,757,13 13 1919 5841 0 5249 -227,0.0 1.0 0.02846832397754611 0.0027717283706196793 0.0 0.011966619430011021 0.631578947368421,100288.20621328775,0.014285714285714285,522,13 13 1919 5841 0 5249 -227,0.0 1.0 0.02846832397754611 0.0027717283706196793 0.0 0.011966619430011021 0.631578947368421,100288.20621328775,0.014285714285714285,522,13 13 1926 5946 0 5234 -230,0.0 1.0 0.03127506014434643 0.007968719065531578 0.0 0.009604786647772005 0.5526315789473685,100321.36799995443,0.014285714285714285,763,13 13 1919 5841 0 5249 -227,0.0 1.0 0.02846832397754611 0.0027717283706196793 0.0 0.011966619430011021 0.631578947368421,100288.20621328775,0.014285714285714285,522,13 13 1919 5841 0 5249 -227,0.0 1.0 0.02846832397754611 0.0027717283706196793 0.0 0.011966619430011021 0.631578947368421,100288.20621328775,0.014285714285714285,522,20 8 4269 25251 0 11375 -225,1.0 0.0 0.970729751403368 0.9634725796871907 0.0 0.9765391276964258 0.6842105263157895,1010681.2196955242,0.6385714285714286,117,18 8 4330 25649 0 11494 -243,0.7142857142857143 0.0 0.9951884522854851 0.9831716491783805 0.0 0.995276334435522 0.21052631578947367,725230.9337474077,0.6414285714285715,199,19 8 4342 25783 1 11524 -251,0.8571428571428571 0.0 1.0 0.9898039992080776 0.25 1.0 0.0,868167.6611420651,0.6414285714285715,105,20 8 4269 25251 0 11375 -225,1.0 0.0 0.970729751403368 0.9634725796871907 0.0 0.9765391276964258 0.6842105263157895,1010681.2196955242,0.6385714285714286,117,18 8 4329 25989 0 11499 -246,0.7142857142857143 0.0 0.9947874899759422 1.0 0.0 0.9960636120296016 0.13157894736842105,725243.6814005414,0.6414285714285715,204,19 8 4342 25783 1 11524 -251,0.8571428571428571 0.0 1.0 0.9898039992080776 0.25 1.0 0.0,868167.6611420651,0.6414285714285715,105,13 13 1848 5805 4 5173 -213,0.0 1.0 0.0 0.0009899029895070284 1.0 0.0 1.0,100101.9899029895,0.014285714285714285,620
resolved-p14d-c14d-3600-1st/nsp-n40-d28-r0.10-rp2-fp2-s5,19 188 1473 3509 46 4558 -86,0.0 0.005291005291005291 1.0 0.996152707901746 0.4647887323943662 0.9902642559109874 0.06,11581.694752800822,0.019642857142857142,599,19 188 1473 3509 46 4558 -86,0.0 0.005291005291005291 1.0 0.996152707901746 0.4647887323943662 0.9902642559109874 0.06,11581.694752800822,0.019642857142857142,599,19 188 1473 3499 46 4566 -86,0.0 0.005291005291005291 1.0 0.9931932524415508 0.4647887323943662 0.9924895688456189 0.06,11578.757550469973,0.019642857142857142,615,20 187 1448 3208 50 4413 -95,0.02702702702702703 0.0026455026455026454 0.9829467939972715 0.9070730985498668 0.5211267605633803 0.9499304589707928 0.0,38089.73031074592,0.019642857142857142,125,20 188 1473 3522 46 4571 -86,0.02702702702702703 0.005291005291005291 1.0 1.0 0.4647887323943662 0.9938803894297635 0.06,38612.605233261296,0.019642857142857142,305,20 188 1473 3522 46 4572 -86,0.02702702702702703 0.005291005291005291 1.0 1.0 0.4647887323943662 0.9941585535465924 0.06,38612.608014902464,0.019642857142857142,304,20 186 1449 3169 47 4420 -92,0.02702702702702703 0.0 0.9836289222373806 0.8955312222551051 0.4788732394366197 0.9518776077885953 0.02,37816.27357167749,0.019642857142857142,139,20 188 1473 3522 46 4578 -86,0.02702702702702703 0.005291005291005291 1.0 1.0 0.4647887323943662 0.9958275382475661 0.06,38612.62470474947,0.019642857142857142,302,20 188 1473 3522 46 4574 -86,0.02702702702702703 0.005291005291005291 1.0 1.0 0.4647887323943662 0.9947148817802504 0.06,38612.6135781848,0.019642857142857142,303,20 186 1449 3189 50 4429 -92,0.02702702702702703 0.0 0.9836289222373806 0.9014501331754957 0.5211267605633803 0.9543810848400557 0.02,37826.44286948107,0.019642857142857142,133,20 188 1473 3522 46 4578 -86,0.02702702702702703 0.005291005291005291 1.0 1.0 0.4647887323943662 0.9958275382475661 0.06,38612.62470474947,0.019642857142857142,302,20 188 1473 3522 46 4572 -86,0.02702702702702703 0.005291005291005291 1.0 1.0 0.4647887323943662 0.9941585535465924 0.06,38612.608014902464,0.019642857142857142,304,55 558 342 523 83 1492 47,0.972972972972973 0.9841269841269841 0.22851296043656208 0.11245930748742232 0.9859154929577465 0.13741307371349096 0.9466666666666667,1073884.172644224,0.39107142857142857,403,25 366 80 147 20 1103 -53,0.16216216216216217 0.47619047619047616 0.049795361527967257 0.0011837821840781297 0.09859154929577464 0.02920723226703755 0.28,210290.77840592578,0.7392857142857143,715,24 376 7 174 13 999 -63,0.13513513513513514 0.5026455026455027 0.0 0.009174311926605505 0.0 0.0002781641168289291 0.21333333333333335,185409.07582658652,0.7482142857142857,806,56 564 370 659 84 1540 55,1.0 1.0 0.247612551159618 0.15270790174607873 1.0 0.15076495132127957 1.0,1102731.3410628554,0.3535714285714286,445,25 365 80 143 20 1099 -52,0.16216216216216217 0.47354497354497355 0.049795361527967257 0.0 0.09859154929577464 0.028094575799721837 0.2866666666666667,210025.03989929342,0.7392857142857143,784,24 377 14 179 13 998 -64,0.13513513513513514 0.5052910052910053 0.0047748976807639835 0.010654039656703166 0.0 0.0 0.20666666666666667,185722.8453473667,0.7482142857142857,759,19 188 1469 3303 46 4593 -56,0.0 0.005291005291005291 0.9972714870395635 0.9351879254217224 0.4647887323943662 1.0 0.26,11493.742198157324,0.019642857142857142,746
resolved-p14d-c14d-3600-1st/nsp-n20-d28-r0.10-rp2-fp2-s0,0 0 0 0 0 106 -44,0.0 0.0 0.0 0.0 0.0 0.7241379310344828 0.42857142857142855,7.669950738916256,0.10714285714285714,78,0 0 0 0 0 87 -41,0.0 0.0 0.0 0.0 0.0 0.06896551724137931 0.5357142857142857,1.2253694581280787,0.07857142857142857,142,0 0 0 0 0 87 -41,0.0 0.0 0.0 0.0 0.0 0.06896551724137931 0.5357142857142857,1.2253694581280787,0.07857142857142857,142,0 0 0 0 0 96 -35,0.0 0.0 0.0 0.0 0.0 0.3793103448275862 0.75,4.543103448275862,0.07857142857142857,111,0 0 0 0 0 96 -34,0.0 0.0 0.0 0.0 0.0 0.3793103448275862 0.7857142857142857,4.578817733990148,0.2857142857142857,11,0 0 0 0 0 87 -50,0.0 0.0 0.0 0.0 0.0 0.06896551724137931 0.21428571428571427,0.9039408866995075,0.07857142857142857,84,0 0 0 0 0 93 -46,0.0 0.0 0.0 0.0 0.0 0.27586206896551724 0.35714285714285715,3.11576354679803,0.07857142857142857,277,0 0 0 0 0 104 -44,0.0 0.0 0.0 0.0 0.0 0.6551724137931034 0.42857142857142855,6.980295566502463,0.2357142857142857,19,0 0 0 0 0 114 -37,0.0 0.0 0.0 0.0 0.0 1.0 0.6785714285714286,10.678571428571429,0.07857142857142857,156,0 0 0 0 0 111 -51,0.0 0.0 0.0 0.0 0.0 0.896551724137931 0.17857142857142858,9.144088669950738,0.07857142857142857,126,0 0 0 0 0 103 -56,0.0 0.0 0.0 0.0 0.0 0.6206896551724138 0.0,6.206896551724138,0.26785714285714285,24,0 0 0 0 0 94 -42,0.0 0.0 0.0 0.0 0.0 0.3103448275862069 0.5,3.603448275862069,0.07857142857142857,126,0 0 0 0 0 85 -46,0.0 0.0 0.0 0.0 0.0 0.0 0.35714285714285715,0.35714285714285715,0.07857142857142857,278,0 0 0 0 0 102 -28,0.0 0.0 0.0 0.0 0.0 0.5862068965517241 1.0,6.862068965517241,0.5642857142857143,101,0 0 0 0 0 105 -46,0.0 0.0 0.0 0.0 0.0 0.6896551724137931 0.35714285714285715,7.253694581280788,0.07857142857142857,364,0 0 0 0 0 85 -48,0.0 0.0 0.0 0.0 0.0 0.0 0.2857142857142857,0.2857142857142857,0.07857142857142857,279,0 0 0 0 0 102 -28,0.0 0.0 0.0 0.0 0.0 0.5862068965517241 1.0,6.862068965517241,0.5642857142857143,101,0 0 0 0 0 105 -55,0.0 0.0 0.0 0.0 0.0 0.6896551724137931 0.03571428571428571,6.932266009852217,0.07857142857142857,371,0 0 0 0 0 94 -36,0.0 0.0 0.0 0.0 0.0 0.3103448275862069 0.7142857142857143,3.8177339901477834,0.07857142857142857,163
resolved-p14d-c14d-3600-1st/nsp-n10-d28-r0.10-rp0-fp0-s1,8 1 45 397 0 309 -26,0.16666666666666666 0.0 0.75 0.6044303797468354 0.0 0.6594827586206896 0.29411764705882354,174777.98599164677,0.014285714285714285,3354,8 1 45 397 0 306 -26,0.16666666666666666 0.0 0.75 0.6044303797468354 0.0 0.646551724137931 0.29411764705882354,174777.85668130193,0.014285714285714285,3360,8 1 46 395 0 310 -29,0.16666666666666666 0.0 0.7666666666666667 0.6012658227848101 0.0 0.6637931034482759 0.11764705882352941,174941.35473421143,0.014285714285714285,3315,7 1 11 28 0 160 -25,0.0 0.0 0.18333333333333332 0.020569620253164556 0.0 0.017241379310344827 0.35294117647058826,1854.428308556072,0.014285714285714285,1707,10 1 59 616 1 367 -19,0.5 0.0 0.9833333333333333 0.9509493670886076 0.07692307692307693 0.9094827586206896 0.7058823529411765,510801.7757180534,0.014285714285714285,3527,10 1 59 616 1 367 -19,0.5 0.0 0.9833333333333333 0.9509493670886076 0.07692307692307693 0.9094827586206896 0.7058823529411765,510801.7757180534,0.014285714285714285,3527,7 1 11 28 0 156 -27,0.0 0.0 0.18333333333333332 0.020569620253164556 0.0 0.0 0.23529411764705882,1854.1382477041448,0.014285714285714285,1721,10 1 59 615 1 359 -24,0.5 0.0 0.9833333333333333 0.9493670886075949 0.07692307692307693 0.875 0.4117647058823529,510799.5544943391,0.014285714285714285,3547,10 1 59 615 1 388 -17,0.5 0.0 0.9833333333333333 0.9493670886075949 0.07692307692307693 1.0 0.8235294117647058,510801.216259045,0.014285714285714285,3537,7 1 11 28 0 166 -31,0.0 0.0 0.18333333333333332 0.020569620253164556 0.0 0.04310344827586207 0.0,1854.3339880692565,0.014285714285714285,1680,10 1 60 647 1 355 -25,0.5 0.0 1.0 1.0 0.07692307692307693 0.8577586206896551 0.35294117647058826,511016.62283507566,0.014285714285714285,3313,10 1 59 626 1 378 -20,0.5 0.0 0.9833333333333333 0.9667721518987342 0.07692307692307693 0.9568965517241379 0.6470588235294118,510818.01381726516,0.014285714285714285,3495,10 23 31 152 10 252 -22,0.5 0.24719101123595505 0.5166666666666667 0.21677215189873417 0.7692307692307693 0.41379310344827586 0.5294117647058824,530184.1303618832,0.014285714285714285,2058,12 88 0 15 0 293 -18,0.8333333333333334 0.9775280898876404 0.0 0.0 0.0 0.5905172413793104 0.7647058823529411,931092.8122003935,0.6928571428571428,3780,13 89 0 23 2 353 -14,1.0 0.9887640449438202 0.0 0.012658227848101266 0.15384615384615385 0.8491379310344828 1.0,1098913.938716925,0.7,3564,10 24 30 154 13 254 -21,0.5 0.25842696629213485 0.5 0.2199367088607595 1.0 0.4224137931034483 0.5882352941176471,531167.4457112994,0.014285714285714285,2016,12 88 0 16 0 304 -22,0.8333333333333334 0.9775280898876404 0.0 0.0015822784810126582 0.0 0.6379310344827587 0.5294117647058824,931094.6333226879,0.7142857142857143,3421,13 90 0 17 0 327 -18,1.0 1.0 0.0 0.0031645569620253164 0.0 0.7370689655172413 0.7647058823529411,1100011.2999524996,0.7,3250,8 1 33 332 0 317 -26,0.16666666666666666 0.0 0.55 0.5015822784810127 0.0 0.6939655172413793 0.29411764705882354,172675.48271796716,0.014285714285714285,3535
resolved-p14d-c14d-3600-1st/nsp-n30-d28-r0.10-rp2-fp2-s6,11 88 760 2494 46 2614 -67,0.0 0.0 0.0 0.9005449591280654 0.1044776119402985 0.5702066999287242 0.04054054054054054,916.7353278619231,0.011904761904761904,780,11 88 760 2489 47 2613 -64,0.0 0.0 0.0 0.8982742960944596 0.11940298507462686 0.5694939415538133 0.060810810810810814,915.9703448282712,0.011904761904761904,783,11 88 760 2352 46 2600 -65,0.0 0.0 0.0 0.8360581289736603 0.1044776119402985 0.5602280826799715 0.05405405405405406,852.1622250485439,0.011904761904761904,837,11 88 956 2713 45 3217 -69,0.0 0.0 0.08322717622080679 1.0 0.08955223880597014 1.0 0.02702702702702703,1851.254013115692,0.011904761904761904,23,11 88 792 2581 46 2667 -58,0.0 0.0 0.013588110403397028 0.9400544959128065 0.1044776119402985 0.6079828937990022 0.10135135135135136,1092.564541430148,0.011904761904761904,404,11 88 790 2580 45 2667 -59,0.0 0.0 0.012738853503184714 0.9396003633060854 0.08955223880597014 0.6079828937990022 0.0945945945945946,1082.1185457511142,0.011904761904761904,426,11 88 956 2713 45 3217 -69,0.0 0.0 0.08322717622080679 1.0 0.08955223880597014 1.0 0.02702702702702703,1851.254013115692,0.011904761904761904,23,11 88 794 2576 46 2675 -68,0.0 0.0 0.014437367303609342 0.9377838328792008 0.1044776119402985 0.6136849607982894 0.033783783783783786,1098.7759005010907,0.011904761904761904,374,11 88 795 2580 48 2676 -66,0.0 0.0 0.014861995753715499 0.9396003633060854 0.13432835820895522 0.6143977191732003 0.0472972972972973,1107.8444311531653,0.011904761904761904,364,11 88 956 2713 45 3217 -69,0.0 0.0 0.08322717622080679 1.0 0.08955223880597014 1.0 0.02702702702702703,1851.254013115692,0.011904761904761904,23,11 88 791 2573 46 2667 -62,0.0 0.0 0.013163481953290871 0.9364214350590372 0.1044776119402985 0.6079828937990022 0.07432432432432433,1084.6581690482901,0.011904761904761904,414,11 88 790 2545 45 2660 -58,0.0 0.0 0.012738853503184714 0.9237057220708447 0.08955223880597014 0.6029935851746258 0.10135135135135136,1066.1807681863863,0.011904761904761904,456,39 272 2222 1237 106 2019 36,0.9032258064516129 0.989247311827957 0.6208067940552017 0.329700272479564 1.0 0.14611546685673557 0.7364864864864865,1008790.5034885951,0.02857142857142857,633,23 210 3087 565 40 1814 64,0.3870967741935484 0.6559139784946236 0.9881104033970276 0.02452316076294278 0.014925373134328358 0.0 0.9256756756756757,462596.21745073306,0.7761904761904762,995,25 229 2311 621 49 1916 75,0.45161290322580644 0.7580645161290323 0.6585987261146496 0.049954586739327886 0.14925373134328357 0.07270135424091233 1.0,534071.9490732722,0.7952380952380952,804,42 274 2375 1249 104 2079 36,1.0 1.0 0.6857749469214437 0.335149863760218 0.9701492537313433 0.18888096935138987 0.7364864864864865,1107292.5395545277,0.06190476190476191,604,23 210 3115 511 39 1863 63,0.3870967741935484 0.6559139784946236 1.0 0.0 0.0 0.03492516037063435 0.918918918918919,462689.44021353335,0.7761904761904762,951,25 230 2324 573 51 1865 75,0.45161290322580644 0.7634408602150538 0.6641188959660297 0.02815622161671208 0.1791044776119403 0.036350677120456164 1.0,534645.6083831212,0.7952380952380952,794,11 88 804 2562 45 2715 -73,0.0 0.0 0.018683651804670912 0.9314259763851045 0.08955223880597014 0.6421952957947256 0.0,1133.639671270358,0.011904761904761904,954
resolved-p14d-c14d-3600-1st/nsp-n20-d28-r0.10-rp2-fp2-s5,9 6 235 1188 0 737 -22,0.5 0.2857142857142857 0.0 0.0 0.0 0.0013513513513513514 0.24528301886792453,528571.6873679609,0.010714285714285714,1587,9 6 245 1339 0 753 -21,0.5 0.2857142857142857 0.023923444976076555 0.019676830857440708 0.0 0.012162162162162163 0.2641509433962264,528830.7256246118,0.010714285714285714,1060,9 6 235 1225 0 735 -27,0.5 0.2857142857142857 0.0 0.0048214751107636174 0.0 0.0 0.1509433962264151,528576.4009899356,0.010714285714285714,1478,9 6 265 1216 0 817 -17,0.5 0.2857142857142857 0.07177033492822966 0.0036486838676048996 0.0 0.05540540540540541 0.33962264150943394,529293.6742812741,0.010714285714285714,1580,10 5 271 1631 0 853 -19,0.75 0.14285714285714285 0.0861244019138756 0.05772739119103466 0.0 0.07972972972972973 0.3018867924528302,765205.7848801338,0.014285714285714285,1649,10 6 273 1779 0 844 -24,0.75 0.2857142857142857 0.09090909090909091 0.07701329163408913 0.0 0.07364864864864865 0.20754716981132076,779558.4768058099,0.010714285714285714,1145,9 6 265 1204 0 819 -13,0.5 0.2857142857142857 0.07177033492822966 0.0020849622100599426 0.0 0.05675675675675676 0.41509433962264153,529292.1995448282,0.010714285714285714,1651,10 5 271 1652 1 851 -21,0.75 0.14285714285714285 0.0861244019138756 0.06046390409173834 0.5 0.07837837837837838 0.2641509433962264,765258.470143672,0.014285714285714285,1608,10 6 271 1629 0 843 -21,0.75 0.2857142857142857 0.0861244019138756 0.05746677091477717 0.0 0.07297297297297298 0.2641509433962264,779491.1332421552,0.014285714285714285,1603,9 6 265 1204 0 843 -13,0.5 0.2857142857142857 0.07177033492822966 0.0020849622100599426 0.0 0.07297297297297298 0.41509433962264153,529292.3617069903,0.010714285714285714,1631,10 6 272 1714 0 839 -15,0.75 0.2857142857142857 0.08851674641148326 0.06854313265572061 0.0 0.07027027027027027 0.37735849056603776,779526.2192293924,0.014285714285714285,1390,10 6 272 1779 1 854 -26,0.75 0.2857142857142857 0.08851674641148326 0.07701329163408913 0.5 0.0804054054054054 0.16981132075471697,779584.5831925523,0.010714285714285714,1241,9 10 589 7258 0 2021 -11,0.5 0.8571428571428571 0.84688995215311 0.7909825384414908 0.0 0.8689189189189189 0.4528301886792453,594983.3097936362,0.6357142857142857,1247,8 5 552 7128 0 1955 7,0.25 0.14285714285714285 0.7583732057416268 0.7740422204847537 0.0 0.8243243243243243 0.7924528301886793,272652.52425968874,0.6607142857142857,1269,11 4 653 8862 0 2208 -35,1.0 0.0 1.0 1.0 0.0 0.9952702702702703 0.0,1011009.9527027027,0.65,987,9 11 596 7448 0 2032 -14,0.5 1.0 0.8636363636363636 0.8157414646859525 0.0 0.8763513513513513 0.39622641509433965,609461.2648409782,0.6357142857142857,1209,7 5 550 6337 0 1969 18,0.0 0.14285714285714285 0.7535885167464115 0.6709669012249153 0.0 0.8337837837837838 1.0,22501.904192241152,0.6678571428571428,1353,11 4 653 8709 0 2215 -32,1.0 0.0 1.0 0.9800625488663018 0.0 1.0 0.05660377358490566,1010990.1191526399,0.6392857142857142,1048,8 6 245 1366 2 791 -17,0.25 0.2857142857142857 0.023923444976076555 0.023195204586916863 1.0 0.03783783783783784 0.33962264150943394,278934.57622679614,0.010714285714285714,1555
resolved-p14d-c14d-3600-1st/nsp-n40-d28-r0.10-rp2-fp2-s6,16 11 1104 4034 0 3181 -133,0.0 1.0 0.03169469598965071 0.025115110925073254 0.0 0.024588314910895557 1.0,100343.3079539707,0.0125,746,16 11 1104 4021 0 3171 -133,0.0 1.0 0.03169469598965071 0.02433773844405908 0.0 0.022332506203473945 1.0,100342.5080234026,0.0125,762,16 11 1104 4014 0 3180 -135,0.0 1.0 0.03169469598965071 0.023919153261974527 0.0 0.024362734040153395 0.9642857142857143,100342.07402621317,0.0125,771,16 11 1122 4193 1 3227 -147,0.0 1.0 0.04333764553686934 0.03462297434670813 1.0 0.03496503496503497 0.75,100569.09908006505,0.0125,462,16 11 1095 4125 1 3186 -159,0.0 1.0 0.0258732212160414 0.030556718292172456 1.0 0.025716219264606363 0.5357142857142857,100390.08180693095,0.0125,440,16 11 1095 4093 1 3185 -156,0.0 1.0 0.0258732212160414 0.028643186031214494 1.0 0.0254906383938642 0.5892857142857143,100388.21959028985,0.0125,453,16 11 1122 4193 1 3227 -147,0.0 1.0 0.04333764553686934 0.03462297434670813 1.0 0.03496503496503497 0.75,100569.09908006505,0.0125,462,16 11 1095 4093 1 3185 -156,0.0 1.0 0.0258732212160414 0.028643186031214494 1.0 0.0254906383938642 0.5892857142857143,100388.21959028985,0.0125,453,16 11 1095 4091 1 3185 -156,0.0 1.0 0.0258732212160414 0.028523590264904624 1.0 0.0254906383938642 0.5892857142857143,100388.09999452354,0.0125,454,16 11 1118 4204 1 3231 -161,0.0 1.0 0.0407503234152652 0.03528075106141242 1.0 0.03586735844800361 0.5,100543.64265879855,0.0125,504,16 11 1095 4093 1 3185 -156,0.0 1.0 0.0258732212160414 0.028643186031214494 1.0 0.0254906383938642 0.5892857142857143,100388.21959028985,0.0125,453,16 11 1095 4095 1 3185 -155,0.0 1.0 0.0258732212160414 0.028762781797524367 1.0 0.0254906383938642 0.6071428571428571,100388.35704319902,0.0125,451,18 7 2601 20337 0 7505 -172,1.0 0.5 1.0 1.0 0.0 1.0 0.30357142857142855,1061010.3035714286,0.6553571428571429,34,17 3 2421 19795 0 7194 -188,0.5 0.0 0.8835705045278137 0.9675895473300246 0.0 0.9298443491991879 0.017857142857142856,509812.610893243,0.6428571428571429,967,17 3 2463 19420 0 7319 -178,0.5 0.0 0.9107373868046572 0.9451653411469234 0.0 0.958041958041958 0.19642857142857142,510062.31605734536,0.6464285714285715,500,18 7 2601 20337 0 7505 -172,1.0 0.5 1.0 1.0 0.0 1.0 0.30357142857142855,1061010.3035714286,0.6553571428571429,34,17 3 2427 19736 0 7206 -189,0.5 0.0 0.88745148771022 0.9640614722238833 0.0 0.9325513196480938 0.0,509847.9018625226,0.6446428571428572,896,17 3 2463 19420 0 7319 -178,0.5 0.0 0.9107373868046572 0.9451653411469234 0.0 0.958041958041958 0.19642857142857142,510062.31605734536,0.6464285714285715,500,16 11 1055 3614 1 3072 -137,0.0 1.0 0.0 0.0 1.0 0.0 0.9285714285714286,100100.92857142857,0.0125,674
resolved-p14d-c14d-3600-1st/nsp-n30-d28-r0.10-rp2-fp2-s1,15 3 584 3186 7 2265 -95,0.6818181818181818 0.1111111111111111 0.027218934911242602 0.06916753283567986 0.875 0.040495474035254886 0.4246575342465753,693358.9794235156,0.007142857142857143,1068,15 3 584 3183 6 2272 -99,0.6818181818181818 0.1111111111111111 0.027218934911242602 0.06888405934045166 0.75 0.04383039542639352 0.3698630136986301,693346.1745047137,0.007142857142857143,1078,15 3 584 3182 7 2267 -97,0.6818181818181818 0.1111111111111111 0.027218934911242602 0.0687895681753756 0.875 0.041448308718437354 0.3972602739726027,693358.5835899418,0.007142857142857143,1080,15 3 740 3213 6 2484 -107,0.6818181818181818 0.1111111111111111 0.2118343195266272 0.07171879429273363 0.75 0.1448308718437351 0.2602739726027397,695196.0635015429,0.007142857142857143,24,15 3 583 3395 7 2232 -118,0.6818181818181818 0.1111111111111111 0.02603550295857988 0.08891618633657752 0.875 0.024773701762744165 0.1095890410958904,693366.421471274,0.007142857142857143,606,15 3 583 3496 8 2256 -126,0.6818181818181818 0.1111111111111111 0.02603550295857988 0.09845979400926014 1.0 0.03620771796093378 0.0,693388.4698300676,0.007142857142857143,594,15 3 740 3213 6 2484 -107,0.6818181818181818 0.1111111111111111 0.2118343195266272 0.07171879429273363 0.75 0.1448308718437351 0.2602739726027397,695196.0635015429,0.007142857142857143,24,15 3 583 3502 7 2256 -125,0.6818181818181818 0.1111111111111111 0.02603550295857988 0.09902674099971652 0.875 0.03620771796093378 0.0136986301369863,693376.5504756882,0.007142857142857143,590,15 3 587 3498 7 2262 -123,0.6818181818181818 0.1111111111111111 0.03076923076923077 0.09864877633941227 0.875 0.03906622201048118 0.0410958904109589,693423.5657714352,0.007142857142857143,575,15 3 740 3213 6 2484 -107,0.6818181818181818 0.1111111111111111 0.2118343195266272 0.07171879429273363 0.75 0.1448308718437351 0.2602739726027397,695196.0635015429,0.007142857142857143,24,15 3 588 3493 6 2265 -126,0.6818181818181818 0.1111111111111111 0.03195266272189349 0.09817632051403194 0.75 0.040495474035254886 0.0,693422.4008317662,0.007142857142857143,565,15 3 583 3495 7 2256 -125,0.6818181818181818 0.1111111111111111 0.02603550295857988 0.09836530284418407 0.875 0.03620771796093378 0.0136986301369863,693375.8890375326,0.007142857142857143,596,22 25 803 2492 6 2437 -53,1.0 0.9259259259259259 0.2863905325443787 0.003590664272890485 0.75 0.12243925678894711 1.0,1095537.3129748772,0.007142857142857143,702,0 0 1406 12955 1 4279 -112,0.0 0.0 1.0 0.9922517244637626 0.125 1.0 0.1917808219178082,11014.94350528568,0.6357142857142857,185,0 0 1235 11605 0 3887 -91,0.0 0.0 0.7976331360946746 0.8646886516110743 0.0 0.8132444020962363 0.4794520547945205,8849.631908633577,0.6452380952380953,446,22 27 812 2454 6 2396 -61,1.0 1.0 0.29704142011834317 0.0 0.75 0.10290614578370652 0.8904109589041096,1103047.3336736,0.007142857142857143,629,0 0 1406 13037 1 4261 -115,0.0 0.0 1.0 1.0 0.125 0.9914244878513578 0.1506849315068493,11022.56492981002,0.6357142857142857,180,0 0 1235 11938 0 3891 -100,0.0 0.0 0.7976331360946746 0.8961542095814041 0.0 0.8151500714626012 0.3561643835616438,8880.993235626338,0.6452380952380953,396,15 3 561 2842 7 2180 -98,0.6818181818181818 0.1111111111111111 0.0 0.03666257204951337 0.875 0.0 0.3835616438356164,693053.8390629862,0.007142857142857143,940
resolved-p14d-c14d-3600-1st/nsp-n50-d28-r0.10-rp2-fp2-s0,21 127 2779 5181 83 7562 -203,0.0 0.00392156862745098 0.0030721966205837174 0.915145813734713 0.1261101243339254 0.03838383838383838 0.06177606177606178,1351.0812695646553,0.017142857142857144,532,21 127 2779 5173 83 7565 -200,0.0 0.00392156862745098 0.0030721966205837174 0.9136406396989651 0.1261101243339254 0.04141414141414142 0.07335907335907337,1349.6179815707933,0.017142857142857144,547,21 127 2779 5181 83 7562 -203,0.0 0.00392156862745098 0.0030721966205837174 0.915145813734713 0.1261101243339254 0.03838383838383838 0.06177606177606178,1351.0812695646553,0.017142857142857144,532,22 126 3046 5632 81 7987 -219,0.034482758620689655 0.0 0.0403574919703952 1.0 0.12255772646536411 0.4676767676767677 0.0,35903.26608071691,0.017142857142857144,3,21 127 2758 5159 82 7581 -210,0.0 0.00392156862745098 0.00013964530093562352 0.9110065851364064 0.12433392539964476 0.05757575757575758 0.03474903474903475,1317.6038000413319,0.017142857142857144,592,21 127 2759 5175 82 7588 -210,0.0 0.00392156862745098 0.00027929060187124703 0.9140169332079021 0.12433392539964476 0.06464646464646465 0.03474903474903475,1322.0813081928907,0.017142857142857144,587,22 126 3046 5632 81 7987 -219,0.034482758620689655 0.0 0.0403574919703952 1.0 0.12255772646536411 0.4676767676767677 0.0,35903.26608071691,0.017142857142857144,3,21 127 2757 5168 83 7575 -207,0.0 0.00392156862745098 0.0 0.9126999059266228 0.1261101243339254 0.051515151515151514 0.04633204633204633,1318.0292646665969,0.017142857142857144,597,21 127 2770 5180 82 7613 -210,0.0 0.00392156862745098 0.0018153889121631057 0.9149576669802446 0.12433392539964476 0.0898989898989899 0.03474903474903475,1338.635550320677,0.017142857142857144,498,22 126 3046 5632 81 7987 -219,0.034482758620689655 0.0 0.0403574919703952 1.0 0.12255772646536411 0.4676767676767677 0.0,35903.26608071691,0.017142857142857144,3,21 127 2758 5153 83 7570 -209,0.0 0.00392156862745098 0.00013964530093562352 0.9098777046095955 0.1261101243339254 0.046464646464646465 0.03861003861003861,1316.5452893006989,0.017142857142857144,594,21 127 2760 5158 81 7587 -205,0.0 0.00392156862745098 0.00041893590280687055 0.9108184383819379 0.12255772646536411 0.06363636363636363 0.05405405405405406,1320.1108504920587,0.017142857142857144,586,50 341 8978 1084 575 8514 18,1.0 0.8431372549019608 0.8687334171205139 0.1443085606773283 1.0 1.0 0.915057915057915,1093256.2832799936,0.38857142857142857,148,36 135 9820 317 12 7648 -50,0.5172413793103449 0.03529411764705882 0.9863147605083089 0.0 0.0 0.12525252525252525 0.6525096525096525,530635.8437150388,0.7871428571428571,412,35 155 9896 759 217 7524 40,0.4827586206896552 0.11372549019607843 0.9969278033794163 0.08316086547507055 0.3641207815275311 0.0 1.0,504221.020686685,0.7871428571428571,492,50 381 8216 1273 550 8004 24,1.0 1.0 0.7623236978075688 0.17986829727187206 0.955595026642984 0.48484848484848486 0.9382239382239382,1107904.4514867985,0.30857142857142855,261,36 134 9782 323 12 7649 -47,0.5172413793103449 0.03137254901960784 0.9810082390727553 0.0011288805268109125 0.0 0.12626262626262627 0.6640926640926641,530191.7722024868,0.7871428571428571,451,35 154 9918 768 218 7525 38,0.4827586206896552 0.10980392156862745 1.0 0.08485418626528693 0.36589698046181174 0.00101010101010101 0.9922779922779923,503861.4591098318,0.7871428571428571,495,21 127 2788 5068 81 7603 -216,0.0 0.00392156862745098 0.004329004329004329 0.8938852304797742 0.12255772646536411 0.0797979797979798 0.011583011583011582,1342.3974719710147,0.017142857142857144,401
resolved-p14d-c14d-3600-1st/nsp-n50-d28-r0.10-rp2-fp2-s9,0 0 0 0 0 619 -117,0.0 0.0 0.0 0.0 0.0 0.13278495887191538 0.6041666666666666,1.9320162553858204,0.07714285714285714,43,0 0 0 0 0 582 -129,0.0 0.0 0.0 0.0 0.0 0.08930669800235018 0.3541666666666667,1.2472336466901686,0.08571428571428572,48,0 0 0 0 0 582 -129,0.0 0.0 0.0 0.0 0.0 0.08930669800235018 0.3541666666666667,1.2472336466901686,0.08571428571428572,48,0 0 0 0 0 781 -109,0.0 0.0 0.0 0.0 0.0 0.32314923619271446 0.7708333333333334,4.0023256952604775,0.09142857142857143,44,0 0 0 0 0 776 -111,0.0 0.0 0.0 0.0 0.0 0.3172737955346651 0.7291666666666666,3.901904622013318,0.30142857142857143,11,0 0 0 0 0 675 -146,0.0 0.0 0.0 0.0 0.0 0.19858989424206816 0.0,1.9858989424206817,0.10285714285714286,17,0 0 0 0 0 773 -114,0.0 0.0 0.0 0.0 0.0 0.3137485311398355 0.6666666666666666,3.8041519780650215,0.08142857142857143,53,0 0 0 0 0 686 -137,0.0 0.0 0.0 0.0 0.0 0.21151586368977673 0.1875,2.3026586368977675,0.28285714285714286,20,0 0 0 0 0 784 -99,0.0 0.0 0.0 0.0 0.0 0.32667450058754405 0.9791666666666666,4.245911672542107,0.09142857142857143,42,0 0 0 0 0 506 -135,0.0 0.0 0.0 0.0 0.0 0.0 0.22916666666666666,0.22916666666666666,0.07285714285714286,86,0 0 0 0 0 542 -144,0.0 0.0 0.0 0.0 0.0 0.04230317273795535 0.041666666666666664,0.4646983940462202,0.2914285714285714,22,0 0 0 0 0 658 -98,0.0 0.0 0.0 0.0 0.0 0.17861339600470036 1.0,2.7861339600470036,0.07857142857142857,33,0 0 0 0 0 1322 -143,0.0 0.0 0.0 0.0 0.0 0.9588719153936546 0.0625,9.651219153936546,0.43,48,0 0 0 0 0 1093 -107,0.0 0.0 0.0 0.0 0.0 0.6897767332549941 0.8125,7.710267332549941,0.5471428571428572,65,0 0 0 0 0 1357 -120,0.0 0.0 0.0 0.0 0.0 1.0 0.5416666666666666,10.541666666666666,0.4257142857142857,60,0 0 0 0 0 1322 -143,0.0 0.0 0.0 0.0 0.0 0.9588719153936546 0.0625,9.651219153936546,0.43,48,0 0 0 0 0 1093 -107,0.0 0.0 0.0 0.0 0.0 0.6897767332549941 0.8125,7.710267332549941,0.5471428571428572,65,0 0 0 0 0 1357 -120,0.0 0.0 0.0 0.0 0.0 1.0 0.5416666666666666,10.541666666666666,0.4257142857142857,60,0 0 0 0 0 586 -107,0.0 0.0 0.0 0.0 0.0 0.09400705052878966 0.8125,1.7525705052878966,0.08428571428571428,31
