,lnps-10-org-obj,lnps-10-nrm-obj,lnps-10-obj,lnps-10-diff,lnps-10-freq,lnps-30-org-obj,lnps-30-nrm-obj,lnps-30-obj,lnps-30-diff,lnps-30-freq,lnps-60-org-obj,lnps-60-nrm-obj,lnps-60-obj,lnps-60-diff,lnps-60-freq,mp-is1-p-hi-org-obj,mp-is1-p-hi-nrm-obj,mp-is1-p-hi-obj,mp-is1-p-hi-diff,mp-is1-p-hi-freq,mp-is1-p-low-org-obj,mp-is1-p-low-nrm-obj,mp-is1-p-low-obj,mp-is1-p-low-diff,mp-is1-p-low-freq,mp-is1-p-mid-org-obj,mp-is1-p-mid-nrm-obj,mp-is1-p-mid-obj,mp-is1-p-mid-diff,mp-is1-p-mid-freq,mp-is10-p-hi-org-obj,mp-is10-p-hi-nrm-obj,mp-is10-p-hi-obj,mp-is10-p-hi-diff,mp-is10-p-hi-freq,mp-is10-p-low-org-obj,mp-is10-p-low-nrm-obj,mp-is10-p-low-obj,mp-is10-p-low-diff,mp-is10-p-low-freq,mp-is10-p-mid-org-obj,mp-is10-p-mid-nrm-obj,mp-is10-p-mid-obj,mp-is10-p-mid-diff,mp-is10-p-mid-freq,mp-is100-p-hi-org-obj,mp-is100-p-hi-nrm-obj,mp-is100-p-hi-obj,mp-is100-p-hi-diff,mp-is100-p-hi-freq,mp-is100-p-low-org-obj,mp-is100-p-low-nrm-obj,mp-is100-p-low-obj,mp-is100-p-low-diff,mp-is100-p-low-freq,mp-is100-p-mid-org-obj,mp-is100-p-mid-nrm-obj,mp-is100-p-mid-obj,mp-is100-p-mid-diff,mp-is100-p-mid-freq,mp-p-hi-org-obj,mp-p-hi-nrm-obj,mp-p-hi-obj,mp-p-hi-diff,mp-p-hi-freq,mp-p-low-org-obj,mp-p-low-nrm-obj,mp-p-low-obj,mp-p-low-diff,mp-p-low-freq,mp-p-mid-org-obj,mp-p-mid-nrm-obj,mp-p-mid-obj,mp-p-mid-diff,mp-p-mid-freq,mp-ps-p-hi-org-obj,mp-ps-p-hi-nrm-obj,mp-ps-p-hi-obj,mp-ps-p-hi-diff,mp-ps-p-hi-freq,mp-ps-p-low-org-obj,mp-ps-p-low-nrm-obj,mp-ps-p-low-obj,mp-ps-p-low-diff,mp-ps-p-low-freq,mp-ps-p-mid-org-obj,mp-ps-p-mid-nrm-obj,mp-ps-p-mid-obj,mp-ps-p-mid-diff,mp-ps-p-mid-freq,ps-org-obj,ps-nrm-obj,ps-obj,ps-diff,ps-freq
resolved-p21d-c7d-3600-1st/nsp-n50-d28-r0.10-rp2-fp2-s8,4 36 1809 351 190 4469 -71,0.0 0.0 0.0 0.0 0.0 0.15267507612005218 0.043478260869565216,1.570229022070087,0.2866666666666667,10289,4 36 2251 639 240 5489 -77,0.0 0.0 0.16993464052287582 0.13642823306489815 0.1865671641791045 0.5963462374945628 0.0,1860.3948170865124,0.16476190476190475,9609,4 73 2765 959 291 6192 -72,0.0 0.07170542635658915 0.3675509419454056 0.2880151586925628 0.376865671641791 0.902131361461505 0.036231884057971016,11180.811326468385,0.10380952380952381,11248,26 132 3025 793 303 5402 -38,0.9565217391304348 0.18604651162790697 0.4675124951941561 0.20937944102321174 0.4216417910447761 0.5585036972596781 0.2826086956521739,980058.926510963,0.009523809523809525,6380,14 491 3833 2206 407 5254 -8,0.43478260869565216 0.8817829457364341 0.778162245290273 0.8787304594978683 0.8097014925373134 0.4941278816876903 0.5,531707.6676097668,0.21142857142857144,1676,13 541 4410 2462 458 5932 -25,0.391304347826087 0.9786821705426356 1.0 1.0 1.0 0.7890387124836885 0.37681159420289856,500280.8320790696,0.2819047619047619,1405,26 132 3022 788 303 5399 -38,0.9565217391304348 0.18604651162790697 0.4663590926566705 0.2070108953102795 0.4216417910447761 0.5571987820791648 0.2826086956521739,980045.0108907234,0.009523809523809525,6393,14 491 3833 2206 407 5254 -8,0.43478260869565216 0.8817829457364341 0.778162245290273 0.8787304594978683 0.8097014925373134 0.4941278816876903 0.5,531707.6676097668,0.21142857142857144,1676,13 492 4396 1962 432 5877 -20,0.391304347826087 0.8837209302325582 0.9946174548250672 0.763145428706774 0.9029850746268657 0.765115267507612 0.41304347826086957,490484.1235299163,0.2742857142857143,1484,26 132 3039 809 311 5434 -36,0.9565217391304348 0.18604651162790697 0.4728950403690888 0.21695878730459497 0.45149253731343286 0.5724227925184863 0.2971014492753623,980123.4700673268,0.009523809523809525,6237,14 491 3833 2206 407 5254 -8,0.43478260869565216 0.8817829457364341 0.778162245290273 0.8787304594978683 0.8097014925373134 0.4941278816876903 0.5,531707.6676097668,0.21142857142857144,1676,13 511 4244 2208 353 5964 -2,0.391304347826087 0.9205426356589147 0.9361783929257977 0.8796778777830412 0.6082089552238806 0.8029578077424967 0.5434782608695652,493669.46715088014,0.27714285714285714,1466,26 132 3224 897 347 5702 -34,0.9565217391304348 0.18604651162790697 0.5440215301806998 0.25864519185220275 0.585820895522388 0.6889952153110048 0.3115942028985507,980891.034422793,0.009523809523809525,15762,6 542 2404 1690 220 4177 61,0.08695652173913043 0.9806201550387597 0.22875816993464052 0.6342965419232591 0.11194029850746269 0.02566333188342758 1.0,187952.86614744566,0.7723809523809524,9057,7 545 2913 2028 369 4118 39,0.13043478260869565 0.9864341085271318 0.4244521337946944 0.7944102321174799 0.667910447761194 0.0 0.8405797101449275,234184.7566559595,0.7638095238095238,14028,26 132 3316 762 363 6127 -45,0.9565217391304348 0.18604651162790697 0.5793925413302576 0.19469445760303175 0.6455223880597015 0.8738581992170509 0.2318840579710145,981188.5328689872,0.009523809523809525,14950,4 537 2433 1819 261 4239 47,0.0 0.9709302325581395 0.23990772779700115 0.6954050213169114 0.26492537313432835 0.05263157894736842 0.8985507246376812,100215.42295892842,0.7685714285714286,10200,6 552 2926 2017 371 4152 44,0.08695652173913043 1.0 0.42945021145713186 0.7891994315490289 0.6753731343283582 0.01478903871248369 0.8768115942028986,192108.78530066495,0.7638095238095238,14514,27 132 3327 787 328 6417 -65,1.0 0.18604651162790697 0.5836216839677048 0.20653718616769304 0.5149253731343284 1.0 0.08695652173913043,1024708.9846824706,0.009523809523809525,20178
resolved-p21d-c7d-3600-1st/nsp-n30-d28-r0.10-rp2-fp2-s5,0 0 2 3 0 137 -130,0.0 0.0 0.0 0.0 0.0 0.0 0.0,0.0,0.5111111111111111,18825,0 1 2 3 0 259 -46,0.0 0.005780346820809248 0.0 0.0 0.0 0.04899598393574297 0.44680851063829785,578.9714504309206,0.36984126984126986,18722,0 3 2 25 0 463 -10,0.0 0.017341040462427744 0.0 0.03859649122807018 0.0 0.13092369477911647 0.6382978723404256,1774.648072290976,0.2492063492063492,18381,11 3 3 110 13 869 5,1.0 0.017341040462427744 0.001440922190201729 0.18771929824561404 0.10569105691056911 0.29397590361445786 0.7180851063829787,1001950.459516224,0.01746031746031746,3643,0 173 696 573 123 2112 7,0.0 1.0 1.0 1.0 1.0 0.7931726907630522 0.7287234042553191,111108.66045031189,0.3111111111111111,3593,0 143 376 429 71 1622 16,0.0 0.8265895953757225 0.5389048991354467 0.7473684210526316 0.5772357723577236 0.5963855421686747 0.776595744680851,88859.8409783815,0.30793650793650795,4308,11 3 3 110 13 869 5,1.0 0.017341040462427744 0.001440922190201729 0.18771929824561404 0.10569105691056911 0.29397590361445786 0.7180851063829787,1001950.459516224,0.01746031746031746,3643,0 96 432 502 73 2574 35,0.0 0.5549132947976878 0.6195965417867435 0.875438596491228 0.5934959349593496 0.978714859437751 0.8776595744680851,62632.74789579222,0.35555555555555557,3843,0 113 343 502 84 1848 23,0.0 0.653179190751445 0.49135446685878964 0.875438596491228 0.6829268292682927 0.6871485943775101 0.8138297872340425,71182.88033888147,0.47619047619047616,4355,11 3 3 110 13 869 5,1.0 0.017341040462427744 0.001440922190201729 0.18771929824561404 0.10569105691056911 0.29397590361445786 0.7180851063829787,1001950.459516224,0.01746031746031746,3643,0 100 317 523 79 2627 58,0.0 0.5780346820809249 0.4538904899135447 0.9122807017543859 0.6422764227642277 1.0 1.0,63329.88145125875,0.49682539682539684,3802,0 112 302 555 69 1913 14,0.0 0.6473988439306358 0.4322766570605187 0.968421052631579 0.5609756097560976 0.7132530120481928 0.7659574468085106,70095.06806484325,0.4031746031746032,4390,11 3 3 110 13 869 6,1.0 0.017341040462427744 0.001440922190201729 0.18771929824561404 0.10569105691056911 0.29397590361445786 0.723404255319149,1001950.4648353729,0.01746031746031746,6001,0 0 21 213 30 834 32,0.0 0.0 0.027377521613832854 0.3684210526315789 0.24390243902439024 0.27991967871485945 0.8617021276595744,670.2474115871546,0.7031746031746032,23069,0 0 2 48 2 598 23,0.0 0.0 0.0 0.07894736842105263 0.016260162601626018 0.18514056224899597 0.8138297872340425,83.23862009093924,0.6746031746031746,20373,11 3 3 110 13 869 6,1.0 0.017341040462427744 0.001440922190201729 0.18771929824561404 0.10569105691056911 0.29397590361445786 0.723404255319149,1001950.4648353729,0.01746031746031746,6001,0 0 25 190 35 835 7,0.0 0.0 0.03314121037463977 0.3280701754385965 0.2845528455284553 0.28032128514056226 0.7287234042553191,691.4694999935007,0.6825396825396826,22583,0 0 2 28 1 595 21,0.0 0.0 0.0 0.043859649122807015 0.008130081300813009 0.18393574297188756 0.8031914893617021,47.31520617196889,0.6730158730158731,20632,11 3 3 110 13 868 2,1.0 0.017341040462427744 0.001440922190201729 0.18771929824561404 0.10569105691056911 0.293574297188755 0.7021276595744681,1001950.4395427129,0.01746031746031746,15398
resolved-p21d-c7d-3600-1st/nsp-n40-d28-r0.10-rp2-fp2-s1,1 4 0 3 0 156 -222,0.06666666666666667 0.0025906735751295338 0.0 0.0008403361344537816 0.0 0.0 0.0,66926.57436031407,0.4023809523809524,20323,1 4 0 2 0 330 -151,0.06666666666666667 0.0025906735751295338 0.0 0.0 0.0 0.03956343792633015 0.2526690391459075,66926.38232759804,0.21666666666666667,32962,1 3 0 9 0 546 -141,0.06666666666666667 0.0 0.0 0.0058823529411764705 0.0 0.08867667121418826 0.28825622775800713,66673.72404254775,0.11190476190476191,33200,15 4 0 5 1 579 -119,1.0 0.0025906735751295338 0.0 0.0025210084033613447 0.0034602076124567475 0.09618008185538882 0.3665480427046263,1000263.2627355388,0.015476190476190477,19770,14 230 398 326 43 1220 -93,0.9333333333333333 0.5880829015544041 0.23494687131050768 0.2722689075630252 0.14878892733564014 0.2419281491587085 0.45907473309608543,994781.1183584002,0.20357142857142857,4594,6 337 777 571 57 1352 -66,0.4 0.8652849740932642 0.45867768595041325 0.4781512605042017 0.1972318339100346 0.2719417917235107 0.5551601423487544,491616.42329078534,0.25833333333333336,5387,15 4 0 5 1 579 -123,1.0 0.0025906735751295338 0.0 0.0025210084033613447 0.0034602076124567475 0.09618008185538882 0.35231316725978645,1000263.2485006633,0.015476190476190477,19771,6 389 780 881 86 1656 -74,0.4 1.0 0.4604486422668241 0.738655462184874 0.2975778546712803 0.34106412005457026 0.5266903914590747,505376.83700191224,0.3238095238095238,4951,6 337 777 571 57 1352 -66,0.4 0.8652849740932642 0.45867768595041325 0.4781512605042017 0.1972318339100346 0.2719417917235107 0.5551601423487544,491616.42329078534,0.25833333333333336,5387,15 4 0 5 1 578 -126,1.0 0.0025906735751295338 0.0 0.0025210084033613447 0.0034602076124567475 0.09595270577535243 0.3416370106761566,1000263.235550746,0.015476190476190477,19773,10 291 718 569 64 1580 -89,0.6666666666666666 0.7461139896373057 0.42384887839433294 0.4764705882352941 0.22145328719723184 0.32378353797180537 0.47330960854092524,746018.8814762838,0.2011904761904762,4805,6 337 777 571 57 1352 -66,0.4 0.8652849740932642 0.45867768595041325 0.4781512605042017 0.1972318339100346 0.2719417917235107 0.5551601423487544,491616.42329078534,0.25833333333333336,5387,12 321 1667 1192 195 3377 59,0.8 0.8238341968911918 0.9840613931523022 1.0 0.6747404844290658 0.7323783537971805 1.0,893299.8314526231,0.555952380952381,26316,0 88 1539 935 289 4554 -38,0.0 0.22020725388601037 0.9085005903187722 0.7840336134453781 1.0 1.0 0.6548042704626335,32000.419709504597,0.7440476190476191,25893,0 48 905 782 114 3618 42,0.0 0.11658031088082901 0.5342384887839433 0.6554621848739496 0.3944636678200692 0.7871759890859482 0.9395017793594306,17704.13578924851,0.6107142857142858,39944,12 321 1667 1192 195 3377 59,0.8 0.8238341968911918 0.9840613931523022 1.0 0.6747404844290658 0.7323783537971805 1.0,893299.8314526231,0.555952380952381,26316,0 93 1694 1006 259 3985 -8,0.0 0.23316062176165803 1.0 0.8436974789915966 0.8961937716262975 0.8706230104592997 0.7615658362989324,34258.846828260925,0.7440476190476191,20743,0 63 982 946 100 3456 43,0.0 0.15544041450777202 0.5796930342384888 0.7932773109243697 0.3460207612456747 0.7503410641200545 0.9430604982206405,22177.297651350447,0.6107142857142858,34626,15 4 0 5 1 578 -123,1.0 0.0025906735751295338 0.0 0.0025210084033613447 0.0034602076124567475 0.09595270577535243 0.35231316725978645,1000263.2462269026,0.015476190476190477,19286
resolved-p21d-c7d-3600-1st/nsp-n30-d28-r0.10-rp2-fp2-s4,1 9 0 1 0 100 -124,0.1111111111111111 0.03317535545023697 0.0 0.0016313213703099511 0.0 0.0 0.022988505747126436,114430.30096601087,0.29365079365079366,14191,1 9 0 2 0 103 -128,0.1111111111111111 0.03317535545023697 0.0 0.0032626427406199023 0.0 0.0010204081632653062 0.0,114431.91950295705,0.2968253968253968,14142,1 9 0 2 0 112 -104,0.1111111111111111 0.03317535545023697 0.0 0.0032626427406199023 0.0 0.004081632653061225 0.13793103448275862,114432.08804623644,0.24444444444444444,14377,9 8 2 11 0 145 -82,1.0 0.02843601895734597 0.0022675736961451248 0.01794453507340946 0.0 0.015306122448979591 0.26436781609195403,1002884.63959681,0.022222222222222223,25896,0 108 569 505 96 1466 -19,0.0 0.5023696682464455 0.645124716553288 0.8238172920065253 0.6486486486486487 0.46462585034013604 0.6264367816091954,57582.16884233383,0.5349206349206349,5275,0 121 504 410 65 1210 -17,0.0 0.5639810426540285 0.5714285714285714 0.6688417618270799 0.4391891891891892 0.37755102040816324 0.6379310344827587,62829.564101673124,0.36507936507936506,2859,9 8 2 11 0 145 -83,1.0 0.02843601895734597 0.0022675736961451248 0.01794453507340946 0.0 0.015306122448979591 0.25862068965517243,1002884.6338496836,0.022222222222222223,25897,0 108 573 426 76 1335 -24,0.0 0.5023696682464455 0.6496598639455783 0.6949429037520392 0.5135135135135135 0.4200680272108844 0.5977011494252874,57484.65810062525,0.4746031746031746,4821,0 213 458 433 57 1291 -6,0.0 1.0 0.5192743764172335 0.7063621533442088 0.38513513513513514 0.4051020408163265 0.7011494252873564,105942.37160086351,0.37142857142857144,2385,9 8 2 11 0 145 -82,1.0 0.02843601895734597 0.0022675736961451248 0.01794453507340946 0.0 0.015306122448979591 0.26436781609195403,1002884.63959681,0.022222222222222223,25896,0 186 351 405 42 969 -36,0.0 0.8720379146919431 0.3979591836734694 0.6606851549755302 0.28378378378378377 0.295578231292517 0.5287356321839081,91875.93135722802,0.27936507936507937,4059,0 121 504 410 65 1210 -17,0.0 0.5639810426540285 0.5714285714285714 0.6688417618270799 0.4391891891891892 0.37755102040816324 0.6379310344827587,62829.564101673124,0.36507936507936506,2859,1 87 846 613 111 2542 36,0.1111111111111111 0.4028436018957346 0.9591836734693877 1.0 0.75 0.8306122448979592 0.9425287356321839,162071.55668656307,0.473015873015873,52120,0 2 0 0 0 166 -63,0.0 0.0 0.0 0.0 0.0 0.022448979591836733 0.3735632183908046,0.5980530143091719,0.6587301587301587,29670,0 26 739 439 145 3040 31,0.0 0.11374407582938388 0.8378684807256236 0.7161500815660685 0.9797297297297297 1.0 0.9137931034482759,20578.12923783711,0.6587301587301587,54462,7 95 882 591 106 2558 41,0.7777777777777778 0.44075829383886256 1.0 0.964110929853181 0.7162162162162162 0.8360544217687075 0.9712643678160919,832898.6715217243,0.4714285714285714,52416,0 2 0 0 0 166 -63,0.0 0.0 0.0 0.0 0.0 0.022448979591836733 0.3735632183908046,0.5980530143091719,0.6587301587301587,29670,0 30 789 510 148 2877 46,0.0 0.13270142180094788 0.8945578231292517 0.831973898858075 1.0 0.9445578231292517 1.0,23158.13988847667,0.6587301587301587,50240,9 8 2 11 0 145 -87,1.0 0.02843601895734597 0.0022675736961451248 0.01794453507340946 0.0 0.015306122448979591 0.23563218390804597,1002884.6108611779,0.022222222222222223,18622
resolved-p21d-c7d-3600-1st/nsp-n10-d28-r0.10-rp0-fp0-s5,0 0 2 0 0 117 -44,0.0 0.0 0.0 0.0 0.0 0.06521739130434782 0.1,0.7521739130434782,0.4095238095238095,8580,0 0 2 0 0 118 -47,0.0 0.0 0.0 0.0 0.0 0.07608695652173914 0.0,0.7608695652173914,0.26666666666666666,11396,0 0 2 0 0 117 -45,0.0 0.0 0.0 0.0 0.0 0.06521739130434782 0.06666666666666667,0.7188405797101449,0.3333333333333333,11395,5 0 3 0 0 111 -39,1.0 0.0 1.0 0.0 0.0 0.0 0.26666666666666666,1010000.2666666667,0.014285714285714285,2066,0 0 2 0 0 129 -17,0.0 0.0 0.0 0.0 0.0 0.1956521739130435 1.0,2.9565217391304346,0.49047619047619045,15399,0 0 2 0 0 130 -39,0.0 0.0 0.0 0.0 0.0 0.20652173913043478 0.26666666666666666,2.3318840579710143,0.09047619047619047,18417,5 0 3 0 0 111 -39,1.0 0.0 1.0 0.0 0.0 0.0 0.26666666666666666,1010000.2666666667,0.014285714285714285,2066,0 0 2 0 0 129 -17,0.0 0.0 0.0 0.0 0.0 0.1956521739130435 1.0,2.9565217391304346,0.49047619047619045,15399,0 0 2 0 0 130 -39,0.0 0.0 0.0 0.0 0.0 0.20652173913043478 0.26666666666666666,2.3318840579710143,0.09047619047619047,18417,5 0 3 0 0 111 -38,1.0 0.0 1.0 0.0 0.0 0.0 0.3,1010000.3,0.014285714285714285,2065,0 0 2 0 0 129 -17,0.0 0.0 0.0 0.0 0.0 0.1956521739130435 1.0,2.9565217391304346,0.49047619047619045,15399,0 0 2 0 0 130 -39,0.0 0.0 0.0 0.0 0.0 0.20652173913043478 0.26666666666666666,2.3318840579710143,0.09047619047619047,18417,5 0 3 0 0 111 -36,1.0 0.0 1.0 0.0 0.0 0.0 0.36666666666666664,1010000.3666666667,0.014285714285714285,3825,0 0 2 0 0 126 -24,0.0 0.0 0.0 0.0 0.0 0.16304347826086957 0.7666666666666667,2.3971014492753624,0.5571428571428572,4896,0 0 2 0 0 203 -25,0.0 0.0 0.0 0.0 0.0 1.0 0.7333333333333333,10.733333333333333,0.3904761904761905,5999,5 0 3 0 0 111 -36,1.0 0.0 1.0 0.0 0.0 0.0 0.36666666666666664,1010000.3666666667,0.014285714285714285,3825,0 0 2 0 0 126 -24,0.0 0.0 0.0 0.0 0.0 0.16304347826086957 0.7666666666666667,2.3971014492753624,0.5619047619047619,4895,0 0 2 0 0 203 -25,0.0 0.0 0.0 0.0 0.0 1.0 0.7333333333333333,10.733333333333333,0.3904761904761905,5999,0 0 2 0 0 128 -40,0.0 0.0 0.0 0.0 0.0 0.18478260869565216 0.23333333333333334,2.081159420289855,0.10476190476190476,8099
resolved-p21d-c7d-3600-1st/nsp-n10-d28-r0.10-rp0-fp0-s0,0 1 0 0 0 76 -38,0.0 0.0 0.0 0.0 0.0 0.0 0.0,0.0,0.38095238095238093,7780,0 1 0 0 0 76 -38,0.0 0.0 0.0 0.0 0.0 0.0 0.0,0.0,0.36666666666666664,7793,0 3 0 0 0 76 -36,0.0 1.0 0.0 0.0 0.0 0.0 0.08695652173913043,100000.08695652174,0.30952380952380953,8024,2 3 0 0 0 82 -33,1.0 1.0 0.0 0.0 0.0 0.08955223880597014 0.21739130434782608,1100001.1129136924,0.01904761904761905,3001,0 1 0 0 0 97 -15,0.0 0.0 0.0 0.0 0.0 0.31343283582089554 1.0,4.134328358208956,0.3238095238095238,12556,0 1 0 0 0 89 -32,0.0 0.0 0.0 0.0 0.0 0.19402985074626866 0.2608695652173913,2.201168072680078,0.06666666666666667,14983,2 3 0 0 0 82 -33,1.0 1.0 0.0 0.0 0.0 0.08955223880597014 0.21739130434782608,1100001.1129136924,0.01904761904761905,2558,0 1 0 0 0 94 -19,0.0 0.0 0.0 0.0 0.0 0.26865671641791045 0.8260869565217391,3.5126541207008435,0.3952380952380952,16144,0 1 0 0 0 89 -32,0.0 0.0 0.0 0.0 0.0 0.19402985074626866 0.2608695652173913,2.201168072680078,0.06666666666666667,12523,2 3 0 0 0 82 -33,1.0 1.0 0.0 0.0 0.0 0.08955223880597014 0.21739130434782608,1100001.1129136924,0.01904761904761905,2170,0 1 0 0 0 89 -32,0.0 0.0 0.0 0.0 0.0 0.19402985074626866 0.2608695652173913,2.201168072680078,0.4142857142857143,10721,0 1 0 0 0 90 -32,0.0 0.0 0.0 0.0 0.0 0.208955223880597 0.2608695652173913,2.350421804023361,0.06666666666666667,4480,2 3 0 0 0 82 -33,1.0 1.0 0.0 0.0 0.0 0.08955223880597014 0.21739130434782608,1100001.1129136924,0.01904761904761905,1792,0 1 0 0 0 92 -17,0.0 0.0 0.0 0.0 0.0 0.23880597014925373 0.9130434782608695,3.3011031797534067,0.638095238095238,21423,0 1 0 0 0 143 -24,0.0 0.0 0.0 0.0 0.0 1.0 0.6086956521739131,10.608695652173914,0.4142857142857143,25490,2 3 0 0 0 82 -32,1.0 1.0 0.0 0.0 0.0 0.08955223880597014 0.2608695652173913,1100001.1563919534,0.01904761904761905,1791,0 1 0 0 0 92 -17,0.0 0.0 0.0 0.0 0.0 0.23880597014925373 0.9130434782608695,3.3011031797534067,0.6476190476190476,21421,0 1 0 0 0 143 -24,0.0 0.0 0.0 0.0 0.0 1.0 0.6086956521739131,10.608695652173914,0.4142857142857143,25490,0 1 0 0 0 85 -27,0.0 0.0 0.0 0.0 0.0 0.13432835820895522 0.4782608695652174,1.8215444516547694,0.10476190476190476,10227
resolved-p21d-c7d-3600-1st/nsp-n30-d28-r0.10-rp2-fp2-s9,1 2 0 0 0 78 -149,0.07692307692307693 0.0026109660574412533 0.0 0.0 0.0 0.0005844535359438924 0.0,77184.17937335641,0.30317460317460315,23650,1 2 0 0 0 77 -146,0.07692307692307693 0.0026109660574412533 0.0 0.0 0.0 0.0 0.014563106796116505,77184.18809192785,0.30793650793650795,23748,1 2 0 0 0 87 -98,0.07692307692307693 0.0026109660574412533 0.0 0.0 0.0 0.0058445353594389245 0.24757281553398058,77184.47954699017,0.2126984126984127,23608,13 1 2 1 0 108 -87,1.0 0.0 0.0011947431302270011 0.0008756567425569177 0.0 0.018118059614260665 0.30097087378640774,1000013.3052395148,0.009523809523809525,9424,0 93 357 336 56 860 -49,0.0 0.2402088772845953 0.2132616487455197 0.29422066549912435 0.3181818181818182 0.4576271186440678 0.4854368932038835,26484.604771311675,0.21904761904761905,3535,0 98 452 274 57 841 -67,0.0 0.25326370757180156 0.27001194743130225 0.23992994746059546 0.32386363636363635 0.4465225014611338 0.39805825242718446,28303.669825857178,0.0746031746031746,5473,13 1 2 1 0 108 -84,1.0 0.0 0.0011947431302270011 0.0008756567425569177 0.0 0.018118059614260665 0.3155339805825243,1000013.3198026215,0.009523809523809525,6233,0 229 540 617 69 1130 8,0.0 0.5953002610966057 0.3225806451612903 0.5402802101576182 0.39204545454545453 0.6154295733489188 0.7621359223300971,63342.23374854146,0.5253968253968254,3081,0 125 449 416 79 1013 -18,0.0 0.3237597911227154 0.2682198327359618 0.36427320490367776 0.44886363636363635 0.5470485096434834 0.6359223300970874,35473.44341559773,0.38412698412698415,5438,13 1 2 1 0 108 -87,1.0 0.0 0.0011947431302270011 0.0008756567425569177 0.0 0.018118059614260665 0.30097087378640774,1000013.3052395148,0.009523809523809525,5607,0 93 357 286 48 955 -30,0.0 0.2402088772845953 0.2132616487455197 0.2504378283712785 0.2727272727272727 0.5131502045587376 0.5776699029126213,26436.92394350723,0.4,3537,0 98 452 274 57 841 -67,0.0 0.25326370757180156 0.27001194743130225 0.23992994746059546 0.32386363636363635 0.4465225014611338 0.39805825242718446,28303.669825857178,0.0746031746031746,5473,13 1 2 1 0 108 -83,1.0 0.0 0.0011947431302270011 0.0008756567425569177 0.0 0.018118059614260665 0.32038834951456313,1000013.3246569905,0.009523809523809525,10681,0 299 787 784 136 1482 28,0.0 0.7780678851174935 0.470131421744325 0.6865148861646234 0.7727272727272727 0.8211572180011689 0.8592233009708737,83280.96113811093,0.7888888888888889,24716,0 375 1635 1138 176 1701 57,0.0 0.9765013054830287 0.9767025089605734 0.9964973730297724 1.0 0.9491525423728814 1.0,108524.1445363621,0.8158730158730159,22793,13 1 2 1 0 108 -83,1.0 0.0 0.0011947431302270011 0.0008756567425569177 0.0 0.018118059614260665 0.32038834951456313,1000013.3246569905,0.009523809523809525,10681,0 302 768 750 123 1579 28,0.0 0.7859007832898173 0.45878136200716846 0.6567425569176882 0.6988636363636364 0.8778492109877265 0.8592233009708737,83914.15858501832,0.8031746031746032,24498,0 384 1674 1142 161 1788 46,0.0 1.0 1.0 1.0 0.9147727272727273 1.0 0.9466019417475728,111102.42387466902,0.8301587301587302,22479,13 1 2 1 0 108 -88,1.0 0.0 0.0011947431302270011 0.0008756567425569177 0.0 0.018118059614260665 0.2961165048543689,1000013.3003851458,0.009523809523809525,22195
resolved-p21d-c7d-3600-1st/nsp-n20-d28-r0.10-rp2-fp2-s2,1 1 4 0 0 62 -80,0.1111111111111111 0.2 0.0 0.0 0.0 0.0 0.11363636363636363,131111.22474747474,0.29523809523809524,9943,0 0 10 1 0 73 -90,0.0 0.0 0.043478260869565216 0.00684931506849315 0.0 0.016666666666666666 0.0,441.798590430812,0.2857142857142857,10166,0 0 10 0 0 73 -78,0.0 0.0 0.043478260869565216 0.0 0.0 0.016666666666666666 0.13636363636363635,435.0856389986825,0.27380952380952384,10084,9 1 4 2 0 72 -45,1.0 0.2 0.0 0.0136986301369863 0.0 0.015151515151515152 0.5113636363636364,1020014.3615089249,0.014285714285714285,5622,0 5 142 146 26 722 -2,0.0 1.0 1.0 1.0 1.0 1.0 1.0,111111.0,0.4023809523809524,10192,0 0 10 0 0 104 -58,0.0 0.0 0.043478260869565216 0.0 0.0 0.06363636363636363 0.36363636363636365,435.7826086956522,0.07857142857142857,4346,9 1 4 2 0 72 -45,1.0 0.2 0.0 0.0136986301369863 0.0 0.015151515151515152 0.5113636363636364,1020014.3615089249,0.014285714285714285,5622,0 0 10 0 0 111 -36,0.0 0.0 0.043478260869565216 0.0 0.0 0.07424242424242425 0.6136363636363636,436.1386693017128,0.3547619047619048,17869,0 0 10 0 0 104 -49,0.0 0.0 0.043478260869565216 0.0 0.0 0.06363636363636363 0.4659090909090909,435.88488142292493,0.07857142857142857,6888,9 1 4 2 0 72 -45,1.0 0.2 0.0 0.0136986301369863 0.0 0.015151515151515152 0.5113636363636364,1020014.3615089249,0.014285714285714285,5622,0 0 10 0 0 120 -39,0.0 0.0 0.043478260869565216 0.0 0.0 0.08787878787878788 0.5795454545454546,436.2409420289855,0.37142857142857144,9760,0 0 10 0 0 104 -57,0.0 0.0 0.043478260869565216 0.0 0.0 0.06363636363636363 0.375,435.7939723320158,0.07857142857142857,4734,9 1 4 2 0 71 -52,1.0 0.2 0.0 0.0136986301369863 0.0 0.013636363636363636 0.4318181818181818,1020014.2668119551,0.014285714285714285,2984,0 0 10 0 0 98 -71,0.0 0.0 0.043478260869565216 0.0 0.0 0.05454545454545454 0.2159090909090909,435.5439723320158,0.6238095238095238,20186,0 0 10 0 0 333 -42,0.0 0.0 0.043478260869565216 0.0 0.0 0.4106060606060606 0.5454545454545454,439.4341238471673,0.49523809523809526,16868,9 1 4 2 0 71 -52,1.0 0.2 0.0 0.0136986301369863 0.0 0.013636363636363636 0.4318181818181818,1020014.2668119551,0.014285714285714285,2984,0 0 10 0 0 98 -71,0.0 0.0 0.043478260869565216 0.0 0.0 0.05454545454545454 0.2159090909090909,435.5439723320158,0.6238095238095238,20186,0 0 10 0 0 333 -42,0.0 0.0 0.043478260869565216 0.0 0.0 0.4106060606060606 0.5454545454545454,439.4341238471673,0.49523809523809526,16868,9 1 4 2 0 71 -54,1.0 0.2 0.0 0.0136986301369863 0.0 0.013636363636363636 0.4090909090909091,1020014.2440846824,0.014285714285714285,4411
resolved-p21d-c7d-3600-1st/nsp-n10-d28-r0.10-rp0-fp0-s4,2 5 0 0 0 86 -40,1.0 1.0 0.0 0.0 0.0 0.05 0.23809523809523808,1100000.738095238,0.3,13619,1 4 0 0 0 88 -45,0.5 0.75 0.0 0.0 0.0 0.1 0.0,575001.0,0.3,13653,2 5 0 0 0 84 -38,1.0 1.0 0.0 0.0 0.0 0.0 0.3333333333333333,1100000.3333333333,0.29523809523809524,13577,2 5 4 0 0 101 -27,1.0 1.0 1.0 0.0 0.0 0.425 0.8571428571428571,1110005.107142857,0.023809523809523808,4632,0 1 0 0 0 109 -27,0.0 0.0 0.0 0.0 0.0 0.625 0.8571428571428571,7.107142857142857,0.4666666666666667,26773,0 1 0 0 0 111 -28,0.0 0.0 0.0 0.0 0.0 0.675 0.8095238095238095,7.559523809523809,0.12380952380952381,22641,2 5 4 0 0 101 -27,1.0 1.0 1.0 0.0 0.0 0.425 0.8571428571428571,1110005.107142857,0.023809523809523808,4632,0 1 0 0 0 109 -27,0.0 0.0 0.0 0.0 0.0 0.625 0.8571428571428571,7.107142857142857,0.4666666666666667,26773,0 1 0 0 0 110 -29,0.0 0.0 0.0 0.0 0.0 0.65 0.7619047619047619,7.261904761904762,0.12380952380952381,22644,2 5 4 0 0 101 -27,1.0 1.0 1.0 0.0 0.0 0.425 0.8571428571428571,1110005.107142857,0.023809523809523808,4632,0 1 0 0 0 109 -27,0.0 0.0 0.0 0.0 0.0 0.625 0.8571428571428571,7.107142857142857,0.4666666666666667,26773,0 1 0 0 0 110 -24,0.0 0.0 0.0 0.0 0.0 0.65 1.0,7.5,0.12380952380952381,22642,2 5 4 0 0 101 -27,1.0 1.0 1.0 0.0 0.0 0.425 0.8571428571428571,1110005.107142857,0.023809523809523808,1543,0 1 0 0 0 110 -36,0.0 0.0 0.0 0.0 0.0 0.65 0.42857142857142855,6.928571428571429,0.5857142857142857,35122,0 1 0 0 0 109 -29,0.0 0.0 0.0 0.0 0.0 0.625 0.7619047619047619,7.011904761904762,0.1380952380952381,27019,2 5 4 0 0 101 -27,1.0 1.0 1.0 0.0 0.0 0.425 0.8571428571428571,1110005.107142857,0.023809523809523808,1543,0 1 0 0 0 110 -36,0.0 0.0 0.0 0.0 0.0 0.65 0.42857142857142855,6.928571428571429,0.5857142857142857,35122,0 1 0 0 0 112 -26,0.0 0.0 0.0 0.0 0.0 0.7 0.9047619047619048,7.904761904761905,0.1380952380952381,27011,0 3 0 3 0 124 -24,0.0 0.5 0.0 1.0 0.0 1.0 1.0,51011.0,0.10952380952380952,12361
resolved-p21d-c7d-3600-1st/nsp-n20-d28-r0.10-rp2-fp2-s4,0 1 0 0 0 65 -77,0.0 0.0 0.0 0.0 0.0 0.0022172949002217295 0.0,0.022172949002217293,0.36904761904761907,13607,0 1 0 0 0 60 -77,0.0 0.0 0.0 0.0 0.0 0.0 0.0,0.0,0.36428571428571427,13797,0 1 0 0 0 70 -65,0.0 0.0 0.0 0.0 0.0 0.004434589800443459 0.10909090909090909,0.15343680709534369,0.36428571428571427,14241,8 7 4 3 0 77 -70,1.0 0.16216216216216217 0.008421052631578947 0.005504587155963303 0.0 0.00753880266075388 0.06363636363636363,1016306.0703540782,0.02142857142857143,19543,0 1 52 79 16 411 -3,0.0 0.0 0.10947368421052632 0.14495412844036698 0.1038961038961039 0.1556541019955654 0.6727272727272727,1252.3098492279235,0.28809523809523807,62543,0 34 270 199 37 778 4,0.0 0.8918918918918919 0.5684210526315789 0.3651376146788991 0.24025974025974026 0.31840354767184037 0.7363636363636363,95266.48370332293,0.46190476190476193,26771,8 7 4 3 0 77 -68,1.0 0.16216216216216217 0.008421052631578947 0.005504587155963303 0.0 0.00753880266075388 0.08181818181818182,1016306.0885358964,0.02142857142857143,19541,0 4 35 147 19 536 6,0.0 0.08108108108108109 0.07368421052631578 0.26972477064220185 0.12337662337662338 0.21108647450110865 0.7545454545454545,9129.878056550688,0.5,60580,0 20 158 182 27 645 -25,0.0 0.5135135135135135 0.33263157894736844 0.3339449541284404 0.17532467532467533 0.25942350332594233 0.4727272727272727,55032.21152479193,0.44285714285714284,36535,8 7 4 3 0 77 -69,1.0 0.16216216216216217 0.008421052631578947 0.005504587155963303 0.0 0.00753880266075388 0.07272727272727272,1016306.0794449874,0.02142857142857143,19542,0 5 63 146 16 639 -5,0.0 0.10810810810810811 0.13263157894736843 0.26788990825688075 0.1038961038961039 0.2567627494456763 0.6545454545454545,12418.62829187999,0.3952380952380952,57110,0 28 198 213 38 743 -9,0.0 0.7297297297297297 0.4168421052631579 0.3908256880733945 0.24675324675324675 0.3028824833702882 0.6181818181818182,77560.54204500516,0.4714285714285714,30839,6 31 418 519 154 2315 4,0.75 0.8108108108108109 0.88 0.9522935779816514 1.0 1.0 0.7363636363636363,840944.111022699,0.44285714285714284,71599,0 3 253 166 51 1452 32,0.0 0.05405405405405406 0.5326315789473685 0.30458715596330277 0.33116883116883117 0.6172949002217295 0.990909090909091,11076.589092052402,0.6904761904761905,82326,0 1 190 109 42 852 33,0.0 0.0 0.4 0.2 0.2727272727272727 0.35121951219512193 1.0,4231.784922394679,0.6166666666666667,77457,5 38 475 545 149 2087 14,0.625 1.0 1.0 1.0 0.9675324675324676 0.8988913525498892 0.8272727272727273,736106.569433006,0.44761904761904764,70347,0 6 302 194 60 1539 25,0.0 0.13513513513513514 0.6357894736842106 0.3559633027522936 0.38961038961038963 0.6558758314855876 0.9272727272727272,20273.81862311108,0.7380952380952381,73788,0 1 94 73 7 650 20,0.0 0.0 0.19789473684210526 0.13394495412844037 0.045454545454545456 0.2616407982261641 0.8818181818181818,2120.9360032590275,0.6,81667,8 7 4 3 0 77 -71,1.0 0.16216216216216217 0.008421052631578947 0.005504587155963303 0.0 0.00753880266075388 0.05454545454545454,1016306.0612631692,0.02142857142857143,7871
resolved-p21d-c7d-3600-1st/nsp-n50-d28-r0.10-rp2-fp2-s7,3 48 721 490 103 3200 -98,0.11538461538461539 0.0 0.0 0.0 0.0072992700729927005 0.17604235605559232 0.0,115387.10573518324,0.4342857142857143,9707,3 213 892 838 102 3277 -92,0.11538461538461539 0.19975786924939468 0.07755102040816327 0.19750283768444948 0.0 0.20152217074784912 0.02459016393442623,136335.45516319235,0.2361904761904762,11796,1 370 1198 1138 106 3443 -65,0.038461538461538464 0.3898305084745763 0.2163265306122449 0.3677639046538025 0.029197080291970802 0.2564526803441429 0.13524590163934427,79981.23800050662,0.11714285714285715,9417,26 487 1080 731 128 2668 -31,1.0 0.5314769975786925 0.16281179138321997 0.13677639046538026 0.1897810218978102 0.0 0.27459016393442626,1054931.8467545204,0.012380952380952381,12804,22 786 2305 2149 202 3107 31,0.8461538461538461 0.8934624697336562 0.7183673469387755 0.9415437003405221 0.7299270072992701 0.14526803441429517 0.5286885245901639,943700.2843665386,0.1761904761904762,561,14 874 2391 2252 194 3350 40,0.5384615384615384 1.0 0.7573696145124716 1.0 0.6715328467153284 0.2256783587028458 0.5655737704918032,647105.2102486922,0.3076190476190476,1408,26 487 1080 731 128 2668 -31,1.0 0.5314769975786925 0.16281179138321997 0.13677639046538026 0.1897810218978102 0.0 0.27459016393442626,1054931.8467545204,0.012380952380952381,12804,22 786 2305 2149 202 3107 31,0.8461538461538461 0.8934624697336562 0.7183673469387755 0.9415437003405221 0.7299270072992701 0.14526803441429517 0.5286885245901639,943700.2843665386,0.1761904761904762,561,18 778 2063 1993 209 2863 28,0.6923076923076923 0.8837772397094431 0.6086167800453515 0.8530079455164585 0.781021897810219 0.06452680344142951 0.5163934426229508,787703.8558758646,0.11428571428571428,1183,26 487 1080 731 128 2668 -31,1.0 0.5314769975786925 0.16281179138321997 0.13677639046538026 0.1897810218978102 0.0 0.27459016393442626,1054931.8467545204,0.012380952380952381,12804,22 798 2335 2015 192 3124 19,0.8461538461538461 0.9079903147699758 0.7319727891156462 0.8654937570942112 0.656934306569343 0.15089344804765056 0.47950819672131145,945205.7811524285,0.1761904761904762,559,15 859 2394 2072 176 3106 44,0.5769230769230769 0.9818401937046005 0.7587301587301587 0.8978433598183881 0.5401459854014599 0.14493712772998016 0.5819672131147541,683648.2871776875,0.3504761904761905,1308,19 400 2926 1176 211 5167 145,0.7307692307692307 0.4261501210653753 1.0 0.38933030646992056 0.7956204379562044 0.8269358041032429 0.9959016393442623,783862.4004857142,0.6209523809523809,19016,0 125 1867 985 179 5355 79,0.0 0.09322033898305085 0.5197278911564626 0.28093076049943244 0.5620437956204379 0.8891462607544672 0.7254098360655737,14866.064822374796,0.7904761904761904,20499,1 71 1868 1055 125 5690 103,0.038461538461538464 0.02784503631961259 0.5201814058956916 0.3206583427922815 0.1678832116788321 1.0 0.8237704918032787,46796.126586908606,0.7619047619047619,25956,22 402 2843 1242 239 5198 146,0.8461538461538461 0.42857142857142855 0.962358276643991 0.4267877412031782 1.0 0.8371939113170086 1.0,899170.7314577452,0.62,19611,0 143 1715 1020 183 5186 121,0.0 0.11501210653753027 0.4507936507936508 0.300794551645857 0.5912408759124088 0.8332230311052283 0.8975409836065574,16378.295572221292,0.7780952380952381,18394,1 63 1825 1038 112 5625 93,0.038461538461538464 0.018159806295399514 0.5006802721088436 0.31101021566401815 0.072992700729927 0.9784910655195235 0.7827868852459017,45613.1989954443,0.7619047619047619,27622,26 487 1193 1044 144 2902 -51,1.0 0.5314769975786925 0.21405895691609977 0.31441543700340524 0.30656934306569344 0.07743216412971542 0.19262295081967212,1055634.3286429322,0.012380952380952381,11394
resolved-p21d-c7d-3600-1st/nsp-n10-d28-r0.10-rp0-fp0-s7,0 0 0 0 0 71 -32,0.0 0.0 0.0 0.0 0.0 0.0 0.0,0.0,0.4666666666666667,135,0 0 0 0 0 74 -32,0.0 0.0 0.0 0.0 0.0 0.13636363636363635 0.0,1.3636363636363635,0.3476190476190476,100,0 0 0 0 0 72 -30,0.0 0.0 0.0 0.0 0.0 0.045454545454545456 0.125,0.5795454545454546,0.41904761904761906,102,0 0 0 0 0 92 -24,0.0 0.0 0.0 0.0 0.0 0.9545454545454546 0.5,10.045454545454547,0.13333333333333333,53,0 0 0 0 0 93 -16,0.0 0.0 0.0 0.0 0.0 1.0 1.0,11.0,0.4714285714285714,17,0 0 0 0 0 92 -24,0.0 0.0 0.0 0.0 0.0 0.9545454545454546 0.5,10.045454545454547,0.13333333333333333,52,0 0 0 0 0 92 -24,0.0 0.0 0.0 0.0 0.0 0.9545454545454546 0.5,10.045454545454547,0.13333333333333333,33,0 0 0 0 0 90 -16,0.0 0.0 0.0 0.0 0.0 0.8636363636363636 1.0,9.636363636363637,0.5428571428571428,10,0 0 0 0 0 92 -24,0.0 0.0 0.0 0.0 0.0 0.9545454545454546 0.5,10.045454545454547,0.13333333333333333,32,0 0 0 0 0 92 -24,0.0 0.0 0.0 0.0 0.0 0.9545454545454546 0.5,10.045454545454547,0.13333333333333333,46,0 0 0 0 0 89 -23,0.0 0.0 0.0 0.0 0.0 0.8181818181818182 0.5625,8.744318181818182,0.47619047619047616,4,0 0 0 0 0 92 -24,0.0 0.0 0.0 0.0 0.0 0.9545454545454546 0.5,10.045454545454547,0.13333333333333333,35,0 0 0 0 0 92 -24,0.0 0.0 0.0 0.0 0.0 0.9545454545454546 0.5,10.045454545454547,0.13333333333333333,174,0 0 0 0 0 92 -21,0.0 0.0 0.0 0.0 0.0 0.9545454545454546 0.6875,10.232954545454547,0.6,189,0 0 0 0 0 92 -24,0.0 0.0 0.0 0.0 0.0 0.9545454545454546 0.5,10.045454545454547,0.13333333333333333,174,0 0 0 0 0 92 -24,0.0 0.0 0.0 0.0 0.0 0.9545454545454546 0.5,10.045454545454547,0.13333333333333333,174,0 0 0 0 0 92 -21,0.0 0.0 0.0 0.0 0.0 0.9545454545454546 0.6875,10.232954545454547,0.6,189,0 0 0 0 0 92 -24,0.0 0.0 0.0 0.0 0.0 0.9545454545454546 0.5,10.045454545454547,0.13333333333333333,174,0 0 0 0 0 84 -17,0.0 0.0 0.0 0.0 0.0 0.5909090909090909 0.9375,6.846590909090909,0.18095238095238095,30
resolved-p21d-c7d-3600-1st/nsp-n30-d28-r0.10-rp2-fp2-s7,0 0 0 0 0 81 -115,0.0 0.0 0.0 0.0 0.0 0.0 0.24358974358974358,0.24358974358974358,0.29365079365079366,415,0 0 0 0 0 82 -134,0.0 0.0 0.0 0.0 0.0 0.0027472527472527475 0.0,0.027472527472527476,0.33015873015873015,419,0 0 0 0 0 89 -103,0.0 0.0 0.0 0.0 0.0 0.02197802197802198 0.3974358974358974,0.6172161172161172,0.273015873015873,321,0 0 0 0 0 161 -91,0.0 0.0 0.0 0.0 0.0 0.21978021978021978 0.5512820512820513,2.749084249084249,0.09365079365079365,136,0 0 0 0 0 166 -80,0.0 0.0 0.0 0.0 0.0 0.23351648351648352 0.6923076923076923,3.0274725274725274,0.34444444444444444,17,0 0 0 0 0 164 -86,0.0 0.0 0.0 0.0 0.0 0.22802197802197802 0.6153846153846154,2.8956043956043955,0.09365079365079365,113,0 0 0 0 0 167 -86,0.0 0.0 0.0 0.0 0.0 0.23626373626373626 0.6153846153846154,2.978021978021978,0.09365079365079365,83,0 0 0 0 0 161 -105,0.0 0.0 0.0 0.0 0.0 0.21978021978021978 0.3717948717948718,2.56959706959707,0.3682539682539683,10,0 0 0 0 0 161 -89,0.0 0.0 0.0 0.0 0.0 0.21978021978021978 0.5769230769230769,2.7747252747252746,0.09365079365079365,124,0 0 0 0 0 170 -82,0.0 0.0 0.0 0.0 0.0 0.2445054945054945 0.6666666666666666,3.1117216117216113,0.09365079365079365,98,0 0 0 0 0 156 -77,0.0 0.0 0.0 0.0 0.0 0.20604395604395603 0.7307692307692307,2.791208791208791,0.3968253968253968,35,0 0 0 0 0 163 -86,0.0 0.0 0.0 0.0 0.0 0.22527472527472528 0.6153846153846154,2.868131868131868,0.09365079365079365,129,0 0 0 0 0 445 -62,0.0 0.0 0.0 0.0 0.0 1.0 0.9230769230769231,10.923076923076923,0.353968253968254,96,0 0 0 0 0 147 -73,0.0 0.0 0.0 0.0 0.0 0.1813186813186813 0.782051282051282,2.5952380952380953,0.6714285714285714,109,0 0 0 0 0 387 -56,0.0 0.0 0.0 0.0 0.0 0.8406593406593407 1.0,9.406593406593407,0.35555555555555557,106,0 0 0 0 0 445 -62,0.0 0.0 0.0 0.0 0.0 1.0 0.9230769230769231,10.923076923076923,0.353968253968254,96,0 0 0 0 0 146 -79,0.0 0.0 0.0 0.0 0.0 0.17857142857142858 0.7051282051282052,2.490842490842491,0.6365079365079365,115,0 0 0 0 0 387 -56,0.0 0.0 0.0 0.0 0.0 0.8406593406593407 1.0,9.406593406593407,0.35555555555555557,106,0 0 0 0 0 154 -83,0.0 0.0 0.0 0.0 0.0 0.20054945054945056 0.6538461538461539,2.659340659340659,0.10634920634920635,73
resolved-p21d-c7d-3600-1st/nsp-n40-d28-r0.10-rp2-fp2-s3,0 0 0 1 0 169 -182,0.0 0.0 0.0 0.0 0.0 0.0 0.0,0.0,0.29404761904761906,17073,0 4 0 1 0 179 -119,0.0 0.009070294784580499 0.0 0.0 0.0 0.005871990604815032 0.3772455089820359,907.4654438730801,0.22142857142857142,17697,0 0 0 2 0 237 -102,0.0 0.0 0.0 0.001310615989515072 0.0 0.03992953611274222 0.47904191616766467,2.188953266810159,0.17976190476190476,17164,15 6 0 6 0 256 -92,1.0 0.013605442176870748 0.0 0.00655307994757536 0.0 0.05108631826189078 0.5389221556886228,1001368.1470829729,0.013095238095238096,5044,6 151 706 326 56 1356 -61,0.4 0.3424036281179138 0.8694581280788177 0.4259501965923984 0.5490196078431373 0.6970052847915443 0.7245508982035929,443423.4908537024,0.24166666666666667,3793,5 441 751 764 55 1347 -25,0.3333333333333333 1.0 0.9248768472906403 1.0 0.5392156862745098 0.6917204932472109 0.9401197604790419,443643.8806995601,0.35119047619047616,1743,15 6 0 6 0 256 -92,1.0 0.013605442176870748 0.0 0.00655307994757536 0.0 0.05108631826189078 0.5389221556886228,1001368.1470829729,0.013095238095238096,5044,2 160 812 401 84 1717 -75,0.13333333333333333 0.36281179138321995 1.0 0.5242463958060288 0.8235294117647058 0.908984145625367 0.6407185628742516,180230.84236865697,0.31666666666666665,3926,6 352 785 626 69 1432 -35,0.4 0.7981859410430839 0.9667487684729064 0.8191349934469201 0.6764705882352942 0.7416324133881386 0.8802395209580839,490381.1604049627,0.24166666666666667,1720,15 6 0 6 0 256 -93,1.0 0.013605442176870748 0.0 0.00655307994757536 0.0 0.05108631826189078 0.5329341317365269,1001368.141094949,0.013095238095238096,5045,1 187 787 706 102 1872 -29,0.06666666666666667 0.42403628117913833 0.9692118226600985 0.9239842726081258 1.0 1.0 0.9161676646706587,119797.31345145429,0.44047619047619047,4512,6 352 785 626 69 1427 -35,0.4 0.7981859410430839 0.9667487684729064 0.8191349934469201 0.6764705882352942 0.738696418085731 0.8802395209580839,490381.1310450097,0.24166666666666667,1721,15 6 0 6 0 262 -96,1.0 0.013605442176870748 0.0 0.00655307994757536 0.0 0.0546095126247798 0.5149700598802395,1001368.1583628207,0.013095238095238096,11324,0 0 35 286 48 1306 -15,0.0 0.0 0.04310344827586207 0.3735255570117955 0.47058823529411764 0.6676453317674692 1.0,859.2953166175026,0.6845238095238095,9454,0 0 0 1 0 780 -80,0.0 0.0 0.0 0.0 0.0 0.35877862595419846 0.6107784431137725,4.198564702655757,0.4773809523809524,12702,15 6 0 6 0 262 -95,1.0 0.013605442176870748 0.0 0.00655307994757536 0.0 0.0546095126247798 0.5209580838323353,1001368.1643508447,0.013095238095238096,11323,0 0 0 9 0 779 -40,0.0 0.0 0.0 0.010484927916120577 0.0 0.35819142689371697 0.8502994011976048,14.917141586255353,0.6666666666666666,11947,0 0 0 1 0 780 -80,0.0 0.0 0.0 0.0 0.0 0.35877862595419846 0.6107784431137725,4.198564702655757,0.4773809523809524,12702,15 6 0 6 0 258 -85,1.0 0.013605442176870748 0.0 0.00655307994757536 0.0 0.05226071638285379 0.5808383233532934,1001368.2007431218,0.013095238095238096,12423
resolved-p21d-c7d-3600-1st/nsp-n40-d28-r0.10-rp2-fp2-s0,4 6 0 1 0 161 -148,0.23529411764705882 0.020833333333333332 0.0 0.0 0.0 0.0 0.0,237377.45098039217,0.29642857142857143,16468,1 5 0 3 0 189 -132,0.058823529411764705 0.017361111111111112 0.0 0.0024096385542168677 0.0 0.01593625498007968 0.09467455621301775,60562.30419853605,0.2523809523809524,16140,4 6 0 1 0 183 -129,0.23529411764705882 0.020833333333333332 0.0 0.0 0.0 0.012521343198634035 0.11242603550295859,237377.68861985963,0.22976190476190475,16551,17 5 1 7 0 242 -118,1.0 0.017361111111111112 0.0010395010395010396 0.007228915662650603 0.0 0.04610130904951622 0.17751479289940827,1001754.3735650522,0.015476190476190477,4861,3 247 748 569 67 1439 -51,0.17647058823529413 0.8576388888888888 0.7775467775467776 0.6843373493975904 0.8072289156626506 0.7273762094479226 0.5739644970414202,270782.85286720615,0.2833333333333333,1891,8 254 962 584 79 1562 -68,0.47058823529411764 0.8819444444444444 1.0 0.7024096385542169 0.9518072289156626 0.7973819009675583 0.47337278106508873,569588.7172917986,0.3380952380952381,2552,17 5 1 7 0 242 -119,1.0 0.017361111111111112 0.0010395010395010396 0.007228915662650603 0.0 0.04610130904951622 0.17159763313609466,1001754.3676478924,0.015476190476190477,4862,3 247 637 542 60 1309 -72,0.17647058823529413 0.8576388888888888 0.6621621621621622 0.6518072289156627 0.7228915662650602 0.6533864541832669 0.44970414201183434,269587.17870003066,0.19166666666666668,1898,8 254 962 584 79 1562 -68,0.47058823529411764 0.8819444444444444 1.0 0.7024096385542169 0.9518072289156626 0.7973819009675583 0.47337278106508873,569588.7172917986,0.3380952380952381,2552,17 5 1 7 0 242 -119,1.0 0.017361111111111112 0.0010395010395010396 0.007228915662650603 0.0 0.04610130904951622 0.17159763313609466,1001754.3676478924,0.015476190476190477,4862,6 288 937 831 83 1389 -61,0.35294117647058826 1.0 0.974012474012474 1.0 1.0 0.6989186112692088 0.514792899408284,463788.80518972507,0.2869047619047619,1844,8 254 962 584 79 1562 -68,0.47058823529411764 0.8819444444444444 1.0 0.7024096385542169 0.9518072289156626 0.7973819009675583 0.47337278106508873,569588.7172917986,0.3380952380952381,2552,17 5 1 7 0 245 -118,1.0 0.017361111111111112 0.0010395010395010396 0.007228915662650603 0.0 0.04780876494023904 0.17751479289940827,1001754.390639611,0.015476190476190477,7998,0 0 16 361 65 1918 16,0.0 0.0 0.016632016632016633 0.43373493975903615 0.7831325301204819 1.0 0.9704142011834319,689.3387732924341,0.6964285714285714,13019,0 0 0 60 1 894 11,0.0 0.0 0.0 0.07108433734939759 0.012048192771084338 0.41718838929994306 0.9408284023668639,77.40186892187232,0.6773809523809524,14288,17 5 1 7 0 245 -118,1.0 0.017361111111111112 0.0010395010395010396 0.007228915662650603 0.0 0.04780876494023904 0.17751479289940827,1001754.390639611,0.015476190476190477,7998,0 0 12 339 56 1745 5,0.0 0.0 0.012474012474012475 0.4072289156626506 0.6746987951807228 0.9015367103016505 0.9053254437869822,609.3596124676511,0.7154761904761905,13317,0 0 0 204 23 1199 21,0.0 0.0 0.0 0.24457831325301205 0.27710843373493976 0.5907797381900968 1.0,279.196954008407,0.6988095238095238,13303,17 5 1 7 0 244 -99,1.0 0.017361111111111112 0.0010395010395010396 0.007228915662650603 0.0 0.04723961297666477 0.28994082840236685,1001754.4973741269,0.015476190476190477,23949
resolved-p21d-c7d-3600-1st/nsp-n40-d28-r0.10-rp2-fp2-s9,2 4 0 4 0 211 -153,0.125 0.002570694087403599 0.0 0.0 0.0 0.0 0.0,125257.06940874035,0.4035714285714286,21870,1 3 0 17 0 553 -61,0.0625 0.0 0.0 0.011743450767841012 0.0 0.07792207792207792 0.30363036303630364,62512.8263019101,0.2714285714285714,24224,2 4 0 54 1 701 -42,0.125 0.002570694087403599 0.0 0.045167118337850046 0.0024390243902439024 0.11164274322169059 0.36633663366336633,125303.96319358311,0.16904761904761906,21343,16 4 2 127 15 1075 -26,1.0 0.002570694087403599 0.0007567158531971245 0.1111111111111111 0.036585365853658534 0.19685577580314423 0.41914191419141916,1000381.793914641,0.009523809523809525,15288,6 305 582 699 74 2592 16,0.375 0.7763496143958869 0.22020431328036322 0.6278229448961157 0.18048780487804877 0.542492595124174 0.5577557755775577,455488.85897950304,0.19642857142857142,2225,10 392 662 816 80 2369 -36,0.625 1.0 0.2504729474082482 0.7335140018066847 0.1951219512195122 0.49168375484164956 0.38613861386138615,728263.0586471733,0.2892857142857143,1945,16 4 2 127 15 1075 -26,1.0 0.002570694087403599 0.0007567158531971245 0.1111111111111111 0.036585365853658534 0.19685577580314423 0.41914191419141916,1000381.793914641,0.009523809523809525,15288,5 256 551 626 73 2093 -12,0.3125 0.6503856041131105 0.2084752175558078 0.5618789521228545 0.17804878048780487 0.42879927090453407 0.46534653465346537,380207.74975628447,0.1619047619047619,2263,10 392 613 737 93 1945 -11,0.625 1.0 0.23193340900491866 0.6621499548328816 0.22682926829268293 0.3950786056049214 0.46864686468646866,728008.5864046321,0.24761904761904763,1947,16 4 2 127 15 1075 -26,1.0 0.002570694087403599 0.0007567158531971245 0.1111111111111111 0.036585365853658534 0.19685577580314423 0.41914191419141916,1000381.793914641,0.009523809523809525,15288,5 276 618 685 76 2118 -7,0.3125 0.7017994858611826 0.23382519863791146 0.6151761517615176 0.18536585365853658 0.4344953292321713 0.48184818481848185,385656.7401111019,0.1619047619047619,2255,10 392 613 737 93 1945 -11,0.625 1.0 0.23193340900491866 0.6621499548328816 0.22682926829268293 0.3950786056049214 0.46864686468646866,728008.5864046321,0.24761904761904763,1947,13 201 1287 822 120 3553 136,0.8125 0.5089974293059126 0.4869466515323496 0.7389340560072267 0.2926829268292683 0.7614490772385509 0.9537953795379538,869045.9800807568,0.5571428571428572,38346,0 327 984 1064 154 2656 80,0.0 0.8329048843187661 0.37230419977298523 0.957542908762421 0.375609756097561 0.5570745044429255 0.768976897689769,88014.97403592076,0.694047619047619,29280,0 3 2429 656 410 4600 42,0.0 0.0 0.9190314037079077 0.5889792231255646 1.0 1.0 0.6435643564356436,9889.936824561077,0.6595238095238095,40034,12 175 1178 1111 63 3783 150,0.75 0.442159383033419 0.4457056375331063 1.0 0.15365853658536585 0.8138528138528138 1.0,799697.49906047,0.5857142857142857,19825,0 327 983 1079 159 2670 75,0.0 0.8329048843187661 0.37192584184638666 0.971093044263776 0.3878048780487805 0.5602642971064024 0.7524752475247525,88025.97550062773,0.7083333333333334,29379,0 3 2643 618 396 4543 31,0.0 0.0 1.0 0.5546522131887985 0.9658536585365853 0.987012987012987 0.6072607260726073,10661.714969638659,0.6595238095238095,39899,16 4 2 127 15 1074 -14,1.0 0.002570694087403599 0.0007567158531971245 0.1111111111111111 0.036585365853658534 0.19662793347003873 0.45874587458745875,1000381.8312401781,0.009523809523809525,14864
resolved-p21d-c7d-3600-1st/nsp-n40-d28-r0.10-rp2-fp2-s2,0 26 924 285 124 2944 -68,0.0 0.0 0.0 0.0 0.0 0.38321342925659474 0.0,3.8321342925659474,0.29642857142857143,17828,0 32 1187 400 189 3649 -66,0.0 0.01054481546572935 0.15063001145475372 0.07424144609425436 0.26 0.7213429256594724 0.014285714285714285,2668.250822185607,0.18452380952380953,15393,0 68 1271 412 202 3526 -61,0.0 0.07381370826010544 0.19873997709049254 0.08198837959974177 0.312 0.6623501199040768 0.05,9488.632477714253,0.12857142857142856,14697,17 131 1639 695 285 3734 -43,1.0 0.18453427065026362 0.4095074455899198 0.26468689477081986 0.644 0.7621103117505995 0.17857142857142858,1022885.3880902424,0.010714285714285714,4359,5 324 2626 1619 308 4016 -22,0.29411764705882354 0.523725834797891 0.9747995418098511 0.8612007746933505 0.736 0.8973621103117506 0.32857142857142857,357182.3289239362,0.22857142857142856,2068,1 379 2670 1802 374 3936 -12,0.058823529411764705 0.6203866432337434 1.0 0.9793415106520336 1.0 0.8589928057553957 0.4,131950.52517384864,0.20714285714285716,2063,17 131 1639 695 285 3734 -42,1.0 0.18453427065026362 0.4095074455899198 0.26468689477081986 0.644 0.7621103117505995 0.18571428571428572,1022885.3952330996,0.010714285714285714,4358,4 410 2382 1640 236 3616 -20,0.23529411764705882 0.6748681898066784 0.8350515463917526 0.8747579083279535 0.448 0.705515587529976 0.34285714285714286,312058.4080129903,0.31785714285714284,2117,1 379 2670 1802 374 3936 -12,0.058823529411764705 0.6203866432337434 1.0 0.9793415106520336 1.0 0.8589928057553957 0.4,131950.52517384864,0.20714285714285716,2063,17 131 1639 695 285 3734 -43,1.0 0.18453427065026362 0.4095074455899198 0.26468689477081986 0.644 0.7621103117505995 0.17857142857142858,1022885.3880902424,0.010714285714285714,4359,5 324 2626 1619 308 4014 -22,0.29411764705882354 0.523725834797891 0.9747995418098511 0.8612007746933505 0.736 0.8964028776978418 0.32857142857142857,357182.31933161005,0.22857142857142856,2069,1 379 2670 1802 374 3936 -12,0.058823529411764705 0.6203866432337434 1.0 0.9793415106520336 1.0 0.8589928057553957 0.4,131950.52517384864,0.20714285714285716,2063,17 153 1915 800 304 4230 -19,1.0 0.22319859402460457 0.5675830469644902 0.33247256294383476 0.72 1.0 0.35,1028410.5124350492,0.010714285714285714,14450,7 595 1507 1771 193 2175 72,0.4117647058823529 1.0 0.33390607101947306 0.9593285990961911 0.276 0.014388489208633094 1.0,516091.8390765359,0.7892857142857143,15589,4 568 1304 1306 168 2169 63,0.23529411764705882 0.9525483304042179 0.21764032073310424 0.6591349257585539 0.176 0.011510791366906475 0.9357142857142857,333403.1396427696,0.7880952380952381,15308,17 131 1799 647 286 4070 -54,1.0 0.18453427065026362 0.5011454753722795 0.23369916074887023 0.648 0.9232613908872902 0.1,1023772.713593407,0.010714285714285714,20160,7 586 1507 1834 191 2145 66,0.4117647058823529 0.984182776801406 0.33390607101947306 1.0 0.268 0.0 0.9571428571428572,514549.80141554534,0.8,16319,4 568 1308 1301 159 2188 69,0.23529411764705882 0.9525483304042179 0.21993127147766323 0.6559070367979342 0.14 0.02062350119904077 0.9785714285714285,333419.35524549574,0.7880952380952381,15274,17 131 1766 678 282 4095 -61,1.0 0.18453427065026362 0.4822451317296678 0.2537120723047127 0.632 0.935251798561151 0.05,1023602.1929726134,0.010714285714285714,20544
resolved-p21d-c7d-3600-1st/nsp-n50-d28-r0.10-rp2-fp2-s3,1 7 0 2 0 300 -162,0.023809523809523808 0.006896551724137931 0.0 0.0 0.0 0.0 0.0,24499.178981937603,0.21428571428571427,31805,1 13 0 17 0 472 -134,0.023809523809523808 0.017241379310344827 0.0 0.004054054054054054 0.0 0.016150234741784036 0.12669683257918551,25538.003993792343,0.09142857142857143,30518,1 9 0 32 0 528 -132,0.023809523809523808 0.010344827586206896 0.0 0.008108108108108109 0.0 0.02140845070422535 0.13574660633484162,24852.464507365985,0.06761904761904762,32075,22 7 0 7 0 446 -138,0.5238095238095238 0.006896551724137931 0.0 0.0013513513513513514 0.0 0.013708920187793428 0.1085972850678733,524500.7760197759,0.013333333333333334,18468,13 457 1357 891 90 2527 -68,0.30952380952380953 0.7827586206896552 0.1294106427617776 0.24027027027027026 0.0703125 0.20910798122065727 0.4253393665158371,389343.5959598418,0.2980952380952381,7719,13 406 785 550 59 1696 -100,0.30952380952380953 0.6948275862068966 0.07486172038909021 0.14810810810810812 0.04609375 0.13107981220657278 0.28054298642533937,379909.4941726067,0.2361904761904762,1748,22 7 0 7 0 446 -138,0.5238095238095238 0.006896551724137931 0.0 0.0013513513513513514 0.0 0.013708920187793428 0.1085972850678733,524500.7760197759,0.013333333333333334,18468,13 457 1357 891 90 2527 -68,0.30952380952380953 0.7827586206896552 0.1294106427617776 0.24027027027027026 0.0703125 0.20910798122065727 0.4253393665158371,389343.5959598418,0.2980952380952381,7719,13 406 785 550 59 1696 -100,0.30952380952380953 0.6948275862068966 0.07486172038909021 0.14810810810810812 0.04609375 0.13107981220657278 0.28054298642533937,379909.4941726067,0.2361904761904762,1748,22 7 0 7 0 446 -139,0.5238095238095238 0.006896551724137931 0.0 0.0013513513513513514 0.0 0.013708920187793428 0.10407239819004525,524500.771494889,0.013333333333333334,18469,12 526 932 754 74 2458 -84,0.2857142857142857 0.9017241379310345 0.08888041197787526 0.20324324324324325 0.0578125 0.20262910798122066 0.35294117647058826,376986.9073526674,0.3419047619047619,7735,13 406 786 551 59 1696 -101,0.30952380952380953 0.6948275862068966 0.07495708563799351 0.1483783783783784 0.04609375 0.13107981220657278 0.27601809954751133,379910.7135704791,0.2361904761904762,1747,36 387 7192 2476 689 7371 2,0.8571428571428571 0.6620689655172414 0.685866870112531 0.6686486486486487 0.53828125 0.663943661971831 0.7420814479638009,930938.2806874228,0.5523809523809524,19054,0 3 1693 622 142 6715 59,0.0 0.0 0.16145336639328628 0.16756756756756758 0.1109375 0.6023474178403756 1.0,1800.218455678834,0.6438095238095238,32984,1 211 10432 3630 1280 10895 19,0.023809523809523808 0.3586206896551724 0.9948502765592219 0.9805405405405405 1.0 0.9948356807511737 0.8190045248868778,70711.40344250621,0.8323809523809523,25638,42 583 4436 3141 421 6026 35,1.0 1.0 0.4230402441350372 0.8483783783783784 0.32890625 0.5376525821596244 0.8914027149321267,1105117.9393732653,0.5447619047619048,23796,0 3 1422 505 102 5891 12,0.0 0.0 0.13560938394049207 0.13594594594594595 0.0796875 0.5249765258215963 0.7873303167420814,1506.0456309258248,0.6342857142857142,34014,1 219 10486 3702 1232 10950 14,0.023809523809523808 0.3724137931034483 1.0 1.0 0.9625 1.0 0.7963800904977375,72157.94949995914,0.8352380952380952,25411,22 7 0 7 0 451 -133,0.5238095238095238 0.006896551724137931 0.0 0.0013513513513513514 0.0 0.014178403755868544 0.13122171945701358,524500.803339046,0.013333333333333334,20367
resolved-p21d-c7d-3600-1st/nsp-n30-d28-r0.10-rp2-fp2-s2,0 0 0 0 0 99 -158,0.0 0.0 0.0 0.0 0.0 0.02422145328719723 0.1206896551724138,0.3629041880443861,0.3761904761904762,497,0 0 0 0 0 92 -172,0.0 0.0 0.0 0.0 0.0 0.0 0.0,0.0,0.34285714285714286,519,0 0 0 0 0 103 -135,0.0 0.0 0.0 0.0 0.0 0.03806228373702422 0.31896551724137934,0.6995883546116215,0.29523809523809524,401,0 0 0 0 0 233 -63,0.0 0.0 0.0 0.0 0.0 0.48788927335640137 0.9396551724137931,5.818547905977807,0.10952380952380952,65,0 0 0 0 0 178 -80,0.0 0.0 0.0 0.0 0.0 0.2975778546712803 0.7931034482758621,3.768881994988665,0.48412698412698413,17,0 0 0 0 0 232 -66,0.0 0.0 0.0 0.0 0.0 0.4844290657439446 0.9137931034482759,5.758083760887722,0.1111111111111111,74,0 0 0 0 0 230 -68,0.0 0.0 0.0 0.0 0.0 0.47750865051903113 0.896551724137931,5.6716382293282415,0.1126984126984127,49,0 0 0 0 0 184 -84,0.0 0.0 0.0 0.0 0.0 0.31833910034602075 0.7586206896551724,3.94201169311538,0.38095238095238093,30,0 0 0 0 0 237 -62,0.0 0.0 0.0 0.0 0.0 0.5017301038062284 0.9482758620689655,5.965576900131249,0.1111111111111111,39,0 0 0 0 0 248 -56,0.0 0.0 0.0 0.0 0.0 0.5397923875432526 1.0,6.397923875432527,0.10952380952380952,63,0 0 0 0 0 169 -66,0.0 0.0 0.0 0.0 0.0 0.2664359861591695 0.9137931034482759,3.578152965039971,0.42857142857142855,18,0 0 0 0 0 224 -66,0.0 0.0 0.0 0.0 0.0 0.45674740484429066 0.9137931034482759,5.481267151891182,0.1111111111111111,54,0 0 0 0 0 352 -75,0.0 0.0 0.0 0.0 0.0 0.8996539792387543 0.8362068965517241,9.832746688939269,0.3634920634920635,98,0 0 0 0 0 152 -61,0.0 0.0 0.0 0.0 0.0 0.20761245674740483 0.9568965517241379,3.033021119198186,0.665079365079365,135,0 0 0 0 0 381 -67,0.0 0.0 0.0 0.0 0.0 1.0 0.9051724137931034,10.905172413793103,0.353968253968254,120,0 0 0 0 0 348 -76,0.0 0.0 0.0 0.0 0.0 0.8858131487889274 0.8275862068965517,9.685717694785826,0.3634920634920635,99,0 0 0 0 0 152 -61,0.0 0.0 0.0 0.0 0.0 0.20761245674740483 0.9568965517241379,3.033021119198186,0.665079365079365,135,0 0 0 0 0 381 -67,0.0 0.0 0.0 0.0 0.0 1.0 0.9051724137931034,10.905172413793103,0.353968253968254,120,0 0 0 0 0 185 -81,0.0 0.0 0.0 0.0 0.0 0.3217993079584775 0.7844827586206896,4.002475838205465,0.10952380952380952,87
resolved-p21d-c7d-3600-1st/nsp-n10-d28-r0.10-rp0-fp0-s2,0 0 0 0 0 75 -53,0.0 0.0 0.0 0.0 0.0 0.2916666666666667 0.0,2.916666666666667,0.40476190476190477,151,0 0 0 0 0 72 -45,0.0 0.0 0.0 0.0 0.0 0.16666666666666666 0.23529411764705882,1.9019607843137254,0.34285714285714286,146,0 0 0 0 0 68 -43,0.0 0.0 0.0 0.0 0.0 0.0 0.29411764705882354,0.29411764705882354,0.5,164,0 0 0 0 0 92 -20,0.0 0.0 0.0 0.0 0.0 1.0 0.9705882352941176,10.970588235294118,0.1,85,0 0 0 0 0 86 -25,0.0 0.0 0.0 0.0 0.0 0.75 0.8235294117647058,8.323529411764707,0.42857142857142855,9,0 0 0 0 0 92 -20,0.0 0.0 0.0 0.0 0.0 1.0 0.9705882352941176,10.970588235294118,0.1,87,0 0 0 0 0 92 -20,0.0 0.0 0.0 0.0 0.0 1.0 0.9705882352941176,10.970588235294118,0.1,62,0 0 0 0 0 89 -23,0.0 0.0 0.0 0.0 0.0 0.875 0.8823529411764706,9.632352941176471,0.3380952380952381,11,0 0 0 0 0 92 -20,0.0 0.0 0.0 0.0 0.0 1.0 0.9705882352941176,10.970588235294118,0.1,65,0 0 0 0 0 92 -20,0.0 0.0 0.0 0.0 0.0 1.0 0.9705882352941176,10.970588235294118,0.1,50,0 0 0 0 0 85 -25,0.0 0.0 0.0 0.0 0.0 0.7083333333333334 0.8235294117647058,7.9068627450980395,0.36666666666666664,26,0 0 0 0 0 92 -20,0.0 0.0 0.0 0.0 0.0 1.0 0.9705882352941176,10.970588235294118,0.1,49,0 0 0 0 0 92 -20,0.0 0.0 0.0 0.0 0.0 1.0 0.9705882352941176,10.970588235294118,0.1,90,0 0 0 0 0 83 -29,0.0 0.0 0.0 0.0 0.0 0.625 0.7058823529411765,6.955882352941177,0.6095238095238096,171,0 0 0 0 0 92 -19,0.0 0.0 0.0 0.0 0.0 1.0 1.0,11.0,0.1,151,0 0 0 0 0 92 -20,0.0 0.0 0.0 0.0 0.0 1.0 0.9705882352941176,10.970588235294118,0.1,90,0 0 0 0 0 83 -29,0.0 0.0 0.0 0.0 0.0 0.625 0.7058823529411765,6.955882352941177,0.6095238095238096,171,0 0 0 0 0 92 -20,0.0 0.0 0.0 0.0 0.0 1.0 0.9705882352941176,10.970588235294118,0.1,152,0 0 0 0 0 88 -27,0.0 0.0 0.0 0.0 0.0 0.8333333333333334 0.7647058823529411,9.098039215686274,0.10952380952380952,67
resolved-p21d-c7d-3600-1st/nsp-n10-d28-r0.10-rp0-fp0-s3,0 0 0 0 0 70 -42,0.0 0.0 0.0 0.0 0.0 0.0 0.0,0.0,0.5238095238095238,161,0 0 0 0 0 73 -41,0.0 0.0 0.0 0.0 0.0 0.02654867256637168 0.041666666666666664,0.30715339233038347,0.45714285714285713,127,0 0 0 0 0 76 -41,0.0 0.0 0.0 0.0 0.0 0.05309734513274336 0.041666666666666664,0.5726401179941002,0.46190476190476193,117,0 0 0 0 0 99 -30,0.0 0.0 0.0 0.0 0.0 0.25663716814159293 0.5,3.066371681415929,0.0761904761904762,41,0 0 0 0 0 96 -30,0.0 0.0 0.0 0.0 0.0 0.23008849557522124 0.5,2.8008849557522124,0.38571428571428573,32,0 0 0 0 0 99 -30,0.0 0.0 0.0 0.0 0.0 0.25663716814159293 0.5,3.066371681415929,0.0761904761904762,34,0 0 0 0 0 99 -30,0.0 0.0 0.0 0.0 0.0 0.25663716814159293 0.5,3.066371681415929,0.0761904761904762,57,0 0 0 0 0 97 -25,0.0 0.0 0.0 0.0 0.0 0.23893805309734514 0.7083333333333334,3.097713864306785,0.4238095238095238,12,0 0 0 0 0 99 -30,0.0 0.0 0.0 0.0 0.0 0.25663716814159293 0.5,3.066371681415929,0.0761904761904762,44,0 0 0 0 0 99 -30,0.0 0.0 0.0 0.0 0.0 0.25663716814159293 0.5,3.066371681415929,0.0761904761904762,50,0 0 0 0 0 95 -27,0.0 0.0 0.0 0.0 0.0 0.22123893805309736 0.625,2.837389380530974,0.6285714285714286,12,0 0 0 0 0 99 -30,0.0 0.0 0.0 0.0 0.0 0.25663716814159293 0.5,3.066371681415929,0.0761904761904762,37,0 0 0 0 0 99 -30,0.0 0.0 0.0 0.0 0.0 0.25663716814159293 0.5,3.066371681415929,0.0761904761904762,211,0 0 0 0 0 91 -19,0.0 0.0 0.0 0.0 0.0 0.18584070796460178 0.9583333333333334,2.8167404129793514,0.6095238095238096,44,0 0 0 0 0 183 -20,0.0 0.0 0.0 0.0 0.0 1.0 0.9166666666666666,10.916666666666666,0.35714285714285715,37,0 0 0 0 0 99 -30,0.0 0.0 0.0 0.0 0.0 0.25663716814159293 0.5,3.066371681415929,0.0761904761904762,211,0 0 0 0 0 91 -18,0.0 0.0 0.0 0.0 0.0 0.18584070796460178 1.0,2.858407079646018,0.6095238095238096,43,0 0 0 0 0 183 -20,0.0 0.0 0.0 0.0 0.0 1.0 0.9166666666666666,10.916666666666666,0.35714285714285715,37,0 0 0 0 0 92 -29,0.0 0.0 0.0 0.0 0.0 0.19469026548672566 0.5416666666666666,2.488569321533923,0.14285714285714285,17
resolved-p21d-c7d-3600-1st/nsp-n20-d28-r0.10-rp2-fp2-s6,0 0 2 6 0 66 -92,0.0 0.0 0.0 0.0 0.0 0.0 0.0,0.0,0.4023809523809524,18634,0 0 2 6 0 70 -85,0.0 0.0 0.0 0.0 0.0 0.002612671456564337 0.056910569105691054,0.08303728367133442,0.3880952380952381,18778,0 0 2 7 0 74 -86,0.0 0.0 0.0 0.002109704641350211 0.0 0.005225342913128674 0.04878048780487805,2.210738558286376,0.319047619047619,18651,6 3 4 10 0 88 -82,1.0 0.0297029702970297 0.0024009603841536613 0.008438818565400843 0.0 0.014369693011103853 0.08130081300813008,1003002.970449853,0.011904761904761904,20950,0 97 399 391 81 1119 17,0.0 0.9603960396039604 0.4765906362545018 0.8122362869198312 0.42408376963350786 0.6877857609405618 0.8861788617886179,101667.91902329543,0.5976190476190476,39450,0 28 183 152 24 637 -31,0.0 0.27722772277227725 0.21728691476590636 0.3080168776371308 0.1256544502617801 0.3729588504245591 0.4959349593495935,30220.449271013695,0.16904761904761906,46889,6 3 4 10 0 88 -82,1.0 0.0297029702970297 0.0024009603841536613 0.008438818565400843 0.0 0.014369693011103853 0.08130081300813008,1003002.970449853,0.011904761904761904,20950,0 78 549 480 101 1484 1,0.0 0.7722772277227723 0.6566626650660264 1.0 0.5287958115183246 0.9261920313520575 0.7560975609756098,84857.24702196383,0.6976190476190476,47779,0 11 835 206 191 1086 -5,0.0 0.10891089108910891 1.0 0.4219409282700422 1.0 0.6662312214239059 0.7073170731707317,21420.399666468344,0.4666666666666667,50052,6 3 4 10 0 88 -82,1.0 0.0297029702970297 0.0024009603841536613 0.008438818565400843 0.0 0.014369693011103853 0.08130081300813008,1003002.970449853,0.011904761904761904,20950,0 101 415 357 71 1187 11,0.0 1.0 0.4957983193277311 0.740506329113924 0.3717277486910995 0.7322011757021555 0.8373983739837398,105743.82170739135,0.680952380952381,37457,0 14 108 119 18 438 -33,0.0 0.13861386138613863 0.12725090036014405 0.23839662447257384 0.09424083769633508 0.24297844546048333 0.4796747967479675,15384.625309708865,0.24047619047619048,49446,3 14 349 204 55 1597 29,0.5 0.13861386138613863 0.41656662665066024 0.4177215189873418 0.2879581151832461 1.0 0.983739837398374,518484.55347546353,0.40476190476190477,89247,0 0 297 221 70 1090 31,0.0 0.0 0.35414165666266506 0.45358649789029537 0.36649214659685864 0.6688438928804703 1.0,4039.3407181054367,0.6904761904761905,81894,0 0 2 6 0 216 -48,0.0 0.0 0.0 0.0 0.0 0.09797517962116264 0.35772357723577236,1.3374753734473988,0.38333333333333336,32379,3 12 340 219 45 1575 20,0.5 0.1188118811881188 0.4057623049219688 0.44936708860759494 0.2356020942408377 0.9856303069888962 0.9105691056910569,516422.50533823884,0.40476190476190477,91274,0 0 204 162 39 1015 18,0.0 0.0 0.2424969987995198 0.3291139240506329 0.20418848167539266 0.6198563030698889 0.8943089430894309,2781.5956321871586,0.7,85130,0 0 2 6 0 189 -45,0.0 0.0 0.0 0.0 0.0 0.08033964728935336 0.3821138211382114,1.185510294031745,0.37142857142857144,32924,6 3 4 10 0 88 -82,1.0 0.0297029702970297 0.0024009603841536613 0.008438818565400843 0.0 0.014369693011103853 0.08130081300813008,1003002.970449853,0.011904761904761904,13590
resolved-p21d-c7d-3600-1st/nsp-n30-d28-r0.10-rp2-fp2-s8,1 2 2 2 0 107 -175,0.08333333333333333 0.012658227848101266 0.0026041666666666665 0.004424778761061947 0.0 0.0007374631268436578 0.0,84629.62993820246,0.30952380952380953,34614,1 2 2 2 0 106 -171,0.08333333333333333 0.012658227848101266 0.0026041666666666665 0.004424778761061947 0.0 0.0 0.023391812865497075,84629.64595538405,0.27936507936507937,34732,1 2 2 2 0 118 -132,0.08333333333333333 0.012658227848101266 0.0026041666666666665 0.004424778761061947 0.0 0.008849557522123894 0.25146198830409355,84629.96252113472,0.15873015873015872,34719,12 2 0 0 0 116 -127,1.0 0.012658227848101266 0.0 0.0 0.0 0.007374631268436578 0.2807017543859649,1001266.1772328772,0.006349206349206349,6641,0 109 702 328 75 1366 -66,0.0 0.689873417721519 0.9140625 0.7256637168141593 1.0 0.9292035398230089 0.6374269005847953,78963.55995126488,0.4,3670,1 158 637 375 67 1222 -59,0.08333333333333333 1.0 0.8294270833333334 0.8296460176991151 0.8933333333333333 0.8230088495575221 0.6783625730994152,192555.49196876778,0.3873015873015873,3038,12 2 0 0 0 116 -123,1.0 0.012658227848101266 0.0 0.0 0.0 0.007374631268436578 0.30409356725146197,1001266.20062469,0.006349206349206349,9780,0 114 514 326 61 1249 -45,0.0 0.7215189873417721 0.6692708333333334 0.7212389380530974 0.8133333333333334 0.8429203539823009 0.7602339181286549,79656.36877635494,0.42698412698412697,3625,1 124 478 309 41 1104 -82,0.08333333333333333 0.7848101265822784 0.6223958333333334 0.6836283185840708 0.5466666666666666 0.7359882005899705 0.543859649122807,168784.50305180027,0.22380952380952382,3055,12 2 0 0 0 117 -128,1.0 0.012658227848101266 0.0 0.0 0.0 0.008112094395280236 0.27485380116959063,1001266.1787595552,0.006349206349206349,8233,0 113 768 452 53 1462 -69,0.0 0.7151898734177216 1.0 1.0 0.7066666666666667 1.0 0.6198830409356725,82600.27389147975,0.48412698412698413,3642,1 89 523 270 41 930 -63,0.08333333333333333 0.5632911392405063 0.6809895833333334 0.5973451327433629 0.5466666666666666 0.6076696165191741 0.6549707602339181,147131.08655705274,0.2777777777777778,3128,12 2 0 0 0 116 -127,1.0 0.012658227848101266 0.0 0.0 0.0 0.007374631268436578 0.2807017543859649,1001266.1772328772,0.006349206349206349,5727,0 0 32 192 36 913 -4,0.0 0.0 0.041666666666666664 0.4247787610619469 0.48 0.5951327433628318 1.0,896.3967551622419,0.6714285714285714,21875,0 0 64 294 61 1259 -5,0.0 0.0 0.08333333333333333 0.6504424778761062 0.8133333333333334 0.8502949852507374 0.9941520467836257,1574.6062464420638,0.6634920634920635,22735,12 2 0 0 0 116 -127,1.0 0.012658227848101266 0.0 0.0 0.0 0.007374631268436578 0.2807017543859649,1001266.1772328772,0.006349206349206349,5727,0 0 40 257 44 1008 -48,0.0 0.0 0.052083333333333336 0.5685840707964602 0.5866666666666667 0.6651917404129793 0.7426900584795322,1155.4786782590695,0.6507936507936508,20134,0 0 66 306 45 1311 -5,0.0 0.0 0.0859375 0.6769911504424779 0.6 0.8886430678466076 0.9941520467836257,1606.2467331677276,0.665079365079365,22393,12 2 0 0 0 116 -124,1.0 0.012658227848101266 0.0 0.0 0.0 0.007374631268436578 0.2982456140350877,1001266.1947767369,0.006349206349206349,28306
resolved-p21d-c7d-3600-1st/nsp-n20-d28-r0.10-rp2-fp2-s9,0 0 0 0 0 57 -70,0.0 0.0 0.0 0.0 0.0 0.0 0.12987012987012986,0.12987012987012986,0.43333333333333335,382,0 0 0 0 0 61 -80,0.0 0.0 0.0 0.0 0.0 0.018018018018018018 0.0,0.18018018018018017,0.4023809523809524,361,0 0 0 0 0 57 -66,0.0 0.0 0.0 0.0 0.0 0.0 0.18181818181818182,0.18181818181818182,0.4238095238095238,341,0 0 0 0 0 102 -41,0.0 0.0 0.0 0.0 0.0 0.20270270270270271 0.5064935064935064,2.5335205335205337,0.10476190476190476,98,0 0 0 0 0 92 -32,0.0 0.0 0.0 0.0 0.0 0.15765765765765766 0.6233766233766234,2.1999531999531996,0.36666666666666664,9,0 0 0 0 0 102 -41,0.0 0.0 0.0 0.0 0.0 0.20270270270270271 0.5064935064935064,2.5335205335205337,0.10476190476190476,134,0 0 0 0 0 102 -41,0.0 0.0 0.0 0.0 0.0 0.20270270270270271 0.5064935064935064,2.5335205335205337,0.10476190476190476,126,0 0 0 0 0 95 -33,0.0 0.0 0.0 0.0 0.0 0.17117117117117117 0.6103896103896104,2.322101322101322,0.3880952380952381,17,0 0 0 0 0 102 -38,0.0 0.0 0.0 0.0 0.0 0.20270270270270271 0.5454545454545454,2.5724815724815726,0.10476190476190476,183,0 0 0 0 0 102 -41,0.0 0.0 0.0 0.0 0.0 0.20270270270270271 0.5064935064935064,2.5335205335205337,0.10476190476190476,165,0 0 0 0 0 84 -28,0.0 0.0 0.0 0.0 0.0 0.12162162162162163 0.6753246753246753,1.8915408915408916,0.44761904761904764,21,0 0 0 0 0 102 -38,0.0 0.0 0.0 0.0 0.0 0.20270270270270271 0.5454545454545454,2.5724815724815726,0.10476190476190476,137,0 0 0 0 0 279 -10,0.0 0.0 0.0 0.0 0.0 1.0 0.9090909090909091,10.909090909090908,0.38333333333333336,77,0 0 0 0 0 73 -46,0.0 0.0 0.0 0.0 0.0 0.07207207207207207 0.44155844155844154,1.1622791622791622,0.6928571428571428,148,0 0 0 0 0 271 -3,0.0 0.0 0.0 0.0 0.0 0.963963963963964 1.0,10.63963963963964,0.4261904761904762,42,0 0 0 0 0 273 -12,0.0 0.0 0.0 0.0 0.0 0.972972972972973 0.8831168831168831,10.612846612846614,0.38333333333333336,78,0 0 0 0 0 73 -46,0.0 0.0 0.0 0.0 0.0 0.07207207207207207 0.44155844155844154,1.1622791622791622,0.6928571428571428,148,0 0 0 0 0 271 -3,0.0 0.0 0.0 0.0 0.0 0.963963963963964 1.0,10.63963963963964,0.4261904761904762,42,0 0 0 0 0 93 -21,0.0 0.0 0.0 0.0 0.0 0.16216216216216217 0.7662337662337663,2.387855387855388,0.13333333333333333,124
resolved-p21d-c7d-3600-1st/nsp-n50-d28-r0.10-rp2-fp2-s5,1 9 2 1 0 287 -161,0.043478260869565216 0.015517241379310345 0.002066115702479339 0.0010570824524312897 0.0 0.0 0.0,45051.70324697348,0.2523809523809524,8505,1 11 2 5 0 378 -129,0.043478260869565216 0.01896551724137931 0.002066115702479339 0.005285412262156448 0.0 0.05132543711223914 0.22377622377622378,45401.49619358499,0.15523809523809523,23324,1 11 2 16 0 443 -129,0.043478260869565216 0.01896551724137931 0.002066115702479339 0.016913319238900635 0.0 0.08798646362098139 0.22377622377622378,45413.49071082682,0.10666666666666667,22895,23 10 0 9 0 343 -106,1.0 0.017241379310344827 0.0 0.009513742071881607 0.0 0.03158488437676255 0.38461538461538464,1001734.3521373348,0.01904761904761905,10617,19 437 870 790 49 1730 -77,0.8260869565217391 0.753448275862069 0.8987603305785123 0.8350951374207188 0.7777777777777778 0.8138747884940778 0.5874125874125874,911340.986489402,0.22952380952380952,3884,15 423 927 704 63 1639 -78,0.6521739130434783 0.7293103448275862 0.9576446280991735 0.7441860465116279 1.0 0.7625493513818387 0.5804195804195804,735533.7857668345,0.18,3947,23 10 0 9 0 343 -106,1.0 0.017241379310344827 0.0 0.009513742071881607 0.0 0.03158488437676255 0.38461538461538464,1001734.3521373348,0.01904761904761905,10617,18 580 968 746 60 2060 -53,0.782608695652174 1.0 1.0 0.7885835095137421 0.9523809523809523 1.0 0.7552447552447552,893503.272501681,0.30666666666666664,3894,15 423 927 703 63 1639 -78,0.6521739130434783 0.7293103448275862 0.9576446280991735 0.7431289640591966 1.0 0.7625493513818387 0.5804195804195804,735532.728684382,0.18,3948,23 10 0 9 0 345 -100,1.0 0.017241379310344827 0.0 0.009513742071881607 0.0 0.032712915961646924 0.42657342657342656,1001734.4053756925,0.01904761904761905,10612,19 437 870 790 49 1730 -77,0.8260869565217391 0.753448275862069 0.8987603305785123 0.8350951374207188 0.7777777777777778 0.8138747884940778 0.5874125874125874,911340.986489402,0.22952380952380952,3884,18 466 812 946 43 1780 -41,0.782608695652174 0.803448275862069 0.8388429752066116 1.0 0.6825396825396826 0.8420755781161873 0.8391608391608392,872419.4668753212,0.29619047619047617,3821,23 10 0 9 0 347 -100,1.0 0.017241379310344827 0.0 0.009513742071881607 0.0 0.0338409475465313 0.42657342657342656,1001734.4166560085,0.01904761904761905,17103,0 0 2 0 0 536 -144,0.0 0.0 0.002066115702479339 0.0 0.0 0.1404399323181049 0.11888111888111888,22.184437466855556,0.6523809523809524,8998,0 0 2 13 0 1474 -18,0.0 0.0 0.002066115702479339 0.013742071881606765 0.0 0.6694867456288776 1.0,42.098096362688935,0.6580952380952381,12139,23 10 0 9 0 349 -97,1.0 0.017241379310344827 0.0 0.009513742071881607 0.0 0.03496897913141568 0.44755244755244755,1001734.4489153452,0.01904761904761905,17100,0 0 2 0 0 547 -133,0.0 0.0 0.002066115702479339 0.0 0.0 0.14664410603496897 0.1958041958041958,22.323402280947274,0.6761904761904762,8980,0 0 2 4 0 883 -80,0.0 0.0 0.002066115702479339 0.004228329809725159 0.0 0.3361534122955443 0.5664335664335665,28.817454523907557,0.6419047619047619,12383,23 10 0 9 0 340 -110,1.0 0.017241379310344827 0.0 0.009513742071881607 0.0 0.029892836999435984 0.35664335664335667,1001734.307244833,0.01904761904761905,23074
resolved-p21d-c7d-3600-1st/nsp-n50-d28-r0.10-rp2-fp2-s2,1 21 1173 313 125 4008 -32,0.045454545454545456 0.03197158081705151 0.0 0.0 0.0 0.053400637619553666 0.08333333333333333,48652.32087596013,0.2714285714285714,9809,1 37 1392 672 158 4658 -47,0.045454545454545456 0.06039076376554174 0.0732196589769308 0.20351473922902494 0.1774193548387097 0.22608926673751328 0.0,52449.33598824921,0.19142857142857142,12485,1 97 1653 1264 179 4689 -39,0.045454545454545456 0.1669626998223801 0.160481444332999 0.5391156462585034 0.2903225806451613 0.23432518597236981 0.044444444444444446,64326.165480740645,0.09714285714285714,10312,21 158 1604 650 148 3807 10,0.9545454545454546 0.2753108348134991 0.14409896355733867 0.19104308390022676 0.12365591397849462 0.0 0.31666666666666665,983721.2530043427,0.010476190476190476,21048,19 566 2134 1909 229 3899 28,0.8636363636363636 1.0 0.3212972250083584 0.9047619047619048 0.5591397849462365 0.024442082890541977 0.4166666666666667,967810.6728571993,0.18857142857142858,1703,15 439 3161 1763 238 4516 25,0.6818181818181818 0.7744227353463587 0.6646606486125042 0.8219954648526077 0.6075268817204301 0.1883634431455898 0.4,766792.0936263988,0.18857142857142858,1612,21 158 1604 650 148 3807 10,0.9545454545454546 0.2753108348134991 0.14409896355733867 0.19104308390022676 0.12365591397849462 0.0 0.31666666666666665,983721.2530043427,0.010476190476190476,21048,19 566 2134 1909 229 3899 28,0.8636363636363636 1.0 0.3212972250083584 0.9047619047619048 0.5591397849462365 0.024442082890541977 0.4166666666666667,967810.6728571993,0.18857142857142858,1703,15 521 2831 2077 262 4349 39,0.6818181818181818 0.9200710479573713 0.5543296556335674 1.0 0.7365591397849462 0.14399574920297556 0.4777777777777778,780444.1568195028,0.19428571428571428,1602,21 158 1604 650 148 3807 10,0.9545454545454546 0.2753108348134991 0.14409896355733867 0.19104308390022676 0.12365591397849462 0.0 0.31666666666666665,983721.2530043427,0.010476190476190476,21048,19 566 2134 1909 229 3899 28,0.8636363636363636 1.0 0.3212972250083584 0.9047619047619048 0.5591397849462365 0.024442082890541977 0.4166666666666667,967810.6728571993,0.18857142857142858,1703,15 521 2831 2077 262 4349 39,0.6818181818181818 0.9200710479573713 0.5543296556335674 1.0 0.7365591397849462 0.14399574920297556 0.4777777777777778,780444.1568195028,0.19428571428571428,1602,19 328 4164 1207 311 6559 112,0.8636363636363636 0.5772646536412078 1.0 0.5068027210884354 1.0 0.7311370882040382 0.8833333333333333,931977.8264257882,0.5276190476190477,25080,0 8 1944 868 168 7506 122,0.0 0.008880994671403197 0.2577733199598796 0.31462585034013607 0.23118279569892472 0.982731137088204 0.9388888888888889,3814.342996908915,0.7752380952380953,31683,0 3 2532 652 255 7571 105,0.0 0.0 0.4543630892678034 0.1921768707482993 0.6989247311827957 1.0 0.8444444444444444,4816.544680989057,0.7171428571428572,29686,20 323 3857 1165 267 6542 133,0.9090909090909091 0.5683836589698046 0.8973587428953528 0.48299319727891155 0.7634408602150538 0.7266206163655685 1.0,975470.4659063071,0.5276190476190477,24284,0 6 1919 870 196 7237 120,0.0 0.0053285968028419185 0.24941491140086927 0.3157596371882086 0.3817204301075269 0.9112646121147715 0.9277777777777778,3390.9808983907715,0.7628571428571429,32242,0 3 1736 460 185 6826 57,0.0 0.0 0.18823136074891342 0.08333333333333333 0.3225806451612903 0.8020722635494155 0.5777777777777777,2006.5035057518685,0.7171428571428572,33808,22 161 2011 981 158 4808 -33,1.0 0.28063943161634103 0.28017385489802743 0.3786848072562358 0.1774193548387097 0.26594048884165783 0.07777777777777778,1031264.8456360206,0.010476190476190476,5060
resolved-p21d-c7d-3600-1st/nsp-n20-d28-r0.10-rp2-fp2-s8,0 1 1 0 0 71 -45,0.0 0.0 0.0 0.0 0.0 0.0017281105990783411 0.0,0.01728110599078341,0.6857142857142857,10239,0 1 1 0 0 68 -45,0.0 0.0 0.0 0.0 0.0 0.0 0.0,0.0,0.6857142857142857,10784,0 1 51 94 17 610 28,0.0 0.0 0.13054830287206268 0.3671875 0.14655172413793102 0.3122119815668203 0.7604166666666666,1691.2082376167548,0.24761904761904763,9277,10 1 238 141 78 1424 37,1.0 0.0 0.618798955613577 0.55078125 0.6724137931034483 0.7811059907834101 0.8541666666666666,1006814.6774120206,0.009523809523809525,2717,0 1 1 0 0 118 -1,0.0 0.0 0.0 0.0 0.0 0.02880184331797235 0.4583333333333333,0.7463517665130568,0.6190476190476191,14867,0 1 1 1 0 223 8,0.0 0.0 0.0 0.00390625 0.0 0.08928571428571429 0.5520833333333334,5.351190476190476,0.49047619047619045,14501,10 1 238 141 78 1424 37,1.0 0.0 0.618798955613577 0.55078125 0.6724137931034483 0.7811059907834101 0.8541666666666666,1006814.6774120206,0.009523809523809525,2717,0 1 1 0 0 123 -16,0.0 0.0 0.0 0.0 0.0 0.03168202764976959 0.3020833333333333,0.6189036098310292,0.6452380952380953,14865,0 1 1 1 0 223 8,0.0 0.0 0.0 0.00390625 0.0 0.08928571428571429 0.5520833333333334,5.351190476190476,0.49047619047619045,14501,10 1 238 141 78 1424 37,1.0 0.0 0.618798955613577 0.55078125 0.6724137931034483 0.7811059907834101 0.8541666666666666,1006814.6774120206,0.009523809523809525,2717,0 1 1 0 0 118 -1,0.0 0.0 0.0 0.0 0.0 0.02880184331797235 0.4583333333333333,0.7463517665130568,0.6190476190476191,14867,0 1 1 1 0 223 8,0.0 0.0 0.0 0.00390625 0.0 0.08928571428571429 0.5520833333333334,5.351190476190476,0.49047619047619045,14501,10 1 238 142 78 1424 36,1.0 0.0 0.618798955613577 0.5546875 0.6724137931034483 0.7811059907834101 0.84375,1006818.573245354,0.009523809523809525,5824,0 1 32 88 6 663 36,0.0 0.0 0.08093994778067885 0.34375 0.05172413793103448 0.34274193548387094 0.84375,1162.5930609547308,0.6452380952380953,52728,0 6 384 256 116 1804 51,0.0 1.0 1.0 1.0 1.0 1.0 1.0,111111.0,0.6714285714285714,69873,10 1 238 142 78 1424 36,1.0 0.0 0.618798955613577 0.5546875 0.6724137931034483 0.7811059907834101 0.84375,1006818.573245354,0.009523809523809525,5824,0 1 32 85 7 670 46,0.0 0.0 0.08093994778067885 0.33203125 0.0603448275862069 0.3467741935483871 0.9479166666666666,1151.88086916756,0.6452380952380953,52792,0 1 242 162 83 1667 48,0.0 0.0 0.6292428198433421 0.6328125 0.7155172413793104 0.9210829493087558 0.96875,7006.97200206444,0.6523809523809524,75062,5 2 234 133 69 1399 33,0.5 0.2 0.608355091383812 0.51953125 0.5948275862068966 0.7667050691244239 0.8125,526671.04447315,0.023809523809523808,52734
resolved-p21d-c7d-3600-1st/nsp-n40-d28-r0.10-rp2-fp2-s7,3 4 0 0 0 139 -166,0.15 0.010067114093959731 0.0 0.0 0.0 0.0 0.0,151006.71140939597,0.3,24808,2 2 0 0 0 184 -133,0.1 0.003355704697986577 0.0 0.0 0.0 0.008794215360562829 0.11956521739130435,100335.77797716965,0.24047619047619048,24483,3 4 0 2 0 206 -145,0.15 0.010067114093959731 0.0 0.0019212295869356388 0.0 0.013093609536837992 0.07608695652173914,151008.8396620348,0.17261904761904762,24920,20 4 0 5 0 216 -131,1.0 0.010067114093959731 0.0 0.004803073967339097 0.0 0.015047879616963064 0.12681159420289856,1001011.7917737537,0.011904761904761904,23705,5 299 749 588 69 1303 -58,0.25 1.0 0.45698596705308114 0.5648414985590778 0.25 0.22747703732655852 0.391304347826087,355162.36724381096,0.42142857142857143,2700,7 268 842 570 53 1705 -30,0.35 0.8959731543624161 0.5137278828553996 0.547550432276657 0.19202898550724637 0.3060386945475865 0.4927536231884058,445304.90073619166,0.4095238095238095,2727,20 4 0 5 0 216 -130,1.0 0.010067114093959731 0.0 0.004803073967339097 0.0 0.015047879616963064 0.13043478260869565,1001011.7953969421,0.011904761904761904,23704,5 299 750 546 66 1359 -62,0.25 1.0 0.4575960951799878 0.5244956772334294 0.2391304347826087 0.23842094977525893 0.37681159420289856,355127.13069360354,0.2785714285714286,2699,7 276 627 440 33 1391 -85,0.35 0.9228187919463087 0.3825503355704698 0.42267050912584053 0.11956521739130435 0.2446746140316592 0.29347826086956524,446544.7498056017,0.24166666666666667,2682,20 4 0 5 0 216 -130,1.0 0.010067114093959731 0.0 0.004803073967339097 0.0 0.015047879616963064 0.13043478260869565,1001011.7953969421,0.011904761904761904,23704,5 299 750 546 66 1359 -62,0.25 1.0 0.4575960951799878 0.5244956772334294 0.2391304347826087 0.23842094977525893 0.37681159420289856,355127.13069360354,0.2785714285714286,2699,7 204 814 499 65 1716 -49,0.35 0.6812080536912751 0.4966442953020134 0.4793467819404419 0.23550724637681159 0.30818839163572403 0.42391304347826086,423593.6516256856,0.4083333333333333,2756,9 135 1554 1037 113 4076 110,0.45 0.44966442953020136 0.9481391092129348 0.9961575408261287 0.40942028985507245 0.7693961305452414 1.0,505493.6275762666,0.5726190476190476,38407,0 3 1639 724 276 5256 54,0.0 0.006711409395973154 1.0 0.6954851104707013 1.0 1.0 0.7971014492753623,11477.423151517292,0.6654761904761904,39968,0 1 0 0 0 753 -57,0.0 0.0 0.0 0.0 0.0 0.1199921829196795 0.39492753623188404,1.594849365428679,0.4095238095238095,31163,9 141 1545 1041 113 4095 106,0.45 0.4697986577181208 0.9426479560707749 1.0 0.40942028985507245 0.773109243697479 0.9855072463768116,507456.00396118866,0.5726190476190476,38113,0 1 604 426 124 2416 -9,0.0 0.0 0.3685173886516168 0.4092219020172911 0.4492753623188406 0.44498729724447916 0.5688405797101449,4144.342038317498,0.6773809523809524,42275,0 1 0 0 0 753 -57,0.0 0.0 0.0 0.0 0.0 0.1199921829196795 0.39492753623188404,1.594849365428679,0.4095238095238095,31163,20 4 0 5 0 217 -116,1.0 0.010067114093959731 0.0 0.004803073967339097 0.0 0.015243306624975571 0.18115942028985507,1001011.8480758498,0.011904761904761904,27323
resolved-p21d-c7d-3600-1st/nsp-n50-d28-r0.10-rp2-fp2-s4,6 9 0 74 0 390 -109,0.3333333333333333 0.013282732447817837 0.0 0.05328185328185328 0.0 0.005840762373193975 0.0,334714.9468390207,0.23904761904761904,27684,6 15 3 23 0 441 -77,0.3333333333333333 0.024667931688804556 0.0017006802721088435 0.013899613899613899 0.0 0.013679680295112203 0.10561056105610561,335831.2753261985,0.04666666666666667,32641,6 9 0 13 2 446 -67,0.3333333333333333 0.013282732447817837 0.0 0.006177606177606178 0.011976047904191617 0.014448201660006148 0.13861386138613863,334669.2648849611,0.09238095238095238,34061,18 9 1 5 0 355 -87,1.0 0.013282732447817837 0.0005668934240362812 0.0 0.0 0.00046111281893636643 0.07260726072607261,1001334.019397411,0.025714285714285714,17922,12 396 738 618 44 1769 -65,0.6666666666666666 0.7476280834914611 0.41836734693877553 0.47335907335907335 0.2634730538922156 0.21779895481094375 0.14521452145214522,746115.1780680184,0.2219047619047619,2138,9 529 923 1002 64 1924 -35,0.5 1.0 0.5232426303854876 0.7698841698841699 0.38323353293413176 0.24162311712265602 0.24422442244224424,606043.2942826261,0.35428571428571426,408,18 9 1 5 0 355 -86,1.0 0.013282732447817837 0.0005668934240362812 0.0 0.0 0.00046111281893636643 0.07590759075907591,1001334.022697741,0.025714285714285714,17921,12 396 738 618 44 1769 -65,0.6666666666666666 0.7476280834914611 0.41836734693877553 0.47335907335907335 0.2634730538922156 0.21779895481094375 0.14521452145214522,746115.1780680184,0.2219047619047619,2138,9 519 983 772 59 1893 -41,0.5 0.9810246679316889 0.5572562358276644 0.5922779922779923 0.3532934131736527 0.23685828466031356 0.22442244224422442,604305.2294903297,0.2438095238095238,416,18 9 1 5 0 355 -87,1.0 0.013282732447817837 0.0005668934240362812 0.0 0.0 0.00046111281893636643 0.07260726072607261,1001334.019397411,0.025714285714285714,17922,12 396 738 618 44 1769 -65,0.6666666666666666 0.7476280834914611 0.41836734693877553 0.47335907335907335 0.2634730538922156 0.21779895481094375 0.14521452145214522,746115.1780680184,0.2219047619047619,2138,9 519 983 772 59 1893 -41,0.5 0.9810246679316889 0.5572562358276644 0.5922779922779923 0.3532934131736527 0.23685828466031356 0.22442244224422442,604305.2294903297,0.2438095238095238,416,10 202 1670 1300 104 5421 194,0.5555555555555556 0.3795066413662239 0.9467120181405896 1.0 0.6227544910179641 0.7791269597294804 1.0,604044.406592283,0.579047619047619,29446,1 100 1478 857 149 5064 122,0.05555555555555555 0.1859582542694497 0.8378684807256236 0.6579150579150579 0.8922155688622755 0.7242545342760529 0.7623762376237624,83285.20732613844,0.7371428571428571,27582,0 2 1764 633 129 6858 87,0.0 0.0 1.0 0.48494208494208496 0.7724550898203593 1.0 0.6468646864686468,10572.83445861059,0.6876190476190476,30659,10 175 1651 1047 108 5286 180,0.5555555555555556 0.32827324478178366 0.9359410430839002 0.8046332046332046 0.6467065868263473 0.758376882877344 0.9537953795379538,598620.1318920972,0.5780952380952381,34229,1 101 1480 888 167 5108 114,0.05555555555555555 0.18785578747628084 0.8390022675736961 0.6818532818532819 1.0 0.7310175222871196 0.735973597359736,83521.05640959411,0.7371428571428571,27418,0 2 1477 624 127 6359 70,0.0 0.0 0.8373015873015873 0.477992277992278 0.7604790419161677 0.9233015677835844 0.5907590759075908,8936.87982995351,0.6876190476190476,32653,18 9 1 5 0 352 -85,1.0 0.013282732447817837 0.0005668934240362812 0.0 0.0 0.0 0.07920792079207921,1001334.021386943,0.025714285714285714,29305
resolved-p21d-c7d-3600-1st/nsp-n20-d28-r0.10-rp2-fp2-s1,0 1 1 0 0 65 -101,0.0 0.029411764705882353 0.0016 0.0 0.0 0.002564102564102564 0.0,2957.2021116138762,0.34523809523809523,6085,0 1 1 0 0 59 -96,0.0 0.029411764705882353 0.0016 0.0 0.0 0.0 0.03424657534246575,2957.2107171635776,0.34285714285714286,6084,0 1 1 0 0 62 -98,0.0 0.029411764705882353 0.0016 0.0 0.0 0.001282051282051282 0.02054794520547945,2957.209839046261,0.36666666666666664,6081,14 0 0 3 0 62 -74,1.0 0.0 0.0 0.007228915662650603 0.0 0.001282051282051282 0.18493150684931506,1000007.4266676824,0.014285714285714285,4185,0 34 503 326 91 1641 22,0.0 1.0 0.8048 0.7855421686746988 0.5723270440251572 0.6760683760683761 0.8424657534246576,108898.37802259132,0.5714285714285714,21354,0 1 1 0 0 89 -70,0.0 0.029411764705882353 0.0016 0.0 0.0 0.01282051282051282 0.21232876712328766,2957.5170044835636,0.1,22055,14 0 0 3 0 62 -74,1.0 0.0 0.0 0.007228915662650603 0.0 0.001282051282051282 0.18493150684931506,1000007.4266676824,0.014285714285714285,4185,0 28 473 388 82 1442 16,0.0 0.8235294117647058 0.7568 0.9349397590361446 0.5157232704402516 0.591025641025641 0.8013698630136986,90914.16488882403,0.6142857142857143,22444,0 1 1 0 0 89 -70,0.0 0.029411764705882353 0.0016 0.0 0.0 0.01282051282051282 0.21232876712328766,2957.5170044835636,0.1,22055,14 0 0 3 0 62 -74,1.0 0.0 0.0 0.007228915662650603 0.0 0.001282051282051282 0.18493150684931506,1000007.4266676824,0.014285714285714285,4185,0 29 475 383 88 1310 8,0.0 0.8529411764705882 0.76 0.9228915662650602 0.5534591194968553 0.5346153846153846 0.7465753424657534,93878.4478544622,0.569047619047619,22332,0 1 1 0 0 89 -70,0.0 0.029411764705882353 0.0016 0.0 0.0 0.01282051282051282 0.21232876712328766,2957.5170044835636,0.1,22055,14 0 0 3 0 62 -74,1.0 0.0 0.0 0.007228915662650603 0.0 0.001282051282051282 0.18493150684931506,1000007.4266676824,0.014285714285714285,5667,0 1 389 293 86 1629 30,0.0 0.029411764705882353 0.6224 0.7060240963855422 0.5408805031446541 0.6709401709401709 0.8972602739726028,9932.895279271615,0.7428571428571429,57508,0 1 391 274 105 2300 21,0.0 0.029411764705882353 0.6256 0.6602409638554216 0.660377358490566 0.9576923076923077 0.8356164383561644,9933.867709807993,0.7428571428571429,56497,14 0 0 3 0 62 -74,1.0 0.0 0.0 0.007228915662650603 0.0 0.001282051282051282 0.18493150684931506,1000007.4266676824,0.014285714285714285,5667,0 24 558 415 95 1447 45,0.0 0.7058823529411765 0.8928 1.0 0.5974842767295597 0.5931623931623932 1.0,80582.91534572223,0.7619047619047619,51597,0 3 625 343 159 2399 36,0.0 0.08823529411764706 1.0 0.8265060240963855 1.0 1.0 0.9383561643835616,19760.973792025474,0.7309523809523809,50656,7 1 1 6 0 71 -59,0.5 0.029411764705882353 0.0016 0.014457831325301205 0.0 0.005128205128205128 0.2876712328767123,502971.9732551977,0.03571428571428571,33444
resolved-p21d-c7d-3600-1st/nsp-n20-d28-r0.10-rp2-fp2-s3,0 0 0 0 0 76 -73,0.0 0.0 0.0 0.0 0.0 0.04455445544554455 0.25675675675675674,0.7023013112122023,0.30238095238095236,254,0 0 0 0 0 74 -92,0.0 0.0 0.0 0.0 0.0 0.034653465346534656 0.0,0.34653465346534656,0.35714285714285715,284,0 0 0 0 0 67 -84,0.0 0.0 0.0 0.0 0.0 0.0 0.10810810810810811,0.10810810810810811,0.29523809523809524,278,0 0 0 0 0 112 -55,0.0 0.0 0.0 0.0 0.0 0.22277227722772278 0.5,2.727722772277228,0.08333333333333333,130,0 0 0 0 0 119 -36,0.0 0.0 0.0 0.0 0.0 0.25742574257425743 0.7567567567567568,3.331014182499331,0.39285714285714285,22,0 0 0 0 0 112 -55,0.0 0.0 0.0 0.0 0.0 0.22277227722772278 0.5,2.727722772277228,0.08333333333333333,126,0 0 0 0 0 112 -55,0.0 0.0 0.0 0.0 0.0 0.22277227722772278 0.5,2.727722772277228,0.08333333333333333,126,0 0 0 0 0 118 -41,0.0 0.0 0.0 0.0 0.0 0.2524752475247525 0.6891891891891891,3.213941664436714,0.24761904761904763,13,0 0 0 0 0 112 -55,0.0 0.0 0.0 0.0 0.0 0.22277227722772278 0.5,2.727722772277228,0.08333333333333333,80,0 0 0 0 0 112 -55,0.0 0.0 0.0 0.0 0.0 0.22277227722772278 0.5,2.727722772277228,0.08333333333333333,95,0 0 0 0 0 120 -39,0.0 0.0 0.0 0.0 0.0 0.2623762376237624 0.7162162162162162,3.33997859245384,0.2642857142857143,22,0 0 0 0 0 112 -55,0.0 0.0 0.0 0.0 0.0 0.22277227722772278 0.5,2.727722772277228,0.08333333333333333,121,0 0 0 0 0 246 -34,0.0 0.0 0.0 0.0 0.0 0.8861386138613861 0.7837837837837838,9.645169922397645,0.4238095238095238,90,0 0 0 0 0 94 -38,0.0 0.0 0.0 0.0 0.0 0.13366336633663367 0.7297297297297297,2.0663633930960663,0.6547619047619048,287,0 0 0 0 0 269 -18,0.0 0.0 0.0 0.0 0.0 1.0 1.0,11.0,0.3904761904761905,123,0 0 0 0 0 246 -34,0.0 0.0 0.0 0.0 0.0 0.8861386138613861 0.7837837837837838,9.645169922397645,0.4238095238095238,90,0 0 0 0 0 94 -38,0.0 0.0 0.0 0.0 0.0 0.13366336633663367 0.7297297297297297,2.0663633930960663,0.6547619047619048,287,0 0 0 0 0 269 -18,0.0 0.0 0.0 0.0 0.0 1.0 1.0,11.0,0.3904761904761905,123,0 0 0 0 0 112 -47,0.0 0.0 0.0 0.0 0.0 0.22277227722772278 0.6081081081081081,2.835830880385336,0.0880952380952381,81
resolved-p21d-c7d-3600-1st/nsp-n30-d28-r0.10-rp2-fp2-s0,1 8 0 0 0 110 -135,0.09090909090909091 0.03333333333333333 0.0 0.0 0.0 0.0033003300330033004 0.0,94242.45724572458,0.24761904761904763,46060,1 8 0 0 0 102 -94,0.09090909090909091 0.03333333333333333 0.0 0.0 0.0 0.0 0.22777777777777777,94242.65202020202,0.18095238095238095,46434,1 8 0 1 0 146 -79,0.09090909090909091 0.03333333333333333 0.0 0.0017667844522968198 0.0 0.018151815181518153 0.3111111111111111,94244.68365613947,0.08412698412698413,45995,11 8 0 0 0 130 -87,1.0 0.03333333333333333 0.0 0.0 0.0 0.01155115511551155 0.26666666666666666,1003333.7155115511,0.014285714285714285,18000,0 182 648 527 70 1365 -57,0.0 1.0 0.6050420168067226 0.931095406360424 0.5263157894736842 0.5210396039603961 0.43333333333333335,107039.79088274796,0.3349206349206349,5832,0 160 310 451 43 1022 -29,0.0 0.8777777777777778 0.28944911297852477 0.7968197879858657 0.3233082706766917 0.3795379537953795 0.5888888888888889,91505.8037910434,0.3634920634920635,7058,11 8 0 0 0 130 -85,1.0 0.03333333333333333 0.0 0.0 0.0 0.01155115511551155 0.2777777777777778,1003333.7266226623,0.014285714285714285,17998,0 115 421 406 66 1319 -20,0.0 0.6277777777777778 0.3930905695611578 0.7173144876325088 0.49624060150375937 0.5020627062706271 0.6388888888888888,67481.28153712382,0.35714285714285715,7903,0 170 460 535 92 1273 17,0.0 0.9333333333333333 0.4295051353874883 0.9452296819787986 0.6917293233082706 0.4830858085808581 0.8444444444444444,98648.4626040481,0.5936507936507937,6651,11 8 0 0 0 130 -86,1.0 0.03333333333333333 0.0 0.0 0.0 0.01155115511551155 0.2722222222222222,1003333.7210671067,0.014285714285714285,17999,0 115 305 470 68 1440 6,0.0 0.6277777777777778 0.28478057889822594 0.8303886925795053 0.5112781954887218 0.551980198019802 0.7833333333333333,66513.40321420194,0.5380952380952381,8794,0 160 388 380 48 941 -47,0.0 0.8777777777777778 0.3622782446311858 0.6713780918727915 0.3609022556390977 0.34612211221122113 0.4888888888888889,92111.97865153734,0.21428571428571427,6962,7 69 1066 440 128 2526 45,0.6363636363636364 0.37222222222222223 0.9953314659197012 0.7773851590106007 0.9624060150375939 1.0 1.0,684423.79900557,0.5253968253968254,48536,0 2 414 140 22 1966 29,0.0 0.0 0.3865546218487395 0.24734982332155478 0.16541353383458646 0.768976897689769 0.9111111111111111,4138.038275280417,0.6222222222222222,44197,0 119 614 566 112 1836 36,0.0 0.65 0.5732959850606909 1.0 0.8421052631578947 0.7153465346534653 0.95,71825.27384226923,0.7285714285714285,47648,7 64 1071 443 133 2461 43,0.6363636363636364 0.34444444444444444 1.0 0.7826855123674912 1.0 0.9731848184818482 0.9888888888888889,681701.4870575219,0.5253968253968254,48968,0 2 298 168 21 1677 34,0.0 0.0 0.27824463118580767 0.2968197879858657 0.15789473684210525 0.6497524752475248 0.9388888888888889,3102.491987169517,0.6412698412698413,49979,0 120 591 538 109 1819 41,0.0 0.6555555555555556 0.5518207282913166 0.950530035335689 0.8195488721804511 0.7083333333333334 0.9777777777777777,72114.30887213357,0.7142857142857143,47485,11 8 0 0 0 129 -79,1.0 0.03333333333333333 0.0 0.0 0.0 0.011138613861386138 0.3111111111111111,1003333.755830583,0.014285714285714285,11033
resolved-p21d-c7d-3600-1st/nsp-n30-d28-r0.10-rp2-fp2-s3,0 22 6 11 0 275 -54,0.0 0.047619047619047616 0.0 0.0 0.0 0.0 0.0,4761.9047619047615,0.6285714285714286,10979,1 23 212 267 70 1468 -3,0.09090909090909091 0.05026455026455026 0.11419068736141907 0.11973807296538821 0.24054982817869416 0.34529667149059334 0.34,97225.0388316583,0.2920634920634921,9618,1 35 335 380 70 1917 10,0.09090909090909091 0.082010582010582 0.18237250554323725 0.1725912067352666 0.24054982817869416 0.4752532561505065 0.4266666666666667,101135.69955436279,0.22857142857142856,9692,11 132 471 455 136 1977 6,1.0 0.3386243386243386 0.25776053215077604 0.2076707202993452 0.46735395189003437 0.49261939218523876 0.4,1036699.7714933518,0.012698412698412698,10474,0 256 1251 1308 195 2206 29,0.0 0.6666666666666666 0.6901330376940134 0.6066417212347989 0.6701030927835051 0.5589001447178003 0.5533333333333333,74247.79140890045,0.28095238095238095,8179,0 266 977 1392 158 2480 27,0.0 0.6931216931216931 0.5382483370288248 0.6459307764265669 0.5429553264604811 0.638205499276411 0.54,75401.80104652293,0.4936507936507937,15357,11 132 471 455 136 1977 6,1.0 0.3386243386243386 0.25776053215077604 0.2076707202993452 0.46735395189003437 0.49261939218523876 0.4,1036699.7714933518,0.012698412698412698,10474,0 252 1186 1282 203 2560 54,0.0 0.656084656084656 0.6541019955654102 0.5944808231992517 0.697594501718213 0.6613603473227206 0.72,72821.059440964,0.4857142857142857,9406,0 266 978 1218 187 2216 49,0.0 0.6931216931216931 0.5388026607538803 0.5645463049579046 0.6426116838487973 0.561794500723589 0.6866666666666666,75335.3080047248,0.40793650793650793,15355,11 132 471 455 136 1977 6,1.0 0.3386243386243386 0.25776053215077604 0.2076707202993452 0.46735395189003437 0.49261939218523876 0.4,1036699.7714933518,0.012698412698412698,10474,0 261 1151 1354 149 2085 26,0.0 0.6798941798941799 0.63470066518847 0.6281571562207671 0.5120274914089347 0.5238784370477568 0.5333333333333333,75021.55666436815,0.35714285714285715,8130,0 267 1063 1341 204 2236 41,0.0 0.6957671957671958 0.585920177383592 0.6220767072029935 0.7010309278350515 0.5675832127351664 0.6333333333333333,76134.41031600269,0.1761904761904762,14925,10 382 1810 2149 291 2618 49,0.9090909090909091 1.0 1.0 1.0 1.0 0.6781476121562953 0.6866666666666666,1020198.3772336973,0.5984126984126984,31477,0 55 560 465 55 1837 60,0.0 0.1349206349206349 0.3070953436807095 0.21234798877455566 0.18900343642611683 0.4520984081041968 0.76,16799.546245368794,0.7555555555555555,57245,0 5 1139 550 205 3730 37,0.0 0.0026455026455026454 0.6280487804878049 0.2521047708138447 0.7044673539518901 1.0 0.6066666666666667,6878.196242304014,0.7523809523809524,53810,10 334 1695 1658 277 2547 73,0.9090909090909091 0.873015873015873 0.9362527716186253 0.7703461178671656 0.9518900343642611 0.6575976845151954 0.8466666666666667,1006627.9818734981,0.6095238095238096,30758,0 60 839 565 58 1847 96,0.0 0.14814814814814814 0.46175166297117515 0.2591206735266604 0.19931271477663232 0.4549927641099855 1.0,19716.933317171988,0.765079365079365,52062,0 4 1069 511 174 3529 48,0.0 0.0 0.5892461197339246 0.23386342376052385 0.5979381443298969 0.9418234442836468 0.68,6196.216669975595,0.7793650793650794,56246,11 132 492 454 141 2029 7,1.0 0.3386243386243386 0.26940133037694014 0.20720299345182414 0.4845360824742268 0.50767004341534 0.4066666666666667,1036817.5871350033,0.012698412698412698,9111
resolved-p21d-c7d-3600-1st/nsp-n10-d28-r0.10-rp0-fp0-s9,0 0 0 0 0 71 -47,0.0 0.0 0.0 0.0 0.0 0.0 0.20689655172413793,0.20689655172413793,0.5047619047619047,161,0 0 0 0 0 75 -52,0.0 0.0 0.0 0.0 0.0 0.12121212121212122 0.034482758620689655,1.2466039707419019,0.3523809523809524,132,0 0 0 0 0 75 -53,0.0 0.0 0.0 0.0 0.0 0.12121212121212122 0.0,1.2121212121212122,0.40476190476190477,120,0 0 0 0 0 104 -33,0.0 0.0 0.0 0.0 0.0 1.0 0.6896551724137931,10.689655172413794,0.13333333333333333,44,0 0 0 0 0 81 -40,0.0 0.0 0.0 0.0 0.0 0.30303030303030304 0.4482758620689655,3.4785788923719956,0.4238095238095238,10,0 0 0 0 0 104 -34,0.0 0.0 0.0 0.0 0.0 1.0 0.6551724137931034,10.655172413793103,0.13333333333333333,64,0 0 0 0 0 104 -34,0.0 0.0 0.0 0.0 0.0 1.0 0.6551724137931034,10.655172413793103,0.13333333333333333,66,0 0 0 0 0 93 -24,0.0 0.0 0.0 0.0 0.0 0.6666666666666666 1.0,7.666666666666666,0.6333333333333333,20,0 0 0 0 0 104 -34,0.0 0.0 0.0 0.0 0.0 1.0 0.6551724137931034,10.655172413793103,0.13333333333333333,52,0 0 0 0 0 104 -34,0.0 0.0 0.0 0.0 0.0 1.0 0.6551724137931034,10.655172413793103,0.13333333333333333,52,0 0 0 0 0 91 -34,0.0 0.0 0.0 0.0 0.0 0.6060606060606061 0.6551724137931034,6.715778474399164,0.5,21,0 0 0 0 0 104 -33,0.0 0.0 0.0 0.0 0.0 1.0 0.6896551724137931,10.689655172413794,0.13333333333333333,56,0 0 0 0 0 104 -34,0.0 0.0 0.0 0.0 0.0 1.0 0.6551724137931034,10.655172413793103,0.13333333333333333,181,0 0 0 0 0 91 -25,0.0 0.0 0.0 0.0 0.0 0.6060606060606061 0.9655172413793104,7.026123301985371,0.6857142857142857,43,0 0 0 0 0 104 -34,0.0 0.0 0.0 0.0 0.0 1.0 0.6551724137931034,10.655172413793103,0.13333333333333333,183,0 0 0 0 0 104 -34,0.0 0.0 0.0 0.0 0.0 1.0 0.6551724137931034,10.655172413793103,0.13333333333333333,181,0 0 0 0 0 91 -27,0.0 0.0 0.0 0.0 0.0 0.6060606060606061 0.896551724137931,6.957157784743991,0.6904761904761905,44,0 0 0 0 0 104 -34,0.0 0.0 0.0 0.0 0.0 1.0 0.6551724137931034,10.655172413793103,0.13333333333333333,183,0 0 0 0 0 93 -34,0.0 0.0 0.0 0.0 0.0 0.6666666666666666 0.6551724137931034,7.321839080459769,0.16666666666666666,38
resolved-p21d-c7d-3600-1st/nsp-n50-d28-r0.10-rp2-fp2-s1,0 11 0 2 0 238 -223,0.0 0.022448979591836733 0.0 0.0 0.0 0.0 0.0,2244.8979591836733,0.26095238095238094,23239,0 11 0 2 0 348 -152,0.0 0.022448979591836733 0.0 0.0 0.0 0.05480817140009965 0.42771084337349397,2245.8737517410477,0.12380952380952381,23219,0 7 0 4 0 515 -140,0.0 0.014285714285714285 0.0 0.002162162162162162 0.0 0.13801694070752366 0.5,1432.6137601406658,0.07904761904761905,23458,17 10 4 4 0 425 -144,1.0 0.02040816326530612 0.0034129692832764505 0.002162162162162162 0.0 0.0931738913801694 0.4759036144578313,1002078.5158240538,0.015238095238095238,8691,10 490 813 927 75 2124 -70,0.5882352941176471 1.0 0.6936860068259386 1.0 1.0 0.9397110114598903 0.9216867469879518,696282.4729827681,0.3076190476190476,3871,9 437 1135 773 69 2063 -57,0.5294117647058824 0.8918367346938776 0.9684300341296929 0.8335135135135135 0.92 0.909317389138017 1.0,629215.345203972,0.2895238095238095,3546,17 10 4 4 0 425 -144,1.0 0.02040816326530612 0.0034129692832764505 0.002162162162162162 0.0 0.0931738913801694 0.4759036144578313,1002078.5158240538,0.015238095238095238,8691,10 490 812 927 75 2123 -70,0.5882352941176471 1.0 0.6928327645051194 1.0 1.0 0.9392127553562531 0.9216867469879518,696273.9355769989,0.3076190476190476,3872,9 437 1135 773 69 2063 -57,0.5294117647058824 0.8918367346938776 0.9684300341296929 0.8335135135135135 0.92 0.909317389138017 1.0,629215.345203972,0.2895238095238095,3546,17 10 4 4 0 425 -144,1.0 0.02040816326530612 0.0034129692832764505 0.002162162162162162 0.0 0.0931738913801694 0.4759036144578313,1002078.5158240538,0.015238095238095238,8691,10 490 813 927 75 2124 -70,0.5882352941176471 1.0 0.6936860068259386 1.0 1.0 0.9397110114598903 0.9216867469879518,696282.4729827681,0.3076190476190476,3871,11 275 1172 609 69 2245 -63,0.6470588235294118 0.5612244897959183 1.0 0.6562162162162162 0.92 1.0 0.963855421686747,713940.4525806415,0.35619047619047617,3439,17 10 4 4 0 428 -139,1.0 0.02040816326530612 0.0034129692832764505 0.002162162162162162 0.0 0.09466865969108122 0.5060240963855421,1002078.5608922188,0.015238095238095238,12617,0 0 2 3 0 560 -103,0.0 0.0 0.0017064846416382253 0.001081081081081081 0.0 0.1604384653712008 0.7228915662650602,20.473203717440402,0.6685714285714286,11705,0 0 2 2 0 1268 -78,0.0 0.0 0.0017064846416382253 0.0 0.0 0.5132037867463877 0.8734939759036144,23.070378259749745,0.44666666666666666,8373,17 10 4 4 0 428 -139,1.0 0.02040816326530612 0.0034129692832764505 0.002162162162162162 0.0 0.09466865969108122 0.5060240963855421,1002078.5608922188,0.015238095238095238,12617,0 0 2 3 0 560 -103,0.0 0.0 0.0017064846416382253 0.001081081081081081 0.0 0.1604384653712008 0.7228915662650602,20.473203717440402,0.6685714285714286,11705,0 0 2 2 0 1268 -78,0.0 0.0 0.0017064846416382253 0.0 0.0 0.5132037867463877 0.8734939759036144,23.070378259749745,0.44666666666666666,8373,17 10 4 4 0 426 -145,1.0 0.02040816326530612 0.0034129692832764505 0.002162162162162162 0.0 0.09367214748380667 0.46987951807228917,1002078.5147825185,0.015238095238095238,37078
resolved-p21d-c7d-3600-1st/nsp-n20-d28-r0.10-rp2-fp2-s7,0 0 0 0 0 49 -96,0.0 0.0 0.0 0.0 0.0 0.05660377358490566 0.0,0.5660377358490566,0.530952380952381,376,0 0 0 0 0 46 -88,0.0 0.0 0.0 0.0 0.0 0.0 0.125,0.125,0.42142857142857143,369,0 0 0 0 0 53 -85,0.0 0.0 0.0 0.0 0.0 0.1320754716981132 0.171875,1.492629716981132,0.39285714285714285,313,0 0 0 0 0 99 -53,0.0 0.0 0.0 0.0 0.0 1.0 0.671875,10.671875,0.1738095238095238,94,0 0 0 0 0 77 -32,0.0 0.0 0.0 0.0 0.0 0.5849056603773585 1.0,6.849056603773585,0.3952380952380952,13,0 0 0 0 0 99 -54,0.0 0.0 0.0 0.0 0.0 1.0 0.65625,10.65625,0.1738095238095238,118,0 0 0 0 0 99 -54,0.0 0.0 0.0 0.0 0.0 1.0 0.65625,10.65625,0.1738095238095238,129,0 0 0 0 0 66 -35,0.0 0.0 0.0 0.0 0.0 0.37735849056603776 0.953125,4.726709905660377,0.5285714285714286,15,0 0 0 0 0 99 -54,0.0 0.0 0.0 0.0 0.0 1.0 0.65625,10.65625,0.1738095238095238,121,0 0 0 0 0 99 -54,0.0 0.0 0.0 0.0 0.0 1.0 0.65625,10.65625,0.1738095238095238,130,0 0 0 0 0 79 -34,0.0 0.0 0.0 0.0 0.0 0.6226415094339622 0.96875,7.195165094339623,0.49523809523809526,25,0 0 0 0 0 99 -54,0.0 0.0 0.0 0.0 0.0 1.0 0.65625,10.65625,0.1738095238095238,142,0 0 0 0 0 99 -54,0.0 0.0 0.0 0.0 0.0 1.0 0.65625,10.65625,0.1738095238095238,266,0 0 0 0 0 63 -45,0.0 0.0 0.0 0.0 0.0 0.32075471698113206 0.796875,4.0044221698113205,0.65,130,0 0 0 0 0 99 -54,0.0 0.0 0.0 0.0 0.0 1.0 0.65625,10.65625,0.1738095238095238,265,0 0 0 0 0 99 -54,0.0 0.0 0.0 0.0 0.0 1.0 0.65625,10.65625,0.1738095238095238,266,0 0 0 0 0 63 -45,0.0 0.0 0.0 0.0 0.0 0.32075471698113206 0.796875,4.0044221698113205,0.65,130,0 0 0 0 0 99 -54,0.0 0.0 0.0 0.0 0.0 1.0 0.65625,10.65625,0.1738095238095238,265,0 0 0 0 0 99 -43,0.0 0.0 0.0 0.0 0.0 1.0 0.828125,10.828125,0.18333333333333332,57
resolved-p21d-c7d-3600-1st/nsp-n40-d28-r0.10-rp2-fp2-s8,0 0 0 0 0 166 -207,0.0 0.0 0.0 0.0 0.0 0.0 0.006802721088435374,0.006802721088435374,0.30714285714285716,586,0 0 0 0 0 172 -208,0.0 0.0 0.0 0.0 0.0 0.008836524300441826 0.0,0.08836524300441825,0.2976190476190476,641,0 0 0 0 0 196 -172,0.0 0.0 0.0 0.0 0.0 0.044182621502209134 0.24489795918367346,0.6867241742057648,0.2261904761904762,558,0 0 0 0 0 350 -132,0.0 0.0 0.0 0.0 0.0 0.2709867452135493 0.5170068027210885,3.2268742548565816,0.07976190476190476,235,0 0 0 0 0 334 -117,0.0 0.0 0.0 0.0 0.0 0.24742268041237114 0.6190476190476191,3.0932744231713305,0.3142857142857143,32,0 0 0 0 0 351 -114,0.0 0.0 0.0 0.0 0.0 0.27245949926362295 0.6394557823129252,3.3640507749491544,0.07976190476190476,320,0 0 0 0 0 350 -129,0.0 0.0 0.0 0.0 0.0 0.2709867452135493 0.5374149659863946,3.2472824181218876,0.07976190476190476,192,0 0 0 0 0 359 -87,0.0 0.0 0.0 0.0 0.0 0.28424153166421207 0.8231292517006803,3.665544568342801,0.3119047619047619,18,0 0 0 0 0 353 -141,0.0 0.0 0.0 0.0 0.0 0.27540500736377027 0.4557823129251701,3.2098323865628724,0.07976190476190476,343,0 0 0 0 0 345 -111,0.0 0.0 0.0 0.0 0.0 0.26362297496318116 0.6598639455782312,3.296093695210043,0.07976190476190476,279,0 0 0 0 0 387 -119,0.0 0.0 0.0 0.0 0.0 0.32547864506627394 0.6054421768707483,3.8602286275334876,0.28095238095238095,18,0 0 0 0 0 350 -125,0.0 0.0 0.0 0.0 0.0 0.2709867452135493 0.564625850340136,3.274493302475629,0.07976190476190476,269,0 0 0 0 0 845 -64,0.0 0.0 0.0 0.0 0.0 1.0 0.9795918367346939,10.979591836734693,0.37857142857142856,165,0 0 0 0 0 313 -102,0.0 0.0 0.0 0.0 0.0 0.21649484536082475 0.7210884353741497,2.8860368889823973,0.6547619047619048,219,0 0 0 0 0 660 -84,0.0 0.0 0.0 0.0 0.0 0.727540500736377 0.8435374149659864,8.118942422329756,0.26904761904761904,240,0 0 0 0 0 770 -61,0.0 0.0 0.0 0.0 0.0 0.8895434462444771 1.0,9.895434462444772,0.2833333333333333,215,0 0 0 0 0 364 -96,0.0 0.0 0.0 0.0 0.0 0.2916053019145803 0.7619047619047619,3.677957781050565,0.6702380952380952,211,0 0 0 0 0 683 -101,0.0 0.0 0.0 0.0 0.0 0.7614138438880707 0.7278911564625851,8.342029595343291,0.2571428571428571,267,0 0 0 0 0 353 -102,0.0 0.0 0.0 0.0 0.0 0.27540500736377027 0.7210884353741497,3.475138509011852,0.09047619047619047,118
resolved-p21d-c7d-3600-1st/nsp-n10-d28-r0.10-rp0-fp0-s6,2 2 2 0 0 76 -35,0.6666666666666666 0.5 1.0 0.0 0.0 0.0 0.0,726666.6666666666,0.3523809523809524,7552,1 3 2 0 0 76 -34,0.3333333333333333 1.0 1.0 0.0 0.0 0.0 0.05263157894736842,443333.38596491225,0.4142857142857143,7594,0 1 2 0 0 77 -34,0.0 0.0 1.0 0.0 0.0 0.022727272727272728 0.05263157894736842,10000.27990430622,0.4238095238095238,7884,3 2 0 0 0 88 -24,1.0 0.5 0.0 0.0 0.0 0.2727272727272727 0.5789473684210527,1050003.3062200956,0.009523809523809525,5749,0 1 2 0 0 101 -21,0.0 0.0 1.0 0.0 0.0 0.5681818181818182 0.7368421052631579,10006.418660287081,0.4666666666666667,27376,0 1 2 0 0 111 -26,0.0 0.0 1.0 0.0 0.0 0.7954545454545454 0.47368421052631576,10008.428229665073,0.05714285714285714,14670,3 2 0 0 0 88 -24,1.0 0.5 0.0 0.0 0.0 0.2727272727272727 0.5789473684210527,1050003.3062200956,0.009523809523809525,5749,0 1 2 0 0 99 -16,0.0 0.0 1.0 0.0 0.0 0.5227272727272727 1.0,10006.227272727272,0.37142857142857144,27378,0 1 2 0 0 111 -26,0.0 0.0 1.0 0.0 0.0 0.7954545454545454 0.47368421052631576,10008.428229665073,0.05714285714285714,14670,3 2 0 0 0 88 -24,1.0 0.5 0.0 0.0 0.0 0.2727272727272727 0.5789473684210527,1050003.3062200956,0.009523809523809525,5749,0 1 2 0 0 99 -16,0.0 0.0 1.0 0.0 0.0 0.5227272727272727 1.0,10006.227272727272,0.37142857142857144,27378,0 1 2 0 0 111 -27,0.0 0.0 1.0 0.0 0.0 0.7954545454545454 0.42105263157894735,10008.375598086124,0.05714285714285714,14671,3 2 0 0 0 88 -24,1.0 0.5 0.0 0.0 0.0 0.2727272727272727 0.5789473684210527,1050003.3062200956,0.009523809523809525,73652,0 1 2 0 0 94 -24,0.0 0.0 1.0 0.0 0.0 0.4090909090909091 0.5789473684210527,10004.66985645933,0.6761904761904762,23330,0 1 2 0 0 120 -20,0.0 0.0 1.0 0.0 0.0 1.0 0.7894736842105263,10010.78947368421,0.36666666666666664,10821,3 2 0 0 0 88 -24,1.0 0.5 0.0 0.0 0.0 0.2727272727272727 0.5789473684210527,1050003.3062200956,0.009523809523809525,73652,0 1 2 0 0 94 -24,0.0 0.0 1.0 0.0 0.0 0.4090909090909091 0.5789473684210527,10004.66985645933,0.6761904761904762,23330,0 1 2 0 0 120 -24,0.0 0.0 1.0 0.0 0.0 1.0 0.5789473684210527,10010.578947368422,0.36666666666666664,10825,2 3 1 1 0 89 -24,0.6666666666666666 1.0 0.5 1.0 0.0 0.29545454545454547 0.5789473684210527,772670.2001594896,0.05714285714285714,9311
resolved-p21d-c7d-3600-1st/nsp-n40-d28-r0.10-rp2-fp2-s4,2 13 0 0 0 151 -199,0.13333333333333333 0.03184713375796178 0.0 0.0 0.0 0.0 0.0,136518.04670912953,0.3238095238095238,28036,2 13 0 0 0 204 -159,0.13333333333333333 0.03184713375796178 0.0 0.0 0.0 0.016449410304158908 0.12698412698412698,136518.33818735954,0.1630952380952381,28164,2 13 0 1 0 223 -160,0.13333333333333333 0.03184713375796178 0.0 0.0012077294685990338 0.0 0.0223463687150838 0.12380952380952381,136519.60171180908,0.16071428571428573,28105,15 13 1 3 0 265 -128,1.0 0.03184713375796178 0.0010604453870625664 0.0036231884057971015 0.0 0.035381750465549346 0.2253968253968254,1003199.5202324026,0.02023809523809524,18743,3 306 855 606 53 1529 -44,0.2 0.964968152866242 0.9066808059384942 0.7318840579710145 0.5578947368421052 0.4276846679081316 0.49206349206349204,306356.0657878355,0.3011904761904762,2424,5 317 562 514 46 1463 -61,0.3333333333333333 1.0 0.5959703075291622 0.6207729468599034 0.4842105263157895 0.40720049658597146 0.4380952380952381,439966.7405083204,0.2357142857142857,3240,15 13 1 3 0 265 -128,1.0 0.03184713375796178 0.0010604453870625664 0.0036231884057971015 0.0 0.035381750465549346 0.2253968253968254,1003199.5202324026,0.02023809523809524,18743,3 306 855 606 53 1529 -44,0.2 0.964968152866242 0.9066808059384942 0.7318840579710145 0.5578947368421052 0.4276846679081316 0.49206349206349204,306356.0657878355,0.3011904761904762,2424,2 233 700 639 73 1470 5,0.13333333333333333 0.732484076433121 0.7423117709437964 0.7717391304347826 0.7684210526315789 0.409373060211049 0.6476190476190476,214858.18127143107,0.4119047619047619,3324,15 13 1 3 0 265 -128,1.0 0.03184713375796178 0.0010604453870625664 0.0036231884057971015 0.0 0.035381750465549346 0.2253968253968254,1003199.5202324026,0.02023809523809524,18743,3 306 856 606 53 1530 -44,0.2 0.964968152866242 0.9077412513255567 0.7318840579710145 0.5578947368421052 0.42799503414028556 0.49206349206349204,306366.6733453685,0.3011904761904762,2423,2 233 700 639 73 1472 3,0.13333333333333333 0.732484076433121 0.7423117709437964 0.7717391304347826 0.7684210526315789 0.4099937926753569 0.6412698412698413,214858.18112954937,0.4119047619047619,3323,9 121 943 811 74 3327 116,0.6 0.37579617834394907 1.0 0.9794685990338164 0.7789473684210526 0.9857231533209186 1.0,648647.838401804,0.55,43339,0 3 0 37 0 772 -33,0.0 0.0 0.0 0.04468599033816425 0.0 0.19273743016759776 0.526984126984127,47.14034876682435,0.6821428571428572,38930,0 3 244 448 95 2502 21,0.0 0.0 0.25874867444326616 0.5410628019323671 1.0 0.7296710117939168 0.6984126984126984,3236.5446691813804,0.6714285714285714,42461,11 86 927 828 60 3373 108,0.7333333333333333 0.2643312101910828 0.9830328738069989 1.0 0.631578947368421 1.0 0.9746031746031746,770670.915588423,0.55,39740,0 3 0 189 10 834 10,0.0 0.0 0.0 0.22826086956521738 0.10526315789473684 0.21198013656114215 0.6634920634920635,241.57047878379456,0.6857142857142857,36959,0 3 238 443 95 2467 24,0.0 0.0 0.2523860021208908 0.535024154589372 1.0 0.7188081936685289 0.707936507936508,3166.780194242902,0.6714285714285714,42581,15 13 1 3 0 263 -128,1.0 0.03184713375796178 0.0010604453870625664 0.0036231884057971015 0.0 0.03476101800124146 0.2253968253968254,1003199.514025078,0.02023809523809524,22088
resolved-p21d-c7d-3600-1st/nsp-n10-d28-r0.10-rp0-fp0-s8,0 1 0 2 0 78 -35,0.0 0.0 0.0 0.0 0.0 0.0 0.043478260869565216,0.043478260869565216,0.3523809523809524,11744,0 1 0 2 0 78 -34,0.0 0.0 0.0 0.0 0.0 0.0 0.08695652173913043,0.08695652173913043,0.4095238095238095,11753,0 1 0 2 0 82 -36,0.0 0.0 0.0 0.0 0.0 0.13333333333333333 0.0,1.3333333333333333,0.4,11746,3 1 0 2 0 93 -17,1.0 0.0 0.0 0.0 0.0 0.5 0.8260869565217391,1000005.8260869565,0.02857142857142857,3459,0 1 0 2 0 97 -13,0.0 0.0 0.0 0.0 0.0 0.6333333333333333 1.0,7.333333333333333,0.2761904761904762,21517,0 1 0 2 0 108 -20,0.0 0.0 0.0 0.0 0.0 1.0 0.6956521739130435,10.695652173913043,0.06190476190476191,13560,3 1 0 2 0 93 -18,1.0 0.0 0.0 0.0 0.0 0.5 0.782608695652174,1000005.7826086957,0.02857142857142857,3460,0 1 0 2 0 95 -16,0.0 0.0 0.0 0.0 0.0 0.5666666666666667 0.8695652173913043,6.536231884057971,0.3952380952380952,20843,0 1 0 2 0 102 -19,0.0 0.0 0.0 0.0 0.0 0.8 0.7391304347826086,8.73913043478261,0.06190476190476191,16064,3 1 0 2 0 93 -19,1.0 0.0 0.0 0.0 0.0 0.5 0.7391304347826086,1000005.7391304348,0.02857142857142857,3461,0 1 0 2 0 95 -16,0.0 0.0 0.0 0.0 0.0 0.5666666666666667 0.8695652173913043,6.536231884057971,0.3952380952380952,20843,0 1 0 2 0 102 -20,0.0 0.0 0.0 0.0 0.0 0.8 0.6956521739130435,8.695652173913043,0.06190476190476191,16065,3 1 0 2 0 91 -19,1.0 0.0 0.0 0.0 0.0 0.43333333333333335 0.7391304347826086,1000005.0724637681,0.02857142857142857,1763,0 1 0 2 0 98 -24,0.0 0.0 0.0 0.0 0.0 0.6666666666666666 0.5217391304347826,7.188405797101448,0.5952380952380952,63031,0 1 0 2 0 102 -20,0.0 0.0 0.0 0.0 0.0 0.8 0.6956521739130435,8.695652173913043,0.06190476190476191,37401,3 1 0 2 0 89 -20,1.0 0.0 0.0 0.0 0.0 0.36666666666666664 0.6956521739130435,1000004.3623188406,0.02857142857142857,1767,0 1 0 2 0 98 -24,0.0 0.0 0.0 0.0 0.0 0.6666666666666666 0.5217391304347826,7.188405797101448,0.5952380952380952,63031,0 1 0 2 0 102 -20,0.0 0.0 0.0 0.0 0.0 0.8 0.6956521739130435,8.695652173913043,0.06190476190476191,37401,0 3 0 2 0 87 -22,0.0 1.0 0.0 0.0 0.0 0.3 0.6086956521739131,100003.60869565218,0.07142857142857142,11959
resolved-p21d-c7d-3600-1st/nsp-n50-d28-r0.10-rp2-fp2-s6,1 11 2 1 0 224 -226,0.047619047619047616 0.013996889580093312 0.0 0.0007390983000739098 0.0 0.0 0.0,49019.475675357025,0.2914285714285714,9070,1 11 2 54 1 520 -149,0.047619047619047616 0.013996889580093312 0.0 0.03991130820399113 0.004739336492890996 0.04658482845451684 0.19743589743589743,49059.78510309221,0.1219047619047619,11382,1 11 3 186 1 666 -170,0.047619047619047616 0.013996889580093312 0.0004452359750667854 0.13747228381374724 0.004739336492890996 0.06956248032735285 0.14358974358974358,49161.974368817515,0.08190476190476191,9686,18 10 3 3 0 370 -149,0.8571428571428571 0.012441679626749611 0.0004452359750667854 0.0022172949002217295 0.0 0.02297765187283601 0.19743589743589743,858394.1219725991,0.017142857142857144,32118,8 645 799 692 48 1927 -84,0.38095238095238093 1.0 0.354853072128228 0.5114560236511456 0.22748815165876776 0.26802014479068303 0.3641025641025641,485038.1608164923,0.35333333333333333,2981,11 485 955 708 52 1789 -107,0.5238095238095238 0.7511664074650077 0.42430988423864646 0.5232815964523282 0.24644549763033174 0.24630154233553667 0.30512820512820515,603719.9576882549,0.24285714285714285,3121,18 10 3 3 0 370 -149,0.8571428571428571 0.012441679626749611 0.0004452359750667854 0.0022172949002217295 0.0 0.02297765187283601 0.19743589743589743,858394.1219725991,0.017142857142857144,32118,10 437 874 789 46 1975 -121,0.47619047619047616 0.6765163297045101 0.38824577025823687 0.5831485587583148 0.21800947867298578 0.2755744412968209 0.2692307692307692,548332.5413453174,0.319047619047619,2885,11 467 1079 756 43 1829 -107,0.5238095238095238 0.7231726283048211 0.4795191451469279 0.5587583148558758 0.2037914691943128 0.2525967894239849 0.30512820512820515,601503.9466493499,0.23809523809523808,3132,18 10 3 3 0 370 -149,0.8571428571428571 0.012441679626749611 0.0004452359750667854 0.0022172949002217295 0.0 0.02297765187283601 0.19743589743589743,858394.1219725991,0.017142857142857144,32118,8 645 799 692 48 1927 -84,0.38095238095238093 1.0 0.354853072128228 0.5114560236511456 0.22748815165876776 0.26802014479068303 0.3641025641025641,485038.1608164923,0.35333333333333333,2981,11 467 1079 756 43 1829 -107,0.5238095238095238 0.7231726283048211 0.4795191451469279 0.5587583148558758 0.2037914691943128 0.2525967894239849 0.30512820512820515,601503.9466493499,0.23809523809523808,3132,21 124 2120 1217 70 6578 153,1.0 0.18973561430793157 0.9430097951914514 0.8994826311899483 0.33175355450236965 1.0 0.9717948717948718,1029347.2891642196,0.5723809523809524,28895,2 185 1486 1353 209 4612 104,0.09523809523809523 0.2846034214618974 0.6607301869991096 1.0 0.990521327014218 0.6905886056027699 0.8461538461538461,131412.54342687968,0.7,26543,0 2 2 0 0 1053 -123,0.0 0.0 0.0 0.0 0.0 0.13046899590808939 0.2641025641025641,1.5687925231834579,0.4266666666666667,20133,18 157 2248 1200 68 6494 164,0.8571428571428571 0.2410575427682737 1.0 0.8869179600886918 0.3222748815165877 0.9867799811142587 1.0,892178.6246677359,0.5723809523809524,29907,2 164 1464 1260 211 4560 87,0.09523809523809523 0.25194401244167963 0.6509349955476402 0.9312638580931264 1.0 0.6824047843877872 0.8025641025641026,127980.73690777917,0.7,33113,0 2 2 0 0 1239 -108,0.0 0.0 0.0 0.0 0.0 0.15974189486937362 0.30256410256410254,1.8999830512578388,0.3638095238095238,20155,18 10 3 3 0 362 -150,0.8571428571428571 0.012441679626749611 0.0004452359750667854 0.0022172949002217295 0.0 0.021718602455146365 0.19487179487179487,858394.1068180023,0.017142857142857144,19450
resolved-p21d-c7d-3600-1st/nsp-n40-d28-r0.10-rp2-fp2-s5,2 32 77 190 37 1421 -55,0.13333333333333333 0.0 0.0 0.0 0.0 0.0 0.0,133333.33333333334,0.4726190476190476,11835,2 91 346 468 75 2385 -48,0.13333333333333333 0.11545988258317025 0.19338605319913732 0.18325642715886617 0.25 0.7626582278481012 0.0603448275862069,147029.12547790667,0.2511904761904762,11558,2 153 421 524 89 2327 -48,0.13333333333333333 0.23679060665362034 0.24730409777138748 0.22017139090309823 0.34210526315789475 0.7167721518987342 0.0603448275862069,159747.0449599747,0.17142857142857143,10244,15 274 447 504 107 1924 -13,1.0 0.4735812133072407 0.26599568655643424 0.2069874752801582 0.4605263157894737 0.39794303797468356 0.3620689655172414,1050275.4598024928,0.02023809523809524,7773,4 538 1199 1511 174 2685 53,0.26666666666666666 0.9902152641878669 0.8066139468008627 0.8707976268951879 0.9013157894736842 1.0 0.9310344827586207,374726.19279378734,0.18571428571428572,3025,0 516 1226 1589 185 2373 35,0.0 0.9471624266144814 0.8260244428468727 0.9222148978246539 0.9736842105263158 0.7531645569620253 0.7758620689655172,104004.37791643273,0.14047619047619048,3378,15 274 447 504 107 1924 -12,1.0 0.4735812133072407 0.26599568655643424 0.2069874752801582 0.4605263157894737 0.39794303797468356 0.3706896551724138,1050275.4684231824,0.02023809523809524,7772,4 520 1296 1534 145 2629 32,0.26666666666666666 0.9549902152641878 0.8763479511143063 0.8859591298615689 0.7105263157894737 0.9556962025316456 0.75,371896.4864276944,0.18333333333333332,3161,0 516 1226 1589 185 2373 35,0.0 0.9471624266144814 0.8260244428468727 0.9222148978246539 0.9736842105263158 0.7531645569620253 0.7758620689655172,104004.37791643273,0.14047619047619048,3378,15 274 447 504 107 1924 -13,1.0 0.4735812133072407 0.26599568655643424 0.2069874752801582 0.4605263157894737 0.39794303797468356 0.3620689655172414,1050275.4598024928,0.02023809523809524,7773,1 536 1177 1607 136 2289 29,0.06666666666666667 0.9863013698630136 0.7907979870596693 0.9340804218852999 0.6513157894736842 0.6867088607594937 0.7241379310344828,174211.58675093603,0.28095238095238095,5247,1 543 1468 1707 189 2564 36,0.06666666666666667 1.0 1.0 1.0 1.0 0.9042721518987342 0.7844827586206896,177776.49387094428,0.2119047619047619,3353,15 274 494 453 103 2080 -4,1.0 0.4735812133072407 0.299784327821711 0.17336849044166117 0.4342105263157895 0.5213607594936709 0.4396551724137931,1050578.4074147819,0.02023809523809524,21032,1 509 807 1063 138 1616 50,0.06666666666666667 0.9334637964774951 0.5248023005032351 0.5754779169413315 0.6644736842105263 0.15427215189873417 0.9051724137931034,165905.44249874368,0.7702380952380953,25943,2 492 986 1034 157 1811 61,0.13333333333333333 0.9001956947162426 0.6534867002156722 0.5563612392880686 0.7894736842105263 0.30854430379746833 1.0,230527.16385786142,0.775,22964,15 274 487 458 106 2091 -6,1.0 0.4735812133072407 0.29475197699496763 0.17666446934739619 0.45394736842105265 0.5300632911392406 0.4224137931034483,1050533.4233535677,0.02023809523809524,21104,1 491 880 1068 128 1653 61,0.06666666666666667 0.898238747553816 0.5772825305535586 0.5787738958470666 0.5986842105263158 0.18354430379746836 1.0,162904.84448752154,0.7726190476190476,27531,2 492 986 1033 157 1817 61,0.13333333333333333 0.9001956947162426 0.6534867002156722 0.5557020435069215 0.7894736842105263 0.31329113924050633 1.0,230526.5521304347,0.775,22965,15 275 552 377 106 2267 -22,1.0 0.4755381604696673 0.34148094895758446 0.12326961107448912 0.45394736842105265 0.6693037974683544 0.28448275862068967,1051144.2674051924,0.02023809523809524,17159
resolved-p21d-c7d-3600-1st/nsp-n20-d28-r0.10-rp2-fp2-s0,0 0 0 0 0 55 -79,0.0 0.0 0.0 0.0 0.0 0.0211864406779661 0.24285714285714285,0.4547215496368039,0.2904761904761905,284,0 0 0 0 0 50 -93,0.0 0.0 0.0 0.0 0.0 0.0 0.04285714285714286,0.04285714285714286,0.30952380952380953,300,0 0 0 0 0 53 -96,0.0 0.0 0.0 0.0 0.0 0.012711864406779662 0.0,0.1271186440677966,0.29285714285714287,295,0 0 0 0 0 90 -82,0.0 0.0 0.0 0.0 0.0 0.1694915254237288 0.2,1.894915254237288,0.09047619047619047,115,0 0 0 0 0 80 -45,0.0 0.0 0.0 0.0 0.0 0.1271186440677966 0.7285714285714285,1.9997578692493945,0.31666666666666665,19,0 0 0 0 0 90 -82,0.0 0.0 0.0 0.0 0.0 0.1694915254237288 0.2,1.894915254237288,0.09047619047619047,82,0 0 0 0 0 90 -82,0.0 0.0 0.0 0.0 0.0 0.1694915254237288 0.2,1.894915254237288,0.09047619047619047,91,0 0 0 0 0 90 -52,0.0 0.0 0.0 0.0 0.0 0.1694915254237288 0.6285714285714286,2.3234866828087166,0.34523809523809523,22,0 0 0 0 0 90 -82,0.0 0.0 0.0 0.0 0.0 0.1694915254237288 0.2,1.894915254237288,0.09047619047619047,86,0 0 0 0 0 90 -82,0.0 0.0 0.0 0.0 0.0 0.1694915254237288 0.2,1.894915254237288,0.09047619047619047,102,0 0 0 0 0 85 -30,0.0 0.0 0.0 0.0 0.0 0.1483050847457627 0.9428571428571428,2.4259079903147702,0.29285714285714287,11,0 0 0 0 0 90 -82,0.0 0.0 0.0 0.0 0.0 0.1694915254237288 0.2,1.894915254237288,0.09047619047619047,102,0 0 0 0 0 286 -26,0.0 0.0 0.0 0.0 0.0 1.0 1.0,11.0,0.36904761904761907,72,0 0 0 0 0 76 -29,0.0 0.0 0.0 0.0 0.0 0.11016949152542373 0.9571428571428572,2.0588377723970943,0.5904761904761905,149,0 0 0 0 0 203 -39,0.0 0.0 0.0 0.0 0.0 0.6483050847457628 0.8142857142857143,7.297336561743342,0.2714285714285714,157,0 0 0 0 0 286 -26,0.0 0.0 0.0 0.0 0.0 1.0 1.0,11.0,0.36904761904761907,72,0 0 0 0 0 76 -29,0.0 0.0 0.0 0.0 0.0 0.11016949152542373 0.9571428571428572,2.0588377723970943,0.5904761904761905,149,0 0 0 0 0 203 -39,0.0 0.0 0.0 0.0 0.0 0.6483050847457628 0.8142857142857143,7.297336561743342,0.2714285714285714,157,0 0 0 0 0 90 -66,0.0 0.0 0.0 0.0 0.0 0.1694915254237288 0.42857142857142855,2.1234866828087164,0.09047619047619047,80
resolved-p21d-c7d-3600-1st/nsp-n10-d28-r0.10-rp0-fp0-s1,0 1 0 1 0 66 -40,0.0 0.0 0.0 0.3333333333333333 0.0 0.0 0.2727272727272727,333.60606060606057,0.5523809523809524,7428,0 1 0 0 0 71 -46,0.0 0.0 0.0 0.0 0.0 0.047619047619047616 0.0,0.47619047619047616,0.4,11798,0 1 0 0 0 71 -40,0.0 0.0 0.0 0.0 0.0 0.047619047619047616 0.2727272727272727,0.7489177489177489,0.45714285714285713,11792,8 1 1 0 0 75 -29,1.0 0.0 1.0 0.0 0.0 0.08571428571428572 0.7727272727272727,1010001.6298701299,0.009523809523809525,4044,0 1 0 0 0 90 -32,0.0 0.0 0.0 0.0 0.0 0.22857142857142856 0.6363636363636364,2.922077922077922,0.49523809523809526,22396,0 1 0 0 0 98 -29,0.0 0.0 0.0 0.0 0.0 0.3047619047619048 0.7727272727272727,3.820346320346321,0.19523809523809524,16046,8 1 1 0 0 77 -29,1.0 0.0 1.0 0.0 0.0 0.10476190476190476 0.7727272727272727,1010001.8203463204,0.009523809523809525,4043,0 1 0 0 0 90 -31,0.0 0.0 0.0 0.0 0.0 0.22857142857142856 0.6818181818181818,2.9675324675324672,0.49047619047619045,22395,0 1 0 0 0 98 -29,0.0 0.0 0.0 0.0 0.0 0.3047619047619048 0.7727272727272727,3.820346320346321,0.19523809523809524,16046,8 1 1 0 0 77 -29,1.0 0.0 1.0 0.0 0.0 0.10476190476190476 0.7727272727272727,1010001.8203463204,0.009523809523809525,4043,0 1 0 0 0 90 -31,0.0 0.0 0.0 0.0 0.0 0.22857142857142856 0.6818181818181818,2.9675324675324672,0.49047619047619045,22395,0 1 0 0 0 98 -29,0.0 0.0 0.0 0.0 0.0 0.3047619047619048 0.7727272727272727,3.820346320346321,0.19523809523809524,16046,8 1 1 0 0 75 -29,1.0 0.0 1.0 0.0 0.0 0.08571428571428572 0.7727272727272727,1010001.6298701299,0.009523809523809525,2696,0 1 0 0 0 89 -30,0.0 0.0 0.0 0.0 0.0 0.21904761904761905 0.7272727272727273,2.917748917748918,0.5952380952380952,56970,0 1 0 0 0 171 -24,0.0 0.0 0.0 0.0 0.0 1.0 1.0,11.0,0.5095238095238095,28928,8 1 1 0 0 76 -30,1.0 0.0 1.0 0.0 0.0 0.09523809523809523 0.7272727272727273,1010001.6796536796,0.009523809523809525,2695,0 1 0 0 0 89 -30,0.0 0.0 0.0 0.0 0.0 0.21904761904761905 0.7272727272727273,2.917748917748918,0.5952380952380952,56970,0 1 0 0 0 171 -24,0.0 0.0 0.0 0.0 0.0 1.0 1.0,11.0,0.5095238095238095,28928,0 1 0 3 0 92 -27,0.0 0.0 0.0 1.0 0.0 0.24761904761904763 0.8636363636363636,1003.3398268398269,0.18571428571428572,20941
resolved-p21d-c7d-3600-1st/nsp-n30-d28-r0.10-rp2-fp2-s6,2 33 2 3 0 168 -105,0.16666666666666666 0.0 0.0 0.0 0.0 0.0 0.0,166666.66666666666,0.638095238095238,19065,2 33 132 194 39 1155 -49,0.16666666666666666 0.0 0.13131313131313133 0.1737943585077343 0.23353293413173654 0.5183823529411765 0.37333333333333335,168182.50278858162,0.2841269841269841,17905,2 37 213 260 71 1497 -50,0.16666666666666666 0.013333333333333334 0.21313131313131314 0.2338489535941765 0.4251497005988024 0.6980042016806722 0.36666666666666664,170415.02376365065,0.20952380952380953,16843,12 119 364 264 101 1639 -28,1.0 0.2866666666666667 0.3656565656565657 0.23748862602365786 0.6047904191616766 0.7725840336134454 0.5133333333333333,1032629.4391648417,0.01746031746031746,5425,0 188 764 820 167 2000 -2,0.0 0.5166666666666667 0.7696969696969697 0.7434030937215651 1.0 0.9621848739495799 0.6866666666666666,60217.347972764095,0.08888888888888889,5132,0 217 737 833 158 1776 10,0.0 0.6133333333333333 0.7424242424242424 0.7552320291173794 0.9461077844311377 0.8445378151260504 0.7666666666666667,69616.63060995417,0.08571428571428572,3908,12 119 364 268 101 1651 -27,1.0 0.2866666666666667 0.3656565656565657 0.2411282984531392 0.6047904191616766 0.7788865546218487 0.52,1032633.1485291478,0.01746031746031746,3700,0 188 765 839 163 2072 11,0.0 0.5166666666666667 0.7707070707070707 0.7606915377616015 0.9760479041916168 1.0 0.7733333333333333,60242.80703525148,0.08888888888888889,5130,0 221 755 829 155 1838 14,0.0 0.6266666666666667 0.7606060606060606 0.7515923566878981 0.9281437125748503 0.8771008403361344 0.7933333333333333,71126.69834240935,0.08571428571428572,3903,12 119 364 261 101 1661 -21,1.0 0.2866666666666667 0.3656565656565657 0.23475887170154686 0.6047904191616766 0.7841386554621849 0.56,1032626.8716234047,0.01746031746031746,3740,0 188 764 820 167 2000 -2,0.0 0.5166666666666667 0.7696969696969697 0.7434030937215651 1.0 0.9621848739495799 0.6866666666666666,60217.347972764095,0.08888888888888889,5132,0 247 779 962 164 1870 19,0.0 0.7133333333333334 0.7848484848484848 0.8726114649681529 0.9820359281437125 0.8939075630252101 0.8266666666666667,80162.39898189764,0.11428571428571428,3894,12 119 364 266 101 1650 -27,1.0 0.2866666666666667 0.3656565656565657 0.23930846223839855 0.6047904191616766 0.7783613445378151 0.52,1032631.3234408323,0.01746031746031746,11631,0 333 951 1069 153 1513 45,0.0 1.0 0.9585858585858585 0.9699727024567789 0.9161676646706587 0.7064075630252101 1.0,110655.51213041268,0.7634920634920634,22974,0 312 798 969 156 1595 40,0.0 0.93 0.804040404040404 0.8789808917197452 0.9341317365269461 0.7494747899159664 0.9666666666666667,102021.25952034231,0.7714285714285715,21708,12 119 364 266 101 1650 -27,1.0 0.2866666666666667 0.3656565656565657 0.23930846223839855 0.6047904191616766 0.7783613445378151 0.52,1032631.3234408323,0.01746031746031746,11631,0 317 992 1102 166 1597 32,0.0 0.9466666666666667 1.0 1.0 0.9940119760479041 0.7505252100840336 0.9133333333333333,105774.48644970564,0.7873015873015873,23500,0 308 785 1065 136 1650 42,0.0 0.9166666666666666 0.7909090909090909 0.9663330300272975 0.8143712574850299 0.7783613445378151 0.98,100632.29134497874,0.7777777777777778,21940,12 119 364 262 101 1632 -31,1.0 0.2866666666666667 0.3656565656565657 0.2356687898089172 0.6047904191616766 0.7689075630252101 0.49333333333333335,1032627.562563921,0.01746031746031746,10050
resolved-p21d-c7d-3600-1st/nsp-n20-d28-r0.10-rp2-fp2-s5,0 1 4 1 0 61 -59,0.0 0.0 0.0 0.002347417840375587 0.0 0.0 0.16101694915254236,2.5084347895281294,0.3976190476190476,18350,0 1 6 2 0 71 -78,0.0 0.0 0.0024479804161566705 0.004694835680751174 0.0 0.005274261603375527 0.0,29.227382458351634,0.37857142857142856,18238,0 1 4 1 0 73 -66,0.0 0.0 0.0 0.002347417840375587 0.0 0.006329113924050633 0.1016949152542373,2.5124038948703307,0.3761904761904762,18008,10 5 4 6 0 78 -35,1.0 0.12121212121212122 0.0 0.014084507042253521 0.0 0.008966244725738396 0.3644067796610169,1012135.7506974813,0.011904761904761904,26394,0 21 668 399 133 1895 18,0.0 0.6060606060606061 0.8127294981640147 0.9366197183098591 0.7388888888888889 0.9672995780590717 0.8135593220338984,69754.35075000212,0.6666666666666666,55797,0 2 9 182 24 558 18,0.0 0.030303030303030304 0.006119951040391677 0.4272300469483568 0.13333333333333333 0.2621308016877637 0.8135593220338984,3535.500788327549,0.4666666666666667,51927,10 5 4 6 0 78 -35,1.0 0.12121212121212122 0.0 0.014084507042253521 0.0 0.008966244725738396 0.3644067796610169,1012135.7506974813,0.011904761904761904,26394,0 34 821 426 180 1771 25,0.0 1.0 1.0 1.0 1.0 0.9018987341772152 0.8728813559322034,111109.8918686977,0.6428571428571429,45529,0 2 11 203 35 570 22,0.0 0.030303030303030304 0.008567931456548347 0.4765258215962441 0.19444444444444445 0.26845991561181437 0.847457627118644,3615.4846676924394,0.5166666666666667,51467,10 5 4 6 0 78 -35,1.0 0.12121212121212122 0.0 0.014084507042253521 0.0 0.008966244725738396 0.3644067796610169,1012135.7506974813,0.011904761904761904,26394,0 24 712 394 173 1857 30,0.0 0.696969696969697 0.8665850673194615 0.9248826291079812 0.9611111111111111 0.9472573839662447 0.9152542372881356,79394.20193846035,0.6642857142857143,53792,0 1 37 111 21 438 15,0.0 0.0 0.04039167686658507 0.2605633802816901 0.11666666666666667 0.19883966244725737 0.788135593220339,678.9233478319004,0.35714285714285715,52895,4 15 370 261 121 1957 29,0.4 0.42424242424242425 0.4479804161566707 0.6126760563380281 0.6722222222222223 1.0 0.9067796610169492,447594.8516440304,0.4142857142857143,79816,0 1 4 0 0 87 -25,0.0 0.0 0.0 0.0 0.0 0.013713080168776372 0.4491525423728814,0.5862833440606451,0.6261904761904762,30656,0 1 4 0 0 139 -6,0.0 0.0 0.0 0.0 0.0 0.04113924050632911 0.6101694915254238,1.021561896588715,0.23095238095238096,22374,6 19 389 244 104 1922 40,0.6 0.5454545454545454 0.47123623011015914 0.5727699530516432 0.5777777777777777 0.9815400843881856 1.0,659899.1799782295,0.4095238095238095,81245,0 1 4 0 0 87 -25,0.0 0.0 0.0 0.0 0.0 0.013713080168776372 0.4491525423728814,0.5862833440606451,0.6261904761904762,30656,0 1 4 0 0 132 -11,0.0 0.0 0.0 0.0 0.0 0.037447257383966245 0.5677966101694916,0.942269184009154,0.23095238095238096,22390,8 6 4 6 0 80 -35,0.8 0.15151515151515152 0.0 0.014084507042253521 0.0 0.010021097046413503 0.3644067796610169,815166.0642763076,0.016666666666666666,22058
resolved-p21d-c7d-3600-1st/nsp-n40-d28-r0.10-rp2-fp2-s6,0 6 0 0 0 161 -172,0.0 0.0 0.0 0.0 0.0 0.0 0.0,0.0,0.29642857142857143,15551,0 9 0 0 0 169 -126,0.0 0.008771929824561403 0.0 0.0 0.0 0.001639344262295082 0.1625441696113074,877.3719200683745,0.22857142857142856,15366,0 9 0 0 0 196 -126,0.0 0.008771929824561403 0.0 0.0 0.0 0.007172131147540984 0.1625441696113074,877.427247937227,0.17023809523809524,15040,11 9 0 4 0 228 -127,1.0 0.008771929824561403 0.0 0.003125 0.0 0.01372950819672131 0.15901060070671377,1000880.6142881388,0.01904761904761905,17360,2 182 668 403 61 1238 -82,0.18181818181818182 0.5146198830409356 0.2648691514670896 0.31484375 0.15844155844155844 0.2206967213114754 0.31802120141342755,236262.07453120497,0.2261904761904762,1670,3 348 794 611 38 1442 -65,0.2727272727272727 1.0 0.3148295003965107 0.47734375 0.0987012987012987 0.2625 0.37809187279151946,376365.7847029807,0.3357142857142857,1338,11 9 0 4 0 228 -132,1.0 0.008771929824561403 0.0 0.003125 0.0 0.01372950819672131 0.1413427561837456,1000880.5966202943,0.01904761904761905,17361,2 182 669 381 60 1256 -83,0.18181818181818182 0.5146198830409356 0.26526566217287867 0.29765625 0.15584415584415584 0.22438524590163936 0.31448763250883394,236248.62574968013,0.2261904761904762,1669,3 348 793 611 38 1442 -65,0.2727272727272727 1.0 0.31443298969072164 0.47734375 0.0987012987012987 0.2625 0.37809187279151946,376361.81959592283,0.3357142857142857,1339,11 9 0 4 0 228 -132,1.0 0.008771929824561403 0.0 0.003125 0.0 0.01372950819672131 0.1413427561837456,1000880.5966202943,0.01904761904761905,17361,2 182 668 403 61 1238 -82,0.18181818181818182 0.5146198830409356 0.2648691514670896 0.31484375 0.15844155844155844 0.2206967213114754 0.31802120141342755,236262.07453120497,0.2261904761904762,1670,3 348 794 611 38 1442 -65,0.2727272727272727 1.0 0.3148295003965107 0.47734375 0.0987012987012987 0.2625 0.37809187279151946,376365.7847029807,0.3357142857142857,1338,11 116 1219 610 89 3693 85,1.0 0.3216374269005848 0.48334655035685964 0.4765625 0.23116883116883116 0.7237704918032787 0.9081272084805654,1037505.0334088705,0.5595238095238095,39436,0 88 2522 1280 385 5041 6,0.0 0.23976608187134502 1.0 1.0 1.0 1.0 0.6289752650176679,35087.23716239952,0.7857142857142857,33202,0 69 911 722 137 3502 70,0.0 0.18421052631578946 0.3612212529738303 0.5640625 0.35584415584415585 0.6846311475409836 0.8551236749116607,22640.613512051987,0.694047619047619,41682,9 141 1254 585 103 3696 111,0.8181818181818182 0.39473684210526316 0.4972244250594766 0.45703125 0.2675324675324675 0.7243852459016393 1.0,863119.7749921515,0.5523809523809524,42941,0 87 2454 1272 352 4773 2,0.0 0.23684210526315788 0.9730372720063442 0.99375 0.9142857142857143 0.9450819672131148 0.6148409893992933,34509.82747846933,0.7845238095238095,34365,0 69 916 728 137 3510 71,0.0 0.18421052631578946 0.36320380650277556 0.56875 0.35584415584415585 0.6862704918032787 0.8586572438162544,22665.14647435297,0.694047619047619,41534,11 9 0 4 0 223 -127,1.0 0.008771929824561403 0.0 0.003125 0.0 0.012704918032786885 0.15901060070671377,1000880.6040422372,0.01904761904761905,13950
resolved-p21d-c7d-3600-1st/nsp-n30-d28-r0.10-rp2-fp2-s1,0 0 4 1 0 123 -149,0.0 0.0 0.0 0.0 0.0 0.0 0.0,0.0,0.4873015873015873,19558,0 3 4 3 0 227 -59,0.0 0.01935483870967742 0.0 0.003484320557491289 0.0 0.057777777777777775 0.5142857142857142,1940.0602550172966,0.34444444444444444,19314,0 3 4 20 0 358 -49,0.0 0.01935483870967742 0.0 0.033101045296167246 0.0 0.13055555555555556 0.5714285714285714,1970.4619003908933,0.24603174603174602,18843,13 3 7 93 17 783 -38,1.0 0.01935483870967742 0.006726457399103139 0.1602787456445993 0.14782608695652175 0.36666666666666664 0.6342857142857142,1002182.11075168,0.014285714285714285,3987,0 112 412 513 115 1873 2,0.0 0.7225806451612903 0.9147982062780269 0.89198606271777 1.0 0.9722222222222222 0.8628571428571429,82408.61772099214,0.3111111111111111,4763,0 155 450 575 78 1755 -3,0.0 1.0 1.0 1.0 0.6782608695652174 0.9066666666666666 0.8342857142857143,111077.72703933748,0.3142857142857143,3045,13 3 7 93 17 783 -32,1.0 0.01935483870967742 0.006726457399103139 0.1602787456445993 0.14782608695652175 0.36666666666666664 0.6685714285714286,1002182.1450373942,0.014285714285714285,3986,0 112 412 513 115 1873 2,0.0 0.7225806451612903 0.9147982062780269 0.89198606271777 1.0 0.9722222222222222 0.8628571428571429,82408.61772099214,0.3111111111111111,4763,0 109 249 359 55 1393 -5,0.0 0.7032258064516129 0.5493273542600897 0.6236933797909407 0.4782608695652174 0.7055555555555556 0.8228571428571428,76495.25206720806,0.40634920634920635,3099,13 3 7 93 17 783 -38,1.0 0.01935483870967742 0.006726457399103139 0.1602787456445993 0.14782608695652175 0.36666666666666664 0.6342857142857142,1002182.11075168,0.014285714285714285,3987,0 101 326 374 65 1923 -10,0.0 0.6516129032258065 0.7219730941704036 0.6498257839721254 0.5652173913043478 1.0 0.7942857142857143,73098.16307310153,0.30793650793650795,4767,0 109 249 359 55 1393 -5,0.0 0.7032258064516129 0.5493273542600897 0.6236933797909407 0.4782608695652174 0.7055555555555556 0.8228571428571428,76495.25206720806,0.40634920634920635,3099,13 3 7 93 17 783 -30,1.0 0.01935483870967742 0.006726457399103139 0.1602787456445993 0.14782608695652175 0.36666666666666664 0.68,1002182.1564659657,0.014285714285714285,5863,0 0 36 188 34 1007 15,0.0 0.0 0.07174887892376682 0.32578397212543553 0.2956521739130435 0.4911111111111111 0.9371428571428572,1078.686232722662,0.7111111111111111,21441,0 0 14 125 9 742 26,0.0 0.0 0.02242152466367713 0.21602787456445993 0.0782608695652174 0.3438888888888889 1.0,452.50809704664186,0.6301587301587301,20951,13 3 7 93 17 783 -30,1.0 0.01935483870967742 0.006726457399103139 0.1602787456445993 0.14782608695652175 0.36666666666666664 0.68,1002182.1564659657,0.014285714285714285,5863,0 0 9 196 48 870 6,0.0 0.0 0.011210762331838564 0.3397212543554007 0.41739130434782606 0.415 0.8857142857142857,498.60372239428324,0.6698412698412698,22152,0 0 25 204 42 996 19,0.0 0.0 0.04708520179372197 0.35365853658536583 0.3652173913043478 0.485 0.96,866.8422936530203,0.6396825396825396,18992,13 3 7 93 17 784 -41,1.0 0.01935483870967742 0.006726457399103139 0.1602787456445993 0.14782608695652175 0.3672222222222222 0.6171428571428571,1002182.0991643784,0.014285714285714285,14580
resolved-p21d-c7d-3600-1st/nsp-n50-d28-r0.10-rp2-fp2-s0,0 38 902 486 141 3667 -90,0.0 0.0 0.0 0.0 0.0 0.0 0.11851851851851852,0.11851851851851852,0.27904761904761904,7762,0 96 1530 984 187 4775 -106,0.0 0.1 0.24294003868471953 0.2597809076682316 0.21800947867298578 0.3785445848992142 0.0,12714.767688231717,0.1380952380952381,9611,0 127 1615 1010 181 4534 -98,0.0 0.15344827586206897 0.2758220502901354 0.2733437663015128 0.1895734597156398 0.2962077212162624 0.05925925925925926,18398.37053785275,0.10285714285714286,9278,17 191 1592 638 174 3886 -54,1.0 0.2637931034482759 0.26692456479690524 0.0792905581637976 0.15639810426540285 0.07482063546293133 0.3851851851851852,1029144.6197529268,0.014285714285714285,5434,10 523 2627 2044 216 4006 -8,0.5882352941176471 0.8362068965517241 0.6673114119922631 0.8127282211789254 0.35545023696682465 0.1158182439357704 0.725925925925926,679379.255245983,0.26095238095238094,4317,12 457 3487 2009 295 5354 -31,0.7058823529411765 0.7224137931034482 1.0 0.7944705268648931 0.7298578199052133 0.5763580457806627 0.5555555555555556,788997.5076963902,0.21428571428571427,4428,17 191 1592 638 174 3886 -54,1.0 0.2637931034482759 0.26692456479690524 0.0792905581637976 0.15639810426540285 0.07482063546293133 0.3851851851851852,1029144.6197529268,0.014285714285714285,5434,9 476 2796 1922 232 4313 -38,0.5294117647058824 0.7551724137931034 0.732688588007737 0.7490871152842984 0.4312796208530806 0.22070379227878373 0.5037037037037037,613050.8177842662,0.3038095238095238,4328,12 457 3486 2009 295 5354 -31,0.7058823529411765 0.7224137931034482 0.9996131528046421 0.7944705268648931 0.7298578199052133 0.5763580457806627 0.5555555555555556,788993.6392244365,0.21428571428571427,4429,17 191 1592 638 174 3886 -54,1.0 0.2637931034482759 0.26692456479690524 0.0792905581637976 0.15639810426540285 0.07482063546293133 0.3851851851851852,1029144.6197529268,0.014285714285714285,5434,8 618 3117 2403 252 4495 3,0.47058823529411764 1.0 0.8568665377176016 1.0 0.5260663507109005 0.2828834984625897 0.8074074074074075,580213.1435487568,0.3038095238095238,4406,12 457 3486 2009 295 5354 -31,0.7058823529411765 0.7224137931034482 0.9996131528046421 0.7944705268648931 0.7298578199052133 0.5763580457806627 0.5555555555555556,788993.6392244365,0.21428571428571427,4429,17 191 1609 725 189 3923 -52,1.0 0.2637931034482759 0.2735009671179884 0.12467396974439228 0.22748815165876776 0.08746156474205671 0.4,1029263.0174165652,0.014285714285714285,18844,0 161 2628 1345 311 6071 -22,0.0 0.2120689655172414 0.6676982591876209 0.4480959833072509 0.8056872037914692 0.8213187564058764 0.6222222222222222,28421.379257073026,0.7657142857142857,22149,0 302 2881 1185 249 4978 29,0.0 0.45517241379310347 0.7655705996131528 0.3646322378716745 0.5118483412322274 0.447898872565767 1.0,53594.24343616243,0.76,13288,17 191 1776 789 207 4309 -26,1.0 0.2637931034482759 0.3381044487427466 0.15805946791862285 0.3127962085308057 0.2193372053296891 0.5925925925925926,1029952.4798856727,0.014285714285714285,17370,1 144 2439 1273 352 6594 4,0.058823529411764705 0.18275862068965518 0.5945841392649903 0.41053729786124155 1.0 1.0 0.8148148148148148,83566.58498605619,0.7714285714285715,22077,0 303 2886 1188 251 4992 26,0.0 0.45689655172413796 0.767504835589942 0.36619718309859156 0.5213270142180095 0.45268192688759823 0.9777777777777777,53788.53800988026,0.76,13164,17 191 1668 933 189 4117 -84,1.0 0.2637931034482759 0.29632495164410055 0.23317683881064163 0.22748815165876776 0.15374103177314657 0.16296296296296298,1029600.1858885258,0.014285714285714285,14789
resolved-p21d-c7d-3600-1st/nsp-n50-d28-r0.10-rp2-fp2-s9,0 0 0 0 0 193 -250,0.0 0.0 0.0 0.0 0.0 0.0 0.0,0.0,0.3485714285714286,825,0 0 0 0 0 247 -191,0.0 0.0 0.0 0.0 0.0 0.054 0.3597560975609756,0.8997560975609756,0.2733333333333333,591,0 0 0 0 0 345 -151,0.0 0.0 0.0 0.0 0.0 0.152 0.6036585365853658,2.1236585365853657,0.22,508,0 0 0 0 0 705 -108,0.0 0.0 0.0 0.0 0.0 0.512 0.8658536585365854,5.985853658536586,0.11047619047619048,37,0 0 0 0 0 522 -137,0.0 0.0 0.0 0.0 0.0 0.329 0.6890243902439024,3.9790243902439024,0.38285714285714284,16,0 0 0 0 0 643 -111,0.0 0.0 0.0 0.0 0.0 0.45 0.8475609756097561,5.347560975609756,0.12285714285714286,49,0 0 0 0 0 680 -107,0.0 0.0 0.0 0.0 0.0 0.487 0.8719512195121951,5.741951219512195,0.12095238095238095,58,0 0 0 0 0 411 -158,0.0 0.0 0.0 0.0 0.0 0.218 0.5609756097560976,2.7409756097560978,0.3180952380952381,21,0 0 0 0 0 735 -123,0.0 0.0 0.0 0.0 0.0 0.542 0.774390243902439,6.194390243902439,0.11619047619047619,89,0 0 0 0 0 685 -117,0.0 0.0 0.0 0.0 0.0 0.492 0.8109756097560976,5.730975609756097,0.11904761904761904,61,0 0 0 0 0 515 -129,0.0 0.0 0.0 0.0 0.0 0.322 0.7378048780487805,3.9578048780487807,0.3514285714285714,20,0 0 0 0 0 788 -102,0.0 0.0 0.0 0.0 0.0 0.595 0.9024390243902439,6.852439024390243,0.1219047619047619,64,0 0 0 0 0 1193 -86,0.0 0.0 0.0 0.0 0.0 1.0 1.0,11.0,0.34,202,0 0 0 0 0 378 -142,0.0 0.0 0.0 0.0 0.0 0.185 0.6585365853658537,2.508536585365854,0.6666666666666666,176,0 0 0 0 0 1114 -95,0.0 0.0 0.0 0.0 0.0 0.921 0.9451219512195121,10.155121951219513,0.27714285714285714,306,0 0 0 0 0 1193 -86,0.0 0.0 0.0 0.0 0.0 1.0 1.0,11.0,0.34,202,0 0 0 0 0 378 -142,0.0 0.0 0.0 0.0 0.0 0.185 0.6585365853658537,2.508536585365854,0.6666666666666666,176,0 0 0 0 0 1114 -95,0.0 0.0 0.0 0.0 0.0 0.921 0.9451219512195121,10.155121951219513,0.27714285714285714,306,0 0 0 0 0 515 -116,0.0 0.0 0.0 0.0 0.0 0.322 0.8170731707317073,4.037073170731707,0.1019047619047619,45
