,lnps-10-org-obj,lnps-10-nrm-obj,lnps-10-obj,lnps-10-diff,lnps-10-freq,lnps-30-org-obj,lnps-30-nrm-obj,lnps-30-obj,lnps-30-diff,lnps-30-freq,lnps-60-org-obj,lnps-60-nrm-obj,lnps-60-obj,lnps-60-diff,lnps-60-freq,mp-is1-p-hi-org-obj,mp-is1-p-hi-nrm-obj,mp-is1-p-hi-obj,mp-is1-p-hi-diff,mp-is1-p-hi-freq,mp-is1-p-low-org-obj,mp-is1-p-low-nrm-obj,mp-is1-p-low-obj,mp-is1-p-low-diff,mp-is1-p-low-freq,mp-is1-p-mid-org-obj,mp-is1-p-mid-nrm-obj,mp-is1-p-mid-obj,mp-is1-p-mid-diff,mp-is1-p-mid-freq,mp-is10-p-hi-org-obj,mp-is10-p-hi-nrm-obj,mp-is10-p-hi-obj,mp-is10-p-hi-diff,mp-is10-p-hi-freq,mp-is10-p-low-org-obj,mp-is10-p-low-nrm-obj,mp-is10-p-low-obj,mp-is10-p-low-diff,mp-is10-p-low-freq,mp-is10-p-mid-org-obj,mp-is10-p-mid-nrm-obj,mp-is10-p-mid-obj,mp-is10-p-mid-diff,mp-is10-p-mid-freq,mp-is100-p-hi-org-obj,mp-is100-p-hi-nrm-obj,mp-is100-p-hi-obj,mp-is100-p-hi-diff,mp-is100-p-hi-freq,mp-is100-p-low-org-obj,mp-is100-p-low-nrm-obj,mp-is100-p-low-obj,mp-is100-p-low-diff,mp-is100-p-low-freq,mp-is100-p-mid-org-obj,mp-is100-p-mid-nrm-obj,mp-is100-p-mid-obj,mp-is100-p-mid-diff,mp-is100-p-mid-freq,mp-p-hi-org-obj,mp-p-hi-nrm-obj,mp-p-hi-obj,mp-p-hi-diff,mp-p-hi-freq,mp-p-low-org-obj,mp-p-low-nrm-obj,mp-p-low-obj,mp-p-low-diff,mp-p-low-freq,mp-p-mid-org-obj,mp-p-mid-nrm-obj,mp-p-mid-obj,mp-p-mid-diff,mp-p-mid-freq,mp-ps-p-hi-org-obj,mp-ps-p-hi-nrm-obj,mp-ps-p-hi-obj,mp-ps-p-hi-diff,mp-ps-p-hi-freq,mp-ps-p-low-org-obj,mp-ps-p-low-nrm-obj,mp-ps-p-low-obj,mp-ps-p-low-diff,mp-ps-p-low-freq,mp-ps-p-mid-org-obj,mp-ps-p-mid-nrm-obj,mp-ps-p-mid-obj,mp-ps-p-mid-diff,mp-ps-p-mid-freq,ps-org-obj,ps-nrm-obj,ps-obj,ps-diff,ps-freq
resolved-p21d-c7d-3600-1st/nsp-n50-d28-r0.10-rp2-fp2-s8,12 123 3379 1064 311 6673 -74,0.0 0.0 0.17522935779816515 0.23025879230258792 0.5719063545150501 0.9865248226950355 0.0783132530120482,2049.686567215707,0.037142857142857144,4427,15 127 3390 1074 313 6624 -85,0.15789473684210525 0.010638297872340425 0.1853211009174312 0.23689449236894491 0.5785953177257525 0.9517730496453901 0.012048192771084338,161116.06144134435,0.03142857142857143,3994,31 132 3465 1211 338 6692 -87,1.0 0.023936170212765957 0.25412844036697246 0.3278035832780358 0.6622073578595318 1.0 0.0,1005338.9257440103,0.009523809523809525,4116,26 139 3482 717 300 6524 -29,0.7368421052631579 0.0425531914893617 0.26972477064220185 0.0 0.5351170568561873 0.8808510638297873 0.3493975903614458,743857.3417324304,0.009523809523809525,2706,27 443 4278 2224 439 5774 -5,0.7894736842105263 0.851063829787234 1.0 1.0 1.0 0.34893617021276596 0.4939759036144578,885684.0505268554,0.14285714285714285,959,28 499 4204 2224 402 6066 17,0.8421052631578947 1.0 0.9321100917431193 1.0 0.8762541806020067 0.5560283687943263 0.6265060240963856,952520.1762830982,0.26857142857142857,888,26 139 3495 723 307 6545 -26,0.7368421052631579 0.0425531914893617 0.281651376146789 0.003981420039814201 0.5585284280936454 0.8957446808510638 0.3674698795180723,743983.0973530991,0.009523809523809525,2654,27 443 4278 2224 439 5774 -5,0.7894736842105263 0.851063829787234 1.0 1.0 1.0 0.34893617021276596 0.4939759036144578,885684.0505268554,0.14285714285714285,959,28 499 4204 2224 402 6066 17,0.8421052631578947 1.0 0.9321100917431193 1.0 0.8762541806020067 0.5560283687943263 0.6265060240963856,952520.1762830982,0.26857142857142857,888,26 139 3495 723 307 6545 -26,0.7368421052631579 0.0425531914893617 0.281651376146789 0.003981420039814201 0.5585284280936454 0.8957446808510638 0.3674698795180723,743983.0973530991,0.009523809523809525,2654,27 443 4278 2224 439 5774 -5,0.7894736842105263 0.851063829787234 1.0 1.0 1.0 0.34893617021276596 0.4939759036144578,885684.0505268554,0.14285714285714285,959,28 499 4204 2224 402 6066 17,0.8421052631578947 1.0 0.9321100917431193 1.0 0.8762541806020067 0.5560283687943263 0.6265060240963856,952520.1762830982,0.26857142857142857,888,30 235 3492 1362 339 5954 -24,0.9473684210526315 0.2978723404255319 0.27889908256880735 0.42800265428002654 0.6655518394648829 0.4765957446808511 0.3795180722891566,980444.3492346185,0.009523809523809525,2288,24 253 3517 1114 140 5480 78,0.631578947368421 0.34574468085106386 0.3018348623853211 0.26343729263437293 0.0 0.14042553191489363 0.9939759036144579,669437.5996012377,0.7904761904761904,3597,22 334 4034 1253 357 5285 57,0.5263157894736842 0.5611702127659575 0.7761467889908257 0.35567352355673526 0.725752508361204 0.002127659574468085 0.8674698795180723,590623.4161610563,0.7771428571428571,4375,30 239 3513 1442 337 5941 -18,0.9473684210526315 0.30851063829787234 0.2981651376146789 0.4810882548108825 0.6588628762541806 0.4673758865248227 0.41566265060240964,981753.2002225177,0.009523809523809525,2067,22 279 3188 1190 161 5282 79,0.5263157894736842 0.4148936170212766 0.0 0.31386861313868614 0.07023411371237458 0.0 1.0,568127.0432003217,0.7904761904761904,4293,22 333 4031 1243 358 5283 60,0.5263157894736842 0.5585106382978723 0.773394495412844 0.3490378234903782 0.7290969899665551 0.0007092198581560284 0.8855421686746988,590323.6384144541,0.7771428571428571,4472,30 133 3459 904 311 6692 -52,0.9473684210526315 0.026595744680851064 0.2486238532110092 0.12408759124087591 0.5719063545150501 1.0 0.21084337349397592,952705.7231228927,0.009523809523809525,5191
resolved-p21d-c7d-3600-1st/nsp-n30-d28-r0.10-rp2-fp2-s5,11 7 97 234 17 1198 -7,1.0 0.023890784982935155 0.16845878136200718 0.10105949470252648 0.06153846153846154 0.24006001500375093 0.0379746835443038,1004183.3182276036,0.01746031746031746,10644,11 7 97 236 17 1210 -10,1.0 0.023890784982935155 0.16845878136200718 0.10268948655256724 0.06153846153846154 0.2490622655663916 0.0,1004185.0002672756,0.01746031746031746,10504,11 7 91 235 16 1197 -3,1.0 0.023890784982935155 0.15770609318996415 0.10187449062754686 0.046153846153846156 0.23930982745686422 0.08860759493670886,1004075.1110113056,0.01746031746031746,11168,11 3 3 110 13 882 7,1.0 0.010238907849829351 0.0 0.0 0.0 0.003000750187546887 0.21518987341772153,1001024.1359823582,0.01746031746031746,3603,6 244 457 685 71 1589 9,0.5454545454545454 0.8327645051194539 0.8136200716845878 0.46862265688671556 0.8923076923076924 0.5333833458364591 0.24050632911392406,637430.6244492417,0.4936507936507937,2919,5 293 438 745 72 1599 30,0.45454545454545453 1.0 0.7795698924731183 0.5175224123879381 0.9076923076923077 0.5408852213053263 0.5063291139240507,562955.3602946699,0.30634920634920637,3119,11 3 3 110 13 878 7,1.0 0.010238907849829351 0.0 0.0 0.0 0.0 0.21518987341772153,1001024.1059748563,0.01746031746031746,3612,4 184 453 589 54 1408 16,0.36363636363636365 0.6279863481228669 0.8064516129032258 0.3903830480847596 0.6307692307692307 0.3975993998499625 0.3291139240506329,434957.27965676686,0.20634920634920634,3060,5 245 461 630 78 1664 15,0.45454545454545453 0.8361774744027304 0.8207885304659498 0.42379788101059496 1.0 0.5896474118529632 0.31645569620253167,546901.0981012124,0.30634920634920637,3135,11 3 3 112 13 885 2,1.0 0.010238907849829351 0.0 0.0016299918500407497 0.0 0.005251312828207052 0.1518987341772152,1001025.7251886955,0.01746031746031746,3592,4 184 453 589 53 1405 16,0.36363636363636365 0.6279863481228669 0.8064516129032258 0.3903830480847596 0.6153846153846154 0.3953488372093023 0.3291139240506329,434955.718689602,0.20634920634920634,3061,5 245 461 628 78 1665 15,0.45454545454545453 0.8361774744027304 0.8207885304659498 0.4221678891605542 1.0 0.5903975993998499 0.31645569620253167,546899.4756112378,0.30634920634920637,3136,11 3 3 126 13 941 16,1.0 0.010238907849829351 0.0 0.013039934800325998 0.0 0.047261815453863466 0.3291139240506329,1001037.7324518618,0.01746031746031746,5703,0 0 549 1337 21 2204 45,0.0 0.0 0.978494623655914 1.0 0.12307692307692308 0.994748687171793 0.6962025316455697,10807.897618270197,0.6698412698412698,4664,0 0 434 770 76 1465 36,0.0 0.0 0.7724014336917563 0.5378973105134475 0.9692307692307692 0.44036009002250565 0.5822784810126582,8363.820603735325,0.6507936507936508,4842,11 3 3 126 13 931 12,1.0 0.010238907849829351 0.0 0.013039934800325998 0.0 0.03975993998499625 0.27848101265822783,1001037.6068001958,0.01746031746031746,5728,0 0 549 1337 21 2204 44,0.0 0.0 0.978494623655914 1.0 0.12307692307692308 0.994748687171793 0.6835443037974683,10807.88496004235,0.6698412698412698,4665,0 0 561 841 18 2211 69,0.0 0.0 1.0 0.5957620211898941 0.07692307692307693 1.0 1.0,10614.454328882202,0.6507936507936508,4727,11 3 34 124 13 1053 14,1.0 0.010238907849829351 0.05555555555555555 0.011409942950285249 0.0 0.1312828207051763 0.3037974683544304,1001592.4729091641,0.01746031746031746,13382
resolved-p21d-c7d-3600-1st/nsp-n40-d28-r0.10-rp2-fp2-s1,16 14 171 338 2 1270 -127,1.0 0.040983606557377046 0.021203438395415473 0.02349831105889264 0.010752688172043012 0.03994817534009933 0.037815126050420166,1004335.4059164474,0.015476190476190477,8907,16 14 172 339 2 1272 -131,1.0 0.040983606557377046 0.02177650429799427 0.02364517550301072 0.010752688172043012 0.040380047505938245 0.02100840336134454,1004341.2709519162,0.015476190476190477,8867,16 14 172 340 2 1270 -128,1.0 0.040983606557377046 0.02177650429799427 0.0237920399471288 0.010752688172043012 0.03994817534009933 0.03361344537815126,1004341.4261026807,0.015476190476190477,8848,15 5 199 550 6 1318 -136,0.8888888888888888 0.004098360655737705 0.03724928366762178 0.05463357321192539 0.053763440860215055 0.05031310732023321 0.0,889731.73083951,0.015476190476190477,7277,15 91 338 357 9 1485 -97,0.8888888888888888 0.35655737704918034 0.1169054441260745 0.026288735497136142 0.08602150537634409 0.08637443316778233 0.1638655462184874,925749.5995309803,0.09047619047619047,4514,11 248 463 516 39 1429 -35,0.4444444444444444 1.0 0.18853868194842408 0.04964018211191071 0.40860215053763443 0.07428201252429281 0.42436974789915966,546421.4988509675,0.305952380952381,4757,15 4 175 461 5 1266 -129,0.8888888888888888 0.0 0.02349570200573066 0.04156263768541636 0.043010752688172046 0.03908443100842151 0.029411764705882353,889170.1298779752,0.015476190476190477,7727,15 89 404 314 20 1504 -91,0.8888888888888888 0.3483606557377049 0.15472779369627507 0.019973564400058746 0.20430107526881722 0.090477218743252 0.18907563025210083,925313.7299193668,0.09047619047619047,4555,11 248 463 516 39 1429 -35,0.4444444444444444 1.0 0.18853868194842408 0.04964018211191071 0.40860215053763443 0.07428201252429281 0.42436974789915966,546421.4988509675,0.305952380952381,4757,15 4 175 463 4 1285 -125,0.8888888888888888 0.0 0.02349570200573066 0.04185636657365252 0.03225806451612903 0.043187216583891165 0.046218487394957986,889169.4061726247,0.015476190476190477,7685,15 89 406 314 20 1506 -91,0.8888888888888888 0.3483606557377049 0.15587392550143267 0.019973564400058746 0.20430107526881722 0.09090909090909091 0.18907563025210083,925325.1955561399,0.09047619047619047,4554,11 248 463 516 39 1429 -35,0.4444444444444444 1.0 0.18853868194842408 0.04964018211191071 0.40860215053763443 0.07428201252429281 0.42436974789915966,546421.4988509675,0.305952380952381,4757,14 46 1879 4874 55 5716 95,0.7777777777777778 0.1721311475409836 1.0 0.689675429578499 0.5806451612903226 1.0 0.9705882352941176,805749.6030658189,0.611904761904762,4582,7 101 1296 1246 94 3567 80,0.0 0.3975409836065574 0.6659025787965616 0.15685122631810838 1.0 0.5359533578060894 0.907563025210084,46676.24247154273,0.6630952380952381,6010,9 5 1538 5760 16 5443 9,0.2222222222222222 0.004098360655737705 0.8045845272206303 0.819797327067117 0.16129032258064516 0.9410494493629885 0.6092436974789915,231523.84965751859,0.6190476190476191,6301,14 45 1843 4818 55 5662 94,0.7777777777777778 0.1680327868852459 0.9793696275071633 0.6814510207078867 0.5806451612903226 0.9883394515223494 0.9663865546218487,805125.1180592808,0.611904761904762,4620,7 132 1431 1929 81 3773 102,0.0 0.5245901639344263 0.7432664756446992 0.25715964165075633 0.8602150537634409 0.5804361908874973 1.0,60241.66665882559,0.6607142857142857,4959,10 5 1648 6987 12 5699 -6,0.3333333333333333 0.004098360655737705 0.867621776504298 1.0 0.11827956989247312 0.9963290865903692 0.5462184873949579,343441.7246302926,0.6297619047619047,5420,16 6 134 178 1 1085 -113,1.0 0.00819672131147541 0.0 0.0 0.0 0.0 0.09663865546218488,1000819.768769803,0.015476190476190477,11979
resolved-p21d-c7d-3600-1st/nsp-n30-d28-r0.10-rp2-fp2-s4,9 8 26 12 0 207 -79,1.0 0.02304147465437788 0.0023121387283236996 0.0 0.0 0.0 0.04672897196261682,1002327.315581693,0.022222222222222223,11976,9 8 24 19 0 213 -85,1.0 0.02304147465437788 0.0 0.0020858164481525627 0.0 0.0022692889561270802 0.018691588785046728,1002306.2746663643,0.022222222222222223,12085,9 8 70 30 0 314 -77,1.0 0.02304147465437788 0.05317919075144509 0.005363528009535161 0.0 0.04046898638426626 0.056074766355140186,1002841.763665592,0.022222222222222223,10989,9 10 106 25 0 462 -84,1.0 0.03225806451612903 0.09479768786127167 0.0038736591179976162 0.0 0.0964447806354009 0.02336448598130841,1004178.644801636,0.022222222222222223,14023,1 189 307 276 36 738 -58,0.0 0.8571428571428571 0.32716763005780347 0.07866507747318235 0.9230769230769231 0.2008320726172466 0.14485981308411214,89159.08796518388,0.18253968253968253,1173,5 151 268 296 39 712 -72,0.5 0.6820276497695853 0.28208092485549136 0.08462455303933254 1.0 0.19099848714069592 0.0794392523364486,571210.1882026765,0.2492063492063492,886,9 8 77 22 0 374 -74,1.0 0.02304147465437788 0.06127167630057803 0.0029797377830750892 0.0 0.06316187594553707 0.07009345794392523,1002920.5456784441,0.022222222222222223,14635,2 135 338 268 31 801 -71,0.125 0.6082949308755761 0.3630057803468208 0.07628128724672228 0.7948717948717948 0.22465960665658094 0.08411214953271028,189617.65006597582,0.18412698412698414,1136,5 220 595 285 38 701 -39,0.5 1.0 0.6601156069364161 0.08134684147794995 0.9743589743589743 0.18683812405446293 0.2336448598130841,606782.0408343783,0.2492063492063492,869,9 10 107 51 0 471 -82,1.0 0.03225806451612903 0.09595375722543352 0.011620977353992848 0.0 0.09984871406959153 0.03271028037383177,1004197.9961986423,0.022222222222222223,12593,2 152 350 344 28 695 -60,0.125 0.6866359447004609 0.376878612716763 0.09892729439809297 0.717948717948718 0.18456883509833585 0.13551401869158877,197605.08396577634,0.18412698412698414,1114,5 151 268 296 39 712 -72,0.5 0.6820276497695853 0.28208092485549136 0.08462455303933254 1.0 0.19099848714069592 0.0794392523364486,571210.1882026765,0.2492063492063492,886,8 43 889 2385 17 2746 125,0.875 0.18433179723502305 1.0 0.7070917759237187 0.4358974358974359 0.960287443267776 1.0,904194.4641174484,0.5984126984126984,8335,3 9 758 1970 23 2750 93,0.25 0.027649769585253458 0.8485549132947977 0.5834326579261025 0.5897435897435898 0.9618003025718608 0.8504672897196262,261903.40157868923,0.6507936507936508,8604,6 3 809 3308 5 2793 58,0.625 0.0 0.9075144508670521 0.9821215733015495 0.1282051282051282 0.9780635400907716 0.6869158878504673,635080.5541460813,0.6698412698412698,10508,8 43 853 2190 17 2710 119,0.875 0.18433179723502305 0.9583815028901734 0.6489868891537545 0.4358974358974359 0.9466717095310136 0.9719626168224299,903720.0100648596,0.5984126984126984,8543,4 8 780 2464 20 2783 71,0.375 0.02304147465437788 0.8739884393063584 0.7306317044100119 0.5128205128205128 0.9742813918305597 0.7476635514018691,386836.43609166314,0.6507936507936508,8143,6 3 856 3368 7 2851 63,0.625 0.0 0.9618497109826589 1.0 0.1794871794871795 1.0 0.7102803738317757,635647.1561081491,0.6698412698412698,9901,9 9 92 57 0 386 -89,1.0 0.027649769585253458 0.07861271676300578 0.013408820023837902 0.0 0.06770045385779122 0.0,1003565.1899507178,0.022222222222222223,15830
resolved-p21d-c7d-3600-1st/nsp-n10-d28-r0.10-rp0-fp0-s5,0 0 2 0 0 119 -42,0.0 0.0 0.0 0.0 0.0 0.08695652173913043 0.05263157894736842,0.9221967963386728,0.3952380952380952,8539,0 0 2 0 0 120 -43,0.0 0.0 0.0 0.0 0.0 0.09782608695652174 0.0,0.9782608695652174,0.21428571428571427,11350,0 0 2 0 0 123 -38,0.0 0.0 0.0 0.0 0.0 0.13043478260869565 0.2631578947368421,1.5675057208237986,0.1761904761904762,11339,5 0 3 0 0 111 -39,1.0 0.0 1.0 0.0 0.0 0.0 0.21052631578947367,1010000.2105263158,0.014285714285714285,2066,0 0 2 0 0 132 -24,0.0 0.0 0.0 0.0 0.0 0.22826086956521738 1.0,3.282608695652174,0.4,15395,0 0 2 0 0 130 -39,0.0 0.0 0.0 0.0 0.0 0.20652173913043478 0.21052631578947367,2.275743707093821,0.09047619047619047,18417,5 0 3 0 0 111 -39,1.0 0.0 1.0 0.0 0.0 0.0 0.21052631578947367,1010000.2105263158,0.014285714285714285,2066,0 0 2 0 0 132 -24,0.0 0.0 0.0 0.0 0.0 0.22826086956521738 1.0,3.282608695652174,0.4,15395,0 0 2 0 0 130 -39,0.0 0.0 0.0 0.0 0.0 0.20652173913043478 0.21052631578947367,2.275743707093821,0.09047619047619047,18417,5 0 3 0 0 111 -38,1.0 0.0 1.0 0.0 0.0 0.0 0.2631578947368421,1010000.2631578947,0.014285714285714285,2065,0 0 2 0 0 132 -24,0.0 0.0 0.0 0.0 0.0 0.22826086956521738 1.0,3.282608695652174,0.4,15395,0 0 2 0 0 130 -39,0.0 0.0 0.0 0.0 0.0 0.20652173913043478 0.21052631578947367,2.275743707093821,0.09047619047619047,18417,5 0 3 0 0 111 -36,1.0 0.0 1.0 0.0 0.0 0.0 0.3684210526315789,1010000.3684210526,0.014285714285714285,3825,0 0 2 0 0 129 -33,0.0 0.0 0.0 0.0 0.0 0.1956521739130435 0.5263157894736842,2.482837528604119,0.6476190476190476,4877,0 0 2 0 0 203 -25,0.0 0.0 0.0 0.0 0.0 1.0 0.9473684210526315,10.947368421052632,0.3904761904761905,5999,5 0 3 0 0 111 -36,1.0 0.0 1.0 0.0 0.0 0.0 0.3684210526315789,1010000.3684210526,0.014285714285714285,3825,0 0 2 0 0 129 -33,0.0 0.0 0.0 0.0 0.0 0.1956521739130435 0.5263157894736842,2.482837528604119,0.6476190476190476,4877,0 0 2 0 0 203 -25,0.0 0.0 0.0 0.0 0.0 1.0 0.9473684210526315,10.947368421052632,0.3904761904761905,5999,0 0 2 0 0 128 -38,0.0 0.0 0.0 0.0 0.0 0.18478260869565216 0.2631578947368421,2.1109839816933635,0.09523809523809523,8098
resolved-p21d-c7d-3600-1st/nsp-n10-d28-r0.10-rp0-fp0-s0,0 1 0 0 0 77 -39,0.0 0.0 0.0 0.0 0.0 0.002074688796680498 0.0,0.02074688796680498,0.3333333333333333,7742,0 3 0 0 0 76 -32,0.0 0.18181818181818182 0.0 0.0 0.0 0.0 0.19444444444444445,18182.01262626263,0.23809523809523808,7736,0 3 0 0 0 79 -35,0.0 0.18181818181818182 0.0 0.0 0.0 0.006224066390041493 0.1111111111111111,18181.991533593195,0.14285714285714285,7973,2 3 0 0 0 82 -33,1.0 0.18181818181818182 0.0 0.0 0.0 0.012448132780082987 0.16666666666666666,1018182.1093298127,0.01904761904761905,3001,0 1 0 0 0 128 -19,0.0 0.0 0.0 0.0 0.0 0.1078838174273859 0.5555555555555556,1.6343937298294147,0.24761904761904763,12510,0 6 39 67 12 315 -11,0.0 0.45454545454545453 0.9069767441860465 0.7613636363636364 0.2727272727272727 0.495850622406639 0.7777777777777778,55318.68554404413,0.28095238095238095,13909,2 3 0 0 0 82 -33,1.0 0.18181818181818182 0.0 0.0 0.0 0.012448132780082987 0.16666666666666666,1018182.1093298127,0.01904761904761905,2558,0 1 0 18 0 152 -17,0.0 0.0 0.0 0.20454545454545456 0.0 0.15767634854771784 0.6111111111111112,206.73332914204286,0.21428571428571427,16012,0 1 0 0 0 89 -32,0.0 0.0 0.0 0.0 0.0 0.026970954356846474 0.19444444444444445,0.4641539880129092,0.06666666666666667,12523,2 3 0 0 0 82 -33,1.0 0.18181818181818182 0.0 0.0 0.0 0.012448132780082987 0.16666666666666666,1018182.1093298127,0.01904761904761905,2170,0 1 0 0 0 101 -22,0.0 0.0 0.0 0.0 0.0 0.05186721991701245 0.4722222222222222,0.9908944213923467,0.41904761904761906,10712,0 1 0 0 0 90 -32,0.0 0.0 0.0 0.0 0.0 0.029045643153526972 0.19444444444444445,0.4849008759797142,0.06666666666666667,4480,2 3 0 0 0 82 -33,1.0 0.18181818181818182 0.0 0.0 0.0 0.012448132780082987 0.16666666666666666,1018182.1093298127,0.01904761904761905,1792,0 1 23 39 11 375 -6,0.0 0.0 0.5348837209302325 0.4431818181818182 0.25 0.6203319502074689 0.9166666666666666,5824.139013652885,0.6761904761904762,17194,0 12 43 88 44 516 -3,0.0 1.0 1.0 1.0 1.0 0.9128630705394191 1.0,111110.1286307054,0.6619047619047619,19810,2 3 0 0 0 82 -32,1.0 0.18181818181818182 0.0 0.0 0.0 0.012448132780082987 0.19444444444444445,1018182.1371075904,0.01904761904761905,1791,0 1 18 22 5 315 -6,0.0 0.0 0.4186046511627907 0.25 0.11363636363636363 0.495850622406639 0.9166666666666666,4453.285320882277,0.7,18026,0 2 41 55 39 558 -6,0.0 0.09090909090909091 0.9534883720930233 0.625 0.8863636363636364 1.0 0.9166666666666666,19350.345842142357,0.7047619047619048,21386,0 1 0 1 0 95 -32,0.0 0.0 0.0 0.011363636363636364 0.0 0.03941908713692946 0.19444444444444445,11.952271679450103,0.06666666666666667,10189
resolved-p21d-c7d-3600-1st/nsp-n30-d28-r0.10-rp2-fp2-s9,13 19 67 139 12 452 -59,0.4375 0.05521472392638037 0.11504424778761062 0.2993492407809111 0.15384615384615385 0.3958333333333333 0.12418300653594772,444490.7312430195,0.009523809523809525,11328,13 19 67 130 12 429 -59,0.4375 0.05521472392638037 0.11504424778761062 0.279826464208243 0.15384615384615385 0.36921296296296297 0.12418300653594772,444470.9422627432,0.009523809523809525,11372,13 19 67 137 12 435 -60,0.4375 0.05521472392638037 0.11504424778761062 0.2950108459869848 0.15384615384615385 0.3761574074074074 0.11764705882352941,444486.18955301866,0.009523809523809525,11339,13 1 6 5 0 176 -74,0.4375 0.0 0.007079646017699115 0.008676789587852495 0.0 0.0763888888888889 0.026143790849673203,437580.26328244456,0.009523809523809525,8914,6 249 567 425 78 970 -36,0.0 0.7607361963190185 1.0 0.9197396963123644 1.0 0.9953703703703703 0.27450980392156865,87103.58754172183,0.2619047619047619,2632,10 88 168 204 26 551 -44,0.25 0.2668711656441718 0.2938053097345133 0.4403470715835141 0.3333333333333333 0.5104166666666666 0.2222222222222222,280104.17645556806,0.12698412698412698,4225,13 1 2 1 0 110 -78,0.4375 0.0 0.0 0.0 0.0 0.0 0.0,437500.0,0.009523809523809525,6212,10 131 322 247 33 683 -51,0.25 0.3987730061349693 0.5663716814159292 0.5336225596529284 0.4230769230769231 0.6631944444444444 0.17647058823529413,296123.75609464955,0.173015873015873,2551,10 88 168 204 26 551 -44,0.25 0.2668711656441718 0.2938053097345133 0.4403470715835141 0.3333333333333333 0.5104166666666666 0.2222222222222222,280104.17645556806,0.12698412698412698,4225,13 1 2 1 0 110 -77,0.4375 0.0 0.0 0.0 0.0 0.0 0.006535947712418301,437500.00653594773,0.009523809523809525,5593,6 249 567 425 78 970 -36,0.0 0.7607361963190185 1.0 0.9197396963123644 1.0 0.9953703703703703 0.27450980392156865,87103.58754172183,0.2619047619047619,2632,10 88 168 204 26 551 -44,0.25 0.2668711656441718 0.2938053097345133 0.4403470715835141 0.3333333333333333 0.5104166666666666 0.2222222222222222,280104.17645556806,0.12698412698412698,4225,13 6 52 51 11 285 -67,0.4375 0.015337423312883436 0.08849557522123894 0.10845986984815618 0.14102564102564102 0.2025462962962963 0.0718954248366013,440043.3578758392,0.009523809523809525,9050,21 314 399 462 62 974 72,0.9375 0.9601226993865031 0.7026548672566372 1.0 0.7948717948717948 1.0 0.9803921568627451,1041629.2861828607,0.6825396825396826,8699,17 216 514 318 68 846 49,0.6875 0.6595092024539877 0.9061946902654867 0.6876355748373102 0.8717948717948718 0.8518518518518519 0.8300653594771242,763297.0307939484,0.6555555555555556,9876,13 13 62 91 15 322 -64,0.4375 0.03680981595092025 0.10619469026548672 0.19522776572668113 0.19230769230769232 0.24537037037037038 0.0915032679738562,442459.932239676,0.009523809523809525,8118,22 327 375 439 66 926 75,1.0 1.0 0.6601769911504425 0.9501084598698482 0.8461538461538461 0.9444444444444444 1.0,1107646.9382004342,0.6825396825396826,8004,17 221 530 317 67 850 49,0.6875 0.6748466257668712 0.9345132743362832 0.6854663774403471 0.8589743589743589 0.8564814814814815 0.8300653594771242,765110.554013562,0.638095238095238,9531,13 16 148 73 16 454 -67,0.4375 0.046012269938650305 0.2584070796460177 0.1561822125813449 0.20512820512820512 0.39814814814814814 0.0718954248366013,444866.0462003257,0.009523809523809525,13284
resolved-p21d-c7d-3600-1st/nsp-n20-d28-r0.10-rp2-fp2-s2,1 1 4 0 0 73 -55,0.1111111111111111 0.010101010101010102 0.0 0.0 0.0 0.001736111111111111 0.0,112121.22948232324,0.19285714285714287,9833,0 0 10 1 0 119 -50,0.0 0.0 0.01015228426395939 0.0012953367875647669 0.0 0.041666666666666664 0.05319148936170213,103.28803758318703,0.09285714285714286,9995,0 1 10 4 0 109 -50,0.0 0.010101010101010102 0.01015228426395939 0.0051813471502590676 0.0 0.03298611111111111 0.05319148936170213,1117.188252491336,0.05714285714285714,9790,9 1 4 2 0 73 -53,1.0 0.010101010101010102 0.0 0.0025906735751295338 0.0 0.001736111111111111 0.02127659574468085,1001012.730321383,0.014285714285714285,5621,0 85 256 262 37 466 -34,0.0 0.8585858585858586 0.4263959390862944 0.3393782383419689 0.4457831325301205 0.3428819444444444 0.22340425531914893,90510.15402474353,0.1261904761904762,2262,1 93 241 249 25 570 -24,0.1111111111111111 0.9393939393939394 0.4010152284263959 0.3225388601036269 0.30120481927710846 0.4331597222222222 0.32978723404255317,209417.9780612566,0.15476190476190477,2221,9 1 4 2 0 73 -53,1.0 0.010101010101010102 0.0 0.0025906735751295338 0.0 0.001736111111111111 0.02127659574468085,1001012.730321383,0.014285714285714285,5621,0 99 311 338 69 993 10,0.0 1.0 0.5194585448392555 0.4378238341968912 0.8313253012048193 0.8003472222222222 0.6914893617021277,105724.23677429385,0.6785714285714286,9005,0 69 595 504 83 1058 1,0.0 0.696969696969697 1.0 0.6528497409326425 1.0 0.8567708333333334 0.5957446808510638,80458.98289091652,0.5666666666666667,2970,9 1 4 2 0 73 -53,1.0 0.010101010101010102 0.0 0.0025906735751295338 0.0 0.001736111111111111 0.02127659574468085,1001012.730321383,0.014285714285714285,5621,0 27 333 274 60 1223 2,0.0 0.2727272727272727 0.55668358714044 0.3549222797927461 0.7228915662650602 1.0 0.6063829787234043,33277.38096352965,0.5238095238095238,2940,0 63 279 209 26 437 -24,0.0 0.6363636363636364 0.4653130287648054 0.2707253886010363 0.3132530120481928 0.3177083333333333 0.32978723404255317,68595.05148438492,0.1357142857142857,2279,9 1 4 2 0 73 -51,1.0 0.010101010101010102 0.0 0.0025906735751295338 0.0 0.001736111111111111 0.0425531914893617,1001012.7515979788,0.014285714285714285,2982,0 0 165 772 4 885 39,0.0 0.0 0.272419627749577 1.0 0.04819277108433735 0.7065972222222222 1.0,3737.081526826426,0.6452380952380953,8003,0 0 86 198 6 623 16,0.0 0.0 0.13874788494077833 0.25647668393782386 0.07228915662650602 0.4791666666666667 0.7553191489361702,1656.7314348238606,0.5452380952380952,8525,9 1 4 2 0 73 -51,1.0 0.010101010101010102 0.0 0.0025906735751295338 0.0 0.001736111111111111 0.0425531914893617,1001012.7515979788,0.014285714285714285,2982,0 0 160 497 1 871 35,0.0 0.0 0.2639593908629442 0.6437823834196891 0.012048192771084338 0.6944444444444444 0.9574468085106383,3292.483002579194,0.6595238095238095,8638,0 0 103 195 6 698 18,0.0 0.0 0.16751269035532995 0.25259067357512954 0.07228915662650602 0.5442708333333334 0.776595744680851,1941.1657968690938,0.5523809523809524,8038,9 1 4 2 0 71 -49,1.0 0.010101010101010102 0.0 0.0025906735751295338 0.0 0.0 0.06382978723404255,1001012.7555134634,0.014285714285714285,4407
resolved-p21d-c7d-3600-1st/nsp-n10-d28-r0.10-rp0-fp0-s4,2 5 0 0 0 93 -38,1.0 0.14814814814814814 0.0 0.0 0.0 0.008849557522123894 0.0,1014814.9033103901,0.2,13554,1 4 0 1 0 98 -31,0.5 0.1111111111111111 0.0 0.007936507936507936 0.0 0.01991150442477876 0.21212121212121213,511119.458855304,0.13333333333333333,13541,2 5 0 0 0 89 -34,1.0 0.14814814814814814 0.0 0.0 0.0 0.0 0.12121212121212122,1014814.936026936,0.16666666666666666,13537,2 5 4 0 0 101 -27,1.0 0.14814814814814814 0.07407407407407407 0.0 0.0 0.02654867256637168 0.3333333333333333,1015556.1543756146,0.023809523809523808,4632,0 6 13 37 2 240 -9,0.0 0.18518518518518517 0.24074074074074073 0.29365079365079366 0.0625 0.334070796460177 0.8787878787878788,21230.04621542011,0.5142857142857142,20744,0 3 10 77 17 270 -17,0.0 0.07407407407407407 0.18518518518518517 0.6111111111111112 0.53125 0.4004424778761062 0.6363636363636364,9928.136158785495,0.319047619047619,20824,2 5 4 0 0 101 -27,1.0 0.14814814814814814 0.07407407407407407 0.0 0.0 0.02654867256637168 0.3333333333333333,1015556.1543756146,0.023809523809523808,4632,0 2 0 37 1 176 -19,0.0 0.037037037037037035 0.0 0.29365079365079366 0.03125 0.19247787610619468 0.5757575757575758,4002.9800336913167,0.3333333333333333,23042,0 1 1 19 0 176 -13,0.0 0.0 0.018518518518518517 0.15079365079365079 0.0 0.19247787610619468 0.7575757575757576,338.6611904974736,0.21904761904761905,22275,2 5 4 0 0 101 -27,1.0 0.14814814814814814 0.07407407407407407 0.0 0.0 0.02654867256637168 0.3333333333333333,1015556.1543756146,0.023809523809523808,4632,0 2 3 21 0 199 -23,0.0 0.037037037037037035 0.05555555555555555 0.16666666666666666 0.0 0.24336283185840707 0.45454545454545453,4428.814099699055,0.2904761904761905,22699,0 2 4 23 1 151 -16,0.0 0.037037037037037035 0.07407407407407407 0.18253968253968253 0.03125 0.13716814159292035 0.6666666666666666,4632.147475066722,0.14285714285714285,21755,2 5 4 0 0 101 -27,1.0 0.14814814814814814 0.07407407407407407 0.0 0.0 0.02654867256637168 0.3333333333333333,1015556.1543756146,0.023809523809523808,1543,0 26 47 113 24 516 -5,0.0 0.9259259259259259 0.8703703703703703 0.8968253968253969 0.75 0.9446902654867256 1.0,102278.56859577657,0.7285714285714285,25240,0 1 29 34 11 357 -13,0.0 0.0 0.5370370370370371 0.2698412698412698 0.34375 0.5929203539823009 0.7575757575757576,5681.27341950904,0.5857142857142857,23826,2 5 4 0 0 101 -27,1.0 0.14814814814814814 0.07407407407407407 0.0 0.0 0.02654867256637168 0.3333333333333333,1015556.1543756146,0.023809523809523808,1543,0 28 54 126 32 541 -10,0.0 1.0 1.0 1.0 1.0 1.0 0.8484848484848485,111110.84848484848,0.7285714285714285,24821,0 1 29 38 16 364 -12,0.0 0.0 0.5370370370370371 0.30158730158730157 0.5 0.6084070796460177 0.7878787878787878,5728.829621542012,0.5857142857142857,23791,1 4 3 1 0 105 -24,0.5 0.1111111111111111 0.05555555555555555 0.007936507936507936 0.0 0.035398230088495575 0.42424242424242425,511675.3813993283,0.03333333333333333,10938
resolved-p21d-c7d-3600-1st/nsp-n20-d28-r0.10-rp2-fp2-s4,1 7 3 6 0 114 -56,0.1111111111111111 0.03468208092485549 0.0 0.0022900763358778627 0.0 0.0252387448840382 0.16216216216216217,114582.02382954354,0.13095238095238096,12859,1 7 12 9 0 114 -70,0.1111111111111111 0.03468208092485549 0.01948051948051948 0.004580152671755725 0.0 0.0252387448840382 0.036036036036036036,114778.99297455848,0.05,12771,1 7 7 8 0 104 -74,0.1111111111111111 0.03468208092485549 0.008658008658008658 0.003816793893129771 0.0 0.018417462482946793 0.0,114669.9002586947,0.06190476190476191,12685,8 7 4 4 0 81 -55,0.8888888888888888 0.03468208092485549 0.0021645021645021645 0.0007633587786259542 0.0 0.002728512960436562 0.17117117117117117,892379.7038180989,0.02142857142857143,19488,1 167 391 470 47 807 12,0.1111111111111111 0.9595375722543352 0.8398268398268398 0.3564885496183206 1.0 0.4979536152796726 0.7747747747747747,215925.3795953589,0.6666666666666666,3893,0 130 228 354 37 605 -10,0.0 0.7456647398843931 0.487012987012987 0.2679389312977099 0.7872340425531915 0.3601637107776262 0.5765765765765766,79787.44440780656,0.2642857142857143,6057,8 7 6 9 0 109 -56,0.8888888888888888 0.03468208092485549 0.006493506493506494 0.004580152671755725 0.0 0.021828103683492497 0.16216216216216217,892426.9926421803,0.02142857142857143,18904,1 174 404 481 40 846 17,0.1111111111111111 1.0 0.8679653679653679 0.3648854961832061 0.851063829787234 0.524556616643929 0.8198198198198198,220246.82205591298,0.6523809523809524,3260,0 123 194 318 39 770 20,0.0 0.7052023121387283 0.4134199134199134 0.24045801526717558 0.8297872340425532 0.47271487039563437 0.8468468468468469,74983.4410822942,0.5785714285714286,7400,8 7 4 4 0 96 -55,0.8888888888888888 0.03468208092485549 0.0021645021645021645 0.0007633587786259542 0.0 0.01296043656207367 0.17117117117117117,892379.8061373349,0.02142857142857143,19441,1 174 412 462 40 772 5,0.1111111111111111 1.0 0.8852813852813853 0.35038167938931297 0.851063829787234 0.4740791268758527 0.7117117117117117,220404.86552927346,0.6357142857142857,3165,0 129 228 369 40 697 15,0.0 0.7398843930635838 0.487012987012987 0.27938931297709924 0.851063829787234 0.4229195088676671 0.8018018018018018,79228.09586933456,0.6023809523809524,6440,9 10 463 1313 38 1543 29,1.0 0.05202312138728324 0.9956709956709957 1.0 0.8085106382978723 1.0 0.9279279279279279,1016250.801087196,0.5880952380952381,13865,3 113 312 507 35 894 33,0.3333333333333333 0.6473988439306358 0.6688311688311688 0.3847328244274809 0.7446808510638298 0.5572987721691678 0.963963963963964,405227.2672759281,0.7452380952380953,14198,2 4 241 337 8 1161 37,0.2222222222222222 0.017341040462427744 0.5151515151515151 0.2549618320610687 0.1702127659574468 0.7394270122783083 1.0,229388.21879875974,0.5928571428571429,15360,9 10 465 1283 39 1540 31,1.0 0.05202312138728324 1.0 0.9770992366412213 0.8297872340425532 0.9979536152796725 0.9459459459459459,1016273.3155808726,0.5880952380952381,13731,5 36 232 431 24 825 23,0.5555555555555556 0.2023121387283237 0.49567099567099565 0.3267175572519084 0.5106382978723404 0.5102319236016372 0.8738738738738738,581127.236965247,0.6880952380952381,12914,2 1 241 221 9 1239 34,0.2222222222222222 0.0 0.5151515151515151 0.166412213740458 0.19148936170212766 0.7926330150068213 0.972972972972973,227568.1978267711,0.5857142857142857,16273,8 7 4 3 0 77 -70,0.8888888888888888 0.03468208092485549 0.0021645021645021645 0.0 0.0 0.0 0.036036036036036036,892378.7780390555,0.02142857142857143,7870
resolved-p21d-c7d-3600-1st/nsp-n50-d28-r0.10-rp2-fp2-s7,9 458 1488 1129 116 3564 -95,0.0 0.5054151624548736 0.04194630872483222 0.052901484480431846 0.472636815920398 0.0914654316903738 0.037037037037037035,51062.0961901621,0.045714285714285714,3610,12 476 1547 1170 121 3680 -105,0.16666666666666666 0.5270758122743683 0.07494407158836688 0.05843454790823212 0.4975124378109453 0.11065167052596758 0.0,220232.98091838174,0.03142857142857143,3301,27 493 1472 1153 120 3526 -80,1.0 0.5475330926594465 0.032997762863534674 0.056140350877192984 0.4925373134328358 0.08518028448561032 0.09259259259259259,1055189.625372238,0.012380952380952381,3080,26 492 1473 757 126 3497 0,0.9444444444444444 0.54632972322503 0.03355704697986577 0.002699055330634278 0.5223880597014925 0.08038372477671188 0.3888888888888889,999469.1178241834,0.012380952380952381,3317,27 728 2209 1526 175 3477 29,1.0 0.8303249097472925 0.4451901565995526 0.10647773279352227 0.7661691542288557 0.07707575256367846 0.4962962962962963,1087668.7542427632,0.1961904761904762,336,21 869 2364 2349 214 3023 56,0.6666666666666666 1.0 0.5318791946308725 0.21754385964912282 0.9601990049751243 0.0019847833278200462 0.5962962962962963,772299.6385172516,0.19142857142857142,732,26 492 1469 758 125 3487 3,0.9444444444444444 0.54632972322503 0.03131991051454139 0.002834008097165992 0.5174129353233831 0.07872973867019517 0.4,999446.378471109,0.012380952380952381,3382,27 728 2208 1526 175 3474 29,1.0 0.8303249097472925 0.4446308724832215 0.10647773279352227 0.7661691542288557 0.07657955673172345 0.4962962962962963,1087663.1564396415,0.1961904761904762,337,22 818 2312 1900 222 3011 46,0.7222222222222222 0.9386281588447654 0.5027964205816555 0.15695006747638326 1.0 0.0 0.5592592592592592,821370.511639251,0.21428571428571427,731,26 492 1453 737 130 3457 2,0.9444444444444444 0.54632972322503 0.02237136465324385 0.0 0.5422885572139303 0.07376778035064506 0.3962962962962963,999356.493243301,0.012380952380952381,3410,27 728 2208 1526 175 3474 29,1.0 0.8303249097472925 0.4446308724832215 0.10647773279352227 0.7661691542288557 0.07657955673172345 0.4962962962962963,1087663.1564396415,0.1961904761904762,337,21 869 2364 2349 214 3023 56,0.6666666666666666 1.0 0.5318791946308725 0.21754385964912282 0.9601990049751243 0.0019847833278200462 0.5962962962962963,772299.6385172516,0.19142857142857142,732,17 85 2695 5321 44 8308 165,0.4444444444444444 0.056558363417569195 0.7170022371364653 0.6186234817813765 0.11442786069651742 0.8761164406218988 1.0,457910.13058982324,0.7209523809523809,4614,11 100 1927 3272 56 6592 136,0.1111111111111111 0.07460890493381468 0.28747203579418346 0.34210526315789475 0.17412935323383086 0.5922924247436322 0.8925925925925926,121813.05567775572,0.7647619047619048,4858,14 43 3201 8147 21 9057 101,0.2777777777777778 0.006016847172081829 1.0 1.0 0.0 1.0 0.762962962962963,289390.225457949,0.7542857142857143,4077,17 85 2695 5321 44 8308 165,0.4444444444444444 0.056558363417569195 0.7170022371364653 0.6186234817813765 0.11442786069651742 0.8761164406218988 1.0,457910.13058982324,0.7209523809523809,4614,11 102 1992 3463 54 6660 133,0.1111111111111111 0.07701564380264742 0.3238255033557047 0.3678812415654521 0.16417910447761194 0.6035395302679457 0.8814814814814815,122442.14655373027,0.7647619047619048,4618,13 38 3123 7557 26 8909 101,0.2222222222222222 0.0 0.9563758389261745 0.9203778677462888 0.024875621890547265 0.9755210056235528 0.762962962962963,232719.3642144385,0.7542857142857143,4236,26 493 1413 1214 133 3440 -86,0.9444444444444444 0.5475330926594465 0.0 0.06437246963562752 0.5572139303482587 0.07095600396956665 0.07037037037037037,999318.6275034696,0.012380952380952381,3739
resolved-p21d-c7d-3600-1st/nsp-n10-d28-r0.10-rp0-fp0-s7,0 0 0 0 0 79 -34,0.0 0.0 0.0 0.0 0.0 0.21739130434782608 0.0,2.1739130434782608,0.3523809523809524,85,0 0 0 0 0 74 -32,0.0 0.0 0.0 0.0 0.0 0.0 0.09523809523809523,0.09523809523809523,0.3476190476190476,78,0 0 0 0 0 77 -32,0.0 0.0 0.0 0.0 0.0 0.13043478260869565 0.09523809523809523,1.3995859213250519,0.35714285714285715,61,0 0 0 0 0 92 -24,0.0 0.0 0.0 0.0 0.0 0.782608695652174 0.47619047619047616,8.302277432712215,0.13333333333333333,53,0 0 0 0 0 97 -16,0.0 0.0 0.0 0.0 0.0 1.0 0.8571428571428571,10.857142857142858,0.38571428571428573,9,0 0 0 0 0 92 -24,0.0 0.0 0.0 0.0 0.0 0.782608695652174 0.47619047619047616,8.302277432712215,0.13333333333333333,52,0 0 0 0 0 92 -24,0.0 0.0 0.0 0.0 0.0 0.782608695652174 0.47619047619047616,8.302277432712215,0.13333333333333333,33,0 0 0 0 0 92 -13,0.0 0.0 0.0 0.0 0.0 0.782608695652174 1.0,8.826086956521738,0.2523809523809524,9,0 0 0 0 0 92 -24,0.0 0.0 0.0 0.0 0.0 0.782608695652174 0.47619047619047616,8.302277432712215,0.13333333333333333,32,0 0 0 0 0 92 -24,0.0 0.0 0.0 0.0 0.0 0.782608695652174 0.47619047619047616,8.302277432712215,0.13333333333333333,46,0 0 0 0 0 89 -23,0.0 0.0 0.0 0.0 0.0 0.6521739130434783 0.5238095238095238,7.045548654244307,0.47619047619047616,4,0 0 0 0 0 92 -24,0.0 0.0 0.0 0.0 0.0 0.782608695652174 0.47619047619047616,8.302277432712215,0.13333333333333333,35,0 0 0 0 0 92 -24,0.0 0.0 0.0 0.0 0.0 0.782608695652174 0.47619047619047616,8.302277432712215,0.13333333333333333,174,0 0 0 0 0 92 -21,0.0 0.0 0.0 0.0 0.0 0.782608695652174 0.6190476190476191,8.445134575569359,0.6,189,0 0 0 0 0 92 -24,0.0 0.0 0.0 0.0 0.0 0.782608695652174 0.47619047619047616,8.302277432712215,0.13333333333333333,174,0 0 0 0 0 92 -24,0.0 0.0 0.0 0.0 0.0 0.782608695652174 0.47619047619047616,8.302277432712215,0.13333333333333333,174,0 0 0 0 0 92 -21,0.0 0.0 0.0 0.0 0.0 0.782608695652174 0.6190476190476191,8.445134575569359,0.6,189,0 0 0 0 0 92 -24,0.0 0.0 0.0 0.0 0.0 0.782608695652174 0.47619047619047616,8.302277432712215,0.13333333333333333,174,0 0 0 0 0 85 -18,0.0 0.0 0.0 0.0 0.0 0.4782608695652174 0.7619047619047619,5.544513457556936,0.17142857142857143,28
resolved-p21d-c7d-3600-1st/nsp-n30-d28-r0.10-rp2-fp2-s7,0 0 0 0 0 104 -95,0.0 0.0 0.0 0.0 0.0 0.0 0.20408163265306123,0.20408163265306123,0.21428571428571427,248,0 0 0 0 0 133 -87,0.0 0.0 0.0 0.0 0.0 0.08504398826979472 0.3673469387755102,1.2177868214734573,0.1492063492063492,161,0 0 0 0 0 145 -82,0.0 0.0 0.0 0.0 0.0 0.12023460410557185 0.46938775510204084,1.6717337961577594,0.14603174603174604,110,0 0 0 0 0 205 -84,0.0 0.0 0.0 0.0 0.0 0.2961876832844575 0.42857142857142855,3.390448261416003,0.09841269841269841,58,0 0 0 0 0 173 -78,0.0 0.0 0.0 0.0 0.0 0.20234604105571846 0.5510204081632653,2.57448081872045,0.35079365079365077,11,0 0 0 0 0 208 -78,0.0 0.0 0.0 0.0 0.0 0.30498533724340177 0.5510204081632653,3.600873780597283,0.09365079365079365,60,0 0 0 0 0 211 -78,0.0 0.0 0.0 0.0 0.0 0.31378299120234604 0.5510204081632653,3.6888503201867255,0.09523809523809523,34,0 0 0 0 0 161 -105,0.0 0.0 0.0 0.0 0.0 0.16715542521994134 0.0,1.6715542521994133,0.3682539682539683,10,0 0 0 0 0 215 -75,0.0 0.0 0.0 0.0 0.0 0.3255131964809384 0.6122448979591837,3.867376862768568,0.09682539682539683,36,0 0 0 0 0 202 -72,0.0 0.0 0.0 0.0 0.0 0.2873900293255132 0.673469387755102,3.547369681010234,0.09682539682539683,47,0 0 0 0 0 179 -81,0.0 0.0 0.0 0.0 0.0 0.21994134897360704 0.4897959183673469,2.6892094081034172,0.4523809523809524,30,0 0 0 0 0 196 -79,0.0 0.0 0.0 0.0 0.0 0.2697947214076246 0.5306122448979592,3.2285594589742055,0.09682539682539683,53,0 0 0 0 0 445 -62,0.0 0.0 0.0 0.0 0.0 1.0 0.8775510204081632,10.877551020408163,0.353968253968254,96,0 0 0 0 0 305 -68,0.0 0.0 0.0 0.0 0.0 0.5894428152492669 0.7551020408163265,6.649530193308995,0.6301587301587301,79,0 0 0 0 0 387 -56,0.0 0.0 0.0 0.0 0.0 0.8299120234604106 1.0,9.299120234604105,0.35555555555555557,106,0 0 0 0 0 445 -62,0.0 0.0 0.0 0.0 0.0 1.0 0.8775510204081632,10.877551020408163,0.353968253968254,96,0 0 0 0 0 180 -57,0.0 0.0 0.0 0.0 0.0 0.22287390029325513 0.9795918367346939,3.208330839667245,0.7428571428571429,97,0 0 0 0 0 387 -56,0.0 0.0 0.0 0.0 0.0 0.8299120234604106 1.0,9.299120234604105,0.35555555555555557,106,0 0 0 0 0 160 -78,0.0 0.0 0.0 0.0 0.0 0.16422287390029325 0.5510204081632653,2.1932491471661977,0.11428571428571428,61
resolved-p21d-c7d-3600-1st/nsp-n40-d28-r0.10-rp2-fp2-s3,15 10 256 186 2 974 -95,1.0 0.03759398496240601 0.20932134096484056 0.05110732538330494 0.043478260869565216 0.1669421487603306 0.035398230088495575,1005909.771877077,0.013095238095238096,9400,15 10 250 180 1 969 -97,1.0 0.03759398496240601 0.2044153720359771 0.049403747870528106 0.021739130434782608 0.16576151121605667 0.02654867256637168,1005856.8140412992,0.013095238095238096,9797,15 10 250 181 1 965 -103,1.0 0.03759398496240601 0.2044153720359771 0.04968767745599091 0.021739130434782608 0.16481700118063755 0.0,1005857.0619771116,0.013095238095238096,9742,15 6 0 6 0 267 -99,1.0 0.022556390977443608 0.0 0.0 0.0 0.0 0.017699115044247787,1002255.6567968595,0.013095238095238096,4997,8 266 446 544 33 1237 -39,0.5333333333333333 1.0 0.36467702371218313 0.15275411697898922 0.717391304347826 0.22904368358913813 0.2831858407079646,637207.1704405455,0.21071428571428572,3558,13 73 328 353 3 1224 -48,0.8666666666666667 0.2744360902255639 0.26819296811120197 0.0985235661555934 0.06521739130434782 0.22597402597402597 0.24336283185840707,896899.7537787128,0.039285714285714285,1282,15 6 0 6 0 267 -99,1.0 0.022556390977443608 0.0 0.0 0.0 0.0 0.017699115044247787,1002255.6567968595,0.013095238095238096,4997,8 266 446 541 33 1237 -40,0.5333333333333333 1.0 0.36467702371218313 0.1519023282226008 0.717391304347826 0.22904368358913813 0.27876106194690264,637206.3142270105,0.21071428571428572,3559,13 73 328 353 3 1236 -51,0.8666666666666667 0.2744360902255639 0.26819296811120197 0.0985235661555934 0.06521739130434782 0.22880755608028336 0.23008849557522124,896899.7688396776,0.039285714285714285,1281,15 6 0 6 0 267 -99,1.0 0.022556390977443608 0.0 0.0 0.0 0.0 0.017699115044247787,1002255.6567968595,0.013095238095238096,4997,8 185 485 433 31 1183 -71,0.5333333333333333 0.6954887218045113 0.3965658217497956 0.12123793299261783 0.6739130434782609 0.21629279811097993 0.1415929203539823,607038.7974895244,0.21071428571428572,3593,13 73 328 353 3 1224 -48,0.8666666666666667 0.2744360902255639 0.26819296811120197 0.0985235661555934 0.06521739130434782 0.22597402597402597 0.24336283185840707,896899.7537787128,0.039285714285714285,1282,15 10 168 110 7 805 -78,1.0 0.03759398496240601 0.1373671300081766 0.029528676888131742 0.15217391304347827 0.1270365997638725 0.11061946902654868,1005179.1968499816,0.013095238095238096,7001,0 0 1223 3528 23 4502 110,0.0 0.0 1.0 1.0 0.5 1.0 0.9424778761061947,11060.942477876106,0.6345238095238095,1983,0 0 1036 2011 42 3807 119,0.0 0.0 0.8470973017170891 0.5692788188529245 0.9130434782608695 0.8358913813459268 0.9823008849557522,9140.897398548317,0.6333333333333333,3140,15 12 195 122 8 925 -63,1.0 0.045112781954887216 0.15944399018806213 0.032935831913685404 0.17391304347826086 0.15537190082644628 0.17699115044247787,1006157.7759437895,0.013095238095238096,6692,0 0 921 2178 25 3714 113,0.0 0.0 0.7530662305805397 0.616695059625213 0.5434782608695652 0.8139315230224321 0.9557522123893806,8210.80025896018,0.6369047619047619,3013,0 0 996 1909 46 3831 123,0.0 0.0 0.8143908421913328 0.5403180011357184 1.0 0.8415584415584415 1.0,8793.64200746463,0.6333333333333333,3346,15 6 110 9 0 560 -97,1.0 0.022556390977443608 0.08994276369582993 0.0008517887563884157 0.0 0.069185360094451 0.02654867256637168,1003156.6369257326,0.013095238095238096,9626
resolved-p21d-c7d-3600-1st/nsp-n40-d28-r0.10-rp2-fp2-s0,17 12 188 389 0 801 -102,1.0 0.048 0.14770932069510267 0.07530061107825745 0.0 0.12268570153914789 0.05,1006353.6706750446,0.015476190476190477,8634,17 9 149 392 1 721 -102,1.0 0.036 0.11690363349131122 0.07589197713384585 0.012195121951219513 0.1048405085879991 0.05,1004847.246229328,0.015476190476190477,9329,17 7 146 388 0 701 -107,1.0 0.028 0.11453396524486571 0.07510348905972797 0.0 0.10037921035021191 0.02727272727272727,1004021.4742063391,0.015476190476190477,9692,17 5 1 7 0 251 -113,1.0 0.02 0.0 0.0 0.0 0.0 0.0,1002000.0,0.015476190476190477,4830,14 250 522 376 35 1369 -45,0.8235294117647058 1.0 0.41153238546603477 0.07273802483737433 0.4268292682926829 0.24938657149230425 0.3090909090909091,927762.9595276568,0.24761904761904763,1269,15 41 294 374 7 1133 -70,0.8823529411764706 0.164 0.23143759873617695 0.0723437808003154 0.08536585365853659 0.19674325228641534 0.19545454545454546,901150.3604170668,0.03333333333333333,1949,17 5 1 7 0 251 -113,1.0 0.02 0.0 0.0 0.0 0.0 0.0,1002000.0,0.015476190476190477,4830,14 250 522 376 35 1369 -45,0.8235294117647058 1.0 0.41153238546603477 0.07273802483737433 0.4268292682926829 0.24938657149230425 0.3090909090909091,927762.9595276568,0.24761904761904763,1269,15 41 294 374 7 1133 -70,0.8823529411764706 0.164 0.23143759873617695 0.0723437808003154 0.08536585365853659 0.19674325228641534 0.19545454545454546,901150.3604170668,0.03333333333333333,1949,17 5 1 7 0 251 -113,1.0 0.02 0.0 0.0 0.0 0.0 0.0,1002000.0,0.015476190476190477,4830,15 77 502 317 82 1239 -42,0.8823529411764706 0.308 0.3957345971563981 0.06110782574413562 1.0 0.2203881329466875 0.32272727272727275,917273.9215823809,0.17023809523809524,1247,15 41 294 374 7 1133 -70,0.8823529411764706 0.164 0.23143759873617695 0.0723437808003154 0.08536585365853659 0.19674325228641534 0.19545454545454546,901150.3604170668,0.03333333333333333,1949,17 5 27 25 1 390 -98,1.0 0.02 0.020537124802527645 0.0035481963335304554 0.012195121951219513 0.031006022752621012 0.06818181818181818,1002210.5171985996,0.015476190476190477,6544,0 0 926 1587 44 3622 104,0.0 0.0 0.7306477093206951 0.31145278927656217 0.5365853658536586 0.7519518179790319 0.9863636363636363,7680.094300885034,0.65,3210,0 0 1243 4678 11 4662 62,0.0 0.0 0.981042654028436 0.9207569485511532 0.13414634146341464 0.9839393263439661 0.7954545454545454,10755.23297079075,0.6416666666666667,2921,17 5 96 77 3 642 -95,1.0 0.02 0.0750394944707741 0.013798541297062882 0.036585365853658534 0.08721838054873968 0.08181818181818182,1002768.8060245775,0.015476190476190477,5375,0 0 920 1570 40 3621 107,0.0 0.0 0.7259083728278041 0.3081017149615612 0.4878048780487805 0.7517287530671425 1.0,7624.483218575151,0.65,3427,0 0 1267 5080 9 4734 86,0.0 0.0 1.0 1.0 0.10975609756097561 1.0 0.9045454545454545,11021.880155210643,0.6416666666666667,2721,17 15 204 338 2 895 -87,1.0 0.06 0.160347551342812 0.06524738813325448 0.024390243902439025 0.1436538032567477 0.11818181818181818,1007672.7166458024,0.015476190476190477,11177
resolved-p21d-c7d-3600-1st/nsp-n40-d28-r0.10-rp2-fp2-s9,16 14 205 219 22 1559 17,0.75 0.07017543859649122 0.021286889211417512 0.0 0.5128205128205128 0.0017974835230677051 0.6071428571428571,757282.3199207378,0.009523809523809525,7479,16 12 185 219 22 1552 8,0.75 0.05263157894736842 0.011611030478955007 0.0 0.5128205128205128 0.0003994407829039345 0.5267857142857143,755431.0810309305,0.009523809523809525,8578,16 14 191 227 23 1550 12,0.75 0.07017543859649122 0.01451378809869376 0.00078064012490242 0.5384615384615384 0.0 0.5625,757217.8710346071,0.009523809523809525,7982,16 8 162 574 19 1733 -10,0.75 0.017543859649122806 0.0004837929366231253 0.034640905542544884 0.4358974358974359 0.03654883163571001 0.36607142857142855,751838.1861031557,0.009523809523809525,8369,16 120 411 572 41 2100 15,0.75 1.0 0.12094823415578132 0.03444574551131928 1.0 0.10984621529858199 0.5892857142857143,851345.6158349364,0.11547619047619048,1712,17 25 367 689 16 2201 9,1.0 0.16666666666666666 0.09966134494436381 0.045862607338017176 0.358974358974359 0.13001797483523067 0.5357142857142857,1017746.8760533798,0.02261904761904762,1663,16 8 161 471 18 1735 -14,0.75 0.017543859649122806 0.0 0.02459016393442623 0.41025641025641024 0.03694827241861394 0.33035714285714285,751820.7016097393,0.009523809523809525,8531,16 120 411 572 41 2100 15,0.75 1.0 0.12094823415578132 0.03444574551131928 1.0 0.10984621529858199 0.5892857142857143,851345.6158349364,0.11547619047619048,1712,17 25 367 689 16 2201 9,1.0 0.16666666666666666 0.09966134494436381 0.045862607338017176 0.358974358974359 0.13001797483523067 0.5357142857142857,1017746.8760533798,0.02261904761904762,1663,16 8 161 467 18 1701 -11,0.75 0.017543859649122806 0.0 0.02419984387197502 0.41025641025641024 0.030157779109247055 0.35714285714285715,751820.2701704581,0.009523809523809525,8704,16 120 411 572 41 2100 15,0.75 1.0 0.12094823415578132 0.03444574551131928 1.0 0.10984621529858199 0.5892857142857143,851345.6158349364,0.11547619047619048,1712,17 25 368 689 16 2201 9,1.0 0.16666666666666666 0.10014513788098693 0.045862607338017176 0.358974358974359 0.13001797483523067 0.5357142857142857,1017751.713982746,0.02261904761904762,1662,13 56 1999 6891 9 6248 39,0.0 0.43859649122807015 0.8892114175133043 0.6510538641686182 0.1794871794871795 0.9382863990413421 0.8035714285714286,53430.95231547638,0.6059523809523809,6598,13 35 1907 8219 17 6227 3,0.0 0.2543859649122807 0.8447024673439768 0.78064012490242 0.38461538461538464 0.9340922708208508 0.48214285714285715,34714.54589359715,0.655952380952381,5277,13 14 1573 5986 11 5499 55,0.0 0.07017543859649122 0.683115626511853 0.562743950039032 0.23076923076923078 0.7886958258438187 0.9464285714285714,14443.354384713473,0.6452380952380953,5514,17 28 2228 10467 2 6557 -51,1.0 0.19298245614035087 1.0 1.0 0.0 1.0 0.0,1030308.245614035,0.6083333333333333,4215,13 34 1880 8060 19 6177 14,0.0 0.24561403508771928 0.8316400580551524 0.7651249024199844 0.4358974358974359 0.9241062512482524 0.5803571428571429,33696.34015498852,0.655952380952381,5329,13 14 1570 5979 11 5493 61,0.0 0.07017543859649122 0.6816642477019835 0.5620608899297423 0.23076923076923078 0.7874975034951068 1.0,14428.199124710574,0.6452380952380953,5530,17 6 200 396 16 1747 -14,1.0 0.0 0.018867924528301886 0.01727166276346604 0.358974358974359 0.03934491711603755 0.33035714285714285,1000242.5721502579,0.009523809523809525,10099
resolved-p21d-c7d-3600-1st/nsp-n40-d28-r0.10-rp2-fp2-s2,19 137 1850 488 260 4434 -1,0.25 0.018575851393188854 0.43846883897500794 0.015384615384615385 0.6090909090909091 0.9445291069795794 0.3425925925925926,256328.35511902507,0.010714285714285714,7042,19 137 1853 493 259 4447 -14,0.25 0.018575851393188854 0.43941790572603606 0.018729096989966554 0.6060606060606061 0.9484913136238952 0.2222222222222222,256340.80648953374,0.010714285714285714,6965,19 137 1853 492 259 4447 -10,0.25 0.018575851393188854 0.43941790572603606 0.018060200668896322 0.6060606060606061 0.9484913136238952 0.25925925925925924,256340.1746302497,0.010714285714285714,6983,17 131 2091 692 303 4272 -30,0.08333333333333333 0.0 0.5147105346409364 0.15183946488294314 0.7393939393939394 0.8951539164888753 0.07407407407407407,88715.243151804,0.010714285714285714,1885,17 368 3061 1834 359 4334 -9,0.08333333333333333 0.7337461300309598 0.8215754508067067 0.9157190635451505 0.9090909090909091 0.9140505943309967 0.26851851851851855,165939.73802341244,0.1380952380952381,1013,16 441 2923 1960 389 4372 -19,0.0 0.9597523219814241 0.7779183802594116 1.0 1.0 0.9256324291374581 0.17592592592592593,104863.84825095383,0.2904761904761905,1003,17 131 2011 669 301 4223 -32,0.08333333333333333 0.0 0.48940208794685225 0.13645484949832776 0.7333333333333333 0.8802194452910698 0.05555555555555555,88446.00014564199,0.010714285714285714,2185,18 293 3625 1561 337 4616 -16,0.16666666666666666 0.5015479876160991 1.0 0.7331103678929766 0.8424242424242424 1.0 0.2037037037037037,227649.02192411566,0.18214285714285713,993,16 441 2923 1960 389 4372 -19,0.0 0.9597523219814241 0.7779183802594116 1.0 1.0 0.9256324291374581 0.17592592592592593,104863.84825095383,0.2904761904761905,1003,17 131 2083 676 301 4229 -28,0.08333333333333333 0.0 0.512179689971528 0.1411371237458194 0.7333333333333333 0.8820481560499848 0.09259259259259259,88678.51376428085,0.010714285714285714,1971,17 368 3061 1834 359 4334 -9,0.08333333333333333 0.7337461300309598 0.8215754508067067 0.9157190635451505 0.9090909090909091 0.9140505943309967 0.26851851851851855,165939.73802341244,0.1380952380952381,1013,16 441 2923 1960 389 4372 -19,0.0 0.9597523219814241 0.7779183802594116 1.0 1.0 0.9256324291374581 0.17592592592592593,104863.84825095383,0.2904761904761905,1003,27 337 1874 1358 296 3818 -4,0.9166666666666666 0.6377708978328174 0.4460613729832332 0.5973244147157191 0.7181818181818181 0.7567814690643097 0.3148148148148148,985581.3954058201,0.010714285714285714,1902,28 440 546 500 62 1350 53,1.0 0.9566563467492261 0.025941157861436255 0.023411371237458192 0.00909090909090909 0.004571776897287412 0.8425925925925926,1095950.255026045,0.7571428571428571,7711,24 442 474 469 63 1348 70,0.6666666666666666 0.9628482972136223 0.0031635558367605187 0.0026755852842809363 0.012121212121212121 0.003962206644315757 1.0,762988.0592749593,0.7571428571428571,7225,22 317 1879 1345 293 3746 -13,0.5 0.5758513931888545 0.44764315090161344 0.5886287625418061 0.7090909090909091 0.7348369399573301 0.23148148148148148,562728.6885322336,0.010714285714285714,3062,28 441 541 499 62 1345 55,1.0 0.9597523219814241 0.024359379943055995 0.02274247491638796 0.00909090909090909 0.003047851264858275 0.8611111111111112,1096243.3691530223,0.7571428571428571,7694,25 454 464 465 59 1335 66,0.75 1.0 0.0 0.0 0.0 0.0 0.9629629629629629,850000.9629629629,0.7571428571428571,7145,17 136 1998 669 304 4299 -38,0.08333333333333333 0.015479876160990712 0.4852894653590636 0.13645484949832776 0.7424242424242424 0.9033831149039927 0.0,89953.94670791282,0.010714285714285714,6720
resolved-p21d-c7d-3600-1st/nsp-n50-d28-r0.10-rp2-fp2-s3,25 12 678 571 1 2111 -154,0.8461538461538461 0.0078125 0.08307533539731682 0.020897505586760887 0.022727272727272728 0.06676882661996497 0.0211864406779661,847789.7086153857,0.013333333333333334,7889,27 12 869 653 0 2529 -148,1.0 0.0078125 0.1323529411764706 0.025850093615993237 0.0 0.11252189141856392 0.046610169491525424,1002131.8013344643,0.013333333333333334,6308,25 12 612 575 1 1929 -157,0.8461538461538461 0.0078125 0.06604747162022703 0.02113909524672344 0.022727272727272728 0.046847635726795095 0.00847457627118644,847619.4596435014,0.013333333333333334,8118,22 10 356 446 0 1501 -156,0.6153846153846154 0.0 0.0 0.013347828712931087 0.0 0.0 0.012711864406779662,615397.9759251927,0.013333333333333334,8353,24 11 546 532 5 2100 -153,0.7692307692307693 0.00390625 0.049019607843137254 0.01854200640212599 0.11363636363636363 0.06556479859894922 0.025423728813559324,770142.1770236812,0.015238095238095238,6248,19 266 729 613 44 1734 -90,0.38461538461538464 1.0 0.09623323013415892 0.0234341970163677 1.0 0.025503502626970227 0.2923728813559322,485701.6985216502,0.18285714285714286,1665,22 10 356 446 1 1504 -157,0.6153846153846154 0.0 0.0 0.013347828712931087 0.022727272727272728 0.00032837127845884414 0.00847457627118644,615400.24769889,0.013333333333333334,8309,24 11 553 551 6 2124 -143,0.7692307692307693 0.00390625 0.05082559339525284 0.019689557286948118 0.13636363636363635 0.06819176882661997 0.06779661016949153,770163.7257999436,0.015238095238095238,5993,19 266 729 613 44 1734 -90,0.38461538461538464 1.0 0.09623323013415892 0.0234341970163677 1.0 0.025503502626970227 0.2923728813559322,485701.6985216502,0.18285714285714286,1665,22 10 356 444 0 1502 -159,0.6153846153846154 0.0 0.0 0.01322703388294981 0.0 0.00010945709281961471 0.0,615397.8435130692,0.013333333333333334,8497,24 11 544 548 4 1964 -150,0.7692307692307693 0.00390625 0.048503611971104234 0.019508365041976203 0.09090909090909091 0.05067863397548161 0.038135593220338986,770135.5745465462,0.015238095238095238,6296,19 266 729 613 44 1734 -90,0.38461538461538464 1.0 0.09623323013415892 0.0234341970163677 1.0 0.025503502626970227 0.2923728813559322,485701.6985216502,0.18285714285714286,1665,25 27 4232 16782 0 10637 -86,0.8461538461538461 0.06640625 1.0 1.0 0.0 1.0 0.3093220338983051,863804.78047588,0.6266666666666667,3052,14 21 2704 7658 11 8592 77,0.0 0.04296875 0.6057791537667698 0.44893398562541525 0.25 0.7761602451838879 1.0,10837.362125744952,0.6523809523809524,5600,21 14 3334 13295 3 9816 -61,0.5384615384615384 0.015625 0.7683178534571723 0.7893942139276439 0.06818181818181818 0.9101357267950964 0.4152542372881356,548512.9460033611,0.6447619047619048,4283,18 21 3372 11180 5 9136 27,0.3076923076923077 0.04296875 0.7781217750257998 0.6616536812224437 0.11363636363636363 0.8357049036777583 0.788135593220339,320452.5629447818,0.62,4632,14 20 2696 7269 16 8521 77,0.0 0.0390625 0.6037151702786377 0.4254393911940569 0.36363636363636365 0.7683887915936952 1.0,10413.888618260007,0.6514285714285715,5775,21 17 3347 13153 2 9837 -61,0.5384615384615384 0.02734375 0.771671826625387 0.7808177809989733 0.045454545454545456 0.9124343257443083 0.4152542372881356,549707.5345608314,0.6447619047619048,4162,22 22 410 225 2 1645 -139,0.6153846153846154 0.046875 0.01393188854489164 0.0 0.045454545454545456 0.01576182136602452 0.0847457627118644,620216.2220885861,0.013333333333333334,9813
resolved-p21d-c7d-3600-1st/nsp-n30-d28-r0.10-rp2-fp2-s2,0 0 0 0 0 115 -141,0.0 0.0 0.0 0.0 0.0 0.0 0.0,0.0,0.3047619047619048,375,0 0 0 0 0 153 -83,0.0 0.0 0.0 0.0 0.0 0.1347517730496454 0.651685393258427,1.9992031237548809,0.18571428571428572,217,0 0 0 0 0 174 -93,0.0 0.0 0.0 0.0 0.0 0.20921985815602837 0.5393258426966292,2.631524424256913,0.14285714285714285,148,0 0 0 0 0 277 -70,0.0 0.0 0.0 0.0 0.0 0.574468085106383 0.797752808988764,6.542433660052594,0.1126984126984127,48,0 0 0 0 0 178 -79,0.0 0.0 0.0 0.0 0.0 0.22340425531914893 0.6966292134831461,2.930671766674635,0.3904761904761905,15,0 0 0 0 0 288 -69,0.0 0.0 0.0 0.0 0.0 0.6134751773049646 0.8089887640449438,6.94374053709459,0.12380952380952381,49,0 0 0 0 0 273 -70,0.0 0.0 0.0 0.0 0.0 0.5602836879432624 0.797752808988764,6.400589688421388,0.11904761904761904,35,0 0 0 0 0 212 -52,0.0 0.0 0.0 0.0 0.0 0.34397163120567376 1.0,4.439716312056738,0.33174603174603173,24,0 0 0 0 0 242 -70,0.0 0.0 0.0 0.0 0.0 0.450354609929078 0.797752808988764,5.301298908279544,0.11428571428571428,30,0 0 0 0 0 286 -70,0.0 0.0 0.0 0.0 0.0 0.6063829787234043 0.797752808988764,6.861582596222807,0.11746031746031746,46,0 0 0 0 0 176 -84,0.0 0.0 0.0 0.0 0.0 0.21631205673758866 0.6404494382022472,2.8035700055781336,0.3634920634920635,13,0 0 0 0 0 244 -87,0.0 0.0 0.0 0.0 0.0 0.4574468085106383 0.6067415730337079,5.181209658140091,0.11904761904761904,37,0 0 0 0 0 352 -75,0.0 0.0 0.0 0.0 0.0 0.8404255319148937 0.7415730337078652,9.145828352856803,0.3634920634920635,98,0 0 0 0 0 397 -63,0.0 0.0 0.0 0.0 0.0 1.0 0.8764044943820225,10.876404494382022,0.43333333333333335,35,0 0 0 0 0 381 -67,0.0 0.0 0.0 0.0 0.0 0.9432624113475178 0.8314606741573034,10.264084787632482,0.353968253968254,120,0 0 0 0 0 348 -76,0.0 0.0 0.0 0.0 0.0 0.8262411347517731 0.7303370786516854,8.992748426169415,0.3634920634920635,99,0 0 0 0 0 397 -63,0.0 0.0 0.0 0.0 0.0 1.0 0.8764044943820225,10.876404494382022,0.43333333333333335,35,0 0 0 0 0 381 -67,0.0 0.0 0.0 0.0 0.0 0.9432624113475178 0.8314606741573034,10.264084787632482,0.353968253968254,120,0 0 0 0 0 193 -72,0.0 0.0 0.0 0.0 0.0 0.2765957446808511 0.7752808988764045,3.5412383456849152,0.11428571428571428,76
resolved-p21d-c7d-3600-1st/nsp-n10-d28-r0.10-rp0-fp0-s2,0 0 0 0 0 75 -51,0.0 0.0 0.0 0.0 0.0 0.03296703296703297 0.0,0.32967032967032966,0.38571428571428573,125,0 0 0 0 0 72 -41,0.0 0.0 0.0 0.0 0.0 0.0 0.30303030303030304,0.30303030303030304,0.3142857142857143,115,0 0 0 0 0 76 -31,0.0 0.0 0.0 0.0 0.0 0.04395604395604396 0.6060606060606061,1.0456210456210457,0.2523809523809524,78,0 0 0 0 0 92 -20,0.0 0.0 0.0 0.0 0.0 0.21978021978021978 0.9393939393939394,3.1371961371961374,0.1,85,0 0 0 0 0 94 -19,0.0 0.0 0.0 0.0 0.0 0.24175824175824176 0.9696969696969697,3.387279387279387,0.44761904761904764,8,0 0 0 0 0 92 -20,0.0 0.0 0.0 0.0 0.0 0.21978021978021978 0.9393939393939394,3.1371961371961374,0.1,87,0 0 0 0 0 92 -20,0.0 0.0 0.0 0.0 0.0 0.21978021978021978 0.9393939393939394,3.1371961371961374,0.1,62,0 0 0 0 0 91 -18,0.0 0.0 0.0 0.0 0.0 0.2087912087912088 1.0,3.087912087912088,0.5904761904761905,10,0 0 0 0 0 92 -20,0.0 0.0 0.0 0.0 0.0 0.21978021978021978 0.9393939393939394,3.1371961371961374,0.1,65,0 0 0 0 0 92 -20,0.0 0.0 0.0 0.0 0.0 0.21978021978021978 0.9393939393939394,3.1371961371961374,0.1,50,0 0 0 0 0 95 -21,0.0 0.0 0.0 0.0 0.0 0.25274725274725274 0.9090909090909091,3.4365634365634365,0.35714285714285715,24,0 0 0 0 0 92 -20,0.0 0.0 0.0 0.0 0.0 0.21978021978021978 0.9393939393939394,3.1371961371961374,0.1,49,0 0 0 0 0 163 -22,0.0 0.0 0.0 0.0 0.0 1.0 0.8787878787878788,10.878787878787879,0.3476190476190476,36,0 0 0 0 0 83 -29,0.0 0.0 0.0 0.0 0.0 0.12087912087912088 0.6666666666666666,1.8754578754578755,0.6095238095238096,171,0 0 0 0 0 92 -19,0.0 0.0 0.0 0.0 0.0 0.21978021978021978 0.9696969696969697,3.1674991674991677,0.1,151,0 0 0 0 0 163 -22,0.0 0.0 0.0 0.0 0.0 1.0 0.8787878787878788,10.878787878787879,0.3476190476190476,36,0 0 0 0 0 83 -29,0.0 0.0 0.0 0.0 0.0 0.12087912087912088 0.6666666666666666,1.8754578754578755,0.6095238095238096,171,0 0 0 0 0 92 -20,0.0 0.0 0.0 0.0 0.0 0.21978021978021978 0.9393939393939394,3.1371961371961374,0.1,152,0 0 0 0 0 92 -21,0.0 0.0 0.0 0.0 0.0 0.21978021978021978 0.9090909090909091,3.106893106893107,0.1380952380952381,55
resolved-p21d-c7d-3600-1st/nsp-n10-d28-r0.10-rp0-fp0-s3,0 0 0 0 0 73 -43,0.0 0.0 0.0 0.0 0.0 0.0 0.0,0.0,0.4714285714285714,122,0 0 0 0 0 74 -38,0.0 0.0 0.0 0.0 0.0 0.00909090909090909 0.2,0.2909090909090909,0.3380952380952381,85,0 0 0 0 0 79 -36,0.0 0.0 0.0 0.0 0.0 0.05454545454545454 0.28,0.8254545454545454,0.2619047619047619,71,0 0 0 0 0 99 -30,0.0 0.0 0.0 0.0 0.0 0.23636363636363636 0.52,2.8836363636363638,0.0761904761904762,41,0 0 0 0 0 101 -33,0.0 0.0 0.0 0.0 0.0 0.2545454545454545 0.4,2.945454545454545,0.4666666666666667,29,0 0 0 0 0 99 -30,0.0 0.0 0.0 0.0 0.0 0.23636363636363636 0.52,2.8836363636363638,0.0761904761904762,34,0 0 0 0 0 99 -30,0.0 0.0 0.0 0.0 0.0 0.23636363636363636 0.52,2.8836363636363638,0.0761904761904762,57,0 0 0 0 0 100 -26,0.0 0.0 0.0 0.0 0.0 0.24545454545454545 0.68,3.1345454545454547,0.44761904761904764,11,0 0 0 0 0 99 -30,0.0 0.0 0.0 0.0 0.0 0.23636363636363636 0.52,2.8836363636363638,0.0761904761904762,44,0 0 0 0 0 99 -30,0.0 0.0 0.0 0.0 0.0 0.23636363636363636 0.52,2.8836363636363638,0.0761904761904762,50,0 0 0 0 0 100 -27,0.0 0.0 0.0 0.0 0.0 0.24545454545454545 0.64,3.0945454545454547,0.46190476190476193,9,0 0 0 0 0 99 -30,0.0 0.0 0.0 0.0 0.0 0.23636363636363636 0.52,2.8836363636363638,0.0761904761904762,37,0 0 0 0 0 99 -30,0.0 0.0 0.0 0.0 0.0 0.23636363636363636 0.52,2.8836363636363638,0.0761904761904762,211,0 0 0 0 0 91 -19,0.0 0.0 0.0 0.0 0.0 0.16363636363636364 0.96,2.596363636363636,0.6095238095238096,44,0 0 0 0 0 183 -20,0.0 0.0 0.0 0.0 0.0 1.0 0.92,10.92,0.35714285714285715,37,0 0 0 0 0 99 -30,0.0 0.0 0.0 0.0 0.0 0.23636363636363636 0.52,2.8836363636363638,0.0761904761904762,211,0 0 0 0 0 91 -18,0.0 0.0 0.0 0.0 0.0 0.16363636363636364 1.0,2.6363636363636362,0.6095238095238096,43,0 0 0 0 0 183 -20,0.0 0.0 0.0 0.0 0.0 1.0 0.92,10.92,0.35714285714285715,37,0 0 0 0 0 94 -33,0.0 0.0 0.0 0.0 0.0 0.19090909090909092 0.4,2.309090909090909,0.13333333333333333,15
resolved-p21d-c7d-3600-1st/nsp-n20-d28-r0.10-rp2-fp2-s6,6 3 10 26 0 131 -53,0.8571428571428571 0.03125 0.01060070671378092 0.0017811421574084382 0.0 0.022655426765015807 0.19285714285714287,860376.0647635628,0.011904761904761904,17015,6 3 18 17 0 128 -50,0.8571428571428571 0.03125 0.024734982332155476 0.0007792496938661917 0.0 0.02107481559536354 0.21428571428571427,860516.4112497427,0.011904761904761904,16610,6 3 4 10 0 95 -57,0.8571428571428571 0.03125 0.0 0.0 0.0 0.0036880927291886197 0.16428571428571428,860268.0583094986,0.011904761904761904,17362,6 3 10 17 0 109 -61,0.8571428571428571 0.03125 0.01060070671378092 0.0007792496938661917 0.0 0.011064278187565859 0.1357142857142857,860374.8898167564,0.011904761904761904,20274,6 6 33 20 0 166 -52,0.8571428571428571 0.125 0.05123674911660778 0.0011132138483802739 0.0 0.0410958904109589 0.2,870156.9488067756,0.011904761904761904,20447,6 6 43 19 0 178 -57,0.8571428571428571 0.125 0.06890459363957598 0.0010018924635422464 0.0 0.04741833508956796 0.16428571428571428,870333.5434407815,0.011904761904761904,18729,6 3 4 14 0 95 -58,0.8571428571428571 0.03125 0.0 0.00044528553935210954 0.0 0.0036880927291886197 0.15714285714285714,860268.4964521808,0.011904761904761904,20762,6 6 23 20 0 151 -48,0.8571428571428571 0.125 0.03356890459363958 0.0011132138483802739 0.0 0.033192834562697573 0.22857142857142856,869980.219902416,0.011904761904761904,21725,6 6 32 21 0 164 -49,0.8571428571428571 0.125 0.04946996466431095 0.0012245352332183011 0.0 0.040042149631190724 0.22142857142857142,870139.4031748011,0.011904761904761904,20557,6 3 4 11 0 99 -56,0.8571428571428571 0.03125 0.0 0.00011132138483802739 0.0 0.005795574288724974 0.17142857142857143,860268.1978485562,0.011904761904761904,20856,6 6 39 21 0 179 -54,0.8571428571428571 0.125 0.061837455830388695 0.0012245352332183011 0.0 0.04794520547945205 0.18571428571428572,870263.1214027347,0.011904761904761904,19198,6 6 32 24 0 167 -53,0.8571428571428571 0.125 0.04946996466431095 0.0015584993877323834 0.0 0.04162276080084299 0.19285714285714287,870139.7243736387,0.011904761904761904,20539,7 20 570 8993 0 1986 -80,1.0 0.5625 1.0 1.0 0.0 1.0 0.0,1067260.0,0.580952380952381,16519,3 34 310 530 23 1015 60,0.42857142857142855 1.0 0.5406360424028268 0.05788712011577424 1.0 0.48840885142255 1.0,534141.5602040868,0.7023809523809523,12796,1 2 323 400 22 1190 35,0.14285714285714285 0.0 0.5636042402826855 0.04341534008683068 0.9565217391304348 0.5806111696522656 0.8214285714285714,148638.88031423753,0.6166666666666667,13806,7 20 568 8937 0 1971 -75,1.0 0.5625 0.9964664310954063 0.9937660024490704 0.0 0.9920969441517387 0.03571428571428571,1067218.3869971305,0.580952380952381,16555,3 34 321 532 22 1011 56,0.42857142857142855 1.0 0.5600706713780919 0.05810976288545029 0.9565217391304348 0.4863013698630137 0.9714285714285714,534331.731664278,0.7023809523809523,12528,0 4 347 395 17 1259 30,0.0 0.0625 0.6060070671378092 0.04285873316264054 0.7391304347826086 0.6169652265542677 0.7857142857142857,12433.797814570251,0.6023809523809524,15104,6 3 4 10 0 88 -77,0.8571428571428571 0.03125 0.0 0.0 0.0 0.0 0.02142857142857143,860267.8785714285,0.011904761904761904,13586
resolved-p21d-c7d-3600-1st/nsp-n30-d28-r0.10-rp2-fp2-s8,13 34 40 73 4 430 -97,1.0 0.10461538461538461 0.04878048780487805 0.01906005221932115 0.07017543859649122 0.11339833875045142 0.19727891156462585,1010976.7521979653,0.006349206349206349,12006,13 37 24 73 3 243 -101,1.0 0.11384615384615385 0.02926829268292683 0.01906005221932115 0.05263157894736842 0.04586493318887685 0.17006802721088435,1011702.2502389178,0.006349206349206349,11233,13 37 24 78 4 248 -97,1.0 0.11384615384615385 0.02926829268292683 0.020365535248041775 0.07017543859649122 0.047670639219934995 0.19727891156462585,1011705.3553758562,0.006349206349206349,11098,12 2 0 0 0 123 -123,0.9230769230769231 0.006153846153846154 0.0 0.0 0.0 0.002527988443481401 0.02040816326530612,923692.3533803554,0.006349206349206349,6610,9 230 496 466 57 861 -49,0.6923076923076923 0.7076923076923077 0.6048780487804878 0.1216710182767624 1.0 0.26905019862766344 0.5238095238095238,769350.5888945147,0.30952380952380953,2451,9 325 402 612 29 792 -49,0.6923076923076923 1.0 0.4902439024390244 0.1597911227154047 0.5087719298245614 0.24413145539906103 0.5238095238095238,797423.7647718581,0.3380952380952381,1617,12 2 2 15 1 184 -116,0.9230769230769231 0.006153846153846154 0.0024390243902439024 0.0039164490861618795 0.017543859649122806 0.024557602022390754 0.06802721088435375,923722.6823744924,0.006349206349206349,9336,9 231 333 468 40 710 -58,0.6923076923076923 0.7107692307692308 0.4060975609756098 0.12219321148825066 0.7017543859649122 0.21451787648970747 0.46258503401360546,767640.5674082551,0.3634920634920635,2427,9 228 437 422 30 671 -61,0.6923076923076923 0.7015384615384616 0.5329268292682927 0.11018276762402089 0.5263157894736842 0.20043336944745396 0.4421768707482993,767956.0676113579,0.2761904761904762,1635,12 2 0 1 0 121 -120,0.9230769230769231 0.006153846153846154 0.0 0.0002610966057441253 0.0 0.0018057060310581437 0.04081632653061224,923692.6276623004,0.006349206349206349,8188,9 231 332 518 45 877 -34,0.6923076923076923 0.7107692307692308 0.40487804878048783 0.1352480417754569 0.7894736842105263 0.27482845792704946 0.6258503401360545,767650.9654175361,0.3634920634920635,2429,8 168 538 288 32 859 -81,0.6153846153846154 0.5169230769230769 0.6560975609756098 0.0751958224543081 0.5614035087719298 0.26832791621524016 0.30612244897959184,673772.2242616218,0.2698412698412698,1673,12 2 0 0 0 116 -126,0.9230769230769231 0.006153846153846154 0.0 0.0 0.0 0.0 0.0,923692.3076923077,0.006349206349206349,5726,0 0 743 3422 4 2751 17,0.0 0.0 0.9060975609756098 0.8934725848563969 0.07017543859649122 0.9516070783676418 0.9727891156462585,9971.954598371467,0.6476190476190476,3884,0 0 796 2724 15 2774 21,0.0 0.0 0.9707317073170731 0.7112271540469974 0.2631578947368421 0.9599133261105092 1.0,10455.45914995252,0.6317460317460317,4648,12 2 0 0 0 116 -126,0.9230769230769231 0.006153846153846154 0.0 0.0 0.0 0.0 0.0,923692.3076923077,0.006349206349206349,5726,0 0 820 3830 4 2885 6,0.0 0.0 1.0 1.0 0.07017543859649122 1.0 0.8979591836734694,11017.915503043323,0.6476190476190476,3579,0 0 820 2786 14 2830 -7,0.0 0.0 1.0 0.7274151436031332 0.24561403508771928 0.9801372336583605 0.8095238095238095,10762.587443258013,0.6317460317460317,4505,13 28 20 67 4 297 -101,1.0 0.08615384615384615 0.024390243902439025 0.017493472584856395 0.07017543859649122 0.0653665583243048 0.17006802721088435,1008884.6218044639,0.006349206349206349,11977
resolved-p21d-c7d-3600-1st/nsp-n20-d28-r0.10-rp2-fp2-s9,0 0 0 0 0 60 -64,0.0 0.0 0.0 0.0 0.0 0.0 0.0,0.0,0.35714285714285715,308,0 0 0 0 0 73 -41,0.0 0.0 0.0 0.0 0.0 0.0593607305936073 0.3770491803278688,0.9706564862639419,0.24523809523809523,219,0 0 0 0 0 87 -36,0.0 0.0 0.0 0.0 0.0 0.1232876712328767 0.45901639344262296,1.6918931057713902,0.18333333333333332,161,0 0 0 0 0 102 -40,0.0 0.0 0.0 0.0 0.0 0.1917808219178082 0.39344262295081966,2.311250842128902,0.10476190476190476,97,0 0 0 0 0 96 -23,0.0 0.0 0.0 0.0 0.0 0.1643835616438356 0.6721311475409836,2.3159667639793398,0.3261904761904762,7,0 0 0 0 0 102 -34,0.0 0.0 0.0 0.0 0.0 0.1917808219178082 0.4918032786885246,2.4096114978666066,0.10476190476190476,128,0 0 0 0 0 102 -40,0.0 0.0 0.0 0.0 0.0 0.1917808219178082 0.39344262295081966,2.311250842128902,0.10476190476190476,125,0 0 0 0 0 101 -45,0.0 0.0 0.0 0.0 0.0 0.1872146118721461 0.3114754098360656,2.1836215285575267,0.35714285714285715,14,0 0 0 0 0 102 -37,0.0 0.0 0.0 0.0 0.0 0.1917808219178082 0.4426229508196721,2.3604311699977543,0.10476190476190476,182,0 0 0 0 0 102 -41,0.0 0.0 0.0 0.0 0.0 0.1917808219178082 0.3770491803278688,2.294857399505951,0.10476190476190476,165,0 0 0 0 0 101 -20,0.0 0.0 0.0 0.0 0.0 0.1872146118721461 0.7213114754098361,2.593457594131297,0.4023809523809524,19,0 0 0 0 0 102 -32,0.0 0.0 0.0 0.0 0.0 0.1917808219178082 0.5245901639344263,2.4423983831125082,0.10476190476190476,133,0 0 0 0 0 279 -10,0.0 0.0 0.0 0.0 0.0 1.0 0.8852459016393442,10.885245901639344,0.38333333333333336,77,0 0 0 0 0 86 -22,0.0 0.0 0.0 0.0 0.0 0.1187214611872146 0.6885245901639344,1.8757392020360806,0.65,129,0 0 0 0 0 271 -3,0.0 0.0 0.0 0.0 0.0 0.9634703196347032 1.0,10.634703196347033,0.4261904761904762,42,0 0 0 0 0 273 -12,0.0 0.0 0.0 0.0 0.0 0.9726027397260274 0.8524590163934426,10.578486413653717,0.38333333333333336,78,0 0 0 0 0 86 -22,0.0 0.0 0.0 0.0 0.0 0.1187214611872146 0.6885245901639344,1.8757392020360806,0.65,129,0 0 0 0 0 271 -3,0.0 0.0 0.0 0.0 0.0 0.9634703196347032 1.0,10.634703196347033,0.4261904761904762,42,0 0 0 0 0 95 -26,0.0 0.0 0.0 0.0 0.0 0.1598173515981735 0.6229508196721312,2.221124335653866,0.1380952380952381,117
resolved-p21d-c7d-3600-1st/nsp-n50-d28-r0.10-rp2-fp2-s5,1 22 398 660 1 1588 -105,0.037037037037037035 0.05555555555555555 0.07605042016806722 0.041601255886970175 0.017543859649122806 0.06751163993792034 0.09121621621621621,43397.21876874074,0.049523809523809526,4823,24 15 395 770 2 1549 -122,0.8888888888888888 0.03787878787878788 0.07478991596638655 0.05239403453689168 0.03508771929824561 0.06246766683911019 0.033783783783783786,893481.2281033504,0.01904761904761905,5973,24 15 404 770 0 1557 -127,0.8888888888888888 0.03787878787878788 0.07857142857142857 0.05239403453689168 0.0 0.06350232798758407 0.016891891891891893,893515.5279121906,0.01904761904761905,5681,23 13 219 263 2 1066 -99,0.8518518518518519 0.03282828282828283 0.0008403361344537816 0.0026491365777080063 0.03508771929824561 0.0 0.11148648648648649,855149.3528910187,0.01904761904761905,5512,24 135 431 447 12 1558 -70,0.8888888888888888 0.3409090909090909 0.08991596638655462 0.020702511773940346 0.21052631578947367 0.0636316606311433 0.20945945945945946,923921.5585630821,0.1361904761904762,3660,23 396 1019 581 57 2360 -41,0.8518518518518519 1.0 0.3369747899159664 0.033850078492935635 1.0 0.16735644076564926 0.30743243243243246,955357.4308263446,0.26761904761904765,3708,23 13 217 236 0 1071 -106,0.8518518518518519 0.03282828282828283 0.0 0.0 0.0 0.0006466632177961717 0.08783783783783784,855134.7744391502,0.01904761904761905,5603,24 135 431 444 12 1558 -69,0.8888888888888888 0.3409090909090909 0.08991596638655462 0.02040816326530612 0.21052631578947367 0.0636316606311433 0.21283783783783783,923921.2675929519,0.1361904761904762,3661,23 281 979 495 54 2204 -21,0.8518518518518519 0.7095959595959596 0.32016806722689073 0.025412087912087912 0.9473684210526315 0.1471805483704087 0.375,926135.1242192178,0.16380952380952382,3717,23 13 245 314 2 1170 -109,0.8518518518518519 0.03282828282828283 0.011764705882352941 0.007653061224489796 0.03508771929824561 0.013450594930160372 0.0777027027027027,855263.70123531,0.01904761904761905,4949,24 135 431 444 12 1558 -69,0.8888888888888888 0.3409090909090909 0.08991596638655462 0.02040816326530612 0.21052631578947367 0.0636316606311433 0.21283783783783783,923921.2675929519,0.1361904761904762,3661,25 72 491 878 9 1784 -95,0.9259259259259259 0.18181818181818182 0.11512605042016806 0.0629905808477237 0.15789473684210525 0.09286083807553026 0.125,945338.8382748585,0.06380952380952382,3663,25 43 529 260 10 1696 -88,0.9259259259259259 0.10858585858585859 0.13109243697478992 0.002354788069073783 0.17543859649122806 0.08147956544231764 0.14864864864864866,938116.298246281,0.01904761904761905,4275,0 0 1960 3703 45 6944 164,0.0 0.0 0.7323529411764705 0.3401687598116169 0.7894736842105263 0.7602172788411795 1.0,7751.2477127857865,0.6371428571428571,2436,0 0 2597 10428 13 8798 32,0.0 0.0 1.0 1.0 0.22807017543859648 1.0 0.5540540540540541,11033.361071597914,0.64,1775,27 47 538 306 4 1718 -81,1.0 0.11868686868686869 0.13487394957983193 0.006868131868131868 0.07017543859649122 0.08432488360062079 0.17229729729729729,1013232.3275863463,0.01904761904761905,3661,0 0 1983 3732 49 7053 157,0.0 0.0 0.7420168067226891 0.34301412872841447 0.8596491228070176 0.7743145369891361 0.9763513513513513,7857.86660495725,0.6371428571428571,2356,0 0 2503 10017 11 8635 33,0.0 0.0 0.9605042016806723 0.9596742543171115 0.19298245614035087 0.9789187790998448 0.5574324324324325,10594.3611369613,0.6342857142857142,1876,25 12 348 682 0 1383 -132,0.9259259259259259 0.030303030303030304 0.05504201680672269 0.043759811616954476 0.0 0.04099844800827729 0.0,929550.8189203932,0.01904761904761905,6049
resolved-p21d-c7d-3600-1st/nsp-n50-d28-r0.10-rp2-fp2-s2,8 150 2091 1417 153 5045 -33,0.0 0.3242630385487528 0.018925831202046037 0.028125799028381488 0.7259615384615384 0.11208406304728546 0.2777777777777778,32717.682738178526,0.030476190476190476,3858,23 162 2272 1536 210 5008 -44,0.7894736842105263 0.35147392290249435 0.11150895140664961 0.0357325492201483 1.0 0.10619328132462984 0.20987654320987653,825873.1703734188,0.010476190476190476,3990,23 163 2054 1424 151 4918 -50,0.7894736842105263 0.35374149659863946 0.0 0.02857325492201483 0.7163461538461539 0.0918643528100621 0.1728395061728395,824949.1332237312,0.010476190476190476,3833,21 164 2083 986 151 4757 27,0.6842105263157895 0.35600907029478457 0.014833759590792838 0.0005753004346714395 0.7163461538461539 0.06623149180066869 0.6481481481481481,720033.2913200613,0.010476190476190476,5175,25 395 2211 1314 174 4341 24,0.8947368421052632 0.8798185941043084 0.08030690537084399 0.021541805164919457 0.8269230769230769 0.0 0.6296296296296297,983626.6343118893,0.17333333333333334,1326,24 448 2276 1264 203 4359 46,0.8421052631578947 1.0 0.11355498721227622 0.018345691638967015 0.9663461538461539 0.0028657857029135486 0.7654320987654321,943356.5874269969,0.21428571428571427,1332,22 164 2113 977 158 4788 25,0.7368421052631579 0.35600907029478457 0.03017902813299233 0.0 0.75 0.07116701162235313 0.6358024691358025,772821.1500465516,0.010476190476190476,4876,25 396 2205 1314 174 4341 24,0.8947368421052632 0.8820861678004536 0.07723785166240409 0.021541805164919457 0.8269230769230769 0.0 0.6296296296296297,983822.7011444194,0.17333333333333334,1325,24 448 2276 1264 203 4359 46,0.8421052631578947 1.0 0.11355498721227622 0.018345691638967015 0.9663461538461539 0.0028657857029135486 0.7654320987654321,943356.5874269969,0.21428571428571427,1332,21 163 2100 994 157 4757 27,0.6842105263157895 0.35374149659863946 0.023529411764705882 0.0010866785988238301 0.7451923076923077 0.06623149180066869 0.6481481481481481,719896.8864657347,0.010476190476190476,5191,25 395 2211 1314 174 4341 24,0.8947368421052632 0.8798185941043084 0.08030690537084399 0.021541805164919457 0.8269230769230769 0.0 0.6296296296296297,983626.6343118893,0.17333333333333334,1326,24 448 2276 1264 203 4359 46,0.8421052631578947 1.0 0.11355498721227622 0.018345691638967015 0.9663461538461539 0.0028657857029135486 0.7654320987654321,943356.5874269969,0.21428571428571427,1332,27 33 4007 15564 2 10595 -48,1.0 0.05895691609977324 0.9989769820971867 0.9324341600613654 0.0 0.9957013214456297 0.18518518518518517,1016828.0377894102,0.7114285714285714,3601,12 34 2920 9471 10 8738 78,0.21052631578947367 0.061224489795918366 0.44296675191815854 0.5429557657888008 0.038461538461538464 0.7000477630950486 0.9629629629629629,221633.19764847597,0.7409523809523809,5105,20 7 3787 16621 2 10554 -78,0.631578947368421 0.0 0.8864450127877238 1.0 0.0 0.9891736984556599 0.0,641453.2892332828,0.7228571428571429,4376,27 33 4009 15684 2 10622 -45,1.0 0.05895691609977324 1.0 0.9401048325236513 0.0 1.0 0.2037037037037037,1016846.0001462047,0.7114285714285714,3489,13 18 2952 9721 8 8841 84,0.2631578947368421 0.024943310657596373 0.45933503836317136 0.5589363334185631 0.028846153846153848 0.7164464257283872 1.0,270815.5615992939,0.7409523809523809,4991,18 11 3586 14456 3 9890 -35,0.5263157894736842 0.009070294784580499 0.7836317135549872 0.8616082843262592 0.004807692307692308 0.8834580480815157 0.2654320987654321,535930.3251538287,0.7228571428571429,4938,22 161 2074 1164 150 4945 -34,0.7368421052631579 0.3492063492063492 0.010230179028132993 0.011953464587062132 0.7115384615384616 0.09616303136443241 0.2716049382716049,771949.3825200669,0.010476190476190476,4242
resolved-p21d-c7d-3600-1st/nsp-n20-d28-r0.10-rp2-fp2-s8,0 1 192 137 55 1285 35,0.0 0.0 0.0 0.01201923076923077 0.2517482517482518 0.28174783796085573 0.025,40.036534323664505,0.06666666666666667,8439,0 1 213 132 63 1343 36,0.0 0.0 0.03317535545023697 0.0 0.3076923076923077 0.3081474738279472 0.05,365.6542600098799,0.04047619047619048,8687,10 1 238 141 78 1426 35,1.0 0.0 0.07266982622432859 0.021634615384615384 0.4125874125874126 0.3459262630860264 0.025,1000793.0758815175,0.009523809523809525,8503,10 1 238 141 78 1424 37,1.0 0.0 0.07266982622432859 0.021634615384615384 0.4125874125874126 0.3450159308147474 0.075,1000793.1167781948,0.009523809523809525,2717,0 50 542 480 132 2365 34,0.0 0.3475177304964539 0.5529225908372828 0.8365384615384616 0.7902097902097902 0.7733272644515248 0.0,41204.29167122217,0.4261904761904762,8483,0 39 825 503 156 2121 46,0.0 0.2695035460992908 1.0 0.8918269230769231 0.958041958041958 0.6622667273554848 0.3,37944.90839608375,0.33095238095238094,8717,10 1 238 141 78 1424 37,1.0 0.0 0.07266982622432859 0.021634615384615384 0.4125874125874126 0.3450159308147474 0.075,1000793.1167781948,0.009523809523809525,2717,0 50 541 482 143 2465 47,0.0 0.3475177304964539 0.5513428120063191 0.8413461538461539 0.8671328671328671 0.8188438780154756 0.325,41201.774049048174,0.45714285714285713,8486,0 39 824 500 147 2117 47,0.0 0.2695035460992908 0.9984202211690363 0.8846153846153846 0.8951048951048951 0.6604460628129267 0.325,37915.61215637345,0.33095238095238094,8756,10 1 238 141 78 1424 37,1.0 0.0 0.07266982622432859 0.021634615384615384 0.4125874125874126 0.3450159308147474 0.075,1000793.1167781948,0.009523809523809525,2717,0 41 643 548 162 2863 44,0.0 0.28368794326241137 0.7124802527646129 1.0 1.0 1.0 0.25,36603.84685388726,0.49523809523809526,9381,0 39 823 505 147 2122 47,0.0 0.2695035460992908 0.9968404423380727 0.8966346153846154 0.8951048951048951 0.6627218934911243 0.325,37911.856357139826,0.3595238095238095,8762,10 1 238 142 78 1424 36,1.0 0.0 0.07266982622432859 0.02403846153846154 0.4125874125874126 0.3450159308147474 0.05,1000795.4956243486,0.009523809523809525,5824,5 135 363 278 38 736 55,0.5 0.950354609929078 0.27014218009478674 0.35096153846153844 0.13286713286713286 0.03186162949476559 0.525,598101.9746618989,0.7357142857142858,15774,10 131 196 144 19 666 74,1.0 0.9219858156028369 0.00631911532385466 0.028846153846153848 0.0 0.0 1.0,1092291.6188673684,0.7166666666666667,14239,10 1 238 142 78 1424 36,1.0 0.0 0.07266982622432859 0.02403846153846154 0.4125874125874126 0.3450159308147474 0.05,1000795.4956243486,0.009523809523809525,5824,5 142 361 283 37 734 56,0.5 1.0 0.2669826224328594 0.3629807692307692 0.1258741258741259 0.030951297223486572 0.55,603046.253919119,0.7309523809523809,15434,10 119 255 153 28 706 64,1.0 0.8368794326241135 0.0995260663507109 0.05048076923076923 0.06293706293706294 0.018206645425580335 0.75,1084740.910467897,0.7166666666666667,16215,10 1 238 146 78 1432 36,1.0 0.0 0.07266982622432859 0.03365384615384615 0.4125874125874126 0.34865725989986346 0.05,1000805.1474222549,0.009523809523809525,12419
resolved-p21d-c7d-3600-1st/nsp-n40-d28-r0.10-rp2-fp2-s7,22 10 197 488 0 848 -113,1.0 0.1935483870967742 0.07060518731988473 0.06 0.0 0.075260663507109 0.020080321285140562,1020121.6632698326,0.011904761904761904,9309,22 10 214 550 0 883 -109,1.0 0.1935483870967742 0.0787704130643612 0.06976377952755905 0.0 0.08189573459715639 0.03614457831325301,1020213.1617217729,0.011904761904761904,8728,22 10 188 441 0 826 -113,1.0 0.1935483870967742 0.06628242074927954 0.052598425196850394 0.0 0.07109004739336493 0.020080321285140562,1020070.9923231623,0.011904761904761904,9569,21 6 50 107 0 451 -112,0.9285714285714286 0.06451612903225806 0.0 0.0 0.0 0.0 0.024096385542168676,935023.06557104,0.011904761904761904,9796,21 35 349 633 3 1265 -79,0.9285714285714286 1.0 0.143611911623439 0.08283464566929134 0.0967741935483871 0.1543127962085308 0.1566265060240964,1030101.7595071553,0.041666666666666664,2298,20 16 450 953 2 1478 -110,0.8571428571428571 0.3870967741935484 0.19212295869356388 0.1332283464566929 0.06451612903225806 0.1946919431279621 0.0321285140562249,897915.4231564528,0.02738095238095238,2281,21 8 63 109 0 519 -110,0.9285714285714286 0.12903225806451613 0.006243996157540826 0.00031496062992125983 0.0 0.012890995260663507 0.0321285140562249,941537.5703385522,0.011904761904761904,9371,21 35 349 633 3 1265 -79,0.9285714285714286 1.0 0.143611911623439 0.08283464566929134 0.0967741935483871 0.1543127962085308 0.1566265060240964,1030101.7595071553,0.041666666666666664,2298,20 16 453 959 2 1489 -111,0.8571428571428571 0.3870967741935484 0.1935638808837656 0.1341732283464567 0.06451612903225806 0.19677725118483413 0.028112449799196786,897930.7940972609,0.02738095238095238,2280,21 8 95 130 0 586 -109,0.9285714285714286 0.12903225806451613 0.021613832853025938 0.0036220472440944883 0.0 0.025592417061611375 0.03614457831325301,941694.7068224036,0.011904761904761904,9265,21 35 349 633 3 1265 -80,0.9285714285714286 1.0 0.143611911623439 0.08283464566929134 0.0967741935483871 0.1543127962085308 0.15261044176706828,1030101.755491091,0.041666666666666664,2299,20 16 453 959 2 1489 -111,0.8571428571428571 0.3870967741935484 0.1935638808837656 0.1341732283464567 0.06451612903225806 0.19677725118483413 0.028112449799196786,897930.7940972609,0.02738095238095238,2280,13 14 2132 6375 13 5726 45,0.35714285714285715 0.3225806451612903 1.0 0.9870866141732283 0.41935483870967744 1.0 0.6546184738955824,400440.59837550425,0.6297619047619047,5814,8 16 1251 3777 26 4783 131,0.0 0.3870967741935484 0.5768491834774255 0.5779527559055118 0.8387096774193549 0.8212322274881516 1.0,45149.20530005143,0.6630952380952381,5274,9 4 1587 6215 13 5457 46,0.07142857142857142 0.0 0.7382324687800192 0.9618897637795275 0.41935483870967744 0.9490047393364929 0.6586345381526104,79824.87004595362,0.6404761904761904,6337,13 14 2132 6457 12 5726 43,0.35714285714285715 0.3225806451612903 1.0 1.0 0.3870967741935484 1.0 0.6465863453815262,400450.2779227509,0.6297619047619047,5768,8 15 1200 3697 31 4639 127,0.0 0.3548387096774194 0.5523535062439962 0.5653543307086614 1.0 0.7939336492890995 0.9839357429718876,41681.68363312643,0.6630952380952381,5865,8 11 1571 6203 15 5333 49,0.0 0.22580645161290322 0.7305475504322767 0.96 0.4838709677419355 0.9254976303317536 0.6706827309236948,30904.433421421523,0.6404761904761904,6383,20 8 243 434 1 913 -118,0.8571428571428571 0.12903225806451613 0.09269932756964457 0.05149606299212599 0.03225806451612903 0.08758293838862559 0.0,871028.6739238327,0.011904761904761904,11513
resolved-p21d-c7d-3600-1st/nsp-n50-d28-r0.10-rp2-fp2-s4,18 19 883 553 24 1978 -104,0.8888888888888888 0.011337868480725623 0.16866666666666666 0.009584875727128503 0.6666666666666666 0.054541170927082105 0.039285714285714285,891786.1786434455,0.025714285714285714,7726,19 17 590 822 0 1837 -115,1.0 0.006802721088435374 0.071 0.027366472765732418 0.0 0.03793144068794911 0.0,1001418.0178960161,0.025714285714285714,6481,18 19 847 548 24 1963 -98,0.8888888888888888 0.011337868480725623 0.15666666666666668 0.009254362771020624 0.6666666666666666 0.05277417834845094 0.060714285714285714,891665.851889135,0.025714285714285714,7861,18 14 386 408 2 1531 -95,0.8888888888888888 0.0 0.003 0.0 0.05555555555555555 0.0018847920838732477 0.07142857142857142,888924.5347209367,0.025714285714285714,8136,18 27 510 656 7 1945 -55,0.8888888888888888 0.02947845804988662 0.044333333333333336 0.01639344262295082 0.19444444444444445 0.05065378725409353 0.21428571428571427,892316.626737865,0.045714285714285714,1946,10 455 782 536 36 2030 -6,0.0 1.0 0.135 0.008461131676361713 1.0 0.06066674519967016 0.3892857142857143,101459.45708484264,0.33904761904761904,365,18 14 377 408 2 1515 -86,0.8888888888888888 0.0 0.0 0.0 0.05555555555555555 0.0 0.10357142857142858,888894.548015873,0.025714285714285714,8460,18 27 510 656 7 1945 -54,0.8888888888888888 0.02947845804988662 0.044333333333333336 0.01639344262295082 0.19444444444444445 0.05065378725409353 0.21785714285714286,892316.6303092936,0.045714285714285714,1945,10 455 783 537 36 2030 -6,0.0 1.0 0.13533333333333333 0.008527234267583289 1.0 0.06066674519967016 0.3892857142857143,101462.85652076719,0.33904761904761904,364,18 14 377 408 2 1579 -80,0.8888888888888888 0.0 0.0 0.0 0.05555555555555555 0.007539168335492991 0.125,888894.6448361278,0.025714285714285714,8370,18 27 510 656 7 1945 -55,0.8888888888888888 0.02947845804988662 0.044333333333333336 0.01639344262295082 0.19444444444444445 0.05065378725409353 0.21428571428571427,892316.626737865,0.045714285714285714,1946,10 455 783 537 36 2030 -6,0.0 1.0 0.13533333333333333 0.008527234267583289 1.0 0.06066674519967016 0.3892857142857143,101462.85652076719,0.33904761904761904,364,13 23 3377 15536 3 10004 -23,0.3333333333333333 0.02040816326530612 1.0 1.0 0.08333333333333333 1.0 0.32857142857142857,346392.8115646258,0.6247619047619047,4815,14 75 2267 7563 11 7693 165,0.4444444444444444 0.1383219954648526 0.63 0.47296404019037547 0.3055555555555556 0.7277653433855578 1.0,465088.4412401095,0.66,3527,11 16 2882 9579 8 9008 100,0.1111111111111111 0.0045351473922902496 0.835 0.6062268640930725 0.2222222222222222 0.8826716927788903 0.7678571428571429,120552.66951072607,0.6580952380952381,4197,13 33 3003 12109 7 9267 32,0.3333333333333333 0.04308390022675737 0.8753333333333333 0.7734664198836594 0.19444444444444445 0.9131817646365885 0.525,347197.62437131687,0.6228571428571429,5437,14 75 2268 7563 11 7696 164,0.4444444444444444 0.1383219954648526 0.6303333333333333 0.47296404019037547 0.3055555555555556 0.728118741901284 0.9964285714285714,465091.7745359994,0.66,3522,11 16 2880 9543 9 9004 105,0.1111111111111111 0.0045351473922902496 0.8343333333333334 0.6038471708090957 0.25 0.8822004947579221 0.7857142857142857,120546.41407371586,0.6580952380952381,4215,19 16 811 672 0 2247 -114,1.0 0.0045351473922902496 0.14466666666666667 0.017451084082496033 0.0 0.08622923783720109 0.0035714285714285713,1001918.4983537851,0.025714285714285714,10056
resolved-p21d-c7d-3600-1st/nsp-n20-d28-r0.10-rp2-fp2-s1,0 1 1 0 0 70 -78,0.0 0.004629629629629629 0.002702702702702703 0.0 0.0 0.011922503725782414 0.0,490.1092150272478,0.22857142857142856,5994,0 1 1 10 0 89 -72,0.0 0.004629629629629629 0.002702702702702703 0.020876826722338204 0.0 0.040238450074515646 0.04195804195804196,511.3111592550314,0.10952380952380952,5797,0 1 1 10 0 91 -69,0.0 0.004629629629629629 0.002702702702702703 0.020876826722338204 0.0 0.043219076005961254 0.06293706293706294,511.3619445353248,0.1595238095238095,5812,14 0 0 3 0 62 -74,1.0 0.0 0.0 0.006263048016701462 0.0 0.0 0.027972027972027972,1000006.2910200447,0.014285714285714285,4185,7 115 331 247 28 601 -35,0.5 0.5324074074074074 0.8945945945945946 0.5156576200417536 0.4745762711864407 0.8032786885245902 0.3006993006993007,562758.135420033,0.2785714285714286,10582,5 160 260 448 30 506 6,0.35714285714285715 0.7407407407407407 0.7027027027027027 0.9352818371607515 0.5084745762711864 0.6616989567809239 0.5874125874125874,439237.29194090137,0.2571428571428571,15244,14 0 0 3 0 62 -74,1.0 0.0 0.0 0.006263048016701462 0.0 0.0 0.027972027972027972,1000006.2910200447,0.014285714285714285,4185,5 170 325 329 28 613 5,0.35714285714285715 0.7870370370370371 0.8783783783783784 0.6868475991649269 0.4745762711864407 0.8211624441132638 0.5804195804195804,445373.44190064975,0.2857142857142857,10704,6 207 352 479 26 605 14,0.42857142857142855 0.9583333333333334 0.9513513513513514 1.0 0.4406779661016949 0.8092399403874814 0.6433566433566433,534971.0789709328,0.44047619047619047,15193,14 0 0 3 0 62 -74,1.0 0.0 0.0 0.006263048016701462 0.0 0.0 0.027972027972027972,1000006.2910200447,0.014285714285714285,4185,5 170 325 329 28 613 5,0.35714285714285715 0.7870370370370371 0.8783783783783784 0.6868475991649269 0.4745762711864407 0.8211624441132638 0.5804195804195804,445373.44190064975,0.2857142857142857,10704,9 15 89 90 9 325 -48,0.6428571428571429 0.06944444444444445 0.24054054054054055 0.18789144050104384 0.15254237288135594 0.3919523099850969 0.2097902097902098,652414.2676980916,0.11428571428571428,15041,14 0 0 3 0 63 -67,1.0 0.0 0.0 0.006263048016701462 0.0 0.0014903129657228018 0.07692307692307693,1000006.3548742232,0.014285714285714285,5656,5 216 184 285 33 568 33,0.35714285714285715 1.0 0.4972972972972973 0.5949895615866388 0.559322033898305 0.7540983606557377 0.7762237762237763,462775.0690881894,0.7690476190476191,16077,4 198 370 367 59 733 65,0.2857142857142857 0.9166666666666666 1.0 0.7661795407098121 1.0 1.0 1.0,388258.13192166213,0.7571428571428571,13626,14 0 0 3 0 62 -74,1.0 0.0 0.0 0.006263048016701462 0.0 0.0 0.027972027972027972,1000006.2910200447,0.014285714285714285,5667,6 173 164 207 16 530 40,0.42857142857142855 0.8009259259259259 0.44324324324324327 0.4321503131524008 0.2711864406779661 0.6974664679582713 0.8251748251748252,513563.5223931785,0.7095238095238096,14608,6 191 247 358 46 719 64,0.42857142857142855 0.8842592592592593 0.6675675675675675 0.7473903966597077 0.7796610169491526 0.9791356184798807 0.993006993006993,524509.1710345625,0.7547619047619047,11946,14 0 0 3 0 62 -74,1.0 0.0 0.0 0.006263048016701462 0.0 0.0 0.027972027972027972,1000006.2910200447,0.014285714285714285,6033
resolved-p21d-c7d-3600-1st/nsp-n20-d28-r0.10-rp2-fp2-s3,0 0 0 0 0 83 -64,0.0 0.0 0.0 0.0 0.0 0.0 0.0,0.0,0.2523809523809524,189,0 0 0 0 0 90 -49,0.0 0.0 0.0 0.0 0.0 0.03763440860215054 0.3125,0.6888440860215054,0.1761904761904762,168,0 0 0 0 0 92 -36,0.0 0.0 0.0 0.0 0.0 0.04838709677419355 0.5833333333333334,1.067204301075269,0.15476190476190477,141,0 0 0 0 0 112 -54,0.0 0.0 0.0 0.0 0.0 0.15591397849462366 0.20833333333333334,1.7674731182795698,0.08333333333333333,129,0 0 0 0 0 119 -36,0.0 0.0 0.0 0.0 0.0 0.1935483870967742 0.5833333333333334,2.5188172043010755,0.39285714285714285,22,0 0 0 0 0 112 -53,0.0 0.0 0.0 0.0 0.0 0.15591397849462366 0.22916666666666666,1.7883064516129032,0.08333333333333333,124,0 0 0 0 0 112 -54,0.0 0.0 0.0 0.0 0.0 0.15591397849462366 0.20833333333333334,1.7674731182795698,0.08333333333333333,125,0 0 0 0 0 119 -16,0.0 0.0 0.0 0.0 0.0 0.1935483870967742 1.0,2.935483870967742,0.44047619047619047,11,0 0 0 0 0 112 -55,0.0 0.0 0.0 0.0 0.0 0.15591397849462366 0.1875,1.7466397849462365,0.08333333333333333,80,0 0 0 0 0 112 -55,0.0 0.0 0.0 0.0 0.0 0.15591397849462366 0.1875,1.7466397849462365,0.08333333333333333,95,0 0 0 0 0 123 -53,0.0 0.0 0.0 0.0 0.0 0.21505376344086022 0.22916666666666666,2.3797043010752685,0.2785714285714286,16,0 0 0 0 0 112 -55,0.0 0.0 0.0 0.0 0.0 0.15591397849462366 0.1875,1.7466397849462365,0.08333333333333333,121,0 0 0 0 0 246 -34,0.0 0.0 0.0 0.0 0.0 0.8763440860215054 0.625,9.388440860215054,0.4238095238095238,90,0 0 0 0 0 122 -30,0.0 0.0 0.0 0.0 0.0 0.20967741935483872 0.7083333333333334,2.8051075268817205,0.6595238095238095,226,0 0 0 0 0 269 -18,0.0 0.0 0.0 0.0 0.0 1.0 0.9583333333333334,10.958333333333334,0.3904761904761905,123,0 0 0 0 0 246 -34,0.0 0.0 0.0 0.0 0.0 0.8763440860215054 0.625,9.388440860215054,0.4238095238095238,90,0 0 0 0 0 121 -30,0.0 0.0 0.0 0.0 0.0 0.20430107526881722 0.7083333333333334,2.7513440860215055,0.6761904761904762,229,0 0 0 0 0 269 -18,0.0 0.0 0.0 0.0 0.0 1.0 0.9583333333333334,10.958333333333334,0.3904761904761905,123,0 0 0 0 0 112 -46,0.0 0.0 0.0 0.0 0.0 0.15591397849462366 0.375,1.9341397849462365,0.08571428571428572,80
resolved-p21d-c7d-3600-1st/nsp-n30-d28-r0.10-rp2-fp2-s0,13 9 272 605 0 762 -96,1.0 0.004329004329004329 0.30927835051546393 0.16026490066225166 0.0 0.22443799854967367 0.0,1003688.1932187028,0.014285714285714285,12658,13 9 272 437 0 987 -82,1.0 0.004329004329004329 0.30927835051546393 0.1157615894039735 0.0 0.3060188542422045 0.0611353711790393,1003644.5668513726,0.014285714285714285,13983,13 10 266 460 0 952 -77,1.0 0.008658008658008658 0.3024054982817869 0.12185430463576159 0.0 0.29332849891225526 0.08296943231441048,1004014.7264076759,0.014285714285714285,10316,11 8 56 80 0 334 -74,0.7777777777777778 0.0 0.061855670103092786 0.02119205298013245 0.0 0.06925308194343727 0.09606986899563319,778418.3151324772,0.014285714285714285,14033,7 59 515 175 11 855 -63,0.3333333333333333 0.22077922077922077 0.5876288659793815 0.046357615894039736 0.2894736842105263 0.25815808556925307 0.14410480349344978,361365.5747410235,0.1,2729,5 133 296 258 37 740 -59,0.1111111111111111 0.5411255411255411 0.33676975945017185 0.06834437086092715 0.9736842105263158 0.21646120377084843 0.1615720524017467,168759.4017941706,0.19047619047619047,5159,11 8 52 87 1 356 -63,0.7777777777777778 0.0 0.0572737686139748 0.02304635761589404 0.02631578947368421 0.0772298767222625 0.14410480349344978,778377.1098040515,0.014285714285714285,14729,5 239 351 394 30 742 -5,0.1111111111111111 1.0 0.3997709049255441 0.10437086092715232 0.7894736842105263 0.21718636693255983 0.39737991266375544,215294.70763329676,0.3126984126984127,2795,6 115 237 216 16 695 -56,0.2222222222222222 0.46320346320346323 0.26918671248568155 0.057218543046357616 0.42105263157894735 0.2001450326323423 0.17467248908296942,271335.935596445,0.18253968253968253,5077,11 8 58 80 0 346 -65,0.7777777777777778 0.0 0.06414662084765177 0.02119205298013245 0.0 0.07360406091370558 0.13537117903930132,778441.3074510226,0.014285714285714285,13553,5 185 292 498 38 689 -46,0.1111111111111111 0.7662337662337663 0.3321878579610538 0.13192052980132452 1.0 0.19796954314720813 0.2183406113537118,191290.4848799424,0.3126984126984127,2816,6 70 255 204 24 736 -63,0.2222222222222222 0.2683982683982684 0.2898052691867125 0.05403973509933775 0.631578947368421 0.21501087744742567 0.14410480349344978,252079.59359733033,0.1746031746031746,5136,7 24 844 2419 21 2901 126,0.3333333333333333 0.06926406926406926 0.9644902634593356 0.6407947019867549 0.5526315789473685 1.0 0.9694323144104804,350611.6701865295,0.5841269841269842,6984,4 11 719 3775 9 2770 98,0.0 0.012987012987012988 0.8213058419243986 1.0 0.23684210526315788 0.9525018129079043 0.8471615720524017,10545.816108172732,0.6777777777777778,7488,4 218 615 1067 16 1521 41,0.0 0.9090909090909091 0.702176403207331 0.2826490066225166 0.42105263157894735 0.49963741841914433 0.5982532751091703,98261.20383840393,0.6015873015873016,9224,7 36 875 2389 20 2897 133,0.3333333333333333 0.12121212121212122 1.0 0.6328476821192053 0.5263157894736842 0.9985496736765772 1.0,356151.0102123488,0.580952380952381,7100,4 9 684 2948 10 2629 63,0.0 0.004329004329004329 0.7812142038946163 0.7809271523178808 0.2631578947368421 0.9013778100072516 0.6943231441048034,9061.993514882339,0.6777777777777778,8516,4 218 612 1067 17 1554 45,0.0 0.9090909090909091 0.6987399770904925 0.2826490066225166 0.4473684210526316 0.5116026105873822 0.6157205240174672,98229.6082753535,0.6015873015873016,9297,11 8 2 0 0 143 -85,0.7777777777777778 0.0 0.0 0.0 0.0 0.0 0.048034934497816595,777777.8258127122,0.014285714285714285,10809
resolved-p21d-c7d-3600-1st/nsp-n30-d28-r0.10-rp2-fp2-s3,1 72 487 487 102 1999 14,0.0 0.21611721611721613 0.0 0.01725650775080433 0.43636363636363634 0.0 0.11888111888111888,21672.73336422766,0.1365079365079365,4610,10 129 616 496 134 2294 17,0.6428571428571429 0.4249084249084249 0.18668596237337193 0.01988885639075753 0.5818181818181818 0.32524807056229327 0.13986013986013987,687296.3079871372,0.01904761904761905,5298,11 133 615 496 137 2323 17,0.7142857142857143 0.43956043956043955 0.18523878437047755 0.01988885639075753 0.5954545454545455 0.3572216097023153 0.13986013986013987,760177.2924726361,0.012698412698412698,5196,11 133 598 433 135 2225 35,0.7142857142857143 0.43956043956043955 0.16063675832127353 0.0014624159110851126 0.5863636363636363 0.24917309812568908 0.26573426573426573,759910.9820697655,0.012698412698412698,7059,6 280 1178 1325 226 2432 37,0.35714285714285715 0.978021978021978 1.0 0.2623574144486692 1.0 0.47739801543550164 0.27972027972027974,465312.4660599377,0.20317460317460317,1251,6 286 1140 1385 214 2798 27,0.35714285714285715 1.0 0.9450072358900145 0.27990640538169054 0.9454545454545454 0.8809261300992283 0.2097902097902098,466976.40041319525,0.1984126984126984,1785,11 133 592 428 134 2216 33,0.7142857142857143 0.43956043956043955 0.15195369030390737 0.0 0.5818181818181818 0.2392502756339581 0.2517482517482518,759822.1212139872,0.012698412698412698,7163,6 280 1177 1324 226 2431 37,0.35714285714285715 0.978021978021978 0.9985528219971056 0.2620649312664522 1.0 0.4762954796030871 0.27972027972027974,465297.6907713682,0.20317460317460317,1252,6 286 1140 1385 214 2798 27,0.35714285714285715 1.0 0.9450072358900145 0.27990640538169054 0.9454545454545454 0.8809261300992283 0.2097902097902098,466976.40041319525,0.1984126984126984,1785,11 133 572 434 134 2203 34,0.7142857142857143 0.43956043956043955 0.12301013024602026 0.0017548990933021352 0.5818181818181818 0.2249173098125689 0.25874125874125875,759534.3041758505,0.012698412698412698,7399,6 280 1178 1325 226 2432 37,0.35714285714285715 0.978021978021978 1.0 0.2623574144486692 1.0 0.47739801543550164 0.27972027972027974,465312.4660599377,0.20317460317460317,1251,6 286 1140 1385 214 2798 27,0.35714285714285715 1.0 0.9450072358900145 0.27990640538169054 0.9454545454545454 0.8809261300992283 0.2097902097902098,466976.40041319525,0.1984126984126984,1785,15 69 942 3176 9 2906 140,1.0 0.20512820512820512 0.658465991316932 0.8037437847323778 0.013636363636363636 1.0 1.0,1027913.5878470859,0.726984126984127,8717,9 30 755 3560 7 2470 82,0.5714285714285714 0.06227106227106227 0.3878437047756874 0.9160573267037145 0.004545454545454545 0.5192943770672547 0.5944055944055944,582456.4139249579,0.7888888888888889,9399,10 14 880 3193 10 2878 92,0.6428571428571429 0.003663003663003663 0.5687409551374819 0.8087159988300673 0.01818181818181818 0.9691289966923925 0.6643356643356644,649731.7425810976,0.7492063492063492,8065,13 70 955 3541 8 2893 120,0.8571428571428571 0.2087912087912088 0.6772793053545586 0.9105001462415911 0.00909090909090909 0.9856670341786108 0.8601398601398601,885716.8971228761,0.7333333333333333,8191,10 31 777 3847 6 2522 62,0.6428571428571429 0.06593406593406594 0.4196816208393632 1.0 0.0 0.5766262403528115 0.45454545454545453,654653.5864668012,0.7888888888888889,8397,10 13 885 3233 11 2886 96,0.6428571428571429 0.0 0.5759768451519537 0.8204153261187481 0.022727272727272728 0.9779492833517089 0.6923076923076923,649450.0711625798,0.7492063492063492,8333,11 132 587 564 132 2313 -3,0.7142857142857143 0.4358974358974359 0.1447178002894356 0.03977771278151506 0.5727272727272728 0.3461962513781698 0.0,759423.1482809203,0.012698412698412698,3086
resolved-p21d-c7d-3600-1st/nsp-n10-d28-r0.10-rp0-fp0-s9,0 0 0 0 0 76 -50,0.0 0.0 0.0 0.0 0.0 0.034482758620689655 0.0,0.3448275862068966,0.3952380952380952,117,0 0 0 0 0 75 -48,0.0 0.0 0.0 0.0 0.0 0.0 0.08,0.08,0.30952380952380953,103,0 0 0 0 0 81 -39,0.0 0.0 0.0 0.0 0.0 0.20689655172413793 0.44,2.5089655172413794,0.23333333333333334,62,0 0 0 0 0 104 -33,0.0 0.0 0.0 0.0 0.0 1.0 0.68,10.68,0.13333333333333333,44,0 0 0 0 0 92 -29,0.0 0.0 0.0 0.0 0.0 0.5862068965517241 0.84,6.702068965517241,0.4857142857142857,6,0 0 0 0 0 104 -34,0.0 0.0 0.0 0.0 0.0 1.0 0.64,10.64,0.13333333333333333,64,0 0 0 0 0 104 -34,0.0 0.0 0.0 0.0 0.0 1.0 0.64,10.64,0.13333333333333333,66,0 0 0 0 0 97 -37,0.0 0.0 0.0 0.0 0.0 0.7586206896551724 0.52,8.106206896551724,0.34285714285714286,17,0 0 0 0 0 104 -34,0.0 0.0 0.0 0.0 0.0 1.0 0.64,10.64,0.13333333333333333,52,0 0 0 0 0 104 -34,0.0 0.0 0.0 0.0 0.0 1.0 0.64,10.64,0.13333333333333333,52,0 0 0 0 0 91 -34,0.0 0.0 0.0 0.0 0.0 0.5517241379310345 0.64,6.157241379310345,0.5,21,0 0 0 0 0 104 -33,0.0 0.0 0.0 0.0 0.0 1.0 0.68,10.68,0.13333333333333333,56,0 0 0 0 0 104 -34,0.0 0.0 0.0 0.0 0.0 1.0 0.64,10.64,0.13333333333333333,181,0 0 0 0 0 91 -25,0.0 0.0 0.0 0.0 0.0 0.5517241379310345 1.0,6.517241379310345,0.6857142857142857,43,0 0 0 0 0 104 -34,0.0 0.0 0.0 0.0 0.0 1.0 0.64,10.64,0.13333333333333333,183,0 0 0 0 0 104 -34,0.0 0.0 0.0 0.0 0.0 1.0 0.64,10.64,0.13333333333333333,181,0 0 0 0 0 91 -27,0.0 0.0 0.0 0.0 0.0 0.5517241379310345 0.92,6.437241379310345,0.6904761904761905,44,0 0 0 0 0 104 -34,0.0 0.0 0.0 0.0 0.0 1.0 0.64,10.64,0.13333333333333333,183,0 0 0 0 0 94 -25,0.0 0.0 0.0 0.0 0.0 0.6551724137931034 1.0,7.551724137931034,0.15714285714285714,33
resolved-p21d-c7d-3600-1st/nsp-n50-d28-r0.10-rp2-fp2-s1,19 15 223 444 0 1187 -138,0.9047619047619048 0.0635593220338983 0.07127771911298839 0.16273584905660377 0.0 0.05683213471320821 0.030211480362537766,911993.9485383085,0.015238095238095238,5724,19 15 223 444 0 1196 -134,0.9047619047619048 0.0635593220338983 0.07127771911298839 0.16273584905660377 0.0 0.05841080512190844 0.04229607250755287,911993.9764096048,0.015238095238095238,5680,19 15 223 444 0 1183 -143,0.9047619047619048 0.0635593220338983 0.07127771911298839 0.16273584905660377 0.0 0.05613050342045255 0.015105740181268883,911993.9264162554,0.015238095238095238,5761,17 10 107 31 0 969 -127,0.8095238095238095 0.0423728813559322 0.01003167898627244 0.00039308176100628933 0.0 0.018593229258024906 0.0634441087613293,813862.0569074278,0.015238095238095238,5337,20 123 653 1054 3 2080 -131,0.9523809523809523 0.5211864406779662 0.2983104540654699 0.4025157232704403 0.03529411764705882 0.2134713208209086 0.0513595166163142,1007890.9321971636,0.11047619047619048,3318,20 236 852 907 26 2327 -105,0.9523809523809523 1.0 0.4033790918690602 0.34473270440251574 0.3058823529411765 0.25679705314857043 0.1299093655589124,1056792.7621192366,0.2276190476190476,3248,17 10 108 35 0 934 -139,0.8095238095238095 0.0423728813559322 0.010559662090813094 0.0019654088050314465 0.0 0.01245395544641291 0.027190332326283987,813868.8114190027,0.015238095238095238,5273,20 123 653 1054 3 2080 -131,0.9523809523809523 0.5211864406779662 0.2983104540654699 0.4025157232704403 0.03529411764705882 0.2134713208209086 0.0513595166163142,1007890.9321971636,0.11047619047619048,3318,20 236 852 908 26 2322 -105,0.9523809523809523 1.0 0.4033790918690602 0.345125786163522 0.3058823529411765 0.2559200140326259 0.1299093655589124,1056793.1464306065,0.2276190476190476,3247,17 10 88 30 0 863 -127,0.8095238095238095 0.0423728813559322 0.0 0.0 0.0 0.0 0.0634441087613293,813761.1611035116,0.015238095238095238,5563,20 123 653 1054 3 2080 -131,0.9523809523809523 0.5211864406779662 0.2983104540654699 0.4025157232704403 0.03529411764705882 0.2134713208209086 0.0513595166163142,1007890.9321971636,0.11047619047619048,3318,20 236 852 907 26 2327 -105,0.9523809523809523 1.0 0.4033790918690602 0.34473270440251574 0.3058823529411765 0.25679705314857043 0.1299093655589124,1056792.7621192366,0.2276190476190476,3248,21 47 466 362 5 1781 -81,1.0 0.19915254237288135 0.19957761351636746 0.13050314465408805 0.058823529411764705 0.16102438168742325 0.20241691842900303,1022049.2285307824,0.015238095238095238,3378,0 0 1982 2544 85 6544 140,0.0 0.0 1.0 0.9882075471698113 1.0 0.9964918435362217 0.8700906344410876,11099.042556239614,0.6657142857142857,2305,0 0 1939 2458 71 6430 183,0.0 0.0 0.9772967265047519 0.9544025157232704 0.8352941176470589 0.9764953516926855 1.0,10821.664146052422,0.6723809523809524,2104,17 56 377 316 8 1609 -79,0.8095238095238095 0.23728813559322035 0.1525871172122492 0.11242138364779874 0.09411764705882353 0.13085423609893002 0.2084592145015106,834901.8444051833,0.015238095238095238,3777,0 0 1943 2574 78 6564 150,0.0 0.0 0.9794086589229145 1.0 0.9176470588235294 1.0 0.9003021148036254,10896.751597226303,0.6657142857142857,2381,0 0 1913 2369 68 6374 173,0.0 0.0 0.9635691657866948 0.9194182389937107 0.8 0.9666725135941063 0.9697885196374623,10645.746410516238,0.6723809523809524,2185,18 13 249 356 5 1211 -148,0.8571428571428571 0.05508474576271186 0.0850052798310454 0.1281446540880503 0.058823529411764705 0.06104192246974215 0.0,863636.0219436926,0.015238095238095238,7731
resolved-p21d-c7d-3600-1st/nsp-n20-d28-r0.10-rp2-fp2-s7,0 0 0 0 0 62 -63,0.0 0.0 0.0 0.0 0.0 0.0 0.0,0.0,0.3880952380952381,254,0 0 0 0 0 72 -40,0.0 0.0 0.0 0.0 0.0 0.23809523809523808 0.6388888888888888,3.0198412698412698,0.30238095238095236,195,0 0 0 0 0 83 -36,0.0 0.0 0.0 0.0 0.0 0.5 0.75,5.75,0.23809523809523808,139,0 0 0 0 0 99 -53,0.0 0.0 0.0 0.0 0.0 0.8809523809523809 0.2777777777777778,9.087301587301589,0.1738095238095238,94,0 0 0 0 0 78 -47,0.0 0.0 0.0 0.0 0.0 0.38095238095238093 0.4444444444444444,4.253968253968254,0.4595238095238095,11,0 0 0 0 0 99 -54,0.0 0.0 0.0 0.0 0.0 0.8809523809523809 0.25,9.05952380952381,0.1738095238095238,118,0 0 0 0 0 99 -54,0.0 0.0 0.0 0.0 0.0 0.8809523809523809 0.25,9.05952380952381,0.1738095238095238,129,0 0 0 0 0 87 -28,0.0 0.0 0.0 0.0 0.0 0.5952380952380952 0.9722222222222222,6.924603174603175,0.42142857142857143,12,0 0 0 0 0 99 -54,0.0 0.0 0.0 0.0 0.0 0.8809523809523809 0.25,9.05952380952381,0.1738095238095238,121,0 0 0 0 0 99 -54,0.0 0.0 0.0 0.0 0.0 0.8809523809523809 0.25,9.05952380952381,0.1738095238095238,130,0 0 0 0 0 82 -27,0.0 0.0 0.0 0.0 0.0 0.47619047619047616 1.0,5.761904761904762,0.3976190476190476,22,0 0 0 0 0 99 -54,0.0 0.0 0.0 0.0 0.0 0.8809523809523809 0.25,9.05952380952381,0.1738095238095238,142,0 0 0 0 0 99 -54,0.0 0.0 0.0 0.0 0.0 0.8809523809523809 0.25,9.05952380952381,0.1738095238095238,266,0 0 0 0 0 67 -44,0.0 0.0 0.0 0.0 0.0 0.11904761904761904 0.5277777777777778,1.7182539682539684,0.6166666666666667,116,0 0 0 0 0 99 -54,0.0 0.0 0.0 0.0 0.0 0.8809523809523809 0.25,9.05952380952381,0.1738095238095238,265,0 0 0 0 0 99 -54,0.0 0.0 0.0 0.0 0.0 0.8809523809523809 0.25,9.05952380952381,0.1738095238095238,266,0 0 0 0 0 67 -44,0.0 0.0 0.0 0.0 0.0 0.11904761904761904 0.5277777777777778,1.7182539682539684,0.6166666666666667,116,0 0 0 0 0 99 -54,0.0 0.0 0.0 0.0 0.0 0.8809523809523809 0.25,9.05952380952381,0.1738095238095238,265,0 0 0 0 0 104 -44,0.0 0.0 0.0 0.0 0.0 1.0 0.5277777777777778,10.527777777777779,0.17857142857142858,40
resolved-p21d-c7d-3600-1st/nsp-n40-d28-r0.10-rp2-fp2-s8,0 0 0 0 0 226 -135,0.0 0.0 0.0 0.0 0.0 0.0 0.10784313725490197,0.10784313725490197,0.18214285714285713,270,0 0 0 0 0 301 -133,0.0 0.0 0.0 0.0 0.0 0.11144130757800892 0.12745098039215685,1.241864056172246,0.14523809523809525,211,0 0 0 0 0 330 -113,0.0 0.0 0.0 0.0 0.0 0.15453194650817237 0.3235294117647059,1.8688488768464295,0.10952380952380952,158,0 0 0 0 0 353 -112,0.0 0.0 0.0 0.0 0.0 0.1887072808320951 0.3333333333333333,2.2204061416542844,0.07976190476190476,212,0 0 0 0 0 362 -110,0.0 0.0 0.0 0.0 0.0 0.20208023774145617 0.35294117647058826,2.37374355388515,0.3488095238095238,29,0 0 0 0 0 357 -132,0.0 0.0 0.0 0.0 0.0 0.19465081723625557 0.13725490196078433,2.08376307432334,0.07976190476190476,280,0 0 0 0 0 352 -125,0.0 0.0 0.0 0.0 0.0 0.18722139673105498 0.20588235294117646,2.0780963202517264,0.07976190476190476,171,0 0 0 0 0 399 -120,0.0 0.0 0.0 0.0 0.0 0.25705794947994054 0.2549019607843137,2.825481455583719,0.2833333333333333,16,0 0 0 0 0 358 -132,0.0 0.0 0.0 0.0 0.0 0.1961367013372957 0.13725490196078433,2.0986219153337413,0.07976190476190476,294,0 0 0 0 0 355 -112,0.0 0.0 0.0 0.0 0.0 0.19167904903417535 0.3333333333333333,2.2501238236750867,0.07976190476190476,229,0 0 0 0 0 391 -117,0.0 0.0 0.0 0.0 0.0 0.2451708766716196 0.28431372549019607,2.736022492206392,0.26904761904761904,10,0 0 0 0 0 360 -146,0.0 0.0 0.0 0.0 0.0 0.19910846953937592 0.0,1.991084695393759,0.07976190476190476,212,0 0 0 0 0 899 -64,0.0 0.0 0.0 0.0 0.0 1.0 0.803921568627451,10.803921568627452,0.3952380952380952,135,0 0 0 0 0 798 -44,0.0 0.0 0.0 0.0 0.0 0.849925705794948 1.0,9.49925705794948,0.46904761904761905,61,0 0 0 0 0 877 -96,0.0 0.0 0.0 0.0 0.0 0.9673105497771174 0.49019607843137253,10.163301576202546,0.3892857142857143,149,0 0 0 0 0 899 -64,0.0 0.0 0.0 0.0 0.0 1.0 0.803921568627451,10.803921568627452,0.3952380952380952,135,0 0 0 0 0 810 -70,0.0 0.0 0.0 0.0 0.0 0.8677563150074294 0.7450980392156863,9.422661189289983,0.46904761904761905,48,0 0 0 0 0 877 -96,0.0 0.0 0.0 0.0 0.0 0.9673105497771174 0.49019607843137253,10.163301576202546,0.3892857142857143,149,0 0 0 0 0 356 -107,0.0 0.0 0.0 0.0 0.0 0.19316493313521546 0.38235294117647056,2.314002272528625,0.0880952380952381,106
resolved-p21d-c7d-3600-1st/nsp-n10-d28-r0.10-rp0-fp0-s6,2 2 2 0 0 78 -36,0.6666666666666666 0.5 0.058823529411764705 0.0 0.0 0.0 0.0,717254.9019607842,0.32857142857142857,7517,1 3 2 0 0 78 -32,0.3333333333333333 1.0 0.058823529411764705 0.0 0.0 0.0 0.16,433921.72862745094,0.2857142857142857,7555,0 1 2 0 0 90 -20,0.0 0.0 0.058823529411764705 0.0 0.0 0.0375 0.64,589.2502941176471,0.1523809523809524,7799,3 2 0 0 0 88 -24,1.0 0.5 0.0 0.0 0.0 0.03125 0.48,1050000.7925,0.009523809523809525,5749,0 1 2 6 0 135 -11,0.0 0.0 0.058823529411764705 0.3333333333333333 0.0 0.178125 1.0,924.3498774509803,0.2571428571428571,26897,0 1 2 0 0 111 -26,0.0 0.0 0.058823529411764705 0.0 0.0 0.103125 0.4,589.666544117647,0.05714285714285714,14670,3 2 0 0 0 88 -24,1.0 0.5 0.0 0.0 0.0 0.03125 0.48,1050000.7925,0.009523809523809525,5749,0 1 2 0 0 135 -21,0.0 0.0 0.058823529411764705 0.0 0.0 0.178125 0.6,590.6165441176471,0.5714285714285714,27345,0 1 2 0 0 111 -26,0.0 0.0 0.058823529411764705 0.0 0.0 0.103125 0.4,589.666544117647,0.05714285714285714,14670,3 2 0 0 0 88 -24,1.0 0.5 0.0 0.0 0.0 0.03125 0.48,1050000.7925,0.009523809523809525,5749,0 1 2 1 0 176 -22,0.0 0.0 0.058823529411764705 0.05555555555555555 0.0 0.30625 0.56,647.4133496732027,0.3333333333333333,27116,0 1 2 0 0 111 -27,0.0 0.0 0.058823529411764705 0.0 0.0 0.103125 0.36,589.6265441176471,0.05714285714285714,14671,0 1 34 18 0 398 -11,0.0 0.0 1.0 1.0 0.0 1.0 1.0,11011.0,0.29523809523809524,24579,0 1 2 0 0 162 -15,0.0 0.0 0.058823529411764705 0.0 0.0 0.2625 0.84,591.7002941176471,0.6761904761904762,23032,0 1 2 0 0 145 -13,0.0 0.0 0.058823529411764705 0.0 0.0 0.209375 0.92,591.249044117647,0.5238095238095238,10494,0 1 34 18 0 398 -12,0.0 0.0 1.0 1.0 0.0 1.0 0.96,11010.96,0.29523809523809524,24580,0 1 2 0 0 162 -15,0.0 0.0 0.058823529411764705 0.0 0.0 0.2625 0.84,591.7002941176471,0.6761904761904762,23032,0 1 2 0 0 145 -13,0.0 0.0 0.058823529411764705 0.0 0.0 0.209375 0.92,591.249044117647,0.5238095238095238,10494,2 3 1 1 0 90 -27,0.6666666666666666 1.0 0.029411764705882353 0.05555555555555555 0.0 0.0375 0.36,767017.074869281,0.02857142857142857,9310
resolved-p21d-c7d-3600-1st/nsp-n40-d28-r0.10-rp2-fp2-s4,16 16 711 202 6 1270 -117,0.9230769230769231 0.3888888888888889 0.2661251791686574 0.0007486275162202628 0.23076923076923078 0.09026369168356999 0.05472636815920398,964651.8466713767,0.02023809523809524,9570,16 16 851 266 7 1556 -116,0.9230769230769231 0.3888888888888889 0.33301481127568083 0.006072200964897688 0.2692307692307692 0.13860716700473294 0.05970149253731343,965330.4011296193,0.02023809523809524,7959,16 16 709 210 10 1306 -107,0.9230769230769231 0.3888888888888889 0.26516961299569997 0.001414074197304941 0.38461538461538464 0.09634888438133875 0.1044776119402985,964658.4516748836,0.02023809523809524,9952,15 13 168 195 0 747 -128,0.8461538461538461 0.2222222222222222 0.006688963210702341 0.00016636167027116953 0.0 0.0018593644354293441 0.0,868443.14296349,0.02023809523809524,10372,13 21 390 385 5 1277 -104,0.6923076923076923 0.6666666666666666 0.11275680840898232 0.015970720346032273 0.19230769230769232 0.09144692359702501 0.11940298507462686,760138.1624202466,0.05952380952380952,2149,11 19 306 319 4 1215 -94,0.5384615384615384 0.5555555555555556 0.07262302914476827 0.01048078522708368 0.15384615384615385 0.08096686950642326 0.1691542288557214,594770.1685320772,0.03214285714285714,3097,15 13 154 200 0 736 -123,0.8461538461538461 0.2222222222222222 0.0 0.0005822658459490933 0.0 0.0 0.024875621890547265,868376.6755175362,0.02023809523809524,11016,13 21 390 385 5 1277 -105,0.6923076923076923 0.6666666666666666 0.11275680840898232 0.015970720346032273 0.19230769230769232 0.09144692359702501 0.11442786069651742,760138.1574451223,0.05952380952380952,2150,11 19 305 323 10 1251 -84,0.5384615384615384 0.5555555555555556 0.07214524605828954 0.010813508567626019 0.38461538461538464 0.08705206220419202 0.21890547263681592,594788.9109508006,0.07380952380952381,3106,15 13 167 193 0 757 -121,0.8461538461538461 0.2222222222222222 0.006211180124223602 0.0 0.0 0.0035496957403651115 0.03482587064676617,868438.2505001386,0.02023809523809524,10681,13 21 390 385 5 1277 -105,0.6923076923076923 0.6666666666666666 0.11275680840898232 0.015970720346032273 0.19230769230769232 0.09144692359702501 0.11442786069651742,760138.1574451223,0.05952380952380952,2150,11 19 305 325 10 1251 -84,0.5384615384615384 0.5555555555555556 0.07214524605828954 0.010979870237897189 0.38461538461538464 0.08705206220419202 0.21890547263681592,594789.077312471,0.07380952380952381,3105,17 14 2158 11551 0 6452 -62,1.0 0.2777777777777778 0.9574773053033923 0.9447679254699717 0.0 0.9661933739012847 0.3283582089552239,1038307.3090482296,0.6238095238095238,3430,10 9 1622 8468 8 5674 19,0.46153846153846156 0.0 0.7013855709507884 0.6883214107469638 0.3076923076923077 0.834685598377282 0.7313432835820896,469280.486088753,0.65,7255,4 27 1445 4581 26 5090 70,0.0 1.0 0.6168179646440516 0.36499750457494595 1.0 0.7359702501690332 0.9850746268656716,106641.52192814402,0.6607142857142857,6661,17 14 2247 12215 0 6652 -64,1.0 0.2777777777777778 1.0 1.0 0.0 1.0 0.31840796019900497,1038788.096185738,0.6238095238095238,3097,11 11 1646 9238 6 5759 0,0.5384615384615384 0.1111111111111111 0.712852365026278 0.7523706538013641 0.23076923076923078 0.849053414469236 0.6368159203980099,557485.7481498556,0.6464285714285715,6649,5 12 1403 4629 24 5062 73,0.07692307692307693 0.16666666666666666 0.5967510750119446 0.368990184661454 0.9230769230769231 0.731237322515213 1.0,100026.86459005733,0.6607142857142857,6597,15 14 210 309 1 897 -118,0.8461538461538461 0.2777777777777778 0.026755852842809364 0.009648976875727832 0.038461538461538464 0.027214334009465855 0.04975124378109453,874212.9994853578,0.02023809523809524,12053
resolved-p21d-c7d-3600-1st/nsp-n10-d28-r0.10-rp0-fp0-s8,0 1 0 2 0 82 -35,0.0 0.0 0.0 0.0 0.0 0.0 0.0,0.0,0.3047619047619048,11711,0 1 0 2 0 83 -33,0.0 0.0 0.0 0.0 0.0 0.0020876826722338203 0.044444444444444446,0.06532127116678266,0.26666666666666666,11711,0 1 0 2 0 90 -26,0.0 0.0 0.0 0.0 0.0 0.016701461377870562 0.2,0.36701461377870565,0.14285714285714285,11672,3 1 0 2 0 93 -17,1.0 0.0 0.0 0.0 0.0 0.022964509394572025 0.4,1000000.6296450939,0.02857142857142857,3459,0 1 0 2 0 108 -11,0.0 0.0 0.0 0.0 0.0 0.054279749478079335 0.5333333333333333,1.0761308281141266,0.3904761904761905,21511,0 1 0 2 0 108 -20,0.0 0.0 0.0 0.0 0.0 0.054279749478079335 0.3333333333333333,0.8761308281141267,0.06190476190476191,13560,3 1 0 2 0 93 -18,1.0 0.0 0.0 0.0 0.0 0.022964509394572025 0.37777777777777777,1000000.6074228717,0.02857142857142857,3460,0 1 0 2 0 101 -17,0.0 0.0 0.0 0.0 0.0 0.03966597077244259 0.4,0.796659707724426,0.2761904761904762,20841,0 1 0 2 0 102 -19,0.0 0.0 0.0 0.0 0.0 0.04175365344467641 0.35555555555555557,0.7730920900023197,0.06190476190476191,16064,3 1 0 2 0 93 -19,1.0 0.0 0.0 0.0 0.0 0.022964509394572025 0.35555555555555557,1000000.5852006495,0.02857142857142857,3461,0 1 0 2 0 103 -14,0.0 0.0 0.0 0.0 0.0 0.04384133611691023 0.4666666666666667,0.905080027835769,0.3333333333333333,20840,0 1 0 2 0 102 -20,0.0 0.0 0.0 0.0 0.0 0.04175365344467641 0.3333333333333333,0.7508698677800973,0.06190476190476191,16065,3 1 0 2 0 91 -19,1.0 0.0 0.0 0.0 0.0 0.018789144050104383 0.35555555555555557,1000000.543446996,0.02857142857142857,1763,3 63 205 255 24 490 4,1.0 0.9538461538461539 0.8874458874458875 1.0 0.4528301886792453 0.8517745302713987 0.8666666666666667,1105313.7416899116,0.7857142857142857,30315,1 40 231 133 28 514 10,0.3333333333333333 0.6 1.0 0.5177865612648221 0.5283018867924528 0.9018789144050104 1.0,403913.9688724214,0.7285714285714285,27276,3 1 0 2 0 89 -20,1.0 0.0 0.0 0.0 0.0 0.014613778705636743 0.3333333333333333,1000000.4794711204,0.02857142857142857,1767,3 66 197 255 25 516 1,1.0 1.0 0.8528138528138528 1.0 0.4716981132075472 0.906054279749478 0.8,1109585.1688822568,0.7857142857142857,29762,1 29 91 123 53 561 4,0.3333333333333333 0.4307692307692308 0.3939393939393939 0.4782608695652174 1.0 1.0 0.8666666666666667,380938.77788588224,0.7523809523809524,29661,0 3 0 2 0 88 -22,0.0 0.03076923076923077 0.0 0.0 0.0 0.012526096033402923 0.28888888888888886,3077.3372267723003,0.06190476190476191,11956
resolved-p21d-c7d-3600-1st/nsp-n50-d28-r0.10-rp2-fp2-s6,1 20 355 705 0 1593 -179,0.0 0.029925187032418952 0.03165053622809312 0.01584760685128862 0.0 0.048002445984508764 0.009852216748768473,3325.361549050709,0.049523809523809526,5157,4 26 485 835 2 1793 -181,0.16666666666666666 0.04488778054862843 0.0656552445723254 0.022784269782829093 0.05555555555555555 0.06838565022421525 0.0,171841.0208490934,0.03333333333333333,4883,7 23 506 894 2 1830 -179,0.3333333333333333 0.03740648379052369 0.07114831284331677 0.025932447574835923 0.05555555555555555 0.07215654300856095 0.009852216748768473,337817.68426159606,0.02761904761904762,4682,19 16 360 538 3 1493 -137,1.0 0.0199501246882793 0.03295840962594821 0.006936662931540473 0.08333333333333333 0.037810843864655524 0.21674876847290642,1002340.4614185594,0.017142857142857144,6813,14 409 521 558 21 1664 -72,0.7222222222222222 1.0 0.07507193303688203 0.00800384184408516 0.5833333333333334 0.05523848348960456 0.5369458128078818,823040.3680584162,0.22285714285714286,2844,16 242 603 408 36 1469 -94,0.8333333333333334 0.5835411471321695 0.09652105676170547 0.0 1.0 0.035364859355890746 0.42857142857142855,892753.4408341895,0.14095238095238094,2845,19 16 347 537 3 1460 -136,1.0 0.0199501246882793 0.02955793879152498 0.0068833039859132385 0.08333333333333333 0.03444761516510395 0.22167487684729065,1002306.3746450909,0.017142857142857144,7357,14 409 599 583 28 1986 -57,0.7222222222222222 1.0 0.0954747580434214 0.009337815484766022 0.7777777777777778 0.088055442315532 0.6108374384236454,823265.5767877806,0.28095238095238095,2832,16 242 602 408 36 1469 -94,0.8333333333333334 0.5835411471321695 0.09625948208213445 0.0 1.0 0.035364859355890746 0.42857142857142855,892750.8250873938,0.14095238095238094,2846,19 16 347 537 3 1481 -132,1.0 0.0199501246882793 0.02955793879152498 0.0068833039859132385 0.08333333333333333 0.036587851610273135 0.2413793103448276,1002306.4157518889,0.017142857142857144,7282,14 409 521 558 21 1664 -72,0.7222222222222222 1.0 0.07507193303688203 0.00800384184408516 0.5833333333333334 0.05523848348960456 0.5369458128078818,823040.3680584162,0.22285714285714286,2844,16 242 602 408 36 1469 -94,0.8333333333333334 0.5835411471321695 0.09625948208213445 0.0 1.0 0.035364859355890746 0.42857142857142855,892750.8250873938,0.14095238095238094,2846,18 23 4057 16834 0 10503 -116,0.9444444444444444 0.03740648379052369 1.0 0.8764740408729523 0.0 0.9560741948634325 0.32019704433497537,959071.4478033626,0.6352380952380953,4753,15 12 4006 19149 0 10934 -174,0.7777777777777778 0.00997506234413965 0.9866596913418781 1.0 0.0 1.0 0.034482758620689655,789651.9154083692,0.6657142857142857,2814,7 8 2873 7589 3 8462 -53,0.3333333333333333 0.0 0.6902955793879153 0.38317058854917024 0.08333333333333333 0.7480635955972279 0.6305418719211823,340635.90422692284,0.6561904761904762,4658,18 24 4044 16546 0 10523 -107,0.9444444444444444 0.0399002493765586 0.9965995291655768 0.8611066645323089 0.0 0.9581125152874032 0.3645320197044335,959271.5169954608,0.6342857142857142,4859,13 174 1873 7893 8 6641 22,0.6666666666666666 0.4139650872817955 0.4287208998168977 0.3993917080198495 0.2222222222222222 0.5624745209947004 1.0,712778.6230684671,0.6742857142857143,3494,7 8 2795 7589 3 8372 -53,0.3333333333333333 0.0 0.6698927543813759 0.38317058854917024 0.08333333333333333 0.73889115368936 0.6305418719211823,340431.7842524384,0.6561904761904762,4923,19 10 234 527 1 1122 -148,1.0 0.004987531172069825 0.0 0.006349714529640894 0.027777777777777776 0.0 0.1625615763546798,1000508.0431710908,0.017142857142857144,5943
resolved-p21d-c7d-3600-1st/nsp-n40-d28-r0.10-rp2-fp2-s5,8 271 615 677 107 2592 -24,0.0 0.0 0.3957322987390883 0.23041825095057034 0.39805825242718446 0.9030303030303031 0.0,4236.577366614474,0.03333333333333333,4576,16 283 626 708 120 2572 -22,0.6153846153846154 0.041379310344827586 0.4064015518913676 0.2539923954372624 0.5242718446601942 0.8878787878787879 0.018518518518518517,623901.8788243124,0.02023809523809524,4016,16 283 626 708 120 2581 -24,0.6153846153846154 0.041379310344827586 0.4064015518913676 0.2539923954372624 0.5242718446601942 0.8946969696969697 0.0,623901.928487612,0.02023809523809524,4007,15 274 619 432 111 2429 -10,0.5384615384615384 0.010344827586206896 0.39961202715809896 0.04410646387832699 0.4368932038834951 0.7795454545454545 0.12962962962962962,543587.8623601819,0.02023809523809524,4204,14 466 883 1045 125 2434 51,0.46153846153846156 0.6724137931034483 0.6556741028128031 0.5102661596958175 0.5728155339805825 0.7833333333333333 0.6944444444444444,535912.6573678061,0.225,891,12 560 1238 1509 169 2720 39,0.3076923076923077 0.996551724137931 1.0 0.8631178707224335 1.0 1.0 0.5833333333333334,418321.18131015653,0.32857142857142857,1064,15 274 615 462 113 2398 -14,0.5384615384615384 0.010344827586206896 0.3957322987390883 0.06692015209125475 0.4563106796116505 0.7560606060606061 0.09259259259259259,543573.5486262556,0.02023809523809524,4425,14 466 886 1045 125 2434 51,0.46153846153846156 0.6724137931034483 0.6585838991270611 0.5102661596958175 0.5728155339805825 0.7833333333333333 0.6944444444444444,535941.7553309486,0.225,890,12 560 1238 1509 169 2720 39,0.3076923076923077 0.996551724137931 1.0 0.8631178707224335 1.0 1.0 0.5833333333333334,418321.18131015653,0.32857142857142857,1064,15 274 618 495 112 2416 -3,0.5384615384615384 0.010344827586206896 0.39864209505334625 0.09201520912547528 0.44660194174757284 0.7696969696969697 0.19444444444444445,543627.0089881342,0.02023809523809524,4277,13 540 1132 1273 151 2368 36,0.38461538461538464 0.9275862068965517 0.8971871968962173 0.6836501901140685 0.8252427184466019 0.7333333333333333 0.5555555555555556,487119.9406248496,0.225,898,12 561 1034 1689 164 2614 46,0.3076923076923077 1.0 0.8021338506304558 1.0 0.9514563106796117 0.9196969696969697 0.6481481481481481,416818.6369475253,0.2119047619047619,1046,21 402 651 991 155 2109 32,1.0 0.4517241379310345 0.4306498545101843 0.4692015209125475 0.8640776699029126 0.5371212121212121 0.5185185185185185,1050040.4113567478,0.02023809523809524,3693,17 325 396 466 77 1415 84,0.6923076923076923 0.18620689655172415 0.18331716779825413 0.0699619771863118 0.10679611650485436 0.011363636363636364 1.0,712843.3088660476,0.7380952380952381,7272,18 345 209 386 67 1416 48,0.7692307692307693 0.25517241379310346 0.0019398642095053346 0.009125475285171103 0.009708737864077669 0.012121212121212121 0.6666666666666666,794778.2934800341,0.7380952380952381,7764,21 402 642 982 151 2102 29,1.0 0.4517241379310345 0.4219204655674103 0.4623574144486692 0.8252427184466019 0.5318181818181819 0.49074074074074076,1049942.30905763,0.02023809523809524,3739,17 319 373 463 82 1446 84,0.6923076923076923 0.16551724137931034 0.16100872938894278 0.06768060836501902 0.1553398058252427 0.03484848484848485 1.0,710554.0668133087,0.7380952380952381,7650,18 346 207 374 66 1400 47,0.7692307692307693 0.25862068965517243 0.0 0.0 0.0 0.0 0.6574074074074074,795093.4956036939,0.7380952380952381,7471,15 279 730 642 120 2707 -7,0.5384615384615384 0.027586206896551724 0.507274490785645 0.20380228136882128 0.5242718446601942 0.9901515151515151 0.1574074074074074,546559.1924474437,0.02023809523809524,3793
resolved-p21d-c7d-3600-1st/nsp-n20-d28-r0.10-rp2-fp2-s0,0 0 0 0 0 59 -77,0.0 0.0 0.0 0.0 0.0 0.0 0.08928571428571429,0.08928571428571429,0.2523809523809524,241,0 0 0 0 0 61 -72,0.0 0.0 0.0 0.0 0.0 0.00881057268722467 0.17857142857142858,0.26667715544367526,0.20952380952380953,205,0 0 0 0 0 74 -65,0.0 0.0 0.0 0.0 0.0 0.06607929515418502 0.30357142857142855,0.9643643801132789,0.14761904761904762,163,0 0 0 0 0 90 -70,0.0 0.0 0.0 0.0 0.0 0.13656387665198239 0.21428571428571427,1.579924480805538,0.09047619047619047,111,0 0 0 0 0 91 -35,0.0 0.0 0.0 0.0 0.0 0.14096916299559473 0.8392857142857143,2.2489773442416614,0.27380952380952384,15,0 0 0 0 0 90 -77,0.0 0.0 0.0 0.0 0.0 0.13656387665198239 0.08928571428571429,1.454924480805538,0.09047619047619047,77,0 0 0 0 0 90 -82,0.0 0.0 0.0 0.0 0.0 0.13656387665198239 0.0,1.3656387665198237,0.09047619047619047,91,0 0 0 0 0 94 -49,0.0 0.0 0.0 0.0 0.0 0.15418502202643172 0.5892857142857143,2.1311359345500316,0.26666666666666666,20,0 0 0 0 0 90 -75,0.0 0.0 0.0 0.0 0.0 0.13656387665198239 0.125,1.4906387665198237,0.09047619047619047,82,0 0 0 0 0 90 -82,0.0 0.0 0.0 0.0 0.0 0.13656387665198239 0.0,1.3656387665198237,0.09047619047619047,102,0 0 0 0 0 85 -30,0.0 0.0 0.0 0.0 0.0 0.1145374449339207 0.9285714285714286,2.073945877910636,0.29285714285714287,11,0 0 0 0 0 90 -81,0.0 0.0 0.0 0.0 0.0 0.13656387665198239 0.017857142857142856,1.3834959093769665,0.09047619047619047,101,0 0 0 0 0 286 -26,0.0 0.0 0.0 0.0 0.0 1.0 1.0,11.0,0.36904761904761907,72,0 0 0 0 0 85 -31,0.0 0.0 0.0 0.0 0.0 0.1145374449339207 0.9107142857142857,2.0560887350534927,0.5642857142857143,115,0 0 0 0 0 203 -39,0.0 0.0 0.0 0.0 0.0 0.6343612334801763 0.7678571428571429,7.111469477658906,0.2714285714285714,157,0 0 0 0 0 286 -26,0.0 0.0 0.0 0.0 0.0 1.0 1.0,11.0,0.36904761904761907,72,0 0 0 0 0 85 -31,0.0 0.0 0.0 0.0 0.0 0.1145374449339207 0.9107142857142857,2.0560887350534927,0.5642857142857143,115,0 0 0 0 0 203 -39,0.0 0.0 0.0 0.0 0.0 0.6343612334801763 0.7678571428571429,7.111469477658906,0.2714285714285714,157,0 0 0 0 0 90 -49,0.0 0.0 0.0 0.0 0.0 0.13656387665198239 0.5892857142857143,1.9549244808055382,0.10952380952380952,75
resolved-p21d-c7d-3600-1st/nsp-n10-d28-r0.10-rp0-fp0-s1,0 1 0 1 0 70 -38,0.0 0.0 0.0 0.0049261083743842365 0.0 0.0 0.0,4.926108374384237,0.40476190476190477,7375,0 1 0 2 0 82 -26,0.0 0.0 0.0 0.009852216748768473 0.0 0.02185792349726776 0.3157894736842105,10.386585457425362,0.24761904761904763,11660,0 1 0 2 0 83 -29,0.0 0.0 0.0 0.009852216748768473 0.0 0.023679417122040074 0.23684210526315788,10.325853025252032,0.2761904761904762,11658,8 1 1 0 0 75 -29,1.0 0.0 0.008403361344537815 0.0 0.0 0.009107468123861567 0.23684210526315788,1000084.3615302319,0.009523809523809525,4044,0 20 67 130 16 357 -14,0.0 0.3114754098360656 0.5630252100840336 0.6403940886699507 0.3404255319148936 0.5227686703096539 0.631578947368421,37458.0889919588,0.5238095238095238,17051,0 1 0 0 0 98 -29,0.0 0.0 0.0 0.0 0.0 0.051001821493624776 0.23684210526315788,0.7468603201994056,0.19523809523809524,16046,8 1 1 0 0 77 -29,1.0 0.0 0.008403361344537815 0.0 0.0 0.012750455373406194 0.23684210526315788,1000084.3979601044,0.009523809523809525,4043,0 1 3 14 0 166 -6,0.0 0.0 0.025210084033613446 0.06896551724137931 0.0 0.17486338797814208 0.8421052631578947,323.65709672045307,0.580952380952381,21817,0 1 0 0 0 98 -29,0.0 0.0 0.0 0.0 0.0 0.051001821493624776 0.23684210526315788,0.7468603201994056,0.19523809523809524,16046,8 1 1 0 0 77 -29,1.0 0.0 0.008403361344537815 0.0 0.0 0.012750455373406194 0.23684210526315788,1000084.3979601044,0.009523809523809525,4043,0 1 3 24 2 190 -8,0.0 0.0 0.025210084033613446 0.11822660098522167 0.0425531914893617 0.2185792349726776 0.7894736842105263,377.5580265042296,0.49523809523809526,21714,0 1 0 0 0 98 -29,0.0 0.0 0.0 0.0 0.0 0.051001821493624776 0.23684210526315788,0.7468603201994056,0.19523809523809524,16046,8 1 1 0 0 75 -29,1.0 0.0 0.008403361344537815 0.0 0.0 0.009107468123861567 0.23684210526315788,1000084.3615302319,0.009523809523809525,2696,2 58 117 193 29 501 0,0.25 0.9344262295081968 0.9831932773109243 0.9507389162561576 0.6170212765957447 0.785063752276867 1.0,354295.8474053674,0.7952380952380952,31421,0 1 43 52 27 577 -2,0.0 0.0 0.36134453781512604 0.2561576354679803 0.574468085106383 0.9234972677595629 0.9473684210526315,3937.232163228527,0.6047619047619047,25190,8 1 1 0 0 76 -30,1.0 0.0 0.008403361344537815 0.0 0.0 0.01092896174863388 0.21052631578947367,1000084.3534293787,0.009523809523809525,2695,2 62 119 203 47 501 0,0.25 1.0 1.0 1.0 1.0 0.785063752276867 1.0,361108.85063752276,0.780952380952381,28887,0 1 52 58 32 619 -1,0.0 0.0 0.4369747899159664 0.2857142857142857 0.6808510638297872 1.0 0.9736842105263158,4734.520975467454,0.6333333333333333,24848,0 1 2 4 0 99 -23,0.0 0.0 0.01680672268907563 0.019704433497536946 0.0 0.052823315118397086 0.39473684210526316,188.69463038158247,0.1619047619047619,20785
resolved-p21d-c7d-3600-1st/nsp-n30-d28-r0.10-rp2-fp2-s6,12 119 500 422 128 1888 -24,0.6363636363636364 0.0 0.1968430826369545 0.11702127659574468 0.43529411764705883 0.6717770034843206 0.0,638499.3356484012,0.01746031746031746,9106,12 119 502 423 129 1888 -23,0.6363636363636364 0.0 0.19870009285051068 0.11790780141843972 0.4411764705882353 0.6717770034843206 0.010416666666666666,638519.3909273202,0.01746031746031746,8888,12 119 492 402 125 1880 -17,0.6363636363636364 0.0 0.1894150417827298 0.09929078014184398 0.4176470588235294 0.6662020905923345 0.07291666666666667,638405.5772050604,0.01746031746031746,9206,12 119 389 290 101 1646 -19,0.6363636363636364 0.0 0.09377901578458682 0.0 0.27647058823529413 0.5031358885017422 0.052083333333333336,637334.1570225242,0.01746031746031746,4525,5 342 934 1418 164 2274 9,0.0 0.9369747899159664 0.5998142989786444 1.0 0.6470588235294118 0.9407665505226481 0.34375,100770.07927924125,0.3349206349206349,2951,5 350 1365 1266 224 2359 23,0.0 0.9705882352941176 1.0 0.8652482269503546 1.0 1.0 0.4895833333333333,108034.56133969544,0.5444444444444444,2563,12 119 364 334 106 1586 -16,0.6363636363636364 0.0 0.07056638811513463 0.03900709219858156 0.3058823529411765 0.46132404181184666 0.08333333333333333,637143.5921460319,0.01746031746031746,3517,5 357 856 1249 161 2159 23,0.0 1.0 0.5273909006499535 0.850177304964539 0.6294117647058823 0.8606271777003485 0.4895833333333333,106196.123343045,0.2492063492063492,2666,5 351 1128 1268 161 2170 10,0.0 0.9747899159663865 0.7799442896935933 0.8670212765957447 0.6294117647058823 0.8682926829268293 0.3541666666666667,106217.43404013685,0.3380952380952381,2501,12 119 364 334 106 1586 -18,0.6363636363636364 0.0 0.07056638811513463 0.03900709219858156 0.3058823529411765 0.46132404181184666 0.0625,637143.5713126985,0.01746031746031746,3518,5 342 934 1418 164 2274 9,0.0 0.9369747899159664 0.5998142989786444 1.0 0.6470588235294118 0.9407665505226481 0.34375,100770.07927924125,0.33174603174603173,2952,5 351 1128 1248 161 2170 10,0.0 0.9747899159663865 0.7799442896935933 0.849290780141844 0.6294117647058823 0.8682926829268293 0.3541666666666667,106199.70354368295,0.3380952380952381,2502,12 158 575 559 146 1769 14,0.6363636363636364 0.1638655462184874 0.26648096564531104 0.23847517730496454 0.5411764705882353 0.5888501742160279 0.3958333333333333,655713.8778013774,0.01746031746031746,5653,12 319 386 449 80 924 70,0.6363636363636364 0.8403361344537815 0.09099350046425256 0.14095744680851063 0.15294117647058825 0.0 0.9791666666666666,721464.4155447793,0.7412698412698413,7631,16 319 288 420 56 1016 72,1.0 0.8403361344537815 0.0 0.11524822695035461 0.011764705882352941 0.06411149825783972 1.0,1084151.6792578993,0.7380952380952381,7521,12 158 560 537 143 1773 12,0.6363636363636364 0.1638655462184874 0.2525533890436397 0.21897163120567376 0.5235294117647059 0.5916376306620209 0.375,655553.3408246102,0.01746031746031746,5787,12 313 399 505 79 952 64,0.6363636363636364 0.8151260504201681 0.10306406685236769 0.19060283687943264 0.14705882352941177 0.01951219512195122 0.9166666666666666,719113.302582027,0.7412698412698413,7792,16 316 291 418 54 1016 70,1.0 0.8277310924369747 0.002785515320334262 0.11347517730496454 0.0 0.06411149825783972 0.9791666666666666,1082916.059855855,0.7380952380952381,8064,12 119 400 385 119 1630 -8,0.6363636363636364 0.0 0.10399257195914577 0.08421985815602837 0.38235294117647056 0.49198606271777 0.16666666666666666,637531.1037627953,0.01746031746031746,8540
resolved-p21d-c7d-3600-1st/nsp-n20-d28-r0.10-rp2-fp2-s5,1 6 10 13 0 125 -23,0.09090909090909091 0.03787878787878788 0.014388489208633094 0.007306889352818371 0.0 0.03197278911564626 0.0975609756097561,94848.57876727561,0.06666666666666667,16878,10 5 4 6 0 78 -35,0.9090909090909091 0.030303030303030304 0.0 0.0 0.0 0.0 0.0,912121.212121212,0.011904761904761904,16441,10 5 4 6 0 78 -35,0.9090909090909091 0.030303030303030304 0.0 0.0 0.0 0.0 0.0,912121.212121212,0.011904761904761904,16441,10 7 42 220 0 206 -14,0.9090909090909091 0.045454545454545456 0.09112709832134293 0.22338204592901878 0.0 0.08707482993197278 0.17073170731707318,914772.0581455127,0.011904761904761904,21737,7 133 207 223 20 411 1,0.6363636363636364 1.0 0.486810551558753 0.2265135699373695 0.7407407407407407 0.22653061224489796 0.2926829268292683,741534.8875122846,0.23095238095238096,19991,4 117 192 215 27 561 11,0.36363636363636365 0.8787878787878788 0.45083932853717024 0.21816283924843424 1.0 0.32857142857142857 0.37398373983739835,456345.3673377972,0.29523809523809524,19582,11 7 89 385 0 345 -22,1.0 0.045454545454545456 0.2038369304556355 0.395615866388309 0.0 0.1816326530612245 0.10569105691056911,1006981.3617339868,0.011904761904761904,18251,8 75 146 105 4 374 30,0.7272727272727273 0.5606060606060606 0.3405275779376499 0.10334029227557412 0.14814814814814814 0.20136054421768707 0.5284552845528455,786859.3062805269,0.4119047619047619,19850,6 95 156 165 25 556 26,0.5454545454545454 0.7121212121212122 0.3645083932853717 0.16597077244258873 0.9259259259259259 0.3251700680272109 0.4959349593495935,620574.0616001951,0.29523809523809524,19468,10 7 42 233 0 219 -9,0.9090909090909091 0.045454545454545456 0.09112709832134293 0.23695198329853862 0.0 0.09591836734693877 0.21138211382113822,914785.7571686629,0.011904761904761904,21628,7 133 207 219 20 415 1,0.6363636363636364 1.0 0.486810551558753 0.22233820459290188 0.7407407407407407 0.22925170068027212 0.2926829268292683,741530.7393578244,0.23095238095238096,19993,4 117 192 215 27 561 11,0.36363636363636365 0.8787878787878788 0.45083932853717024 0.21816283924843424 1.0 0.32857142857142857 0.37398373983739835,456345.3673377972,0.29523809523809524,19582,7 17 415 954 5 1548 87,0.6363636363636364 0.12121212121212122 0.9856115107913669 0.9895615866388309 0.18518518518518517 1.0 0.991869918699187,659360.0355678382,0.5333333333333333,13828,0 2 231 86 6 1072 22,0.0 0.007575757575757576 0.5443645083932853 0.08350730688935282 0.2222222222222222 0.6761904761904762 0.4634146341463415,6314.175690016237,0.638095238095238,14813,0 1 40 50 2 379 22,0.0 0.0 0.08633093525179857 0.04592901878914405 0.07407407407407407 0.20476190476190476 0.4634146341463415,919.1568123963025,0.7047619047619048,14309,7 21 421 964 5 1516 88,0.6363636363636364 0.15151515151515152 1.0 1.0 0.18518518518518517 0.9782312925170068 1.0,662544.4523465952,0.5238095238095238,14285,0 2 231 91 7 1087 21,0.0 0.007575757575757576 0.5443645083932853 0.08872651356993737 0.25925925925925924 0.6863945578231293 0.45528455284552843,6323.192511135551,0.638095238095238,14748,0 1 34 61 5 359 33,0.0 0.0 0.07194244604316546 0.05741127348643006 0.18518518518518517 0.19115646258503402 0.5528455284552846,797.8186625909088,0.7023809523809523,15215,10 5 4 6 0 79 -20,0.9090909090909091 0.030303030303030304 0.0 0.0 0.0 0.0006802721088435374 0.12195121951219512,912121.3408751527,0.011904761904761904,19198
resolved-p21d-c7d-3600-1st/nsp-n40-d28-r0.10-rp2-fp2-s6,11 9 107 28 1 626 -112,0.42857142857142855 0.0 0.012025012025012025 0.0002222716159146477 0.005494505494505495 0.019393939393939394 0.07657657657657657,428692.7209298145,0.01904761904761905,9714,11 10 138 26 0 711 -118,0.42857142857142855 0.037037037037037035 0.026936026936026935 0.0 0.0 0.034112554112554115 0.04954954954954955,432544.8832195832,0.01904761904761905,8820,11 10 136 28 0 690 -115,0.42857142857142855 0.037037037037037035 0.025974025974025976 0.0002222716159146477 0.0 0.030476190476190476 0.06306306306306306,432535.4626314562,0.01904761904761905,9028,11 9 197 75 2 974 -119,0.42857142857142855 0.0 0.05531505531505532 0.005445654589908869 0.01098901098901099 0.07965367965367966 0.04504504504504504,429131.9652621095,0.01904761904761905,8018,8 36 448 488 1 1358 -90,0.0 1.0 0.17604617604617603 0.05134474327628362 0.005494505494505495 0.14614718614718614 0.17567567567567569,101813.99310182464,0.05119047619047619,1177,11 29 505 764 1 1490 -112,0.42857142857142855 0.7407407407407407 0.20346320346320346 0.082018226272505 0.005494505494505495 0.16900432900432902 0.07657657657657657,504764.4689768232,0.03571428571428571,886,11 9 150 31 2 751 -107,0.42857142857142855 0.0 0.03270803270803271 0.0005556790397866192 0.01098901098901099 0.04103896103896104 0.0990990990990991,428900.67296735704,0.01904761904761905,10263,8 36 448 488 1 1358 -90,0.0 1.0 0.17604617604617603 0.05134474327628362 0.005494505494505495 0.14614718614718614 0.17567567567567569,101813.99310182464,0.05119047619047619,1177,11 29 505 764 1 1490 -112,0.42857142857142855 0.7407407407407407 0.20346320346320346 0.082018226272505 0.005494505494505495 0.16900432900432902 0.07657657657657657,504764.4689768232,0.03571428571428571,886,11 9 150 32 2 751 -111,0.42857142857142855 0.0 0.03270803270803271 0.0006668148477439431 0.01098901098901099 0.04103896103896104 0.08108108108108109,428900.766085147,0.01904761904761905,10205,8 36 448 488 1 1358 -90,0.0 1.0 0.17604617604617603 0.05134474327628362 0.005494505494505495 0.14614718614718614 0.17567567567567569,101813.99310182464,0.05119047619047619,1177,11 29 505 764 1 1490 -112,0.42857142857142855 0.7407407407407407 0.20346320346320346 0.082018226272505 0.005494505494505495 0.16900432900432902 0.07657657657657657,504764.4689768232,0.03571428571428571,886,15 19 2161 9024 3 6289 28,1.0 0.37037037037037035 1.0 1.0 0.016483516483516484 1.0 0.7072072072072072,1048049.3925958925,0.6142857142857143,5643,12 11 1679 5762 156 5011 68,0.5714285714285714 0.07407407407407407 0.7681577681577682 0.6374749944432097 0.8571428571428571 0.7787012987012987 0.8873873873873874,587249.4201980884,0.6619047619047619,5949,10 20 1552 4666 21 5150 93,0.2857142857142857 0.4074074074074074 0.7070707070707071 0.5156701489219827 0.11538461538461539 0.8027705627705628 1.0,334061.96984182164,0.6392857142857142,7755,14 29 2146 7504 6 6238 59,0.8571428571428571 0.7407407407407407 0.9927849927849928 0.8310735719048677 0.03296703296703297 0.9911688311688311 0.8468468468468469,941989.9099551411,0.6142857142857143,6209,11 10 1632 5601 182 4889 81,0.42857142857142855 0.037037037037037035 0.7455507455507455 0.6195821293620805 1.0 0.7575757575757576 0.9459459459459459,440458.74356352346,0.6619047619047619,6200,10 20 1552 4666 21 5150 93,0.2857142857142857 0.4074074074074074 0.7070707070707071 0.5156701489219827 0.11538461538461539 0.8027705627705628 1.0,334061.96984182164,0.6392857142857142,7755,11 9 82 27 0 514 -129,0.42857142857142855 0.0 0.0 0.00011113580795732385 0.0 0.0 0.0,428571.53970723646,0.01904761904761905,10360
resolved-p21d-c7d-3600-1st/nsp-n30-d28-r0.10-rp2-fp2-s1,13 9 82 226 19 1103 -42,1.0 0.049723756906077346 0.0984251968503937 0.03647833241908941 0.18055555555555555 0.14042171377299237 0.061946902654867256,1006012.6277111267,0.014285714285714285,9780,13 9 92 229 18 1289 -11,1.0 0.049723756906077346 0.1115485564304462 0.03730115194733955 0.16666666666666666 0.22386720502467475 0.336283185840708,1006144.4040287622,0.014285714285714285,9466,13 8 73 180 35 1094 -23,1.0 0.04419889502762431 0.08661417322834646 0.023861766319253977 0.4027777777777778 0.1363840287124271 0.23008849557522124,1005351.7647079256,0.014285714285714285,10623,13 3 7 93 17 790 -49,1.0 0.016574585635359115 0.0 0.0 0.1527777777777778 0.0 0.0,1001672.7363413137,0.014285714285714285,3968,12 168 272 428 64 1359 7,0.9230769230769231 0.9281767955801105 0.34776902887139105 0.09188151398793198 0.8055555555555556 0.25527142216240467 0.49557522123893805,1019547.7782826344,0.1253968253968254,1488,9 181 509 525 71 1632 -12,0.6923076923076923 1.0 0.6587926509186351 0.11848601206801974 0.9027777777777778 0.3777478689995514 0.3274336283185841,799108.4875190427,0.1619047619047619,1752,13 3 7 93 17 790 -49,1.0 0.016574585635359115 0.0 0.0 0.1527777777777778 0.0 0.0,1001672.7363413137,0.014285714285714285,3968,12 168 271 429 64 1359 7,0.9230769230769231 0.9281767955801105 0.3464566929133858 0.09215578716401536 0.8055555555555556 0.25527142216240467 0.49557522123893805,1019534.9291962305,0.1253968253968254,1489,9 181 405 539 78 1526 12,0.6923076923076923 1.0 0.5223097112860893 0.12232583653318706 1.0 0.3301929116195603 0.5398230088495575,797756.9570092114,0.1619047619047619,1782,13 3 7 93 17 790 -49,1.0 0.016574585635359115 0.0 0.0 0.1527777777777778 0.0 0.0,1001672.7363413137,0.014285714285714285,3968,12 168 271 429 64 1359 7,0.9230769230769231 0.9281767955801105 0.3464566929133858 0.09215578716401536 0.8055555555555556 0.25527142216240467 0.49557522123893805,1019534.9291962305,0.1253968253968254,1489,9 181 405 539 78 1526 12,0.6923076923076923 1.0 0.5223097112860893 0.12232583653318706 1.0 0.3301929116195603 0.5398230088495575,797756.9570092114,0.1619047619047619,1782,13 3 8 93 17 812 -45,1.0 0.016574585635359115 0.0013123359580052493 0.0 0.1527777777777778 0.00986989681471512 0.035398230088495575,1001685.993798092,0.014285714285714285,5686,0 0 769 3739 6 3019 37,0.0 0.0 1.0 1.0 0.0 1.0 0.7610619469026548,11010.761061946903,0.6888888888888889,3464,0 0 612 1691 14 2597 64,0.0 0.0 0.7939632545931758 0.43828853538123974 0.1111111111111111 0.8106774338268282 1.0,8398.138966762377,0.6460317460317461,4219,13 3 11 95 17 797 -45,1.0 0.016574585635359115 0.005249343832020997 0.0005485463521667581 0.1527777777777778 0.0031404217137729925 0.035398230088495575,1001725.8451284333,0.014285714285714285,5526,0 0 747 3433 6 2972 40,0.0 0.0 0.9711286089238845 0.916072408118486 0.0 0.9789143113503813 0.7876106194690266,10637.935251090305,0.6888888888888889,3559,0 0 693 2365 10 2803 40,0.0 0.0 0.9002624671916011 0.6231486560614372 0.05555555555555555 0.9030955585464334 0.7876106194690266,9641.147449737937,0.6460317460317461,3611,13 4 13 107 17 828 -21,1.0 0.022099447513812154 0.007874015748031496 0.0038398244651673065 0.1527777777777778 0.01704800358905339 0.24778761061946902,1002308.220778751,0.014285714285714285,13668
resolved-p21d-c7d-3600-1st/nsp-n50-d28-r0.10-rp2-fp2-s0,6 162 2228 1171 186 5797 -130,0.0 0.46445497630331756 0.20462633451957296 0.9124293785310734 0.8493150684931506 0.4586762075134168 0.0,49493.708622983,0.05904761904761905,3946,17 192 2154 1009 195 5214 -112,0.5789473684210527 0.6066350710900474 0.16073546856465007 0.6836158192090396 0.9726027397260274 0.25008944543828265 0.11612903225806452,642001.7233323723,0.014285714285714285,4826,17 192 2111 1013 197 5174 -101,0.5789473684210527 0.6066350710900474 0.13523131672597866 0.6892655367231638 1.0 0.23577817531305903 0.1870967741935484,641754.9991125677,0.014285714285714285,5266,17 191 1883 707 187 4515 -29,0.5789473684210527 0.6018957345971564 0.0 0.2570621468926554 0.863013698630137 0.0 0.6516129032258065,639480.9570104273,0.014285714285714285,2846,19 193 2335 1099 167 5652 -119,0.6842105263157895 0.6113744075829384 0.2680901542111507 0.8107344632768362 0.589041095890411 0.4067978533094812 0.07096774193548387,748902.6461353357,0.014285714285714285,3298,19 193 2334 1101 167 5652 -122,0.6842105263157895 0.6113744075829384 0.267497034400949 0.8135593220338984 0.589041095890411 0.4067978533094812 0.05161290322580645,748899.520441152,0.014285714285714285,3475,17 191 1883 707 187 4515 -29,0.5789473684210527 0.6018957345971564 0.0 0.2570621468926554 0.863013698630137 0.0 0.6516129032258065,639480.9570104273,0.014285714285714285,2846,19 193 2334 1108 168 5652 -121,0.6842105263157895 0.6113744075829384 0.267497034400949 0.8234463276836158 0.6027397260273972 0.4067978533094812 0.05806451612903226,748910.7837614283,0.014285714285714285,3422,19 193 2334 1101 167 5647 -121,0.6842105263157895 0.6113744075829384 0.267497034400949 0.8135593220338984 0.589041095890411 0.40500894454382824 0.05806451612903226,748899.5090036773,0.014285714285714285,3478,17 191 1883 707 187 4515 -29,0.5789473684210527 0.6018957345971564 0.0 0.2570621468926554 0.863013698630137 0.0 0.6516129032258065,639480.9570104273,0.014285714285714285,2846,19 193 2334 1104 168 5652 -120,0.6842105263157895 0.6113744075829384 0.267497034400949 0.8177966101694916 0.6027397260273972 0.4067978533094812 0.06451612903225806,748905.1404955271,0.014285714285714285,3453,19 193 2334 1100 167 5651 -122,0.6842105263157895 0.6113744075829384 0.267497034400949 0.8121468926553672 0.589041095890411 0.40644007155635065 0.05161290322580645,748898.104433956,0.014285714285714285,3498,25 265 2566 1204 188 5152 -42,1.0 0.95260663507109 0.40510083036773425 0.9590395480225988 0.8767123287671232 0.22790697674418606 0.567741935483871,1100361.2294033887,0.014285714285714285,3071,10 64 3468 564 172 7310 7,0.21052631578947367 0.0 0.9400948991696323 0.05508474576271186 0.6575342465753424 1.0 0.8838709677419355,220058.98682255798,0.7666666666666667,5619,10 158 3564 844 126 6699 25,0.21052631578947367 0.44549763033175355 0.9970344009489917 0.4505649717514124 0.0273972602739726 0.7813953488372093 1.0,265508.54148340615,0.7647619047619048,4544,25 275 2903 1233 180 5414 -34,1.0 1.0 0.604982206405694 1.0 0.7671232876712328 0.3216457960644007 0.6193548387096774,1107130.3702056233,0.014285714285714285,2787,10 64 3527 525 179 6852 -8,0.21052631578947367 0.0 0.9750889679715302 0.0 0.7534246575342466 0.8361359570661896 0.7870967741935484,220361.69639128726,0.7666666666666667,5448,10 158 3569 809 124 6689 22,0.21052631578947367 0.44549763033175355 1.0 0.4011299435028249 0.0 0.7778175313059034 0.9806451612903225,265485.9675866262,0.7647619047619048,4540,17 193 1946 828 186 4900 -66,0.5789473684210527 0.6113744075829384 0.037366548042704624 0.4279661016949153 0.8493150684931506 0.13774597495527727 0.4129032258064516,640973.1626312932,0.014285714285714285,6216
resolved-p21d-c7d-3600-1st/nsp-n50-d28-r0.10-rp2-fp2-s9,0 0 0 0 0 391 -141,0.0 0.0 0.0 0.0 0.0 0.0 0.2033898305084746,0.2033898305084746,0.1895238095238095,234,0 0 0 0 0 513 -125,0.0 0.0 0.0 0.0 0.0 0.12448979591836734 0.4745762711864407,1.719474230370114,0.15428571428571428,155,0 0 0 0 0 495 -139,0.0 0.0 0.0 0.0 0.0 0.10612244897959183 0.23728813559322035,1.2985126253891386,0.15619047619047619,176,0 0 0 0 0 759 -118,0.0 0.0 0.0 0.0 0.0 0.37551020408163266 0.5932203389830508,4.348322379799377,0.13047619047619047,24,0 0 0 0 0 578 -127,0.0 0.0 0.0 0.0 0.0 0.19081632653061226 0.4406779661016949,2.3488412314078175,0.36095238095238097,11,0 0 0 0 0 892 -99,0.0 0.0 0.0 0.0 0.0 0.5112244897959184 0.9152542372881356,6.02749913524732,0.12666666666666668,32,0 0 0 0 0 821 -110,0.0 0.0 0.0 0.0 0.0 0.4387755102040816 0.7288135593220338,5.11656866136285,0.12476190476190477,38,0 0 0 0 0 568 -153,0.0 0.0 0.0 0.0 0.0 0.18061224489795918 0.0,1.806122448979592,0.3438095238095238,14,0 0 0 0 0 730 -115,0.0 0.0 0.0 0.0 0.0 0.34591836734693876 0.6440677966101694,4.103251470079557,0.1361904761904762,49,0 0 0 0 0 803 -104,0.0 0.0 0.0 0.0 0.0 0.4204081632653061 0.8305084745762712,5.034590107229333,0.12761904761904763,41,0 0 0 0 0 577 -124,0.0 0.0 0.0 0.0 0.0 0.18979591836734694 0.4915254237288136,2.389484607402283,0.31238095238095237,15,0 0 0 0 0 772 -118,0.0 0.0 0.0 0.0 0.0 0.38877551020408163 0.5932203389830508,4.480975441023867,0.12857142857142856,39,0 0 0 0 0 1304 -94,0.0 0.0 0.0 0.0 0.0 0.9316326530612244 1.0,10.316326530612244,0.42095238095238097,133,0 0 0 0 0 553 -111,0.0 0.0 0.0 0.0 0.0 0.1653061224489796 0.711864406779661,2.364925631269457,0.6561904761904762,128,0 0 0 0 0 1371 -115,0.0 0.0 0.0 0.0 0.0 1.0 0.6440677966101694,10.64406779661017,0.43333333333333335,109,0 0 0 0 0 1304 -94,0.0 0.0 0.0 0.0 0.0 0.9316326530612244 1.0,10.316326530612244,0.42095238095238097,133,0 0 0 0 0 599 -140,0.0 0.0 0.0 0.0 0.0 0.21224489795918366 0.22033898305084745,2.3427879626426837,0.6580952380952381,104,0 0 0 0 0 1371 -115,0.0 0.0 0.0 0.0 0.0 1.0 0.6440677966101694,10.64406779661017,0.43333333333333335,109,0 0 0 0 0 539 -133,0.0 0.0 0.0 0.0 0.0 0.1510204081632653 0.3389830508474576,1.8491871324801108,0.11047619047619048,22
