,lnps-10-org-obj,lnps-10-nrm-obj,lnps-10-obj,lnps-10-diff,lnps-10-freq,lnps-30-org-obj,lnps-30-nrm-obj,lnps-30-obj,lnps-30-diff,lnps-30-freq,lnps-60-org-obj,lnps-60-nrm-obj,lnps-60-obj,lnps-60-diff,lnps-60-freq,mp-is-p-hi-org-obj,mp-is-p-hi-nrm-obj,mp-is-p-hi-obj,mp-is-p-hi-diff,mp-is-p-hi-freq,mp-is-p-low-org-obj,mp-is-p-low-nrm-obj,mp-is-p-low-obj,mp-is-p-low-diff,mp-is-p-low-freq,mp-is-p-mid-org-obj,mp-is-p-mid-nrm-obj,mp-is-p-mid-obj,mp-is-p-mid-diff,mp-is-p-mid-freq,mp-p-hi-org-obj,mp-p-hi-nrm-obj,mp-p-hi-obj,mp-p-hi-diff,mp-p-hi-freq,mp-p-low-org-obj,mp-p-low-nrm-obj,mp-p-low-obj,mp-p-low-diff,mp-p-low-freq,mp-p-mid-org-obj,mp-p-mid-nrm-obj,mp-p-mid-obj,mp-p-mid-diff,mp-p-mid-freq
resolved-p14d-c14d-paper/resolved-p14d-c14d-3600-2nd/nsp-n50-d28-r0.10-rp2-fp2-s8,31 292 8455 591 23 6912 42,1.0 0.984251968503937 1.0 0.9967741935483871 1.0 0.9795918367346939 0.984251968503937,1109532.751214278,0.0,457.0,31 294 8449 592 23 6920 44,1.0 1.0 0.9909365558912386 1.0 1.0 1.0 1.0,1111020.3655589123,0.0,427,31 292 8455 591 23 6912 39,1.0 0.984251968503937 1.0 0.9967741935483871 1.0 0.9795918367346939 0.9606299212598425,1109532.7275922308,0.0,459,31 167 7889 291 11 6689 -80,1.0 0.0 0.14501510574018128 0.02903225806451613 0.0 0.4107142857142857 0.023622047244094488,1001483.3140803707,0.0,585,31 167 7875 290 11 6651 -81,1.0 0.0 0.12386706948640483 0.025806451612903226 0.0 0.3137755102040816 0.015748031496062992,1001267.6306496105,0.0,590,31 167 7823 289 11 6571 -83,1.0 0.0 0.045317220543806644 0.02258064516129032 0.0 0.1096938775510204 0.0,1000476.8497893749,0.0,600,30 171 7793 282 11 6528 -78,0.0 0.031496062992125984 0.0 0.0 0.0 0.0 0.03937007874015748,3149.645669291339,0.0,624,31 167 7824 289 11 6570 -81,1.0 0.0 0.04682779456193353 0.02258064516129032 0.0 0.10714285714285714 0.015748031496062992,1000491.9457673836,0.0,598,31 167 7822 288 11 6569 -83,1.0 0.0 0.04380664652567976 0.01935483870967742 0.0 0.10459183673469388 0.0,1000458.4672223338,0.0,604
resolved-p14d-c14d-paper/resolved-p14d-c14d-3600-2nd/nsp-n30-d28-r0.10-rp2-fp2-s5,0 0 1265 12704 0 4114 -103,0.0 0.0 0.0 0.8172131147540984 0.0 0.8636363636363636 0.2,826.0494783904621,0.0,93.0,0 0 1308 12905 0 4141 -108,0.0 0.0 0.5058823529411764 0.9819672131147541 0.0 1.0 0.0,6050.790742526519,0.0,80,0 0 1350 12927 0 4090 -107,0.0 0.0 1.0 1.0 0.0 0.7424242424242424 0.04,11007.464242424243,0.0,184,0 0 1280 11741 0 3951 -85,0.0 0.0 0.17647058823529413 0.027868852459016394 0.0 0.04040404040404041 0.92,1793.898775215998,0.0,322,0 0 1280 11783 0 3948 -86,0.0 0.0 0.17647058823529413 0.06229508196721312 0.0 0.025252525252525252 0.88,1828.1334895726795,0.0,313,0 0 1307 12095 0 3994 -91,0.0 0.0 0.49411764705882355 0.3180327868852459 0.0 0.25757575757575757 0.68,5262.465015049239,0.0,191,0 0 1280 11839 0 3959 -87,0.0 0.0 0.17647058823529413 0.10819672131147541 0.0 0.08080808080808081 0.84,1874.5506844724976,0.0,300,0 0 1280 11707 0 3943 -83,0.0 0.0 0.17647058823529413 0.0 0.0 0.0 1.0,1765.7058823529412,0.0,329,0 0 1280 11809 0 3959 -86,0.0 0.0 0.17647058823529413 0.08360655737704918 0.0 0.08080808080808081 0.88,1850.0005205380712,0.0,303
resolved-p14d-c14d-paper/resolved-p14d-c14d-3600-2nd/nsp-n40-d28-r0.10-rp2-fp2-s1,16 5 2309 20045 0 7114 -242,1.0 0.0 0.0 0.779467680608365 0.0 0.0 0.0,1000779.4676806084,0.0,351.0,15 5 2402 19430 0 7128 -231,0.0 0.0 0.4492753623188406 0.0 0.0 0.06896551724137931 1.0,4494.44327836082,0.0,704,15 5 2413 19628 0 7155 -235,0.0 0.0 0.5024154589371981 0.2509505703422053 0.0 0.2019704433497537 0.6363636363636364,5277.761227784047,0.0,652,16 5 2516 20219 0 7317 -236,1.0 0.0 1.0 1.0 0.0 1.0 0.5454545454545454,1011010.5454545454,0.0,339,16 5 2516 20219 0 7317 -236,1.0 0.0 1.0 1.0 0.0 1.0 0.5454545454545454,1011010.5454545454,0.0,339,16 5 2516 20219 0 7317 -236,1.0 0.0 1.0 1.0 0.0 1.0 0.5454545454545454,1011010.5454545454,0.0,339,16 5 2516 20219 0 7317 -236,1.0 0.0 1.0 1.0 0.0 1.0 0.5454545454545454,1011010.5454545454,0.0,339,16 5 2516 20219 0 7317 -236,1.0 0.0 1.0 1.0 0.0 1.0 0.5454545454545454,1011010.5454545454,0.0,339,16 5 2516 20219 0 7317 -236,1.0 0.0 1.0 1.0 0.0 1.0 0.5454545454545454,1011010.5454545454,0.0,339
resolved-p14d-c14d-paper/resolved-p14d-c14d-3600-2nd/nsp-n30-d28-r0.10-rp2-fp2-s4,10 4 1414 13911 0 4296 -100,0.0 0.0 1.0 0.8571428571428571 0.0 1.0 0.13333333333333333,10867.27619047619,0.0,656.0,10 4 1414 13911 0 4296 -99,0.0 0.0 1.0 0.8571428571428571 0.0 1.0 0.2,10867.342857142858,0.0,655,10 4 1414 13961 0 4292 -102,0.0 0.0 1.0 1.0 0.0 0.9655172413793104 0.0,11009.655172413793,0.0,650,10 4 1365 13611 0 4180 -87,0.0 0.0 0.0 0.0 0.0 0.0 1.0,1.0,0.0,523,10 4 1365 13611 0 4180 -94,0.0 0.0 0.0 0.0 0.0 0.0 0.5333333333333333,0.5333333333333333,0.0,529,10 4 1368 13611 0 4190 -89,0.0 0.0 0.061224489795918366 0.0 0.0 0.08620689655172414 0.8666666666666667,613.9736335913675,0.0,507,10 4 1368 13611 0 4190 -89,0.0 0.0 0.061224489795918366 0.0 0.0 0.08620689655172414 0.8666666666666667,613.9736335913675,0.0,507,10 4 1365 13611 0 4180 -87,0.0 0.0 0.0 0.0 0.0 0.0 1.0,1.0,0.0,523,10 4 1368 13611 0 4190 -89,0.0 0.0 0.061224489795918366 0.0 0.0 0.08620689655172414 0.8666666666666667,613.9736335913675,0.0,507
resolved-p14d-c14d-paper/resolved-p14d-c14d-3600-2nd/nsp-n10-d28-r0.10-rp0-fp0-s5,0 0 68 516 3 564 4,0.0 0.0 0.78 1.0 1.0 0.8157894736842105 0.47058823529411764,8908.628482972135,0.0,2028.0,0 0 60 164 3 528 13,0.0 0.0 0.62 0.07611548556430446 1.0 0.6263157894736842 1.0,6383.378643459041,0.0,2145,0 0 70 516 3 599 2,0.0 0.0 0.82 1.0 1.0 1.0 0.35294117647058826,9310.35294117647,0.0,1972,0 0 79 164 2 409 3,0.0 0.0 1.0 0.07611548556430446 0.0 0.0 0.4117647058823529,10076.527250270186,0.0,1718,0 0 29 135 2 438 3,0.0 0.0 0.0 0.0 0.0 0.15263157894736842 0.4117647058823529,1.9380804953560373,0.0,1973,0 0 29 135 2 441 4,0.0 0.0 0.0 0.0 0.0 0.16842105263157894 0.47058823529411764,2.154798761609907,0.0,1969,0 0 30 138 2 409 -4,0.0 0.0 0.02 0.007874015748031496 0.0 0.0 0.0,207.8740157480315,0.0,1869,0 0 79 166 3 450 3,0.0 0.0 1.0 0.08136482939632546 1.0 0.21578947368421053 0.4117647058823529,10183.93448883905,0.0,1590,0 0 30 138 2 410 -4,0.0 0.0 0.02 0.007874015748031496 0.0 0.005263157894736842 0.0,207.92664732697887,0.0,1867
resolved-p14d-c14d-paper/resolved-p14d-c14d-3600-2nd/nsp-n10-d28-r0.10-rp0-fp0-s0,4 73 7 24 1 217 -8,1.0 0.0 0.6666666666666666 0.23684210526315788 0.0 0.43333333333333335 0.5555555555555556,1006908.3976608188,0.0,3245.0,4 73 7 30 1 219 -10,1.0 0.0 0.6666666666666666 0.39473684210526316 0.0 0.5 0.4444444444444444,1007066.8479532164,0.0,3199,4 73 7 25 2 220 -11,1.0 0.0 0.6666666666666666 0.2631578947368421 0.25 0.5333333333333333 0.3888888888888889,1006960.5467836257,0.0,3217,3 93 1 15 1 212 -16,0.5 0.6666666666666666 0.0 0.0 0.0 0.26666666666666666 0.1111111111111111,566669.4444444444,0.0,3003,3 93 1 15 1 204 -18,0.5 0.6666666666666666 0.0 0.0 0.0 0.0 0.0,566666.6666666666,0.0,3054,2 102 6 53 4 230 -2,0.0 0.9666666666666667 0.5555555555555556 1.0 0.75 0.8666666666666667 0.8888888888888888,103306.77777777778,0.0,3340,3 93 1 15 2 219 -13,0.5 0.6666666666666666 0.0 0.0 0.25 0.5 0.2777777777777778,566696.9444444444,0.0,2869,2 103 4 41 4 216 -6,0.0 1.0 0.3333333333333333 0.6842105263157895 0.75 0.4 0.6666666666666666,104097.21052631579,0.0,3127,2 102 10 44 5 234 0,0.0 0.9666666666666667 1.0 0.7631578947368421 1.0 1.0 1.0,107540.82456140351,0.0,3257
resolved-p14d-c14d-paper/resolved-p14d-c14d-3600-2nd/nsp-n30-d28-r0.10-rp2-fp2-s9,26 281 2729 604 47 1669 50,0.0 0.8723404255319149 0.9905626134301271 1.0 1.0 0.9697256385998108 1.0,98250.36594387876,0.0,986.0,26 287 2754 534 41 1700 47,0.0 1.0 0.9996370235934664 0.8706099815157117 0.8536585365853658 0.9990539262062441 0.9784172661870504,110963.31502763716,0.0,914,26 287 2755 534 41 1701 47,0.0 1.0 1.0 0.8706099815157117 0.8536585365853658 1.0 0.9784172661870504,110966.95425244044,0.0,913,28 240 0 63 6 644 -89,1.0 0.0 0.0 0.0 0.0 0.0 0.0,1000000.0,0.0,703,28 240 0 64 6 644 -87,1.0 0.0 0.0 0.0018484288354898336 0.0 0.0 0.014388489208633094,1000001.8628173247,0.0,693,28 240 0 63 6 649 -88,1.0 0.0 0.0 0.0 0.0 0.004730368968779565 0.007194244604316547,1000000.0544979343,0.0,701,28 253 1 74 6 656 -83,1.0 0.2765957446808511 0.0003629764065335753 0.02033271719038817 0.0 0.011352885525070956 0.04316546762589928,1027683.6936436637,0.0,504,28 247 0 69 6 649 -85,1.0 0.14893617021276595 0.0 0.011090573012939002 0.0 0.004730368968779565 0.02877697841726619,1014904.7836749577,0.0,624,28 240 0 64 6 644 -89,1.0 0.0 0.0 0.0018484288354898336 0.0 0.0 0.0,1000001.8484288355,0.0,695
resolved-p14d-c14d-paper/resolved-p14d-c14d-3600-2nd/nsp-n20-d28-r0.10-rp2-fp2-s2,0 0 555 7661 0 2065 -48,0.0 0.0 0.0 1.0 0.0 0.792 0.0,1007.92,0.0,165.0,0 0 560 7346 1 1969 -27,0.0 0.0 0.10638297872340426 0.600253807106599 1.0 0.024 1.0,1765.3235943406416,0.0,607,0 0 565 7346 1 1966 -30,0.0 0.0 0.2127659574468085 0.600253807106599 1.0 0.0 0.8571428571428571,2828.770524431827,0.0,589,0 0 602 6899 0 2070 -35,0.0 0.0 1.0 0.03299492385786802 0.0 0.832 0.6190476190476191,10041.933971476916,0.0,508,0 0 602 6985 0 2070 -37,0.0 0.0 1.0 0.14213197969543148 0.0 0.832 0.5238095238095238,10150.975789219241,0.0,502,0 0 602 6873 0 2079 -35,0.0 0.0 1.0 0.0 0.0 0.904 0.6190476190476191,10009.659047619047,0.0,513,0 0 602 6873 0 2074 -36,0.0 0.0 1.0 0.0 0.0 0.864 0.5714285714285714,10009.211428571429,0.0,516,0 0 602 7061 0 2070 -38,0.0 0.0 1.0 0.23857868020304568 0.0 0.832 0.47619047619047616,10247.374870679236,0.0,487,0 0 602 7066 0 2091 -34,0.0 0.0 1.0 0.24492385786802032 0.0 1.0 0.6666666666666666,10255.590524534688,0.0,471
resolved-p14d-c14d-paper/resolved-p14d-c14d-3600-2nd/nsp-n10-d28-r0.10-rp0-fp0-s4,9 98 10 27 4 269 -21,0.0 1.0 0.26666666666666666 0.5 0.8 0.2608695652173913 0.9230769230769231,103250.19843924191,0.0,3251.0,9 97 23 33 5 277 -20,0.0 0.9166666666666666 0.7 1.0 1.0 0.6086956521739131 1.0,99773.7536231884,0.0,3293,9 97 32 31 5 281 -20,0.0 0.9166666666666666 1.0 0.8333333333333334 1.0 0.782608695652174 1.0,102608.82608695651,0.0,3278,10 86 2 21 0 268 -27,1.0 0.0 0.0 0.0 0.0 0.21739130434782608 0.46153846153846156,1000002.635451505,0.0,3850,10 86 2 21 0 286 -28,1.0 0.0 0.0 0.0 0.0 1.0 0.38461538461538464,1000010.3846153846,0.0,3784,10 86 2 26 0 263 -33,1.0 0.0 0.0 0.4166666666666667 0.0 0.0 0.0,1000416.6666666666,0.0,3629,10 86 2 26 0 280 -29,1.0 0.0 0.0 0.4166666666666667 0.0 0.7391304347826086 0.3076923076923077,1000424.3656633222,0.0,3590,10 86 2 23 0 276 -31,1.0 0.0 0.0 0.16666666666666666 0.0 0.5652173913043478 0.15384615384615385,1000172.4726867336,0.0,3678,10 86 2 21 0 281 -26,1.0 0.0 0.0 0.0 0.0 0.782608695652174 0.5384615384615384,1000008.364548495,0.0,3797
resolved-p14d-c14d-paper/resolved-p14d-c14d-3600-2nd/nsp-n20-d28-r0.10-rp2-fp2-s4,1 2 561 7769 0 2015 -58,0.0 0.0 0.0 0.7540826128722382 0.0 0.0 0.0,754.0826128722382,0.0,817.0,6 2 609 7030 0 2058 -28,0.625 0.0 1.0 0.04418828049951969 0.0 0.6935483870967742 0.7894736842105263,635051.9132380547,0.0,828,6 2 603 6984 0 2036 -20,0.625 0.0 0.875 0.0 0.0 0.3387096774193548 1.0,633754.3870967742,0.0,893,9 2 594 7910 0 2073 -42,1.0 0.0 0.6875 0.8895292987512008 0.0 0.9354838709677419 0.42105263157894735,1007774.3051900924,0.0,737,9 2 594 7864 0 2070 -39,1.0 0.0 0.6875 0.8453410182516811 0.0 0.8870967741935484 0.5,1007729.7119859937,0.0,751,9 2 594 7910 0 2069 -39,1.0 0.0 0.6875 0.8895292987512008 0.0 0.8709677419354839 0.5,1007773.7389761705,0.0,739,9 2 594 8021 0 2060 -45,1.0 0.0 0.6875 0.9961575408261287 0.0 0.7258064516129032 0.34210526315789475,1007878.7577106054,0.0,725,9 2 601 8021 0 2077 -53,1.0 0.0 0.8333333333333334 0.9961575408261287 0.0 1.0 0.13157894736842105,1009339.6224531068,0.0,660,9 2 595 8025 0 2072 -48,1.0 0.0 0.7083333333333334 1.0 0.0 0.9193548387096774 0.2631578947368421,1008092.7900396151,0.0,695
resolved-p14d-c14d-paper/resolved-p14d-c14d-3600-2nd/nsp-n50-d28-r0.10-rp2-fp2-s7,23 8 4295 26078 0 11462 -268,0.0 0.0 0.0 0.0 0.0 0.0 1.0,1.0,0.0,248.0,23 8 4295 26202 0 11474 -268,0.0 0.0 0.0 0.38153846153846155 0.0 0.41379310344827586 1.0,386.6763925729443,0.0,229,23 8 4295 26159 0 11467 -268,0.0 0.0 0.0 0.24923076923076923 0.0 0.1724137931034483 1.0,251.9549071618037,0.0,234,23 8 4323 26403 0 11491 -271,0.0 0.0 1.0 1.0 0.0 1.0 0.0,11010.0,0.0,86,23 8 4323 26403 0 11491 -271,0.0 0.0 1.0 1.0 0.0 1.0 0.0,11010.0,0.0,86,23 8 4323 26403 0 11491 -271,0.0 0.0 1.0 1.0 0.0 1.0 0.0,11010.0,0.0,86,23 8 4323 26403 0 11491 -271,0.0 0.0 1.0 1.0 0.0 1.0 0.0,11010.0,0.0,86,23 8 4323 26403 0 11491 -271,0.0 0.0 1.0 1.0 0.0 1.0 0.0,11010.0,0.0,86,23 8 4323 26403 0 11491 -271,0.0 0.0 1.0 1.0 0.0 1.0 0.0,11010.0,0.0,86
resolved-p14d-c14d-paper/resolved-p14d-c14d-3600-2nd/nsp-n10-d28-r0.10-rp0-fp0-s7,0 0 0 0 0 81 -21,0.0 0.0 0.0 0.0 0.0 0.0 1.0,1.0,0.0,78.0,0 0 0 0 0 84 -23,0.0 0.0 0.0 0.0 0.0 0.21428571428571427 0.0,2.142857142857143,0.0,65,0 0 0 0 0 95 -23,0.0 0.0 0.0 0.0 0.0 1.0 0.0,10.0,0.0,53,0 0 0 0 0 94 -21,0.0 0.0 0.0 0.0 0.0 0.9285714285714286 1.0,10.285714285714286,0.0,69,0 0 0 0 0 94 -21,0.0 0.0 0.0 0.0 0.0 0.9285714285714286 1.0,10.285714285714286,0.0,69,0 0 0 0 0 94 -21,0.0 0.0 0.0 0.0 0.0 0.9285714285714286 1.0,10.285714285714286,0.0,69,0 0 0 0 0 94 -21,0.0 0.0 0.0 0.0 0.0 0.9285714285714286 1.0,10.285714285714286,0.0,69,0 0 0 0 0 94 -21,0.0 0.0 0.0 0.0 0.0 0.9285714285714286 1.0,10.285714285714286,0.0,69,0 0 0 0 0 94 -21,0.0 0.0 0.0 0.0 0.0 0.9285714285714286 1.0,10.285714285714286,0.0,69
resolved-p14d-c14d-paper/resolved-p14d-c14d-3600-2nd/nsp-n30-d28-r0.10-rp2-fp2-s7,0 0 0 0 0 262 -82,0.0 0.0 0.0 0.0 0.0 1.0 0.6666666666666666,10.666666666666666,0.0,71.0,0 0 0 0 0 230 -68,0.0 0.0 0.0 0.0 0.0 0.673469387755102 1.0,7.73469387755102,0.0,64,0 0 0 0 0 230 -68,0.0 0.0 0.0 0.0 0.0 0.673469387755102 1.0,7.73469387755102,0.0,64,0 0 0 0 0 164 -110,0.0 0.0 0.0 0.0 0.0 0.0 0.0,0.0,0.0,91,0 0 0 0 0 164 -110,0.0 0.0 0.0 0.0 0.0 0.0 0.0,0.0,0.0,91,0 0 0 0 0 164 -110,0.0 0.0 0.0 0.0 0.0 0.0 0.0,0.0,0.0,91,0 0 0 0 0 164 -110,0.0 0.0 0.0 0.0 0.0 0.0 0.0,0.0,0.0,91,0 0 0 0 0 164 -110,0.0 0.0 0.0 0.0 0.0 0.0 0.0,0.0,0.0,91,0 0 0 0 0 164 -110,0.0 0.0 0.0 0.0 0.0 0.0 0.0,0.0,0.0,91
resolved-p14d-c14d-paper/resolved-p14d-c14d-3600-2nd/nsp-n40-d28-r0.10-rp2-fp2-s3,0 0 2217 17527 0 6797 -150,0.0 0.0 0.0 0.0 0.0 0.1746987951807229 1.0,2.746987951807229,0.0,120.0,0 0 2326 17893 0 6934 -154,0.0 0.0 1.0 1.0 0.0 1.0 0.6363636363636364,11010.636363636364,0.0,79,0 0 2326 17893 0 6934 -154,0.0 0.0 1.0 1.0 0.0 1.0 0.6363636363636364,11010.636363636364,0.0,79,0 0 2260 17753 0 6805 -160,0.0 0.0 0.3944954128440367 0.6174863387978142 0.0 0.22289156626506024 0.09090909090909091,4564.760291991741,0.0,135,0 0 2260 17730 0 6806 -161,0.0 0.0 0.3944954128440367 0.5546448087431693 0.0 0.2289156626506024 0.0,4501.888093810043,0.0,138,0 0 2260 17753 0 6805 -161,0.0 0.0 0.3944954128440367 0.6174863387978142 0.0 0.22289156626506024 0.0,4564.669382900832,0.0,136,0 0 2250 17689 0 6778 -158,0.0 0.0 0.30275229357798167 0.4426229508196721 0.0 0.060240963855421686 0.2727272727272727,3471.02102351077,0.0,146,0 0 2250 17731 0 6778 -155,0.0 0.0 0.30275229357798167 0.5573770491803278 0.0 0.060240963855421686 0.5454545454545454,3586.047849144153,0.0,141,0 0 2249 17708 0 6768 -156,0.0 0.0 0.29357798165137616 0.49453551912568305 0.0 0.0 0.45454545454545453,3430.76988109399,0.0,149
resolved-p14d-c14d-paper/resolved-p14d-c14d-3600-2nd/nsp-n40-d28-r0.10-rp2-fp2-s0,0 0 2147 15128 0 6548 -104,0.0 0.0 0.05161290322580645 0.014553014553014554 0.0 0.04477611940298507 0.875,532.0048080051089,0.0,352.0,0 0 2139 15086 0 6533 -100,0.0 0.0 0.0 0.0 0.0 0.0 1.0,1.0,0.0,359,0 0 2139 15086 0 6533 -100,0.0 0.0 0.0 0.0 0.0 0.0 1.0,1.0,0.0,359,0 0 2294 17972 0 6868 -132,0.0 0.0 1.0 1.0 0.0 1.0 0.0,11010.0,0.0,199,0 0 2294 17972 0 6868 -132,0.0 0.0 1.0 1.0 0.0 1.0 0.0,11010.0,0.0,199,0 0 2294 17972 0 6868 -132,0.0 0.0 1.0 1.0 0.0 1.0 0.0,11010.0,0.0,199,0 0 2294 17972 0 6868 -132,0.0 0.0 1.0 1.0 0.0 1.0 0.0,11010.0,0.0,199,0 0 2294 17972 0 6868 -132,0.0 0.0 1.0 1.0 0.0 1.0 0.0,11010.0,0.0,199,0 0 2294 17972 0 6868 -132,0.0 0.0 1.0 1.0 0.0 1.0 0.0,11010.0,0.0,199
resolved-p14d-c14d-paper/resolved-p14d-c14d-3600-2nd/nsp-n40-d28-r0.10-rp2-fp2-s9,21 5 2384 19853 0 7207 -208,0.0 0.0 0.0 0.0 0.0 0.0 1.0,1.0,0.0,372.0,22 5 2454 20169 0 7280 -212,1.0 0.0 1.0 1.0 0.0 1.0 0.0,1011010.0,0.0,326,22 5 2454 20169 0 7280 -212,1.0 0.0 1.0 1.0 0.0 1.0 0.0,1011010.0,0.0,326,22 5 2409 20118 0 7264 -212,1.0 0.0 0.35714285714285715 0.8386075949367089 0.0 0.7808219178082192 0.0,1004417.8443855434,0.0,418,22 5 2409 20118 0 7264 -211,1.0 0.0 0.35714285714285715 0.8386075949367089 0.0 0.7808219178082192 0.25,1004418.0943855434,0.0,417,22 5 2409 20118 0 7264 -212,1.0 0.0 0.35714285714285715 0.8386075949367089 0.0 0.7808219178082192 0.0,1004417.8443855434,0.0,418,22 5 2409 20118 0 7264 -211,1.0 0.0 0.35714285714285715 0.8386075949367089 0.0 0.7808219178082192 0.25,1004418.0943855434,0.0,417,22 5 2409 20118 0 7264 -212,1.0 0.0 0.35714285714285715 0.8386075949367089 0.0 0.7808219178082192 0.0,1004417.8443855434,0.0,418,22 5 2409 20118 0 7264 -212,1.0 0.0 0.35714285714285715 0.8386075949367089 0.0 0.7808219178082192 0.0,1004417.8443855434,0.0,418
resolved-p14d-c14d-paper/resolved-p14d-c14d-3600-2nd/nsp-n40-d28-r0.10-rp2-fp2-s2,37 277 4156 301 19 2882 -31,1.0 0.0 1.0 1.0 1.0 1.0 1.0,1011111.0,0.0,818.0,37 277 4156 301 19 2879 -31,1.0 0.0 1.0 1.0 1.0 0.9978693181818182 1.0,1011110.9786931818,0.0,820,37 278 4145 248 18 2861 -40,1.0 0.013888888888888888 0.9973365617433414 0.7376237623762376 0.9166666666666666 0.9850852272727273 0.8860759493670886,1012202.2818635873,0.0,794,35 340 26 103 7 1474 -109,0.3333333333333333 0.875 0.0 0.019801980198019802 0.0 0.0 0.012658227848101266,420853.1479717592,0.0,774,35 340 26 99 7 1474 -110,0.3333333333333333 0.875 0.0 0.0 0.0 0.0 0.0,420833.3333333333,0.0,807,35 340 26 103 7 1474 -109,0.3333333333333333 0.875 0.0 0.019801980198019802 0.0 0.0 0.012658227848101266,420853.1479717592,0.0,774,35 340 26 102 7 1474 -109,0.3333333333333333 0.875 0.0 0.01485148514851485 0.0 0.0 0.012658227848101266,420848.19747670967,0.0,777,35 340 26 106 8 1474 -109,0.3333333333333333 0.875 0.0 0.034653465346534656 0.08333333333333333 0.0 0.012658227848101266,420876.33279024105,0.0,767,34 349 31 102 7 1474 -107,0.0 1.0 0.0012106537530266344 0.01485148514851485 0.0 0.0 0.0379746835443038,100026.99599736232,0.0,808
resolved-p14d-c14d-paper/resolved-p14d-c14d-3600-2nd/nsp-n50-d28-r0.10-rp2-fp2-s3,27 3 4132 24875 0 11221 -249,0.0 0.0 0.0 0.9985185185185185 0.0 0.0 0.0,998.5185185185185,0.0,812.0,27 3 4132 24876 0 11221 -249,0.0 0.0 0.0 1.0 0.0 0.0 0.0,1000.0,0.0,811,27 3 4132 24876 0 11221 -249,0.0 0.0 0.0 1.0 0.0 0.0 0.0,1000.0,0.0,811,27 5 4150 24277 1 11249 -231,0.0 1.0 1.0 0.11259259259259259 1.0 1.0 0.8181818181818182,110223.41077441078,0.0,478,27 5 4150 24277 1 11249 -231,0.0 1.0 1.0 0.11259259259259259 1.0 1.0 0.8181818181818182,110223.41077441078,0.0,478,27 5 4150 24277 1 11249 -231,0.0 1.0 1.0 0.11259259259259259 1.0 1.0 0.8181818181818182,110223.41077441078,0.0,478,27 5 4150 24277 1 11249 -231,0.0 1.0 1.0 0.11259259259259259 1.0 1.0 0.8181818181818182,110223.41077441078,0.0,478,27 5 4146 24269 1 11238 -227,0.0 1.0 0.7777777777777778 0.10074074074074074 1.0 0.6071428571428571 1.0,107985.58994708995,0.0,492,27 5 4146 24201 1 11238 -228,0.0 1.0 0.7777777777777778 0.0 1.0 0.6071428571428571 0.9545454545454546,107884.80375180375,0.0,502
resolved-p14d-c14d-paper/resolved-p14d-c14d-3600-2nd/nsp-n30-d28-r0.10-rp2-fp2-s2,0 0 0 0 0 195 -76,0.0 0.0 0.0 0.0 0.0 1.0 0.9,10.9,0.0,106.0,0 0 0 0 0 159 -75,0.0 0.0 0.0 0.0 0.0 0.0 1.0,1.0,0.0,109,0 0 0 0 0 159 -75,0.0 0.0 0.0 0.0 0.0 0.0 1.0,1.0,0.0,109,0 0 0 0 0 181 -85,0.0 0.0 0.0 0.0 0.0 0.6111111111111112 0.0,6.111111111111112,0.0,73,0 0 0 0 0 181 -85,0.0 0.0 0.0 0.0 0.0 0.6111111111111112 0.0,6.111111111111112,0.0,73,0 0 0 0 0 181 -85,0.0 0.0 0.0 0.0 0.0 0.6111111111111112 0.0,6.111111111111112,0.0,73,0 0 0 0 0 181 -85,0.0 0.0 0.0 0.0 0.0 0.6111111111111112 0.0,6.111111111111112,0.0,73,0 0 0 0 0 181 -85,0.0 0.0 0.0 0.0 0.0 0.6111111111111112 0.0,6.111111111111112,0.0,73,0 0 0 0 0 181 -85,0.0 0.0 0.0 0.0 0.0 0.6111111111111112 0.0,6.111111111111112,0.0,73
resolved-p14d-c14d-paper/resolved-p14d-c14d-3600-2nd/nsp-n10-d28-r0.10-rp0-fp0-s2,0 0 0 0 0 94 -30,0.0 0.0 0.0 0.0 0.0 0.26666666666666666 0.0,2.6666666666666665,0.0,132.0,0 0 0 0 0 97 -22,0.0 0.0 0.0 0.0 0.0 0.4666666666666667 1.0,5.666666666666667,0.0,116,0 0 0 0 0 105 -26,0.0 0.0 0.0 0.0 0.0 1.0 0.5,10.5,0.0,106,0 0 0 0 0 90 -25,0.0 0.0 0.0 0.0 0.0 0.0 0.625,0.625,0.0,159,0 0 0 0 0 90 -26,0.0 0.0 0.0 0.0 0.0 0.0 0.5,0.5,0.0,160,0 0 0 0 0 90 -26,0.0 0.0 0.0 0.0 0.0 0.0 0.5,0.5,0.0,160,0 0 0 0 0 90 -26,0.0 0.0 0.0 0.0 0.0 0.0 0.5,0.5,0.0,160,0 0 0 0 0 90 -25,0.0 0.0 0.0 0.0 0.0 0.0 0.625,0.625,0.0,159,0 0 0 0 0 90 -25,0.0 0.0 0.0 0.0 0.0 0.0 0.625,0.625,0.0,159
resolved-p14d-c14d-paper/resolved-p14d-c14d-3600-2nd/nsp-n10-d28-r0.10-rp0-fp0-s3,0 0 0 0 0 95 -21,0.0 0.0 0.0 0.0 0.0 0.0 1.0,1.0,0.0,87.0,0 0 0 0 0 100 -25,0.0 0.0 0.0 0.0 0.0 0.2631578947368421 0.7142857142857143,3.345864661654135,0.0,66,0 0 0 0 0 100 -25,0.0 0.0 0.0 0.0 0.0 0.2631578947368421 0.7142857142857143,3.345864661654135,0.0,67,0 0 0 0 0 114 -35,0.0 0.0 0.0 0.0 0.0 1.0 0.0,10.0,0.0,186,0 0 0 0 0 114 -33,0.0 0.0 0.0 0.0 0.0 1.0 0.14285714285714285,10.142857142857142,0.0,184,0 0 0 0 0 114 -22,0.0 0.0 0.0 0.0 0.0 1.0 0.9285714285714286,10.928571428571429,0.0,174,0 0 0 0 0 114 -35,0.0 0.0 0.0 0.0 0.0 1.0 0.0,10.0,0.0,186,0 0 0 0 0 114 -35,0.0 0.0 0.0 0.0 0.0 1.0 0.0,10.0,0.0,186,0 0 0 0 0 114 -34,0.0 0.0 0.0 0.0 0.0 1.0 0.07142857142857142,10.071428571428571,0.0,185
resolved-p14d-c14d-paper/resolved-p14d-c14d-3600-2nd/nsp-n20-d28-r0.10-rp2-fp2-s6,6 1 608 8784 0 2079 -78,1.0 0.0 1.0 0.9101796407185628 0.0 0.7272727272727273 0.08,1010917.5323679913,0.0,804.0,6 1 608 8784 0 2079 -78,1.0 0.0 1.0 0.9101796407185628 0.0 0.7272727272727273 0.08,1010917.5323679913,0.0,804,6 1 608 8874 0 2088 -80,1.0 0.0 1.0 1.0 0.0 1.0 0.0,1011010.0,0.0,779,5 1 607 8358 0 2055 -63,0.0 0.0 0.0 0.48502994011976047 0.0 0.0 0.68,485.70994011976046,0.0,1058,5 1 607 7872 0 2056 -55,0.0 0.0 0.0 0.0 0.0 0.030303030303030304 1.0,1.303030303030303,0.0,1102,5 1 607 8358 0 2056 -61,0.0 0.0 0.0 0.48502994011976047 0.0 0.030303030303030304 0.76,486.09297042279076,0.0,1054,5 1 607 7876 0 2060 -58,0.0 0.0 0.0 0.003992015968063872 0.0 0.15151515151515152 0.88,6.3871674832153875,0.0,1087,5 1 607 8358 0 2056 -61,0.0 0.0 0.0 0.48502994011976047 0.0 0.030303030303030304 0.76,486.09297042279076,0.0,1054,5 1 607 7872 0 2056 -59,0.0 0.0 0.0 0.0 0.0 0.030303030303030304 0.84,1.143030303030303,0.0,1106
resolved-p14d-c14d-paper/resolved-p14d-c14d-3600-2nd/nsp-n30-d28-r0.10-rp2-fp2-s8,0 0 1264 10971 2 3945 -127,0.0 0.0 0.0 0.0007662835249042146 1.0 0.03819444444444445 0.6666666666666666,101.81489463601532,0.0,435.0,0 0 1272 10982 0 3934 -125,0.0 0.0 0.07079646017699115 0.009195402298850575 0.0 0.0 1.0,718.1600040687621,0.0,426,0 0 1268 10970 1 3945 -127,0.0 0.0 0.035398230088495575 0.0 0.5 0.03819444444444445 0.6666666666666666,405.03091199606683,0.0,431,0 0 1366 11452 0 4159 -128,0.0 0.0 0.9026548672566371 0.3693486590038314 0.0 0.78125 0.5,9404.209831570202,0.0,317,0 0 1366 11494 0 4189 -125,0.0 0.0 0.9026548672566371 0.40153256704980844 0.0 0.8854166666666666 1.0,9437.935406282846,0.0,291,0 0 1366 11494 0 4160 -126,0.0 0.0 0.9026548672566371 0.40153256704980844 0.0 0.7847222222222222 0.8333333333333334,9436.761795171735,0.0,306,0 0 1366 11494 0 4180 -126,0.0 0.0 0.9026548672566371 0.40153256704980844 0.0 0.8541666666666666 0.8333333333333334,9437.456239616178,0.0,295,0 0 1366 11470 0 4158 -127,0.0 0.0 0.9026548672566371 0.3831417624521073 0.0 0.7777777777777778 0.6666666666666666,9418.134879462923,0.0,314,0 0 1377 12275 0 4222 -131,0.0 0.0 1.0 1.0 0.0 1.0 0.0,11010.0,0.0,219
resolved-p14d-c14d-paper/resolved-p14d-c14d-3600-2nd/nsp-n20-d28-r0.10-rp2-fp2-s9,0 0 0 0 0 93 -33,0.0 0.0 0.0 0.0 0.0 0.4 1.0,5.0,0.0,114.0,0 0 0 0 0 105 -41,0.0 0.0 0.0 0.0 0.0 1.0 0.6190476190476191,10.619047619047619,0.0,103,0 0 0 0 0 105 -41,0.0 0.0 0.0 0.0 0.0 1.0 0.6190476190476191,10.619047619047619,0.0,103,0 0 0 0 0 85 -54,0.0 0.0 0.0 0.0 0.0 0.0 0.0,0.0,0.0,74,0 0 0 0 0 85 -54,0.0 0.0 0.0 0.0 0.0 0.0 0.0,0.0,0.0,74,0 0 0 0 0 85 -54,0.0 0.0 0.0 0.0 0.0 0.0 0.0,0.0,0.0,74,0 0 0 0 0 85 -54,0.0 0.0 0.0 0.0 0.0 0.0 0.0,0.0,0.0,74,0 0 0 0 0 85 -54,0.0 0.0 0.0 0.0 0.0 0.0 0.0,0.0,0.0,74,0 0 0 0 0 85 -54,0.0 0.0 0.0 0.0 0.0 0.0 0.0,0.0,0.0,74
resolved-p14d-c14d-paper/resolved-p14d-c14d-3600-2nd/nsp-n50-d28-r0.10-rp2-fp2-s5,0 0 3747 22039 1 10473 -194,0.0 0.0 1.0 0.21587743732590528 0.0 1.0 0.8095238095238095,10226.686961135429,0.0,263.0,0 0 3731 21884 1 10444 -190,0.0 0.0 0.7746478873239436 0.0 0.0 0.5 1.0,7752.478873239436,0.0,287,0 0 3747 22039 1 10473 -194,0.0 0.0 1.0 0.21587743732590528 0.0 1.0 0.8095238095238095,10226.686961135429,0.0,263,0 0 3684 22562 3 10419 -211,0.0 0.0 0.11267605633802817 0.9442896935933147 1.0 0.06896551724137931 0.0,2171.7399121460103,0.0,207,0 0 3676 22273 2 10415 -206,0.0 0.0 0.0 0.541782729805014 0.5 0.0 0.23809523809523808,592.0208250431092,0.0,222,0 0 3684 22562 3 10419 -211,0.0 0.0 0.11267605633802817 0.9442896935933147 1.0 0.06896551724137931 0.0,2171.7399121460103,0.0,207,0 0 3677 22262 2 10415 -206,0.0 0.0 0.014084507042253521 0.5264623955431755 0.5 0.0 0.23809523809523808,717.545561203806,0.0,219,0 0 3715 22602 2 10464 -210,0.0 0.0 0.5492957746478874 1.0 0.5 0.8448275862068966 0.047619047619047616,6551.453641388562,0.0,184,0 0 3679 22373 2 10415 -206,0.0 0.0 0.04225352112676056 0.6810584958217271 0.5 0.0 0.23809523809523808,1153.831802327428,0.0,214
resolved-p14d-c14d-paper/resolved-p14d-c14d-3600-2nd/nsp-n50-d28-r0.10-rp2-fp2-s2,27 7 4243 25074 0 11417 -193,1.0 0.0 0.0 0.0 0.0 0.05555555555555555 1.0,1000001.5555555555,0.0,284.0,27 7 4243 25074 0 11416 -193,1.0 0.0 0.0 0.0 0.0 0.0 1.0,1000001.0,0.0,285,27 7 4243 25074 0 11417 -193,1.0 0.0 0.0 0.0 0.0 0.05555555555555555 1.0,1000001.5555555555,0.0,284,26 7 4273 25369 0 11434 -201,0.0 0.0 1.0 1.0 0.0 1.0 0.0,11010.0,0.0,132,26 7 4273 25369 0 11434 -201,0.0 0.0 1.0 1.0 0.0 1.0 0.0,11010.0,0.0,132,26 7 4273 25369 0 11434 -201,0.0 0.0 1.0 1.0 0.0 1.0 0.0,11010.0,0.0,132,26 7 4273 25369 0 11434 -201,0.0 0.0 1.0 1.0 0.0 1.0 0.0,11010.0,0.0,132,26 7 4273 25369 0 11434 -201,0.0 0.0 1.0 1.0 0.0 1.0 0.0,11010.0,0.0,132,26 7 4273 25369 0 11434 -201,0.0 0.0 1.0 1.0 0.0 1.0 0.0,11010.0,0.0,132
resolved-p14d-c14d-paper/resolved-p14d-c14d-3600-2nd/nsp-n20-d28-r0.10-rp2-fp2-s8,15 156 10 52 3 442 7,1.0 0.0 0.16666666666666666 0.42105263157894735 0.3333333333333333 0.09375 0.8823529411764706,1002122.8724845201,0.0,1891.0,15 156 9 44 3 440 2,1.0 0.0 0.08333333333333333 0.0 0.3333333333333333 0.03125 0.5882352941176471,1000867.5674019608,0.0,2041,15 158 8 46 3 439 4,1.0 0.15384615384615385 0.0 0.10526315789473684 0.3333333333333333 0.0 0.7058823529411765,1015523.9177581964,0.0,1850,14 169 14 55 2 458 -8,0.0 1.0 0.5 0.5789473684210527 0.0 0.59375 0.0,105584.88486842105,0.0,2214,14 169 17 63 5 465 9,0.0 1.0 0.75 1.0 1.0 0.8125 1.0,108609.125,0.0,2037,14 169 14 56 2 464 -1,0.0 1.0 0.5 0.631578947368421 0.0 0.78125 0.4117647058823529,105639.8032120743,0.0,2179,14 169 20 60 4 471 8,0.0 1.0 1.0 0.8421052631578947 0.6666666666666666 1.0 0.9411764705882353,110919.71310629515,0.0,1989,14 169 16 60 3 465 8,0.0 1.0 0.6666666666666666 0.8421052631578947 0.3333333333333333 0.8125 0.9411764705882353,107551.17143962848,0.0,2071,14 169 16 59 3 465 8,0.0 1.0 0.6666666666666666 0.7894736842105263 0.3333333333333333 0.8125 0.9411764705882353,107498.5398606811,0.0,2077
resolved-p14d-c14d-paper/resolved-p14d-c14d-3600-2nd/nsp-n40-d28-r0.10-rp2-fp2-s7,15 2 2519 21069 1 7443 -184,0.0 0.0 0.9181818181818182 1.0 1.0 0.9294605809128631 0.0,10291.112787627311,0.0,730.0,15 2 2523 21050 1 7460 -180,0.0 0.0 0.9545454545454546 0.9831111111111112 1.0 1.0 0.19047619047619047,10638.756132756133,0.0,688,15 2 2528 21011 1 7460 -184,0.0 0.0 1.0 0.9484444444444444 1.0 1.0 0.0,11058.444444444445,0.0,662,15 4 2485 20064 0 7332 -165,0.0 1.0 0.6090909090909091 0.10666666666666667 0.0 0.46887966804979253 0.9047619047619048,106203.16931616102,0.0,286,15 4 2450 20040 0 7276 -166,0.0 1.0 0.2909090909090909 0.08533333333333333 0.0 0.23651452282157676 0.8571428571428571,102997.6465305096,0.0,320,15 4 2455 20040 0 7289 -167,0.0 1.0 0.33636363636363636 0.08533333333333333 0.0 0.29045643153526973 0.8095238095238095,103452.68378509457,0.0,318,15 4 2482 19944 0 7332 -168,0.0 1.0 0.5818181818181818 0.0 0.0 0.46887966804979253 0.7619047619047619,105823.63251962423,0.0,314,15 4 2482 20023 0 7332 -166,0.0 1.0 0.5818181818181818 0.07022222222222223 0.0 0.46887966804979253 0.8571428571428571,105893.94997994168,0.0,303,15 4 2418 20025 0 7219 -163,0.0 1.0 0.0 0.072 0.0 0.0 1.0,100073.0,0.0,340
resolved-p14d-c14d-paper/resolved-p14d-c14d-3600-2nd/nsp-n50-d28-r0.10-rp2-fp2-s4,18 6 4140 24595 0 11124 -188,1.0 0.0 1.0 1.0 0.0 1.0 0.9166666666666666,1011010.9166666666,0.0,407.0,18 6 4140 24595 0 11124 -188,1.0 0.0 1.0 1.0 0.0 1.0 0.9166666666666666,1011010.9166666666,0.0,407,18 6 4140 24589 0 11124 -187,1.0 0.0 1.0 0.9890909090909091 0.0 1.0 1.0,1011000.0909090909,0.0,408,17 10 4085 24179 0 11012 -193,0.0 1.0 0.2028985507246377 0.24363636363636362 0.0 0.017543859649122806 0.5,102273.29730947923,0.0,536,17 10 4085 24150 0 11013 -194,0.0 1.0 0.2028985507246377 0.19090909090909092 0.0 0.02631578947368421 0.4166666666666667,102220.57442271688,0.0,539,17 10 4086 24055 0 11016 -192,0.0 1.0 0.21739130434782608 0.01818181818181818 0.0 0.05263157894736842 0.5833333333333334,102193.20451078289,0.0,520,17 10 4086 24045 0 11016 -193,0.0 1.0 0.21739130434782608 0.0 0.0 0.05263157894736842 0.5,102174.93935926774,0.0,521,17 10 4071 24454 0 11010 -199,0.0 1.0 0.0 0.7436363636363637 0.0 0.0 0.0,100743.63636363637,0.0,558,17 10 4086 24380 0 11029 -197,0.0 1.0 0.21739130434782608 0.6090909090909091 0.0 0.16666666666666666 0.16666666666666666,102784.8372859025,0.0,500
resolved-p14d-c14d-paper/resolved-p14d-c14d-3600-2nd/nsp-n20-d28-r0.10-rp2-fp2-s1,9 150 42 85 7 544 6,0.0 0.0 1.0 1.0 1.0 1.0 0.9024390243902439,11110.90243902439,0.0,1755.0,9 150 41 85 6 542 10,0.0 0.0 0.9736842105263158 1.0 0.75 0.9850746268656716 1.0,10822.692851531816,0.0,1830,9 151 40 81 5 528 2,0.0 0.03225806451612903 0.9473684210526315 0.9 0.5 0.8805970149253731 0.8048780487804879,13659.101510337252,0.0,1641,17 179 4 47 3 410 -30,1.0 0.9354838709677419 0.0 0.05 0.0 0.0 0.024390243902439025,1093598.411487018,0.0,1767,17 177 5 47 3 414 -24,1.0 0.8709677419354839 0.02631578947368421 0.05 0.0 0.029850746268656716 0.17073170731707318,1087410.4013274552,0.0,1807,17 177 4 47 3 413 -26,1.0 0.8709677419354839 0.0 0.05 0.0 0.022388059701492536 0.12195121951219512,1087147.120025365,0.0,1825,17 177 4 45 3 412 -23,1.0 0.8709677419354839 0.0 0.0 0.0 0.014925373134328358 0.1951219512195122,1087097.118569231,0.0,1844,17 177 5 47 3 414 -24,1.0 0.8709677419354839 0.02631578947368421 0.05 0.0 0.029850746268656716 0.17073170731707318,1087410.4013274552,0.0,1807,17 181 5 61 6 419 -31,1.0 1.0 0.02631578947368421 0.4 0.75 0.06716417910447761 0.0,1100738.8295365279,0.0,1605
resolved-p14d-c14d-paper/resolved-p14d-c14d-3600-2nd/nsp-n20-d28-r0.10-rp2-fp2-s3,0 0 0 0 0 125 -34,0.0 0.0 0.0 0.0 0.0 0.2727272727272727 0.42857142857142855,3.1558441558441555,0.0,130.0,0 0 0 0 0 133 -30,0.0 0.0 0.0 0.0 0.0 1.0 1.0,11.0,0.0,121,0 0 0 0 0 133 -30,0.0 0.0 0.0 0.0 0.0 1.0 1.0,11.0,0.0,121,0 0 0 0 0 122 -37,0.0 0.0 0.0 0.0 0.0 0.0 0.0,0.0,0.0,85,0 0 0 0 0 122 -37,0.0 0.0 0.0 0.0 0.0 0.0 0.0,0.0,0.0,85,0 0 0 0 0 122 -37,0.0 0.0 0.0 0.0 0.0 0.0 0.0,0.0,0.0,85,0 0 0 0 0 122 -37,0.0 0.0 0.0 0.0 0.0 0.0 0.0,0.0,0.0,85,0 0 0 0 0 122 -37,0.0 0.0 0.0 0.0 0.0 0.0 0.0,0.0,0.0,85,0 0 0 0 0 122 -37,0.0 0.0 0.0 0.0 0.0 0.0 0.0,0.0,0.0,85
resolved-p14d-c14d-paper/resolved-p14d-c14d-3600-2nd/nsp-n30-d28-r0.10-rp2-fp2-s0,7 7 1386 14344 1 4282 -124,0.0 0.0 0.021739130434782608 0.0 1.0 0.0 0.8,318.1913043478261,0.0,1424.0,7 7 1416 14392 0 4345 -122,0.0 0.0 0.6739130434782609 0.0748829953198128 0.0 0.49606299212598426 1.0,6819.974060023682,0.0,1283,7 7 1385 14456 1 4283 -122,0.0 0.0 0.0 0.1747269890795632 1.0 0.007874015748031496 1.0,275.8057292370435,0.0,1428,7 10 1429 14985 1 4409 -130,0.0 1.0 0.9565217391304348 1.0 1.0 1.0 0.2,110675.41739130435,0.0,1291,7 10 1421 14904 1 4392 -131,0.0 1.0 0.782608695652174 0.8736349453978159 1.0 0.8661417322834646 0.1,108808.4833192424,0.0,1391,7 10 1429 14940 1 4408 -132,0.0 1.0 0.9565217391304348 0.9297971918876755 1.0 0.9921259842519685 0.0,110604.93584303455,0.0,1293,7 10 1424 14951 1 4406 -131,0.0 1.0 0.8478260869565217 0.9469578783151326 1.0 0.9763779527559056 0.1,109535.08252740791,0.0,1346,7 10 1430 14864 1 4408 -132,0.0 1.0 0.9782608695652174 0.8112324492979719 1.0 0.9921259842519685 0.0,110703.76240479267,0.0,1290,7 10 1431 14912 1 4408 -129,0.0 1.0 1.0 0.8861154446177847 1.0 0.9921259842519685 0.3,110996.33670446031,0.0,1262
resolved-p14d-c14d-paper/resolved-p14d-c14d-3600-2nd/nsp-n30-d28-r0.10-rp2-fp2-s3,12 1 1331 13583 0 4199 -89,0.0 0.0 0.0 0.0 0.0 0.0 1.0,1.0,0.0,554.0,18 1 1403 14230 0 4339 -92,1.0 0.0 0.8674698795180723 0.6927194860813705 0.0 0.9859154929577465 0.625,1009377.9024361917,0.0,506,18 1 1399 14207 0 4334 -93,1.0 0.0 0.8192771084337349 0.6680942184154176 0.0 0.9507042253521126 0.5,1008870.8723450063,0.0,584,18 1 1414 14517 0 4341 -97,1.0 0.0 1.0 1.0 0.0 1.0 0.0,1011010.0,0.0,404,18 1 1414 14517 0 4341 -97,1.0 0.0 1.0 1.0 0.0 1.0 0.0,1011010.0,0.0,404,18 1 1414 14517 0 4341 -97,1.0 0.0 1.0 1.0 0.0 1.0 0.0,1011010.0,0.0,404,18 1 1414 14517 0 4341 -97,1.0 0.0 1.0 1.0 0.0 1.0 0.0,1011010.0,0.0,404,18 1 1414 14517 0 4341 -97,1.0 0.0 1.0 1.0 0.0 1.0 0.0,1011010.0,0.0,404,18 1 1414 14517 0 4341 -97,1.0 0.0 1.0 1.0 0.0 1.0 0.0,1011010.0,0.0,404
resolved-p14d-c14d-paper/resolved-p14d-c14d-3600-2nd/nsp-n10-d28-r0.10-rp0-fp0-s9,0 0 0 0 0 112 -41,0.0 0.0 0.0 0.0 0.0 0.631578947368421 0.07407407407407407,6.389863547758285,0.0,83.0,0 0 0 0 0 100 -43,0.0 0.0 0.0 0.0 0.0 0.0 0.0,0.0,0.0,138,0 0 0 0 0 100 -43,0.0 0.0 0.0 0.0 0.0 0.0 0.0,0.0,0.0,138,0 0 0 0 0 119 -19,0.0 0.0 0.0 0.0 0.0 1.0 0.8888888888888888,10.88888888888889,0.0,173,0 0 0 0 0 118 -16,0.0 0.0 0.0 0.0 0.0 0.9473684210526315 1.0,10.473684210526315,0.0,175,0 0 0 0 0 118 -16,0.0 0.0 0.0 0.0 0.0 0.9473684210526315 1.0,10.473684210526315,0.0,175,0 0 0 0 0 119 -20,0.0 0.0 0.0 0.0 0.0 1.0 0.8518518518518519,10.851851851851851,0.0,174,0 0 0 0 0 119 -19,0.0 0.0 0.0 0.0 0.0 1.0 0.8888888888888888,10.88888888888889,0.0,173,0 0 0 0 0 119 -20,0.0 0.0 0.0 0.0 0.0 1.0 0.8518518518518519,10.851851851851851,0.0,174
resolved-p14d-c14d-paper/resolved-p14d-c14d-3600-2nd/nsp-n50-d28-r0.10-rp2-fp2-s1,0 0 3938 23262 0 10719 -211,0.0 0.0 0.0 1.0 0.0 0.0 0.0,1000.0,0.0,130.0,0 0 3963 22733 0 10750 -206,0.0 0.0 0.18248175182481752 0.02578268876611418 0.0 0.15422885572139303 0.45454545454545453,1852.5970410260488,0.0,159,0 0 3952 22734 0 10725 -208,0.0 0.0 0.10218978102189781 0.027624309392265192 0.0 0.029850746268656716 0.2727272727272727,1050.0933543466572,0.0,163,0 0 4075 23035 0 10918 -204,0.0 0.0 1.0 0.58195211786372 0.0 0.9900497512437811 0.6363636363636364,10592.488979012522,0.0,129,0 0 4075 22837 0 10920 -204,0.0 0.0 1.0 0.21731123388581952 0.0 1.0 0.6363636363636364,10227.947597522183,0.0,136,0 0 4036 22747 0 10877 -200,0.0 0.0 0.7153284671532847 0.05156537753222836 0.0 0.7860696517412935 1.0,7213.710745582488,0.0,165,0 0 4020 22719 0 10843 -204,0.0 0.0 0.5985401459854015 0.0 0.0 0.6169154228855721 0.6363636363636364,5992.206977719235,0.0,175,0 0 4066 22746 0 10915 -203,0.0 0.0 0.9343065693430657 0.049723756906077346 0.0 0.9751243781094527 0.7272727272727273,9403.267966845102,0.0,147,0 0 4020 22719 0 10848 -202,0.0 0.0 0.5985401459854015 0.0 0.0 0.6417910447761194 0.8181818181818182,5992.637552119958,0.0,174
resolved-p14d-c14d-paper/resolved-p14d-c14d-3600-2nd/nsp-n20-d28-r0.10-rp2-fp2-s7,0 0 0 0 0 72 -30,0.0 0.0 0.0 0.0 0.0 0.0 0.9666666666666667,0.9666666666666667,0.0,155.0,0 0 0 0 0 84 -29,0.0 0.0 0.0 0.0 0.0 1.0 1.0,11.0,0.0,125,0 0 0 0 0 84 -29,0.0 0.0 0.0 0.0 0.0 1.0 1.0,11.0,0.0,125,0 0 0 0 0 75 -58,0.0 0.0 0.0 0.0 0.0 0.25 0.03333333333333333,2.533333333333333,0.0,95,0 0 0 0 0 81 -51,0.0 0.0 0.0 0.0 0.0 0.75 0.26666666666666666,7.766666666666667,0.0,89,0 0 0 0 0 81 -51,0.0 0.0 0.0 0.0 0.0 0.75 0.26666666666666666,7.766666666666667,0.0,89,0 0 0 0 0 81 -51,0.0 0.0 0.0 0.0 0.0 0.75 0.26666666666666666,7.766666666666667,0.0,89,0 0 0 0 0 81 -51,0.0 0.0 0.0 0.0 0.0 0.75 0.26666666666666666,7.766666666666667,0.0,89,0 0 0 0 0 76 -59,0.0 0.0 0.0 0.0 0.0 0.3333333333333333 0.0,3.333333333333333,0.0,92
resolved-p14d-c14d-paper/resolved-p14d-c14d-3600-2nd/nsp-n40-d28-r0.10-rp2-fp2-s8,0 0 0 0 0 452 -113,0.0 0.0 0.0 0.0 0.0 0.972972972972973 1.0,10.72972972972973,0.0,93.0,0 0 0 0 0 453 -170,0.0 0.0 0.0 0.0 0.0 1.0 0.0,10.0,0.0,91,0 0 0 0 0 453 -170,0.0 0.0 0.0 0.0 0.0 1.0 0.0,10.0,0.0,91,0 0 0 0 0 416 -116,0.0 0.0 0.0 0.0 0.0 0.0 0.9473684210526315,0.9473684210526315,0.0,122,0 0 0 0 0 435 -142,0.0 0.0 0.0 0.0 0.0 0.5135135135135135 0.49122807017543857,5.626363205310573,0.0,118,0 0 0 0 0 416 -115,0.0 0.0 0.0 0.0 0.0 0.0 0.9649122807017544,0.9649122807017544,0.0,121,0 0 0 0 0 416 -116,0.0 0.0 0.0 0.0 0.0 0.0 0.9473684210526315,0.9473684210526315,0.0,122,0 0 0 0 0 416 -113,0.0 0.0 0.0 0.0 0.0 0.0 1.0,1.0,0.0,119,0 0 0 0 0 416 -116,0.0 0.0 0.0 0.0 0.0 0.0 0.9473684210526315,0.9473684210526315,0.0,122
resolved-p14d-c14d-paper/resolved-p14d-c14d-3600-2nd/nsp-n10-d28-r0.10-rp0-fp0-s6,0 2 105 1791 0 726 14,0.0 1.0 0.5714285714285714 0.9518072289156626 0.0 0.0 0.13333333333333333,106666.22627653471,0.0,3072.0,0 2 111 1819 0 744 12,0.0 1.0 1.0 1.0 0.0 0.3 0.0,111003.0,0.0,2608,0 2 105 1818 0 731 18,0.0 1.0 0.5714285714285714 0.9982788296041308 0.0 0.08333333333333333 0.4,106713.79787722317,0.0,2982,0 1 102 1238 2 786 25,0.0 0.0 0.35714285714285715 0.0 1.0 1.0 0.8666666666666667,3682.2952380952383,0.0,2746,0 1 102 1380 2 783 26,0.0 0.0 0.35714285714285715 0.24440619621342513 1.0 0.95 0.9333333333333333,3926.26810097533,0.0,2603,0 1 102 1346 2 783 21,0.0 0.0 0.35714285714285715 0.18588640275387264 1.0 0.95 0.6,3867.414974182444,0.0,2664,0 1 97 1239 2 747 25,0.0 0.0 0.0 0.0017211703958691911 1.0 0.35 0.8666666666666667,106.08783706253585,0.0,2915,0 1 102 1381 2 784 21,0.0 0.0 0.35714285714285715 0.24612736660929432 1.0 0.9666666666666667 0.6,3927.8226047045328,0.0,2570,0 1 97 1239 2 765 27,0.0 0.0 0.0 0.0017211703958691911 1.0 0.65 1.0,109.2211703958692,0.0,2891
resolved-p14d-c14d-paper/resolved-p14d-c14d-3600-2nd/nsp-n40-d28-r0.10-rp2-fp2-s4,7 6 2416 19533 0 7263 -216,0.0 0.0 0.0 0.0 0.0 0.0 1.0,1.0,0.0,372.0,13 7 2519 20185 0 7402 -220,0.6666666666666666 1.0 0.5786516853932584 0.4836795252225519 0.0 0.5743801652892562 0.6363636363636364,772943.243211111,0.0,172,16 7 2590 20881 0 7505 -224,1.0 1.0 0.9775280898876404 1.0 0.0 1.0 0.2727272727272727,1110785.5536261492,0.0,199,16 7 2594 20500 0 7505 -226,1.0 1.0 1.0 0.7173590504451038 0.0 1.0 0.09090909090909091,1110727.449959536,0.0,49,16 7 2594 20500 0 7505 -226,1.0 1.0 1.0 0.7173590504451038 0.0 1.0 0.09090909090909091,1110727.449959536,0.0,49,16 7 2594 20500 0 7505 -226,1.0 1.0 1.0 0.7173590504451038 0.0 1.0 0.09090909090909091,1110727.449959536,0.0,49,16 7 2594 20508 0 7505 -227,1.0 1.0 1.0 0.723293768545994 0.0 1.0 0.0,1110733.293768546,0.0,48,16 7 2594 20500 0 7505 -226,1.0 1.0 1.0 0.7173590504451038 0.0 1.0 0.09090909090909091,1110727.449959536,0.0,49,16 7 2594 20508 0 7505 -227,1.0 1.0 1.0 0.723293768545994 0.0 1.0 0.0,1110733.293768546,0.0,48
resolved-p14d-c14d-paper/resolved-p14d-c14d-3600-2nd/nsp-n10-d28-r0.10-rp0-fp0-s8,12 82 1 17 1 284 -13,0.0 0.1111111111111111 0.0 0.0 0.0 0.11764705882352941 0.3157894736842105,11112.60337117303,0.0,3163.0,12 82 1 18 1 272 -19,0.0 0.1111111111111111 0.0 0.01282051282051282 0.0 0.0 0.0,11123.931623931625,0.0,3069,12 80 2 21 1 285 -14,0.0 0.0 0.002398081534772182 0.05128205128205128 0.0 0.12745098039215685 0.2631578947368421,76.80053432843151,0.0,3499,12 98 417 82 3 365 -2,0.0 1.0 0.9976019184652278 0.8333333333333334 0.2857142857142857 0.9117647058823529 0.8947368421052632,110847.93633045797,0.0,3190,12 97 418 76 3 358 -1,0.0 0.9444444444444444 1.0 0.7564102564102564 0.2857142857142857 0.8431372549019608 0.9473684210526315,105238.8048703962,0.0,3719,12 97 418 95 8 374 0,0.0 0.9444444444444444 1.0 1.0 1.0 1.0 1.0,105555.44444444444,0.0,3406,12 97 418 89 8 374 -1,0.0 0.9444444444444444 1.0 0.9230769230769231 1.0 1.0 0.9473684210526315,105478.46873594241,0.0,3424,12 98 417 79 3 363 -1,0.0 1.0 0.9976019184652278 0.7948717948717948 0.2857142857142857 0.8921568627450981 0.9473684210526315,110809.331345144,0.0,3255,12 97 418 78 3 354 -5,0.0 0.9444444444444444 1.0 0.782051282051282 0.2857142857142857 0.803921568627451 0.7368421052631579,105263.84321285869,0.0,3672
resolved-p14d-c14d-paper/resolved-p14d-c14d-3600-2nd/nsp-n50-d28-r0.10-rp2-fp2-s6,19 3 4218 25352 1 11378 -255,0.0 0.0 0.2987012987012987 0.38526912181303113 1.0 0.3888888888888889 0.36363636363636365,3476.534634078543,0.0,831.0,19 3 4218 25351 1 11378 -255,0.0 0.0 0.2987012987012987 0.38243626062322944 1.0 0.3888888888888889 0.36363636363636365,3473.7017728887413,0.0,832,19 3 4272 25531 1 11433 -256,0.0 0.0 1.0 0.8923512747875354 1.0 1.0 0.2727272727272727,11002.624002060264,0.0,692,19 4 4195 25336 0 11355 -256,0.0 1.0 0.0 0.33994334277620397 0.0 0.13333333333333333 0.2727272727272727,100341.54940338226,0.0,715,19 4 4195 25216 0 11343 -250,0.0 1.0 0.0 0.0 0.0 0.0 0.8181818181818182,100000.81818181818,0.0,723,19 4 4215 25569 0 11373 -259,0.0 1.0 0.2597402597402597 1.0 0.0 0.3333333333333333 0.0,103600.73593073593,0.0,652,19 4 4195 25216 0 11343 -250,0.0 1.0 0.0 0.0 0.0 0.0 0.8181818181818182,100000.81818181818,0.0,723,19 4 4195 25220 0 11343 -248,0.0 1.0 0.0 0.0113314447592068 0.0 0.0 1.0,100012.33144475921,0.0,720,19 4 4195 25282 0 11348 -252,0.0 1.0 0.0 0.18696883852691218 0.0 0.05555555555555555 0.6363636363636364,100188.16075771883,0.0,716
resolved-p14d-c14d-paper/resolved-p14d-c14d-3600-2nd/nsp-n40-d28-r0.10-rp2-fp2-s5,21 346 7 92 9 1280 -62,0.0 0.0 0.0 0.0 0.0 0.0 0.75,0.75,0.0,914.0,21 346 7 92 9 1280 -61,0.0 0.0 0.0 0.0 0.0 0.0 0.7857142857142857,0.7857142857142857,0.0,913,21 346 8 94 9 1283 -62,0.0 0.0 0.058823529411764705 0.3333333333333333 0.0 0.012605042016806723 0.75,922.4446778711484,0.0,860,27 355 24 94 16 1502 -56,0.8571428571428571 1.0 1.0 0.3333333333333333 0.875 0.9327731092436975 0.9642857142857143,967573.9824929971,0.0,798,28 350 18 96 15 1505 -83,1.0 0.4444444444444444 0.6470588235294118 0.6666666666666666 0.75 0.9453781512605042 0.0,1051666.1531279178,0.0,424,27 355 24 94 16 1502 -57,0.8571428571428571 1.0 1.0 0.3333333333333333 0.875 0.9327731092436975 0.9285714285714286,967573.9467787114,0.0,799,27 355 23 98 17 1508 -59,0.8571428571428571 1.0 0.9411764705882353 1.0 1.0 0.957983193277311 0.8571428571428571,967665.0588235293,0.0,822,27 355 24 93 16 1518 -60,0.8571428571428571 1.0 1.0 0.16666666666666666 0.875 1.0 0.8214285714285714,967407.8452380951,0.0,810,27 355 24 94 16 1518 -55,0.8571428571428571 1.0 1.0 0.3333333333333333 0.875 1.0 1.0,967574.6904761904,0.0,779
resolved-p14d-c14d-paper/resolved-p14d-c14d-3600-2nd/nsp-n20-d28-r0.10-rp2-fp2-s0,0 0 0 0 0 108 -30,0.0 0.0 0.0 0.0 0.0 1.0 0.25,10.25,0.0,61.0,0 0 0 0 0 82 -32,0.0 0.0 0.0 0.0 0.0 0.0 0.0,0.0,0.0,69,0 0 0 0 0 82 -32,0.0 0.0 0.0 0.0 0.0 0.0 0.0,0.0,0.0,69,0 0 0 0 0 102 -24,0.0 0.0 0.0 0.0 0.0 0.7692307692307693 1.0,8.692307692307693,0.0,71,0 0 0 0 0 102 -24,0.0 0.0 0.0 0.0 0.0 0.7692307692307693 1.0,8.692307692307693,0.0,71,0 0 0 0 0 102 -24,0.0 0.0 0.0 0.0 0.0 0.7692307692307693 1.0,8.692307692307693,0.0,71,0 0 0 0 0 102 -24,0.0 0.0 0.0 0.0 0.0 0.7692307692307693 1.0,8.692307692307693,0.0,71,0 0 0 0 0 102 -24,0.0 0.0 0.0 0.0 0.0 0.7692307692307693 1.0,8.692307692307693,0.0,71,0 0 0 0 0 102 -24,0.0 0.0 0.0 0.0 0.0 0.7692307692307693 1.0,8.692307692307693,0.0,71
resolved-p14d-c14d-paper/resolved-p14d-c14d-3600-2nd/nsp-n10-d28-r0.10-rp0-fp0-s1,8 80 5 34 7 300 -23,0.0 0.3333333333333333 1.0 0.7894736842105263 1.0 0.7017543859649122 1.0,44230.824561403504,0.0,2852.0,8 80 5 38 7 317 -25,0.0 0.3333333333333333 1.0 1.0 1.0 1.0 0.7777777777777778,44444.11111111111,0.0,2733,8 80 5 38 7 314 -25,0.0 0.3333333333333333 1.0 1.0 1.0 0.9473684210526315 0.7777777777777778,44443.584795321636,0.0,2739,11 79 0 19 5 260 -28,0.75 0.0 0.0 0.0 0.0 0.0 0.4444444444444444,750000.4444444445,0.0,4023,11 79 0 19 5 268 -32,0.75 0.0 0.0 0.0 0.0 0.14035087719298245 0.0,750001.4035087719,0.0,3968,12 80 0 19 5 260 -29,1.0 0.3333333333333333 0.0 0.0 0.0 0.0 0.3333333333333333,1033333.6666666666,0.0,3775,12 81 0 19 5 262 -26,1.0 0.6666666666666666 0.0 0.0 0.0 0.03508771929824561 0.6666666666666666,1066667.6842105263,0.0,3611,12 82 0 22 5 298 -28,1.0 1.0 0.0 0.15789473684210525 0.0 0.6666666666666666 0.4444444444444444,1100165.0058479533,0.0,2493,11 79 0 19 5 261 -23,0.75 0.0 0.0 0.0 0.0 0.017543859649122806 1.0,750001.1754385965,0.0,4011
resolved-p14d-c14d-paper/resolved-p14d-c14d-3600-2nd/nsp-n30-d28-r0.10-rp2-fp2-s6,19 242 180 273 7 777 -41,1.0 1.0 0.0 0.2882882882882883 0.0 0.0 0.04878048780487805,1100288.3370687761,0.0,1035.0,19 241 196 352 12 781 -39,1.0 0.9914529914529915 0.006817213463996591 1.0 0.2631578947368421 0.0034965034965034965 0.07317073170731707,1100239.8952051795,0.0,1128,19 242 186 284 7 778 -45,1.0 1.0 0.0025564550489987218 0.38738738738738737 0.0 0.0008741258741258741 0.0,1100412.9606791362,0.0,945,18 125 2452 243 25 1900 33,0.0 0.0 0.9680443118875159 0.018018018018018018 0.9473684210526315 0.9816433566433567 0.9512195121951219,9803.965632077068,0.0,1201,18 125 2446 241 26 1902 35,0.0 0.0 0.9654878568385172 0.0 1.0 0.9833916083916084 0.975609756097561,9765.688094225186,0.0,1238,18 125 2527 243 25 1921 37,0.0 0.0 1.0 0.018018018018018018 0.9473684210526315 1.0 1.0,10123.754860123281,0.0,1126,18 125 2446 242 26 1905 34,0.0 0.0 0.9654878568385172 0.009009009009009009 1.0 0.986013986013986 0.9634146341463414,9774.711131888469,0.0,1231,18 125 2527 241 25 1903 37,0.0 0.0 1.0 0.0 0.9473684210526315 0.9842657342657343 1.0,10105.57949944792,0.0,1144,18 125 2527 244 25 1915 37,0.0 0.0 1.0 0.02702702702702703 0.9473684210526315 0.9947552447552448 1.0,10132.711421579843,0.0,1117
resolved-p14d-c14d-paper/resolved-p14d-c14d-3600-2nd/nsp-n20-d28-r0.10-rp2-fp2-s5,8 2 577 8412 0 2068 -43,0.0 0.0 0.17857142857142858 1.0 0.0 0.6956521739130435 0.0,2792.6708074534163,0.0,970.0,10 3 600 7925 0 2064 -20,1.0 1.0 1.0 0.4654226125137212 0.0 0.5217391304347826 0.6764705882352942,1110471.3164744063,0.0,1009,10 3 597 7925 0 2065 -17,1.0 1.0 0.8928571428571429 0.4654226125137212 0.0 0.5652173913043478 0.7647058823529411,1109400.4109208805,0.0,1016,9 3 572 7530 0 2052 -10,0.5 1.0 0.0 0.031833150384193196 0.0 0.0 0.9705882352941176,600032.8037386194,0.0,945,9 3 584 7501 0 2075 -10,0.5 1.0 0.42857142857142855 0.0 0.0 1.0 0.9705882352941176,604296.6848739496,0.0,844,9 3 580 7597 0 2064 -11,0.5 1.0 0.2857142857142857 0.10537870472008781 0.0 0.5217391304347826 0.9411764705882353,602968.6801296378,0.0,852,9 3 580 7597 0 2067 -10,0.5 1.0 0.2857142857142857 0.10537870472008781 0.0 0.6521739130434783 0.9705882352941176,602970.0138892287,0.0,850,9 3 573 7572 0 2054 -9,0.5 1.0 0.03571428571428571 0.07793633369923161 0.0 0.08695652173913043 1.0,600436.9487560595,0.0,933,9 3 572 7530 0 2052 -9,0.5 1.0 0.0 0.031833150384193196 0.0 0.0 1.0,600032.8331503842,0.0,944
resolved-p14d-c14d-paper/resolved-p14d-c14d-3600-2nd/nsp-n40-d28-r0.10-rp2-fp2-s6,17 3 2460 19415 0 7275 -181,1.0 0.0 1.0 0.5804195804195804 0.0 0.90625 1.0,1010590.4820804195,0.0,492.0,17 3 2460 19475 0 7287 -181,1.0 0.0 1.0 1.0 0.0 1.0 1.0,1011011.0,0.0,488,17 3 2460 19415 0 7275 -181,1.0 0.0 1.0 0.5804195804195804 0.0 0.90625 1.0,1010590.4820804195,0.0,492,16 3 2417 19383 0 7170 -184,0.0 0.0 0.0 0.35664335664335667 0.0 0.0859375 0.5714285714285714,358.07416021478525,0.0,825,16 3 2419 19431 0 7184 -186,0.0 0.0 0.046511627906976744 0.6923076923076923 0.0 0.1953125 0.2857142857142857,1159.662810663174,0.0,803,16 3 2417 19382 0 7170 -186,0.0 0.0 0.0 0.34965034965034963 0.0 0.0859375 0.2857142857142857,350.79543893606393,0.0,828,16 3 2417 19332 0 7161 -187,0.0 0.0 0.0 0.0 0.0 0.015625 0.14285714285714285,0.29910714285714285,0.0,840,16 3 2421 19432 1 7196 -185,0.0 0.0 0.09302325581395349 0.6993006993006993 1.0 0.2890625 0.42857142857142855,1732.8524538688055,0.0,783,16 3 2417 19333 0 7159 -188,0.0 0.0 0.0 0.006993006993006993 0.0 0.0 0.0,6.993006993006993,0.0,838
resolved-p14d-c14d-paper/resolved-p14d-c14d-3600-2nd/nsp-n30-d28-r0.10-rp2-fp2-s1,0 0 1278 13197 0 4167 -105,0.0 0.0 0.0 1.0 0.0 0.06818181818181818 1.0,1001.6818181818181,0.0,122.0,0 0 1354 12651 1 4170 -116,0.0 0.0 0.7102803738317757 0.0 0.5 0.09090909090909091 0.21428571428571427,7153.927114941133,0.0,357,0 0 1354 12755 1 4158 -113,0.0 0.0 0.7102803738317757 0.19047619047619047 0.5 0.0 0.42857142857142855,7343.7085002225185,0.0,331,0 0 1385 12942 1 4283 -118,0.0 0.0 1.0 0.532967032967033 0.5 0.946969696969697 0.07142857142857142,10592.508158508159,0.0,223,0 0 1385 12985 0 4283 -117,0.0 0.0 1.0 0.6117216117216118 0.0 0.946969696969697 0.14285714285714285,10621.334165834165,0.0,222,0 0 1385 12805 2 4279 -118,0.0 0.0 1.0 0.28205128205128205 1.0 0.9166666666666666 0.07142857142857142,10391.289377289377,0.0,232,0 0 1385 12805 2 4279 -118,0.0 0.0 1.0 0.28205128205128205 1.0 0.9166666666666666 0.07142857142857142,10391.289377289377,0.0,232,0 0 1385 12744 2 4290 -119,0.0 0.0 1.0 0.17032967032967034 1.0 1.0 0.0,10280.329670329671,0.0,237,0 0 1385 12744 2 4281 -119,0.0 0.0 1.0 0.17032967032967034 1.0 0.9318181818181818 0.0,10279.647852147853,0.0,240
resolved-p14d-c14d-paper/resolved-p14d-c14d-3600-2nd/nsp-n50-d28-r0.10-rp2-fp2-s0,33 181 10386 664 10 8438 -2,0.6666666666666666 0.9420289855072463 1.0 0.863013698630137 0.28 1.0 0.8863636363636364,771771.4652796577,0.0,552.0,31 185 10341 724 16 8400 8,0.0 1.0 0.84375 1.0 0.52 0.9667250437828371 1.0,109500.16725043782,0.0,652,34 127 10098 286 3 7817 -80,1.0 0.15942028985507245 0.0 0.0 0.0 0.45621716287215414 0.0,1015946.591157136,0.0,429,33 117 10243 513 21 7399 -43,0.6666666666666666 0.014492753623188406 0.5034722222222222 0.5182648401826484 0.72 0.09019264448336252 0.42045454545454547,673742.2514723806,0.0,635,33 117 10256 512 28 7399 -41,0.6666666666666666 0.014492753623188406 0.5486111111111112 0.5159817351598174 1.0 0.09019264448336252 0.4431818181818182,674219.3799835194,0.0,625,33 117 10244 513 21 7399 -42,0.6666666666666666 0.014492753623188406 0.5069444444444444 0.5182648401826484 0.72 0.09019264448336252 0.4318181818181818,673776.9850582392,0.0,633,33 116 10164 517 21 7296 -43,0.6666666666666666 0.0 0.22916666666666666 0.5273972602739726 0.72 0.0 0.42045454545454547,669558.1510481527,0.0,669,33 116 10164 517 21 7296 -44,0.6666666666666666 0.0 0.22916666666666666 0.5273972602739726 0.72 0.0 0.4090909090909091,669558.1396845164,0.0,670,33 117 10239 513 21 7399 -43,0.6666666666666666 0.014492753623188406 0.4895833333333333 0.5182648401826484 0.72 0.09019264448336252 0.42045454545454547,673603.3625834917,0.0,643
resolved-p14d-c14d-paper/resolved-p14d-c14d-3600-1st/nsp-n50-d28-r0.10-rp2-fp2-s8,30 102 3853 4625 153 8695 -225,0.0 0.06611570247933884 0.0001520912547528517 0.9990704159888449 1.0 0.8312796208530806 0.0,7720.474372678788,0.01,578.0,30 102 3856 4625 153 8697 -225,0.0 0.06611570247933884 0.0006083650190114068 0.9990704159888449 1.0 0.833175355450237 0.0,7725.056067667346,0.01,577,30 102 3857 4629 153 8701 -224,0.0 0.06611570247933884 0.0007604562737642585 1.0 1.0 0.8369668246445497 0.004424778761061947,7727.548903696734,0.01,575,30 101 4011 4140 153 8873 -194,0.0 0.05785123966942149 0.02418250950570342 0.8863583546363003 1.0 1.0 0.13716814159292035,7023.444584777077,0.01,41,30 102 3852 4553 153 8699 -204,0.0 0.06611570247933884 0.0 0.9823379037880549 1.0 0.8350710900473933 0.09292035398230089,7702.351782976395,0.01,625,30 102 3852 4517 153 8696 -206,0.0 0.06611570247933884 0.0 0.9739716476876598 1.0 0.8322274881516588 0.084070796460177,7693.948241299521,0.01,633,74 215 10427 932 41 7863 -2,1.0 1.0 1.0 0.14083197768998373 0.2 0.04265402843601896 0.9867256637168141,1110162.245243638,0.5685714285714286,267,32 94 9747 391 14 7818 1,0.045454545454545456 0.0 0.8965779467680608 0.015105740181268883 0.007142857142857143 0.0 1.0,54437.14494812162,0.8128571428571428,546,30 109 9172 326 13 7879 -67,0.0 0.12396694214876033 0.8091254752851711 0.0 0.0 0.05781990521327014 0.6991150442477876,20489.226281824125,0.8128571428571428,537
resolved-p14d-c14d-paper/resolved-p14d-c14d-3600-1st/nsp-n30-d28-r0.10-rp2-fp2-s5,13 4 689 3345 8 2427 -86,0.5652173913043478 0.09302325581395349 0.02861230329041488 0.13176895306859207 1.0 0.11319770474700053 0.17518248175182483,575038.9160312451,0.01904761904761905,1222.0,13 4 691 3374 8 2430 -78,0.5652173913043478 0.09302325581395349 0.031473533619456366 0.13438628158844765 1.0 0.11476264997391758 0.23357664233576642,575070.2197066682,0.01904761904761905,1178,13 4 692 3360 8 2429 -80,0.5652173913043478 0.09302325581395349 0.032904148783977114 0.13312274368231047 1.0 0.11424100156494522 0.21897810218978103,575083.2425053831,0.01904761904761905,1149,15 4 738 3167 8 2493 -64,0.6521739130434783 0.09302325581395349 0.09871244635193133 0.11570397111913358 1.0 0.1476264997391758 0.3357664233576642,662680.8790909328,0.01904761904761905,22,13 4 669 3306 8 2401 -74,0.5652173913043478 0.09302325581395349 0.0 0.12824909747292418 1.0 0.09963484611371935 0.26277372262773724,574749.2251053998,0.01904761904761905,1164,13 4 669 3310 8 2401 -77,0.5652173913043478 0.09302325581395349 0.0 0.1286101083032491 1.0 0.09963484611371935 0.24087591240875914,574749.56421842,0.01904761904761905,1163,23 43 757 1885 8 2210 27,1.0 1.0 0.12589413447782546 0.0 1.0 0.0 1.0,1101359.9413447783,0.01904761904761905,550,0 0 1368 12192 0 4102 -96,0.0 0.0 1.0 0.9302346570397112 0.0 0.9869587897756912 0.10218978102189781,10940.20643471849,0.6428571428571429,197,0 0 1352 12965 0 4127 -110,0.0 0.0 0.977110157367668 1.0 0.0 1.0 0.0,10781.10157367668,0.6452380952380953,167
resolved-p14d-c14d-paper/resolved-p14d-c14d-3600-1st/nsp-n40-d28-r0.10-rp2-fp2-s1,20 7 1140 4385 2 3606 -197,1.0 0.17647058823529413 0.007686932215234102 0.014058901951278633 1.0 0.0 0.8103448275862069,1017838.7973924606,0.010714285714285714,773.0,20 7 1140 4378 2 3606 -199,1.0 0.17647058823529413 0.007686932215234102 0.013634710944127984 1.0 0.0 0.7758620689655172,1017838.3387186949,0.010714285714285714,778,20 7 1140 4385 2 3606 -200,1.0 0.17647058823529413 0.007686932215234102 0.014058901951278633 1.0 0.0 0.7586206896551724,1017838.7456683227,0.010714285714285714,774,20 7 1156 4153 1 3722 -191,1.0 0.17647058823529413 0.018867924528301886 0.0 0.5 0.030801911842804036 0.9137931034482759,1017886.9598810343,0.010714285714285714,474,20 7 1129 4539 2 3683 -204,1.0 0.17647058823529413 0.0 0.023391104108592898 1.0 0.020446096654275093 0.6896551724137931,1017771.344043777,0.010714285714285714,668,20 7 1129 4543 1 3680 -203,1.0 0.17647058823529413 0.0 0.02363349896982184 0.5 0.01964949548592671 0.7068965517241379,1017721.5957140059,0.010714285714285714,666,17 21 2560 17365 0 7251 -186,0.25 1.0 1.0 0.8006302266391953 0.0 0.967870419543282 1.0,360811.30893083464,0.6267857142857143,718,16 4 2549 20655 0 7372 -244,0.0 0.0 0.9923130677847659 1.0 0.0 1.0 0.0,10933.13067784766,0.6339285714285714,262,16 4 2527 20540 0 7334 -241,0.0 0.0 0.9769392033542977 0.9930311477396679 0.0 0.9899097185342538 0.05172413793103448,10772.374002605919,0.6285714285714286,385
resolved-p14d-c14d-paper/resolved-p14d-c14d-3600-1st/nsp-n30-d28-r0.10-rp2-fp2-s4,14 13 593 3218 1 1869 -115,1.0 1.0 0.0011947431302270011 0.03544475536335114 1.0 0.0007898894154818325 0.027777777777777776,1100147.4278633376,0.02857142857142857,854.0,14 13 592 3269 1 1885 -116,1.0 1.0 0.0 0.03976935470194183 1.0 0.0071090047393364926 0.0,1100139.8404447492,0.02857142857142857,857,14 13 593 3219 1 1870 -115,1.0 1.0 0.0011947431302270011 0.035529551428813706 1.0 0.001184834123222749 0.027777777777777776,1100147.51660885,0.02857142857142857,852,12 13 662 2800 0 1913 -102,0.3333333333333333 1.0 0.08363201911589008 0.0 0.0 0.018167456556082148 0.3888888888888889,434170.22408794664,0.02857142857142857,537,13 13 629 3235 0 1884 -109,0.6666666666666666 1.0 0.04420549581839905 0.0368862884762147 0.0 0.006714060031595577 0.19444444444444445,767145.8694983716,0.02857142857142857,561,14 13 624 3197 1 1867 -104,1.0 1.0 0.038231780167264036 0.033664037988637326 1.0 0.0 0.3333333333333333,1100516.3151729945,0.02857142857142857,504,12 5 1405 13970 0 4238 -80,0.3333333333333333 0.1111111111111111 0.9713261648745519 0.9471720512168236 0.0 0.9364139020537124 1.0,355115.24228342733,0.65,200,11 4 1397 14593 0 4325 -107,0.0 0.0 0.961768219832736 1.0 0.0 0.9707740916271722 0.25,10627.639939243632,0.65,1309,11 4 1429 14538 0 4399 -111,0.0 0.0 1.0 0.995336216399559 0.0 1.0 0.1388888888888889,11005.475105288448,0.638095238095238,706
resolved-p14d-c14d-paper/resolved-p14d-c14d-3600-1st/nsp-n10-d28-r0.10-rp0-fp0-s5,4 1 53 746 0 343 -44,1.0 0.05 0.44036697247706424 0.8253424657534246 0.0 0.3620689655172414 0.05357142857142857,1010232.6864516078,0.02142857142857143,3570.0,4 1 53 706 0 345 -41,1.0 0.05 0.44036697247706424 0.7796803652968036 0.0 0.36590038314176243 0.10714285714285714,1010187.116236756,0.02142857142857143,3636,4 1 53 713 0 343 -47,1.0 0.05 0.44036697247706424 0.7876712328767124 0.0 0.3620689655172414 0.0,1010194.9616473025,0.02142857142857143,3626,3 1 69 623 0 390 -24,0.75 0.05 0.5871559633027523 0.684931506849315 0.0 0.4521072796934866 0.4107142857142857,761561.4229269595,0.02142857142857143,1600,2 4 73 568 1 396 -24,0.5 0.2 0.6238532110091743 0.6221461187214612 0.3333333333333333 0.46360153256704983 0.4107142857142857,526899.058291758,0.35,3882,1 20 114 899 0 437 -15,0.25 1.0 1.0 1.0 0.0 0.5421455938697318 0.5714285714285714,361005.99288451014,0.24285714285714285,3729,2 0 5 23 0 154 -22,0.5 0.0 0.0 0.0 0.0 0.0 0.44642857142857145,500000.4464285714,0.02142857142857143,2289,0 0 60 338 2 600 9,0.0 0.0 0.5045871559633027 0.3595890410958904 0.6666666666666666 0.8544061302681992 1.0,5481.671328698267,0.6857142857142857,1819,0 0 76 899 3 676 5,0.0 0.0 0.6513761467889908 1.0 1.0 1.0 0.9285714285714286,7624.69003931848,0.6142857142857143,1743
resolved-p14d-c14d-paper/resolved-p14d-c14d-3600-1st/nsp-n10-d28-r0.10-rp0-fp0-s0,5 32 3 13 0 181 -20,1.0 0.19607843137254902 0.17647058823529413 0.014285714285714285 0.0 0.40217391304347827 0.2,1021391.056473024,0.02142857142857143,3165.0,5 33 1 12 0 156 -23,1.0 0.21568627450980393 0.058823529411764705 0.0 0.0 0.13043478260869565 0.0,1022158.1670929241,0.02142857142857143,2946,5 32 2 14 0 164 -17,1.0 0.19607843137254902 0.11764705882352941 0.02857142857142857 0.0 0.21739130434782608 0.4,1020815.4590671051,0.02142857142857143,3248,2 28 14 72 1 145 -21,0.0 0.11764705882352941 0.8235294117647058 0.8571428571428571 0.3333333333333333 0.010869565217391304 0.13333333333333333,20890.718219461694,0.02142857142857143,2508,4 47 1 21 0 155 -16,0.6666666666666666 0.49019607843137253 0.058823529411764705 0.12857142857142856 0.0 0.11956521739130435 0.4666666666666667,716404.7435513336,0.02142857142857143,3115,4 46 3 13 0 144 -17,0.6666666666666666 0.47058823529411764 0.17647058823529413 0.014285714285714285 0.0 0.0 0.4,715504.881792717,0.02142857142857143,3410,5 22 17 82 2 186 -16,1.0 0.0 1.0 1.0 0.6666666666666666 0.45652173913043476 0.4666666666666667,1011071.6985507247,0.02142857142857143,1986,4 73 0 15 2 231 -20,0.6666666666666666 1.0 0.0 0.04285714285714286 0.6666666666666666 0.9456521739130435 0.2,766785.8469979296,0.65,3279,4 66 0 18 3 236 -8,0.6666666666666666 0.8627450980392157 0.0 0.08571428571428572 1.0 1.0 1.0,753137.8907563025,0.5714285714285714,3300
resolved-p14d-c14d-paper/resolved-p14d-c14d-3600-1st/nsp-n30-d28-r0.10-rp2-fp2-s9,18 105 5 61 5 287 -61,0.0 0.0 0.027472527472527472 0.07142857142857142 0.29411764705882354 0.005970149253731343 0.19402985074626866,375.8193422030121,0.009523809523809525,975.0,18 105 5 62 5 292 -60,0.0 0.0 0.027472527472527472 0.075 0.29411764705882354 0.013432835820895522 0.208955223880597,379.4803230132467,0.009523809523809525,933,18 105 5 57 5 283 -63,0.0 0.0 0.027472527472527472 0.05714285714285714 0.29411764705882354 0.0 0.16417910447761194,361.44407567849186,0.009523809523809525,998,20 117 3 41 0 302 -74,0.15384615384615385 0.0736196319018405 0.016483516483516484 0.0 0.0 0.028358208955223882 0.0,161373.23578326261,0.009523809523809525,858,20 268 182 321 17 440 -7,0.15384615384615385 1.0 1.0 1.0 1.0 0.23432835820895523 1.0,264949.49712973594,0.16428571428571428,432,23 147 0 49 1 334 -68,0.38461538461538464 0.25766871165644173 0.0 0.02857142857142857 0.058823529411764705 0.07611940298507462 0.08955223880597014,410417.56030881003,0.0761904761904762,421,19 136 10 147 3 438 -65,0.07692307692307693 0.1901840490797546 0.054945054945054944 0.37857142857142856 0.17647058823529413 0.23134328358208955 0.13432835820895522,96889.59862909192,0.009523809523809525,781,29 240 25 102 16 953 -32,0.8461538461538461 0.8282208588957055 0.13736263736263737 0.21785714285714286 0.9411764705882353 1.0 0.6268656716417911,930672.1600726306,0.6476190476190476,1103,31 255 138 70 12 740 -37,1.0 0.9202453987730062 0.7582417582417582 0.10357142857142858 0.7058823529411765 0.682089552238806 0.5522388059701493,1099788.490257912,0.6214285714285714,1155
resolved-p14d-c14d-paper/resolved-p14d-c14d-3600-1st/nsp-n20-d28-r0.10-rp2-fp2-s2,7 3 276 1993 0 911 -45,0.5833333333333334 0.5 0.10526315789473684 0.18329142218496786 0.0 0.10487982520029134 0.16216216216216217,634570.4672948798,0.010714285714285714,1870.0,7 3 276 1997 0 898 -47,0.5833333333333334 0.5 0.10526315789473684 0.1838502374965074 0.0 0.09541150764748725 0.10810810810810811,634570.8773729618,0.010714285714285714,1864,7 3 276 1992 0 912 -45,0.5833333333333334 0.5 0.10526315789473684 0.183151718357083 0.0 0.1056081573197378 0.16216216216216217,634570.3348743732,0.010714285714285714,1872,7 0 240 681 0 796 -14,0.5833333333333334 0.0 0.015037593984962405 0.0 0.0 0.02112163146394756 1.0,583484.9204894976,0.010714285714285714,741,7 2 282 1911 0 861 -45,0.5833333333333334 0.3333333333333333 0.12030075187969924 0.17183570829840739 0.0 0.06846321922796796 0.16216216216216217,618042.3566881166,0.02857142857142857,1961,7 3 282 1917 0 856 -51,0.5833333333333334 0.5 0.12030075187969924 0.17267393126571667 0.0 0.06482155863073562 0.0,634709.6629989824,0.010714285714285714,1921,12 6 234 1301 0 767 -43,1.0 1.0 0.0 0.0866163732886281 0.0 0.0 0.21621621621621623,1100086.8325895048,0.010714285714285714,1100,0 0 633 7539 0 2140 -38,0.0 0.0 1.0 0.9580888516345348 0.0 1.0 0.35135135135135137,10968.440202985887,0.6428571428571429,456,0 0 626 7839 0 2139 -39,0.0 0.0 0.9824561403508771 1.0 0.0 0.9992716678805535 0.32432432432432434,10834.878444511902,0.6142857142857143,370
resolved-p14d-c14d-paper/resolved-p14d-c14d-3600-1st/nsp-n10-d28-r0.10-rp0-fp0-s4,1 37 48 353 1 261 -32,0.0 0.38823529411764707 0.7758620689655172 0.7119675456389453 0.25 0.6875 0.058823529411764705,47326.05147058824,0.02857142857142857,3422.0,1 40 61 495 1 263 -33,0.0 0.4235294117647059 1.0 1.0 0.25 0.6988636363636364 0.0,53384.92981283423,0.02857142857142857,3181,1 38 54 454 0 267 -33,0.0 0.4 0.8793103448275862 0.9168356997971603 0.0 0.7215909090909091 0.0,49717.15505716393,0.02857142857142857,3281,1 4 3 2 0 140 -31,0.0 0.0 0.0 0.0 0.0 0.0 0.11764705882352941,0.11764705882352941,0.02857142857142857,2110,1 5 31 266 0 288 -27,0.0 0.011764705882352941 0.4827586206896552 0.5354969574036511 0.0 0.8409090909090909 0.35294117647058826,6548.315784621059,0.02857142857142857,3777,1 5 31 306 0 303 -20,0.0 0.011764705882352941 0.4827586206896552 0.6166328600405679 0.0 0.9261363636363636 0.7647058823529411,6630.71572469113,0.02857142857142857,3488,2 23 23 82 4 249 -26,0.125 0.2235294117647059 0.3448275862068966 0.16227180527383367 1.0 0.6193181818181818 0.4117647058823529,151070.09379033744,0.02857142857142857,2293,9 89 5 55 3 316 -16,1.0 1.0 0.034482758620689655 0.1075050709939148 0.75 1.0 1.0,1100538.3326572007,0.7642857142857142,3633,8 74 11 25 0 285 -26,0.875 0.8235294117647058 0.13793103448275862 0.04665314401622718 0.0 0.8238636363636364 0.4117647058823529,958787.5550663839,0.7357142857142858,3629
resolved-p14d-c14d-paper/resolved-p14d-c14d-3600-1st/nsp-n20-d28-r0.10-rp2-fp2-s4,8 6 318 1277 0 969 -59,0.5 0.1 0.11764705882352941 0.0 0.0 0.11226114649681529 0.05,511177.6431997003,0.02142857142857143,1298.0,8 6 318 1277 0 929 -59,0.5 0.1 0.11764705882352941 0.0 0.0 0.0804140127388535 0.05,511177.32472836267,0.02142857142857143,1319,8 6 318 1277 0 968 -61,0.5 0.1 0.11764705882352941 0.0 0.0 0.11146496815286625 0.0,511177.58523791685,0.02142857142857143,1300,8 6 280 1315 0 828 -38,0.5 0.1 0.0 0.004979035639412998 0.0 0.0 0.575,510005.5540356394,0.02142857142857143,1321,7 33 329 1542 1 1021 -52,0.0 1.0 0.15170278637770898 0.034722222222222224 1.0 0.1536624203821656 0.225,101653.51171020314,0.17857142857142858,1168,8 6 323 1419 0 975 -58,0.5 0.1 0.13312693498452013 0.018605870020964362 0.0 0.11703821656050956 0.075,511351.12060203176,0.025,1174,9 3 603 8909 1 2084 -52,1.0 0.0 1.0 1.0 1.0 1.0 0.225,1011110.225,0.6464285714285715,1634,8 3 553 6852 0 1985 -21,0.5 0.0 0.8452012383900929 0.7304769392033543 0.0 0.9211783439490446 1.0,509192.70110654377,0.6821428571428572,1005,9 3 589 8490 0 2029 -44,1.0 0.0 0.9566563467492261 0.9450995807127882 0.0 0.9562101910828026 0.425,1010521.6501501158,0.6428571428571429,1530
resolved-p14d-c14d-paper/resolved-p14d-c14d-3600-1st/nsp-n50-d28-r0.10-rp2-fp2-s7,28 340 2436 4752 65 6331 -196,1.0 0.996996996996997 0.0 0.0005114613846654577 1.0 0.0030188679245283017 1.0,1099801.2413497637,0.005714285714285714,354.0,28 340 2437 4753 65 6315 -196,1.0 0.996996996996997 0.0005025125628140704 0.0005579578741804993 1.0 0.0 1.0,1099806.282783202,0.005714285714285714,347,28 340 2436 4753 65 6324 -196,1.0 0.996996996996997 0.0 0.0005579578741804993 1.0 0.0016981132075471698 1.0,1099801.274638706,0.005714285714285714,350,28 341 2454 4776 64 6390 -199,1.0 1.0 0.009045226130653266 0.0016273771330264566 0.9846153846153847 0.014150943396226415 0.9634146341463414,1100191.6461009693,0.005714285714285714,163,28 341 2455 4741 65 6327 -202,1.0 1.0 0.009547738693467337 0.0 1.0 0.0022641509433962265 0.926829268292683,1100196.4268577124,0.005714285714285714,253,28 341 2455 4741 65 6327 -202,1.0 1.0 0.009547738693467337 0.0 1.0 0.0022641509433962265 0.926829268292683,1100196.4268577124,0.005714285714285714,253,25 21 4426 25356 0 11615 -260,0.4 0.03903903903903904 1.0 0.9585251313525829 0.0 1.0 0.21951219512195122,414872.6485474516,0.7314285714285714,514,23 8 4324 26248 1 11506 -278,0.0 0.0 0.9487437185929648 1.0 0.015384615384615385 0.9794339622641509 0.0,10498.76998709075,0.7557142857142857,63,23 8 4260 26199 0 11375 -273,0.0 0.0 0.9165829145728643 0.9977216720137629 0.0 0.9547169811320755 0.06097560975609756,10173.158963163483,0.75,144
resolved-p14d-c14d-paper/resolved-p14d-c14d-3600-1st/nsp-n10-d28-r0.10-rp0-fp0-s7,0 0 0 0 0 103 -19,0.0 0.0 0.0 0.0 0.0 1.0 0.5555555555555556,10.555555555555555,0.2857142857142857,65.0,0 0 0 0 0 97 -20,0.0 0.0 0.0 0.0 0.0 0.5384615384615384 0.4444444444444444,5.829059829059829,0.3,49,0 0 0 0 0 97 -20,0.0 0.0 0.0 0.0 0.0 0.5384615384615384 0.4444444444444444,5.829059829059829,0.3,49,0 0 0 0 0 94 -22,0.0 0.0 0.0 0.0 0.0 0.3076923076923077 0.2222222222222222,3.2991452991452994,0.2,69,0 0 0 0 0 103 -20,0.0 0.0 0.0 0.0 0.0 1.0 0.4444444444444444,10.444444444444445,0.5571428571428572,27,0 0 0 0 0 93 -20,0.0 0.0 0.0 0.0 0.0 0.23076923076923078 0.4444444444444444,2.752136752136752,0.2,157,0 0 0 0 0 90 -15,0.0 0.0 0.0 0.0 0.0 0.0 1.0,1.0,0.2,223,0 0 0 0 0 101 -24,0.0 0.0 0.0 0.0 0.0 0.8461538461538461 0.0,8.461538461538462,0.6714285714285714,92,0 0 0 0 0 102 -23,0.0 0.0 0.0 0.0 0.0 0.9230769230769231 0.1111111111111111,9.341880341880342,0.2,266
resolved-p14d-c14d-paper/resolved-p14d-c14d-3600-1st/nsp-n30-d28-r0.10-rp2-fp2-s7,0 0 0 0 0 151 -83,0.0 0.0 0.0 0.0 0.0 0.027692307692307693 0.13953488372093023,0.4164579606440072,0.06666666666666667,74.0,0 0 0 0 0 142 -73,0.0 0.0 0.0 0.0 0.0 0.0 0.37209302325581395,0.37209302325581395,0.07142857142857142,52,0 0 0 0 0 142 -73,0.0 0.0 0.0 0.0 0.0 0.0 0.37209302325581395,0.37209302325581395,0.07142857142857142,52,0 0 0 0 0 158 -78,0.0 0.0 0.0 0.0 0.0 0.04923076923076923 0.2558139534883721,0.7481216457960644,0.05714285714285714,123,0 0 0 0 0 185 -73,0.0 0.0 0.0 0.0 0.0 0.13230769230769232 0.37209302325581395,1.6951699463327372,0.35,15,0 0 0 0 0 146 -89,0.0 0.0 0.0 0.0 0.0 0.012307692307692308 0.0,0.12307692307692308,0.05714285714285714,59,0 0 0 0 0 399 -66,0.0 0.0 0.0 0.0 0.0 0.7907692307692308 0.5348837209302325,8.44257602862254,0.34285714285714286,42,0 0 0 0 0 467 -46,0.0 0.0 0.0 0.0 0.0 1.0 1.0,11.0,0.3880952380952381,25,0 0 0 0 0 425 -67,0.0 0.0 0.0 0.0 0.0 0.8707692307692307 0.5116279069767442,9.21932021466905,0.30238095238095236,78
resolved-p14d-c14d-paper/resolved-p14d-c14d-3600-1st/nsp-n40-d28-r0.10-rp2-fp2-s3,18 9 1234 4665 4 3472 -169,0.6206896551724138 0.06818181818181818 0.0037629350893697085 0.013028816676885347 1.0 0.008521892447840141 0.030303030303030304,627658.610680121,0.01607142857142857,982.0,18 9 1235 4654 3 3443 -167,0.6206896551724138 0.06818181818181818 0.004703668861712135 0.012185775597792764 0.75 0.0 0.045454545454545456,627642.104909356,0.01607142857142857,958,18 9 1233 4669 3 3470 -164,0.6206896551724138 0.06818181818181818 0.0028222013170272815 0.013335377069282648 0.75 0.007934175727299441 0.06818181818181818,627624.5419044106,0.01607142857142857,1023,19 9 1320 4495 0 3727 -159,0.6551724137931034 0.06818181818181818 0.08466603951081844 0.0 0.0 0.08345577431677931 0.10606060606060606,662838.1966247427,0.01607142857142857,20,18 9 1230 4590 2 3449 -173,0.6206896551724138 0.06818181818181818 0.0 0.007280809319435929 0.5 0.001763150161622098 0.0,627565.1354314167,0.01607142857142857,1188,18 9 1233 4578 2 3451 -169,0.6206896551724138 0.06818181818181818 0.0028222013170272815 0.006361128142244022 0.5 0.0023508668821627977 0.030303030303030304,627592.4739436073,0.01607142857142857,1096,29 132 1612 5871 1 4473 -41,1.0 1.0 0.35936030103480715 0.10545677498467199 0.25 0.3026741110784602 1.0,1103728.0865264435,0.2017857142857143,464,0 0 2293 17543 0 6846 -162,0.0 0.0 1.0 1.0 0.0 1.0 0.08333333333333333,11010.083333333334,0.625,174,0 0 2126 16833 1 6582 -157,0.0 0.0 0.8428974600188147 0.9455855303494789 0.25 0.9224213928886277 0.12121212121212122,9408.905556587724,0.6357142857142857,277
resolved-p14d-c14d-paper/resolved-p14d-c14d-3600-1st/nsp-n40-d28-r0.10-rp2-fp2-s0,17 10 1127 4611 1 3285 -144,0.7083333333333334 0.10752688172043011 0.0 0.010998770323814728 1.0 0.0 0.05454545454545454,719197.0748211547,0.014285714285714285,977.0,17 10 1130 4601 0 3292 -146,0.7083333333333334 0.10752688172043011 0.002304147465437788 0.010315616887552944 0.0 0.0018387181507748883 0.01818181818181818,719119.415165918,0.014285714285714285,945,17 10 1133 4611 1 3321 -146,0.7083333333333334 0.10752688172043011 0.004608294930875576 0.010998770323814728 1.0 0.009456264775413711 0.01818181818181818,719243.2159694749,0.014285714285714285,903,18 8 1289 4450 0 3485 -133,0.75 0.08602150537634409 0.12442396313364056 0.0 0.0 0.052534804307853955 0.2545454545454545,759847.1700624684,0.014285714285714285,21,17 12 1166 4487 1 3339 -142,0.7083333333333334 0.12903225806451613 0.029953917050691243 0.0025276677141686022 1.0 0.014184397163120567 0.09090909090909091,721638.8587310686,0.014285714285714285,823,17 12 1166 4487 1 3339 -142,0.7083333333333334 0.12903225806451613 0.029953917050691243 0.0025276677141686022 1.0 0.014184397163120567 0.09090909090909091,721638.8587310686,0.014285714285714285,823,24 93 1699 6752 0 4331 -92,1.0 1.0 0.4393241167434716 0.15726192102746278 0.0 0.27475702653007616 1.0,1104554.2506587275,0.16428571428571428,530,0 0 2363 18488 0 6904 -147,0.0 0.0 0.9493087557603687 0.9590107938242929 0.0 0.9506172839506173 0.0,10461.604524267486,0.6410714285714286,116,0 0 2429 19088 0 7092 -147,0.0 0.0 1.0 1.0 0.0 1.0 0.0,11010.0,0.6446428571428572,69
resolved-p14d-c14d-paper/resolved-p14d-c14d-3600-1st/nsp-n40-d28-r0.10-rp2-fp2-s9,20 8 1218 3798 6 4420 -67,0.0 1.0 0.0 0.0 1.0 0.036840462066812366 1.0,100101.36840462066,0.010714285714285714,667.0,20 8 1218 3806 6 4412 -70,0.0 1.0 0.0 0.0004662548082527101 1.0 0.034342803621604745 0.9802631578947368,100101.78994600236,0.010714285714285714,657,20 8 1218 3828 6 4420 -78,0.0 1.0 0.0 0.001748455530947663 1.0 0.036840462066812366 0.9276315789473685,100103.04449173056,0.010714285714285714,623,23 8 1302 4854 6 4327 -181,1.0 1.0 0.061313868613138686 0.06154563468935773 1.0 0.007805182641273806 0.25,1100775.0123726472,0.010714285714285714,72,23 8 1302 4894 6 4302 -180,1.0 1.0 0.061313868613138686 0.06387690873062128 1.0 0.0 0.2565789473684211,1100777.2721738094,0.010714285714285714,57,23 8 1302 4876 6 4327 -180,1.0 1.0 0.061313868613138686 0.06282783541205268 1.0 0.007805182641273806 0.2565789473684211,1100776.3011523173,0.010714285714285714,58,23 7 2577 20576 0 7453 -199,1.0 0.0 0.9919708029197081 0.9778528966079962 0.0 0.9837652201061505 0.13157894736842105,1010907.5301569535,0.6375,81,22 7 2584 20956 0 7497 -218,0.6666666666666666 0.0 0.997080291970803 1.0 0.0 0.9975023415547923 0.006578947368421052,677647.4511887375,0.6428571428571429,214,22 7 2588 20739 0 7505 -219,0.6666666666666666 0.0 1.0 0.9873528383261453 0.0 1.0 0.0,677664.0195049928,0.6446428571428572,164
resolved-p14d-c14d-paper/resolved-p14d-c14d-3600-1st/nsp-n40-d28-r0.10-rp2-fp2-s2,19 87 2076 3544 146 5337 -149,0.02631578947368421 0.0 0.00025647601949217746 0.9748387096774194 0.9509803921568627 0.8837047353760445 0.06435643564356436,27397.19238656164,0.008928571428571428,628.0,19 87 2076 3540 146 5335 -148,0.02631578947368421 0.0 0.00025647601949217746 0.9735483870967742 0.9509803921568627 0.8823119777158774 0.06930693069306931,27395.893086899443,0.008928571428571428,637,19 87 2076 3562 146 5348 -154,0.02631578947368421 0.0 0.00025647601949217746 0.9806451612903225 0.9509803921568627 0.8913649025069638 0.039603960396039604,27403.050687370607,0.008928571428571428,605,19 87 2225 3564 151 5504 -162,0.02631578947368421 0.0 0.03847140292382662 0.9812903225806452 1.0 1.0 0.0,27791.793825503122,0.008928571428571428,23,18 88 2075 3622 146 5327 -156,0.0 0.004784688995215311 0.0 1.0 0.9509803921568627 0.8767409470752089 0.0297029702970297,1582.3640511782664,0.008928571428571428,653,18 88 2075 3622 146 5326 -156,0.0 0.004784688995215311 0.0 1.0 0.9509803921568627 0.8760445682451253 0.0297029702970297,1582.3570873899655,0.008928571428571428,654,56 296 5974 1025 62 4318 40,1.0 1.0 1.0 0.16225806451612904 0.12745098039215685 0.17409470752089137 1.0,1110177.7441096306,0.45714285714285713,382,34 203 5214 522 50 4068 23,0.42105263157894735 0.5550239234449761 0.8050782251859451 0.0 0.00980392156862745 0.0 0.9158415841584159,484607.7024090454,0.8017857142857143,651,32 211 5354 618 49 4295 30,0.3684210526315789 0.5933014354066986 0.8409848679148499 0.03096774193548387 0.0 0.15807799442896936 0.9504950495049505,436194.5438683266,0.8017857142857143,585
resolved-p14d-c14d-paper/resolved-p14d-c14d-3600-1st/nsp-n50-d28-r0.10-rp2-fp2-s3,22 15 2006 4428 1 5636 -150,0.0 1.0 0.0017050298380221654 0.0016675401400733719 0.5 0.03370418848167539 1.0,100070.0548804051,0.012857142857142857,553.0,22 15 2003 4393 2 5636 -151,0.0 1.0 0.00042625745950554135 0.0 1.0 0.03370418848167539 0.99,100105.58961647988,0.012857142857142857,567,22 15 2002 4413 2 5636 -150,0.0 1.0 0.0 0.0009528800800419267 1.0 0.03370418848167539 1.0,100102.28992196485,0.012857142857142857,572,24 12 2147 5372 0 5430 -229,0.4 0.5 0.06180733162830349 0.046643479918052316 0.0 0.0 0.21,450664.9267962011,0.012857142857142857,144,24 12 2149 5273 0 5524 -230,0.4 0.5 0.06265984654731457 0.041926723521844775 0.0 0.015379581151832461 0.2,450668.87898480654,0.012857142857142857,96,24 12 2149 5273 0 5525 -230,0.4 0.5 0.06265984654731457 0.041926723521844775 0.0 0.015543193717277488 0.2,450668.88062093215,0.012857142857142857,95,27 9 4348 25382 0 11542 -226,1.0 0.0 1.0 1.0 0.0 1.0 0.24,1011010.24,0.6514285714285715,28,26 11 4179 25278 1 11364 -249,0.8 0.3333333333333333 0.9279624893435635 0.995045023583782 0.5 0.9708769633507853 0.01,843667.7220199862,0.6542857142857142,838,26 11 4244 25236 1 11449 -250,0.8 0.3333333333333333 0.9556692242114238 0.9930439754156939 0.5 0.9847840314136126 0.0,843942.9173911774,0.65,794
resolved-p14d-c14d-paper/resolved-p14d-c14d-3600-1st/nsp-n30-d28-r0.10-rp2-fp2-s2,0 0 0 0 0 208 -74,0.0 0.0 0.0 0.0 0.0 0.07941176470588235 0.5,1.2941176470588234,0.05952380952380952,94.0,0 0 0 0 0 228 -60,0.0 0.0 0.0 0.0 0.0 0.13823529411764707 0.7692307692307693,2.1515837104072397,0.07857142857142857,77,0 0 0 0 0 213 -74,0.0 0.0 0.0 0.0 0.0 0.09411764705882353 0.5,1.4411764705882353,0.05238095238095238,90,0 0 0 0 0 181 -100,0.0 0.0 0.0 0.0 0.0 0.0 0.0,0.0,0.05,69,0 0 0 0 0 200 -74,0.0 0.0 0.0 0.0 0.0 0.05588235294117647 0.5,1.0588235294117647,0.3547619047619048,21,0 0 0 0 0 182 -88,0.0 0.0 0.0 0.0 0.0 0.0029411764705882353 0.23076923076923078,0.26018099547511314,0.05,116,0 0 0 0 0 505 -50,0.0 0.0 0.0 0.0 0.0 0.9529411764705882 0.9615384615384616,10.490950226244344,0.2523809523809524,95,0 0 0 0 0 418 -64,0.0 0.0 0.0 0.0 0.0 0.6970588235294117 0.6923076923076923,7.66289592760181,0.35714285714285715,30,0 0 0 0 0 521 -48,0.0 0.0 0.0 0.0 0.0 1.0 1.0,11.0,0.28809523809523807,59
resolved-p14d-c14d-paper/resolved-p14d-c14d-3600-1st/nsp-n10-d28-r0.10-rp0-fp0-s2,0 0 0 0 0 93 -33,0.0 0.0 0.0 0.0 0.0 0.20689655172413793 0.0,2.0689655172413794,0.21428571428571427,64.0,0 0 0 0 0 116 -29,0.0 0.0 0.0 0.0 0.0 1.0 0.2,10.2,0.12142857142857143,55,0 0 0 0 0 116 -28,0.0 0.0 0.0 0.0 0.0 1.0 0.25,10.25,0.12142857142857143,54,0 0 0 0 0 110 -25,0.0 0.0 0.0 0.0 0.0 0.7931034482758621 0.4,8.331034482758621,0.12142857142857143,188,0 0 0 0 0 100 -13,0.0 0.0 0.0 0.0 0.0 0.4482758620689655 1.0,5.482758620689655,0.4857142857142857,11,0 0 0 0 0 93 -28,0.0 0.0 0.0 0.0 0.0 0.20689655172413793 0.25,2.3189655172413794,0.12142857142857143,61,0 0 0 0 0 96 -31,0.0 0.0 0.0 0.0 0.0 0.3103448275862069 0.1,3.203448275862069,0.12142857142857143,178,0 0 0 0 0 87 -21,0.0 0.0 0.0 0.0 0.0 0.0 0.6,0.6,0.7,55,0 0 0 0 0 93 -31,0.0 0.0 0.0 0.0 0.0 0.20689655172413793 0.1,2.1689655172413795,0.12142857142857143,154
resolved-p14d-c14d-paper/resolved-p14d-c14d-3600-1st/nsp-n10-d28-r0.10-rp0-fp0-s3,0 0 0 0 0 91 -23,0.0 0.0 0.0 0.0 0.0 0.0 0.8333333333333334,0.8333333333333334,0.14285714285714285,98.0,0 0 0 0 0 102 -26,0.0 0.0 0.0 0.0 0.0 0.4583333333333333 0.3333333333333333,4.916666666666666,0.09285714285714286,67,0 0 0 0 0 102 -26,0.0 0.0 0.0 0.0 0.0 0.4583333333333333 0.3333333333333333,4.916666666666666,0.09285714285714286,67,0 0 0 0 0 102 -26,0.0 0.0 0.0 0.0 0.0 0.4583333333333333 0.3333333333333333,4.916666666666666,0.07142857142857142,108,0 0 0 0 0 100 -22,0.0 0.0 0.0 0.0 0.0 0.375 1.0,4.75,0.4,7,0 0 0 0 0 96 -25,0.0 0.0 0.0 0.0 0.0 0.20833333333333334 0.5,2.5833333333333335,0.07142857142857142,125,0 0 0 0 0 96 -27,0.0 0.0 0.0 0.0 0.0 0.20833333333333334 0.16666666666666666,2.25,0.07142857142857142,230,0 0 0 0 0 115 -26,0.0 0.0 0.0 0.0 0.0 1.0 0.3333333333333333,10.333333333333334,0.6214285714285714,68,0 0 0 0 0 102 -28,0.0 0.0 0.0 0.0 0.0 0.4583333333333333 0.0,4.583333333333333,0.07142857142857142,207
resolved-p14d-c14d-paper/resolved-p14d-c14d-3600-1st/nsp-n20-d28-r0.10-rp2-fp2-s6,6 3 284 1875 0 820 -86,0.0 0.5 0.014245014245014245 0.03686344058778819 0.0 0.023443223443223443 0.48,50180.028015272364,0.007142857142857143,1900.0,6 3 284 2068 0 799 -90,0.0 0.5 0.014245014245014245 0.061312389156321256 0.0 0.00805860805860806 0.32,50204.16311768705,0.007142857142857143,1821,6 3 283 1944 0 795 -89,0.0 0.5 0.011396011396011397 0.045604256397263745 0.0 0.005128205128205128 0.36,50159.97565240866,0.007142857142857143,1949,6 3 285 1991 0 809 -89,0.0 0.5 0.017094017094017096 0.05155814542690651 0.0 0.015384615384615385 0.36,50223.01216252092,0.007142857142857143,2087,6 3 280 2067 0 788 -90,0.0 0.5 0.002849002849002849 0.06118571066632886 0.0 0.0 0.32,50089.99573915636,0.007142857142857143,1646,6 3 279 1584 0 793 -82,0.0 0.5 0.0 0.0 0.0 0.003663003663003663 0.64,50000.67663003663,0.007142857142857143,1928,7 4 620 9478 0 2153 -73,1.0 1.0 0.9715099715099715 1.0 0.0 1.0 1.0,1110726.0997150997,0.6392857142857142,1372,7 2 627 9096 0 2131 -98,1.0 0.0 0.9914529914529915 0.9516088168229034 0.0 0.9838827838827838 0.0,1010875.9775591916,0.6428571428571429,1579,7 2 630 9097 0 2143 -98,1.0 0.0 1.0 0.9517354953128959 0.0 0.9926739926739927 0.0,1010961.6622352396,0.65,1028
resolved-p14d-c14d-paper/resolved-p14d-c14d-3600-1st/nsp-n30-d28-r0.10-rp2-fp2-s8,18 127 3 39 1 305 -93,0.75 0.8581081081081081 0.0022865853658536584 0.0 1.0 0.012540021344717182 1.0,835934.8020646828,0.009523809523809525,1157.0,18 127 3 40 1 290 -108,0.75 0.8581081081081081 0.0022865853658536584 7.961783439490445e-05 1.0 0.008537886872998933 0.7222222222222222,835934.5638833947,0.009523809523809525,1118,18 127 3 40 1 300 -96,0.75 0.8581081081081081 0.0022865853658536584 7.961783439490445e-05 1.0 0.011205976520811099 0.9444444444444444,835934.8127865134,0.009523809523809525,1081,17 140 1 50 1 258 -103,0.7083333333333334 0.9459459459459459 0.0007621951219512195 0.0008757961783439491 1.0 0.0 0.8148148148148148,803037.2404901406,0.009523809523809525,804,17 148 0 44 1 266 -103,0.7083333333333334 1.0 0.0 0.0003980891719745223 1.0 0.0021344717182497333 0.8148148148148148,808434.5675820373,0.009523809523809525,1167,17 148 0 44 1 278 -109,0.7083333333333334 1.0 0.0 0.0003980891719745223 1.0 0.005336179295624333 0.7037037037037037,808434.488488002,0.009523809523809525,1126,24 32 631 2621 0 1803 -97,1.0 0.21621621621621623 0.4809451219512195 0.20557324840764332 0.0 0.41221985058697974 0.9259259259259259,1026641.6942139732,0.009523809523809525,659,0 0 1312 12599 0 4006 -147,0.0 0.0 1.0 1.0 0.0 1.0 0.0,11010.0,0.6404761904761904,276,0 0 1108 11881 0 3670 -124,0.0 0.0 0.8445121951219512 0.9428343949044586 0.0 0.9103521878335112 0.42592592592592593,9397.48579392823,0.6309523809523809,521
resolved-p14d-c14d-paper/resolved-p14d-c14d-3600-1st/nsp-n20-d28-r0.10-rp2-fp2-s9,0 0 0 0 0 96 -13,0.0 0.0 0.0 0.0 0.0 0.3870967741935484 0.8529411764705882,4.723908918406072,0.11071428571428571,96.0,0 0 0 0 0 99 -26,0.0 0.0 0.0 0.0 0.0 0.4838709677419355 0.47058823529411764,5.309297912713473,0.07857142857142857,104,0 0 0 0 0 99 -26,0.0 0.0 0.0 0.0 0.0 0.4838709677419355 0.47058823529411764,5.309297912713473,0.07857142857142857,104,0 0 0 0 0 84 -42,0.0 0.0 0.0 0.0 0.0 0.0 0.0,0.0,0.07857142857142857,144,0 0 0 0 0 115 -29,0.0 0.0 0.0 0.0 0.0 1.0 0.38235294117647056,10.382352941176471,0.29285714285714287,14,0 0 0 0 0 90 -10,0.0 0.0 0.0 0.0 0.0 0.1935483870967742 0.9411764705882353,2.8766603415559775,0.07857142857142857,161,0 0 0 0 0 87 -8,0.0 0.0 0.0 0.0 0.0 0.0967741935483871 1.0,1.967741935483871,0.07857142857142857,425,0 0 0 0 0 105 -15,0.0 0.0 0.0 0.0 0.0 0.6774193548387096 0.7941176470588235,7.5683111954459195,0.6178571428571429,42,0 0 0 0 0 96 -20,0.0 0.0 0.0 0.0 0.0 0.3870967741935484 0.6470588235294118,4.518026565464896,0.07857142857142857,316
resolved-p14d-c14d-paper/resolved-p14d-c14d-3600-1st/nsp-n50-d28-r0.10-rp2-fp2-s5,36 82 2394 199 10 3326 -63,0.9230769230769231 0.5655172413793104 0.0024706609017912293 0.0015140719629497684 0.625 0.002642007926023778 0.9652777777777778,979718.359593692,0.018571428571428572,628.0,36 82 2392 197 9 3327 -64,0.9230769230769231 0.5655172413793104 0.0012353304508956147 0.0014250089063056644 0.5625 0.002774108322324967 0.9583333333333334,979699.6616026859,0.018571428571428572,642,36 82 2390 200 11 3326 -64,0.9230769230769231 0.5655172413793104 0.0 0.0015586034912718205 0.6875 0.002642007926023778 0.9583333333333334,979699.9405717581,0.018571428571428572,651,39 70 2633 165 3 3306 -95,1.0 0.4827586206896552 0.15009264978381717 0.0 0.1875 0.0 0.7430555555555556,1049796.2816223593,0.018571428571428572,523,38 145 2710 179 5 3561 -84,0.9743589743589743 1.0 0.19765287214329832 0.0006234413965087282 0.3125 0.03368560105680317 0.8194444444444444,1076368.5328222588,0.08285714285714285,201,38 115 2780 255 16 3649 -80,0.9743589743589743 0.7931034482758621 0.24088943792464484 0.004007837548984681 1.0 0.04531043593130779 0.8472222222222222,1056183.5217299375,0.08285714285714285,201,33 106 3093 12482 0 8455 -58,0.8461538461538461 0.7310344827586207 0.43421865348980854 0.5484948343427146 0.0 0.6801849405548217 1.0,924155.7776483545,0.3585714285714286,387,0 0 4009 22168 0 10876 -195,0.0 0.0 1.0 0.9798272176701104 0.0 1.0 0.04861111111111111,10989.875828781222,0.64,149,0 0 4001 22621 0 10855 -202,0.0 0.0 0.9950586781964176 1.0 0.0 0.9972258916776751 0.0,10960.559040880951,0.6385714285714286,128
resolved-p14d-c14d-paper/resolved-p14d-c14d-3600-1st/nsp-n50-d28-r0.10-rp2-fp2-s2,27 106 2972 4760 78 7507 -147,0.0 1.0 0.04356992269852424 0.005035390242743813 0.975 0.024319066147859923 0.8939393939393939,100539.37174728341,0.007142857142857143,675.0,27 106 2971 4744 78 7499 -144,0.0 1.0 0.04286718200983837 0.004275331338178709 0.975 0.02237354085603113 0.9393939393939394,100531.61028078452,0.007142857142857143,687,27 106 2978 4744 78 7498 -144,0.0 1.0 0.04778636683063949 0.004275331338178709 0.975 0.02213035019455253 0.9393939393939394,100580.79969708591,0.007142857142857143,653,27 106 2954 4694 78 7441 -140,0.0 1.0 0.030920590302178495 0.0019001472614127595 0.975 0.008268482490272374 1.0,100409.6887351081,0.007142857142857143,719,27 106 2910 4654 80 7407 -142,0.0 1.0 0.0 0.0 1.0 0.0 0.9696969696969697,100100.9696969697,0.007142857142857143,435,27 106 2910 4654 80 7407 -142,0.0 1.0 0.0 0.0 1.0 0.0 0.9696969696969697,100100.9696969697,0.007142857142857143,435,28 8 4333 25705 0 11519 -186,1.0 0.0392156862745098 1.0 1.0 0.0 1.0 0.30303030303030304,1014931.8716577541,0.7385714285714285,31,27 4 4191 25152 0 11349 -206,0.0 0.0 0.9002108222066058 0.9737304641109686 0.0 0.9586575875486382 0.0,9985.425262052513,0.7271428571428571,599,27 5 4200 25228 0 11384 -197,0.0 0.00980392156862745 0.9065354884047786 0.9773407439076528 0.0 0.9671692607003891 0.13636363636363635,11032.89584106155,0.7285714285714285,325
resolved-p14d-c14d-paper/resolved-p14d-c14d-3600-1st/nsp-n20-d28-r0.10-rp2-fp2-s8,8 1 389 1477 29 1594 30,0.1 0.0 0.8480176211453745 0.6190885640584695 0.47368421052631576 0.8111647139903515 0.6410256410256411,109155.38586934577,0.010714285714285714,1383.0,8 1 389 1477 29 1589 25,0.1 0.0 0.8480176211453745 0.6190885640584695 0.47368421052631576 0.8077188146106133 0.5128205128205128,109155.22320522377,0.010714285714285714,1416,8 1 389 1477 29 1593 24,0.1 0.0 0.8480176211453745 0.6190885640584695 0.47368421052631576 0.8104755341144039 0.48717948717948717,109155.22513139316,0.010714285714285714,1391,7 1 379 1171 33 1630 34,0.0 0.0 0.8259911894273128 0.48753224419604474 0.543859649122807 0.8359751895244659 0.7435897435897436,8810.933445020288,0.010714285714285714,473,8 1 458 2152 30 1868 15,0.1 0.0 1.0 0.9092863284608771 0.49122807017543857 1.0 0.2564102564102564,110968.66554573482,0.09285714285714286,474,8 1 453 2363 29 1804 8,0.1 0.0 0.9889867841409692 1.0 0.47368421052631576 0.9558924879393522 0.07692307692307693,110946.87211041864,0.11785714285714285,814,16 144 212 341 56 958 44,0.9 0.8125 0.4581497797356828 0.13069647463456577 0.9473684210526315 0.3728463128876637 1.0,986061.6595772256,0.010714285714285714,729,17 168 233 126 59 472 5,1.0 0.9488636363636364 0.5044052863436124 0.03826311263972485 1.0 0.03790489317711923 0.0,1100069.0586613712,0.7714285714285715,1486,17 177 4 37 2 417 18,1.0 1.0 0.0 0.0 0.0 0.0 0.3333333333333333,1100000.3333333333,0.6714285714285714,1468
resolved-p14d-c14d-paper/resolved-p14d-c14d-3600-1st/nsp-n40-d28-r0.10-rp2-fp2-s7,21 5 1066 4550 1 3140 -146,0.8571428571428571 0.2 0.0 0.01755542240862792 1.0 0.0011441647597254005 0.6,877261.0240069133,0.007142857142857143,679.0,22 5 1101 4595 1 3221 -150,1.0 0.2 0.02280130293159609 0.02025164769322948 1.0 0.019679633867276888 0.5428571428571428,1020349.0043304907,0.007142857142857143,482,21 5 1067 4535 1 3135 -147,0.8571428571428571 0.2 0.0006514657980456026 0.01665668064709407 1.0 0.0 0.5857142857142857,877266.6141957704,0.007142857142857143,645,22 5 1129 4369 1 3305 -148,1.0 0.2 0.04104234527687296 0.0067106051527860994 1.0 0.038901601830663615 0.5714285714285714,1020518.0945025112,0.007142857142857143,270,20 17 1121 4334 1 3308 -124,0.7142857142857143 1.0 0.035830618892508145 0.004613541042540443 1.0 0.03958810068649886 0.9142857142857143,814749.944182403,0.04107142857142857,269,20 14 1134 4257 1 3316 -118,0.7142857142857143 0.8 0.04429967426710098 0.0 1.0 0.0414187643020595 1.0,794830.1252160283,0.04285714285714286,317,16 6 2601 20947 0 7505 -169,0.14285714285714285 0.26666666666666666 1.0 1.0 0.0 1.0 0.2714285714285714,180534.08095238093,0.6464285714285715,28,15 2 2424 20289 1 7284 -188,0.0 0.0 0.8846905537459283 0.9605751947273816 1.0 0.9494279176201373 0.0,9916.975011362865,0.6392857142857142,917,15 3 2489 20450 0 7374 -173,0.0 0.06666666666666667 0.9270358306188925 0.9702216896345117 0.0 0.9700228832951945 0.21428571428571427,16917.161177037342,0.6410714285714286,332
resolved-p14d-c14d-paper/resolved-p14d-c14d-3600-1st/nsp-n50-d28-r0.10-rp2-fp2-s4,24 17 2007 5230 0 5195 -128,0.8571428571428571 1.0 0.0 0.0 0.0 0.0012470771628994544 1.0,957143.8696136287,0.03571428571428571,552.0,24 17 2011 5293 0 5190 -138,0.8571428571428571 1.0 0.0017079419299743809 0.0030041485861427688 0.0 0.0004676539360872954 0.8529411764705882,957163.7983284588,0.03571428571428571,471,24 17 2007 5306 0 5187 -133,0.8571428571428571 1.0 0.0 0.003624052262648419 0.0 0.0 0.9264705882352942,957147.4076657079,0.03571428571428571,510,25 14 2144 6153 0 5515 -179,1.0 0.7 0.058497011101622545 0.0440131610319012 0.0 0.051130163678877634 0.25,1070629.7445736849,0.03571428571428571,100,25 14 2144 6153 0 5520 -170,1.0 0.7 0.058497011101622545 0.0440131610319012 0.0 0.05190958690568979 0.38235294117647056,1070629.8847208584,0.15142857142857144,357,25 14 2144 6098 1 5538 -168,1.0 0.7 0.058497011101622545 0.04139049163130037 1.0 0.05471551052221356 0.4117647058823529,1070727.3195224586,0.11714285714285715,168,18 7 4199 26171 0 11421 -190,0.0 0.0 0.9359521776259607 0.9985694530542177 0.0 0.9717848791893998 0.08823529411764706,10367.897313399837,0.6471428571428571,842,18 7 4292 25902 1 11454 -195,0.0 0.0 0.9756618274978651 0.98574221544037 1.0 0.9769290724863601 0.014705882352941176,10852.144487026238,0.6542857142857142,70,18 7 4349 26201 0 11602 -196,0.0 0.0 1.0 1.0 0.0 1.0 0.0,11010.0,0.6528571428571428,66
resolved-p14d-c14d-paper/resolved-p14d-c14d-3600-1st/nsp-n20-d28-r0.10-rp2-fp2-s1,14 3 246 1462 2 793 -66,0.0 0.0 0.8581560283687943 0.9943019943019943 0.10526315789473684 0.9585062240663901 0.0,9595.973656020076,0.014285714285714285,1455.0,14 3 246 1438 2 796 -64,0.0 0.0 0.8581560283687943 0.9772079772079773 0.10526315789473684 0.9647302904564315 0.02702702702702703,9578.968906616987,0.014285714285714285,1540,14 3 246 1432 1 798 -63,0.0 0.0 0.8581560283687943 0.9729344729344729 0.05263157894736842 0.9688796680497925 0.04054054054054054,9569.487251738192,0.014285714285714285,1610,14 3 286 1405 0 813 -54,0.0 0.0 1.0 0.9537037037037037 0.0 1.0 0.16216216216216217,10963.865865865866,0.014285714285714285,466,15 3 246 1463 1 789 -60,0.125 0.0 0.8581560283687943 0.9950142450142451 0.05263157894736842 0.950207468879668 0.08108108108108109,134591.42084236682,0.014285714285714285,1522,15 3 246 1470 0 782 -61,0.125 0.0 0.8581560283687943 1.0 0.0 0.9356846473029046 0.06756756756756757,134590.98469772853,0.014285714285714285,1507,22 158 60 314 11 331 -34,1.0 0.8659217877094972 0.19858156028368795 0.17663817663817663 0.5789473684210527 0.0 0.43243243243243246,1088812.9597196993,0.014285714285714285,986,22 182 44 144 19 452 8,1.0 1.0 0.14184397163120568 0.05555555555555555 1.0 0.25103734439834025 1.0,1101577.5056453117,0.7964285714285714,1452,22 172 4 66 9 380 -2,1.0 0.9441340782122905 0.0 0.0 0.47368421052631576 0.1016597510373444 0.8648648648648649,1094462.657704657,0.6392857142857142,1648
resolved-p14d-c14d-paper/resolved-p14d-c14d-3600-1st/nsp-n20-d28-r0.10-rp2-fp2-s3,0 0 0 0 0 112 -42,0.0 0.0 0.0 0.0 0.0 0.0 0.2608695652173913,0.2608695652173913,0.11071428571428571,156.0,0 0 0 0 0 120 -34,0.0 0.0 0.0 0.0 0.0 0.08602150537634409 0.6086956521739131,1.468910705937354,0.08214285714285714,148,0 0 0 0 0 120 -34,0.0 0.0 0.0 0.0 0.0 0.08602150537634409 0.6086956521739131,1.468910705937354,0.08214285714285714,148,0 0 0 0 0 121 -42,0.0 0.0 0.0 0.0 0.0 0.0967741935483871 0.2608695652173913,1.2286115007012623,0.075,172,0 0 0 0 0 145 -25,0.0 0.0 0.0 0.0 0.0 0.3548387096774194 1.0,4.548387096774194,0.2714285714285714,21,0 0 0 0 0 117 -34,0.0 0.0 0.0 0.0 0.0 0.053763440860215055 0.6086956521739131,1.1463300607760636,0.075,112,0 0 0 0 0 123 -48,0.0 0.0 0.0 0.0 0.0 0.11827956989247312 0.0,1.1827956989247312,0.075,363,0 0 0 0 0 130 -43,0.0 0.0 0.0 0.0 0.0 0.1935483870967742 0.21739130434782608,2.152875175315568,0.5857142857142857,51,0 0 0 0 0 205 -26,0.0 0.0 0.0 0.0 0.0 1.0 0.9565217391304348,10.956521739130435,0.175,201
resolved-p14d-c14d-paper/resolved-p14d-c14d-3600-1st/nsp-n30-d28-r0.10-rp2-fp2-s0,6 9 689 3188 0 1944 -93,0.0 0.5 0.06982543640897755 0.017546736634962284 0.0 0.0634441087613293 0.967741935483871,50717.40328374784,0.011904761904761904,1192.0,6 9 689 3240 0 1941 -92,0.0 0.5 0.06982543640897755 0.021810429649065266 0.0 0.06231117824773414 1.0,50721.68790552132,0.011904761904761904,1165,6 9 689 3276 0 1925 -96,0.0 0.5 0.06982543640897755 0.024762217120367334 0.0 0.05626888217522659 0.8709677419354839,50724.45023777383,0.011904761904761904,1147,7 9 633 2974 0 1776 -109,0.3333333333333333 0.5 0.0 0.0 0.0 0.0 0.45161290322580644,383333.7849462365,0.011904761904761904,1448,7 9 659 3257 0 1835 -110,0.3333333333333333 0.5 0.032418952618453865 0.023204329288291244 0.0 0.0222809667673716 0.41935483870967744,383681.36935331253,0.011904761904761904,1444,7 9 660 3284 0 1845 -112,0.3333333333333333 0.5 0.03366583541147132 0.025418169891767792 0.0 0.026057401812688823 0.3548387096774194,383696.0252700676,0.011904761904761904,1399,9 5 1435 13999 0 4415 -94,1.0 0.0 1.0 0.9039849130862578 0.0 0.9966012084592145 0.9354838709677419,1010914.8864090418,0.638095238095238,265,7 13 1375 14435 2 4300 -121,0.3333333333333333 1.0 0.9251870324189526 0.9397343391275829 1.0 0.9531722054380665 0.06451612903225806,443634.53423483385,0.6428571428571429,1195,7 12 1433 15170 1 4424 -123,0.3333333333333333 0.875 0.9975062344139651 1.0 0.5 1.0 0.0,431868.395677473,0.6428571428571429,1276
resolved-p14d-c14d-paper/resolved-p14d-c14d-3600-1st/nsp-n30-d28-r0.10-rp2-fp2-s3,15 97 831 2505 55 2837 -61,0.0 1.0 0.037821482602118005 0.00620317409167808 0.9649122807017544 0.01920838183934808 0.8444444444444444,100481.94575644587,0.016666666666666666,921.0,15 97 831 2482 55 2830 -59,0.0 1.0 0.037821482602118005 0.0043502779344235885 0.9649122807017544 0.015133876600698487 0.8888888888888888,100480.09655968068,0.016666666666666666,931,15 97 831 2432 55 2834 -54,0.0 1.0 0.037821482602118005 0.0003222428099573028 0.9649122807017544 0.017462165308498253 1.0,100476.2029185544,0.016666666666666666,946,16 97 866 2489 56 2950 -82,0.3333333333333333 1.0 0.0907715582450832 0.004914202851848868 0.9824561403508771 0.08498253783469151 0.37777777777777777,434345.4363358272,0.016666666666666666,507,16 97 810 2428 56 2815 -74,0.3333333333333333 1.0 0.006051437216338881 0.0 0.9824561403508771 0.006402793946449359 0.5555555555555556,433492.7129030268,0.016666666666666666,712,16 97 806 2448 57 2804 -69,0.3333333333333333 1.0 0.0 0.0016112140497865142 1.0 0.0 0.6666666666666666,433435.61121404974,0.016666666666666666,747,18 7 1467 14841 0 4522 -82,1.0 0.021739130434782608 1.0 1.0 0.0 1.0 0.37777777777777777,1013184.290821256,0.7380952380952381,858,17 6 1452 14761 0 4471 -91,0.6666666666666666 0.010869565217391304 0.9773071104387292 0.993555143800854 0.0 0.970314318975553 0.17777777777777778,678530.1303575614,0.7476190476190476,342,17 5 1441 14636 0 4420 -99,0.6666666666666666 0.0 0.9606656580937972 0.9834850559896883 0.0 0.940628637951106 0.0,677266.2145899738,0.7357142857142858,565
resolved-p14d-c14d-paper/resolved-p14d-c14d-3600-1st/nsp-n10-d28-r0.10-rp0-fp0-s9,0 0 0 0 0 107 -35,0.0 0.0 0.0 0.0 0.0 0.8 0.0,8.0,0.2571428571428571,33.0,0 0 0 0 0 110 -33,0.0 0.0 0.0 0.0 0.0 0.92 0.2,9.4,0.22142857142857142,16,0 0 0 0 0 106 -34,0.0 0.0 0.0 0.0 0.0 0.76 0.1,7.699999999999999,0.20714285714285716,17,0 0 0 0 0 106 -32,0.0 0.0 0.0 0.0 0.0 0.76 0.3,7.8999999999999995,0.16428571428571428,89,0 0 0 0 0 112 -25,0.0 0.0 0.0 0.0 0.0 1.0 1.0,11.0,0.36428571428571427,25,0 0 0 0 0 109 -35,0.0 0.0 0.0 0.0 0.0 0.88 0.0,8.8,0.16428571428571428,80,0 0 0 0 0 103 -33,0.0 0.0 0.0 0.0 0.0 0.64 0.2,6.6000000000000005,0.16428571428571428,159,0 0 0 0 0 87 -31,0.0 0.0 0.0 0.0 0.0 0.0 0.4,0.4,0.6357142857142857,147,0 0 0 0 0 102 -28,0.0 0.0 0.0 0.0 0.0 0.6 0.7,6.7,0.16428571428571428,115
resolved-p14d-c14d-paper/resolved-p14d-c14d-3600-1st/nsp-n50-d28-r0.10-rp2-fp2-s1,25 12 1913 5424 1 5179 -226,1.0 0.13186813186813187 0.016689219666215605 0.0001628310898827616 1.0 0.012956017729287419 0.03937007874015748,1013454.0371448213,0.014285714285714285,710.0,25 12 1913 5421 1 5184 -228,1.0 0.13186813186813187 0.016689219666215605 0.0 1.0 0.013808387316740538 0.023622047244094488,1013453.8670893958,0.014285714285714285,712,25 12 1925 5462 1 5185 -231,1.0 0.13186813186813187 0.02210193955796121 0.002225358228397742 1.0 0.013978861234231163 0.0,1013510.1977292335,0.014285714285714285,621,25 12 2144 5484 0 5385 -220,1.0 0.13186813186813187 0.12088407758231845 0.003419452887537994 0.0 0.04807364473235595 0.08661417322834646,1014399.6407661445,0.014285714285714285,20,25 12 1886 5448 0 5120 -229,1.0 0.13186813186813187 0.0045105999097880016 0.0014654798089448545 0.0 0.002898056597340607 0.015748031496062992,1013233.4293943174,0.014285714285714285,738,25 12 1876 5445 0 5103 -229,1.0 0.13186813186813187 0.0 0.0013026487190620929 0.0 0.0 0.015748031496062992,1013188.1315835638,0.014285714285714285,795,22 91 3316 12690 1 8512 -104,0.88 1.0 0.6495263870094723 0.3945397307859314 1.0 0.581145584725537 1.0,986996.6150567279,0.35714285714285715,413,0 0 4083 23624 0 10952 -211,0.0 0.0 0.995489400090212 0.9880047763786366 0.0 0.9971019434026593 0.15748031496062992,10953.027277029745,0.6514285714285715,79,0 0 4093 23845 0 10969 -211,0.0 0.0 1.0 1.0 0.0 1.0 0.15748031496062992,11010.157480314962,0.66,66
resolved-p14d-c14d-paper/resolved-p14d-c14d-3600-1st/nsp-n20-d28-r0.10-rp2-fp2-s7,0 0 0 0 0 87 -34,0.0 0.0 0.0 0.0 0.0 0.06857142857142857 0.6470588235294118,1.3327731092436976,0.18928571428571428,65.0,0 0 0 0 0 94 -37,0.0 0.0 0.0 0.0 0.0 0.10857142857142857 0.5588235294117647,1.6445378151260504,0.17142857142857143,52,0 0 0 0 0 94 -37,0.0 0.0 0.0 0.0 0.0 0.10857142857142857 0.5588235294117647,1.6445378151260504,0.17142857142857143,52,0 0 0 0 0 92 -51,0.0 0.0 0.0 0.0 0.0 0.09714285714285714 0.14705882352941177,1.1184873949579832,0.17142857142857143,53,0 0 0 0 0 82 -35,0.0 0.0 0.0 0.0 0.0 0.04 0.6176470588235294,1.0176470588235293,0.4035714285714286,8,0 0 0 0 0 103 -40,0.0 0.0 0.0 0.0 0.0 0.16 0.47058823529411764,2.070588235294118,0.17142857142857143,81,0 0 0 0 0 250 -22,0.0 0.0 0.0 0.0 0.0 1.0 1.0,11.0,0.32142857142857145,119,0 0 0 0 0 75 -27,0.0 0.0 0.0 0.0 0.0 0.0 0.8529411764705882,0.8529411764705882,0.6142857142857143,59,0 0 0 0 0 95 -56,0.0 0.0 0.0 0.0 0.0 0.11428571428571428 0.0,1.1428571428571428,0.17142857142857143,249
resolved-p14d-c14d-paper/resolved-p14d-c14d-3600-1st/nsp-n40-d28-r0.10-rp2-fp2-s8,0 0 0 0 0 391 -125,0.0 0.0 0.0 0.0 0.0 0.08639308855291576 0.0,0.8639308855291576,0.10357142857142858,68.0,0 0 0 0 0 403 -124,0.0 0.0 0.0 0.0 0.0 0.11231101511879049 0.024390243902439025,1.147500395090344,0.10178571428571428,61,0 0 0 0 0 403 -124,0.0 0.0 0.0 0.0 0.0 0.11231101511879049 0.024390243902439025,1.147500395090344,0.10178571428571428,61,0 0 0 0 0 401 -95,0.0 0.0 0.0 0.0 0.0 0.1079913606911447 0.7317073170731707,1.8116209239846177,0.10178571428571428,56,0 0 0 0 0 443 -89,0.0 0.0 0.0 0.0 0.0 0.19870410367170627 0.8780487804878049,2.8650898172048676,0.33214285714285713,23,0 0 0 0 0 410 -97,0.0 0.0 0.0 0.0 0.0 0.12742980561555076 0.6829268292682927,1.9572248854238001,0.10178571428571428,54,0 0 0 0 0 814 -84,0.0 0.0 0.0 0.0 0.0 1.0 1.0,11.0,0.39464285714285713,99,0 0 0 0 0 351 -94,0.0 0.0 0.0 0.0 0.0 0.0 0.7560975609756098,0.7560975609756098,0.6517857142857143,75,0 0 0 0 0 804 -87,0.0 0.0 0.0 0.0 0.0 0.978401727861771 0.926829268292683,10.710846546910394,0.3517857142857143,147
resolved-p14d-c14d-paper/resolved-p14d-c14d-3600-1st/nsp-n10-d28-r0.10-rp0-fp0-s6,3 14 60 668 0 288 -27,1.0 0.34285714285714286 0.14563106796116504 0.12071093557146384 0.0 0.0 0.18604651162790697,1035862.921947409,0.0,2767.0,3 14 59 664 0 288 -24,1.0 0.34285714285714286 0.13592233009708737 0.11972352505554185 0.0 0.0 0.2558139534883721,1035764.9169256942,0.0,2783,3 14 63 662 0 290 -22,1.0 0.34285714285714286 0.17475728155339806 0.11922981979758085 0.0 0.003590664272890485 0.3023255813953488,1036152.85515327,0.0,2727,3 2 79 586 2 354 -33,1.0 0.0 0.3300970873786408 0.10046901999506294 1.0 0.118491921005386 0.046511627906976744,1003502.6713246194,0.0,2970,3 23 70 616 0 317 -16,1.0 0.6 0.24271844660194175 0.10787459886447791 0.0 0.05206463195691203 0.4418604651162791,1062536.0215716686,0.02142857142857143,3709,3 24 72 742 1 301 -25,1.0 0.6285714285714286 0.2621359223300971 0.13897803011602072 0.5 0.02333931777378815 0.23255813953488372,1065667.946061877,0.02142857142857143,3763,1 3 148 4230 0 845 -35,0.3333333333333333 0.02857142857142857 1.0 1.0 0.0 1.0 0.0,347200.47619047615,0.55,3372,0 37 45 179 0 432 2,0.0 1.0 0.0 0.0 0.0 0.2585278276481149 0.8604651162790697,100003.44574339276,0.6928571428571428,3050,0 5 84 1065 1 680 8,0.0 0.08571428571428572 0.3786407766990291 0.2187114292767218 0.5 0.703770197486535 1.0,12634.585469670448,0.5571428571428572,3255
resolved-p14d-c14d-paper/resolved-p14d-c14d-3600-1st/nsp-n40-d28-r0.10-rp2-fp2-s4,16 15 1166 3645 0 3128 -176,0.5 0.6153846153846154 0.0 0.024577839463335648 0.0 0.003219871205151794 0.684931506849315,561563.7565081437,0.025,710.0,16 15 1166 3667 0 3117 -172,0.5 0.6153846153846154 0.0 0.025850104094378903 0.0 0.0006899724011039559 0.7397260273972602,561565.0582683074,0.025,697,16 15 1166 3667 0 3114 -174,0.5 0.6153846153846154 0.0 0.025850104094378903 0.0 0.0 0.7123287671232876,561565.023971323,0.025,702,15 16 1240 3220 0 3508 -153,0.0 0.6923076923076923 0.052781740370898715 0.0 0.0 0.0906163753449862 1.0,69760.49279823167,0.025,486,17 20 1190 4241 0 3220 -178,1.0 1.0 0.017118402282453638 0.059044644922507515 0.0 0.02437902483900644 0.6575342465753424,1100231.129992242,0.03571428571428571,444,17 18 1190 4239 0 3218 -175,1.0 0.8461538461538461 0.017118402282453638 0.058928984501503585 0.0 0.02391904323827047 0.6986301369863014,1084846.43544328,0.04642857142857143,478,17 7 2568 20375 0 7404 -207,1.0 0.0 1.0 0.9920772611612306 0.0 0.9866605335786569 0.2602739726027397,1011002.2041404697,0.6446428571428572,140,15 7 2555 20512 0 7462 -226,0.0 0.0 0.9907275320970043 1.0 0.0 1.0 0.0,10917.275320970042,0.6553571428571429,852,16 7 2541 20498 0 7400 -226,0.5 0.0 0.9807417974322397 0.9991903770529724 0.0 0.9857405703771849 0.0,510816.46575707913,0.6464285714285715,441
resolved-p14d-c14d-paper/resolved-p14d-c14d-3600-1st/nsp-n10-d28-r0.10-rp0-fp0-s8,2 3 28 319 2 268 -15,0.1111111111111111 0.012658227848101266 0.4727272727272727 0.9355828220858896 0.6666666666666666 0.5524861878453039 0.2857142857142857,118112.26668811069,0.03571428571428571,3195.0,2 3 28 319 2 269 -17,0.1111111111111111 0.012658227848101266 0.4727272727272727 0.9355828220858896 0.6666666666666666 0.5580110497237569 0.21428571428571427,118112.25050815805,0.03571428571428571,3189,2 3 30 330 2 281 -19,0.1111111111111111 0.012658227848101266 0.509090909090909 0.9693251533742331 0.6666666666666666 0.6243093922651933 0.14285714285714285,118510.22075793674,0.03571428571428571,2864,1 2 12 186 0 179 -23,0.0 0.0 0.18181818181818182 0.5276073619631901 0.0 0.06077348066298342 0.0,2346.3969149516383,0.03571428571428571,2667,3 2 53 340 1 331 -13,0.2222222222222222 0.0 0.9272727272727272 1.0 0.3333333333333333 0.9005524861878453 0.35714285714285715,232537.64549600185,0.04285714285714286,3628,2 4 57 333 3 347 -5,0.1111111111111111 0.02531645569620253 1.0 0.9785276073619632 1.0 0.988950276243094 0.6428571428571429,124731.81664799861,0.05,3599,2 9 8 20 0 168 -14,0.1111111111111111 0.08860759493670886 0.10909090909090909 0.018404907975460124 0.0 0.0 0.32142857142857145,121081.50603223797,0.03571428571428571,2472,10 81 9 21 1 349 5,1.0 1.0 0.12727272727272726 0.02147239263803681 0.3333333333333333 1.0 1.0,1101338.5329986985,0.7,3094,10 81 2 14 0 324 -8,1.0 1.0 0.0 0.0 0.0 0.861878453038674 0.5357142857142857,1100009.154498816,0.6214285714285714,3237
resolved-p14d-c14d-paper/resolved-p14d-c14d-3600-1st/nsp-n50-d28-r0.10-rp2-fp2-s6,13 13 1912 5892 0 5209 -231,0.0 1.0 0.0 0.00535053505350535 0.0 0.0 0.6451612903225806,100005.99569634383,0.014285714285714285,743.0,13 13 1912 5785 2 5220 -222,0.0 1.0 0.0 0.0 1.0 0.0017418844022169437 0.9354838709677419,100100.95290271498,0.014285714285714285,756,13 13 1912 5792 2 5210 -220,0.0 1.0 0.0 0.00035003500350035 1.0 0.00015835312747426763 1.0,100101.35161853477,0.014285714285714285,752,13 13 1927 5946 0 5227 -230,0.0 1.0 0.006172839506172839 0.008050805080508051 0.0 0.0028503562945368173 0.6774193548387096,100070.48512306002,0.014285714285714285,757,13 13 1919 5841 0 5249 -227,0.0 1.0 0.002880658436213992 0.0028002800280028 0.0 0.006334125098970704 0.7741935483870968,100032.44439918952,0.014285714285714285,522,13 13 1919 5841 0 5249 -227,0.0 1.0 0.002880658436213992 0.0028002800280028 0.0 0.006334125098970704 0.7741935483870968,100032.44439918952,0.014285714285714285,522,20 8 4269 25251 0 11375 -225,1.0 0.0 0.9699588477366256 0.9733973397339734 0.0 0.9764053840063341 0.8387096774193549,1010683.5885806177,0.6385714285714286,117,18 8 4330 25649 0 11494 -243,0.7142857142857143 0.0 0.9950617283950617 0.9932993299329933 0.0 0.995249406175772 0.25806451612903225,725239.8414581758,0.6414285714285715,199,19 8 4342 25783 1 11524 -251,0.8571428571428571 0.0 1.0 1.0 0.5 1.0 0.0,868202.857142857,0.6414285714285715,105
resolved-p14d-c14d-paper/resolved-p14d-c14d-3600-1st/nsp-n40-d28-r0.10-rp2-fp2-s5,19 188 1473 3509 46 4558 -86,0.0 0.005376344086021506 1.0 0.9961481481481481 0.4714285714285714 0.9944118468846046 0.04316546762589928,11590.912697829628,0.019642857142857142,599.0,19 188 1473 3509 46 4558 -86,0.0 0.005376344086021506 1.0 0.9961481481481481 0.4714285714285714 0.9944118468846046 0.04316546762589928,11590.912697829628,0.019642857142857142,599,19 188 1473 3499 46 4566 -86,0.0 0.005376344086021506 1.0 0.9931851851851852 0.4714285714285714 0.9966471081307627 0.04316546762589928,11587.972087479126,0.019642857142857142,615,20 186 1449 3169 47 4420 -92,0.027777777777777776 0.0 0.9836289222373806 0.8954074074074074 0.4857142857142857 0.9558535903883767 0.0,38567.60437203431,0.019642857142857142,139,20 188 1473 3522 46 4578 -86,0.027777777777777776 0.005376344086021506 1.0 1.0 0.4714285714285714 1.0 0.04316546762589928,39372.598208990414,0.019642857142857142,302,20 188 1473 3522 46 4574 -86,0.027777777777777776 0.005376344086021506 1.0 1.0 0.4714285714285714 0.9988823693769209 0.04316546762589928,39372.58703268418,0.019642857142857142,303,55 558 342 523 83 1492 47,1.0 1.0 0.22851296043656208 0.11140740740740741 1.0 0.13774797429449567 1.0,1102498.914491516,0.39107142857142857,403,25 366 80 147 20 1103 -53,0.16666666666666666 0.4838709677419355 0.049795361527967257 0.0 0.1 0.029058396200055882 0.2805755395683453,215562.28821564146,0.7392857142857143,715,24 376 7 174 13 999 -63,0.1388888888888889 0.510752688172043 0.0 0.008 0.0 0.0 0.20863309352517986,189972.36633918673,0.7482142857142857,806
resolved-p14d-c14d-paper/resolved-p14d-c14d-3600-1st/nsp-n20-d28-r0.10-rp2-fp2-s0,0 0 0 0 0 106 -44,0.0 0.0 0.0 0.0 0.0 0.7241379310344828 0.1111111111111111,7.352490421455938,0.10714285714285714,78.0,0 0 0 0 0 87 -41,0.0 0.0 0.0 0.0 0.0 0.06896551724137931 0.2777777777777778,0.9674329501915709,0.07857142857142857,142,0 0 0 0 0 87 -41,0.0 0.0 0.0 0.0 0.0 0.06896551724137931 0.2777777777777778,0.9674329501915709,0.07857142857142857,142,0 0 0 0 0 93 -46,0.0 0.0 0.0 0.0 0.0 0.27586206896551724 0.0,2.7586206896551726,0.07857142857142857,277,0 0 0 0 0 104 -44,0.0 0.0 0.0 0.0 0.0 0.6551724137931034 0.1111111111111111,6.6628352490421445,0.2357142857142857,19,0 0 0 0 0 114 -37,0.0 0.0 0.0 0.0 0.0 1.0 0.5,10.5,0.07857142857142857,156,0 0 0 0 0 85 -46,0.0 0.0 0.0 0.0 0.0 0.0 0.0,0.0,0.07857142857142857,278,0 0 0 0 0 102 -28,0.0 0.0 0.0 0.0 0.0 0.5862068965517241 1.0,6.862068965517241,0.5642857142857143,101,0 0 0 0 0 105 -46,0.0 0.0 0.0 0.0 0.0 0.6896551724137931 0.0,6.8965517241379315,0.07857142857142857,364
resolved-p14d-c14d-paper/resolved-p14d-c14d-3600-1st/nsp-n10-d28-r0.10-rp0-fp0-s1,8 1 45 397 0 309 -26,0.16666666666666666 0.0 0.7627118644067796 0.6366666666666667 0.0 0.6594827586206896 0.2,174937.2468049873,0.014285714285714285,3354.0,8 1 45 397 0 306 -26,0.16666666666666666 0.0 0.7627118644067796 0.6366666666666667 0.0 0.646551724137931 0.2,174937.1174946425,0.014285714285714285,3360,8 1 46 395 0 310 -29,0.16666666666666666 0.0 0.7796610169491526 0.6333333333333333 0.0 0.6637931034482759 0.0,175103.248100526,0.014285714285714285,3315,7 1 11 28 0 156 -27,0.0 0.0 0.1864406779661017 0.021666666666666667 0.0 0.0 0.13333333333333333,1886.206779661017,0.014285714285714285,1721,10 1 59 615 1 359 -24,0.5 0.0 1.0 1.0 0.1 0.875 0.3333333333333333,511019.0833333333,0.014285714285714285,3547,10 1 59 615 1 388 -17,0.5 0.0 1.0 1.0 0.1 1.0 0.8,511020.8,0.014285714285714285,3537,10 23 31 152 10 252 -22,0.5 0.25 0.5254237288135594 0.22833333333333333 1.0 0.41379310344827586 0.4666666666666667,530587.17521917,0.014285714285714285,2058,12 88 0 15 0 293 -18,0.8333333333333334 0.9886363636363636 0.0 0.0 0.0 0.5905172413793104 0.7333333333333333,932203.6082027169,0.6928571428571428,3780,13 89 0 23 2 353 -14,1.0 1.0 0.0 0.013333333333333334 0.2 0.8491379310344828 1.0,1100042.8247126436,0.7,3564
resolved-p14d-c14d-paper/resolved-p14d-c14d-3600-1st/nsp-n30-d28-r0.10-rp2-fp2-s6,11 88 760 2494 46 2614 -67,0.0 0.0 0.0 0.8980446927374302 0.09090909090909091 0.5702066999287242 0.013888888888888888,912.8515577165155,0.011904761904761904,780.0,11 88 760 2489 47 2613 -64,0.0 0.0 0.0 0.8957169459962756 0.10606060606060606 0.5694939415538133 0.034722222222222224,912.0526682400966,0.011904761904761904,783,11 88 760 2352 46 2600 -65,0.0 0.0 0.0 0.8319366852886406 0.09090909090909091 0.5602280826799715 0.027777777777777776,846.6576529841273,0.011904761904761904,837,11 88 956 2713 45 3217 -69,0.0 0.0 0.0842286205414697 1.0 0.07575757575757576 1.0 0.0,1859.8619629904547,0.011904761904761904,23,11 88 794 2576 46 2675 -68,0.0 0.0 0.01461108723678556 0.936219739292365 0.09090909090909091 0.6136849607982894 0.006944444444444444,1097.5653148035572,0.011904761904761904,374,11 88 795 2580 48 2676 -66,0.0 0.0 0.015040825096691019 0.9380819366852886 0.12121212121212122 0.6143977191732003 0.020833333333333332,1106.7762102984761,0.011904761904761904,364,39 272 2222 1237 106 2019 36,1.0 1.0 0.6282767511817792 0.3128491620111732 1.0 0.14611546685673557 0.7291666666666666,1106697.8069951641,0.02857142857142857,633,23 210 3087 565 40 1814 64,0.42857142857142855 0.6630434782608695 1.0 0.0 0.0 0.0 0.9236111111111112,504876.70000862656,0.7761904761904762,995,25 229 2311 621 49 1916 75,0.5 0.7663043478260869 0.6665234207133649 0.0260707635009311 0.13636363636363635 0.07270135424091233 1.0,583337.1031304221,0.7952380952380952,804
resolved-p14d-c14d-paper/resolved-p14d-c14d-3600-1st/nsp-n20-d28-r0.10-rp2-fp2-s5,9 6 235 1188 0 737 -22,0.3333333333333333 0.3333333333333333 0.0 0.0 0.0 0.0013577732518669382 0.30952380952380953,366666.9897682087,0.010714285714285714,1587.0,9 6 245 1339 0 753 -21,0.3333333333333333 0.3333333333333333 0.023923444976076555 0.019676830857440708 0.0 0.012219959266802444 0.3333333333333333,366926.03348021087,0.010714285714285714,1060,9 6 235 1225 0 735 -27,0.3333333333333333 0.3333333333333333 0.0 0.0048214751107636174 0.0 0.0 0.19047619047619047,366671.6786179679,0.010714285714285714,1478,9 6 265 1204 0 819 -13,0.3333333333333333 0.3333333333333333 0.07177033492822966 0.0020849622100599426 0.0 0.05702647657841141 0.5238095238095238,367387.5490524486,0.010714285714285714,1651,10 5 271 1652 1 851 -21,0.6666666666666666 0.16666666666666666 0.0861244019138756 0.06046390409173834 1.0 0.07875084860828242 0.3333333333333333,684356.1620983832,0.014285714285714285,1608,10 6 271 1629 0 843 -21,0.6666666666666666 0.3333333333333333 0.0861244019138756 0.05746677091477717 0.0 0.07331975560081466 0.3333333333333333,700919.7773209428,0.014285714285714285,1603,9 10 589 7258 0 2021 -11,0.3333333333333333 1.0 0.84688995215311 0.7909825384414908 0.0 0.8730482009504412 0.5714285714285714,442602.5173038868,0.6357142857142857,1247,8 5 552 7128 0 1955 7,0.0 0.16666666666666666 0.7583732057416268 0.7740422204847537 0.0 0.8282416836388323 1.0,25033.723361404074,0.6607142857142857,1269,11 4 653 8862 0 2208 -35,1.0 0.0 1.0 1.0 0.0 1.0 0.0,1011010.0,0.65,987
resolved-p14d-c14d-paper/resolved-p14d-c14d-3600-1st/nsp-n40-d28-r0.10-rp2-fp2-s6,16 11 1104 4034 0 3181 -133,0.0 1.0 0.00597609561752988 0.0012252649635483674 0.0 0.0023073373327180432 1.0,100062.00929451217,0.0125,746.0,16 11 1104 4021 0 3171 -133,0.0 1.0 0.00597609561752988 0.00042884273724192856 0.0 0.0 1.0,100061.18979891254,0.0125,762,16 11 1104 4014 0 3180 -135,0.0 1.0 0.00597609561752988 0.0 0.0 0.002076603599446239 0.9636363636363636,100060.74535857493,0.0125,771,16 11 1122 4193 1 3227 -147,0.0 1.0 0.017928286852589643 0.010966121423757887 1.0 0.012921089063221043 0.7454545454545455,100291.12365538575,0.0125,462,16 11 1095 4093 1 3185 -156,0.0 1.0 0.0 0.004839796606016051 1.0 0.003230272265805261 0.5818181818181818,100105.45391751049,0.0125,453,16 11 1095 4091 1 3185 -156,0.0 1.0 0.0 0.004717270109661214 1.0 0.003230272265805261 0.5818181818181818,100105.33139101414,0.0125,454,18 7 2601 20337 0 7505 -172,1.0 0.5 1.0 1.0 0.0 1.0 0.2909090909090909,1061010.290909091,0.6553571428571429,34,17 3 2421 19795 0 7194 -188,0.5 0.0 0.8804780876494024 0.9667953194878393 0.0 0.9282418089524689 0.0,509780.8586140714,0.6428571428571429,967,17 3 2463 19420 0 7319 -178,0.5 0.0 0.9083665338645418 0.9438216014213073 0.0 0.9570835256114444 0.18181818181818182,510037.23959350464,0.6464285714285715,500
resolved-p14d-c14d-paper/resolved-p14d-c14d-3600-1st/nsp-n30-d28-r0.10-rp2-fp2-s1,15 3 584 3186 7 2265 -95,0.6818181818181818 0.12 0.001215066828675577 0.06632896874701329 1.0 0.004448838358872961 0.4166666666666667,693997.1226102657,0.007142857142857143,1068.0,15 3 584 3183 6 2272 -99,0.6818181818181818 0.12 0.001215066828675577 0.06604224409825098 0.8571428571428571 0.007909045971329708 0.3611111111111111,693982.5292178519,0.007142857142857143,1078,15 3 584 3182 7 2267 -97,0.6818181818181818 0.12 0.001215066828675577 0.06594666921533021 1.0 0.005437469105289174 0.3888888888888889,693996.7224192638,0.007142857142857143,1080,15 3 740 3213 6 2484 -107,0.6818181818181818 0.12 0.19076549210206561 0.06890949058587403 0.8571428571428571 0.11270390509144834 0.25,695881.8375545535,0.007142857142857143,24,15 3 583 3502 7 2256 -125,0.6818181818181818 0.12 0.0 0.0965306317499761 1.0 0.0 0.0,694014.7124499318,0.007142857142857143,590,15 3 587 3498 7 2262 -123,0.6818181818181818 0.12 0.004860267314702308 0.09614833221829304 1.0 0.002965892239248641 0.027777777777777776,694062.9902602473,0.007142857142857143,575,22 25 803 2492 6 2437 -53,1.0 1.0 0.267314702308627 0.0 0.8571428571428571 0.08947108255066732 1.0,1102760.756019626,0.007142857142857143,702,0 0 1406 12955 1 4279 -112,0.0 0.0 1.0 1.0 0.14285714285714285 1.0 0.18055555555555555,11024.46626984127,0.6357142857142857,185,0 0 1235 11605 0 3887 -91,0.0 0.0 0.7922235722964763 0.8709739080569626 0.0 0.8062283737024222 0.4722222222222222,8801.744136980973,0.6452380952380953,446
resolved-p14d-c14d-paper/resolved-p14d-c14d-3600-1st/nsp-n50-d28-r0.10-rp2-fp2-s0,21 127 2779 5181 83 7562 -203,0.0 0.004651162790697674 0.0030816640986132513 0.915145813734713 0.1261101243339254 0.03838383838383838 0.06177606177606178,1424.13536066962,0.017142857142857144,532.0,21 127 2779 5173 83 7565 -200,0.0 0.004651162790697674 0.0030816640986132513 0.9136406396989651 0.1261101243339254 0.04141414141414142 0.07335907335907337,1422.672072675758,0.017142857142857144,547,21 127 2779 5181 83 7562 -203,0.0 0.004651162790697674 0.0030816640986132513 0.915145813734713 0.1261101243339254 0.03838383838383838 0.06177606177606178,1424.13536066962,0.017142857142857144,532,22 126 3046 5632 81 7987 -219,0.034482758620689655 0.0 0.04048186020451044 1.0 0.12255772646536411 0.4676767676767677 0.0,35904.509763058064,0.017142857142857144,3,21 127 2757 5168 83 7575 -207,0.0 0.004651162790697674 0.0 0.9126999059266228 0.1261101243339254 0.051515151515151514 0.04633204633204633,1390.9886809912662,0.017142857142857144,597,21 127 2770 5180 82 7613 -210,0.0 0.004651162790697674 0.0018209833309987392 0.9149576669802446 0.12433392539964476 0.0898989898989899 0.03474903474903475,1411.650910833703,0.017142857142857144,498,50 341 8978 1084 575 8514 18,1.0 1.0 0.8714105617033198 0.1443085606773283 1.0 1.0 0.915057915057915,1108969.3292356257,0.38857142857142857,148,36 135 9820 317 12 7648 -50,0.5172413793103449 0.04186046511627907 0.9893542512956996 0.0 0.0 0.12525252525252525 0.6525096525096525,531322.8733698349,0.7871428571428571,412,35 155 9896 759 217 7524 40,0.4827586206896552 0.13488372093023257 1.0 0.08316086547507055 0.3641207815275311 0.0 1.0,506367.5657263063,0.7871428571428571,492
resolved-p14d-c14d-paper/resolved-p14d-c14d-3600-1st/nsp-n50-d28-r0.10-rp2-fp2-s9,0 0 0 0 0 619 -117,0.0 0.0 0.0 0.0 0.0 0.04774193548387097 0.5909090909090909,1.0683284457478006,0.07714285714285714,43.0,0 0 0 0 0 582 -129,0.0 0.0 0.0 0.0 0.0 0.0 0.3181818181818182,0.3181818181818182,0.08571428571428572,48,0 0 0 0 0 582 -129,0.0 0.0 0.0 0.0 0.0 0.0 0.3181818181818182,0.3181818181818182,0.08571428571428572,48,0 0 0 0 0 773 -114,0.0 0.0 0.0 0.0 0.0 0.24645161290322581 0.6590909090909091,3.1236070381231675,0.08142857142857143,53,0 0 0 0 0 686 -137,0.0 0.0 0.0 0.0 0.0 0.13419354838709677 0.13636363636363635,1.4782991202346039,0.28285714285714286,20,0 0 0 0 0 784 -99,0.0 0.0 0.0 0.0 0.0 0.26064516129032256 1.0,3.606451612903226,0.09142857142857143,42,0 0 0 0 0 1322 -143,0.0 0.0 0.0 0.0 0.0 0.9548387096774194 0.0,9.548387096774194,0.43,48,0 0 0 0 0 1093 -107,0.0 0.0 0.0 0.0 0.0 0.6593548387096774 0.8181818181818182,7.411730205278592,0.5471428571428572,65,0 0 0 0 0 1357 -120,0.0 0.0 0.0 0.0 0.0 1.0 0.5227272727272727,10.522727272727273,0.4257142857142857,60
resolved-p14d-c14d-paper/resolved-p14d-c14d-3600-3rd/nsp-n50-d28-r0.10-rp2-fp2-s8,31 293 8450 596 24 6904 39,1.0 0.9921259842519685 1.0 1.0 1.0 0.9476309226932669 0.968,1110323.042734424,0.0,453.0,31 294 8449 594 23 6921 43,1.0 1.0 0.9984779299847792 0.9936507936507937 0.9230769230769231 0.9900249376558603 1.0,1111081.6380351828,0.0,424,31 294 8450 595 24 6925 39,1.0 1.0 1.0 0.9968253968253968 1.0 1.0 0.968,1111107.7933968254,0.0,414,31 167 7875 290 11 6651 -81,1.0 0.0 0.1248097412480974 0.02857142857142857 0.0 0.3167082294264339 0.008,1001279.8439233467,0.0,590,31 167 7890 297 11 6688 -82,1.0 0.0 0.1476407914764079 0.050793650793650794 0.0 0.4089775561097257 0.0,1001531.2913411189,0.0,579,31 167 7889 289 11 6688 -80,1.0 0.0 0.1461187214611872 0.025396825396825397 0.0 0.4089775561097257 0.016,1001490.6898155698,0.0,589,31 167 7824 289 11 6570 -82,1.0 0.0 0.0471841704718417 0.025396825396825397 0.0 0.11471321695760599 0.0,1000498.3856622848,0.0,599,31 167 7799 281 11 6569 -82,1.0 0.0 0.0091324200913242 0.0 0.0 0.11221945137157108 0.0,1000092.446395427,0.0,614,30 170 7793 282 11 6524 -78,0.0 0.023622047244094488 0.0 0.0031746031746031746 0.0 0.0 0.032,2365.411327584052,0.0,627
resolved-p14d-c14d-paper/resolved-p14d-c14d-3600-3rd/nsp-n30-d28-r0.10-rp2-fp2-s5,0 0 1224 12558 0 4021 -106,0.0 0.0 0.0 0.6504777070063694 0.0 0.38144329896907214 0.08695652173913043,654.3790965177993,0.0,126.0,0 0 1308 12984 0 4141 -108,0.0 0.0 0.6666666666666666 0.9896496815286624 0.0 1.0 0.0,7666.316348195329,0.0,79,0 0 1350 12997 0 4105 -103,0.0 0.0 1.0 1.0 0.0 0.8144329896907216 0.21739130434782608,11008.361721201256,0.0,151,0 0 1281 12049 0 3956 -89,0.0 0.0 0.4523809523809524 0.24522292993630573 0.0 0.04639175257731959 0.8260869565217391,4770.322458228125,0.0,281,0 0 1280 11741 0 3950 -87,0.0 0.0 0.4444444444444444 0.0 0.0 0.015463917525773196 0.9130434782608695,4445.512127097963,0.0,325,0 0 1291 12049 0 3955 -91,0.0 0.0 0.5317460317460317 0.24522292993630573 0.0 0.041237113402061855 0.7391304347826086,5563.834748965426,0.0,249,0 0 1280 11783 0 3947 -85,0.0 0.0 0.4444444444444444 0.03343949044585987 0.0 0.0 1.0,4478.883934890304,0.0,314,0 0 1280 11839 0 3956 -87,0.0 0.0 0.4444444444444444 0.07802547770700637 0.0 0.04639175257731959 0.9130434782608695,4523.846883155485,0.0,301,0 0 1283 12049 0 3956 -91,0.0 0.0 0.46825396825396826 0.24522292993630573 0.0 0.04639175257731959 0.7391304347826086,4928.965660436545,0.0,277
resolved-p14d-c14d-paper/resolved-p14d-c14d-3600-3rd/nsp-n40-d28-r0.10-rp2-fp2-s1,8 5 2440 20183 0 7227 -243,0.0 0.0 0.3333333333333333 0.9593220338983051 0.0 0.5263157894736842 0.0,4297.918525126375,0.0,436.0,15 5 2402 19334 0 7127 -225,0.875 0.0 0.0 0.0 0.0 0.0 1.0,875001.0,0.0,713,15 5 2440 19917 0 7181 -236,0.875 0.0 0.3333333333333333 0.6587570621468927 0.0 0.28421052631578947 0.3888888888888889,878995.3213896323,0.0,597,16 5 2516 20219 0 7317 -236,1.0 0.0 1.0 1.0 0.0 1.0 0.3888888888888889,1011010.3888888889,0.0,339,16 5 2516 20219 0 7317 -236,1.0 0.0 1.0 1.0 0.0 1.0 0.3888888888888889,1011010.3888888889,0.0,339,16 5 2516 20219 0 7317 -236,1.0 0.0 1.0 1.0 0.0 1.0 0.3888888888888889,1011010.3888888889,0.0,339,16 5 2516 20219 0 7317 -236,1.0 0.0 1.0 1.0 0.0 1.0 0.3888888888888889,1011010.3888888889,0.0,339,16 5 2516 20219 0 7317 -236,1.0 0.0 1.0 1.0 0.0 1.0 0.3888888888888889,1011010.3888888889,0.0,339,16 5 2516 20219 0 7317 -236,1.0 0.0 1.0 1.0 0.0 1.0 0.3888888888888889,1011010.3888888889,0.0,339
resolved-p14d-c14d-paper/resolved-p14d-c14d-3600-3rd/nsp-n30-d28-r0.10-rp2-fp2-s4,10 4 1414 13911 0 4296 -100,0.0 0.0 1.0 1.0 0.0 1.0 0.0,11010.0,0.0,656.0,10 4 1414 13911 0 4296 -99,0.0 0.0 1.0 1.0 0.0 1.0 0.07142857142857142,11010.07142857143,0.0,655,10 4 1414 13911 0 4296 -99,0.0 0.0 1.0 1.0 0.0 1.0 0.07142857142857142,11010.07142857143,0.0,655,10 4 1368 13611 0 4190 -86,0.0 0.0 0.041666666666666664 0.20212765957446807 0.0 0.21481481481481482 1.0,621.9424743892829,0.0,504,10 4 1370 13535 0 4161 -89,0.0 0.0 0.08333333333333333 0.0 0.0 0.0 0.7857142857142857,834.1190476190476,0.0,483,10 4 1368 13611 0 4187 -91,0.0 0.0 0.041666666666666664 0.20212765957446807 0.0 0.1925925925925926 0.6428571428571429,621.3631093099178,0.0,513,10 4 1366 13611 0 4187 -89,0.0 0.0 0.0 0.20212765957446807 0.0 0.1925925925925926 0.7857142857142857,204.83929978610828,0.0,516,10 4 1369 13655 0 4191 -93,0.0 0.0 0.0625 0.3191489361702128 0.0 0.2222222222222222 0.5,946.871158392435,0.0,488,10 4 1378 13571 0 4184 -88,0.0 0.0 0.25 0.09574468085106383 0.0 0.17037037037037037 0.8571428571428571,2598.3055274119106,0.0,445
resolved-p14d-c14d-paper/resolved-p14d-c14d-3600-3rd/nsp-n10-d28-r0.10-rp0-fp0-s5,0 0 69 516 3 586 3,0.0 0.0 0.975609756097561 1.0 1.0 0.9782608695652174 0.35714285714285715,10866.237312528405,0.0,2010.0,0 0 70 516 3 590 2,0.0 0.0 1.0 1.0 1.0 1.0 0.2857142857142857,11110.285714285714,0.0,1988,0 0 61 164 3 539 12,0.0 0.0 0.7804878048780488 0.2542372881355932 1.0 0.7228260869565217 1.0,8167.343597785646,0.0,2124,0 0 30 141 0 413 -2,0.0 0.0 0.024390243902439025 0.2055084745762712 0.0 0.03804347826086957 0.0,449.79134838327013,0.0,1794,0 0 30 136 2 411 0,0.0 0.0 0.024390243902439025 0.19491525423728814 0.6666666666666666 0.02717391304347826 0.14285714285714285,505.89895620163696,0.0,1898,0 0 30 139 2 409 -1,0.0 0.0 0.024390243902439025 0.20127118644067796 0.6666666666666666 0.016304347826086956 0.07142857142857142,512.0747641814243,0.0,1850,0 0 30 136 2 406 -2,0.0 0.0 0.024390243902439025 0.19491525423728814 0.6666666666666666 0.0 0.0,505.48435992834504,0.0,1944,0 0 29 44 2 426 0,0.0 0.0 0.0 0.0 0.6666666666666666 0.10869565217391304 0.14285714285714285,67.89648033126294,0.0,2077,0 0 30 141 0 409 -2,0.0 0.0 0.024390243902439025 0.2055084745762712 0.0 0.016304347826086956 0.0,449.5739570789223,0.0,1822
resolved-p14d-c14d-paper/resolved-p14d-c14d-3600-3rd/nsp-n10-d28-r0.10-rp0-fp0-s0,4 78 2 13 1 232 -25,1.0 0.16666666666666666 0.09090909090909091 0.0 0.0 0.5 0.0,1017580.7575757576,0.0,2718.0,4 73 12 24 1 218 -13,1.0 0.0 1.0 0.3548387096774194 0.0 0.1111111111111111 0.5,1010356.4498207886,0.0,3047,4 78 3 17 1 250 -14,1.0 0.16666666666666666 0.18181818181818182 0.12903225806451613 0.0 1.0 0.4583333333333333,1018624.3390762464,0.0,2285,2 103 4 42 5 219 -5,0.0 1.0 0.2727272727272727 0.9354838709677419 1.0 0.1388888888888889 0.8333333333333334,103764.9788204627,0.0,3103,2 102 6 44 3 230 -1,0.0 0.9666666666666667 0.45454545454545453 1.0 0.5 0.4444444444444444 1.0,102267.56565656567,0.0,3352,2 102 6 42 3 229 -1,0.0 0.9666666666666667 0.45454545454545453 0.9354838709677419 0.5 0.4166666666666667 1.0,102202.77174975563,0.0,3366,3 93 1 15 1 216 -17,0.5 0.6666666666666666 0.0 0.06451612903225806 0.0 0.05555555555555555 0.3333333333333333,566732.0716845877,0.0,2988,2 103 4 40 4 214 -4,0.0 1.0 0.2727272727272727 0.8709677419354839 0.75 0.0 0.875,103674.1154692082,0.0,3141,2 103 4 40 3 219 -4,0.0 1.0 0.2727272727272727 0.8709677419354839 0.5 0.1388888888888889 0.875,103650.5043580971,0.0,3153
resolved-p14d-c14d-paper/resolved-p14d-c14d-3600-3rd/nsp-n30-d28-r0.10-rp2-fp2-s9,29 248 3109 345 20 1941 22,1.0 0.17391304347826086 1.0 0.5814432989690722 0.4 1.0 0.7832167832167832,1028023.5308635784,0.0,695.0,27 286 2889 445 29 1777 44,0.3333333333333333 1.0 0.9292376970086844 0.7876288659793814 0.6571428571428571 0.8735543562066307 0.9370629370629371,443488.72606161295,0.0,851,26 283 2730 548 41 1689 53,0.0 0.9347826086956522 0.87809585075587 1.0 1.0 0.8057054741711642 1.0,103368.27643186563,0.0,968,28 240 0 64 6 644 -88,0.6666666666666666 0.0 0.0 0.002061855670103093 0.0 0.0 0.013986013986013986,666668.7425083508,0.0,694,28 245 0 68 6 648 -87,0.6666666666666666 0.10869565217391304 0.0 0.010309278350515464 0.0 0.0030840400925212026 0.02097902097902098,677546.5929818304,0.0,638,28 240 0 63 6 644 -89,0.6666666666666666 0.0 0.0 0.0 0.0 0.0 0.006993006993006993,666666.6736596737,0.0,703,28 249 0 68 6 646 -85,0.6666666666666666 0.1956521739130435 0.0 0.010309278350515464 0.0 0.0015420200462606013 0.03496503496503497,686242.243721557,0.0,605,28 240 0 63 6 644 -90,0.6666666666666666 0.0 0.0 0.0 0.0 0.0 0.0,666666.6666666666,0.0,704,28 249 1 71 6 648 -86,0.6666666666666666 0.1956521739130435 0.000321646831778707 0.016494845360824743 0.0 0.0030840400925212026 0.027972027972027972,686251.6541840784,0.0,598
resolved-p14d-c14d-paper/resolved-p14d-c14d-3600-3rd/nsp-n20-d28-r0.10-rp2-fp2-s2,0 0 560 7650 0 2073 -38,0.0 0.0 0.0625 1.0 0.0 0.8046875 0.0,1633.046875,0.0,166.0,0 0 557 7087 2 1970 -22,0.0 0.0 0.0 0.08603896103896104 1.0 0.0 1.0,187.03896103896102,0.0,643,0 0 567 7377 1 1971 -31,0.0 0.0 0.20833333333333334 0.5568181818181818 0.5 0.0078125 0.4375,2690.667140151515,0.0,558,0 0 602 7066 0 2071 -34,0.0 0.0 0.9375 0.05194805194805195 0.0 0.7890625 0.25,9435.088676948051,0.0,477,0 0 593 7034 0 2044 -26,0.0 0.0 0.75 0.0 0.0 0.578125 0.75,7506.53125,0.0,544,0 0 602 7073 0 2071 -37,0.0 0.0 0.9375 0.0633116883116883 0.0 0.7890625 0.0625,9446.264813311689,0.0,465,0 0 605 7124 1 2089 -36,0.0 0.0 1.0 0.1461038961038961 0.5 0.9296875 0.125,10205.525771103896,0.0,439,0 0 605 7123 0 2098 -33,0.0 0.0 1.0 0.1444805194805195 0.0 1.0 0.3125,10154.79301948052,0.0,443,0 0 602 7123 0 2088 -35,0.0 0.0 0.9375 0.1444805194805195 0.0 0.921875 0.1875,9528.88676948052,0.0,456
resolved-p14d-c14d-paper/resolved-p14d-c14d-3600-3rd/nsp-n10-d28-r0.10-rp0-fp0-s4,10 81 4 23 3 265 -24,1.0 0.0 0.15 0.3333333333333333 0.6 0.0 0.7272727272727273,1001894.0606060605,0.0,3092.0,9 99 21 27 5 275 -21,0.0 1.0 1.0 1.0 1.0 0.3333333333333333 1.0,111104.33333333333,0.0,3121,9 99 16 27 5 275 -22,0.0 1.0 0.75 1.0 1.0 0.3333333333333333 0.9090909090909091,108604.24242424243,0.0,3132,10 86 2 26 0 290 -31,1.0 0.2777777777777778 0.05 0.8333333333333334 0.0 0.8333333333333334 0.09090909090909091,1029119.5353535353,0.0,3573,10 86 2 23 0 286 -31,1.0 0.2777777777777778 0.05 0.3333333333333333 0.0 0.7 0.09090909090909091,1028618.2020202021,0.0,3672,10 86 2 21 0 276 -30,1.0 0.2777777777777778 0.05 0.0 0.0 0.36666666666666664 0.18181818181818182,1028281.6262626263,0.0,3817,10 86 2 21 0 281 -28,1.0 0.2777777777777778 0.05 0.0 0.0 0.5333333333333333 0.36363636363636365,1028283.4747474748,0.0,3799,10 87 1 22 0 273 -31,1.0 0.3333333333333333 0.0 0.16666666666666666 0.0 0.26666666666666666 0.09090909090909091,1033502.7575757576,0.0,3139,10 86 2 23 0 295 -32,1.0 0.2777777777777778 0.05 0.3333333333333333 0.0 1.0 0.0,1028621.1111111111,0.0,3661
resolved-p14d-c14d-paper/resolved-p14d-c14d-3600-3rd/nsp-n20-d28-r0.10-rp2-fp2-s4,4 2 563 7879 0 2021 -56,0.0 0.0 0.0 0.855249745158002 0.0 0.0 0.0,855.249745158002,0.0,865.0,6 2 600 7040 0 2032 -26,0.4 0.0 0.6065573770491803 0.0 0.0 0.12790697674418605 1.0,406067.85284025926,0.0,923,8 2 624 7881 0 2107 -45,0.8 0.0 1.0 0.8572884811416922 0.0 1.0 0.36666666666666664,810867.6551478084,0.0,659,9 2 594 7864 0 2068 -42,1.0 0.0 0.5081967213114754 0.8399592252803262 0.0 0.5465116279069767 0.4666666666666667,1005927.8582213408,0.0,757,9 2 601 8021 0 2079 -56,1.0 0.0 0.6229508196721312 1.0 0.0 0.6744186046511628 0.0,1007236.2523827679,0.0,659,9 2 594 7910 0 2069 -39,1.0 0.0 0.5081967213114754 0.8868501529051988 0.0 0.5581395348837209 0.5666666666666667,1005974.9654280355,0.0,739,9 2 594 8021 0 2064 -48,1.0 0.0 0.5081967213114754 1.0 0.0 0.5 0.26666666666666666,1006087.2338797814,0.0,723,9 2 594 7910 0 2069 -39,1.0 0.0 0.5081967213114754 0.8868501529051988 0.0 0.5581395348837209 0.5666666666666667,1005974.9654280355,0.0,739,9 2 601 8021 0 2079 -56,1.0 0.0 0.6229508196721312 1.0 0.0 0.6744186046511628 0.0,1007236.2523827679,0.0,659
resolved-p14d-c14d-paper/resolved-p14d-c14d-3600-3rd/nsp-n50-d28-r0.10-rp2-fp2-s7,23 8 4295 26254 0 11474 -270,0.0 0.0 0.0 0.46437994722955145 0.0 0.37037037037037035 0.4,468.4836509332552,0.0,226.0,23 8 4295 26078 0 11464 -267,0.0 0.0 0.0 0.0 0.0 0.0 1.0,1.0,0.0,245,23 8 4296 26150 0 11474 -270,0.0 0.0 0.03571428571428571 0.18997361477572558 0.0 0.37037037037037035 0.4,551.2201756222864,0.0,221,23 8 4323 26457 0 11490 -272,0.0 0.0 1.0 1.0 0.0 0.9629629629629629 0.0,11009.62962962963,0.0,83,23 8 4323 26403 0 11491 -271,0.0 0.0 1.0 0.8575197889182058 0.0 1.0 0.2,10867.719788918206,0.0,86,23 8 4323 26403 0 11491 -271,0.0 0.0 1.0 0.8575197889182058 0.0 1.0 0.2,10867.719788918206,0.0,86,23 8 4323 26403 0 11491 -271,0.0 0.0 1.0 0.8575197889182058 0.0 1.0 0.2,10867.719788918206,0.0,86,23 8 4323 26403 0 11491 -271,0.0 0.0 1.0 0.8575197889182058 0.0 1.0 0.2,10867.719788918206,0.0,86,23 8 4323 26403 0 11491 -271,0.0 0.0 1.0 0.8575197889182058 0.0 1.0 0.2,10867.719788918206,0.0,86
resolved-p14d-c14d-paper/resolved-p14d-c14d-3600-3rd/nsp-n10-d28-r0.10-rp0-fp0-s7,0 0 0 0 0 78 -18,0.0 0.0 0.0 0.0 0.0 0.0 1.0,1.0,0.0,80.0,0 0 0 0 0 84 -22,0.0 0.0 0.0 0.0 0.0 0.35294117647058826 0.2,3.729411764705883,0.0,68,0 0 0 0 0 95 -23,0.0 0.0 0.0 0.0 0.0 1.0 0.0,10.0,0.0,53,0 0 0 0 0 94 -21,0.0 0.0 0.0 0.0 0.0 0.9411764705882353 0.4,9.811764705882354,0.0,69,0 0 0 0 0 94 -21,0.0 0.0 0.0 0.0 0.0 0.9411764705882353 0.4,9.811764705882354,0.0,69,0 0 0 0 0 94 -21,0.0 0.0 0.0 0.0 0.0 0.9411764705882353 0.4,9.811764705882354,0.0,69,0 0 0 0 0 94 -21,0.0 0.0 0.0 0.0 0.0 0.9411764705882353 0.4,9.811764705882354,0.0,69,0 0 0 0 0 94 -21,0.0 0.0 0.0 0.0 0.0 0.9411764705882353 0.4,9.811764705882354,0.0,69,0 0 0 0 0 94 -21,0.0 0.0 0.0 0.0 0.0 0.9411764705882353 0.4,9.811764705882354,0.0,69
resolved-p14d-c14d-paper/resolved-p14d-c14d-3600-3rd/nsp-n30-d28-r0.10-rp2-fp2-s7,0 0 0 0 0 262 -81,0.0 0.0 0.0 0.0 0.0 1.0 0.6904761904761905,10.69047619047619,0.0,74.0,0 0 0 0 0 230 -68,0.0 0.0 0.0 0.0 0.0 0.673469387755102 1.0,7.73469387755102,0.0,64,0 0 0 0 0 230 -68,0.0 0.0 0.0 0.0 0.0 0.673469387755102 1.0,7.73469387755102,0.0,64,0 0 0 0 0 164 -110,0.0 0.0 0.0 0.0 0.0 0.0 0.0,0.0,0.0,91,0 0 0 0 0 164 -110,0.0 0.0 0.0 0.0 0.0 0.0 0.0,0.0,0.0,91,0 0 0 0 0 164 -110,0.0 0.0 0.0 0.0 0.0 0.0 0.0,0.0,0.0,91,0 0 0 0 0 164 -110,0.0 0.0 0.0 0.0 0.0 0.0 0.0,0.0,0.0,91,0 0 0 0 0 164 -110,0.0 0.0 0.0 0.0 0.0 0.0 0.0,0.0,0.0,91,0 0 0 0 0 164 -110,0.0 0.0 0.0 0.0 0.0 0.0 0.0,0.0,0.0,91
resolved-p14d-c14d-paper/resolved-p14d-c14d-3600-3rd/nsp-n40-d28-r0.10-rp2-fp2-s3,0 0 2214 17448 0 6788 -149,0.0 0.0 0.0 0.0 0.0 0.15606936416184972 1.0,2.560693641618497,0.0,123.0,0 0 2326 17893 0 6934 -154,0.0 0.0 1.0 0.7890070921985816 0.0 1.0 0.5454545454545454,10799.552546744037,0.0,79,0 0 2326 17893 0 6934 -154,0.0 0.0 1.0 0.7890070921985816 0.0 1.0 0.5454545454545454,10799.552546744037,0.0,79,0 0 2250 17689 0 6778 -160,0.0 0.0 0.32142857142857145 0.42730496453900707 0.0 0.09826589595375723 0.0,3642.5733377842594,0.0,147,0 0 2250 17731 0 6778 -157,0.0 0.0 0.32142857142857145 0.50177304964539 0.0 0.09826589595375723 0.2727272727272727,3717.3141501633695,0.0,142,0 0 2250 17689 0 6778 -160,0.0 0.0 0.32142857142857145 0.42730496453900707 0.0 0.09826589595375723 0.0,3642.5733377842594,0.0,147,0 0 2249 17668 0 6761 -157,0.0 0.0 0.3125 0.3900709219858156 0.0 0.0 0.2727272727272727,3515.343649258543,0.0,156,0 0 2267 18012 0 6816 -156,0.0 0.0 0.4732142857142857 1.0 0.0 0.3179190751445087 0.36363636363636365,5735.685684257938,0.0,114,0 0 2249 17708 0 6768 -155,0.0 0.0 0.3125 0.46099290780141844 0.0 0.04046242774566474 0.45454545454545453,3586.8520775334205,0.0,148
resolved-p14d-c14d-paper/resolved-p14d-c14d-3600-3rd/nsp-n40-d28-r0.10-rp2-fp2-s0,0 0 2147 15128 0 6548 -104,0.0 0.0 0.05161290322580645 0.0 0.0 0.04477611940298507 0.9032258064516129,517.480019258546,0.0,352.0,0 0 2139 15143 0 6533 -101,0.0 0.0 0.0 0.005274261603375527 0.0 0.0 1.0,6.274261603375527,0.0,354,0 0 2147 15128 0 6548 -104,0.0 0.0 0.05161290322580645 0.0 0.0 0.04477611940298507 0.9032258064516129,517.480019258546,0.0,352,0 0 2294 17972 0 6868 -132,0.0 0.0 1.0 1.0 0.0 1.0 0.0,11010.0,0.0,199,0 0 2294 17972 0 6868 -132,0.0 0.0 1.0 1.0 0.0 1.0 0.0,11010.0,0.0,199,0 0 2294 17972 0 6868 -132,0.0 0.0 1.0 1.0 0.0 1.0 0.0,11010.0,0.0,199,0 0 2294 17972 0 6868 -132,0.0 0.0 1.0 1.0 0.0 1.0 0.0,11010.0,0.0,199,0 0 2294 17972 0 6868 -132,0.0 0.0 1.0 1.0 0.0 1.0 0.0,11010.0,0.0,199,0 0 2294 17972 0 6868 -132,0.0 0.0 1.0 1.0 0.0 1.0 0.0,11010.0,0.0,199
resolved-p14d-c14d-paper/resolved-p14d-c14d-3600-3rd/nsp-n40-d28-r0.10-rp2-fp2-s9,21 5 2359 19749 0 7177 -207,0.0 0.0 0.0 0.0 0.0 0.0 1.0,1.0,0.0,383.0,22 5 2454 20169 0 7280 -212,1.0 0.0 1.0 0.9859154929577465 0.0 0.9537037037037037 0.0,1010995.4525299948,0.0,326,22 5 2454 20169 0 7280 -212,1.0 0.0 1.0 0.9859154929577465 0.0 0.9537037037037037 0.0,1010995.4525299948,0.0,326,22 5 2409 20126 0 7264 -211,1.0 0.0 0.5263157894736842 0.8849765258215962 0.0 0.8055555555555556 0.2,1006156.389976114,0.0,413,22 5 2409 20118 0 7264 -212,1.0 0.0 0.5263157894736842 0.8661971830985915 0.0 0.8055555555555556 0.0,1006137.410633391,0.0,418,22 5 2409 20126 0 7264 -212,1.0 0.0 0.5263157894736842 0.8849765258215962 0.0 0.8055555555555556 0.0,1006156.189976114,0.0,414,22 5 2409 20118 0 7264 -211,1.0 0.0 0.5263157894736842 0.8661971830985915 0.0 0.8055555555555556 0.2,1006137.610633391,0.0,417,22 5 2424 20175 0 7285 -212,1.0 0.0 0.6842105263157895 1.0 0.0 1.0 0.0,1007852.1052631579,0.0,386,22 5 2409 20126 0 7264 -212,1.0 0.0 0.5263157894736842 0.8849765258215962 0.0 0.8055555555555556 0.0,1006156.189976114,0.0,414
resolved-p14d-c14d-paper/resolved-p14d-c14d-3600-3rd/nsp-n40-d28-r0.10-rp2-fp2-s2,37 277 4156 304 18 2882 -34,1.0 0.0 1.0 1.0 1.0 1.0 0.95,1011110.95,0.0,815.0,37 279 4145 252 17 2865 -37,1.0 0.027777777777777776 0.9973365617433414 0.7450980392156863 0.9090909090909091 0.9879347054648687 0.9125,1013597.9423723907,0.0,766,37 277 4156 297 18 2870 -30,1.0 0.0 1.0 0.9656862745098039 1.0 0.9914833215046132 1.0,1011076.6011077248,0.0,840,35 340 26 100 7 1475 -108,0.3333333333333333 0.875 0.0 0.0 0.0 0.0014194464158978 0.025,420833.3725277975,0.0,794,35 344 26 106 7 1473 -110,0.3333333333333333 0.9305555555555556 0.0 0.029411764705882353 0.0 0.0 0.0,426418.3006535948,0.0,665,34 349 31 102 7 1474 -107,0.0 1.0 0.0012106537530266344 0.00980392156862745 0.0 0.0007097232079489 0.0375,100021.95505633097,0.0,808,35 344 30 110 8 1476 -108,0.3333333333333333 0.9305555555555556 0.0009685230024213075 0.049019607843137254 0.09090909090909091 0.0021291696238466998 0.025,426456.73092754337,0.0,617,34 348 30 102 7 1474 -107,0.0 0.9861111111111112 0.0009685230024213075 0.00980392156862745 0.0 0.0007097232079489 0.0375,98630.64485993603,0.0,809,35 340 26 103 7 1474 -108,0.3333333333333333 0.875 0.0 0.014705882352941176 0.0 0.0007097232079489 0.025,420848.0713129183,0.0,773
resolved-p14d-c14d-paper/resolved-p14d-c14d-3600-3rd/nsp-n50-d28-r0.10-rp2-fp2-s3,27 3 4132 24876 0 11221 -249,0.0 0.0 0.0 1.0 0.0 0.0 0.0,1000.0,0.0,811.0,27 3 4132 24875 0 11221 -249,0.0 0.0 0.0 0.998330550918197 0.0 0.0 0.0,998.330550918197,0.0,812,27 3 4132 24876 0 11221 -249,0.0 0.0 0.0 1.0 0.0 0.0 0.0,1000.0,0.0,811,27 5 4150 24277 1 11249 -231,0.0 1.0 1.0 0.0 1.0 1.0 0.8571428571428571,110110.85714285714,0.0,478,27 5 4150 24277 1 11249 -231,0.0 1.0 1.0 0.0 1.0 1.0 0.8571428571428571,110110.85714285714,0.0,478,27 5 4146 24307 1 11243 -228,0.0 1.0 0.7777777777777778 0.05008347245409015 1.0 0.7857142857142857 1.0,107936.71839308902,0.0,488,27 5 4150 24277 1 11249 -231,0.0 1.0 1.0 0.0 1.0 1.0 0.8571428571428571,110110.85714285714,0.0,478,27 5 4150 24277 1 11249 -231,0.0 1.0 1.0 0.0 1.0 1.0 0.8571428571428571,110110.85714285714,0.0,478,27 5 4150 24277 1 11249 -231,0.0 1.0 1.0 0.0 1.0 1.0 0.8571428571428571,110110.85714285714,0.0,478
resolved-p14d-c14d-paper/resolved-p14d-c14d-3600-3rd/nsp-n30-d28-r0.10-rp2-fp2-s2,0 0 0 0 0 194 -72,0.0 0.0 0.0 0.0 0.0 1.0 1.0,11.0,0.0,113.0,0 0 0 0 0 193 -110,0.0 0.0 0.0 0.0 0.0 0.9714285714285714 0.0,9.714285714285714,0.0,89,0 0 0 0 0 159 -75,0.0 0.0 0.0 0.0 0.0 0.0 0.9210526315789473,0.9210526315789473,0.0,109,0 0 0 0 0 181 -85,0.0 0.0 0.0 0.0 0.0 0.6285714285714286 0.6578947368421053,6.943609022556391,0.0,73,0 0 0 0 0 181 -85,0.0 0.0 0.0 0.0 0.0 0.6285714285714286 0.6578947368421053,6.943609022556391,0.0,73,0 0 0 0 0 181 -85,0.0 0.0 0.0 0.0 0.0 0.6285714285714286 0.6578947368421053,6.943609022556391,0.0,73,0 0 0 0 0 181 -85,0.0 0.0 0.0 0.0 0.0 0.6285714285714286 0.6578947368421053,6.943609022556391,0.0,73,0 0 0 0 0 181 -85,0.0 0.0 0.0 0.0 0.0 0.6285714285714286 0.6578947368421053,6.943609022556391,0.0,73,0 0 0 0 0 181 -85,0.0 0.0 0.0 0.0 0.0 0.6285714285714286 0.6578947368421053,6.943609022556391,0.0,73
resolved-p14d-c14d-paper/resolved-p14d-c14d-3600-3rd/nsp-n10-d28-r0.10-rp0-fp0-s2,0 0 0 0 0 97 -29,0.0 0.0 0.0 0.0 0.0 0.14 0.0,1.4000000000000001,0.0,124.0,0 0 0 0 0 97 -23,0.0 0.0 0.0 0.0 0.0 0.14 0.6,2.0,0.0,113,0 0 0 0 0 105 -26,0.0 0.0 0.0 0.0 0.0 0.3 0.3,3.3,0.0,106,0 0 0 0 0 90 -25,0.0 0.0 0.0 0.0 0.0 0.0 0.4,0.4,0.0,159,0 0 0 0 0 90 -26,0.0 0.0 0.0 0.0 0.0 0.0 0.3,0.3,0.0,160,0 0 0 0 0 90 -26,0.0 0.0 0.0 0.0 0.0 0.0 0.3,0.3,0.0,160,0 0 0 0 0 140 -19,0.0 0.0 0.0 0.0 0.0 1.0 1.0,11.0,0.0,129,0 0 0 0 0 90 -25,0.0 0.0 0.0 0.0 0.0 0.0 0.4,0.4,0.0,159,0 0 0 0 0 90 -25,0.0 0.0 0.0 0.0 0.0 0.0 0.4,0.4,0.0,159
resolved-p14d-c14d-paper/resolved-p14d-c14d-3600-3rd/nsp-n10-d28-r0.10-rp0-fp0-s3,0 0 0 0 0 96 -20,0.0 0.0 0.0 0.0 0.0 0.0 0.9375,0.9375,0.0,87.0,0 0 0 0 0 99 -19,0.0 0.0 0.0 0.0 0.0 0.16666666666666666 1.0,2.6666666666666665,0.0,75,0 0 0 0 0 100 -24,0.0 0.0 0.0 0.0 0.0 0.2222222222222222 0.6875,2.9097222222222223,0.0,66,0 0 0 0 0 114 -35,0.0 0.0 0.0 0.0 0.0 1.0 0.0,10.0,0.0,186,0 0 0 0 0 114 -34,0.0 0.0 0.0 0.0 0.0 1.0 0.0625,10.0625,0.0,185,0 0 0 0 0 114 -34,0.0 0.0 0.0 0.0 0.0 1.0 0.0625,10.0625,0.0,185,0 0 0 0 0 114 -34,0.0 0.0 0.0 0.0 0.0 1.0 0.0625,10.0625,0.0,185,0 0 0 0 0 114 -34,0.0 0.0 0.0 0.0 0.0 1.0 0.0625,10.0625,0.0,185,0 0 0 0 0 114 -34,0.0 0.0 0.0 0.0 0.0 1.0 0.0625,10.0625,0.0,185
resolved-p14d-c14d-paper/resolved-p14d-c14d-3600-3rd/nsp-n20-d28-r0.10-rp2-fp2-s6,6 1 608 8784 0 2079 -78,1.0 0.0 0.1111111111111111 1.0 0.0 0.631578947368421 0.0,1002117.4269005848,0.0,804.0,6 1 608 8784 0 2079 -78,1.0 0.0 0.1111111111111111 1.0 0.0 0.631578947368421 0.0,1002117.4269005848,0.0,804,6 1 607 8784 0 2080 -73,1.0 0.0 0.0 1.0 0.0 0.6578947368421053 0.2631578947368421,1001006.8421052631,0.0,805,5 1 607 8102 0 2059 -62,0.0 0.0 0.0 0.25219298245614036 0.0 0.10526315789473684 0.8421052631578947,254.08771929824562,0.0,1061,5 1 607 7872 0 2060 -59,0.0 0.0 0.0 0.0 0.0 0.13157894736842105 1.0,2.3157894736842106,0.0,1097,5 1 607 8102 0 2055 -59,0.0 0.0 0.0 0.25219298245614036 0.0 0.0 1.0,253.19298245614036,0.0,1063,5 1 616 8409 0 2093 -64,0.0 0.0 1.0 0.5888157894736842 0.0 1.0 0.7368421052631579,10599.552631578947,0.0,1016,5 1 607 7952 0 2055 -60,0.0 0.0 0.0 0.08771929824561403 0.0 0.0 0.9473684210526315,88.66666666666666,0.0,1079,5 1 616 8392 0 2084 -66,0.0 0.0 1.0 0.5701754385964912 0.0 0.7631578947368421 0.631578947368421,10578.438596491227,0.0,1033
resolved-p14d-c14d-paper/resolved-p14d-c14d-3600-3rd/nsp-n30-d28-r0.10-rp2-fp2-s8,0 0 1191 13128 0 3840 -157,0.0 0.0 0.0 1.0 0.0 0.0 0.0,1000.0,0.0,305.0,0 0 1272 11391 0 3885 -136,0.0 0.0 0.46285714285714286 0.19508804448563485 0.0 0.12893982808022922 0.6176470588235294,4825.566518396689,0.0,396,0 0 1267 10970 1 3945 -126,0.0 0.0 0.4342857142857143 0.0 1.0 0.3008595988538682 0.9117647058823529,4446.777503551564,0.0,432,0 0 1366 11494 0 4189 -125,0.0 0.0 1.0 0.2428174235403151 0.0 1.0 0.9411764705882353,10253.758600010904,0.0,291,0 0 1366 11494 0 4174 -123,0.0 0.0 1.0 0.2428174235403151 0.0 0.9570200573065902 1.0,10253.38762411338,0.0,298,0 0 1366 11450 0 4159 -123,0.0 0.0 1.0 0.22242817423540315 0.0 0.9140401146131805 1.0,10232.568575381534,0.0,318,0 0 1366 11494 0 4174 -124,0.0 0.0 1.0 0.2428174235403151 0.0 0.9570200573065902 0.9705882352941176,10253.358212348676,0.0,299,0 0 1366 11617 0 4189 -125,0.0 0.0 1.0 0.29981464318813716 0.0 1.0 0.9411764705882353,10310.755819658725,0.0,266,0 0 1366 11494 0 4188 -127,0.0 0.0 1.0 0.2428174235403151 0.0 0.997134670487106 0.8823529411764706,10253.671123186363,0.0,292
resolved-p14d-c14d-paper/resolved-p14d-c14d-3600-3rd/nsp-n20-d28-r0.10-rp2-fp2-s9,0 0 0 0 0 93 -32,0.0 0.0 0.0 0.0 0.0 0.4 1.0,5.0,0.0,120.0,0 0 0 0 0 105 -41,0.0 0.0 0.0 0.0 0.0 1.0 0.5909090909090909,10.590909090909092,0.0,103,0 0 0 0 0 105 -41,0.0 0.0 0.0 0.0 0.0 1.0 0.5909090909090909,10.590909090909092,0.0,103,0 0 0 0 0 85 -54,0.0 0.0 0.0 0.0 0.0 0.0 0.0,0.0,0.0,74,0 0 0 0 0 85 -54,0.0 0.0 0.0 0.0 0.0 0.0 0.0,0.0,0.0,74,0 0 0 0 0 85 -54,0.0 0.0 0.0 0.0 0.0 0.0 0.0,0.0,0.0,74,0 0 0 0 0 85 -54,0.0 0.0 0.0 0.0 0.0 0.0 0.0,0.0,0.0,74,0 0 0 0 0 85 -54,0.0 0.0 0.0 0.0 0.0 0.0 0.0,0.0,0.0,74,0 0 0 0 0 85 -54,0.0 0.0 0.0 0.0 0.0 0.0 0.0,0.0,0.0,74
resolved-p14d-c14d-paper/resolved-p14d-c14d-3600-3rd/nsp-n50-d28-r0.10-rp2-fp2-s5,0 0 3742 22038 0 10473 -194,0.0 0.0 1.0 0.0 0.0 0.8656716417910447 0.8947368421052632,10009.551453260015,0.0,275.0,0 0 3741 22039 1 10473 -197,0.0 0.0 0.9841269841269841 0.0019083969465648854 0.3333333333333333 0.8656716417910447 0.7368421052631579,9885.905130072913,0.0,278,0 0 3742 22038 0 10482 -192,0.0 0.0 1.0 0.0 0.0 1.0 1.0,10011.0,0.0,274,0 0 3679 22544 3 10419 -211,0.0 0.0 0.0 0.9656488549618321 1.0 0.05970149253731343 0.0,1066.2458698872051,0.0,209,0 0 3684 22562 3 10419 -211,0.0 0.0 0.07936507936507936 1.0 1.0 0.05970149253731343 0.0,1894.2478085761668,0.0,207,0 0 3679 22345 2 10415 -206,0.0 0.0 0.0 0.5858778625954199 0.6666666666666666 0.0 0.2631578947368421,652.8076871568234,0.0,216,0 0 3679 22335 2 10415 -204,0.0 0.0 0.0 0.566793893129771 0.6666666666666666 0.0 0.3684210526315789,633.8289808490692,0.0,217,0 0 3679 22365 2 10415 -206,0.0 0.0 0.0 0.6240458015267175 0.6666666666666666 0.0 0.2631578947368421,690.975626088121,0.0,215,0 0 3684 22562 3 10419 -211,0.0 0.0 0.07936507936507936 1.0 1.0 0.05970149253731343 0.0,1894.2478085761668,0.0,207
resolved-p14d-c14d-paper/resolved-p14d-c14d-3600-3rd/nsp-n50-d28-r0.10-rp2-fp2-s2,27 7 4243 25074 0 11416 -193,1.0 0.0 0.0 0.0 0.0 0.0 1.0,1000001.0,0.0,285.0,27 7 4243 25074 0 11417 -193,1.0 0.0 0.0 0.0 0.0 0.05555555555555555 1.0,1000001.5555555555,0.0,284,27 7 4243 25074 0 11416 -193,1.0 0.0 0.0 0.0 0.0 0.0 1.0,1000001.0,0.0,285,26 7 4273 25369 0 11434 -201,0.0 0.0 1.0 1.0 0.0 1.0 0.0,11010.0,0.0,132,26 7 4273 25369 0 11434 -201,0.0 0.0 1.0 1.0 0.0 1.0 0.0,11010.0,0.0,132,26 7 4273 25369 0 11434 -201,0.0 0.0 1.0 1.0 0.0 1.0 0.0,11010.0,0.0,132,26 7 4273 25369 0 11434 -201,0.0 0.0 1.0 1.0 0.0 1.0 0.0,11010.0,0.0,132,26 7 4273 25369 0 11434 -201,0.0 0.0 1.0 1.0 0.0 1.0 0.0,11010.0,0.0,132,26 7 4273 25369 0 11434 -201,0.0 0.0 1.0 1.0 0.0 1.0 0.0,11010.0,0.0,132
resolved-p14d-c14d-paper/resolved-p14d-c14d-3600-3rd/nsp-n20-d28-r0.10-rp2-fp2-s8,15 156 10 46 3 438 -5,0.5 0.0 0.044444444444444446 0.06451612903225806 0.1 0.0851063829787234 0.0,500519.81163730647,0.0,1936.0,15 159 12 51 3 445 11,0.5 0.21428571428571427 0.08888888888888889 0.22580645161290322 0.1 0.23404255319148937 1.0,522556.6071946051,0.0,1640,16 157 8 44 3 434 3,1.0 0.07142857142857142 0.0 0.0 0.1 0.0 0.5,1007153.3571428572,0.0,1496,14 169 16 60 3 465 11,0.0 0.9285714285714286 0.17777777777777778 0.5161290322580645 0.1 0.6595744680851063 1.0,95168.64541185954,0.0,2068,14 170 15 56 2 455 -5,0.0 1.0 0.15555555555555556 0.3870967741935484 0.0 0.44680851063829785 0.0,101947.12041485548,0.0,1537,14 169 53 75 12 481 0,0.0 0.9285714285714286 1.0 1.0 1.0 1.0 0.3125,103967.45535714286,0.0,1554,14 169 28 62 5 475 8,0.0 0.9285714285714286 0.4444444444444444 0.5806451612903226 0.3 0.8723404255319149 0.8125,97921.76836713294,0.0,1788,14 169 15 57 2 466 -2,0.0 0.9285714285714286 0.15555555555555556 0.41935483870967744 0.0 0.6808510638297872 0.1875,94839.04926204639,0.0,2146,14 169 25 61 4 471 -2,0.0 0.9285714285714286 0.37777777777777777 0.5483870967741935 0.2 0.7872340425531915 0.1875,97211.36757212036,0.0,1891
resolved-p14d-c14d-paper/resolved-p14d-c14d-3600-3rd/nsp-n40-d28-r0.10-rp2-fp2-s7,15 2 2531 21054 1 7475 -181,0.0 0.0 0.9495798319327731 0.9937332139659804 1.0 1.0 0.18181818181818182,10599.71335147553,0.0,638.0,15 2 2537 20983 1 7467 -185,0.0 0.0 1.0 0.9301700984780662 1.0 0.96875 0.0,11039.857598478065,0.0,602,15 2 2516 21061 1 7450 -179,0.0 0.0 0.8235294117647058 1.0 1.0 0.90234375 0.2727272727272727,9344.590282419786,0.0,737,15 4 2482 19944 0 7332 -168,0.0 1.0 0.5378151260504201 0.0 0.0 0.44140625 0.7727272727272727,105383.33805027693,0.0,314,15 4 2447 20057 0 7268 -165,0.0 1.0 0.24369747899159663 0.10116383169203223 0.0 0.19140625 0.9090909090909091,102540.96177501709,0.0,321,15 4 2485 20064 0 7332 -166,0.0 1.0 0.5630252100840336 0.10743061772605192 0.0 0.44140625 0.8636363636363636,105742.96041743002,0.0,287,15 4 2482 19944 0 7332 -168,0.0 1.0 0.5378151260504201 0.0 0.0 0.44140625 0.7727272727272727,105383.33805027693,0.0,314,15 4 2418 20025 0 7219 -163,0.0 1.0 0.0 0.07251566696508505 0.0 0.0 1.0,100073.51566696509,0.0,340,15 4 2426 20025 0 7227 -164,0.0 1.0 0.06722689075630252 0.07251566696508505 0.0 0.03125 0.9545454545454546,100746.05161998265,0.0,336
resolved-p14d-c14d-paper/resolved-p14d-c14d-3600-3rd/nsp-n50-d28-r0.10-rp2-fp2-s4,18 6 4140 24570 0 11125 -187,1.0 0.0 1.0 0.9664902998236331 0.0 1.0 1.0,1010977.4902998236,0.0,409.0,18 6 4140 24570 0 11125 -187,1.0 0.0 1.0 0.9664902998236331 0.0 1.0 1.0,1010977.4902998236,0.0,409,18 6 4140 24589 0 11124 -187,1.0 0.0 1.0 1.0 0.0 0.9940119760479041 1.0,1011010.9401197605,0.0,408,17 10 4048 24051 0 10958 -193,0.0 1.0 0.0 0.05114638447971781 0.0 0.0 0.14285714285714285,100051.28924162258,0.0,577,17 10 4092 24146 0 11028 -191,0.0 1.0 0.4782608695652174 0.21869488536155202 0.0 0.41916167664670656 0.42857142857142855,105005.92376920876,0.0,470,17 10 4085 24115 0 11016 -193,0.0 1.0 0.40217391304347827 0.164021164021164 0.0 0.3473053892215569 0.14285714285714285,104189.37620549102,0.0,544,17 10 4092 24316 0 11034 -194,0.0 1.0 0.4782608695652174 0.5185185185185185 0.0 0.4550898203592814 0.0,105305.67811237428,0.0,458,17 10 4092 24262 0 11042 -193,0.0 1.0 0.4782608695652174 0.42328042328042326 0.0 0.5029940119760479 0.14285714285714285,105211.06191619522,0.0,463,17 10 4086 24022 0 11021 -193,0.0 1.0 0.41304347826086957 0.0 0.0 0.3772455089820359 0.14285714285714285,104134.35009484137,0.0,524
resolved-p14d-c14d-paper/resolved-p14d-c14d-3600-3rd/nsp-n20-d28-r0.10-rp2-fp2-s1,9 150 43 84 6 536 4,0.0 0.0 0.9111111111111111 1.0 1.0 1.0 1.0,10222.111111111111,0.0,1710.0,9 150 47 84 6 536 4,0.0 0.0 1.0 1.0 1.0 1.0 1.0,11111.0,0.0,1677,9 150 40 83 6 529 1,0.0 0.0 0.8444444444444444 0.9743589743589743 1.0 0.9435483870967742 0.9230769230769231,9529.161979597464,0.0,1958,18 165 2 46 3 424 -23,1.0 0.4838709677419355 0.0 0.02564102564102564 0.0 0.0967741935483871 0.3076923076923077,1048414.0132340777,0.0,1440,17 181 4 55 5 424 -31,0.8888888888888888 1.0 0.044444444444444446 0.2564102564102564 0.6666666666666666 0.0967741935483871 0.10256410256410256,989657.4805624483,0.0,1637,17 177 5 47 3 413 -24,0.8888888888888888 0.8709677419354839 0.06666666666666667 0.05128205128205128 0.0 0.008064516129032258 0.28205128205128205,976703.9744968293,0.0,1809,17 179 4 45 3 412 -26,0.8888888888888888 0.9354838709677419 0.044444444444444446 0.0 0.0 0.0 0.23076923076923078,982881.9511993383,0.0,1782,17 181 4 52 4 419 -35,0.8888888888888888 1.0 0.044444444444444446 0.1794871794871795 0.3333333333333333 0.056451612903225805 0.0,989546.7183622828,0.0,1673,17 177 4 47 3 413 -32,0.8888888888888888 0.8709677419354839 0.044444444444444446 0.05128205128205128 0.0 0.008064516129032258 0.07692307692307693,976481.547146402,0.0,1831
resolved-p14d-c14d-paper/resolved-p14d-c14d-3600-3rd/nsp-n20-d28-r0.10-rp2-fp2-s3,0 0 0 0 0 123 -33,0.0 0.0 0.0 0.0 0.0 0.09090909090909091 0.5714285714285714,1.4805194805194806,0.0,133.0,0 0 0 0 0 133 -30,0.0 0.0 0.0 0.0 0.0 1.0 1.0,11.0,0.0,121,0 0 0 0 0 133 -30,0.0 0.0 0.0 0.0 0.0 1.0 1.0,11.0,0.0,121,0 0 0 0 0 122 -37,0.0 0.0 0.0 0.0 0.0 0.0 0.0,0.0,0.0,85,0 0 0 0 0 122 -37,0.0 0.0 0.0 0.0 0.0 0.0 0.0,0.0,0.0,85,0 0 0 0 0 122 -37,0.0 0.0 0.0 0.0 0.0 0.0 0.0,0.0,0.0,85,0 0 0 0 0 122 -37,0.0 0.0 0.0 0.0 0.0 0.0 0.0,0.0,0.0,85,0 0 0 0 0 122 -37,0.0 0.0 0.0 0.0 0.0 0.0 0.0,0.0,0.0,85,0 0 0 0 0 122 -37,0.0 0.0 0.0 0.0 0.0 0.0 0.0,0.0,0.0,85
resolved-p14d-c14d-paper/resolved-p14d-c14d-3600-3rd/nsp-n30-d28-r0.10-rp2-fp2-s0,7 7 1394 14523 1 4306 -122,0.0 0.0 0.22916666666666666 0.2827324478178368 0.0 0.20168067226890757 1.0,2577.4159212071922,0.0,1343.0,7 7 1387 14374 1 4282 -123,0.0 0.0 0.08333333333333333 0.0 0.0 0.0 0.9090909090909091,834.2424242424241,0.0,1404,7 7 1388 14438 1 4283 -124,0.0 0.0 0.10416666666666667 0.12144212523719165 0.0 0.008403361344537815 0.8181818181818182,1164.0110073354856,0.0,1392,7 10 1431 14891 1 4401 -133,0.0 0.75 1.0 0.9810246679316889 0.0 1.0 0.0,85991.02466793169,0.0,1267,7 10 1423 14866 1 4391 -131,0.0 0.75 0.8333333333333334 0.9335863377609108 0.0 0.9159663865546218 0.18181818181818182,84276.2611531416,0.0,1367,7 10 1419 14750 1 4399 -132,0.0 0.75 0.75 0.713472485768501 0.0 0.9831932773109243 0.09090909090909091,83223.39532763252,0.0,1421,7 11 1383 14660 1 4324 -131,0.0 1.0 0.0 0.5426944971537002 0.0 0.35294117647058826 0.18181818181818182,100546.40572710022,0.0,1229,7 10 1424 14901 1 4399 -131,0.0 0.75 0.8541666666666666 1.0 0.0 0.9831932773109243 0.18181818181818182,84551.6804176216,0.0,1350,7 10 1422 14891 1 4400 -133,0.0 0.75 0.8125 0.9810246679316889 0.0 0.9915966386554622 0.0,84115.94063431825,0.0,1387
resolved-p14d-c14d-paper/resolved-p14d-c14d-3600-3rd/nsp-n30-d28-r0.10-rp2-fp2-s3,13 1 1344 13625 0 4225 -89,0.0 0.0 0.0 0.0 0.0 0.0 1.0,1.0,0.0,575.0,18 1 1401 14090 0 4336 -92,1.0 0.0 0.8142857142857143 0.5213004484304933 0.0 0.9568965517241379 0.625,1008674.3515568048,0.0,581,18 1 1401 14090 0 4341 -92,1.0 0.0 0.8142857142857143 0.5213004484304933 0.0 1.0 0.625,1008674.7825912876,0.0,580,18 1 1414 14517 0 4341 -97,1.0 0.0 1.0 1.0 0.0 1.0 0.0,1011010.0,0.0,404,18 1 1414 14517 0 4341 -97,1.0 0.0 1.0 1.0 0.0 1.0 0.0,1011010.0,0.0,404,18 1 1414 14517 0 4341 -97,1.0 0.0 1.0 1.0 0.0 1.0 0.0,1011010.0,0.0,404,18 1 1414 14517 0 4341 -97,1.0 0.0 1.0 1.0 0.0 1.0 0.0,1011010.0,0.0,404,18 1 1414 14517 0 4341 -97,1.0 0.0 1.0 1.0 0.0 1.0 0.0,1011010.0,0.0,404,18 1 1414 14517 0 4341 -97,1.0 0.0 1.0 1.0 0.0 1.0 0.0,1011010.0,0.0,404
resolved-p14d-c14d-paper/resolved-p14d-c14d-3600-3rd/nsp-n10-d28-r0.10-rp0-fp0-s9,0 0 0 0 0 103 -38,0.0 0.0 0.0 0.0 0.0 0.15789473684210525 0.18518518518518517,1.7641325536062378,0.0,92.0,0 0 0 0 0 100 -42,0.0 0.0 0.0 0.0 0.0 0.0 0.037037037037037035,0.037037037037037035,0.0,137,0 0 0 0 0 100 -43,0.0 0.0 0.0 0.0 0.0 0.0 0.0,0.0,0.0,138,0 0 0 0 0 119 -19,0.0 0.0 0.0 0.0 0.0 1.0 0.8888888888888888,10.88888888888889,0.0,173,0 0 0 0 0 119 -20,0.0 0.0 0.0 0.0 0.0 1.0 0.8518518518518519,10.851851851851851,0.0,174,0 0 0 0 0 119 -19,0.0 0.0 0.0 0.0 0.0 1.0 0.8888888888888888,10.88888888888889,0.0,173,0 0 0 0 0 118 -16,0.0 0.0 0.0 0.0 0.0 0.9473684210526315 1.0,10.473684210526315,0.0,175,0 0 0 0 0 118 -16,0.0 0.0 0.0 0.0 0.0 0.9473684210526315 1.0,10.473684210526315,0.0,175,0 0 0 0 0 119 -20,0.0 0.0 0.0 0.0 0.0 1.0 0.8518518518518519,10.851851851851851,0.0,174
resolved-p14d-c14d-paper/resolved-p14d-c14d-3600-3rd/nsp-n50-d28-r0.10-rp2-fp2-s1,0 0 3932 23144 0 10748 -211,0.0 0.0 0.0 1.0 0.0 0.1885245901639344 0.0,1001.8852459016393,0.0,125.0,0 0 3952 22734 0 10725 -208,0.0 0.0 0.22727272727272727 0.1717171717171717 0.0 0.0 0.2727272727272727,2444.7171717171714,0.0,163,0 0 3952 22734 0 10725 -208,0.0 0.0 0.22727272727272727 0.1717171717171717 0.0 0.0 0.2727272727272727,2444.7171717171714,0.0,163,0 0 4017 22649 0 10846 -200,0.0 0.0 0.9659090909090909 0.0 0.0 0.9918032786885246 1.0,9670.008941877795,0.0,182,0 0 4020 22694 0 10847 -202,0.0 0.0 1.0 0.09090909090909091 0.0 1.0 0.8181818181818182,10101.727272727272,0.0,176,0 0 4020 22694 0 10847 -202,0.0 0.0 1.0 0.09090909090909091 0.0 1.0 0.8181818181818182,10101.727272727272,0.0,176,0 0 4017 22649 0 10841 -202,0.0 0.0 0.9659090909090909 0.0 0.0 0.9508196721311475 0.8181818181818182,9669.417287630404,0.0,183,0 0 4020 22671 0 10847 -201,0.0 0.0 1.0 0.044444444444444446 0.0 1.0 0.9090909090909091,10055.353535353535,0.0,178,0 0 4020 22650 0 10843 -201,0.0 0.0 1.0 0.00202020202020202 0.0 0.9672131147540983 0.9090909090909091,10012.601424076835,0.0,180
resolved-p14d-c14d-paper/resolved-p14d-c14d-3600-3rd/nsp-n20-d28-r0.10-rp2-fp2-s7,0 0 0 0 0 71 -26,0.0 0.0 0.0 0.0 0.0 0.0 1.0,1.0,0.0,156.0,0 0 0 0 0 84 -29,0.0 0.0 0.0 0.0 0.0 1.0 0.90625,10.90625,0.0,125,0 0 0 0 0 84 -29,0.0 0.0 0.0 0.0 0.0 1.0 0.90625,10.90625,0.0,125,0 0 0 0 0 81 -51,0.0 0.0 0.0 0.0 0.0 0.7692307692307693 0.21875,7.9110576923076925,0.0,89,0 0 0 0 0 75 -58,0.0 0.0 0.0 0.0 0.0 0.3076923076923077 0.0,3.076923076923077,0.0,95,0 0 0 0 0 75 -58,0.0 0.0 0.0 0.0 0.0 0.3076923076923077 0.0,3.076923076923077,0.0,95,0 0 0 0 0 81 -51,0.0 0.0 0.0 0.0 0.0 0.7692307692307693 0.21875,7.9110576923076925,0.0,89,0 0 0 0 0 75 -58,0.0 0.0 0.0 0.0 0.0 0.3076923076923077 0.0,3.076923076923077,0.0,95,0 0 0 0 0 75 -58,0.0 0.0 0.0 0.0 0.0 0.3076923076923077 0.0,3.076923076923077,0.0,95
resolved-p14d-c14d-paper/resolved-p14d-c14d-3600-3rd/nsp-n40-d28-r0.10-rp2-fp2-s8,0 0 0 0 0 453 -170,0.0 0.0 0.0 0.0 0.0 1.0 0.0,10.0,0.0,91.0,0 0 0 0 0 452 -112,0.0 0.0 0.0 0.0 0.0 0.972972972972973 1.0,10.72972972972973,0.0,92,0 0 0 0 0 453 -170,0.0 0.0 0.0 0.0 0.0 1.0 0.0,10.0,0.0,91,0 0 0 0 0 435 -142,0.0 0.0 0.0 0.0 0.0 0.5135135135135135 0.4827586206896552,5.61789375582479,0.0,118,0 0 0 0 0 416 -116,0.0 0.0 0.0 0.0 0.0 0.0 0.9310344827586207,0.9310344827586207,0.0,122,0 0 0 0 0 435 -142,0.0 0.0 0.0 0.0 0.0 0.5135135135135135 0.4827586206896552,5.61789375582479,0.0,118,0 0 0 0 0 416 -114,0.0 0.0 0.0 0.0 0.0 0.0 0.9655172413793104,0.9655172413793104,0.0,120,0 0 0 0 0 416 -115,0.0 0.0 0.0 0.0 0.0 0.0 0.9482758620689655,0.9482758620689655,0.0,121,0 0 0 0 0 416 -114,0.0 0.0 0.0 0.0 0.0 0.0 0.9655172413793104,0.9655172413793104,0.0,120
resolved-p14d-c14d-paper/resolved-p14d-c14d-3600-3rd/nsp-n10-d28-r0.10-rp0-fp0-s6,0 2 111 1817 0 755 13,0.0 1.0 0.6842105263157895 1.0 0.0 0.13725490196078433 0.29411764705882354,107843.77192982456,0.0,2656.0,0 2 107 1802 0 748 8,0.0 1.0 0.47368421052631576 0.9741379310344828 0.0 0.0 0.0,105710.98003629764,0.0,2952,0 2 117 1795 0 799 11,0.0 1.0 1.0 0.9620689655172414 0.0 1.0 0.17647058823529413,110972.24543610547,0.0,2542,1 1 112 1391 2 790 20,1.0 0.0 0.7368421052631579 0.2655172413793103 1.0 0.8235294117647058 0.7058823529411765,1007742.8794704814,0.0,2464,0 1 102 1237 2 791 25,0.0 0.0 0.21052631578947367 0.0 1.0 0.8431372549019608 1.0,2214.6945304437563,0.0,2748,0 1 102 1238 2 790 21,0.0 0.0 0.21052631578947367 0.0017241379310344827 1.0 0.8235294117647058 0.7647058823529411,2215.987295825771,0.0,2741,0 1 100 1238 2 783 23,0.0 0.0 0.10526315789473684 0.0017241379310344827 1.0 0.6862745098039216 0.8823529411764706,1162.1008149176184,0.0,2779,0 1 98 1239 2 770 21,0.0 0.0 0.0 0.0034482758620689655 1.0 0.43137254901960786 0.7647058823529411,108.52670723461799,0.0,2852,0 1 102 1262 2 791 23,0.0 0.0 0.21052631578947367 0.04310344827586207 1.0 0.8431372549019608 0.8823529411764706,2257.6803316607948,0.0,2697
resolved-p14d-c14d-paper/resolved-p14d-c14d-3600-3rd/nsp-n40-d28-r0.10-rp2-fp2-s4,5 7 2436 19452 0 7277 -213,0.0 1.0 0.0 0.0 0.0 0.0 1.0,100001.0,0.0,380.0,13 6 2545 20187 1 7422 -226,0.7272727272727273 0.0 0.689873417721519 0.6960227272727273 1.0 0.6359649122807017 0.07142857142857142,734973.9152549094,0.0,161,16 7 2590 20505 0 7497 -226,1.0 1.0 0.9746835443037974 0.9971590909090909 0.0 0.9649122807017544 0.07142857142857142,1110753.7150853255,0.0,349,16 7 2594 20508 0 7505 -227,1.0 1.0 1.0 1.0 0.0 1.0 0.0,1111010.0,0.0,48,16 7 2594 20500 0 7505 -226,1.0 1.0 1.0 0.9924242424242424 0.0 1.0 0.07142857142857142,1111002.4956709957,0.0,49,16 7 2594 20508 0 7505 -227,1.0 1.0 1.0 1.0 0.0 1.0 0.0,1111010.0,0.0,48,16 7 2594 20500 0 7505 -226,1.0 1.0 1.0 0.9924242424242424 0.0 1.0 0.07142857142857142,1111002.4956709957,0.0,49,16 7 2594 20508 0 7505 -227,1.0 1.0 1.0 1.0 0.0 1.0 0.0,1111010.0,0.0,48,16 7 2594 20500 0 7505 -226,1.0 1.0 1.0 0.9924242424242424 0.0 1.0 0.07142857142857142,1111002.4956709957,0.0,49
resolved-p14d-c14d-paper/resolved-p14d-c14d-3600-3rd/nsp-n10-d28-r0.10-rp0-fp0-s8,12 84 1 18 1 275 -14,0.0 0.23529411764705882 0.0 0.0 0.0 0.0 0.0,23529.41176470588,0.0,2581.0,12 80 2 21 1 295 -6,0.0 0.0 0.002398081534772182 0.047619047619047616 0.0 0.2127659574468085 0.6666666666666666,74.39418920790419,0.0,3470,12 80 2 25 1 295 -5,0.0 0.0 0.002398081534772182 0.1111111111111111 0.0 0.2127659574468085 0.75,137.969586033301,0.0,3362,12 97 418 77 3 363 -3,0.0 1.0 1.0 0.9365079365079365 0.6666666666666666 0.9361702127659575 0.9166666666666666,111013.45297196893,0.0,3683,12 97 418 77 3 354 -2,0.0 1.0 1.0 0.9365079365079365 0.6666666666666666 0.8404255319148937 1.0,111012.57885849375,0.0,3700,12 97 418 79 3 369 -2,0.0 1.0 1.0 0.9682539682539683 0.6666666666666666 1.0 1.0,111045.92063492064,0.0,3620,12 97 418 81 4 359 -2,0.0 1.0 1.0 1.0 1.0 0.8936170212765957 1.0,111109.93617021276,0.0,3531,12 97 418 81 4 357 -2,0.0 1.0 1.0 1.0 1.0 0.8723404255319149 1.0,111109.72340425532,0.0,3537,12 97 418 78 3 361 -4,0.0 1.0 1.0 0.9523809523809523 0.6666666666666666 0.9148936170212766 0.8333333333333334,111029.02988855116,0.0,3655
resolved-p14d-c14d-paper/resolved-p14d-c14d-3600-3rd/nsp-n50-d28-r0.10-rp2-fp2-s6,19 3 4218 25333 1 11378 -250,0.0 0.0 1.0 0.6157894736842106 1.0 1.0 0.6923076923076923,10726.481781376518,0.0,835.0,19 3 4218 25333 1 11378 -250,0.0 0.0 1.0 0.6157894736842106 1.0 1.0 0.6923076923076923,10726.481781376518,0.0,835,19 3 4218 25351 1 11378 -255,0.0 0.0 1.0 0.7105263157894737 1.0 1.0 0.3076923076923077,10820.834008097167,0.0,832,19 4 4195 25228 0 11343 -248,0.0 1.0 0.0 0.06315789473684211 0.0 0.0 0.8461538461538461,100064.004048583,0.0,718,19 4 4195 25216 0 11343 -246,0.0 1.0 0.0 0.0 0.0 0.0 1.0,100001.0,0.0,722,19 4 4195 25336 0 11355 -256,0.0 1.0 0.0 0.631578947368421 0.0 0.34285714285714286 0.23076923076923078,100635.23828802776,0.0,715,19 4 4202 25339 1 11365 -259,0.0 1.0 0.30434782608695654 0.6473684210526316 1.0 0.6285714285714286 0.0,103797.1323962079,0.0,701,19 4 4202 25338 1 11368 -259,0.0 1.0 0.30434782608695654 0.6421052631578947 1.0 0.7142857142857143 0.0,103792.72638117032,0.0,702,19 4 4202 25406 1 11368 -259,0.0 1.0 0.30434782608695654 1.0 1.0 0.7142857142857143 0.0,104150.62111801242,0.0,694
resolved-p14d-c14d-paper/resolved-p14d-c14d-3600-3rd/nsp-n40-d28-r0.10-rp2-fp2-s5,21 345 8 92 9 1283 -64,0.0 0.0 0.04 0.0 0.0 0.0 0.23529411764705882,400.2352941176471,0.0,924.0,21 346 7 95 9 1287 -51,0.0 0.09090909090909091 0.0 0.16666666666666666 0.0 0.017167381974248927 1.0,9258.7474313955,0.0,877,21 346 7 95 9 1288 -61,0.0 0.09090909090909091 0.0 0.16666666666666666 0.0 0.02145922746781116 0.4117647058823529,9258.20211455632,0.0,875,27 355 24 94 16 1502 -55,1.0 0.9090909090909091 0.68 0.1111111111111111 0.7777777777777778 0.9399141630901288 0.7647058823529411,1097908.143645493,0.0,797,27 355 23 104 18 1509 -58,1.0 0.9090909090909091 0.64 0.6666666666666666 1.0 0.9699570815450643 0.5882352941176471,1098086.045381867,0.0,811,27 356 23 110 15 1512 -59,1.0 1.0 0.64 1.0 0.6666666666666666 0.9828326180257511 0.5294117647058824,1107477.0244046117,0.0,647,27 355 23 103 18 1509 -59,1.0 0.9090909090909091 0.64 0.6111111111111112 1.0 0.9699570815450643 0.5294117647058824,1098030.4310027822,0.0,814,27 356 32 97 15 1516 -68,1.0 1.0 1.0 0.2777777777777778 0.6666666666666666 1.0 0.0,1110354.4444444445,0.0,608,27 355 23 102 18 1509 -59,1.0 0.9090909090909091 0.64 0.5555555555555556 1.0 0.9699570815450643 0.5294117647058824,1097974.8754472267,0.0,815
resolved-p14d-c14d-paper/resolved-p14d-c14d-3600-3rd/nsp-n20-d28-r0.10-rp2-fp2-s0,0 0 0 0 0 110 -28,0.0 0.0 0.0 0.0 0.0 1.0 0.5,10.5,0.0,57.0,0 0 0 0 0 82 -32,0.0 0.0 0.0 0.0 0.0 0.0 0.0,0.0,0.0,69,0 0 0 0 0 82 -32,0.0 0.0 0.0 0.0 0.0 0.0 0.0,0.0,0.0,69,0 0 0 0 0 102 -24,0.0 0.0 0.0 0.0 0.0 0.7142857142857143 1.0,8.142857142857142,0.0,71,0 0 0 0 0 102 -24,0.0 0.0 0.0 0.0 0.0 0.7142857142857143 1.0,8.142857142857142,0.0,71,0 0 0 0 0 102 -24,0.0 0.0 0.0 0.0 0.0 0.7142857142857143 1.0,8.142857142857142,0.0,71,0 0 0 0 0 102 -24,0.0 0.0 0.0 0.0 0.0 0.7142857142857143 1.0,8.142857142857142,0.0,71,0 0 0 0 0 102 -24,0.0 0.0 0.0 0.0 0.0 0.7142857142857143 1.0,8.142857142857142,0.0,71,0 0 0 0 0 102 -24,0.0 0.0 0.0 0.0 0.0 0.7142857142857143 1.0,8.142857142857142,0.0,71
resolved-p14d-c14d-paper/resolved-p14d-c14d-3600-3rd/nsp-n10-d28-r0.10-rp0-fp0-s1,9 80 6 28 6 301 -27,0.25 0.0 1.0 0.8181818181818182 0.5 0.7659574468085106 0.4444444444444444,260876.28583709436,0.0,2068.0,8 80 5 30 7 312 -24,0.0 0.0 0.8333333333333334 1.0 1.0 1.0 0.7777777777777778,9444.111111111111,0.0,2921,8 80 6 24 7 293 -26,0.0 0.0 1.0 0.45454545454545453 1.0 0.5957446808510638 0.5555555555555556,10561.05845690952,0.0,2659,12 80 0 19 5 265 -22,1.0 0.0 0.0 0.0 0.0 0.0 1.0,1000001.0,0.0,3725,12 80 0 19 5 265 -31,1.0 0.0 0.0 0.0 0.0 0.0 0.0,1000000.0,0.0,3734,11 80 0 19 5 267 -29,0.75 0.0 0.0 0.0 0.0 0.0425531914893617 0.2222222222222222,750000.6477541372,0.0,3848,12 80 0 19 5 270 -28,1.0 0.0 0.0 0.0 0.0 0.10638297872340426 0.3333333333333333,1000001.3971631206,0.0,3678,12 80 1 19 5 280 -26,1.0 0.0 0.16666666666666666 0.0 0.0 0.3191489361702128 0.5555555555555556,1001670.4137115839,0.0,3630,12 81 0 19 5 285 -27,1.0 1.0 0.0 0.0 0.0 0.425531914893617 0.4444444444444444,1100004.6997635935,0.0,3488
resolved-p14d-c14d-paper/resolved-p14d-c14d-3600-3rd/nsp-n30-d28-r0.10-rp2-fp2-s6,19 241 195 352 12 782 -36,1.0 1.0 0.00041631973355537054 1.0 0.0 0.0 0.1125,1101004.2756973356,0.0,1148.0,19 241 194 352 12 782 -39,1.0 1.0 0.0 1.0 0.0 0.0 0.075,1101000.075,0.0,1178,19 241 257 352 12 806 -45,1.0 1.0 0.026228143213988343 1.0 0.0 0.021164021164021163 0.0,1101262.4930723514,0.0,1102,18 125 2527 244 25 1916 35,0.0 0.0 0.9712739383846795 0.14960629921259844 0.7647058823529411 1.0 1.0,9949.816271294687,0.0,1115,18 125 2596 243 22 1904 25,0.0 0.0 1.0 0.14173228346456693 0.5882352941176471 0.9894179894179894 0.875,10211.324992770511,0.0,1007,18 126 2589 225 22 1903 23,0.0 0.008620689655172414 0.9970857618651124 0.0 0.5882352941176471 0.9885361552028219 0.85,10902.485475132158,0.0,994,18 125 2446 242 26 1905 35,0.0 0.0 0.9375520399666945 0.13385826771653545 0.8235294117647058 0.9902998236331569 1.0,9602.634606796282,0.0,1230,18 125 2446 240 25 1900 35,0.0 0.0 0.9375520399666945 0.11811023622047244 0.7647058823529411 0.9858906525573192 1.0,9580.960130648284,0.0,1249,18 125 2447 244 29 1902 33,0.0 0.0 0.9379683597002498 0.14960629921259844 1.0 0.9876543209876543 0.975,9640.141439424973,0.0,1213
resolved-p14d-c14d-paper/resolved-p14d-c14d-3600-3rd/nsp-n20-d28-r0.10-rp2-fp2-s5,7 3 594 8683 0 2108 -46,0.0 0.0 0.39285714285714285 1.0 0.0 0.6904761904761905 0.0,4935.47619047619,0.0,943.0,11 3 628 8662 0 2134 -33,1.0 0.0 1.0 0.9818809318377912 0.0 1.0 0.3333333333333333,1010992.2142651711,0.0,894,11 3 619 8352 0 2113 -22,1.0 0.0 0.8392857142857143 0.7144089732528042 0.0 0.75 0.6153846153846154,1009115.3815007253,0.0,923,11 3 601 8203 1 2123 -20,1.0 0.0 0.5178571428571429 0.5858498705780846 1.0 0.8690476190476191 0.6666666666666666,1005873.7784420067,0.0,731,9 3 572 7572 0 2052 -7,0.5 0.0 0.0 0.04141501294219154 0.0 0.023809523809523808 1.0,500042.65310818027,0.0,937,9 3 572 7524 0 2050 -10,0.5 0.0 0.0 0.0 0.0 0.0 0.9230769230769231,500000.92307692306,0.0,954,11 3 601 8154 1 2123 -22,1.0 0.0 0.5178571428571429 0.543572044866264 1.0 0.8690476190476191 0.6153846153846154,1005831.4493342435,0.0,737,11 3 601 8263 1 2123 -27,1.0 0.0 0.5178571428571429 0.637618636755824 1.0 0.8690476190476191 0.48717948717948717,1005925.3677210049,0.0,713,9 3 576 7530 0 2057 -12,0.5 0.0 0.07142857142857142 0.005176876617773943 0.0 0.08333333333333333 0.8717948717948718,500721.16771910863,0.0,918
resolved-p14d-c14d-paper/resolved-p14d-c14d-3600-3rd/nsp-n40-d28-r0.10-rp2-fp2-s6,17 3 2460 19415 0 7275 -181,1.0 0.0 1.0 0.17787418655097614 0.0 1.0 1.0,1010188.874186551,0.0,492.0,17 3 2460 19415 0 7275 -181,1.0 0.0 1.0 0.17787418655097614 0.0 1.0 1.0,1010188.874186551,0.0,492,17 3 2460 19415 0 7275 -181,1.0 0.0 1.0 0.17787418655097614 0.0 1.0 1.0,1010188.874186551,0.0,492,16 3 2421 19431 1 7196 -184,0.0 0.0 0.09302325581395349 0.21258134490238612 1.0 0.31896551724137934 0.5714285714285714,1246.5749867857633,0.0,784,16 3 2417 19390 0 7161 -184,0.0 0.0 0.0 0.12364425162689804 0.0 0.017241379310344827 0.5714285714285714,124.38809399143005,0.0,820,16 3 2417 19382 0 7170 -187,0.0 0.0 0.0 0.10629067245119306 0.0 0.09482758620689655 0.14285714285714285,107.38180545611917,0.0,829,16 3 2418 19398 0 7170 -183,0.0 0.0 0.023255813953488372 0.14099783080260303 0.0 0.09482758620689655 0.7142857142857143,375.21853191384145,0.0,812,16 3 2417 19333 0 7159 -188,0.0 0.0 0.0 0.0 0.0 0.0 0.0,0.0,0.0,838,16 3 2449 19794 0 7269 -187,0.0 0.0 0.7441860465116279 1.0 0.0 0.9482758620689655 0.14285714285714285,8451.486080879826,0.0,713
resolved-p14d-c14d-paper/resolved-p14d-c14d-3600-3rd/nsp-n30-d28-r0.10-rp2-fp2-s1,0 0 1269 13217 0 4169 -108,0.0 0.0 0.0 1.0 0.0 0.03424657534246575 1.0,1001.3424657534247,0.0,131.0,0 0 1354 12755 1 4164 -114,0.0 0.0 0.68 0.18374558303886926 0.5 0.0 0.5,7034.24558303887,0.0,329,0 0 1354 12651 1 4165 -116,0.0 0.0 0.68 0.0 0.5 0.00684931506849315 0.3333333333333333,6850.401826484019,0.0,358,0 0 1385 12805 2 4279 -118,0.0 0.0 0.928 0.27208480565371024 1.0 0.7876712328767124 0.16666666666666666,9660.128184649144,0.0,232,0 0 1385 12767 2 4279 -117,0.0 0.0 0.928 0.2049469964664311 1.0 0.7876712328767124 0.25,9593.073708795198,0.0,233,0 0 1385 12892 1 4278 -117,0.0 0.0 0.928 0.42579505300353354 0.5 0.7808219178082192 0.25,9763.853272181615,0.0,228,0 0 1385 12744 2 4290 -119,0.0 0.0 0.928 0.16431095406360424 1.0 0.863013698630137 0.08333333333333333,9553.024424383239,0.0,237,0 0 1394 13058 0 4310 -120,0.0 0.0 1.0 0.7190812720848057 0.0 1.0 0.0,10729.081272084806,0.0,201,0 0 1385 12744 2 4263 -119,0.0 0.0 0.928 0.16431095406360424 1.0 0.678082191780822 0.08333333333333333,9551.175109314745,0.0,245
resolved-p14d-c14d-paper/resolved-p14d-c14d-3600-3rd/nsp-n50-d28-r0.10-rp2-fp2-s0,33 180 10381 670 10 8439 -5,0.5 0.9545454545454546 0.5941422594142259 0.8140703517587939 0.0 1.0 0.8064516129032258,602220.8448520594,0.0,569.0,32 183 10342 707 13 8400 7,0.0 1.0 0.4309623430962343 1.0 0.16666666666666666 0.9628571428571429 1.0,105336.91866905759,0.0,636,33 182 10398 668 10 8424 -7,0.5 0.9848484848484849 0.6652719665271967 0.8040201005025126 0.0 0.9857142857142858 0.7741935483870968,605952.2195870285,0.0,527,33 117 10257 512 28 7399 -41,0.5 0.0 0.07531380753138076 0.020100502512562814 1.0 0.009523809523809525 0.22580645161290322,500873.5596223732,0.0,623,33 117 10274 513 28 7431 -43,0.5 0.0 0.14644351464435146 0.02512562814070352 1.0 0.04 0.1935483870967742,501590.1543229713,0.0,601,33 117 10239 513 21 7399 -43,0.5 0.0 0.0 0.02512562814070352 0.6111111111111112 0.009523809523809525 0.1935483870967742,500086.5255257342,0.0,643,33 117 10281 518 28 7431 -44,0.5 0.0 0.17573221757322174 0.05025125628140704 1.0 0.04 0.1774193548387097,501908.15085136844,0.0,595,33 117 10283 513 28 7431 -42,0.5 0.0 0.18410041841004185 0.02512562814070352 1.0 0.04 0.20967741935483872,501966.7394896605,0.0,590,34 119 10478 508 16 7389 -55,1.0 0.030303030303030304 1.0 0.0 0.3333333333333333 0.0 0.0,1013063.6363636364,0.0,540
resolved-p14d-c14d-paper/resolved-p14d-c14d-3600-3rd/nsp-n50-d28-r0.10-rp2-fp2-s9,0 0 0 0 0 992 -71,0.0 0.0 0.0 0.0 0.0 1.0 1.0,11.0,0.0,63.0,0 0 0 0 0 992 -71,0.0 0.0 0.0 0.0 0.0 1.0 1.0,11.0,0.0,63,0 0 0 0 0 992 -71,0.0 0.0 0.0 0.0 0.0 1.0 1.0,11.0,0.0,63,0 0 0 0 0 967 -103,0.0 0.0 0.0 0.0 0.0 0.0 0.030303030303030304,0.030303030303030304,0.0,81,0 0 0 0 0 967 -101,0.0 0.0 0.0 0.0 0.0 0.0 0.09090909090909091,0.09090909090909091,0.0,79,0 0 0 0 0 967 -101,0.0 0.0 0.0 0.0 0.0 0.0 0.09090909090909091,0.09090909090909091,0.0,79,0 0 0 0 0 967 -101,0.0 0.0 0.0 0.0 0.0 0.0 0.09090909090909091,0.09090909090909091,0.0,79,0 0 0 0 0 971 -98,0.0 0.0 0.0 0.0 0.0 0.16 0.18181818181818182,1.781818181818182,0.0,73,0 0 0 0 0 967 -104,0.0 0.0 0.0 0.0 0.0 0.0 0.0,0.0,0.0,82
resolved-p14d-c14d-paper/resolved-p14d-c14d-3600-2nd/nsp-n50-d28-r0.10-rp2-fp2-s9,,,,,,0 0 0 0 0 992 -71,0.0 0.0 0.0 0.0 0.0 1.0 1.0,11.0,0.0,63,0 0 0 0 0 992 -71,0.0 0.0 0.0 0.0 0.0 1.0 1.0,11.0,0.0,63,0 0 0 0 0 967 -103,0.0 0.0 0.0 0.0 0.0 0.0 0.058823529411764705,0.058823529411764705,0.0,81,0 0 0 0 0 967 -104,0.0 0.0 0.0 0.0 0.0 0.0 0.029411764705882353,0.029411764705882353,0.0,82,0 0 0 0 0 967 -102,0.0 0.0 0.0 0.0 0.0 0.0 0.08823529411764706,0.08823529411764706,0.0,80,0 0 0 0 0 967 -103,0.0 0.0 0.0 0.0 0.0 0.0 0.058823529411764705,0.058823529411764705,0.0,81,0 0 0 0 0 967 -105,0.0 0.0 0.0 0.0 0.0 0.0 0.0,0.0,0.0,83,0 0 0 0 0 976 -100,0.0 0.0 0.0 0.0 0.0 0.36 0.14705882352941177,3.7470588235294113,0.0,72
