,lnps-10-org-obj,lnps-10-nrm-obj,lnps-10-obj,lnps-10-diff,lnps-10-freq,lnps-30-org-obj,lnps-30-nrm-obj,lnps-30-obj,lnps-30-diff,lnps-30-freq,lnps-60-org-obj,lnps-60-nrm-obj,lnps-60-obj,lnps-60-diff,lnps-60-freq,mp-is1-p-hi-org-obj,mp-is1-p-hi-nrm-obj,mp-is1-p-hi-obj,mp-is1-p-hi-diff,mp-is1-p-hi-freq,mp-is1-p-low-org-obj,mp-is1-p-low-nrm-obj,mp-is1-p-low-obj,mp-is1-p-low-diff,mp-is1-p-low-freq,mp-is1-p-mid-org-obj,mp-is1-p-mid-nrm-obj,mp-is1-p-mid-obj,mp-is1-p-mid-diff,mp-is1-p-mid-freq,mp-is10-p-hi-org-obj,mp-is10-p-hi-nrm-obj,mp-is10-p-hi-obj,mp-is10-p-hi-diff,mp-is10-p-hi-freq,mp-is10-p-low-org-obj,mp-is10-p-low-nrm-obj,mp-is10-p-low-obj,mp-is10-p-low-diff,mp-is10-p-low-freq,mp-is10-p-mid-org-obj,mp-is10-p-mid-nrm-obj,mp-is10-p-mid-obj,mp-is10-p-mid-diff,mp-is10-p-mid-freq,mp-is100-p-hi-org-obj,mp-is100-p-hi-nrm-obj,mp-is100-p-hi-obj,mp-is100-p-hi-diff,mp-is100-p-hi-freq,mp-is100-p-low-org-obj,mp-is100-p-low-nrm-obj,mp-is100-p-low-obj,mp-is100-p-low-diff,mp-is100-p-low-freq,mp-is100-p-mid-org-obj,mp-is100-p-mid-nrm-obj,mp-is100-p-mid-obj,mp-is100-p-mid-diff,mp-is100-p-mid-freq,mp-p-hi-org-obj,mp-p-hi-nrm-obj,mp-p-hi-obj,mp-p-hi-diff,mp-p-hi-freq,mp-p-low-org-obj,mp-p-low-nrm-obj,mp-p-low-obj,mp-p-low-diff,mp-p-low-freq,mp-p-mid-org-obj,mp-p-mid-nrm-obj,mp-p-mid-obj,mp-p-mid-diff,mp-p-mid-freq,mp-ps-p-hi-org-obj,mp-ps-p-hi-nrm-obj,mp-ps-p-hi-obj,mp-ps-p-hi-diff,mp-ps-p-hi-freq,mp-ps-p-low-org-obj,mp-ps-p-low-nrm-obj,mp-ps-p-low-obj,mp-ps-p-low-diff,mp-ps-p-low-freq,mp-ps-p-mid-org-obj,mp-ps-p-mid-nrm-obj,mp-ps-p-mid-obj,mp-ps-p-mid-diff,mp-ps-p-mid-freq,ps-org-obj,ps-nrm-obj,ps-obj,ps-diff,ps-freq
resolved-p7d-c21d-3600-2nd/nsp-n50-d28-r0.10-rp2-fp2-s8,23 66 3374 6288 90 9707 -32,0.4838709677419355 0.0087527352297593 0.09199718375968083 0.8839103869653768 0.00686106346483705 1.0 0.281437125748503,486561.09103294584,0.005714285714285714,7641,23 66 3310 6186 91 9641 -30,0.4838709677419355 0.0087527352297593 0.07697723539075334 0.8665987780040734 0.008576329331046312 0.9879715691634773 0.2934131736526946,486393.64315862145,0.005714285714285714,7865,23 66 3320 6184 90 9650 -37,0.4838709677419355 0.0087527352297593 0.07932410232339826 0.8662593346911066 0.00686106346483705 0.9896118097320941 0.25149700598802394,486416.57534428634,0.005714285714285714,7824.0,23 62 3248 6663 86 8718 -79,0.4838709677419355 0.0 0.062426660408354845 0.9475560081466395 0.0 0.8197557864042282 0.0,485450.9879120297,0.005714285714285714,2218,11 498 3629 1557 253 5512 56,0.0967741935483871 0.9540481400437637 0.15184229054212625 0.08095723014256619 0.2864493996569468 0.2354656460725351 0.8083832335329342,193810.19566798725,0.06857142857142857,1385,9 444 3358 1090 248 5231 76,0.03225806451612903 0.8358862144420132 0.08824219666744895 0.0016972165648336728 0.27787307032590053 0.18425369054127938 0.9281437125748503,116761.36313122025,0.26571428571428574,1589,23 62 3244 6673 86 8714 -79,0.4838709677419355 0.0 0.061487913635296876 0.9492532247114732 0.0 0.8190267905959541 0.0,485443.2903709059,0.005714285714285714,2232,11 498 3629 1557 253 5512 56,0.0967741935483871 0.9540481400437637 0.15184229054212625 0.08095723014256619 0.2864493996569468 0.2354656460725351 0.8083832335329342,193810.19566798725,0.06857142857142857,1385,8 519 3210 1148 229 5151 88,0.0 1.0 0.05350856606430415 0.011541072640868975 0.24528301886792453 0.16967377437579734 1.0,100573.85177291447,0.26571428571428574,1606,21 71 3186 6019 88 8587 -51,0.41935483870967744 0.019693654266958426 0.047876085425956345 0.838255261371351 0.003430531732418525 0.7958811736832513 0.16766467065868262,422649.68978158495,0.005714285714285714,2319,11 498 3629 1557 253 5512 56,0.0967741935483871 0.9540481400437637 0.15184229054212625 0.08095723014256619 0.2864493996569468 0.2354656460725351 0.8083832335329342,193810.19566798725,0.06857142857142857,1385,9 444 3358 1090 248 5231 76,0.03225806451612903 0.8358862144420132 0.08824219666744895 0.0016972165648336728 0.27787307032590053 0.18425369054127938 0.9281437125748503,116761.36313122025,0.26571428571428574,1589,39 452 7226 3134 667 6923 26,1.0 0.8533916849015317 0.9960103262145036 0.3486082824168364 0.9965694682675815 0.4926189174412247 0.6287425149700598,1095753.0919132312,0.005714285714285714,1601,16 421 3089 1774 230 4228 61,0.25806451612903225 0.7855579868708972 0.025111476179300634 0.1177868295994569 0.2469982847341338 0.001457991616548205 0.8383233532934131,337014.7691392573,0.7857142857142857,5220,24 333 2982 1080 172 4333 56,0.5161290322580645 0.5929978118161926 0.0 0.0 0.14751286449399656 0.020594131583743392 0.8083832335329342,575444.5790506825,0.8,5137,39 452 7243 3124 669 6957 23,1.0 0.8533916849015317 1.0 0.3469110658520027 1.0 0.4988153818115546 0.6107784431137725,1095791.6784882664,0.005714285714285714,1534,16 421 3089 1772 230 4220 61,0.25806451612903225 0.7855579868708972 0.025111476179300634 0.11744738628649015 0.2469982847341338 0.0 0.8383233532934131,337014.41511602816,0.7857142857142857,5228,24 333 2982 1080 172 4333 56,0.5161290322580645 0.5929978118161926 0.0 0.0 0.14751286449399656 0.020594131583743392 0.8083832335329342,575444.5790506825,0.8,5137,24 63 3370 6972 93 8999 -71,0.5161290322580645 0.002188183807439825 0.09105843698662286 1.0 0.012006861063464836 0.8709677419354839 0.04790419161676647,518268.393276392,0.005714285714285714,8232
resolved-p7d-c21d-3600-2nd/nsp-n30-d28-r0.10-rp2-fp2-s5,2 4 450 457 18 1961 25,0.25 0.010498687664041995 0.3813387423935091 0.008764241893076249 0.06666666666666667 0.5203657522859518 0.3157894736842105,254884.20654589558,0.009523809523809525,12010,2 4 652 445 17 1938 22,0.25 0.010498687664041995 0.7910750507099391 0.0035056967572304996 0.05333333333333334 0.5012468827930174 0.2631578947368421,258974.7339303168,0.009523809523809525,11913,2 4 449 437 18 1942 29,0.25 0.010498687664041995 0.3793103448275862 0.0 0.06666666666666667 0.5045719035743973 0.38596491228070173,254855.07056529477,0.009523809523809525,12092.0,2 1 399 715 19 1868 64,0.25 0.0026246719160104987 0.2778904665314402 0.12182296231375986 0.08 0.44305901911886947 1.0,253176.6254094204,0.009523809523809525,3749,1 381 755 940 88 1832 57,0.125 1.0 1.0 0.22042068361086767 1.0 0.41313383208645055 0.8771929824561403,235325.42921491418,0.5142857142857142,2494,0 304 622 709 58 1335 53,0.0 0.7979002624671916 0.7302231237322515 0.11919368974583698 0.6 0.0 0.8070175438596491,87272.25819133138,0.12857142857142856,1809,2 1 351 684 23 1746 60,0.25 0.0026246719160104987 0.18052738336713997 0.10823838737949168 0.13333333333333333 0.341645885286783 0.9298245614035088,252193.65902939954,0.009523809523809525,4606,1 381 755 940 88 1832 57,0.125 1.0 1.0 0.22042068361086767 1.0 0.41313383208645055 0.8771929824561403,235325.42921491418,0.5142857142857142,2494,0 304 653 712 56 1470 56,0.0 0.7979002624671916 0.7931034482758621 0.12050832602979843 0.5733333333333334 0.11221945137157108 0.8596491228070176,87900.88423247745,0.13333333333333333,1807,2 1 326 633 23 1685 44,0.25 0.0026246719160104987 0.12981744421906694 0.08588957055214724 0.13333333333333333 0.29093931837073983 0.6491228070175439,251663.42305366794,0.009523809523809525,4907,1 381 755 940 88 1832 57,0.125 1.0 1.0 0.22042068361086767 1.0 0.41313383208645055 0.8771929824561403,235325.42921491418,0.5142857142857142,2494,0 304 622 709 58 1335 53,0.0 0.7979002624671916 0.7302231237322515 0.11919368974583698 0.6 0.0 0.8070175438596491,87272.25819133138,0.12857142857142856,1809,2 1 262 452 16 1381 57,0.25 0.0026246719160104987 0.0 0.006573181419807186 0.04 0.038237738985868665 0.8771929824561403,250274.29994339318,0.009523809523809525,6856,0 0 514 2582 13 2172 15,0.0 0.0 0.5111561866125761 0.9399649430324277 0.0 0.6957605985037406 0.14035087719298245,6058.62476602042,0.6761904761904762,5926,0 0 612 1965 19 2478 49,0.0 0.0 0.7099391480730223 0.6695880806310254 0.08 0.9501246882793017 0.7368421052631579,7787.217650349304,0.5857142857142857,5947,2 1 263 458 16 1377 59,0.25 0.0026246719160104987 0.002028397565922921 0.009202453987730062 0.04 0.034912718204488775 0.9122807017543859,250297.2150291318,0.009523809523809525,6841,0 0 514 2719 13 2205 7,0.0 0.0 0.5111561866125761 1.0 0.0 0.7231920199501247 0.0,6118.793786325263,0.6761904761904762,5816,0 0 612 1981 19 2538 57,0.0 0.0 0.7099391480730223 0.6765994741454864 0.08 1.0 0.8771929824561403,7794.868147858165,0.5857142857142857,5891,8 4 560 2283 16 2231 32,1.0 0.010498687664041995 0.6044624746450304 0.8089395267309377 0.04 0.744804655029094 0.43859649122807015,1007915.319682627,0.009523809523809525,12749
resolved-p7d-c21d-3600-2nd/nsp-n40-d28-r0.10-rp2-fp2-s1,7 12 1132 3716 15 4070 -101,0.7777777777777778 0.021806853582554516 0.25882352941176473 0.3695501730103806 0.16666666666666666 0.4653913043478261 0.07655502392344497,782937.6457378953,0.014285714285714285,9697,7 12 1127 3720 16 4087 -92,0.7777777777777778 0.021806853582554516 0.25429864253393664 0.3701038062283737 0.18518518518518517 0.47130434782608693 0.11961722488038277,782894.9045468227,0.014285714285714285,9862,6 12 1121 3698 14 4036 -95,0.6666666666666666 0.021806853582554516 0.248868778280543 0.36705882352941177 0.14814814814814814 0.45356521739130434 0.10526315789473684,671722.5543614036,0.014285714285714285,10168.0,3 5 933 1434 10 3425 -117,0.3333333333333333 0.0 0.07873303167420814 0.05370242214532872 0.07407407407407407 0.24104347826086955 0.0,334184.18391441077,0.014285714285714285,9073,7 249 846 1314 60 2732 27,0.7777777777777778 0.7601246105919003 0.0 0.03709342560553633 1.0 0.0 0.6889952153110048,853928.0212577886,0.07857142857142857,3263,6 326 947 1507 21 3009 20,0.6666666666666666 1.0 0.09140271493212669 0.06380622837370242 0.2777777777777778 0.09634782608695652 0.6555023923444976,767673.8968027926,0.2,3117,3 5 956 1449 18 3443 -113,0.3333333333333333 0.0 0.09954751131221719 0.055778546712802766 0.2222222222222222 0.24730434782608696 0.019138755980861243,334409.3013976248,0.014285714285714285,8858,8 193 854 1499 46 2877 13,0.8888888888888888 0.5856697819314641 0.007239819004524887 0.06269896193771626 0.7407407407407407 0.050434782608695654 0.6220095693779905,947666.1646654878,0.07857142857142857,3244,6 326 946 1508 21 3009 20,0.6666666666666666 1.0 0.09049773755656108 0.06394463667820069 0.2777777777777778 0.09634782608695652 0.6555023923444976,767664.9854373414,0.2,3118,3 5 940 1447 18 3436 -113,0.3333333333333333 0.0 0.08506787330316742 0.05550173010380623 0.2222222222222222 0.2448695652173913 0.019138755980861243,334264.2038530992,0.014285714285714285,8975,7 249 846 1314 60 2732 27,0.7777777777777778 0.7601246105919003 0.0 0.03709342560553633 1.0 0.0 0.6889952153110048,853928.0212577886,0.07857142857142857,3263,6 326 947 1507 21 3009 20,0.6666666666666666 1.0 0.09140271493212669 0.06380622837370242 0.2777777777777778 0.09634782608695652 0.6555023923444976,767673.8968027926,0.2,3117,3 20 1714 4307 25 5069 40,0.3333333333333333 0.04672897196261682 0.7855203619909502 0.45134948096885813 0.35185185185185186 0.8128695652173913 0.7511961722488039,346356.848707483,0.5428571428571428,7272,8 6 1851 7773 6 5481 -5,0.8888888888888888 0.003115264797507788 0.9095022624434389 0.9310726643598616 0.0 0.9561739130434782 0.5358851674641149,899236.6082817318,0.6892857142857143,8295,0 30 1360 3940 28 4842 92,0.0 0.0778816199376947 0.465158371040724 0.4005536332179931 0.4074074074074074 0.7339130434782609 1.0,12889.379208570226,0.6107142857142858,7267,6 25 1795 5626 14 5329 35,0.6666666666666666 0.06230529595015576 0.8588235294117647 0.6339100346020762 0.14814814814814814 0.9033043478260869 0.7272727272727273,682143.9167214222,0.5428571428571428,6724,9 6 1951 8271 6 5607 -33,1.0 0.003115264797507788 1.0 1.0 0.0 1.0 0.4019138755980861,1011321.9283936264,0.6928571428571428,7869,0 31 1365 4100 29 4845 75,0.0 0.08099688473520249 0.46968325791855203 0.4226989619377163 0.42592592592592593 0.7349565217391304 0.9186602870813397,13270.08083274055,0.6107142857142858,7065,3 11 1434 1046 45 4061 -47,0.3333333333333333 0.018691588785046728 0.5321266968325792 0.0 0.7222222222222222 0.4622608695652174 0.3349282296650718,340600.9389393113,0.014285714285714285,10034
resolved-p7d-c21d-3600-2nd/nsp-n30-d28-r0.10-rp2-fp2-s4,3 5 474 1348 15 1704 -1,0.75 0.005128205128205128 0.0 0.14710159983378351 0.32608695652173914 0.1768251841929002 0.5103092783505154,750694.8093694268,0.023809523809523808,11097,3 6 477 1362 14 1709 5,0.75 0.010256410256410256 0.007751937984496124 0.15001038853106172 0.30434782608695654 0.18017414601473544 0.5412371134020618,751285.9485551993,0.023809523809523808,10612,3 6 476 1349 14 1743 -9,0.75 0.010256410256410256 0.00516795865633075 0.14730937045501766 0.30434782608695654 0.20294708640321502 0.4690721649484536,751257.5633082971,0.023809523809523808,10849.0,3 4 506 940 0 1666 -100,0.75 0.0 0.082687338501292 0.062331186370247246 0.0 0.15137307434695244 0.0,750890.7183021266,0.023809523809523808,11327,1 162 493 720 46 1476 22,0.25 0.8102564102564103 0.04909560723514212 0.0166216496987326 1.0 0.024112525117213665 0.6288659793814433,331634.08873892174,0.47619047619047616,2864,0 199 495 644 38 1444 49,0.0 1.0 0.05426356589147287 0.0008310824849366299 0.8260869565217391 0.0026791694574681848 0.7680412371134021,100626.87026998353,0.41904761904761906,2765,3 4 483 804 0 1656 -69,0.75 0.0 0.023255813953488372 0.034074381882401826 0.0 0.144675150703282 0.15979381443298968,750268.2390667388,0.023809523809523808,11836,1 162 493 720 46 1476 22,0.25 0.8102564102564103 0.04909560723514212 0.0166216496987326 1.0 0.024112525117213665 0.6288659793814433,331634.08873892174,0.47619047619047616,2864,0 199 495 644 38 1440 49,0.0 1.0 0.05426356589147287 0.0008310824849366299 0.8260869565217391 0.0 0.7680412371134021,100626.84347828895,0.41904761904761906,2766,3 4 496 874 0 1678 -93,0.75 0.0 0.056847545219638244 0.048618325368792854 0.0 0.15941058271935699 0.03608247422680412,750618.7239658666,0.023809523809523808,11658,1 162 493 720 46 1476 23,0.25 0.8102564102564103 0.04909560723514212 0.0166216496987326 1.0 0.024112525117213665 0.634020618556701,331634.09389356093,0.47619047619047616,2863,0 199 495 644 38 1440 49,0.0 1.0 0.05426356589147287 0.0008310824849366299 0.8260869565217391 0.0 0.7680412371134021,100626.84347828895,0.41904761904761906,2766,2 22 861 2337 12 2745 94,0.5 0.09230769230769231 1.0 0.35258674423436526 0.2608695652173913 0.8740790354989953 1.0,519619.1837218803,0.5285714285714286,9915,4 4 837 5453 5 2933 56,1.0 0.0 0.937984496124031 1.0 0.10869565217391304 1.0 0.8041237113402062,1010401.518650169,0.6857142857142857,9503,2 11 750 2021 29 2449 87,0.5 0.035897435897435895 0.7131782945736435 0.2869312279243715 0.6304347826086957 0.6758204956463496 0.9639175257731959,511079.2233641475,0.6,9590,2 22 857 2336 11 2727 89,0.5 0.09230769230769231 0.9896640826873385 0.3523789736131311 0.2391304347826087 0.8620227729403884 0.9742268041237113,519513.2965292675,0.5285714285714286,10260,4 4 825 5144 5 2888 69,1.0 0.0 0.9069767441860465 0.9357988780386454 0.10869565217391304 0.9698593436034829 0.8711340206185567,1010027.0056125731,0.6857142857142857,10003,2 15 769 2004 22 2476 77,0.5 0.05641025641025641 0.7622739018087855 0.2833991273633908 0.4782608695652174 0.6939048894842599 0.9123711340206185,513602.84129346226,0.6,9205,3 13 545 640 12 1847 -28,0.75 0.046153846153846156 0.1834625322997416 0.0 0.2608695652173913 0.2726054922973878 0.3711340206185567,756479.1940838473,0.023809523809523808,13665
resolved-p7d-c21d-3600-2nd/nsp-n10-d28-r0.10-rp0-fp0-s5,5 35 57 912 1 366 -23,1.0 0.9722222222222222 1.0 1.0 0.5 1.0 0.6333333333333333,1108282.8555555556,0.014285714285714285,34619,5 36 57 659 1 360 -19,1.0 1.0 1.0 0.7225877192982456 0.5 0.9763779527559056 0.7666666666666667,1110783.1181654925,0.014285714285714285,32373,5 36 57 706 2 360 -28,1.0 1.0 1.0 0.7741228070175439 1.0 0.9763779527559056 0.4666666666666667,1110884.3532532118,0.014285714285714285,32168.0,2 0 2 0 0 112 -20,0.4 0.0 0.0 0.0 0.0 0.0 0.7333333333333333,400000.73333333334,0.014285714285714285,5073,0 0 2 25 0 199 -12,0.0 0.0 0.0 0.027412280701754384 0.0 0.3425196850393701 1.0,31.837477552148084,0.5285714285714286,19770,0 0 2 0 0 128 -22,0.0 0.0 0.0 0.0 0.0 0.06299212598425197 0.6666666666666666,1.2965879265091864,0.08571428571428572,16736,2 0 2 0 0 112 -22,0.4 0.0 0.0 0.0 0.0 0.0 0.6666666666666666,400000.6666666667,0.014285714285714285,5074,0 0 2 0 0 127 -17,0.0 0.0 0.0 0.0 0.0 0.05905511811023622 0.8333333333333334,1.4238845144356955,0.37142857142857144,11361,0 0 2 0 0 124 -42,0.0 0.0 0.0 0.0 0.0 0.047244094488188976 0.0,0.47244094488188976,0.08571428571428572,12831,2 0 2 0 0 112 -23,0.4 0.0 0.0 0.0 0.0 0.0 0.6333333333333333,400000.63333333336,0.014285714285714285,5075,0 0 2 0 0 136 -20,0.0 0.0 0.0 0.0 0.0 0.09448818897637795 0.7333333333333333,1.6782152230971128,0.32857142857142857,19434,0 0 2 0 0 127 -36,0.0 0.0 0.0 0.0 0.0 0.05905511811023622 0.2,0.7905511811023622,0.08571428571428572,13578,2 0 2 0 0 114 -33,0.4 0.0 0.0 0.0 0.0 0.007874015748031496 0.3,400000.37874015747,0.014285714285714285,3954,0 0 2 0 0 129 -16,0.0 0.0 0.0 0.0 0.0 0.06692913385826772 0.8666666666666667,1.535958005249344,0.4714285714285714,6487,0 0 2 0 0 122 -25,0.0 0.0 0.0 0.0 0.0 0.03937007874015748 0.5666666666666667,0.9603674540682414,0.08571428571428572,5756,2 0 2 0 0 114 -33,0.4 0.0 0.0 0.0 0.0 0.007874015748031496 0.3,400000.37874015747,0.014285714285714285,3954,0 0 2 0 0 129 -16,0.0 0.0 0.0 0.0 0.0 0.06692913385826772 0.8666666666666667,1.535958005249344,0.4714285714285714,6487,0 0 2 0 0 122 -25,0.0 0.0 0.0 0.0 0.0 0.03937007874015748 0.5666666666666667,0.9603674540682414,0.08571428571428572,5756,2 0 2 0 0 112 -24,0.4 0.0 0.0 0.0 0.0 0.0 0.6,400000.6,0.014285714285714285,26798
resolved-p7d-c21d-3600-2nd/nsp-n10-d28-r0.10-rp0-fp0-s0,0 2 0 0 0 95 -22,0.0 0.3333333333333333 0.0 0.0 0.0 0.005607476635514018 0.18421052631578946,33333.573618626,0.014285714285714285,22286,0 2 0 0 0 138 -27,0.0 0.3333333333333333 0.0 0.0 0.0 0.08598130841121496 0.05263157894736842,33334.24577799639,0.014285714285714285,22192,0 2 0 0 0 114 -22,0.0 0.3333333333333333 0.0 0.0 0.0 0.041121495327102804 0.18421052631578946,33333.928758812915,0.014285714285714285,22257.0,0 2 0 0 0 98 -25,0.0 0.3333333333333333 0.0 0.0 0.0 0.011214953271028037 0.10526315789473684,33333.55074602393,0.014285714285714285,9980,0 1 31 89 19 497 -9,0.0 0.0 0.5740740740740741 0.5527950310559007 0.3064516129032258 0.7570093457943925 0.5263157894736842,6332.2773423343815,0.6142857142857143,25202,0 1 0 0 0 92 -28,0.0 0.0 0.0 0.0 0.0 0.0 0.02631578947368421,0.02631578947368421,0.02857142857142857,18093,0 2 0 0 0 93 -17,0.0 0.3333333333333333 0.0 0.0 0.0 0.001869158878504673 0.3157894736842105,33333.6678143958,0.014285714285714285,7766,0 1 36 97 17 526 -4,0.0 0.0 0.6666666666666666 0.6024844720496895 0.27419354838709675 0.811214953271028 0.6578947368421053,7305.340537824618,0.6428571428571429,24790,0 1 0 0 0 99 -28,0.0 0.0 0.0 0.0 0.0 0.013084112149532711 0.02631578947368421,0.15715691096901133,0.02857142857142857,18052,0 2 0 0 0 93 -28,0.0 0.3333333333333333 0.0 0.0 0.0 0.001869158878504673 0.02631578947368421,33333.378340711584,0.014285714285714285,7813,0 1 30 68 16 497 -1,0.0 0.0 0.5555555555555556 0.422360248447205 0.25806451612903225 0.7570093457943925 0.7368421052631579,6012.029191178871,0.6428571428571429,25551,0 1 0 0 0 92 -28,0.0 0.0 0.0 0.0 0.0 0.0 0.02631578947368421,0.02631578947368421,0.02857142857142857,18093,0 2 0 0 0 92 -29,0.0 0.3333333333333333 0.0 0.0 0.0 0.0 0.0,33333.33333333333,0.014285714285714285,10811,0 1 54 154 44 615 6,0.0 0.0 1.0 0.9565217391304348 0.7096774193548387 0.9775700934579439 0.9210526315789473,11038.186234632078,0.7857142857142857,32786,0 1 36 89 62 565 2,0.0 0.0 0.6666666666666666 0.5527950310559007 1.0 0.8841121495327103 0.8157894736842105,7329.118608691578,0.6285714285714286,21475,0 2 0 0 0 92 -29,0.0 0.3333333333333333 0.0 0.0 0.0 0.0 0.0,33333.33333333333,0.014285714285714285,10811,0 4 52 161 53 627 5,0.0 1.0 0.9629629629629629 1.0 0.8548387096774194 1.0 0.8947368421052632,110726.00823743947,0.8,31855,0 1 29 52 29 454 9,0.0 0.0 0.5370370370370371 0.32298136645962733 0.46774193548387094 0.6766355140186916 1.0,5747.892285518573,0.7142857142857143,22640,0 2 0 0 0 115 -25,0.0 0.3333333333333333 0.0 0.0 0.0 0.04299065420560748 0.10526315789473684,33333.86850303328,0.014285714285714285,22205
resolved-p7d-c21d-3600-2nd/nsp-n30-d28-r0.10-rp2-fp2-s9,12 203 392 307 76 1046 28,0.5625 0.0028011204481792717 0.32968236582694416 0.06484149855907781 0.6144578313253012 0.5669383003492433 0.4117647058823529,566209.3041324883,0.014285714285714285,11268,12 202 389 307 76 1045 26,0.5625 0.0 0.3263964950711939 0.06484149855907781 0.6144578313253012 0.5657741559953434 0.37254901960784315,565896.2825229832,0.014285714285714285,11371,,,,,,8 219 412 314 66 824 7,0.3125 0.047619047619047616 0.3515881708652793 0.06988472622478387 0.4939759036144578 0.3084982537834691 0.0,320900.15376968164,0.014285714285714285,6012,7 448 697 684 78 1179 17,0.25 0.6890756302521008 0.6637458926615553 0.33645533141210376 0.6385542168674698 0.7217694994179278 0.19607843137254902,325952.74647835,0.21428571428571427,6926,7 463 503 736 57 1017 26,0.25 0.7310924369747899 0.45125958378970427 0.3739193083573487 0.3855421686746988 0.5331781140861467 0.37254901960784315,328040.0173907613,0.21904761904761905,4021,7 221 326 262 76 671 7,0.25 0.05322128851540616 0.2573932092004381 0.032420749279538905 0.6144578313253012 0.13038416763678695 0.0,257991.23131763344,0.014285714285714285,5694,7 559 802 1605 108 1251 16,0.25 1.0 0.778751369112815 1.0 1.0 0.8055878928987195 0.17647058823529413,358895.74604064535,0.49523809523809526,1674,12 471 465 594 82 1126 38,0.5625 0.7535014005602241 0.40963855421686746 0.2716138328530259 0.6867469879518072 0.660069848661234 0.6078431372549019,642294.0226714632,0.24285714285714285,5545,8 270 315 356 66 689 20,0.3125 0.19047619047619047 0.24534501642935377 0.10014409221902017 0.4939759036144578 0.15133876600698487 0.2549019607843137,334152.37918411393,0.014285714285714285,5593,11 503 673 1014 68 1110 17,0.5 0.8431372549019608 0.6374589266155531 0.5742074927953891 0.5180722891566265 0.6414435389988359 0.19607843137254902,591320.939991884,0.30952380952380953,1663,3 518 1004 1136 88 1418 23,0.0 0.8851540616246498 1.0 0.6621037463976945 0.7590361445783133 1.0 0.3137254901960784,99263.7272488107,0.4714285714285714,3478,16 314 271 444 72 708 26,0.8125 0.3137254901960784 0.19715224534501644 0.16354466858789626 0.5662650602409639 0.17345750873108265 0.37254901960784315,846066.3497717769,0.014285714285714285,5143,19 308 91 288 38 812 57,1.0 0.2969187675070028 0.0 0.051152737752161385 0.1566265060240964 0.29452852153667053 0.9803921568627451,1029762.617816427,0.7238095238095238,11386,14 339 337 395 60 964 58,0.6875 0.38375350140056025 0.26944140197152244 0.1282420749279539 0.42168674698795183 0.47147846332945287 1.0,728745.8896940313,0.7619047619047619,10267,16 301 276 453 74 667 31,0.8125 0.2773109243697479 0.20262869660460023 0.17002881844380405 0.5903614457831325 0.12572759022118743 0.47058823529411764,842488.1722301805,0.014285714285714285,5448,18 326 102 312 41 811 57,0.9375 0.3473389355742297 0.012048192771084338 0.06844380403458213 0.1927710843373494 0.29336437718277064 0.9803921568627451,972446.0104335308,0.7238095238095238,11509,14 337 329 389 61 978 54,0.6875 0.37815126050420167 0.2606790799561884 0.1239193083573487 0.43373493975903615 0.48777648428405124 0.9215686274509803,728095.0089857855,0.7619047619047619,10446,7 216 111 217 25 559 36,0.25 0.0392156862745098 0.02190580503833516 0.0 0.0 0.0 0.5686274509803921,254141.1953052853,0.014285714285714285,14116
resolved-p7d-c21d-3600-2nd/nsp-n20-d28-r0.10-rp2-fp2-s2,2 2 243 1069 1 1091 -12,1.0 0.028169014084507043 0.6160337552742616 0.9923175416133163 0.0 0.924114671163575 0.08823529411764706,1009978.8858848123,0.0,18969,2 2 249 1075 2 1104 -10,1.0 0.028169014084507043 0.6413502109704642 1.0 0.034482758620689655 0.9460370994940978 0.11764705882352941,1010243.4298120711,0.0,18686,2 2 234 1073 3 1136 -9,1.0 0.028169014084507043 0.5780590717299579 0.9974391805377721 0.06896551724137931 1.0 0.1323529411764706,1009611.9602109534,0.0,19555.0,2 1 116 582 1 569 -18,1.0 0.014084507042253521 0.08016877637130802 0.3687580025608195 0.0 0.04384485666104553 0.0,1002579.3349190658,0.0,9948,1 71 266 396 28 917 42,0.5 1.0 0.7130801687763713 0.13060179257362356 0.9310344827586207 0.6306913996627319 0.8823529411764706,607361.696195551,0.5,14820,1 44 277 528 23 981 33,0.5 0.6197183098591549 0.759493670886076 0.29961587708066584 0.7586206896551724 0.7386172006745363 0.75,569950.3818128292,0.37142857142857144,14677,2 1 114 578 2 547 -9,1.0 0.014084507042253521 0.07172995780590717 0.36363636363636365 0.034482758620689655 0.006745362563237774 0.1323529411764706,1002493.0347283497,0.0,10277,1 71 265 402 30 903 49,0.5 1.0 0.7088607594936709 0.1382842509603073 1.0 0.6070826306913997 0.9852941176470589,607333.9479663216,0.5071428571428571,15201,1 44 276 529 23 1010 36,0.5 0.6197183098591549 0.7552742616033755 0.30089628681177977 0.7586206896551724 0.7875210792580101 0.7941176470588235,569910.0012861661,0.37142857142857144,14876,2 1 114 576 1 543 -16,1.0 0.014084507042253521 0.07172995780590717 0.36107554417413573 0.0 0.0 0.029411764705882353,1002486.8552382232,0.0,10347,1 71 263 398 29 912 50,0.5 1.0 0.70042194092827 0.13316261203585147 0.9655172413793104 0.6222596964586846 1.0,607241.1563424211,0.5071428571428571,15569,1 44 277 528 23 1014 35,0.5 0.6197183098591549 0.759493670886076 0.29961587708066584 0.7586206896551724 0.7942664418212478 0.7794117647058824,569950.9677170054,0.37142857142857144,14590,2 13 278 294 13 1024 -2,1.0 0.18309859154929578 0.7637130801687764 0.0 0.41379310344827586 0.8111298482293423 0.23529411764705882,1025996.7158595622,0.0,11240,0 0 107 468 4 684 0,0.0 0.0 0.04219409282700422 0.22279129321382843 0.10344827586206896 0.23777403035413153 0.2647058823529412,657.7194952559718,0.6571428571428571,9204,0 0 97 495 11 654 29,0.0 0.0 0.0 0.2573623559539053 0.3448275862068966 0.18718381112984822 0.6911764705882353,294.4081291564816,0.5285714285714286,8859,2 13 334 297 15 1036 5,1.0 0.18309859154929578 1.0 0.0038412291933418692 0.4827586206896552 0.8313659359190556 0.3382352941176471,1028370.6281408452,0.0,10651,0 0 104 461 3 647 11,0.0 0.0 0.029535864978902954 0.21382842509603073 0.06896551724137931 0.17537942664418213 0.4264705882352941,518.2638914638753,0.6142857142857143,9488,0 0 100 492 10 670 38,0.0 0.0 0.012658227848101266 0.2535211267605634 0.3103448275862069 0.21416526138279932 0.8235294117647058,414.1030700257894,0.5285714285714286,8660,2 1 196 398 1 867 -16,1.0 0.014084507042253521 0.4177215189873418 0.13316261203585147 0.0 0.5463743676222597 0.029411764705882353,1005724.3216615756,0.0,16283
resolved-p7d-c21d-3600-2nd/nsp-n10-d28-r0.10-rp0-fp0-s4,0 2 0 0 0 99 -39,0.0 0.043478260869565216 0.0 0.0 0.0 0.0036036036036036037 0.0,4347.862122992558,0.2571428571428571,9858,0 2 0 0 0 97 -37,0.0 0.043478260869565216 0.0 0.0 0.0 0.0 0.06060606060606061,4347.886693017128,0.24285714285714285,9831,0 2 0 0 0 100 -34,0.0 0.043478260869565216 0.0 0.0 0.0 0.005405405405405406 0.15151515151515152,4348.031656162091,0.12857142857142856,9801.0,0 2 1 0 0 105 -30,0.0 0.043478260869565216 0.014285714285714285 0.0 0.0 0.014414414414414415 0.2727272727272727,4491.100101230536,0.014285714285714285,4002,0 1 0 0 0 111 -37,0.0 0.0 0.0 0.0 0.0 0.025225225225225224 0.06060606060606061,0.31285831285831284,0.35714285714285715,8726,0 1 0 0 0 111 -29,0.0 0.0 0.0 0.0 0.0 0.025225225225225224 0.30303030303030304,0.5552825552825553,0.08571428571428572,6007,0 2 1 0 0 110 -27,0.0 0.043478260869565216 0.014285714285714285 0.0 0.0 0.023423423423423424 0.36363636363636365,4491.281100411536,0.014285714285714285,3978,0 1 0 0 0 111 -37,0.0 0.0 0.0 0.0 0.0 0.025225225225225224 0.06060606060606061,0.31285831285831284,0.35714285714285715,8726,0 1 0 0 0 111 -29,0.0 0.0 0.0 0.0 0.0 0.025225225225225224 0.30303030303030304,0.5552825552825553,0.08571428571428572,6007,0 2 1 0 0 105 -30,0.0 0.043478260869565216 0.014285714285714285 0.0 0.0 0.014414414414414415 0.2727272727272727,4491.100101230536,0.014285714285714285,4002,0 1 0 0 0 111 -37,0.0 0.0 0.0 0.0 0.0 0.025225225225225224 0.06060606060606061,0.31285831285831284,0.35714285714285715,8726,0 1 0 0 0 111 -29,0.0 0.0 0.0 0.0 0.0 0.025225225225225224 0.30303030303030304,0.5552825552825553,0.08571428571428572,6007,0 2 1 0 0 105 -33,0.0 0.043478260869565216 0.014285714285714285 0.0 0.0 0.014414414414414415 0.18181818181818182,4491.009192139627,0.014285714285714285,9386,1 3 50 110 21 652 -13,1.0 0.08695652173913043 0.7142857142857143 0.6666666666666666 0.38181818181818183 1.0 0.7878787878787878,1016554.1456804066,0.7857142857142857,33651,1 24 70 165 53 618 -11,1.0 1.0 1.0 1.0 0.9636363636363636 0.9387387387387387 0.8484848484848485,1111106.5995085996,0.6142857142857143,29615,0 2 1 0 0 105 -33,0.0 0.043478260869565216 0.014285714285714285 0.0 0.0 0.014414414414414415 0.18181818181818182,4491.009192139627,0.014285714285714285,9386,1 7 62 125 48 640 -11,1.0 0.2608695652173913 0.8857142857142857 0.7575757575757576 0.8727272727272727 0.9783783783783784 0.8484848484848485,1035799.5801323628,0.7857142857142857,32938,1 16 53 138 55 630 -6,1.0 0.6521739130434783 0.7571428571428571 0.8363636363636363 1.0 0.9603603603603603 1.0,1073735.7871157436,0.6142857142857143,30761,0 2 1 0 0 104 -34,0.0 0.043478260869565216 0.014285714285714285 0.0 0.0 0.012612612612612612 0.15151515151515152,4490.960871091306,0.014285714285714285,5660
resolved-p7d-c21d-3600-2nd/nsp-n20-d28-r0.10-rp2-fp2-s4,4 3 99 54 3 519 -38,0.8 0.02531645569620253 0.06191950464396285 0.0 0.06 0.0 0.0,803156.8406160598,0.014285714285714285,18257,4 4 113 134 2 593 -10,0.8 0.0379746835443038 0.10526315789473684 0.046189376443418015 0.04 0.0729064039408867 0.27722772277227725,804901.2956015833,0.014285714285714285,15870,4 4 106 72 4 561 -18,0.8 0.0379746835443038 0.08359133126934984 0.010392609699769052 0.08 0.041379310344827586 0.19801980198019803,804652.386089729,0.014285714285714285,17242.0,5 2 159 575 6 730 2,1.0 0.012658227848101266 0.2476780185758514 0.3008083140877598 0.12 0.20788177339901479 0.39603960396039606,1004057.8861419944,0.014285714285714285,18873,0 75 230 439 35 892 44,0.0 0.9367088607594937 0.4674922600619195 0.2222863741339492 0.7 0.367487684729064 0.8118811881188119,98642.58180873792,0.5928571428571429,12696,0 52 285 354 50 1015 36,0.0 0.6455696202531646 0.6377708978328174 0.17321016166281755 1.0 0.4886699507389163 0.7326732673267327,71213.50053808217,0.5857142857142857,13815,5 2 160 584 6 741 3,1.0 0.012658227848101266 0.25077399380804954 0.30600461893764436 0.12 0.2187192118226601 0.40594059405940597,1004094.1604745405,0.014285714285714285,18547,0 78 236 414 34 868 26,0.0 0.9746835443037974 0.48606811145510836 0.20785219399538107 0.68 0.3438423645320197 0.6336633663366337,102608.95982593785,0.6142857142857143,12408,0 52 284 353 47 1042 43,0.0 0.6455696202531646 0.6346749226006192 0.17263279445727484 0.94 0.5152709359605911 0.801980198019802,71176.29873533755,0.5857142857142857,13949,5 2 156 552 5 726 12,1.0 0.012658227848101266 0.23839009287925697 0.28752886836027713 0.1 0.20394088669950738 0.49504950495049505,1003949.7870403349,0.014285714285714285,19742,0 80 242 416 31 875 33,0.0 1.0 0.5046439628482973 0.2090069284064665 0.62 0.35073891625615766 0.7029702970297029,105321.65691634903,0.5928571428571429,11366,0 52 287 363 40 1076 46,0.0 0.6455696202531646 0.6439628482972136 0.1784064665127021 0.8 0.548768472906404 0.8316831683168316,71261.31634269867,0.65,13527,0 7 375 1499 14 1457 49,0.0 0.0759493670886076 0.9164086687306502 0.8342956120092379 0.28 0.9241379310344827 0.8613861386138614,17631.421773625458,0.5,15733,0 1 79 105 12 649 32,0.0 0.0 0.0 0.029445727482678985 0.24 0.12807881773399016 0.693069306930693,55.41958496694958,0.6928571428571428,15941,0 5 273 1614 0 1359 46,0.0 0.05063291139240506 0.6006191950464397 0.9006928406466512 0.0 0.8275862068965517 0.8316831683168316,11979.283475588836,0.5071428571428571,12766,0 9 402 1786 18 1534 55,0.0 0.10126582278481013 1.0 1.0 0.36 1.0 0.9207920792079208,21173.50307056022,0.5,14616,0 1 79 104 14 658 31,0.0 0.0 0.0 0.028868360277136258 0.28 0.13694581280788176 0.6831683168316832,58.92098672204676,0.6928571428571428,15950,0 5 260 1632 0 1325 63,0.0 0.05063291139240506 0.5603715170278638 0.9110854503464203 0.0 0.7940886699507389 1.0,11587.03264656507,0.4857142857142857,14625,4 5 141 572 2 732 5,0.8 0.05063291139240506 0.19195046439628483 0.29907621247113164 0.04 0.20985221674876847 0.42574257425742573,807288.3962604163,0.014285714285714285,19461
resolved-p7d-c21d-3600-2nd/nsp-n50-d28-r0.10-rp2-fp2-s7,1 112 2643 11742 23 7981 -233,0.0 0.18277310924369747 0.9260299625468165 1.0 0.08737864077669903 0.9437588989084006 0.0,28555.786002904664,0.12,4254,17 193 1860 3365 91 6227 80,0.6153846153846154 0.35294117647058826 0.19288389513108614 0.18121395757990422 0.7475728155339806 0.5275272899857617 0.8151041666666666,652869.6335991849,0.008571428571428572,6961,17 193 1875 3366 90 6260 79,0.6153846153846154 0.35294117647058826 0.20692883895131087 0.18131169973609618 0.7378640776699029 0.5353583293782629 0.8125,653009.2856119842,0.008571428571428572,6918.0,27 159 2646 8019 34 7840 -78,1.0 0.2815126050420168 0.9288389513108615 0.636105952497312 0.1941747572815534 0.9102990033222591 0.4036458333333333,1038104.6800814023,0.008571428571428572,2845,18 436 2039 2245 89 5049 89,0.6538461538461539 0.8634453781512605 0.3604868913857678 0.07174274264490274 0.7281553398058253 0.2479829140958709 0.8385416666666666,743943.4372225708,0.15142857142857144,902,17 501 1654 1514 93 4074 120,0.6153846153846154 1.0 0.0 0.0002932264685758968 0.7669902912621359 0.016611295681063124 0.9192708333333334,715462.6930240003,0.17142857142857143,1184,27 159 2672 8185 31 7886 -85,1.0 0.2815126050420168 0.9531835205992509 0.6523311504251784 0.1650485436893204 0.9212149976269578 0.3854166666666667,1038361.5292816312,0.008571428571428572,2599,18 436 2039 2245 89 5049 89,0.6538461538461539 0.8634453781512605 0.3604868913857678 0.07174274264490274 0.7281553398058253 0.2479829140958709 0.8385416666666666,743943.4372225708,0.15142857142857144,902,17 501 1654 1511 90 4004 122,0.6153846153846154 1.0 0.0 0.0 0.7378640776699029 0.0 0.9244791666666666,715459.326271549,0.19714285714285715,1188,27 159 2694 8292 31 7898 -88,1.0 0.2815126050420168 0.9737827715355806 0.6627895611377187 0.1650485436893204 0.92406264831514 0.3776041666666667,1038578.0008657139,0.008571428571428572,2473,18 436 2040 2245 89 5049 89,0.6538461538461539 0.8634453781512605 0.36142322097378277 0.07174274264490274 0.7281553398058253 0.2479829140958709 0.8385416666666666,743952.8005184509,0.15142857142857144,901,17 501 1654 1511 90 4004 122,0.6153846153846154 1.0 0.0 0.0 0.7378640776699029 0.0 0.9244791666666666,715459.326271549,0.19714285714285715,1188,13 83 2721 5436 58 7682 108,0.46153846153846156 0.12184873949579832 0.9990636704119851 0.383637963053465 0.42718446601941745 0.8728049359278596 0.8880208333333334,484149.94467200927,0.6742857142857143,6539,6 25 2417 6107 15 8109 109,0.19230769230769232 0.0 0.7144194756554307 0.4492229498582739 0.009708737864077669 0.9741338395823446 0.890625,199912.71285128713,0.7457142857142857,5040,1 48 2350 4810 99 7456 151,0.0 0.04831932773109244 0.651685393258427 0.3224513732772945 0.8252427184466019 0.8191741813004272 1.0,11762.954092628474,0.7285714285714285,4716,13 83 2722 5436 58 7698 108,0.46153846153846156 0.12184873949579832 1.0 0.383637963053465 0.42718446601941745 0.8766018035121025 0.8880208333333334,484159.34593656525,0.6742857142857143,6532,6 25 2465 6565 14 8218 85,0.19230769230769232 0.0 0.7593632958801498 0.4939888573941941 0.0 1.0 0.828125,200406.142248888,0.7457142857142857,4924,1 44 2252 4633 117 7404 145,0.0 0.03991596638655462 0.5599250936329588 0.3051510116313166 1.0 0.8068343616516374 0.984375,10005.051305232884,0.7257142857142858,5115,12 173 2118 3827 54 6858 65,0.4230769230769231 0.31092436974789917 0.4344569288389513 0.22637083374059233 0.3883495145631068 0.677266255339345 0.7760416666666666,458786.68382951943,0.008571428571428572,7098
resolved-p7d-c21d-3600-2nd/nsp-n10-d28-r0.10-rp0-fp0-s7,0 0 0 0 0 78 -31,0.0 0.0 0.0 0.0 0.0 0.05263157894736842 0.0,0.5263157894736842,0.6,132,0 0 0 0 0 77 -26,0.0 0.0 0.0 0.0 0.0 0.0 0.2631578947368421,0.2631578947368421,0.45714285714285713,87,0 0 0 0 0 79 -16,0.0 0.0 0.0 0.0 0.0 0.10526315789473684 0.7894736842105263,1.8421052631578947,0.35714285714285715,63.0,0 0 0 0 0 86 -13,0.0 0.0 0.0 0.0 0.0 0.47368421052631576 0.9473684210526315,5.684210526315789,0.2714285714285714,135,0 0 0 0 0 94 -22,0.0 0.0 0.0 0.0 0.0 0.8947368421052632 0.47368421052631576,9.421052631578947,0.4714285714285714,127,0 0 0 0 0 87 -19,0.0 0.0 0.0 0.0 0.0 0.5263157894736842 0.631578947368421,5.894736842105263,0.2714285714285714,70,0 0 0 0 0 89 -12,0.0 0.0 0.0 0.0 0.0 0.631578947368421 1.0,7.315789473684211,0.2714285714285714,100,0 0 0 0 0 90 -16,0.0 0.0 0.0 0.0 0.0 0.6842105263157895 0.7894736842105263,7.631578947368421,0.5,44,0 0 0 0 0 91 -21,0.0 0.0 0.0 0.0 0.0 0.7368421052631579 0.5263157894736842,7.894736842105263,0.2714285714285714,62,0 0 0 0 0 90 -21,0.0 0.0 0.0 0.0 0.0 0.6842105263157895 0.5263157894736842,7.368421052631579,0.2714285714285714,14,0 0 0 0 0 96 -20,0.0 0.0 0.0 0.0 0.0 1.0 0.5789473684210527,10.578947368421053,0.4714285714285714,25,0 0 0 0 0 88 -13,0.0 0.0 0.0 0.0 0.0 0.5789473684210527 0.9473684210526315,6.736842105263158,0.2714285714285714,96,0 0 0 0 0 96 -26,0.0 0.0 0.0 0.0 0.0 1.0 0.2631578947368421,10.263157894736842,0.2714285714285714,119,0 0 0 0 0 93 -16,0.0 0.0 0.0 0.0 0.0 0.8421052631578947 0.7894736842105263,9.210526315789473,0.6,106,0 0 0 0 0 90 -19,0.0 0.0 0.0 0.0 0.0 0.6842105263157895 0.631578947368421,7.473684210526316,0.2714285714285714,108,0 0 0 0 0 96 -27,0.0 0.0 0.0 0.0 0.0 1.0 0.21052631578947367,10.210526315789474,0.2714285714285714,120,0 0 0 0 0 93 -16,0.0 0.0 0.0 0.0 0.0 0.8421052631578947 0.7894736842105263,9.210526315789473,0.6,106,0 0 0 0 0 90 -19,0.0 0.0 0.0 0.0 0.0 0.6842105263157895 0.631578947368421,7.473684210526316,0.2714285714285714,108,0 0 0 0 0 92 -19,0.0 0.0 0.0 0.0 0.0 0.7894736842105263 0.631578947368421,8.526315789473685,0.2714285714285714,184
resolved-p7d-c21d-3600-2nd/nsp-n30-d28-r0.10-rp2-fp2-s7,0 0 0 0 0 107 -106,0.0 0.0 0.0 0.0 0.0 0.0 0.13333333333333333,0.13333333333333333,0.16666666666666666,269,0 0 0 0 0 112 -112,0.0 0.0 0.0 0.0 0.0 0.08333333333333333 0.0,0.8333333333333333,0.07142857142857142,211,0 0 0 0 0 119 -103,0.0 0.0 0.0 0.0 0.0 0.2 0.2,2.2,0.05238095238095238,186.0,0 0 0 0 0 134 -92,0.0 0.0 0.0 0.0 0.0 0.45 0.4444444444444444,4.944444444444445,0.03333333333333333,124,0 0 0 0 0 167 -80,0.0 0.0 0.0 0.0 0.0 1.0 0.7111111111111111,10.71111111111111,0.1523809523809524,55,0 0 0 0 0 137 -84,0.0 0.0 0.0 0.0 0.0 0.5 0.6222222222222222,5.622222222222222,0.03333333333333333,98,0 0 0 0 0 133 -79,0.0 0.0 0.0 0.0 0.0 0.43333333333333335 0.7333333333333333,5.066666666666667,0.03333333333333333,113,0 0 0 0 0 150 -77,0.0 0.0 0.0 0.0 0.0 0.7166666666666667 0.7777777777777778,7.944444444444445,0.2619047619047619,41,0 0 0 0 0 150 -68,0.0 0.0 0.0 0.0 0.0 0.7166666666666667 0.9777777777777777,8.144444444444444,0.03333333333333333,121,0 0 0 0 0 142 -82,0.0 0.0 0.0 0.0 0.0 0.5833333333333334 0.6666666666666666,6.500000000000001,0.03333333333333333,81,0 0 0 0 0 162 -67,0.0 0.0 0.0 0.0 0.0 0.9166666666666666 1.0,10.166666666666666,0.3380952380952381,31,0 0 0 0 0 145 -84,0.0 0.0 0.0 0.0 0.0 0.6333333333333333 0.6222222222222222,6.955555555555556,0.03333333333333333,102,0 0 0 0 0 134 -83,0.0 0.0 0.0 0.0 0.0 0.45 0.6444444444444445,5.144444444444445,0.03333333333333333,343,0 0 0 0 0 144 -75,0.0 0.0 0.0 0.0 0.0 0.6166666666666667 0.8222222222222222,6.988888888888889,0.5952380952380952,98,0 0 0 0 0 134 -80,0.0 0.0 0.0 0.0 0.0 0.45 0.7111111111111111,5.211111111111111,0.03333333333333333,279,0 0 0 0 0 134 -83,0.0 0.0 0.0 0.0 0.0 0.45 0.6444444444444445,5.144444444444445,0.03333333333333333,343,0 0 0 0 0 144 -75,0.0 0.0 0.0 0.0 0.0 0.6166666666666667 0.8222222222222222,6.988888888888889,0.5952380952380952,98,0 0 0 0 0 134 -80,0.0 0.0 0.0 0.0 0.0 0.45 0.7111111111111111,5.211111111111111,0.03333333333333333,279,0 0 0 0 0 141 -78,0.0 0.0 0.0 0.0 0.0 0.5666666666666667 0.7555555555555555,6.422222222222222,0.03333333333333333,117
resolved-p7d-c21d-3600-2nd/nsp-n40-d28-r0.10-rp2-fp2-s3,18 253 133 249 35 1162 -16,0.9 0.3742603550295858 0.004884004884004884 0.0 0.08163265306122448 0.09488233096750093 0.02666666666666667,937484.0143070811,0.0,10428,18 253 129 249 35 1162 -11,0.9 0.3742603550295858 0.0 0.0 0.08163265306122448 0.09488233096750093 0.06,937435.2075915744,0.0,10709,18 253 132 260 37 1165 -13,0.9 0.3742603550295858 0.003663003663003663 0.010009099181073703 0.12244897959183673 0.096002988419873 0.04666666666666667,937485.9262332798,0.0,10546.0,10 385 613 444 75 1273 20,0.5 0.5695266272189349 0.590964590964591 0.17743403093721566 0.8979591836734694 0.13634665670526708 0.26666666666666666,563131.1687140777,0.0,3489,15 554 579 802 65 1307 -6,0.75 0.8195266272189349 0.5494505494505495 0.5031847133757962 0.6938775510204082 0.14904744116548374 0.09333333333333334,838021.3244926218,0.10714285714285714,470,17 583 439 682 39 1256 0,0.85 0.8624260355029586 0.3785103785103785 0.3939945404913558 0.16326530612244897 0.12999626447515875 0.13333333333333333,940439.4617024814,0.18214285714285713,1158,14 329 210 418 31 908 -20,0.7 0.48668639053254437 0.0989010989010989 0.1537761601455869 0.0 0.0 0.0,749811.4262024111,0.0,4751,16 563 624 944 80 1384 29,0.8 0.8328402366863905 0.6043956043956044 0.632393084622384 1.0 0.17781098244303326 0.32666666666666666,890062.4775737086,0.5,1060,20 624 845 737 59 1406 22,1.0 0.9230769230769231 0.8742368742368742 0.4440400363967243 0.5714285714285714 0.18602913709376168 0.28,1101553.3842349716,0.3464285714285714,593,18 337 298 374 39 950 -3,0.9 0.4985207100591716 0.20634920634920634 0.11373976342129208 0.16326530612244897 0.015689204333208816 0.11333333333333333,952045.8995888195,0.0,5443,18 604 666 901 63 1259 18,0.9 0.893491124260355 0.6556776556776557 0.5932666060054596 0.6530612244897959 0.13111692192753083 0.25333333333333335,996566.0262138192,0.10714285714285714,381,13 676 727 879 56 1374 21,0.65 1.0 0.7301587301587301 0.5732484076433121 0.5102040816326531 0.17407545760179305 0.2733333333333333,757927.8702053032,0.29285714285714287,998,7 129 839 804 65 2599 37,0.35 0.1908284023668639 0.8669108669108669 0.5050045495905369 0.6938775510204082 0.6316772506537168 0.38,378333.03798299417,0.0,3006,0 0 867 1153 40 3325 68,0.0 0.0 0.9010989010989011 0.8225659690627843 0.1836734693877551 0.9028763541277549 0.5866666666666667,9861.537757198515,0.6142857142857143,3294,0 0 948 1343 42 3585 121,0.0 0.0 1.0 0.9954504094631483 0.22448979591836735 1.0 0.94,11028.839389054985,0.5857142857142857,3795,6 114 829 809 70 2507 54,0.3 0.16863905325443787 0.8547008547008547 0.5095541401273885 0.7959183673469388 0.5973104221143071 0.49333333333333335,326006.5262868689,0.0,3616,0 0 861 1111 41 3321 72,0.0 0.0 0.8937728937728938 0.7843494085532302 0.20408163265306123 0.9013821441912588 0.6133333333333333,9752.11366432272,0.6142857142857143,3400,0 0 932 1348 45 3545 130,0.0 0.0 0.9804639804639804 1.0 0.2857142857142857 0.9850579006350392 1.0,10844.061812217584,0.5857142857142857,3916,13 247 311 250 36 1106 -18,0.65 0.36538461538461536 0.2222222222222222 0.0009099181073703367 0.10204081632653061 0.07396339185655584 0.013333333333333334,688772.5507276757,0.0,8543
resolved-p7d-c21d-3600-2nd/nsp-n40-d28-r0.10-rp2-fp2-s0,12 10 890 3684 7 3323 -12,1.0 0.035842293906810034 0.18245125348189414 0.45678488001698875 0.03225806451612903 0.23116003386960204 0.0,1005871.0642123072,0.017857142857142856,10157,12 10 890 3685 8 3328 -2,1.0 0.035842293906810034 0.18245125348189414 0.4569972393289446 0.043010752688172046 0.23327688399661303 0.09615384615384616,1005872.4691627838,0.017857142857142856,10003,12 10 897 3719 7 3329 -9,1.0 0.035842293906810034 0.19220055710306408 0.4642174559354428 0.03225806451612903 0.23370025402201525 0.028846153846153848,1005976.0440727927,0.017857142857142856,9834.0,11 8 773 1702 33 2808 48,0.9166666666666666 0.02867383512544803 0.019498607242339833 0.03588872372053514 0.3118279569892473 0.013124470787468248 0.5769230769230769,919796.8159388391,0.017857142857142856,3473,6 279 1155 1950 33 3054 35,0.5 1.0 0.5515320334261838 0.0885538330855808 0.3118279569892473 0.11727349703640982 0.4519230769230769,605636.6816210937,0.1357142857142857,2663,7 252 1006 2014 28 2945 31,0.5833333333333334 0.9032258064516129 0.34401114206128136 0.10214482905075388 0.25806451612903225 0.07112616426756986 0.41346153846153844,677225.1014029522,0.2571428571428571,4796,11 8 759 1640 31 2786 53,0.9166666666666666 0.02867383512544803 0.0 0.02272244637927373 0.2903225806451613 0.003810330228619814 0.625,919586.4679869575,0.017857142857142856,3594,6 279 1155 1949 32 3054 35,0.5 1.0 0.5515320334261838 0.08834147377362497 0.3010752688172043 0.11727349703640982 0.4519230769230769,605635.3939929645,0.1357142857142857,2664,7 259 1019 2599 17 3297 17,0.5833333333333334 0.9283154121863799 0.362116991643454 0.22637502654491398 0.13978494623655913 0.2201524132091448 0.27884615384615385,680028.8783598604,0.33214285714285713,4781,11 7 896 1533 97 2777 46,0.9166666666666666 0.025089605734767026 0.19080779944289694 0.0 1.0 0.0 0.5576923076923077,921184.26292688,0.017857142857142856,3661,6 279 1155 1949 32 3054 35,0.5 1.0 0.5515320334261838 0.08834147377362497 0.3010752688172043 0.11727349703640982 0.4519230769230769,605635.3939929645,0.1357142857142857,2664,7 252 1006 2014 28 2945 30,0.5833333333333334 0.9032258064516129 0.34401114206128136 0.10214482905075388 0.25806451612903225 0.07112616426756986 0.40384615384615385,677225.0917875676,0.2571428571428571,4797,10 48 1020 3665 4 3412 4,0.8333333333333334 0.17204301075268819 0.3635097493036212 0.45275005308982796 0.0 0.26883996613039796 0.15384615384615385,854628.3242005433,0.017857142857142856,3445,0 0 1381 5349 6 4984 92,0.0 0.0 0.8662952646239555 0.8103631344234444 0.021505376344086023 0.9343776460626587 1.0,9485.810094758035,0.6214285714285714,3969,0 0 1226 5473 9 4712 74,0.0 0.0 0.6504178272980501 0.8366956891059673 0.053763440860215055 0.81922099915326 0.8269230769230769,7355.269439240946,0.6107142857142858,3763,10 48 1018 3664 5 3401 2,0.8333333333333334 0.17204301075268819 0.3607242339832869 0.4525376937778722 0.010752688172043012 0.26418289585097376 0.1346153846153846,854601.2661553733,0.017857142857142856,3528,0 0 1477 6242 6 5139 70,0.0 0.0 1.0 1.0 0.021505376344086023 1.0 0.7884615384615384,11012.93899917287,0.6321428571428571,3554,0 0 1337 6147 5 4938 64,0.0 0.0 0.8050139275766016 0.9798258653641962 0.010752688172043012 0.9149026248941575 0.7307692307692307,9040.920205427128,0.6107142857142858,3473,10 15 873 2793 13 3315 30,0.8333333333333334 0.053763440860215055 0.15877437325905291 0.26757273306434487 0.0967741935483871 0.2277730736663844 0.40384615384615385,840577.3528812551,0.017857142857142856,10268
resolved-p7d-c21d-3600-2nd/nsp-n40-d28-r0.10-rp2-fp2-s9,16 9 1253 5236 9 4427 -50,1.0 0.0 0.43036750483558994 0.9431818181818182 0.0 0.6024771453848422 0.0,1005252.8816379915,0.010714285714285714,9698,16 9 1245 4802 10 4411 -39,1.0 0.0 0.42263056092843326 0.8518518518518519 0.02 0.597758773223238 0.05789473684210526,1005086.1929436052,0.010714285714285714,10039,16 9 1272 5506 10 4463 -24,1.0 0.0 0.44874274661508706 1.0 0.02 0.6130934827484518 0.1368421052631579,1005495.6952430836,0.010714285714285714,9504.0,13 29 1138 3488 12 4101 3,0.7272727272727273 0.04008016032064128 0.3191489361702128 0.5753367003367004 0.06 0.5063403125921557 0.2789473684210526,735058.9117173246,0.010714285714285714,8896,7 508 887 754 59 2385 104,0.18181818181818182 1.0 0.07640232108317214 0.0 1.0 0.0002948982601002654 0.8105263157894737,282683.0185043119,0.30714285714285716,1172,7 384 808 1455 42 2780 72,0.18181818181818182 0.751503006012024 0.0 0.14751683501683502 0.66 0.1167797109997051 0.6421052631578947,257183.80915677422,0.11428571428571428,1137,14 30 1162 3606 11 4162 -13,0.8181818181818182 0.04208416833667335 0.34235976789168276 0.6001683501683501 0.04 0.5243291064582719 0.19473684210526315,826423.4390724774,0.010714285714285714,7766,7 508 887 754 59 2384 107,0.18181818181818182 1.0 0.07640232108317214 0.0 1.0 0.0 0.8263157894736842,282683.031344803,0.30714285714285716,1173,7 384 808 1455 42 2780 72,0.18181818181818182 0.751503006012024 0.0 0.14751683501683502 0.66 0.1167797109997051 0.6421052631578947,257183.80915677422,0.11428571428571428,1137,13 29 1132 3492 13 4055 5,0.7272727272727273 0.04008016032064128 0.31334622823984526 0.5761784511784511 0.08 0.4927749926275435 0.2894736842105263,735003.6012619789,0.010714285714285714,9086,7 508 887 754 59 2385 104,0.18181818181818182 1.0 0.07640232108317214 0.0 1.0 0.0002948982601002654 0.8105263157894737,282683.0185043119,0.30714285714285716,1172,7 384 808 1455 42 2780 72,0.18181818181818182 0.751503006012024 0.0 0.14751683501683502 0.66 0.1167797109997051 0.6421052631578947,257183.80915677422,0.11428571428571428,1137,11 74 1842 4664 34 5775 140,0.5454545454545454 0.13026052104208416 1.0 0.8228114478114478 0.5 1.0 1.0,569364.4090065652,0.575,5360,5 16 1402 4032 49 4855 104,0.0 0.014028056112224449 0.574468085106383 0.6898148148148148 0.8 0.7286936007077558 0.8105263157894737,7925.398739423957,0.6357142857142857,7080,11 12 1538 5480 16 5450 110,0.5454545454545454 0.006012024048096192 0.7059961315280464 0.9945286195286195 0.14 0.9041580654674137 0.8421052631578947,554134.1214800819,0.6285714285714286,6210,11 70 1825 4662 33 5720 140,0.5454545454545454 0.12224448897795591 0.9835589941972921 0.8223905723905723 0.48 0.9837805956944854 1.0,568395.8126726614,0.575,5388,5 16 1355 3753 49 4676 91,0.0 0.014028056112224449 0.5290135396518375 0.6311026936026936 0.8 0.6759068121498083 0.7421052631578947,7411.54487472817,0.6357142857142857,7285,11 11 1539 5444 16 5424 103,0.5454545454545454 0.004008016032064128 0.706963249516441 0.9869528619528619 0.14 0.8964907107048068 0.8052631578947368,553935.7025851341,0.625,6770,10 35 1219 4540 18 4142 10,0.45454545454545453 0.052104208416833664 0.39748549323017407 0.7967171717171717 0.18 0.5184311412562665 0.3157894736842105,464550.947592043,0.010714285714285714,10323
resolved-p7d-c21d-3600-2nd/nsp-n40-d28-r0.10-rp2-fp2-s2,0 20 1552 8462 56 5369 -129,0.0 0.0 0.7052238805970149 1.0 0.0 1.0 0.0,8062.238805970149,0.13214285714285715,2804,5 57 1298 2260 91 4781 66,0.16129032258064516 0.07269155206286837 0.5472636815920398 0.2134432466708941 0.15217391304347827 0.8459119496855346 0.9701492537313433,174270.2045095782,0.007142857142857143,8655,5 60 1343 2251 86 4759 49,0.16129032258064516 0.07858546168958742 0.5752487562189055 0.2123018389346861 0.13043478260869565 0.840146750524109 0.8855721393034826,175135.98866863304,0.007142857142857143,7669.0,6 68 1237 2863 70 4226 18,0.1935483870967742 0.09430255402750491 0.5093283582089553 0.2899175649968294 0.06086956521739131 0.7004716981132075 0.7313432835820896,208375.6666633975,0.007142857142857143,2942,2 267 1527 1613 206 3381 43,0.06451612903225806 0.48526522593320237 0.6896766169154229 0.13138871274571973 0.6521739130434783 0.4790356394129979 0.8557213930348259,120141.66997656976,0.2642857142857143,3653,0 450 1980 1241 233 3038 72,0.0 0.8447937131630648 0.9713930348258707 0.08421052631578947 0.7695652173913043 0.3891509433962264 1.0,94359.36022205408,0.17857142857142858,2476,6 67 1208 2784 71 4142 12,0.1935483870967742 0.09233791748526522 0.49129353233830847 0.2798985415345593 0.06521739130434782 0.6784591194968553 0.7014925373134329,207989.02053308106,0.007142857142857143,3238,2 267 1504 1628 187 3340 26,0.06451612903225806 0.48526522593320237 0.6753731343283582 0.13329105897273305 0.5695652173913044 0.46829140461215935 0.7711442786069652,119992.08460789848,0.175,3823,0 449 2026 1200 286 2944 49,0.0 0.8428290766208252 1.0 0.07901077996195308 1.0 0.36451781970649894 0.8855721393034826,94466.44919238084,0.12142857142857143,2502,6 68 1266 2935 70 4255 7,0.1935483870967742 0.09430255402750491 0.527363184079602 0.29904882688649337 0.06086956521739131 0.7080712788259959 0.6766169154228856,208565.1674534326,0.007142857142857143,2807,2 267 1520 1638 212 3317 27,0.06451612903225806 0.48526522593320237 0.6853233830845771 0.13455928979074191 0.6782608695652174 0.46226415094339623 0.7761194029850746,120103.66959408375,0.18214285714285713,3662,0 449 2026 1200 286 2944 49,0.0 0.8428290766208252 1.0 0.07901077996195308 1.0 0.36451781970649894 0.8855721393034826,94466.44919238084,0.12142857142857143,2502,31 511 811 860 139 1817 34,1.0 0.9646365422396856 0.24440298507462688 0.035890932149651236 0.36086956521739133 0.06918238993710692 0.8109452736318408,1098981.1647325591,0.007142857142857143,2034,20 456 418 577 71 1553 64,0.6451612903225806 0.8565815324165029 0.0 0.0 0.06521739130434782 0.0 0.9601990049751243,730826.9255023663,0.7678571428571429,7539,16 493 1140 859 141 1855 49,0.5161290322580645 0.9292730844793713 0.4490049751243781 0.035764109067850346 0.3695652173913043 0.07914046121593292 0.8855721393034826,613620.7880648038,0.725,7111,30 529 860 915 144 1849 32,0.967741935483871 1.0 0.27487562189054726 0.042866201648700065 0.3826086956521739 0.07756813417190776 0.8009950248756219,1070573.395450357,0.007142857142857143,2041,19 457 433 595 75 1561 60,0.6129032258064516 0.8585461689587426 0.009328358208955223 0.0022828154724159797 0.08260869565217391 0.0020964360587002098 0.9402985074626866,698862.6312323211,0.7678571428571429,8207,16 493 1140 859 141 1855 49,0.5161290322580645 0.9292730844793713 0.4490049751243781 0.035764109067850346 0.3695652173913043 0.07914046121593292 0.8855721393034826,613620.7880648038,0.725,7111,4 55 1263 2813 77 4444 36,0.12903225806451613 0.068762278978389 0.525497512437811 0.28357641090678504 0.09130434782608696 0.7575995807127882 0.8208955223880597,141464.56482375204,0.007142857142857143,7876
resolved-p7d-c21d-3600-2nd/nsp-n50-d28-r0.10-rp2-fp2-s3,11 12 2082 3360 9 5848 -70,0.07692307692307693 0.014084507042253521 0.19619991738950845 0.06850175967823027 0.34615384615384615 0.14344262295081966 0.32275132275132273,80398.40112304324,0.005714285714285714,6594,10 13 1994 2930 10 5773 -73,0.0 0.016901408450704224 0.15985130111524162 0.04147812971342383 0.38461538461538464 0.13162042875157628 0.30687830687830686,3370.216606992195,0.005714285714285714,6975,10 13 1964 2806 10 5759 -72,0.0 0.016901408450704224 0.14745972738537794 0.033685268979386625 0.38461538461538464 0.12941361916771754 0.31216931216931215,3238.491231868973,0.005714285714285714,7068.0,15 13 2002 4722 9 6333 -15,0.38461538461538464 0.016901408450704224 0.16315572077653862 0.15409753645047763 0.34615384615384615 0.21989281210592687 0.6137566137566137,388128.6082740211,0.005714285714285714,6232,15 334 1607 2270 26 4938 50,0.38461538461538464 0.9211267605633803 0.0 0.0 1.0 0.0 0.9576719576719577,476829.0183436803,0.15142857142857144,1058,11 362 1796 2393 11 5157 58,0.07692307692307693 1.0 0.07806691449814127 0.00773001508295626 0.4230769230769231 0.03452080706179067 1.0,177755.1289835196,0.16857142857142857,1093,14 13 1932 4731 8 6197 -20,0.3076923076923077 0.016901408450704224 0.13424204874019 0.15466314731020614 0.3076923076923077 0.19845523329129885 0.5873015873015873,310912.8732567797,0.005714285714285714,6450,15 334 1607 2270 26 4938 50,0.38461538461538464 0.9211267605633803 0.0 0.0 1.0 0.0 0.9576719576719577,476829.0183436803,0.15142857142857144,1058,11 362 1796 2393 11 5157 58,0.07692307692307693 1.0 0.07806691449814127 0.00773001508295626 0.4230769230769231 0.03452080706179067 1.0,177755.1289835196,0.16857142857142857,1093,16 9 2002 4857 8 6342 -17,0.46153846153846156 0.005633802816901409 0.16315572077653862 0.16258169934640523 0.3076923076923077 0.22131147540983606 0.6031746031746031,463929.56624739,0.005714285714285714,6177,15 334 1607 2270 26 4938 50,0.38461538461538464 0.9211267605633803 0.0 0.0 1.0 0.0 0.9576719576719577,476829.0183436803,0.15142857142857144,1058,11 362 1796 2393 11 5157 58,0.07692307692307693 1.0 0.07806691449814127 0.00773001508295626 0.4230769230769231 0.03452080706179067 1.0,177755.1289835196,0.16857142857142857,1093,23 15 4028 18182 0 11282 -69,1.0 0.022535211267605635 1.0 1.0 0.0 1.0 0.328042328042328,1013263.8491690886,0.6085714285714285,3794,23 7 3686 15797 1 10575 -131,1.0 0.0 0.8587360594795539 0.8501131221719457 0.038461538461538464 0.8885561160151324 0.0,1009450.2054319738,0.6371428571428571,5486,18 12 2912 12413 6 9104 11,0.6153846153846154 0.014084507042253521 0.5390334572490706 0.6374434389140271 0.23076923076923078 0.6566834804539723 0.7513227513227513,622851.2391808783,0.6257142857142857,5851,23 17 3952 18182 0 11131 -56,1.0 0.028169014084507043 0.9686080132176786 1.0 0.0 0.9761979823455234 0.3968253968253968,1013513.1403458478,0.6,3853,20 7 3683 15081 1 10764 -92,0.7692307692307693 0.0 0.8574969021065675 0.805115635997989 0.038461538461538464 0.9183480453972257 0.20634920634920634,778624.0898713394,0.6371428571428571,5701,18 18 2963 12750 5 9211 -7,0.6153846153846154 0.030985915492957747 0.5600991325898389 0.6586224233283057 0.19230769230769232 0.6735498108448928 0.656084656084656,624769.4430351332,0.6257142857142857,5624,13 9 2141 5117 12 6662 -17,0.23076923076923078 0.005633802816901409 0.22057001239157373 0.17892156862745098 0.46153846153846156 0.2717528373266078 0.6031746031746031,233766.7072925944,0.005714285714285714,7699
resolved-p7d-c21d-3600-2nd/nsp-n30-d28-r0.10-rp2-fp2-s2,0 0 0 0 0 117 -115,0.0 0.0 0.0 0.0 0.0 0.0 0.28125,0.28125,0.2904761904761905,272,0 0 0 0 0 120 -119,0.0 0.0 0.0 0.0 0.0 0.04918032786885246 0.21875,0.7105532786885246,0.19047619047619047,215,0 0 0 0 0 135 -126,0.0 0.0 0.0 0.0 0.0 0.29508196721311475 0.109375,3.0601946721311473,0.16666666666666666,153.0,0 0 0 0 0 157 -100,0.0 0.0 0.0 0.0 0.0 0.6557377049180327 0.515625,7.073002049180327,0.06666666666666667,182,0 0 0 0 0 178 -94,0.0 0.0 0.0 0.0 0.0 1.0 0.609375,10.609375,0.23333333333333334,33,0 0 0 0 0 158 -94,0.0 0.0 0.0 0.0 0.0 0.6721311475409836 0.609375,7.330686475409836,0.06666666666666667,154,0 0 0 0 0 157 -98,0.0 0.0 0.0 0.0 0.0 0.6557377049180327 0.546875,7.104252049180327,0.06666666666666667,140,0 0 0 0 0 148 -79,0.0 0.0 0.0 0.0 0.0 0.5081967213114754 0.84375,5.925717213114754,0.35714285714285715,23,0 0 0 0 0 163 -82,0.0 0.0 0.0 0.0 0.0 0.7540983606557377 0.796875,8.337858606557376,0.06666666666666667,158,0 0 0 0 0 158 -90,0.0 0.0 0.0 0.0 0.0 0.6721311475409836 0.671875,7.393186475409836,0.06666666666666667,122,0 0 0 0 0 156 -133,0.0 0.0 0.0 0.0 0.0 0.639344262295082 0.0,6.39344262295082,0.23809523809523808,32,0 0 0 0 0 158 -100,0.0 0.0 0.0 0.0 0.0 0.6721311475409836 0.515625,7.236936475409836,0.06666666666666667,104,0 0 0 0 0 155 -109,0.0 0.0 0.0 0.0 0.0 0.6229508196721312 0.375,6.604508196721312,0.06666666666666667,206,0 0 0 0 0 150 -69,0.0 0.0 0.0 0.0 0.0 0.5409836065573771 1.0,6.409836065573771,0.5904761904761905,144,0 0 0 0 0 163 -108,0.0 0.0 0.0 0.0 0.0 0.7540983606557377 0.390625,7.9316086065573765,0.06666666666666667,255,0 0 0 0 0 155 -110,0.0 0.0 0.0 0.0 0.0 0.6229508196721312 0.359375,6.588883196721312,0.06666666666666667,207,0 0 0 0 0 150 -69,0.0 0.0 0.0 0.0 0.0 0.5409836065573771 1.0,6.409836065573771,0.5904761904761905,144,0 0 0 0 0 163 -108,0.0 0.0 0.0 0.0 0.0 0.7540983606557377 0.390625,7.9316086065573765,0.06666666666666667,255,0 0 0 0 0 159 -105,0.0 0.0 0.0 0.0 0.0 0.6885245901639344 0.4375,7.322745901639344,0.06666666666666667,74
resolved-p7d-c21d-3600-2nd/nsp-n10-d28-r0.10-rp0-fp0-s2,0 0 0 0 0 71 -39,0.0 0.0 0.0 0.0 0.0 0.0 0.0,0.0,0.44285714285714284,287,0 0 0 0 0 71 -39,0.0 0.0 0.0 0.0 0.0 0.0 0.0,0.0,0.32857142857142857,229,0 0 0 0 0 76 -27,0.0 0.0 0.0 0.0 0.0 0.17857142857142858 0.5,2.2857142857142856,0.2,209.0,0 0 0 0 0 90 -17,0.0 0.0 0.0 0.0 0.0 0.6785714285714286 0.9166666666666666,7.702380952380953,0.02857142857142857,287,0 0 0 0 0 99 -15,0.0 0.0 0.0 0.0 0.0 1.0 1.0,11.0,0.6428571428571429,37,0 0 0 0 0 93 -28,0.0 0.0 0.0 0.0 0.0 0.7857142857142857 0.4583333333333333,8.31547619047619,0.02857142857142857,64,0 0 0 0 0 97 -24,0.0 0.0 0.0 0.0 0.0 0.9285714285714286 0.625,9.910714285714286,0.02857142857142857,159,0 0 0 0 0 94 -23,0.0 0.0 0.0 0.0 0.0 0.8214285714285714 0.6666666666666666,8.88095238095238,0.3,21,0 0 0 0 0 91 -25,0.0 0.0 0.0 0.0 0.0 0.7142857142857143 0.5833333333333334,7.726190476190476,0.02857142857142857,97,0 0 0 0 0 86 -21,0.0 0.0 0.0 0.0 0.0 0.5357142857142857 0.75,6.107142857142857,0.02857142857142857,123,0 0 0 0 0 92 -21,0.0 0.0 0.0 0.0 0.0 0.75 0.75,8.25,0.38571428571428573,85,0 0 0 0 0 90 -26,0.0 0.0 0.0 0.0 0.0 0.6785714285714286 0.5416666666666666,7.327380952380953,0.02857142857142857,207,0 0 0 0 0 91 -29,0.0 0.0 0.0 0.0 0.0 0.7142857142857143 0.4166666666666667,7.55952380952381,0.02857142857142857,262,0 0 0 0 0 89 -22,0.0 0.0 0.0 0.0 0.0 0.6428571428571429 0.7083333333333334,7.136904761904762,0.5714285714285714,88,0 0 0 0 0 86 -22,0.0 0.0 0.0 0.0 0.0 0.5357142857142857 0.7083333333333334,6.06547619047619,0.02857142857142857,287,0 0 0 0 0 91 -29,0.0 0.0 0.0 0.0 0.0 0.7142857142857143 0.4166666666666667,7.55952380952381,0.02857142857142857,262,0 0 0 0 0 89 -23,0.0 0.0 0.0 0.0 0.0 0.6428571428571429 0.6666666666666666,7.095238095238096,0.5714285714285714,89,0 0 0 0 0 86 -21,0.0 0.0 0.0 0.0 0.0 0.5357142857142857 0.75,6.107142857142857,0.02857142857142857,286,0 0 0 0 0 87 -27,0.0 0.0 0.0 0.0 0.0 0.5714285714285714 0.5,6.2142857142857135,0.02857142857142857,145
resolved-p7d-c21d-3600-2nd/nsp-n10-d28-r0.10-rp0-fp0-s3,0 0 0 0 0 75 -35,0.0 0.0 0.0 0.0 0.0 0.0 0.0,0.0,0.35714285714285715,266,0 0 0 0 0 79 -34,0.0 0.0 0.0 0.0 0.0 0.16666666666666666 0.058823529411764705,1.7254901960784312,0.2714285714285714,233,0 0 0 0 0 78 -33,0.0 0.0 0.0 0.0 0.0 0.125 0.11764705882352941,1.3676470588235294,0.2857142857142857,216.0,0 0 0 0 0 98 -20,0.0 0.0 0.0 0.0 0.0 0.9583333333333334 0.8823529411764706,10.465686274509805,0.02857142857142857,120,0 0 0 0 0 96 -26,0.0 0.0 0.0 0.0 0.0 0.875 0.5294117647058824,9.279411764705882,0.5285714285714286,69,0 0 0 0 0 99 -23,0.0 0.0 0.0 0.0 0.0 1.0 0.7058823529411765,10.705882352941176,0.02857142857142857,79,0 0 0 0 0 90 -29,0.0 0.0 0.0 0.0 0.0 0.625 0.35294117647058826,6.602941176470588,0.02857142857142857,128,0 0 0 0 0 92 -18,0.0 0.0 0.0 0.0 0.0 0.7083333333333334 1.0,8.083333333333334,0.4857142857142857,86,0 0 0 0 0 91 -23,0.0 0.0 0.0 0.0 0.0 0.6666666666666666 0.7058823529411765,7.372549019607843,0.02857142857142857,161,0 0 0 0 0 93 -27,0.0 0.0 0.0 0.0 0.0 0.75 0.47058823529411764,7.970588235294118,0.02857142857142857,209,0 0 0 0 0 95 -24,0.0 0.0 0.0 0.0 0.0 0.8333333333333334 0.6470588235294118,8.980392156862745,0.37142857142857144,30,0 0 0 0 0 98 -24,0.0 0.0 0.0 0.0 0.0 0.9583333333333334 0.6470588235294118,10.230392156862745,0.02857142857142857,173,0 0 0 0 0 91 -30,0.0 0.0 0.0 0.0 0.0 0.6666666666666666 0.29411764705882354,6.9607843137254894,0.02857142857142857,226,0 0 0 0 0 97 -28,0.0 0.0 0.0 0.0 0.0 0.9166666666666666 0.4117647058823529,9.57843137254902,0.32857142857142857,66,0 0 0 0 0 87 -33,0.0 0.0 0.0 0.0 0.0 0.5 0.11764705882352941,5.117647058823529,0.02857142857142857,311,0 0 0 0 0 91 -30,0.0 0.0 0.0 0.0 0.0 0.6666666666666666 0.29411764705882354,6.9607843137254894,0.02857142857142857,226,0 0 0 0 0 97 -29,0.0 0.0 0.0 0.0 0.0 0.9166666666666666 0.35294117647058826,9.519607843137255,0.34285714285714286,67,0 0 0 0 0 87 -33,0.0 0.0 0.0 0.0 0.0 0.5 0.11764705882352941,5.117647058823529,0.02857142857142857,311,0 0 0 0 0 94 -24,0.0 0.0 0.0 0.0 0.0 0.7916666666666666 0.6470588235294118,8.563725490196077,0.02857142857142857,213
resolved-p7d-c21d-3600-2nd/nsp-n20-d28-r0.10-rp2-fp2-s6,0 0 135 341 6 677 -7,0.0 0.0 0.057203389830508475 0.17522658610271905 0.13953488372093023 0.11482820976491863 0.2871287128712871,762.6493835904173,0.014285714285714285,15298,0 0 142 344 5 679 -25,0.0 0.0 0.07203389830508475 0.1770392749244713 0.11627906976744186 0.1166365280289331 0.10891089108910891,910.2814411234414,0.014285714285714285,14909,0 0 142 346 5 682 -19,0.0 0.0 0.07203389830508475 0.1782477341389728 0.11627906976744186 0.11934900542495479 0.16831683168316833,911.5764310524971,0.014285714285714285,14818.0,0 1 201 135 1 870 -33,0.0 0.012987012987012988 0.19703389830508475 0.05075528700906345 0.023255813953488372 0.28933092224231466 0.0297029702970297,3325.044162349279,0.014285714285714285,13750,0 56 264 532 41 1092 50,0.0 0.7272727272727273 0.3305084745762712 0.29063444108761327 0.9534883720930233 0.49005424954792043 0.8514851485148515,76424.09277897635,0.5214285714285715,14918,0 75 281 380 33 969 40,0.0 0.974025974025974 0.3665254237288136 0.1987915407854985 0.7674418604651163 0.37884267631103075 0.7524752475247525,101347.92826872818,0.5785714285714286,13966,0 0 173 118 3 866 -34,0.0 0.0 0.13771186440677965 0.0404833836858006 0.06976744186046512 0.2857142857142857 0.019801980198019802,1427.4557167769847,0.014285714285714285,15637,0 56 260 538 43 1092 53,0.0 0.7272727272727273 0.3220338983050847 0.29425981873111784 1.0 0.49005424954792043 0.8811881188118812,76347.653259669,0.5571428571428572,15253,0 75 281 379 32 969 39,0.0 0.974025974025974 0.3665254237288136 0.19818731117824773 0.7441860465116279 0.37884267631103075 0.7425742574257426,101344.98855673548,0.5785714285714286,14081,0 1 176 119 2 881 -16,0.0 0.012987012987012988 0.1440677966101695 0.04108761329305136 0.046511627906976744 0.29927667269439423 0.19801980198019803,2788.3088274156667,0.014285714285714285,14931,0 56 264 533 41 1097 55,0.0 0.7272727272727273 0.3305084745762712 0.29123867069486403 0.9534883720930233 0.4945750452079566 0.900990099009901,76424.7917214907,0.5214285714285715,14867,0 77 290 386 31 941 39,0.0 1.0 0.3855932203389831 0.20241691842900303 0.7209302325581395 0.3535262206148282 0.7425742574257426,104134.71998153822,0.5785714285714286,13400,0 34 580 1690 13 1656 27,0.0 0.44155844155844154 1.0 0.9903323262839879 0.3023255813953488 1.0 0.6237623762376238,55187.03280264392,0.4785714285714286,15092,0 1 280 714 10 1331 65,0.0 0.012987012987012988 0.3644067796610169 0.40060422960725073 0.23255813953488372 0.7061482820976492 1.0,5374.690621693184,0.6214285714285714,15246,0 2 306 1706 2 1442 -5,0.0 0.025974025974025976 0.4194915254237288 1.0 0.046511627906976744 0.8065099457504521 0.3069306930693069,7805.341044581157,0.5357142857142857,14928,0 34 559 1692 13 1595 36,0.0 0.44155844155844154 0.9555084745762712 0.9915407854984895 0.3023255813953488 0.9448462929475587 0.7128712871287128,54742.8635794615,0.4785714285714286,16054,0 1 283 862 9 1373 52,0.0 0.012987012987012988 0.3707627118644068 0.4900302114803625 0.20930232558139536 0.744122965641953 0.8712871287128713,5525.601378169002,0.6214285714285714,14381,0 2 304 1706 2 1433 -4,0.0 0.025974025974025976 0.4152542372881356 1.0 0.046511627906976744 0.798372513562387 0.31683168316831684,7762.896689893443,0.5357142857142857,15052,0 0 108 51 0 550 -36,0.0 0.0 0.0 0.0 0.0 0.0 0.0,0.0,0.014285714285714285,17826
resolved-p7d-c21d-3600-2nd/nsp-n30-d28-r0.10-rp2-fp2-s8,10 187 157 204 31 684 -18,0.9090909090909091 0.41648106904231624 0.125 0.003737541528239203 0.36231884057971014 0.08521830615465545 0.10784313725490197,952029.9454469257,0.009523809523809525,12760,10 188 159 195 31 675 -22,0.9090909090909091 0.41870824053452116 0.1290983606557377 0.0 0.36231884057971014 0.08048395581273014 0.06862745098039216,952289.8221019857,0.009523809523809525,12620,10 183 151 201 32 667 -19,0.9090909090909091 0.40757238307349664 0.11270491803278689 0.0024916943521594683 0.37681159420289856 0.07627564439768543 0.09803921568627451,951016.2302280187,0.009523809523809525,13842.0,10 213 350 356 51 768 -7,0.9090909090909091 0.47438752783964366 0.5204918032786885 0.06686046511627906 0.6521739130434783 0.12940557601262492 0.21568627450980393,961868.1675061156,0.009523809523809525,5609,2 449 572 982 67 1053 -29,0.18181818181818182 1.0 0.9754098360655737 0.32682724252491696 0.8840579710144928 0.27932667017359286 0.0,291990.30648516567,0.28095238095238095,2608,5 415 584 782 54 1312 -20,0.45454545454545453 0.9242761692650334 1.0 0.24377076411960133 0.6956521739130435 0.4155707522356654 0.08823529411764706,557290.6513962853,0.1380952380952381,6674,5 213 349 415 75 796 -18,0.45454545454545453 0.47438752783964366 0.5184426229508197 0.09136212624584718 1.0 0.14413466596528143 0.10784313725490197,507361.54487496987,0.009523809523809525,5141,5 404 556 1032 65 1097 -11,0.45454545454545453 0.8997772828507795 0.9426229508196722 0.34759136212624586 0.855072463768116 0.30247238295633877 0.17647058823529413,554385.71214165,0.6285714285714286,2303,11 214 96 276 26 679 -28,1.0 0.4766146993318486 0.0 0.03363787375415282 0.2898550724637681 0.0825881115202525 0.00980392156862745,1047724.9289992221,0.02857142857142857,13674,8 285 306 333 57 773 5,0.7272727272727273 0.6347438752783965 0.430327868852459 0.057308970099667775 0.7391304347826086 0.13203577064702787 0.3333333333333333,795183.2691937092,0.009523809523809525,5849,7 443 519 706 63 894 -2,0.6363636363636364 0.9866369710467706 0.8668032786885246 0.21220930232558138 0.8260869565217391 0.19568648079957918 0.2647058823529412,743992.4058238667,0.19523809523809524,5844,10 413 441 430 35 1098 6,0.9090909090909091 0.9198218262806236 0.7069672131147541 0.09759136212624585 0.42028985507246375 0.30299842188321935 0.3431372549019608,1008285.7573192262,0.23809523809523808,6096,5 2 358 356 15 1323 -10,0.45454545454545453 0.004454342984409799 0.5368852459016393 0.06686046511627906 0.13043478260869565 0.4213571804313519 0.18627450980392157,460444.0450926032,0.009523809523809525,5953,0 0 507 1926 7 2368 70,0.0 0.0 0.8422131147540983 0.7188538205980066 0.014492753623188406 0.9710678590215676 0.9705882352941176,9153.11551032682,0.6571428571428571,5897,0 0 553 2603 12 2423 51,0.0 0.0 0.9364754098360656 1.0 0.08695652173913043 1.0 0.7843137254901961,10384.23406426006,0.5714285714285714,4914,5 2 272 344 14 1130 -1,0.45454545454545453 0.004454342984409799 0.36065573770491804 0.061877076411960136 0.11594202898550725 0.3198316675433982 0.27450980392156865,458674.3903267346,0.009523809523809525,6898,0 0 510 1926 6 2368 73,0.0 0.0 0.8483606557377049 0.7188538205980066 0.0 0.9710678590215676 1.0,9213.17105656527,0.6571428571428571,5865,0 0 543 2572 12 2413 58,0.0 0.0 0.9159836065573771 0.9871262458471761 0.08695652173913043 0.9947396107311941 0.8529411764705882,10166.458300878643,0.5714285714285714,4948,10 208 111 204 16 522 -25,0.9090909090909091 0.46325167037861914 0.030737704918032786 0.003737541528239203 0.14492753623188406 0.0 0.0392156862745098,955741.722688789,0.009523809523809525,14696
resolved-p7d-c21d-3600-2nd/nsp-n20-d28-r0.10-rp2-fp2-s9,0 0 0 0 0 66 -77,0.0 0.0 0.0 0.0 0.0 0.0 0.0,0.0,0.32142857142857145,241,0 0 0 0 0 70 -38,0.0 0.0 0.0 0.0 0.0 0.17391304347826086 0.6,2.3391304347826085,0.2,159,0 0 0 0 0 76 -19,0.0 0.0 0.0 0.0 0.0 0.43478260869565216 0.8923076923076924,5.240133779264214,0.15714285714285714,149.0,0 0 0 0 0 89 -14,0.0 0.0 0.0 0.0 0.0 1.0 0.9692307692307692,10.96923076923077,0.10714285714285714,350,0 0 0 0 0 74 -15,0.0 0.0 0.0 0.0 0.0 0.34782608695652173 0.9538461538461539,4.432107023411371,0.32142857142857145,52,0 0 0 0 0 82 -23,0.0 0.0 0.0 0.0 0.0 0.6956521739130435 0.8307692307692308,7.787290969899665,0.10714285714285714,133,0 0 0 0 0 81 -26,0.0 0.0 0.0 0.0 0.0 0.6521739130434783 0.7846153846153846,7.306354515050168,0.10714285714285714,248,0 0 0 0 0 86 -13,0.0 0.0 0.0 0.0 0.0 0.8695652173913043 0.9846153846153847,9.680267558528428,0.37142857142857144,48,0 0 0 0 0 80 -24,0.0 0.0 0.0 0.0 0.0 0.6086956521739131 0.8153846153846154,6.902341137123746,0.10714285714285714,206,0 0 0 0 0 89 -47,0.0 0.0 0.0 0.0 0.0 1.0 0.46153846153846156,10.461538461538462,0.10714285714285714,232,0 0 0 0 0 86 -12,0.0 0.0 0.0 0.0 0.0 0.8695652173913043 1.0,9.695652173913043,0.2571428571428571,44,0 0 0 0 0 89 -31,0.0 0.0 0.0 0.0 0.0 1.0 0.7076923076923077,10.707692307692307,0.10714285714285714,324,0 0 0 0 0 72 -39,0.0 0.0 0.0 0.0 0.0 0.2608695652173913 0.5846153846153846,3.193311036789298,0.10714285714285714,327,0 0 0 0 0 81 -26,0.0 0.0 0.0 0.0 0.0 0.6521739130434783 0.7846153846153846,7.306354515050168,0.5928571428571429,163,0 0 0 0 0 82 -14,0.0 0.0 0.0 0.0 0.0 0.6956521739130435 0.9692307692307692,7.925752508361204,0.10714285714285714,390,0 0 0 0 0 72 -39,0.0 0.0 0.0 0.0 0.0 0.2608695652173913 0.5846153846153846,3.193311036789298,0.10714285714285714,327,0 0 0 0 0 81 -26,0.0 0.0 0.0 0.0 0.0 0.6521739130434783 0.7846153846153846,7.306354515050168,0.5928571428571429,163,0 0 0 0 0 82 -14,0.0 0.0 0.0 0.0 0.0 0.6956521739130435 0.9692307692307692,7.925752508361204,0.10714285714285714,390,0 0 0 0 0 88 -22,0.0 0.0 0.0 0.0 0.0 0.9565217391304348 0.8461538461538461,10.411371237458194,0.10714285714285714,172
resolved-p7d-c21d-3600-2nd/nsp-n50-d28-r0.10-rp2-fp2-s5,30 379 405 372 59 1279 31,0.8108108108108109 0.5213204951856947 0.07255389718076286 0.012316840093438097 0.4230769230769231 0.0010559662090813093 0.35374149659863946,863723.3881347479,0.011428571428571429,7680,30 380 358 347 59 1272 27,0.8108108108108109 0.5226960110041265 0.05306799336650083 0.009662348693990231 0.4230769230769231 0.00013199577613516366 0.32653061224489793,863663.3897364603,0.011428571428571429,7587,30 379 400 368 59 1271 30,0.8108108108108109 0.5213204951856947 0.07048092868988391 0.011892121469526439 0.4230769230769231 0.0 0.3469387755102041,863702.2163688319,0.011428571428571429,7750.0,36 353 232 256 53 1863 -21,0.972972972972973 0.4855570839064649 0.0008291873963515755 0.0 0.3769230769230769 0.0781414994720169 0.0,1021575.44696027,0.011428571428571429,2827,30 681 1733 934 131 2601 47,0.8108108108108109 0.936726272352132 0.6231343283582089 0.07198980675302612 0.9769230769230769 0.1755543822597677 0.46258503401360546,910886.6815729082,0.32285714285714284,2199,37 552 608 558 53 1587 -3,1.0 0.7592847317744154 0.15671641791044777 0.03206625610533022 0.3769230769230769 0.04171066525871172 0.12244897959183673,1077565.9354759757,0.19714285714285715,4885,30 419 774 507 71 1736 16,0.8108108108108109 0.5763411279229711 0.22553897180762852 0.02665109365045657 0.5153846153846153 0.06137803590285111 0.25170068027210885,870779.3683574125,0.011428571428571429,2899,32 607 635 626 75 1714 32,0.8648648648648649 0.8349381017881705 0.16791044776119404 0.03928647271182841 0.5461538461538461 0.05847412882787751 0.36054421768707484,950132.6266641271,0.14285714285714285,1650,34 623 525 652 70 1408 4,0.918918918918919 0.8569463548830811 0.12230514096185738 0.04204714376725419 0.5076923076923077 0.018083421330517425 0.17006802721088435,1005929.7730936226,0.09714285714285714,3285,28 419 535 694 75 1792 18,0.7567567567567568 0.5763411279229711 0.12645107794361526 0.04650668931832661 0.5461538461538461 0.06876979936642028 0.2653061224489796,815757.4554065398,0.011428571428571429,2897,33 607 710 595 48 1839 2,0.8918918918918919 0.8349381017881705 0.19900497512437812 0.03599490337651306 0.3384615384615385 0.07497360084477296 0.1564625850340136,977446.4990777688,0.26857142857142857,3152,37 727 1268 1084 79 2307 15,1.0 1.0 0.43034825870646765 0.08791675514971331 0.5769230769230769 0.13674762407602956 0.24489795918367346,1104450.7040241067,0.29714285714285715,401,12 51 1735 2969 4 5376 24,0.32432432432432434 0.07015130674002751 0.6239635157545605 0.2880654066680824 0.0 0.5418426610348469 0.30612244897959184,337872.8801116001,0.011428571428571429,4261,0 0 1976 4365 125 6581 126,0.0 0.0 0.7238805970149254 0.4362922064132512 0.9307692307692308 0.7008975712777191 1.0,7776.184075352206,0.6257142857142857,2139,0 0 2642 9674 5 8847 39,0.0 0.0 1.0 1.0 0.007692307692307693 1.0 0.40816326530612246,11011.177394034537,0.6285714285714286,2270,13 42 1835 2977 4 5550 21,0.35135135135135137 0.0577716643741403 0.6654228855721394 0.2889148439159057 0.0 0.5648099260823654 0.2857142857142857,364077.59530194924,0.011428571428571429,4126,0 0 1886 3942 134 6385 124,0.0 0.0 0.6865671641791045 0.3913782119345933 1.0 0.675026399155227 0.9863945578231292,7364.786512275014,0.6257142857142857,2294,0 0 2624 9618 5 8796 46,0.0 0.0 0.9925373134328358 0.9940539392652368 0.007692307692307693 0.9932682154171066 0.4557823129251701,10930.584768829922,0.6285714285714286,2314,33 351 230 437 46 1710 17,0.8918918918918919 0.4828060522696011 0.0 0.01921851773200255 0.3230769230769231 0.05794614572333685 0.2585034013605442,940224.8612937502,0.011428571428571429,7966
resolved-p7d-c21d-3600-2nd/nsp-n50-d28-r0.10-rp2-fp2-s2,1 34 2676 9527 43 7844 -98,0.0 0.042826552462526764 0.15273775216138327 0.9916454776607337 0.2550335570469799 0.657515123313169 0.0,6833.756752465072,0.07142857142857142,4010,18 49 3558 6994 52 8929 -27,1.0 0.07494646680942184 1.0 0.6849497517859305 0.31543624161073824 0.90995812005584 0.3034188034188034,1018220.5430568932,0.005714285714285714,5323,16 49 3554 6284 53 8839 -19,0.8823529411764706 0.07494646680942184 0.9961575408261287 0.5989829277152198 0.3221476510067114 0.8890181479758027 0.33760683760683763,900449.5887468073,0.005714285714285714,6672.0,13 49 2895 3528 51 8656 102,0.7058823529411765 0.07494646680942184 0.3631123919308357 0.2652863542801792 0.3087248322147651 0.8464402047463937 0.8547008547008547,717313.6014818308,0.005714285714285714,4819,8 407 2563 1349 122 5173 97,0.4117647058823529 0.841541755888651 0.04418828049951969 0.001452960406828914 0.785234899328859 0.036063285248953005 0.8333333333333334,496441.9346927387,0.16,1050,6 451 2588 1392 142 5160 104,0.29411764705882354 0.9357601713062098 0.06820365033621517 0.006659401864632522 0.9194630872483222 0.03303862261516985 0.8632478632478633,388475.50003748556,0.09714285714285714,1637,13 49 2944 3751 50 8802 79,0.7058823529411765 0.07494646680942184 0.4101825168107589 0.2922872018404165 0.30201342281879195 0.8804094927873429 0.7564102564102564,717810.8738395328,0.005714285714285714,4653,7 440 2611 1340 126 5018 119,0.35294117647058826 0.9122055674518201 0.09029779058597502 0.0003632401017072285 0.8120805369127517 0.0 0.9273504273504274,445147.20976585033,0.16,1071,7 403 2517 1912 130 5319 124,0.35294117647058826 0.8329764453961456 0.0 0.06962101949388545 0.8389261744966443 0.07003257328990228 0.9487179487179487,436393.98369082797,0.17714285714285713,1508,13 49 2895 3635 51 8672 97,0.7058823529411765 0.07494646680942184 0.3631123919308357 0.278241917907737 0.3087248322147651 0.8501628664495114 0.8333333333333334,717326.5729045541,0.005714285714285714,4725,7 440 2610 1340 126 5018 119,0.35294117647058826 0.9122055674518201 0.0893371757925072 0.0003632401017072285 0.8120805369127517 0.0 0.9273504273504274,445137.60361791565,0.16,1072,5 481 2621 1337 154 5101 136,0.23529411764705882 1.0 0.09990393852065321 0.0 1.0 0.01931130758492322 1.0,336394.3501453412,0.21142857142857144,1640,17 14 3141 9596 5 9215 -13,0.9411764705882353 0.0 0.5994236311239193 1.0 0.0 0.9765006979990694 0.36324786324786323,948180.8351543178,0.62,4974,11 23 2830 7245 29 8190 106,0.5882352941176471 0.019271948608137045 0.30067243035542746 0.7153408402954353 0.1610738255033557 0.7380176826430898 0.8717948717948718,593908.9134765591,0.7057142857142857,5305,5 43 2808 7862 71 8404 71,0.23529411764705882 0.06209850107066381 0.27953890489913547 0.7900472212132219 0.4429530201342282 0.7878082829222894 0.7222222222222222,245142.29963139465,0.7457142857142857,5448,17 14 3241 9594 5 9316 -19,0.9411764705882353 0.0 0.6954851104707013 0.9997578399321951 0.0 1.0 0.33760683760683763,949141.4171397121,0.62,4885,11 24 2837 7490 26 8223 105,0.5882352941176471 0.021413276231263382 0.30739673390970224 0.7450054486015256 0.14093959731543623 0.7456956724057702 0.8675213675213675,594218.0129662951,0.7057142857142857,5241,5 43 2867 8302 69 8509 61,0.23529411764705882 0.06209850107066381 0.33621517771373677 0.8433224361302821 0.42953020134228187 0.8122382503489995 0.6794871794871795,245761.19685721007,0.7457142857142857,5281,17 46 3305 7344 47 8722 -70,0.9411764705882353 0.06852248394004283 0.7569644572526417 0.7273277636517739 0.28187919463087246 0.8617961842717543 0.11965811965811966,956362.6168578432,0.005714285714285714,8464
resolved-p7d-c21d-3600-2nd/nsp-n20-d28-r0.10-rp2-fp2-s8,2 1 271 1138 21 1441 63,0.25 0.0 0.44607843137254904 1.0 0.0 0.7518181818181818 0.8571428571428571,255469.1596384008,0.02142857142857143,15001,2 1 263 1014 22 1287 42,0.25 0.0 0.4264705882352941 0.8728205128205129 0.008264462809917356 0.6118181818181818 0.42857142857142855,255144.8995947012,0.02142857142857143,17851,2 1 268 1088 22 1339 70,0.25 0.0 0.4387254901960784 0.9487179487179487 0.008264462809917356 0.6590909090909091 1.0,255344.39020605062,0.02142857142857143,16475.0,2 1 161 315 23 849 57,0.25 0.0 0.17647058823529413 0.1558974358974359 0.01652892561983471 0.21363636363636362 0.7346938775510204,251925.12726832627,0.02142857142857143,8042,0 1 420 319 138 1714 43,0.0 0.0 0.8112745098039216 0.16 0.9669421487603306 1.0 0.4489795918367347,8379.888292507087,0.5214285714285715,8147,0 1 89 164 25 800 32,0.0 0.0 0.0 0.0010256410256410256 0.03305785123966942 0.1690909090909091 0.22448979591836735,6.246825036435426,0.4714285714285714,8668,2 1 151 196 23 824 58,0.25 0.0 0.15196078431372548 0.033846153846153845 0.01652892561983471 0.19090909090909092 0.7551020408163265,251557.7710824953,0.02142857142857143,8445,0 1 420 319 138 1714 43,0.0 0.0 0.8112745098039216 0.16 0.9669421487603306 1.0 0.4489795918367347,8379.888292507087,0.5214285714285715,8147,0 1 103 232 39 885 21,0.0 0.0 0.03431372549019608 0.07076923076923076 0.1487603305785124 0.24636363636363637 0.0,431.2461550926792,0.4642857142857143,8550,2 1 176 480 24 917 42,0.25 0.0 0.21323529411764705 0.3251282051282051 0.024793388429752067 0.27545454545454545 0.42857142857142855,252463.14360203076,0.02142857142857143,7031,0 1 471 287 142 1667 34,0.0 0.0 0.9362745098039216 0.12717948717948718 1.0 0.9572727272727273 0.2653061224489796,9599.762618613879,0.45714285714285713,7283,0 1 89 163 27 812 22,0.0 0.0 0.0 0.0 0.049586776859504134 0.18 0.02040816326530612,6.779085849215719,0.4714285714285714,8676,3 90 310 242 50 791 36,0.375 0.4218009478672986 0.5416666666666666 0.08102564102564103 0.2396694214876033 0.16090909090909092 0.30612244897959184,422703.669249929,0.02142857142857143,8151,2 212 483 270 79 713 56,0.25 1.0 0.9656862745098039 0.10974358974358975 0.4793388429752066 0.09 0.7142857142857143,359816.1545048534,0.7642857142857142,15655,8 200 376 276 70 617 43,1.0 0.943127962085308 0.7034313725490197 0.1158974358974359 0.4049586776859504 0.0027272727272727275 0.4489795918367347,1101503.979490006,0.75,16413,2 133 319 239 63 787 44,0.25 0.6255924170616114 0.5637254901960784 0.07794871794871795 0.34710743801652894 0.1572727272727273 0.46938775510204084,318311.1981849001,0.02142857142857143,8389,2 211 497 286 79 706 53,0.25 0.995260663507109 1.0 0.12615384615384614 0.4793388429752066 0.08363636363636363 0.6530612244897959,359701.6435060231,0.75,15671,8 199 423 292 72 614 43,1.0 0.9383886255924171 0.8186274509803921 0.13230769230769232 0.4214876033057851 0.0 0.4489795918367347,1102200.0425012757,0.7571428571428571,16558,2 1 224 215 27 1108 60,0.25 0.0 0.33088235294117646 0.05333333333333334 0.049586776859504134 0.4490909090909091 0.7959183673469388,253372.4023678893,0.02142857142857143,17926
resolved-p7d-c21d-3600-2nd/nsp-n40-d28-r0.10-rp2-fp2-s7,11 9 854 1825 11 3362 -18,0.9166666666666666 0.017857142857142856 0.12682926829268293 0.15101043748612036 0.006134969325153374 0.33369291621718805 0.08904109589041095,919875.7235399844,0.010714285714285714,9148,11 9 854 1825 11 3362 -21,0.9166666666666666 0.017857142857142856 0.12682926829268293 0.15101043748612036 0.006134969325153374 0.33369291621718805 0.0684931506849315,919875.7029920393,0.010714285714285714,9151,11 9 837 1831 12 3353 -31,0.9166666666666666 0.017857142857142856 0.10609756097560975 0.1523428825227626 0.012269938650306749 0.3304566702624955 0.0,919670.2310052274,0.010714285714285714,9262.0,12 14 932 2081 10 3464 17,1.0 0.030612244897959183 0.22195121951219512 0.2078614257161892 0.0 0.37037037037037035 0.3287671232876712,1005492.630581461,0.010714285714285714,7062,8 328 951 1322 30 2434 41,0.6666666666666666 0.8316326530612245 0.2451219512195122 0.03930712858094604 0.12269938650306748 0.0 0.4931506849315068,752333.2217029004,0.125,877,10 394 1084 1334 43 2724 57,0.8333333333333334 1.0 0.4073170731707317 0.04197201865423051 0.20245398773006135 0.10427903631787126 0.6027397260273972,937470.3670125571,0.23214285714285715,1226,12 14 931 2073 10 3464 9,1.0 0.030612244897959183 0.22073170731707317 0.20608483233399955 0.0 0.37037037037037035 0.273972602739726,1005478.6040716071,0.010714285714285714,7133,9 262 955 1724 32 2742 67,0.75 0.6632653061224489 0.25 0.12858094603597603 0.13496932515337423 0.11075152822725638 0.6712328767123288,818970.3872389552,0.25357142857142856,802,10 394 1084 1334 43 2724 57,0.8333333333333334 1.0 0.4073170731707317 0.04197201865423051 0.20245398773006135 0.10427903631787126 0.6027397260273972,937470.3670125571,0.23214285714285715,1226,12 14 932 2148 10 3464 20,1.0 0.030612244897959183 0.22195121951219512 0.22274039529202755 0.0 0.37037037037037035 0.3493150684931507,1005507.530098982,0.010714285714285714,7041,9 262 955 1724 32 2742 67,0.75 0.6632653061224489 0.25 0.12858094603597603 0.13496932515337423 0.11075152822725638 0.6712328767123288,818970.3872389552,0.25357142857142856,802,10 394 1084 1333 43 2725 57,0.8333333333333334 1.0 0.4073170731707317 0.04174994448145681 0.20245398773006135 0.104638619201726 0.6027397260273972,937470.1485342132,0.23214285714285715,1227,3 34 1436 5648 26 5215 103,0.25 0.08163265306122448 0.8365853658536585 1.0 0.09815950920245399 1.0 0.9178082191780822,267549.8527237985,0.6,6513,0 3 1570 2345 163 4524 73,0.0 0.002551020408163265 1.0 0.2664890073284477 0.9386503067484663 0.7515282272563826 0.7123287671232876,10623.683689859308,0.6928571428571428,7989,0 5 1069 2963 24 3930 36,0.0 0.007653061224489796 0.38902439024390245 0.4037308461025983 0.08588957055214724 0.5379359942466738 0.4589041095890411,5073.708092097873,0.6214285714285714,7725,3 31 1427 5513 25 5156 115,0.25 0.07397959183673469 0.8256097560975609 0.9700199866755497 0.09202453987730061 0.978784609852571 1.0,266644.0670314109,0.6,6624,0 2 1504 2236 173 4620 64,0.0 0.0 0.9195121951219513 0.2422829224961137 1.0 0.7860481841064365 0.6506849315068494,9545.916040488199,0.6928571428571428,8510,0 6 1128 3023 27 4094 39,0.0 0.01020408163265306 0.4609756097560976 0.4170552964690207 0.10429447852760736 0.5969075871988493 0.4794520547945205,6064.097533074846,0.6214285714285714,7560,11 6 750 1145 16 2786 -19,0.9166666666666666 0.01020408163265306 0.0 0.0 0.03680981595092025 0.12657317511686444 0.0821917808219178,917692.103735059,0.010714285714285714,8515
resolved-p7d-c21d-3600-2nd/nsp-n50-d28-r0.10-rp2-fp2-s4,3 63 1395 1357 48 4269 81,0.0 0.17105263157894737 0.0 0.0024932681759250023 0.7543859649122807 0.0 0.4473684210526316,17183.642390982943,0.04285714285714286,5881,8 72 1463 1332 62 4308 60,0.38461538461538464 0.20065789473684212 0.0368763557483731 0.0 1.0 0.007641065830721003 0.3368421052631579,405150.35089931614,0.03142857142857143,6989,8 72 1464 1334 61 4312 55,0.38461538461538464 0.20065789473684212 0.037418655097613884 0.0001994614540740002 0.9824561403508771 0.008424764890282132 0.3105263157894737,405154.20048949885,0.03142857142857143,6676.0,10 37 2014 5903 9 6105 36,0.5384615384615384 0.08552631578947369 0.33568329718004336 0.4558691532861275 0.07017543859649122 0.359717868338558 0.21052631578947367,550837.6974144311,0.03142857142857143,6672,15 315 1919 4646 8 5456 62,0.9230769230769231 1.0 0.2841648590021692 0.33050762940061834 0.05263157894736842 0.2325626959247649 0.3473684210526316,1026257.0154496204,0.22857142857142856,807,15 308 1727 5278 7 5173 39,0.9230769230769231 0.9769736842105263 0.18004338394793926 0.3935374488880024 0.03508771929824561 0.17711598746081506 0.22631578947368422,1022973.769033937,0.16285714285714287,855,10 35 2041 4456 11 5840 75,0.5384615384615384 0.07894736842105263 0.35032537960954446 0.3115587912635883 0.10526315789473684 0.3077978056426332 0.41578947368421054,550185.1079743223,0.03142857142857143,7148,15 315 1918 4646 8 5456 62,0.9230769230769231 1.0 0.28362255965292843 0.33050762940061834 0.05263157894736842 0.2325626959247649 0.3473684210526316,1026251.5924561281,0.22857142857142856,808,15 308 1727 5261 7 5172 41,0.9230769230769231 0.9769736842105263 0.18004338394793926 0.3918420265283734 0.03508771929824561 0.17692006269592475 0.23684210526315788,1022972.0821786455,0.16285714285714287,856,10 35 2124 4490 12 6012 83,0.5384615384615384 0.07894736842105263 0.3953362255965293 0.3149496359828463 0.12280701754385964 0.34149686520376177 0.45789473684210524,550640.740760735,0.03142857142857143,6985,15 315 1918 4646 8 5456 62,0.9230769230769231 1.0 0.28362255965292843 0.33050762940061834 0.05263157894736842 0.2325626959247649 0.3473684210526316,1026251.5924561281,0.22857142857142856,808,16 214 2095 6555 5 5945 -4,1.0 0.6677631578947368 0.3796095444685466 0.5208935873142515 0.0 0.3283699059561129 0.0,1071096.588520533,0.10857142857142857,829,12 32 3229 11299 5 9373 52,0.6923076923076923 0.06907894736842106 0.9945770065075922 0.99401615637778 0.0 1.0 0.29473684210526313,710165.6680028301,0.6,5953,9 22 3053 10701 54 8952 58,0.46153846153846156 0.03618421052631579 0.8991323210412148 0.9343771816096539 0.8596491228070176 0.9175156739811913 0.3263157894736842,475178.0493679249,0.6828571428571428,3878,3 49 2536 8026 20 8473 186,0.0 0.125 0.618763557483731 0.6675974867856787 0.2631578947368421 0.8236677115987461 1.0,19390.78552821266,0.6628571428571428,4634,12 34 3239 11300 5 9347 46,0.6923076923076923 0.0756578947368421 1.0 0.994115887104817 0.0 0.9949059561128527 0.2631578947368421,710877.8098859371,0.6,5893,10 21 3044 11359 54 9003 47,0.5384615384615384 0.03289473684210526 0.8942516268980477 1.0 0.8596491228070176 0.9275078369905956 0.26842105263157895,551789.0368264326,0.6828571428571428,3784,3 49 2537 8068 20 8473 182,0.0 0.125 0.6193058568329718 0.6717861773212327 0.2631578947368421 0.8236677115987461 0.9789473684210527,19400.376159609044,0.6628571428571428,4625,11 11 1878 4805 22 6144 35,0.6153846153846154 0.0 0.2619305856832972 0.34636481499950134 0.2982456140350877 0.367358934169279 0.20526315789473684,618383.9894703509,0.03142857142857143,8549
resolved-p7d-c21d-3600-2nd/nsp-n20-d28-r0.10-rp2-fp2-s1,0 1 125 218 4 652 9,0.0 0.0053475935828877 0.09608540925266904 0.517948717948718 0.02531645569620253 0.26 0.27058823529411763,2018.9644025690927,0.05,9585,3 0 147 16 2 723 -10,0.3333333333333333 0.0 0.17437722419928825 0.0 0.0 0.4177777777777778 0.047058823529411764,335081.3304119275,0.014285714285714285,14726,3 0 147 39 2 719 -14,0.3333333333333333 0.0 0.17437722419928825 0.05897435897435897 0.0 0.4088888888888889 0.0,335140.16882318945,0.014285714285714285,14692.0,3 2 99 406 3 535 24,0.3333333333333333 0.0106951871657754 0.0035587188612099642 1.0 0.012658227848101266 0.0 0.4470588235294118,335440.1521201313,0.014285714285714285,10223,0 118 375 248 43 985 39,0.0 0.6310160427807486 0.9857651245551602 0.5948717948717949 0.5189873417721519 1.0 0.6235294117647059,73616.64958208724,0.6571428571428571,5019,0 120 263 270 32 813 40,0.0 0.6417112299465241 0.5871886120996441 0.6512820512820513 0.379746835443038 0.6177777777777778 0.6352941176470588,70739.07892237064,0.5928571428571429,12845,3 4 113 404 3 599 21,0.3333333333333333 0.0213903743315508 0.05338078291814947 0.9948717948717949 0.012658227848101266 0.14222222222222222 0.4117647058823529,337004.1502002546,0.014285714285714285,9653,0 118 379 234 41 966 54,0.0 0.6310160427807486 1.0 0.558974358974359 0.4936708860759494 0.9577777777777777 0.8,73720.3235034346,0.6642857142857143,4989,0 119 293 281 33 831 43,0.0 0.6363636363636364 0.693950177935943 0.6794871794871795 0.3924050632911392 0.6577777777777778 0.6705882352941176,71301.84146755243,0.5928571428571429,12919,3 2 98 403 3 537 26,0.3333333333333333 0.0106951871657754 0.0 0.9923076923076923 0.012658227848101266 0.0044444444444444444 0.47058823529411764,335396.9405976831,0.014285714285714285,10256,0 118 377 235 41 969 53,0.0 0.6310160427807486 0.9928825622775801 0.5615384615384615 0.4936708860759494 0.9644444444444444 0.788235294117647,73651.76813073528,0.6714285714285714,5002,0 125 279 289 38 834 45,0.0 0.6684491978609626 0.6441281138790036 0.7 0.45569620253164556 0.6644444444444444 0.6941176470588235,74039.10910723096,0.5571428571428572,11832,5 143 329 341 44 572 27,0.5555555555555556 0.7647058823529411 0.8220640569395018 0.8333333333333334 0.5316455696202531 0.08222222222222222 0.4823529411764706,641134.5868257035,0.014285714285714285,7330,5 182 194 235 39 607 63,0.5555555555555556 0.9732620320855615 0.3416370106761566 0.5615384615384615 0.46835443037974683 0.16 0.9058823529411765,656909.0086578027,0.6928571428571428,18205,9 181 303 321 81 650 52,1.0 0.9679144385026738 0.7295373665480427 0.782051282051282 1.0 0.25555555555555554 0.7764705882352941,1104972.200823943,0.7285714285714285,17536,5 157 332 360 38 570 27,0.5555555555555556 0.839572192513369 0.8327402135231317 0.882051282051282 0.45569620253164556 0.07777777777777778 0.4823529411764706,648769.0579751473,0.014285714285714285,6727,5 176 191 236 36 624 71,0.5555555555555556 0.9411764705882353 0.3309608540925267 0.5641025641025641 0.43037974683544306 0.19777777777777777 1.0,653592.9294718683,0.7142857142857143,18586,9 187 302 314 75 626 51,1.0 1.0 0.7259786476868327 0.764102564102564 0.9240506329113924 0.20222222222222222 0.7647058823529411,1108119.0810323665,0.7571428571428571,17180,3 4 165 44 3 764 10,0.3333333333333333 0.0213903743315508 0.23843416370106763 0.07179487179487179 0.012658227848101266 0.5088888888888888 0.2823529411764706,337935.14433990885,0.014285714285714285,17658
resolved-p7d-c21d-3600-2nd/nsp-n20-d28-r0.10-rp2-fp2-s3,0 0 0 0 0 78 -78,0.0 0.0 0.0 0.0 0.0 0.0 0.0,0.0,0.30714285714285716,215,0 0 0 0 0 91 -44,0.0 0.0 0.0 0.0 0.0 0.30952380952380953 0.5862068965517241,3.6814449917898195,0.17857142857142858,117,0 0 0 0 0 94 -36,0.0 0.0 0.0 0.0 0.0 0.38095238095238093 0.7241379310344828,4.533661740558292,0.20714285714285716,102.0,0 0 0 0 0 102 -29,0.0 0.0 0.0 0.0 0.0 0.5714285714285714 0.8448275862068966,6.55911330049261,0.07857142857142857,120,0 0 0 0 0 115 -20,0.0 0.0 0.0 0.0 0.0 0.8809523809523809 1.0,9.80952380952381,0.21428571428571427,21,0 0 0 0 0 113 -38,0.0 0.0 0.0 0.0 0.0 0.8333333333333334 0.6896551724137931,9.022988505747128,0.07857142857142857,110,0 0 0 0 0 112 -36,0.0 0.0 0.0 0.0 0.0 0.8095238095238095 0.7241379310344828,8.819376026272577,0.07857142857142857,335,0 0 0 0 0 115 -35,0.0 0.0 0.0 0.0 0.0 0.8809523809523809 0.7413793103448276,9.550903119868638,0.24285714285714285,75,0 0 0 0 0 113 -29,0.0 0.0 0.0 0.0 0.0 0.8333333333333334 0.8448275862068966,9.17816091954023,0.07857142857142857,178,0 0 0 0 0 111 -44,0.0 0.0 0.0 0.0 0.0 0.7857142857142857 0.5862068965517241,8.44334975369458,0.07857142857142857,215,0 0 0 0 0 120 -25,0.0 0.0 0.0 0.0 0.0 1.0 0.9137931034482759,10.913793103448276,0.29285714285714287,30,0 0 0 0 0 104 -37,0.0 0.0 0.0 0.0 0.0 0.6190476190476191 0.7068965517241379,6.897372742200329,0.07857142857142857,167,0 0 0 0 0 113 -42,0.0 0.0 0.0 0.0 0.0 0.8333333333333334 0.6206896551724138,8.954022988505749,0.07857142857142857,298,0 0 0 0 0 104 -20,0.0 0.0 0.0 0.0 0.0 0.6190476190476191 1.0,7.190476190476191,0.6357142857142857,60,0 0 0 0 0 106 -33,0.0 0.0 0.0 0.0 0.0 0.6666666666666666 0.7758620689655172,7.442528735632183,0.07857142857142857,310,0 0 0 0 0 113 -42,0.0 0.0 0.0 0.0 0.0 0.8333333333333334 0.6206896551724138,8.954022988505749,0.07857142857142857,298,0 0 0 0 0 104 -20,0.0 0.0 0.0 0.0 0.0 0.6190476190476191 1.0,7.190476190476191,0.6357142857142857,60,0 0 0 0 0 106 -33,0.0 0.0 0.0 0.0 0.0 0.6666666666666666 0.7758620689655172,7.442528735632183,0.07857142857142857,310,0 0 0 0 0 107 -27,0.0 0.0 0.0 0.0 0.0 0.6904761904761905 0.8793103448275862,7.784072249589491,0.07857142857142857,88
resolved-p7d-c21d-3600-2nd/nsp-n30-d28-r0.10-rp2-fp2-s0,2 8 395 1028 8 1890 -79,0.5 0.02702702702702703 0.0 0.07587488386497368 0.078125 0.2025685931115003 0.010810810810810811,502788.4265833096,0.01904761904761905,12274,2 8 395 1049 8 1902 -81,0.5 0.02702702702702703 0.0 0.07912666460204397 0.078125 0.20957384705195564 0.0,502791.73760577524,0.01904761904761905,12218,2 9 463 1190 4 1704 -22,0.5 0.033783783783783786 0.10675039246467818 0.10096004955094456 0.015625 0.09398715703444249 0.31891891891891894,504549.6636430654,0.01904761904761905,10355.0,2 6 500 1105 40 1698 -5,0.5 0.013513513513513514 0.16483516483516483 0.08779807990089811 0.578125 0.09048453006421482 0.41081081081081083,503146.6292357154,0.01904761904761905,11449,0 120 506 642 46 1656 40,0.0 0.7837837837837838 0.17425431711145997 0.01610405698358625 0.671875 0.06596614127262113 0.654054054054054,80205.52682194333,0.4666666666666667,3225,0 152 670 538 67 1722 36,0.0 1.0 0.4317111459968603 0.0 1.0 0.1044950379451255 0.6324324324324324,104418.78884278049,0.2761904761904762,3393,2 6 501 1105 40 1703 -3,0.5 0.013513513513513514 0.1664050235478807 0.08779807990089811 0.578125 0.09340338587273789 0.42162162162162165,503162.3678222114,0.01904761904761905,11262,0 120 501 648 47 1646 47,0.0 0.7837837837837838 0.1664050235478807 0.017033137194177764 0.6875 0.060128429655575015 0.6918918918918919,80129.5049272398,0.44285714285714284,3349,0 152 670 538 67 1722 36,0.0 1.0 0.4317111459968603 0.0 1.0 0.1044950379451255 0.6324324324324324,104418.78884278049,0.2761904761904762,3393,2 6 500 1107 40 1694 1,0.5 0.013513513513513514 0.16483516483516483 0.08810777330442862 0.578125 0.08814944541739637 0.44324324324324327,503146.94801070483,0.01904761904761905,11379,0 120 501 556 54 1543 35,0.0 0.7837837837837838 0.1664050235478807 0.002787240631774543 0.796875 0.0 0.6270270270270271,80125.53038151599,0.49523809523809526,3359,0 152 670 538 67 1722 36,0.0 1.0 0.4317111459968603 0.0 1.0 0.1044950379451255 0.6324324324324324,104418.78884278049,0.2761904761904762,3393,4 15 957 3844 6 3159 85,1.0 0.07432432432432433 0.8822605965463108 0.5119231960359244 0.046875 0.9433741973146527 0.8972972972972973,1016781.9801332019,0.5952380952380952,9152,3 4 1021 6996 22 3256 9,0.75 0.0 0.9827315541601256 1.0 0.296875 1.0 0.4864864864864865,760867.4895280878,0.6857142857142857,8222,2 7 1032 3682 3 3007 76,0.5 0.02027027027027027 1.0 0.48683803034995354 0.0 0.8546409807355516 0.8486486486486486,512523.26011583296,0.6428571428571429,9998,4 16 1002 3838 8 3249 104,1.0 0.08108108108108109 0.9529042386185244 0.5109941158253329 0.078125 0.9959136018680678 1.0,1018166.9162461373,0.5952380952380952,9004,2 4 905 4669 21 2855 46,0.5 0.0 0.8006279434850864 0.6396717249922577 0.28125 0.7659077641564507 0.6864864864864865,508682.42172397114,0.6857142857142857,10614,2 7 998 3206 6 2923 88,0.5 0.02027027027027027 0.9466248037676609 0.4131310003096934 0.046875 0.8056042031523643 0.9135135135135135,511920.0631205584,0.6428571428571429,10334,2 6 433 1397 8 1637 -7,0.5 0.013513513513513514 0.059654631083202514 0.1330133168163518 0.078125 0.05487448920023351 0.4,502089.6722238917,0.01904761904761905,12884
resolved-p7d-c21d-3600-2nd/nsp-n30-d28-r0.10-rp2-fp2-s3,5 63 649 1936 33 2330 78,0.5 0.18450184501845018 0.08976660682226212 0.5789775990809879 0.08904109589041095 0.630453378956373 0.4214876033057851,519942.45830013056,0.014285714285714285,10281,5 63 644 1936 33 2321 85,0.5 0.18450184501845018 0.0807899461400359 0.5789775990809879 0.08904109589041095 0.6227544910179641 0.4793388429752066,519852.67255566857,0.014285714285714285,10301,5 63 638 1935 33 2312 79,0.5 0.18450184501845018 0.07001795332136446 0.5784032165422172 0.08904109589041095 0.6150556030795552 0.4297520661157025,519744.2516692868,0.014285714285714285,10414.0,7 61 599 1692 20 2290 93,0.7 0.17712177121771217 0.0 0.43882825962090755 0.0 0.5962360992301112 0.5454545454545454,718157.5131969298,0.014285714285714285,8539,0 213 1145 928 164 1977 76,0.0 0.7380073800738007 0.9802513464991023 0.0 0.9863013698630136 0.32848588537211293 0.4049586776859504,83705.57142688881,0.48095238095238096,5446,1 284 1156 993 160 1793 27,0.1 1.0 1.0 0.037334865020103386 0.958904109589041 0.1710863986313088 0.0,210134.9361399653,0.4238095238095238,3553,7 61 604 1708 20 2316 92,0.7 0.17712177121771217 0.008976660682226212 0.4480183802412407 0.0 0.6184773310521814 0.5371900826446281,718256.6840722279,0.014285714285714285,8057,0 213 1144 934 166 1983 78,0.0 0.7380073800738007 0.9784560143626571 0.0034462952326249283 1.0 0.33361847733105215 0.4214876033057851,83692.50211861588,0.48095238095238096,5447,1 283 1063 1027 130 1689 33,0.1 0.996309963099631 0.8330341113105925 0.05686387133831131 0.7534246575342466 0.08212147134302823 0.049586776859504134,208094.41456165104,0.3476190476190476,3918,7 61 600 1693 20 2294 85,0.7 0.17712177121771217 0.0017953321364452424 0.43940264215967834 0.0 0.5996578272027374 0.4793388429752066,718176.0090024103,0.014285714285714285,8361,0 213 1144 934 166 1983 78,0.0 0.7380073800738007 0.9784560143626571 0.0034462952326249283 1.0 0.33361847733105215 0.4214876033057851,83692.50211861588,0.48095238095238096,5447,1 284 1050 1014 133 1593 29,0.1 1.0 0.8096947935368043 0.04939689833429064 0.773972602739726 0.0 0.01652892561983471,208223.75862290192,0.3476190476190476,3730,10 79 825 1415 46 2568 148,1.0 0.24354243542435425 0.40574506283662476 0.27972429638139 0.1780821917808219 0.8340461933276304 1.0,1028718.5671482944,0.5666666666666667,9217,5 16 742 2669 27 2661 145,0.5 0.01107011070110701 0.25673249551166966 1.0 0.04794520547945205 0.913601368691189 0.9752066115702479,504689.2417660738,0.7476190476190476,9012,0 14 710 1683 32 2519 126,0.0 0.0036900369003690036 0.1992818671454219 0.43365881677197016 0.0821917808219178 0.7921300256629598 0.8181818181818182,2812.4398384200927,0.680952380952381,10272,7 80 903 1198 56 2404 138,0.7 0.24723247232472326 0.5457809694793537 0.15508328546812178 0.2465753424657534 0.6937553464499572 0.9173553719008265,730368.652655817,0.5571428571428572,9685,5 16 787 2667 28 2762 131,0.5 0.01107011070110701 0.3375224416517056 0.9988512349224583 0.0547945205479452 1.0 0.859504132231405,505497.4256777372,0.7476190476190476,8789,1 13 757 1700 23 2581 138,0.1 0.0 0.2836624775583483 0.4434233199310741 0.02054794520547945 0.8451668092386655 0.9173553719008265,103291.4719134994,0.719047619047619,8927,6 69 712 1950 40 2442 66,0.6 0.2066420664206642 0.20287253141831238 0.5870189546237794 0.136986301369863 0.7262617621899059 0.32231404958677684,623301.2344726818,0.014285714285714285,12465
resolved-p7d-c21d-3600-2nd/nsp-n10-d28-r0.10-rp0-fp0-s9,0 0 0 0 0 75 -52,0.0 0.0 0.0 0.0 0.0 0.0 0.0,0.0,0.4857142857142857,138,0 0 0 0 0 78 -36,0.0 0.0 0.0 0.0 0.0 0.13636363636363635 0.45714285714285713,1.8207792207792206,0.3142857142857143,117,0 0 0 0 0 83 -23,0.0 0.0 0.0 0.0 0.0 0.36363636363636365 0.8285714285714286,4.464935064935065,0.3,88.0,0 0 0 0 0 97 -36,0.0 0.0 0.0 0.0 0.0 1.0 0.45714285714285713,10.457142857142857,0.18571428571428572,96,0 0 0 0 0 91 -31,0.0 0.0 0.0 0.0 0.0 0.7272727272727273 0.6,7.872727272727273,0.4,100,0 0 0 0 0 90 -27,0.0 0.0 0.0 0.0 0.0 0.6818181818181818 0.7142857142857143,7.532467532467532,0.18571428571428572,106,0 0 0 0 0 90 -34,0.0 0.0 0.0 0.0 0.0 0.6818181818181818 0.5142857142857142,7.332467532467532,0.18571428571428572,224,0 0 0 0 0 92 -36,0.0 0.0 0.0 0.0 0.0 0.7727272727272727 0.45714285714285713,8.184415584415584,0.4,156,0 0 0 0 0 90 -29,0.0 0.0 0.0 0.0 0.0 0.6818181818181818 0.6571428571428571,7.475324675324675,0.18571428571428572,160,0 0 0 0 0 93 -31,0.0 0.0 0.0 0.0 0.0 0.8181818181818182 0.6,8.781818181818181,0.18571428571428572,288,0 0 0 0 0 93 -37,0.0 0.0 0.0 0.0 0.0 0.8181818181818182 0.42857142857142855,8.61038961038961,0.35714285714285715,104,0 0 0 0 0 88 -31,0.0 0.0 0.0 0.0 0.0 0.5909090909090909 0.6,6.509090909090909,0.18571428571428572,374,0 0 0 0 0 86 -35,0.0 0.0 0.0 0.0 0.0 0.5 0.4857142857142857,5.485714285714286,0.18571428571428572,173,0 0 0 0 0 92 -17,0.0 0.0 0.0 0.0 0.0 0.7727272727272727 1.0,8.727272727272727,0.5285714285714286,167,0 0 0 0 0 90 -30,0.0 0.0 0.0 0.0 0.0 0.6818181818181818 0.6285714285714286,7.4467532467532465,0.18571428571428572,95,0 0 0 0 0 86 -35,0.0 0.0 0.0 0.0 0.0 0.5 0.4857142857142857,5.485714285714286,0.18571428571428572,173,0 0 0 0 0 92 -17,0.0 0.0 0.0 0.0 0.0 0.7727272727272727 1.0,8.727272727272727,0.5285714285714286,167,0 0 0 0 0 90 -33,0.0 0.0 0.0 0.0 0.0 0.6818181818181818 0.5428571428571428,7.36103896103896,0.18571428571428572,97,0 0 0 0 0 90 -26,0.0 0.0 0.0 0.0 0.0 0.6818181818181818 0.7428571428571429,7.56103896103896,0.21428571428571427,159
resolved-p7d-c21d-3600-2nd/nsp-n50-d28-r0.10-rp2-fp2-s1,0 4 1559 6789 13 5733 -64,0.0 0.011494252873563218 0.1657250470809793 0.5101813110181311 0.140625 0.4748663101604278 0.42053789731051344,3336.0887701831607,0.03428571428571429,4144,4 26 1733 2755 35 5513 -38,0.17391304347826086 0.07471264367816093 0.3295668549905838 0.13509995350999535 0.484375 0.3964349376114082 0.4841075794621027,184867.96230644837,0.014285714285714285,7044,4 26 1753 2790 35 5533 -42,0.17391304347826086 0.07471264367816093 0.3483992467043315 0.13835425383542538 0.484375 0.4035650623885918 0.4743276283618582,185059.60204520795,0.014285714285714285,6867.0,8 19 1961 5748 4 6217 -39,0.34782608695652173 0.05459770114942529 0.544256120527307 0.41338912133891215 0.0 0.647415329768271 0.48166259168704156,359148.76321396563,0.014285714285714285,2785,11 348 1383 3139 12 4402 -15,0.4782608695652174 1.0 0.0 0.1708042770804277 0.125 0.00035650623885918 0.5403422982885085,578444.7177496585,0.14,1695,12 336 1593 3847 10 4805 -8,0.5217391304347826 0.9655172413793104 0.1977401129943503 0.23663412366341235 0.09375 0.14402852049910875 0.5574572127139364,620516.2625687383,0.14,1688,8 18 1971 5607 4 6243 -37,0.34782608695652173 0.05172413793103448 0.5536723163841808 0.400278940027894 0.0 0.6566844919786097 0.48655256723716384,358942.5562509819,0.014285714285714285,2874,11 348 1386 3139 12 4401 -15,0.4782608695652174 1.0 0.002824858757062147 0.1708042770804277 0.125 0.0 0.5403422982885085,578472.9627721667,0.14,1694,12 336 1593 3847 10 4805 -6,0.5217391304347826 0.9655172413793104 0.1977401129943503 0.23663412366341235 0.09375 0.14402852049910875 0.5623471882640587,620516.2674587138,0.14,1687,7 18 1921 5349 7 6206 -13,0.30434782608695654 0.05172413793103448 0.5065913370998116 0.3762900976290098 0.046875 0.64349376114082 0.5452322738386308,314974.11101857235,0.014285714285714285,2984,12 338 1576 3862 10 4799 -9,0.5217391304347826 0.9712643678160919 0.1817325800376648 0.23802882380288237 0.09375 0.14188948306595364 0.5550122249388753,620932.2707476269,0.14,1678,12 336 1593 3847 10 4805 -6,0.5217391304347826 0.9655172413793104 0.1977401129943503 0.23663412366341235 0.09375 0.14402852049910875 0.5623471882640587,620516.2674587138,0.14,1687,3 81 1613 1304 66 4795 84,0.13043478260869565 0.23275862068965517 0.21657250470809794 0.00018596001859600187 0.96875 0.14046345811051694 0.78239608801956,155975.61771542986,0.014285714285714285,2483,0 0 2190 4101 51 6712 118,0.0 0.0 0.7598870056497176 0.2602510460251046 0.734375 0.823885918003565 0.8655256723716381,7941.662987374688,0.6314285714285715,2950,0 0 1642 2171 65 5878 173,0.0 0.0 0.243879472693032 0.08079962807996281 0.953125 0.526559714795009 1.0,2621.1724521582328,0.66,2376,3 80 1607 1302 66 4762 83,0.13043478260869565 0.22988505747126436 0.21092278719397364 0.0 0.96875 0.128698752228164 0.7799511002444988,155631.45816638434,0.014285714285714285,2507,0 0 2190 4015 46 6698 121,0.0 0.0 0.7598870056497176 0.2522547652254765 0.65625 0.8188948306595365 0.8728606356968215,7925.8116306649445,0.6314285714285715,2966,0 0 1618 2091 68 5808 152,0.0 0.0 0.22128060263653485 0.07336122733612273 1.0 0.5016042780748663 0.9486552567237164,2392.1319517389434,0.6571428571428571,2495,23 12 2445 12057 4 7206 -236,1.0 0.034482758620689655 1.0 1.0 0.0 1.0 0.0,1014458.275862069,0.014285714285714285,9896
resolved-p7d-c21d-3600-2nd/nsp-n20-d28-r0.10-rp2-fp2-s7,0 0 0 0 0 52 -70,0.0 0.0 0.0 0.0 0.0 0.0 0.0,0.0,0.4,402,0 0 0 0 0 53 -64,0.0 0.0 0.0 0.0 0.0 0.037037037037037035 0.14634146341463414,0.5167118337850045,0.30714285714285716,331,0 0 0 0 0 61 -47,0.0 0.0 0.0 0.0 0.0 0.3333333333333333 0.5609756097560976,3.8943089430894307,0.21428571428571427,297.0,0 0 0 0 0 68 -46,0.0 0.0 0.0 0.0 0.0 0.5925925925925926 0.5853658536585366,6.511291779584462,0.17857142857142858,333,0 0 0 0 0 76 -31,0.0 0.0 0.0 0.0 0.0 0.8888888888888888 0.9512195121951219,9.840108401084011,0.38571428571428573,24,0 0 0 0 0 68 -50,0.0 0.0 0.0 0.0 0.0 0.5925925925925926 0.4878048780487805,6.4137308039747065,0.17857142857142858,251,0 0 0 0 0 69 -44,0.0 0.0 0.0 0.0 0.0 0.6296296296296297 0.6341463414634146,6.930442637759711,0.17857142857142858,262,0 0 0 0 0 79 -32,0.0 0.0 0.0 0.0 0.0 1.0 0.926829268292683,10.926829268292684,0.32142857142857145,25,0 0 0 0 0 64 -56,0.0 0.0 0.0 0.0 0.0 0.4444444444444444 0.34146341463414637,4.785907859078591,0.17857142857142858,216,0 0 0 0 0 64 -45,0.0 0.0 0.0 0.0 0.0 0.4444444444444444 0.6097560975609756,5.05420054200542,0.17857142857142858,221,0 0 0 0 0 66 -36,0.0 0.0 0.0 0.0 0.0 0.5185185185185185 0.8292682926829268,6.014453477868112,0.40714285714285714,101,0 0 0 0 0 63 -69,0.0 0.0 0.0 0.0 0.0 0.4074074074074074 0.024390243902439025,4.098464317976513,0.17857142857142858,240,0 0 0 0 0 65 -59,0.0 0.0 0.0 0.0 0.0 0.48148148148148145 0.2682926829268293,5.083107497741644,0.17857142857142858,286,0 0 0 0 0 67 -29,0.0 0.0 0.0 0.0 0.0 0.5555555555555556 1.0,6.555555555555555,0.5571428571428572,216,0 0 0 0 0 70 -42,0.0 0.0 0.0 0.0 0.0 0.6666666666666666 0.6829268292682927,7.3495934959349585,0.17857142857142858,219,0 0 0 0 0 65 -57,0.0 0.0 0.0 0.0 0.0 0.48148148148148145 0.3170731707317073,5.1318879855465225,0.17857142857142858,284,0 0 0 0 0 67 -29,0.0 0.0 0.0 0.0 0.0 0.5555555555555556 1.0,6.555555555555555,0.5571428571428572,216,0 0 0 0 0 70 -52,0.0 0.0 0.0 0.0 0.0 0.6666666666666666 0.43902439024390244,7.105691056910569,0.17857142857142858,228,0 0 0 0 0 65 -63,0.0 0.0 0.0 0.0 0.0 0.48148148148148145 0.17073170731707318,4.985546522131888,0.17857142857142858,78
resolved-p7d-c21d-3600-2nd/nsp-n40-d28-r0.10-rp2-fp2-s8,0 0 0 0 0 237 -130,0.0 0.0 0.0 0.0 0.0 0.0 0.4888888888888889,0.4888888888888889,0.20714285714285716,294,0 0 0 0 0 292 -149,0.0 0.0 0.0 0.0 0.0 0.34810126582278483 0.2777777777777778,3.758790436005626,0.17857142857142858,163,0 0 0 0 0 316 -124,0.0 0.0 0.0 0.0 0.0 0.5 0.5555555555555556,5.555555555555555,0.12857142857142856,135.0,0 0 0 0 0 328 -133,0.0 0.0 0.0 0.0 0.0 0.5759493670886076 0.45555555555555555,6.215049226441631,0.1,182,0 0 0 0 0 395 -146,0.0 0.0 0.0 0.0 0.0 1.0 0.3111111111111111,10.311111111111112,0.36428571428571427,39,0 0 0 0 0 351 -111,0.0 0.0 0.0 0.0 0.0 0.7215189873417721 0.7,7.915189873417721,0.1,211,0 0 0 0 0 357 -139,0.0 0.0 0.0 0.0 0.0 0.759493670886076 0.3888888888888889,7.983825597749649,0.1,268,0 0 0 0 0 394 -125,0.0 0.0 0.0 0.0 0.0 0.9936708860759493 0.5444444444444444,10.481153305203938,0.2642857142857143,25,0 0 0 0 0 358 -122,0.0 0.0 0.0 0.0 0.0 0.7658227848101266 0.5777777777777777,8.236005625879043,0.1,150,0 0 0 0 0 354 -120,0.0 0.0 0.0 0.0 0.0 0.740506329113924 0.6,8.00506329113924,0.1,146,0 0 0 0 0 343 -84,0.0 0.0 0.0 0.0 0.0 0.6708860759493671 1.0,7.708860759493671,0.2642857142857143,30,0 0 0 0 0 346 -118,0.0 0.0 0.0 0.0 0.0 0.689873417721519 0.6222222222222222,7.520956399437413,0.1,94,0 0 0 0 0 356 -115,0.0 0.0 0.0 0.0 0.0 0.7531645569620253 0.6555555555555556,8.18720112517581,0.1,465,0 0 0 0 0 368 -116,0.0 0.0 0.0 0.0 0.0 0.8291139240506329 0.6444444444444445,8.935583684950773,0.5571428571428572,99,0 0 0 0 0 355 -107,0.0 0.0 0.0 0.0 0.0 0.7468354430379747 0.7444444444444445,8.212798874824191,0.1,286,0 0 0 0 0 356 -115,0.0 0.0 0.0 0.0 0.0 0.7531645569620253 0.6555555555555556,8.18720112517581,0.1,465,0 0 0 0 0 368 -116,0.0 0.0 0.0 0.0 0.0 0.8291139240506329 0.6444444444444445,8.935583684950773,0.5571428571428572,99,0 0 0 0 0 355 -107,0.0 0.0 0.0 0.0 0.0 0.7468354430379747 0.7444444444444445,8.212798874824191,0.1,286,0 0 0 0 0 375 -174,0.0 0.0 0.0 0.0 0.0 0.8734177215189873 0.0,8.734177215189874,0.1,42
resolved-p7d-c21d-3600-2nd/nsp-n10-d28-r0.10-rp0-fp0-s6,0 1 2 0 0 82 -30,0.0 0.022727272727272728 0.029850746268656716 0.0 0.0 0.0 0.0,2571.23473541384,0.4,12762,0 1 2 0 0 83 -26,0.0 0.022727272727272728 0.029850746268656716 0.0 0.0 0.004310344827586207 0.10256410256410256,2571.3804029646803,0.32857142857142857,12817,0 1 2 0 0 91 -28,0.0 0.022727272727272728 0.029850746268656716 0.0 0.0 0.03879310344827586 0.05128205128205128,2571.673948499605,0.18571428571428572,12811.0,2 0 0 0 0 88 -26,0.6666666666666666 0.0 0.0 0.0 0.0 0.02586206896551724 0.10256410256410256,666667.0278514589,0.0,13161,0 1 2 0 0 106 -22,0.0 0.022727272727272728 0.029850746268656716 0.0 0.0 0.10344827586206896 0.20512820512820512,2572.474346377589,0.42857142857142855,9847,0 1 2 0 0 115 -15,0.0 0.022727272727272728 0.029850746268656716 0.0 0.0 0.14224137931034483 0.38461538461538464,2573.041764591559,0.05714285714285714,21836,2 0 0 0 0 88 -22,0.6666666666666666 0.0 0.0 0.0 0.0 0.02586206896551724 0.20512820512820512,666667.1304155614,0.0,13158,0 1 2 0 0 106 -20,0.0 0.022727272727272728 0.029850746268656716 0.0 0.0 0.10344827586206896 0.2564102564102564,2572.525628428871,0.4142857142857143,9843,0 1 2 0 0 135 -20,0.0 0.022727272727272728 0.029850746268656716 0.0 0.0 0.22844827586206898 0.2564102564102564,2573.775628428871,0.05714285714285714,21776,2 0 0 0 0 88 -26,0.6666666666666666 0.0 0.0 0.0 0.0 0.02586206896551724 0.10256410256410256,666667.0278514589,0.0,13161,0 1 2 0 0 106 -19,0.0 0.022727272727272728 0.029850746268656716 0.0 0.0 0.10344827586206896 0.28205128205128205,2572.5512694545123,0.4,9842,0 1 2 0 0 115 -15,0.0 0.022727272727272728 0.029850746268656716 0.0 0.0 0.14224137931034483 0.38461538461538464,2573.041764591559,0.05714285714285714,21836,3 39 67 22 5 314 2,1.0 0.8863636363636364 1.0 0.7333333333333333 0.7142857142857143 1.0 0.8205128205128205,1099451.9460539462,0.014285714285714285,29564,0 1 2 0 0 94 -24,0.0 0.022727272727272728 0.029850746268656716 0.0 0.0 0.05172413793103448 0.15384615384615385,2571.9058229469965,0.5571428571428572,11651,0 1 2 0 0 131 -25,0.0 0.022727272727272728 0.029850746268656716 0.0 0.0 0.21120689655172414 0.1282051282051282,2573.4750095075624,0.07142857142857142,16521,2 44 65 30 7 312 9,0.6666666666666666 1.0 0.9701492537313433 1.0 1.0 0.9913793103448276 1.0,777479.0729970835,0.014285714285714285,30508,0 1 2 0 0 94 -24,0.0 0.022727272727272728 0.029850746268656716 0.0 0.0 0.05172413793103448 0.15384615384615385,2571.9058229469965,0.5571428571428572,11651,0 1 2 0 0 131 -25,0.0 0.022727272727272728 0.029850746268656716 0.0 0.0 0.21120689655172414 0.1282051282051282,2573.4750095075624,0.07142857142857142,16521,2 0 0 0 0 89 -29,0.6666666666666666 0.0 0.0 0.0 0.0 0.03017241379310345 0.02564102564102564,666666.9940318302,0.0,10763
resolved-p7d-c21d-3600-2nd/nsp-n40-d28-r0.10-rp2-fp2-s4,1 4 616 6513 6 3252 -153,0.09090909090909091 0.0 0.0 1.0 0.0 0.33023975251353443 0.0,91912.39330661605,0.07142857142857142,2530,10 26 832 1419 37 3003 1,0.9090909090909091 0.052132701421800945 0.22063329928498468 0.03449583017437453 0.29523809523809524 0.23395204949729312 0.5292096219931272,916577.4005957542,0.010714285714285714,8187,10 26 831 1403 37 2997 2,0.9090909090909091 0.052132701421800945 0.21961184882533197 0.03146322971948446 0.29523809523809524 0.23163186388244392 0.5326460481099656,916564.1337252727,0.010714285714285714,8683.0,11 9 997 2705 16 3530 -65,1.0 0.011848341232227487 0.3891726251276813 0.27824109173616374 0.09523809523809523 0.4377416860015468 0.3024054982817869,1005369.0050981179,0.010714285714285714,8033,9 302 1035 1391 44 2526 45,0.8181818181818182 0.7061611374407583 0.4279877425944842 0.029188779378316907 0.3619047619047619 0.04949729311678268 0.6804123711340206,893144.36399271,0.29285714285714287,1083,9 277 999 2148 18 3133 12,0.8181818181818182 0.6469194312796208 0.39121552604698673 0.17266868840030325 0.11428571428571428 0.2842227378190255 0.5670103092783505,886973.4230677665,0.18928571428571428,957,11 9 997 2703 13 3530 -65,1.0 0.011848341232227487 0.3891726251276813 0.2778620166793025 0.06666666666666667 0.4377416860015468 0.3024054982817869,1005365.7688802038,0.010714285714285714,8123,9 302 1035 1391 44 2526 45,0.8181818181818182 0.7061611374407583 0.4279877425944842 0.029188779378316907 0.3619047619047619 0.04949729311678268 0.6804123711340206,893144.36399271,0.29285714285714287,1083,7 342 906 1237 21 2627 47,0.6363636363636364 0.8009478672985783 0.296220633299285 0.0 0.14285714285714285 0.088553750966744 0.6872852233676976,719436.4879635058,0.32142857142857145,1034,11 10 997 2702 12 3530 -64,1.0 0.014218009478672985 0.3891726251276813 0.2776724791508719 0.05714285714285714 0.4377416860015468 0.30584192439862545,1005601.5972227937,0.010714285714285714,7959,8 426 938 1413 55 2398 1,0.7272727272727273 1.0 0.3289070480081716 0.03335860500379075 0.4666666666666667 0.0 0.5292096219931272,830642.3522341015,0.29285714285714287,1096,7 342 978 1323 20 2602 18,0.6363636363636364 0.8009478672985783 0.36976506639427986 0.016300227445034118 0.13333333333333333 0.07888631090487239 0.5876288659793815,720187.0838101903,0.17142857142857143,1031,8 62 1413 2702 111 4356 138,0.7272727272727273 0.13744075829383887 0.8140960163432074 0.2776724791508719 1.0 0.757153905645785 1.0,749544.0072837506,0.5178571428571429,8270,3 28 1474 3605 23 4889 117,0.2727272727272727 0.05687203791469194 0.8764044943820225 0.4488248673237301 0.1619047619047619 0.9632637277648879 0.9278350515463918,287654.0972784055,0.675,5530,0 15 1595 2858 91 4746 95,0.0 0.026066350710900472 1.0 0.30724033358605 0.8095238095238095 0.9079659706109822 0.852233676975945,13004.759679011564,0.6535714285714286,6584,8 46 1218 3281 50 4347 130,0.7272727272727273 0.0995260663507109 0.6149131767109295 0.38741470811220624 0.41904761904761906 0.7536736272235112 0.9725085910652921,743812.294389788,0.5214285714285715,7849,4 30 1539 4121 25 4984 128,0.36363636363636365 0.061611374407582936 0.9427987742594485 0.5466262319939348 0.18095238095238095 1.0 0.9656357388316151,379801.1759255444,0.675,5012,0 15 1589 2673 96 4596 88,0.0 0.026066350710900472 0.9938712972420838 0.2721758908263836 0.8571428571428571 0.8499613302397525 0.8281786941580757,12912.56601204811,0.6535714285714286,6804,10 13 974 1638 41 3781 -117,0.9090909090909091 0.02132701421800948 0.36567926455566907 0.07600454890068234 0.3333333333333333 0.5348027842227379 0.12371134020618557,914995.2127796832,0.010714285714285714,9912
resolved-p7d-c21d-3600-2nd/nsp-n10-d28-r0.10-rp0-fp0-s8,0 1 0 2 0 79 -31,0.0 0.0 0.0 0.0 0.0 0.0 0.0,0.0,0.2571428571428571,9905,0 1 0 2 0 83 -26,0.0 0.0 0.0 0.0 0.0 0.008791208791208791 0.1282051282051282,0.2161172161172161,0.32857142857142857,9840,0 1 0 2 0 83 -16,0.0 0.0 0.0 0.0 0.0 0.008791208791208791 0.38461538461538464,0.4725274725274725,0.2714285714285714,9830.0,1 1 0 2 0 91 -22,1.0 0.0 0.0 0.0 0.0 0.026373626373626374 0.23076923076923078,1000000.4945054945,0.02857142857142857,5667,0 1 0 2 0 101 -19,0.0 0.0 0.0 0.0 0.0 0.04835164835164835 0.3076923076923077,0.7912087912087913,0.4,11810,0 1 0 2 0 94 -24,0.0 0.0 0.0 0.0 0.0 0.03296703296703297 0.1794871794871795,0.5091575091575091,0.04285714285714286,10863,1 1 0 2 0 91 -22,1.0 0.0 0.0 0.0 0.0 0.026373626373626374 0.23076923076923078,1000000.4945054945,0.02857142857142857,5667,0 1 0 2 0 101 -19,0.0 0.0 0.0 0.0 0.0 0.04835164835164835 0.3076923076923077,0.7912087912087913,0.4,11810,0 1 0 2 0 94 -24,0.0 0.0 0.0 0.0 0.0 0.03296703296703297 0.1794871794871795,0.5091575091575091,0.04285714285714286,10863,1 1 0 2 0 91 -22,1.0 0.0 0.0 0.0 0.0 0.026373626373626374 0.23076923076923078,1000000.4945054945,0.02857142857142857,5667,0 1 0 2 0 101 -19,0.0 0.0 0.0 0.0 0.0 0.04835164835164835 0.3076923076923077,0.7912087912087913,0.4,11810,0 1 0 2 0 94 -24,0.0 0.0 0.0 0.0 0.0 0.03296703296703297 0.1794871794871795,0.5091575091575091,0.04285714285714286,10863,1 1 0 2 0 93 -15,1.0 0.0 0.0 0.0 0.0 0.03076923076923077 0.41025641025641024,1000000.717948718,0.02857142857142857,11062,1 29 94 73 20 484 3,1.0 1.0 1.0 0.9466666666666667 1.0 0.8901098901098901 0.8717948717948718,1111056.4395604397,0.6571428571428571,31768,0 16 93 32 11 507 8,0.0 0.5357142857142857 0.9893617021276596 0.4 0.55 0.9406593406593406 1.0,63930.45218611176,0.6857142857142857,30735,1 1 0 2 0 93 -15,1.0 0.0 0.0 0.0 0.0 0.03076923076923077 0.41025641025641024,1000000.717948718,0.02857142857142857,11062,1 29 81 77 19 492 6,1.0 1.0 0.8617021276595744 1.0 0.95 0.9076923076923077 0.9487179487179487,1109722.0469176213,0.7,33329,0 16 90 33 11 534 5,0.0 0.5357142857142857 0.9574468085106383 0.41333333333333333 0.55 1.0 0.9230769230769231,63625.15306679137,0.6857142857142857,30898,1 1 0 2 0 87 -22,1.0 0.0 0.0 0.0 0.0 0.017582417582417582 0.23076923076923078,1000000.4065934066,0.02857142857142857,14832
resolved-p7d-c21d-3600-2nd/nsp-n50-d28-r0.10-rp2-fp2-s6,3 22 1531 2610 30 5246 -7,0.0 0.04602510460251046 0.025584795321637425 0.017650962176509622 0.3 0.07726527745258721 0.31896551724137934,4907.100993935697,0.014285714285714285,7678,3 22 1535 2608 29 5245 -8,0.0 0.04602510460251046 0.02850877192982456 0.01738553417385534 0.2833333333333333 0.07703114024818544 0.3146551724137931,4934.402013631377,0.014285714285714285,7663,3 22 1645 2627 27 5263 -13,0.0 0.04602510460251046 0.10891812865497076 0.019907100199071003 0.25 0.08124560992741747 0.29310344827586204,5737.704406547376,0.014285714285714285,7495.0,3 12 1498 2511 16 4930 -75,0.0 0.0041841004184100415 0.0014619883040935672 0.0045122760451227605 0.06666666666666667 0.003277920861624912 0.02586206896551724,444.267508871311,0.014285714285714285,6116,6 230 1640 3220 28 4916 -7,0.2727272727272727 0.9163179916317992 0.10526315789473684 0.09860650298606503 0.26666666666666666 0.0 0.31896551724137934,365537.29560456995,0.34,1239,3 250 1496 3309 28 5011 17,0.0 1.0 0.0 0.11041804910418049 0.26666666666666666 0.022243034418169046 0.4224137931034483,100137.72955990813,0.2571428571428571,2716,3 11 1617 2477 45 4947 -81,0.0 0.0 0.08845029239766082 0.0 0.55 0.0072582533364551624 0.0,939.5755065099728,0.014285714285714285,6311,6 230 1640 3220 27 4916 -2,0.2727272727272727 0.9163179916317992 0.10526315789473684 0.09860650298606503 0.25 0.0 0.34051724137931033,365535.65048962744,0.34,1240,3 250 1496 3310 28 5011 22,0.0 1.0 0.0 0.11055076310550763 0.26666666666666666 0.022243034418169046 0.44396551724137934,100137.8838256336,0.2571428571428571,2715,3 14 1649 2832 20 5272 -48,0.0 0.012552301255230125 0.1118421052631579 0.047113470471134705 0.13333333333333333 0.08335284476703349 0.14224137931034483,2435.0737517860402,0.014285714285714285,5537,6 230 1640 3220 28 4916 -7,0.2727272727272727 0.9163179916317992 0.10526315789473684 0.09860650298606503 0.26666666666666666 0.0 0.31896551724137934,365537.29560456995,0.34,1239,3 250 1496 3309 28 5011 17,0.0 1.0 0.0 0.11041804910418049 0.26666666666666666 0.022243034418169046 0.4224137931034483,100137.72955990813,0.2571428571428571,2716,14 54 2840 9332 15 8676 57,1.0 0.1799163179916318 0.9824561403508771 0.9097544790975448 0.05 0.8803558885506907 0.5948275862068966,1028740.3460682412,0.6085714285714285,5036,3 76 2278 4312 72 7076 151,0.0 0.2719665271966527 0.5716374269005848 0.2435301924353019 1.0 0.5057363615078436 1.0,33262.6145447215,0.6885714285714286,5512,10 15 2751 10012 17 9187 48,0.6363636363636364 0.016736401673640166 0.9173976608187134 1.0 0.08333333333333333 1.0 0.5560344827586207,648230.1425070036,0.6428571428571429,4675,13 45 2864 9721 12 8756 59,0.9090909090909091 0.14225941422594143 1.0 0.9613802256138022 0.0 0.8990868649028331 0.603448275862069,934287.8250560419,0.6142857142857143,4983,4 72 2311 4680 69 7168 140,0.09090909090909091 0.25523012552301255 0.5957602339181286 0.2923689449236894 0.95 0.5272769843128073 0.9525862068965517,122783.30010154717,0.6857142857142857,5340,9 16 2664 9570 17 9027 74,0.5454545454545454 0.02092050209205021 0.8538011695906432 0.9413404114134041 0.08333333333333333 0.9625380472957152 0.6681034482758621,557044.5745883249,0.6428571428571429,4870,3 14 1570 2912 19 5802 5,0.0 0.012552301255230125 0.054093567251461985 0.0577305905773059 0.11666666666666667 0.20744556309997658 0.3706896551724138,1868.008200567777,0.014285714285714285,8219
resolved-p7d-c21d-3600-2nd/nsp-n40-d28-r0.10-rp2-fp2-s5,17 113 1352 4095 27 4339 -42,0.4 0.0 0.9600363306085377 0.822609472743521 0.028037383177570093 0.8621359223300971 0.1511627906976744,410434.54903916066,0.017857142857142856,8466,17 113 1352 4093 26 4337 -59,0.4 0.0 0.9600363306085377 0.8221626452189454 0.018691588785046728 0.8615811373092926 0.05232558139534884,410433.0632471373,0.017857142857142856,8575,14 113 1352 4011 26 4336 -68,0.3 0.0 0.9600363306085377 0.8038427167113494 0.018691588785046728 0.8613037447988904 0.0,310414.6882191232,0.017857142857142856,9079.0,9 115 1157 4078 24 4029 -43,0.13333333333333333 0.004651162790697674 0.7829246139872843 0.8188114387846291 0.0 0.7761442441054092 0.14534883720930233,142454.41398233885,0.017857142857142856,2684,6 383 1197 1153 95 3060 99,0.03333333333333333 0.627906976744186 0.8192552225249773 0.16532618409294011 0.6635514018691588 0.5073509015256588 0.9709302325581395,104554.30899652938,0.37142857142857144,4879,10 358 978 1539 89 2982 93,0.16666666666666666 0.5697674418604651 0.620345140781108 0.2515638963360143 0.6074766355140186 0.4857142857142857 0.936046511627907,230164.96700978043,0.14285714285714285,6646,9 116 1158 4078 24 4034 -40,0.13333333333333333 0.0069767441860465115 0.7838328792007266 0.8188114387846291 0.0 0.7775312066574203 0.16279069767441862,142696.08608549414,0.017857142857142856,2657,5 419 1170 1094 106 2937 104,0.0 0.7116279069767442 0.7947320617620345 0.15214477211796246 0.7663551401869159 0.47323162274618585 1.0,79344.62391765887,0.4107142857142857,4998,11 343 973 1626 76 3083 78,0.2 0.5348837209302325 0.6158038147138964 0.27100089365504915 0.48598130841121495 0.5137309292649098 0.8488372093023255,259971.99541116034,0.14285714285714285,6541,10 116 1176 4314 24 4066 -51,0.16666666666666666 0.0069767441860465115 0.8001816530426885 0.8715370866845398 0.0 0.7864077669902912 0.09883720930232558,176245.65761726192,0.017857142857142856,2517,5 419 1211 1104 102 3006 91,0.0 0.7116279069767442 0.8319709355131698 0.15437890974084004 0.7289719626168224 0.492371705963939 0.9244186046511628,79715.62429447292,0.4107142857142857,4890,12 312 918 2001 78 3058 81,0.23333333333333334 0.4627906976744186 0.5658492279745686 0.354781054512958 0.5046728971962616 0.5067961165048543 0.8662790697674418,285682.0779649883,0.14285714285714285,6472,34 543 796 998 131 1641 57,0.9666666666666667 1.0 0.4550408719346049 0.1306970509383378 1.0 0.11373092926490985 0.7267441860465116,1071449.6364904298,0.017857142857142856,2279,21 414 355 653 61 1303 59,0.5333333333333333 0.7 0.05449591280653951 0.05361930294906166 0.34579439252336447 0.019972260748959778 0.7383720930232558,603967.4292983006,0.7821428571428571,6672,18 401 295 413 49 1231 57,0.43333333333333335 0.6697674418604651 0.0 0.0 0.2336448598130841 0.0 0.7267441860465116,500334.1687495472,0.7928571428571428,8747,35 536 775 1001 127 1594 55,1.0 0.9837209302325581 0.4359673024523161 0.13136729222520108 0.9626168224299065 0.10069348127600555 0.7151162790697675,1102961.117073339,0.017857142857142856,2108,21 415 368 678 60 1328 58,0.5333333333333333 0.7023255813953488 0.06630336058128973 0.059204647006255585 0.3364485981308411 0.026907073509015257 0.7325581395348837,604322.7762143752,0.7821428571428571,6515,18 401 296 415 49 1244 55,0.43333333333333335 0.6697674418604651 0.0009082652134423251 0.00044682752457551384 0.2336448598130841 0.0036061026352288486 0.7151162790697675,500343.7226623256,0.7928571428571428,8661,19 115 1396 4889 25 4836 -30,0.4666666666666667 0.004651162790697674 1.0 1.0 0.009345794392523364 1.0 0.22093023255813954,478142.93845540826,0.017857142857142856,9180
resolved-p7d-c21d-3600-2nd/nsp-n20-d28-r0.10-rp2-fp2-s0,0 0 0 0 0 64 -60,0.0 0.0 0.0 0.0 0.0 0.04 0.0,0.4,0.2642857142857143,311,0 0 0 0 0 63 -53,0.0 0.0 0.0 0.0 0.0 0.0 0.21875,0.21875,0.2,233,0 0 0 0 0 71 -54,0.0 0.0 0.0 0.0 0.0 0.32 0.1875,3.3875,0.1357142857142857,194.0,0 0 0 0 0 80 -44,0.0 0.0 0.0 0.0 0.0 0.68 0.5,7.300000000000001,0.08571428571428572,278,0 0 0 0 0 88 -28,0.0 0.0 0.0 0.0 0.0 1.0 1.0,11.0,0.37857142857142856,31,0 0 0 0 0 79 -33,0.0 0.0 0.0 0.0 0.0 0.64 0.84375,7.24375,0.08571428571428572,141,0 0 0 0 0 75 -60,0.0 0.0 0.0 0.0 0.0 0.48 0.0,4.8,0.08571428571428572,243,0 0 0 0 0 83 -38,0.0 0.0 0.0 0.0 0.0 0.8 0.6875,8.6875,0.3142857142857143,50,0 0 0 0 0 76 -51,0.0 0.0 0.0 0.0 0.0 0.52 0.28125,5.48125,0.08571428571428572,324,0 0 0 0 0 76 -42,0.0 0.0 0.0 0.0 0.0 0.52 0.5625,5.7625,0.08571428571428572,159,0 0 0 0 0 74 -48,0.0 0.0 0.0 0.0 0.0 0.44 0.375,4.775,0.3142857142857143,26,0 0 0 0 0 72 -57,0.0 0.0 0.0 0.0 0.0 0.36 0.09375,3.6937499999999996,0.08571428571428572,78,0 0 0 0 0 75 -37,0.0 0.0 0.0 0.0 0.0 0.48 0.71875,5.51875,0.08571428571428572,352,0 0 0 0 0 83 -28,0.0 0.0 0.0 0.0 0.0 0.8 1.0,9.0,0.42142857142857143,75,0 0 0 0 0 81 -58,0.0 0.0 0.0 0.0 0.0 0.72 0.0625,7.262499999999999,0.08571428571428572,244,0 0 0 0 0 75 -34,0.0 0.0 0.0 0.0 0.0 0.48 0.8125,5.6125,0.08571428571428572,350,0 0 0 0 0 83 -28,0.0 0.0 0.0 0.0 0.0 0.8 1.0,9.0,0.42142857142857143,75,0 0 0 0 0 81 -58,0.0 0.0 0.0 0.0 0.0 0.72 0.0625,7.262499999999999,0.08571428571428572,244,0 0 0 0 0 81 -53,0.0 0.0 0.0 0.0 0.0 0.72 0.21875,7.418749999999999,0.08571428571428572,172
resolved-p7d-c21d-3600-2nd/nsp-n10-d28-r0.10-rp0-fp0-s1,0 1 0 1 0 97 -24,0.0 0.0 0.0 0.017543859649122806 0.0 0.02412280701754386 0.34210526315789475,18.127192982456137,0.5285714285714286,14545,0 1 2 3 0 101 -29,0.0 0.0 0.0392156862745098 0.05263157894736842 0.0 0.03289473684210526 0.21052631578947367,445.32791537667697,0.38571428571428573,14259,0 1 2 3 0 105 -37,0.0 0.0 0.0392156862745098 0.05263157894736842 0.0 0.041666666666666664 0.0,445.2051083591331,0.37142857142857144,14239.0,4 2 1 0 0 86 -32,1.0 0.1111111111111111 0.0196078431372549 0.0 0.0 0.0 0.13157894736842105,1011307.3211214311,0.014285714285714285,3820,0 1 0 0 0 101 -31,0.0 0.0 0.0 0.0 0.0 0.03289473684210526 0.15789473684210525,0.48684210526315785,0.5428571428571428,10401,0 1 0 0 0 97 -32,0.0 0.0 0.0 0.0 0.0 0.02412280701754386 0.13157894736842105,0.3728070175438596,0.4,5637,4 2 1 0 0 86 -31,1.0 0.1111111111111111 0.0196078431372549 0.0 0.0 0.0 0.15789473684210525,1011307.3474372205,0.014285714285714285,3819,0 1 0 0 0 101 -31,0.0 0.0 0.0 0.0 0.0 0.03289473684210526 0.15789473684210525,0.48684210526315785,0.5428571428571428,10401,0 1 0 0 0 97 -32,0.0 0.0 0.0 0.0 0.0 0.02412280701754386 0.13157894736842105,0.3728070175438596,0.4,5637,4 2 1 0 0 86 -31,1.0 0.1111111111111111 0.0196078431372549 0.0 0.0 0.0 0.15789473684210525,1011307.3474372205,0.014285714285714285,3819,0 1 0 0 0 101 -31,0.0 0.0 0.0 0.0 0.0 0.03289473684210526 0.15789473684210525,0.48684210526315785,0.5428571428571428,10401,0 1 0 0 0 97 -33,0.0 0.0 0.0 0.0 0.0 0.02412280701754386 0.10526315789473684,0.3464912280701754,0.4,5638,4 2 1 0 0 107 -27,1.0 0.1111111111111111 0.0196078431372549 0.0 0.0 0.046052631578947366 0.2631578947368421,1011307.9132266942,0.014285714285714285,12201,0 9 50 43 13 512 1,0.0 0.8888888888888888 0.9803921568627451 0.7543859649122807 0.6842105263157895 0.9342105263157895 1.0,99525.95958032335,0.7,34025,0 1 15 23 1 328 -13,0.0 0.0 0.29411764705882354 0.40350877192982454 0.05263157894736842 0.5307017543859649 0.631578947368421,3355.886996904025,0.5285714285714286,26076,4 2 1 0 0 107 -27,1.0 0.1111111111111111 0.0196078431372549 0.0 0.0 0.046052631578947366 0.2631578947368421,1011307.9132266942,0.014285714285714285,12201,0 10 51 57 19 542 -4,0.0 1.0 1.0 1.0 1.0 1.0 0.868421052631579,111110.86842105263,0.7,33716,0 1 15 23 1 328 -13,0.0 0.0 0.29411764705882354 0.40350877192982454 0.05263157894736842 0.5307017543859649 0.631578947368421,3355.886996904025,0.5571428571428572,26054,4 2 1 0 0 108 -25,1.0 0.1111111111111111 0.0196078431372549 0.0 0.0 0.04824561403508772 0.3157894736842105,1011307.9877880977,0.014285714285714285,13048
resolved-p7d-c21d-3600-2nd/nsp-n30-d28-r0.10-rp2-fp2-s6,1 22 271 694 20 1541 -27,0.16666666666666666 0.0 0.0 0.08360548661005879 0.0 0.0 0.0,166750.27215327672,0.2571428571428571,5434,3 56 599 1475 30 2350 50,0.5 0.1259259259259259 0.3416666666666667 0.5937295885042456 0.08403361344537816 0.9540094339622641 0.7475728155339806,516621.6798762632,0.009523809523809525,9494,3 56 593 1441 31 2335 54,0.5 0.1259259259259259 0.33541666666666664 0.5715218811234487 0.09243697478991597 0.9363207547169812 0.7864077669902912,516537.67445317586,0.009523809523809525,10813.0,3 55 558 1988 21 2202 27,0.5 0.12222222222222222 0.2989583333333333 0.9288047028086218 0.008403361344537815 0.7794811320754716 0.5242718446601942,516149.76967766404,0.009523809523809525,3362,0 236 959 651 135 1671 46,0.0 0.7925925925925926 0.7166666666666667 0.05551926845199216 0.9663865546218487 0.15330188679245282 0.7087378640776699,86580.3256065721,0.40476190476190477,5258,0 283 1153 649 128 1818 67,0.0 0.9666666666666667 0.91875 0.05421293272370999 0.907563025210084 0.3266509433962264 0.912621359223301,106003.31503270457,0.35714285714285715,5207,3 103 580 1861 33 2163 43,0.5 0.3 0.321875 0.8458523840627041 0.1092436974789916 0.7334905660377359 0.6796116504854369,534083.5412711215,0.009523809523809525,3491,0 236 961 658 134 1727 76,0.0 0.7925925925925926 0.71875 0.06009144350097975 0.957983193277311 0.21933962264150944 1.0,86605.84241831438,0.2857142857142857,5174,0 283 1153 636 139 1832 65,0.0 0.9666666666666667 0.91875 0.045721750489875895 1.0 0.3431603773584906 0.8932038834951457,106004.21322481363,0.4,5234,3 103 565 1859 34 2139 40,0.5 0.3 0.30625 0.8445460483344219 0.11764705882352941 0.7051886792452831 0.6504854368932039,533926.5131264462,0.009523809523809525,3610,0 236 959 651 135 1676 48,0.0 0.7925925925925926 0.7166666666666667 0.05551926845199216 0.9663865546218487 0.15919811320754718 0.7281553398058253,86580.40398631198,0.4,5255,0 292 1011 566 114 1783 65,0.0 1.0 0.7708333333333334 0.0 0.7899159663865546 0.28537735849056606 0.8932038834951457,107791.07190744039,0.23809523809523808,5062,6 234 1231 1000 138 2124 31,1.0 0.7851851851851852 1.0 0.2834748530372306 0.9915966386554622 0.6875 0.5631067961165048,1088908.5911422174,0.009523809523809525,4110,4 197 1211 690 119 1911 67,0.6666666666666666 0.6481481481481481 0.9791666666666666 0.08099281515349445 0.8319327731092437 0.4363207547169811 0.912621359223301,741442.6100695189,0.7380952380952381,8844,5 201 1221 720 132 1898 60,0.8333333333333334 0.662962962962963 0.9895833333333334 0.10058785107772697 0.9411764705882353 0.4209905660377358 0.8446601941747572,909725.2230269541,0.8,8802,6 236 1225 997 139 2109 31,1.0 0.7925925925925926 0.99375 0.28151534944480733 1.0 0.6698113207547169 0.5631067961165048,1089585.5358287077,0.009523809523809525,4078,5 184 1211 695 119 1937 65,0.8333333333333334 0.6 0.9791666666666666 0.08425865447419988 0.8319327731092437 0.4669811320754717 0.8932038834951457,903298.0149469894,0.7380952380952381,8637,5 200 1221 725 132 1898 63,0.8333333333333334 0.6592592592592592 0.9895833333333334 0.1038536903984324 0.9411764705882353 0.4209905660377358 0.8737864077669902,909358.147622118,0.8,8836,4 53 608 2097 27 2389 32,0.6666666666666666 0.11481481481481481 0.35104166666666664 1.0 0.058823529411764705 1.0 0.5728155339805825,682675.0199832899,0.009523809523809525,11350
resolved-p7d-c21d-3600-2nd/nsp-n20-d28-r0.10-rp2-fp2-s5,4 3 179 960 4 864 26,0.5714285714285714 0.017391304347826087 0.1828793774319066 0.5690747782002535 0.08333333333333333 0.3745082612116444 0.30434782608695654,575577.9531796448,0.007142857142857143,17344,3 3 170 669 4 816 29,0.42857142857142855 0.017391304347826087 0.17120622568093385 0.38466413181242076 0.08333333333333333 0.3367427222659323 0.33695652173913043,432419.3231119106,0.007142857142857143,17792,3 3 157 667 6 767 29,0.42857142857142855 0.017391304347826087 0.1543450064850843 0.38339670468948034 0.1388888888888889 0.2981904012588513 0.33695652173913043,432254.6135251747,0.007142857142857143,19124.0,3 5 197 429 4 845 26,0.42857142857142855 0.034782608695652174 0.20622568093385213 0.23257287705956908 0.08333333333333333 0.35955940204563336 0.30434782608695654,434356.7524025717,0.007142857142857143,18630,0 65 300 513 28 930 68,0.0 0.5565217391304348 0.3398184176394293 0.2858048162230672 0.75 0.42643587726199844 0.7608695652173914,59416.18813399868,0.7142857142857143,15193,0 116 280 495 29 784 62,0.0 1.0 0.3138780804150454 0.2743979721166033 0.7777777777777778 0.31156569630212433 0.6956521739130435,103494.76786318177,0.5571428571428572,13406,3 5 198 427 4 851 18,0.42857142857142855 0.034782608695652174 0.20752269779507135 0.23130544993662863 0.08333333333333333 0.36428009441384734 0.21739130434782608,434368.4153944629,0.007142857142857143,18507,0 65 311 564 33 924 60,0.0 0.5565217391304348 0.3540856031128405 0.3181242078580482 0.8888888888888888 0.4217151848937844 0.6739130434782609,59604.93410581124,0.7,14489,0 112 272 467 37 884 52,0.0 0.9652173913043478 0.3035019455252918 0.25665399239543724 1.0 0.3902439024390244 0.5869565217391305,99917.90197362927,0.6071428571428571,14761,3 5 198 427 4 852 12,0.42857142857142855 0.034782608695652174 0.20752269779507135 0.23130544993662863 0.08333333333333333 0.36506687647521635 0.15217391304347827,434368.3580448922,0.007142857142857143,18500,0 65 309 565 32 932 61,0.0 0.5565217391304348 0.35149156939040205 0.31875792141951836 0.8611111111111112 0.42800944138473646 0.6847826086956522,59576.923516500676,0.7,14613,0 112 275 485 37 858 49,0.0 0.9652173913043478 0.30739299610894943 0.26806083650190116 1.0 0.3697875688434304 0.5543478260869565,99967.9821515407,0.6071428571428571,14342,6 38 774 997 20 1525 64,0.8571428571428571 0.3217391304347826 0.9546044098573282 0.5925221799746515 0.5277777777777778 0.8945712037765539 0.717391304347826,899517.7773460031,0.4785714285714286,14043,0 1 77 62 18 578 40,0.0 0.0 0.05058365758754864 0.0 0.4722222222222222 0.14948859166011014 0.45652173913043476,555.0102057534401,0.6785714285714286,17879,0 1 38 99 13 407 26,0.0 0.0 0.0 0.023447401774397972 0.3333333333333333 0.014948859166011016 0.30434782608695654,57.234571525478366,0.5071428571428571,15993,7 48 809 1640 15 1659 90,1.0 0.40869565217391307 1.0 1.0 0.3888888888888889 1.0 1.0,1051919.45410628,0.4857142857142857,10010,0 1 88 91 1 603 7,0.0 0.0 0.0648508430609598 0.018377693282636248 0.0 0.16915814319433517 0.09782608695652174,668.6755314111341,0.6642857142857143,16200,0 1 39 86 11 388 23,0.0 0.0 0.0012970168612191958 0.015209125475285171 0.2777777777777778 0.0 0.2717391304347826,56.22881099568969,0.5071428571428571,15920,3 4 161 263 3 742 -2,0.42857142857142855 0.02608695652173913 0.15953307392996108 0.12737642585551331 0.05555555555555555 0.27852084972462626 0.0,432911.1721528104,0.007142857142857143,19059
resolved-p7d-c21d-3600-2nd/nsp-n40-d28-r0.10-rp2-fp2-s6,12 12 1252 3796 6 4594 -61,1.0 0.006134969325153374 0.38571428571428573 0.3352216748768473 0.03205128205128205 0.5896848137535816 0.03125,1004814.9946908777,0.010714285714285714,11055,12 12 1252 3772 7 4587 -57,1.0 0.006134969325153374 0.38571428571428573 0.33226600985221677 0.038461538461538464 0.5876790830945559 0.05625,1004812.6849941876,0.010714285714285714,11278,12 12 1252 3786 7 4587 -66,1.0 0.006134969325153374 0.38571428571428573 0.33399014778325126 0.038461538461538464 0.5876790830945559 0.0,1004814.3528821185,0.010714285714285714,11142.0,6 15 1086 3527 1 3629 -16,0.45454545454545453 0.015337423312883436 0.2276190476190476 0.3020935960591133 0.0 0.31318051575931233 0.3125,458660.92525415006,0.010714285714285714,7925,5 271 847 1147 21 2536 47,0.36363636363636365 0.8006134969325154 0.0 0.008990147783251232 0.1282051282051282 0.0 0.70625,443720.2302402189,0.17142857142857143,1338,6 270 992 1441 23 2846 42,0.45454545454545453 0.7975460122699386 0.1380952380952381 0.04519704433497537 0.14102564102564102 0.08882521489971347 0.675,535741.8710139873,0.17857142857142858,1702,6 15 1086 3429 1 3633 -16,0.45454545454545453 0.015337423312883436 0.2276190476190476 0.29002463054187194 0.0 0.31432664756446993 0.3125,458648.86774995085,0.010714285714285714,8013,5 271 847 1147 21 2536 47,0.36363636363636365 0.8006134969325154 0.0 0.008990147783251232 0.1282051282051282 0.0 0.70625,443720.2302402189,0.17142857142857143,1338,5 336 942 1074 41 2557 44,0.36363636363636365 1.0 0.09047619047619047 0.0 0.2564102564102564 0.006017191977077364 0.6875,464567.51423868636,0.17857142857142858,2111,8 16 1135 3761 2 3779 -28,0.6363636363636364 0.018404907975460124 0.2742857142857143 0.3309113300492611 0.00641025641025641 0.35616045845272204 0.2375,641282.3357643143,0.010714285714285714,7607,5 271 847 1147 21 2536 47,0.36363636363636365 0.8006134969325154 0.0 0.008990147783251232 0.1282051282051282 0.0 0.70625,443720.2302402189,0.17142857142857143,1338,5 336 947 1085 37 2583 49,0.36363636363636365 1.0 0.09523809523809523 0.001354679802955665 0.23076923076923078 0.013467048710601719 0.71875,464614.02961211157,0.17857142857142858,1905,9 15 1897 8925 4 6004 16,0.7272727272727273 0.015337423312883436 1.0 0.9668719211822661 0.019230769230769232 0.9936962750716333 0.5125,739785.7140648717,0.575,4349,3 29 1493 4903 18 5246 82,0.18181818181818182 0.05828220858895705 0.6152380952380953 0.47155172413793106 0.10897435897435898 0.7765042979942693 0.925,194289.9228324738,0.65,6703,1 30 1410 2188 157 4409 89,0.0 0.06134969325153374 0.5361904761904762 0.137192118226601 1.0 0.5366762177650429 0.96875,11740.401717462388,0.6678571428571428,7356,11 10 1894 9194 2 6026 7,0.9090909090909091 0.0 0.9971428571428571 1.0 0.00641025641025641 1.0 0.45625,920073.4349379786,0.575,4260,3 29 1493 4778 18 5241 94,0.18181818181818182 0.05828220858895705 0.6152380952380953 0.45615763546798027 0.10897435897435898 0.7750716332378224 1.0,194274.58941715627,0.65,6748,1 30 1410 2188 157 4409 92,0.0 0.06134969325153374 0.5361904761904762 0.137192118226601 1.0 0.5366762177650429 0.9875,11740.420467462389,0.6678571428571428,7355,4 16 998 2511 18 3488 -24,0.2727272727272727 0.018404907975460124 0.1438095238095238 0.1769704433497537 0.10897435897435898 0.27277936962750715 0.2625,276196.71693585743,0.010714285714285714,10667
resolved-p7d-c21d-3600-2nd/nsp-n30-d28-r0.10-rp2-fp2-s1,4 6 614 2188 19 2090 13,0.8 0.02054794520547945 0.4694167852062589 0.5307030554731533 0.25 0.35223555070883317 0.3384615384615385,807308.5262451293,0.009523809523809525,10774,4 6 612 2189 19 2071 -6,0.8 0.02054794520547945 0.4665718349928876 0.530999703352121 0.25 0.34187568157033804 0.046153846153846156,807279.9774844908,0.009523809523809525,10947,4 6 605 2191 19 2063 10,0.8 0.02054794520547945 0.4566145092460882 0.5315929991100563 0.25 0.33751363140676116 0.2923076923076923,807181.2000561253,0.009523809523809525,11046.0,4 11 290 1122 22 1688 4,0.8 0.03767123287671233 0.008534850640113799 0.21447641649362206 0.2916666666666667 0.13304252998909488 0.2,804097.6453025326,0.009523809523809525,6045,0 174 638 551 72 1673 39,0.0 0.5958904109589042 0.5035561877667141 0.04509047760308514 0.9861111111111112 0.12486368593238822 0.7384615384615385,64770.29166066954,0.41904761904761906,3085,1 292 681 1006 67 1633 14,0.2 1.0 0.5647226173541963 0.18006526253337288 0.9166666666666666 0.10305343511450382 0.35384615384615387,305920.342483247,0.1761904761904762,2901,4 11 317 1234 21 1789 -4,0.8 0.03767123287671233 0.04694167852062589 0.24770097893800058 0.2777777777777778 0.188113413304253 0.07692307692307693,804513.9768868033,0.009523809523809525,5665,0 175 664 620 73 1783 56,0.0 0.5993150684931506 0.5405405405405406 0.06555918125185405 1.0 0.18484187568157034 1.0,65505.31985472914,0.5047619047619047,3011,1 292 681 1006 67 1633 14,0.2 1.0 0.5647226173541963 0.18006526253337288 0.9166666666666666 0.10305343511450382 0.35384615384615387,305920.342483247,0.1761904761904762,2901,4 11 320 1395 15 1761 -1,0.8 0.03767123287671233 0.051209103840682786 0.29546128745179473 0.19444444444444445 0.1728462377317339 0.12307692307692308,804595.9715972746,0.009523809523809525,5524,0 174 638 551 72 1673 39,0.0 0.5958904109589042 0.5035561877667141 0.04509047760308514 0.9861111111111112 0.12486368593238822 0.7384615384615385,64770.29166066954,0.41904761904761906,3085,1 292 657 1084 72 1641 29,0.2 1.0 0.5305832147937412 0.20320379709285077 0.9861111111111112 0.1074154852780807 0.5846153846153846,305609.30582637875,0.30952380952380953,2921,4 1 284 399 37 1444 43,0.8 0.003424657534246575 0.0 0.0 0.5 0.0 0.8,800393.2657534246,0.009523809523809525,6967,0 0 783 3256 9 2928 29,0.0 0.0 0.7098150782361309 0.8475229902106199 0.1111111111111111 0.8091603053435115 0.5846153846153846,7965.46110212109,0.6571428571428571,4790,0 0 987 3770 1 3278 28,0.0 0.0 1.0 1.0 0.0 1.0 0.5692307692307692,11010.569230769232,0.5571428571428572,4064,4 1 319 562 33 1568 38,0.8 0.003424657534246575 0.049786628733997154 0.04835360427172946 0.4444444444444444 0.06761177753544166 0.7230769230769231,800934.5292841792,0.009523809523809525,6453,0 0 779 3255 9 2915 24,0.0 0.0 0.7041251778093883 0.8472263423316523 0.1111111111111111 0.802071973827699 0.5076923076923077,7908.117643582616,0.6571428571428571,4874,0 0 864 3095 3 3067 22,0.0 0.0 0.8250355618776671 0.7997626816968259 0.027777777777777776 0.8849509269356598 0.47692307692307695,9062.222510597556,0.5571428571428572,4877,5 3 468 1845 12 2148 -9,1.0 0.010273972602739725 0.26173541963015645 0.4289528329872441 0.1527777777777778 0.38386041439476554 0.0,1004092.8206714845,0.009523809523809525,13034
resolved-p7d-c21d-3600-2nd/nsp-n50-d28-r0.10-rp2-fp2-s0,11 89 1954 2176 91 6213 54,0.22580645161290322 0.006237006237006237 0.0 0.15867884750527056 0.296875 0.546563522761083 0.8,226624.78421933673,0.02,6206,10 93 1956 2140 89 6190 50,0.1935483870967742 0.014553014553014554 0.0008058017727639 0.15361911454673224 0.2864583333333333 0.5397203213329367 0.7789473684210526,195200.1876682651,0.02,6594,10 93 1956 2136 89 6191 48,0.1935483870967742 0.014553014553014554 0.0008058017727639 0.15305692199578355 0.2864583333333333 0.5400178518298125 0.7684210526315789,195199.6179247033,0.02,6617.0,8 97 2350 4822 36 7201 -4,0.12903225806451613 0.02286902286902287 0.15954875100725222 0.5305692199578356 0.010416666666666666 0.8405236536745017 0.49473684210526314,133455.15872149428,0.02,2903,8 451 2791 1717 154 5502 46,0.12903225806451613 0.7588357588357588 0.3372280419016922 0.09416725228390724 0.625 0.33501933948229695 0.7578947368421053,208448.8897075245,0.28285714285714286,518,4 539 2025 1663 137 4480 92,0.0 0.9417879417879418 0.028605962933118453 0.08657765284609979 0.5364583333333334 0.030943171675096696 1.0,94606.38672602155,0.29714285714285715,1060,9 101 2379 5479 34 7284 -22,0.16129032258064516 0.031185031185031187 0.17123287671232876 0.6229093464511595 0.0 0.8652186849152038 0.4,166753.11599957186,0.02,2550,8 451 2791 1717 154 5502 46,0.12903225806451613 0.7588357588357588 0.3372280419016922 0.09416725228390724 0.625 0.33501933948229695 0.7578947368421053,208448.8897075245,0.28285714285714286,518,4 539 2025 1663 137 4480 92,0.0 0.9417879417879418 0.028605962933118453 0.08657765284609979 0.5364583333333334 0.030943171675096696 1.0,94606.38672602155,0.29714285714285715,1060,8 95 2281 4777 36 7054 -5,0.12903225806451613 0.018711018711018712 0.13174858984689766 0.5242445537596627 0.010416666666666666 0.79678667063374 0.48947368421052634,132754.58939490386,0.02,3055,7 544 2520 1553 170 4857 39,0.0967741935483871 0.9521829521829522 0.22804190169218372 0.07111735769501054 0.7083333333333334 0.14311216899732224 0.7210526315789474,194417.01064895405,0.18857142857142858,557,4 539 2025 1663 137 4480 92,0.0 0.9417879417879418 0.028605962933118453 0.08657765284609979 0.5364583333333334 0.030943171675096696 1.0,94606.38672602155,0.29714285714285715,1060,35 567 3781 2344 140 4399 9,1.0 1.0 0.7360999194198228 0.18229093464511595 0.5520833333333334 0.006843201428146385 0.5631578947368421,1107599.1300520857,0.02,1223,10 191 4436 1047 208 6439 32,0.1935483870967742 0.2182952182952183 1.0 0.0 0.90625 0.6138054150550432 0.6842105263157895,225475.35619097287,0.7914285714285715,4982,15 331 3916 1351 152 5137 50,0.3548387096774194 0.5093555093555093 0.790491539081386 0.0427266338721012 0.6145833333333334 0.22642070812258255 0.7789473684210526,413786.4041254393,0.8057142857142857,4148,35 559 3738 2326 149 4376 8,1.0 0.9833679833679834 0.7187751813053989 0.1797610681658468 0.5989583333333334 0.0 0.5578947368421052,1105764.7649460884,0.02,1266,9 229 4265 1167 226 6347 40,0.16129032258064516 0.2972972972972973 0.9311039484286865 0.016865776528460996 1.0 0.5864326093424576 0.7263157894736842,200454.5482130731,0.7914285714285715,5192,15 332 3916 1358 150 5160 49,0.3548387096774194 0.5114345114345115 0.790491539081386 0.04371047083626142 0.6041666666666666 0.23326390955072895 0.7736842105263158,413994.3096724934,0.8057142857142857,4117,18 86 2641 8162 41 7737 -98,0.45161290322580644 0.0 0.2767929089443997 1.0 0.036458333333333336 1.0 0.0,455394.47814858373,0.02,7754
resolved-p7d-c21d-3600-2nd/nsp-n50-d28-r0.10-rp2-fp2-s9,0 0 0 0 0 284 -160,0.0 0.0 0.0 0.0 0.0 0.0 0.15151515151515152,0.15151515151515152,0.2,482,0 0 0 0 0 416 -158,0.0 0.0 0.0 0.0 0.0 0.4981132075471698 0.18181818181818182,5.1629502572898796,0.11714285714285715,272,0 0 0 0 0 421 -160,0.0 0.0 0.0 0.0 0.0 0.5169811320754717 0.15151515151515152,5.3213264722698685,0.12857142857142856,253.0,0 0 0 0 0 401 -152,0.0 0.0 0.0 0.0 0.0 0.44150943396226416 0.2727272727272727,4.687821612349914,0.07428571428571429,180,0 0 0 0 0 549 -146,0.0 0.0 0.0 0.0 0.0 1.0 0.36363636363636365,10.363636363636363,0.3657142857142857,39,0 0 0 0 0 448 -137,0.0 0.0 0.0 0.0 0.0 0.6188679245283019 0.5,6.688679245283018,0.07428571428571429,195,0 0 0 0 0 389 -128,0.0 0.0 0.0 0.0 0.0 0.39622641509433965 0.6363636363636364,4.598627787307033,0.07428571428571429,156,0 0 0 0 0 532 -104,0.0 0.0 0.0 0.0 0.0 0.9358490566037736 1.0,10.358490566037736,0.29714285714285715,34,0 0 0 0 0 421 -141,0.0 0.0 0.0 0.0 0.0 0.5169811320754717 0.4393939393939394,5.609205260148657,0.07428571428571429,141,0 0 0 0 0 448 -170,0.0 0.0 0.0 0.0 0.0 0.6188679245283019 0.0,6.188679245283018,0.07428571428571429,329,0 0 0 0 0 524 -133,0.0 0.0 0.0 0.0 0.0 0.9056603773584906 0.5606060606060606,9.617209834190966,0.3314285714285714,44,0 0 0 0 0 448 -133,0.0 0.0 0.0 0.0 0.0 0.6188679245283019 0.5606060606060606,6.749285305889079,0.07428571428571429,171,0 0 0 0 0 443 -131,0.0 0.0 0.0 0.0 0.0 0.6 0.5909090909090909,6.590909090909091,0.07428571428571429,581,0 0 0 0 0 453 -127,0.0 0.0 0.0 0.0 0.0 0.6377358490566037 0.6515151515151515,7.028873642081189,0.5228571428571429,148,0 0 0 0 0 421 -144,0.0 0.0 0.0 0.0 0.0 0.5169811320754717 0.3939393939393939,5.563750714694111,0.07428571428571429,385,0 0 0 0 0 443 -133,0.0 0.0 0.0 0.0 0.0 0.6 0.5606060606060606,6.5606060606060606,0.07428571428571429,582,0 0 0 0 0 453 -127,0.0 0.0 0.0 0.0 0.0 0.6377358490566037 0.6515151515151515,7.028873642081189,0.5228571428571429,148,0 0 0 0 0 424 -169,0.0 0.0 0.0 0.0 0.0 0.5283018867924528 0.015151515151515152,5.298170383076044,0.07428571428571429,380,0 0 0 0 0 447 -141,0.0 0.0 0.0 0.0 0.0 0.6150943396226415 0.4393939393939394,6.5903373356203545,0.09142857142857143,79
