,lnps-10-org-obj,lnps-10-nrm-obj,lnps-10-obj,lnps-10-diff,lnps-10-freq,lnps-30-org-obj,lnps-30-nrm-obj,lnps-30-obj,lnps-30-diff,lnps-30-freq,lnps-60-org-obj,lnps-60-nrm-obj,lnps-60-obj,lnps-60-diff,lnps-60-freq,mp-is1-p-hi-org-obj,mp-is1-p-hi-nrm-obj,mp-is1-p-hi-obj,mp-is1-p-hi-diff,mp-is1-p-hi-freq,mp-is1-p-low-org-obj,mp-is1-p-low-nrm-obj,mp-is1-p-low-obj,mp-is1-p-low-diff,mp-is1-p-low-freq,mp-is1-p-mid-org-obj,mp-is1-p-mid-nrm-obj,mp-is1-p-mid-obj,mp-is1-p-mid-diff,mp-is1-p-mid-freq,mp-is10-p-hi-org-obj,mp-is10-p-hi-nrm-obj,mp-is10-p-hi-obj,mp-is10-p-hi-diff,mp-is10-p-hi-freq,mp-is10-p-low-org-obj,mp-is10-p-low-nrm-obj,mp-is10-p-low-obj,mp-is10-p-low-diff,mp-is10-p-low-freq,mp-is10-p-mid-org-obj,mp-is10-p-mid-nrm-obj,mp-is10-p-mid-obj,mp-is10-p-mid-diff,mp-is10-p-mid-freq,mp-is100-p-hi-org-obj,mp-is100-p-hi-nrm-obj,mp-is100-p-hi-obj,mp-is100-p-hi-diff,mp-is100-p-hi-freq,mp-is100-p-low-org-obj,mp-is100-p-low-nrm-obj,mp-is100-p-low-obj,mp-is100-p-low-diff,mp-is100-p-low-freq,mp-is100-p-mid-org-obj,mp-is100-p-mid-nrm-obj,mp-is100-p-mid-obj,mp-is100-p-mid-diff,mp-is100-p-mid-freq,mp-p-hi-org-obj,mp-p-hi-nrm-obj,mp-p-hi-obj,mp-p-hi-diff,mp-p-hi-freq,mp-p-low-org-obj,mp-p-low-nrm-obj,mp-p-low-obj,mp-p-low-diff,mp-p-low-freq,mp-p-mid-org-obj,mp-p-mid-nrm-obj,mp-p-mid-obj,mp-p-mid-diff,mp-p-mid-freq,mp-ps-p-hi-org-obj,mp-ps-p-hi-nrm-obj,mp-ps-p-hi-obj,mp-ps-p-hi-diff,mp-ps-p-hi-freq,mp-ps-p-low-org-obj,mp-ps-p-low-nrm-obj,mp-ps-p-low-obj,mp-ps-p-low-diff,mp-ps-p-low-freq,mp-ps-p-mid-org-obj,mp-ps-p-mid-nrm-obj,mp-ps-p-mid-obj,mp-ps-p-mid-diff,mp-ps-p-mid-freq,ps-org-obj,ps-nrm-obj,ps-obj,ps-diff,ps-freq
resolved-p28d-3600-3rd/nsp-n30-d28-r0.10-rp2-fp2-s2,0 0 0 0 0 117 -105,0.0 0.0 0.0 0.0 0.0 0.0 0.0,0.0,0.2785714285714286,241,0 0 0 0 0 129 -95,0.0 0.0 0.0 0.0 0.0 0.03508771929824561 0.16129032258064516,0.5121675155631012,0.20952380952380953,146,0 0 0 0 0 149 -78,0.0 0.0 0.0 0.0 0.0 0.0935672514619883 0.43548387096774194,1.371156385587625,0.18095238095238095,115,0 0 0 0 0 247 -71,0.0 0.0 0.0 0.0 0.0 0.38011695906432746 0.5483870967741935,4.3495566874174685,0.14047619047619048,8,0 0 0 0 0 193 -88,0.0 0.0 0.0 0.0 0.0 0.2222222222222222 0.27419354838709675,2.4964157706093193,0.28214285714285714,4,0 0 0 0 0 233 -74,0.0 0.0 0.0 0.0 0.0 0.3391812865497076 0.5,3.8918128654970756,0.14285714285714285,17,0 0 0 0 0 232 -70,0.0 0.0 0.0 0.0 0.0 0.3362573099415205 0.5645161290322581,3.9270892284474628,0.1357142857142857,19,0 0 0 0 0 176 -82,0.0 0.0 0.0 0.0 0.0 0.17251461988304093 0.3709677419354839,2.096113940765893,0.3357142857142857,6,0 0 0 0 0 221 -69,0.0 0.0 0.0 0.0 0.0 0.30409356725146197 0.5806451612903226,3.6215808338049422,0.15119047619047618,19,0 0 0 0 0 253 -70,0.0 0.0 0.0 0.0 0.0 0.39766081871345027 0.5645161290322581,4.541124316166761,0.1523809523809524,23,0 0 0 0 0 169 -87,0.0 0.0 0.0 0.0 0.0 0.15204678362573099 0.2903225806451613,1.8107904169024711,0.3904761904761905,3,0 0 0 0 0 280 -74,0.0 0.0 0.0 0.0 0.0 0.4766081871345029 0.5,5.26608187134503,0.14642857142857144,9,0 0 0 0 0 459 -46,0.0 0.0 0.0 0.0 0.0 1.0 0.9516129032258065,10.951612903225806,0.4595238095238095,82,0 0 0 0 0 372 -58,0.0 0.0 0.0 0.0 0.0 0.7456140350877193 0.7580645161290323,8.214204867006226,0.6392857142857142,101,0 0 0 0 0 437 -43,0.0 0.0 0.0 0.0 0.0 0.935672514619883 1.0,10.35672514619883,0.4738095238095238,51,0 0 0 0 0 459 -46,0.0 0.0 0.0 0.0 0.0 1.0 0.9516129032258065,10.951612903225806,0.4595238095238095,82,0 0 0 0 0 390 -46,0.0 0.0 0.0 0.0 0.0 0.7982456140350878 0.9516129032258065,8.934069043576685,0.5952380952380952,80,0 0 0 0 0 437 -43,0.0 0.0 0.0 0.0 0.0 0.935672514619883 1.0,10.35672514619883,0.4738095238095238,51,0 0 0 0 0 178 -77,0.0 0.0 0.0 0.0 0.0 0.1783625730994152 0.45161290322580644,2.235238634219958,0.14523809523809525,23
resolved-p28d-3600-3rd/nsp-n50-d28-r0.10-rp2-fp2-s8,6 178 3533 1348 426 5973 -38,0.0 0.0 0.028873917228103944 0.2842778793418647 0.9522388059701492 0.39807383627608345 0.0,672.2216705826798,0.04928571428571429,3302,11 194 3665 1378 436 6195 -25,0.18518518518518517 0.07655502392344497 0.15591915303176132 0.3117001828153565 0.982089552238806 0.7544141252006421 0.10317460317460317,194817.43556174167,0.037142857142857144,3300,10 189 3724 1341 436 6120 -30,0.14814814814814814 0.05263157894736842 0.21270452358036573 0.27787934186471663 0.982089552238806 0.6340288924558587 0.06349206349206349,155920.8433567653,0.035,3485,33 208 3761 1524 439 6250 -21,1.0 0.14354066985645933 0.24831568816169394 0.44515539305301643 0.991044776119403 0.8426966292134831 0.1349206349206349,1017390.0456248547,0.008571428571428572,1,30 217 3632 1519 439 6048 -29,0.8888888888888888 0.18660287081339713 0.12415784408084697 0.4405850091407678 0.991044776119403 0.5184590690208668 0.07142857142857142,909335.6999170515,0.02214285714285714,112,26 378 4423 2131 442 6348 -14,0.7407407407407407 0.9569377990430622 0.8854667949951877 1.0 1.0 1.0 0.19047619047619047,846399.3790711892,0.22714285714285715,214,33 208 3761 1524 439 6250 -21,1.0 0.14354066985645933 0.24831568816169394 0.44515539305301643 0.991044776119403 0.8426966292134831 0.1349206349206349,1017390.0456248547,0.008571428571428572,1,30 271 3878 1638 423 6164 -19,0.8888888888888888 0.4449760765550239 0.36092396535129934 0.5493601462522852 0.9432835820895522 0.7046548956661316 0.15079365079365079,937646.622044973,0.09357142857142857,105,32 264 3503 1370 374 5725 -33,0.9629629629629629 0.41148325358851673 0.0 0.30438756855575866 0.7970149253731343 0.0 0.03968253968253968,1004495.4170654473,0.10285714285714286,48,33 208 3761 1524 439 6250 -21,1.0 0.14354066985645933 0.24831568816169394 0.44515539305301643 0.991044776119403 0.8426966292134831 0.1349206349206349,1017390.0456248547,0.008571428571428572,1,31 387 3672 1812 366 5820 -36,0.9259259259259259 1.0 0.16265640038498555 0.7084095063985375 0.7731343283582089 0.15248796147672553 0.015873015873015872,1028339.7536216408,0.25142857142857145,434,27 338 3882 1875 417 5856 1,0.7777777777777778 0.7655502392344498 0.3647738209817132 0.7659963436928702 0.9253731343283582 0.2102728731942215 0.30952380952380953,858841.4858207069,0.1707142857142857,258,33 208 3761 1524 439 6250 -21,1.0 0.14354066985645933 0.24831568816169394 0.44515539305301643 0.991044776119403 0.8426966292134831 0.1349206349206349,1017390.0456248547,0.008571428571428572,684,18 179 3525 1050 230 6199 88,0.4444444444444444 0.004784688995215311 0.021174205967276226 0.011882998171846435 0.36716417910447763 0.7608346709470305 1.0,445191.8631664305,0.8128571428571428,4756,21 195 4394 1051 113 6078 59,0.5555555555555556 0.08133971291866028 0.8575553416746872 0.012797074954296161 0.01791044776119403 0.5666131621187801 0.7698412698412699,572286.10435679,0.8042857142857143,4150,33 208 3761 1524 439 6250 -21,1.0 0.14354066985645933 0.24831568816169394 0.44515539305301643 0.991044776119403 0.8426966292134831 0.1349206349206349,1017390.0456248547,0.008571428571428572,684,18 180 3605 1056 228 6280 88,0.4444444444444444 0.009569377990430622 0.09817131857555342 0.01736745886654479 0.3611940298507463 0.8908507223113965 1.0,446446.4907983178,0.8128571428571428,4513,21 198 4542 1037 107 6109 68,0.5555555555555556 0.09569377990430622 1.0 0.0 0.0 0.6163723916532905 0.8412698412698413,575131.938539744,0.8042857142857143,4050,10 190 3600 1356 420 5991 -26,0.14814814814814814 0.05741626794258373 0.0933589990375361 0.2915904936014625 0.9343283582089552 0.42696629213483145 0.09523809523809523,155212.7531632208,0.03214285714285714,3114
resolved-p28d-3600-3rd/nsp-n50-d28-r0.10-rp2-fp2-s3,1 10 0 25 0 506 -129,0.0 0.0 0.0 0.0006117143294081664 0.0 0.005118027992479632 0.058394160583941604,0.7212887699169044,0.11714285714285715,2553,1 19 0 33 0 496 -129,0.0 0.23076923076923078 0.0 0.0012234286588163328 0.0 0.004073532483810319 0.058394160583941604,23078.245635067316,0.07785714285714286,2715,1 16 2 43 0 546 -133,0.0 0.15384615384615385 0.0005580357142857143 0.0019880715705765406 0.0 0.009296010027156883 0.029197080291970802,15392.305970509382,0.06142857142857143,3227,30 11 2 22 0 457 -130,1.0 0.02564102564102564 0.0005580357142857143 0.000382321455880104 0.0 0.0 0.051094890510948905,1002570.1163375918,0.015,1,26 20 31 51 3 537 -137,0.8620689655172413 0.2564102564102564 0.008649553571428572 0.0025997858999847073 0.5 0.008355964069354502 0.0,887849.1700395219,0.05,375,25 14 2 19 0 464 -133,0.8275862068965517 0.10256410256410256 0.0005580357142857143 0.0001529285823520416 0.0 0.0007311468560685189 0.029197080291970802,837848.3869472361,0.02,124,30 11 2 22 0 457 -130,1.0 0.02564102564102564 0.0005580357142857143 0.000382321455880104 0.0 0.0 0.051094890510948905,1002570.1163375918,0.015,1,26 10 3 32 1 531 -127,0.8620689655172413 0.0 0.0008370535714285714 0.001146964367640312 0.16666666666666666 0.007729266764152914 0.072992700729927,862095.2999693581,0.03428571428571429,311,26 29 1 17 0 498 -130,0.8620689655172413 0.48717948717948717 0.00027901785714285713 0.0 0.0 0.004282431585544182 0.051094890510948905,910789.7983329678,0.04857142857142857,174,30 11 2 22 0 457 -130,1.0 0.02564102564102564 0.0005580357142857143 0.000382321455880104 0.0 0.0 0.051094890510948905,1002570.1163375918,0.015,1,27 49 26 72 3 535 -122,0.896551724137931 1.0 0.007254464285714286 0.004205536014681144 0.5 0.008147064967620639 0.10948905109489052,996678.6652765035,0.05071428571428571,264,26 13 3 25 0 479 -128,0.8620689655172413 0.07692307692307693 0.0008370535714285714 0.0006117143294081664 0.0 0.002297890119072488 0.06569343065693431,869770.3441319246,0.022857142857142857,188,22 12 3582 12744 2 10031 -51,0.7241379310344828 0.05128205128205128 0.9994419642857143 0.9731610337972167 0.3333333333333333 1.0 0.6277372262773723,740277.677909902,0.6335714285714286,4112,19 12 3191 11487 6 9194 0,0.6206896551724138 0.05128205128205128 0.8903459821428571 0.8770454197889586 1.0 0.9125757259243785 1.0,635708.4912990956,0.6507142857142857,5325,22 13 3136 11154 5 9565 -15,0.7241379310344828 0.07692307692307693 0.875 0.8515828108273437 0.8333333333333334 0.95132650929601 0.8905109489051095,741525.5586469931,0.6442857142857142,5086,22 12 3584 13095 2 10027 -52,0.7241379310344828 0.05128205128205128 1.0 1.0 0.3333333333333333 0.9995822017965322 0.6204379562043796,740310.0857559955,0.6335714285714286,4018,19 12 3191 11566 6 9173 -7,0.6206896551724138 0.05128205128205128 0.8903459821428571 0.8830860987918642 1.0 0.9103822853561729 0.948905109489051,635714.4589488024,0.6507142857142857,5202,22 13 3160 11632 5 9578 -26,0.7241379310344828 0.07692307692307693 0.8816964285714286 0.8881327420094816 0.8333333333333334 0.9526843534572801 0.8102189781021898,741629.0061503603,0.6442857142857142,5035,1 16 0 40 1 567 -132,0.0 0.15384615384615385 0.0 0.0017586786970484785 0.16666666666666666 0.01148945059536244 0.0364963503649635,15403.192120835418,0.06714285714285714,2654
resolved-p28d-3600-3rd/nsp-n10-d28-r0.10-rp0-fp0-s8,0 2 0 2 0 81 -36,0.0 0.07692307692307693 0.0 0.0 0.0 0.005012531328320802 0.0,7692.357817620976,0.3535714285714286,491,0 2 0 2 0 81 -35,0.0 0.07692307692307693 0.0 0.0 0.0 0.005012531328320802 0.022727272727272728,7692.380544893703,0.28214285714285714,456,0 1 0 2 0 86 -23,0.0 0.0 0.0 0.0 0.0 0.017543859649122806 0.29545454545454547,0.47089314194577353,0.2,493,4 6 0 11 0 79 -16,0.6666666666666666 0.38461538461538464 0.0 0.10112359550561797 0.0 0.0 0.45454545454545453,705229.7832691653,0.025,1,0 1 0 2 0 98 -10,0.0 0.0 0.0 0.0 0.0 0.047619047619047616 0.5909090909090909,1.067099567099567,0.37857142857142856,1310,0 1 0 2 0 104 -21,0.0 0.0 0.0 0.0 0.0 0.06265664160401002 0.3409090909090909,0.9674755069491912,0.09285714285714286,574,4 6 0 11 0 79 -16,0.6666666666666666 0.38461538461538464 0.0 0.10112359550561797 0.0 0.0 0.45454545454545453,705229.7832691653,0.025,1,0 1 0 2 0 97 -21,0.0 0.0 0.0 0.0 0.0 0.045112781954887216 0.3409090909090909,0.792036910457963,0.20357142857142857,793,0 1 0 2 0 104 -21,0.0 0.0 0.0 0.0 0.0 0.06265664160401002 0.3409090909090909,0.9674755069491912,0.09285714285714286,554,4 6 0 11 0 79 -16,0.6666666666666666 0.38461538461538464 0.0 0.10112359550561797 0.0 0.0 0.45454545454545453,705229.7832691653,0.025,1,0 1 0 2 0 99 -19,0.0 0.0 0.0 0.0 0.0 0.05012531328320802 0.38636363636363635,0.8876167691957165,0.5178571428571429,1650,0 1 0 2 0 104 -21,0.0 0.0 0.0 0.0 0.0 0.06265664160401002 0.3409090909090909,0.9674755069491912,0.09285714285714286,935,5 6 0 11 0 80 -15,0.8333333333333334 0.38461538461538464 0.0 0.10112359550561797 0.0 0.002506265664160401 0.4772727272727273,871896.4977257614,0.025,394,0 8 51 70 18 478 8,0.0 0.5384615384615384 1.0 0.7640449438202247 0.9473684210526315 1.0 1.0,64715.93563207933,0.7142857142857143,20420,0 1 0 5 0 190 -5,0.0 0.0 0.0 0.033707865168539325 0.0 0.2781954887218045 0.7045454545454546,37.19436551030282,0.6678571428571428,22008,6 6 0 12 0 79 -16,1.0 0.38461538461538464 0.0 0.11235955056179775 0.0 0.0 0.45454545454545453,1038574.3525575548,0.025,391,0 14 49 91 19 476 7,0.0 1.0 0.9607843137254902 1.0 1.0 0.9949874686716792 0.9772727272727273,110718.7702846689,0.7678571428571429,19850,0 1 0 5 0 188 -6,0.0 0.0 0.0 0.033707865168539325 0.0 0.2731829573934837 0.6818181818181818,37.12151292429235,0.6678571428571428,22011,0 1 0 2 0 90 -21,0.0 0.0 0.0 0.0 0.0 0.02756892230576441 0.3409090909090909,0.616598313966735,0.16428571428571428,422
resolved-p28d-3600-3rd/nsp-n30-d28-r0.10-rp2-fp2-s5,0 3 2 70 3 667 -6,0.0 0.016574585635359115 0.0 0.0 0.0 0.0 0.0,1657.4585635359115,0.20833333333333334,1940,0 5 25 189 16 1112 22,0.0 0.027624309392265192 0.02822085889570552 0.047771979124849456 0.23214285714285715 0.19629466254962505 0.32941176470588235,3117.9181514129123,0.075,1754,0 5 28 183 20 1147 29,0.0 0.027624309392265192 0.03190184049079755 0.04536330790847049 0.30357142857142855 0.211733568592854 0.4117647058823529,3159.6988952919187,0.07023809523809524,1698,14 4 3 170 22 1091 28,1.0 0.022099447513812154 0.001226993865030675 0.04014452027298274 0.3392857142857143 0.18703131892368768 0.4,1002298.5580949222,0.014285714285714285,1,4 90 162 316 58 1642 27,0.2857142857142857 0.4972375690607735 0.19631901840490798 0.09875551987153754 0.9821428571428571 0.43008381120423467 0.38823529411764707,337602.89168340404,0.23809523809523808,1719,9 138 185 421 51 1747 12,0.6428571428571429 0.7624309392265194 0.2245398773006135 0.1409072661581694 0.8571428571428571 0.47640052933392146 0.21176470588235294,721577.2328746727,0.2357142857142857,1143,14 4 3 170 22 1091 28,1.0 0.022099447513812154 0.001226993865030675 0.04014452027298274 0.3392857142857143 0.18703131892368768 0.4,1002298.5580949222,0.014285714285714285,1,5 177 311 515 59 1850 10,0.35714285714285715 0.9779005524861878 0.3791411042944785 0.1786431152147732 1.0 0.521835024261138 0.18823529411764706,459008.3731351722,0.31785714285714284,1472,3 181 294 471 46 1852 26,0.21428571428571427 1.0 0.35828220858895704 0.16097952629466078 0.7678571428571429 0.5227172474636083 0.3764705882352941,318111.90525524714,0.2833333333333333,2849,14 4 3 170 22 1091 28,1.0 0.022099447513812154 0.001226993865030675 0.04014452027298274 0.3392857142857143 0.18703131892368768 0.4,1002298.5580949222,0.014285714285714285,1,4 142 152 468 51 1563 21,0.2857142857142857 0.7845303867403315 0.18404907975460122 0.1597751906864713 0.8571428571428571 0.39523599470666076 0.3176470588235294,366257.5746692714,0.2619047619047619,1228,7 144 248 324 47 1775 20,0.5 0.7955801104972375 0.301840490797546 0.10196708149337616 0.7857142857142857 0.48875165416850463 0.3058823529411765,582762.1478666586,0.3047619047619048,758,14 4 3 170 22 1091 28,1.0 0.022099447513812154 0.001226993865030675 0.04014452027298274 0.3392857142857143 0.18703131892368768 0.4,1002298.5580949222,0.014285714285714285,1045,0 0 657 1239 13 2253 57,0.0 0.0 0.803680981595092 0.46928944199116823 0.17857142857142858 0.6996029995588884 0.7411764705882353,8531.69360726541,0.6630952380952381,4444,0 0 759 2561 5 2780 69,0.0 0.0 0.9288343558282208 1.0 0.03571428571428571 0.9320688134097926 0.8823529411764706,10302.118027928911,0.6178571428571429,4282,14 4 3 170 22 1091 28,1.0 0.022099447513812154 0.001226993865030675 0.04014452027298274 0.3392857142857143 0.18703131892368768 0.4,1002298.5580949222,0.014285714285714285,1045,0 0 651 1190 15 2228 56,0.0 0.0 0.7963190184049079 0.4496186270574067 0.21428571428571427 0.6885752095280105 0.7294117647058823,8441.852546395043,0.6630952380952381,4546,0 0 817 2561 5 2934 79,0.0 0.0 1.0 1.0 0.03571428571428571 1.0 1.0,11014.57142857143,0.6178571428571429,4109,0 6 19 173 13 1052 24,0.0 0.03314917127071823 0.020858895705521473 0.04134885588117222 0.17857142857142858 0.16982796647551832 0.35294117647058826,3584.763303706579,0.09523809523809523,1117
resolved-p28d-3600-3rd/nsp-n30-d28-r0.10-rp2-fp2-s9,1 2 0 1 0 106 -104,0.0 0.0 0.0 0.0 0.0 0.009560229445506692 0.0,0.09560229445506692,0.2226190476190476,2391,1 2 0 2 0 118 -80,0.0 0.0 0.0 0.00267379679144385 0.0 0.021032504780114723 0.14285714285714285,3.0269789821021402,0.12976190476190477,2569,1 2 0 7 0 136 -76,0.0 0.0 0.0 0.016042780748663103 0.0 0.03824091778202677 0.16666666666666666,16.591856593150037,0.09523809523809523,2504,17 2 0 5 0 97 -79,0.9411764705882353 0.0 0.0 0.0106951871657754 0.0 0.0009560229445506692 0.1488095238095238,941187.3241451543,0.008333333333333333,1,3 202 247 251 33 880 -36,0.11764705882352941 0.7407407407407407 0.5825471698113207 0.6684491978609626 0.32673267326732675 0.7495219885277247 0.40476190476190477,198255.62704269442,0.37142857142857144,829,3 77 231 196 27 737 -49,0.11764705882352941 0.2777777777777778 0.5448113207547169 0.5213903743315508 0.26732673267326734 0.612810707456979 0.3273809523809524,151427.52834448018,0.2785714285714286,770,17 2 0 5 0 97 -79,0.9411764705882353 0.0 0.0 0.0106951871657754 0.0 0.0009560229445506692 0.1488095238095238,941187.3241451543,0.008333333333333333,1,10 15 5 22 0 132 -74,0.5294117647058824 0.04814814814814815 0.01179245283018868 0.05614973262032086 0.0 0.03441682600382409 0.17857142857142858,534401.176521308,0.0380952380952381,551,4 153 110 248 20 543 -18,0.17647058823529413 0.5592592592592592 0.25943396226415094 0.660427807486631 0.19801980198019803 0.4273422562141491 0.5119047619047619,235675.86889887025,0.3476190476190476,533,17 2 0 5 0 97 -79,0.9411764705882353 0.0 0.0 0.0106951871657754 0.0 0.0009560229445506692 0.1488095238095238,941187.3241451543,0.008333333333333333,1,12 24 2 32 0 122 -63,0.6470588235294118 0.08148148148148149 0.0047169811320754715 0.08288770053475936 0.0 0.0248565965583174 0.24404761904761904,655337.5218030001,0.030952380952380953,178,6 13 44 77 8 307 -60,0.29411764705882354 0.040740740740740744 0.10377358490566038 0.20320855614973263 0.07920792079207921 0.20172084130019122 0.2619047619047619,299442.8654433581,0.1357142857142857,265,18 2 0 7 0 96 -79,1.0 0.0 0.0 0.016042780748663103 0.0 0.0 0.1488095238095238,1000016.1915902725,0.008333333333333333,1008,18 271 76 299 19 798 51,1.0 0.9962962962962963 0.1792452830188679 0.7967914438502673 0.18811881188118812 0.6711281070745698 0.9226190476190477,1102245.319684975,0.6059523809523809,8938,12 212 389 360 92 1110 60,0.6470588235294118 0.7777777777777778 0.9174528301886793 0.9598930481283422 0.9108910891089109 0.9694072657743786 0.9761904761904762,735072.7820292495,0.6035714285714285,7604,18 2 0 5 0 96 -79,1.0 0.0 0.0 0.0106951871657754 0.0 0.0 0.1488095238095238,1000010.8439966895,0.008333333333333333,1009,18 272 75 312 19 800 49,1.0 1.0 0.17688679245283018 0.8315508021390374 0.18811881188118812 0.6730401529636711 0.9107142857142857,1102626.8717236707,0.6059523809523809,8747,11 242 424 375 101 1142 64,0.5882352941176471 0.8888888888888888 1.0 1.0 1.0 1.0 1.0,688235.183006536,0.6035714285714285,7882,2 2 2 10 0 138 -69,0.058823529411764705 0.0 0.0047169811320754715 0.02406417112299465 0.0 0.040152963671128104 0.20833333333333334,58895.37325717851,0.06904761904761905,1164
resolved-p28d-3600-3rd/nsp-n40-d28-r0.10-rp2-fp2-s7,4 7 0 6 0 245 -103,0.0 0.0029411764705882353 0.0 0.0 0.0 0.005775288764438222 0.03015075376884422,294.20555070023676,0.14464285714285716,2274,4 7 0 25 0 270 -109,0.0 0.0029411764705882353 0.0 0.002347417840375587 0.0 0.010150507525376268 0.0,296.56656997445293,0.10178571428571428,2957,4 7 0 33 0 273 -106,0.0 0.0029411764705882353 0.0 0.003335804299481097 0.0 0.010675533776688834 0.01507537688442211,297.57528207295593,0.07410714285714286,3000,27 7 1 17 0 212 -104,1.0 0.0029411764705882353 0.0005820721769499418 0.0013590313812700766 0.0 0.0 0.02512562814070352,1000301.3225258377,0.0125,1,16 275 277 425 31 932 -58,0.5217391304347826 0.7911764705882353 0.1612339930151339 0.0517667407956511 0.6078431372549019 0.12600630031501575 0.2562814070351759,602583.1848226889,0.27053571428571427,4484,24 11 0 21 0 227 -107,0.8695652173913043 0.014705882352941176 0.0 0.0018532246108228317 0.0 0.002625131256562828 0.010050251256281407,871037.695152773,0.025,891,27 7 1 17 0 212 -104,1.0 0.0029411764705882353 0.0005820721769499418 0.0013590313812700766 0.0 0.0 0.02512562814070352,1000301.3225258377,0.0125,1,25 19 15 53 1 286 -107,0.9130434782608695 0.03823529411764706 0.008731082654249126 0.005806770447244872 0.0196078431372549 0.01295064753237662 0.010050251256281407,916962.2256106642,0.05,784,24 35 11 58 1 254 -102,0.8695652173913043 0.08529411764705883 0.006402793946449359 0.006424511984185817 0.0196078431372549 0.007350367518375919 0.035175879396984924,878167.1510713273,0.044642857142857144,1444,27 7 1 17 0 212 -104,1.0 0.0029411764705882353 0.0005820721769499418 0.0013590313812700766 0.0 0.0 0.02512562814070352,1000301.3225258377,0.0125,1,15 346 350 638 51 948 -40,0.4782608695652174 1.0 0.20372526193247964 0.07808253026933532 1.0 0.1288064403220161 0.34673366834170855,580477.8395128831,0.32410714285714287,4733,22 18 37 38 2 226 -104,0.782608695652174 0.03529411764705882 0.021536670547147845 0.003953545836422041 0.0392156862745098 0.002450122506125306 0.02512562814070352,786361.3988636684,0.029464285714285714,793,13 40 1642 6302 12 5434 90,0.391304347826087 0.1 0.9557625145518044 0.7778601433160366 0.23529411764705882 0.9138956947847392 1.0,411673.5014836336,0.6419642857142858,4899,10 15 1718 7123 7 5926 67,0.2608695652173913 0.026470588235294117 1.0 0.8792933036817395 0.13725490196078433 1.0 0.8844221105527639,274420.52725690906,0.66875,5489,12 6 1621 8100 1 5558 16,0.34782608695652173 0.0 0.9435389988358557 1.0 0.0196078431372549 0.9355967798389919 0.628140703517588,358273.42183769593,0.6580357142857143,6339,11 33 1634 6407 10 5453 87,0.30434782608695654 0.07941176470588235 0.9511059371362048 0.7908327155917964 0.19607843137254902 0.9172208610430521 0.9849246231155779,322620.65962086944,0.6428571428571429,4890,10 14 1599 6133 7 5729 79,0.2608695652173913 0.023529411764705882 0.9307334109429569 0.7569804793674326 0.13725490196078433 0.9655232761638082 0.9447236180904522,273311.1464292347,0.66875,5898,12 6 1584 7531 3 5490 18,0.34782608695652173 0.0 0.9220023282887078 0.9297010130961206 0.058823529411764705 0.9236961848092404 0.6381909547738693,357991.568758249,0.6580357142857143,6693,4 7 1 39 0 277 -103,0.0 0.0029411764705882353 0.0005820721769499418 0.00407709414381023 0.0 0.011375568778438922 0.03015075376884422,304.1593694136864,0.06428571428571428,2580
resolved-p28d-3600-3rd/nsp-n50-d28-r0.10-rp2-fp2-s4,6 13 0 9 1 390 -97,0.0 0.02702702702702703 0.0 0.0 0.024390243902439025 0.006850758853288365 0.0,2705.21023468148,0.11571428571428571,2026,6 13 2 26 1 427 -85,0.0 0.02702702702702703 0.0006079027355623101 0.001002181217944939 0.024390243902439025 0.010750421585160203 0.055299539170506916,2712.385739421537,0.06285714285714286,2030,6 14 2 32 0 418 -84,0.0 0.03153153153153153 0.0006079027355623101 0.0013558922360431527 0.0 0.00980185497470489 0.059907834101382486,3160.7459991286673,0.04928571428571429,2305,18 24 1 21 0 325 -82,1.0 0.07657657657657657 0.00030395136778115504 0.0007074220361964276 0.0 0.0 0.06912442396313365,1007661.4737177957,0.02214285714285714,1,17 46 9 46 1 359 -78,0.9166666666666666 0.17567567567567569 0.002735562310030395 0.0021812179449389847 0.024390243902439025 0.0035834738617200675 0.08755760368663594,934266.333492012,0.04071428571428572,387,15 36 6 43 0 374 -83,0.75 0.13063063063063063 0.00182370820668693 0.002004362435889878 0.0 0.00516441821247892 0.06451612903225806,763083.4206678771,0.037142857142857144,546,18 24 1 21 0 325 -82,1.0 0.07657657657657657 0.00030395136778115504 0.0007074220361964276 0.0 0.0 0.06912442396313365,1007661.4737177957,0.02214285714285714,1,17 39 7 38 0 343 -79,0.9166666666666666 0.14414414414414414 0.002127659574468085 0.0017096032541413664 0.0 0.0018971332209106238 0.08294930875576037,931104.1692007208,0.03642857142857143,220,18 23 1 12 0 337 -77,1.0 0.07207207207207207 0.00030395136778115504 0.0001768555090491069 0.0 0.0012647554806070826 0.09216589861751152,1007210.5283898476,0.030714285714285715,78,18 24 1 21 0 325 -82,1.0 0.07657657657657657 0.00030395136778115504 0.0007074220361964276 0.0 0.0 0.06912442396313365,1007661.4737177957,0.02214285714285714,1,14 229 298 481 41 1180 -14,0.6666666666666666 1.0 0.09057750759878419 0.027825266757059482 1.0 0.09011382799325464 0.3824884792626728,767701.5506361707,0.2664285714285714,544,17 25 8 32 1 373 -79,0.9166666666666666 0.08108108108108109 0.0024316109422492403 0.0013558922360431527 0.024390243902439025 0.00505902192242833 0.08294930875576037,924803.0193403515,0.04071428571428572,285,16 38 3152 12001 8 9255 74,0.8333333333333334 0.13963963963963963 0.9580547112462006 0.7069504215056299 0.1951219512195122 0.9411888701517707 0.7880184331797235,857614.5069335215,0.6307142857142857,4825,13 11 3290 16972 2 9813 -28,0.5833333333333334 0.018018018018018018 1.0 1.0 0.04878048780487805 1.0 0.31797235023041476,596150.3311562659,0.67,2846,9 12 2729 8142 7 8901 120,0.25 0.02252252252252252 0.829483282674772 0.47945528503212875 0.17073170731707318 0.9038785834738617 1.0,261053.65232059857,0.6592857142857143,4491,16 37 3172 11910 8 9268 77,0.8333333333333334 0.13513513513513514 0.9641337386018237 0.701585804397807 0.1951219512195122 0.9425590219224284 0.8018433179723502,857219.509665922,0.6307142857142857,4863,13 11 3200 15449 3 9654 -20,0.5833333333333334 0.018018018018018018 0.9726443768996961 0.9102163532394034 0.07317073170731707 0.9832419898819561 0.3548387096774194,595789.2995891507,0.67,3256,10 7 2763 8198 6 8943 76,0.3333333333333333 0.0 0.8398176291793313 0.4827565878677121 0.14634146341463414 0.9083052276559865 0.7972350230414746,342238.7806466354,0.6592857142857143,4416,6 16 4 35 0 423 -81,0.0 0.04054054054054054 0.0012158054711246201 0.0015327477450922597 0.0 0.01032883642495784 0.07373271889400922,4067.9218775935365,0.04857142857142857,2971
resolved-p28d-3600-3rd/nsp-n30-d28-r0.10-rp2-fp2-s6,2 87 467 318 132 1855 -9,0.0 0.0 0.37254901960784315 0.08867924528301886 0.5882352941176471 0.7238962859145059 0.0,3880.23193363236,0.16785714285714284,4555,2 122 512 454 140 1910 1,0.0 0.15151515151515152 0.41898864809081526 0.2169811320754717 0.6310160427807486 0.7624386825508059 0.11764705882352941,19629.226402661185,0.08571428571428572,3454,2 126 437 444 119 1791 0,0.0 0.16883116883116883 0.3415892672858617 0.20754716981132076 0.5187165775401069 0.6790469516468115 0.10588235294117647,20565.324735410242,0.0880952380952381,3518,18 168 555 709 182 1915 21,0.7272727272727273 0.35064935064935066 0.4633642930856553 0.45754716981132076 0.8556149732620321 0.7659425367904695 0.35294117647058826,767522.426302201,0.016666666666666666,1,5 227 1075 794 195 2056 9,0.13636363636363635 0.6060606060606061 1.0 0.5377358490566038 0.9251336898395722 0.8647512263489839 0.21176470588235294,207608.8054647069,0.27976190476190477,4789,9 306 968 1284 177 2163 17,0.3181818181818182 0.948051948051948 0.8895768833849329 1.0 0.8288770053475936 0.9397337070777856 0.3058823529411765,422975.3727408208,0.3273809523809524,2826,18 168 555 709 182 1915 21,0.7272727272727273 0.35064935064935066 0.4633642930856553 0.45754716981132076 0.8556149732620321 0.7659425367904695 0.35294117647058826,767522.426302201,0.016666666666666666,1,2 242 700 1031 146 1986 11,0.0 0.670995670995671 0.6130030959752322 0.7613207547169811 0.6631016042780749 0.815697266993693 0.23529411764705882,74065.6212412518,0.2154761904761905,3524,7 264 920 1053 209 2249 17,0.22727272727272727 0.7662337662337663 0.8400412796697626 0.7820754716981132 1.0 1.0 0.3058823529411765,313188.8980468526,0.25833333333333336,4330,18 168 555 709 182 1915 21,0.7272727272727273 0.35064935064935066 0.4633642930856553 0.45754716981132076 0.8556149732620321 0.7659425367904695 0.35294117647058826,767522.426302201,0.016666666666666666,1,9 192 746 770 180 2062 9,0.3181818181818182 0.45454545454545453 0.6604747162022704 0.5150943396226415 0.8449197860962567 0.8689558514365803 0.21176470588235294,370849.5984398389,0.15714285714285714,4178,10 276 605 886 154 1872 16,0.36363636363636365 0.8181818181818182 0.5149638802889577 0.6245283018867924 0.7058823529411765 0.7358093903293623 0.29411764705882354,451306.95300616627,0.21904761904761905,3506,19 168 556 709 182 1924 21,0.7727272727272727 0.35064935064935066 0.46439628482972134 0.45754716981132076 0.8556149732620321 0.7722494744218641 0.35294117647058826,812987.3547435633,0.016666666666666666,1189,20 287 416 387 68 926 56,0.8181818181818182 0.8658008658008658 0.31991744066047473 0.15377358490566037 0.24598930481283424 0.07288016818500351 0.7647058823529411,908140.9451914608,0.7226190476190476,7723,21 318 468 395 75 1022 76,0.8636363636363636 1.0 0.3735810113519092 0.16132075471698112 0.28342245989304815 0.1401541695865452 1.0,967564.2382922849,0.7226190476190476,9539,18 168 555 709 182 1915 21,0.7272727272727273 0.35064935064935066 0.4633642930856553 0.45754716981132076 0.8556149732620321 0.7659425367904695 0.35294117647058826,767522.426302201,0.016666666666666666,1190,20 286 419 389 69 927 62,0.8181818181818182 0.8614718614718615 0.32301341589267285 0.15566037735849056 0.25133689839572193 0.07358093903293624 0.8352941176470589,907741.5036586372,0.7226190476190476,7759,24 204 106 224 22 822 52,1.0 0.5064935064935064 0.0 0.0 0.0 0.0 0.7176470588235294,1050650.0682964094,0.7226190476190476,8456,2 148 532 580 159 1865 7,0.0 0.26406926406926406 0.43962848297213625 0.33584905660377357 0.732620320855615 0.7309039943938332 0.18823529411764706,31219.819600575156,0.05,2563
resolved-p28d-3600-3rd/nsp-n20-d28-r0.10-rp2-fp2-s0,0 0 0 0 0 49 -66,0.0 0.0 0.0 0.0 0.0 0.0 0.0,0.0,0.31785714285714284,162,0 0 0 0 0 58 -52,0.0 0.0 0.0 0.0 0.0 0.0430622009569378 0.32558139534883723,0.7562034049182152,0.19642857142857142,94,0 0 0 0 0 69 -49,0.0 0.0 0.0 0.0 0.0 0.09569377990430622 0.3953488372093023,1.3522866362523644,0.16607142857142856,59,0 0 0 0 0 108 -52,0.0 0.0 0.0 0.0 0.0 0.2822966507177033 0.32558139534883723,3.1485479025258707,0.09285714285714286,44,0 0 0 0 0 81 -32,0.0 0.0 0.0 0.0 0.0 0.15311004784688995 0.7906976744186046,2.3217981528875042,0.4232142857142857,9,0 0 0 0 0 108 -54,0.0 0.0 0.0 0.0 0.0 0.2822966507177033 0.27906976744186046,3.102036274618894,0.09464285714285714,44,0 0 0 0 0 106 -51,0.0 0.0 0.0 0.0 0.0 0.2727272727272727 0.3488372093023256,3.076109936575053,0.09642857142857143,20,0 0 0 0 0 77 -23,0.0 0.0 0.0 0.0 0.0 0.1339712918660287 1.0,2.339712918660287,0.4125,4,0 0 0 0 0 108 -52,0.0 0.0 0.0 0.0 0.0 0.2822966507177033 0.32558139534883723,3.1485479025258707,0.09285714285714286,29,0 0 0 0 0 108 -52,0.0 0.0 0.0 0.0 0.0 0.2822966507177033 0.32558139534883723,3.1485479025258707,0.09285714285714286,36,0 0 0 0 0 94 -32,0.0 0.0 0.0 0.0 0.0 0.215311004784689 0.7906976744186046,2.9438077222654946,0.25,14,0 0 0 0 0 106 -52,0.0 0.0 0.0 0.0 0.0 0.2727272727272727 0.32558139534883723,3.0528541226215644,0.09642857142857143,19,0 0 0 0 0 230 -36,0.0 0.0 0.0 0.0 0.0 0.8660287081339713 0.6976744186046512,9.357961499944363,0.4767857142857143,64,0 0 0 0 0 85 -50,0.0 0.0 0.0 0.0 0.0 0.1722488038277512 0.37209302325581395,2.094581061533326,0.6053571428571428,185,0 0 0 0 0 258 -35,0.0 0.0 0.0 0.0 0.0 1.0 0.7209302325581395,10.720930232558139,0.5017857142857143,28,0 0 0 0 0 230 -37,0.0 0.0 0.0 0.0 0.0 0.8660287081339713 0.6744186046511628,9.334705685990874,0.4767857142857143,65,0 0 0 0 0 85 -50,0.0 0.0 0.0 0.0 0.0 0.1722488038277512 0.37209302325581395,2.094581061533326,0.6053571428571428,185,0 0 0 0 0 258 -35,0.0 0.0 0.0 0.0 0.0 1.0 0.7209302325581395,10.720930232558139,0.5017857142857143,28,0 0 0 0 0 84 -50,0.0 0.0 0.0 0.0 0.0 0.1674641148325359 0.37209302325581395,2.046734171581173,0.12857142857142856,38
resolved-p28d-3600-3rd/nsp-n50-d28-r0.10-rp2-fp2-s6,2 14 2 18 0 371 -160,0.0 0.03669724770642202 0.0004892367906066536 0.00010029084344599338 0.0 0.0016989145823501652 0.06557377049180328,3674.7999923080306,0.12142857142857143,3112,2 14 4 39 0 436 -166,0.0 0.03669724770642202 0.0009784735812133072 0.001153344699628924 0.0 0.00783388390750354 0.01639344262295082,3680.757583435662,0.07428571428571429,2990,2 14 6 43 0 448 -168,0.0 0.03669724770642202 0.0014677103718199608 0.0013539263865209106 0.0 0.008966493629070316 0.0,3685.8454656832137,0.065,2664,25 15 1 27 0 353 -151,1.0 0.04128440366972477 0.0002446183953033268 0.0005515996389529636 0.0 0.0 0.13934426229508196,1004131.5774948269,0.016428571428571428,1,20 62 11 60 0 375 -132,0.782608695652174 0.25688073394495414 0.0026908023483365948 0.0022063985558118545 0.0 0.0020764511562057575 0.29508196721311475,808326.1993151873,0.062142857142857146,1369,18 224 204 449 10 815 -130,0.6956521739130435 1.0 0.049902152641878667 0.02171296760605757 1.0 0.043605474280320904 0.3114754098360656,796273.6559372209,0.19857142857142857,363,25 15 1 27 0 353 -151,1.0 0.04128440366972477 0.0002446183953033268 0.0005515996389529636 0.0 0.0 0.13934426229508196,1004131.5774948269,0.016428571428571428,1,21 13 0 16 0 367 -161,0.8260869565217391 0.03211009174311927 0.0 0.0 0.0 0.0013213780084945729 0.05737704918032787,829298.0362868804,0.037142857142857144,1490,20 19 2 36 0 386 -153,0.782608695652174 0.05963302752293578 0.0004892367906066536 0.0010029084344599338 0.0 0.0031146767343086363 0.12295081967213115,788578.047778395,0.023571428571428573,162,25 15 1 27 0 353 -151,1.0 0.04128440366972477 0.0002446183953033268 0.0005515996389529636 0.0 0.0 0.13934426229508196,1004131.5774948269,0.016428571428571428,1,21 50 19 72 3 413 -139,0.8260869565217391 0.2018348623853211 0.004647749510763209 0.0028081436164878147 0.3 0.005663048607833884 0.23770491803278687,846350.0227343995,0.04428571428571428,494,22 20 4 37 0 389 -146,0.8695652173913043 0.06422018348623854 0.0009784735812133072 0.0010530538561829305 0.0 0.0033978291647003304 0.18032786885245902,875998.287835757,0.025714285714285714,206,17 16 3761 14665 1 10275 -59,0.6521739130434783 0.045871559633027525 0.9200097847358122 0.7345802828201785 0.1 0.9364794714487966 0.8934426229508197,666716.0053742967,0.6357142857142857,3526,11 15 3639 14652 2 10225 -64,0.391304347826087 0.04128440366972477 0.8901663405088063 0.7339283923377795 0.2 0.9317602642756017 0.8524590163934426,405098.5500521444,0.6728571428571428,3462,16 8 4088 19958 0 10948 -158,0.6086956521739131 0.009174311926605505 1.0 1.0 0.0 1.0 0.08196721311475409,620623.1653337867,0.6514285714285715,2790,17 14 3715 13878 1 10178 -46,0.6521739130434783 0.03669724770642202 0.9087573385518591 0.6951158359241801 0.1 0.9273242095327985 1.0,665646.6002776587,0.6357142857142857,3746,11 16 3692 15118 2 10332 -61,0.391304347826087 0.045871559633027525 0.9031311154598826 0.757296158860696 0.2 0.9418593676262388 0.8770491803278688,405710.4067457058,0.6728571428571428,3168,12 6 3932 16486 1 10637 -95,0.43478260869565216 0.0 0.961839530332681 0.8258950957777554 0.1 0.9706465313827277 0.5983606557377049,445247.2039207263,0.6492857142857142,3760,2 21 4 40 0 421 -163,0.0 0.06880733944954129 0.0009784735812133072 0.0012034901213519205 0.0 0.006418121755545068 0.040983606557377046,6891.827335711727,0.05142857142857143,2138
resolved-p28d-3600-3rd/nsp-n40-d28-r0.10-rp2-fp2-s1,1 6 8 33 1 735 -110,0.0 0.0 0.004616272360069244 0.002034587995930824 0.04 0.017651573292402148 0.06111111111111111,52.43493844065839,0.07142857142857142,7195,1 11 9 27 0 752 -115,0.0 0.03424657534246575 0.0051933064050779 0.0011626217119604708 0.0 0.02091327705295472 0.03333333333333333,3477.9956861131777,0.06160714285714286,7282,1 12 5 27 1 677 -109,0.0 0.0410958904109589 0.0028851702250432777 0.0011626217119604708 0.04 0.006523407521105142 0.06666666666666667,4143.735265800161,0.06339285714285714,6489,18 13 0 19 1 704 -108,1.0 0.04794520547945205 0.0 0.0 0.04 0.01170376055257099 0.07222222222222222,1004798.7098077729,0.014285714285714285,1,15 49 22 36 1 657 -121,0.8235294117647058 0.2945205479452055 0.012694748990190421 0.0024705711379160006 0.04 0.002686108979278588 0.0,853114.911481356,0.05178571428571429,500,12 152 162 242 18 784 -88,0.6470588235294118 1.0 0.0934795152914022 0.032408080220898125 0.72 0.027052954719877207 0.18333333333333332,748098.4806254273,0.18214285714285713,989,18 13 0 19 1 704 -108,1.0 0.04794520547945205 0.0 0.0 0.04 0.01170376055257099 0.07222222222222222,1004798.7098077729,0.014285714285714285,1,14 61 13 81 4 643 -105,0.7647058823529411 0.3767123287671233 0.0075014425851125215 0.00901031826769365 0.16 0.0 0.08888888888888889,802477.2288626613,0.05714285714285714,632,13 90 293 202 25 991 -101,0.7058823529411765 0.5753424657534246 0.16907097518753605 0.02659497166109577 1.0 0.06676899462778205 0.1111111111111111,765234.6830411128,0.20089285714285715,153,18 13 0 19 1 704 -108,1.0 0.04794520547945205 0.0 0.0 0.04 0.01170376055257099 0.07222222222222222,1004798.7098077729,0.014285714285714285,1,15 52 32 80 3 785 -110,0.8235294117647058 0.3150684931506849 0.018465089440276975 0.00886499055369859 0.12 0.027244819646968534 0.06111111111111111,855242.1105240382,0.05267857142857143,405,15 44 13 66 1 690 -114,0.8235294117647058 0.2602739726027397 0.0075014425851125215 0.006830402557767766 0.04 0.009017651573292403 0.03888888888888889,849642.7829187933,0.05178571428571429,438,17 28 1546 6510 9 5506 37,0.9411764705882353 0.1506849315068493 0.8920946335833814 0.9433221915419271 0.36 0.9330391404451266 0.8777777777777778,966155.4404354782,0.6026785714285714,5921,11 18 1580 6900 12 5544 59,0.5882352941176471 0.0821917808219178 0.9117137911136757 1.0 0.48 0.9403300076745971 1.0,606630.0134110523,0.6705357142857142,5715,11 14 1732 6675 8 5855 2,0.5882352941176471 0.0547945205479452 0.9994229659549914 0.9673012643511117 0.32 1.0 0.6833333333333333,604718.960429676,0.6446428571428572,5139,15 26 1549 5863 10 5482 47,0.8235294117647058 0.136986301369863 0.8938257357184074 0.849295160587124 0.4 0.9284343821949348 0.9333333333333333,847065.8120966186,0.6017857142857143,6155,11 20 1576 6898 11 5576 52,0.5882352941176471 0.0958904109589041 0.9094056549336411 0.9997093445720099 0.44 0.9464696853415195 0.9611111111111111,607972.5269154105,0.6705357142857142,5647,11 14 1733 6683 8 5854 11,0.5882352941176471 0.0547945205479452 1.0 0.9684638860630722 0.32 0.9998081350729087 0.7333333333333333,604725.9414731887,0.6446428571428572,5117,1 10 9 38 1 751 -111,0.0 0.0273972602739726 0.0051933064050779 0.0027612265659061183 0.04 0.02072141212586339 0.05555555555555555,2798.68308769076,0.05089285714285714,8324
resolved-p28d-3600-3rd/nsp-n10-d28-r0.10-rp0-fp0-s3,0 0 0 0 0 77 -40,0.0 0.0 0.0 0.0 0.0 0.0 0.0,0.0,0.48928571428571427,136,0 0 0 0 0 80 -36,0.0 0.0 0.0 0.0 0.0 0.025210084033613446 0.26666666666666666,0.518767507002801,0.37857142857142856,91,0 0 0 0 0 83 -26,0.0 0.0 0.0 0.0 0.0 0.05042016806722689 0.9333333333333333,1.4375350140056022,0.31785714285714284,62,0 0 0 0 0 108 -33,0.0 0.0 0.0 0.0 0.0 0.2605042016806723 0.4666666666666667,3.0717086834733895,0.08571428571428572,44,0 0 0 0 0 102 -30,0.0 0.0 0.0 0.0 0.0 0.21008403361344538 0.6666666666666666,2.7675070028011204,0.4785714285714286,13,0 0 0 0 0 108 -32,0.0 0.0 0.0 0.0 0.0 0.2605042016806723 0.5333333333333333,3.138375350140056,0.08571428571428572,31,0 0 0 0 0 108 -33,0.0 0.0 0.0 0.0 0.0 0.2605042016806723 0.4666666666666667,3.0717086834733895,0.08571428571428572,14,0 0 0 0 0 95 -30,0.0 0.0 0.0 0.0 0.0 0.15126050420168066 0.6666666666666666,2.179271708683473,0.43214285714285716,7,0 0 0 0 0 108 -33,0.0 0.0 0.0 0.0 0.0 0.2605042016806723 0.4666666666666667,3.0717086834733895,0.08571428571428572,20,0 0 0 0 0 108 -32,0.0 0.0 0.0 0.0 0.0 0.2605042016806723 0.5333333333333333,3.138375350140056,0.08571428571428572,22,0 0 0 0 0 101 -26,0.0 0.0 0.0 0.0 0.0 0.20168067226890757 0.9333333333333333,2.950140056022409,0.45714285714285713,8,0 0 0 0 0 108 -33,0.0 0.0 0.0 0.0 0.0 0.2605042016806723 0.4666666666666667,3.0717086834733895,0.08571428571428572,17,0 0 0 0 0 184 -25,0.0 0.0 0.0 0.0 0.0 0.8991596638655462 1.0,9.991596638655462,0.4035714285714286,23,0 0 0 0 0 106 -36,0.0 0.0 0.0 0.0 0.0 0.24369747899159663 0.26666666666666666,2.7036414565826328,0.7142857142857143,144,0 0 0 0 0 196 -27,0.0 0.0 0.0 0.0 0.0 1.0 0.8666666666666667,10.866666666666667,0.4142857142857143,15,0 0 0 0 0 184 -25,0.0 0.0 0.0 0.0 0.0 0.8991596638655462 1.0,9.991596638655462,0.4035714285714286,23,0 0 0 0 0 106 -37,0.0 0.0 0.0 0.0 0.0 0.24369747899159663 0.2,2.6369747899159663,0.7107142857142857,145,0 0 0 0 0 196 -26,0.0 0.0 0.0 0.0 0.0 1.0 0.9333333333333333,10.933333333333334,0.4142857142857143,14,0 0 0 0 0 97 -35,0.0 0.0 0.0 0.0 0.0 0.16806722689075632 0.3333333333333333,2.0140056022408968,0.18571428571428572,27
resolved-p28d-3600-3rd/nsp-n10-d28-r0.10-rp0-fp0-s5,0 0 2 0 0 117 -44,0.0 0.0 0.0 0.0 0.0 0.14563106796116504 0.0,1.4563106796116503,0.40714285714285714,889,0 0 2 0 0 119 -36,0.0 0.0 0.0 0.0 0.0 0.1650485436893204 0.32,1.970485436893204,0.325,1149,0 0 2 0 0 121 -29,0.0 0.0 0.0 0.0 0.0 0.18446601941747573 0.6,2.4446601941747574,0.31785714285714284,1142,6 1 3 3 0 102 -37,0.8571428571428571 0.5 0.3333333333333333 0.3 0.0 0.0 0.28,910776.4704761904,0.014285714285714285,1,0 0 2 0 0 131 -26,0.0 0.0 0.0 0.0 0.0 0.2815533980582524 0.72,3.5355339805825237,0.44285714285714284,3100,0 0 2 0 0 154 -35,0.0 0.0 0.0 0.0 0.0 0.5048543689320388 0.36,5.408543689320388,0.13214285714285715,8796,6 1 3 3 0 102 -37,0.8571428571428571 0.5 0.3333333333333333 0.3 0.0 0.0 0.28,910776.4704761904,0.014285714285714285,1,0 0 2 0 0 136 -30,0.0 0.0 0.0 0.0 0.0 0.3300970873786408 0.56,3.860970873786408,0.5071428571428571,3062,0 0 2 0 0 132 -37,0.0 0.0 0.0 0.0 0.0 0.2912621359223301 0.28,3.192621359223301,0.125,2787,6 1 3 3 0 102 -37,0.8571428571428571 0.5 0.3333333333333333 0.3 0.0 0.0 0.28,910776.4704761904,0.014285714285714285,1,0 0 2 0 0 135 -29,0.0 0.0 0.0 0.0 0.0 0.32038834951456313 0.6,3.8038834951456315,0.2714285714285714,11299,0 0 2 2 0 140 -35,0.0 0.0 0.0 0.2 0.0 0.36893203883495146 0.36,204.04932038834954,0.15714285714285714,8875,7 1 4 9 0 102 -37,1.0 0.5 0.6666666666666666 0.9 0.0 0.0 0.28,1057566.9466666668,0.014285714285714285,342,0 0 2 0 0 130 -25,0.0 0.0 0.0 0.0 0.0 0.27184466019417475 0.76,3.478446601941747,0.6642857142857143,6367,0 0 2 0 0 205 -19,0.0 0.0 0.0 0.0 0.0 1.0 1.0,11.0,0.5285714285714286,4593,7 2 5 10 0 106 -37,1.0 1.0 1.0 1.0 0.0 0.038834951456310676 0.28,1111000.6683495145,0.017857142857142856,340,0 0 2 0 0 130 -25,0.0 0.0 0.0 0.0 0.0 0.27184466019417475 0.76,3.478446601941747,0.6678571428571428,6366,0 0 2 0 0 205 -19,0.0 0.0 0.0 0.0 0.0 1.0 1.0,11.0,0.5285714285714286,4593,0 0 2 0 0 128 -35,0.0 0.0 0.0 0.0 0.0 0.2524271844660194 0.36,2.884271844660194,0.16071428571428573,1280
resolved-p28d-3600-3rd/nsp-n20-d28-r0.10-rp2-fp2-s9,0 0 0 0 0 68 -61,0.0 0.0 0.0 0.0 0.0 0.0 0.0,0.0,0.31785714285714284,210,0 0 0 0 0 86 -43,0.0 0.0 0.0 0.0 0.0 0.06844106463878327 0.29508196721311475,0.9794926136009475,0.24107142857142858,147,0 0 0 0 0 97 -39,0.0 0.0 0.0 0.0 0.0 0.11026615969581749 0.36065573770491804,1.4633173346630928,0.1875,112,0 0 0 0 0 127 -35,0.0 0.0 0.0 0.0 0.0 0.22433460076045628 0.4262295081967213,2.669575515801284,0.15357142857142858,24,0 0 0 0 0 111 -15,0.0 0.0 0.0 0.0 0.0 0.1634980988593156 0.7540983606557377,2.3890793492488935,0.3732142857142857,14,0 0 0 0 0 125 -42,0.0 0.0 0.0 0.0 0.0 0.21673003802281368 0.3114754098360656,2.4787757900642027,0.13214285714285715,25,0 0 0 0 0 128 -39,0.0 0.0 0.0 0.0 0.0 0.22813688212927757 0.36065573770491804,2.6420245589976936,0.15,14,0 0 0 0 0 107 -25,0.0 0.0 0.0 0.0 0.0 0.1482889733840304 0.5901639344262295,2.0730536682665335,0.325,4,0 0 0 0 0 136 -26,0.0 0.0 0.0 0.0 0.0 0.2585551330798479 0.5737704918032787,3.1593218226017576,0.15357142857142858,7,0 0 0 0 0 138 -37,0.0 0.0 0.0 0.0 0.0 0.2661596958174905 0.39344262295081966,3.0550395811257247,0.15,6,0 0 0 0 0 95 -19,0.0 0.0 0.0 0.0 0.0 0.10266159695817491 0.6885245901639344,1.7151405597456835,0.425,7,0 0 0 0 0 129 -41,0.0 0.0 0.0 0.0 0.0 0.23193916349809887 0.32786885245901637,2.647260487440005,0.15357142857142858,1,0 0 0 0 0 298 -8,0.0 0.0 0.0 0.0 0.0 0.8745247148288974 0.8688524590163934,9.614099607305366,0.5035714285714286,48,0 0 0 0 0 78 -16,0.0 0.0 0.0 0.0 0.0 0.03802281368821293 0.7377049180327869,1.1179330549149162,0.6696428571428571,158,0 0 0 0 0 331 0,0.0 0.0 0.0 0.0 0.0 1.0 1.0,11.0,0.4928571428571429,61,0 0 0 0 0 298 -8,0.0 0.0 0.0 0.0 0.0 0.8745247148288974 0.8688524590163934,9.614099607305366,0.5035714285714286,48,0 0 0 0 0 78 -16,0.0 0.0 0.0 0.0 0.0 0.03802281368821293 0.7377049180327869,1.1179330549149162,0.6696428571428571,158,0 0 0 0 0 331 0,0.0 0.0 0.0 0.0 0.0 1.0 1.0,11.0,0.4928571428571429,61,0 0 0 0 0 107 -30,0.0 0.0 0.0 0.0 0.0 0.1482889733840304 0.5081967213114754,1.9910864551517795,0.15178571428571427,34
resolved-p28d-3600-3rd/nsp-n50-d28-r0.10-rp2-fp2-s7,30 609 1076 1234 148 2148 13,0.8148148148148148 0.7329113924050633 0.0 0.0 0.8395061728395061 0.0 0.0,888189.904672605,0.09214285714285714,2243,8 696 1258 1346 150 2449 58,0.0 0.8430379746835444 0.09832522960561858 0.014200583238240142 0.8518518518518519 0.04240631163708087 0.3103448275862069,85387.169940778,0.03785714285714286,3670,8 696 1272 1342 150 2452 56,0.0 0.8430379746835444 0.10588870880605078 0.013693419551160137 0.8518518518518519 0.042828965905888985 0.296551724137931,85462.28800253448,0.04,3653,35 730 1295 1491 161 2396 64,1.0 0.8860759493670886 0.11831442463533225 0.03258526689489032 0.9197530864197531 0.03493941955480417 0.35172413793103446,1089916.0008769326,0.012142857142857143,1,33 737 1399 1607 173 2454 31,0.9259259259259259 0.8949367088607595 0.17450027012425715 0.04729301382021047 0.9938271604938271 0.04311073541842773 0.12413793103448276,1017311.8304883994,0.08642857142857142,604,32 758 1542 1509 173 2570 33,0.8888888888888888 0.9215189873417722 0.2517558076715289 0.03486750348675035 0.9938271604938271 0.05945336714567484 0.13793103448275862,983693.3283840236,0.22857142857142856,475,35 730 1295 1491 161 2396 64,1.0 0.8860759493670886 0.11831442463533225 0.03258526689489032 0.9197530864197531 0.03493941955480417 0.35172413793103446,1089916.0008769326,0.012142857142857143,1,32 731 1369 1542 174 2355 55,0.8888888888888888 0.8873417721518987 0.1582928146947596 0.03905160390516039 1.0 0.029163144547759933 0.2896551724137931,979345.6271415495,0.08214285714285714,313,28 808 1658 1838 127 2538 41,0.7407407407407407 0.9848101265822785 0.31442463533225284 0.07658171674908076 0.7098765432098766 0.054945054945054944 0.19310344827586207,842514.3116773588,0.205,576,35 730 1295 1491 161 2396 64,1.0 0.8860759493670886 0.11831442463533225 0.03258526689489032 0.9197530864197531 0.03493941955480417 0.35172413793103446,1089916.0008769326,0.012142857142857143,1,29 820 1643 1953 157 2457 45,0.7777777777777778 1.0 0.3063209076175041 0.09116267275263092 0.8950617283950617 0.04353338968723584 0.2206896551724138,881022.311723097,0.22642857142857142,1565,31 727 1336 1494 160 2377 63,0.8518518518518519 0.8822784810126583 0.14046461372231225 0.03296563966020033 0.9135802469135802 0.03226260918568611 0.3448275862068966,941609.3372083706,0.02642857142857143,287,17 40 2865 6778 28 9038 158,0.3333333333333333 0.012658227848101266 0.9665045921123717 0.702928870292887 0.09876543209876543 0.9706959706959707 1.0,344987.7144124769,0.7521428571428571,4756,15 34 2747 9121 95 8475 89,0.25925925925925924 0.005063291139240506 0.9027552674230146 1.0 0.5123456790123457 0.8913778529163144 0.5241379310344828,269853.8135317749,0.7642857142857142,4219,12 34 2685 8563 12 8960 127,0.14814814814814814 0.005063291139240506 0.8692598595353863 0.9292506656523393 0.0 0.9597069597069597 0.7862068965517242,158286.70979957204,0.7657142857142857,3753,17 41 2927 7129 29 9246 141,0.3333333333333333 0.013924050632911392 1.0 0.7474324838341575 0.10493827160493827 1.0 0.8827586206896552,345494.5474662398,0.7521428571428571,4549,15 30 2682 8394 96 8339 95,0.25925925925925924 0.0 0.8676391139924365 0.907822999873209 0.5185185185185185 0.8722175260636799 0.5655172413793104,268904.6129434107,0.7642857142857142,4422,12 33 2634 8014 15 8877 131,0.14814814814814814 0.0037974683544303796 0.8417071853052404 0.8596424496006086 0.018518518518518517 0.9480135249366018 0.8137931034482758,157816.75506644885,0.7657142857142857,3980,10 692 1270 1380 158 2443 44,0.07407407407407407 0.8379746835443038 0.10480821177741761 0.018511474578420187 0.9012345679012346 0.04156100309946464 0.21379310344827587,159028.88888078157,0.035,3731
resolved-p28d-3600-3rd/nsp-n30-d28-r0.10-rp2-fp2-s4,1 10 0 4 0 122 -103,0.0 0.12962962962962962 0.0 0.0005621135469364812 0.0 0.0 0.0,12963.525076509899,0.22023809523809523,1138,1 10 0 2 0 153 -89,0.0 0.12962962962962962 0.0 0.0 0.0 0.011028103877623622 0.06222222222222222,12963.135466223961,0.11785714285714285,1504,1 10 0 7 0 156 -85,0.0 0.12962962962962962 0.0 0.001405283867341203 0.0 0.012095339736748489 0.08,12964.56920022767,0.0869047619047619,1398,11 10 2 26 0 143 -86,1.0 0.12962962962962962 0.002157497303128371 0.006745362563237774 0.0 0.007470651013874066 0.07555555555555556,1012991.4335606232,0.02023809523809524,1,8 18 4 33 0 169 -83,0.7 0.2777777777777778 0.004314994606256742 0.008712759977515458 0.0 0.01672002845962291 0.08888888888888889,727829.8965729914,0.0380952380952381,356,5 55 76 159 14 369 -70,0.4 0.9629629629629629 0.08198489751887811 0.044125913434513775 0.6666666666666666 0.08786908573461402 0.14666666666666667,497227.96320911025,0.20238095238095238,503,11 10 2 26 0 143 -86,1.0 0.12962962962962962 0.002157497303128371 0.006745362563237774 0.0 0.007470651013874066 0.07555555555555556,1012991.4335606232,0.02023809523809524,1,1 57 206 175 21 550 -52,0.0 1.0 0.2222222222222222 0.04862282181000562 1.0 0.15225898256848097 0.22666666666666666,102372.59430052458,0.2392857142857143,850,6 52 19 64 2 232 -80,0.5 0.9074074074074074 0.020496224379719527 0.017425519955030916 0.09523809523809523 0.03913198150124511 0.10222222222222223,590973.145856054,0.08452380952380953,464,11 10 2 26 0 143 -86,1.0 0.12962962962962962 0.002157497303128371 0.006745362563237774 0.0 0.007470651013874066 0.07555555555555556,1012991.4335606232,0.02023809523809524,1,7 17 30 61 6 261 -62,0.6 0.25925925925925924 0.032362459546925564 0.016582349634626195 0.2857142857142857 0.049448594806118816 0.18222222222222223,626295.3810077716,0.10238095238095238,3764,7 40 12 69 1 196 -81,0.6 0.6851851851851852 0.012944983818770227 0.01883080382237212 0.047619047619047616 0.02632515119174671 0.09777777777777778,668671.9220945803,0.055952380952380955,1269,11 51 887 2872 8 2800 120,1.0 0.8888888888888888 0.9568500539374326 0.8066329398538504 0.38095238095238093 0.9526858769121309 0.9911111111111112,1099312.6355760926,0.6011904761904762,5255,7 3 744 3512 13 2805 106,0.6 0.0 0.8025889967637541 0.9865092748735245 0.6190476190476191 0.9544646033440057 0.9288888888888889,609084.7775393381,0.6654761904761904,8371,6 9 927 3560 9 2933 63,0.5 0.1111111111111111 1.0 1.0 0.42857142857142855 1.0 0.7377777777777778,522164.70603174606,0.6547619047619048,7319,11 51 887 2864 8 2801 122,1.0 0.8888888888888888 0.9568500539374326 0.8043844856661045 0.38095238095238093 0.9530416221985059 1.0,1099310.3995682467,0.6011904761904762,5261,7 3 736 3485 14 2787 100,0.6 0.0 0.7939590075512406 0.978920741989882 0.6666666666666666 0.9480611881892564 0.9022222222222223,608995.560318273,0.6654761904761904,8440,6 5 770 1743 11 2703 38,0.5 0.037037037037037035 0.8306364617044228 0.4893198426082069 0.5238095238095238 0.9181785841337602 0.6266666666666667,512561.57756824506,0.6464285714285715,9588,1 10 0 17 0 163 -82,0.0 0.12962962962962962 0.0 0.0042158516020236085 0.0 0.014585556741373178 0.09333333333333334,12967.418003465735,0.06547619047619048,1235
resolved-p28d-3600-3rd/nsp-n50-d28-r0.10-rp2-fp2-s1,0 11 0 23 0 456 -147,0.0 0.3333333333333333 0.0 0.0008822585819698428 0.0 0.008131997642899234 0.028037383177570093,33334.32494927491,0.08857142857142856,2011,0 14 0 34 1 448 -148,0.0 0.42424242424242425 0.0 0.0017645171639396856 0.021739130434782608 0.007189157336476134 0.024922118380062305,42428.277668141585,0.06928571428571428,1616,0 13 2 30 1 509 -150,0.0 0.3939393939393939 0.000749063670411985 0.0014436958614051972 0.021739130434782608 0.014378314672952268 0.018691588785046728,39405.2101142839,0.06785714285714285,1835,27 13 2 22 0 387 -155,0.9642857142857143 0.3939393939393939 0.000749063670411985 0.0008020532563362208 0.0 0.0 0.003115264797507788,1003687.949484879,0.013571428571428571,1,24 11 5 13 1 400 -155,0.8571428571428571 0.3333333333333333 0.0018726591760299626 8.020532563362207e-05 0.021739130434782608 0.0015321154979375368 0.003115264797507788,890497.1896227396,0.020714285714285713,439,25 17 6 39 2 401 -149,0.8928571428571429 0.5151515151515151 0.0022471910112359553 0.002165543792107796 0.043478260869565216 0.0016499705362404242 0.021806853582554516,944401.3179588447,0.02214285714285714,145,27 13 2 22 0 387 -155,0.9642857142857143 0.3939393939393939 0.000749063670411985 0.0008020532563362208 0.0 0.0 0.003115264797507788,1003687.949484879,0.013571428571428571,1,25 33 4 32 1 396 -156,0.8928571428571429 1.0 0.00149812734082397 0.0016041065126724415 0.021739130434782608 0.001060695344725987 0.0,992875.9127570607,0.02642857142857143,192,23 17 8 38 2 446 -147,0.8214285714285714 0.5151515151515151 0.00299625468164794 0.002085338466474174 0.043478260869565216 0.006953447259870359 0.028037383177570093,872980.2162269485,0.03142857142857143,164,27 13 2 22 0 387 -155,0.9642857142857143 0.3939393939393939 0.000749063670411985 0.0008020532563362208 0.0 0.0 0.003115264797507788,1003687.949484879,0.013571428571428571,1,25 11 2 12 0 403 -156,0.8928571428571429 0.3333333333333333 0.000749063670411985 0.0 0.0 0.0018856806128461992 0.0,926197.9856839866,0.020714285714285713,276,24 13 3 36 2 401 -152,0.8571428571428571 0.3939393939393939 0.0011235955056179776 0.0019249278152069298 0.043478260869565216 0.0016499705362404242 0.012461059190031152,896554.3342065193,0.027857142857142858,58,28 14 2 22 0 387 -155,1.0 0.42424242424242425 0.000749063670411985 0.0008020532563362208 0.0 0.0 0.003115264797507788,1042432.5382294677,0.013571428571428571,1766,0 0 1837 3543 46 6734 160,0.0 0.0 0.6880149812734082 0.2832050048123195 1.0 0.7480259281084266 0.9844236760124611,7271.819500503498,0.6842857142857143,2004,0 0 2670 12480 5 8872 -33,0.0 0.0 1.0 1.0 0.10869565217391304 1.0 0.38317757009345793,11021.252742787485,0.6421428571428571,1354,27 13 2 22 0 387 -155,0.9642857142857143 0.3939393939393939 0.000749063670411985 0.0008020532563362208 0.0 0.0 0.003115264797507788,1003687.949484879,0.013571428571428571,1767,0 0 1861 3576 45 6779 165,0.0 0.0 0.6970037453183521 0.2858517805582291 0.9782608695652174 0.7533294048320566 1.0,7362.248614746592,0.6842857142857143,1969,0 0 2405 8551 11 8304 55,0.0 0.0 0.900749063670412 0.6848732755854989 0.2391304347826087 0.9330583382439599 0.6573208722741433,9726.264860022595,0.6421428571428571,1550,0 27 3 38 2 452 -149,0.0 0.8181818181818182 0.0011235955056179776 0.002085338466474174 0.043478260869565216 0.0076605774896876845 0.021806853582554516,81835.94935041992,0.03857142857142857,1591
resolved-p28d-3600-3rd/nsp-n20-d28-r0.10-rp2-fp2-s7,0 0 0 0 0 54 -50,0.0 0.0 0.0 0.0 0.0 0.0 0.22857142857142856,0.22857142857142856,0.37857142857142856,210,0 0 0 0 0 66 -58,0.0 0.0 0.0 0.0 0.0 0.042704626334519574 0.0,0.42704626334519574,0.3125,125,0 0 0 0 0 81 -51,0.0 0.0 0.0 0.0 0.0 0.09608540925266904 0.2,1.1608540925266904,0.26964285714285713,81,0 0 0 0 0 111 -51,0.0 0.0 0.0 0.0 0.0 0.20284697508896798 0.2,2.22846975088968,0.1982142857142857,23,0 0 0 0 0 85 -23,0.0 0.0 0.0 0.0 0.0 0.1103202846975089 1.0,2.1032028469750887,0.5160714285714286,10,0 0 0 0 0 122 -46,0.0 0.0 0.0 0.0 0.0 0.24199288256227758 0.34285714285714286,2.762785968479919,0.19107142857142856,36,0 0 0 0 0 130 -44,0.0 0.0 0.0 0.0 0.0 0.2704626334519573 0.4,3.104626334519573,0.1875,28,0 0 0 0 0 88 -26,0.0 0.0 0.0 0.0 0.0 0.12099644128113879 0.9142857142857143,2.124250127097102,0.4517857142857143,14,0 0 0 0 0 111 -43,0.0 0.0 0.0 0.0 0.0 0.20284697508896798 0.42857142857142855,2.457041179461108,0.1875,24,0 0 0 0 0 124 -46,0.0 0.0 0.0 0.0 0.0 0.2491103202846975 0.34285714285714286,2.833960345704118,0.19107142857142856,18,0 0 0 0 0 80 -25,0.0 0.0 0.0 0.0 0.0 0.09252669039145907 0.9428571428571428,1.8681240467717335,0.5053571428571428,16,0 0 0 0 0 122 -40,0.0 0.0 0.0 0.0 0.0 0.24199288256227758 0.5142857142857142,2.9342145399084902,0.19285714285714287,27,0 0 0 0 0 335 -36,0.0 0.0 0.0 0.0 0.0 1.0 0.6285714285714286,10.628571428571428,0.44821428571428573,14,0 0 0 0 0 68 -25,0.0 0.0 0.0 0.0 0.0 0.0498220640569395 0.9428571428571428,1.4410777834265378,0.6339285714285714,137,0 0 0 0 0 322 -39,0.0 0.0 0.0 0.0 0.0 0.9537366548042705 0.5428571428571428,10.080223690899848,0.425,42,0 0 0 0 0 335 -36,0.0 0.0 0.0 0.0 0.0 1.0 0.6285714285714286,10.628571428571428,0.44821428571428573,14,0 0 0 0 0 68 -25,0.0 0.0 0.0 0.0 0.0 0.0498220640569395 0.9428571428571428,1.4410777834265378,0.6339285714285714,137,0 0 0 0 0 322 -39,0.0 0.0 0.0 0.0 0.0 0.9537366548042705 0.5428571428571428,10.080223690899848,0.425,42,0 0 0 0 0 89 -40,0.0 0.0 0.0 0.0 0.0 0.12455516014234876 0.5142857142857142,1.7598373157092018,0.2571428571428571,78
resolved-p28d-3600-3rd/nsp-n10-d28-r0.10-rp0-fp0-s0,0 2 0 0 0 76 -37,0.0 0.2 0.0 0.0 0.0 0.0 0.0,20000.0,0.29285714285714287,338,0 1 0 0 0 77 -33,0.0 0.0 0.0 0.0 0.0 0.0025380710659898475 0.09090909090909091,0.11628980156898938,0.31785714285714284,410,0 1 0 0 0 78 -28,0.0 0.0 0.0 0.0 0.0 0.005076142131979695 0.20454545454545456,0.2553068758652515,0.21785714285714286,405,2 4 1 8 0 76 -28,0.5 0.6 0.02631578947368421 0.14035087719298245 0.0 0.0 0.20454545454545456,560403.7133173845,0.025,1,0 1 0 0 0 92 -18,0.0 0.0 0.0 0.0 0.0 0.04060913705583756 0.4318181818181818,0.8379095523765574,0.38571428571428573,572,0 1 0 0 0 94 -29,0.0 0.0 0.0 0.0 0.0 0.04568527918781726 0.18181818181818182,0.6386709736963544,0.08571428571428572,991,2 4 1 8 0 76 -28,0.5 0.6 0.02631578947368421 0.14035087719298245 0.0 0.0 0.20454545454545456,560403.7133173845,0.025,1,0 1 0 0 0 98 -19,0.0 0.0 0.0 0.0 0.0 0.05583756345177665 0.4090909090909091,0.9674665436086756,0.4035714285714286,1793,0 1 0 0 0 94 -29,0.0 0.0 0.0 0.0 0.0 0.04568527918781726 0.18181818181818182,0.6386709736963544,0.08571428571428572,526,2 4 1 8 0 76 -28,0.5 0.6 0.02631578947368421 0.14035087719298245 0.0 0.0 0.20454545454545456,560403.7133173845,0.025,1,0 1 0 0 0 103 -13,0.0 0.0 0.0 0.0 0.0 0.06852791878172589 0.5454545454545454,1.2307337332718042,0.36428571428571427,2253,0 1 0 0 0 94 -29,0.0 0.0 0.0 0.0 0.0 0.04568527918781726 0.18181818181818182,0.6386709736963544,0.08571428571428572,538,3 5 1 13 0 79 -28,0.75 0.8 0.02631578947368421 0.22807017543859648 0.0 0.007614213197969543 0.20454545454545456,830491.508757762,0.025,360,0 3 38 57 20 470 -1,0.0 0.4 1.0 1.0 1.0 1.0 0.8181818181818182,51110.818181818184,0.7107142857142857,21340,0 2 25 25 12 381 -10,0.0 0.2 0.6578947368421053 0.43859649122807015 0.6 0.7741116751269036 0.6136363636363636,27085.898612764027,0.6035714285714285,24281,4 6 1 15 0 79 -28,1.0 1.0 0.02631578947368421 0.2631578947368421 0.0 0.007614213197969543 0.20454545454545456,1100526.5964770603,0.025,359,0 3 36 53 18 436 2,0.0 0.4 0.9473684210526315 0.9298245614035088 0.9 0.9137055837563451 0.8863636363636364,50503.53219140375,0.7285714285714285,21690,0 2 26 39 14 401 7,0.0 0.2 0.6842105263157895 0.6842105263157895 0.7 0.8248730964467005 1.0,27605.56452043815,0.6035714285714285,23876,0 1 0 0 0 85 -29,0.0 0.0 0.0 0.0 0.0 0.02284263959390863 0.18181818181818182,0.4102445777572681,0.1392857142857143,358
resolved-p28d-3600-3rd/nsp-n40-d28-r0.10-rp2-fp2-s3,1 11 0 4 0 253 -120,0.05 0.2619047619047619 0.0 0.0 0.0 0.0 0.0,76190.47619047618,0.16785714285714284,2064,1 11 0 20 0 299 -101,0.05 0.2619047619047619 0.0 0.0031620553359683794 0.0 0.010923771075753978 0.08225108225108226,76193.82973460515,0.08660714285714285,2840,1 11 0 24 0 318 -98,0.05 0.2619047619047619 0.0 0.003952569169960474 0.0 0.01543576347660888 0.09523809523809523,76194.67835537615,0.06964285714285715,3138,19 13 0 21 0 272 -95,0.95 0.30952380952380953 0.0 0.0033596837944664033 0.0 0.004511992400854904 0.10822510822510822,980955.8939812076,0.01607142857142857,1,17 31 4 30 0 318 -95,0.85 0.7380952380952381 0.0033984706881903144 0.005138339920948616 0.0 0.01543576347660888 0.10822510822510822,923848.9094390696,0.0375,1943,17 23 1 5 0 318 -96,0.85 0.5476190476190477 0.0008496176720475786 0.0001976284584980237 0.0 0.01543576347660888 0.1038961038961039,904770.8568208223,0.04107142857142857,184,19 13 0 21 0 272 -95,0.95 0.30952380952380953 0.0 0.0033596837944664033 0.0 0.004511992400854904 0.10822510822510822,980955.8939812076,0.01607142857142857,1,17 42 4 49 1 291 -97,0.85 1.0 0.0033984706881903144 0.008893280632411068 0.034482758620689655 0.009023984801709808 0.09956709956709957,950046.516070324,0.045535714285714284,1170,16 27 11 46 1 325 -95,0.8 0.6428571428571429 0.009345794392523364 0.008300395256916997 0.034482758620689655 0.017098076466397532 0.10822510822510822,864391.2001066315,0.044642857142857144,32,19 13 0 21 0 272 -95,0.95 0.30952380952380953 0.0 0.0033596837944664033 0.0 0.004511992400854904 0.10822510822510822,980955.8939812076,0.01607142857142857,1,17 22 13 57 2 343 -93,0.85 0.5238095238095238 0.011045029736618521 0.010474308300395257 0.06896551724137931 0.021372595582996912 0.11688311688311688,902509.1041474158,0.05803571428571429,652,16 17 1 30 0 295 -95,0.8 0.40476190476190477 0.0008496176720475786 0.005138339920948616 0.0 0.009973877938731893 0.10822510822510822,840490.0329567195,0.025,221,20 14 0 21 0 272 -95,1.0 0.3333333333333333 0.0 0.0033596837944664033 0.0 0.004511992400854904 0.10822510822510822,1033336.84636216,0.01607142857142857,1386,0 0 1162 2824 29 4388 111,0.0 0.0 0.9872557349192863 0.5573122529644269 1.0 0.9819520303965804 1.0,10540.689122461254,0.6464285714285715,2096,0 0 1162 5064 11 4464 55,0.0 0.0 0.9872557349192863 1.0 0.3793103448275862 1.0 0.7575757575757576,10921.245959433198,0.6482142857142857,2457,19 13 0 21 0 272 -95,0.95 0.30952380952380953 0.0 0.0033596837944664033 0.0 0.004511992400854904 0.10822510822510822,980955.8939812076,0.01607142857142857,1387,0 0 1177 2865 29 4397 111,0.0 0.0 1.0 0.5654150197628458 1.0 0.9840892899548801 1.0,10676.255912662395,0.6464285714285715,2071,0 0 1154 4662 13 4431 63,0.0 0.0 0.9804587935429057 0.9205533596837945 0.4482758620689655 0.9921633816195679 0.7922077922077922,10780.682722928152,0.6482142857142857,2505,1 11 0 34 0 326 -97,0.05 0.2619047619047619 0.0 0.005928853754940711 0.0 0.017335549750653052 0.09956709956709957,76196.6779668282,0.05892857142857143,2403
resolved-p28d-3600-3rd/nsp-n30-d28-r0.10-rp2-fp2-s1,0 3 4 64 6 749 -20,0.0 0.014778325123152709 0.0 0.0 0.0 0.0 0.075,1477.9075123152709,0.18452380952380953,2677,0 3 4 100 34 785 -24,0.0 0.014778325123152709 0.0 0.01138159974707556 0.45161290322580644 0.013824884792626729 0.041666666666666664,1534.55531789952,0.1380952380952381,2506,0 3 4 110 31 889 -20,0.0 0.014778325123152709 0.0 0.014543155232374328 0.4032258064516129 0.053763440860215055 0.075,1533.3108826014086,0.13452380952380952,2410,18 6 7 169 47 957 -8,0.9473684210526315 0.029556650246305417 0.00375 0.033196332595637056 0.6612903225806451 0.07987711213517665 0.175,950461.8852132371,0.013095238095238096,1,13 83 45 247 40 977 -15,0.6842105263157895 0.4088669950738916 0.05125 0.057856465380967434 0.5483870967741935 0.08755760368663594 0.11666666666666667,725723.4132409407,0.1130952380952381,389,5 136 167 347 68 1219 -23,0.2631578947368421 0.6699507389162561 0.20375 0.0894720202339551 1.0 0.18049155145929338 0.05,332381.79556421627,0.2619047619047619,910,18 6 7 169 47 957 -8,0.9473684210526315 0.029556650246305417 0.00375 0.033196332595637056 0.6612903225806451 0.07987711213517665 0.175,950461.8852132371,0.013095238095238096,1,10 203 342 455 62 1664 -25,0.5263157894736842 1.0 0.4225 0.12361681947518179 0.9032258064516129 0.3513824884792627 0.03333333333333333,630758.2760320227,0.34523809523809523,836,9 118 233 359 65 1517 -11,0.47368421052631576 0.5812807881773399 0.28625 0.09326588681631362 0.9516129032258065 0.29493087557603687 0.15,534866.3158299444,0.18452380952380953,460,18 6 7 169 47 957 -8,0.9473684210526315 0.029556650246305417 0.00375 0.033196332595637056 0.6612903225806451 0.07987711213517665 0.175,950461.8852132371,0.013095238095238096,1,10 63 66 251 35 1124 -29,0.5263157894736842 0.3103448275862069 0.0775 0.059121087575086946 0.46774193548387094 0.14400921658986174 0.0,558232.6076055942,0.15595238095238095,567,12 152 165 328 49 1173 18,0.631578947368421 0.7487684729064039 0.20125 0.08346506481188745 0.6935483870967742 0.16282642089093702 0.39166666666666666,708623.1344934586,0.28095238095238095,448,18 6 7 169 47 957 -8,0.9473684210526315 0.029556650246305417 0.00375 0.033196332595637056 0.6612903225806451 0.07987711213517665 0.175,950461.8852132371,0.013095238095238096,1076,0 0 571 1109 26 2288 77,0.0 0.0 0.70875 0.33038254821372115 0.3225806451612903 0.5910138248847926 0.8833333333333333,7456.934084312031,0.6773809523809524,4015,0 0 804 3227 7 3353 91,0.0 0.0 1.0 1.0 0.016129032258064516 1.0 1.0,11012.612903225807,0.6214285714285714,3850,19 7 7 172 47 954 -8,1.0 0.034482758620689655 0.00375 0.03414479924122668 0.6612903225806451 0.07872503840245776 0.175,1003587.0119439523,0.013095238095238096,1075,0 0 569 949 28 2281 70,0.0 0.0 0.70625 0.2797976604489409 0.3548387096774194 0.5883256528417818 0.825,7384.4897879451,0.6773809523809524,4140,0 0 794 3209 7 3343 90,0.0 0.0 0.9875 0.9943092001264622 0.016129032258064516 0.9961597542242704 0.9916666666666667,10881.875367561179,0.6214285714285714,3895,0 3 12 147 37 911 -21,0.0 0.014778325123152709 0.01 0.026240910527979767 0.5 0.06221198156682028 0.06666666666666667,1654.7622093255854,0.08452380952380953,2159
resolved-p28d-3600-3rd/nsp-n20-d28-r0.10-rp2-fp2-s6,1 5 2 6 0 81 -99,0.1111111111111111 0.043478260869565216 0.0 0.0 0.0 0.0 0.0,115458.93719806764,0.3267857142857143,917,0 2 4 11 0 116 -79,0.0 0.017391304347826087 0.004282655246252677 0.000671591672263264 0.0 0.020958083832335328 0.1941747572815534,1783.0323345130037,0.14821428571428572,1077,0 4 4 10 0 109 -80,0.0 0.034782608695652174 0.004282655246252677 0.0005372733378106112 0.0 0.016766467065868262 0.18446601941747573,3521.976826055631,0.14821428571428572,1095,9 6 5 15 0 85 -77,1.0 0.05217391304347826 0.006423982869379015 0.001208865010073875 0.0 0.0023952095808383233 0.21359223300970873,1005283.0775423804,0.014285714285714285,1,0 0 5 157 9 347 -2,0.0 0.0 0.006423982869379015 0.02028206850235057 0.21951219512195122 0.1592814371257485 0.941747572815534,109.00767865240886,0.3339285714285714,3010,0 67 202 188 21 567 -28,0.0 0.5826086956521739 0.4282655246252677 0.02444593687038281 0.5121951219512195 0.29101796407185626 0.6893203883495146,62622.789760564636,0.44821428571428573,953,9 6 5 15 0 85 -77,1.0 0.05217391304347826 0.006423982869379015 0.001208865010073875 0.0 0.0023952095808383233 0.21359223300970873,1005283.0775423804,0.014285714285714285,1,0 99 232 184 41 436 -53,0.0 0.8608695652173913 0.4925053533190578 0.023908663532572195 1.0 0.2125748502994012 0.44660194174757284,91138.49106890702,0.25535714285714284,2771,0 0 4 20 0 189 -71,0.0 0.0 0.004282655246252677 0.001880456682337139 0.0 0.06467065868263473 0.27184466019417475,45.625560391884434,0.15714285714285714,1633,9 6 5 15 0 85 -77,1.0 0.05217391304347826 0.006423982869379015 0.001208865010073875 0.0 0.0023952095808383233 0.21359223300970873,1005283.0775423804,0.014285714285714285,1,0 115 222 195 16 426 -13,0.0 1.0 0.47109207708779444 0.025386165211551376 0.3902439024390244 0.20658682634730538 0.8349514563106796,104778.23214605317,0.43392857142857144,1463,0 22 26 65 5 243 -44,0.0 0.19130434782608696 0.05139186295503212 0.007924781732706514 0.12195121951219512 0.09700598802395209 0.5339805825242718,19665.977356305706,0.17142857142857143,968,7 23 467 7313 0 1740 -70,0.7777777777777778 0.2 0.9957173447537473 0.9814640698455339 0.0 0.9934131736526947 0.2815533980582524,808726.6309802952,0.5660714285714286,15712,3 0 361 780 3 1608 1,0.3333333333333333 0.0 0.7687366167023555 0.10396239086635325 0.07317073170731707 0.9143712574850299 0.970873786407767,341142.09355075523,0.6535714285714286,10716,3 1 243 448 7 1138 2,0.3333333333333333 0.008695652173913044 0.5160599571734475 0.05936870382807253 0.17073170731707318 0.6329341317365269 0.9805825242718447,339447.2499208605,0.6321428571428571,12656,7 23 469 7451 0 1751 -74,0.7777777777777778 0.2 1.0 1.0 0.0 1.0 0.24271844660194175,808788.0204962244,0.5660714285714286,15178,3 0 353 780 3 1585 4,0.3333333333333333 0.0 0.7516059957173448 0.10396239086635325 0.07317073170731707 0.9005988023952096 1.0,340970.6787425678,0.6535714285714286,10829,3 1 242 432 5 1150 -6,0.3333333333333333 0.008695652173913044 0.5139186295503212 0.057219610476830086 0.12195121951219512 0.640119760479042 0.9029126213592233,339418.80368888204,0.6321428571428571,13418,0 5 4 24 0 127 -77,0.0 0.043478260869565216 0.004282655246252677 0.00241773002014775 0.0 0.027544910179640718 0.21359223300970873,4393.5594107740035,0.06964285714285715,1549
resolved-p28d-3600-3rd/nsp-n20-d28-r0.10-rp2-fp2-s8,0 1 163 174 63 1322 30,0.0 0.0 0.3403361344537815 0.5958904109589042 0.525 0.7089914945321992 0.3614457831325301,4059.2031162251737,0.12857142857142856,987,0 1 236 196 99 1634 43,0.0 0.0 0.49369747899159666 0.6712328767123288 0.825 0.8985419198055893 0.5180722891566265,5700.211158115508,0.0625,806,0 1 244 205 101 1622 44,0.0 0.0 0.5105042016806722 0.702054794520548 0.8416666666666667 0.8912515188335358 0.5301204819277109,5900.7061136642005,0.05714285714285714,792,13 3 297 224 120 1781 46,0.9285714285714286 0.013513513513513514 0.6218487394957983 0.7671232876712328 1.0 0.9878493317132442 0.5542168674698795,937018.8233155939,0.008928571428571428,1,0 13 417 292 83 1801 44,0.0 0.08108108108108109 0.8739495798319328 1.0 0.6916666666666667 1.0 0.5301204819277109,17927.30069357603,0.24642857142857144,7148,0 22 477 269 102 1609 41,0.0 0.14189189189189189 1.0 0.9212328767123288 0.85 0.8833535844471446 0.4939759036144578,25204.7495776496,0.3464285714285714,4625,13 3 297 224 120 1781 46,0.9285714285714286 0.013513513513513514 0.6218487394957983 0.7671232876712328 1.0 0.9878493317132442 0.5542168674698795,937018.8233155939,0.008928571428571428,1,0 1 1 0 0 155 5,0.0 0.0 0.0 0.0 0.0 0.0 0.060240963855421686,0.060240963855421686,0.6303571428571428,3205,0 1 1 1 0 246 0,0.0 0.0 0.0 0.003424657534246575 0.0 0.05528554070473876 0.0,3.9775129412939627,0.5214285714285715,2633,13 3 297 224 120 1781 46,0.9285714285714286 0.013513513513513514 0.6218487394957983 0.7671232876712328 1.0 0.9878493317132442 0.5542168674698795,937018.8233155939,0.008928571428571428,1,0 1 28 150 24 906 41,0.0 0.0 0.05672268907563025 0.5136986301369864 0.2 0.45625759416767925 0.4939759036144578,1105.9820727385802,0.5732142857142857,4504,0 1 150 166 59 1146 30,0.0 0.0 0.3130252100840336 0.5684931506849316 0.49166666666666664 0.6020656136087484 0.3614457831325301,3754.294020111154,0.4,4709,14 3 298 224 120 1781 46,1.0 0.013513513513513514 0.6239495798319328 0.7671232876712328 1.0 0.9878493317132442 0.5542168674698795,1008468.4031475266,0.008928571428571428,794,8 149 399 223 63 704 62,0.5714285714285714 1.0 0.8361344537815126 0.7636986301369864 0.525 0.3335358444714459 0.7469879518072289,680610.19694292,0.7446428571428572,12878,4 121 354 228 41 784 83,0.2857142857142857 0.8108108108108109 0.7415966386554622 0.7808219178082192 0.3416666666666667 0.382138517618469 1.0,375031.1431515725,0.7053571428571429,11590,13 3 297 224 120 1781 46,0.9285714285714286 0.013513513513513514 0.6218487394957983 0.7671232876712328 1.0 0.9878493317132442 0.5542168674698795,937018.8233155939,0.008928571428571428,796,8 148 402 225 63 715 62,0.5714285714285714 0.9932432432432432 0.842436974789916 0.7705479452054794 0.525 0.3402187120291616 0.7469879518072289,680004.4626210723,0.7535714285714286,13220,4 106 378 207 42 907 77,0.2857142857142857 0.7094594594594594 0.792016806722689 0.708904109589041 0.35 0.456865127582017 0.927710843373494,365329.80019916676,0.7089285714285715,12226,0 1 264 199 103 1667 46,0.0 0.0 0.5525210084033614 0.6815068493150684 0.8583333333333333 0.9185905224787363 0.5542168674698795,6302.290388774272,0.048214285714285716,570
resolved-p28d-3600-3rd/nsp-n10-d28-r0.10-rp0-fp0-s2,0 0 0 0 0 69 -42,0.0 0.0 0.0 0.0 0.0 0.0 0.0,0.0,0.4,108,0 0 0 0 0 72 -39,0.0 0.0 0.0 0.0 0.0 0.023076923076923078 0.125,0.3557692307692308,0.32857142857142857,85,0 0 0 0 0 70 -33,0.0 0.0 0.0 0.0 0.0 0.007692307692307693 0.375,0.4519230769230769,0.2714285714285714,69,0 0 0 0 0 90 -28,0.0 0.0 0.0 0.0 0.0 0.16153846153846155 0.5833333333333334,2.198717948717949,0.09642857142857143,19,0 0 0 0 0 93 -18,0.0 0.0 0.0 0.0 0.0 0.18461538461538463 1.0,2.8461538461538463,0.325,14,0 0 0 0 0 90 -30,0.0 0.0 0.0 0.0 0.0 0.16153846153846155 0.5,2.1153846153846154,0.09642857142857143,20,0 0 0 0 0 90 -29,0.0 0.0 0.0 0.0 0.0 0.16153846153846155 0.5416666666666666,2.157051282051282,0.09642857142857143,15,0 0 0 0 0 94 -28,0.0 0.0 0.0 0.0 0.0 0.19230769230769232 0.5833333333333334,2.5064102564102564,0.35714285714285715,10,0 0 0 0 0 90 -28,0.0 0.0 0.0 0.0 0.0 0.16153846153846155 0.5833333333333334,2.198717948717949,0.09642857142857143,14,0 0 0 0 0 90 -27,0.0 0.0 0.0 0.0 0.0 0.16153846153846155 0.625,2.2403846153846154,0.09642857142857143,16,0 0 0 0 0 86 -29,0.0 0.0 0.0 0.0 0.0 0.13076923076923078 0.5416666666666666,1.8493589743589745,0.5214285714285715,5,0 0 0 0 0 90 -28,0.0 0.0 0.0 0.0 0.0 0.16153846153846155 0.5833333333333334,2.198717948717949,0.09642857142857143,19,0 0 0 0 0 198 -28,0.0 0.0 0.0 0.0 0.0 0.9923076923076923 0.5833333333333334,10.506410256410257,0.42857142857142855,15,0 0 0 0 0 83 -40,0.0 0.0 0.0 0.0 0.0 0.1076923076923077 0.08333333333333333,1.1602564102564104,0.7142857142857143,169,0 0 0 0 0 199 -24,0.0 0.0 0.0 0.0 0.0 1.0 0.75,10.75,0.42857142857142855,15,0 0 0 0 0 198 -28,0.0 0.0 0.0 0.0 0.0 0.9923076923076923 0.5833333333333334,10.506410256410257,0.42857142857142855,15,0 0 0 0 0 83 -40,0.0 0.0 0.0 0.0 0.0 0.1076923076923077 0.08333333333333333,1.1602564102564104,0.7214285714285714,167,0 0 0 0 0 199 -24,0.0 0.0 0.0 0.0 0.0 1.0 0.75,10.75,0.42857142857142855,15,0 0 0 0 0 81 -25,0.0 0.0 0.0 0.0 0.0 0.09230769230769231 0.7083333333333334,1.6314102564102564,0.16071428571428573,15
resolved-p28d-3600-3rd/nsp-n50-d28-r0.10-rp2-fp2-s2,2 207 1922 1156 202 3973 14,0.041666666666666664 0.4987714987714988 0.0 0.0 0.8340248962655602 0.0 0.6690140845070423,91627.88804752761,0.05785714285714286,3585,3 223 2048 1186 196 4182 31,0.08333333333333333 0.538083538083538 0.06642066420664207 0.0018957345971563982 0.8091286307053942 0.03344 0.7887323943661971,137889.82551381562,0.04,3087,1 239 2045 1269 198 4123 38,0.0 0.5773955773955773 0.06483921982076964 0.007140600315955766 0.8174273858921162 0.024 0.8380281690140845,58477.91130483961,0.032857142857142856,3408,25 238 2172 1354 211 4242 41,1.0 0.5749385749385749 0.13178703215603585 0.012511848341232227 0.8713692946058091 0.04304 0.8591549295774648,1058912.6661481492,0.012857142857142857,1,24 288 2303 1402 222 4389 61,0.9583333333333334 0.6977886977886978 0.20084343700579863 0.015545023696682465 0.91701244813278 0.06656 1.0,1030229.5493507711,0.12285714285714286,246,21 311 2306 1426 240 4133 29,0.8333333333333334 0.7542997542997543 0.20242488139167106 0.017061611374407582 0.991701244813278 0.0256 0.7746478873239436,910904.8199609686,0.16285714285714287,298,25 238 2172 1354 211 4242 41,1.0 0.5749385749385749 0.13178703215603585 0.012511848341232227 0.8713692946058091 0.04304 0.8591549295774648,1058912.6661481492,0.012857142857142857,1,21 389 2503 1510 242 4465 15,0.8333333333333334 0.9459459459459459 0.3062730627306273 0.022369668246445498 1.0 0.07872 0.676056338028169,931114.4914798187,0.19285714285714287,431,24 297 2172 1392 210 4238 40,0.9583333333333334 0.7199017199017199 0.13178703215603585 0.014913112164296999 0.8672199170124482 0.0424 0.852112676056338,1031744.2868616072,0.105,491,25 238 2172 1354 211 4242 41,1.0 0.5749385749385749 0.13178703215603585 0.012511848341232227 0.8713692946058091 0.04304 0.8591549295774648,1058912.6661481492,0.012857142857142857,1,21 411 2751 1596 236 4670 20,0.8333333333333334 1.0 0.43700579862941485 0.027804107424960506 0.975103734439834 0.11152 0.7112676056338029,937830.532268102,0.23142857142857143,285,24 310 2322 1530 215 4457 38,0.9583333333333334 0.7518427518427518 0.21085925144965736 0.02363349131121643 0.8879668049792531 0.07744 0.8380281690140845,1035740.2436320833,0.12214285714285714,448,24 30 3819 12866 4 10149 33,0.9583333333333334 0.06388206388206388 1.0 0.7399684044233807 0.012448132780082987 0.98816 0.8028169014084507,975473.4373561423,0.6857142857142857,3728,23 5 3632 16981 1 10176 -81,0.9166666666666666 0.002457002457002457 0.9014232999472852 1.0 0.0 0.99248 0.0,926936.5247118397,0.7342857142857143,3372,23 4 3646 15166 2 10223 -22,0.9166666666666666 0.0 0.9088033737480232 0.885308056872038 0.004149377593360996 1.0 0.4154929577464789,926650.8388917359,0.7114285714285714,3963,24 32 3811 12867 4 10149 33,0.9583333333333334 0.0687960687960688 0.9957828149710068 0.7400315955766192 0.012448132780082987 0.98816 0.8028169014084507,975922.7291884063,0.6857142857142857,3677,23 5 3549 15377 2 10103 -78,0.9166666666666666 0.002457002457002457 0.8576700052714813 0.8986413902053713 0.004149377593360996 0.9808 0.02112676056338028,926397.9524198067,0.7342857142857143,3958,21 4 3460 14323 2 9961 2,0.8333333333333334 0.0 0.8107538218239325 0.8320379146919431 0.004149377593360996 0.95808 0.5845070422535211,842283.4897110662,0.7121428571428572,4166,3 227 2024 1246 199 4141 33,0.08333333333333333 0.547911547911548 0.05376910911966262 0.005687203791469194 0.8215767634854771 0.02688 0.8028169014084507,138751.09571272618,0.03785714285714286,3763
resolved-p28d-3600-3rd/nsp-n10-d28-r0.10-rp0-fp0-s7,0 0 0 0 0 74 -30,0.0 0.0 0.0 0.0 0.0 0.0 0.0,0.0,0.39285714285714285,86,0 0 0 0 0 77 -30,0.0 0.0 0.0 0.0 0.0 0.026785714285714284 0.0,0.26785714285714285,0.38571428571428573,67,0 0 0 0 0 77 -28,0.0 0.0 0.0 0.0 0.0 0.026785714285714284 0.11764705882352941,0.38550420168067223,0.325,56,0 0 0 0 0 94 -17,0.0 0.0 0.0 0.0 0.0 0.17857142857142858 0.7647058823529411,2.5504201680672267,0.1357142857142857,21,0 0 0 0 0 93 -13,0.0 0.0 0.0 0.0 0.0 0.16964285714285715 1.0,2.6964285714285716,0.34285714285714286,5,0 0 0 0 0 94 -21,0.0 0.0 0.0 0.0 0.0 0.17857142857142858 0.5294117647058824,2.3151260504201683,0.12857142857142856,15,0 0 0 0 0 95 -21,0.0 0.0 0.0 0.0 0.0 0.1875 0.5294117647058824,2.4044117647058822,0.1357142857142857,24,0 0 0 0 0 92 -23,0.0 0.0 0.0 0.0 0.0 0.16071428571428573 0.4117647058823529,2.01890756302521,0.275,12,0 0 0 0 0 94 -21,0.0 0.0 0.0 0.0 0.0 0.17857142857142858 0.5294117647058824,2.3151260504201683,0.12857142857142856,21,0 0 0 0 0 101 -21,0.0 0.0 0.0 0.0 0.0 0.24107142857142858 0.5294117647058824,2.940126050420168,0.1357142857142857,15,0 0 0 0 0 93 -16,0.0 0.0 0.0 0.0 0.0 0.16964285714285715 0.8235294117647058,2.5199579831932777,0.40714285714285714,12,0 0 0 0 0 95 -22,0.0 0.0 0.0 0.0 0.0 0.1875 0.47058823529411764,2.3455882352941178,0.1357142857142857,18,0 0 0 0 0 186 -19,0.0 0.0 0.0 0.0 0.0 1.0 0.6470588235294118,10.647058823529411,0.45714285714285713,10,0 0 0 0 0 101 -16,0.0 0.0 0.0 0.0 0.0 0.24107142857142858 0.8235294117647058,3.234243697478991,0.6535714285714286,130,0 0 0 0 0 171 -16,0.0 0.0 0.0 0.0 0.0 0.8660714285714286 0.8235294117647058,9.484243697478993,0.44642857142857145,16,0 0 0 0 0 186 -19,0.0 0.0 0.0 0.0 0.0 1.0 0.6470588235294118,10.647058823529411,0.45714285714285713,10,0 0 0 0 0 98 -16,0.0 0.0 0.0 0.0 0.0 0.21428571428571427 0.8235294117647058,2.966386554621849,0.6535714285714286,131,0 0 0 0 0 170 -16,0.0 0.0 0.0 0.0 0.0 0.8571428571428571 0.8235294117647058,9.394957983193278,0.44642857142857145,17,0 0 0 0 0 83 -23,0.0 0.0 0.0 0.0 0.0 0.08035714285714286 0.4117647058823529,1.2153361344537816,0.17857142857142858,23
resolved-p28d-3600-3rd/nsp-n20-d28-r0.10-rp2-fp2-s1,0 1 1 0 0 66 -83,0.0 0.0 0.002369668246445498 0.0 0.0 0.0024067388688327317 0.0,23.720749853143303,0.30178571428571427,1420,0 1 1 5 0 92 -67,0.0 0.0 0.002369668246445498 0.01282051282051282 0.0 0.03369434416365824 0.11347517730496454,36.967613903909346,0.16785714285714284,1474,0 1 1 10 0 94 -64,0.0 0.0 0.002369668246445498 0.02564102564102564 0.0 0.036101083032490974 0.1347517730496454,49.83347070885517,0.11964285714285715,1467,15 2 0 8 0 64 -67,0.9375 0.004672897196261682 0.0 0.020512820512820513 0.0 0.0 0.11347517730496454,937987.9160153164,0.0125,1,1 149 205 267 24 413 -13,0.0625 0.6915887850467289 0.48578199052132703 0.6846153846153846 0.3116883116883117 0.41997593261131166 0.49645390070921985,137237.1788388972,0.4017857142857143,7801,10 31 25 90 4 110 -41,0.625 0.14018691588785046 0.05924170616113744 0.23076923076923078 0.05194805194805195 0.05535499398315283 0.2978723404255319,639847.9241086409,0.0875,1750,15 2 0 8 0 64 -67,0.9375 0.004672897196261682 0.0 0.020512820512820513 0.0 0.0 0.11347517730496454,937987.9160153164,0.0125,1,0 84 422 310 51 842 -8,0.0 0.3878504672897196 1.0 0.7948717948717948 0.6623376623376623 0.9362214199759326 0.5319148936170213,49656.0464191709,0.6607142857142857,4838,0 7 7 32 0 124 -68,0.0 0.028037383177570093 0.016587677725118485 0.08205128205128205 0.0 0.07220216606498195 0.10638297872340426,3052.4947816988492,0.07321428571428572,1065,15 2 0 8 0 64 -67,0.9375 0.004672897196261682 0.0 0.020512820512820513 0.0 0.0 0.11347517730496454,937987.9160153164,0.0125,1,13 13 8 30 0 145 -72,0.8125 0.056074766355140186 0.018957345971563982 0.07692307692307693 0.0 0.09747292418772563 0.07801418439716312,818375.025915579,0.06964285714285715,22375,0 11 39 83 7 219 -58,0.0 0.04672897196261682 0.0924170616113744 0.2128205128205128 0.09090909090909091 0.1865222623345367 0.1773049645390071,5821.021761874732,0.13392857142857142,688,16 2 0 8 0 64 -67,1.0 0.004672897196261682 0.0 0.020512820512820513 0.0 0.0 0.11347517730496454,1000487.9160153164,0.0125,725,5 183 411 390 77 895 54,0.3125 0.8504672897196262 0.9739336492890995 1.0 1.0 1.0 0.9716312056737588,408397.0370960593,0.7642857142857142,10696,12 202 276 317 43 612 56,0.75 0.9392523364485982 0.6540284360189573 0.8128205128205128 0.5584415584415584 0.6594464500601684 0.9858156028368794,851341.7629538175,0.7482142857142857,14125,16 2 0 9 0 64 -67,1.0 0.004672897196261682 0.0 0.023076923076923078 0.0 0.0 0.11347517730496454,1000490.4801178804,0.0125,724,5 190 338 386 68 799 57,0.3125 0.883177570093458 0.8009478672985783 0.9897435897435898 0.8831168831168831 0.8844765342960289 0.9929078014184397,409915.1286335312,0.7714285714285715,10429,13 215 235 304 37 593 58,0.8125 1.0 0.556872037914692 0.7794871794871795 0.4805194805194805 0.6365824308062575 1.0,918903.6253309939,0.7267857142857143,13055,0 1 3 13 0 99 -67,0.0 0.0 0.0071090047393364926 0.03333333333333333 0.0 0.0421179302045728 0.11347517730496454,104.95803520604896,0.08571428571428572,1268
resolved-p28d-3600-3rd/nsp-n10-d28-r0.10-rp0-fp0-s9,0 0 0 0 0 74 -47,0.0 0.0 0.0 0.0 0.0 0.0 0.0,0.0,0.36428571428571427,100,0 0 0 0 0 76 -46,0.0 0.0 0.0 0.0 0.0 0.01818181818181818 0.05263157894736842,0.23444976076555024,0.3892857142857143,80,0 0 0 0 0 79 -43,0.0 0.0 0.0 0.0 0.0 0.045454545454545456 0.21052631578947367,0.6650717703349283,0.30357142857142855,72,0 0 0 0 0 102 -34,0.0 0.0 0.0 0.0 0.0 0.2545454545454545 0.6842105263157895,3.2296650717703344,0.16071428571428573,24,0 0 0 0 0 91 -35,0.0 0.0 0.0 0.0 0.0 0.15454545454545454 0.631578947368421,2.177033492822966,0.5285714285714286,10,0 0 0 0 0 108 -33,0.0 0.0 0.0 0.0 0.0 0.3090909090909091 0.7368421052631579,3.827751196172249,0.15357142857142858,26,0 0 0 0 0 95 -34,0.0 0.0 0.0 0.0 0.0 0.19090909090909092 0.6842105263157895,2.5933014354066986,0.15714285714285714,25,0 0 0 0 0 94 -40,0.0 0.0 0.0 0.0 0.0 0.18181818181818182 0.3684210526315789,2.186602870813397,0.475,3,0 0 0 0 0 100 -36,0.0 0.0 0.0 0.0 0.0 0.23636363636363636 0.5789473684210527,2.9425837320574164,0.15714285714285714,15,0 0 0 0 0 103 -32,0.0 0.0 0.0 0.0 0.0 0.2636363636363636 0.7894736842105263,3.4258373205741623,0.16428571428571428,22,0 0 0 0 0 96 -33,0.0 0.0 0.0 0.0 0.0 0.2 0.7368421052631579,2.736842105263158,0.3142857142857143,14,0 0 0 0 0 99 -34,0.0 0.0 0.0 0.0 0.0 0.22727272727272727 0.6842105263157895,2.956937799043062,0.15714285714285714,31,0 0 0 0 0 169 -28,0.0 0.0 0.0 0.0 0.0 0.8636363636363636 1.0,9.636363636363637,0.5821428571428572,39,0 0 0 0 0 88 -41,0.0 0.0 0.0 0.0 0.0 0.12727272727272726 0.3157894736842105,1.588516746411483,0.6107142857142858,97,0 0 0 0 0 184 -39,0.0 0.0 0.0 0.0 0.0 1.0 0.42105263157894735,10.421052631578947,0.525,76,0 0 0 0 0 169 -28,0.0 0.0 0.0 0.0 0.0 0.8636363636363636 1.0,9.636363636363637,0.5821428571428572,39,0 0 0 0 0 88 -41,0.0 0.0 0.0 0.0 0.0 0.12727272727272726 0.3157894736842105,1.588516746411483,0.6071428571428571,98,0 0 0 0 0 184 -39,0.0 0.0 0.0 0.0 0.0 1.0 0.42105263157894735,10.421052631578947,0.525,76,0 0 0 0 0 88 -42,0.0 0.0 0.0 0.0 0.0 0.12727272727272726 0.2631578947368421,1.5358851674641145,0.24285714285714285,26
resolved-p28d-3600-3rd/nsp-n40-d28-r0.10-rp2-fp2-s4,3 14 0 0 0 244 -152,0.0 0.058333333333333334 0.0 0.0 0.0 0.0 0.0,5833.333333333333,0.16517857142857142,1121,3 14 0 4 0 291 -123,0.0 0.058333333333333334 0.0 0.0005230809467765136 0.0 0.00872794800371402 0.1407766990291262,5834.0844704591755,0.11607142857142858,973,3 15 0 20 1 327 -124,0.0 0.06666666666666667 0.0 0.0026154047338825684 0.07692307692307693 0.015413184772516249 0.13592233009708737,6677.264433270679,0.04732142857142857,1582,17 16 1 16 0 281 -128,1.0 0.075 0.0006053268765133172 0.0020923237871060545 0.0 0.006870937790157846 0.11650485436893204,1007508.3308067846,0.017857142857142856,1,14 127 94 165 6 494 -117,0.7857142857142857 1.0 0.05690072639225181 0.02157708905453119 0.46153846153846156 0.04642525533890436 0.16990291262135923,886351.6580688825,0.16071428571428573,5129,13 19 2 17 0 292 -127,0.7142857142857143 0.1 0.0012106537530266344 0.0022230940238001833 0.0 0.008913649025069638 0.12135922330097088,724300.2544129819,0.025892857142857145,2735,17 16 1 16 0 281 -128,1.0 0.075 0.0006053268765133172 0.0020923237871060545 0.0 0.006870937790157846 0.11650485436893204,1007508.3308067846,0.017857142857142856,1,15 15 1 17 0 293 -136,0.8571428571428571 0.06666666666666667 0.0006053268765133172 0.0022230940238001833 0.0 0.009099350046425255 0.07766990291262135,863817.9688357159,0.027678571428571427,6699,16 30 4 73 0 415 -152,0.9285714285714286 0.19166666666666668 0.002421307506053269 0.009546227278671375 0.0 0.03175487465181059 0.0,947772.1720891809,0.06160714285714286,2093,17 16 1 16 0 281 -128,1.0 0.075 0.0006053268765133172 0.0020923237871060545 0.0 0.006870937790157846 0.11650485436893204,1007508.3308067846,0.017857142857142856,1,15 13 1 22 0 335 -121,0.8571428571428571 0.05 0.0006053268765133172 0.002876945207270825 0.0 0.016898792943361187 0.15048543689320387,862152.1068301958,0.04017857142857143,4624,13 22 1 46 2 335 -124,0.7142857142857143 0.125 0.0006053268765133172 0.006015430887929907 0.15384615384615385 0.016898792943361187 0.13592233009708737,726813.4725110115,0.05267857142857143,1850,14 20 1652 6532 13 5621 46,0.7857142857142857 0.10833333333333334 1.0 0.8541911860860468 1.0 0.998514391829155 0.9611650485436893,807512.7565426719,0.6232142857142857,5646,11 7 1602 5752 9 5629 40,0.5714285714285714 0.0 0.9697336561743342 0.7521904014646267 0.6923076923076923 1.0 0.9320388349514563,581958.2611998449,0.6589285714285714,5246,12 8 1333 6587 11 5046 54,0.6428571428571429 0.008333333333333333 0.8069007263922519 0.8613835491042239 0.8461538461538461 0.891736304549675 1.0,652715.3997511639,0.6410714285714286,5416,14 20 1652 6532 13 5621 46,0.7857142857142857 0.10833333333333334 1.0 0.8541911860860468 1.0 0.998514391829155 0.9611650485436893,807512.7565426719,0.6232142857142857,5646,11 7 1601 5820 9 5609 34,0.5714285714285714 0.0 0.9691283292978208 0.7610827775598273 0.6923076923076923 0.9962859795728877 0.9029126213592233,581961.0340407573,0.6589285714285714,5311,12 10 1509 7647 8 5480 25,0.6428571428571429 0.025 0.9134382566585957 1.0 0.6153846153846154 0.972330547818013 0.8592233009708737,655563.6464140465,0.6410714285714286,4605,3 15 0 20 0 322 -124,0.0 0.06666666666666667 0.0 0.0026154047338825684 0.0 0.014484679665738161 0.13592233009708737,6669.562840527304,0.049107142857142856,1545
resolved-p28d-3600-3rd/nsp-n50-d28-r0.10-rp2-fp2-s9,0 0 0 0 0 511 -119,0.0 0.0 0.0 0.0 0.0 0.03657362848893166 0.7083333333333334,1.0740696182226501,0.17142857142857143,315,0 0 0 0 0 499 -132,0.0 0.0 0.0 0.0 0.0 0.025024061597690085 0.4375,0.6877406159769008,0.14785714285714285,142,0 0 0 0 0 473 -121,0.0 0.0 0.0 0.0 0.0 0.0 0.6666666666666666,0.6666666666666666,0.15642857142857142,111,0 0 0 0 0 643 -126,0.0 0.0 0.0 0.0 0.0 0.16361886429258904 0.5625,2.1986886429258905,0.13,16,0 0 0 0 0 512 -118,0.0 0.0 0.0 0.0 0.0 0.03753609239653513 0.7291666666666666,1.104527590632018,0.33,8,0 0 0 0 0 651 -123,0.0 0.0 0.0 0.0 0.0 0.17131857555341676 0.625,2.338185755534168,0.14214285714285715,19,0 0 0 0 0 702 -119,0.0 0.0 0.0 0.0 0.0 0.22040423484119345 0.7083333333333334,2.912375681745268,0.14642857142857144,25,0 0 0 0 0 520 -122,0.0 0.0 0.0 0.0 0.0 0.04523580365736285 0.6458333333333334,1.0981913699069619,0.33,13,0 0 0 0 0 667 -118,0.0 0.0 0.0 0.0 0.0 0.1867179980750722 0.7291666666666666,2.5963466474173886,0.1407142857142857,23,0 0 0 0 0 707 -120,0.0 0.0 0.0 0.0 0.0 0.2252165543792108 0.6875,2.939665543792108,0.13642857142857143,20,0 0 0 0 0 536 -153,0.0 0.0 0.0 0.0 0.0 0.06063522617901829 0.0,0.6063522617901829,0.38142857142857145,8,0 0 0 0 0 678 -113,0.0 0.0 0.0 0.0 0.0 0.1973051010587103 0.8333333333333334,2.8063843439204366,0.14857142857142858,18,0 0 0 0 0 1503 -105,0.0 0.0 0.0 0.0 0.0 0.9913378248315688 1.0,10.913378248315688,0.4635714285714286,22,0 0 0 0 0 1346 -119,0.0 0.0 0.0 0.0 0.0 0.8402309913378249 0.7083333333333334,9.110643246711582,0.4692857142857143,56,0 0 0 0 0 1512 -111,0.0 0.0 0.0 0.0 0.0 1.0 0.875,10.875,0.46,34,0 0 0 0 0 1503 -105,0.0 0.0 0.0 0.0 0.0 0.9913378248315688 1.0,10.913378248315688,0.4635714285714286,22,0 0 0 0 0 1346 -119,0.0 0.0 0.0 0.0 0.0 0.8402309913378249 0.7083333333333334,9.110643246711582,0.4692857142857143,56,0 0 0 0 0 1512 -111,0.0 0.0 0.0 0.0 0.0 1.0 0.875,10.875,0.46,34,0 0 0 0 0 528 -144,0.0 0.0 0.0 0.0 0.0 0.05293551491819057 0.1875,0.7168551491819057,0.17714285714285713,16
resolved-p28d-3600-3rd/nsp-n50-d28-r0.10-rp2-fp2-s0,2 210 2126 988 267 4414 -58,0.08695652173913043 0.17484662576687116 0.0 0.08166969147005444 0.8882978723404256 0.11196614082339361 0.0,104612.80345592988,0.08142857142857143,3170,1 251 2258 1278 267 4461 -38,0.043478260869565216 0.3006134969325153 0.05215329909126827 0.3448275862068966 0.8882978723404256 0.13005001923816853 0.17543859649122806,74496.27686595927,0.041428571428571426,2971,0 256 2296 1266 268 4482 -38,0.0 0.3159509202453988 0.06716712761754247 0.3339382940108893 0.8936170212765957 0.13813005001923817 0.17543859649122806,32691.620035950535,0.037142857142857144,2774,23 269 2377 1455 275 4531 -26,1.0 0.3558282208588957 0.09917028842354801 0.5054446460980037 0.9308510638297872 0.15698345517506734 0.2807017543859649,1037174.9052589121,0.013571428571428571,1,21 420 2256 1500 214 4123 -51,0.9130434782608695 0.8190184049079755 0.05136309758988542 0.5462794918330308 0.6063829787234043 0.0 0.06140350877192982,996065.9289207801,0.215,447,20 479 2974 2000 288 4634 -34,0.8695652173913043 1.0 0.3350454365863295 1.0 1.0 0.19661408233936128 0.21052631578947367,974017.848424307,0.27071428571428574,461,23 269 2377 1455 275 4531 -26,1.0 0.3558282208588957 0.09917028842354801 0.5054446460980037 0.9308510638297872 0.15698345517506734 0.2807017543859649,1037174.9052589121,0.013571428571428571,1,19 345 2490 1609 274 4646 -35,0.8260869565217391 0.588957055214724 0.14381667325167918 0.6451905626134301 0.925531914893617 0.2012312427856868 0.20175438596491227,887160.7865966449,0.13214285714285715,1080,22 332 2452 1601 282 4594 -41,0.9565217391304348 0.549079754601227 0.12880284472540499 0.6379310344827587 0.9680851063829787 0.18122354751827627 0.14912280701754385,1013454.4439412148,0.11142857142857143,806,23 269 2377 1455 275 4531 -26,1.0 0.3558282208588957 0.09917028842354801 0.5054446460980037 0.9308510638297872 0.15698345517506734 0.2807017543859649,1037174.9052589121,0.013571428571428571,1,17 399 2826 1764 262 4701 -34,0.7391304347826086 0.754601226993865 0.2765705254839984 0.7858439201451906 0.8617021276595744 0.2223932281646787 0.21052631578947367,818230.7113283436,0.1742857142857143,747,19 289 2261 1394 251 4268 -30,0.8260869565217391 0.4171779141104294 0.053338601343342555 0.4500907441016334 0.8031914893617021 0.055790688726433245 0.24561403508771928,868869.3473601757,0.04214285714285714,728,23 269 2377 1455 275 4531 -26,1.0 0.3558282208588957 0.09917028842354801 0.5054446460980037 0.9308510638297872 0.15698345517506734 0.2807017543859649,1037174.9052589121,0.013571428571428571,1685,17 215 4638 909 123 6722 32,0.7391304347826086 0.1901840490797546 0.9924930857368629 0.009981851179673321 0.12234042553191489 1.0 0.7894736842105263,768106.7759153697,0.8035714285714286,4489,21 153 3877 903 100 6408 54,0.9130434782608695 0.0 0.6918214144606875 0.004537205081669692 0.0 0.8791843016544825 0.9824561403508771,919976.0039097149,0.7978571428571428,4524,23 269 2377 1455 275 4531 -26,1.0 0.3558282208588957 0.09917028842354801 0.5054446460980037 0.9308510638297872 0.15698345517506734 0.2807017543859649,1037174.9052589121,0.013571428571428571,1685,17 215 4657 898 117 6679 30,0.7391304347826086 0.1901840490797546 1.0 0.0 0.09042553191489362 0.9834551750673336 0.7719298245614035,768168.4887253509,0.8035714285714286,4462,21 153 3817 908 109 6351 56,0.9130434782608695 0.0 0.6681153694192019 0.009074410163339383 0.047872340425531915 0.8572527895344363 1.0,919748.0661271628,0.7978571428571428,4583,1 258 2290 1291 268 4538 -36,0.043478260869565216 0.3220858895705521 0.06479652311339391 0.3566243194192377 0.8936170212765957 0.1596767987687572 0.19298245614035087,76782.5908297451,0.03642857142857143,2614
resolved-p28d-3600-3rd/nsp-n40-d28-r0.10-rp2-fp2-s8,0 0 0 0 0 251 -118,0.0 0.0 0.0 0.0 0.0 0.0 0.07142857142857142,0.07142857142857142,0.18303571428571427,354,0 0 0 0 0 299 -121,0.0 0.0 0.0 0.0 0.0 0.0713224368499257 0.0,0.713224368499257,0.1375,159,0 0 0 0 0 342 -110,0.0 0.0 0.0 0.0 0.0 0.1352154531946508 0.2619047619047619,1.61405929385127,0.12678571428571428,100,0 0 0 0 0 446 -103,0.0 0.0 0.0 0.0 0.0 0.2897473997028232 0.42857142857142855,3.3260454255996605,0.12321428571428572,4,0 0 0 0 0 386 -89,0.0 0.0 0.0 0.0 0.0 0.20059435364041606 0.7619047619047619,2.7678482983089223,0.2982142857142857,4,0 0 0 0 0 486 -98,0.0 0.0 0.0 0.0 0.0 0.3491827637444279 0.5476190476190477,4.039446685063327,0.11875,3,0 0 0 0 0 426 -107,0.0 0.0 0.0 0.0 0.0 0.2600297176820208 0.3333333333333333,2.9336305101535416,0.12142857142857143,2,0 0 0 0 0 371 -79,0.0 0.0 0.0 0.0 0.0 0.17830609212481427 1.0,2.7830609212481425,0.29910714285714285,8,0 0 0 0 0 471 -97,0.0 0.0 0.0 0.0 0.0 0.32689450222882616 0.5714285714285714,3.8403735937168326,0.12053571428571429,3,0 0 0 0 0 467 -99,0.0 0.0 0.0 0.0 0.0 0.3209509658246657 0.5238095238095238,3.7333191820561806,0.10625,2,0 0 0 0 0 407 -92,0.0 0.0 0.0 0.0 0.0 0.23179791976225855 0.6904761904761905,3.008455388098776,0.27232142857142855,49,0 0 0 0 0 467 -99,0.0 0.0 0.0 0.0 0.0 0.3209509658246657 0.5238095238095238,3.7333191820561806,0.10625,2,0 0 0 0 0 920 -100,0.0 0.0 0.0 0.0 0.0 0.9940564635958395 0.5,10.440564635958395,0.4392857142857143,54,0 0 0 0 0 718 -110,0.0 0.0 0.0 0.0 0.0 0.6939078751857355 0.2619047619047619,7.200983513762117,0.4616071428571429,122,0 0 0 0 0 924 -98,0.0 0.0 0.0 0.0 0.0 1.0 0.5476190476190477,10.547619047619047,0.43839285714285714,57,0 0 0 0 0 920 -100,0.0 0.0 0.0 0.0 0.0 0.9940564635958395 0.5,10.440564635958395,0.4392857142857143,54,0 0 0 0 0 718 -110,0.0 0.0 0.0 0.0 0.0 0.6939078751857355 0.2619047619047619,7.200983513762117,0.4616071428571429,122,0 0 0 0 0 924 -98,0.0 0.0 0.0 0.0 0.0 1.0 0.5476190476190477,10.547619047619047,0.43839285714285714,57,0 0 0 0 0 360 -117,0.0 0.0 0.0 0.0 0.0 0.16196136701337296 0.09523809523809523,1.714851765371825,0.11696428571428572,77
resolved-p28d-3600-3rd/nsp-n30-d28-r0.10-rp2-fp2-s8,0 1 2 2 0 140 -104,0.0 0.008547008547008548 0.0017667844522968198 0.0 0.0 0.006481231433972455 0.09523809523809523,872.5287496334007,0.16785714285714284,2120,0 2 2 12 0 165 -106,0.0 0.017094017094017096 0.0017667844522968198 0.0023992322456813818 0.0 0.013232514177693762 0.08465608465608465,1729.6857673967918,0.08571428571428572,1944,0 2 2 22 0 169 -106,0.0 0.017094017094017096 0.0017667844522968198 0.0047984644913627635 0.0 0.01431271941668917 0.08465608465608465,1732.0958016948632,0.07261904761904762,1873,18 4 0 5 0 116 -115,0.9473684210526315 0.03418803418803419 0.0 0.0007197696737044146 0.0 0.0 0.037037037037037035,950787.9812781457,0.007142857142857143,1,14 13 7 21 2 144 -109,0.7368421052631579 0.1111111111111111 0.006183745583038869 0.004558541266794626 0.09523809523809523 0.007561436672967864 0.06878306878306878,748029.2805783255,0.02857142857142857,3383,14 9 19 43 5 188 -115,0.7368421052631579 0.07692307692307693 0.01678445229681979 0.009836852207293667 0.23809523809523808 0.019443694301917364 0.037037037037037035,744736.1353284307,0.05238095238095238,461,18 4 0 5 0 116 -115,0.9473684210526315 0.03418803418803419 0.0 0.0007197696737044146 0.0 0.0 0.037037037037037035,950787.9812781457,0.007142857142857143,1,4 117 248 238 21 823 -58,0.21052631578947367 1.0 0.21908127208480566 0.05662188099808062 1.0 0.19092627599243855 0.3386243386243386,312875.9982784184,0.3880952380952381,1550,14 13 4 31 3 140 -116,0.7368421052631579 0.1111111111111111 0.0035335689045936395 0.006957773512476007 0.14285714285714285 0.006481231433972455 0.031746031746031744,748009.8921094591,0.030952380952380953,615,18 4 0 5 0 116 -115,0.9473684210526315 0.03418803418803419 0.0 0.0007197696737044146 0.0 0.0 0.037037037037037035,950787.9812781457,0.007142857142857143,1,12 6 5 22 1 156 -108,0.631578947368421 0.05128205128205128 0.00441696113074205 0.0047984644913627635 0.047619047619047616 0.010802052389954091 0.07407407407407407,636761.0645717848,0.03333333333333333,787,13 7 2 16 0 136 -104,0.6842105263157895 0.05982905982905983 0.0017667844522968198 0.0033589251439539347 0.0 0.0054010261949770455 0.09523809523809523,690214.6083167195,0.02619047619047619,862,19 6 1 8 0 118 -122,1.0 0.05128205128205128 0.0008833922261484099 0.0014395393474088292 0.0 0.0005401026194977045 0.0,1005138.4839908403,0.007142857142857143,1071,0 0 1132 4170 1 3819 35,0.0 0.0 1.0 1.0 0.047619047619047616 1.0 0.8306878306878307,11015.592592592593,0.6535714285714286,2564,0 0 918 3490 9 3025 -22,0.0 0.0 0.8109540636042403 0.836852207293666 0.42857142857142855 0.7855792600594113 0.5291005291005291,8997.634879322906,0.6535714285714286,3248,18 4 0 5 0 116 -115,0.9473684210526315 0.03418803418803419 0.0 0.0007197696737044146 0.0 0.0 0.037037037037037035,950787.9812781457,0.007142857142857143,1072,0 0 973 2293 3 3493 67,0.0 0.0 0.8595406360424028 0.5496641074856046 0.14285714285714285 0.9119632730218742 1.0,9169.475814925567,0.6535714285714286,3368,0 0 760 3122 9 2849 20,0.0 0.0 0.6713780918727915 0.7485604606525912 0.42857142857142855 0.7380502295436133 0.7513227513227513,7513.330347284408,0.6523809523809524,4285,1 3 2 19 0 162 -104,0.05263157894736842 0.02564102564102564 0.0017667844522968198 0.004078694817658349 0.0 0.012422360248447204 0.09523809523809523,55217.647512509335,0.0761904761904762,2784
resolved-p28d-3600-3rd/nsp-n10-d28-r0.10-rp0-fp0-s1,0 1 0 0 0 72 -40,0.0 0.0 0.0 0.0 0.0 0.0 0.0,0.0,0.4928571428571429,1001,0 1 0 0 0 77 -33,0.0 0.0 0.0 0.0 0.0 0.01126126126126126 0.15555555555555556,0.26816816816816813,0.39285714285714285,982,0 1 0 0 0 81 -31,0.0 0.0 0.0 0.0 0.0 0.02027027027027027 0.2,0.4027027027027027,0.2892857142857143,976,9 1 1 0 0 76 -31,0.9 0.0 0.008 0.0 0.0 0.009009009009009009 0.2,900080.29009009,0.007142857142857143,1,0 1 5 243 2 199 -17,0.0 0.0 0.04 1.0 0.06896551724137931 0.28603603603603606 0.5111111111111111,1410.2680231956094,0.46785714285714286,11870,0 1 0 2 0 120 -29,0.0 0.0 0.0 0.00823045267489712 0.0 0.10810810810810811 0.24444444444444444,9.555978200422643,0.18571428571428572,7647,9 1 1 0 0 76 -31,0.9 0.0 0.008 0.0 0.0 0.009009009009009009 0.2,900080.29009009,0.007142857142857143,1,0 7 68 83 14 377 5,0.0 0.14634146341463414 0.544 0.34156378600823045 0.4827586206896552 0.6869369369369369 1.0,20471.855358909976,0.6071428571428571,18228,0 1 0 0 0 116 -29,0.0 0.0 0.0 0.0 0.0 0.0990990990990991 0.24444444444444444,1.2354354354354353,0.17142857142857143,3375,9 1 1 0 0 76 -31,0.9 0.0 0.008 0.0 0.0 0.009009009009009009 0.2,900080.29009009,0.007142857142857143,1,0 1 0 0 0 95 -20,0.0 0.0 0.0 0.0 0.0 0.0518018018018018 0.4444444444444444,0.9624624624624625,0.5964285714285714,13370,0 1 0 1 0 111 -27,0.0 0.0 0.0 0.00411522633744856 0.0 0.08783783783783784 0.28888888888888886,5.282493604715826,0.18571428571428572,5993,10 2 1 1 0 77 -31,1.0 0.024390243902439025 0.008 0.00411522633744856 0.0 0.01126126126126126 0.2,1002523.452229194,0.007142857142857143,359,1 42 125 156 27 496 0,0.1 1.0 1.0 0.6419753086419753 0.9310344827586207 0.954954954954955 0.8888888888888888,210745.51719535625,0.7892857142857143,26872,0 1 0 2 0 161 -24,0.0 0.0 0.0 0.00823045267489712 0.0 0.20045045045045046 0.35555555555555557,10.59051273495718,0.6107142857142858,13859,10 4 2 2 0 77 -28,1.0 0.07317073170731707 0.016 0.00823045267489712 0.0 0.01126126126126126 0.26666666666666666,1007485.682902686,0.010714285714285714,357,1 39 98 154 29 516 1,0.1 0.926829268292683 0.784 0.6337448559670782 1.0 1.0 0.9111111111111111,201267.58279634648,0.7928571428571428,27878,0 1 0 0 0 192 -25,0.0 0.0 0.0 0.0 0.0 0.2702702702702703 0.3333333333333333,3.036036036036036,0.5964285714285714,13921,0 1 0 2 0 88 -31,0.0 0.0 0.0 0.00823045267489712 0.0 0.036036036036036036 0.2,8.790813035257479,0.23214285714285715,905
resolved-p28d-3600-3rd/nsp-n40-d28-r0.10-rp2-fp2-s5,2 303 514 689 142 2053 -5,0.0 0.19742489270386265 0.0 0.0 0.0 0.06613756613756613 0.019417475728155338,19743.17006352337,0.10178571428571428,4146,2 323 527 704 143 2098 -7,0.0 0.2832618025751073 0.00676730869338886 0.03067484662576687 0.027777777777777776 0.08994708994708994 0.0,28428.205439747635,0.075,3268,2 339 563 736 142 2155 21,0.0 0.351931330472103 0.025507548152004164 0.09611451942740286 0.0 0.1201058201058201 0.27184466019417475,35545.79595101899,0.06607142857142857,3163,20 399 616 917 158 2112 39,1.0 0.6094420600858369 0.05309734513274336 0.4662576687116564 0.4444444444444444 0.09735449735449736 0.44660194174757284,1061987.3017199829,0.017857142857142856,1,20 367 706 889 151 2142 14,1.0 0.4721030042918455 0.09994794377928162 0.40899795501022496 0.25 0.11322751322751323 0.20388349514563106,1048645.113980615,0.11428571428571428,4848,14 490 830 1143 148 2072 37,0.6666666666666666 1.0 0.16449765747006767 0.9284253578732107 0.16666666666666666 0.0761904761904762 0.42718446601941745,769257.9243551351,0.1875,4873,20 399 616 917 158 2112 39,1.0 0.6094420600858369 0.05309734513274336 0.4662576687116564 0.4444444444444444 0.09735449735449736 0.44660194174757284,1061987.3017199829,0.017857142857142856,1,20 388 565 859 163 2143 37,1.0 0.5622317596566524 0.02654867256637168 0.3476482617586912 0.5833333333333334 0.11375661375661375 0.42718446601941745,1056896.2090370245,0.07767857142857143,7164,20 388 577 848 168 2102 34,1.0 0.5622317596566524 0.03279541905257678 0.32515337423312884 0.7222222222222222 0.09206349206349207 0.39805825242718446,1056949.8244458192,0.09553571428571428,7422,20 399 616 917 158 2112 39,1.0 0.6094420600858369 0.05309734513274336 0.4662576687116564 0.4444444444444444 0.09735449735449736 0.44660194174757284,1061987.3017199829,0.017857142857142856,1,20 389 566 801 161 2087 35,1.0 0.5665236051502146 0.02706923477355544 0.22903885480572597 0.5277777777777778 0.08412698412698413 0.4077669902912621,1057206.1185321722,0.08303571428571428,6842,16 425 1113 1178 175 2353 14,0.7777777777777778 0.721030042918455 0.3118167621030713 1.0 0.9166666666666666 0.22486772486772486 0.20388349514563106,854093.0689180645,0.2517857142857143,4832,20 399 616 917 158 2112 39,1.0 0.6094420600858369 0.05309734513274336 0.4662576687116564 0.4444444444444444 0.09735449735449736 0.44660194174757284,1061987.3017199829,0.017857142857142856,1659,14 264 2425 967 158 3607 86,0.6666666666666666 0.030042918454935622 0.9947943779281624 0.5685071574642127 0.4444444444444444 0.8883597883597883 0.9029126213592233,680241.6404038555,0.79375,4967,14 269 2291 863 174 3818 95,0.6666666666666666 0.05150214592274678 0.9250390421655388 0.3558282208588957 0.8888888888888888 1.0 0.9902912621359223,681522.9790816066,0.7928571428571428,4231,20 399 616 917 158 2112 39,1.0 0.6094420600858369 0.05309734513274336 0.4662576687116564 0.4444444444444444 0.09735449735449736 0.44660194174757284,1061987.3017199829,0.017857142857142856,1659,15 257 2435 924 153 3581 93,0.7222222222222222 0.0 1.0 0.48057259713701433 0.3055555555555556 0.8746031746031746 0.970873786407767,732743.0672804472,0.79375,4892,14 269 2296 866 178 3816 96,0.6666666666666666 0.05150214592274678 0.9276418532014575 0.3619631901840491 1.0 0.9989417989417989 1.0,681566.2523991293,0.7928571428571428,4132,2 361 564 742 147 1928 12,0.0 0.44635193133047213 0.026028110359187923 0.1083844580777096 0.1388888888888889 0.0 0.18446601941747573,45017.93204962511,0.054464285714285715,2741
resolved-p28d-3600-3rd/nsp-n10-d28-r0.10-rp0-fp0-s6,0 1 2 0 0 73 -32,0.0 0.0 0.006756756756756757 0.0 0.0 0.0 0.0,67.56756756756756,0.39285714285714285,673,0 1 2 1 0 80 -20,0.0 0.0 0.006756756756756757 0.0064516129032258064 0.0 0.014141414141414142 0.3,74.46059461220752,0.325,738,0 4 2 5 0 108 -22,0.0 0.2 0.006756756756756757 0.03225806451612903 0.0 0.0707070707070707 0.25,20100.782702790766,0.06428571428571428,553,5 4 1 2 0 85 -21,1.0 0.2 0.0 0.012903225806451613 0.0 0.024242424242424242 0.275,1020013.4206500489,0.017857142857142856,1,0 6 33 150 6 315 7,0.0 0.3333333333333333 0.21621621621621623 0.967741935483871 0.11538461538461539 0.4888888888888889 0.975,36480.63978140671,0.5607142857142857,22739,0 1 2 0 0 126 -24,0.0 0.0 0.006756756756756757 0.0 0.0 0.10707070707070707 0.2,68.83827463827464,0.09642857142857143,11252,5 4 1 2 0 85 -21,1.0 0.2 0.0 0.012903225806451613 0.0 0.024242424242424242 0.275,1020013.4206500489,0.017857142857142856,1,0 16 149 99 52 568 2,0.0 1.0 1.0 0.6387096774193548 1.0 1.0 0.85,110749.55967741935,0.6464285714285715,27508,0 1 2 0 0 126 -24,0.0 0.0 0.006756756756756757 0.0 0.0 0.10707070707070707 0.2,68.83827463827464,0.09642857142857143,9251,5 4 1 2 0 85 -21,1.0 0.2 0.0 0.012903225806451613 0.0 0.024242424242424242 0.275,1020013.4206500489,0.017857142857142856,1,0 13 46 155 44 467 -9,0.0 0.8 0.30405405405405406 1.0 0.8461538461538461 0.795959595959596 0.575,84133.69052111552,0.6321428571428571,23759,0 1 2 0 0 123 -24,0.0 0.0 0.006756756756756757 0.0 0.0 0.10101010101010101 0.2,68.77766857766858,0.1,13667,0 2 48 55 8 555 8,0.0 0.06666666666666667 0.31756756756756754 0.3548387096774194 0.15384615384615385 0.9737373737373738 1.0,10223.303041141751,0.34285714285714286,14183,0 1 2 0 0 99 -19,0.0 0.0 0.006756756756756757 0.0 0.0 0.052525252525252523 0.325,68.4178200928201,0.6535714285714286,19344,0 1 2 0 0 119 -19,0.0 0.0 0.006756756756756757 0.0 0.0 0.09292929292929293 0.325,68.8218604968605,0.6321428571428571,13881,0 2 48 51 4 555 6,0.0 0.06666666666666667 0.31756756756756754 0.32903225806451614 0.07692307692307693 0.9737373737373738 0.95,10189.754281836544,0.34285714285714286,14252,0 1 2 0 0 152 -19,0.0 0.0 0.006756756756756757 0.0 0.0 0.1595959595959596 0.325,69.48852716352717,0.6607142857142857,19205,0 1 2 0 0 143 -21,0.0 0.0 0.006756756756756757 0.0 0.0 0.1414141414141414 0.275,69.25670898170898,0.7035714285714286,13799,1 2 2 5 0 107 -21,0.2 0.06666666666666667 0.006756756756756757 0.03225806451612903 0.0 0.06868686868686869 0.275,206767.45416743722,0.07142857142857142,446
resolved-p28d-3600-3rd/nsp-n10-d28-r0.10-rp0-fp0-s4,1 5 0 0 0 85 -41,0.25 0.3333333333333333 0.0 0.0 0.0 0.0029940119760479044 0.0,283333.3632734531,0.33214285714285713,444,1 5 0 0 0 84 -36,0.25 0.3333333333333333 0.0 0.0 0.0 0.0 0.1724137931034483,283333.5057471264,0.3,417,1 5 0 0 0 89 -36,0.25 0.3333333333333333 0.0 0.0 0.0 0.014970059880239521 0.1724137931034483,283333.6554477252,0.19285714285714287,359,2 6 4 4 0 99 -19,0.5 0.4166666666666667 0.125 0.09302325581395349 0.0 0.04491017964071856 0.7586206896551724,543010.8976449666,0.025,1,0 1 0 0 0 111 -29,0.0 0.0 0.0 0.0 0.0 0.08083832335329341 0.41379310344827586,1.22217633698121,0.4857142857142857,9185,0 1 0 0 0 119 -24,0.0 0.0 0.0 0.0 0.0 0.10479041916167664 0.5862068965517241,1.6341110881684906,0.16071428571428573,3947,2 6 4 4 0 99 -19,0.5 0.4166666666666667 0.125 0.09302325581395349 0.0 0.04491017964071856 0.7586206896551724,543010.8976449666,0.025,1,0 1 0 0 0 107 -27,0.0 0.0 0.0 0.0 0.0 0.0688622754491018 0.4827586206896552,1.1713813751806732,0.5,2530,0 1 0 0 0 120 -20,0.0 0.0 0.0 0.0 0.0 0.10778443113772455 0.7241379310344828,1.8019822424117282,0.15714285714285714,3202,2 6 4 4 0 99 -19,0.5 0.4166666666666667 0.125 0.09302325581395349 0.0 0.04491017964071856 0.7586206896551724,543010.8976449666,0.025,1,0 1 0 0 0 113 -27,0.0 0.0 0.0 0.0 0.0 0.08682634730538923 0.4827586206896552,1.3510220937435475,0.45357142857142857,1346,0 1 0 0 0 117 -27,0.0 0.0 0.0 0.0 0.0 0.09880239520958084 0.4827586206896552,1.4707825727854635,0.17142857142857143,5651,4 13 3 7 0 101 -19,1.0 1.0 0.09375 0.16279069767441862 0.0 0.05089820359281437 0.7586206896551724,1101101.5583004002,0.03214285714285714,341,0 1 29 43 6 418 -12,0.0 0.0 0.90625 1.0 0.6666666666666666 1.0 1.0,10140.166666666666,0.6642857142857143,21895,0 1 0 2 0 209 -16,0.0 0.0 0.0 0.046511627906976744 0.0 0.37425149700598803 0.8620689655172413,51.11621184255386,0.5892857142857143,15348,4 11 4 7 0 99 -19,1.0 0.8333333333333334 0.125 0.16279069767441862 0.0 0.04491017964071856 0.7586206896551724,1084747.3317534938,0.03214285714285714,342,0 1 32 43 9 411 -19,0.0 0.0 1.0 1.0 1.0 0.9790419161676647 0.7586206896551724,11110.549039851332,0.6964285714285714,21637,0 1 9 15 2 234 -18,0.0 0.0 0.28125 0.3488372093023256 0.2222222222222222 0.4491017964071856 0.7931034482758621,3188.8435529368953,0.6142857142857143,14579,1 5 0 2 0 96 -23,0.25 0.3333333333333333 0.0 0.046511627906976744 0.0 0.03592814371257485 0.6206896551724138,283380.8249323326,0.15714285714285714,259
resolved-p28d-3600-3rd/nsp-n40-d28-r0.10-rp2-fp2-s0,4 8 0 3 0 227 -107,0.19047619047619047 0.0273972602739726 0.0 0.0 0.0 0.0 0.0,193215.91650358774,0.15625,2241,4 8 0 19 0 311 -96,0.19047619047619047 0.0273972602739726 0.0 0.003471468865263615 0.0 0.017702845100105374 0.043478260869565216,193219.60847916486,0.07410714285714286,2059,4 15 0 28 0 291 -98,0.19047619047619047 0.05136986301369863 0.0 0.0054241701019743975 0.0 0.013487881981032667 0.03557312252964427,195618.77139960462,0.05892857142857143,1709,20 12 1 25 0 238 -96,0.9523809523809523 0.0410958904109589 0.000749063670411985 0.00477326968973747 0.0 0.0023182297154899895 0.043478260869565216,956502.8719890001,0.01607142857142857,1,9 292 402 406 52 1014 -65,0.42857142857142855 1.0 0.30112359550561796 0.0874376220438273 1.0 0.16585879873551107 0.16600790513833993,531771.9267444209,0.3196428571428571,250,14 232 425 419 38 1072 -43,0.6666666666666666 0.7945205479452054 0.31835205992509363 0.09025819049685398 0.7307692307692307 0.1780821917808219 0.25296442687747034,749467.6109603564,0.34464285714285714,425,20 12 1 25 0 238 -96,0.9523809523809523 0.0410958904109589 0.000749063670411985 0.00477326968973747 0.0 0.0023182297154899895 0.043478260869565216,956502.8719890001,0.01607142857142857,1,18 35 12 55 1 261 -89,0.8571428571428571 0.11986301369863013 0.008988764044943821 0.011282273812106747 0.019230769230769232 0.007165437302423604 0.07114624505928854,869232.3943045229,0.04732142857142857,487,12 135 149 178 15 648 -55,0.5714285714285714 0.4623287671232877 0.11161048689138577 0.03796919071382079 0.28846153846153844 0.08872497365648051 0.20553359683794467,618845.4611377073,0.2392857142857143,1073,20 12 1 25 0 238 -96,0.9523809523809523 0.0410958904109589 0.000749063670411985 0.00477326968973747 0.0 0.0023182297154899895 0.043478260869565216,956502.8719890001,0.01607142857142857,1,12 76 187 181 23 768 -81,0.5714285714285714 0.2602739726027397 0.1400749063670412 0.038620091126057715 0.4423076923076923 0.11401475237091675 0.10276679841897234,598940.8115271947,0.2080357142857143,158,18 27 6 38 0 297 -87,0.8571428571428571 0.09246575342465753 0.0044943820224719105 0.007593838142764157 0.0 0.014752370916754479 0.07905138339920949,866442.196718783,0.03660714285714286,144,20 12 1 25 0 238 -96,0.9523809523809523 0.0410958904109589 0.000749063670411985 0.00477326968973747 0.0 0.0023182297154899895 0.043478260869565216,956502.8719890001,0.01607142857142857,1421,0 0 1133 2400 34 4185 132,0.0 0.0 0.8486891385767791 0.5200694293773053 0.6538461538461539 0.834141201264489 0.9446640316205533,9081.631506573976,0.6482142857142857,1721,0 0 1335 4612 16 4972 103,0.0 0.0 1.0 1.0 0.3076923076923077 1.0 0.8300395256916996,11041.599270294922,0.6535714285714286,2539,21 12 1 25 0 238 -95,1.0 0.0410958904109589 0.000749063670411985 0.00477326968973747 0.0 0.0023182297154899895 0.04743083003952569,1004121.923560617,0.01607142857142857,1420,0 0 1009 1454 34 3971 146,0.0 0.0 0.7558052434456929 0.31481883271859407 0.6538461538461539 0.7890410958904109 1.0,7947.146293519042,0.65,2555,0 0 1183 2978 25 4483 138,0.0 0.0 0.8861423220973783 0.6454762421349534 0.4807692307692308 0.8969441517386723 0.9683794466403162,9564.914207149688,0.6535714285714286,3144,4 11 0 36 0 302 -96,0.19047619047619047 0.03767123287671233 0.0 0.007159904534606206 0.0 0.015806111696522657 0.043478260869565216,194250.67520777415,0.05803571428571429,1968
resolved-p28d-3600-3rd/nsp-n40-d28-r0.10-rp2-fp2-s9,2 4 0 125 13 1193 -27,0.0 0.0 0.0 0.0 0.07777777777777778 0.0 0.0,7.777777777777778,0.10446428571428572,3857,2 6 14 188 26 1396 -21,0.0 0.008695652173913044 0.0078125 0.007396970764353646 0.2222222222222222 0.04197684036393714 0.046153846153846156,977.7753326276735,0.05357142857142857,4406,2 6 16 188 34 1392 -11,0.0 0.008695652173913044 0.008928571428571428 0.007396970764353646 0.3111111111111111 0.041149710504549214 0.12307692307692308,997.8935875806059,0.05178571428571429,4306,21 6 4 196 28 1423 12,1.0 0.008695652173913044 0.002232142857142857 0.008336268639192203 0.24444444444444444 0.04755996691480562 0.3,1000925.4429587157,0.010714285714285714,1,20 5 11 209 26 1466 1,0.9473684210526315 0.004347826086956522 0.006138392857142857 0.009862627685804861 0.2222222222222222 0.056451612903225805 0.2153846153846154,947897.4523405512,0.027678571428571427,10484,18 22 23 217 27 1439 11,0.8421052631578947 0.0782608695652174 0.012834821428571428 0.01080192556064342 0.23333333333333334 0.05086848635235732 0.2923076923076923,850094.6345801521,0.0375,1861,21 6 4 196 28 1423 12,1.0 0.008695652173913044 0.002232142857142857 0.008336268639192203 0.24444444444444444 0.04755996691480562 0.3,1000925.4429587157,0.010714285714285714,1,20 5 12 214 29 1484 3,0.9473684210526315 0.004347826086956522 0.006696428571428571 0.01044968885757896 0.25555555555555554 0.06017369727047146 0.23076923076923078,947907.005697658,0.02857142857142857,8840,16 18 18 202 27 1434 1,0.7368421052631579 0.06086956521739131 0.010044642857142858 0.009040742045321123 0.23333333333333334 0.049834574028122414 0.2153846153846154,743062.5960192027,0.03214285714285714,2155,21 6 4 196 28 1423 12,1.0 0.008695652173913044 0.002232142857142857 0.008336268639192203 0.24444444444444444 0.04755996691480562 0.3,1000925.4429587157,0.010714285714285714,1,10 234 286 594 67 2196 -5,0.42105263157894735 1.0 0.15959821428571427 0.055066337912410473 0.6777777777777778 0.2074028122415219 0.16923076923076924,522773.7010963863,0.2330357142857143,520,18 15 13 201 29 1449 13,0.8421052631578947 0.04782608695652174 0.007254464285714286 0.008923329810966303 0.25555555555555554 0.05293631100082713 0.3076923076923077,846995.7324371883,0.025892857142857145,460,14 41 1731 6016 9 5919 103,0.631578947368421 0.1608695652173913 0.9659598214285714 0.6916754725842432 0.03333333333333333 0.977253928866832 1.0,658031.283449652,0.6339285714285714,5051,10 8 1297 2763 32 5012 66,0.42105263157894735 0.017391304347826087 0.7237723214285714 0.30973347422801456 0.28888888888888886 0.7897022332506204 0.7153846153846154,430376.7199980805,0.6678571428571428,5316,15 8 1695 7901 6 5831 24,0.6842105263157895 0.017391304347826087 0.9458705357142857 0.9129975343430785 0.0 0.9590570719602978 0.3923076923076923,696331.3425204698,0.6660714285714285,5501,14 41 1731 6139 9 5915 103,0.631578947368421 0.1608695652173913 0.9659598214285714 0.7061171774098861 0.03333333333333333 0.9764267990074442 1.0,658045.7168831791,0.6339285714285714,5026,10 7 1307 2403 96 4680 70,0.42105263157894735 0.013043478260869565 0.7293526785714286 0.26746506986027946 1.0 0.7210504549214226 0.7461538461538462,430025.9279190042,0.6732142857142858,5739,15 9 1792 8642 10 6029 26,0.6842105263157895 0.021739130434782608 1.0 1.0 0.044444444444444446 1.0 0.4076923076923077,697399.2914960199,0.6660714285714285,4858,2 7 7 183 29 1348 0,0.0 0.013043478260869565 0.00390625 0.0068099095925795465 0.25555555555555554 0.03205128205128205 0.2076923076923077,1376.3039963632968,0.054464285714285715,3785
resolved-p28d-3600-3rd/nsp-n20-d28-r0.10-rp2-fp2-s4,0 7 3 0 0 82 -68,0.0 0.030303030303030304 0.004830917874396135 0.0 0.0 0.0020174848688634837 0.0,3078.6323838956805,0.24285714285714285,790,0 3 4 4 0 102 -53,0.0 0.0 0.007246376811594203 0.0030097817908201654 0.0 0.01546738399462004 0.10204081632653061,75.73026456303494,0.14285714285714285,1043,0 3 3 9 0 107 -57,0.0 0.0 0.004830917874396135 0.006772009029345372 0.0 0.01882985877605918 0.07482993197278912,55.344316293040094,0.125,1354,9 9 2 10 0 79 -55,1.0 0.045454545454545456 0.0024154589371980675 0.007524454477050414 0.0 0.0 0.08843537414965986,1004577.2220246778,0.019642857142857142,1,0 84 232 294 34 778 -1,0.0 0.6136363636363636 0.5579710144927537 0.22121896162528218 0.6296296296296297 0.47007397444519167 0.4557823129251701,67232.68495520954,0.6339285714285714,3190,0 50 280 353 49 1251 12,0.0 0.3560606060606061 0.6739130434782609 0.2656132430398796 0.9074074074074074 0.7881640887693342 0.54421768707483,42709.970883198606,0.5625,2154,9 9 2 10 0 79 -55,1.0 0.045454545454545456 0.0024154589371980675 0.007524454477050414 0.0 0.0 0.08843537414965986,1004577.2220246778,0.019642857142857142,1,0 135 135 257 23 592 0,0.0 1.0 0.32367149758454106 0.19337848006019565 0.42592592592592593 0.3449899125756557 0.46258503401360546,103476.59853265798,0.5964285714285714,969,0 108 182 223 21 565 -6,0.0 0.7954545454545454 0.43719806763285024 0.16779533483822423 0.3888888888888889 0.32683254875588436 0.4217687074829932,84127.80953970521,0.38035714285714284,1551,9 9 2 10 0 79 -55,1.0 0.045454545454545456 0.0024154589371980675 0.007524454477050414 0.0 0.0 0.08843537414965986,1004577.2220246778,0.019642857142857142,1,0 68 233 336 54 814 10,0.0 0.49242424242424243 0.5603864734299517 0.2528216704288939 1.0 0.49428379287155344 0.5306122448979592,55204.58409732626,0.5892857142857143,3515,0 75 305 309 49 1098 9,0.0 0.5454545454545454 0.7342995169082126 0.2325056433408578 0.9074074074074074 0.6852723604572966 0.5238095238095238,62219.07263174665,0.6607142857142857,5564,9 10 415 1329 14 1566 79,1.0 0.05303030303030303 1.0 1.0 0.25925925925925924 1.0 1.0,1016339.9562289562,0.6125,14166,1 3 253 357 10 1232 35,0.1111111111111111 0.0 0.6086956521739131 0.2686230248306998 0.18518518518518517 0.7753866845998655 0.7006802721088435,117493.66372331759,0.6625,14069,2 3 293 127 16 1480 36,0.2222222222222222 0.0 0.7053140096618358 0.09556057185854025 0.2962962962962963 0.9421654337592468 0.7074829931972789,229410.68165765953,0.6446428571428572,12438,9 10 397 1134 15 1565 70,1.0 0.05303030303030303 0.9565217391304348 0.8532731376975169 0.2777777777777778 0.9993275050437121 0.9387755102040817,1015760.2306603704,0.6125,14627,1 3 258 307 10 1228 23,0.1111111111111111 0.0 0.6207729468599034 0.2310007524454477 0.18518518518518517 0.7726967047747142 0.6190476190476191,117576.7058653409,0.6625,13843,2 3 312 121 14 1556 26,0.2222222222222222 0.0 0.751207729468599 0.09104589917231001 0.25925925925925924 0.9932750504371217 0.6394557823129252,229861.84354829314,0.6446428571428572,12158,0 5 1 16 0 110 -55,0.0 0.015151515151515152 0.0 0.012039127163280662 0.0 0.020847343644922665 0.08843537414965986,1527.4875511253947,0.09464285714285714,1853
resolved-p28d-3600-3rd/nsp-n30-d28-r0.10-rp2-fp2-s3,2 109 545 592 129 2257 8,0.0 0.30144927536231886 0.0 0.0 0.46494464944649444 0.10762651461154668 0.026845637583892617,30192.525111960233,0.13690476190476192,5321,2 133 547 708 134 2106 4,0.0 0.3710144927536232 0.002472187886279357 0.0180657218501791 0.4833948339483395 0.0 0.0,37192.57635947013,0.10119047619047619,4461,2 150 600 823 151 2145 12,0.0 0.42028985507246375 0.06798516687268233 0.03597570471889114 0.5461254612546126 0.027797576621525304 0.053691275167785234,42799.757093858934,0.07261904761904762,3452,16 186 689 1061 174 2303 26,0.875 0.5246376811594203 0.17799752781211373 0.0730415823080517 0.6309963099630996 0.14041339985744833 0.1476510067114094,929381.4363923728,0.017857142857142856,1,10 350 1351 1516 274 3269 29,0.5 1.0 0.9962917181705809 0.14390281887556455 1.0 0.8289379900213828 0.16778523489932887,610215.2771657165,0.41785714285714287,4946,8 285 932 1266 162 2234 15,0.375 0.8115942028985508 0.4783683559950556 0.10496807350879925 0.5867158671586716 0.09123307198859587 0.0738255033557047,461107.72966625355,0.22023809523809523,2113,16 186 689 1061 174 2303 26,0.875 0.5246376811594203 0.17799752781211373 0.0730415823080517 0.6309963099630996 0.14041339985744833 0.1476510067114094,929381.4363923728,0.017857142857142856,1,8 242 1173 1208 213 2785 31,0.375 0.6869565217391305 0.7762669962917181 0.0959352125837097 0.7749077490774908 0.4839629365645046 0.18120805369127516,451636.768961741,0.23333333333333334,2858,8 253 889 1231 157 2607 24,0.375 0.7188405797101449 0.4252163164400494 0.09951720915745212 0.5682656826568265 0.3570919458303635 0.1342281879194631,451296.27006048436,0.2130952380952381,2596,16 186 689 1061 174 2303 26,0.875 0.5246376811594203 0.17799752781211373 0.0730415823080517 0.6309963099630996 0.14041339985744833 0.1476510067114094,929381.4363923728,0.017857142857142856,1,7 274 1354 1459 210 3509 43,0.3125 0.7797101449275362 1.0 0.13502569693194205 0.7638376383763837 1.0 0.26174496644295303,400692.6856984896,0.513095238095238,1349,7 261 977 1284 177 2619 38,0.3125 0.7420289855072464 0.5339925834363412 0.10777137517520635 0.6420664206642066 0.36564504632929434 0.22818791946308725,392218.6870407124,0.3619047619047619,3032,14 55 1047 1617 53 2829 153,0.75 0.14492753623188406 0.6205191594561187 0.15963245600373774 0.18450184501845018 0.5153243050605845 1.0,770882.1811013056,0.7,6305,9 15 788 3652 14 2892 115,0.4375 0.028985507246376812 0.3003708281829419 0.47656128328920727 0.04059040590405904 0.5602280826799715 0.7449664429530202,443889.2265776165,0.7595238095238095,8829,9 8 790 3273 8 2810 146,0.4375 0.008695652173913044 0.30284301606922126 0.4175362093131911 0.01845018450184502 0.5017818959372773 0.9530201342281879,441823.3474449405,0.7416666666666667,8919,18 90 1042 889 77 2719 149,1.0 0.2463768115942029 0.6143386897404203 0.04625447749571718 0.2730627306273063 0.4369208838203849 0.9731543624161074,1030859.9711705835,0.6630952380952381,7675,10 5 1028 7013 3 3286 41,0.5 0.0 0.5970333745364648 1.0 0.0 0.8410548823948681 0.2483221476510067,506978.9926163362,0.7607142857142857,7271,9 8 788 3275 8 2814 144,0.4375 0.008695652173913044 0.3003708281829419 0.4178476872761252 0.01845018450184502 0.5046329294369208 0.9395973154362416,441798.95213155687,0.7416666666666667,9022,2 164 615 919 154 2131 16,0.0 0.4608695652173913 0.0865265760197775 0.050926646939729016 0.5571955719557196 0.01781895937277263 0.08053691275167785,47059.127212578685,0.05476190476190476,3787
resolved-p28d-3600-3rd/nsp-n40-d28-r0.10-rp2-fp2-s2,2 177 1724 929 304 3833 -31,0.08695652173913043 0.0 0.45631411390166254 0.46684831970935514 0.6797752808988764 0.6559502203785326 0.0,92061.0482281501,0.05267857142857143,4482,2 194 1766 970 315 3868 -25,0.08695652173913043 0.05167173252279635 0.4711708524938097 0.5040871934604905 0.7106741573033708 0.6650246305418719 0.05504587155963303,97417.26341771598,0.04017857142857143,4811,1 197 1767 1042 313 3841 -16,0.043478260869565216 0.060790273556231005 0.4715245843650513 0.5694822888283378 0.7050561797752809 0.6580243712730102 0.13761467889908258,54919.239834036314,0.03482142857142857,4920,23 213 1887 1182 341 3960 -6,1.0 0.1094224924012158 0.5139724089140432 0.6966394187102634 0.7837078651685393 0.688877365828364 0.22935779816513763,1016864.1016659455,0.010714285714285714,1,21 225 1868 1220 315 3937 -5,0.9130434782608695 0.1458966565349544 0.5072515033604528 0.7311534968210718 0.7106741573033708 0.682914182006741 0.23853211009174313,933514.9475344511,0.05892857142857143,1439,17 336 3261 1455 418 5160 -5,0.7391304347826086 0.48328267477203646 1.0 0.9445958219800181 1.0 1.0 0.23853211009174313,798513.5366139024,0.35267857142857145,1272,23 213 1887 1182 341 3960 -6,1.0 0.1094224924012158 0.5139724089140432 0.6966394187102634 0.7837078651685393 0.688877365828364 0.22935779816513763,1016864.1016659455,0.010714285714285714,1,20 328 2173 1446 275 3981 -3,0.8695652173913043 0.45896656534954405 0.6151397240891404 0.9364214350590372 0.598314606741573 0.6943220119263677 0.25688073394495414,922616.7241637366,0.20267857142857143,1120,22 299 2334 1516 322 4186 -6,0.9565217391304348 0.3708206686930091 0.6720905553590378 1.0 0.7303370786516854 0.7474721285973555 0.22935779816513763,1001405.4493402754,0.17589285714285716,1084,23 213 1887 1182 341 3960 -6,1.0 0.1094224924012158 0.5139724089140432 0.6966394187102634 0.7837078651685393 0.688877365828364 0.22935779816513763,1016864.1016659455,0.010714285714285714,1,17 329 2314 1484 292 4069 -4,0.7391304347826086 0.46200607902735563 0.6650159179342059 0.9709355131698456 0.6460674157303371 0.7171376717656209 0.24770642201834864,793024.1632025689,0.2598214285714286,2974,15 286 2072 1381 322 3849 -2,0.6521739130434783 0.331306990881459 0.5794128050937389 0.8773841961852861 0.7303370786516854 0.6600985221674877 0.26605504587155965,692056.0251268796,0.13303571428571428,1222,23 213 1887 1182 341 3960 -6,1.0 0.1094224924012158 0.5139724089140432 0.6966394187102634 0.7837078651685393 0.688877365828364 0.22935779816513763,1016864.1016659455,0.010714285714285714,1233,22 408 434 420 66 1597 67,0.9565217391304348 0.7021276595744681 0.0 0.004541326067211626 0.011235955056179775 0.07622504537205081 0.8990825688073395,1026741.8313424769,0.7464285714285714,6654,21 506 515 607 64 1340 78,0.9130434782608695 1.0 0.02865228157056951 0.17438692098092642 0.0056179775280898875 0.009592947886958776 1.0,1013506.0457247879,0.7455357142857143,5760,23 213 1887 1182 341 3960 -6,1.0 0.1094224924012158 0.5139724089140432 0.6966394187102634 0.7837078651685393 0.688877365828364 0.22935779816513763,1016864.1016659455,0.010714285714285714,1233,22 408 436 415 62 1599 63,0.9565217391304348 0.7021276595744681 0.0007074637424831977 0.0 0.0 0.07674358309567021 0.8623853211009175,1026743.2095464583,0.7464285714285714,6614,22 457 491 528 67 1303 65,0.9565217391304348 0.851063829787234 0.020162716660771136 0.10263396911898275 0.014044943820224719 0.0 0.8807339449541285,1041934.6684732118,0.7455357142857143,5718,0 198 1738 1041 308 3811 -16,0.0 0.06382978723404255 0.4612663600990449 0.5685740236148955 0.6910112359550562 0.6502463054187192 0.13761467889908258,11639.95754933819,0.0375,5428
resolved-p28d-3600-3rd/nsp-n30-d28-r0.10-rp2-fp2-s7,0 0 0 0 0 107 -97,0.0 0.0 0.0 0.0 0.0 0.0 0.24390243902439024,0.24390243902439024,0.2511904761904762,238,0 0 0 0 0 118 -88,0.0 0.0 0.0 0.0 0.0 0.024336283185840708 0.4634146341463415,0.7067774660047486,0.1738095238095238,163,0 0 0 0 0 128 -81,0.0 0.0 0.0 0.0 0.0 0.046460176991150445 0.6341463414634146,1.0987481113749191,0.15833333333333333,139,0 0 0 0 0 208 -85,0.0 0.0 0.0 0.0 0.0 0.2234513274336283 0.5365853658536586,2.771098640189942,0.12023809523809524,28,0 0 0 0 0 169 -76,0.0 0.0 0.0 0.0 0.0 0.13716814159292035 0.7560975609756098,2.127778976904813,0.36904761904761907,11,0 0 0 0 0 204 -78,0.0 0.0 0.0 0.0 0.0 0.21460176991150443 0.7073170731707317,2.853334772285776,0.12738095238095237,4,0 0 0 0 0 200 -86,0.0 0.0 0.0 0.0 0.0 0.20575221238938052 0.5121951219512195,2.5697172458450246,0.12261904761904761,22,0 0 0 0 0 193 -77,0.0 0.0 0.0 0.0 0.0 0.1902654867256637 0.7317073170731707,2.6343621843298077,0.3119047619047619,9,0 0 0 0 0 201 -85,0.0 0.0 0.0 0.0 0.0 0.2079646017699115 0.5365853658536586,2.6162313835527735,0.13333333333333333,13,0 0 0 0 0 214 -79,0.0 0.0 0.0 0.0 0.0 0.23672566371681417 0.6829268292682927,3.0501834664364345,0.12738095238095237,4,0 0 0 0 0 165 -79,0.0 0.0 0.0 0.0 0.0 0.12831858407079647 0.6829268292682927,1.9661126699762574,0.3738095238095238,3,0 0 0 0 0 181 -79,0.0 0.0 0.0 0.0 0.0 0.16371681415929204 0.6829268292682927,2.3200949708612133,0.12976190476190477,3,0 0 0 0 0 473 -66,0.0 0.0 0.0 0.0 0.0 0.8097345132743363 1.0,9.097345132743364,0.4119047619047619,29,0 0 0 0 0 188 -107,0.0 0.0 0.0 0.0 0.0 0.17920353982300885 0.0,1.7920353982300885,0.6880952380952381,195,0 0 0 0 0 559 -68,0.0 0.0 0.0 0.0 0.0 1.0 0.9512195121951219,10.951219512195122,0.4166666666666667,21,0 0 0 0 0 473 -66,0.0 0.0 0.0 0.0 0.0 0.8097345132743363 1.0,9.097345132743364,0.4119047619047619,29,0 0 0 0 0 173 -93,0.0 0.0 0.0 0.0 0.0 0.14601769911504425 0.34146341463414637,1.801640405784589,0.6297619047619047,199,0 0 0 0 0 559 -68,0.0 0.0 0.0 0.0 0.0 1.0 0.9512195121951219,10.951219512195122,0.4166666666666667,21,0 0 0 0 0 165 -84,0.0 0.0 0.0 0.0 0.0 0.12831858407079647 0.5609756097560976,1.8441614504640622,0.1130952380952381,28
resolved-p28d-3600-3rd/nsp-n40-d28-r0.10-rp2-fp2-s6,1 9 0 2 0 247 -120,0.0 0.013215859030837005 0.0 0.0 0.0 0.005003573981415297 0.029411764705882353,1321.6653505882205,0.12678571428571428,1707,1 11 0 10 0 265 -122,0.0 0.022026431718061675 0.0 0.0010692328254477412 0.0 0.008220157255182273 0.02100840336134454,2203.8156146075285,0.07410714285714286,1435,1 12 0 11 0 279 -112,0.0 0.02643171806167401 0.0 0.0012028869286287089 0.0 0.010721944245889922 0.06302521008403361,2644.5449377485725,0.05803571428571429,1357,16 12 0 18 0 219 -126,1.0 0.02643171806167401 0.0 0.0021384656508954825 0.0 0.0 0.004201680672268907,1002645.3144734988,0.016964285714285713,1,14 31 6 40 1 245 -123,0.8666666666666667 0.11013215859030837 0.003403289846851957 0.005078855920876771 0.012048192771084338 0.004646175839885632 0.01680672268907563,877720.2623678454,0.03482142857142857,70,13 14 0 8 0 248 -127,0.8 0.03524229074889868 0.0 0.0008019246190858059 0.0 0.0051822730521801285 0.0,803525.0828222396,0.033928571428571426,256,16 12 0 18 0 219 -126,1.0 0.02643171806167401 0.0 0.0021384656508954825 0.0 0.0 0.004201680672268907,1002645.3144734988,0.016964285714285713,1,8 223 181 331 25 751 -81,0.4666666666666667 0.9559471365638766 0.10266591038003403 0.04397219994653836 0.30120481927710846 0.09506790564689063 0.19327731092436976,563363.2760650964,0.24285714285714285,443,9 42 2 34 1 264 -115,0.5333333333333333 0.15859030837004406 0.0011344299489506524 0.004276931301790965 0.012048192771084338 0.008041458184417441 0.05042016806722689,549209.3210551562,0.04732142857142857,539,16 12 0 18 0 219 -126,1.0 0.02643171806167401 0.0 0.0021384656508954825 0.0 0.0 0.004201680672268907,1002645.3144734988,0.016964285714285713,1,10 233 383 489 83 1162 -11,0.6 1.0 0.21724333522404993 0.06508954824913125 1.0 0.1685132237312366 0.48739495798319327,702339.6954276849,0.50625,743,13 35 34 59 8 317 -118,0.8 0.1277533039647577 0.019285309132161088 0.007618283881315156 0.0963855421686747 0.017512508934953538 0.037815126050420166,812985.6532661109,0.0625,359,15 30 1763 7484 6 5815 53,0.9333333333333333 0.10572687224669604 1.0 1.0 0.07228915662650602 1.0 0.7563025210084033,954924.0057761866,0.63125,4519,11 18 1487 4679 17 5257 111,0.6666666666666666 0.05286343612334802 0.84344866704481 0.6251002405773858 0.20481927710843373 0.9002859185132237 1.0,681043.0819769228,0.6910714285714286,5214,10 18 1404 5310 7 5083 105,0.6 0.05286343612334802 0.7963698241633579 0.7094359796845763 0.08433734939759036 0.8691922802001429 0.9747899159663865,613977.5782813107,0.6669642857142857,6454,14 43 1693 7187 7 5727 71,0.8666666666666667 0.16299559471365638 0.9602949517867272 0.9603047313552526 0.08433734939759036 0.9842744817726948 0.8319327731092437,893548.5887997856,0.63125,4922,13 6 1544 6224 15 5432 76,0.8 0.0 0.8757799205899036 0.8315958299919808 0.18072289156626506 0.9315582558970693 0.8529411764705882,809617.6358487831,0.6910714285714286,4638,10 18 1402 5310 8 5079 99,0.6 0.05286343612334802 0.7952353942144073 0.7094359796845763 0.0963855421686747 0.8684774839170837 0.9495798319327731,613967.4064430514,0.6669642857142857,6546,1 15 0 15 0 261 -108,0.0 0.039647577092511016 0.0 0.0017375033413525795 0.0 0.007505360972122945 0.07983193277310924,3966.6500981349486,0.048214285714285716,937
resolved-p28d-3600-3rd/nsp-n50-d28-r0.10-rp2-fp2-s5,2 13 2 26 0 424 -123,0.06896551724137931 0.1326530612244898 0.0006533812479581836 0.0003589375448671931 0.0 0.012206148282097649 0.0,82237.83817533555,0.09642857142857143,2860,1 12 8 42 1 493 -99,0.034482758620689655 0.12244897959183673 0.0026135249918327343 0.001507537688442211 0.045454545454545456 0.020004520795660036 0.11707317073170732,46760.161940404236,0.060714285714285714,3074,2 13 10 50 0 505 -101,0.06896551724137931 0.1326530612244898 0.003266906239790918 0.00208183776022972 0.0 0.021360759493670885 0.1073170731707317,82265.89518865453,0.05785714285714286,2805,28 13 0 21 0 321 -99,0.9655172413793104 0.1326530612244898 0.0 0.0 0.0 0.0005650994575045208 0.11707317073170732,978782.6702259247,0.017857142857142856,1,19 98 119 214 22 651 -80,0.6551724137931034 1.0 0.03887618425351192 0.013854989231873654 1.0 0.03786166365280289 0.2097560975609756,755675.6189976045,0.14785714285714285,1878,24 25 5 55 2 375 -95,0.8275862068965517 0.25510204081632654 0.001633453119895459 0.002440775305096913 0.09090909090909091 0.006668173598553345 0.13658536585365855,853124.4804608814,0.03214285714285714,490,28 13 0 21 0 321 -99,0.9655172413793104 0.1326530612244898 0.0 0.0 0.0 0.0005650994575045208 0.11707317073170732,978782.6702259247,0.017857142857142856,1,22 23 3 35 0 356 -103,0.7586206896551724 0.23469387755102042 0.0009800718719372753 0.0010050251256281408 0.0 0.0045207956600361665 0.0975609756097561,782101.0259230515,0.02857142857142857,1256,22 21 5 30 1 344 -97,0.7586206896551724 0.21428571428571427 0.001633453119895459 0.0006460875807609476 0.045454545454545456 0.0031645569620253164 0.12682926829268293,780070.9456319069,0.027142857142857142,646,28 13 0 21 0 321 -99,0.9655172413793104 0.1326530612244898 0.0 0.0 0.0 0.0005650994575045208 0.11707317073170732,978782.6702259247,0.017857142857142856,1,22 21 3 42 0 349 -96,0.7586206896551724 0.21428571428571427 0.0009800718719372753 0.001507537688442211 0.0 0.003729656419529837 0.13170731707317074,780060.738344033,0.02857142857142857,1214,23 12 0 24 0 370 -101,0.7931034482758621 0.12244897959183673 0.0 0.00021536252692031587 0.0 0.0061030741410488245 0.1073170731707317,805348.7299453873,0.027857142857142858,1297,29 13 0 21 0 316 -98,1.0 0.1326530612244898 0.0 0.0 0.0 0.0 0.12195121951219512,1013265.4280736685,0.017857142857142856,1748,0 0 2828 10358 5 8711 34,0.0 0.0 0.9238810846128717 0.742067480258435 0.22727272727272727 0.9488019891500904 0.7658536585365854,10013.859472664462,0.655,2064,0 0 3061 13951 2 9164 -58,0.0 0.0 1.0 1.0 0.09090909090909091 1.0 0.3170731707317073,11019.407982261642,0.6421428571428571,1757,28 13 0 21 0 321 -99,0.9655172413793104 0.1326530612244898 0.0 0.0 0.0 0.0005650994575045208 0.11707317073170732,978782.6702259247,0.017857142857142856,1749,0 0 2872 10687 4 8752 9,0.0 0.0 0.9382554720679517 0.7656855707106963 0.18181818181818182 0.9534358047016275 0.6439024390243903,10176.600370058071,0.655,1979,0 0 2708 8114 13 8588 82,0.0 0.0 0.8846782097353806 0.5809763101220388 0.5909090909090909 0.9349005424954792 1.0,9497.19832199171,0.6421428571428571,2143,2 21 4 36 0 445 -96,0.06896551724137931 0.21428571428571427 0.0013067624959163672 0.0010768126346015793 0.0 0.014579566003616637 0.13170731707317074,90408.51061052161,0.04642857142857143,2063
resolved-p28d-3600-3rd/nsp-n20-d28-r0.10-rp2-fp2-s2,0 0 10 1 0 74 -79,0.0 0.0 0.03614457831325301 0.0 0.0 0.014823261117445839 0.0,361.5940157437046,0.25,894,0 0 10 1 0 78 -51,0.0 0.0 0.03614457831325301 0.0 0.0 0.019384264538198404 0.19858156028368795,361.8382073381958,0.14821428571428572,868,0 0 10 1 0 92 -50,0.0 0.0 0.03614457831325301 0.0 0.0 0.03534777651083238 0.20567375886524822,362.0049346565037,0.13035714285714287,1167,11 2 4 7 0 61 -42,0.9166666666666666 0.14285714285714285 0.0 0.01054481546572935 0.0 0.0 0.2624113475177305,930963.1881791941,0.0125,1,4 14 8 42 2 176 -26,0.3333333333333333 1.0 0.024096385542168676 0.07205623901581722 0.3333333333333333 0.13112884834663627 0.375886524822695,433681.3739361124,0.10357142857142858,9704,1 12 72 81 6 262 -34,0.08333333333333333 0.8571428571428571 0.40963855421686746 0.140597539543058 1.0 0.2291904218928164 0.3191489361702128,173387.2131824859,0.16964285714285715,3723,11 2 4 7 0 61 -42,0.9166666666666666 0.14285714285714285 0.0 0.01054481546572935 0.0 0.0 0.2624113475177305,930963.1881791941,0.0125,1,7 1 5 20 1 123 -37,0.5833333333333334 0.07142857142857142 0.006024096385542169 0.033391915641476276 0.16666666666666666 0.07069555302166476 0.2978723404255319,590587.4948502247,0.06428571428571428,20747,0 0 16 31 0 241 -14,0.0 0.0 0.07228915662650602 0.05272407732864675 0.0 0.20524515393386544 0.46099290780141844,778.129088040847,0.20714285714285716,2119,11 2 4 7 0 61 -42,0.9166666666666666 0.14285714285714285 0.0 0.01054481546572935 0.0 0.0 0.2624113475177305,930963.1881791941,0.0125,1,8 6 8 32 1 151 -42,0.6666666666666666 0.42857142857142855 0.024096385542168676 0.054481546572934976 0.16666666666666666 0.10262257696693272 0.2624113475177305,709837.2102295879,0.07678571428571429,19623,0 0 19 38 1 173 -36,0.0 0.0 0.09036144578313253 0.06502636203866433 0.16666666666666666 0.12770809578107184 0.3049645390070922,986.8895320334741,0.125,1028,12 2 4 7 0 61 -42,1.0 0.14285714285714285 0.0 0.01054481546572935 0.0 0.0 0.2624113475177305,1014296.5215125275,0.0125,716,0 0 159 551 6 856 62,0.0 0.0 0.9337349397590361 0.9666080843585237 1.0 0.9064994298745724 1.0,10414.02247624763,0.7142857142857143,6156,0 0 170 278 6 918 54,0.0 0.0 1.0 0.4868189806678383 1.0 0.9771949828962372 0.9432624113475178,10597.534192908148,0.6178571428571429,6688,12 2 4 9 0 63 -42,1.0 0.14285714285714285 0.0 0.014059753954305799 0.0 0.002280501710376283 0.2624113475177305,1014300.0592560332,0.0125,715,0 0 152 570 5 822 47,0.0 0.0 0.891566265060241 1.0 0.8333333333333334 0.8677309007981756 0.8936170212765957,10008.566909965002,0.7,6624,0 0 162 225 5 938 41,0.0 0.0 0.9518072289156626 0.3936731107205624 0.8333333333333334 1.0 0.851063829787234,10005.92979704031,0.6107142857142858,7159,0 0 10 3 0 104 -41,0.0 0.0 0.03614457831325301 0.0035149384885764497 0.0 0.04903078677309008 0.2695035460992908,365.72053303493675,0.07321428571428572,1028
resolved-p28d-3600-3rd/nsp-n20-d28-r0.10-rp2-fp2-s3,0 0 0 0 0 82 -83,0.0 0.0 0.0 0.0 0.0 0.0 0.0,0.0,0.3142857142857143,188,0 0 0 0 0 87 -54,0.0 0.0 0.0 0.0 0.0 0.01818181818181818 0.5087719298245614,0.6905901116427433,0.24642857142857144,113,0 0 0 0 0 97 -56,0.0 0.0 0.0 0.0 0.0 0.05454545454545454 0.47368421052631576,1.0191387559808611,0.21428571428571427,75,0 0 0 0 0 149 -47,0.0 0.0 0.0 0.0 0.0 0.24363636363636362 0.631578947368421,3.067942583732057,0.15178571428571427,9,0 0 0 0 0 125 -31,0.0 0.0 0.0 0.0 0.0 0.15636363636363637 0.9122807017543859,2.4759170653907496,0.45357142857142857,10,0 0 0 0 0 149 -49,0.0 0.0 0.0 0.0 0.0 0.24363636363636362 0.5964912280701754,3.0328548644338116,0.14821428571428572,12,0 0 0 0 0 153 -46,0.0 0.0 0.0 0.0 0.0 0.2581818181818182 0.6491228070175439,3.2309409888357257,0.13214285714285715,4,0 0 0 0 0 124 -35,0.0 0.0 0.0 0.0 0.0 0.15272727272727274 0.8421052631578947,2.369377990430622,0.2785714285714286,9,0 0 0 0 0 144 -49,0.0 0.0 0.0 0.0 0.0 0.22545454545454546 0.5964912280701754,2.8510366826156304,0.13392857142857142,2,0 0 0 0 0 144 -49,0.0 0.0 0.0 0.0 0.0 0.22545454545454546 0.5964912280701754,2.8510366826156304,0.13392857142857142,2,0 0 0 0 0 117 -77,0.0 0.0 0.0 0.0 0.0 0.12727272727272726 0.10526315789473684,1.3779904306220092,0.3464285714285714,8,0 0 0 0 0 141 -48,0.0 0.0 0.0 0.0 0.0 0.21454545454545454 0.6140350877192983,2.759489633173844,0.13392857142857142,3,0 0 0 0 0 306 -26,0.0 0.0 0.0 0.0 0.0 0.8145454545454546 1.0,9.145454545454546,0.5178571428571429,18,0 0 0 0 0 114 -38,0.0 0.0 0.0 0.0 0.0 0.11636363636363636 0.7894736842105263,1.95311004784689,0.6553571428571429,177,0 0 0 0 0 357 -26,0.0 0.0 0.0 0.0 0.0 1.0 1.0,11.0,0.5125,24,0 0 0 0 0 306 -26,0.0 0.0 0.0 0.0 0.0 0.8145454545454546 1.0,9.145454545454546,0.5178571428571429,18,0 0 0 0 0 114 -38,0.0 0.0 0.0 0.0 0.0 0.11636363636363636 0.7894736842105263,1.95311004784689,0.6553571428571429,177,0 0 0 0 0 357 -26,0.0 0.0 0.0 0.0 0.0 1.0 1.0,11.0,0.5125,24,0 0 0 0 0 117 -46,0.0 0.0 0.0 0.0 0.0 0.12727272727272726 0.6491228070175439,1.9218500797448164,0.16428571428571428,44
resolved-p28d-3600-3rd/nsp-n20-d28-r0.10-rp2-fp2-s5,0 1 6 3 0 111 -25,0.0 0.0 0.008791208791208791 0.0 0.0 0.029737206085753802 0.008849557522123894,88.21830953046758,0.3107142857142857,1733,0 4 6 16 0 119 -21,0.0 0.023809523809523808 0.008791208791208791 0.013211382113821139 0.0 0.035269709543568464 0.04424778761061947,2482.4727958613357,0.13392857142857142,2074,3 4 6 19 0 110 -26,0.2 0.023809523809523808 0.008791208791208791 0.016260162601626018 0.0 0.029045643153526972 0.0,202485.41508789762,0.09821428571428571,1805,15 9 2 7 0 68 -17,1.0 0.06349206349206349 0.0 0.0040650406504065045 0.0 0.0 0.07964601769911504,1006353.3510358746,0.0125,1,1 68 75 120 7 280 5,0.06666666666666667 0.5317460317460317 0.16043956043956045 0.11890243902439024 0.1076923076923077 0.14661134163208853 0.2743362831858407,121577.07756515857,0.2910714285714286,3954,0 43 102 160 30 483 17,0.0 0.3333333333333333 0.21978021978021978 0.15955284552845528 0.46153846153846156 0.2869986168741355 0.3805309734513274,35740.092739960026,0.42678571428571427,2108,15 9 2 7 0 68 -17,1.0 0.06349206349206349 0.0 0.0040650406504065045 0.0 0.0 0.07964601769911504,1006353.3510358746,0.0125,1,0 94 186 265 33 560 8,0.0 0.7380952380952381 0.4043956043956044 0.266260162601626 0.5076923076923077 0.34024896265560167 0.3008849557522124,78174.21262143303,0.48035714285714287,2348,0 60 230 228 41 597 11,0.0 0.46825396825396826 0.5010989010989011 0.22865853658536586 0.6307692307692307 0.36583679114799444 0.3274336283185841,52132.10709758793,0.42142857142857143,1774,15 9 2 7 0 68 -17,1.0 0.06349206349206349 0.0 0.0040650406504065045 0.0 0.0 0.07964601769911504,1006353.3510358746,0.0125,1,0 29 122 89 15 415 9,0.0 0.2222222222222222 0.26373626373626374 0.08739837398373984 0.23076923076923078 0.23997233748271093 0.30973451327433627,24972.76961453362,0.28035714285714286,2868,0 127 169 358 26 410 -10,0.0 1.0 0.367032967032967 0.36077235772357724 0.4 0.23651452282157676 0.1415929203539823,104073.60876620181,0.28214285714285714,1135,5 29 377 987 21 1450 81,0.3333333333333333 0.2222222222222222 0.8241758241758241 1.0 0.3230769230769231 0.9557399723374828 0.9469026548672567,364840.12579199974,0.5910714285714286,11059,0 1 415 479 64 1315 65,0.0 0.0 0.9076923076923077 0.483739837398374 0.9846153846153847 0.8623789764868603 0.8053097345132744,9668.55355228237,0.7821428571428571,14612,1 37 257 162 20 1074 81,0.06666666666666667 0.2857142857142857 0.5604395604395604 0.16158536585365854 0.3076923076923077 0.6957123098201936 0.9469026548672567,101042.74946486679,0.6357142857142857,11098,5 30 404 694 28 1514 87,0.3333333333333333 0.23015873015873015 0.8835164835164835 0.7022357723577236 0.4307692307692308 1.0 1.0,365940.68387980585,0.5785714285714286,11948,0 1 457 489 65 1403 74,0.0 0.0 1.0 0.49390243902439024 1.0 0.9232365145228216 0.8849557522123894,10604.01975992183,0.7839285714285714,14136,1 29 253 170 19 1092 75,0.06666666666666667 0.2222222222222222 0.5516483516483517 0.16971544715447154 0.2923076923076923 0.7081604426002767 0.8938053097345132,94612.2940314934,0.6357142857142857,12463,2 5 6 23 0 117 -23,0.13333333333333333 0.031746031746031744 0.008791208791208791 0.02032520325203252 0.0 0.0338865836791148 0.02654867256637168,136616.53921360997,0.11428571428571428,3525
resolved-p28d-3600-3rd/nsp-n30-d28-r0.10-rp2-fp2-s0,1 9 0 0 0 120 -92,0.07692307692307693 0.1111111111111111 0.0 0.0 0.0 0.0 0.0,88034.18803418803,0.20714285714285716,1112,1 9 0 4 0 173 -79,0.07692307692307693 0.1111111111111111 0.0 0.0008024072216649949 0.0 0.0155061439438268 0.065,88035.21050284914,0.09285714285714286,838,1 9 0 1 0 158 -77,0.07692307692307693 0.1111111111111111 0.0 0.00020060180541624874 0.0 0.011117612638970159 0.075,88034.57481211984,0.10595238095238095,775,13 12 0 26 0 126 -81,1.0 0.2222222222222222 0.0 0.005215646940822468 0.0 0.0017554125219426564 0.055,1022227.5104232883,0.01904761904761905,1,1 33 6 22 0 179 -90,0.07692307692307693 1.0 0.005633802816901409 0.0044132397191574725 0.0 0.017261556465769455 0.01,176984.01080652978,0.07976190476190476,579,7 12 29 67 6 265 -76,0.5384615384615384 0.2222222222222222 0.027230046948356807 0.013440320962888667 0.12 0.042422469280280865 0.08,560982.0056988999,0.1,371,13 12 0 26 0 126 -81,1.0 0.2222222222222222 0.0 0.005215646940822468 0.0 0.0017554125219426564 0.055,1022227.5104232883,0.01904761904761905,1,7 11 5 31 0 180 -82,0.5384615384615384 0.18518518518518517 0.004694835680751174 0.006218655967903711 0.0 0.017554125219426564 0.05,557033.4495340845,0.05,665,6 19 4 27 0 154 -78,0.46153846153846156 0.48148148148148145 0.003755868544600939 0.005416248746238716 0.0 0.00994733762434172 0.07,509729.75409417815,0.034523809523809526,209,13 12 0 26 0 126 -81,1.0 0.2222222222222222 0.0 0.005215646940822468 0.0 0.0017554125219426564 0.055,1022227.5104232883,0.01904761904761905,1,6 23 5 47 0 158 -81,0.46153846153846156 0.6296296296296297 0.004694835680751174 0.009428284854563691 0.0 0.011117612638970159 0.055,524557.967319213,0.04285714285714286,532,8 13 1 34 0 151 -78,0.6153846153846154 0.25925925925925924 0.0009389671361502347 0.006820461384152457 0.0 0.009069631363370393 0.07,641326.9121396006,0.03571428571428571,682,11 30 766 1070 47 2533 104,0.8461538461538461 0.8888888888888888 0.7192488262910798 0.21464393179538616 0.94 0.705968402574605 0.98,942551.9069214668,0.5726190476190476,7923,4 7 1053 2620 50 3106 102,0.3076923076923077 0.037037037037037035 0.9887323943661972 0.5255767301905717 1.0 0.8736102984201287 0.97,321918.61817284813,0.7023809523809523,8115,0 6 1019 4474 8 3467 47,0.0 0.0 0.9568075117370892 0.8974924774322969 0.16 0.9792276184903452 0.695,10492.054870988093,0.655952380952381,8756,11 31 771 1417 40 2588 108,0.8461538461538461 0.9259259259259259 0.723943661971831 0.2842527582748245 0.8 0.722059684025746 1.0,946358.3487212721,0.5726190476190476,7682,4 7 1065 2954 50 3124 108,0.3076923076923077 0.037037037037037035 1.0 0.5925777331995988 1.0 0.8788765359859567 1.0,322098.3778945708,0.7023809523809523,8025,2 7 1057 4985 4 3538 41,0.15384615384615385 0.037037037037037035 0.9924882629107982 1.0 0.08 1.0 0.665,168493.40517896554,0.655952380952381,8509,1 9 2 22 0 176 -76,0.07692307692307693 0.1111111111111111 0.0018779342723004694 0.0044132397191574725 0.0 0.016383850204798128 0.08,88057.62445513225,0.05119047619047619,1156
