,lnps-10-org-obj,lnps-10-nrm-obj,lnps-10-obj,lnps-10-diff,lnps-10-freq,lnps-30-org-obj,lnps-30-nrm-obj,lnps-30-obj,lnps-30-diff,lnps-30-freq,lnps-60-org-obj,lnps-60-nrm-obj,lnps-60-obj,lnps-60-diff,lnps-60-freq,mp-is1-p-hi-org-obj,mp-is1-p-hi-nrm-obj,mp-is1-p-hi-obj,mp-is1-p-hi-diff,mp-is1-p-hi-freq,mp-is1-p-low-org-obj,mp-is1-p-low-nrm-obj,mp-is1-p-low-obj,mp-is1-p-low-diff,mp-is1-p-low-freq,mp-is1-p-mid-org-obj,mp-is1-p-mid-nrm-obj,mp-is1-p-mid-obj,mp-is1-p-mid-diff,mp-is1-p-mid-freq,mp-is10-p-hi-org-obj,mp-is10-p-hi-nrm-obj,mp-is10-p-hi-obj,mp-is10-p-hi-diff,mp-is10-p-hi-freq,mp-is10-p-low-org-obj,mp-is10-p-low-nrm-obj,mp-is10-p-low-obj,mp-is10-p-low-diff,mp-is10-p-low-freq,mp-is10-p-mid-org-obj,mp-is10-p-mid-nrm-obj,mp-is10-p-mid-obj,mp-is10-p-mid-diff,mp-is10-p-mid-freq,mp-is100-p-hi-org-obj,mp-is100-p-hi-nrm-obj,mp-is100-p-hi-obj,mp-is100-p-hi-diff,mp-is100-p-hi-freq,mp-is100-p-low-org-obj,mp-is100-p-low-nrm-obj,mp-is100-p-low-obj,mp-is100-p-low-diff,mp-is100-p-low-freq,mp-is100-p-mid-org-obj,mp-is100-p-mid-nrm-obj,mp-is100-p-mid-obj,mp-is100-p-mid-diff,mp-is100-p-mid-freq,mp-p-hi-org-obj,mp-p-hi-nrm-obj,mp-p-hi-obj,mp-p-hi-diff,mp-p-hi-freq,mp-p-low-org-obj,mp-p-low-nrm-obj,mp-p-low-obj,mp-p-low-diff,mp-p-low-freq,mp-p-mid-org-obj,mp-p-mid-nrm-obj,mp-p-mid-obj,mp-p-mid-diff,mp-p-mid-freq,mp-ps-p-hi-org-obj,mp-ps-p-hi-nrm-obj,mp-ps-p-hi-obj,mp-ps-p-hi-diff,mp-ps-p-hi-freq,mp-ps-p-low-org-obj,mp-ps-p-low-nrm-obj,mp-ps-p-low-obj,mp-ps-p-low-diff,mp-ps-p-low-freq,mp-ps-p-mid-org-obj,mp-ps-p-mid-nrm-obj,mp-ps-p-mid-obj,mp-ps-p-mid-diff,mp-ps-p-mid-freq,ps-org-obj,ps-nrm-obj,ps-obj,ps-diff,ps-freq
resolved-p7d-c21d-3600-all/resolved-p7d-c21d-3600-3rd/nsp-n50-d28-r0.10-rp2-fp2-s8,23 66 3220 5684 92 9468 -27,0.45161290322580644 0.009174311926605505 0.05356740940805762 0.6702097098534904 0.009244992295839754 0.9680752906440303 0.5024154589371981,453747.325889996,0.005714285714285714,8164,23 66 3290 5971 91 9616 -18,0.45161290322580644 0.009174311926605505 0.06932252982219221 0.7114334961218041 0.007704160246533128 0.9953866026942241 0.5458937198067633,453946.2633885821,0.005714285714285714,7918,23 66 3317 6186 90 9641 -30,0.45161290322580644 0.009174311926605505 0.07539950483907269 0.7423154266015513 0.0061633281972265025 1.0 0.48792270531400966,454037.74914898427,0.005714285714285714,7852.0,21 73 3237 6153 88 8653 -56,0.3870967741935484 0.02522935779816514 0.05739365293720459 0.737575409365125 0.0030816640986132513 0.8176785384757336 0.36231884057971014,390940.06918273726,0.005714285714285714,2284,11 498 3629 1557 253 5512 56,0.06451612903225806 1.0 0.14562232725635832 0.07742028152829647 0.2573189522342065 0.23805130097804023 0.9033816425120773,166078.78837622565,0.06857142857142857,1385,10 425 3114 1018 219 5572 30,0.03225806451612903 0.8325688073394495 0.029709655638082377 0.0 0.2049306625577812 0.24912345451190257 0.7777777777777778,115835.80388503349,0.22,1521,21 74 3241 6155 88 8653 -58,0.3870967741935484 0.027522935779816515 0.058293945532298 0.7378626831370296 0.0030816640986132513 0.8176785384757336 0.3526570048309179,391178.70751878945,0.005714285714285714,2280,11 498 3629 1557 253 5512 56,0.06451612903225806 1.0 0.14562232725635832 0.07742028152829647 0.2573189522342065 0.23805130097804023 0.9033816425120773,166078.78837622565,0.06857142857142857,1385,9 444 3358 1090 248 5232 76,0.0 0.8761467889908257 0.0846275039387801 0.010341855788566504 0.24961479198767333 0.18638125115334933 1.0,88499.12108596922,0.26571428571428574,1588,25 62 3430 7980 86 9023 -131,0.5161290322580645 0.0 0.1008327706504614 1.0 0.0 0.8859568186012179 0.0,518146.2195327551,0.005714285714285714,2020,11 498 3629 1557 253 5512 56,0.06451612903225806 1.0 0.14562232725635832 0.07742028152829647 0.2573189522342065 0.23805130097804023 0.9033816425120773,166078.78837622565,0.06857142857142857,1385,9 444 3358 1090 248 5231 76,0.0 0.8761467889908257 0.0846275039387801 0.010341855788566504 0.24961479198767333 0.18619671526111828 1.0,88499.11924061031,0.26571428571428574,1589,40 441 7237 3116 685 6961 23,1.0 0.8692660550458715 0.95768624803061 0.3013501867279517 0.9229583975346687 0.5054438088208156 0.7439613526570048,1096902.9124108155,0.005714285714285714,1479,17 413 3092 1770 227 4236 59,0.25806451612903225 0.805045871559633 0.024758046365068648 0.10801493823613904 0.2172573189522342 0.002583502491234545 0.9178743961352657,338947.36812819866,0.7857142857142857,5130,24 333 2982 1080 172 4333 56,0.4838709677419355 0.6215596330275229 0.0 0.008905486929043378 0.1325115562403698 0.02048348403764532 0.9033816425120773,546050.1959037238,0.8,5137,40 448 7425 3148 735 7200 24,1.0 0.8853211009174312 1.0 0.3059465670784257 1.0 0.5495478870640339 0.748792270531401,1098944.3009299627,0.005714285714285714,1365,16 424 3093 1774 230 4222 62,0.22580645161290322 0.8302752293577982 0.024983119513842 0.10858948577994829 0.2218798151001541 0.0 0.9323671497584541,309215.51557826117,0.7857142857142857,5161,24 333 2982 1080 172 4333 56,0.4838709677419355 0.6215596330275229 0.0 0.008905486929043378 0.1325115562403698 0.02048348403764532 0.9033816425120773,546050.1959037238,0.8,5137,24 63 3370 6968 93 9015 -64,0.4838709677419355 0.0022935779816513763 0.08732838172406032 0.8546394714162597 0.01078582434514638 0.8844805314633696 0.32367149758454106,485838.49588800425,0.005714285714285714,8322
resolved-p7d-c21d-3600-all/resolved-p7d-c21d-3600-3rd/nsp-n30-d28-r0.10-rp2-fp2-s5,2 7 463 751 14 2283 39,0.25 0.017676767676767676 0.39447731755424065 0.14829226113272806 0.012987012987012988 0.7860696517412935 0.44594594594594594,255870.34754811396,0.009523809523809525,10931,2 4 454 456 18 1961 26,0.25 0.010101010101010102 0.3767258382642998 0.020752269779507133 0.06493506493506493 0.5190713101160862 0.2702702702702703,254810.06615238846,0.009523809523809525,11990,2 6 453 408 17 2232 8,0.25 0.015151515151515152 0.3747534516765286 0.0 0.05194805194805195 0.7437810945273632 0.02702702702702703,255275.3456750839,0.009523809523809525,11496.0,2 1 331 631 22 1685 47,0.25 0.0025252525252525255 0.1341222879684418 0.09641158668396023 0.11688311688311688 0.2902155887230514 0.5540540540540541,251705.30424052323,0.009523809523809525,4840,1 376 752 946 90 1857 61,0.125 0.9494949494949495 0.9644970414201184 0.2325983571119758 1.0 0.43283582089552236 0.7432432432432432,229932.13532226032,0.5190476190476191,2589,0 304 622 709 58 1335 53,0.0 0.7676767676767676 0.7080867850098619 0.13013402507565933 0.5844155844155844 0.0 0.6351351351351351,84037.75533642774,0.12857142857142856,1809,2 1 357 717 20 1738 68,0.25 0.0025252525252525255 0.1854043392504931 0.13359273670557717 0.09090909090909091 0.3341625207296849 0.8378378378378378,252253.43175387182,0.009523809523809525,4458,1 396 770 891 75 1876 70,0.125 1.0 1.0 0.20881971465629054 0.8051948051948052 0.44859038142620233 0.8648648648648649,235294.6899638549,0.5285714285714286,997,0 304 667 718 51 1640 80,0.0 0.7676767676767676 0.796844181459566 0.1340250756593169 0.4935064935064935 0.25290215588723053 1.0,84923.02332884126,0.2,1726,2 1 384 717 19 1822 62,0.25 0.0025252525252525255 0.23865877712031558 0.13359273670557717 0.07792207792207792 0.40381426202321724 0.7567567567567568,252785.2928676032,0.009523809523809525,4073,1 376 752 946 90 1857 61,0.125 0.9494949494949495 0.9644970414201184 0.2325983571119758 1.0 0.43283582089552236 0.7432432432432432,229932.13532226032,0.5190476190476191,2589,0 304 622 709 58 1335 53,0.0 0.7676767676767676 0.7080867850098619 0.13013402507565933 0.5844155844155844 0.0 0.6351351351351351,84037.75533642774,0.12857142857142856,1809,2 1 263 460 16 1370 60,0.25 0.0025252525252525255 0.0 0.02248162559446606 0.03896103896103896 0.02902155887230514 0.7297297297297297,250279.92292733426,0.009523809523809525,6827,0 0 533 2721 13 2223 6,0.0 0.0 0.5325443786982249 1.0 0.0 0.736318407960199 0.0,6332.806971061851,0.6523809523809524,5473,0 0 571 1820 14 2429 42,0.0 0.0 0.6074950690335306 0.6104626026805016 0.012987012987012988 0.9071310116086235 0.4864864864864865,6696.269790917081,0.5857142857142857,6380,2 1 281 506 16 1448 53,0.25 0.0025252525252525255 0.03550295857988166 0.04236921746649373 0.03896103896103896 0.09369817578772803 0.6351351351351351,250655.3922765797,0.009523809523809525,6478,0 0 533 2717 13 2222 8,0.0 0.0 0.5325443786982249 0.9982706441850411 0.0 0.7354892205638475 0.02702702702702703,6331.096350399956,0.6666666666666666,5558,0 0 629 1974 18 2541 69,0.0 0.0 0.7218934911242604 0.6770428015564203 0.06493506493506493 1.0 0.8513513513513513,7913.322570643882,0.5476190476190477,5515,8 4 560 2283 16 2227 27,1.0 0.010101010101010102 0.5857988165680473 0.8106355382619974 0.03896103896103896 0.7396351575456053 0.28378378378378377,1007690.3009532988,0.009523809523809525,12768
resolved-p7d-c21d-3600-all/resolved-p7d-c21d-3600-3rd/nsp-n40-d28-r0.10-rp2-fp2-s1,7 12 1150 3748 16 4072 -90,0.7777777777777778 0.021806853582554516 0.2751131221719457 0.3596641047537717 0.18518518518518517 0.4659248956884562 0.13846153846153847,783092.5746915203,0.014285714285714285,9243,7 12 1150 3750 17 4072 -91,0.7777777777777778 0.021806853582554516 0.2751131221719457 0.3599487617421008 0.2037037037037037 0.4659248956884562 0.13333333333333333,783094.7060721554,0.014285714285714285,9232,6 12 1122 3698 14 4049 -98,0.6666666666666666 0.021806853582554516 0.2497737556561086 0.3525476800455451 0.14814814814814814 0.45792767732962447 0.09743589743589744,671717.1287890143,0.014285714285714285,10046.0,3 5 944 1450 19 3440 -110,0.3333333333333333 0.0 0.08868778280542987 0.03259322516367777 0.24074074074074073 0.24617524339360222 0.035897435897435895,334279.3761104952,0.014285714285714285,8895,7 249 846 1314 60 2732 27,0.7777777777777778 0.7601246105919003 0.0 0.013236549957301452 1.0 0.0 0.7384615384615385,853904.2138484635,0.07857142857142857,3263,8 200 1241 2261 21 3862 49,0.8888888888888888 0.6074766355140186 0.3574660633484163 0.148021633931113 0.2777777777777778 0.39290681502086233 0.8512820512820513,953391.7928356853,0.28214285714285714,3009,3 5 933 1434 10 3425 -117,0.3333333333333333 0.0 0.07873303167420814 0.03031596925704526 0.07407407407407407 0.2409596662030598 0.0,334160.79662340187,0.014285714285714285,9073,8 193 854 1499 46 2877 13,0.8888888888888888 0.5856697819314641 0.007239819004524887 0.03956732137773982 0.7407407407407407 0.050417246175243395 0.6666666666666666,947643.0775066607,0.07857142857142857,3244,6 326 946 1508 21 3009 20,0.6666666666666666 1.0 0.09049773755656108 0.04084827782522061 0.2777777777777778 0.0963143254520167 0.7025641025641025,767641.9358051923,0.2,3118,3 5 956 1449 18 3441 -114,0.3333333333333333 0.0 0.09954751131221719 0.032450896669513236 0.2222222222222222 0.24652294853963838 0.015384615384615385,334385.962179448,0.014285714285714285,8864,7 249 846 1314 60 2732 27,0.7777777777777778 0.7601246105919003 0.0 0.013236549957301452 1.0 0.0 0.7384615384615385,853904.2138484635,0.07857142857142857,3263,6 326 947 1507 21 3009 20,0.6666666666666666 1.0 0.09140271493212669 0.04070594933105608 0.2777777777777778 0.0963143254520167 0.7025641025641025,767650.8432504538,0.2,3117,3 23 1751 4722 23 5184 44,0.3333333333333333 0.056074766355140186 0.8190045248868778 0.49829205807002563 0.3148148148148148 0.8525730180806675 0.8256410256410256,347669.98012847407,0.5428571428571428,7125,8 10 1902 8113 7 5566 -20,0.8888888888888888 0.01557632398753894 0.9556561085972851 0.9809279817819527 0.018518518518518517 0.9853963838664812 0.49743589743589745,900996.2136069855,0.6928571428571428,8085,0 31 1365 4099 26 4854 78,0.0 0.08099688473520249 0.46968325791855203 0.40962140620552234 0.37037037037037035 0.7378303198887344 1.0,13251.557799147216,0.6107142857142858,7096,3 19 1691 4277 23 5047 39,0.3333333333333333 0.04361370716510903 0.7647058823529411 0.434955878166809 0.3148148148148148 0.8049374130737135 0.8,345817.04960715264,0.5428571428571428,7413,9 6 1951 8247 6 5608 -35,1.0 0.003115264797507788 1.0 1.0 0.0 1.0 0.4205128205128205,1011321.9469925713,0.6928571428571428,7882,3 29 1481 7244 14 5434 -8,0.3333333333333333 0.07476635514018691 0.5746606334841629 0.8572445203529747 0.14814814814814814 0.9394993045897079 0.558974358974359,347438.5884847663,0.6107142857142858,5032,3 11 1452 1221 46 4097 -47,0.3333333333333333 0.018691588785046728 0.5484162895927602 0.0 0.7407407407407407 0.4746175243393602 0.358974358974359,340765.834331442,0.014285714285714285,9647
resolved-p7d-c21d-3600-all/resolved-p7d-c21d-3600-3rd/nsp-n30-d28-r0.10-rp2-fp2-s4,3 6 476 1349 14 1746 -7,0.75 0.010256410256410256 0.01038961038961039 0.15367067606802157 0.30434782608695654 0.2 0.4418604651162791,751316.084448679,0.023809523809523808,10838,3 5 472 1345 15 1704 3,0.75 0.005128205128205128 0.0 0.15284114475321445 0.32608695652173914 0.17218543046357615 0.5,750700.4922075305,0.023809523809523808,11336,3 6 502 1368 14 1740 8,0.75 0.010256410256410256 0.07792207792207792 0.15761094981335547 0.30434782608695654 0.19602649006622516 0.5290697674418605,751995.396871952,0.023809523809523808,10184.0,3 4 497 877 0 1688 -83,0.75 0.0 0.06493506493506493 0.05578598092077976 0.0 0.16158940397350993 0.0,750706.7525243112,0.023809523809523808,11574,1 162 493 720 46 1476 23,0.25 0.8102564102564103 0.05454545454545454 0.023226876814599753 1.0 0.02119205298013245 0.6162790697674418,331695.1506475097,0.47619047619047616,2863,0 199 501 608 37 1461 45,0.0 1.0 0.07532467532467532 0.0 0.8043478260869565 0.011258278145695364 0.7441860465116279,100834.53830468342,0.41904761904761906,2706,3 4 491 804 0 1668 -75,0.75 0.0 0.04935064935064935 0.040647034425549566 0.0 0.14834437086092717 0.046511627906976744,750535.6834832686,0.023809523809523808,11709,1 162 493 720 46 1476 23,0.25 0.8102564102564103 0.05454545454545454 0.023226876814599753 1.0 0.02119205298013245 0.6162790697674418,331695.1506475097,0.47619047619047616,2863,0 199 517 624 38 1465 30,0.0 1.0 0.11688311688311688 0.0033181252592285357 0.8260869565217391 0.01390728476821192 0.6569767441860465,101255.55403933444,0.41904761904761906,2538,3 4 541 1299 0 1727 -65,0.75 0.0 0.17922077922077922 0.14330153463293238 0.0 0.18741721854304635 0.10465116279069768,751937.4881501889,0.023809523809523808,10519,1 162 493 720 46 1477 23,0.25 0.8102564102564103 0.05454545454545454 0.023226876814599753 1.0 0.02185430463576159 0.6162790697674418,331695.1572700263,0.47619047619047616,2862,0 199 495 644 38 1444 49,0.0 1.0 0.05974025974025974 0.007465781833264205 0.8260869565217391 0.0 0.7674418604651163,100688.2445167485,0.41904761904761906,2765,2 22 855 2336 11 2712 89,0.5 0.09230769230769231 0.9948051948051948 0.35835752799668186 0.2391304347826087 0.8397350993377484 1.0,519570.4891012895,0.5285714285714286,10341,4 4 841 5430 5 2954 57,1.0 0.0 0.9584415584415584 1.0 0.10869565217391304 1.0 0.813953488372093,1010606.0991031213,0.6857142857142857,9207,2 15 770 2019 23 2494 81,0.5 0.05641025641025641 0.7740259740259741 0.2926171712982165 0.5 0.695364238410596 0.9534883720930233,513731.8096833398,0.6,9148,2 22 857 2336 11 2724 84,0.5 0.09230769230769231 1.0 0.35835752799668186 0.2391304347826087 0.847682119205298 0.9709302325581395,519622.4875536688,0.5285714285714286,10290,4 4 841 5430 5 2949 57,1.0 0.0 0.9584415584415584 1.0 0.10869565217391304 0.9966887417218543 0.813953488372093,1010606.0659905386,0.6857142857142857,9222,2 15 805 2268 23 2459 55,0.5 0.05641025641025641 0.8649350649350649 0.3442554956449606 0.5 0.6721854304635762 0.8023255813953488,514692.15596590727,0.5857142857142857,8717,3 13 567 614 16 1901 -32,0.75 0.046153846153846156 0.24675324675324675 0.001244296972210701 0.34782608695652173 0.30264900662251654 0.29651162790697677,757122.2669902791,0.023809523809523808,12580
resolved-p7d-c21d-3600-all/resolved-p7d-c21d-3600-3rd/nsp-n10-d28-r0.10-rp0-fp0-s5,5 37 57 645 2 391 -18,1.0 1.0 0.9821428571428571 1.0 0.6666666666666666 1.0 0.71875,1110898.8139880951,0.014285714285714285,23973,5 36 57 568 1 382 -17,1.0 0.972972972972973 0.9821428571428571 0.8806201550387597 0.3333333333333333 0.967741935483871 0.75,1108043.1067764529,0.014285714285714285,33056,5 36 58 590 1 363 -23,1.0 0.972972972972973 1.0 0.9147286821705426 0.3333333333333333 0.899641577060932 0.5625,1108254.9182285718,0.014285714285714285,29526.0,2 0 2 0 0 112 -23,0.4 0.0 0.0 0.0 0.0 0.0 0.5625,400000.5625,0.014285714285714285,5075,0 0 5 38 3 213 -9,0.0 0.0 0.05357142857142857 0.05891472868217054 1.0 0.36200716845878134 1.0,699.249086081044,0.4142857142857143,19373,0 0 2 0 0 135 -35,0.0 0.0 0.0 0.0 0.0 0.08243727598566308 0.1875,1.0118727598566308,0.08571428571428572,16720,2 0 2 0 0 112 -22,0.4 0.0 0.0 0.0 0.0 0.0 0.59375,400000.59375,0.014285714285714285,5074,0 0 2 0 0 127 -17,0.0 0.0 0.0 0.0 0.0 0.053763440860215055 0.75,1.2876344086021505,0.37142857142857144,11361,0 0 2 0 0 124 -41,0.0 0.0 0.0 0.0 0.0 0.043010752688172046 0.0,0.4301075268817205,0.08571428571428572,12830,2 0 2 0 0 112 -23,0.4 0.0 0.0 0.0 0.0 0.0 0.5625,400000.5625,0.014285714285714285,5075,0 0 2 0 0 136 -20,0.0 0.0 0.0 0.0 0.0 0.08602150537634409 0.65625,1.516465053763441,0.32857142857142857,19434,0 0 2 0 0 127 -37,0.0 0.0 0.0 0.0 0.0 0.053763440860215055 0.125,0.6626344086021505,0.08571428571428572,13579,2 0 2 0 0 114 -33,0.4 0.0 0.0 0.0 0.0 0.007168458781362007 0.25,400000.3216845878,0.014285714285714285,3954,0 0 2 0 0 129 -16,0.0 0.0 0.0 0.0 0.0 0.06093189964157706 0.78125,1.3905689964157706,0.45714285714285713,6488,0 0 2 0 0 122 -25,0.0 0.0 0.0 0.0 0.0 0.035842293906810034 0.5,0.8584229390681004,0.08571428571428572,5756,2 0 2 0 0 114 -33,0.4 0.0 0.0 0.0 0.0 0.007168458781362007 0.25,400000.3216845878,0.014285714285714285,3954,0 0 2 0 0 129 -16,0.0 0.0 0.0 0.0 0.0 0.06093189964157706 0.78125,1.3905689964157706,0.4714285714285714,6487,0 0 2 0 0 122 -25,0.0 0.0 0.0 0.0 0.0 0.035842293906810034 0.5,0.8584229390681004,0.08571428571428572,5756,2 0 2 0 0 112 -24,0.4 0.0 0.0 0.0 0.0 0.0 0.53125,400000.53125,0.014285714285714285,26798
resolved-p7d-c21d-3600-all/resolved-p7d-c21d-3600-3rd/nsp-n10-d28-r0.10-rp0-fp0-s0,0 2 2 3 0 174 -21,0.0 0.05263157894736842 0.034482758620689655 0.018867924528301886 0.0 0.14113597246127366 0.23529411764705882,5628.5000593142995,0.014285714285714285,21813,0 2 0 0 0 111 -23,0.0 0.05263157894736842 0.0 0.0 0.0 0.03270223752151463 0.17647058823529413,5263.661387700292,0.014285714285714285,22277,0 2 0 0 0 114 -22,0.0 0.05263157894736842 0.0 0.0 0.0 0.0378657487091222 0.20588235294117646,5263.742434576874,0.014285714285714285,22257.0,0 2 0 0 0 98 -23,0.0 0.05263157894736842 0.0 0.0 0.0 0.010327022375215147 0.17647058823529413,5263.437635548829,0.014285714285714285,9978,0 2 58 141 59 670 -15,0.0 0.05263157894736842 1.0 0.8867924528301887 0.9365079365079365 0.9948364888123924 0.4117647058823529,16253.961270811831,0.6714285714285714,23835,0 1 0 0 0 92 -29,0.0 0.0 0.0 0.0 0.0 0.0 0.0,0.0,0.02857142857142857,18094,0 2 0 0 0 93 -16,0.0 0.05263157894736842 0.0 0.0 0.0 0.0017211703958691911 0.38235294117647056,5263.5574593819765,0.014285714285714285,7765,0 1 36 105 34 549 -10,0.0 0.0 0.6206896551724138 0.660377358490566 0.5396825396825397 0.7865748709122203 0.5588235294117647,6929.666736421492,0.6285714285714286,24605,0 1 0 0 0 92 -29,0.0 0.0 0.0 0.0 0.0 0.0 0.0,0.0,0.02857142857142857,18094,0 2 0 0 0 93 -27,0.0 0.05263157894736842 0.0 0.0 0.0 0.0017211703958691911 0.058823529411764705,5263.233929970212,0.014285714285714285,7812,0 1 47 128 49 673 -12,0.0 0.0 0.8103448275862069 0.8050314465408805 0.7777777777777778 1.0 0.5,8996.757500180727,0.6428571428571429,24003,0 1 0 0 0 109 -27,0.0 0.0 0.0 0.0 0.0 0.029259896729776247 0.058823529411764705,0.3514224967095272,0.02857142857142857,18032,0 2 0 0 0 92 -29,0.0 0.05263157894736842 0.0 0.0 0.0 0.0 0.0,5263.157894736842,0.014285714285714285,10811,0 4 52 159 47 629 5,0.0 0.15789473684210525 0.896551724137931 1.0 0.746031746031746 0.9242685025817556 1.0,25839.836785218828,0.8,31935,0 1 31 61 63 501 4,0.0 0.0 0.5344827586206896 0.3836477987421384 1.0 0.7039586919104991 0.9705882352941176,5836.485560103433,0.5857142857142857,22229,0 2 0 0 0 92 -29,0.0 0.05263157894736842 0.0 0.0 0.0 0.0 0.0,5263.157894736842,0.014285714285714285,10811,1 20 44 83 22 493 -3,1.0 1.0 0.7586206896551724 0.5220125786163522 0.3492063492063492 0.6901893287435457 0.7647058823529411,1108150.8067092586,0.7428571428571429,25987,0 1 58 90 38 609 3,0.0 0.0 1.0 0.5660377358490566 0.6031746031746031 0.8898450946643718 0.9411764705882353,10636.194823583748,0.6,20154,0 2 0 0 0 115 -26,0.0 0.05263157894736842 0.0 0.0 0.0 0.039586919104991396 0.08823529411764706,5263.641999222009,0.014285714285714285,22206
resolved-p7d-c21d-3600-all/resolved-p7d-c21d-3600-3rd/nsp-n30-d28-r0.10-rp2-fp2-s9,12 202 385 319 76 1060 35,0.6428571428571429 0.0 0.31422505307855625 0.08556547619047619 0.7012987012987013 0.5174603174603175 0.41935483870967744,646160.6826922622,0.014285714285714285,11476,12 203 389 313 77 1047 29,0.6428571428571429 0.0028735632183908046 0.3184713375796178 0.08110119047619048 0.7142857142857143 0.5037037037037037 0.3225806451612903,646487.1019343652,0.014285714285714285,11302,12 210 401 321 66 1038 32,0.6428571428571429 0.022988505747126436 0.33121019108280253 0.08705357142857142 0.5714285714285714 0.49417989417989416 0.3709677419354839,648617.6045379388,0.014285714285714285,10251.0,7 219 435 332 73 847 11,0.2857142857142857 0.04885057471264368 0.3673036093418259 0.09523809523809523 0.6623376623376623 0.2920634920634921 0.03225806451612903,294436.80403342535,0.014285714285714285,6265,7 448 697 684 78 1179 17,0.2857142857142857 0.7068965517241379 0.6454352441613588 0.35714285714285715 0.7272727272727273 0.6433862433862434 0.12903225806451613,363294.7263528751,0.21428571428571427,6926,7 463 503 736 57 1017 26,0.2857142857142857 0.75 0.4394904458598726 0.3958333333333333 0.45454545454545453 0.47195767195767196 0.27419354838709675,365555.4718219403,0.21904761904761905,4021,7 221 326 262 75 689 9,0.2857142857142857 0.05459770114942529 0.2515923566878981 0.043154761904761904 0.6883116883116883 0.12486772486772486 0.0,293803.2140040918,0.014285714285714285,5717,8 550 768 1548 98 1134 23,0.35714285714285715 1.0 0.7208067940552016 1.0 0.987012987012987 0.5957671957671957 0.22580645161290322,465455.8098605198,0.40476190476190477,1500,12 474 421 523 70 1072 18,0.6428571428571429 0.7816091954022989 0.3524416135881104 0.23735119047619047 0.6233766233766234 0.5301587301587302 0.14516129032258066,724847.6141346598,0.28095238095238095,5434,9 256 242 315 58 684 24,0.42857142857142855 0.15517241379310345 0.1624203821656051 0.08258928571428571 0.4675324675324675 0.11957671957671957 0.24193548387096775,445843.65400754206,0.014285714285714285,4952,11 503 673 1014 68 1110 17,0.5714285714285714 0.8649425287356322 0.6199575371549894 0.6026785714285714 0.5974025974025974 0.5703703703703704 0.12903225806451613,664790.6512408151,0.30952380952380953,1663,3 515 1031 1152 99 1516 40,0.0 0.8994252873563219 1.0 0.7053571428571429 1.0 1.0 0.5,100758.38587848934,0.5952380952380952,3737,16 303 278 462 77 673 31,0.9285714285714286 0.29022988505747127 0.20063694267515925 0.19196428571428573 0.7142857142857143 0.10793650793650794 0.3548387096774194,959865.6135648593,0.014285714285714285,5338,17 320 89 320 38 798 71,1.0 0.3390804597701149 0.0 0.08630952380952381 0.2077922077922078 0.2402116402116402 1.0,1034018.5368380024,0.7476190476190476,11990,14 336 340 393 62 979 56,0.7857142857142857 0.3850574712643678 0.2664543524416136 0.140625 0.5194805194805194 0.43174603174603177 0.7580645161290323,827082.2249419203,0.7619047619047619,10564,16 306 254 448 73 685 27,0.9285714285714286 0.2988505747126437 0.1751592356687898 0.18154761904761904 0.6623376623376623 0.12063492063492064 0.2903225806451613,960457.3564564493,0.014285714285714285,5247,17 321 92 320 39 792 66,1.0 0.34195402298850575 0.0031847133757961785 0.08630952380952381 0.22077922077922077 0.23386243386243386 0.9193548387096774,1034338.8948576733,0.7285714285714285,11830,14 336 327 390 62 964 53,0.7857142857142857 0.3850574712643678 0.2526539278131635 0.13839285714285715 0.5194805194805194 0.4158730158730159 0.7096774193548387,826941.7814355231,0.7619047619047619,10715,9 209 112 204 22 571 36,0.42857142857142855 0.020114942528735632 0.024416135881104035 0.0 0.0 0.0 0.43548387096774194,430827.5196669841,0.014285714285714285,13012
resolved-p7d-c21d-3600-all/resolved-p7d-c21d-3600-3rd/nsp-n20-d28-r0.10-rp2-fp2-s2,2 2 250 1068 1 1102 -10,1.0 0.027777777777777776 0.5437262357414449 0.9857868020304569 0.0 0.9198036006546645 0.30952380952380953,1009210.3344970387,0.0,18655,2 2 234 1082 5 1151 -13,1.0 0.027777777777777776 0.4828897338403042 1.0 0.14285714285714285 1.0 0.27380952380952384,1008631.2346399904,0.0,19515,2 2 232 993 3 1043 -3,1.0 0.027777777777777776 0.4752851711026616 0.9096446700507614 0.07142857142857142 0.823240589198036 0.39285714285714285,1008456.0422790329,0.0,20167.0,2 1 114 581 5 540 -16,1.0 0.013888888888888888 0.026615969581749048 0.49137055837563454 0.14285714285714285 0.0 0.23809523809523808,1002160.9429526058,0.0,10244,1 71 266 396 28 910 40,0.5 0.9861111111111112 0.6045627376425855 0.3035532994923858 0.9642857142857143 0.6055646481178396 0.9047619047619048,605063.6807668438,0.5071428571428571,14889,1 44 276 529 23 999 30,0.5 0.6111111111111112 0.6425855513307985 0.4385786802030457 0.7857142857142857 0.7512274959083469 0.7857142857142857,568062.4147224383,0.37142857142857144,14916,2 2 139 639 1 655 -3,1.0 0.027777777777777776 0.12167300380228137 0.550253807106599 0.0 0.18821603927986907 0.39285714285714285,1004547.0366404428,0.0,9315,1 71 264 396 29 913 48,0.5 0.9861111111111112 0.596958174904943 0.3035532994923858 1.0 0.6104746317512275 1.0,604991.3509059704,0.5071428571428571,15445,1 46 278 1005 21 1097 33,0.5 0.6388888888888888 0.6501901140684411 0.9218274111675127 0.7142857142857143 0.911620294599018 0.8214285714285714,571393.9836436867,0.5071428571428571,11387,2 1 111 573 1 545 -6,1.0 0.013888888888888888 0.015209125475285171 0.483248730964467 0.0 0.008183306055646482 0.35714285714285715,1002024.667850524,0.0,10501,1 72 265 400 28 926 43,0.5 1.0 0.6007604562737643 0.30761421319796955 0.9642857142857143 0.6317512274959084 0.9404761904761905,606418.9053358296,0.4857142857142857,14070,1 44 278 531 25 1007 38,0.5 0.6111111111111112 0.6501901140684411 0.44060913705583754 0.8571428571428571 0.7643207855973814 0.8809523809523809,568147.8598348026,0.37142857142857144,13389,2 13 361 290 15 1039 9,1.0 0.18055555555555555 0.9657794676806084 0.19593908629441625 0.5 0.8166939443535188 0.5357142857142857,1027967.9919723853,0.0,10349,0 0 109 471 5 701 0,0.0 0.0 0.0076045627376425855 0.37969543147208124 0.14285714285714285 0.2635024549918167 0.42857142857142855,473.09036911271096,0.6,8934,0 0 110 493 11 711 32,0.0 0.0 0.011406844106463879 0.4020304568527919 0.35714285714285715 0.27986906710310966 0.8095238095238095,555.4213981122713,0.5285714285714286,8207,2 13 370 288 9 1039 11,1.0 0.18055555555555555 1.0 0.19390862944162437 0.2857142857142857 0.8166939443535188 0.5595238095238095,1028286.7620768216,0.0,10125,0 0 107 469 5 704 1,0.0 0.0 0.0 0.37766497461928933 0.14285714285714285 0.2684124386252046 0.44047619047619047,395.0752894817319,0.6,9123,0 0 108 499 10 710 43,0.0 0.0 0.0038022813688212928 0.40812182741116754 0.32142857142857145 0.27823240589198034 0.9404761904761905,482.0102984916336,0.5285714285714286,8263,2 0 136 97 1 630 -36,1.0 0.0 0.11026615969581749 0.0 0.0 0.14729950900163666 0.0,1001104.1345920482,0.0,18875
resolved-p7d-c21d-3600-all/resolved-p7d-c21d-3600-3rd/nsp-n10-d28-r0.10-rp0-fp0-s4,0 1 0 0 0 94 -42,0.0 0.0 0.0 0.0 0.0 0.0 0.0,0.0,0.3,9891,0 2 0 0 0 95 -28,0.0 0.1111111111111111 0.0 0.0 0.0 0.0018115942028985507 0.42424242424242425,11111.553469477383,0.2571428571428571,9834,0 2 0 0 0 98 -33,0.0 0.1111111111111111 0.0 0.0 0.0 0.007246376811594203 0.2727272727272727,11111.456302151955,0.18571428571428572,9828.0,0 2 1 0 0 105 -27,0.0 0.1111111111111111 0.016129032258064516 0.0 0.0 0.019927536231884056 0.45454545454545453,11273.055254508621,0.014285714285714285,3999,0 1 0 0 0 111 -37,0.0 0.0 0.0 0.0 0.0 0.030797101449275364 0.15151515151515152,0.45948616600790515,0.35714285714285715,8726,0 1 0 0 0 111 -29,0.0 0.0 0.0 0.0 0.0 0.030797101449275364 0.3939393939393939,0.7019104084321476,0.08571428571428572,6007,0 2 1 0 0 105 -27,0.0 0.1111111111111111 0.016129032258064516 0.0 0.0 0.019927536231884056 0.45454545454545453,11273.055254508621,0.014285714285714285,3999,0 1 0 0 0 111 -37,0.0 0.0 0.0 0.0 0.0 0.030797101449275364 0.15151515151515152,0.45948616600790515,0.35714285714285715,8726,0 1 0 0 0 111 -29,0.0 0.0 0.0 0.0 0.0 0.030797101449275364 0.3939393939393939,0.7019104084321476,0.08571428571428572,6007,0 2 1 0 0 113 -33,0.0 0.1111111111111111 0.016129032258064516 0.0 0.0 0.034420289855072464 0.2727272727272727,11273.018363863035,0.014285714285714285,3972,0 1 0 0 0 111 -37,0.0 0.0 0.0 0.0 0.0 0.030797101449275364 0.15151515151515152,0.45948616600790515,0.35714285714285715,8726,0 1 0 0 0 111 -29,0.0 0.0 0.0 0.0 0.0 0.030797101449275364 0.3939393939393939,0.7019104084321476,0.08571428571428572,6007,0 2 1 0 0 105 -33,0.0 0.1111111111111111 0.016129032258064516 0.0 0.0 0.019927536231884056 0.2727272727272727,11272.873436326803,0.014285714285714285,9386,1 5 62 126 43 638 -9,1.0 0.4444444444444444 1.0 1.0 0.9148936170212766 0.9855072463768116 1.0,1055546.7888786104,0.7857142857142857,33223,1 10 53 113 47 583 -11,1.0 1.0 0.8548387096774194 0.8968253968253969 1.0 0.8858695652173914 0.9393939393939394,1109555.0105831912,0.7142857142857143,32513,0 2 1 0 0 105 -33,0.0 0.1111111111111111 0.016129032258064516 0.0 0.0 0.019927536231884056 0.2727272727272727,11272.873436326803,0.014285714285714285,9386,1 7 62 120 44 646 -12,1.0 0.6666666666666666 1.0 0.9523809523809523 0.9361702127659575 1.0 0.9090909090909091,1077723.5737312334,0.7857142857142857,32955,1 10 53 114 47 591 -10,1.0 1.0 0.8548387096774194 0.9047619047619048 1.0 0.9003623188405797 0.9696969696969697,1109563.1223216942,0.6857142857142857,32470,0 2 1 0 0 104 -33,0.0 0.1111111111111111 0.016129032258064516 0.0 0.0 0.018115942028985508 0.2727272727272727,11272.855320384773,0.014285714285714285,5659
resolved-p7d-c21d-3600-all/resolved-p7d-c21d-3600-3rd/nsp-n20-d28-r0.10-rp2-fp2-s4,4 4 113 136 2 612 -6,0.8 0.03896103896103896 0.13448275862068965 0.047619047619047616 0.046511627906976744 0.08725490196078431 0.2524271844660194,805294.3266689247,0.014285714285714285,15640,4 4 106 61 3 562 -14,0.8 0.03896103896103896 0.1103448275862069 0.0 0.06976744186046512 0.03823529411764706 0.17475728155339806,805007.0860263747,0.014285714285714285,17592,4 3 98 65 4 523 -32,0.8 0.025974025974025976 0.08275862068965517 0.0025396825396825397 0.09302325581395349 0.0 0.0,803436.8308124202,0.014285714285714285,18263.0,5 2 156 553 5 728 9,1.0 0.012987012987012988 0.2827586206896552 0.31238095238095237 0.11627906976744186 0.20098039215686275 0.39805825242718446,1004452.7042271296,0.014285714285714285,19689,0 75 218 443 36 887 45,0.0 0.961038961038961 0.496551724137931 0.24253968253968253 0.8372093023255814 0.3568627450980392 0.7475728155339806,101399.99015831416,0.5928571428571429,13020,0 45 279 338 43 1059 47,0.0 0.5714285714285714 0.7068965517241379 0.17587301587301588 1.0 0.5254901960784314 0.7669902912621359,64493.717568223576,0.5857142857142857,14286,5 2 156 559 6 729 9,1.0 0.012987012987012988 0.2827586206896552 0.3161904761904762 0.13953488372093023 0.2019607843137255 0.39805825242718446,1004458.849136256,0.014285714285714285,19510,0 78 232 425 34 896 40,0.0 1.0 0.5448275862068965 0.2311111111111111 0.7906976744186046 0.3656862745098039 0.6990291262135923,105762.81263249325,0.5857142857142857,12423,0 45 278 338 40 1048 49,0.0 0.5714285714285714 0.7034482758620689 0.17587301587301588 0.9302325581395349 0.5147058823529411 0.7864077669902912,64452.16963975532,0.5857142857142857,14432,5 2 160 880 6 747 8,1.0 0.012987012987012988 0.296551724137931 0.52 0.13953488372093023 0.2196078431372549 0.3883495145631068,1004800.7564563986,0.014285714285714285,18168,0 75 219 434 36 877 43,0.0 0.961038961038961 0.5 0.23682539682539683 0.8372093023255814 0.34705882352941175 0.7281553398058253,101428.64117452916,0.5928571428571429,12970,0 52 287 364 40 1077 54,0.0 0.6623376623376623 0.7344827586206897 0.19238095238095237 0.9302325581395349 0.5431372549019607 0.8349514563106796,73870.26435217337,0.65,13516,0 6 355 1382 12 1543 55,0.0 0.06493506493506493 0.9689655172413794 0.8387301587301588 0.27906976744186046 1.0 0.8446601941747572,17060.643461588807,0.5,16885,0 1 74 92 15 625 27,0.0 0.0 0.0 0.019682539682539683 0.3488372093023256 0.1 0.5728155339805825,56.13907614675282,0.6928571428571428,16697,0 3 250 1551 1 1299 47,0.0 0.025974025974025976 0.6068965517241379 0.946031746031746 0.023255813953488372 0.7607843137254902 0.7669902912621359,9623.10027549959,0.4857142857142857,15606,0 6 364 1389 13 1453 39,0.0 0.06493506493506493 1.0 0.8431746031746031 0.3023255813953488 0.9117647058823529 0.6893203883495146,17376.720622267803,0.5,16421,0 1 85 116 11 669 34,0.0 0.0 0.03793103448275862 0.03492063492063492 0.2558139534883721 0.14313725490196078 0.6407766990291263,441.8845243451071,0.6928571428571428,14968,0 5 260 1636 0 1327 71,0.0 0.05194805194805195 0.6413793103448275 1.0 0.0 0.788235294117647 1.0,12617.480651194646,0.4857142857142857,14459,4 5 140 303 1 721 2,0.8 0.05194805194805195 0.22758620689655173 0.15365079365079365 0.023255813953488372 0.19411764705882353 0.3300970873786408,807628.9149123748,0.014285714285714285,20297
resolved-p7d-c21d-3600-all/resolved-p7d-c21d-3600-3rd/nsp-n50-d28-r0.10-rp2-fp2-s7,1 121 2584 11612 21 7974 -230,0.0 0.20168067226890757 0.8333333333333334 1.0 0.05714285714285714 0.9400899834241061 0.0,29516.51574577262,0.09428571428571429,4076,17 193 1875 3365 91 6263 80,0.5925925925925926 0.35294117647058826 0.19802867383512546 0.18354618354618354 0.7238095238095238 0.5349277764622307 0.8288770053475936,630129.1022686998,0.008571428571428572,6923,17 193 1902 3446 89 6314 74,0.5925925925925926 0.35294117647058826 0.2222222222222222 0.19156519156519156 0.7047619047619048 0.5470044991712053 0.8128342245989305,630377.2567231313,0.008571428571428572,6787.0,27 159 2672 8173 31 7901 -85,0.9629629629629629 0.2815126050420168 0.9121863799283154 0.6595386595386595 0.1523809523809524 0.9228036940563581 0.3877005347593583,1000920.4797586998,0.008571428571428572,2604,18 436 2040 2245 89 5049 89,0.6296296296296297 0.8634453781512605 0.34587813620071683 0.07266607266607267 0.7047619047619048 0.24745441629173573 0.8529411764705882,719579.4185552446,0.15142857142857144,901,17 501 1654 1511 90 4004 122,0.5925925925925926 1.0 0.0 0.0 0.7142857142857143 0.0 0.9411764705882353,692664.9623404917,0.19714285714285715,1188,28 158 2738 8913 29 7990 -126,1.0 0.27941176470588236 0.9713261648745519 0.7327987327987328 0.13333333333333333 0.9438787591759413 0.27807486631016043,1038410.2870479239,0.008571428571428572,2256,18 436 2039 2245 89 5049 89,0.6296296296296297 0.8634453781512605 0.3449820788530466 0.07266607266607267 0.7047619047619048 0.24745441629173573 0.8529411764705882,719570.4579817678,0.15142857142857144,902,17 501 1654 1511 90 4004 122,0.5925925925925926 1.0 0.0 0.0 0.7142857142857143 0.0 0.9411764705882353,692664.9623404917,0.19714285714285715,1188,27 159 2646 8010 34 7840 -80,0.9629629629629629 0.2815126050420168 0.8888888888888888 0.6434016434016434 0.18095238095238095 0.9083589865024864 0.40106951871657753,1000674.0938969341,0.008571428571428572,2850,18 436 2039 2245 89 5049 89,0.6296296296296297 0.8634453781512605 0.3449820788530466 0.07266607266607267 0.7047619047619048 0.24745441629173573 0.8529411764705882,719570.4579817678,0.15142857142857144,902,17 501 1654 1512 90 4004 122,0.5925925925925926 1.0 0.0 9.9000099000099e-05 0.7142857142857143 0.0 0.9411764705882353,692665.0613405907,0.19428571428571428,1187,10 83 2770 5656 53 7781 110,0.3333333333333333 0.12184873949579832 1.0 0.41035541035541034 0.3619047619047619 0.8943878759175942 0.9090909090909091,355974.6061391273,0.6771428571428572,6322,6 25 2488 6646 15 8227 87,0.18518518518518517 0.0 0.7473118279569892 0.5083655083655083 0.0 1.0 0.8475935828877005,193177.51656670345,0.7457142857142857,4835,1 43 2261 4637 120 7425 144,0.0 0.037815126050420166 0.5439068100358423 0.3094743094743095 1.0 0.8100876154392612 1.0,9639.155891029142,0.7285714285714285,5217,10 82 2733 5570 56 7706 114,0.3333333333333333 0.11974789915966387 0.9668458781362007 0.4018414018414018 0.3904761904761905 0.8766279895808666 0.9197860962566845,355427.1571175428,0.6771428571428572,6389,6 25 2382 5741 15 8028 96,0.18518518518518517 0.0 0.6523297491039427 0.41877041877041876 0.0 0.9528771015865498 0.8716577540106952,192137.6535237649,0.7285714285714285,5212,1 41 2236 4367 120 7375 134,0.0 0.03361344537815126 0.521505376344086 0.28274428274428276 1.0 0.7982476912147762 0.9732620320855615,8968.098322944503,0.7285714285714285,5345,13 172 2113 3826 53 6883 52,0.4444444444444444 0.3088235294117647 0.4112903225806452 0.22918522918522918 0.3619047619047619 0.6817428368458441 0.7540106951871658,479712.6477558667,0.008571428571428572,7052
resolved-p7d-c21d-3600-all/resolved-p7d-c21d-3600-3rd/nsp-n10-d28-r0.10-rp0-fp0-s7,0 0 0 0 0 74 -29,0.0 0.0 0.0 0.0 0.0 0.0 0.0,0.0,0.45714285714285713,128,0 0 0 0 0 76 -26,0.0 0.0 0.0 0.0 0.0 0.09090909090909091 0.1875,1.0965909090909092,0.4857142857142857,90,0 0 0 0 0 80 -23,0.0 0.0 0.0 0.0 0.0 0.2727272727272727 0.375,3.102272727272727,0.38571428571428573,64.0,0 0 0 0 0 86 -13,0.0 0.0 0.0 0.0 0.0 0.5454545454545454 1.0,6.454545454545454,0.2714285714285714,135,0 0 0 0 0 94 -22,0.0 0.0 0.0 0.0 0.0 0.9090909090909091 0.4375,9.52840909090909,0.4714285714285714,127,0 0 0 0 0 87 -19,0.0 0.0 0.0 0.0 0.0 0.5909090909090909 0.625,6.534090909090909,0.2714285714285714,70,0 0 0 0 0 89 -13,0.0 0.0 0.0 0.0 0.0 0.6818181818181818 1.0,7.8181818181818175,0.2714285714285714,101,0 0 0 0 0 90 -16,0.0 0.0 0.0 0.0 0.0 0.7272727272727273 0.8125,8.085227272727273,0.5,44,0 0 0 0 0 91 -21,0.0 0.0 0.0 0.0 0.0 0.7727272727272727 0.5,8.227272727272727,0.2714285714285714,62,0 0 0 0 0 90 -21,0.0 0.0 0.0 0.0 0.0 0.7272727272727273 0.5,7.772727272727273,0.2714285714285714,14,0 0 0 0 0 96 -20,0.0 0.0 0.0 0.0 0.0 1.0 0.5625,10.5625,0.4714285714285714,25,0 0 0 0 0 88 -14,0.0 0.0 0.0 0.0 0.0 0.6363636363636364 0.9375,7.301136363636363,0.2714285714285714,97,0 0 0 0 0 96 -25,0.0 0.0 0.0 0.0 0.0 1.0 0.25,10.25,0.2714285714285714,118,0 0 0 0 0 93 -16,0.0 0.0 0.0 0.0 0.0 0.8636363636363636 0.8125,9.448863636363637,0.6,106,0 0 0 0 0 90 -19,0.0 0.0 0.0 0.0 0.0 0.7272727272727273 0.625,7.897727272727273,0.2714285714285714,108,0 0 0 0 0 96 -27,0.0 0.0 0.0 0.0 0.0 1.0 0.125,10.125,0.2714285714285714,120,0 0 0 0 0 94 -18,0.0 0.0 0.0 0.0 0.0 0.9090909090909091 0.6875,9.77840909090909,0.6,105,0 0 0 0 0 90 -19,0.0 0.0 0.0 0.0 0.0 0.7272727272727273 0.625,7.897727272727273,0.2714285714285714,108,0 0 0 0 0 92 -19,0.0 0.0 0.0 0.0 0.0 0.8181818181818182 0.625,8.806818181818182,0.2714285714285714,184
resolved-p7d-c21d-3600-all/resolved-p7d-c21d-3600-3rd/nsp-n30-d28-r0.10-rp2-fp2-s7,0 0 0 0 0 98 -96,0.0 0.0 0.0 0.0 0.0 0.0 0.2564102564102564,0.2564102564102564,0.16666666666666666,260,0 0 0 0 0 110 -103,0.0 0.0 0.0 0.0 0.0 0.17391304347826086 0.07692307692307693,1.8160535117056855,0.08095238095238096,204,0 0 0 0 0 118 -102,0.0 0.0 0.0 0.0 0.0 0.2898550724637681 0.10256410256410256,3.001114827201784,0.05714285714285714,184.0,0 0 0 0 0 134 -91,0.0 0.0 0.0 0.0 0.0 0.5217391304347826 0.38461538461538464,5.602006688963211,0.03333333333333333,123,0 0 0 0 0 167 -80,0.0 0.0 0.0 0.0 0.0 1.0 0.6666666666666666,10.666666666666666,0.1523809523809524,55,0 0 0 0 0 137 -84,0.0 0.0 0.0 0.0 0.0 0.5652173913043478 0.5641025641025641,6.2162764771460415,0.03333333333333333,98,0 0 0 0 0 123 -88,0.0 0.0 0.0 0.0 0.0 0.36231884057971014 0.46153846153846156,4.084726867335563,0.03333333333333333,121,0 0 0 0 0 150 -77,0.0 0.0 0.0 0.0 0.0 0.7536231884057971 0.7435897435897436,8.279821627647713,0.2619047619047619,41,0 0 0 0 0 144 -82,0.0 0.0 0.0 0.0 0.0 0.6666666666666666 0.6153846153846154,7.282051282051281,0.03333333333333333,143,0 0 0 0 0 142 -81,0.0 0.0 0.0 0.0 0.0 0.6376811594202898 0.6410256410256411,7.01783723522854,0.03333333333333333,80,0 0 0 0 0 162 -67,0.0 0.0 0.0 0.0 0.0 0.927536231884058 1.0,10.27536231884058,0.3380952380952381,31,0 0 0 0 0 148 -106,0.0 0.0 0.0 0.0 0.0 0.7246376811594203 0.0,7.246376811594203,0.03333333333333333,95,0 0 0 0 0 134 -83,0.0 0.0 0.0 0.0 0.0 0.5217391304347826 0.5897435897435898,5.807134894091416,0.03333333333333333,343,0 0 0 0 0 144 -75,0.0 0.0 0.0 0.0 0.0 0.6666666666666666 0.7948717948717948,7.461538461538461,0.5952380952380952,98,0 0 0 0 0 134 -80,0.0 0.0 0.0 0.0 0.0 0.5217391304347826 0.6666666666666666,5.884057971014493,0.03333333333333333,279,0 0 0 0 0 134 -82,0.0 0.0 0.0 0.0 0.0 0.5217391304347826 0.6153846153846154,5.832775919732441,0.03333333333333333,342,0 0 0 0 0 144 -75,0.0 0.0 0.0 0.0 0.0 0.6666666666666666 0.7948717948717948,7.461538461538461,0.5952380952380952,98,0 0 0 0 0 137 -70,0.0 0.0 0.0 0.0 0.0 0.5652173913043478 0.9230769230769231,6.575250836120401,0.03333333333333333,276,0 0 0 0 0 141 -78,0.0 0.0 0.0 0.0 0.0 0.6231884057971014 0.717948717948718,6.949832775919733,0.03333333333333333,117
resolved-p7d-c21d-3600-all/resolved-p7d-c21d-3600-3rd/nsp-n40-d28-r0.10-rp2-fp2-s3,18 255 127 236 34 1138 -22,0.9 0.3772189349112426 0.00831353919239905 0.03454231433506045 0.041666666666666664 0.06761695906432749 0.019230769230769232,937844.4332644099,0.0,10203,18 253 133 241 34 1146 -17,0.9 0.3742603550295858 0.015439429928741092 0.038860103626943004 0.041666666666666664 0.07054093567251463 0.05128205128205128,937624.2132639476,0.0,10521,19 247 120 196 32 1111 -25,0.95 0.36538461538461536 0.0 0.0 0.0 0.0577485380116959 0.0,986539.0390238416,0.0,10058.0,11 382 596 451 71 1248 19,0.55 0.5650887573964497 0.5653206650831354 0.22020725388601037 0.8125 0.10782163742690058 0.28205128205128205,612464.8999120187,0.0,3361,15 554 579 802 65 1307 -6,0.75 0.8195266272189349 0.5451306413301663 0.5233160621761658 0.6875 0.12938596491228072 0.12179487179487179,837997.4508518922,0.10714285714285714,470,16 646 550 784 55 1514 21,0.8 0.9556213017751479 0.5106888361045131 0.5077720207253886 0.4791666666666667 0.2050438596491228 0.2948717948717949,901227.0525363433,0.2357142857142857,1170,13 382 224 437 53 960 -12,0.65 0.5650887573964497 0.12351543942992874 0.2081174438687392 0.4375 0.0025584795321637425 0.08333333333333333,707996.0064959417,0.0,4845,16 563 624 945 80 1384 28,0.8 0.8328402366863905 0.5985748218527316 0.646804835924007 1.0 0.15752923976608188 0.33974358974358976,890018.4917590778,0.5,1059,20 624 845 737 59 1406 22,1.0 0.9230769230769231 0.8610451306413301 0.46718480138169255 0.5625 0.16557017543859648 0.30128205128205127,1101443.535399293,0.3464285714285714,593,18 338 298 369 39 953 -7,0.9 0.5 0.21140142517814728 0.14939550949913644 0.14583333333333334 0.0 0.11538461538461539,952278.1084792294,0.0,5439,18 604 667 901 63 1266 18,0.9 0.893491124260355 0.649643705463183 0.6088082901554405 0.6458333333333334 0.11440058479532164 0.27564102564102566,996520.3607510297,0.10714285714285714,380,13 676 727 879 56 1374 21,0.65 1.0 0.7209026128266033 0.5898100172711571 0.5 0.15387426900584794 0.2948717948717949,757850.6697600221,0.29285714285714287,998,6 126 812 789 63 2555 53,0.3 0.1863905325443787 0.8218527315914489 0.5120898100172712 0.6458333333333334 0.5855263157894737 0.5,327440.6089768609,0.0,3415,0 0 881 1156 38 3476 43,0.0 0.0 0.9038004750593824 0.8290155440414507 0.125 0.9221491228070176 0.4358974358974359,9889.177683299242,0.6392857142857142,3101,0 0 954 1354 40 3685 131,0.0 0.0 0.9904988123515439 1.0 0.16666666666666666 0.9985380116959064 1.0,10932.640170299064,0.5857142857142857,3703,6 127 828 779 62 2545 50,0.3 0.1878698224852071 0.8408551068883611 0.5034542314335061 0.625 0.5818713450292398 0.4807692307692308,327767.7870315189,0.0,3310,0 0 866 1128 39 3325 60,0.0 0.0 0.8859857482185273 0.8048359240069085 0.14583333333333334 0.8669590643274854 0.5448717948717948,9688.491201963661,0.6142857142857143,3333,0 0 962 1350 42 3689 122,0.0 0.0 1.0 0.9965457685664939 0.20833333333333334 1.0 0.9423076923076923,11028.321409592136,0.5857142857142857,3597,12 303 384 304 41 1214 -17,0.6 0.44822485207100593 0.31353919239904987 0.09326424870466321 0.1875 0.09539473684210527 0.05128205128205128,648070.8966092154,0.0,9537
resolved-p7d-c21d-3600-all/resolved-p7d-c21d-3600-3rd/nsp-n40-d28-r0.10-rp2-fp2-s0,12 11 936 3952 12 3453 -4,1.0 0.03942652329749104 0.218705035971223 0.45952229972521663 0.27586206896551724 0.27021184608733245 0.16981132075471697,1006619.6831258647,0.017857142857142856,9328,12 11 932 3923 10 3431 -17,1.0 0.03942652329749104 0.21294964028776978 0.45339251743817377 0.20689655172413793 0.2607003891050584 0.04716981132075472,1006548.8850789397,0.017857142857142856,9589,12 11 981 4562 8 3607 -22,1.0 0.03942652329749104 0.28345323741007195 0.5884590995561192 0.13793103448275862 0.3367920449632512 0.0,1007382.8048273039,0.017857142857142856,8951.0,11 9 795 1779 31 2865 44,0.9166666666666666 0.03225806451612903 0.015827338129496403 0.0002113718030014796 0.9310344827586207 0.01599654128837008 0.6226415094339622,920144.8439265757,0.017857142857142856,3304,6 279 1155 1950 33 3054 35,0.5 1.0 0.5338129496402878 0.03635595011625449 1.0 0.09770860354517942 0.5377358490566038,605476.0002684037,0.1357142857142857,2663,7 252 1006 2014 28 2945 30,0.5833333333333334 0.9032258064516129 0.3194244604316547 0.04988374550834919 0.8275862068965517 0.05058365758754864 0.49056603773584906,676983.7973516228,0.2571428571428571,4797,11 9 784 1778 32 2828 37,0.9166666666666666 0.03225806451612903 0.0 0.0 0.9655172413793104 0.0 0.5566037735849056,919989.5814461911,0.017857142857142856,3321,6 279 1155 1949 32 3054 35,0.5 1.0 0.5338129496402878 0.03614457831325301 0.9655172413793104 0.09770860354517942 0.5377358490566038,605472.3406207386,0.1357142857142857,2664,7 252 1006 2014 28 2945 30,0.5833333333333334 0.9032258064516129 0.3194244604316547 0.04988374550834919 0.8275862068965517 0.05058365758754864 0.49056603773584906,676983.7973516228,0.2571428571428571,4797,11 9 919 2333 21 3027 41,0.9166666666666666 0.03225806451612903 0.19424460431654678 0.11731135066582118 0.5862068965517241 0.08603545179420666 0.5943396226415094,922012.3058959065,0.017857142857142856,3094,6 279 1155 1949 32 3054 35,0.5 1.0 0.5338129496402878 0.03614457831325301 0.9655172413793104 0.09770860354517942 0.5377358490566038,605472.3406207386,0.1357142857142857,2664,7 252 1006 2014 28 2945 31,0.5833333333333334 0.9032258064516129 0.3194244604316547 0.04988374550834919 0.8275862068965517 0.05058365758754864 0.5,676983.8067855851,0.2571428571428571,4796,10 48 1045 3774 4 3424 7,0.8333333333333334 0.17204301075268819 0.37553956834532376 0.4218981187909533 0.0 0.2576740164288802 0.27358490566037735,854717.7785359164,0.017857142857142856,3267,0 0 1479 6246 5 5141 73,0.0 0.0 1.0 0.9444092158106109 0.034482758620689655 1.0 0.8962264150943396,10958.753718087773,0.6321428571428571,3522,0 0 1461 6509 4 5110 46,0.0 0.0 0.9741007194244604 1.0 0.0 0.9865974924340684 0.6415094339622641,10751.514678602907,0.6107142857142858,3297,10 48 1018 3591 4 3408 7,0.8333333333333334 0.17204301075268819 0.3366906474820144 0.38321707884168255 0.0 0.25075659316904453 0.27358490566037735,854290.5391131013,0.017857142857142856,3553,0 0 1304 5113 6 4739 84,0.0 0.0 0.7482014388489209 0.7049249630099345 0.06896551724137931 0.8261997405966277 1.0,8203.097900629247,0.6214285714285714,4194,0 0 1221 5449 9 4700 65,0.0 0.0 0.6287769784172662 0.7759458888184316 0.1724137931034483 0.8093385214007782 0.8207547169811321,7089.871192232427,0.6107142857142858,3888,10 15 889 3403 15 3328 23,0.8333333333333334 0.053763440860215055 0.1510791366906475 0.34347917987740434 0.3793103448275862 0.21616947686986598 0.42452830188679247,840604.4652236921,0.017857142857142856,9517
resolved-p7d-c21d-3600-all/resolved-p7d-c21d-3600-3rd/nsp-n40-d28-r0.10-rp2-fp2-s9,16 9 1245 5195 9 4404 -52,1.0 0.0 0.42344961240310075 0.886073423782921 0.0 0.5971031628731894 0.0,1005126.5405794426,0.010714285714285714,9820,16 9 1245 5228 9 4405 -46,1.0 0.0 0.42344961240310075 0.8926576217079011 0.0 0.5973987584983742 0.031088082901554404,1005133.1588214068,0.010714285714285714,9767,16 9 1245 5074 10 4405 -39,1.0 0.0 0.42344961240310075 0.8619313647246608 0.02 0.5973987584983742 0.06735751295336788,1005104.4688338536,0.010714285714285714,9849.0,13 29 1119 3492 12 4046 5,0.7272727272727273 0.04008016032064128 0.3013565891472868 0.5462889066241021 0.06 0.49127992905705 0.29533678756476683,734851.8062389665,0.010714285714285714,9460,7 508 887 754 59 2385 104,0.18181818181818182 1.0 0.07655038759689922 0.0 1.0 0.0002955956251847473 0.8082901554404145,282684.4969402625,0.30714285714285716,1172,7 384 809 1454 41 2780 72,0.18181818181818182 0.751503006012024 0.0009689922480620155 0.13966480446927373 0.64 0.11705586757315992 0.6424870466321243,257183.6501920565,0.11428571428571428,1136,13 29 1144 3590 11 4108 1,0.7272727272727273 0.04008016032064128 0.32558139534883723 0.5658419792498005 0.04 0.5096068578185042 0.27461139896373055,735111.7699175067,0.010714285714285714,8356,7 508 887 754 59 2384 107,0.18181818181818182 1.0 0.07655038759689922 0.0 1.0 0.0 0.8238341968911918,282684.5095283477,0.30714285714285716,1173,7 384 808 1455 42 2780 72,0.18181818181818182 0.751503006012024 0.0 0.13986432561851556 0.66 0.11705586757315992 0.6424870466321243,257176.1597907251,0.11428571428571428,1137,13 29 1120 3501 14 4045 11,0.7272727272727273 0.04008016032064128 0.3023255813953488 0.5480845969672785 0.1 0.4909843334318652 0.32642487046632124,734867.3199839169,0.010714285714285714,9377,7 508 887 754 59 2384 107,0.18181818181818182 1.0 0.07655038759689922 0.0 1.0 0.0 0.8238341968911918,282684.5095283477,0.30714285714285716,1173,7 384 808 1455 42 2780 72,0.18181818181818182 0.751503006012024 0.0 0.13986432561851556 0.66 0.11705586757315992 0.6424870466321243,257176.1597907251,0.11428571428571428,1137,13 72 1840 4663 32 5767 141,0.7272727272727273 0.12625250501002003 1.0 0.779928172386273 0.46 1.0 1.0,750734.9059461156,0.575,5346,5 20 1444 4131 52 4834 87,0.0 0.022044088176352707 0.6162790697674418 0.6737829209896249 0.86 0.7242092817026308 0.7202072538860104,9134.944736370227,0.6071428571428571,6716,11 11 1539 5409 16 5411 95,0.5454545454545454 0.004008016032064128 0.7083333333333334 0.9287709497206704 0.14 0.89476795743423 0.7616580310880829,553891.1606784113,0.6285714285714286,6838,11 69 1812 4562 33 5697 140,0.5454545454545454 0.12024048096192384 0.9728682170542635 0.7597765363128491 0.48 0.9793083062370677 0.9948186528497409,568025.8401593085,0.575,5504,5 19 1433 4061 46 4884 111,0.0 0.02004008016032064 0.6056201550387597 0.6598164405426975 0.74 0.7389890629618682 0.844559585492228,8802.260457177468,0.6464285714285715,6913,11 15 1539 5766 14 5500 89,0.5454545454545454 0.012024048096192385 0.7083333333333334 1.0 0.1 0.9210759680756725 0.7305699481865285,554760.2249271269,0.625,6137,10 31 1210 4532 18 4157 8,0.45454545454545453 0.04408817635270541 0.38953488372093026 0.7537909018355946 0.18 0.5240910434525569 0.31088082901554404,463626.9637110335,0.010714285714285714,10616
resolved-p7d-c21d-3600-all/resolved-p7d-c21d-3600-3rd/nsp-n40-d28-r0.10-rp2-fp2-s2,0 19 1497 7681 63 5344 -119,0.0 0.0 0.6697703289882061 1.0 0.0 1.0 0.0,7707.703289882061,0.1357142857142857,2467,6 61 1434 2717 84 4930 39,0.1935483870967742 0.08536585365853659 0.6306641837368094 0.30123873873873874 0.0958904109589041 0.8907939857557373 0.8272251308900523,208712.177244819,0.007142857142857143,6724,5 60 1343 2251 86 4760 53,0.16129032258064516 0.08333333333333333 0.5741775294847921 0.23564189189189189 0.1050228310502283 0.845950936428383 0.900523560209424,175620.93541674782,0.007142857142857143,7658.0,7 70 1286 2934 68 4259 14,0.22580645161290322 0.10365853658536585 0.5387957790192427 0.3317849099099099 0.0228310502283105 0.713795832234239 0.6963350785340314,241902.16536996583,0.007142857142857143,2611,2 267 1520 1638 212 3317 27,0.06451612903225806 0.5040650406504065 0.6840471756672873 0.14935247747747749 0.680365296803653 0.46531258243207596 0.7643979057591623,121985.9113848595,0.18214285714285713,3662,0 450 1980 1241 233 3038 72,0.0 0.8760162601626016 0.9695841092489137 0.09346846846846847 0.776255707762557 0.39171722500659456 1.0,97473.47832024409,0.17857142857142858,2476,6 68 1217 2783 71 4173 14,0.1935483870967742 0.09959349593495935 0.49596523898199874 0.31052927927927926 0.0365296803652968 0.6911105249274597 0.6963350785340314,208789.1787677337,0.007142857142857143,3146,2 267 1520 1633 217 3287 26,0.06451612903225806 0.5040650406504065 0.6840471756672873 0.14864864864864866 0.7031963470319634 0.45739910313901344 0.7591623036649214,121987.40629065847,0.18214285714285713,3671,0 449 2029 1193 282 2944 49,0.0 0.8739837398373984 1.0 0.08671171171171171 1.0 0.3669216565549987 0.8795811518324608,97589.63449316894,0.08214285714285714,2494,6 68 1202 2787 71 4121 19,0.1935483870967742 0.09959349593495935 0.4866542520173805 0.31109234234234234 0.0365296803652968 0.6773938274861514 0.7225130890052356,208696.52097218667,0.007142857142857143,3174,2 267 1527 1613 206 3381 43,0.06451612903225806 0.5040650406504065 0.6883923029174426 0.14583333333333334 0.6529680365296804 0.48219467159060936 0.8481675392670157,122023.3563777146,0.2642857142857143,3653,0 450 1980 1241 233 3038 72,0.0 0.8760162601626016 0.9695841092489137 0.09346846846846847 0.776255707762557 0.39171722500659456 1.0,97473.47832024409,0.17857142857142858,2476,31 511 811 860 139 1817 34,1.0 1.0 0.24394785847299813 0.039836711711711714 0.3470319634703196 0.06963861777895014 0.8010471204188482,1102515.515926087,0.007142857142857143,2034,19 457 435 596 74 1564 65,0.6129032258064516 0.8902439024390244 0.010552451893234015 0.0026745495495495496 0.0502283105022831 0.0029016090741229225 0.9633507853403142,702041.8303167623,0.7678571428571429,8123,16 493 1143 859 141 1855 49,0.5161290322580645 0.9634146341463414 0.4500310366232154 0.03969594594594594 0.3561643835616438 0.07966235821682933 0.8795811518324608,617047.7946279669,0.725,7110,31 511 811 860 139 1817 34,1.0 1.0 0.24394785847299813 0.039836711711711714 0.3470319634703196 0.06963861777895014 0.8010471204188482,1102515.515926087,0.007142857142857143,2034,20 456 418 577 71 1553 64,0.6451612903225806 0.8882113821138211 0.0 0.0 0.0365296803652968 0.0 0.9581151832460733,733987.0396171825,0.7678571428571429,7539,16 492 1192 862 143 1854 51,0.5161290322580645 0.9613821138211383 0.48044692737430167 0.04011824324324324 0.365296803652968 0.07939857557372725 0.8900523560209425,617150.0448756416,0.725,7200,4 55 1263 2662 79 4433 35,0.12903225806451613 0.07317073170731707 0.5245189323401613 0.2934966216216216 0.0730593607305936 0.7596940121340016 0.806282722513089,141903.72633918797,0.007142857142857143,7914
resolved-p7d-c21d-3600-all/resolved-p7d-c21d-3600-3rd/nsp-n50-d28-r0.10-rp2-fp2-s3,10 13 1807 2811 13 5758 -72,0.0 0.016901408450704224 0.08261049153242461 0.03399949723479135 0.5 0.12925598991172763 0.3401015228426396,2601.8779190514197,0.005714285714285714,7270,10 13 2005 3016 10 5791 -76,0.0 0.016901408450704224 0.164394878149525 0.04688285570638512 0.38461538461538464 0.1344577553593947 0.3197969543147208,3421.0983952415045,0.005714285714285714,6892,13 10 1976 3801 9 5956 -65,0.23076923076923078 0.008450704225352112 0.1524163568773234 0.0962166918049271 0.34615384615384615 0.16046658259773014 0.3756345177664975,233271.2771373033,0.005714285714285714,6154.0,15 13 1979 4729 8 6261 -12,0.38461538461538464 0.016901408450704224 0.1536555142503098 0.15453745600804425 0.3076923076923077 0.2085435056746532 0.6446700507614214,388030.1173948429,0.005714285714285714,6306,15 334 1607 2270 26 4938 50,0.38461538461538464 0.9211267605633803 0.0 0.0 1.0 0.0 0.9593908629441624,476829.0200625856,0.15142857142857144,1058,11 362 1796 2393 11 5157 58,0.07692307692307693 1.0 0.07806691449814127 0.00773001508295626 0.4230769230769231 0.03452080706179067 1.0,177755.1289835196,0.16857142857142857,1093,15 13 1979 4729 8 6256 -15,0.38461538461538464 0.016901408450704224 0.1536555142503098 0.15453745600804425 0.3076923076923077 0.20775535939470366 0.6294416243654822,388030.0942849537,0.005714285714285714,6313,15 334 1607 2270 26 4938 50,0.38461538461538464 0.9211267605633803 0.0 0.0 1.0 0.0 0.9593908629441624,476829.0200625856,0.15142857142857144,1058,11 362 1796 2393 11 5157 58,0.07692307692307693 1.0 0.07806691449814127 0.00773001508295626 0.4230769230769231 0.03452080706179067 1.0,177755.1289835196,0.16857142857142857,1093,16 9 2020 5239 8 6397 -33,0.46153846153846156 0.005633802816901409 0.17059066501445683 0.1865887380593263 0.3076923076923077 0.2299810844892812 0.5380710659898477,464027.9443210357,0.005714285714285714,6116,15 334 1607 2270 26 4938 50,0.38461538461538464 0.9211267605633803 0.0 0.0 1.0 0.0 0.9593908629441624,476829.0200625856,0.15142857142857144,1058,11 362 1796 2393 11 5157 58,0.07692307692307693 1.0 0.07806691449814127 0.00773001508295626 0.4230769230769231 0.03452080706179067 1.0,177755.1289835196,0.16857142857142857,1093,23 15 4013 18182 0 11259 -72,1.0 0.022535211267605635 0.9938042131350682 1.0 0.0 0.9963745271122321 0.3401015228426396,1013201.8671049052,0.6085714285714285,3811,23 7 3686 15957 1 10575 -139,1.0 0.0 0.8587360594795539 0.860168426344897 0.038461538461538464 0.8885561160151324 0.0,1009460.2607361467,0.6371428571428571,5419,18 12 2940 12640 5 9148 10,0.6153846153846154 0.014084507042253521 0.55059892606361 0.6517094017094017 0.19230769230769232 0.6636191677175284 0.7563451776649747,622977.3880572718,0.6257142857142857,5737,23 15 4028 18182 0 11282 -73,1.0 0.022535211267605635 1.0 1.0 0.0 1.0 0.3350253807106599,1013263.8561521412,0.6085714285714285,3798,20 7 3683 15125 1 10796 -97,0.7692307692307693 0.0 0.8574969021065675 0.8078808446455505 0.038461538461538464 0.9233921815889029 0.2131979695431472,778626.912370112,0.6371428571428571,5685,18 12 2938 12600 5 9148 10,0.6153846153846154 0.014084507042253521 0.5497728211482859 0.6491955756661639 0.19230769230769232 0.6636191677175284 0.7563451776649747,622966.6131820753,0.6257142857142857,5746,14 10 2290 5763 9 6866 -64,0.3076923076923077 0.008450704225352112 0.28211482858323006 0.21951985922574158 0.34615384615384615 0.30390920554854983 0.38071065989847713,311616.0814472317,0.005714285714285714,6908
resolved-p7d-c21d-3600-all/resolved-p7d-c21d-3600-3rd/nsp-n30-d28-r0.10-rp2-fp2-s2,0 0 0 0 0 112 -138,0.0 0.0 0.0 0.0 0.0 0.0 0.0,0.0,0.2,260,0 0 0 0 0 118 -127,0.0 0.0 0.0 0.0 0.0 0.09090909090909091 0.15942028985507245,1.0685111989459817,0.1619047619047619,214,0 0 0 0 0 135 -119,0.0 0.0 0.0 0.0 0.0 0.3484848484848485 0.2753623188405797,3.760210803689065,0.1,139.0,0 0 0 0 0 157 -100,0.0 0.0 0.0 0.0 0.0 0.6818181818181818 0.5507246376811594,7.368906455862977,0.06666666666666667,182,0 0 0 0 0 178 -113,0.0 0.0 0.0 0.0 0.0 1.0 0.36231884057971014,10.36231884057971,0.2,36,0 0 0 0 0 158 -94,0.0 0.0 0.0 0.0 0.0 0.696969696969697 0.6376811594202898,7.607378129117261,0.06666666666666667,154,0 0 0 0 0 157 -98,0.0 0.0 0.0 0.0 0.0 0.6818181818181818 0.5797101449275363,7.397891963109354,0.06666666666666667,140,0 0 0 0 0 148 -79,0.0 0.0 0.0 0.0 0.0 0.5454545454545454 0.855072463768116,6.30961791831357,0.35714285714285715,23,0 0 0 0 0 163 -82,0.0 0.0 0.0 0.0 0.0 0.7727272727272727 0.8115942028985508,8.538866930171277,0.06666666666666667,158,0 0 0 0 0 158 -91,0.0 0.0 0.0 0.0 0.0 0.696969696969697 0.6811594202898551,7.650856389986826,0.06666666666666667,123,0 0 0 0 0 174 -90,0.0 0.0 0.0 0.0 0.0 0.9393939393939394 0.6956521739130435,10.089591567852437,0.22380952380952382,31,0 0 0 0 0 155 -78,0.0 0.0 0.0 0.0 0.0 0.6515151515151515 0.8695652173913043,7.384716732542819,0.06666666666666667,107,0 0 0 0 0 155 -109,0.0 0.0 0.0 0.0 0.0 0.6515151515151515 0.42028985507246375,6.9354413702239786,0.06666666666666667,206,0 0 0 0 0 150 -69,0.0 0.0 0.0 0.0 0.0 0.5757575757575758 1.0,6.757575757575758,0.5904761904761905,144,0 0 0 0 0 163 -108,0.0 0.0 0.0 0.0 0.0 0.7727272727272727 0.43478260869565216,8.162055335968379,0.06666666666666667,255,0 0 0 0 0 155 -109,0.0 0.0 0.0 0.0 0.0 0.6515151515151515 0.42028985507246375,6.9354413702239786,0.06666666666666667,206,0 0 0 0 0 150 -69,0.0 0.0 0.0 0.0 0.0 0.5757575757575758 1.0,6.757575757575758,0.5904761904761905,144,0 0 0 0 0 163 -108,0.0 0.0 0.0 0.0 0.0 0.7727272727272727 0.43478260869565216,8.162055335968379,0.06666666666666667,255,0 0 0 0 0 159 -105,0.0 0.0 0.0 0.0 0.0 0.7121212121212122 0.4782608695652174,7.599472990777339,0.06666666666666667,74
resolved-p7d-c21d-3600-all/resolved-p7d-c21d-3600-3rd/nsp-n10-d28-r0.10-rp0-fp0-s2,0 0 0 0 0 71 -47,0.0 0.0 0.0 0.0 0.0 0.0 0.0,0.0,0.34285714285714286,307,0 0 0 0 0 71 -40,0.0 0.0 0.0 0.0 0.0 0.0 0.21875,0.21875,0.32857142857142857,231,0 0 0 0 0 75 -32,0.0 0.0 0.0 0.0 0.0 0.14285714285714285 0.46875,1.8973214285714284,0.18571428571428572,213.0,0 0 0 0 0 90 -17,0.0 0.0 0.0 0.0 0.0 0.6785714285714286 0.9375,7.7232142857142865,0.02857142857142857,287,0 0 0 0 0 99 -15,0.0 0.0 0.0 0.0 0.0 1.0 1.0,11.0,0.6428571428571429,37,0 0 0 0 0 93 -28,0.0 0.0 0.0 0.0 0.0 0.7857142857142857 0.59375,8.450892857142858,0.02857142857142857,64,0 0 0 0 0 97 -27,0.0 0.0 0.0 0.0 0.0 0.9285714285714286 0.625,9.910714285714286,0.02857142857142857,160,0 0 0 0 0 94 -22,0.0 0.0 0.0 0.0 0.0 0.8214285714285714 0.78125,8.995535714285714,0.2857142857142857,20,0 0 0 0 0 91 -26,0.0 0.0 0.0 0.0 0.0 0.7142857142857143 0.65625,7.799107142857143,0.02857142857142857,98,0 0 0 0 0 86 -21,0.0 0.0 0.0 0.0 0.0 0.5357142857142857 0.8125,6.169642857142857,0.02857142857142857,123,0 0 0 0 0 92 -21,0.0 0.0 0.0 0.0 0.0 0.75 0.8125,8.3125,0.38571428571428573,85,0 0 0 0 0 90 -26,0.0 0.0 0.0 0.0 0.0 0.6785714285714286 0.65625,7.4419642857142865,0.02857142857142857,207,0 0 0 0 0 91 -29,0.0 0.0 0.0 0.0 0.0 0.7142857142857143 0.5625,7.705357142857143,0.02857142857142857,262,0 0 0 0 0 89 -23,0.0 0.0 0.0 0.0 0.0 0.6428571428571429 0.75,7.178571428571429,0.5714285714285714,89,0 0 0 0 0 86 -21,0.0 0.0 0.0 0.0 0.0 0.5357142857142857 0.8125,6.169642857142857,0.02857142857142857,286,0 0 0 0 0 91 -29,0.0 0.0 0.0 0.0 0.0 0.7142857142857143 0.5625,7.705357142857143,0.02857142857142857,262,0 0 0 0 0 89 -22,0.0 0.0 0.0 0.0 0.0 0.6428571428571429 0.78125,7.209821428571429,0.5714285714285714,88,0 0 0 0 0 86 -21,0.0 0.0 0.0 0.0 0.0 0.5357142857142857 0.8125,6.169642857142857,0.02857142857142857,286,0 0 0 0 0 87 -27,0.0 0.0 0.0 0.0 0.0 0.5714285714285714 0.625,6.3392857142857135,0.02857142857142857,145
resolved-p7d-c21d-3600-all/resolved-p7d-c21d-3600-3rd/nsp-n10-d28-r0.10-rp0-fp0-s3,0 0 0 0 0 76 -33,0.0 0.0 0.0 0.0 0.0 0.041666666666666664 0.0,0.41666666666666663,0.3142857142857143,258,0 0 0 0 0 75 -32,0.0 0.0 0.0 0.0 0.0 0.0 0.06666666666666667,0.06666666666666667,0.3,250,0 0 0 0 0 78 -31,0.0 0.0 0.0 0.0 0.0 0.125 0.13333333333333333,1.3833333333333333,0.22857142857142856,224.0,0 0 0 0 0 97 -26,0.0 0.0 0.0 0.0 0.0 0.9166666666666666 0.4666666666666667,9.633333333333333,0.02857142857142857,126,0 0 0 0 0 96 -26,0.0 0.0 0.0 0.0 0.0 0.875 0.4666666666666667,9.216666666666667,0.5285714285714286,69,0 0 0 0 0 99 -24,0.0 0.0 0.0 0.0 0.0 1.0 0.6,10.6,0.02857142857142857,80,0 0 0 0 0 90 -28,0.0 0.0 0.0 0.0 0.0 0.625 0.3333333333333333,6.583333333333333,0.02857142857142857,127,0 0 0 0 0 92 -18,0.0 0.0 0.0 0.0 0.0 0.7083333333333334 1.0,8.083333333333334,0.4857142857142857,86,0 0 0 0 0 91 -23,0.0 0.0 0.0 0.0 0.0 0.6666666666666666 0.6666666666666666,7.333333333333333,0.02857142857142857,161,0 0 0 0 0 93 -27,0.0 0.0 0.0 0.0 0.0 0.75 0.4,7.9,0.02857142857142857,209,0 0 0 0 0 95 -24,0.0 0.0 0.0 0.0 0.0 0.8333333333333334 0.6,8.933333333333334,0.37142857142857144,30,0 0 0 0 0 98 -24,0.0 0.0 0.0 0.0 0.0 0.9583333333333334 0.6,10.183333333333334,0.02857142857142857,173,0 0 0 0 0 91 -30,0.0 0.0 0.0 0.0 0.0 0.6666666666666666 0.2,6.866666666666666,0.02857142857142857,226,0 0 0 0 0 97 -29,0.0 0.0 0.0 0.0 0.0 0.9166666666666666 0.26666666666666666,9.433333333333334,0.34285714285714286,67,0 0 0 0 0 87 -33,0.0 0.0 0.0 0.0 0.0 0.5 0.0,5.0,0.02857142857142857,311,0 0 0 0 0 91 -30,0.0 0.0 0.0 0.0 0.0 0.6666666666666666 0.2,6.866666666666666,0.02857142857142857,226,0 0 0 0 0 97 -24,0.0 0.0 0.0 0.0 0.0 0.9166666666666666 0.6,9.766666666666666,0.32857142857142857,65,0 0 0 0 0 87 -33,0.0 0.0 0.0 0.0 0.0 0.5 0.0,5.0,0.02857142857142857,311,0 0 0 0 0 94 -27,0.0 0.0 0.0 0.0 0.0 0.7916666666666666 0.4,8.316666666666666,0.02857142857142857,215
resolved-p7d-c21d-3600-all/resolved-p7d-c21d-3600-3rd/nsp-n20-d28-r0.10-rp2-fp2-s6,0 0 136 345 5 664 -6,0.0 0.0 0.03770197486535009 0.13640595903165736 0.11904761904761904 0.08718395815170009 0.31,526.5123091714371,0.014285714285714285,15250,0 0 137 348 5 670 -1,0.0 0.0 0.03949730700179533 0.1378026070763501 0.11904761904761904 0.09241499564080209 0.36,545.9645889554733,0.014285714285714285,15125,0 0 157 607 4 708 -25,0.0 0.0 0.07540394973070018 0.25837988826815644 0.09523809523809523 0.12554489973844812 0.12,1023.3186440963522,0.014285714285714285,13854.0,0 0 174 113 2 893 -26,0.0 0.0 0.1059245960502693 0.028398510242085662 0.047619047619047616 0.2868352223190933 0.11,1095.3847277298744,0.014285714285714285,15328,0 60 266 509 42 1033 45,0.0 0.7317073170731707 0.2710951526032316 0.212756052141527 1.0 0.40889276373147343 0.82,76199.34821312822,0.5142857142857142,14087,0 79 295 386 32 922 48,0.0 0.9634146341463414 0.3231597845601436 0.15549348230912477 0.7619047619047619 0.3121185701830863 0.85,99808.71640443701,0.6,12540,0 0 173 120 3 871 -26,0.0 0.0 0.10412926391382406 0.03165735567970205 0.07142857142857142 0.26765475152571927 0.11,1082.879399476057,0.014285714285714285,15587,0 59 273 514 41 1059 44,0.0 0.7195121951219512 0.2836624775583483 0.21508379888268156 0.9761904761904762 0.4315605928509154 0.81,75105.67274020884,0.5142857142857142,14446,0 82 284 414 31 888 31,0.0 1.0 0.30341113105924594 0.1685288640595903 0.7380952380952381 0.28247602441150826 0.68,103279.95445870569,0.4857142857142857,11003,0 0 175 114 2 892 -20,0.0 0.0 0.10771992818671454 0.028864059590316574 0.047619047619047616 0.28596338273757627 0.17,1113.8548800467424,0.014285714285714285,15161,0 60 271 495 38 1018 43,0.0 0.7317073170731707 0.2800718132854578 0.20623836126629422 0.9047619047619048 0.3958151700087184 0.8,76272.92254361422,0.5142857142857142,13388,0 75 281 382 30 944 35,0.0 0.9146341463414634 0.2980251346499102 0.15363128491620112 0.7142857142857143 0.33129904097646035 0.72,94672.75882739999,0.5785714285714286,13934,0 34 560 1692 13 1601 29,0.0 0.4146341463414634 0.7989228007181328 0.7635009310986964 0.30952380952380953 0.9040976460331299 0.66,50256.79692983908,0.4785714285714286,15941,0 1 282 839 8 1367 45,0.0 0.012195121951219513 0.2998204667863555 0.36638733705772814 0.19047619047619047 0.7000871839581517 0.82,4610.9726909304345,0.6214285714285714,14518,0 2 379 2200 2 1661 0,0.0 0.024390243902439025 0.473967684021544 1.0 0.047619047619047616 0.95640802092415 0.37,8193.397215430488,0.6142857142857143,11789,2 40 672 1685 13 1711 38,1.0 0.4878048780487805 1.0 0.7602420856610801 0.30952380952380953 1.0 0.75,1059582.4322714915,0.5142857142857142,13078,0 1 281 714 10 1336 63,0.0 0.012195121951219513 0.2980251346499102 0.30819366852886404 0.23809523809523808 0.6730601569311246 1.0,4539.497335528752,0.6214285714285714,15118,0 2 319 1855 4 1491 -16,0.0 0.024390243902439025 0.36624775583482944 0.8393854748603352 0.09523809523809523 0.8081952920662598 0.21,6958.703185897004,0.5357142857142857,14267,0 0 115 52 0 564 -37,0.0 0.0 0.0 0.0 0.0 0.0 0.0,0.0,0.014285714285714285,17697
resolved-p7d-c21d-3600-all/resolved-p7d-c21d-3600-3rd/nsp-n30-d28-r0.10-rp2-fp2-s8,10 185 157 203 33 693 -19,0.7142857142857143 0.36779324055666 0.07601351351351351 0.008009611533840609 0.46875 0.07926829268292683 0.17391304347826086,751881.0246840196,0.009523809523809525,13633,10 183 147 197 32 657 -14,0.7142857142857143 0.36381709741550694 0.05912162162162162 0.005606728073688426 0.453125 0.06097560975609756 0.22826086956521738,751310.397488522,0.009523809523809525,14036,10 185 157 203 33 693 -19,0.7142857142857143 0.36779324055666 0.07601351351351351 0.008009611533840609 0.46875 0.07926829268292683 0.17391304347826086,751881.0246840196,0.009523809523809525,13633.0,14 187 191 183 33 660 -35,1.0 0.3717693836978131 0.13344594594594594 0.0 0.46875 0.0625 0.0,1038558.8978292408,0.009523809523809525,3932,2 449 571 983 67 1053 -29,0.14285714285714285 0.8926441351888668 0.7753378378378378 0.32038446135362436 1.0 0.2621951219512195 0.06521739130434782,240298.00638437233,0.28095238095238095,2609,5 415 584 782 54 1312 -20,0.35714285714285715 0.8250497017892644 0.7972972972972973 0.23988786543852622 0.796875 0.3938008130081301 0.16304347826086957,447944.47671180347,0.1380952380952381,6674,5 216 346 416 64 801 -17,0.35714285714285715 0.4294234592445328 0.3952702702702703 0.09331197436924309 0.953125 0.13414634146341464 0.1956521739130435,404228.06735997094,0.009523809523809525,5063,5 404 556 1032 65 1097 -11,0.35714285714285715 0.8031809145129225 0.75 0.3400080096115338 0.96875 0.2845528455284553 0.2608695652173913,445400.93800178147,0.6285714285714286,2303,11 214 112 271 25 666 -25,0.7857142857142857 0.4254473161033797 0.0 0.03524229074889868 0.34375 0.06554878048780488 0.10869565217391304,828329.3987988296,0.02857142857142857,13515,10 230 254 307 59 719 -11,0.7142857142857143 0.4572564612326044 0.23986486486486486 0.04965959150981177 0.875 0.09247967479674797 0.2608695652173913,762548.3543154465,0.009523809523809525,5457,6 503 704 810 56 1132 -21,0.42857142857142855 1.0 1.0 0.2511013215859031 0.828125 0.3023373983739837 0.15217391304347827,538908.5179409112,0.19523809523809524,5857,10 413 441 430 35 1098 6,0.7142857142857143 0.8210735586481114 0.5557432432432432 0.09891870244293152 0.5 0.2850609756097561 0.44565217391304346,802102.7175473308,0.23809523809523808,6096,5 2 289 352 13 1175 -11,0.35714285714285715 0.003976143141153081 0.2989864864864865 0.06768121746095314 0.15625 0.3241869918699187 0.2608695652173913,360617.1452787822,0.009523809523809525,6807,0 0 558 2423 4 2505 56,0.0 0.0 0.7533783783783784 0.8970764917901481 0.015625 1.0 0.9891304347826086,8443.411906008714,0.6571428571428571,5509,0 0 559 2680 12 2474 47,0.0 0.0 0.7550675675675675 1.0 0.140625 0.9842479674796748 0.8913043478260869,8575.4719596983,0.5714285714285714,4778,5 2 289 351 13 1174 -13,0.35714285714285715 0.003976143141153081 0.2989864864864865 0.06728073688426112 0.15625 0.3236788617886179 0.2391304347826087,360616.7179777743,0.009523809523809525,6813,0 0 559 2421 3 2505 57,0.0 0.0 0.7550675675675675 0.8962755306367641 0.0 1.0 1.0,8457.95120631244,0.6571428571428571,5491,0 0 543 2479 12 2388 53,0.0 0.0 0.7280405405405406 0.9195034040849018 0.140625 0.9405487804878049 0.9565217391304348,8224.333319034316,0.5952380952380952,5015,10 208 112 188 16 537 -24,0.7142857142857143 0.4135188866799205 0.0 0.002002402883460152 0.203125 0.0 0.11956521739130435,755660.0374218072,0.009523809523809525,14341
resolved-p7d-c21d-3600-all/resolved-p7d-c21d-3600-3rd/nsp-n20-d28-r0.10-rp2-fp2-s9,0 0 0 0 0 63 -50,0.0 0.0 0.0 0.0 0.0 0.0 0.0,0.0,0.2857142857142857,235,0 0 0 0 0 66 -42,0.0 0.0 0.0 0.0 0.0 0.11538461538461539 0.21052631578947367,1.3643724696356276,0.21428571428571427,192,0 0 0 0 0 77 -25,0.0 0.0 0.0 0.0 0.0 0.5384615384615384 0.6578947368421053,6.0425101214574894,0.15714285714285714,157.0,0 0 0 0 0 84 -36,0.0 0.0 0.0 0.0 0.0 0.8076923076923077 0.3684210526315789,8.445344129554655,0.10714285714285714,387,0 0 0 0 0 74 -15,0.0 0.0 0.0 0.0 0.0 0.4230769230769231 0.9210526315789473,5.151821862348179,0.32142857142857145,52,0 0 0 0 0 82 -23,0.0 0.0 0.0 0.0 0.0 0.7307692307692307 0.7105263157894737,8.018218623481781,0.10714285714285714,133,0 0 0 0 0 81 -26,0.0 0.0 0.0 0.0 0.0 0.6923076923076923 0.631578947368421,7.554655870445345,0.10714285714285714,248,0 0 0 0 0 86 -13,0.0 0.0 0.0 0.0 0.0 0.8846153846153846 0.9736842105263158,9.819838056680162,0.37142857142857144,48,0 0 0 0 0 80 -24,0.0 0.0 0.0 0.0 0.0 0.6538461538461539 0.6842105263157895,7.222672064777328,0.10714285714285714,206,0 0 0 0 0 89 -34,0.0 0.0 0.0 0.0 0.0 1.0 0.42105263157894735,10.421052631578947,0.10714285714285714,225,0 0 0 0 0 86 -12,0.0 0.0 0.0 0.0 0.0 0.8846153846153846 1.0,9.846153846153847,0.2571428571428571,44,0 0 0 0 0 89 -31,0.0 0.0 0.0 0.0 0.0 1.0 0.5,10.5,0.10714285714285714,324,0 0 0 0 0 72 -38,0.0 0.0 0.0 0.0 0.0 0.34615384615384615 0.3157894736842105,3.7773279352226723,0.10714285714285714,326,0 0 0 0 0 81 -26,0.0 0.0 0.0 0.0 0.0 0.6923076923076923 0.631578947368421,7.554655870445345,0.5928571428571429,163,0 0 0 0 0 82 -14,0.0 0.0 0.0 0.0 0.0 0.7307692307692307 0.9473684210526315,8.255060728744938,0.10714285714285714,390,0 0 0 0 0 72 -38,0.0 0.0 0.0 0.0 0.0 0.34615384615384615 0.3157894736842105,3.7773279352226723,0.10714285714285714,326,0 0 0 0 0 81 -26,0.0 0.0 0.0 0.0 0.0 0.6923076923076923 0.631578947368421,7.554655870445345,0.5928571428571429,163,0 0 0 0 0 82 -14,0.0 0.0 0.0 0.0 0.0 0.7307692307692307 0.9473684210526315,8.255060728744938,0.10714285714285714,390,0 0 0 0 0 88 -22,0.0 0.0 0.0 0.0 0.0 0.9615384615384616 0.7368421052631579,10.352226720647772,0.10714285714285714,172
resolved-p7d-c21d-3600-all/resolved-p7d-c21d-3600-3rd/nsp-n50-d28-r0.10-rp2-fp2-s5,30 380 358 343 57 1249 28,0.8108108108108109 0.4668304668304668 0.06115702479338843 0.010664391596459422 0.3045977011494253 0.0043535620052770445 0.4375,858147.0329391229,0.011428571428571429,7621,30 379 406 371 59 1278 31,0.8108108108108109 0.4656019656019656 0.08099173553719008 0.01365042124346806 0.3160919540229885 0.008179419525065963 0.45454545454545453,858226.7206826749,0.011428571428571429,7675,30 382 315 339 53 1216 24,0.8108108108108109 0.4692874692874693 0.04338842975206612 0.010237815932601046 0.28160919540229884 0.0 0.4147727272727273,858212.2555452785,0.011428571428571429,7389.0,36 356 210 243 51 1855 -49,0.972972972972973 0.43734643734643736 0.0 0.0 0.27011494252873564 0.08430079155672823 0.0,1016735.4712097852,0.011428571428571429,2727,31 602 1635 946 178 2444 50,0.8378378378378378 0.7395577395577395 0.5888429752066116 0.07497067292310974 1.0 0.16200527704485487 0.5625,917859.1947713715,0.25142857142857145,2195,37 552 608 558 53 1587 -3,1.0 0.6781326781326781 0.16446280991735537 0.03359283352884718 0.28160919540229884 0.048944591029023744 0.26136363636363635,1069520.400475057,0.19714285714285715,4885,30 416 789 517 71 1745 11,0.8108108108108109 0.5110565110565111 0.23925619834710743 0.029220432974298816 0.3850574712643678 0.06978891820580475 0.3409090909090909,864377.7888783067,0.011428571428571429,2933,32 607 635 626 75 1714 32,0.8648648648648649 0.7457002457002457 0.1756198347107438 0.040844619814439584 0.40804597701149425 0.06569920844327176 0.4602272727272727,941273.8542188697,0.14285714285714285,1650,34 623 525 652 70 1408 4,0.918918918918919 0.7653562653562653 0.13016528925619836 0.043617361629519034 0.3793103448275862 0.025329815303430078 0.30113636363636365,996838.3011777364,0.09714285714285714,3285,26 447 559 712 82 1794 23,0.7027027027027027 0.5491400491400491 0.14421487603305785 0.05001599658739469 0.4482758620689655 0.0762532981530343 0.4090909090909091,759154.8715837231,0.011428571428571429,3234,32 652 916 733 54 1928 11,0.8648648648648649 0.800982800982801 0.29173553719008266 0.05225551882265117 0.28735632183908044 0.09393139841688654 0.3409090909090909,947962.7717091276,0.26571428571428574,3164,36 814 1329 1261 85 2359 7,0.972972972972973 1.0 0.46239669421487606 0.10856350645195692 0.46551724137931033 0.1507915567282322 0.3181818181818182,1077753.8812430971,0.2342857142857143,422,14 42 1849 3286 4 5572 7,0.3783783783783784 0.051597051597051594 0.6772727272727272 0.3245174362802602 0.0 0.5746701846965699 0.3181818181818182,390641.3931307562,0.011428571428571429,4069,0 0 1969 4184 124 6567 124,0.0 0.0 0.7268595041322314 0.42028367281646584 0.6896551724137931 0.7059366754617414 0.9829545454545454,7765.886552680232,0.6257142857142857,2166,0 0 2585 9477 5 8712 30,0.0 0.0 0.981404958677686 0.9847499200170631 0.005747126436781609 0.9889182058047493 0.44886363636363635,10809.712265132013,0.6285714285714286,2431,12 48 1726 2833 6 5363 21,0.32432432432432434 0.05896805896805897 0.6264462809917355 0.27620774234829903 0.011494252873563218 0.5470976253298153 0.3977272727272727,336768.8189022092,0.011428571428571429,4350,0 0 1866 3707 141 6279 127,0.0 0.0 0.684297520661157 0.3694145249013544 0.7873563218390804 0.6679419525065963 1.0,7298.804783221898,0.6257142857142857,2357,0 0 2630 9620 5 8796 45,0.0 0.0 1.0 1.0 0.005747126436781609 1.0 0.5340909090909091,11011.108803552768,0.6285714285714286,2303,33 352 235 422 44 1699 12,0.8918918918918919 0.43243243243243246 0.010330578512396695 0.019089260957662366 0.22988505747126436 0.06372031662269129 0.3465909090909091,935281.5024810391,0.011428571428571429,7788
resolved-p7d-c21d-3600-all/resolved-p7d-c21d-3600-3rd/nsp-n50-d28-r0.10-rp2-fp2-s2,1 36 2597 9140 53 7680 -92,0.0 0.05251141552511415 0.034308779011099896 0.947406777602332 0.3597122302158273 0.6213818860877685 0.009389671361502348,6583.830551778568,0.06857142857142857,4204,16 49 3554 6283 53 8839 -23,0.9375 0.0821917808219178 1.0 0.6003886797036317 0.3597122302158273 0.8919234360410832 0.3333333333333333,956364.7905526108,0.005714285714285714,6678,16 49 3554 6284 53 8839 -23,0.9375 0.0821917808219178 1.0 0.6005101421110166 0.3597122302158273 0.8919234360410832 0.3333333333333333,956364.9120150182,0.005714285714285714,6676.0,13 50 2929 3892 50 8803 102,0.75 0.08447488584474885 0.3693239152371342 0.3099720636463015 0.3381294964028777 0.8835200746965453 0.92018779342723,762494.2681386732,0.005714285714285714,4517,8 407 2564 1348 122 5173 97,0.4375 0.8995433789954338 0.0010090817356205853 0.000971699259079315 0.8561151079136691 0.036181139122315596 0.8967136150234741,527552.2704519563,0.16,1049,6 451 2588 1392 142 5160 104,0.3125 1.0 0.025227043390514632 0.006316045184015547 1.0 0.03314659197012138 0.9295774647887324,412859.84752247366,0.09714285714285714,1637,17 57 3213 4996 50 9302 70,1.0 0.1004566210045662 0.6559031281533805 0.44406656139924694 0.3381294964028777 1.0 0.7699530516431925,1017093.3428460816,0.005714285714285714,3419,8 407 2563 1349 122 5173 97,0.4375 0.8995433789954338 0.0 0.0010931616664642293 0.8561151079136691 0.036181139122315596 0.8967136150234741,527542.3010970075,0.16,1050,6 451 2588 1392 142 5160 104,0.3125 1.0 0.025227043390514632 0.006316045184015547 1.0 0.03314659197012138 0.9295774647887324,412859.84752247366,0.09714285714285714,1637,13 49 2886 3427 52 8618 102,0.75 0.0821917808219178 0.32593340060544906 0.2534920442123163 0.35251798561151076 0.8403361344537815 0.92018779342723,761776.5794801577,0.005714285714285714,5016,7 440 2610 1340 126 5018 119,0.375 0.9748858447488584 0.04742684157416751 0.0 0.8848920863309353 0.0 1.0,473052.3420992606,0.16,1072,6 451 2588 1392 142 5160 104,0.3125 1.0 0.025227043390514632 0.006316045184015547 1.0 0.03314659197012138 0.9295774647887324,412859.84752247366,0.09714285714285714,1637,17 13 3136 9573 4 9197 -18,1.0 0.0 0.5782038345105953 1.0 0.007194244604316547 0.9754901960784313 0.3568075117370892,1006792.8694790389,0.62,5026,11 23 2830 7212 28 8188 106,0.625 0.0228310502283105 0.2694248234106963 0.7132272561642172 0.17985611510791366 0.7399626517273576 0.9389671361502347,630716.9047182665,0.7057142857142857,5366,11 16 2964 9316 3 8784 66,0.625 0.00684931506849315 0.4046417759838547 0.968784161302077 0.0 0.8790849673202614 0.7511737089201878,630709.675451372,0.7457142857142857,4684,17 13 3136 9573 4 9197 -17,1.0 0.0 0.5782038345105953 1.0 0.007194244604316547 0.9754901960784313 0.3615023474178404,1006792.8741738746,0.62,5025,11 26 2856 7687 27 8295 101,0.625 0.02968036529680365 0.2956609485368315 0.7709218996720515 0.17266187050359713 0.7649393090569561 0.9154929577464789,631721.3989878194,0.7057142857142857,5152,5 43 2822 7862 70 8465 68,0.25 0.0684931506849315 0.2613521695257316 0.7921778209644115 0.48201438848920863 0.8046218487394958 0.7605633802816901,260312.02280543148,0.7457142857142857,5425,17 46 3307 7487 47 8743 -94,1.0 0.07534246575342465 0.7507568113017155 0.7466294181950687 0.31654676258992803 0.869514472455649 0.0,1015828.7939275382,0.005714285714285714,8028
resolved-p7d-c21d-3600-all/resolved-p7d-c21d-3600-3rd/nsp-n20-d28-r0.10-rp2-fp2-s8,2 1 263 1022 23 1298 55,0.25 0.0 0.4142857142857143 1.0 0.00819672131147541 0.6458527493010252 0.8627450980392157,255150.99808757933,0.02142857142857143,17179,2 1 268 1019 22 1295 56,0.25 0.0 0.4261904761904762 0.9965116279069768 0.0 0.6430568499534017 0.8823529411764706,255265.72931125245,0.02142857142857143,16891,2 1 263 1020 23 1296 55,0.25 0.0 0.4142857142857143 0.9976744186046511 0.00819672131147541 0.6439888164026095 0.8627450980392157,255148.65386685502,0.02142857142857143,17294.0,2 1 160 198 23 854 62,0.25 0.0 0.16904761904761906 0.04186046511627907 0.00819672131147541 0.2320596458527493 1.0,251736.47692418215,0.02142857142857143,8148,0 1 464 299 144 1668 36,0.0 0.0 0.8928571428571429 0.15930232558139534 1.0 0.9906803355079217 0.49019607843137253,9198.270753586336,0.5428571428571428,7666,0 1 136 205 29 792 26,0.0 0.0 0.11190476190476191 0.05 0.05737704918032787 0.17427772600186392 0.29411764705882354,1176.8222188727293,0.4,8197,2 1 154 192 22 844 58,0.25 0.0 0.15476190476190477 0.03488372093023256 0.0 0.22273998136067102 0.9215686274509803,251585.65173699034,0.02142857142857143,8392,0 1 466 301 143 1672 27,0.0 0.0 0.8976190476190476 0.16162790697674417 0.9918032786885246 0.994408201304753 0.3137254901960784,9247.256518539318,0.44285714285714284,7461,0 1 103 236 43 853 11,0.0 0.0 0.03333333333333333 0.08604651162790698 0.1721311475409836 0.23112767940354148 0.0,438.9042365093741,0.4,8522,2 1 158 194 22 854 58,0.25 0.0 0.16428571428571428 0.037209302325581395 0.0 0.2320596458527493 0.9215686274509803,251683.3086102687,0.02142857142857143,8267,0 1 420 319 133 1678 39,0.0 0.0 0.7880952380952381 0.18255813953488373 0.9098360655737705 1.0 0.5490196078431373,8165.043146652484,0.34285714285714286,8148,0 1 89 162 27 811 22,0.0 0.0 0.0 0.0 0.040983606557377046 0.19198508853681268 0.21568627450980393,6.233897815615635,0.4714285714285714,8699,4 99 297 243 58 782 44,0.5 0.4666666666666667 0.49523809523809526 0.0941860465116279 0.29508196721311475 0.16495806150978565 0.6470588235294118,551745.0385017191,0.02142857142857143,7566,3 211 470 265 80 688 53,0.375 1.0 0.9071428571428571 0.11976744186046512 0.47540983606557374 0.07735321528424977 0.8235294117647058,484240.3340584602,0.7,14711,8 191 372 278 71 634 43,1.0 0.9047619047619048 0.6738095238095239 0.13488372093023257 0.4016393442622951 0.02702702702702703 0.6274509803921569,1097390.2310908928,0.7642857142857142,17158,4 99 297 235 55 766 45,0.5 0.4666666666666667 0.49523809523809526 0.08488372093023255 0.27049180327868855 0.1500465983224604 0.6666666666666666,551733.1476529556,0.02142857142857143,7617,2 206 509 269 75 696 56,0.25 0.9761904761904762 1.0 0.12441860465116279 0.4344262295081967 0.08480894687791239 0.8823529411764706,357788.63928905956,0.7428571428571429,16154,8 199 374 277 73 605 44,1.0 0.9428571428571428 0.6785714285714286 0.13372093023255813 0.4180327868852459 0.0 0.6470588235294118,1101247.5998391733,0.75,16697,2 1 229 206 26 1125 58,0.25 0.0 0.3333333333333333 0.05116279069767442 0.03278688524590164 0.4846225535880708 0.9215686274509803,253393.54260671893,0.02142857142857143,17719
resolved-p7d-c21d-3600-all/resolved-p7d-c21d-3600-3rd/nsp-n40-d28-r0.10-rp2-fp2-s7,11 9 852 1819 11 3375 -21,0.9166666666666666 0.017857142857142856 0.12848484848484848 0.17172954434100932 0.0125 0.2706860706860707 0.06164383561643835,919912.9774861129,0.010714285714285714,9202,11 9 881 1875 9 3434 -2,0.9166666666666666 0.017857142857142856 0.16363636363636364 0.1854483096521313 0.0 0.29521829521829523 0.1917808219178082,920277.3368621708,0.010714285714285714,8624,11 7 826 1646 14 3282 -30,0.9166666666666666 0.012755102040816327 0.09696969696969697 0.1293483586477217 0.03125 0.23201663201663203 0.0,919046.6673654132,0.010714285714285714,9825.0,12 14 931 2086 10 3464 5,1.0 0.030612244897959183 0.22424242424242424 0.23713865752082314 0.00625 0.3076923076923077 0.23972602739726026,1005544.7290388453,0.010714285714285714,7122,9 262 955 1724 32 2742 67,0.75 0.6632653061224489 0.25333333333333335 0.14845663890249877 0.14375 0.007484407484407485 0.6643835616438356,819023.4348121173,0.25357142857142856,802,10 394 1084 1334 43 2724 57,0.8333333333333334 1.0 0.40969696969696967 0.05291523762861342 0.2125 0.0 0.5958904109589042,937505.0641583427,0.23214285714285715,1226,12 14 943 2343 11 3493 19,1.0 0.030612244897959183 0.2387878787878788 0.3000979911807937 0.0125 0.31975051975051977 0.3356164383561644,1005753.9843904914,0.010714285714285714,6769,9 262 955 1724 32 2742 67,0.75 0.6632653061224489 0.25333333333333335 0.14845663890249877 0.14375 0.007484407484407485 0.6643835616438356,819023.4348121173,0.25357142857142856,802,10 394 1084 1333 43 2725 57,0.8333333333333334 1.0 0.40969696969696967 0.052670259676629104 0.2125 0.0004158004158004158 0.5958904109589042,937504.8233383949,0.23214285714285715,1227,12 14 945 2342 10 3505 16,1.0 0.030612244897959183 0.2412121212121212 0.2998530132288094 0.00625 0.32474012474012476 0.3150684931506849,1005777.3861848864,0.010714285714285714,6597,9 262 955 1724 32 2742 67,0.75 0.6632653061224489 0.25333333333333335 0.14845663890249877 0.14375 0.007484407484407485 0.6643835616438356,819023.4348121173,0.25357142857142856,802,10 394 1084 1333 43 2725 57,0.8333333333333334 1.0 0.40969696969696967 0.052670259676629104 0.2125 0.0004158004158004158 0.5958904109589042,937504.8233383949,0.23214285714285715,1227,7 32 1448 5200 29 5129 113,0.5833333333333334 0.07653061224489796 0.850909090909091 1.0 0.125 1.0 0.9794520547945206,600518.9649189688,0.5964285714285714,6893,0 2 1505 2231 169 4545 63,0.0 0.0 0.92 0.27266046055854976 1.0 0.7571725571725572 0.636986301369863,9580.869172431645,0.6928571428571428,8507,0 5 1069 2931 24 3926 35,0.0 0.007653061224489796 0.39151515151515154 0.44414502694757474 0.09375 0.4997920997920998 0.4452054794520548,5139.420791025443,0.6214285714285714,7742,7 32 1423 5200 29 5129 116,0.5833333333333334 0.07653061224489796 0.8206060606060606 1.0 0.125 1.0 1.0,600215.9551638837,0.5964285714285714,6929,0 3 1571 2346 163 4528 79,0.0 0.002551020408163265 1.0 0.3008329250367467 0.9625 0.7501039501039501 0.7465753424657534,10660.432580696579,0.6964285714285714,7966,0 6 1131 3057 25 4103 9,0.0 0.01020408163265306 0.4666666666666667 0.47501224889759924 0.1 0.5733887733887734 0.2671232876712329,6178.088089851131,0.6214285714285714,7416,11 6 746 1118 16 2799 -24,0.9166666666666666 0.01020408163265306 0.0 0.0 0.04375 0.031185031185031187 0.0410958904109589,917691.8027761342,0.010714285714285714,8713
resolved-p7d-c21d-3600-all/resolved-p7d-c21d-3600-3rd/nsp-n50-d28-r0.10-rp2-fp2-s4,4 62 1351 1312 47 4146 72,0.08333333333333333 0.16776315789473684 0.0 0.0 0.7241379310344828 0.0 0.2784090909090909,100182.34132500137,0.045714285714285714,5913,8 72 1463 1330 62 4305 47,0.4166666666666667 0.20065789473684212 0.0560280140070035 0.0017615971814445098 0.9827586206896551 0.029238690695108496 0.13636363636363635,437393.20249021467,0.03142857142857143,7059,8 72 1463 1334 63 4308 59,0.4166666666666667 0.20065789473684212 0.0560280140070035 0.002153063221765512 1.0 0.029790364104450167 0.20454545454545456,437395.3917927383,0.03142857142857143,6895.0,10 36 1964 4830 11 6031 79,0.5833333333333334 0.08223684210526316 0.30665332666333167 0.3442943824623214 0.10344827586206896 0.3466347922030158 0.3181818181818182,594981.9745502818,0.03142857142857143,6889,15 315 1918 4646 8 5456 62,1.0 1.0 0.2836418209104552 0.3262869446075553 0.05172413793103448 0.24089738874586245 0.2215909090909091,1103170.5081323017,0.22857142857142856,808,15 308 1727 5278 7 5173 39,1.0 0.9769736842105263 0.18809404702351176 0.38813857897827364 0.034482758620689655 0.18885619713129828 0.09090909090909091,1099971.8752171902,0.16285714285714287,855,10 37 1977 5349 11 6048 58,0.5833333333333334 0.08552631578947369 0.31315657828914456 0.39508710119397145 0.10344827586206896 0.3497609415226186 0.19886363636363635,595426.659097004,0.03142857142857143,6731,15 315 1918 4646 8 5456 62,1.0 1.0 0.2836418209104552 0.3262869446075553 0.05172413793103448 0.24089738874586245 0.2215909090909091,1103170.5081323017,0.22857142857142856,808,15 308 1727 5261 7 5172 41,1.0 0.9769736842105263 0.18809404702351176 0.38647484830690937 0.034482758620689655 0.18867230599485105 0.10227272727272728,1099970.221011244,0.16285714285714287,856,10 37 2102 5891 7 6287 23,0.5833333333333334 0.08552631578947369 0.375687843921961 0.44813074965746724 0.034482758620689655 0.393710923133505 0.0,596098.3594862513,0.03142857142857143,6556,15 315 1918 4646 8 5456 62,1.0 1.0 0.2836418209104552 0.3262869446075553 0.05172413793103448 0.24089738874586245 0.2215909090909091,1103170.5081323017,0.22857142857142856,808,15 308 1727 5261 7 5172 41,1.0 0.9769736842105263 0.18809404702351176 0.38647484830690937 0.034482758620689655 0.18867230599485105 0.10227272727272728,1099970.221011244,0.16285714285714287,856,12 32 3350 11530 5 9584 26,0.75 0.06907894736842106 1.0 1.0 0.0 1.0 0.017045454545454544,767917.9117822966,0.6057142857142858,5607,10 21 3044 11359 54 9003 42,0.5833333333333334 0.03289473684210526 0.8469234617308654 0.9832648267762771 0.8448275862068966 0.8931592497241633 0.10795454545454546,596168.8287672922,0.6828571428571428,3789,3 49 2488 7650 21 8464 194,0.0 0.125 0.568784392196098 0.6202779408886279 0.27586206896551724 0.7940419271791099 0.9715909090909091,18844.62007992704,0.6628571428571428,4824,12 33 3238 11300 5 9347 51,0.75 0.07236842105263158 0.9439719859929965 0.9774907026815424 0.0 0.9564178006620081 0.1590909090909091,767663.7759367904,0.6,5902,10 21 3044 11359 54 9003 47,0.5833333333333334 0.03289473684210526 0.8469234617308654 0.9832648267762771 0.8448275862068966 0.8931592497241633 0.13636363636363635,596168.8571763831,0.6828571428571428,3784,3 49 2488 7614 21 8539 199,0.0 0.125 0.568784392196098 0.6167547465257389 0.27586206896551724 0.8078337624126517 1.0,18841.263213007398,0.6628571428571428,4835,11 11 1882 4886 21 6108 34,0.6666666666666666 0.0 0.2656328164082041 0.3497749070268154 0.27586206896551724 0.360794409709452 0.0625,669704.0263887692,0.03142857142857143,8214
resolved-p7d-c21d-3600-all/resolved-p7d-c21d-3600-3rd/nsp-n20-d28-r0.10-rp2-fp2-s1,0 1 152 221 4 749 17,0.0 0.0048543689320388345 0.2 0.5058479532163743 0.02702702702702703 0.4375 0.3695652173913043,2998.732114340352,0.04285714285714286,9548,3 0 150 57 2 727 -4,0.3333333333333333 0.0 0.19344262295081968 0.02631578947368421 0.0 0.39314516129032256 0.14130434782608695,335298.1481082759,0.014285714285714285,14403,3 0 147 48 2 721 -17,0.3333333333333333 0.0 0.18360655737704917 0.0 0.0 0.3810483870967742 0.0,335173.2093909748,0.014285714285714285,14548.0,3 3 104 390 2 548 23,0.3333333333333333 0.014563106796116505 0.04262295081967213 1.0 0.0 0.03225806451612903 0.43478260869565216,336216.63088439556,0.014285714285714285,9945,0 118 379 240 41 977 52,0.0 0.5728155339805825 0.9442622950819672 0.5614035087719298 0.527027027027027 0.8971774193548387 0.75,67348.0043345461,0.6428571428571429,4973,0 120 263 269 31 813 40,0.0 0.5825242718446602 0.5639344262295082 0.6461988304093568 0.3918918918918919 0.5665322580645161 0.6195652173913043,64583.444354157684,0.5928571428571429,12846,3 3 104 390 2 542 27,0.3333333333333333 0.014563106796116505 0.04262295081967213 1.0 0.0 0.020161290322580645 0.4782608695652174,336216.5533949145,0.014285714285714285,9964,0 119 374 234 40 976 43,0.0 0.5776699029126213 0.9278688524590164 0.543859649122807 0.5135135135135135 0.8951612903225806 0.6521739130434783,67650.49360314272,0.6857142857142857,4916,0 126 274 296 37 836 45,0.0 0.6116504854368932 0.6 0.7251461988304093 0.47297297297297297 0.6129032258064516 0.6739130434782609,67944.29498511857,0.5571428571428572,11699,3 2 91 385 4 532 24,0.3333333333333333 0.009708737864077669 0.0 0.9853801169590644 0.02702702702702703 0.0 0.44565217391304346,335292.7355915768,0.014285714285714285,10493,0 112 396 279 55 1028 43,0.0 0.5436893203883495 1.0 0.6754385964912281 0.7162162162162162 1.0 0.6521739130434783,65126.64443086085,0.6857142857142857,5171,0 123 273 287 30 836 38,0.0 0.5970873786407767 0.5967213114754099 0.6988304093567251 0.3783783783783784 0.6129032258064516 0.5978260869565217,66419.34608437135,0.6142857142857143,12311,5 152 333 342 38 565 22,0.5555555555555556 0.7378640776699029 0.7934426229508197 0.8596491228070176 0.4864864864864865 0.06653225806451613 0.42391304347826086,638185.7765591339,0.014285714285714285,6926,5 188 211 256 30 623 75,0.5555555555555556 0.912621359223301 0.39344262295081966 0.6081871345029239 0.3783783783783784 0.18346774193548387 1.0,651400.977357154,0.6928571428571428,17401,9 206 313 304 76 580 41,1.0 1.0 0.7278688524590164 0.7485380116959064 1.0 0.0967741935483871 0.6304347826086957,1108128.824713004,0.7071428571428572,15274,5 148 329 345 39 569 22,0.5555555555555556 0.7184466019417476 0.780327868852459 0.868421052631579 0.5 0.07459677419354839 0.42391304347826086,636123.085371672,0.014285714285714285,7093,5 184 199 267 35 624 72,0.5555555555555556 0.8932038834951457 0.3540983606557377 0.6403508771929824 0.44594594594594594 0.18548387096774194 0.967391304347826,649104.6952134292,0.7071428571428572,17899,9 188 307 310 75 625 53,1.0 0.912621359223301 0.7081967213114754 0.7660818713450293 0.9864864864864865 0.1875 0.7608695652173914,1099211.4695250038,0.7571428571428571,17008,3 2 153 106 8 766 10,0.3333333333333333 0.009708737864077669 0.20327868852459016 0.1695906432748538 0.08108108108108109 0.4717741935483871 0.29347826086956524,336519.7039765663,0.014285714285714285,19081
resolved-p7d-c21d-3600-all/resolved-p7d-c21d-3600-3rd/nsp-n20-d28-r0.10-rp2-fp2-s3,0 0 0 0 0 84 -82,0.0 0.0 0.0 0.0 0.0 0.0 0.0,0.0,0.25,192,0 0 0 0 0 95 -43,0.0 0.0 0.0 0.0 0.0 0.3055555555555556 0.6290322580645161,3.684587813620072,0.21428571428571427,121,0 0 0 0 0 91 -39,0.0 0.0 0.0 0.0 0.0 0.19444444444444445 0.6935483870967742,2.6379928315412187,0.17857142857142858,93.0,0 0 0 0 0 102 -28,0.0 0.0 0.0 0.0 0.0 0.5 0.8709677419354839,5.870967741935484,0.07857142857142857,119,0 0 0 0 0 115 -20,0.0 0.0 0.0 0.0 0.0 0.8611111111111112 1.0,9.61111111111111,0.21428571428571427,21,0 0 0 0 0 113 -38,0.0 0.0 0.0 0.0 0.0 0.8055555555555556 0.7096774193548387,8.765232974910393,0.07857142857142857,110,0 0 0 0 0 112 -37,0.0 0.0 0.0 0.0 0.0 0.7777777777777778 0.7258064516129032,8.50358422939068,0.07857142857142857,336,0 0 0 0 0 115 -35,0.0 0.0 0.0 0.0 0.0 0.8611111111111112 0.7580645161290323,9.369175627240143,0.24285714285714285,75,0 0 0 0 0 113 -29,0.0 0.0 0.0 0.0 0.0 0.8055555555555556 0.8548387096774194,8.910394265232975,0.07857142857142857,178,0 0 0 0 0 108 -43,0.0 0.0 0.0 0.0 0.0 0.6666666666666666 0.6290322580645161,7.295698924731182,0.07857142857142857,217,0 0 0 0 0 120 -25,0.0 0.0 0.0 0.0 0.0 1.0 0.9193548387096774,10.919354838709678,0.29285714285714287,30,0 0 0 0 0 104 -37,0.0 0.0 0.0 0.0 0.0 0.5555555555555556 0.7258064516129032,6.281362007168458,0.07857142857142857,167,0 0 0 0 0 113 -42,0.0 0.0 0.0 0.0 0.0 0.8055555555555556 0.6451612903225806,8.700716845878135,0.07857142857142857,298,0 0 0 0 0 104 -20,0.0 0.0 0.0 0.0 0.0 0.5555555555555556 1.0,6.555555555555555,0.6357142857142857,60,0 0 0 0 0 106 -33,0.0 0.0 0.0 0.0 0.0 0.6111111111111112 0.7903225806451613,6.901433691756273,0.07857142857142857,310,0 0 0 0 0 113 -42,0.0 0.0 0.0 0.0 0.0 0.8055555555555556 0.6451612903225806,8.700716845878135,0.07857142857142857,298,0 0 0 0 0 104 -20,0.0 0.0 0.0 0.0 0.0 0.5555555555555556 1.0,6.555555555555555,0.6357142857142857,60,0 0 0 0 0 106 -33,0.0 0.0 0.0 0.0 0.0 0.6111111111111112 0.7903225806451613,6.901433691756273,0.07857142857142857,310,0 0 0 0 0 107 -27,0.0 0.0 0.0 0.0 0.0 0.6388888888888888 0.8870967741935484,7.275985663082436,0.07857142857142857,88
resolved-p7d-c21d-3600-all/resolved-p7d-c21d-3600-3rd/nsp-n30-d28-r0.10-rp2-fp2-s0,2 8 405 1070 12 1932 -76,0.5 0.02702702702702703 0.01620745542949757 0.10211729436012741 0.1111111111111111 0.23694029850746268 0.09497206703910614,502980.47003752104,0.01904761904761905,12076,2 8 408 1063 11 1576 -93,0.5 0.02702702702702703 0.02106969205834684 0.10080569608394228 0.09523809523809523 0.01554726368159204 0.0,503023.88460153074,0.01904761904761905,12028,2 8 395 1066 12 1915 -78,0.5 0.02702702702702703 0.0 0.10136780963087877 0.1111111111111111 0.2263681592039801 0.08379888268156424,502817.5291039194,0.01904761904761905,12146.0,2 6 501 1109 40 1707 -5,0.5 0.013513513513513514 0.17179902755267423 0.10942477047030166 0.5555555555555556 0.09701492537313433 0.49162011173184356,503235.7837222694,0.01904761904761905,10993,0 119 502 525 68 1551 53,0.0 0.777027027027027 0.17341977309562398 0.0 1.0 0.0 0.8156424581005587,79537.71607611704,0.5523809523809524,3486,0 152 670 538 67 1722 36,0.0 1.0 0.44570502431118314 0.0024358253700580853 0.9841269841269841 0.10634328358208955 0.7206703910614525,104559.68287012147,0.2761904761904762,3393,2 6 496 1069 39 1694 -13,0.5 0.013513513513513514 0.16369529983792544 0.10192992317781525 0.5396825396825397 0.08893034825870647 0.44692737430167595,503145.53875773354,0.01904761904761905,12047,0 120 501 648 47 1646 45,0.0 0.7837837837837838 0.17179902755267423 0.02304665542439573 0.6666666666666666 0.05907960199004975 0.770949720670391,80187.44372173675,0.4380952380952381,3350,0 152 670 538 67 1722 36,0.0 1.0 0.44570502431118314 0.0024358253700580853 0.9841269841269841 0.10634328358208955 0.7206703910614525,104559.68287012147,0.2761904761904762,3393,2 6 529 1199 40 1775 1,0.5 0.013513513513513514 0.2171799027552674 0.1262881768783961 0.5555555555555556 0.13930348258706468 0.5251396648044693,503706.9122858287,0.01904761904761905,10345,0 120 501 648 47 1646 44,0.0 0.7837837837837838 0.17179902755267423 0.02304665542439573 0.6666666666666666 0.05907960199004975 0.7653631284916201,80187.43813514456,0.44285714285714284,3351,0 152 670 538 67 1722 36,0.0 1.0 0.44570502431118314 0.0024358253700580853 0.9841269841269841 0.10634328358208955 0.7206703910614525,104559.68287012147,0.2761904761904762,3393,4 15 957 3739 6 3158 83,1.0 0.07432432432432433 0.9108589951377634 0.6022109799512835 0.015873015873015872 0.9993781094527363 0.9832402234636871,1017155.7976866666,0.5952380952380952,9203,2 4 961 5862 7 3050 32,0.5 0.0 0.9173419773095624 1.0 0.031746031746031744 0.9322139303482587 0.6983240223463687,510186.61483959603,0.6857142857142857,9556,2 7 1012 3187 6 2945 83,0.5 0.02027027027027027 1.0 0.498782087314971 0.015873015873015872 0.8669154228855721 0.9832402234636871,512537.0488103816,0.6428571428571429,10317,4 15 957 3808 6 3159 86,1.0 0.07432432432432433 0.9108589951377634 0.6151395915308225 0.015873015873015872 1.0 1.0,1017168.7492769281,0.5952380952380952,9163,2 4 919 4974 21 2884 27,0.5 0.0 0.8492706645056726 0.8336143901068016 0.25396825396825395 0.8289800995024875 0.6703910614525139,509360.67805261683,0.6857142857142857,10191,2 7 981 2678 10 2882 81,0.5 0.02027027027027027 0.9497568881685575 0.4034101555180813 0.07936507936507936 0.8277363184079602 0.9720670391061452,511945.1920023904,0.6428571428571429,10914,2 6 459 1625 5 1757 16,0.5 0.013513513513513514 0.10372771474878444 0.20610830054337642 0.0 0.1281094527363184 0.6089385474860335,502596.62683245743,0.01904761904761905,11563
resolved-p7d-c21d-3600-all/resolved-p7d-c21d-3600-3rd/nsp-n30-d28-r0.10-rp2-fp2-s3,5 63 640 1936 33 2316 88,0.5 0.1814814814814815 0.06690777576853527 0.6014215418261345 0.08904109589041095 0.6043859649122807 0.5083333333333333,519434.10375023115,0.014285714285714285,10326,5 63 662 1927 31 2359 84,0.5 0.1814814814814815 0.10669077757685352 0.5965008201202843 0.07534246575342465 0.6421052631578947 0.475,519825.9870432439,0.014285714285714285,10000,5 63 656 1930 32 2349 82,0.5 0.1814814814814815 0.09584086799276673 0.598141060688901 0.0821917808219178 0.6333333333333333 0.4583333333333333,519719.7087335136,0.014285714285714285,10203.0,7 61 603 1694 20 2318 94,0.7 0.17407407407407408 0.0 0.4691088026243849 0.0 0.606140350877193 0.5583333333333333,717883.1359468739,0.014285714285714285,8158,0 213 1145 928 164 1977 76,0.0 0.737037037037037 0.9801084990958409 0.05030071077091307 0.9863013698630136 0.30701754385964913 0.4083333333333333,83657.19805119126,0.48095238095238096,5446,1 284 1051 1013 131 1627 30,0.1 1.0 0.810126582278481 0.0967741935483871 0.7602739726027398 0.0 0.025,208274.09241359346,0.3476190476190476,3608,7 61 612 1739 21 2383 96,0.7 0.17407407407407408 0.0162748643761302 0.49371241115363584 0.00684931506849315 0.6631578947368421 0.575,718071.7599727765,0.014285714285714285,7720,0 213 1144 934 166 1983 78,0.0 0.737037037037037 0.9783001808318263 0.05358119190814653 1.0 0.312280701754386 0.425,83643.83451094766,0.48095238095238096,5447,1 283 1062 1027 130 1677 33,0.1 0.9962962962962963 0.8300180831826401 0.10442864953526518 0.7534246575342466 0.043859649122807015 0.05,208110.07017323596,0.3476190476190476,3963,7 61 603 1698 21 2317 91,0.7 0.17407407407407408 0.0 0.47129579004920724 0.00684931506849315 0.6052631578947368 0.5333333333333333,717885.9740938757,0.014285714285714285,8098,0 213 1075 836 162 1746 60,0.0 0.737037037037037 0.8535262206148282 0.0 0.9726027397260274 0.10438596491228071 0.275,82337.54504347371,0.37142857142857144,5470,1 284 1156 993 160 1793 27,0.1 1.0 1.0 0.08583925642427556 0.958904109589041 0.1456140350877193 0.0,210183.18580773406,0.4238095238095238,3553,10 61 818 1585 35 2583 138,1.0 0.17407407407407408 0.3887884267631103 0.40951339529797703 0.10273972602739725 0.8385964912280702 0.925,1021724.3900078515,0.5761904761904761,8874,5 16 772 2665 26 2767 138,0.5 0.007407407407407408 0.30560578661844484 1.0 0.0410958904109589 1.0 0.925,504811.83319596626,0.7476190476190476,8842,0 14 719 1619 36 2530 115,0.0 0.0 0.20976491862567812 0.42810278840896665 0.1095890410958904 0.7921052631578948 0.7333333333333333,2545.365264740249,0.7285714285714285,9854,7 79 903 1169 61 2411 139,0.7 0.24074074074074073 0.5424954792043399 0.1820667031164571 0.2808219178082192 0.6877192982456141 0.9333333333333333,729716.9882873305,0.5571428571428572,9760,4 21 722 2637 25 2594 147,0.4 0.025925925925925925 0.21518987341772153 0.9846910880262438 0.03424657534246575 0.8482456140350877 1.0,405742.08952847065,0.7476190476190476,9211,0 14 716 1590 33 2522 111,0.0 0.0 0.20433996383363473 0.41224712957900495 0.08904109589041095 0.7850877192982456 0.7,2473.101754697376,0.7285714285714285,9937,6 69 708 1938 40 2451 71,0.6 0.2037037037037037 0.189873417721519 0.6025150355385457 0.136986301369863 0.7228070175438597 0.36666666666666664,622892.9129501032,0.014285714285714285,12778
resolved-p7d-c21d-3600-all/resolved-p7d-c21d-3600-3rd/nsp-n10-d28-r0.10-rp0-fp0-s9,0 0 0 0 0 73 -43,0.0 0.0 0.0 0.0 0.0 0.0 0.0,0.0,0.4714285714285714,130,0 0 0 0 0 79 -37,0.0 0.0 0.0 0.0 0.0 0.25 0.23076923076923078,2.730769230769231,0.44285714285714284,95,0 0 0 0 0 80 -36,0.0 0.0 0.0 0.0 0.0 0.2916666666666667 0.2692307692307692,3.185897435897436,0.38571428571428573,61.0,0 0 0 0 0 97 -36,0.0 0.0 0.0 0.0 0.0 1.0 0.2692307692307692,10.26923076923077,0.18571428571428572,96,0 0 0 0 0 91 -31,0.0 0.0 0.0 0.0 0.0 0.75 0.46153846153846156,7.961538461538462,0.4,100,0 0 0 0 0 90 -27,0.0 0.0 0.0 0.0 0.0 0.7083333333333334 0.6153846153846154,7.698717948717949,0.18571428571428572,106,0 0 0 0 0 90 -34,0.0 0.0 0.0 0.0 0.0 0.7083333333333334 0.34615384615384615,7.42948717948718,0.18571428571428572,224,0 0 0 0 0 92 -36,0.0 0.0 0.0 0.0 0.0 0.7916666666666666 0.2692307692307692,8.185897435897436,0.4,156,0 0 0 0 0 90 -29,0.0 0.0 0.0 0.0 0.0 0.7083333333333334 0.5384615384615384,7.621794871794872,0.18571428571428572,160,0 0 0 0 0 93 -34,0.0 0.0 0.0 0.0 0.0 0.8333333333333334 0.34615384615384615,8.67948717948718,0.18571428571428572,290,0 0 0 0 0 93 -37,0.0 0.0 0.0 0.0 0.0 0.8333333333333334 0.23076923076923078,8.564102564102564,0.35714285714285715,104,0 0 0 0 0 88 -30,0.0 0.0 0.0 0.0 0.0 0.625 0.5,6.75,0.18571428571428572,373,0 0 0 0 0 86 -35,0.0 0.0 0.0 0.0 0.0 0.5416666666666666 0.3076923076923077,5.724358974358974,0.18571428571428572,173,0 0 0 0 0 92 -17,0.0 0.0 0.0 0.0 0.0 0.7916666666666666 1.0,8.916666666666666,0.5285714285714286,167,0 0 0 0 0 90 -30,0.0 0.0 0.0 0.0 0.0 0.7083333333333334 0.5,7.583333333333334,0.18571428571428572,95,0 0 0 0 0 86 -35,0.0 0.0 0.0 0.0 0.0 0.5416666666666666 0.3076923076923077,5.724358974358974,0.18571428571428572,173,0 0 0 0 0 92 -17,0.0 0.0 0.0 0.0 0.0 0.7916666666666666 1.0,8.916666666666666,0.5285714285714286,167,0 0 0 0 0 90 -32,0.0 0.0 0.0 0.0 0.0 0.7083333333333334 0.4230769230769231,7.506410256410257,0.18571428571428572,96,0 0 0 0 0 90 -26,0.0 0.0 0.0 0.0 0.0 0.7083333333333334 0.6538461538461539,7.737179487179488,0.21428571428571427,159
resolved-p7d-c21d-3600-all/resolved-p7d-c21d-3600-3rd/nsp-n50-d28-r0.10-rp2-fp2-s1,0 6 1773 7132 6 6220 -59,0.0 0.017241379310344827 0.34066901408450706 0.5386641580432737 0.029850746268656716 0.6246565934065934 0.4325,5679.156370483759,0.02857142857142857,4135,4 29 1690 3421 23 5793 -31,0.17391304347826086 0.08333333333333333 0.2676056338028169 0.18955785512699905 0.2835820895522388 0.47802197802197804 0.5025,185145.6319334848,0.014285714285714285,6321,4 26 1728 2730 36 5464 -23,0.17391304347826086 0.07471264367816093 0.301056338028169 0.12455315145813735 0.47761194029850745 0.36504120879120877 0.5225,184571.35848393454,0.014285714285714285,7087.0,7 18 1969 5458 5 6246 -28,0.30434782608695654 0.05172413793103448 0.5132042253521126 0.38118532455315146 0.014925373134328358 0.6335851648351648 0.51,315041.805847096,0.014285714285714285,2922,12 338 1576 3862 10 4799 -9,0.5217391304347826 0.9712643678160919 0.16725352112676056 0.2310442144873001 0.08955223880597014 0.13667582417582416 0.5575,620780.026124269,0.14,1678,12 336 1593 3847 10 4805 -8,0.5217391304347826 0.9655172413793104 0.18221830985915494 0.22963311382878646 0.08955223880597014 0.13873626373626374 0.56,620353.5733716519,0.14,1688,8 18 1971 5734 4 6243 -42,0.34782608695652173 0.05172413793103448 0.5149647887323944 0.40714957666980245 0.0 0.632554945054945 0.475,358562.0987630695,0.014285714285714285,2820,11 348 1386 3139 12 4401 -15,0.4782608695652174 1.0 0.0 0.16302916274694262 0.11940298507462686 0.0 0.5425,578436.3815264718,0.14,1694,12 336 1593 3847 10 4805 -8,0.5217391304347826 0.9655172413793104 0.18221830985915494 0.22963311382878646 0.08955223880597014 0.13873626373626374 0.56,620353.5733716519,0.14,1688,8 19 1961 5747 4 6217 -48,0.34782608695652173 0.05459770114942529 0.5061619718309859 0.4083725305738476 0.0 0.6236263736263736 0.46,358762.54558408423,0.014285714285714285,2803,11 348 1386 3139 12 4401 -15,0.4782608695652174 1.0 0.0 0.16302916274694262 0.11940298507462686 0.0 0.5425,578436.3815264718,0.14,1694,12 336 1593 3847 10 4805 -8,0.5217391304347826 0.9655172413793104 0.18221830985915494 0.22963311382878646 0.08955223880597014 0.13873626373626374 0.56,620353.5733716519,0.14,1688,3 81 1660 1406 60 5030 97,0.13043478260869565 0.23275862068965517 0.24119718309859156 0.0 0.835820895522388 0.21600274725274726 0.8225,156209.18112567184,0.014285714285714285,2441,0 0 2194 4291 51 6754 108,0.0 0.0 0.7112676056338029 0.2714016933207902 0.7014925373134329 0.8080357142857143 0.85,7463.1573605330195,0.6314285714285715,2885,0 0 1713 2482 71 6141 158,0.0 0.0 0.2878521126760563 0.10122295390404515 1.0 0.5975274725274725 0.975,3086.694355389883,0.6428571428571429,2228,3 81 1660 1406 60 5030 97,0.13043478260869565 0.23275862068965517 0.24119718309859156 0.0 0.835820895522388 0.21600274725274726 0.8225,156209.18112567184,0.014285714285714285,2441,0 0 2190 4016 46 6707 119,0.0 0.0 0.7077464788732394 0.24553151458137348 0.6268656716417911 0.7918956043956044 0.8775,7394.479326521902,0.6314285714285715,2961,0 0 1575 1901 70 5732 168,0.0 0.0 0.16637323943661972 0.04656632173095014 0.9850746268656716 0.4570741758241758 1.0,1814.3769205419562,0.6571428571428571,2592,23 12 2522 12036 5 7313 -232,1.0 0.034482758620689655 1.0 1.0 0.014925373134328358 1.0 0.0,1014459.7683993824,0.014285714285714285,8030
resolved-p7d-c21d-3600-all/resolved-p7d-c21d-3600-3rd/nsp-n20-d28-r0.10-rp2-fp2-s7,0 0 0 0 0 52 -67,0.0 0.0 0.0 0.0 0.0 0.12903225806451613 0.05,1.3403225806451613,0.32857142857142857,345,0 0 0 0 0 48 -60,0.0 0.0 0.0 0.0 0.0 0.0 0.225,0.225,0.32857142857142857,341,0 0 0 0 0 62 -49,0.0 0.0 0.0 0.0 0.0 0.45161290322580644 0.5,5.016129032258064,0.24285714285714285,292.0,0 0 0 0 0 68 -51,0.0 0.0 0.0 0.0 0.0 0.6451612903225806 0.45,6.901612903225806,0.17857142857142858,335,0 0 0 0 0 71 -30,0.0 0.0 0.0 0.0 0.0 0.7419354838709677 0.975,8.394354838709678,0.44285714285714284,25,0 0 0 0 0 68 -50,0.0 0.0 0.0 0.0 0.0 0.6451612903225806 0.475,6.926612903225806,0.17857142857142858,251,0 0 0 0 0 69 -45,0.0 0.0 0.0 0.0 0.0 0.6774193548387096 0.6,7.374193548387096,0.17857142857142858,263,0 0 0 0 0 79 -32,0.0 0.0 0.0 0.0 0.0 1.0 0.925,10.925,0.32142857142857145,25,0 0 0 0 0 64 -56,0.0 0.0 0.0 0.0 0.0 0.5161290322580645 0.325,5.486290322580645,0.17857142857142858,216,0 0 0 0 0 64 -44,0.0 0.0 0.0 0.0 0.0 0.5161290322580645 0.625,5.786290322580645,0.17857142857142858,220,0 0 0 0 0 66 -36,0.0 0.0 0.0 0.0 0.0 0.5806451612903226 0.825,6.631451612903226,0.40714285714285714,101,0 0 0 0 0 63 -69,0.0 0.0 0.0 0.0 0.0 0.4838709677419355 0.0,4.838709677419355,0.17857142857142858,240,0 0 0 0 0 65 -59,0.0 0.0 0.0 0.0 0.0 0.5483870967741935 0.25,5.733870967741935,0.17857142857142858,286,0 0 0 0 0 67 -29,0.0 0.0 0.0 0.0 0.0 0.6129032258064516 1.0,7.129032258064516,0.5571428571428572,216,0 0 0 0 0 70 -52,0.0 0.0 0.0 0.0 0.0 0.7096774193548387 0.425,7.521774193548388,0.17857142857142858,228,0 0 0 0 0 65 -59,0.0 0.0 0.0 0.0 0.0 0.5483870967741935 0.25,5.733870967741935,0.17857142857142858,286,0 0 0 0 0 67 -29,0.0 0.0 0.0 0.0 0.0 0.6129032258064516 1.0,7.129032258064516,0.5571428571428572,216,0 0 0 0 0 70 -52,0.0 0.0 0.0 0.0 0.0 0.7096774193548387 0.425,7.521774193548388,0.17857142857142858,228,0 0 0 0 0 65 -63,0.0 0.0 0.0 0.0 0.0 0.5483870967741935 0.15,5.633870967741935,0.17857142857142858,78
resolved-p7d-c21d-3600-all/resolved-p7d-c21d-3600-3rd/nsp-n40-d28-r0.10-rp2-fp2-s8,0 0 0 0 0 238 -147,0.0 0.0 0.0 0.0 0.0 0.0 0.40298507462686567,0.40298507462686567,0.18928571428571428,298,0 0 0 0 0 340 -136,0.0 0.0 0.0 0.0 0.0 0.6496815286624203 0.5671641791044776,7.063979465728681,0.15714285714285714,177,0 0 0 0 0 339 -127,0.0 0.0 0.0 0.0 0.0 0.643312101910828 0.7014925373134329,7.134613556421713,0.1392857142857143,118.0,0 0 0 0 0 328 -132,0.0 0.0 0.0 0.0 0.0 0.5732484076433121 0.6268656716417911,6.359349748074912,0.1,181,0 0 0 0 0 395 -146,0.0 0.0 0.0 0.0 0.0 1.0 0.417910447761194,10.417910447761194,0.36428571428571427,39,0 0 0 0 0 351 -136,0.0 0.0 0.0 0.0 0.0 0.7197452229299363 0.5671641791044776,7.764616408403841,0.1,214,0 0 0 0 0 357 -140,0.0 0.0 0.0 0.0 0.0 0.7579617834394905 0.5074626865671642,8.087080520962068,0.1,269,0 0 0 0 0 394 -125,0.0 0.0 0.0 0.0 0.0 0.9936305732484076 0.7313432835820896,10.667649016066166,0.2642857142857143,25,0 0 0 0 0 358 -122,0.0 0.0 0.0 0.0 0.0 0.7643312101910829 0.7761194029850746,8.419431504895902,0.1,150,0 0 0 0 0 353 -119,0.0 0.0 0.0 0.0 0.0 0.732484076433121 0.8208955223880597,8.14573628671927,0.1,147,0 0 0 0 0 393 -116,0.0 0.0 0.0 0.0 0.0 0.9872611464968153 0.8656716417910447,10.738283106759196,0.29642857142857143,27,0 0 0 0 0 346 -118,0.0 0.0 0.0 0.0 0.0 0.6878980891719745 0.835820895522388,7.714801787242132,0.1,94,0 0 0 0 0 356 -115,0.0 0.0 0.0 0.0 0.0 0.7515923566878981 0.8805970149253731,8.396520581804355,0.1,465,0 0 0 0 0 368 -116,0.0 0.0 0.0 0.0 0.0 0.8280254777070064 0.8656716417910447,9.145926418861109,0.5571428571428572,99,0 0 0 0 0 355 -107,0.0 0.0 0.0 0.0 0.0 0.7452229299363057 1.0,8.452229299363058,0.1,286,0 0 0 0 0 356 -114,0.0 0.0 0.0 0.0 0.0 0.7515923566878981 0.8955223880597015,8.411445954938683,0.1,464,0 0 0 0 0 368 -116,0.0 0.0 0.0 0.0 0.0 0.8280254777070064 0.8656716417910447,9.145926418861109,0.5571428571428572,99,0 0 0 0 0 355 -107,0.0 0.0 0.0 0.0 0.0 0.7452229299363057 1.0,8.452229299363058,0.1,286,0 0 0 0 0 375 -174,0.0 0.0 0.0 0.0 0.0 0.8726114649681529 0.0,8.726114649681529,0.1,42
resolved-p7d-c21d-3600-all/resolved-p7d-c21d-3600-3rd/nsp-n10-d28-r0.10-rp0-fp0-s6,0 1 2 0 0 81 -30,0.0 0.02127659574468085 0.030303030303030304 0.0 0.0 0.0 0.02702702702702703,2430.716904525415,0.3142857142857143,12771,0 1 2 0 0 88 -30,0.0 0.02127659574468085 0.030303030303030304 0.0 0.0 0.028688524590163935 0.02702702702702703,2431.0037897713164,0.3142857142857143,12824,0 1 2 0 0 92 -21,0.0 0.02127659574468085 0.030303030303030304 0.0 0.0 0.045081967213114756 0.2702702702702703,2431.410967440789,0.3,12804.0,2 0 0 0 0 88 -26,0.4 0.0 0.0 0.0 0.0 0.028688524590163935 0.13513513513513514,400000.422020381,0.0,13161,0 1 2 0 0 106 -20,0.0 0.02127659574468085 0.030303030303030304 0.0 0.0 0.10245901639344263 0.2972972972972973,2432.0117649596195,0.4,9844,0 1 2 0 0 109 -25,0.0 0.02127659574468085 0.030303030303030304 0.0 0.0 0.11475409836065574 0.16216216216216217,2431.9995806441566,0.05714285714285714,21857,2 0 0 0 0 88 -23,0.4 0.0 0.0 0.0 0.0 0.028688524590163935 0.21621621621621623,400000.5031014621,0.0,13159,0 1 2 0 0 106 -19,0.0 0.02127659574468085 0.030303030303030304 0.0 0.0 0.10245901639344263 0.32432432432432434,2432.0387919866466,0.4,9842,0 1 2 0 0 115 -15,0.0 0.02127659574468085 0.030303030303030304 0.0 0.0 0.13934426229508196 0.43243243243243246,2432.515752553771,0.05714285714285714,21836,2 0 0 0 0 88 -26,0.4 0.0 0.0 0.0 0.0 0.028688524590163935 0.13513513513513514,400000.422020381,0.0,13161,0 1 2 0 0 106 -21,0.0 0.02127659574468085 0.030303030303030304 0.0 0.0 0.10245901639344263 0.2702702702702703,2431.9847379325925,0.42857142857142855,9845,0 1 2 0 0 115 -15,0.0 0.02127659574468085 0.030303030303030304 0.0 0.0 0.13934426229508196 0.43243243243243246,2432.515752553771,0.05714285714285714,21836,2 43 65 41 9 311 5,0.4 0.9148936170212766 0.9848484848484849 1.0 1.0 0.9426229508196722 0.972972972972973,502448.2457530937,0.0,30990,0 1 2 0 0 94 -25,0.0 0.02127659574468085 0.030303030303030304 0.0 0.0 0.05327868852459016 0.16216216216216217,2431.384826545796,0.5571428571428572,11652,0 1 2 0 0 166 -20,0.0 0.02127659574468085 0.030303030303030304 0.0 0.0 0.3483606557377049 0.2972972972972973,2434.470781353062,0.07142857142857142,16455,5 47 66 27 6 325 6,1.0 1.0 1.0 0.6585365853658537 0.6666666666666666 1.0 1.0,1110736.2032520326,0.02857142857142857,28383,0 1 2 0 0 94 -24,0.0 0.02127659574468085 0.030303030303030304 0.0 0.0 0.05327868852459016 0.1891891891891892,2431.411853572823,0.5571428571428572,11651,0 1 2 0 0 108 -23,0.0 0.02127659574468085 0.030303030303030304 0.0 0.0 0.11065573770491803 0.21621621621621623,2432.0126510916534,0.07142857142857142,16526,2 0 0 0 0 89 -31,0.4 0.0 0.0 0.0 0.0 0.03278688524590164 0.0,400000.3278688525,0.0,10765
resolved-p7d-c21d-3600-all/resolved-p7d-c21d-3600-3rd/nsp-n40-d28-r0.10-rp2-fp2-s4,1 4 788 6976 3 3631 -145,0.09090909090909091 0.0 0.0 1.0 0.0 0.4967793880837359 0.0,91914.05870297174,0.08214285714285714,2844,10 26 831 1409 37 3002 0,0.9090909090909091 0.052132701421800945 0.05046948356807512 0.033674709251866 0.3148148148148148 0.24355877616747182 0.5141843971631206,914876.980031662,0.010714285714285714,8397,10 26 868 1422 36 3057 -1,0.9090909090909091 0.052132701421800945 0.09389671361502347 0.03593126193369207 0.3055555555555556 0.26570048309178745 0.5106382978723404,915312.8008298575,0.010714285714285714,7400.0,11 10 997 2702 12 3530 -68,1.0 0.014218009478672985 0.24530516431924881 0.2581149106057976 0.08333333333333333 0.4561191626409018 0.2730496453900709,1004146.1350762707,0.010714285714285714,7963,8 426 939 1413 55 2397 1,0.7272727272727273 1.0 0.1772300469483568 0.034369033153966326 0.48148148148148145 0.0 0.5177304964539007,829128.0626540094,0.29285714285714287,1095,7 342 906 1237 21 2627 47,0.6363636363636364 0.8009478672985783 0.13849765258215962 0.003818781461551814 0.16666666666666666 0.09259259259259259 0.6808510638297872,717865.4918444337,0.32142857142857145,1034,11 9 997 2703 13 3531 -66,1.0 0.011848341232227487 0.24530516431924881 0.25828849158132267 0.09259259259259259 0.45652173913043476 0.2801418439716312,1003910.2788764911,0.010714285714285714,8112,8 426 938 1413 55 2398 1,0.7272727272727273 1.0 0.176056338028169 0.034369033153966326 0.48148148148148145 0.00040257648953301127 0.5177304964539007,829116.3295905724,0.29285714285714287,1096,5 417 927 1215 34 2622 55,0.45454545454545453 0.9786729857819905 0.16314553990610328 0.0 0.28703703703703703 0.09057971014492754 0.7092198581560284,554074.5272433779,0.32142857142857145,1043,11 10 997 2702 12 3530 -56,1.0 0.014218009478672985 0.24530516431924881 0.2581149106057976 0.08333333333333333 0.4561191626409018 0.31560283687943264,1004146.1776294622,0.010714285714285714,7951,8 426 939 1413 55 2397 1,0.7272727272727273 1.0 0.1772300469483568 0.034369033153966326 0.48148148148148145 0.0 0.5177304964539007,829128.0626540094,0.29285714285714287,1095,7 342 906 1237 21 2627 47,0.6363636363636364 0.8009478672985783 0.13849765258215962 0.003818781461551814 0.16666666666666666 0.09259259259259259 0.6808510638297872,717865.4918444337,0.32142857142857145,1034,9 53 1397 3419 47 4625 126,0.8181818181818182 0.11611374407582939 0.7147887323943662 0.38257247005728173 0.4074074074074074 0.8969404186795491 0.9609929078014184,837374.3235212375,0.5214285714285715,7214,3 30 1484 4012 27 4881 111,0.2727272727272727 0.061611374407582936 0.8169014084507042 0.4855059885436556 0.2222222222222222 1.0 0.9078014184397163,287576.0602647224,0.675,5321,0 15 1595 2858 91 4746 97,0.0 0.026066350710900472 0.9471830985915493 0.2851935427877105 0.8148148148148148 0.9456521739130435 0.8581560283687943,12455.455759042232,0.6535714285714286,6582,8 62 1414 2702 111 4356 137,0.7272727272727273 0.13744075829383887 0.7347417840375586 0.2581149106057976 1.0 0.788647342995169 1.0,748731.2223265225,0.5178571428571429,8269,3 28 1474 3851 26 4860 106,0.2727272727272727 0.05687203791469194 0.8051643192488263 0.45755945148411736 0.21296296296296297 0.9915458937198067 0.8900709219858156,286955.7809888698,0.675,5433,0 16 1640 3168 78 4866 86,0.0 0.02843601895734597 1.0 0.33900364520048604 0.6944444444444444 0.9939613526570048 0.8191489361702128,13262.808747842268,0.6535714285714286,6002,10 13 960 1626 38 3747 -121,0.9090909090909091 0.02132701421800948 0.20187793427230047 0.07134178094080888 0.32407407407407407 0.5434782608695652 0.0851063829787234,913351.6589327729,0.010714285714285714,10082
resolved-p7d-c21d-3600-all/resolved-p7d-c21d-3600-3rd/nsp-n10-d28-r0.10-rp0-fp0-s8,0 1 0 2 0 84 -31,0.0 0.0 0.0 0.0 0.0 0.008948545861297539 0.0,0.08948545861297538,0.32857142857142857,9888,0 1 0 2 0 80 -30,0.0 0.0 0.0 0.0 0.0 0.0 0.024390243902439025,0.024390243902439025,0.2857142857142857,9854,0 1 0 2 0 85 -25,0.0 0.0 0.0 0.0 0.0 0.011185682326621925 0.14634146341463414,0.2581982866808534,0.24285714285714285,9833.0,1 1 0 2 0 91 -24,1.0 0.0 0.0 0.0 0.0 0.024608501118568233 0.17073170731707318,1000000.4168167185,0.02857142857142857,5668,0 1 0 2 0 101 -19,0.0 0.0 0.0 0.0 0.0 0.04697986577181208 0.2926829268292683,0.7624815845473891,0.4,11810,0 1 0 2 0 94 -24,0.0 0.0 0.0 0.0 0.0 0.03131991051454139 0.17073170731707318,0.48393081246248704,0.04285714285714286,10863,1 1 0 2 0 91 -22,1.0 0.0 0.0 0.0 0.0 0.024608501118568233 0.21951219512195122,1000000.4655972063,0.02857142857142857,5667,0 1 0 2 0 102 -15,0.0 0.0 0.0 0.0 0.0 0.049217002237136466 0.3902439024390244,0.882413924810389,0.22857142857142856,11804,0 1 0 2 0 94 -24,0.0 0.0 0.0 0.0 0.0 0.03131991051454139 0.17073170731707318,0.48393081246248704,0.04285714285714286,10863,1 1 0 2 0 91 -22,1.0 0.0 0.0 0.0 0.0 0.024608501118568233 0.21951219512195122,1000000.4655972063,0.02857142857142857,5667,0 1 0 2 0 102 -17,0.0 0.0 0.0 0.0 0.0 0.049217002237136466 0.34146341463414637,0.833633437005511,0.22857142857142856,11805,0 1 0 2 0 94 -25,0.0 0.0 0.0 0.0 0.0 0.03131991051454139 0.14634146341463414,0.459540568560048,0.04285714285714286,10864,1 1 0 2 0 93 -15,1.0 0.0 0.0 0.0 0.0 0.029082774049217 0.3902439024390244,1000000.6810716429,0.02857142857142857,11062,1 29 81 78 20 502 5,1.0 0.717948717948718 0.6694214876033058 0.8941176470588236 0.6666666666666666 0.9440715883668904 0.8780487804878049,1079460.1897492944,0.6857142857142857,33278,0 30 121 87 30 493 1,0.0 0.7435897435897436 1.0 1.0 1.0 0.9239373601789709 0.7804878048780488,85468.99422038102,0.6857142857142857,28528,1 1 0 2 0 93 -15,1.0 0.0 0.0 0.0 0.0 0.029082774049217 0.3902439024390244,1000000.6810716429,0.02857142857142857,11062,1 40 102 86 26 463 10,1.0 1.0 0.8429752066115702 0.9882352941176471 0.8666666666666667 0.8568232662192393 1.0,1109514.2222595622,0.7285714285714285,25397,0 25 94 67 23 527 5,0.0 0.6153846153846154 0.7768595041322314 0.7647058823529411 0.7666666666666667 1.0 0.8780487804878049,70159.30717758395,0.6857142857142857,29416,1 1 0 2 0 87 -22,1.0 0.0 0.0 0.0 0.0 0.015659955257270694 0.21951219512195122,1000000.3761117477,0.02857142857142857,14832
resolved-p7d-c21d-3600-all/resolved-p7d-c21d-3600-3rd/nsp-n50-d28-r0.10-rp2-fp2-s6,3 22 1638 2618 29 5245 -10,0.0 0.05394190871369295 0.11645379413974455 0.016761768901569187 0.27586206896551724 0.07618623301403431 0.341991341991342,6604.180642236993,0.014285714285714285,7572,3 22 1556 2604 29 5245 -9,0.0 0.05394190871369295 0.054845980465815174 0.015097479790775083 0.27586206896551724 0.07618623301403431 0.3463203463203463,5986.442545391234,0.014285714285714285,7655,3 22 1531 2608 30 5245 -5,0.0 0.05394190871369295 0.03606311044327573 0.015572990965287685 0.29310344827586204 0.07618623301403431 0.36363636363636365,5800.830810288702,0.014285714285714285,7695.0,3 12 1483 2485 17 4930 -89,0.0 0.012448132780082987 0.0 0.0009510223490252021 0.06896551724137931 0.00601470260637113 0.0,1252.7209991075256,0.014285714285714285,6294,6 230 1640 3220 27 4916 -2,0.2727272727272727 0.91701244813278 0.1179564237415477 0.08832620066571564 0.2413793103448276 0.0028959679215860993 0.37662337662337664,365720.9514927222,0.34,1240,3 250 1496 3309 28 5011 17,0.0 1.0 0.009767092411720512 0.09890632429862102 0.25862068965517243 0.02405881042548452 0.4588744588744589,100223.13877994448,0.2571428571428571,2716,3 11 1604 2477 45 4903 -79,0.0 0.008298755186721992 0.09090909090909091 0.0 0.5517241379310345 0.0 0.04329004329004329,1794.1821315995019,0.014285714285714285,6383,6 230 1640 3220 28 4916 -7,0.2727272727272727 0.91701244813278 0.1179564237415477 0.08832620066571564 0.25862068965517243 0.0028959679215860993 0.354978354978355,365722.6539856316,0.34,1239,3 250 1496 3309 28 5011 17,0.0 1.0 0.009767092411720512 0.09890632429862102 0.25862068965517243 0.02405881042548452 0.4588744588744589,100223.13877994448,0.2571428571428571,2716,3 12 1562 2638 17 5056 -63,0.0 0.012448132780082987 0.059353869271224644 0.01913932477413219 0.06896551724137931 0.0340833147694364 0.11255411255411256,1864.8412344790638,0.014285714285714285,5824,6 230 1640 3220 27 4916 -2,0.2727272727272727 0.91701244813278 0.1179564237415477 0.08832620066571564 0.2413793103448276 0.0028959679215860993 0.37662337662337664,365720.9514927222,0.34,1240,3 250 1496 3309 28 5011 17,0.0 1.0 0.009767092411720512 0.09890632429862102 0.25862068965517243 0.02405881042548452 0.4588744588744589,100223.13877994448,0.2571428571428571,2716,14 54 2749 8963 16 8533 87,1.0 0.18672199170124482 0.9511645379413974 0.7710413694721826 0.05172413793103448 0.8086433504121185 0.7619047619047619,1028968.9066710698,0.6085714285714285,5252,4 78 2393 4850 71 7275 142,0.09090909090909091 0.2863070539419087 0.6836964688204358 0.28209700427960055 1.0 0.5284027623078636 1.0,126765.14202338882,0.6857142857142857,5060,9 20 2673 9711 16 9080 62,0.5454545454545454 0.04564315352697095 0.8940646130728775 0.859961959106039 0.05172413793103448 0.9304967698819336 0.6536796536796536,559834.5999582229,0.6428571428571429,4824,14 54 2749 9069 16 8554 71,1.0 0.18672199170124482 0.9511645379413974 0.7836424155967665 0.05172413793103448 0.8133214524392961 0.6926406926406926,1028981.4852341453,0.6085714285714285,5193,4 72 2280 4637 69 7096 138,0.09090909090909091 0.26141078838174275 0.5987978963185575 0.25677603423680456 0.9655172413793104 0.48852751169525505 0.9826839826839827,123397.34442792513,0.6857142857142857,5368,11 16 2814 10889 13 9392 33,0.7272727272727273 0.029045643153526972 1.0 1.0 0.0 1.0 0.5281385281385281,741187.8197266081,0.6428571428571429,4431,4 9 1552 3324 24 5435 -10,0.09090909090909091 0.0 0.051840721262208865 0.10068949120304327 0.1896551724137931 0.11851191802183114 0.341991341991342,91548.68024067963,0.014285714285714285,7930
resolved-p7d-c21d-3600-all/resolved-p7d-c21d-3600-3rd/nsp-n40-d28-r0.10-rp2-fp2-s5,14 113 1352 4090 26 4336 -50,0.3 0.0 0.996219281663516 0.8291759465478842 0.01834862385321101 0.8761363636363636 0.0,310801.9649892047,0.017857142857142856,8851,14 113 1352 4075 26 4336 -46,0.3 0.0 0.996219281663516 0.8258351893095769 0.01834862385321101 0.8761363636363636 0.026845637583892617,310798.651077604,0.017857142857142856,8934,15 113 1352 4093 26 4337 -49,0.3333333333333333 0.0 0.996219281663516 0.8298440979955457 0.01834862385321101 0.8764204545454546 0.006711409395973154,344135.9760263042,0.017857142857142856,8632.0,10 115 1156 4122 24 4029 -38,0.16666666666666666 0.004640371229698376 0.8109640831758034 0.8363028953229399 0.0 0.7889204545454546 0.08053691275167785,176084.61725817568,0.017857142857142856,2616,5 419 1211 1104 102 3006 91,0.0 0.7099767981438515 0.8629489603024575 0.1641425389755011 0.7155963302752294 0.49829545454545454 0.9463087248322147,79868.80085268304,0.4107142857142857,4890,12 312 918 1995 77 3071 84,0.23333333333333334 0.4617169373549884 0.5860113421550095 0.3625835189309577 0.48623853211009177 0.5167613636363636 0.8993288590604027,285782.4148050197,0.14285714285714285,6532,10 115 1156 4114 24 4029 -40,0.16666666666666666 0.004640371229698376 0.8109640831758034 0.8345211581291759 0.0 0.7889204545454546 0.06711409395973154,176082.82209816313,0.017857142857142856,2619,6 383 1197 1152 95 3062 99,0.03333333333333333 0.6264501160092807 0.8497164461247637 0.17483296213808464 0.6513761467889908 0.5142045454545454 1.0,104721.62201778057,0.3607142857142857,4880,12 312 918 1995 77 3071 84,0.23333333333333334 0.4617169373549884 0.5860113421550095 0.3625835189309577 0.48623853211009177 0.5167613636363636 0.8993288590604027,285782.4148050197,0.14285714285714285,6532,10 115 1156 4218 24 4029 -41,0.16666666666666666 0.004640371229698376 0.8109640831758034 0.8576837416481069 0.0 0.7889204545454546 0.06040268456375839,176105.97797027265,0.017857142857142856,2603,6 383 1197 1152 95 3062 99,0.03333333333333333 0.6264501160092807 0.8497164461247637 0.17483296213808464 0.6513761467889908 0.5142045454545454 1.0,104721.62201778057,0.3607142857142857,4880,12 315 945 2008 78 3114 84,0.23333333333333334 0.46867749419953597 0.611531190926276 0.3654788418708241 0.4954128440366973 0.5289772727272727 0.8993288590604027,286737.6038904105,0.14285714285714285,6283,34 544 797 997 133 1653 58,0.9666666666666667 1.0 0.4716446124763705 0.1403118040089087 1.0 0.11392045454545455 0.7248322147651006,1071625.2886321994,0.017857142857142856,2269,21 416 365 665 64 1327 57,0.5333333333333333 0.703016241299304 0.06332703213610585 0.06636971046770601 0.3669724770642202 0.02130681818181818 0.7181208053691275,604372.2259317861,0.7821428571428571,6318,18 436 298 367 35 1252 52,0.43333333333333335 0.7494199535962877 0.0 0.0 0.10091743119266056 0.0 0.6845637583892618,508286.1049998398,0.7928571428571428,5919,35 532 771 994 126 1601 54,1.0 0.9721577726218097 0.44706994328922495 0.13964365256124722 0.9357798165137615 0.09914772727272728 0.697986577181208,1101921.3877931358,0.017857142857142856,2221,22 383 329 605 54 1289 46,0.5666666666666667 0.6264501160092807 0.02930056710775047 0.053006681514476614 0.27522935779816515 0.010511363636363636 0.6442953020134228,629685.9629649048,0.7821428571428571,5971,18 407 377 407 40 1259 54,0.43333333333333335 0.6821345707656613 0.07466918714555766 0.008908685968819599 0.14678899082568808 0.0019886363636363634 0.697986577181208,502317.7877393473,0.7928571428571428,8060,18 115 1356 4857 25 4772 -29,0.43333333333333335 0.004640371229698376 1.0 1.0 0.009174311926605505 1.0 0.14093959731543623,444808.42882709316,0.017857142857142856,9582
resolved-p7d-c21d-3600-all/resolved-p7d-c21d-3600-3rd/nsp-n20-d28-r0.10-rp2-fp2-s0,0 0 0 0 0 61 -60,0.0 0.0 0.0 0.0 0.0 0.0 0.0,0.0,0.2714285714285714,302,0 0 0 0 0 65 -50,0.0 0.0 0.0 0.0 0.0 0.14814814814814814 0.3125,1.7939814814814814,0.17857142857142858,192,0 0 0 0 0 71 -57,0.0 0.0 0.0 0.0 0.0 0.37037037037037035 0.09375,3.7974537037037033,0.15714285714285714,191.0,0 0 0 0 0 80 -35,0.0 0.0 0.0 0.0 0.0 0.7037037037037037 0.78125,7.818287037037037,0.08571428571428572,273,0 0 0 0 0 88 -28,0.0 0.0 0.0 0.0 0.0 1.0 1.0,11.0,0.37857142857142856,31,0 0 0 0 0 81 -59,0.0 0.0 0.0 0.0 0.0 0.7407407407407407 0.03125,7.4386574074074066,0.08571428571428572,136,0 0 0 0 0 72 -38,0.0 0.0 0.0 0.0 0.0 0.4074074074074074 0.6875,4.7615740740740735,0.08571428571428572,249,0 0 0 0 0 83 -38,0.0 0.0 0.0 0.0 0.0 0.8148148148148148 0.6875,8.835648148148147,0.3142857142857143,50,0 0 0 0 0 76 -51,0.0 0.0 0.0 0.0 0.0 0.5555555555555556 0.28125,5.836805555555555,0.08571428571428572,324,0 0 0 0 0 82 -39,0.0 0.0 0.0 0.0 0.0 0.7777777777777778 0.65625,8.434027777777779,0.08571428571428572,142,0 0 0 0 0 74 -48,0.0 0.0 0.0 0.0 0.0 0.48148148148148145 0.375,5.189814814814815,0.3142857142857143,26,0 0 0 0 0 72 -57,0.0 0.0 0.0 0.0 0.0 0.4074074074074074 0.09375,4.1678240740740735,0.08571428571428572,78,0 0 0 0 0 75 -37,0.0 0.0 0.0 0.0 0.0 0.5185185185185185 0.71875,5.903935185185185,0.08571428571428572,352,0 0 0 0 0 83 -28,0.0 0.0 0.0 0.0 0.0 0.8148148148148148 1.0,9.148148148148147,0.42142857142857143,75,0 0 0 0 0 81 -58,0.0 0.0 0.0 0.0 0.0 0.7407407407407407 0.0625,7.4699074074074066,0.08571428571428572,244,0 0 0 0 0 75 -34,0.0 0.0 0.0 0.0 0.0 0.5185185185185185 0.8125,5.997685185185185,0.08571428571428572,350,0 0 0 0 0 83 -28,0.0 0.0 0.0 0.0 0.0 0.8148148148148148 1.0,9.148148148148147,0.42142857142857143,75,0 0 0 0 0 81 -58,0.0 0.0 0.0 0.0 0.0 0.7407407407407407 0.0625,7.4699074074074066,0.08571428571428572,244,0 0 0 0 0 81 -53,0.0 0.0 0.0 0.0 0.0 0.7407407407407407 0.21875,7.6261574074074066,0.08571428571428572,172
resolved-p7d-c21d-3600-all/resolved-p7d-c21d-3600-3rd/nsp-n10-d28-r0.10-rp0-fp0-s1,0 1 0 1 0 104 -33,0.0 0.0 0.0 0.019230769230769232 0.0 0.04090909090909091 0.06451612903225806,19.7043762688924,0.45714285714285713,14537,0 1 0 1 0 97 -31,0.0 0.0 0.0 0.019230769230769232 0.0 0.025 0.12903225806451613,19.60980148883375,0.5428571428571428,14324,0 1 0 4 0 98 -33,0.0 0.0 0.0 0.07692307692307693 0.0 0.02727272727272727 0.06451612903225806,77.26032032483647,0.45714285714285713,14475.0,4 2 1 0 0 86 -34,1.0 0.07692307692307693 0.02 0.0 0.0 0.0 0.03225806451612903,1007892.3399503722,0.014285714285714285,3822,0 1 0 0 0 101 -34,0.0 0.0 0.0 0.0 0.0 0.03409090909090909 0.03225806451612903,0.37316715542521994,0.5428571428571428,10404,0 1 0 0 0 97 -32,0.0 0.0 0.0 0.0 0.0 0.025 0.0967741935483871,0.3467741935483871,0.4,5637,4 2 1 0 0 86 -35,1.0 0.07692307692307693 0.02 0.0 0.0 0.0 0.0,1007892.3076923077,0.014285714285714285,3823,0 1 0 0 0 101 -31,0.0 0.0 0.0 0.0 0.0 0.03409090909090909 0.12903225806451613,0.469941348973607,0.5428571428571428,10401,0 1 0 0 0 101 -29,0.0 0.0 0.0 0.0 0.0 0.03409090909090909 0.1935483870967742,0.5344574780058651,0.4,5634,4 2 1 0 0 86 -33,1.0 0.07692307692307693 0.02 0.0 0.0 0.0 0.06451612903225806,1007892.3722084367,0.014285714285714285,3821,0 1 0 0 0 101 -31,0.0 0.0 0.0 0.0 0.0 0.03409090909090909 0.12903225806451613,0.469941348973607,0.5428571428571428,10401,0 1 0 0 0 101 -30,0.0 0.0 0.0 0.0 0.0 0.03409090909090909 0.16129032258064516,0.5021994134897361,0.4,5635,4 2 1 0 0 116 -22,1.0 0.07692307692307693 0.02 0.0 0.0 0.06818181818181818 0.41935483870967744,1007893.4088653282,0.014285714285714285,12197,1 14 44 52 17 516 -7,0.25 1.0 0.88 1.0 1.0 0.9772727272727273 0.9032258064516129,359910.6759530792,0.7,33156,0 1 18 30 14 358 -21,0.0 0.0 0.36 0.5769230769230769 0.8235294117647058 0.6181818181818182 0.45161290322580644,4265.909449184592,0.5571428571428572,25612,4 2 1 0 0 101 -27,1.0 0.07692307692307693 0.02 0.0 0.0 0.03409090909090909 0.25806451612903225,1007892.9066659147,0.014285714285714285,12210,0 9 50 51 13 526 -4,0.0 0.6153846153846154 1.0 0.9807692307692307 0.7647058823529411 1.0 1.0,72606.70135746607,0.7,33868,0 1 17 32 14 361 -20,0.0 0.0 0.34 0.6153846153846154 0.8235294117647058 0.625 0.4838709677419355,4104.471427528829,0.5285714285714286,25646,4 2 1 0 0 108 -25,1.0 0.07692307692307693 0.02 0.0 0.0 0.05 0.3225806451612903,1007893.1302729528,0.014285714285714285,13048
resolved-p7d-c21d-3600-all/resolved-p7d-c21d-3600-3rd/nsp-n30-d28-r0.10-rp2-fp2-s6,3 56 593 1427 32 2335 42,0.3333333333333333 0.013043478260869565 0.04632152588555858 0.5369220151828847 0.07633587786259542 0.9021739130434783 0.43636363636363634,335654.9101240118,0.009523809523809525,11116,3 56 593 1441 31 2335 41,0.3333333333333333 0.013043478260869565 0.04632152588555858 0.546583850931677 0.06870229007633588 0.9021739130434783 0.41818181818181815,335663.79041916376,0.009523809523809525,10826,3 56 593 1434 31 2334 38,0.3333333333333333 0.013043478260869565 0.04632152588555858 0.5417529330572809 0.06870229007633588 0.9008152173913043 0.36363636363636365,335658.8913688783,0.009523809523809525,11053.0,3 55 559 1968 22 2208 22,0.3333333333333333 0.008695652173913044 0.0 0.9102829537612146 0.0 0.7296195652173914 0.07272727272727272,335120.55042741075,0.009523809523809525,3349,0 236 959 651 135 1671 46,0.0 0.7956521739130434 0.5449591280653951 0.0013802622498274672 0.8625954198473282 0.0 0.509090909090909,85102.95756710194,0.40476190476190477,5258,0 283 1153 649 128 1818 67,0.0 1.0 0.8092643051771117 0.0 0.8091603053435115 0.19972826086956522 0.8909090909090909,108176.44727400507,0.35714285714285715,5207,3 103 581 1917 29 2100 37,0.3333333333333333 0.21739130434782608 0.02997275204359673 0.8750862663906143 0.05343511450381679 0.5828804347826086 0.34545454545454546,356258.79532528616,0.009523809523809525,3460,0 236 959 652 135 1706 71,0.0 0.7956521739130434 0.5449591280653951 0.002070393374741201 0.8625954198473282 0.04755434782608696 0.9636363636363636,85104.57778715967,0.29523809523809524,5245,0 283 1153 649 128 1818 67,0.0 1.0 0.8092643051771117 0.0 0.8091603053435115 0.19972826086956522 0.8909090909090909,108176.44727400507,0.35714285714285715,5207,3 103 583 2037 29 2114 38,0.3333333333333333 0.21739130434782608 0.0326975476839237 0.9579020013802623 0.05343511450381679 0.6019021739130435 0.36363636363636365,356369.0674158886,0.009523809523809525,3320,0 236 959 659 137 1748 73,0.0 0.7956521739130434 0.5449591280653951 0.006901311249137336 0.8778625954198473 0.10461956521739131 1.0,85111.54243840158,0.3047619047619048,5192,0 283 1153 649 128 1818 67,0.0 1.0 0.8092643051771117 0.0 0.8091603053435115 0.19972826086956522 0.8909090909090909,108176.44727400507,0.35714285714285715,5207,6 232 1228 1005 153 2135 32,0.6666666666666666 0.7782608695652173 0.9114441416893733 0.24568668046928915 1.0 0.6304347826086957 0.2545454545454545,753959.440613832,0.009523809523809525,4233,4 197 1211 690 119 1911 68,0.4444444444444444 0.6260869565217392 0.888283378746594 0.028295376121463076 0.7404580152671756 0.32608695652173914 0.9090909090909091,516042.4850222068,0.7380952380952381,8843,7 198 1236 738 130 1896 62,0.7777777777777778 0.6304347826086957 0.9223433242506812 0.06142167011732229 0.8244274809160306 0.30570652173913043 0.8,850192.4107645805,0.8,7642,9 267 1293 987 138 2021 38,1.0 0.9304347826086956 1.0 0.23326432022084195 0.8854961832061069 0.47554347826086957 0.36363636363636365,1103370.4112705572,0.009523809523809525,3657,4 197 1211 690 119 1911 67,0.4444444444444444 0.6260869565217392 0.888283378746594 0.028295376121463076 0.7404580152671756 0.32608695652173914 0.8909090909090909,516042.4668403886,0.7380952380952381,8844,6 201 1222 719 131 1899 62,0.6666666666666666 0.6434782608695652 0.9032697547683923 0.04830917874396135 0.8320610687022901 0.30978260869565216 0.8,740182.6034130083,0.8,8780,4 53 619 2098 27 2407 18,0.4444444444444444 0.0 0.08174386920980926 1.0 0.03816793893129771 1.0 0.0,446275.6999304357,0.009523809523809525,11209
resolved-p7d-c21d-3600-all/resolved-p7d-c21d-3600-3rd/nsp-n20-d28-r0.10-rp2-fp2-s5,4 3 179 961 5 862 32,1.0 0.016666666666666666 0.19236016371077763 1.0 0.03125 0.3994732221246708 0.4157303370786517,1004597.8037663328,0.007142857142857143,17240,4 3 178 957 4 839 17,1.0 0.016666666666666666 0.19099590723055934 0.995475113122172 0.0 0.37928007023705007 0.24719101123595505,1004576.1408438081,0.007142857142857143,17463,3 3 164 668 4 791 21,0.75 0.016666666666666666 0.17189631650750342 0.668552036199095 0.0 0.33713784021071114 0.29213483146067415,754057.8453811744,0.007142857142857143,18596.0,3 5 192 434 6 833 11,0.75 0.03333333333333333 0.2100954979536153 0.40384615384615385 0.0625 0.3740122914837577 0.1797752808988764,755848.3043649114,0.007142857142857143,19181,0 69 310 577 31 961 63,0.0 0.5666666666666667 0.3710777626193724 0.5656108597285068 0.84375 0.4863915715539947 0.7640449438202247,61033.058113248255,0.7,13081,0 112 276 464 36 812 41,0.0 0.925 0.3246930422919509 0.43778280542986425 1.0 0.3555750658472344 0.5168539325842697,96288.78583294043,0.5571428571428572,14238,3 5 209 429 5 877 20,0.75 0.03333333333333333 0.23328785811732605 0.39819004524886875 0.03125 0.41264266900790164 0.2808988764044944,756071.934285322,0.007142857142857143,16769,0 65 303 532 33 932 65,0.0 0.5333333333333333 0.3615279672578445 0.5147058823529411 0.90625 0.46093064091308167 0.7865168539325843,57559.339711527784,0.7,14988,0 121 290 465 30 806 58,0.0 1.0 0.34379263301500684 0.43891402714932126 0.8125 0.35030728709394204 0.7078651685393258,103962.30129533887,0.4714285714285714,12038,3 5 206 428 4 867 18,0.75 0.03333333333333333 0.2291950886766712 0.39705882352941174 0.0 0.4038630377524144 0.25842696629213485,756026.6401009733,0.007142857142857143,17530,0 65 304 534 32 940 64,0.0 0.5333333333333333 0.36289222373806274 0.5169683257918553 0.875 0.4679543459174715 0.7752808988764045,57572.17872086387,0.7,14850,0 112 276 463 36 796 42,0.0 0.925 0.3246930422919509 0.43665158371040724 1.0 0.3415276558384548 0.5280898876404494,96287.52537307594,0.5571428571428572,14295,4 48 768 774 25 1546 84,1.0 0.39166666666666666 0.9959072305593452 0.7884615384615384 0.65625 1.0 1.0,1049990.8255107217,0.4785714285714286,15447,0 1 77 77 13 591 51,0.0 0.0 0.05320600272851296 0.0 0.28125 0.16154521510096576 0.6292134831460674,562.4296929192853,0.6785714285714286,17514,0 1 38 97 13 407 20,0.0 0.0 0.0 0.02262443438914027 0.28125 0.0 0.2808988764044944,51.03033326554476,0.5071428571428571,16098,4 48 771 771 25 1546 83,1.0 0.39166666666666666 1.0 0.7850678733031674 0.65625 1.0 0.9887640449438202,1050028.348304015,0.4785714285714286,15366,0 1 74 102 26 659 35,0.0 0.0 0.04911323328785812 0.02828054298642534 0.6875 0.2212467076382792 0.449438202247191,590.8247811436365,0.7142857142857143,18497,0 1 38 91 12 425 41,0.0 0.0 0.0 0.01583710407239819 0.25 0.015803336259877086 0.5168539325842697,41.51199136758123,0.5071428571428571,16374,3 4 161 286 5 747 -5,0.75 0.025 0.16780354706684858 0.23642533936651583 0.03125 0.29850746268656714 0.0,754420.5708846619,0.007142857142857143,18915
resolved-p7d-c21d-3600-all/resolved-p7d-c21d-3600-3rd/nsp-n40-d28-r0.10-rp2-fp2-s6,13 12 1288 4309 7 4678 -59,1.0 0.006134969325153374 0.41486359360301034 0.39918809201623817 0.03184713375796178 0.6110635871114913 0.048484848484848485,1005170.664794657,0.010714285714285714,10576,12 12 1252 3906 6 4594 -65,0.9166666666666666 0.006134969325153374 0.380997177798683 0.3496124984622955 0.025477707006369428 0.587111491303108 0.012121212121212121,921448.1788824569,0.010714285714285714,10920,12 12 1252 3877 6 4587 -67,0.9166666666666666 0.006134969325153374 0.380997177798683 0.3460450239881904 0.025477707006369428 0.5851154833190761 0.0,921444.5793266908,0.010714285714285714,10965.0,6 15 1086 3428 2 3626 -19,0.4166666666666667 0.015337423312883436 0.22483537158984007 0.2908106778201501 0.0 0.3110921015112632 0.2909090909090909,420742.9752217796,0.010714285714285714,8072,5 271 847 1147 21 2536 47,0.3333333333333333 0.8006134969325154 0.0 0.010210357977611021 0.12101910828025478 0.00028514399771884804 0.6909090909090909,413417.6890559214,0.17142857142857143,1338,5 336 942 1088 41 2554 48,0.3333333333333333 1.0 0.08936970837253057 0.0029523926682248737 0.2484076433121019 0.005417735956658112 0.696969696969697,434255.5747211146,0.17857142857142858,2083,9 16 1179 3863 4 3874 -33,0.6666666666666666 0.018404907975460124 0.3123236124176858 0.3443227949317259 0.012738853503184714 0.3818078129455375 0.20606060606060606,671980.014407407,0.010714285714285714,6846,5 271 847 1146 21 2535 50,0.3333333333333333 0.8006134969325154 0.0 0.010087341616434986 0.12101910828025478 0.0 0.7090909090909091,413417.5813699384,0.17142857142857143,1339,6 270 992 1441 23 2846 41,0.4166666666666667 0.7975460122699386 0.13640639698965193 0.04637716816336573 0.1337579617834395 0.08867978329056174 0.6545454545454545,497846.6261711862,0.17857142857142858,1703,6 15 1086 3527 3 3629 -15,0.4166666666666667 0.015337423312883436 0.22483537158984007 0.30298929757657767 0.006369426751592357 0.3119475335044197 0.3151515151515151,420755.8235809554,0.010714285714285714,7907,5 271 847 1147 21 2536 47,0.3333333333333333 0.8006134969325154 0.0 0.010210357977611021 0.12101910828025478 0.00028514399771884804 0.6909090909090909,413417.6890559214,0.17142857142857143,1338,5 336 945 1064 38 2566 47,0.3333333333333333 1.0 0.09219190968955786 0.0 0.22929936305732485 0.008839463929284289 0.6909090909090909,434278.96167026483,0.17857142857142858,1967,10 11 1900 8944 3 6025 10,0.75 0.003067484662576687 0.9905926622765757 0.969368926067167 0.006369426751592357 0.9951525520387796 0.4666666666666667,761193.0991499528,0.575,4346,3 29 1476 4636 18 5194 98,0.16666666666666666 0.05828220858895705 0.5917215428033866 0.43941444212080205 0.10191082802547771 0.7581978899344168 1.0,178870.29045741892,0.65,6812,1 30 1408 2186 159 4353 85,0.0 0.06134969325153374 0.5277516462841016 0.13802435723951287 1.0 0.5183917878528657 0.9212121212121213,11656.615275233646,0.6678571428571428,7362,11 10 1910 9193 2 6042 10,0.8333333333333334 0.0 1.0 1.0 0.0 1.0 0.4666666666666667,844343.8,0.575,4202,3 29 1507 5132 19 5320 89,0.16666666666666666 0.05828220858895705 0.6208842897460018 0.5004305572641161 0.10828025477707007 0.7941260336469917 0.9454545454545454,179223.87572064612,0.65,6577,1 29 1392 2107 88 4264 92,0.0 0.05828220858895705 0.5126999059266227 0.12830606470660597 0.5477707006369427 0.4930139720558882 0.9636363636363636,11144.196829016428,0.6678571428571428,7512,4 16 1041 2604 16 3910 -31,0.25 0.018404907975460124 0.18250235183443086 0.18944519621109607 0.08917197452229299 0.392072996863416 0.21818181818181817,253868.01562134046,0.010714285714285714,9786
resolved-p7d-c21d-3600-all/resolved-p7d-c21d-3600-3rd/nsp-n30-d28-r0.10-rp2-fp2-s1,4 6 640 2290 18 2142 17,0.8 0.02054794520547945 0.5216763005780347 0.5609249925882004 0.2361111111111111 0.3840304182509506 0.4,807860.3339342101,0.009523809523809525,9571,4 6 614 2190 19 2091 1,0.8 0.02054794520547945 0.4841040462427746 0.5312777942484436 0.25 0.35632808256382403 0.08,807455.7560580497,0.009523809523809525,10666,4 6 614 2190 19 2090 10,0.8 0.02054794520547945 0.4841040462427746 0.5312777942484436 0.25 0.35578489951113523 0.26,807455.9306262193,0.009523809523809525,10670.0,4 11 341 1749 17 1705 -2,0.8 0.03767123287671233 0.08959537572254335 0.4005336495701156 0.2222222222222222 0.14665942422596415 0.02,805087.3195109313,0.009523809523809525,5281,0 175 659 587 68 1798 47,0.0 0.5993150684931506 0.5491329479768786 0.05603320486214053 0.9305555555555556 0.19717544812601848 1.0,65574.8968439828,0.5095238095238095,3069,1 292 657 1085 73 1641 32,0.2 1.0 0.546242774566474 0.20367625259412986 1.0 0.11189570885388377 0.7,305767.9229553474,0.30952380952380953,2911,4 11 341 1749 17 1705 -2,0.8 0.03767123287671233 0.08959537572254335 0.4005336495701156 0.2222222222222222 0.14665942422596415 0.02,805087.3195109313,0.009523809523809525,5281,0 174 638 551 72 1673 39,0.0 0.5958904109589042 0.5187861271676301 0.04536021345982805 0.9861111111111112 0.12927756653992395 0.84,64923.006467803054,0.41904761904761906,3085,1 292 657 1084 72 1640 29,0.2 1.0 0.546242774566474 0.20337978061073228 0.9861111111111112 0.11135252580119501 0.64,305766.1721626446,0.30952380952380953,2923,5 11 438 2421 11 2007 -3,1.0 0.03767123287671233 0.22976878612716764 0.5997628224132819 0.1388888888888889 0.3107007061379685 0.0,1006681.5698673065,0.009523809523809525,3431,0 175 659 587 68 1798 47,0.0 0.5993150684931506 0.5491329479768786 0.05603320486214053 0.9305555555555556 0.19717544812601848 1.0,65574.8968439828,0.5095238095238095,3069,1 292 657 1084 72 1640 30,0.2 1.0 0.546242774566474 0.20337978061073228 0.9861111111111112 0.11135252580119501 0.66,305766.1921626446,0.30952380952380953,2922,4 1 337 562 28 1617 25,0.8 0.003424657534246575 0.0838150289017341 0.0486214052772013 0.375 0.09885931558935361 0.56,801268.2860408751,0.009523809523809525,6141,0 0 789 3255 9 2940 20,0.0 0.0 0.7369942196531792 0.8470204565668544 0.1111111111111111 0.8174904942965779 0.46,8236.708669152724,0.6571428571428571,4747,0 0 911 3615 1 3096 29,0.0 0.0 0.9132947976878613 0.9537503705899792 0.0 0.9022270505160239 0.64,10096.360617973753,0.5571428571428572,4554,4 1 279 398 38 1435 46,0.8 0.003424657534246575 0.0 0.0 0.5138888888888888 0.0 0.98,800394.8346423135,0.009523809523809525,7011,0 0 763 3256 9 2903 29,0.0 0.0 0.6994219653179191 0.847316928550252 0.1111111111111111 0.7973927213470939 0.64,7861.261620054025,0.6571428571428571,4961,0 0 971 3771 1 3276 29,0.0 0.0 1.0 1.0 0.0 1.0 0.64,11010.64,0.5571428571428572,4206,5 3 468 1890 12 2159 -3,1.0 0.010273972602739725 0.273121387283237 0.44233619922917283 0.1527777777777778 0.3932645301466594 0.0,1004220.1577554147,0.009523809523809525,12883
resolved-p7d-c21d-3600-all/resolved-p7d-c21d-3600-3rd/nsp-n50-d28-r0.10-rp2-fp2-s0,10 94 1963 2191 92 6213 62,0.1875 0.017467248908296942 0.00282258064516129 0.16078706957132818 0.31666666666666665 0.5335591133004927 0.84375,189473.5837746523,0.02,6330,10 93 1956 2161 90 6202 51,0.1875 0.015283842794759825 0.0 0.15657062543921293 0.3055555555555556 0.5301724137931034 0.7864583333333334,189221.598642942,0.02,6527,10 93 1956 2103 90 6181 58,0.1875 0.015283842794759825 0.0 0.14841883345045678 0.3055555555555556 0.5237068965517241 0.8229166666666666,189213.41865411418,0.02,6674.0,8 95 2334 4809 36 7190 5,0.125 0.019650655021834062 0.15241935483870966 0.5287420941672523 0.005555555555555556 0.8343596059113301 0.546875,129027.44717135243,0.02,2967,7 544 2520 1554 169 4857 40,0.09375 1.0 0.22741935483870968 0.07125790583274771 0.7444444444444445 0.11607142857142858 0.7291666666666666,196171.78577961668,0.18857142857142858,556,4 539 2025 1663 137 4480 92,0.0 0.9890829694323144 0.027822580645161292 0.08657765284609979 0.5666666666666667 0.0 1.0,99330.76706919582,0.29714285714285715,1060,8 97 2350 4821 35 7201 -7,0.125 0.024017467248908297 0.1588709677419355 0.5304286718200983 0.0 0.8377463054187192 0.484375,129529.74691218448,0.02,2911,7 544 2520 1553 170 4857 39,0.09375 1.0 0.22741935483870968 0.07111735769501054 0.75 0.11607142857142858 0.7239583333333334,196172.19557870115,0.18857142857142858,557,4 539 2025 1663 137 4480 92,0.0 0.9890829694323144 0.027822580645161292 0.08657765284609979 0.5666666666666667 0.0 1.0,99330.76706919582,0.29714285714285715,1060,8 95 2278 4722 36 7030 0,0.125 0.019650655021834062 0.12983870967741937 0.516514406184118 0.005555555555555556 0.7850985221674877 0.5208333333333334,128788.89437925228,0.02,3069,8 451 2791 1717 154 5502 46,0.125 0.7969432314410481 0.33669354838709675 0.09416725228390724 0.6611111111111111 0.3146551724137931 0.7604166666666666,208225.44395976161,0.28285714285714286,518,4 539 2025 1663 137 4480 92,0.0 0.9890829694323144 0.027822580645161292 0.08657765284609979 0.5666666666666667 0.0 1.0,99330.76706919582,0.29714285714285715,1060,36 532 4019 2339 141 4526 11,1.0 0.9737991266375546 0.8318548387096775 0.18158819395643008 0.5888888888888889 0.01416256157635468 0.578125,1105939.6578843133,0.02,1207,10 191 4436 1047 208 6439 32,0.1875 0.2292576419213974 1.0 0.0 0.9611111111111111 0.6031403940886699 0.6875,220528.59420719172,0.7914285714285715,4982,15 332 3924 1345 136 5163 43,0.34375 0.537117903930131 0.7935483870967742 0.041883345045678144 0.5611111111111111 0.2102832512315271 0.7447916666666666,405498.11634431663,0.8057142857142857,4098,36 532 4019 2339 141 4526 11,1.0 0.9737991266375546 0.8318548387096775 0.18158819395643008 0.5888888888888889 0.01416256157635468 0.578125,1105939.6578843133,0.02,1207,9 230 4372 1091 215 6371 44,0.15625 0.314410480349345 0.9741935483870968 0.0061841180604357 1.0 0.5822044334975369 0.75,197545.73968120088,0.7914285714285715,5090,16 337 3972 1349 129 5130 46,0.375 0.5480349344978166 0.8129032258064516 0.042445537596626844 0.5222222222222223 0.2001231527093596 0.7604166666666666,438029.95511585876,0.8057142857142857,3880,18 86 2641 8162 41 7728 -100,0.4375 0.0 0.2762096774193548 1.0 0.03333333333333333 1.0 0.0,441275.4301075269,0.02,7779
resolved-p7d-c21d-3600-all/resolved-p7d-c21d-3600-3rd/nsp-n50-d28-r0.10-rp2-fp2-s9,0 0 0 0 0 330 -167,0.0 0.0 0.0 0.0 0.0 0.0 0.05970149253731343,0.05970149253731343,0.18,426,0 0 0 0 0 394 -167,0.0 0.0 0.0 0.0 0.0 0.31683168316831684 0.05970149253731343,3.228018324220482,0.1457142857142857,314,0 0 0 0 0 419 -169,0.0 0.0 0.0 0.0 0.0 0.4405940594059406 0.029850746268656716,4.435791340328063,0.12571428571428572,283.0,0 0 0 0 0 401 -153,0.0 0.0 0.0 0.0 0.0 0.35148514851485146 0.26865671641791045,3.7835082015664248,0.07428571428571429,181,0 0 0 0 0 406 -146,0.0 0.0 0.0 0.0 0.0 0.37623762376237624 0.373134328358209,4.1355105659819715,0.3742857142857143,41,0 0 0 0 0 448 -137,0.0 0.0 0.0 0.0 0.0 0.5841584158415841 0.5074626865671642,6.349046844983006,0.07428571428571429,195,0 0 0 0 0 389 -128,0.0 0.0 0.0 0.0 0.0 0.29207920792079206 0.6417910447761194,3.56258312398404,0.07428571428571429,156,0 0 0 0 0 532 -104,0.0 0.0 0.0 0.0 0.0 1.0 1.0,11.0,0.29714285714285715,34,0 0 0 0 0 421 -141,0.0 0.0 0.0 0.0 0.0 0.4504950495049505 0.44776119402985076,4.952711689079356,0.07428571428571429,141,0 0 0 0 0 448 -171,0.0 0.0 0.0 0.0 0.0 0.5841584158415841 0.0,5.841584158415841,0.07428571428571429,330,0 0 0 0 0 524 -133,0.0 0.0 0.0 0.0 0.0 0.9603960396039604 0.5671641791044776,10.17112457514408,0.3314285714285714,44,0 0 0 0 0 448 -133,0.0 0.0 0.0 0.0 0.0 0.5841584158415841 0.5671641791044776,6.408748337520319,0.07428571428571429,171,0 0 0 0 0 443 -133,0.0 0.0 0.0 0.0 0.0 0.5594059405940595 0.5671641791044776,6.1612235850450725,0.07428571428571429,582,0 0 0 0 0 478 -152,0.0 0.0 0.0 0.0 0.0 0.7326732673267327 0.2835820895522388,7.610314762819565,0.5514285714285714,146,0 0 0 0 0 485 -127,0.0 0.0 0.0 0.0 0.0 0.7673267326732673 0.6567164179104478,8.32998374464312,0.07428571428571429,371,0 0 0 0 0 443 -133,0.0 0.0 0.0 0.0 0.0 0.5594059405940595 0.5671641791044776,6.1612235850450725,0.07428571428571429,582,0 0 0 0 0 453 -127,0.0 0.0 0.0 0.0 0.0 0.6089108910891089 0.6567164179104478,6.745825328801537,0.5228571428571429,148,0 0 0 0 0 485 -127,0.0 0.0 0.0 0.0 0.0 0.7673267326732673 0.6567164179104478,8.32998374464312,0.07428571428571429,371,0 0 0 0 0 447 -141,0.0 0.0 0.0 0.0 0.0 0.5792079207920792 0.44776119402985076,6.239840401950643,0.09142857142857143,79
resolved-p7d-c21d-3600-all/resolved-p7d-c21d-3600-2nd/nsp-n50-d28-r0.10-rp2-fp2-s8,23 66 3374 6288 90 9707 -32,0.4838709677419355 0.0087527352297593 0.09199718375968083 0.8839103869653768 0.00686106346483705 1.0 0.281437125748503,486561.09103294584,0.005714285714285714,7641,23 66 3310 6186 91 9641 -30,0.4838709677419355 0.0087527352297593 0.07697723539075334 0.8665987780040734 0.008576329331046312 0.9879715691634773 0.2934131736526946,486393.64315862145,0.005714285714285714,7865,23 66 3320 6184 90 9650 -37,0.4838709677419355 0.0087527352297593 0.07932410232339826 0.8662593346911066 0.00686106346483705 0.9896118097320941 0.25149700598802394,486416.57534428634,0.005714285714285714,7824.0,23 62 3248 6663 86 8718 -79,0.4838709677419355 0.0 0.062426660408354845 0.9475560081466395 0.0 0.8197557864042282 0.0,485450.9879120297,0.005714285714285714,2218,11 498 3629 1557 253 5512 56,0.0967741935483871 0.9540481400437637 0.15184229054212625 0.08095723014256619 0.2864493996569468 0.2354656460725351 0.8083832335329342,193810.19566798725,0.06857142857142857,1385,9 444 3358 1090 248 5231 76,0.03225806451612903 0.8358862144420132 0.08824219666744895 0.0016972165648336728 0.27787307032590053 0.18425369054127938 0.9281437125748503,116761.36313122025,0.26571428571428574,1589,23 62 3244 6673 86 8714 -79,0.4838709677419355 0.0 0.061487913635296876 0.9492532247114732 0.0 0.8190267905959541 0.0,485443.2903709059,0.005714285714285714,2232,11 498 3629 1557 253 5512 56,0.0967741935483871 0.9540481400437637 0.15184229054212625 0.08095723014256619 0.2864493996569468 0.2354656460725351 0.8083832335329342,193810.19566798725,0.06857142857142857,1385,8 519 3210 1148 229 5151 88,0.0 1.0 0.05350856606430415 0.011541072640868975 0.24528301886792453 0.16967377437579734 1.0,100573.85177291447,0.26571428571428574,1606,21 71 3186 6019 88 8587 -51,0.41935483870967744 0.019693654266958426 0.047876085425956345 0.838255261371351 0.003430531732418525 0.7958811736832513 0.16766467065868262,422649.68978158495,0.005714285714285714,2319,11 498 3629 1557 253 5512 56,0.0967741935483871 0.9540481400437637 0.15184229054212625 0.08095723014256619 0.2864493996569468 0.2354656460725351 0.8083832335329342,193810.19566798725,0.06857142857142857,1385,9 444 3358 1090 248 5231 76,0.03225806451612903 0.8358862144420132 0.08824219666744895 0.0016972165648336728 0.27787307032590053 0.18425369054127938 0.9281437125748503,116761.36313122025,0.26571428571428574,1589,39 452 7226 3134 667 6923 26,1.0 0.8533916849015317 0.9960103262145036 0.3486082824168364 0.9965694682675815 0.4926189174412247 0.6287425149700598,1095753.0919132312,0.005714285714285714,1601,16 421 3089 1774 230 4228 61,0.25806451612903225 0.7855579868708972 0.025111476179300634 0.1177868295994569 0.2469982847341338 0.001457991616548205 0.8383233532934131,337014.7691392573,0.7857142857142857,5220,24 333 2982 1080 172 4333 56,0.5161290322580645 0.5929978118161926 0.0 0.0 0.14751286449399656 0.020594131583743392 0.8083832335329342,575444.5790506825,0.8,5137,39 452 7243 3124 669 6957 23,1.0 0.8533916849015317 1.0 0.3469110658520027 1.0 0.4988153818115546 0.6107784431137725,1095791.6784882664,0.005714285714285714,1534,16 421 3089 1772 230 4220 61,0.25806451612903225 0.7855579868708972 0.025111476179300634 0.11744738628649015 0.2469982847341338 0.0 0.8383233532934131,337014.41511602816,0.7857142857142857,5228,24 333 2982 1080 172 4333 56,0.5161290322580645 0.5929978118161926 0.0 0.0 0.14751286449399656 0.020594131583743392 0.8083832335329342,575444.5790506825,0.8,5137,24 63 3370 6972 93 8999 -71,0.5161290322580645 0.002188183807439825 0.09105843698662286 1.0 0.012006861063464836 0.8709677419354839 0.04790419161676647,518268.393276392,0.005714285714285714,8232
resolved-p7d-c21d-3600-all/resolved-p7d-c21d-3600-2nd/nsp-n30-d28-r0.10-rp2-fp2-s5,2 4 450 457 18 1961 25,0.25 0.010498687664041995 0.3813387423935091 0.008764241893076249 0.06666666666666667 0.5203657522859518 0.3157894736842105,254884.20654589558,0.009523809523809525,12010,2 4 652 445 17 1938 22,0.25 0.010498687664041995 0.7910750507099391 0.0035056967572304996 0.05333333333333334 0.5012468827930174 0.2631578947368421,258974.7339303168,0.009523809523809525,11913,2 4 449 437 18 1942 29,0.25 0.010498687664041995 0.3793103448275862 0.0 0.06666666666666667 0.5045719035743973 0.38596491228070173,254855.07056529477,0.009523809523809525,12092.0,2 1 399 715 19 1868 64,0.25 0.0026246719160104987 0.2778904665314402 0.12182296231375986 0.08 0.44305901911886947 1.0,253176.6254094204,0.009523809523809525,3749,1 381 755 940 88 1832 57,0.125 1.0 1.0 0.22042068361086767 1.0 0.41313383208645055 0.8771929824561403,235325.42921491418,0.5142857142857142,2494,0 304 622 709 58 1335 53,0.0 0.7979002624671916 0.7302231237322515 0.11919368974583698 0.6 0.0 0.8070175438596491,87272.25819133138,0.12857142857142856,1809,2 1 351 684 23 1746 60,0.25 0.0026246719160104987 0.18052738336713997 0.10823838737949168 0.13333333333333333 0.341645885286783 0.9298245614035088,252193.65902939954,0.009523809523809525,4606,1 381 755 940 88 1832 57,0.125 1.0 1.0 0.22042068361086767 1.0 0.41313383208645055 0.8771929824561403,235325.42921491418,0.5142857142857142,2494,0 304 653 712 56 1470 56,0.0 0.7979002624671916 0.7931034482758621 0.12050832602979843 0.5733333333333334 0.11221945137157108 0.8596491228070176,87900.88423247745,0.13333333333333333,1807,2 1 326 633 23 1685 44,0.25 0.0026246719160104987 0.12981744421906694 0.08588957055214724 0.13333333333333333 0.29093931837073983 0.6491228070175439,251663.42305366794,0.009523809523809525,4907,1 381 755 940 88 1832 57,0.125 1.0 1.0 0.22042068361086767 1.0 0.41313383208645055 0.8771929824561403,235325.42921491418,0.5142857142857142,2494,0 304 622 709 58 1335 53,0.0 0.7979002624671916 0.7302231237322515 0.11919368974583698 0.6 0.0 0.8070175438596491,87272.25819133138,0.12857142857142856,1809,2 1 262 452 16 1381 57,0.25 0.0026246719160104987 0.0 0.006573181419807186 0.04 0.038237738985868665 0.8771929824561403,250274.29994339318,0.009523809523809525,6856,0 0 514 2582 13 2172 15,0.0 0.0 0.5111561866125761 0.9399649430324277 0.0 0.6957605985037406 0.14035087719298245,6058.62476602042,0.6761904761904762,5926,0 0 612 1965 19 2478 49,0.0 0.0 0.7099391480730223 0.6695880806310254 0.08 0.9501246882793017 0.7368421052631579,7787.217650349304,0.5857142857142857,5947,2 1 263 458 16 1377 59,0.25 0.0026246719160104987 0.002028397565922921 0.009202453987730062 0.04 0.034912718204488775 0.9122807017543859,250297.2150291318,0.009523809523809525,6841,0 0 514 2719 13 2205 7,0.0 0.0 0.5111561866125761 1.0 0.0 0.7231920199501247 0.0,6118.793786325263,0.6761904761904762,5816,0 0 612 1981 19 2538 57,0.0 0.0 0.7099391480730223 0.6765994741454864 0.08 1.0 0.8771929824561403,7794.868147858165,0.5857142857142857,5891,8 4 560 2283 16 2231 32,1.0 0.010498687664041995 0.6044624746450304 0.8089395267309377 0.04 0.744804655029094 0.43859649122807015,1007915.319682627,0.009523809523809525,12749
resolved-p7d-c21d-3600-all/resolved-p7d-c21d-3600-2nd/nsp-n40-d28-r0.10-rp2-fp2-s1,7 12 1132 3716 15 4070 -101,0.7777777777777778 0.021806853582554516 0.25882352941176473 0.3695501730103806 0.16666666666666666 0.4653913043478261 0.07655502392344497,782937.6457378953,0.014285714285714285,9697,7 12 1127 3720 16 4087 -92,0.7777777777777778 0.021806853582554516 0.25429864253393664 0.3701038062283737 0.18518518518518517 0.47130434782608693 0.11961722488038277,782894.9045468227,0.014285714285714285,9862,6 12 1121 3698 14 4036 -95,0.6666666666666666 0.021806853582554516 0.248868778280543 0.36705882352941177 0.14814814814814814 0.45356521739130434 0.10526315789473684,671722.5543614036,0.014285714285714285,10168.0,3 5 933 1434 10 3425 -117,0.3333333333333333 0.0 0.07873303167420814 0.05370242214532872 0.07407407407407407 0.24104347826086955 0.0,334184.18391441077,0.014285714285714285,9073,7 249 846 1314 60 2732 27,0.7777777777777778 0.7601246105919003 0.0 0.03709342560553633 1.0 0.0 0.6889952153110048,853928.0212577886,0.07857142857142857,3263,6 326 947 1507 21 3009 20,0.6666666666666666 1.0 0.09140271493212669 0.06380622837370242 0.2777777777777778 0.09634782608695652 0.6555023923444976,767673.8968027926,0.2,3117,3 5 956 1449 18 3443 -113,0.3333333333333333 0.0 0.09954751131221719 0.055778546712802766 0.2222222222222222 0.24730434782608696 0.019138755980861243,334409.3013976248,0.014285714285714285,8858,8 193 854 1499 46 2877 13,0.8888888888888888 0.5856697819314641 0.007239819004524887 0.06269896193771626 0.7407407407407407 0.050434782608695654 0.6220095693779905,947666.1646654878,0.07857142857142857,3244,6 326 946 1508 21 3009 20,0.6666666666666666 1.0 0.09049773755656108 0.06394463667820069 0.2777777777777778 0.09634782608695652 0.6555023923444976,767664.9854373414,0.2,3118,3 5 940 1447 18 3436 -113,0.3333333333333333 0.0 0.08506787330316742 0.05550173010380623 0.2222222222222222 0.2448695652173913 0.019138755980861243,334264.2038530992,0.014285714285714285,8975,7 249 846 1314 60 2732 27,0.7777777777777778 0.7601246105919003 0.0 0.03709342560553633 1.0 0.0 0.6889952153110048,853928.0212577886,0.07857142857142857,3263,6 326 947 1507 21 3009 20,0.6666666666666666 1.0 0.09140271493212669 0.06380622837370242 0.2777777777777778 0.09634782608695652 0.6555023923444976,767673.8968027926,0.2,3117,3 20 1714 4307 25 5069 40,0.3333333333333333 0.04672897196261682 0.7855203619909502 0.45134948096885813 0.35185185185185186 0.8128695652173913 0.7511961722488039,346356.848707483,0.5428571428571428,7272,8 6 1851 7773 6 5481 -5,0.8888888888888888 0.003115264797507788 0.9095022624434389 0.9310726643598616 0.0 0.9561739130434782 0.5358851674641149,899236.6082817318,0.6892857142857143,8295,0 30 1360 3940 28 4842 92,0.0 0.0778816199376947 0.465158371040724 0.4005536332179931 0.4074074074074074 0.7339130434782609 1.0,12889.379208570226,0.6107142857142858,7267,6 25 1795 5626 14 5329 35,0.6666666666666666 0.06230529595015576 0.8588235294117647 0.6339100346020762 0.14814814814814814 0.9033043478260869 0.7272727272727273,682143.9167214222,0.5428571428571428,6724,9 6 1951 8271 6 5607 -33,1.0 0.003115264797507788 1.0 1.0 0.0 1.0 0.4019138755980861,1011321.9283936264,0.6928571428571428,7869,0 31 1365 4100 29 4845 75,0.0 0.08099688473520249 0.46968325791855203 0.4226989619377163 0.42592592592592593 0.7349565217391304 0.9186602870813397,13270.08083274055,0.6107142857142858,7065,3 11 1434 1046 45 4061 -47,0.3333333333333333 0.018691588785046728 0.5321266968325792 0.0 0.7222222222222222 0.4622608695652174 0.3349282296650718,340600.9389393113,0.014285714285714285,10034
resolved-p7d-c21d-3600-all/resolved-p7d-c21d-3600-2nd/nsp-n30-d28-r0.10-rp2-fp2-s4,3 5 474 1348 15 1704 -1,0.75 0.005128205128205128 0.0 0.14710159983378351 0.32608695652173914 0.1768251841929002 0.5103092783505154,750694.8093694268,0.023809523809523808,11097,3 6 477 1362 14 1709 5,0.75 0.010256410256410256 0.007751937984496124 0.15001038853106172 0.30434782608695654 0.18017414601473544 0.5412371134020618,751285.9485551993,0.023809523809523808,10612,3 6 476 1349 14 1743 -9,0.75 0.010256410256410256 0.00516795865633075 0.14730937045501766 0.30434782608695654 0.20294708640321502 0.4690721649484536,751257.5633082971,0.023809523809523808,10849.0,3 4 506 940 0 1666 -100,0.75 0.0 0.082687338501292 0.062331186370247246 0.0 0.15137307434695244 0.0,750890.7183021266,0.023809523809523808,11327,1 162 493 720 46 1476 22,0.25 0.8102564102564103 0.04909560723514212 0.0166216496987326 1.0 0.024112525117213665 0.6288659793814433,331634.08873892174,0.47619047619047616,2864,0 199 495 644 38 1444 49,0.0 1.0 0.05426356589147287 0.0008310824849366299 0.8260869565217391 0.0026791694574681848 0.7680412371134021,100626.87026998353,0.41904761904761906,2765,3 4 483 804 0 1656 -69,0.75 0.0 0.023255813953488372 0.034074381882401826 0.0 0.144675150703282 0.15979381443298968,750268.2390667388,0.023809523809523808,11836,1 162 493 720 46 1476 22,0.25 0.8102564102564103 0.04909560723514212 0.0166216496987326 1.0 0.024112525117213665 0.6288659793814433,331634.08873892174,0.47619047619047616,2864,0 199 495 644 38 1440 49,0.0 1.0 0.05426356589147287 0.0008310824849366299 0.8260869565217391 0.0 0.7680412371134021,100626.84347828895,0.41904761904761906,2766,3 4 496 874 0 1678 -93,0.75 0.0 0.056847545219638244 0.048618325368792854 0.0 0.15941058271935699 0.03608247422680412,750618.7239658666,0.023809523809523808,11658,1 162 493 720 46 1476 23,0.25 0.8102564102564103 0.04909560723514212 0.0166216496987326 1.0 0.024112525117213665 0.634020618556701,331634.09389356093,0.47619047619047616,2863,0 199 495 644 38 1440 49,0.0 1.0 0.05426356589147287 0.0008310824849366299 0.8260869565217391 0.0 0.7680412371134021,100626.84347828895,0.41904761904761906,2766,2 22 861 2337 12 2745 94,0.5 0.09230769230769231 1.0 0.35258674423436526 0.2608695652173913 0.8740790354989953 1.0,519619.1837218803,0.5285714285714286,9915,4 4 837 5453 5 2933 56,1.0 0.0 0.937984496124031 1.0 0.10869565217391304 1.0 0.8041237113402062,1010401.518650169,0.6857142857142857,9503,2 11 750 2021 29 2449 87,0.5 0.035897435897435895 0.7131782945736435 0.2869312279243715 0.6304347826086957 0.6758204956463496 0.9639175257731959,511079.2233641475,0.6,9590,2 22 857 2336 11 2727 89,0.5 0.09230769230769231 0.9896640826873385 0.3523789736131311 0.2391304347826087 0.8620227729403884 0.9742268041237113,519513.2965292675,0.5285714285714286,10260,4 4 825 5144 5 2888 69,1.0 0.0 0.9069767441860465 0.9357988780386454 0.10869565217391304 0.9698593436034829 0.8711340206185567,1010027.0056125731,0.6857142857142857,10003,2 15 769 2004 22 2476 77,0.5 0.05641025641025641 0.7622739018087855 0.2833991273633908 0.4782608695652174 0.6939048894842599 0.9123711340206185,513602.84129346226,0.6,9205,3 13 545 640 12 1847 -28,0.75 0.046153846153846156 0.1834625322997416 0.0 0.2608695652173913 0.2726054922973878 0.3711340206185567,756479.1940838473,0.023809523809523808,13665
resolved-p7d-c21d-3600-all/resolved-p7d-c21d-3600-2nd/nsp-n10-d28-r0.10-rp0-fp0-s5,5 35 57 912 1 366 -23,1.0 0.9722222222222222 1.0 1.0 0.5 1.0 0.6333333333333333,1108282.8555555556,0.014285714285714285,34619,5 36 57 659 1 360 -19,1.0 1.0 1.0 0.7225877192982456 0.5 0.9763779527559056 0.7666666666666667,1110783.1181654925,0.014285714285714285,32373,5 36 57 706 2 360 -28,1.0 1.0 1.0 0.7741228070175439 1.0 0.9763779527559056 0.4666666666666667,1110884.3532532118,0.014285714285714285,32168.0,2 0 2 0 0 112 -20,0.4 0.0 0.0 0.0 0.0 0.0 0.7333333333333333,400000.73333333334,0.014285714285714285,5073,0 0 2 25 0 199 -12,0.0 0.0 0.0 0.027412280701754384 0.0 0.3425196850393701 1.0,31.837477552148084,0.5285714285714286,19770,0 0 2 0 0 128 -22,0.0 0.0 0.0 0.0 0.0 0.06299212598425197 0.6666666666666666,1.2965879265091864,0.08571428571428572,16736,2 0 2 0 0 112 -22,0.4 0.0 0.0 0.0 0.0 0.0 0.6666666666666666,400000.6666666667,0.014285714285714285,5074,0 0 2 0 0 127 -17,0.0 0.0 0.0 0.0 0.0 0.05905511811023622 0.8333333333333334,1.4238845144356955,0.37142857142857144,11361,0 0 2 0 0 124 -42,0.0 0.0 0.0 0.0 0.0 0.047244094488188976 0.0,0.47244094488188976,0.08571428571428572,12831,2 0 2 0 0 112 -23,0.4 0.0 0.0 0.0 0.0 0.0 0.6333333333333333,400000.63333333336,0.014285714285714285,5075,0 0 2 0 0 136 -20,0.0 0.0 0.0 0.0 0.0 0.09448818897637795 0.7333333333333333,1.6782152230971128,0.32857142857142857,19434,0 0 2 0 0 127 -36,0.0 0.0 0.0 0.0 0.0 0.05905511811023622 0.2,0.7905511811023622,0.08571428571428572,13578,2 0 2 0 0 114 -33,0.4 0.0 0.0 0.0 0.0 0.007874015748031496 0.3,400000.37874015747,0.014285714285714285,3954,0 0 2 0 0 129 -16,0.0 0.0 0.0 0.0 0.0 0.06692913385826772 0.8666666666666667,1.535958005249344,0.4714285714285714,6487,0 0 2 0 0 122 -25,0.0 0.0 0.0 0.0 0.0 0.03937007874015748 0.5666666666666667,0.9603674540682414,0.08571428571428572,5756,2 0 2 0 0 114 -33,0.4 0.0 0.0 0.0 0.0 0.007874015748031496 0.3,400000.37874015747,0.014285714285714285,3954,0 0 2 0 0 129 -16,0.0 0.0 0.0 0.0 0.0 0.06692913385826772 0.8666666666666667,1.535958005249344,0.4714285714285714,6487,0 0 2 0 0 122 -25,0.0 0.0 0.0 0.0 0.0 0.03937007874015748 0.5666666666666667,0.9603674540682414,0.08571428571428572,5756,2 0 2 0 0 112 -24,0.4 0.0 0.0 0.0 0.0 0.0 0.6,400000.6,0.014285714285714285,26798
resolved-p7d-c21d-3600-all/resolved-p7d-c21d-3600-2nd/nsp-n10-d28-r0.10-rp0-fp0-s0,0 2 0 0 0 95 -22,0.0 0.3333333333333333 0.0 0.0 0.0 0.005607476635514018 0.18421052631578946,33333.573618626,0.014285714285714285,22286,0 2 0 0 0 138 -27,0.0 0.3333333333333333 0.0 0.0 0.0 0.08598130841121496 0.05263157894736842,33334.24577799639,0.014285714285714285,22192,0 2 0 0 0 114 -22,0.0 0.3333333333333333 0.0 0.0 0.0 0.041121495327102804 0.18421052631578946,33333.928758812915,0.014285714285714285,22257.0,0 2 0 0 0 98 -25,0.0 0.3333333333333333 0.0 0.0 0.0 0.011214953271028037 0.10526315789473684,33333.55074602393,0.014285714285714285,9980,0 1 31 89 19 497 -9,0.0 0.0 0.5740740740740741 0.5527950310559007 0.3064516129032258 0.7570093457943925 0.5263157894736842,6332.2773423343815,0.6142857142857143,25202,0 1 0 0 0 92 -28,0.0 0.0 0.0 0.0 0.0 0.0 0.02631578947368421,0.02631578947368421,0.02857142857142857,18093,0 2 0 0 0 93 -17,0.0 0.3333333333333333 0.0 0.0 0.0 0.001869158878504673 0.3157894736842105,33333.6678143958,0.014285714285714285,7766,0 1 36 97 17 526 -4,0.0 0.0 0.6666666666666666 0.6024844720496895 0.27419354838709675 0.811214953271028 0.6578947368421053,7305.340537824618,0.6428571428571429,24790,0 1 0 0 0 99 -28,0.0 0.0 0.0 0.0 0.0 0.013084112149532711 0.02631578947368421,0.15715691096901133,0.02857142857142857,18052,0 2 0 0 0 93 -28,0.0 0.3333333333333333 0.0 0.0 0.0 0.001869158878504673 0.02631578947368421,33333.378340711584,0.014285714285714285,7813,0 1 30 68 16 497 -1,0.0 0.0 0.5555555555555556 0.422360248447205 0.25806451612903225 0.7570093457943925 0.7368421052631579,6012.029191178871,0.6428571428571429,25551,0 1 0 0 0 92 -28,0.0 0.0 0.0 0.0 0.0 0.0 0.02631578947368421,0.02631578947368421,0.02857142857142857,18093,0 2 0 0 0 92 -29,0.0 0.3333333333333333 0.0 0.0 0.0 0.0 0.0,33333.33333333333,0.014285714285714285,10811,0 1 54 154 44 615 6,0.0 0.0 1.0 0.9565217391304348 0.7096774193548387 0.9775700934579439 0.9210526315789473,11038.186234632078,0.7857142857142857,32786,0 1 36 89 62 565 2,0.0 0.0 0.6666666666666666 0.5527950310559007 1.0 0.8841121495327103 0.8157894736842105,7329.118608691578,0.6285714285714286,21475,0 2 0 0 0 92 -29,0.0 0.3333333333333333 0.0 0.0 0.0 0.0 0.0,33333.33333333333,0.014285714285714285,10811,0 4 52 161 53 627 5,0.0 1.0 0.9629629629629629 1.0 0.8548387096774194 1.0 0.8947368421052632,110726.00823743947,0.8,31855,0 1 29 52 29 454 9,0.0 0.0 0.5370370370370371 0.32298136645962733 0.46774193548387094 0.6766355140186916 1.0,5747.892285518573,0.7142857142857143,22640,0 2 0 0 0 115 -25,0.0 0.3333333333333333 0.0 0.0 0.0 0.04299065420560748 0.10526315789473684,33333.86850303328,0.014285714285714285,22205
resolved-p7d-c21d-3600-all/resolved-p7d-c21d-3600-2nd/nsp-n30-d28-r0.10-rp2-fp2-s9,12 203 392 307 76 1046 28,0.5625 0.0028011204481792717 0.32968236582694416 0.06484149855907781 0.6144578313253012 0.5669383003492433 0.4117647058823529,566209.3041324883,0.014285714285714285,11268,12 202 389 307 76 1045 26,0.5625 0.0 0.3263964950711939 0.06484149855907781 0.6144578313253012 0.5657741559953434 0.37254901960784315,565896.2825229832,0.014285714285714285,11371,,,,,,8 219 412 314 66 824 7,0.3125 0.047619047619047616 0.3515881708652793 0.06988472622478387 0.4939759036144578 0.3084982537834691 0.0,320900.15376968164,0.014285714285714285,6012,7 448 697 684 78 1179 17,0.25 0.6890756302521008 0.6637458926615553 0.33645533141210376 0.6385542168674698 0.7217694994179278 0.19607843137254902,325952.74647835,0.21428571428571427,6926,7 463 503 736 57 1017 26,0.25 0.7310924369747899 0.45125958378970427 0.3739193083573487 0.3855421686746988 0.5331781140861467 0.37254901960784315,328040.0173907613,0.21904761904761905,4021,7 221 326 262 76 671 7,0.25 0.05322128851540616 0.2573932092004381 0.032420749279538905 0.6144578313253012 0.13038416763678695 0.0,257991.23131763344,0.014285714285714285,5694,7 559 802 1605 108 1251 16,0.25 1.0 0.778751369112815 1.0 1.0 0.8055878928987195 0.17647058823529413,358895.74604064535,0.49523809523809526,1674,12 471 465 594 82 1126 38,0.5625 0.7535014005602241 0.40963855421686746 0.2716138328530259 0.6867469879518072 0.660069848661234 0.6078431372549019,642294.0226714632,0.24285714285714285,5545,8 270 315 356 66 689 20,0.3125 0.19047619047619047 0.24534501642935377 0.10014409221902017 0.4939759036144578 0.15133876600698487 0.2549019607843137,334152.37918411393,0.014285714285714285,5593,11 503 673 1014 68 1110 17,0.5 0.8431372549019608 0.6374589266155531 0.5742074927953891 0.5180722891566265 0.6414435389988359 0.19607843137254902,591320.939991884,0.30952380952380953,1663,3 518 1004 1136 88 1418 23,0.0 0.8851540616246498 1.0 0.6621037463976945 0.7590361445783133 1.0 0.3137254901960784,99263.7272488107,0.4714285714285714,3478,16 314 271 444 72 708 26,0.8125 0.3137254901960784 0.19715224534501644 0.16354466858789626 0.5662650602409639 0.17345750873108265 0.37254901960784315,846066.3497717769,0.014285714285714285,5143,19 308 91 288 38 812 57,1.0 0.2969187675070028 0.0 0.051152737752161385 0.1566265060240964 0.29452852153667053 0.9803921568627451,1029762.617816427,0.7238095238095238,11386,14 339 337 395 60 964 58,0.6875 0.38375350140056025 0.26944140197152244 0.1282420749279539 0.42168674698795183 0.47147846332945287 1.0,728745.8896940313,0.7619047619047619,10267,16 301 276 453 74 667 31,0.8125 0.2773109243697479 0.20262869660460023 0.17002881844380405 0.5903614457831325 0.12572759022118743 0.47058823529411764,842488.1722301805,0.014285714285714285,5448,18 326 102 312 41 811 57,0.9375 0.3473389355742297 0.012048192771084338 0.06844380403458213 0.1927710843373494 0.29336437718277064 0.9803921568627451,972446.0104335308,0.7238095238095238,11509,14 337 329 389 61 978 54,0.6875 0.37815126050420167 0.2606790799561884 0.1239193083573487 0.43373493975903615 0.48777648428405124 0.9215686274509803,728095.0089857855,0.7619047619047619,10446,7 216 111 217 25 559 36,0.25 0.0392156862745098 0.02190580503833516 0.0 0.0 0.0 0.5686274509803921,254141.1953052853,0.014285714285714285,14116
resolved-p7d-c21d-3600-all/resolved-p7d-c21d-3600-2nd/nsp-n20-d28-r0.10-rp2-fp2-s2,2 2 243 1069 1 1091 -12,1.0 0.028169014084507043 0.6160337552742616 0.9923175416133163 0.0 0.924114671163575 0.08823529411764706,1009978.8858848123,0.0,18969,2 2 249 1075 2 1104 -10,1.0 0.028169014084507043 0.6413502109704642 1.0 0.034482758620689655 0.9460370994940978 0.11764705882352941,1010243.4298120711,0.0,18686,2 2 234 1073 3 1136 -9,1.0 0.028169014084507043 0.5780590717299579 0.9974391805377721 0.06896551724137931 1.0 0.1323529411764706,1009611.9602109534,0.0,19555.0,2 1 116 582 1 569 -18,1.0 0.014084507042253521 0.08016877637130802 0.3687580025608195 0.0 0.04384485666104553 0.0,1002579.3349190658,0.0,9948,1 71 266 396 28 917 42,0.5 1.0 0.7130801687763713 0.13060179257362356 0.9310344827586207 0.6306913996627319 0.8823529411764706,607361.696195551,0.5,14820,1 44 277 528 23 981 33,0.5 0.6197183098591549 0.759493670886076 0.29961587708066584 0.7586206896551724 0.7386172006745363 0.75,569950.3818128292,0.37142857142857144,14677,2 1 114 578 2 547 -9,1.0 0.014084507042253521 0.07172995780590717 0.36363636363636365 0.034482758620689655 0.006745362563237774 0.1323529411764706,1002493.0347283497,0.0,10277,1 71 265 402 30 903 49,0.5 1.0 0.7088607594936709 0.1382842509603073 1.0 0.6070826306913997 0.9852941176470589,607333.9479663216,0.5071428571428571,15201,1 44 276 529 23 1010 36,0.5 0.6197183098591549 0.7552742616033755 0.30089628681177977 0.7586206896551724 0.7875210792580101 0.7941176470588235,569910.0012861661,0.37142857142857144,14876,2 1 114 576 1 543 -16,1.0 0.014084507042253521 0.07172995780590717 0.36107554417413573 0.0 0.0 0.029411764705882353,1002486.8552382232,0.0,10347,1 71 263 398 29 912 50,0.5 1.0 0.70042194092827 0.13316261203585147 0.9655172413793104 0.6222596964586846 1.0,607241.1563424211,0.5071428571428571,15569,1 44 277 528 23 1014 35,0.5 0.6197183098591549 0.759493670886076 0.29961587708066584 0.7586206896551724 0.7942664418212478 0.7794117647058824,569950.9677170054,0.37142857142857144,14590,2 13 278 294 13 1024 -2,1.0 0.18309859154929578 0.7637130801687764 0.0 0.41379310344827586 0.8111298482293423 0.23529411764705882,1025996.7158595622,0.0,11240,0 0 107 468 4 684 0,0.0 0.0 0.04219409282700422 0.22279129321382843 0.10344827586206896 0.23777403035413153 0.2647058823529412,657.7194952559718,0.6571428571428571,9204,0 0 97 495 11 654 29,0.0 0.0 0.0 0.2573623559539053 0.3448275862068966 0.18718381112984822 0.6911764705882353,294.4081291564816,0.5285714285714286,8859,2 13 334 297 15 1036 5,1.0 0.18309859154929578 1.0 0.0038412291933418692 0.4827586206896552 0.8313659359190556 0.3382352941176471,1028370.6281408452,0.0,10651,0 0 104 461 3 647 11,0.0 0.0 0.029535864978902954 0.21382842509603073 0.06896551724137931 0.17537942664418213 0.4264705882352941,518.2638914638753,0.6142857142857143,9488,0 0 100 492 10 670 38,0.0 0.0 0.012658227848101266 0.2535211267605634 0.3103448275862069 0.21416526138279932 0.8235294117647058,414.1030700257894,0.5285714285714286,8660,2 1 196 398 1 867 -16,1.0 0.014084507042253521 0.4177215189873418 0.13316261203585147 0.0 0.5463743676222597 0.029411764705882353,1005724.3216615756,0.0,16283
resolved-p7d-c21d-3600-all/resolved-p7d-c21d-3600-2nd/nsp-n10-d28-r0.10-rp0-fp0-s4,0 2 0 0 0 99 -39,0.0 0.043478260869565216 0.0 0.0 0.0 0.0036036036036036037 0.0,4347.862122992558,0.2571428571428571,9858,0 2 0 0 0 97 -37,0.0 0.043478260869565216 0.0 0.0 0.0 0.0 0.06060606060606061,4347.886693017128,0.24285714285714285,9831,0 2 0 0 0 100 -34,0.0 0.043478260869565216 0.0 0.0 0.0 0.005405405405405406 0.15151515151515152,4348.031656162091,0.12857142857142856,9801.0,0 2 1 0 0 105 -30,0.0 0.043478260869565216 0.014285714285714285 0.0 0.0 0.014414414414414415 0.2727272727272727,4491.100101230536,0.014285714285714285,4002,0 1 0 0 0 111 -37,0.0 0.0 0.0 0.0 0.0 0.025225225225225224 0.06060606060606061,0.31285831285831284,0.35714285714285715,8726,0 1 0 0 0 111 -29,0.0 0.0 0.0 0.0 0.0 0.025225225225225224 0.30303030303030304,0.5552825552825553,0.08571428571428572,6007,0 2 1 0 0 110 -27,0.0 0.043478260869565216 0.014285714285714285 0.0 0.0 0.023423423423423424 0.36363636363636365,4491.281100411536,0.014285714285714285,3978,0 1 0 0 0 111 -37,0.0 0.0 0.0 0.0 0.0 0.025225225225225224 0.06060606060606061,0.31285831285831284,0.35714285714285715,8726,0 1 0 0 0 111 -29,0.0 0.0 0.0 0.0 0.0 0.025225225225225224 0.30303030303030304,0.5552825552825553,0.08571428571428572,6007,0 2 1 0 0 105 -30,0.0 0.043478260869565216 0.014285714285714285 0.0 0.0 0.014414414414414415 0.2727272727272727,4491.100101230536,0.014285714285714285,4002,0 1 0 0 0 111 -37,0.0 0.0 0.0 0.0 0.0 0.025225225225225224 0.06060606060606061,0.31285831285831284,0.35714285714285715,8726,0 1 0 0 0 111 -29,0.0 0.0 0.0 0.0 0.0 0.025225225225225224 0.30303030303030304,0.5552825552825553,0.08571428571428572,6007,0 2 1 0 0 105 -33,0.0 0.043478260869565216 0.014285714285714285 0.0 0.0 0.014414414414414415 0.18181818181818182,4491.009192139627,0.014285714285714285,9386,1 3 50 110 21 652 -13,1.0 0.08695652173913043 0.7142857142857143 0.6666666666666666 0.38181818181818183 1.0 0.7878787878787878,1016554.1456804066,0.7857142857142857,33651,1 24 70 165 53 618 -11,1.0 1.0 1.0 1.0 0.9636363636363636 0.9387387387387387 0.8484848484848485,1111106.5995085996,0.6142857142857143,29615,0 2 1 0 0 105 -33,0.0 0.043478260869565216 0.014285714285714285 0.0 0.0 0.014414414414414415 0.18181818181818182,4491.009192139627,0.014285714285714285,9386,1 7 62 125 48 640 -11,1.0 0.2608695652173913 0.8857142857142857 0.7575757575757576 0.8727272727272727 0.9783783783783784 0.8484848484848485,1035799.5801323628,0.7857142857142857,32938,1 16 53 138 55 630 -6,1.0 0.6521739130434783 0.7571428571428571 0.8363636363636363 1.0 0.9603603603603603 1.0,1073735.7871157436,0.6142857142857143,30761,0 2 1 0 0 104 -34,0.0 0.043478260869565216 0.014285714285714285 0.0 0.0 0.012612612612612612 0.15151515151515152,4490.960871091306,0.014285714285714285,5660
resolved-p7d-c21d-3600-all/resolved-p7d-c21d-3600-2nd/nsp-n20-d28-r0.10-rp2-fp2-s4,4 3 99 54 3 519 -38,0.8 0.02531645569620253 0.06191950464396285 0.0 0.06 0.0 0.0,803156.8406160598,0.014285714285714285,18257,4 4 113 134 2 593 -10,0.8 0.0379746835443038 0.10526315789473684 0.046189376443418015 0.04 0.0729064039408867 0.27722772277227725,804901.2956015833,0.014285714285714285,15870,4 4 106 72 4 561 -18,0.8 0.0379746835443038 0.08359133126934984 0.010392609699769052 0.08 0.041379310344827586 0.19801980198019803,804652.386089729,0.014285714285714285,17242.0,5 2 159 575 6 730 2,1.0 0.012658227848101266 0.2476780185758514 0.3008083140877598 0.12 0.20788177339901479 0.39603960396039606,1004057.8861419944,0.014285714285714285,18873,0 75 230 439 35 892 44,0.0 0.9367088607594937 0.4674922600619195 0.2222863741339492 0.7 0.367487684729064 0.8118811881188119,98642.58180873792,0.5928571428571429,12696,0 52 285 354 50 1015 36,0.0 0.6455696202531646 0.6377708978328174 0.17321016166281755 1.0 0.4886699507389163 0.7326732673267327,71213.50053808217,0.5857142857142857,13815,5 2 160 584 6 741 3,1.0 0.012658227848101266 0.25077399380804954 0.30600461893764436 0.12 0.2187192118226601 0.40594059405940597,1004094.1604745405,0.014285714285714285,18547,0 78 236 414 34 868 26,0.0 0.9746835443037974 0.48606811145510836 0.20785219399538107 0.68 0.3438423645320197 0.6336633663366337,102608.95982593785,0.6142857142857143,12408,0 52 284 353 47 1042 43,0.0 0.6455696202531646 0.6346749226006192 0.17263279445727484 0.94 0.5152709359605911 0.801980198019802,71176.29873533755,0.5857142857142857,13949,5 2 156 552 5 726 12,1.0 0.012658227848101266 0.23839009287925697 0.28752886836027713 0.1 0.20394088669950738 0.49504950495049505,1003949.7870403349,0.014285714285714285,19742,0 80 242 416 31 875 33,0.0 1.0 0.5046439628482973 0.2090069284064665 0.62 0.35073891625615766 0.7029702970297029,105321.65691634903,0.5928571428571429,11366,0 52 287 363 40 1076 46,0.0 0.6455696202531646 0.6439628482972136 0.1784064665127021 0.8 0.548768472906404 0.8316831683168316,71261.31634269867,0.65,13527,0 7 375 1499 14 1457 49,0.0 0.0759493670886076 0.9164086687306502 0.8342956120092379 0.28 0.9241379310344827 0.8613861386138614,17631.421773625458,0.5,15733,0 1 79 105 12 649 32,0.0 0.0 0.0 0.029445727482678985 0.24 0.12807881773399016 0.693069306930693,55.41958496694958,0.6928571428571428,15941,0 5 273 1614 0 1359 46,0.0 0.05063291139240506 0.6006191950464397 0.9006928406466512 0.0 0.8275862068965517 0.8316831683168316,11979.283475588836,0.5071428571428571,12766,0 9 402 1786 18 1534 55,0.0 0.10126582278481013 1.0 1.0 0.36 1.0 0.9207920792079208,21173.50307056022,0.5,14616,0 1 79 104 14 658 31,0.0 0.0 0.0 0.028868360277136258 0.28 0.13694581280788176 0.6831683168316832,58.92098672204676,0.6928571428571428,15950,0 5 260 1632 0 1325 63,0.0 0.05063291139240506 0.5603715170278638 0.9110854503464203 0.0 0.7940886699507389 1.0,11587.03264656507,0.4857142857142857,14625,4 5 141 572 2 732 5,0.8 0.05063291139240506 0.19195046439628483 0.29907621247113164 0.04 0.20985221674876847 0.42574257425742573,807288.3962604163,0.014285714285714285,19461
resolved-p7d-c21d-3600-all/resolved-p7d-c21d-3600-2nd/nsp-n50-d28-r0.10-rp2-fp2-s7,1 112 2643 11742 23 7981 -233,0.0 0.18277310924369747 0.9260299625468165 1.0 0.08737864077669903 0.9437588989084006 0.0,28555.786002904664,0.12,4254,17 193 1860 3365 91 6227 80,0.6153846153846154 0.35294117647058826 0.19288389513108614 0.18121395757990422 0.7475728155339806 0.5275272899857617 0.8151041666666666,652869.6335991849,0.008571428571428572,6961,17 193 1875 3366 90 6260 79,0.6153846153846154 0.35294117647058826 0.20692883895131087 0.18131169973609618 0.7378640776699029 0.5353583293782629 0.8125,653009.2856119842,0.008571428571428572,6918.0,27 159 2646 8019 34 7840 -78,1.0 0.2815126050420168 0.9288389513108615 0.636105952497312 0.1941747572815534 0.9102990033222591 0.4036458333333333,1038104.6800814023,0.008571428571428572,2845,18 436 2039 2245 89 5049 89,0.6538461538461539 0.8634453781512605 0.3604868913857678 0.07174274264490274 0.7281553398058253 0.2479829140958709 0.8385416666666666,743943.4372225708,0.15142857142857144,902,17 501 1654 1514 93 4074 120,0.6153846153846154 1.0 0.0 0.0002932264685758968 0.7669902912621359 0.016611295681063124 0.9192708333333334,715462.6930240003,0.17142857142857143,1184,27 159 2672 8185 31 7886 -85,1.0 0.2815126050420168 0.9531835205992509 0.6523311504251784 0.1650485436893204 0.9212149976269578 0.3854166666666667,1038361.5292816312,0.008571428571428572,2599,18 436 2039 2245 89 5049 89,0.6538461538461539 0.8634453781512605 0.3604868913857678 0.07174274264490274 0.7281553398058253 0.2479829140958709 0.8385416666666666,743943.4372225708,0.15142857142857144,902,17 501 1654 1511 90 4004 122,0.6153846153846154 1.0 0.0 0.0 0.7378640776699029 0.0 0.9244791666666666,715459.326271549,0.19714285714285715,1188,27 159 2694 8292 31 7898 -88,1.0 0.2815126050420168 0.9737827715355806 0.6627895611377187 0.1650485436893204 0.92406264831514 0.3776041666666667,1038578.0008657139,0.008571428571428572,2473,18 436 2040 2245 89 5049 89,0.6538461538461539 0.8634453781512605 0.36142322097378277 0.07174274264490274 0.7281553398058253 0.2479829140958709 0.8385416666666666,743952.8005184509,0.15142857142857144,901,17 501 1654 1511 90 4004 122,0.6153846153846154 1.0 0.0 0.0 0.7378640776699029 0.0 0.9244791666666666,715459.326271549,0.19714285714285715,1188,13 83 2721 5436 58 7682 108,0.46153846153846156 0.12184873949579832 0.9990636704119851 0.383637963053465 0.42718446601941745 0.8728049359278596 0.8880208333333334,484149.94467200927,0.6742857142857143,6539,6 25 2417 6107 15 8109 109,0.19230769230769232 0.0 0.7144194756554307 0.4492229498582739 0.009708737864077669 0.9741338395823446 0.890625,199912.71285128713,0.7457142857142857,5040,1 48 2350 4810 99 7456 151,0.0 0.04831932773109244 0.651685393258427 0.3224513732772945 0.8252427184466019 0.8191741813004272 1.0,11762.954092628474,0.7285714285714285,4716,13 83 2722 5436 58 7698 108,0.46153846153846156 0.12184873949579832 1.0 0.383637963053465 0.42718446601941745 0.8766018035121025 0.8880208333333334,484159.34593656525,0.6742857142857143,6532,6 25 2465 6565 14 8218 85,0.19230769230769232 0.0 0.7593632958801498 0.4939888573941941 0.0 1.0 0.828125,200406.142248888,0.7457142857142857,4924,1 44 2252 4633 117 7404 145,0.0 0.03991596638655462 0.5599250936329588 0.3051510116313166 1.0 0.8068343616516374 0.984375,10005.051305232884,0.7257142857142858,5115,12 173 2118 3827 54 6858 65,0.4230769230769231 0.31092436974789917 0.4344569288389513 0.22637083374059233 0.3883495145631068 0.677266255339345 0.7760416666666666,458786.68382951943,0.008571428571428572,7098
resolved-p7d-c21d-3600-all/resolved-p7d-c21d-3600-2nd/nsp-n10-d28-r0.10-rp0-fp0-s7,0 0 0 0 0 78 -31,0.0 0.0 0.0 0.0 0.0 0.05263157894736842 0.0,0.5263157894736842,0.6,132,0 0 0 0 0 77 -26,0.0 0.0 0.0 0.0 0.0 0.0 0.2631578947368421,0.2631578947368421,0.45714285714285713,87,0 0 0 0 0 79 -16,0.0 0.0 0.0 0.0 0.0 0.10526315789473684 0.7894736842105263,1.8421052631578947,0.35714285714285715,63.0,0 0 0 0 0 86 -13,0.0 0.0 0.0 0.0 0.0 0.47368421052631576 0.9473684210526315,5.684210526315789,0.2714285714285714,135,0 0 0 0 0 94 -22,0.0 0.0 0.0 0.0 0.0 0.8947368421052632 0.47368421052631576,9.421052631578947,0.4714285714285714,127,0 0 0 0 0 87 -19,0.0 0.0 0.0 0.0 0.0 0.5263157894736842 0.631578947368421,5.894736842105263,0.2714285714285714,70,0 0 0 0 0 89 -12,0.0 0.0 0.0 0.0 0.0 0.631578947368421 1.0,7.315789473684211,0.2714285714285714,100,0 0 0 0 0 90 -16,0.0 0.0 0.0 0.0 0.0 0.6842105263157895 0.7894736842105263,7.631578947368421,0.5,44,0 0 0 0 0 91 -21,0.0 0.0 0.0 0.0 0.0 0.7368421052631579 0.5263157894736842,7.894736842105263,0.2714285714285714,62,0 0 0 0 0 90 -21,0.0 0.0 0.0 0.0 0.0 0.6842105263157895 0.5263157894736842,7.368421052631579,0.2714285714285714,14,0 0 0 0 0 96 -20,0.0 0.0 0.0 0.0 0.0 1.0 0.5789473684210527,10.578947368421053,0.4714285714285714,25,0 0 0 0 0 88 -13,0.0 0.0 0.0 0.0 0.0 0.5789473684210527 0.9473684210526315,6.736842105263158,0.2714285714285714,96,0 0 0 0 0 96 -26,0.0 0.0 0.0 0.0 0.0 1.0 0.2631578947368421,10.263157894736842,0.2714285714285714,119,0 0 0 0 0 93 -16,0.0 0.0 0.0 0.0 0.0 0.8421052631578947 0.7894736842105263,9.210526315789473,0.6,106,0 0 0 0 0 90 -19,0.0 0.0 0.0 0.0 0.0 0.6842105263157895 0.631578947368421,7.473684210526316,0.2714285714285714,108,0 0 0 0 0 96 -27,0.0 0.0 0.0 0.0 0.0 1.0 0.21052631578947367,10.210526315789474,0.2714285714285714,120,0 0 0 0 0 93 -16,0.0 0.0 0.0 0.0 0.0 0.8421052631578947 0.7894736842105263,9.210526315789473,0.6,106,0 0 0 0 0 90 -19,0.0 0.0 0.0 0.0 0.0 0.6842105263157895 0.631578947368421,7.473684210526316,0.2714285714285714,108,0 0 0 0 0 92 -19,0.0 0.0 0.0 0.0 0.0 0.7894736842105263 0.631578947368421,8.526315789473685,0.2714285714285714,184
resolved-p7d-c21d-3600-all/resolved-p7d-c21d-3600-2nd/nsp-n30-d28-r0.10-rp2-fp2-s7,0 0 0 0 0 107 -106,0.0 0.0 0.0 0.0 0.0 0.0 0.13333333333333333,0.13333333333333333,0.16666666666666666,269,0 0 0 0 0 112 -112,0.0 0.0 0.0 0.0 0.0 0.08333333333333333 0.0,0.8333333333333333,0.07142857142857142,211,0 0 0 0 0 119 -103,0.0 0.0 0.0 0.0 0.0 0.2 0.2,2.2,0.05238095238095238,186.0,0 0 0 0 0 134 -92,0.0 0.0 0.0 0.0 0.0 0.45 0.4444444444444444,4.944444444444445,0.03333333333333333,124,0 0 0 0 0 167 -80,0.0 0.0 0.0 0.0 0.0 1.0 0.7111111111111111,10.71111111111111,0.1523809523809524,55,0 0 0 0 0 137 -84,0.0 0.0 0.0 0.0 0.0 0.5 0.6222222222222222,5.622222222222222,0.03333333333333333,98,0 0 0 0 0 133 -79,0.0 0.0 0.0 0.0 0.0 0.43333333333333335 0.7333333333333333,5.066666666666667,0.03333333333333333,113,0 0 0 0 0 150 -77,0.0 0.0 0.0 0.0 0.0 0.7166666666666667 0.7777777777777778,7.944444444444445,0.2619047619047619,41,0 0 0 0 0 150 -68,0.0 0.0 0.0 0.0 0.0 0.7166666666666667 0.9777777777777777,8.144444444444444,0.03333333333333333,121,0 0 0 0 0 142 -82,0.0 0.0 0.0 0.0 0.0 0.5833333333333334 0.6666666666666666,6.500000000000001,0.03333333333333333,81,0 0 0 0 0 162 -67,0.0 0.0 0.0 0.0 0.0 0.9166666666666666 1.0,10.166666666666666,0.3380952380952381,31,0 0 0 0 0 145 -84,0.0 0.0 0.0 0.0 0.0 0.6333333333333333 0.6222222222222222,6.955555555555556,0.03333333333333333,102,0 0 0 0 0 134 -83,0.0 0.0 0.0 0.0 0.0 0.45 0.6444444444444445,5.144444444444445,0.03333333333333333,343,0 0 0 0 0 144 -75,0.0 0.0 0.0 0.0 0.0 0.6166666666666667 0.8222222222222222,6.988888888888889,0.5952380952380952,98,0 0 0 0 0 134 -80,0.0 0.0 0.0 0.0 0.0 0.45 0.7111111111111111,5.211111111111111,0.03333333333333333,279,0 0 0 0 0 134 -83,0.0 0.0 0.0 0.0 0.0 0.45 0.6444444444444445,5.144444444444445,0.03333333333333333,343,0 0 0 0 0 144 -75,0.0 0.0 0.0 0.0 0.0 0.6166666666666667 0.8222222222222222,6.988888888888889,0.5952380952380952,98,0 0 0 0 0 134 -80,0.0 0.0 0.0 0.0 0.0 0.45 0.7111111111111111,5.211111111111111,0.03333333333333333,279,0 0 0 0 0 141 -78,0.0 0.0 0.0 0.0 0.0 0.5666666666666667 0.7555555555555555,6.422222222222222,0.03333333333333333,117
resolved-p7d-c21d-3600-all/resolved-p7d-c21d-3600-2nd/nsp-n40-d28-r0.10-rp2-fp2-s3,18 253 133 249 35 1162 -16,0.9 0.3742603550295858 0.004884004884004884 0.0 0.08163265306122448 0.09488233096750093 0.02666666666666667,937484.0143070811,0.0,10428,18 253 129 249 35 1162 -11,0.9 0.3742603550295858 0.0 0.0 0.08163265306122448 0.09488233096750093 0.06,937435.2075915744,0.0,10709,18 253 132 260 37 1165 -13,0.9 0.3742603550295858 0.003663003663003663 0.010009099181073703 0.12244897959183673 0.096002988419873 0.04666666666666667,937485.9262332798,0.0,10546.0,10 385 613 444 75 1273 20,0.5 0.5695266272189349 0.590964590964591 0.17743403093721566 0.8979591836734694 0.13634665670526708 0.26666666666666666,563131.1687140777,0.0,3489,15 554 579 802 65 1307 -6,0.75 0.8195266272189349 0.5494505494505495 0.5031847133757962 0.6938775510204082 0.14904744116548374 0.09333333333333334,838021.3244926218,0.10714285714285714,470,17 583 439 682 39 1256 0,0.85 0.8624260355029586 0.3785103785103785 0.3939945404913558 0.16326530612244897 0.12999626447515875 0.13333333333333333,940439.4617024814,0.18214285714285713,1158,14 329 210 418 31 908 -20,0.7 0.48668639053254437 0.0989010989010989 0.1537761601455869 0.0 0.0 0.0,749811.4262024111,0.0,4751,16 563 624 944 80 1384 29,0.8 0.8328402366863905 0.6043956043956044 0.632393084622384 1.0 0.17781098244303326 0.32666666666666666,890062.4775737086,0.5,1060,20 624 845 737 59 1406 22,1.0 0.9230769230769231 0.8742368742368742 0.4440400363967243 0.5714285714285714 0.18602913709376168 0.28,1101553.3842349716,0.3464285714285714,593,18 337 298 374 39 950 -3,0.9 0.4985207100591716 0.20634920634920634 0.11373976342129208 0.16326530612244897 0.015689204333208816 0.11333333333333333,952045.8995888195,0.0,5443,18 604 666 901 63 1259 18,0.9 0.893491124260355 0.6556776556776557 0.5932666060054596 0.6530612244897959 0.13111692192753083 0.25333333333333335,996566.0262138192,0.10714285714285714,381,13 676 727 879 56 1374 21,0.65 1.0 0.7301587301587301 0.5732484076433121 0.5102040816326531 0.17407545760179305 0.2733333333333333,757927.8702053032,0.29285714285714287,998,7 129 839 804 65 2599 37,0.35 0.1908284023668639 0.8669108669108669 0.5050045495905369 0.6938775510204082 0.6316772506537168 0.38,378333.03798299417,0.0,3006,0 0 867 1153 40 3325 68,0.0 0.0 0.9010989010989011 0.8225659690627843 0.1836734693877551 0.9028763541277549 0.5866666666666667,9861.537757198515,0.6142857142857143,3294,0 0 948 1343 42 3585 121,0.0 0.0 1.0 0.9954504094631483 0.22448979591836735 1.0 0.94,11028.839389054985,0.5857142857142857,3795,6 114 829 809 70 2507 54,0.3 0.16863905325443787 0.8547008547008547 0.5095541401273885 0.7959183673469388 0.5973104221143071 0.49333333333333335,326006.5262868689,0.0,3616,0 0 861 1111 41 3321 72,0.0 0.0 0.8937728937728938 0.7843494085532302 0.20408163265306123 0.9013821441912588 0.6133333333333333,9752.11366432272,0.6142857142857143,3400,0 0 932 1348 45 3545 130,0.0 0.0 0.9804639804639804 1.0 0.2857142857142857 0.9850579006350392 1.0,10844.061812217584,0.5857142857142857,3916,13 247 311 250 36 1106 -18,0.65 0.36538461538461536 0.2222222222222222 0.0009099181073703367 0.10204081632653061 0.07396339185655584 0.013333333333333334,688772.5507276757,0.0,8543
resolved-p7d-c21d-3600-all/resolved-p7d-c21d-3600-2nd/nsp-n40-d28-r0.10-rp2-fp2-s0,12 10 890 3684 7 3323 -12,1.0 0.035842293906810034 0.18245125348189414 0.45678488001698875 0.03225806451612903 0.23116003386960204 0.0,1005871.0642123072,0.017857142857142856,10157,12 10 890 3685 8 3328 -2,1.0 0.035842293906810034 0.18245125348189414 0.4569972393289446 0.043010752688172046 0.23327688399661303 0.09615384615384616,1005872.4691627838,0.017857142857142856,10003,12 10 897 3719 7 3329 -9,1.0 0.035842293906810034 0.19220055710306408 0.4642174559354428 0.03225806451612903 0.23370025402201525 0.028846153846153848,1005976.0440727927,0.017857142857142856,9834.0,11 8 773 1702 33 2808 48,0.9166666666666666 0.02867383512544803 0.019498607242339833 0.03588872372053514 0.3118279569892473 0.013124470787468248 0.5769230769230769,919796.8159388391,0.017857142857142856,3473,6 279 1155 1950 33 3054 35,0.5 1.0 0.5515320334261838 0.0885538330855808 0.3118279569892473 0.11727349703640982 0.4519230769230769,605636.6816210937,0.1357142857142857,2663,7 252 1006 2014 28 2945 31,0.5833333333333334 0.9032258064516129 0.34401114206128136 0.10214482905075388 0.25806451612903225 0.07112616426756986 0.41346153846153844,677225.1014029522,0.2571428571428571,4796,11 8 759 1640 31 2786 53,0.9166666666666666 0.02867383512544803 0.0 0.02272244637927373 0.2903225806451613 0.003810330228619814 0.625,919586.4679869575,0.017857142857142856,3594,6 279 1155 1949 32 3054 35,0.5 1.0 0.5515320334261838 0.08834147377362497 0.3010752688172043 0.11727349703640982 0.4519230769230769,605635.3939929645,0.1357142857142857,2664,7 259 1019 2599 17 3297 17,0.5833333333333334 0.9283154121863799 0.362116991643454 0.22637502654491398 0.13978494623655913 0.2201524132091448 0.27884615384615385,680028.8783598604,0.33214285714285713,4781,11 7 896 1533 97 2777 46,0.9166666666666666 0.025089605734767026 0.19080779944289694 0.0 1.0 0.0 0.5576923076923077,921184.26292688,0.017857142857142856,3661,6 279 1155 1949 32 3054 35,0.5 1.0 0.5515320334261838 0.08834147377362497 0.3010752688172043 0.11727349703640982 0.4519230769230769,605635.3939929645,0.1357142857142857,2664,7 252 1006 2014 28 2945 30,0.5833333333333334 0.9032258064516129 0.34401114206128136 0.10214482905075388 0.25806451612903225 0.07112616426756986 0.40384615384615385,677225.0917875676,0.2571428571428571,4797,10 48 1020 3665 4 3412 4,0.8333333333333334 0.17204301075268819 0.3635097493036212 0.45275005308982796 0.0 0.26883996613039796 0.15384615384615385,854628.3242005433,0.017857142857142856,3445,0 0 1381 5349 6 4984 92,0.0 0.0 0.8662952646239555 0.8103631344234444 0.021505376344086023 0.9343776460626587 1.0,9485.810094758035,0.6214285714285714,3969,0 0 1226 5473 9 4712 74,0.0 0.0 0.6504178272980501 0.8366956891059673 0.053763440860215055 0.81922099915326 0.8269230769230769,7355.269439240946,0.6107142857142858,3763,10 48 1018 3664 5 3401 2,0.8333333333333334 0.17204301075268819 0.3607242339832869 0.4525376937778722 0.010752688172043012 0.26418289585097376 0.1346153846153846,854601.2661553733,0.017857142857142856,3528,0 0 1477 6242 6 5139 70,0.0 0.0 1.0 1.0 0.021505376344086023 1.0 0.7884615384615384,11012.93899917287,0.6321428571428571,3554,0 0 1337 6147 5 4938 64,0.0 0.0 0.8050139275766016 0.9798258653641962 0.010752688172043012 0.9149026248941575 0.7307692307692307,9040.920205427128,0.6107142857142858,3473,10 15 873 2793 13 3315 30,0.8333333333333334 0.053763440860215055 0.15877437325905291 0.26757273306434487 0.0967741935483871 0.2277730736663844 0.40384615384615385,840577.3528812551,0.017857142857142856,10268
resolved-p7d-c21d-3600-all/resolved-p7d-c21d-3600-2nd/nsp-n40-d28-r0.10-rp2-fp2-s9,16 9 1253 5236 9 4427 -50,1.0 0.0 0.43036750483558994 0.9431818181818182 0.0 0.6024771453848422 0.0,1005252.8816379915,0.010714285714285714,9698,16 9 1245 4802 10 4411 -39,1.0 0.0 0.42263056092843326 0.8518518518518519 0.02 0.597758773223238 0.05789473684210526,1005086.1929436052,0.010714285714285714,10039,16 9 1272 5506 10 4463 -24,1.0 0.0 0.44874274661508706 1.0 0.02 0.6130934827484518 0.1368421052631579,1005495.6952430836,0.010714285714285714,9504.0,13 29 1138 3488 12 4101 3,0.7272727272727273 0.04008016032064128 0.3191489361702128 0.5753367003367004 0.06 0.5063403125921557 0.2789473684210526,735058.9117173246,0.010714285714285714,8896,7 508 887 754 59 2385 104,0.18181818181818182 1.0 0.07640232108317214 0.0 1.0 0.0002948982601002654 0.8105263157894737,282683.0185043119,0.30714285714285716,1172,7 384 808 1455 42 2780 72,0.18181818181818182 0.751503006012024 0.0 0.14751683501683502 0.66 0.1167797109997051 0.6421052631578947,257183.80915677422,0.11428571428571428,1137,14 30 1162 3606 11 4162 -13,0.8181818181818182 0.04208416833667335 0.34235976789168276 0.6001683501683501 0.04 0.5243291064582719 0.19473684210526315,826423.4390724774,0.010714285714285714,7766,7 508 887 754 59 2384 107,0.18181818181818182 1.0 0.07640232108317214 0.0 1.0 0.0 0.8263157894736842,282683.031344803,0.30714285714285716,1173,7 384 808 1455 42 2780 72,0.18181818181818182 0.751503006012024 0.0 0.14751683501683502 0.66 0.1167797109997051 0.6421052631578947,257183.80915677422,0.11428571428571428,1137,13 29 1132 3492 13 4055 5,0.7272727272727273 0.04008016032064128 0.31334622823984526 0.5761784511784511 0.08 0.4927749926275435 0.2894736842105263,735003.6012619789,0.010714285714285714,9086,7 508 887 754 59 2385 104,0.18181818181818182 1.0 0.07640232108317214 0.0 1.0 0.0002948982601002654 0.8105263157894737,282683.0185043119,0.30714285714285716,1172,7 384 808 1455 42 2780 72,0.18181818181818182 0.751503006012024 0.0 0.14751683501683502 0.66 0.1167797109997051 0.6421052631578947,257183.80915677422,0.11428571428571428,1137,11 74 1842 4664 34 5775 140,0.5454545454545454 0.13026052104208416 1.0 0.8228114478114478 0.5 1.0 1.0,569364.4090065652,0.575,5360,5 16 1402 4032 49 4855 104,0.0 0.014028056112224449 0.574468085106383 0.6898148148148148 0.8 0.7286936007077558 0.8105263157894737,7925.398739423957,0.6357142857142857,7080,11 12 1538 5480 16 5450 110,0.5454545454545454 0.006012024048096192 0.7059961315280464 0.9945286195286195 0.14 0.9041580654674137 0.8421052631578947,554134.1214800819,0.6285714285714286,6210,11 70 1825 4662 33 5720 140,0.5454545454545454 0.12224448897795591 0.9835589941972921 0.8223905723905723 0.48 0.9837805956944854 1.0,568395.8126726614,0.575,5388,5 16 1355 3753 49 4676 91,0.0 0.014028056112224449 0.5290135396518375 0.6311026936026936 0.8 0.6759068121498083 0.7421052631578947,7411.54487472817,0.6357142857142857,7285,11 11 1539 5444 16 5424 103,0.5454545454545454 0.004008016032064128 0.706963249516441 0.9869528619528619 0.14 0.8964907107048068 0.8052631578947368,553935.7025851341,0.625,6770,10 35 1219 4540 18 4142 10,0.45454545454545453 0.052104208416833664 0.39748549323017407 0.7967171717171717 0.18 0.5184311412562665 0.3157894736842105,464550.947592043,0.010714285714285714,10323
resolved-p7d-c21d-3600-all/resolved-p7d-c21d-3600-2nd/nsp-n40-d28-r0.10-rp2-fp2-s2,0 20 1552 8462 56 5369 -129,0.0 0.0 0.7052238805970149 1.0 0.0 1.0 0.0,8062.238805970149,0.13214285714285715,2804,5 57 1298 2260 91 4781 66,0.16129032258064516 0.07269155206286837 0.5472636815920398 0.2134432466708941 0.15217391304347827 0.8459119496855346 0.9701492537313433,174270.2045095782,0.007142857142857143,8655,5 60 1343 2251 86 4759 49,0.16129032258064516 0.07858546168958742 0.5752487562189055 0.2123018389346861 0.13043478260869565 0.840146750524109 0.8855721393034826,175135.98866863304,0.007142857142857143,7669.0,6 68 1237 2863 70 4226 18,0.1935483870967742 0.09430255402750491 0.5093283582089553 0.2899175649968294 0.06086956521739131 0.7004716981132075 0.7313432835820896,208375.6666633975,0.007142857142857143,2942,2 267 1527 1613 206 3381 43,0.06451612903225806 0.48526522593320237 0.6896766169154229 0.13138871274571973 0.6521739130434783 0.4790356394129979 0.8557213930348259,120141.66997656976,0.2642857142857143,3653,0 450 1980 1241 233 3038 72,0.0 0.8447937131630648 0.9713930348258707 0.08421052631578947 0.7695652173913043 0.3891509433962264 1.0,94359.36022205408,0.17857142857142858,2476,6 67 1208 2784 71 4142 12,0.1935483870967742 0.09233791748526522 0.49129353233830847 0.2798985415345593 0.06521739130434782 0.6784591194968553 0.7014925373134329,207989.02053308106,0.007142857142857143,3238,2 267 1504 1628 187 3340 26,0.06451612903225806 0.48526522593320237 0.6753731343283582 0.13329105897273305 0.5695652173913044 0.46829140461215935 0.7711442786069652,119992.08460789848,0.175,3823,0 449 2026 1200 286 2944 49,0.0 0.8428290766208252 1.0 0.07901077996195308 1.0 0.36451781970649894 0.8855721393034826,94466.44919238084,0.12142857142857143,2502,6 68 1266 2935 70 4255 7,0.1935483870967742 0.09430255402750491 0.527363184079602 0.29904882688649337 0.06086956521739131 0.7080712788259959 0.6766169154228856,208565.1674534326,0.007142857142857143,2807,2 267 1520 1638 212 3317 27,0.06451612903225806 0.48526522593320237 0.6853233830845771 0.13455928979074191 0.6782608695652174 0.46226415094339623 0.7761194029850746,120103.66959408375,0.18214285714285713,3662,0 449 2026 1200 286 2944 49,0.0 0.8428290766208252 1.0 0.07901077996195308 1.0 0.36451781970649894 0.8855721393034826,94466.44919238084,0.12142857142857143,2502,31 511 811 860 139 1817 34,1.0 0.9646365422396856 0.24440298507462688 0.035890932149651236 0.36086956521739133 0.06918238993710692 0.8109452736318408,1098981.1647325591,0.007142857142857143,2034,20 456 418 577 71 1553 64,0.6451612903225806 0.8565815324165029 0.0 0.0 0.06521739130434782 0.0 0.9601990049751243,730826.9255023663,0.7678571428571429,7539,16 493 1140 859 141 1855 49,0.5161290322580645 0.9292730844793713 0.4490049751243781 0.035764109067850346 0.3695652173913043 0.07914046121593292 0.8855721393034826,613620.7880648038,0.725,7111,30 529 860 915 144 1849 32,0.967741935483871 1.0 0.27487562189054726 0.042866201648700065 0.3826086956521739 0.07756813417190776 0.8009950248756219,1070573.395450357,0.007142857142857143,2041,19 457 433 595 75 1561 60,0.6129032258064516 0.8585461689587426 0.009328358208955223 0.0022828154724159797 0.08260869565217391 0.0020964360587002098 0.9402985074626866,698862.6312323211,0.7678571428571429,8207,16 493 1140 859 141 1855 49,0.5161290322580645 0.9292730844793713 0.4490049751243781 0.035764109067850346 0.3695652173913043 0.07914046121593292 0.8855721393034826,613620.7880648038,0.725,7111,4 55 1263 2813 77 4444 36,0.12903225806451613 0.068762278978389 0.525497512437811 0.28357641090678504 0.09130434782608696 0.7575995807127882 0.8208955223880597,141464.56482375204,0.007142857142857143,7876
resolved-p7d-c21d-3600-all/resolved-p7d-c21d-3600-2nd/nsp-n50-d28-r0.10-rp2-fp2-s3,11 12 2082 3360 9 5848 -70,0.07692307692307693 0.014084507042253521 0.19619991738950845 0.06850175967823027 0.34615384615384615 0.14344262295081966 0.32275132275132273,80398.40112304324,0.005714285714285714,6594,10 13 1994 2930 10 5773 -73,0.0 0.016901408450704224 0.15985130111524162 0.04147812971342383 0.38461538461538464 0.13162042875157628 0.30687830687830686,3370.216606992195,0.005714285714285714,6975,10 13 1964 2806 10 5759 -72,0.0 0.016901408450704224 0.14745972738537794 0.033685268979386625 0.38461538461538464 0.12941361916771754 0.31216931216931215,3238.491231868973,0.005714285714285714,7068.0,15 13 2002 4722 9 6333 -15,0.38461538461538464 0.016901408450704224 0.16315572077653862 0.15409753645047763 0.34615384615384615 0.21989281210592687 0.6137566137566137,388128.6082740211,0.005714285714285714,6232,15 334 1607 2270 26 4938 50,0.38461538461538464 0.9211267605633803 0.0 0.0 1.0 0.0 0.9576719576719577,476829.0183436803,0.15142857142857144,1058,11 362 1796 2393 11 5157 58,0.07692307692307693 1.0 0.07806691449814127 0.00773001508295626 0.4230769230769231 0.03452080706179067 1.0,177755.1289835196,0.16857142857142857,1093,14 13 1932 4731 8 6197 -20,0.3076923076923077 0.016901408450704224 0.13424204874019 0.15466314731020614 0.3076923076923077 0.19845523329129885 0.5873015873015873,310912.8732567797,0.005714285714285714,6450,15 334 1607 2270 26 4938 50,0.38461538461538464 0.9211267605633803 0.0 0.0 1.0 0.0 0.9576719576719577,476829.0183436803,0.15142857142857144,1058,11 362 1796 2393 11 5157 58,0.07692307692307693 1.0 0.07806691449814127 0.00773001508295626 0.4230769230769231 0.03452080706179067 1.0,177755.1289835196,0.16857142857142857,1093,16 9 2002 4857 8 6342 -17,0.46153846153846156 0.005633802816901409 0.16315572077653862 0.16258169934640523 0.3076923076923077 0.22131147540983606 0.6031746031746031,463929.56624739,0.005714285714285714,6177,15 334 1607 2270 26 4938 50,0.38461538461538464 0.9211267605633803 0.0 0.0 1.0 0.0 0.9576719576719577,476829.0183436803,0.15142857142857144,1058,11 362 1796 2393 11 5157 58,0.07692307692307693 1.0 0.07806691449814127 0.00773001508295626 0.4230769230769231 0.03452080706179067 1.0,177755.1289835196,0.16857142857142857,1093,23 15 4028 18182 0 11282 -69,1.0 0.022535211267605635 1.0 1.0 0.0 1.0 0.328042328042328,1013263.8491690886,0.6085714285714285,3794,23 7 3686 15797 1 10575 -131,1.0 0.0 0.8587360594795539 0.8501131221719457 0.038461538461538464 0.8885561160151324 0.0,1009450.2054319738,0.6371428571428571,5486,18 12 2912 12413 6 9104 11,0.6153846153846154 0.014084507042253521 0.5390334572490706 0.6374434389140271 0.23076923076923078 0.6566834804539723 0.7513227513227513,622851.2391808783,0.6257142857142857,5851,23 17 3952 18182 0 11131 -56,1.0 0.028169014084507043 0.9686080132176786 1.0 0.0 0.9761979823455234 0.3968253968253968,1013513.1403458478,0.6,3853,20 7 3683 15081 1 10764 -92,0.7692307692307693 0.0 0.8574969021065675 0.805115635997989 0.038461538461538464 0.9183480453972257 0.20634920634920634,778624.0898713394,0.6371428571428571,5701,18 18 2963 12750 5 9211 -7,0.6153846153846154 0.030985915492957747 0.5600991325898389 0.6586224233283057 0.19230769230769232 0.6735498108448928 0.656084656084656,624769.4430351332,0.6257142857142857,5624,13 9 2141 5117 12 6662 -17,0.23076923076923078 0.005633802816901409 0.22057001239157373 0.17892156862745098 0.46153846153846156 0.2717528373266078 0.6031746031746031,233766.7072925944,0.005714285714285714,7699
resolved-p7d-c21d-3600-all/resolved-p7d-c21d-3600-2nd/nsp-n30-d28-r0.10-rp2-fp2-s2,0 0 0 0 0 117 -115,0.0 0.0 0.0 0.0 0.0 0.0 0.28125,0.28125,0.2904761904761905,272,0 0 0 0 0 120 -119,0.0 0.0 0.0 0.0 0.0 0.04918032786885246 0.21875,0.7105532786885246,0.19047619047619047,215,0 0 0 0 0 135 -126,0.0 0.0 0.0 0.0 0.0 0.29508196721311475 0.109375,3.0601946721311473,0.16666666666666666,153.0,0 0 0 0 0 157 -100,0.0 0.0 0.0 0.0 0.0 0.6557377049180327 0.515625,7.073002049180327,0.06666666666666667,182,0 0 0 0 0 178 -94,0.0 0.0 0.0 0.0 0.0 1.0 0.609375,10.609375,0.23333333333333334,33,0 0 0 0 0 158 -94,0.0 0.0 0.0 0.0 0.0 0.6721311475409836 0.609375,7.330686475409836,0.06666666666666667,154,0 0 0 0 0 157 -98,0.0 0.0 0.0 0.0 0.0 0.6557377049180327 0.546875,7.104252049180327,0.06666666666666667,140,0 0 0 0 0 148 -79,0.0 0.0 0.0 0.0 0.0 0.5081967213114754 0.84375,5.925717213114754,0.35714285714285715,23,0 0 0 0 0 163 -82,0.0 0.0 0.0 0.0 0.0 0.7540983606557377 0.796875,8.337858606557376,0.06666666666666667,158,0 0 0 0 0 158 -90,0.0 0.0 0.0 0.0 0.0 0.6721311475409836 0.671875,7.393186475409836,0.06666666666666667,122,0 0 0 0 0 156 -133,0.0 0.0 0.0 0.0 0.0 0.639344262295082 0.0,6.39344262295082,0.23809523809523808,32,0 0 0 0 0 158 -100,0.0 0.0 0.0 0.0 0.0 0.6721311475409836 0.515625,7.236936475409836,0.06666666666666667,104,0 0 0 0 0 155 -109,0.0 0.0 0.0 0.0 0.0 0.6229508196721312 0.375,6.604508196721312,0.06666666666666667,206,0 0 0 0 0 150 -69,0.0 0.0 0.0 0.0 0.0 0.5409836065573771 1.0,6.409836065573771,0.5904761904761905,144,0 0 0 0 0 163 -108,0.0 0.0 0.0 0.0 0.0 0.7540983606557377 0.390625,7.9316086065573765,0.06666666666666667,255,0 0 0 0 0 155 -110,0.0 0.0 0.0 0.0 0.0 0.6229508196721312 0.359375,6.588883196721312,0.06666666666666667,207,0 0 0 0 0 150 -69,0.0 0.0 0.0 0.0 0.0 0.5409836065573771 1.0,6.409836065573771,0.5904761904761905,144,0 0 0 0 0 163 -108,0.0 0.0 0.0 0.0 0.0 0.7540983606557377 0.390625,7.9316086065573765,0.06666666666666667,255,0 0 0 0 0 159 -105,0.0 0.0 0.0 0.0 0.0 0.6885245901639344 0.4375,7.322745901639344,0.06666666666666667,74
resolved-p7d-c21d-3600-all/resolved-p7d-c21d-3600-2nd/nsp-n10-d28-r0.10-rp0-fp0-s2,0 0 0 0 0 71 -39,0.0 0.0 0.0 0.0 0.0 0.0 0.0,0.0,0.44285714285714284,287,0 0 0 0 0 71 -39,0.0 0.0 0.0 0.0 0.0 0.0 0.0,0.0,0.32857142857142857,229,0 0 0 0 0 76 -27,0.0 0.0 0.0 0.0 0.0 0.17857142857142858 0.5,2.2857142857142856,0.2,209.0,0 0 0 0 0 90 -17,0.0 0.0 0.0 0.0 0.0 0.6785714285714286 0.9166666666666666,7.702380952380953,0.02857142857142857,287,0 0 0 0 0 99 -15,0.0 0.0 0.0 0.0 0.0 1.0 1.0,11.0,0.6428571428571429,37,0 0 0 0 0 93 -28,0.0 0.0 0.0 0.0 0.0 0.7857142857142857 0.4583333333333333,8.31547619047619,0.02857142857142857,64,0 0 0 0 0 97 -24,0.0 0.0 0.0 0.0 0.0 0.9285714285714286 0.625,9.910714285714286,0.02857142857142857,159,0 0 0 0 0 94 -23,0.0 0.0 0.0 0.0 0.0 0.8214285714285714 0.6666666666666666,8.88095238095238,0.3,21,0 0 0 0 0 91 -25,0.0 0.0 0.0 0.0 0.0 0.7142857142857143 0.5833333333333334,7.726190476190476,0.02857142857142857,97,0 0 0 0 0 86 -21,0.0 0.0 0.0 0.0 0.0 0.5357142857142857 0.75,6.107142857142857,0.02857142857142857,123,0 0 0 0 0 92 -21,0.0 0.0 0.0 0.0 0.0 0.75 0.75,8.25,0.38571428571428573,85,0 0 0 0 0 90 -26,0.0 0.0 0.0 0.0 0.0 0.6785714285714286 0.5416666666666666,7.327380952380953,0.02857142857142857,207,0 0 0 0 0 91 -29,0.0 0.0 0.0 0.0 0.0 0.7142857142857143 0.4166666666666667,7.55952380952381,0.02857142857142857,262,0 0 0 0 0 89 -22,0.0 0.0 0.0 0.0 0.0 0.6428571428571429 0.7083333333333334,7.136904761904762,0.5714285714285714,88,0 0 0 0 0 86 -22,0.0 0.0 0.0 0.0 0.0 0.5357142857142857 0.7083333333333334,6.06547619047619,0.02857142857142857,287,0 0 0 0 0 91 -29,0.0 0.0 0.0 0.0 0.0 0.7142857142857143 0.4166666666666667,7.55952380952381,0.02857142857142857,262,0 0 0 0 0 89 -23,0.0 0.0 0.0 0.0 0.0 0.6428571428571429 0.6666666666666666,7.095238095238096,0.5714285714285714,89,0 0 0 0 0 86 -21,0.0 0.0 0.0 0.0 0.0 0.5357142857142857 0.75,6.107142857142857,0.02857142857142857,286,0 0 0 0 0 87 -27,0.0 0.0 0.0 0.0 0.0 0.5714285714285714 0.5,6.2142857142857135,0.02857142857142857,145
resolved-p7d-c21d-3600-all/resolved-p7d-c21d-3600-2nd/nsp-n10-d28-r0.10-rp0-fp0-s3,0 0 0 0 0 75 -35,0.0 0.0 0.0 0.0 0.0 0.0 0.0,0.0,0.35714285714285715,266,0 0 0 0 0 79 -34,0.0 0.0 0.0 0.0 0.0 0.16666666666666666 0.058823529411764705,1.7254901960784312,0.2714285714285714,233,0 0 0 0 0 78 -33,0.0 0.0 0.0 0.0 0.0 0.125 0.11764705882352941,1.3676470588235294,0.2857142857142857,216.0,0 0 0 0 0 98 -20,0.0 0.0 0.0 0.0 0.0 0.9583333333333334 0.8823529411764706,10.465686274509805,0.02857142857142857,120,0 0 0 0 0 96 -26,0.0 0.0 0.0 0.0 0.0 0.875 0.5294117647058824,9.279411764705882,0.5285714285714286,69,0 0 0 0 0 99 -23,0.0 0.0 0.0 0.0 0.0 1.0 0.7058823529411765,10.705882352941176,0.02857142857142857,79,0 0 0 0 0 90 -29,0.0 0.0 0.0 0.0 0.0 0.625 0.35294117647058826,6.602941176470588,0.02857142857142857,128,0 0 0 0 0 92 -18,0.0 0.0 0.0 0.0 0.0 0.7083333333333334 1.0,8.083333333333334,0.4857142857142857,86,0 0 0 0 0 91 -23,0.0 0.0 0.0 0.0 0.0 0.6666666666666666 0.7058823529411765,7.372549019607843,0.02857142857142857,161,0 0 0 0 0 93 -27,0.0 0.0 0.0 0.0 0.0 0.75 0.47058823529411764,7.970588235294118,0.02857142857142857,209,0 0 0 0 0 95 -24,0.0 0.0 0.0 0.0 0.0 0.8333333333333334 0.6470588235294118,8.980392156862745,0.37142857142857144,30,0 0 0 0 0 98 -24,0.0 0.0 0.0 0.0 0.0 0.9583333333333334 0.6470588235294118,10.230392156862745,0.02857142857142857,173,0 0 0 0 0 91 -30,0.0 0.0 0.0 0.0 0.0 0.6666666666666666 0.29411764705882354,6.9607843137254894,0.02857142857142857,226,0 0 0 0 0 97 -28,0.0 0.0 0.0 0.0 0.0 0.9166666666666666 0.4117647058823529,9.57843137254902,0.32857142857142857,66,0 0 0 0 0 87 -33,0.0 0.0 0.0 0.0 0.0 0.5 0.11764705882352941,5.117647058823529,0.02857142857142857,311,0 0 0 0 0 91 -30,0.0 0.0 0.0 0.0 0.0 0.6666666666666666 0.29411764705882354,6.9607843137254894,0.02857142857142857,226,0 0 0 0 0 97 -29,0.0 0.0 0.0 0.0 0.0 0.9166666666666666 0.35294117647058826,9.519607843137255,0.34285714285714286,67,0 0 0 0 0 87 -33,0.0 0.0 0.0 0.0 0.0 0.5 0.11764705882352941,5.117647058823529,0.02857142857142857,311,0 0 0 0 0 94 -24,0.0 0.0 0.0 0.0 0.0 0.7916666666666666 0.6470588235294118,8.563725490196077,0.02857142857142857,213
resolved-p7d-c21d-3600-all/resolved-p7d-c21d-3600-2nd/nsp-n20-d28-r0.10-rp2-fp2-s6,0 0 135 341 6 677 -7,0.0 0.0 0.057203389830508475 0.17522658610271905 0.13953488372093023 0.11482820976491863 0.2871287128712871,762.6493835904173,0.014285714285714285,15298,0 0 142 344 5 679 -25,0.0 0.0 0.07203389830508475 0.1770392749244713 0.11627906976744186 0.1166365280289331 0.10891089108910891,910.2814411234414,0.014285714285714285,14909,0 0 142 346 5 682 -19,0.0 0.0 0.07203389830508475 0.1782477341389728 0.11627906976744186 0.11934900542495479 0.16831683168316833,911.5764310524971,0.014285714285714285,14818.0,0 1 201 135 1 870 -33,0.0 0.012987012987012988 0.19703389830508475 0.05075528700906345 0.023255813953488372 0.28933092224231466 0.0297029702970297,3325.044162349279,0.014285714285714285,13750,0 56 264 532 41 1092 50,0.0 0.7272727272727273 0.3305084745762712 0.29063444108761327 0.9534883720930233 0.49005424954792043 0.8514851485148515,76424.09277897635,0.5214285714285715,14918,0 75 281 380 33 969 40,0.0 0.974025974025974 0.3665254237288136 0.1987915407854985 0.7674418604651163 0.37884267631103075 0.7524752475247525,101347.92826872818,0.5785714285714286,13966,0 0 173 118 3 866 -34,0.0 0.0 0.13771186440677965 0.0404833836858006 0.06976744186046512 0.2857142857142857 0.019801980198019802,1427.4557167769847,0.014285714285714285,15637,0 56 260 538 43 1092 53,0.0 0.7272727272727273 0.3220338983050847 0.29425981873111784 1.0 0.49005424954792043 0.8811881188118812,76347.653259669,0.5571428571428572,15253,0 75 281 379 32 969 39,0.0 0.974025974025974 0.3665254237288136 0.19818731117824773 0.7441860465116279 0.37884267631103075 0.7425742574257426,101344.98855673548,0.5785714285714286,14081,0 1 176 119 2 881 -16,0.0 0.012987012987012988 0.1440677966101695 0.04108761329305136 0.046511627906976744 0.29927667269439423 0.19801980198019803,2788.3088274156667,0.014285714285714285,14931,0 56 264 533 41 1097 55,0.0 0.7272727272727273 0.3305084745762712 0.29123867069486403 0.9534883720930233 0.4945750452079566 0.900990099009901,76424.7917214907,0.5214285714285715,14867,0 77 290 386 31 941 39,0.0 1.0 0.3855932203389831 0.20241691842900303 0.7209302325581395 0.3535262206148282 0.7425742574257426,104134.71998153822,0.5785714285714286,13400,0 34 580 1690 13 1656 27,0.0 0.44155844155844154 1.0 0.9903323262839879 0.3023255813953488 1.0 0.6237623762376238,55187.03280264392,0.4785714285714286,15092,0 1 280 714 10 1331 65,0.0 0.012987012987012988 0.3644067796610169 0.40060422960725073 0.23255813953488372 0.7061482820976492 1.0,5374.690621693184,0.6214285714285714,15246,0 2 306 1706 2 1442 -5,0.0 0.025974025974025976 0.4194915254237288 1.0 0.046511627906976744 0.8065099457504521 0.3069306930693069,7805.341044581157,0.5357142857142857,14928,0 34 559 1692 13 1595 36,0.0 0.44155844155844154 0.9555084745762712 0.9915407854984895 0.3023255813953488 0.9448462929475587 0.7128712871287128,54742.8635794615,0.4785714285714286,16054,0 1 283 862 9 1373 52,0.0 0.012987012987012988 0.3707627118644068 0.4900302114803625 0.20930232558139536 0.744122965641953 0.8712871287128713,5525.601378169002,0.6214285714285714,14381,0 2 304 1706 2 1433 -4,0.0 0.025974025974025976 0.4152542372881356 1.0 0.046511627906976744 0.798372513562387 0.31683168316831684,7762.896689893443,0.5357142857142857,15052,0 0 108 51 0 550 -36,0.0 0.0 0.0 0.0 0.0 0.0 0.0,0.0,0.014285714285714285,17826
resolved-p7d-c21d-3600-all/resolved-p7d-c21d-3600-2nd/nsp-n30-d28-r0.10-rp2-fp2-s8,10 187 157 204 31 684 -18,0.9090909090909091 0.41648106904231624 0.125 0.003737541528239203 0.36231884057971014 0.08521830615465545 0.10784313725490197,952029.9454469257,0.009523809523809525,12760,10 188 159 195 31 675 -22,0.9090909090909091 0.41870824053452116 0.1290983606557377 0.0 0.36231884057971014 0.08048395581273014 0.06862745098039216,952289.8221019857,0.009523809523809525,12620,10 183 151 201 32 667 -19,0.9090909090909091 0.40757238307349664 0.11270491803278689 0.0024916943521594683 0.37681159420289856 0.07627564439768543 0.09803921568627451,951016.2302280187,0.009523809523809525,13842.0,10 213 350 356 51 768 -7,0.9090909090909091 0.47438752783964366 0.5204918032786885 0.06686046511627906 0.6521739130434783 0.12940557601262492 0.21568627450980393,961868.1675061156,0.009523809523809525,5609,2 449 572 982 67 1053 -29,0.18181818181818182 1.0 0.9754098360655737 0.32682724252491696 0.8840579710144928 0.27932667017359286 0.0,291990.30648516567,0.28095238095238095,2608,5 415 584 782 54 1312 -20,0.45454545454545453 0.9242761692650334 1.0 0.24377076411960133 0.6956521739130435 0.4155707522356654 0.08823529411764706,557290.6513962853,0.1380952380952381,6674,5 213 349 415 75 796 -18,0.45454545454545453 0.47438752783964366 0.5184426229508197 0.09136212624584718 1.0 0.14413466596528143 0.10784313725490197,507361.54487496987,0.009523809523809525,5141,5 404 556 1032 65 1097 -11,0.45454545454545453 0.8997772828507795 0.9426229508196722 0.34759136212624586 0.855072463768116 0.30247238295633877 0.17647058823529413,554385.71214165,0.6285714285714286,2303,11 214 96 276 26 679 -28,1.0 0.4766146993318486 0.0 0.03363787375415282 0.2898550724637681 0.0825881115202525 0.00980392156862745,1047724.9289992221,0.02857142857142857,13674,8 285 306 333 57 773 5,0.7272727272727273 0.6347438752783965 0.430327868852459 0.057308970099667775 0.7391304347826086 0.13203577064702787 0.3333333333333333,795183.2691937092,0.009523809523809525,5849,7 443 519 706 63 894 -2,0.6363636363636364 0.9866369710467706 0.8668032786885246 0.21220930232558138 0.8260869565217391 0.19568648079957918 0.2647058823529412,743992.4058238667,0.19523809523809524,5844,10 413 441 430 35 1098 6,0.9090909090909091 0.9198218262806236 0.7069672131147541 0.09759136212624585 0.42028985507246375 0.30299842188321935 0.3431372549019608,1008285.7573192262,0.23809523809523808,6096,5 2 358 356 15 1323 -10,0.45454545454545453 0.004454342984409799 0.5368852459016393 0.06686046511627906 0.13043478260869565 0.4213571804313519 0.18627450980392157,460444.0450926032,0.009523809523809525,5953,0 0 507 1926 7 2368 70,0.0 0.0 0.8422131147540983 0.7188538205980066 0.014492753623188406 0.9710678590215676 0.9705882352941176,9153.11551032682,0.6571428571428571,5897,0 0 553 2603 12 2423 51,0.0 0.0 0.9364754098360656 1.0 0.08695652173913043 1.0 0.7843137254901961,10384.23406426006,0.5714285714285714,4914,5 2 272 344 14 1130 -1,0.45454545454545453 0.004454342984409799 0.36065573770491804 0.061877076411960136 0.11594202898550725 0.3198316675433982 0.27450980392156865,458674.3903267346,0.009523809523809525,6898,0 0 510 1926 6 2368 73,0.0 0.0 0.8483606557377049 0.7188538205980066 0.0 0.9710678590215676 1.0,9213.17105656527,0.6571428571428571,5865,0 0 543 2572 12 2413 58,0.0 0.0 0.9159836065573771 0.9871262458471761 0.08695652173913043 0.9947396107311941 0.8529411764705882,10166.458300878643,0.5714285714285714,4948,10 208 111 204 16 522 -25,0.9090909090909091 0.46325167037861914 0.030737704918032786 0.003737541528239203 0.14492753623188406 0.0 0.0392156862745098,955741.722688789,0.009523809523809525,14696
resolved-p7d-c21d-3600-all/resolved-p7d-c21d-3600-2nd/nsp-n20-d28-r0.10-rp2-fp2-s9,0 0 0 0 0 66 -77,0.0 0.0 0.0 0.0 0.0 0.0 0.0,0.0,0.32142857142857145,241,0 0 0 0 0 70 -38,0.0 0.0 0.0 0.0 0.0 0.17391304347826086 0.6,2.3391304347826085,0.2,159,0 0 0 0 0 76 -19,0.0 0.0 0.0 0.0 0.0 0.43478260869565216 0.8923076923076924,5.240133779264214,0.15714285714285714,149.0,0 0 0 0 0 89 -14,0.0 0.0 0.0 0.0 0.0 1.0 0.9692307692307692,10.96923076923077,0.10714285714285714,350,0 0 0 0 0 74 -15,0.0 0.0 0.0 0.0 0.0 0.34782608695652173 0.9538461538461539,4.432107023411371,0.32142857142857145,52,0 0 0 0 0 82 -23,0.0 0.0 0.0 0.0 0.0 0.6956521739130435 0.8307692307692308,7.787290969899665,0.10714285714285714,133,0 0 0 0 0 81 -26,0.0 0.0 0.0 0.0 0.0 0.6521739130434783 0.7846153846153846,7.306354515050168,0.10714285714285714,248,0 0 0 0 0 86 -13,0.0 0.0 0.0 0.0 0.0 0.8695652173913043 0.9846153846153847,9.680267558528428,0.37142857142857144,48,0 0 0 0 0 80 -24,0.0 0.0 0.0 0.0 0.0 0.6086956521739131 0.8153846153846154,6.902341137123746,0.10714285714285714,206,0 0 0 0 0 89 -47,0.0 0.0 0.0 0.0 0.0 1.0 0.46153846153846156,10.461538461538462,0.10714285714285714,232,0 0 0 0 0 86 -12,0.0 0.0 0.0 0.0 0.0 0.8695652173913043 1.0,9.695652173913043,0.2571428571428571,44,0 0 0 0 0 89 -31,0.0 0.0 0.0 0.0 0.0 1.0 0.7076923076923077,10.707692307692307,0.10714285714285714,324,0 0 0 0 0 72 -39,0.0 0.0 0.0 0.0 0.0 0.2608695652173913 0.5846153846153846,3.193311036789298,0.10714285714285714,327,0 0 0 0 0 81 -26,0.0 0.0 0.0 0.0 0.0 0.6521739130434783 0.7846153846153846,7.306354515050168,0.5928571428571429,163,0 0 0 0 0 82 -14,0.0 0.0 0.0 0.0 0.0 0.6956521739130435 0.9692307692307692,7.925752508361204,0.10714285714285714,390,0 0 0 0 0 72 -39,0.0 0.0 0.0 0.0 0.0 0.2608695652173913 0.5846153846153846,3.193311036789298,0.10714285714285714,327,0 0 0 0 0 81 -26,0.0 0.0 0.0 0.0 0.0 0.6521739130434783 0.7846153846153846,7.306354515050168,0.5928571428571429,163,0 0 0 0 0 82 -14,0.0 0.0 0.0 0.0 0.0 0.6956521739130435 0.9692307692307692,7.925752508361204,0.10714285714285714,390,0 0 0 0 0 88 -22,0.0 0.0 0.0 0.0 0.0 0.9565217391304348 0.8461538461538461,10.411371237458194,0.10714285714285714,172
resolved-p7d-c21d-3600-all/resolved-p7d-c21d-3600-2nd/nsp-n50-d28-r0.10-rp2-fp2-s5,30 379 405 372 59 1279 31,0.8108108108108109 0.5213204951856947 0.07255389718076286 0.012316840093438097 0.4230769230769231 0.0010559662090813093 0.35374149659863946,863723.3881347479,0.011428571428571429,7680,30 380 358 347 59 1272 27,0.8108108108108109 0.5226960110041265 0.05306799336650083 0.009662348693990231 0.4230769230769231 0.00013199577613516366 0.32653061224489793,863663.3897364603,0.011428571428571429,7587,30 379 400 368 59 1271 30,0.8108108108108109 0.5213204951856947 0.07048092868988391 0.011892121469526439 0.4230769230769231 0.0 0.3469387755102041,863702.2163688319,0.011428571428571429,7750.0,36 353 232 256 53 1863 -21,0.972972972972973 0.4855570839064649 0.0008291873963515755 0.0 0.3769230769230769 0.0781414994720169 0.0,1021575.44696027,0.011428571428571429,2827,30 681 1733 934 131 2601 47,0.8108108108108109 0.936726272352132 0.6231343283582089 0.07198980675302612 0.9769230769230769 0.1755543822597677 0.46258503401360546,910886.6815729082,0.32285714285714284,2199,37 552 608 558 53 1587 -3,1.0 0.7592847317744154 0.15671641791044777 0.03206625610533022 0.3769230769230769 0.04171066525871172 0.12244897959183673,1077565.9354759757,0.19714285714285715,4885,30 419 774 507 71 1736 16,0.8108108108108109 0.5763411279229711 0.22553897180762852 0.02665109365045657 0.5153846153846153 0.06137803590285111 0.25170068027210885,870779.3683574125,0.011428571428571429,2899,32 607 635 626 75 1714 32,0.8648648648648649 0.8349381017881705 0.16791044776119404 0.03928647271182841 0.5461538461538461 0.05847412882787751 0.36054421768707484,950132.6266641271,0.14285714285714285,1650,34 623 525 652 70 1408 4,0.918918918918919 0.8569463548830811 0.12230514096185738 0.04204714376725419 0.5076923076923077 0.018083421330517425 0.17006802721088435,1005929.7730936226,0.09714285714285714,3285,28 419 535 694 75 1792 18,0.7567567567567568 0.5763411279229711 0.12645107794361526 0.04650668931832661 0.5461538461538461 0.06876979936642028 0.2653061224489796,815757.4554065398,0.011428571428571429,2897,33 607 710 595 48 1839 2,0.8918918918918919 0.8349381017881705 0.19900497512437812 0.03599490337651306 0.3384615384615385 0.07497360084477296 0.1564625850340136,977446.4990777688,0.26857142857142857,3152,37 727 1268 1084 79 2307 15,1.0 1.0 0.43034825870646765 0.08791675514971331 0.5769230769230769 0.13674762407602956 0.24489795918367346,1104450.7040241067,0.29714285714285715,401,12 51 1735 2969 4 5376 24,0.32432432432432434 0.07015130674002751 0.6239635157545605 0.2880654066680824 0.0 0.5418426610348469 0.30612244897959184,337872.8801116001,0.011428571428571429,4261,0 0 1976 4365 125 6581 126,0.0 0.0 0.7238805970149254 0.4362922064132512 0.9307692307692308 0.7008975712777191 1.0,7776.184075352206,0.6257142857142857,2139,0 0 2642 9674 5 8847 39,0.0 0.0 1.0 1.0 0.007692307692307693 1.0 0.40816326530612246,11011.177394034537,0.6285714285714286,2270,13 42 1835 2977 4 5550 21,0.35135135135135137 0.0577716643741403 0.6654228855721394 0.2889148439159057 0.0 0.5648099260823654 0.2857142857142857,364077.59530194924,0.011428571428571429,4126,0 0 1886 3942 134 6385 124,0.0 0.0 0.6865671641791045 0.3913782119345933 1.0 0.675026399155227 0.9863945578231292,7364.786512275014,0.6257142857142857,2294,0 0 2624 9618 5 8796 46,0.0 0.0 0.9925373134328358 0.9940539392652368 0.007692307692307693 0.9932682154171066 0.4557823129251701,10930.584768829922,0.6285714285714286,2314,33 351 230 437 46 1710 17,0.8918918918918919 0.4828060522696011 0.0 0.01921851773200255 0.3230769230769231 0.05794614572333685 0.2585034013605442,940224.8612937502,0.011428571428571429,7966
resolved-p7d-c21d-3600-all/resolved-p7d-c21d-3600-2nd/nsp-n50-d28-r0.10-rp2-fp2-s2,1 34 2676 9527 43 7844 -98,0.0 0.042826552462526764 0.15273775216138327 0.9916454776607337 0.2550335570469799 0.657515123313169 0.0,6833.756752465072,0.07142857142857142,4010,18 49 3558 6994 52 8929 -27,1.0 0.07494646680942184 1.0 0.6849497517859305 0.31543624161073824 0.90995812005584 0.3034188034188034,1018220.5430568932,0.005714285714285714,5323,16 49 3554 6284 53 8839 -19,0.8823529411764706 0.07494646680942184 0.9961575408261287 0.5989829277152198 0.3221476510067114 0.8890181479758027 0.33760683760683763,900449.5887468073,0.005714285714285714,6672.0,13 49 2895 3528 51 8656 102,0.7058823529411765 0.07494646680942184 0.3631123919308357 0.2652863542801792 0.3087248322147651 0.8464402047463937 0.8547008547008547,717313.6014818308,0.005714285714285714,4819,8 407 2563 1349 122 5173 97,0.4117647058823529 0.841541755888651 0.04418828049951969 0.001452960406828914 0.785234899328859 0.036063285248953005 0.8333333333333334,496441.9346927387,0.16,1050,6 451 2588 1392 142 5160 104,0.29411764705882354 0.9357601713062098 0.06820365033621517 0.006659401864632522 0.9194630872483222 0.03303862261516985 0.8632478632478633,388475.50003748556,0.09714285714285714,1637,13 49 2944 3751 50 8802 79,0.7058823529411765 0.07494646680942184 0.4101825168107589 0.2922872018404165 0.30201342281879195 0.8804094927873429 0.7564102564102564,717810.8738395328,0.005714285714285714,4653,7 440 2611 1340 126 5018 119,0.35294117647058826 0.9122055674518201 0.09029779058597502 0.0003632401017072285 0.8120805369127517 0.0 0.9273504273504274,445147.20976585033,0.16,1071,7 403 2517 1912 130 5319 124,0.35294117647058826 0.8329764453961456 0.0 0.06962101949388545 0.8389261744966443 0.07003257328990228 0.9487179487179487,436393.98369082797,0.17714285714285713,1508,13 49 2895 3635 51 8672 97,0.7058823529411765 0.07494646680942184 0.3631123919308357 0.278241917907737 0.3087248322147651 0.8501628664495114 0.8333333333333334,717326.5729045541,0.005714285714285714,4725,7 440 2610 1340 126 5018 119,0.35294117647058826 0.9122055674518201 0.0893371757925072 0.0003632401017072285 0.8120805369127517 0.0 0.9273504273504274,445137.60361791565,0.16,1072,5 481 2621 1337 154 5101 136,0.23529411764705882 1.0 0.09990393852065321 0.0 1.0 0.01931130758492322 1.0,336394.3501453412,0.21142857142857144,1640,17 14 3141 9596 5 9215 -13,0.9411764705882353 0.0 0.5994236311239193 1.0 0.0 0.9765006979990694 0.36324786324786323,948180.8351543178,0.62,4974,11 23 2830 7245 29 8190 106,0.5882352941176471 0.019271948608137045 0.30067243035542746 0.7153408402954353 0.1610738255033557 0.7380176826430898 0.8717948717948718,593908.9134765591,0.7057142857142857,5305,5 43 2808 7862 71 8404 71,0.23529411764705882 0.06209850107066381 0.27953890489913547 0.7900472212132219 0.4429530201342282 0.7878082829222894 0.7222222222222222,245142.29963139465,0.7457142857142857,5448,17 14 3241 9594 5 9316 -19,0.9411764705882353 0.0 0.6954851104707013 0.9997578399321951 0.0 1.0 0.33760683760683763,949141.4171397121,0.62,4885,11 24 2837 7490 26 8223 105,0.5882352941176471 0.021413276231263382 0.30739673390970224 0.7450054486015256 0.14093959731543623 0.7456956724057702 0.8675213675213675,594218.0129662951,0.7057142857142857,5241,5 43 2867 8302 69 8509 61,0.23529411764705882 0.06209850107066381 0.33621517771373677 0.8433224361302821 0.42953020134228187 0.8122382503489995 0.6794871794871795,245761.19685721007,0.7457142857142857,5281,17 46 3305 7344 47 8722 -70,0.9411764705882353 0.06852248394004283 0.7569644572526417 0.7273277636517739 0.28187919463087246 0.8617961842717543 0.11965811965811966,956362.6168578432,0.005714285714285714,8464
resolved-p7d-c21d-3600-all/resolved-p7d-c21d-3600-2nd/nsp-n20-d28-r0.10-rp2-fp2-s8,2 1 271 1138 21 1441 63,0.25 0.0 0.44607843137254904 1.0 0.0 0.7518181818181818 0.8571428571428571,255469.1596384008,0.02142857142857143,15001,2 1 263 1014 22 1287 42,0.25 0.0 0.4264705882352941 0.8728205128205129 0.008264462809917356 0.6118181818181818 0.42857142857142855,255144.8995947012,0.02142857142857143,17851,2 1 268 1088 22 1339 70,0.25 0.0 0.4387254901960784 0.9487179487179487 0.008264462809917356 0.6590909090909091 1.0,255344.39020605062,0.02142857142857143,16475.0,2 1 161 315 23 849 57,0.25 0.0 0.17647058823529413 0.1558974358974359 0.01652892561983471 0.21363636363636362 0.7346938775510204,251925.12726832627,0.02142857142857143,8042,0 1 420 319 138 1714 43,0.0 0.0 0.8112745098039216 0.16 0.9669421487603306 1.0 0.4489795918367347,8379.888292507087,0.5214285714285715,8147,0 1 89 164 25 800 32,0.0 0.0 0.0 0.0010256410256410256 0.03305785123966942 0.1690909090909091 0.22448979591836735,6.246825036435426,0.4714285714285714,8668,2 1 151 196 23 824 58,0.25 0.0 0.15196078431372548 0.033846153846153845 0.01652892561983471 0.19090909090909092 0.7551020408163265,251557.7710824953,0.02142857142857143,8445,0 1 420 319 138 1714 43,0.0 0.0 0.8112745098039216 0.16 0.9669421487603306 1.0 0.4489795918367347,8379.888292507087,0.5214285714285715,8147,0 1 103 232 39 885 21,0.0 0.0 0.03431372549019608 0.07076923076923076 0.1487603305785124 0.24636363636363637 0.0,431.2461550926792,0.4642857142857143,8550,2 1 176 480 24 917 42,0.25 0.0 0.21323529411764705 0.3251282051282051 0.024793388429752067 0.27545454545454545 0.42857142857142855,252463.14360203076,0.02142857142857143,7031,0 1 471 287 142 1667 34,0.0 0.0 0.9362745098039216 0.12717948717948718 1.0 0.9572727272727273 0.2653061224489796,9599.762618613879,0.45714285714285713,7283,0 1 89 163 27 812 22,0.0 0.0 0.0 0.0 0.049586776859504134 0.18 0.02040816326530612,6.779085849215719,0.4714285714285714,8676,3 90 310 242 50 791 36,0.375 0.4218009478672986 0.5416666666666666 0.08102564102564103 0.2396694214876033 0.16090909090909092 0.30612244897959184,422703.669249929,0.02142857142857143,8151,2 212 483 270 79 713 56,0.25 1.0 0.9656862745098039 0.10974358974358975 0.4793388429752066 0.09 0.7142857142857143,359816.1545048534,0.7642857142857142,15655,8 200 376 276 70 617 43,1.0 0.943127962085308 0.7034313725490197 0.1158974358974359 0.4049586776859504 0.0027272727272727275 0.4489795918367347,1101503.979490006,0.75,16413,2 133 319 239 63 787 44,0.25 0.6255924170616114 0.5637254901960784 0.07794871794871795 0.34710743801652894 0.1572727272727273 0.46938775510204084,318311.1981849001,0.02142857142857143,8389,2 211 497 286 79 706 53,0.25 0.995260663507109 1.0 0.12615384615384614 0.4793388429752066 0.08363636363636363 0.6530612244897959,359701.6435060231,0.75,15671,8 199 423 292 72 614 43,1.0 0.9383886255924171 0.8186274509803921 0.13230769230769232 0.4214876033057851 0.0 0.4489795918367347,1102200.0425012757,0.7571428571428571,16558,2 1 224 215 27 1108 60,0.25 0.0 0.33088235294117646 0.05333333333333334 0.049586776859504134 0.4490909090909091 0.7959183673469388,253372.4023678893,0.02142857142857143,17926
resolved-p7d-c21d-3600-all/resolved-p7d-c21d-3600-2nd/nsp-n40-d28-r0.10-rp2-fp2-s7,11 9 854 1825 11 3362 -18,0.9166666666666666 0.017857142857142856 0.12682926829268293 0.15101043748612036 0.006134969325153374 0.33369291621718805 0.08904109589041095,919875.7235399844,0.010714285714285714,9148,11 9 854 1825 11 3362 -21,0.9166666666666666 0.017857142857142856 0.12682926829268293 0.15101043748612036 0.006134969325153374 0.33369291621718805 0.0684931506849315,919875.7029920393,0.010714285714285714,9151,11 9 837 1831 12 3353 -31,0.9166666666666666 0.017857142857142856 0.10609756097560975 0.1523428825227626 0.012269938650306749 0.3304566702624955 0.0,919670.2310052274,0.010714285714285714,9262.0,12 14 932 2081 10 3464 17,1.0 0.030612244897959183 0.22195121951219512 0.2078614257161892 0.0 0.37037037037037035 0.3287671232876712,1005492.630581461,0.010714285714285714,7062,8 328 951 1322 30 2434 41,0.6666666666666666 0.8316326530612245 0.2451219512195122 0.03930712858094604 0.12269938650306748 0.0 0.4931506849315068,752333.2217029004,0.125,877,10 394 1084 1334 43 2724 57,0.8333333333333334 1.0 0.4073170731707317 0.04197201865423051 0.20245398773006135 0.10427903631787126 0.6027397260273972,937470.3670125571,0.23214285714285715,1226,12 14 931 2073 10 3464 9,1.0 0.030612244897959183 0.22073170731707317 0.20608483233399955 0.0 0.37037037037037035 0.273972602739726,1005478.6040716071,0.010714285714285714,7133,9 262 955 1724 32 2742 67,0.75 0.6632653061224489 0.25 0.12858094603597603 0.13496932515337423 0.11075152822725638 0.6712328767123288,818970.3872389552,0.25357142857142856,802,10 394 1084 1334 43 2724 57,0.8333333333333334 1.0 0.4073170731707317 0.04197201865423051 0.20245398773006135 0.10427903631787126 0.6027397260273972,937470.3670125571,0.23214285714285715,1226,12 14 932 2148 10 3464 20,1.0 0.030612244897959183 0.22195121951219512 0.22274039529202755 0.0 0.37037037037037035 0.3493150684931507,1005507.530098982,0.010714285714285714,7041,9 262 955 1724 32 2742 67,0.75 0.6632653061224489 0.25 0.12858094603597603 0.13496932515337423 0.11075152822725638 0.6712328767123288,818970.3872389552,0.25357142857142856,802,10 394 1084 1333 43 2725 57,0.8333333333333334 1.0 0.4073170731707317 0.04174994448145681 0.20245398773006135 0.104638619201726 0.6027397260273972,937470.1485342132,0.23214285714285715,1227,3 34 1436 5648 26 5215 103,0.25 0.08163265306122448 0.8365853658536585 1.0 0.09815950920245399 1.0 0.9178082191780822,267549.8527237985,0.6,6513,0 3 1570 2345 163 4524 73,0.0 0.002551020408163265 1.0 0.2664890073284477 0.9386503067484663 0.7515282272563826 0.7123287671232876,10623.683689859308,0.6928571428571428,7989,0 5 1069 2963 24 3930 36,0.0 0.007653061224489796 0.38902439024390245 0.4037308461025983 0.08588957055214724 0.5379359942466738 0.4589041095890411,5073.708092097873,0.6214285714285714,7725,3 31 1427 5513 25 5156 115,0.25 0.07397959183673469 0.8256097560975609 0.9700199866755497 0.09202453987730061 0.978784609852571 1.0,266644.0670314109,0.6,6624,0 2 1504 2236 173 4620 64,0.0 0.0 0.9195121951219513 0.2422829224961137 1.0 0.7860481841064365 0.6506849315068494,9545.916040488199,0.6928571428571428,8510,0 6 1128 3023 27 4094 39,0.0 0.01020408163265306 0.4609756097560976 0.4170552964690207 0.10429447852760736 0.5969075871988493 0.4794520547945205,6064.097533074846,0.6214285714285714,7560,11 6 750 1145 16 2786 -19,0.9166666666666666 0.01020408163265306 0.0 0.0 0.03680981595092025 0.12657317511686444 0.0821917808219178,917692.103735059,0.010714285714285714,8515
resolved-p7d-c21d-3600-all/resolved-p7d-c21d-3600-2nd/nsp-n50-d28-r0.10-rp2-fp2-s4,3 63 1395 1357 48 4269 81,0.0 0.17105263157894737 0.0 0.0024932681759250023 0.7543859649122807 0.0 0.4473684210526316,17183.642390982943,0.04285714285714286,5881,8 72 1463 1332 62 4308 60,0.38461538461538464 0.20065789473684212 0.0368763557483731 0.0 1.0 0.007641065830721003 0.3368421052631579,405150.35089931614,0.03142857142857143,6989,8 72 1464 1334 61 4312 55,0.38461538461538464 0.20065789473684212 0.037418655097613884 0.0001994614540740002 0.9824561403508771 0.008424764890282132 0.3105263157894737,405154.20048949885,0.03142857142857143,6676.0,10 37 2014 5903 9 6105 36,0.5384615384615384 0.08552631578947369 0.33568329718004336 0.4558691532861275 0.07017543859649122 0.359717868338558 0.21052631578947367,550837.6974144311,0.03142857142857143,6672,15 315 1919 4646 8 5456 62,0.9230769230769231 1.0 0.2841648590021692 0.33050762940061834 0.05263157894736842 0.2325626959247649 0.3473684210526316,1026257.0154496204,0.22857142857142856,807,15 308 1727 5278 7 5173 39,0.9230769230769231 0.9769736842105263 0.18004338394793926 0.3935374488880024 0.03508771929824561 0.17711598746081506 0.22631578947368422,1022973.769033937,0.16285714285714287,855,10 35 2041 4456 11 5840 75,0.5384615384615384 0.07894736842105263 0.35032537960954446 0.3115587912635883 0.10526315789473684 0.3077978056426332 0.41578947368421054,550185.1079743223,0.03142857142857143,7148,15 315 1918 4646 8 5456 62,0.9230769230769231 1.0 0.28362255965292843 0.33050762940061834 0.05263157894736842 0.2325626959247649 0.3473684210526316,1026251.5924561281,0.22857142857142856,808,15 308 1727 5261 7 5172 41,0.9230769230769231 0.9769736842105263 0.18004338394793926 0.3918420265283734 0.03508771929824561 0.17692006269592475 0.23684210526315788,1022972.0821786455,0.16285714285714287,856,10 35 2124 4490 12 6012 83,0.5384615384615384 0.07894736842105263 0.3953362255965293 0.3149496359828463 0.12280701754385964 0.34149686520376177 0.45789473684210524,550640.740760735,0.03142857142857143,6985,15 315 1918 4646 8 5456 62,0.9230769230769231 1.0 0.28362255965292843 0.33050762940061834 0.05263157894736842 0.2325626959247649 0.3473684210526316,1026251.5924561281,0.22857142857142856,808,16 214 2095 6555 5 5945 -4,1.0 0.6677631578947368 0.3796095444685466 0.5208935873142515 0.0 0.3283699059561129 0.0,1071096.588520533,0.10857142857142857,829,12 32 3229 11299 5 9373 52,0.6923076923076923 0.06907894736842106 0.9945770065075922 0.99401615637778 0.0 1.0 0.29473684210526313,710165.6680028301,0.6,5953,9 22 3053 10701 54 8952 58,0.46153846153846156 0.03618421052631579 0.8991323210412148 0.9343771816096539 0.8596491228070176 0.9175156739811913 0.3263157894736842,475178.0493679249,0.6828571428571428,3878,3 49 2536 8026 20 8473 186,0.0 0.125 0.618763557483731 0.6675974867856787 0.2631578947368421 0.8236677115987461 1.0,19390.78552821266,0.6628571428571428,4634,12 34 3239 11300 5 9347 46,0.6923076923076923 0.0756578947368421 1.0 0.994115887104817 0.0 0.9949059561128527 0.2631578947368421,710877.8098859371,0.6,5893,10 21 3044 11359 54 9003 47,0.5384615384615384 0.03289473684210526 0.8942516268980477 1.0 0.8596491228070176 0.9275078369905956 0.26842105263157895,551789.0368264326,0.6828571428571428,3784,3 49 2537 8068 20 8473 182,0.0 0.125 0.6193058568329718 0.6717861773212327 0.2631578947368421 0.8236677115987461 0.9789473684210527,19400.376159609044,0.6628571428571428,4625,11 11 1878 4805 22 6144 35,0.6153846153846154 0.0 0.2619305856832972 0.34636481499950134 0.2982456140350877 0.367358934169279 0.20526315789473684,618383.9894703509,0.03142857142857143,8549
resolved-p7d-c21d-3600-all/resolved-p7d-c21d-3600-2nd/nsp-n20-d28-r0.10-rp2-fp2-s1,0 1 125 218 4 652 9,0.0 0.0053475935828877 0.09608540925266904 0.517948717948718 0.02531645569620253 0.26 0.27058823529411763,2018.9644025690927,0.05,9585,3 0 147 16 2 723 -10,0.3333333333333333 0.0 0.17437722419928825 0.0 0.0 0.4177777777777778 0.047058823529411764,335081.3304119275,0.014285714285714285,14726,3 0 147 39 2 719 -14,0.3333333333333333 0.0 0.17437722419928825 0.05897435897435897 0.0 0.4088888888888889 0.0,335140.16882318945,0.014285714285714285,14692.0,3 2 99 406 3 535 24,0.3333333333333333 0.0106951871657754 0.0035587188612099642 1.0 0.012658227848101266 0.0 0.4470588235294118,335440.1521201313,0.014285714285714285,10223,0 118 375 248 43 985 39,0.0 0.6310160427807486 0.9857651245551602 0.5948717948717949 0.5189873417721519 1.0 0.6235294117647059,73616.64958208724,0.6571428571428571,5019,0 120 263 270 32 813 40,0.0 0.6417112299465241 0.5871886120996441 0.6512820512820513 0.379746835443038 0.6177777777777778 0.6352941176470588,70739.07892237064,0.5928571428571429,12845,3 4 113 404 3 599 21,0.3333333333333333 0.0213903743315508 0.05338078291814947 0.9948717948717949 0.012658227848101266 0.14222222222222222 0.4117647058823529,337004.1502002546,0.014285714285714285,9653,0 118 379 234 41 966 54,0.0 0.6310160427807486 1.0 0.558974358974359 0.4936708860759494 0.9577777777777777 0.8,73720.3235034346,0.6642857142857143,4989,0 119 293 281 33 831 43,0.0 0.6363636363636364 0.693950177935943 0.6794871794871795 0.3924050632911392 0.6577777777777778 0.6705882352941176,71301.84146755243,0.5928571428571429,12919,3 2 98 403 3 537 26,0.3333333333333333 0.0106951871657754 0.0 0.9923076923076923 0.012658227848101266 0.0044444444444444444 0.47058823529411764,335396.9405976831,0.014285714285714285,10256,0 118 377 235 41 969 53,0.0 0.6310160427807486 0.9928825622775801 0.5615384615384615 0.4936708860759494 0.9644444444444444 0.788235294117647,73651.76813073528,0.6714285714285714,5002,0 125 279 289 38 834 45,0.0 0.6684491978609626 0.6441281138790036 0.7 0.45569620253164556 0.6644444444444444 0.6941176470588235,74039.10910723096,0.5571428571428572,11832,5 143 329 341 44 572 27,0.5555555555555556 0.7647058823529411 0.8220640569395018 0.8333333333333334 0.5316455696202531 0.08222222222222222 0.4823529411764706,641134.5868257035,0.014285714285714285,7330,5 182 194 235 39 607 63,0.5555555555555556 0.9732620320855615 0.3416370106761566 0.5615384615384615 0.46835443037974683 0.16 0.9058823529411765,656909.0086578027,0.6928571428571428,18205,9 181 303 321 81 650 52,1.0 0.9679144385026738 0.7295373665480427 0.782051282051282 1.0 0.25555555555555554 0.7764705882352941,1104972.200823943,0.7285714285714285,17536,5 157 332 360 38 570 27,0.5555555555555556 0.839572192513369 0.8327402135231317 0.882051282051282 0.45569620253164556 0.07777777777777778 0.4823529411764706,648769.0579751473,0.014285714285714285,6727,5 176 191 236 36 624 71,0.5555555555555556 0.9411764705882353 0.3309608540925267 0.5641025641025641 0.43037974683544306 0.19777777777777777 1.0,653592.9294718683,0.7142857142857143,18586,9 187 302 314 75 626 51,1.0 1.0 0.7259786476868327 0.764102564102564 0.9240506329113924 0.20222222222222222 0.7647058823529411,1108119.0810323665,0.7571428571428571,17180,3 4 165 44 3 764 10,0.3333333333333333 0.0213903743315508 0.23843416370106763 0.07179487179487179 0.012658227848101266 0.5088888888888888 0.2823529411764706,337935.14433990885,0.014285714285714285,17658
resolved-p7d-c21d-3600-all/resolved-p7d-c21d-3600-2nd/nsp-n20-d28-r0.10-rp2-fp2-s3,0 0 0 0 0 78 -78,0.0 0.0 0.0 0.0 0.0 0.0 0.0,0.0,0.30714285714285716,215,0 0 0 0 0 91 -44,0.0 0.0 0.0 0.0 0.0 0.30952380952380953 0.5862068965517241,3.6814449917898195,0.17857142857142858,117,0 0 0 0 0 94 -36,0.0 0.0 0.0 0.0 0.0 0.38095238095238093 0.7241379310344828,4.533661740558292,0.20714285714285716,102.0,0 0 0 0 0 102 -29,0.0 0.0 0.0 0.0 0.0 0.5714285714285714 0.8448275862068966,6.55911330049261,0.07857142857142857,120,0 0 0 0 0 115 -20,0.0 0.0 0.0 0.0 0.0 0.8809523809523809 1.0,9.80952380952381,0.21428571428571427,21,0 0 0 0 0 113 -38,0.0 0.0 0.0 0.0 0.0 0.8333333333333334 0.6896551724137931,9.022988505747128,0.07857142857142857,110,0 0 0 0 0 112 -36,0.0 0.0 0.0 0.0 0.0 0.8095238095238095 0.7241379310344828,8.819376026272577,0.07857142857142857,335,0 0 0 0 0 115 -35,0.0 0.0 0.0 0.0 0.0 0.8809523809523809 0.7413793103448276,9.550903119868638,0.24285714285714285,75,0 0 0 0 0 113 -29,0.0 0.0 0.0 0.0 0.0 0.8333333333333334 0.8448275862068966,9.17816091954023,0.07857142857142857,178,0 0 0 0 0 111 -44,0.0 0.0 0.0 0.0 0.0 0.7857142857142857 0.5862068965517241,8.44334975369458,0.07857142857142857,215,0 0 0 0 0 120 -25,0.0 0.0 0.0 0.0 0.0 1.0 0.9137931034482759,10.913793103448276,0.29285714285714287,30,0 0 0 0 0 104 -37,0.0 0.0 0.0 0.0 0.0 0.6190476190476191 0.7068965517241379,6.897372742200329,0.07857142857142857,167,0 0 0 0 0 113 -42,0.0 0.0 0.0 0.0 0.0 0.8333333333333334 0.6206896551724138,8.954022988505749,0.07857142857142857,298,0 0 0 0 0 104 -20,0.0 0.0 0.0 0.0 0.0 0.6190476190476191 1.0,7.190476190476191,0.6357142857142857,60,0 0 0 0 0 106 -33,0.0 0.0 0.0 0.0 0.0 0.6666666666666666 0.7758620689655172,7.442528735632183,0.07857142857142857,310,0 0 0 0 0 113 -42,0.0 0.0 0.0 0.0 0.0 0.8333333333333334 0.6206896551724138,8.954022988505749,0.07857142857142857,298,0 0 0 0 0 104 -20,0.0 0.0 0.0 0.0 0.0 0.6190476190476191 1.0,7.190476190476191,0.6357142857142857,60,0 0 0 0 0 106 -33,0.0 0.0 0.0 0.0 0.0 0.6666666666666666 0.7758620689655172,7.442528735632183,0.07857142857142857,310,0 0 0 0 0 107 -27,0.0 0.0 0.0 0.0 0.0 0.6904761904761905 0.8793103448275862,7.784072249589491,0.07857142857142857,88
resolved-p7d-c21d-3600-all/resolved-p7d-c21d-3600-2nd/nsp-n30-d28-r0.10-rp2-fp2-s0,2 8 395 1028 8 1890 -79,0.5 0.02702702702702703 0.0 0.07587488386497368 0.078125 0.2025685931115003 0.010810810810810811,502788.4265833096,0.01904761904761905,12274,2 8 395 1049 8 1902 -81,0.5 0.02702702702702703 0.0 0.07912666460204397 0.078125 0.20957384705195564 0.0,502791.73760577524,0.01904761904761905,12218,2 9 463 1190 4 1704 -22,0.5 0.033783783783783786 0.10675039246467818 0.10096004955094456 0.015625 0.09398715703444249 0.31891891891891894,504549.6636430654,0.01904761904761905,10355.0,2 6 500 1105 40 1698 -5,0.5 0.013513513513513514 0.16483516483516483 0.08779807990089811 0.578125 0.09048453006421482 0.41081081081081083,503146.6292357154,0.01904761904761905,11449,0 120 506 642 46 1656 40,0.0 0.7837837837837838 0.17425431711145997 0.01610405698358625 0.671875 0.06596614127262113 0.654054054054054,80205.52682194333,0.4666666666666667,3225,0 152 670 538 67 1722 36,0.0 1.0 0.4317111459968603 0.0 1.0 0.1044950379451255 0.6324324324324324,104418.78884278049,0.2761904761904762,3393,2 6 501 1105 40 1703 -3,0.5 0.013513513513513514 0.1664050235478807 0.08779807990089811 0.578125 0.09340338587273789 0.42162162162162165,503162.3678222114,0.01904761904761905,11262,0 120 501 648 47 1646 47,0.0 0.7837837837837838 0.1664050235478807 0.017033137194177764 0.6875 0.060128429655575015 0.6918918918918919,80129.5049272398,0.44285714285714284,3349,0 152 670 538 67 1722 36,0.0 1.0 0.4317111459968603 0.0 1.0 0.1044950379451255 0.6324324324324324,104418.78884278049,0.2761904761904762,3393,2 6 500 1107 40 1694 1,0.5 0.013513513513513514 0.16483516483516483 0.08810777330442862 0.578125 0.08814944541739637 0.44324324324324327,503146.94801070483,0.01904761904761905,11379,0 120 501 556 54 1543 35,0.0 0.7837837837837838 0.1664050235478807 0.002787240631774543 0.796875 0.0 0.6270270270270271,80125.53038151599,0.49523809523809526,3359,0 152 670 538 67 1722 36,0.0 1.0 0.4317111459968603 0.0 1.0 0.1044950379451255 0.6324324324324324,104418.78884278049,0.2761904761904762,3393,4 15 957 3844 6 3159 85,1.0 0.07432432432432433 0.8822605965463108 0.5119231960359244 0.046875 0.9433741973146527 0.8972972972972973,1016781.9801332019,0.5952380952380952,9152,3 4 1021 6996 22 3256 9,0.75 0.0 0.9827315541601256 1.0 0.296875 1.0 0.4864864864864865,760867.4895280878,0.6857142857142857,8222,2 7 1032 3682 3 3007 76,0.5 0.02027027027027027 1.0 0.48683803034995354 0.0 0.8546409807355516 0.8486486486486486,512523.26011583296,0.6428571428571429,9998,4 16 1002 3838 8 3249 104,1.0 0.08108108108108109 0.9529042386185244 0.5109941158253329 0.078125 0.9959136018680678 1.0,1018166.9162461373,0.5952380952380952,9004,2 4 905 4669 21 2855 46,0.5 0.0 0.8006279434850864 0.6396717249922577 0.28125 0.7659077641564507 0.6864864864864865,508682.42172397114,0.6857142857142857,10614,2 7 998 3206 6 2923 88,0.5 0.02027027027027027 0.9466248037676609 0.4131310003096934 0.046875 0.8056042031523643 0.9135135135135135,511920.0631205584,0.6428571428571429,10334,2 6 433 1397 8 1637 -7,0.5 0.013513513513513514 0.059654631083202514 0.1330133168163518 0.078125 0.05487448920023351 0.4,502089.6722238917,0.01904761904761905,12884
resolved-p7d-c21d-3600-all/resolved-p7d-c21d-3600-2nd/nsp-n30-d28-r0.10-rp2-fp2-s3,5 63 649 1936 33 2330 78,0.5 0.18450184501845018 0.08976660682226212 0.5789775990809879 0.08904109589041095 0.630453378956373 0.4214876033057851,519942.45830013056,0.014285714285714285,10281,5 63 644 1936 33 2321 85,0.5 0.18450184501845018 0.0807899461400359 0.5789775990809879 0.08904109589041095 0.6227544910179641 0.4793388429752066,519852.67255566857,0.014285714285714285,10301,5 63 638 1935 33 2312 79,0.5 0.18450184501845018 0.07001795332136446 0.5784032165422172 0.08904109589041095 0.6150556030795552 0.4297520661157025,519744.2516692868,0.014285714285714285,10414.0,7 61 599 1692 20 2290 93,0.7 0.17712177121771217 0.0 0.43882825962090755 0.0 0.5962360992301112 0.5454545454545454,718157.5131969298,0.014285714285714285,8539,0 213 1145 928 164 1977 76,0.0 0.7380073800738007 0.9802513464991023 0.0 0.9863013698630136 0.32848588537211293 0.4049586776859504,83705.57142688881,0.48095238095238096,5446,1 284 1156 993 160 1793 27,0.1 1.0 1.0 0.037334865020103386 0.958904109589041 0.1710863986313088 0.0,210134.9361399653,0.4238095238095238,3553,7 61 604 1708 20 2316 92,0.7 0.17712177121771217 0.008976660682226212 0.4480183802412407 0.0 0.6184773310521814 0.5371900826446281,718256.6840722279,0.014285714285714285,8057,0 213 1144 934 166 1983 78,0.0 0.7380073800738007 0.9784560143626571 0.0034462952326249283 1.0 0.33361847733105215 0.4214876033057851,83692.50211861588,0.48095238095238096,5447,1 283 1063 1027 130 1689 33,0.1 0.996309963099631 0.8330341113105925 0.05686387133831131 0.7534246575342466 0.08212147134302823 0.049586776859504134,208094.41456165104,0.3476190476190476,3918,7 61 600 1693 20 2294 85,0.7 0.17712177121771217 0.0017953321364452424 0.43940264215967834 0.0 0.5996578272027374 0.4793388429752066,718176.0090024103,0.014285714285714285,8361,0 213 1144 934 166 1983 78,0.0 0.7380073800738007 0.9784560143626571 0.0034462952326249283 1.0 0.33361847733105215 0.4214876033057851,83692.50211861588,0.48095238095238096,5447,1 284 1050 1014 133 1593 29,0.1 1.0 0.8096947935368043 0.04939689833429064 0.773972602739726 0.0 0.01652892561983471,208223.75862290192,0.3476190476190476,3730,10 79 825 1415 46 2568 148,1.0 0.24354243542435425 0.40574506283662476 0.27972429638139 0.1780821917808219 0.8340461933276304 1.0,1028718.5671482944,0.5666666666666667,9217,5 16 742 2669 27 2661 145,0.5 0.01107011070110701 0.25673249551166966 1.0 0.04794520547945205 0.913601368691189 0.9752066115702479,504689.2417660738,0.7476190476190476,9012,0 14 710 1683 32 2519 126,0.0 0.0036900369003690036 0.1992818671454219 0.43365881677197016 0.0821917808219178 0.7921300256629598 0.8181818181818182,2812.4398384200927,0.680952380952381,10272,7 80 903 1198 56 2404 138,0.7 0.24723247232472326 0.5457809694793537 0.15508328546812178 0.2465753424657534 0.6937553464499572 0.9173553719008265,730368.652655817,0.5571428571428572,9685,5 16 787 2667 28 2762 131,0.5 0.01107011070110701 0.3375224416517056 0.9988512349224583 0.0547945205479452 1.0 0.859504132231405,505497.4256777372,0.7476190476190476,8789,1 13 757 1700 23 2581 138,0.1 0.0 0.2836624775583483 0.4434233199310741 0.02054794520547945 0.8451668092386655 0.9173553719008265,103291.4719134994,0.719047619047619,8927,6 69 712 1950 40 2442 66,0.6 0.2066420664206642 0.20287253141831238 0.5870189546237794 0.136986301369863 0.7262617621899059 0.32231404958677684,623301.2344726818,0.014285714285714285,12465
resolved-p7d-c21d-3600-all/resolved-p7d-c21d-3600-2nd/nsp-n10-d28-r0.10-rp0-fp0-s9,0 0 0 0 0 75 -52,0.0 0.0 0.0 0.0 0.0 0.0 0.0,0.0,0.4857142857142857,138,0 0 0 0 0 78 -36,0.0 0.0 0.0 0.0 0.0 0.13636363636363635 0.45714285714285713,1.8207792207792206,0.3142857142857143,117,0 0 0 0 0 83 -23,0.0 0.0 0.0 0.0 0.0 0.36363636363636365 0.8285714285714286,4.464935064935065,0.3,88.0,0 0 0 0 0 97 -36,0.0 0.0 0.0 0.0 0.0 1.0 0.45714285714285713,10.457142857142857,0.18571428571428572,96,0 0 0 0 0 91 -31,0.0 0.0 0.0 0.0 0.0 0.7272727272727273 0.6,7.872727272727273,0.4,100,0 0 0 0 0 90 -27,0.0 0.0 0.0 0.0 0.0 0.6818181818181818 0.7142857142857143,7.532467532467532,0.18571428571428572,106,0 0 0 0 0 90 -34,0.0 0.0 0.0 0.0 0.0 0.6818181818181818 0.5142857142857142,7.332467532467532,0.18571428571428572,224,0 0 0 0 0 92 -36,0.0 0.0 0.0 0.0 0.0 0.7727272727272727 0.45714285714285713,8.184415584415584,0.4,156,0 0 0 0 0 90 -29,0.0 0.0 0.0 0.0 0.0 0.6818181818181818 0.6571428571428571,7.475324675324675,0.18571428571428572,160,0 0 0 0 0 93 -31,0.0 0.0 0.0 0.0 0.0 0.8181818181818182 0.6,8.781818181818181,0.18571428571428572,288,0 0 0 0 0 93 -37,0.0 0.0 0.0 0.0 0.0 0.8181818181818182 0.42857142857142855,8.61038961038961,0.35714285714285715,104,0 0 0 0 0 88 -31,0.0 0.0 0.0 0.0 0.0 0.5909090909090909 0.6,6.509090909090909,0.18571428571428572,374,0 0 0 0 0 86 -35,0.0 0.0 0.0 0.0 0.0 0.5 0.4857142857142857,5.485714285714286,0.18571428571428572,173,0 0 0 0 0 92 -17,0.0 0.0 0.0 0.0 0.0 0.7727272727272727 1.0,8.727272727272727,0.5285714285714286,167,0 0 0 0 0 90 -30,0.0 0.0 0.0 0.0 0.0 0.6818181818181818 0.6285714285714286,7.4467532467532465,0.18571428571428572,95,0 0 0 0 0 86 -35,0.0 0.0 0.0 0.0 0.0 0.5 0.4857142857142857,5.485714285714286,0.18571428571428572,173,0 0 0 0 0 92 -17,0.0 0.0 0.0 0.0 0.0 0.7727272727272727 1.0,8.727272727272727,0.5285714285714286,167,0 0 0 0 0 90 -33,0.0 0.0 0.0 0.0 0.0 0.6818181818181818 0.5428571428571428,7.36103896103896,0.18571428571428572,97,0 0 0 0 0 90 -26,0.0 0.0 0.0 0.0 0.0 0.6818181818181818 0.7428571428571429,7.56103896103896,0.21428571428571427,159
resolved-p7d-c21d-3600-all/resolved-p7d-c21d-3600-2nd/nsp-n50-d28-r0.10-rp2-fp2-s1,0 4 1559 6789 13 5733 -64,0.0 0.011494252873563218 0.1657250470809793 0.5101813110181311 0.140625 0.4748663101604278 0.42053789731051344,3336.0887701831607,0.03428571428571429,4144,4 26 1733 2755 35 5513 -38,0.17391304347826086 0.07471264367816093 0.3295668549905838 0.13509995350999535 0.484375 0.3964349376114082 0.4841075794621027,184867.96230644837,0.014285714285714285,7044,4 26 1753 2790 35 5533 -42,0.17391304347826086 0.07471264367816093 0.3483992467043315 0.13835425383542538 0.484375 0.4035650623885918 0.4743276283618582,185059.60204520795,0.014285714285714285,6867.0,8 19 1961 5748 4 6217 -39,0.34782608695652173 0.05459770114942529 0.544256120527307 0.41338912133891215 0.0 0.647415329768271 0.48166259168704156,359148.76321396563,0.014285714285714285,2785,11 348 1383 3139 12 4402 -15,0.4782608695652174 1.0 0.0 0.1708042770804277 0.125 0.00035650623885918 0.5403422982885085,578444.7177496585,0.14,1695,12 336 1593 3847 10 4805 -8,0.5217391304347826 0.9655172413793104 0.1977401129943503 0.23663412366341235 0.09375 0.14402852049910875 0.5574572127139364,620516.2625687383,0.14,1688,8 18 1971 5607 4 6243 -37,0.34782608695652173 0.05172413793103448 0.5536723163841808 0.400278940027894 0.0 0.6566844919786097 0.48655256723716384,358942.5562509819,0.014285714285714285,2874,11 348 1386 3139 12 4401 -15,0.4782608695652174 1.0 0.002824858757062147 0.1708042770804277 0.125 0.0 0.5403422982885085,578472.9627721667,0.14,1694,12 336 1593 3847 10 4805 -6,0.5217391304347826 0.9655172413793104 0.1977401129943503 0.23663412366341235 0.09375 0.14402852049910875 0.5623471882640587,620516.2674587138,0.14,1687,7 18 1921 5349 7 6206 -13,0.30434782608695654 0.05172413793103448 0.5065913370998116 0.3762900976290098 0.046875 0.64349376114082 0.5452322738386308,314974.11101857235,0.014285714285714285,2984,12 338 1576 3862 10 4799 -9,0.5217391304347826 0.9712643678160919 0.1817325800376648 0.23802882380288237 0.09375 0.14188948306595364 0.5550122249388753,620932.2707476269,0.14,1678,12 336 1593 3847 10 4805 -6,0.5217391304347826 0.9655172413793104 0.1977401129943503 0.23663412366341235 0.09375 0.14402852049910875 0.5623471882640587,620516.2674587138,0.14,1687,3 81 1613 1304 66 4795 84,0.13043478260869565 0.23275862068965517 0.21657250470809794 0.00018596001859600187 0.96875 0.14046345811051694 0.78239608801956,155975.61771542986,0.014285714285714285,2483,0 0 2190 4101 51 6712 118,0.0 0.0 0.7598870056497176 0.2602510460251046 0.734375 0.823885918003565 0.8655256723716381,7941.662987374688,0.6314285714285715,2950,0 0 1642 2171 65 5878 173,0.0 0.0 0.243879472693032 0.08079962807996281 0.953125 0.526559714795009 1.0,2621.1724521582328,0.66,2376,3 80 1607 1302 66 4762 83,0.13043478260869565 0.22988505747126436 0.21092278719397364 0.0 0.96875 0.128698752228164 0.7799511002444988,155631.45816638434,0.014285714285714285,2507,0 0 2190 4015 46 6698 121,0.0 0.0 0.7598870056497176 0.2522547652254765 0.65625 0.8188948306595365 0.8728606356968215,7925.8116306649445,0.6314285714285715,2966,0 0 1618 2091 68 5808 152,0.0 0.0 0.22128060263653485 0.07336122733612273 1.0 0.5016042780748663 0.9486552567237164,2392.1319517389434,0.6571428571428571,2495,23 12 2445 12057 4 7206 -236,1.0 0.034482758620689655 1.0 1.0 0.0 1.0 0.0,1014458.275862069,0.014285714285714285,9896
resolved-p7d-c21d-3600-all/resolved-p7d-c21d-3600-2nd/nsp-n20-d28-r0.10-rp2-fp2-s7,0 0 0 0 0 52 -70,0.0 0.0 0.0 0.0 0.0 0.0 0.0,0.0,0.4,402,0 0 0 0 0 53 -64,0.0 0.0 0.0 0.0 0.0 0.037037037037037035 0.14634146341463414,0.5167118337850045,0.30714285714285716,331,0 0 0 0 0 61 -47,0.0 0.0 0.0 0.0 0.0 0.3333333333333333 0.5609756097560976,3.8943089430894307,0.21428571428571427,297.0,0 0 0 0 0 68 -46,0.0 0.0 0.0 0.0 0.0 0.5925925925925926 0.5853658536585366,6.511291779584462,0.17857142857142858,333,0 0 0 0 0 76 -31,0.0 0.0 0.0 0.0 0.0 0.8888888888888888 0.9512195121951219,9.840108401084011,0.38571428571428573,24,0 0 0 0 0 68 -50,0.0 0.0 0.0 0.0 0.0 0.5925925925925926 0.4878048780487805,6.4137308039747065,0.17857142857142858,251,0 0 0 0 0 69 -44,0.0 0.0 0.0 0.0 0.0 0.6296296296296297 0.6341463414634146,6.930442637759711,0.17857142857142858,262,0 0 0 0 0 79 -32,0.0 0.0 0.0 0.0 0.0 1.0 0.926829268292683,10.926829268292684,0.32142857142857145,25,0 0 0 0 0 64 -56,0.0 0.0 0.0 0.0 0.0 0.4444444444444444 0.34146341463414637,4.785907859078591,0.17857142857142858,216,0 0 0 0 0 64 -45,0.0 0.0 0.0 0.0 0.0 0.4444444444444444 0.6097560975609756,5.05420054200542,0.17857142857142858,221,0 0 0 0 0 66 -36,0.0 0.0 0.0 0.0 0.0 0.5185185185185185 0.8292682926829268,6.014453477868112,0.40714285714285714,101,0 0 0 0 0 63 -69,0.0 0.0 0.0 0.0 0.0 0.4074074074074074 0.024390243902439025,4.098464317976513,0.17857142857142858,240,0 0 0 0 0 65 -59,0.0 0.0 0.0 0.0 0.0 0.48148148148148145 0.2682926829268293,5.083107497741644,0.17857142857142858,286,0 0 0 0 0 67 -29,0.0 0.0 0.0 0.0 0.0 0.5555555555555556 1.0,6.555555555555555,0.5571428571428572,216,0 0 0 0 0 70 -42,0.0 0.0 0.0 0.0 0.0 0.6666666666666666 0.6829268292682927,7.3495934959349585,0.17857142857142858,219,0 0 0 0 0 65 -57,0.0 0.0 0.0 0.0 0.0 0.48148148148148145 0.3170731707317073,5.1318879855465225,0.17857142857142858,284,0 0 0 0 0 67 -29,0.0 0.0 0.0 0.0 0.0 0.5555555555555556 1.0,6.555555555555555,0.5571428571428572,216,0 0 0 0 0 70 -52,0.0 0.0 0.0 0.0 0.0 0.6666666666666666 0.43902439024390244,7.105691056910569,0.17857142857142858,228,0 0 0 0 0 65 -63,0.0 0.0 0.0 0.0 0.0 0.48148148148148145 0.17073170731707318,4.985546522131888,0.17857142857142858,78
resolved-p7d-c21d-3600-all/resolved-p7d-c21d-3600-2nd/nsp-n40-d28-r0.10-rp2-fp2-s8,0 0 0 0 0 237 -130,0.0 0.0 0.0 0.0 0.0 0.0 0.4888888888888889,0.4888888888888889,0.20714285714285716,294,0 0 0 0 0 292 -149,0.0 0.0 0.0 0.0 0.0 0.34810126582278483 0.2777777777777778,3.758790436005626,0.17857142857142858,163,0 0 0 0 0 316 -124,0.0 0.0 0.0 0.0 0.0 0.5 0.5555555555555556,5.555555555555555,0.12857142857142856,135.0,0 0 0 0 0 328 -133,0.0 0.0 0.0 0.0 0.0 0.5759493670886076 0.45555555555555555,6.215049226441631,0.1,182,0 0 0 0 0 395 -146,0.0 0.0 0.0 0.0 0.0 1.0 0.3111111111111111,10.311111111111112,0.36428571428571427,39,0 0 0 0 0 351 -111,0.0 0.0 0.0 0.0 0.0 0.7215189873417721 0.7,7.915189873417721,0.1,211,0 0 0 0 0 357 -139,0.0 0.0 0.0 0.0 0.0 0.759493670886076 0.3888888888888889,7.983825597749649,0.1,268,0 0 0 0 0 394 -125,0.0 0.0 0.0 0.0 0.0 0.9936708860759493 0.5444444444444444,10.481153305203938,0.2642857142857143,25,0 0 0 0 0 358 -122,0.0 0.0 0.0 0.0 0.0 0.7658227848101266 0.5777777777777777,8.236005625879043,0.1,150,0 0 0 0 0 354 -120,0.0 0.0 0.0 0.0 0.0 0.740506329113924 0.6,8.00506329113924,0.1,146,0 0 0 0 0 343 -84,0.0 0.0 0.0 0.0 0.0 0.6708860759493671 1.0,7.708860759493671,0.2642857142857143,30,0 0 0 0 0 346 -118,0.0 0.0 0.0 0.0 0.0 0.689873417721519 0.6222222222222222,7.520956399437413,0.1,94,0 0 0 0 0 356 -115,0.0 0.0 0.0 0.0 0.0 0.7531645569620253 0.6555555555555556,8.18720112517581,0.1,465,0 0 0 0 0 368 -116,0.0 0.0 0.0 0.0 0.0 0.8291139240506329 0.6444444444444445,8.935583684950773,0.5571428571428572,99,0 0 0 0 0 355 -107,0.0 0.0 0.0 0.0 0.0 0.7468354430379747 0.7444444444444445,8.212798874824191,0.1,286,0 0 0 0 0 356 -115,0.0 0.0 0.0 0.0 0.0 0.7531645569620253 0.6555555555555556,8.18720112517581,0.1,465,0 0 0 0 0 368 -116,0.0 0.0 0.0 0.0 0.0 0.8291139240506329 0.6444444444444445,8.935583684950773,0.5571428571428572,99,0 0 0 0 0 355 -107,0.0 0.0 0.0 0.0 0.0 0.7468354430379747 0.7444444444444445,8.212798874824191,0.1,286,0 0 0 0 0 375 -174,0.0 0.0 0.0 0.0 0.0 0.8734177215189873 0.0,8.734177215189874,0.1,42
resolved-p7d-c21d-3600-all/resolved-p7d-c21d-3600-2nd/nsp-n10-d28-r0.10-rp0-fp0-s6,0 1 2 0 0 82 -30,0.0 0.022727272727272728 0.029850746268656716 0.0 0.0 0.0 0.0,2571.23473541384,0.4,12762,0 1 2 0 0 83 -26,0.0 0.022727272727272728 0.029850746268656716 0.0 0.0 0.004310344827586207 0.10256410256410256,2571.3804029646803,0.32857142857142857,12817,0 1 2 0 0 91 -28,0.0 0.022727272727272728 0.029850746268656716 0.0 0.0 0.03879310344827586 0.05128205128205128,2571.673948499605,0.18571428571428572,12811.0,2 0 0 0 0 88 -26,0.6666666666666666 0.0 0.0 0.0 0.0 0.02586206896551724 0.10256410256410256,666667.0278514589,0.0,13161,0 1 2 0 0 106 -22,0.0 0.022727272727272728 0.029850746268656716 0.0 0.0 0.10344827586206896 0.20512820512820512,2572.474346377589,0.42857142857142855,9847,0 1 2 0 0 115 -15,0.0 0.022727272727272728 0.029850746268656716 0.0 0.0 0.14224137931034483 0.38461538461538464,2573.041764591559,0.05714285714285714,21836,2 0 0 0 0 88 -22,0.6666666666666666 0.0 0.0 0.0 0.0 0.02586206896551724 0.20512820512820512,666667.1304155614,0.0,13158,0 1 2 0 0 106 -20,0.0 0.022727272727272728 0.029850746268656716 0.0 0.0 0.10344827586206896 0.2564102564102564,2572.525628428871,0.4142857142857143,9843,0 1 2 0 0 135 -20,0.0 0.022727272727272728 0.029850746268656716 0.0 0.0 0.22844827586206898 0.2564102564102564,2573.775628428871,0.05714285714285714,21776,2 0 0 0 0 88 -26,0.6666666666666666 0.0 0.0 0.0 0.0 0.02586206896551724 0.10256410256410256,666667.0278514589,0.0,13161,0 1 2 0 0 106 -19,0.0 0.022727272727272728 0.029850746268656716 0.0 0.0 0.10344827586206896 0.28205128205128205,2572.5512694545123,0.4,9842,0 1 2 0 0 115 -15,0.0 0.022727272727272728 0.029850746268656716 0.0 0.0 0.14224137931034483 0.38461538461538464,2573.041764591559,0.05714285714285714,21836,3 39 67 22 5 314 2,1.0 0.8863636363636364 1.0 0.7333333333333333 0.7142857142857143 1.0 0.8205128205128205,1099451.9460539462,0.014285714285714285,29564,0 1 2 0 0 94 -24,0.0 0.022727272727272728 0.029850746268656716 0.0 0.0 0.05172413793103448 0.15384615384615385,2571.9058229469965,0.5571428571428572,11651,0 1 2 0 0 131 -25,0.0 0.022727272727272728 0.029850746268656716 0.0 0.0 0.21120689655172414 0.1282051282051282,2573.4750095075624,0.07142857142857142,16521,2 44 65 30 7 312 9,0.6666666666666666 1.0 0.9701492537313433 1.0 1.0 0.9913793103448276 1.0,777479.0729970835,0.014285714285714285,30508,0 1 2 0 0 94 -24,0.0 0.022727272727272728 0.029850746268656716 0.0 0.0 0.05172413793103448 0.15384615384615385,2571.9058229469965,0.5571428571428572,11651,0 1 2 0 0 131 -25,0.0 0.022727272727272728 0.029850746268656716 0.0 0.0 0.21120689655172414 0.1282051282051282,2573.4750095075624,0.07142857142857142,16521,2 0 0 0 0 89 -29,0.6666666666666666 0.0 0.0 0.0 0.0 0.03017241379310345 0.02564102564102564,666666.9940318302,0.0,10763
resolved-p7d-c21d-3600-all/resolved-p7d-c21d-3600-2nd/nsp-n40-d28-r0.10-rp2-fp2-s4,1 4 616 6513 6 3252 -153,0.09090909090909091 0.0 0.0 1.0 0.0 0.33023975251353443 0.0,91912.39330661605,0.07142857142857142,2530,10 26 832 1419 37 3003 1,0.9090909090909091 0.052132701421800945 0.22063329928498468 0.03449583017437453 0.29523809523809524 0.23395204949729312 0.5292096219931272,916577.4005957542,0.010714285714285714,8187,10 26 831 1403 37 2997 2,0.9090909090909091 0.052132701421800945 0.21961184882533197 0.03146322971948446 0.29523809523809524 0.23163186388244392 0.5326460481099656,916564.1337252727,0.010714285714285714,8683.0,11 9 997 2705 16 3530 -65,1.0 0.011848341232227487 0.3891726251276813 0.27824109173616374 0.09523809523809523 0.4377416860015468 0.3024054982817869,1005369.0050981179,0.010714285714285714,8033,9 302 1035 1391 44 2526 45,0.8181818181818182 0.7061611374407583 0.4279877425944842 0.029188779378316907 0.3619047619047619 0.04949729311678268 0.6804123711340206,893144.36399271,0.29285714285714287,1083,9 277 999 2148 18 3133 12,0.8181818181818182 0.6469194312796208 0.39121552604698673 0.17266868840030325 0.11428571428571428 0.2842227378190255 0.5670103092783505,886973.4230677665,0.18928571428571428,957,11 9 997 2703 13 3530 -65,1.0 0.011848341232227487 0.3891726251276813 0.2778620166793025 0.06666666666666667 0.4377416860015468 0.3024054982817869,1005365.7688802038,0.010714285714285714,8123,9 302 1035 1391 44 2526 45,0.8181818181818182 0.7061611374407583 0.4279877425944842 0.029188779378316907 0.3619047619047619 0.04949729311678268 0.6804123711340206,893144.36399271,0.29285714285714287,1083,7 342 906 1237 21 2627 47,0.6363636363636364 0.8009478672985783 0.296220633299285 0.0 0.14285714285714285 0.088553750966744 0.6872852233676976,719436.4879635058,0.32142857142857145,1034,11 10 997 2702 12 3530 -64,1.0 0.014218009478672985 0.3891726251276813 0.2776724791508719 0.05714285714285714 0.4377416860015468 0.30584192439862545,1005601.5972227937,0.010714285714285714,7959,8 426 938 1413 55 2398 1,0.7272727272727273 1.0 0.3289070480081716 0.03335860500379075 0.4666666666666667 0.0 0.5292096219931272,830642.3522341015,0.29285714285714287,1096,7 342 978 1323 20 2602 18,0.6363636363636364 0.8009478672985783 0.36976506639427986 0.016300227445034118 0.13333333333333333 0.07888631090487239 0.5876288659793815,720187.0838101903,0.17142857142857143,1031,8 62 1413 2702 111 4356 138,0.7272727272727273 0.13744075829383887 0.8140960163432074 0.2776724791508719 1.0 0.757153905645785 1.0,749544.0072837506,0.5178571428571429,8270,3 28 1474 3605 23 4889 117,0.2727272727272727 0.05687203791469194 0.8764044943820225 0.4488248673237301 0.1619047619047619 0.9632637277648879 0.9278350515463918,287654.0972784055,0.675,5530,0 15 1595 2858 91 4746 95,0.0 0.026066350710900472 1.0 0.30724033358605 0.8095238095238095 0.9079659706109822 0.852233676975945,13004.759679011564,0.6535714285714286,6584,8 46 1218 3281 50 4347 130,0.7272727272727273 0.0995260663507109 0.6149131767109295 0.38741470811220624 0.41904761904761906 0.7536736272235112 0.9725085910652921,743812.294389788,0.5214285714285715,7849,4 30 1539 4121 25 4984 128,0.36363636363636365 0.061611374407582936 0.9427987742594485 0.5466262319939348 0.18095238095238095 1.0 0.9656357388316151,379801.1759255444,0.675,5012,0 15 1589 2673 96 4596 88,0.0 0.026066350710900472 0.9938712972420838 0.2721758908263836 0.8571428571428571 0.8499613302397525 0.8281786941580757,12912.56601204811,0.6535714285714286,6804,10 13 974 1638 41 3781 -117,0.9090909090909091 0.02132701421800948 0.36567926455566907 0.07600454890068234 0.3333333333333333 0.5348027842227379 0.12371134020618557,914995.2127796832,0.010714285714285714,9912
resolved-p7d-c21d-3600-all/resolved-p7d-c21d-3600-2nd/nsp-n10-d28-r0.10-rp0-fp0-s8,0 1 0 2 0 79 -31,0.0 0.0 0.0 0.0 0.0 0.0 0.0,0.0,0.2571428571428571,9905,0 1 0 2 0 83 -26,0.0 0.0 0.0 0.0 0.0 0.008791208791208791 0.1282051282051282,0.2161172161172161,0.32857142857142857,9840,0 1 0 2 0 83 -16,0.0 0.0 0.0 0.0 0.0 0.008791208791208791 0.38461538461538464,0.4725274725274725,0.2714285714285714,9830.0,1 1 0 2 0 91 -22,1.0 0.0 0.0 0.0 0.0 0.026373626373626374 0.23076923076923078,1000000.4945054945,0.02857142857142857,5667,0 1 0 2 0 101 -19,0.0 0.0 0.0 0.0 0.0 0.04835164835164835 0.3076923076923077,0.7912087912087913,0.4,11810,0 1 0 2 0 94 -24,0.0 0.0 0.0 0.0 0.0 0.03296703296703297 0.1794871794871795,0.5091575091575091,0.04285714285714286,10863,1 1 0 2 0 91 -22,1.0 0.0 0.0 0.0 0.0 0.026373626373626374 0.23076923076923078,1000000.4945054945,0.02857142857142857,5667,0 1 0 2 0 101 -19,0.0 0.0 0.0 0.0 0.0 0.04835164835164835 0.3076923076923077,0.7912087912087913,0.4,11810,0 1 0 2 0 94 -24,0.0 0.0 0.0 0.0 0.0 0.03296703296703297 0.1794871794871795,0.5091575091575091,0.04285714285714286,10863,1 1 0 2 0 91 -22,1.0 0.0 0.0 0.0 0.0 0.026373626373626374 0.23076923076923078,1000000.4945054945,0.02857142857142857,5667,0 1 0 2 0 101 -19,0.0 0.0 0.0 0.0 0.0 0.04835164835164835 0.3076923076923077,0.7912087912087913,0.4,11810,0 1 0 2 0 94 -24,0.0 0.0 0.0 0.0 0.0 0.03296703296703297 0.1794871794871795,0.5091575091575091,0.04285714285714286,10863,1 1 0 2 0 93 -15,1.0 0.0 0.0 0.0 0.0 0.03076923076923077 0.41025641025641024,1000000.717948718,0.02857142857142857,11062,1 29 94 73 20 484 3,1.0 1.0 1.0 0.9466666666666667 1.0 0.8901098901098901 0.8717948717948718,1111056.4395604397,0.6571428571428571,31768,0 16 93 32 11 507 8,0.0 0.5357142857142857 0.9893617021276596 0.4 0.55 0.9406593406593406 1.0,63930.45218611176,0.6857142857142857,30735,1 1 0 2 0 93 -15,1.0 0.0 0.0 0.0 0.0 0.03076923076923077 0.41025641025641024,1000000.717948718,0.02857142857142857,11062,1 29 81 77 19 492 6,1.0 1.0 0.8617021276595744 1.0 0.95 0.9076923076923077 0.9487179487179487,1109722.0469176213,0.7,33329,0 16 90 33 11 534 5,0.0 0.5357142857142857 0.9574468085106383 0.41333333333333333 0.55 1.0 0.9230769230769231,63625.15306679137,0.6857142857142857,30898,1 1 0 2 0 87 -22,1.0 0.0 0.0 0.0 0.0 0.017582417582417582 0.23076923076923078,1000000.4065934066,0.02857142857142857,14832
resolved-p7d-c21d-3600-all/resolved-p7d-c21d-3600-2nd/nsp-n50-d28-r0.10-rp2-fp2-s6,3 22 1531 2610 30 5246 -7,0.0 0.04602510460251046 0.025584795321637425 0.017650962176509622 0.3 0.07726527745258721 0.31896551724137934,4907.100993935697,0.014285714285714285,7678,3 22 1535 2608 29 5245 -8,0.0 0.04602510460251046 0.02850877192982456 0.01738553417385534 0.2833333333333333 0.07703114024818544 0.3146551724137931,4934.402013631377,0.014285714285714285,7663,3 22 1645 2627 27 5263 -13,0.0 0.04602510460251046 0.10891812865497076 0.019907100199071003 0.25 0.08124560992741747 0.29310344827586204,5737.704406547376,0.014285714285714285,7495.0,3 12 1498 2511 16 4930 -75,0.0 0.0041841004184100415 0.0014619883040935672 0.0045122760451227605 0.06666666666666667 0.003277920861624912 0.02586206896551724,444.267508871311,0.014285714285714285,6116,6 230 1640 3220 28 4916 -7,0.2727272727272727 0.9163179916317992 0.10526315789473684 0.09860650298606503 0.26666666666666666 0.0 0.31896551724137934,365537.29560456995,0.34,1239,3 250 1496 3309 28 5011 17,0.0 1.0 0.0 0.11041804910418049 0.26666666666666666 0.022243034418169046 0.4224137931034483,100137.72955990813,0.2571428571428571,2716,3 11 1617 2477 45 4947 -81,0.0 0.0 0.08845029239766082 0.0 0.55 0.0072582533364551624 0.0,939.5755065099728,0.014285714285714285,6311,6 230 1640 3220 27 4916 -2,0.2727272727272727 0.9163179916317992 0.10526315789473684 0.09860650298606503 0.25 0.0 0.34051724137931033,365535.65048962744,0.34,1240,3 250 1496 3310 28 5011 22,0.0 1.0 0.0 0.11055076310550763 0.26666666666666666 0.022243034418169046 0.44396551724137934,100137.8838256336,0.2571428571428571,2715,3 14 1649 2832 20 5272 -48,0.0 0.012552301255230125 0.1118421052631579 0.047113470471134705 0.13333333333333333 0.08335284476703349 0.14224137931034483,2435.0737517860402,0.014285714285714285,5537,6 230 1640 3220 28 4916 -7,0.2727272727272727 0.9163179916317992 0.10526315789473684 0.09860650298606503 0.26666666666666666 0.0 0.31896551724137934,365537.29560456995,0.34,1239,3 250 1496 3309 28 5011 17,0.0 1.0 0.0 0.11041804910418049 0.26666666666666666 0.022243034418169046 0.4224137931034483,100137.72955990813,0.2571428571428571,2716,14 54 2840 9332 15 8676 57,1.0 0.1799163179916318 0.9824561403508771 0.9097544790975448 0.05 0.8803558885506907 0.5948275862068966,1028740.3460682412,0.6085714285714285,5036,3 76 2278 4312 72 7076 151,0.0 0.2719665271966527 0.5716374269005848 0.2435301924353019 1.0 0.5057363615078436 1.0,33262.6145447215,0.6885714285714286,5512,10 15 2751 10012 17 9187 48,0.6363636363636364 0.016736401673640166 0.9173976608187134 1.0 0.08333333333333333 1.0 0.5560344827586207,648230.1425070036,0.6428571428571429,4675,13 45 2864 9721 12 8756 59,0.9090909090909091 0.14225941422594143 1.0 0.9613802256138022 0.0 0.8990868649028331 0.603448275862069,934287.8250560419,0.6142857142857143,4983,4 72 2311 4680 69 7168 140,0.09090909090909091 0.25523012552301255 0.5957602339181286 0.2923689449236894 0.95 0.5272769843128073 0.9525862068965517,122783.30010154717,0.6857142857142857,5340,9 16 2664 9570 17 9027 74,0.5454545454545454 0.02092050209205021 0.8538011695906432 0.9413404114134041 0.08333333333333333 0.9625380472957152 0.6681034482758621,557044.5745883249,0.6428571428571429,4870,3 14 1570 2912 19 5802 5,0.0 0.012552301255230125 0.054093567251461985 0.0577305905773059 0.11666666666666667 0.20744556309997658 0.3706896551724138,1868.008200567777,0.014285714285714285,8219
resolved-p7d-c21d-3600-all/resolved-p7d-c21d-3600-2nd/nsp-n40-d28-r0.10-rp2-fp2-s5,17 113 1352 4095 27 4339 -42,0.4 0.0 0.9600363306085377 0.822609472743521 0.028037383177570093 0.8621359223300971 0.1511627906976744,410434.54903916066,0.017857142857142856,8466,17 113 1352 4093 26 4337 -59,0.4 0.0 0.9600363306085377 0.8221626452189454 0.018691588785046728 0.8615811373092926 0.05232558139534884,410433.0632471373,0.017857142857142856,8575,14 113 1352 4011 26 4336 -68,0.3 0.0 0.9600363306085377 0.8038427167113494 0.018691588785046728 0.8613037447988904 0.0,310414.6882191232,0.017857142857142856,9079.0,9 115 1157 4078 24 4029 -43,0.13333333333333333 0.004651162790697674 0.7829246139872843 0.8188114387846291 0.0 0.7761442441054092 0.14534883720930233,142454.41398233885,0.017857142857142856,2684,6 383 1197 1153 95 3060 99,0.03333333333333333 0.627906976744186 0.8192552225249773 0.16532618409294011 0.6635514018691588 0.5073509015256588 0.9709302325581395,104554.30899652938,0.37142857142857144,4879,10 358 978 1539 89 2982 93,0.16666666666666666 0.5697674418604651 0.620345140781108 0.2515638963360143 0.6074766355140186 0.4857142857142857 0.936046511627907,230164.96700978043,0.14285714285714285,6646,9 116 1158 4078 24 4034 -40,0.13333333333333333 0.0069767441860465115 0.7838328792007266 0.8188114387846291 0.0 0.7775312066574203 0.16279069767441862,142696.08608549414,0.017857142857142856,2657,5 419 1170 1094 106 2937 104,0.0 0.7116279069767442 0.7947320617620345 0.15214477211796246 0.7663551401869159 0.47323162274618585 1.0,79344.62391765887,0.4107142857142857,4998,11 343 973 1626 76 3083 78,0.2 0.5348837209302325 0.6158038147138964 0.27100089365504915 0.48598130841121495 0.5137309292649098 0.8488372093023255,259971.99541116034,0.14285714285714285,6541,10 116 1176 4314 24 4066 -51,0.16666666666666666 0.0069767441860465115 0.8001816530426885 0.8715370866845398 0.0 0.7864077669902912 0.09883720930232558,176245.65761726192,0.017857142857142856,2517,5 419 1211 1104 102 3006 91,0.0 0.7116279069767442 0.8319709355131698 0.15437890974084004 0.7289719626168224 0.492371705963939 0.9244186046511628,79715.62429447292,0.4107142857142857,4890,12 312 918 2001 78 3058 81,0.23333333333333334 0.4627906976744186 0.5658492279745686 0.354781054512958 0.5046728971962616 0.5067961165048543 0.8662790697674418,285682.0779649883,0.14285714285714285,6472,34 543 796 998 131 1641 57,0.9666666666666667 1.0 0.4550408719346049 0.1306970509383378 1.0 0.11373092926490985 0.7267441860465116,1071449.6364904298,0.017857142857142856,2279,21 414 355 653 61 1303 59,0.5333333333333333 0.7 0.05449591280653951 0.05361930294906166 0.34579439252336447 0.019972260748959778 0.7383720930232558,603967.4292983006,0.7821428571428571,6672,18 401 295 413 49 1231 57,0.43333333333333335 0.6697674418604651 0.0 0.0 0.2336448598130841 0.0 0.7267441860465116,500334.1687495472,0.7928571428571428,8747,35 536 775 1001 127 1594 55,1.0 0.9837209302325581 0.4359673024523161 0.13136729222520108 0.9626168224299065 0.10069348127600555 0.7151162790697675,1102961.117073339,0.017857142857142856,2108,21 415 368 678 60 1328 58,0.5333333333333333 0.7023255813953488 0.06630336058128973 0.059204647006255585 0.3364485981308411 0.026907073509015257 0.7325581395348837,604322.7762143752,0.7821428571428571,6515,18 401 296 415 49 1244 55,0.43333333333333335 0.6697674418604651 0.0009082652134423251 0.00044682752457551384 0.2336448598130841 0.0036061026352288486 0.7151162790697675,500343.7226623256,0.7928571428571428,8661,19 115 1396 4889 25 4836 -30,0.4666666666666667 0.004651162790697674 1.0 1.0 0.009345794392523364 1.0 0.22093023255813954,478142.93845540826,0.017857142857142856,9180
resolved-p7d-c21d-3600-all/resolved-p7d-c21d-3600-2nd/nsp-n20-d28-r0.10-rp2-fp2-s0,0 0 0 0 0 64 -60,0.0 0.0 0.0 0.0 0.0 0.04 0.0,0.4,0.2642857142857143,311,0 0 0 0 0 63 -53,0.0 0.0 0.0 0.0 0.0 0.0 0.21875,0.21875,0.2,233,0 0 0 0 0 71 -54,0.0 0.0 0.0 0.0 0.0 0.32 0.1875,3.3875,0.1357142857142857,194.0,0 0 0 0 0 80 -44,0.0 0.0 0.0 0.0 0.0 0.68 0.5,7.300000000000001,0.08571428571428572,278,0 0 0 0 0 88 -28,0.0 0.0 0.0 0.0 0.0 1.0 1.0,11.0,0.37857142857142856,31,0 0 0 0 0 79 -33,0.0 0.0 0.0 0.0 0.0 0.64 0.84375,7.24375,0.08571428571428572,141,0 0 0 0 0 75 -60,0.0 0.0 0.0 0.0 0.0 0.48 0.0,4.8,0.08571428571428572,243,0 0 0 0 0 83 -38,0.0 0.0 0.0 0.0 0.0 0.8 0.6875,8.6875,0.3142857142857143,50,0 0 0 0 0 76 -51,0.0 0.0 0.0 0.0 0.0 0.52 0.28125,5.48125,0.08571428571428572,324,0 0 0 0 0 76 -42,0.0 0.0 0.0 0.0 0.0 0.52 0.5625,5.7625,0.08571428571428572,159,0 0 0 0 0 74 -48,0.0 0.0 0.0 0.0 0.0 0.44 0.375,4.775,0.3142857142857143,26,0 0 0 0 0 72 -57,0.0 0.0 0.0 0.0 0.0 0.36 0.09375,3.6937499999999996,0.08571428571428572,78,0 0 0 0 0 75 -37,0.0 0.0 0.0 0.0 0.0 0.48 0.71875,5.51875,0.08571428571428572,352,0 0 0 0 0 83 -28,0.0 0.0 0.0 0.0 0.0 0.8 1.0,9.0,0.42142857142857143,75,0 0 0 0 0 81 -58,0.0 0.0 0.0 0.0 0.0 0.72 0.0625,7.262499999999999,0.08571428571428572,244,0 0 0 0 0 75 -34,0.0 0.0 0.0 0.0 0.0 0.48 0.8125,5.6125,0.08571428571428572,350,0 0 0 0 0 83 -28,0.0 0.0 0.0 0.0 0.0 0.8 1.0,9.0,0.42142857142857143,75,0 0 0 0 0 81 -58,0.0 0.0 0.0 0.0 0.0 0.72 0.0625,7.262499999999999,0.08571428571428572,244,0 0 0 0 0 81 -53,0.0 0.0 0.0 0.0 0.0 0.72 0.21875,7.418749999999999,0.08571428571428572,172
resolved-p7d-c21d-3600-all/resolved-p7d-c21d-3600-2nd/nsp-n10-d28-r0.10-rp0-fp0-s1,0 1 0 1 0 97 -24,0.0 0.0 0.0 0.017543859649122806 0.0 0.02412280701754386 0.34210526315789475,18.127192982456137,0.5285714285714286,14545,0 1 2 3 0 101 -29,0.0 0.0 0.0392156862745098 0.05263157894736842 0.0 0.03289473684210526 0.21052631578947367,445.32791537667697,0.38571428571428573,14259,0 1 2 3 0 105 -37,0.0 0.0 0.0392156862745098 0.05263157894736842 0.0 0.041666666666666664 0.0,445.2051083591331,0.37142857142857144,14239.0,4 2 1 0 0 86 -32,1.0 0.1111111111111111 0.0196078431372549 0.0 0.0 0.0 0.13157894736842105,1011307.3211214311,0.014285714285714285,3820,0 1 0 0 0 101 -31,0.0 0.0 0.0 0.0 0.0 0.03289473684210526 0.15789473684210525,0.48684210526315785,0.5428571428571428,10401,0 1 0 0 0 97 -32,0.0 0.0 0.0 0.0 0.0 0.02412280701754386 0.13157894736842105,0.3728070175438596,0.4,5637,4 2 1 0 0 86 -31,1.0 0.1111111111111111 0.0196078431372549 0.0 0.0 0.0 0.15789473684210525,1011307.3474372205,0.014285714285714285,3819,0 1 0 0 0 101 -31,0.0 0.0 0.0 0.0 0.0 0.03289473684210526 0.15789473684210525,0.48684210526315785,0.5428571428571428,10401,0 1 0 0 0 97 -32,0.0 0.0 0.0 0.0 0.0 0.02412280701754386 0.13157894736842105,0.3728070175438596,0.4,5637,4 2 1 0 0 86 -31,1.0 0.1111111111111111 0.0196078431372549 0.0 0.0 0.0 0.15789473684210525,1011307.3474372205,0.014285714285714285,3819,0 1 0 0 0 101 -31,0.0 0.0 0.0 0.0 0.0 0.03289473684210526 0.15789473684210525,0.48684210526315785,0.5428571428571428,10401,0 1 0 0 0 97 -33,0.0 0.0 0.0 0.0 0.0 0.02412280701754386 0.10526315789473684,0.3464912280701754,0.4,5638,4 2 1 0 0 107 -27,1.0 0.1111111111111111 0.0196078431372549 0.0 0.0 0.046052631578947366 0.2631578947368421,1011307.9132266942,0.014285714285714285,12201,0 9 50 43 13 512 1,0.0 0.8888888888888888 0.9803921568627451 0.7543859649122807 0.6842105263157895 0.9342105263157895 1.0,99525.95958032335,0.7,34025,0 1 15 23 1 328 -13,0.0 0.0 0.29411764705882354 0.40350877192982454 0.05263157894736842 0.5307017543859649 0.631578947368421,3355.886996904025,0.5285714285714286,26076,4 2 1 0 0 107 -27,1.0 0.1111111111111111 0.0196078431372549 0.0 0.0 0.046052631578947366 0.2631578947368421,1011307.9132266942,0.014285714285714285,12201,0 10 51 57 19 542 -4,0.0 1.0 1.0 1.0 1.0 1.0 0.868421052631579,111110.86842105263,0.7,33716,0 1 15 23 1 328 -13,0.0 0.0 0.29411764705882354 0.40350877192982454 0.05263157894736842 0.5307017543859649 0.631578947368421,3355.886996904025,0.5571428571428572,26054,4 2 1 0 0 108 -25,1.0 0.1111111111111111 0.0196078431372549 0.0 0.0 0.04824561403508772 0.3157894736842105,1011307.9877880977,0.014285714285714285,13048
resolved-p7d-c21d-3600-all/resolved-p7d-c21d-3600-2nd/nsp-n30-d28-r0.10-rp2-fp2-s6,1 22 271 694 20 1541 -27,0.16666666666666666 0.0 0.0 0.08360548661005879 0.0 0.0 0.0,166750.27215327672,0.2571428571428571,5434,3 56 599 1475 30 2350 50,0.5 0.1259259259259259 0.3416666666666667 0.5937295885042456 0.08403361344537816 0.9540094339622641 0.7475728155339806,516621.6798762632,0.009523809523809525,9494,3 56 593 1441 31 2335 54,0.5 0.1259259259259259 0.33541666666666664 0.5715218811234487 0.09243697478991597 0.9363207547169812 0.7864077669902912,516537.67445317586,0.009523809523809525,10813.0,3 55 558 1988 21 2202 27,0.5 0.12222222222222222 0.2989583333333333 0.9288047028086218 0.008403361344537815 0.7794811320754716 0.5242718446601942,516149.76967766404,0.009523809523809525,3362,0 236 959 651 135 1671 46,0.0 0.7925925925925926 0.7166666666666667 0.05551926845199216 0.9663865546218487 0.15330188679245282 0.7087378640776699,86580.3256065721,0.40476190476190477,5258,0 283 1153 649 128 1818 67,0.0 0.9666666666666667 0.91875 0.05421293272370999 0.907563025210084 0.3266509433962264 0.912621359223301,106003.31503270457,0.35714285714285715,5207,3 103 580 1861 33 2163 43,0.5 0.3 0.321875 0.8458523840627041 0.1092436974789916 0.7334905660377359 0.6796116504854369,534083.5412711215,0.009523809523809525,3491,0 236 961 658 134 1727 76,0.0 0.7925925925925926 0.71875 0.06009144350097975 0.957983193277311 0.21933962264150944 1.0,86605.84241831438,0.2857142857142857,5174,0 283 1153 636 139 1832 65,0.0 0.9666666666666667 0.91875 0.045721750489875895 1.0 0.3431603773584906 0.8932038834951457,106004.21322481363,0.4,5234,3 103 565 1859 34 2139 40,0.5 0.3 0.30625 0.8445460483344219 0.11764705882352941 0.7051886792452831 0.6504854368932039,533926.5131264462,0.009523809523809525,3610,0 236 959 651 135 1676 48,0.0 0.7925925925925926 0.7166666666666667 0.05551926845199216 0.9663865546218487 0.15919811320754718 0.7281553398058253,86580.40398631198,0.4,5255,0 292 1011 566 114 1783 65,0.0 1.0 0.7708333333333334 0.0 0.7899159663865546 0.28537735849056606 0.8932038834951457,107791.07190744039,0.23809523809523808,5062,6 234 1231 1000 138 2124 31,1.0 0.7851851851851852 1.0 0.2834748530372306 0.9915966386554622 0.6875 0.5631067961165048,1088908.5911422174,0.009523809523809525,4110,4 197 1211 690 119 1911 67,0.6666666666666666 0.6481481481481481 0.9791666666666666 0.08099281515349445 0.8319327731092437 0.4363207547169811 0.912621359223301,741442.6100695189,0.7380952380952381,8844,5 201 1221 720 132 1898 60,0.8333333333333334 0.662962962962963 0.9895833333333334 0.10058785107772697 0.9411764705882353 0.4209905660377358 0.8446601941747572,909725.2230269541,0.8,8802,6 236 1225 997 139 2109 31,1.0 0.7925925925925926 0.99375 0.28151534944480733 1.0 0.6698113207547169 0.5631067961165048,1089585.5358287077,0.009523809523809525,4078,5 184 1211 695 119 1937 65,0.8333333333333334 0.6 0.9791666666666666 0.08425865447419988 0.8319327731092437 0.4669811320754717 0.8932038834951457,903298.0149469894,0.7380952380952381,8637,5 200 1221 725 132 1898 63,0.8333333333333334 0.6592592592592592 0.9895833333333334 0.1038536903984324 0.9411764705882353 0.4209905660377358 0.8737864077669902,909358.147622118,0.8,8836,4 53 608 2097 27 2389 32,0.6666666666666666 0.11481481481481481 0.35104166666666664 1.0 0.058823529411764705 1.0 0.5728155339805825,682675.0199832899,0.009523809523809525,11350
resolved-p7d-c21d-3600-all/resolved-p7d-c21d-3600-2nd/nsp-n20-d28-r0.10-rp2-fp2-s5,4 3 179 960 4 864 26,0.5714285714285714 0.017391304347826087 0.1828793774319066 0.5690747782002535 0.08333333333333333 0.3745082612116444 0.30434782608695654,575577.9531796448,0.007142857142857143,17344,3 3 170 669 4 816 29,0.42857142857142855 0.017391304347826087 0.17120622568093385 0.38466413181242076 0.08333333333333333 0.3367427222659323 0.33695652173913043,432419.3231119106,0.007142857142857143,17792,3 3 157 667 6 767 29,0.42857142857142855 0.017391304347826087 0.1543450064850843 0.38339670468948034 0.1388888888888889 0.2981904012588513 0.33695652173913043,432254.6135251747,0.007142857142857143,19124.0,3 5 197 429 4 845 26,0.42857142857142855 0.034782608695652174 0.20622568093385213 0.23257287705956908 0.08333333333333333 0.35955940204563336 0.30434782608695654,434356.7524025717,0.007142857142857143,18630,0 65 300 513 28 930 68,0.0 0.5565217391304348 0.3398184176394293 0.2858048162230672 0.75 0.42643587726199844 0.7608695652173914,59416.18813399868,0.7142857142857143,15193,0 116 280 495 29 784 62,0.0 1.0 0.3138780804150454 0.2743979721166033 0.7777777777777778 0.31156569630212433 0.6956521739130435,103494.76786318177,0.5571428571428572,13406,3 5 198 427 4 851 18,0.42857142857142855 0.034782608695652174 0.20752269779507135 0.23130544993662863 0.08333333333333333 0.36428009441384734 0.21739130434782608,434368.4153944629,0.007142857142857143,18507,0 65 311 564 33 924 60,0.0 0.5565217391304348 0.3540856031128405 0.3181242078580482 0.8888888888888888 0.4217151848937844 0.6739130434782609,59604.93410581124,0.7,14489,0 112 272 467 37 884 52,0.0 0.9652173913043478 0.3035019455252918 0.25665399239543724 1.0 0.3902439024390244 0.5869565217391305,99917.90197362927,0.6071428571428571,14761,3 5 198 427 4 852 12,0.42857142857142855 0.034782608695652174 0.20752269779507135 0.23130544993662863 0.08333333333333333 0.36506687647521635 0.15217391304347827,434368.3580448922,0.007142857142857143,18500,0 65 309 565 32 932 61,0.0 0.5565217391304348 0.35149156939040205 0.31875792141951836 0.8611111111111112 0.42800944138473646 0.6847826086956522,59576.923516500676,0.7,14613,0 112 275 485 37 858 49,0.0 0.9652173913043478 0.30739299610894943 0.26806083650190116 1.0 0.3697875688434304 0.5543478260869565,99967.9821515407,0.6071428571428571,14342,6 38 774 997 20 1525 64,0.8571428571428571 0.3217391304347826 0.9546044098573282 0.5925221799746515 0.5277777777777778 0.8945712037765539 0.717391304347826,899517.7773460031,0.4785714285714286,14043,0 1 77 62 18 578 40,0.0 0.0 0.05058365758754864 0.0 0.4722222222222222 0.14948859166011014 0.45652173913043476,555.0102057534401,0.6785714285714286,17879,0 1 38 99 13 407 26,0.0 0.0 0.0 0.023447401774397972 0.3333333333333333 0.014948859166011016 0.30434782608695654,57.234571525478366,0.5071428571428571,15993,7 48 809 1640 15 1659 90,1.0 0.40869565217391307 1.0 1.0 0.3888888888888889 1.0 1.0,1051919.45410628,0.4857142857142857,10010,0 1 88 91 1 603 7,0.0 0.0 0.0648508430609598 0.018377693282636248 0.0 0.16915814319433517 0.09782608695652174,668.6755314111341,0.6642857142857143,16200,0 1 39 86 11 388 23,0.0 0.0 0.0012970168612191958 0.015209125475285171 0.2777777777777778 0.0 0.2717391304347826,56.22881099568969,0.5071428571428571,15920,3 4 161 263 3 742 -2,0.42857142857142855 0.02608695652173913 0.15953307392996108 0.12737642585551331 0.05555555555555555 0.27852084972462626 0.0,432911.1721528104,0.007142857142857143,19059
resolved-p7d-c21d-3600-all/resolved-p7d-c21d-3600-2nd/nsp-n40-d28-r0.10-rp2-fp2-s6,12 12 1252 3796 6 4594 -61,1.0 0.006134969325153374 0.38571428571428573 0.3352216748768473 0.03205128205128205 0.5896848137535816 0.03125,1004814.9946908777,0.010714285714285714,11055,12 12 1252 3772 7 4587 -57,1.0 0.006134969325153374 0.38571428571428573 0.33226600985221677 0.038461538461538464 0.5876790830945559 0.05625,1004812.6849941876,0.010714285714285714,11278,12 12 1252 3786 7 4587 -66,1.0 0.006134969325153374 0.38571428571428573 0.33399014778325126 0.038461538461538464 0.5876790830945559 0.0,1004814.3528821185,0.010714285714285714,11142.0,6 15 1086 3527 1 3629 -16,0.45454545454545453 0.015337423312883436 0.2276190476190476 0.3020935960591133 0.0 0.31318051575931233 0.3125,458660.92525415006,0.010714285714285714,7925,5 271 847 1147 21 2536 47,0.36363636363636365 0.8006134969325154 0.0 0.008990147783251232 0.1282051282051282 0.0 0.70625,443720.2302402189,0.17142857142857143,1338,6 270 992 1441 23 2846 42,0.45454545454545453 0.7975460122699386 0.1380952380952381 0.04519704433497537 0.14102564102564102 0.08882521489971347 0.675,535741.8710139873,0.17857142857142858,1702,6 15 1086 3429 1 3633 -16,0.45454545454545453 0.015337423312883436 0.2276190476190476 0.29002463054187194 0.0 0.31432664756446993 0.3125,458648.86774995085,0.010714285714285714,8013,5 271 847 1147 21 2536 47,0.36363636363636365 0.8006134969325154 0.0 0.008990147783251232 0.1282051282051282 0.0 0.70625,443720.2302402189,0.17142857142857143,1338,5 336 942 1074 41 2557 44,0.36363636363636365 1.0 0.09047619047619047 0.0 0.2564102564102564 0.006017191977077364 0.6875,464567.51423868636,0.17857142857142858,2111,8 16 1135 3761 2 3779 -28,0.6363636363636364 0.018404907975460124 0.2742857142857143 0.3309113300492611 0.00641025641025641 0.35616045845272204 0.2375,641282.3357643143,0.010714285714285714,7607,5 271 847 1147 21 2536 47,0.36363636363636365 0.8006134969325154 0.0 0.008990147783251232 0.1282051282051282 0.0 0.70625,443720.2302402189,0.17142857142857143,1338,5 336 947 1085 37 2583 49,0.36363636363636365 1.0 0.09523809523809523 0.001354679802955665 0.23076923076923078 0.013467048710601719 0.71875,464614.02961211157,0.17857142857142858,1905,9 15 1897 8925 4 6004 16,0.7272727272727273 0.015337423312883436 1.0 0.9668719211822661 0.019230769230769232 0.9936962750716333 0.5125,739785.7140648717,0.575,4349,3 29 1493 4903 18 5246 82,0.18181818181818182 0.05828220858895705 0.6152380952380953 0.47155172413793106 0.10897435897435898 0.7765042979942693 0.925,194289.9228324738,0.65,6703,1 30 1410 2188 157 4409 89,0.0 0.06134969325153374 0.5361904761904762 0.137192118226601 1.0 0.5366762177650429 0.96875,11740.401717462388,0.6678571428571428,7356,11 10 1894 9194 2 6026 7,0.9090909090909091 0.0 0.9971428571428571 1.0 0.00641025641025641 1.0 0.45625,920073.4349379786,0.575,4260,3 29 1493 4778 18 5241 94,0.18181818181818182 0.05828220858895705 0.6152380952380953 0.45615763546798027 0.10897435897435898 0.7750716332378224 1.0,194274.58941715627,0.65,6748,1 30 1410 2188 157 4409 92,0.0 0.06134969325153374 0.5361904761904762 0.137192118226601 1.0 0.5366762177650429 0.9875,11740.420467462389,0.6678571428571428,7355,4 16 998 2511 18 3488 -24,0.2727272727272727 0.018404907975460124 0.1438095238095238 0.1769704433497537 0.10897435897435898 0.27277936962750715 0.2625,276196.71693585743,0.010714285714285714,10667
resolved-p7d-c21d-3600-all/resolved-p7d-c21d-3600-2nd/nsp-n30-d28-r0.10-rp2-fp2-s1,4 6 614 2188 19 2090 13,0.8 0.02054794520547945 0.4694167852062589 0.5307030554731533 0.25 0.35223555070883317 0.3384615384615385,807308.5262451293,0.009523809523809525,10774,4 6 612 2189 19 2071 -6,0.8 0.02054794520547945 0.4665718349928876 0.530999703352121 0.25 0.34187568157033804 0.046153846153846156,807279.9774844908,0.009523809523809525,10947,4 6 605 2191 19 2063 10,0.8 0.02054794520547945 0.4566145092460882 0.5315929991100563 0.25 0.33751363140676116 0.2923076923076923,807181.2000561253,0.009523809523809525,11046.0,4 11 290 1122 22 1688 4,0.8 0.03767123287671233 0.008534850640113799 0.21447641649362206 0.2916666666666667 0.13304252998909488 0.2,804097.6453025326,0.009523809523809525,6045,0 174 638 551 72 1673 39,0.0 0.5958904109589042 0.5035561877667141 0.04509047760308514 0.9861111111111112 0.12486368593238822 0.7384615384615385,64770.29166066954,0.41904761904761906,3085,1 292 681 1006 67 1633 14,0.2 1.0 0.5647226173541963 0.18006526253337288 0.9166666666666666 0.10305343511450382 0.35384615384615387,305920.342483247,0.1761904761904762,2901,4 11 317 1234 21 1789 -4,0.8 0.03767123287671233 0.04694167852062589 0.24770097893800058 0.2777777777777778 0.188113413304253 0.07692307692307693,804513.9768868033,0.009523809523809525,5665,0 175 664 620 73 1783 56,0.0 0.5993150684931506 0.5405405405405406 0.06555918125185405 1.0 0.18484187568157034 1.0,65505.31985472914,0.5047619047619047,3011,1 292 681 1006 67 1633 14,0.2 1.0 0.5647226173541963 0.18006526253337288 0.9166666666666666 0.10305343511450382 0.35384615384615387,305920.342483247,0.1761904761904762,2901,4 11 320 1395 15 1761 -1,0.8 0.03767123287671233 0.051209103840682786 0.29546128745179473 0.19444444444444445 0.1728462377317339 0.12307692307692308,804595.9715972746,0.009523809523809525,5524,0 174 638 551 72 1673 39,0.0 0.5958904109589042 0.5035561877667141 0.04509047760308514 0.9861111111111112 0.12486368593238822 0.7384615384615385,64770.29166066954,0.41904761904761906,3085,1 292 657 1084 72 1641 29,0.2 1.0 0.5305832147937412 0.20320379709285077 0.9861111111111112 0.1074154852780807 0.5846153846153846,305609.30582637875,0.30952380952380953,2921,4 1 284 399 37 1444 43,0.8 0.003424657534246575 0.0 0.0 0.5 0.0 0.8,800393.2657534246,0.009523809523809525,6967,0 0 783 3256 9 2928 29,0.0 0.0 0.7098150782361309 0.8475229902106199 0.1111111111111111 0.8091603053435115 0.5846153846153846,7965.46110212109,0.6571428571428571,4790,0 0 987 3770 1 3278 28,0.0 0.0 1.0 1.0 0.0 1.0 0.5692307692307692,11010.569230769232,0.5571428571428572,4064,4 1 319 562 33 1568 38,0.8 0.003424657534246575 0.049786628733997154 0.04835360427172946 0.4444444444444444 0.06761177753544166 0.7230769230769231,800934.5292841792,0.009523809523809525,6453,0 0 779 3255 9 2915 24,0.0 0.0 0.7041251778093883 0.8472263423316523 0.1111111111111111 0.802071973827699 0.5076923076923077,7908.117643582616,0.6571428571428571,4874,0 0 864 3095 3 3067 22,0.0 0.0 0.8250355618776671 0.7997626816968259 0.027777777777777776 0.8849509269356598 0.47692307692307695,9062.222510597556,0.5571428571428572,4877,5 3 468 1845 12 2148 -9,1.0 0.010273972602739725 0.26173541963015645 0.4289528329872441 0.1527777777777778 0.38386041439476554 0.0,1004092.8206714845,0.009523809523809525,13034
resolved-p7d-c21d-3600-all/resolved-p7d-c21d-3600-2nd/nsp-n50-d28-r0.10-rp2-fp2-s0,11 89 1954 2176 91 6213 54,0.22580645161290322 0.006237006237006237 0.0 0.15867884750527056 0.296875 0.546563522761083 0.8,226624.78421933673,0.02,6206,10 93 1956 2140 89 6190 50,0.1935483870967742 0.014553014553014554 0.0008058017727639 0.15361911454673224 0.2864583333333333 0.5397203213329367 0.7789473684210526,195200.1876682651,0.02,6594,10 93 1956 2136 89 6191 48,0.1935483870967742 0.014553014553014554 0.0008058017727639 0.15305692199578355 0.2864583333333333 0.5400178518298125 0.7684210526315789,195199.6179247033,0.02,6617.0,8 97 2350 4822 36 7201 -4,0.12903225806451613 0.02286902286902287 0.15954875100725222 0.5305692199578356 0.010416666666666666 0.8405236536745017 0.49473684210526314,133455.15872149428,0.02,2903,8 451 2791 1717 154 5502 46,0.12903225806451613 0.7588357588357588 0.3372280419016922 0.09416725228390724 0.625 0.33501933948229695 0.7578947368421053,208448.8897075245,0.28285714285714286,518,4 539 2025 1663 137 4480 92,0.0 0.9417879417879418 0.028605962933118453 0.08657765284609979 0.5364583333333334 0.030943171675096696 1.0,94606.38672602155,0.29714285714285715,1060,9 101 2379 5479 34 7284 -22,0.16129032258064516 0.031185031185031187 0.17123287671232876 0.6229093464511595 0.0 0.8652186849152038 0.4,166753.11599957186,0.02,2550,8 451 2791 1717 154 5502 46,0.12903225806451613 0.7588357588357588 0.3372280419016922 0.09416725228390724 0.625 0.33501933948229695 0.7578947368421053,208448.8897075245,0.28285714285714286,518,4 539 2025 1663 137 4480 92,0.0 0.9417879417879418 0.028605962933118453 0.08657765284609979 0.5364583333333334 0.030943171675096696 1.0,94606.38672602155,0.29714285714285715,1060,8 95 2281 4777 36 7054 -5,0.12903225806451613 0.018711018711018712 0.13174858984689766 0.5242445537596627 0.010416666666666666 0.79678667063374 0.48947368421052634,132754.58939490386,0.02,3055,7 544 2520 1553 170 4857 39,0.0967741935483871 0.9521829521829522 0.22804190169218372 0.07111735769501054 0.7083333333333334 0.14311216899732224 0.7210526315789474,194417.01064895405,0.18857142857142858,557,4 539 2025 1663 137 4480 92,0.0 0.9417879417879418 0.028605962933118453 0.08657765284609979 0.5364583333333334 0.030943171675096696 1.0,94606.38672602155,0.29714285714285715,1060,35 567 3781 2344 140 4399 9,1.0 1.0 0.7360999194198228 0.18229093464511595 0.5520833333333334 0.006843201428146385 0.5631578947368421,1107599.1300520857,0.02,1223,10 191 4436 1047 208 6439 32,0.1935483870967742 0.2182952182952183 1.0 0.0 0.90625 0.6138054150550432 0.6842105263157895,225475.35619097287,0.7914285714285715,4982,15 331 3916 1351 152 5137 50,0.3548387096774194 0.5093555093555093 0.790491539081386 0.0427266338721012 0.6145833333333334 0.22642070812258255 0.7789473684210526,413786.4041254393,0.8057142857142857,4148,35 559 3738 2326 149 4376 8,1.0 0.9833679833679834 0.7187751813053989 0.1797610681658468 0.5989583333333334 0.0 0.5578947368421052,1105764.7649460884,0.02,1266,9 229 4265 1167 226 6347 40,0.16129032258064516 0.2972972972972973 0.9311039484286865 0.016865776528460996 1.0 0.5864326093424576 0.7263157894736842,200454.5482130731,0.7914285714285715,5192,15 332 3916 1358 150 5160 49,0.3548387096774194 0.5114345114345115 0.790491539081386 0.04371047083626142 0.6041666666666666 0.23326390955072895 0.7736842105263158,413994.3096724934,0.8057142857142857,4117,18 86 2641 8162 41 7737 -98,0.45161290322580644 0.0 0.2767929089443997 1.0 0.036458333333333336 1.0 0.0,455394.47814858373,0.02,7754
resolved-p7d-c21d-3600-all/resolved-p7d-c21d-3600-2nd/nsp-n50-d28-r0.10-rp2-fp2-s9,0 0 0 0 0 284 -160,0.0 0.0 0.0 0.0 0.0 0.0 0.15151515151515152,0.15151515151515152,0.2,482,0 0 0 0 0 416 -158,0.0 0.0 0.0 0.0 0.0 0.4981132075471698 0.18181818181818182,5.1629502572898796,0.11714285714285715,272,0 0 0 0 0 421 -160,0.0 0.0 0.0 0.0 0.0 0.5169811320754717 0.15151515151515152,5.3213264722698685,0.12857142857142856,253.0,0 0 0 0 0 401 -152,0.0 0.0 0.0 0.0 0.0 0.44150943396226416 0.2727272727272727,4.687821612349914,0.07428571428571429,180,0 0 0 0 0 549 -146,0.0 0.0 0.0 0.0 0.0 1.0 0.36363636363636365,10.363636363636363,0.3657142857142857,39,0 0 0 0 0 448 -137,0.0 0.0 0.0 0.0 0.0 0.6188679245283019 0.5,6.688679245283018,0.07428571428571429,195,0 0 0 0 0 389 -128,0.0 0.0 0.0 0.0 0.0 0.39622641509433965 0.6363636363636364,4.598627787307033,0.07428571428571429,156,0 0 0 0 0 532 -104,0.0 0.0 0.0 0.0 0.0 0.9358490566037736 1.0,10.358490566037736,0.29714285714285715,34,0 0 0 0 0 421 -141,0.0 0.0 0.0 0.0 0.0 0.5169811320754717 0.4393939393939394,5.609205260148657,0.07428571428571429,141,0 0 0 0 0 448 -170,0.0 0.0 0.0 0.0 0.0 0.6188679245283019 0.0,6.188679245283018,0.07428571428571429,329,0 0 0 0 0 524 -133,0.0 0.0 0.0 0.0 0.0 0.9056603773584906 0.5606060606060606,9.617209834190966,0.3314285714285714,44,0 0 0 0 0 448 -133,0.0 0.0 0.0 0.0 0.0 0.6188679245283019 0.5606060606060606,6.749285305889079,0.07428571428571429,171,0 0 0 0 0 443 -131,0.0 0.0 0.0 0.0 0.0 0.6 0.5909090909090909,6.590909090909091,0.07428571428571429,581,0 0 0 0 0 453 -127,0.0 0.0 0.0 0.0 0.0 0.6377358490566037 0.6515151515151515,7.028873642081189,0.5228571428571429,148,0 0 0 0 0 421 -144,0.0 0.0 0.0 0.0 0.0 0.5169811320754717 0.3939393939393939,5.563750714694111,0.07428571428571429,385,0 0 0 0 0 443 -133,0.0 0.0 0.0 0.0 0.0 0.6 0.5606060606060606,6.5606060606060606,0.07428571428571429,582,0 0 0 0 0 453 -127,0.0 0.0 0.0 0.0 0.0 0.6377358490566037 0.6515151515151515,7.028873642081189,0.5228571428571429,148,0 0 0 0 0 424 -169,0.0 0.0 0.0 0.0 0.0 0.5283018867924528 0.015151515151515152,5.298170383076044,0.07428571428571429,380,0 0 0 0 0 447 -141,0.0 0.0 0.0 0.0 0.0 0.6150943396226415 0.4393939393939394,6.5903373356203545,0.09142857142857143,79
resolved-p7d-c21d-3600-all/resolved-p7d-c21d-3600-1st/nsp-n50-d28-r0.10-rp2-fp2-s8,23 66 3310 6186 91 9641 -36,0.4838709677419355 0.0087527352297593 0.07719463403153683 0.8655859506923337 0.008576329331046312 0.9899872565082832 0.24848484848484848,486394.77954626584,0.005714285714285714,7871,23 66 3247 5857 92 9533 -21,0.4838709677419355 0.0087527352297593 0.06236761590962579 0.8100303951367781 0.010291595197255575 0.970325869288185 0.3393939393939394,486191.01963129645,0.005714285714285714,7960,23 66 3367 6288 90 9696 -32,0.4838709677419355 0.0087527352297593 0.09060955518945635 0.8828098615332658 0.00686106346483705 1.0 0.2727272727272727,486546.1055119585,0.005714285714285714,7657.0,21 73 3240 6183 88 8653 -59,0.41935483870967744 0.024070021881838075 0.06072016945163568 0.8650793650793651 0.003430531732418525 0.8101219734207172 0.10909090909090909,423242.6753212735,0.005714285714285714,2283,11 498 3629 1557 253 5512 56,0.0967741935483871 0.9540481400437637 0.15227112261708636 0.08392434988179669 0.2864493996569468 0.2383032951028582 0.806060606060606,193817.4771623389,0.06857142857142857,1385,8 519 3210 1148 229 5151 88,0.0 1.0 0.05365968463167804 0.01485984464707869 0.24528301886792453 0.1725832878208629 1.0,100578.71082572886,0.26571428571428574,1606,23 62 3245 6663 86 8714 -77,0.4838709677419355 0.0 0.06189691692162862 0.9461330631543398 0.0 0.8212270162024394 0.0,485444.28224446817,0.005714285714285714,2227,11 498 3629 1557 253 5512 56,0.0967741935483871 0.9540481400437637 0.15227112261708636 0.08392434988179669 0.2864493996569468 0.2383032951028582 0.806060606060606,193817.4771623389,0.06857142857142857,1385,9 456 3264 1061 229 5478 74,0.03225806451612903 0.862144420131291 0.06636855730760179 0.00016886187098953058 0.24528301886792453 0.23211359912616056 0.9151515151515152,119164.12555359834,0.26571428571428574,1565,21 74 3247 6152 91 8650 -61,0.41935483870967744 0.0262582056892779 0.06236761590962579 0.8598446470786897 0.008576329331046312 0.8095758237757146 0.09696969696969697,423473.230445648,0.005714285714285714,2279,11 498 3629 1557 253 5512 56,0.0967741935483871 0.9540481400437637 0.15227112261708636 0.08392434988179669 0.2864493996569468 0.2383032951028582 0.806060606060606,193817.4771623389,0.06857142857142857,1385,9 456 3264 1060 222 5479 74,0.03225806451612903 0.862144420131291 0.06636855730760179 0.0 0.2332761578044597 0.23229564900782815 0.9151515151515152,119162.75782611982,0.26571428571428574,1566,39 452 7225 3136 669 6938 27,1.0 0.8533916849015317 0.9985879030360084 0.3505572441742654 1.0 0.4979064263608229 0.6303030303030303,1095781.2141319814,0.005714285714285714,1607,18 409 3292 1694 195 4203 60,0.3225806451612903 0.7592997811816192 0.07295834313956225 0.10705842620736238 0.18696397941680962 0.0 0.8303030303030303,399366.7918380272,0.7857142857142857,4221,24 333 2982 1080 172 4333 56,0.5161290322580645 0.5929978118161926 0.0 0.003377237419790611 0.14751286449399656 0.023666484616785 0.806060606060606,575447.9846890052,0.8,5137,39 452 7231 3118 662 6952 23,1.0 0.8533916849015317 1.0 0.3475177304964539 0.9879931389365352 0.500455124704169 0.6060606060606061,1095791.0961463964,0.005714285714285714,1578,16 418 3092 1787 232 4221 52,0.25806451612903225 0.7789934354485777 0.02588844433984467 0.12276258020938872 0.2504288164665523 0.0032768978700163844 0.7818181818181819,336371.364166305,0.7857142857142857,5312,24 333 2982 1080 172 4333 56,0.5161290322580645 0.5929978118161926 0.0 0.003377237419790611 0.14751286449399656 0.023666484616785 0.806060606060606,575447.9846890052,0.8,5137,24 63 3363 6982 94 9013 -61,0.5161290322580645 0.002188183807439825 0.089668157213462 1.0 0.0137221269296741 0.875659930821045 0.09696969696969697,518254.75799264124,0.005714285714285714,8374
resolved-p7d-c21d-3600-all/resolved-p7d-c21d-3600-1st/nsp-n30-d28-r0.10-rp2-fp2-s5,2 4 449 430 17 1926 24,0.25 0.010638297872340425 0.3259423503325942 0.012095032397408207 0.05194805194805195 0.5397260273972603 0.2872340425531915,254346.22762246872,0.009523809523809525,12114,2 4 445 425 16 1900 7,0.25 0.010638297872340425 0.3170731707317073 0.009935205183585313 0.03896103896103896 0.5159817351598174 0.10638297872340426,254253.65900396113,0.009523809523809525,12184,2 4 444 402 13 1869 -3,0.25 0.010638297872340425 0.3148558758314856 0.0 0.0 0.4876712328767123 0.0,254217.26525787768,0.009523809523809525,12309.0,2 1 326 610 21 1669 41,0.25 0.0026595744680851063 0.05321507760532151 0.0898488120950324 0.1038961038961039 0.3050228310502283 0.46808510638297873,250901.86495876327,0.009523809523809525,4960,1 376 752 946 90 1857 61,0.125 1.0 0.9977827050997783 0.23498920086393088 1.0 0.4767123287671233 0.6808510638297872,235318.2642262132,0.5190476190476191,2589,0 304 622 709 58 1335 53,0.0 0.8085106382978723 0.7095343680709535 0.1326133909287257 0.5844155844155844 0.0 0.5957446808510638,88138.05820454791,0.12857142857142856,1809,2 1 326 610 21 1667 39,0.25 0.0026595744680851063 0.05321507760532151 0.0898488120950324 0.1038961038961039 0.30319634703196346 0.44680851063829785,250901.82541732732,0.009523809523809525,4965,1 376 753 948 90 1850 61,0.125 1.0 1.0 0.23585313174946004 1.0 0.4703196347031963 0.6808510638297872,235341.23717916032,0.5190476190476191,2580,0 304 622 709 58 1335 53,0.0 0.8085106382978723 0.7095343680709535 0.1326133909287257 0.5844155844155844 0.0 0.5957446808510638,88138.05820454791,0.12857142857142856,1809,2 1 349 684 23 1742 57,0.25 0.0026595744680851063 0.10421286031042129 0.12181425485961123 0.12987012987012986 0.37168949771689497 0.6382978723404256,251447.24251060886,0.009523809523809525,4632,1 376 752 946 90 1857 61,0.125 1.0 0.9977827050997783 0.23498920086393088 1.0 0.4767123287671233 0.6808510638297872,235318.2642262132,0.5190476190476191,2589,0 306 698 726 49 1771 91,0.0 0.8138297872340425 0.8780487804878049 0.13995680345572353 0.4675324675324675 0.39817351598173517 1.0,90355.15831365109,0.44761904761904764,1592,2 1 302 571 19 1483 52,0.25 0.0026595744680851063 0.0 0.07300215982721382 0.07792207792207792 0.13515981735159818 0.5851063829787234,250348.68851898442,0.009523809523809525,6199,0 0 514 2571 13 2172 16,0.0 0.0 0.4700665188470067 0.9369330453563715 0.0 0.7643835616438356 0.20212765957446807,5645.444197102451,0.6761904761904762,5949,0 0 571 1820 14 2428 34,0.0 0.0 0.5964523281596452 0.6125269978401728 0.012987012987012988 0.9981735159817352 0.39361702127659576,6588.72433291642,0.5857142857142857,6400,2 1 302 573 20 1483 52,0.25 0.0026595744680851063 0.0 0.07386609071274298 0.09090909090909091 0.13515981735159818 0.5851063829787234,250350.85115116867,0.009523809523809525,6193,0 0 533 2717 13 2222 11,0.0 0.0 0.5121951219512195 1.0 0.0 0.8100456621004566 0.14893617021276595,6130.2006123034125,0.6666666666666666,5555,0 0 572 1819 14 2430 33,0.0 0.0 0.5986696230598669 0.6120950323974083 0.012987012987012988 1.0 0.3829787234042553,6610.472943018182,0.5857142857142857,6301,8 4 559 2253 16 2229 41,1.0 0.010638297872340425 0.5698447893569845 0.7995680345572355 0.03896103896103896 0.8164383561643835 0.46808510638297873,1007574.3742879252,0.009523809523809525,13159
resolved-p7d-c21d-3600-all/resolved-p7d-c21d-3600-1st/nsp-n40-d28-r0.10-rp2-fp2-s1,6 12 1120 3575 14 4038 -101,0.6666666666666666 0.021739130434782608 0.2673992673992674 0.3640816326530612 0.16363636363636364 0.45677731673582295 0.09900990099009901,671899.6844362227,0.014285714285714285,10522,6 12 1121 3700 14 4046 -94,0.6666666666666666 0.021739130434782608 0.2683150183150183 0.38108843537414966 0.16363636363636364 0.45954356846473027 0.13366336633663367,671925.9110640838,0.014285714285714285,10136,7 12 1135 3709 15 4055 -99,0.7777777777777778 0.021739130434782608 0.28113553113553114 0.38231292517006804 0.18181818181818182 0.46265560165975106 0.10891089108910891,783168.2763428709,0.014285714285714285,9659.0,3 5 933 1364 10 3425 -114,0.3333333333333333 0.0 0.09615384615384616 0.06326530612244897 0.09090909090909091 0.24481327800829875 0.034653465346534656,334369.7107963306,0.014285714285714285,9100,7 249 846 1314 60 2732 27,0.7777777777777778 0.7577639751552795 0.016483516483516484 0.05646258503401361 1.0 0.005186721991701245 0.7326732673267327,853876.2575836622,0.07857142857142857,3263,6 326 947 1507 21 3009 20,0.6666666666666666 0.9968944099378882 0.10897435897435898 0.08272108843537415 0.2909090909090909 0.10096818810511757 0.698019801980198,767559.3709494084,0.2,3117,3 5 1013 1440 23 3277 -121,0.3333333333333333 0.0 0.16941391941391942 0.07360544217687075 0.32727272727272727 0.19363762102351315 0.0,335135.7416185869,0.014285714285714285,8630,7 249 846 1314 60 2732 27,0.7777777777777778 0.7577639751552795 0.016483516483516484 0.05646258503401361 1.0 0.005186721991701245 0.7326732673267327,853876.2575836622,0.07857142857142857,3263,6 327 960 1507 21 3037 20,0.6666666666666666 1.0 0.12087912087912088 0.08272108843537415 0.2909090909090909 0.11065006915629322 0.698019801980198,767989.0743934776,0.2,3114,3 5 923 1280 5 3370 -119,0.3333333333333333 0.0 0.08699633699633699 0.05183673469387755 0.0 0.22579529737206086 0.009900990099009901,334257.4012919544,0.014285714285714285,9220,7 250 828 1321 46 2717 7,0.7777777777777778 0.7608695652173914 0.0 0.057414965986394555 0.7454545454545455 0.0 0.6336633663366337,853997.3283834151,0.07857142857142857,3261,8 200 1241 2261 21 3862 49,0.8888888888888888 0.6055900621118012 0.3782051282051282 0.1853061224489796 0.2909090909090909 0.39591977869986167 0.8415841584158416,953449.1441956055,0.28214285714285714,3009,3 23 1737 4428 24 5141 46,0.3333333333333333 0.055900621118012424 0.8324175824175825 0.4801360544217687 0.34545454545454546 0.8381742738589212 0.8267326732673267,347771.4612536895,0.5428571428571428,7186,9 6 1920 8249 7 5609 -33,1.0 0.003105590062111801 1.0 1.0 0.03636363636363636 1.0 0.43564356435643564,1011324.6310134119,0.6928571428571428,7962,0 31 1365 4099 29 4858 78,0.0 0.08074534161490683 0.49175824175824173 0.43537414965986393 0.43636363636363634 0.7403181189488244 0.9851485148514851,13479.515422073668,0.6107142857142858,7083,3 20 1706 4309 26 5056 53,0.3333333333333333 0.046583850931677016 0.8040293040293041 0.4639455782312925 0.38181818181818183 0.8087828492392808 0.8613861386138614,346543.0880778382,0.5428571428571428,7288,8 7 1881 8068 7 5523 -8,0.8888888888888888 0.006211180124223602 0.9642857142857143 0.9753741496598639 0.03636363636363636 0.9702627939142462 0.5594059405940595,900142.1365913444,0.6928571428571428,8194,0 31 1365 4099 25 4854 81,0.0 0.08074534161490683 0.49175824175824173 0.43537414965986393 0.36363636363636365 0.7389349930843707 1.0,13472.243715027444,0.6107142857142858,7100,3 11 1397 899 43 4007 -32,0.3333333333333333 0.018633540372670808 0.5210622710622711 0.0 0.6909090909090909 0.4460580912863071 0.4405940594059406,340481.30216528627,0.014285714285714285,10345
resolved-p7d-c21d-3600-all/resolved-p7d-c21d-3600-1st/nsp-n30-d28-r0.10-rp2-fp2-s4,3 6 476 1351 14 1703 -4,0.75 0.010256410256410256 0.010845986984815618 0.1370219086520609 0.30434782608695654 0.1673027989821883 0.44549763033175355,751303.6761123701,0.023809523809523808,10798,3 5 471 1329 14 1685 6,0.75 0.005128205128205128 0.0 0.13293724470850352 0.30434782608695654 0.15585241730279897 0.4928909952606635,750678.243955306,0.023809523809523808,11895,3 6 476 1348 14 1718 -2,0.75 0.010256410256410256 0.010845986984815618 0.13646490902339398 0.30434782608695654 0.17684478371501272 0.4549763033175355,751303.2240112617,0.023809523809523808,10916.0,3 4 496 802 0 1677 -92,0.75 0.0 0.05422993492407809 0.035090976606015595 0.0 0.15076335877862596 0.02843601895734597,750578.9263954535,0.023809523809523808,11679,1 162 493 720 46 1476 22,0.25 0.8102564102564103 0.04772234273318872 0.01986632008911994 1.0 0.022900763358778626 0.5687203791469194,331623.52850107476,0.47619047619047616,2864,0 199 495 644 38 1444 49,0.0 1.0 0.052060737527114966 0.005755662829558114 0.8260869565217391 0.002544529262086514 0.6966824644549763,100609.69386150996,0.41904761904761906,2765,3 4 506 940 0 1667 -98,0.75 0.0 0.07592190889370933 0.060712959524693653 0.0 0.14440203562340967 0.0,750821.376068818,0.023809523809523808,11322,1 162 493 720 46 1476 22,0.25 0.8102564102564103 0.04772234273318872 0.01986632008911994 1.0 0.022900763358778626 0.5687203791469194,331623.52850107476,0.47619047619047616,2864,0 199 495 644 38 1440 49,0.0 1.0 0.052060737527114966 0.005755662829558114 0.8260869565217391 0.0 0.6966824644549763,100609.66841621733,0.41904761904761906,2766,3 4 539 1095 0 1708 -93,0.75 0.0 0.1475054229934924 0.08949127367248422 0.0 0.17048346055979643 0.023696682464454975,751566.2740348955,0.023809523809523808,10938,1 162 493 720 46 1476 22,0.25 0.8102564102564103 0.04772234273318872 0.01986632008911994 1.0 0.022900763358778626 0.5687203791469194,331623.52850107476,0.47619047619047616,2864,0 199 495 644 38 1444 49,0.0 1.0 0.052060737527114966 0.005755662829558114 0.8260869565217391 0.002544529262086514 0.6966824644549763,100609.69386150996,0.41904761904761906,2765,2 23 932 2843 14 2907 113,0.5 0.09743589743589744 1.0 0.4140363906424062 0.30434782608695654 0.933206106870229 1.0,520198.39297790953,0.5380952380952381,7346,4 4 831 5286 5 2927 68,1.0 0.0 0.7809110629067245 0.8676197549201634 0.10869565217391304 0.9459287531806616 0.7867298578199052,1008697.8459665944,0.6857142857142857,9586,2 15 793 2265 23 2467 61,0.5 0.05641025641025641 0.6984815618221258 0.30672112885258074 0.5 0.6533078880407125 0.7535545023696683,512989.8490214823,0.5857142857142857,8846,2 22 857 2336 11 2724 84,0.5 0.09230769230769231 0.8373101952277657 0.3199034533976977 0.2391304347826087 0.816793893129771 0.8625592417061612,517956.7181780959,0.5285714285714286,10290,4 4 872 5999 6 3012 45,1.0 0.0 0.8698481561822126 1.0 0.13043478260869565 1.0 0.6777251184834123,1009722.2027652015,0.6857142857142857,8617,2 15 770 2019 23 2501 81,0.5 0.05641025641025641 0.648590021691974 0.2610471593018938 0.5 0.6749363867684478 0.8483412322274881,512445.5707223472,0.6,9143,3 13 545 613 12 1844 -38,0.75 0.046153846153846156 0.16052060737527116 0.0 0.2608695652173913 0.25699745547073793 0.2843601895734597,756249.5319804033,0.023809523809523808,13713
resolved-p7d-c21d-3600-all/resolved-p7d-c21d-3600-1st/nsp-n10-d28-r0.10-rp0-fp0-s5,5 35 58 832 1 357 -27,1.0 0.9722222222222222 1.0 0.896551724137931 0.5 0.8006535947712419 0.4838709677419355,1108177.2643532755,0.014285714285714285,34409,5 35 58 928 0 365 -21,1.0 0.9722222222222222 1.0 1.0 0.0 0.826797385620915 0.6774193548387096,1108231.1676154332,0.014285714285714285,33908,5 36 57 511 2 418 -17,1.0 1.0 0.9821428571428571 0.5506465517241379 1.0 1.0 0.8064516129032258,1110482.8815747655,0.014285714285714285,33632.0,2 0 2 0 0 112 -20,0.4 0.0 0.0 0.0 0.0 0.0 0.7096774193548387,400000.70967741933,0.014285714285714285,5073,0 0 2 22 1 211 -11,0.0 0.0 0.0 0.023706896551724137 0.5 0.3235294117647059 1.0,77.9421906693712,0.44285714285714284,19883,0 0 2 0 0 134 -35,0.0 0.0 0.0 0.0 0.0 0.0718954248366013 0.22580645161290322,0.9447606999789162,0.08571428571428572,16727,2 0 2 0 0 112 -23,0.4 0.0 0.0 0.0 0.0 0.0 0.6129032258064516,400000.6129032258,0.014285714285714285,5075,0 0 2 0 0 127 -17,0.0 0.0 0.0 0.0 0.0 0.049019607843137254 0.8064516129032258,1.2966476913345983,0.37142857142857144,11361,0 0 2 0 0 124 -42,0.0 0.0 0.0 0.0 0.0 0.0392156862745098 0.0,0.39215686274509803,0.08571428571428572,12831,2 0 2 0 0 112 -22,0.4 0.0 0.0 0.0 0.0 0.0 0.6451612903225806,400000.6451612903,0.014285714285714285,5074,0 0 2 0 0 136 -20,0.0 0.0 0.0 0.0 0.0 0.0784313725490196 0.7096774193548387,1.493991144845035,0.32857142857142857,19434,0 0 2 0 0 127 -36,0.0 0.0 0.0 0.0 0.0 0.049019607843137254 0.1935483870967742,0.6837444655281467,0.08571428571428572,13578,2 0 2 0 0 114 -33,0.4 0.0 0.0 0.0 0.0 0.006535947712418301 0.2903225806451613,400000.3556820578,0.014285714285714285,3954,0 0 2 0 0 129 -16,0.0 0.0 0.0 0.0 0.0 0.05555555555555555 0.8387096774193549,1.3942652329749103,0.4714285714285714,6487,0 0 2 0 0 122 -25,0.0 0.0 0.0 0.0 0.0 0.032679738562091505 0.5483870967741935,0.8751844823951085,0.08571428571428572,5756,2 0 2 0 0 114 -33,0.4 0.0 0.0 0.0 0.0 0.006535947712418301 0.2903225806451613,400000.3556820578,0.014285714285714285,3954,0 0 2 0 0 129 -16,0.0 0.0 0.0 0.0 0.0 0.05555555555555555 0.8387096774193549,1.3942652329749103,0.5571428571428572,6486,0 0 2 0 0 122 -25,0.0 0.0 0.0 0.0 0.0 0.032679738562091505 0.5483870967741935,0.8751844823951085,0.08571428571428572,5756,2 0 2 0 0 113 -33,0.4 0.0 0.0 0.0 0.0 0.0032679738562091504 0.2903225806451613,400000.3230023192,0.014285714285714285,26794
resolved-p7d-c21d-3600-all/resolved-p7d-c21d-3600-1st/nsp-n10-d28-r0.10-rp0-fp0-s0,0 2 0 0 0 111 -23,0.0 0.08333333333333333 0.0 0.0 0.0 0.03473491773308958 0.1891891891891892,8333.869871699852,0.014285714285714285,22277,0 2 0 1 0 146 -19,0.0 0.08333333333333333 0.0 0.005988023952095809 0.0 0.09872029250457039 0.2972972972972973,8340.605857507771,0.014285714285714285,22100,0 2 0 0 0 114 -23,0.0 0.08333333333333333 0.0 0.0 0.0 0.04021937842778794 0.1891891891891892,8333.9247163068,0.014285714285714285,22258.0,0 2 0 0 0 98 -18,0.0 0.08333333333333333 0.0 0.0 0.0 0.010968921389396709 0.32432432432432434,8333.767346871551,0.014285714285714285,9976,0 1 31 85 18 488 -11,0.0 0.0 0.47692307692307695 0.5089820359281437 0.2903225806451613 0.7239488117001828 0.5135135135135135,5314.998064853945,0.6428571428571429,25245,0 1 0 0 0 92 -28,0.0 0.0 0.0 0.0 0.0 0.0 0.05405405405405406,0.05405405405405406,0.02857142857142857,18093,0 2 0 0 0 93 -16,0.0 0.08333333333333333 0.0 0.0 0.0 0.0018281535648994515 0.3783783783783784,8333.72999324736,0.014285714285714285,7765,0 1 32 86 17 497 -13,0.0 0.0 0.49230769230769234 0.5149700598802395 0.27419354838709675 0.7404021937842779 0.4594594594594595,5473.329819193175,0.6142857142857143,25109,0 1 0 0 0 92 -29,0.0 0.0 0.0 0.0 0.0 0.0 0.02702702702702703,0.02702702702702703,0.02857142857142857,18094,0 2 0 0 0 93 -30,0.0 0.08333333333333333 0.0 0.0 0.0 0.0018281535648994515 0.0,8333.351614868981,0.014285714285714285,7814,0 13 65 127 23 573 -12,0.0 1.0 1.0 0.7604790419161677 0.3709677419354839 0.8793418647166362 0.4864864864864865,110806.85572124337,0.5714285714285714,22855,0 1 0 0 0 96 -25,0.0 0.0 0.0 0.0 0.0 0.007312614259597806 0.13513513513513514,0.2082612777311132,0.02857142857142857,18071,0 2 0 0 0 92 -29,0.0 0.08333333333333333 0.0 0.0 0.0 0.0 0.02702702702702703,8333.360360360359,0.014285714285714285,10811,0 5 51 167 57 623 7,0.0 0.3333333333333333 0.7846153846153846 1.0 0.9193548387096774 0.9707495429616088 1.0,42282.13015878776,0.8,31755,0 1 31 54 33 473 7,0.0 0.0 0.47692307692307695 0.32335329341317365 0.532258064516129 0.696526508226691 1.0,5153.775134177823,0.5714285714285714,22447,0 2 0 0 0 92 -29,0.0 0.08333333333333333 0.0 0.0 0.0 0.0 0.02702702702702703,8333.360360360359,0.014285714285714285,10811,0 4 52 161 49 639 7,0.0 0.25 0.8 0.9640718562874252 0.7903225806451613 1.0 1.0,34054.10411435194,0.8,31877,0 1 31 58 62 484 -1,0.0 0.0 0.47692307692307695 0.3473053892215569 1.0 0.716636197440585 0.7837837837837838,5224.486304210516,0.5857142857142857,22275,0 2 0 0 0 115 -25,0.0 0.08333333333333333 0.0 0.0 0.0 0.04204753199268738 0.13513513513513514,8333.888943788394,0.014285714285714285,22205
resolved-p7d-c21d-3600-all/resolved-p7d-c21d-3600-1st/nsp-n30-d28-r0.10-rp2-fp2-s9,12 203 396 310 77 1028 30,0.6428571428571429 0.0056179775280898875 0.3347921225382932 0.062146892655367235 0.654320987654321 0.5334928229665071 0.34285714285714286,646900.1186121282,0.014285714285714285,11125,12 201 372 322 79 1018 33,0.6428571428571429 0.0 0.3085339168490153 0.07062146892655367 0.6790123456790124 0.5215311004784688 0.38571428571428573,646086.6057544181,0.014285714285714285,11697,12 208 392 309 70 1024 33,0.6428571428571429 0.019662921348314606 0.3304157549234136 0.0614406779661017 0.5679012345679012 0.5287081339712919 0.38571428571428573,648251.4961382569,0.014285714285714285,10661.0,8 214 409 311 66 824 6,0.35714285714285715 0.03651685393258427 0.3490153172866521 0.06285310734463277 0.5185185185185185 0.2894736842105263 0.0,364402.2954050207,0.014285714285714285,6036,7 448 693 684 78 1168 17,0.2857142857142857 0.6938202247191011 0.6597374179431073 0.326271186440678 0.6666666666666666 0.7009569377990431 0.15714285714285714,362093.78693096933,0.21428571428571427,6927,7 463 503 736 57 1017 26,0.2857142857142857 0.7359550561797753 0.45185995623632386 0.3629943502824859 0.4074074074074074 0.5203349282296651 0.2857142857142857,364237.6150492177,0.21904761904761905,4021,7 221 325 262 75 673 8,0.2857142857142857 0.056179775280898875 0.25711159737417943 0.02824858757062147 0.6296296296296297 0.10885167464114832 0.02857142857142857,293995.70785482595,0.014285714285714285,5742,7 557 802 1638 105 1230 17,0.2857142857142857 1.0 0.7789934354485777 1.0 1.0 0.7751196172248804 0.15714285714285714,394612.12840780086,0.49047619047619045,1721,12 474 421 521 70 1065 18,0.6428571428571429 0.7668539325842697 0.36214442013129106 0.2111581920903955 0.5679012345679012 0.5777511961722488 0.17142857142857143,723437.8775729631,0.28095238095238095,5437,8 276 307 356 65 713 26,0.35714285714285715 0.21067415730337077 0.237417943107221 0.09463276836158192 0.5061728395061729 0.15669856459330145 0.2857142857142857,380731.5550565103,0.014285714285714285,5331,11 503 673 1014 68 1110 17,0.5714285714285714 0.848314606741573 0.637855579868709 0.559322033898305 0.5432098765432098 0.631578947368421 0.15714285714285714,663258.7038552992,0.30952380952380953,1663,3 518 1004 1136 88 1418 23,0.0 0.8904494382022472 1.0 0.6454802259887006 0.7901234567901234 1.0 0.24285714285714285,99779.6792490353,0.4714285714285714,3478,16 306 259 441 72 662 26,0.9285714285714286 0.2949438202247191 0.18490153172866522 0.15466101694915255 0.5925925925925926 0.09569377990430622 0.2857142857142857,960129.9888394803,0.014285714285714285,5211,16 358 130 397 52 867 76,0.9285714285714286 0.4410112359550562 0.0437636761487965 0.12358757062146893 0.345679012345679 0.3409090909090909 1.0,973272.7534911874,0.7619047619047619,12493,14 338 331 390 61 963 50,0.7857142857142857 0.3848314606741573 0.2636761487964989 0.11864406779661017 0.4567901234567901 0.4557416267942584 0.6285714285714286,827003.7023375052,0.7619047619047619,10375,16 302 313 462 74 680 34,0.9285714285714286 0.28370786516853935 0.2439824945295405 0.1694915254237288 0.6172839506172839 0.11722488038277512 0.4,959614.8322028673,0.014285714285714285,5395,17 317 90 319 38 829 71,1.0 0.3258426966292135 0.0 0.06850282485875706 0.1728395061728395 0.29545454545454547 0.9285714285714286,1032673.9395552805,0.7571428571428571,12087,15 347 344 373 64 941 44,0.8571428571428571 0.4101123595505618 0.2778993435448578 0.10663841807909605 0.49382716049382713 0.42942583732057416 0.5428571428571428,901093.9447830063,0.7476190476190476,9670,7 216 114 222 24 582 33,0.2857142857142857 0.042134831460674156 0.0262582056892779 0.0 0.0 0.0 0.38571428571428573,290190.7366315316,0.014285714285714285,13970
resolved-p7d-c21d-3600-all/resolved-p7d-c21d-3600-1st/nsp-n20-d28-r0.10-rp2-fp2-s2,2 2 239 1075 5 1095 -12,1.0 0.028169014084507043 0.5361216730038023 1.0 0.13793103448275862 0.8290854572713643 0.16901408450704225,1009200.3711105942,0.0,19051,2 2 233 1072 4 1096 -9,1.0 0.028169014084507043 0.5133079847908745 0.9969230769230769 0.10344827586206896 0.8305847076461769 0.2112676056338028,1008965.7662755508,0.0,19709,2 2 278 1063 1 1209 -18,1.0 0.028169014084507043 0.6844106463878327 0.9876923076923076 0.0 1.0 0.08450704225352113,1010658.7846870635,0.0,17577.0,2 1 114 578 2 542 -14,1.0 0.014084507042253521 0.060836501901140684 0.49025641025641026 0.034482758620689655 0.0 0.14084507042253522,1002510.6612544256,0.0,10296,1 71 265 397 30 905 47,0.5 1.0 0.6349809885931559 0.3046153846153846 1.0 0.5442278860569715 1.0,606760.8675494075,0.5071428571428571,15246,1 44 277 531 25 992 36,0.5 0.6197183098591549 0.6806083650190115 0.442051282051282 0.8275862068965517 0.6746626686656672 0.8450704225352113,569310.3162359557,0.37142857142857144,13658,2 2 130 610 1 639 -11,1.0 0.028169014084507043 0.12167300380228137 0.5230769230769231 0.0 0.1454272863568216 0.18309859154929578,1004558.3457410056,0.0,9497,1 71 266 398 28 914 37,0.5 1.0 0.6387832699619772 0.30564102564102563 0.9310344827586207 0.5577211394302849 0.8591549295774648,606793.0135398605,0.5142857142857142,14656,1 44 277 528 23 1013 39,0.5 0.6197183098591549 0.6806083650190115 0.438974358974359 0.7586206896551724 0.7061469265367316 0.8873239436619719,569300.6998572545,0.37142857142857144,14591,2 2 150 812 3 683 3,1.0 0.028169014084507043 0.19771863117870722 0.7302564102564103 0.06896551724137931 0.21139430284857572 0.38028169014084506,1005533.734906937,0.0,8673,1 71 266 398 28 913 41,0.5 1.0 0.6387832699619772 0.30564102564102563 0.9310344827586207 0.5562218890554723 0.9154929577464789,606793.054885385,0.5,14666,1 44 277 530 24 1060 39,0.5 0.6197183098591549 0.6806083650190115 0.441025641025641 0.7931034482758621 0.7766116941529235 0.8873239436619719,569306.904062844,0.37142857142857144,14222,2 13 361 291 15 1039 7,1.0 0.18309859154929578 1.0 0.19589743589743588 0.4827586206896552 0.7451274362818591 0.43661971830985913,1028561.9203469771,0.0,10345,0 0 117 477 6 733 7,0.0 0.0 0.07224334600760456 0.38666666666666666 0.1724137931034483 0.2863568215892054 0.43661971830985913,1129.641693987259,0.65,8509,0 0 98 489 10 662 31,0.0 0.0 0.0 0.39897435897435896 0.3103448275862069 0.17991004497751126 0.7746478873239436,432.5825900700787,0.5285714285714286,8763,2 13 333 291 15 1033 2,1.0 0.18309859154929578 0.8935361216730038 0.19589743589743588 0.4827586206896552 0.7361319340329835 0.36619718309859156,1027497.1211861494,0.0,10714,0 0 107 472 4 716 6,0.0 0.0 0.034220532319391636 0.38153846153846155 0.10344827586206896 0.2608695652173913 0.4225352112676056,737.1198431820263,0.6,9048,0 0 102 492 10 679 41,0.0 0.0 0.015209125475285171 0.40205128205128204 0.3103448275862069 0.20539730134932535 0.9154929577464789,588.1464855339942,0.5285714285714286,8560,2 0 150 100 1 676 -24,1.0 0.0 0.19771863117870722 0.0 0.0 0.20089955022488756 0.0,1001979.1953072894,0.0,18673
resolved-p7d-c21d-3600-all/resolved-p7d-c21d-3600-1st/nsp-n10-d28-r0.10-rp0-fp0-s4,0 2 0 0 0 96 -38,0.0 0.025 0.0 0.0 0.0 0.0 0.0,2500.0,0.18571428571428572,9771,0 2 0 0 0 96 -35,0.0 0.025 0.0 0.0 0.0 0.0 0.10344827586206896,2500.103448275862,0.2571428571428571,9824,0 2 0 0 0 99 -32,0.0 0.025 0.0 0.0 0.0 0.005376344086021506 0.20689655172413793,2500.2606599925844,0.17142857142857143,9815.0,0 2 1 0 0 105 -30,0.0 0.025 0.018867924528301886 0.0 0.0 0.016129032258064516 0.27586206896551724,2689.116397674565,0.014285714285714285,4002,0 1 0 0 0 111 -37,0.0 0.0 0.0 0.0 0.0 0.026881720430107527 0.034482758620689655,0.3032999629217649,0.35714285714285715,8726,0 1 0 0 0 111 -29,0.0 0.0 0.0 0.0 0.0 0.026881720430107527 0.3103448275862069,0.5791620318872821,0.08571428571428572,6007,0 2 1 0 0 105 -31,0.0 0.025 0.018867924528301886 0.0 0.0 0.016129032258064516 0.2413793103448276,2689.0819149159443,0.014285714285714285,4003,0 1 0 0 0 111 -37,0.0 0.0 0.0 0.0 0.0 0.026881720430107527 0.034482758620689655,0.3032999629217649,0.35714285714285715,8726,0 1 0 0 0 111 -29,0.0 0.0 0.0 0.0 0.0 0.026881720430107527 0.3103448275862069,0.5791620318872821,0.08571428571428572,6007,0 2 1 0 0 105 -29,0.0 0.025 0.018867924528301886 0.0 0.0 0.016129032258064516 0.3103448275862069,2689.1508804331856,0.014285714285714285,4001,0 1 0 0 0 111 -37,0.0 0.0 0.0 0.0 0.0 0.026881720430107527 0.034482758620689655,0.3032999629217649,0.35714285714285715,8726,0 1 0 0 0 111 -32,0.0 0.0 0.0 0.0 0.0 0.026881720430107527 0.20689655172413793,0.47571375602521315,0.08571428571428572,6008,0 2 1 0 0 105 -33,0.0 0.025 0.018867924528301886 0.0 0.0 0.016129032258064516 0.1724137931034483,2689.012949398703,0.014285714285714285,9386,1 3 46 104 21 601 -14,0.5 0.05 0.8679245283018868 0.7482014388489209 0.4117647058823529 0.9050179211469535 0.8275862068965517,514478.5009578744,0.7857142857142857,34026,2 41 50 139 39 453 -9,1.0 1.0 0.9433962264150944 1.0 0.7647058823529411 0.6397849462365591 1.0,1110517.8307018485,0.7,25393,0 2 1 0 0 105 -33,0.0 0.025 0.018867924528301886 0.0 0.0 0.016129032258064516 0.1724137931034483,2689.012949398703,0.014285714285714285,9386,1 3 48 100 29 654 -9,0.5 0.05 0.9056603773584906 0.7194244604316546 0.5686274509803921 1.0 1.0,514843.89097911457,0.7857142857142857,33868,1 14 53 127 51 594 -9,0.5 0.325 1.0 0.9136690647482014 1.0 0.8924731182795699 1.0,543523.593795931,0.6428571428571429,31248,0 2 1 0 0 104 -33,0.0 0.025 0.018867924528301886 0.0 0.0 0.014336917562724014 0.1724137931034483,2688.9950282517498,0.014285714285714285,5659
resolved-p7d-c21d-3600-all/resolved-p7d-c21d-3600-1st/nsp-n20-d28-r0.10-rp2-fp2-s4,4 4 118 203 0 597 -36,0.8 0.04054054054054054 0.13087248322147652 0.09912926992632284 0.0 0.07889125799573561 0.010869565217391304,805462.7079383403,0.014285714285714285,15062,4 4 99 55 3 534 -37,0.8 0.04054054054054054 0.06711409395973154 0.0 0.06 0.011727078891257996 0.0,804731.3122644402,0.014285714285714285,18048,4 3 99 56 3 523 -34,0.8 0.02702702702702703 0.06711409395973154 0.0006697923643670462 0.06 0.0 0.03260869565217391,803380.54604336,0.014285714285714285,18200.0,5 2 156 559 5 731 9,1.0 0.013513513513513514 0.25838926174496646 0.3375753516409913 0.1 0.22174840085287847 0.5,1004285.5368044506,0.014285714285714285,19533,0 75 215 447 38 876 45,0.0 1.0 0.4563758389261745 0.2625586068318821 0.76 0.3763326226012793 0.8913043478260869,104906.97162666747,0.5928571428571429,13182,0 52 287 356 39 1074 50,0.0 0.6891891891891891 0.697986577181208 0.2016075016744809 0.78 0.5874200426439232 0.9456521739130435,76185.21204500583,0.65,13607,5 2 195 919 6 828 20,1.0 0.013513513513513514 0.38926174496644295 0.578700602813128 0.12 0.3251599147121535 0.6195652173913043,1005838.5405681934,0.014285714285714285,15675,0 74 213 433 40 872 43,0.0 0.9864864864864865 0.44966442953020136 0.2531815137307435 0.8 0.3720682302771855 0.8695652173913043,103483.06470520157,0.5928571428571429,13333,0 52 287 356 39 1074 53,0.0 0.6891891891891891 0.697986577181208 0.2016075016744809 0.78 0.5874200426439232 0.9782608695652174,76185.24465370149,0.65,13604,5 2 157 571 6 723 -3,1.0 0.013513513513513514 0.26174496644295303 0.34561286001339586 0.12 0.21321961620469082 0.3695652173913043,1004328.9156371737,0.014285714285714285,19251,0 75 221 442 35 877 39,0.0 1.0 0.47651006711409394 0.2592096450100469 0.7 0.3773987206823028 0.8260869565217391,105098.91039031433,0.5928571428571429,12855,0 51 284 355 50 1039 40,0.0 0.6756756756756757 0.6879194630872483 0.20093770931011387 1.0 0.5501066098081023 0.8369565217391305,74754.03793036997,0.5857142857142857,13988,0 6 357 1386 12 1423 33,0.0 0.06756756756756757 0.9328859060402684 0.8914936369725385 0.24 0.9594882729211087 0.7608695652173914,17011.46520642641,0.5,16628,0 1 79 97 12 628 25,0.0 0.0 0.0 0.02813127930341594 0.24 0.11194029850746269 0.6739130434782609,53.92459533196883,0.6928571428571428,16124,0 3 249 1538 0 1268 48,0.0 0.02702702702702703 0.5704697986577181 0.9933020763563295 0.0 0.7942430703624733 0.9239130434782609,9409.569109383316,0.4857142857142857,15851,0 6 377 1370 13 1461 55,0.0 0.06756756756756757 1.0 0.8807769591426657 0.26 1.0 1.0,17674.533715899423,0.5,16197,0 1 79 108 12 652 33,0.0 0.0 0.0 0.03549899531145345 0.24 0.13752665245202558 0.7608695652173914,61.635131401191096,0.6928571428571428,15899,0 3 249 1548 0 1285 33,0.0 0.02702702702702703 0.5704697986577181 1.0 0.0 0.8123667377398721 0.7608695652173914,9416.2852262225,0.4857142857142857,15664,4 5 147 628 1 735 5,0.8 0.05405405405405406 0.22818791946308725 0.38379102478231747 0.02 0.2260127931769723 0.45652173913043476,808075.7922744895,0.014285714285714285,18158
resolved-p7d-c21d-3600-all/resolved-p7d-c21d-3600-1st/nsp-n50-d28-r0.10-rp2-fp2-s7,1 131 2666 11746 22 8014 -239,0.0 0.22268907563025211 0.9405204460966543 1.0 0.0660377358490566 0.9319079711828957 0.0,32690.03487728849,0.08,4487,18 178 1886 3687 91 6388 65,0.6538461538461539 0.32142857142857145 0.21561338289962825 0.2126038104543234 0.7169811320754716 0.5540320706483849 0.8106666666666666,688435.7977290424,0.008571428571428572,6377,17 193 1889 3446 89 6310 76,0.6153846153846154 0.35294117647058826 0.2184014869888476 0.189057156814851 0.6981132075471698 0.5359051824308622 0.84,653127.8154309565,0.008571428571428572,6827.0,27 159 2694 8292 31 7898 -88,1.0 0.2815126050420168 0.966542750929368 0.6625305324865657 0.1509433962264151 0.9049500348594004 0.4026666666666667,1038503.7650526199,0.008571428571428572,2473,18 436 2040 2245 89 5049 89,0.6538461538461539 0.8634453781512605 0.3587360594795539 0.07171470444553005 0.6981132075471698 0.24285382291424587 0.8746666666666667,743922.8814861715,0.15142857142857144,901,17 501 1654 1511 90 4004 122,0.6153846153846154 1.0 0.0 0.0 0.7075471698113207 0.0 0.9626666666666667,715456.3327682632,0.19714285714285715,1188,27 159 2711 8527 31 7949 -98,1.0 0.2815126050420168 0.9823420074349443 0.6854909623839766 0.1509433962264151 0.9168022310016267 0.376,1038684.8099028678,0.008571428571428572,2408,18 436 2039 2245 89 5049 89,0.6538461538461539 0.8634453781512605 0.35780669144981414 0.07171470444553005 0.6981132075471698 0.24285382291424587 0.8746666666666667,743913.5878058742,0.15142857142857144,902,17 501 1654 1511 90 4004 122,0.6153846153846154 1.0 0.0 0.0 0.7075471698113207 0.0 0.9626666666666667,715456.3327682632,0.19714285714285715,1188,27 159 2672 8097 31 7882 -85,1.0 0.2815126050420168 0.9460966542750929 0.6434782608695652 0.1509433962264151 0.9012316988147804 0.4106666666666667,1038280.2226310996,0.008571428571428572,2635,18 436 2039 2245 89 5049 89,0.6538461538461539 0.8634453781512605 0.35780669144981414 0.07171470444553005 0.6981132075471698 0.24285382291424587 0.8746666666666667,743913.5878058742,0.15142857142857144,902,17 501 1654 1511 90 4004 122,0.6153846153846154 1.0 0.0 0.0 0.7075471698113207 0.0 0.9626666666666667,715456.3327682632,0.19714285714285715,1188,13 84 2730 5542 58 7699 108,0.46153846153846156 0.12394957983193278 1.0 0.39384465070835367 0.4056603773584906 0.8587032303044387 0.9253333333333333,484377.3425757354,0.6742857142857143,6456,6 25 2364 5689 16 7964 76,0.19230769230769232 0.0 0.6598513011152416 0.40820713238886175 0.009433962264150943 0.9202881710434581 0.84,199325.39872917044,0.7314285714285714,5299,1 41 2242 4438 120 7379 136,0.0 0.03361344537815126 0.5464684014869888 0.28597948216902785 0.9905660377358491 0.7843365094120381 1.0,9219.908003721748,0.7285714285714285,5309,13 84 2724 5475 58 7780 123,0.46153846153846156 0.12394957983193278 0.9944237918215614 0.38729848558866636 0.4056603773584906 0.8775273065303277 0.9653333333333334,484315.2625695936,0.6742857142857143,6488,6 26 2515 6618 15 8307 93,0.19230769230769232 0.0021008403361344537 0.800185873605948 0.4989741084513923 0.0 1.0 0.8853333333333333,201029.49451914997,0.7457142857142857,4781,1 41 2221 4328 121 7328 115,0.0 0.03361344537815126 0.5269516728624535 0.2752320468978994 1.0 0.7724843132698117 0.944,9014.762156470259,0.7285714285714285,5437,13 172 2133 3960 53 6926 57,0.46153846153846156 0.3088235294117647 0.4451672862453532 0.23927699071812408 0.3584905660377358 0.6790611201487334 0.7893333333333333,497155.19333394826,0.008571428571428572,6853
resolved-p7d-c21d-3600-all/resolved-p7d-c21d-3600-1st/nsp-n10-d28-r0.10-rp0-fp0-s7,0 0 0 0 0 77 -34,0.0 0.0 0.0 0.0 0.0 0.13636363636363635 0.0,1.3636363636363635,0.45714285714285713,150,0 0 0 0 0 74 -30,0.0 0.0 0.0 0.0 0.0 0.0 0.19047619047619047,0.19047619047619047,0.4857142857142857,97,0 0 0 0 0 82 -24,0.0 0.0 0.0 0.0 0.0 0.36363636363636365 0.47619047619047616,4.112554112554113,0.44285714285714284,53.0,0 0 0 0 0 86 -13,0.0 0.0 0.0 0.0 0.0 0.5454545454545454 1.0,6.454545454545454,0.2714285714285714,135,0 0 0 0 0 94 -24,0.0 0.0 0.0 0.0 0.0 0.9090909090909091 0.47619047619047616,9.567099567099566,0.4857142857142857,128,0 0 0 0 0 87 -19,0.0 0.0 0.0 0.0 0.0 0.5909090909090909 0.7142857142857143,6.623376623376624,0.2714285714285714,70,0 0 0 0 0 89 -15,0.0 0.0 0.0 0.0 0.0 0.6818181818181818 0.9047619047619048,7.7229437229437226,0.2714285714285714,103,0 0 0 0 0 90 -16,0.0 0.0 0.0 0.0 0.0 0.7272727272727273 0.8571428571428571,8.129870129870131,0.5,44,0 0 0 0 0 91 -20,0.0 0.0 0.0 0.0 0.0 0.7727272727272727 0.6666666666666666,8.393939393939393,0.2714285714285714,61,0 0 0 0 0 90 -21,0.0 0.0 0.0 0.0 0.0 0.7272727272727273 0.6190476190476191,7.891774891774892,0.2714285714285714,14,0 0 0 0 0 96 -20,0.0 0.0 0.0 0.0 0.0 1.0 0.6666666666666666,10.666666666666666,0.4714285714285714,25,0 0 0 0 0 88 -13,0.0 0.0 0.0 0.0 0.0 0.6363636363636364 1.0,7.363636363636363,0.2714285714285714,96,0 0 0 0 0 96 -25,0.0 0.0 0.0 0.0 0.0 1.0 0.42857142857142855,10.428571428571429,0.2714285714285714,118,0 0 0 0 0 93 -16,0.0 0.0 0.0 0.0 0.0 0.8636363636363636 0.8571428571428571,9.493506493506494,0.6,106,0 0 0 0 0 90 -19,0.0 0.0 0.0 0.0 0.0 0.7272727272727273 0.7142857142857143,7.987012987012988,0.2714285714285714,108,0 0 0 0 0 96 -26,0.0 0.0 0.0 0.0 0.0 1.0 0.38095238095238093,10.380952380952381,0.2714285714285714,119,0 0 0 0 0 93 -16,0.0 0.0 0.0 0.0 0.0 0.8636363636363636 0.8571428571428571,9.493506493506494,0.6,106,0 0 0 0 0 90 -19,0.0 0.0 0.0 0.0 0.0 0.7272727272727273 0.7142857142857143,7.987012987012988,0.2714285714285714,108,0 0 0 0 0 92 -19,0.0 0.0 0.0 0.0 0.0 0.8181818181818182 0.7142857142857143,8.896103896103895,0.2714285714285714,184
resolved-p7d-c21d-3600-all/resolved-p7d-c21d-3600-1st/nsp-n30-d28-r0.10-rp2-fp2-s7,0 0 0 0 0 108 -131,0.0 0.0 0.0 0.0 0.0 0.0 0.0,0.0,0.1523809523809524,235,0 0 0 0 0 108 -95,0.0 0.0 0.0 0.0 0.0 0.0 0.5625,0.5625,0.07142857142857142,198,0 0 0 0 0 118 -103,0.0 0.0 0.0 0.0 0.0 0.1694915254237288 0.4375,2.132415254237288,0.08571428571428572,181.0,0 0 0 0 0 134 -91,0.0 0.0 0.0 0.0 0.0 0.4406779661016949 0.625,5.031779661016949,0.03333333333333333,123,0 0 0 0 0 167 -80,0.0 0.0 0.0 0.0 0.0 1.0 0.796875,10.796875,0.1523809523809524,55,0 0 0 0 0 137 -84,0.0 0.0 0.0 0.0 0.0 0.4915254237288136 0.734375,5.649629237288136,0.03333333333333333,98,0 0 0 0 0 123 -88,0.0 0.0 0.0 0.0 0.0 0.2542372881355932 0.671875,3.214247881355932,0.03333333333333333,121,0 0 0 0 0 150 -77,0.0 0.0 0.0 0.0 0.0 0.711864406779661 0.84375,7.96239406779661,0.2619047619047619,41,0 0 0 0 0 144 -82,0.0 0.0 0.0 0.0 0.0 0.6101694915254238 0.765625,6.867319915254238,0.03333333333333333,143,0 0 0 0 0 142 -81,0.0 0.0 0.0 0.0 0.0 0.576271186440678 0.78125,6.54396186440678,0.03333333333333333,80,0 0 0 0 0 162 -67,0.0 0.0 0.0 0.0 0.0 0.9152542372881356 1.0,10.152542372881356,0.3380952380952381,31,0 0 0 0 0 142 -96,0.0 0.0 0.0 0.0 0.0 0.576271186440678 0.546875,6.30958686440678,0.03333333333333333,113,0 0 0 0 0 134 -82,0.0 0.0 0.0 0.0 0.0 0.4406779661016949 0.765625,5.172404661016949,0.03333333333333333,342,0 0 0 0 0 158 -78,0.0 0.0 0.0 0.0 0.0 0.847457627118644 0.828125,9.30270127118644,0.5190476190476191,88,0 0 0 0 0 134 -80,0.0 0.0 0.0 0.0 0.0 0.4406779661016949 0.796875,5.203654661016949,0.03333333333333333,279,0 0 0 0 0 134 -83,0.0 0.0 0.0 0.0 0.0 0.4406779661016949 0.75,5.156779661016949,0.03333333333333333,343,0 0 0 0 0 144 -75,0.0 0.0 0.0 0.0 0.0 0.6101694915254238 0.875,6.976694915254238,0.5952380952380952,98,0 0 0 0 0 137 -70,0.0 0.0 0.0 0.0 0.0 0.4915254237288136 0.953125,5.868379237288136,0.03333333333333333,276,0 0 0 0 0 141 -78,0.0 0.0 0.0 0.0 0.0 0.559322033898305 0.828125,6.42134533898305,0.03333333333333333,117
resolved-p7d-c21d-3600-all/resolved-p7d-c21d-3600-1st/nsp-n40-d28-r0.10-rp2-fp2-s3,18 253 129 257 37 1164 -10,1.0 0.36934306569343067 0.0012062726176115801 0.008122743682310469 0.12244897959183673 0.09598853868194843 0.06578947368421052,1036967.7626120212,0.0,10629,18 253 128 251 35 1163 -11,1.0 0.36934306569343067 0.0 0.002707581227436823 0.08163265306122448 0.09563037249283668 0.05921052631578947,1036946.1929301278,0.0,10943,18 253 128 248 35 1145 -12,1.0 0.36934306569343067 0.0 0.0 0.08163265306122448 0.08918338108882522 0.05263157894736842,1036943.4143000391,0.0,10967.0,10 382 609 442 72 1282 15,0.5555555555555556 0.5576642335766423 0.5802171290711701 0.17509025270758122 0.8367346938775511 0.13825214899713467 0.23026315789473684,617384.5267106747,0.0,3545,15 554 578 832 66 1339 21,0.8333333333333334 0.8087591240875912 0.5428226779252111 0.5270758122743683 0.7142857142857143 0.1586676217765043 0.26973684210526316,920237.8333181074,0.44285714285714284,563,18 518 372 533 37 1066 12,1.0 0.7562043795620438 0.2943305186972256 0.2572202166064982 0.12244897959183673 0.06088825214899714 0.21052631578947367,1078834.0276665797,0.11785714285714285,1123,14 329 210 418 31 896 -20,0.7777777777777778 0.4802919708029197 0.09891435464414958 0.15342960288808663 0.0 0.0 0.0,826949.5480073993,0.0,4753,16 563 624 944 80 1384 29,0.8888888888888888 0.8218978102189781 0.5983112183353438 0.628158844765343 1.0 0.17478510028653296 0.3223684210526316,977792.0111583294,0.5,1060,14 685 876 911 59 1357 36,0.7777777777777778 1.0 0.902291917973462 0.5983754512635379 0.5714285714285714 0.16511461318051576 0.3684210526315789,887458.2348331033,0.3464285714285714,623,17 323 316 384 44 982 -8,0.9444444444444444 0.47153284671532847 0.22677925211097708 0.12274368231046931 0.2653061224489796 0.030802292263610316 0.07894736842105263,994015.1829019334,0.0,5759,18 604 666 901 63 1259 18,1.0 0.8817518248175182 0.6489746682750301 0.5893501805054152 0.6530612244897959 0.13001432664756446 0.25,1095321.135610723,0.10714285714285714,381,14 620 636 830 51 1369 16,0.7777777777777778 0.9051094890510949 0.6127864897466827 0.5252707581227437 0.40816326530612246 0.16941260744985673 0.23684210526315788,874984.6096331872,0.08571428571428572,966,6 127 828 779 62 2545 50,0.3333333333333333 0.1854014598540146 0.8443908323281062 0.47924187725631767 0.6326530612244898 0.5906160458452722 0.4605263157894737,360866.26151216886,0.0,3310,0 0 871 1151 39 3338 58,0.0 0.0 0.8962605548854041 0.8149819494584838 0.16326530612244897 0.8746418338108882 0.5131578947368421,9803.173605157615,0.6142857142857143,3237,0 0 956 1356 42 3688 132,0.0 0.0 0.9987937273823885 1.0 0.22448979591836735 1.0 1.0,11021.386253415722,0.5857142857142857,3669,6 126 812 790 63 2555 56,0.3333333333333333 0.18394160583941604 0.8250904704463209 0.4891696750902527 0.6530612244897959 0.5941977077363897 0.5,360539.3163963547,0.0,3410,0 0 867 1153 40 3325 68,0.0 0.0 0.8914354644149578 0.8167870036101083 0.1836734693877551 0.8699856733524355 0.5789473684210527,9758.787798800407,0.6142857142857143,3294,0 0 957 1346 40 3687 132,0.0 0.0 1.0 0.9909747292418772 0.1836734693877551 0.9996418338108882 1.0,11020.33849451876,0.5857142857142857,3664,12 305 380 299 41 1204 -15,0.6666666666666666 0.44525547445255476 0.3039806996381182 0.046028880866425995 0.20408163265306123 0.11031518624641834 0.03289473684210526,714299.5941990343,0.0,9229
resolved-p7d-c21d-3600-all/resolved-p7d-c21d-3600-1st/nsp-n40-d28-r0.10-rp2-fp2-s0,12 10 890 3684 7 3340 1,1.0 0.028089887640449437 0.21061093247588425 0.4927710843373494 0.05 0.2519326966803092 0.13513513513513514,1005415.5236352431,0.017857142857142856,10046,12 10 891 3686 8 3356 5,1.0 0.028089887640449437 0.21221864951768488 0.4932530120481928 0.06666666666666667 0.2592087312414734 0.17117117117117117,1005433.8581964202,0.017857142857142856,9888,12 11 930 3724 10 3432 -14,1.0 0.03089887640449438 0.27491961414790994 0.5024096385542168 0.1 0.29376989540700316 0.0,1006354.4311194369,0.017857142857142856,9663.0,11 9 912 2179 28 3012 46,0.9166666666666666 0.025280898876404494 0.2459807073954984 0.13012048192771083 0.4 0.10277398817644384 0.5405405405405406,921826.252390612,0.017857142857142856,3128,6 279 1155 1949 32 3054 35,0.5 0.7837078651685393 0.6366559485530546 0.0746987951807229 0.4666666666666667 0.12187357889949978 0.44144144144144143,584860.3716414623,0.1357142857142857,2664,7 252 1006 2014 28 2945 31,0.5833333333333334 0.7078651685393258 0.3971061093247588 0.09036144578313253 0.4 0.0723055934515689 0.40540540540540543,658222.4011876365,0.2571428571428571,4796,11 8 759 1639 30 2786 55,0.9166666666666666 0.02247191011235955 0.0 0.0 0.43333333333333335 0.0 0.6216216216216216,918957.8126328576,0.017857142857142856,3595,5 356 1046 1771 64 2787 13,0.4166666666666667 1.0 0.46141479099678456 0.03180722891566265 1.0 0.00045475216007276033 0.24324324324324326,521412.869596315,0.20357142857142857,2667,7 252 1006 2014 28 2945 30,0.5833333333333334 0.7078651685393258 0.3971061093247588 0.09036144578313253 0.4 0.0723055934515689 0.3963963963963964,658222.3921786275,0.2571428571428571,4797,11 8 771 1703 33 2787 48,0.9166666666666666 0.02247191011235955 0.01929260450160772 0.015421686746987951 0.48333333333333334 0.00045475216007276033 0.5585585585585585,919171.1018490791,0.017857142857142856,3481,6 279 1155 1950 33 3054 35,0.5 0.7837078651685393 0.6366559485530546 0.07493975903614458 0.48333333333333334 0.12187357889949978 0.44144144144144143,584862.2792719844,0.1357142857142857,2663,7 259 1019 2599 17 3297 17,0.5833333333333334 0.7275280898876404 0.4180064308681672 0.23132530120481928 0.21666666666666667 0.23237835379718053 0.27927927927927926,660521.8016614678,0.33214285714285713,4781,10 48 1050 3774 4 3458 3,0.8333333333333334 0.1348314606741573 0.4678456591639871 0.5144578313253012 0.0 0.30559345156889495 0.15315315315315314,852012.6029113831,0.017857142857142856,3216,0 0 1381 5577 6 4985 88,0.0 0.0 1.0 0.9489156626506025 0.03333333333333333 1.0 0.918918918918919,10963.167914902855,0.6214285714285714,3946,0 0 1292 5789 10 4805 68,0.0 0.0 0.8569131832797428 1.0 0.1 0.9181446111869032 0.7387387387387387,9589.052017648035,0.6107142857142858,3598,10 48 1019 3665 4 3410 7,0.8333333333333334 0.1348314606741573 0.4180064308681672 0.48819277108433734 0.0 0.2837653478854025 0.1891891891891892,851487.7633231832,0.017857142857142856,3476,0 0 1345 5155 5 4869 97,0.0 0.0 0.9421221864951769 0.8472289156626506 0.016666666666666666 0.9472487494315598 1.0,10280.589934775402,0.6214285714285714,4036,0 0 1243 5763 9 4727 71,0.0 0.0 0.7781350482315113 0.9937349397590362 0.08333333333333333 0.8826739427012278 0.7657657657657657,8793.01126060026,0.6107142857142858,3673,10 15 882 3402 12 3316 38,0.8333333333333334 0.042134831460674156 0.1977491961414791 0.42481927710843376 0.13333333333333333 0.24101864483856297 0.46846846846846846,839965.3397061742,0.017857142857142856,9664
resolved-p7d-c21d-3600-all/resolved-p7d-c21d-3600-1st/nsp-n40-d28-r0.10-rp2-fp2-s9,16 9 1245 4965 9 4404 -38,1.0 0.0 0.40091743119266054 0.6717179773488595 0.0 0.5711456859971712 0.03783783783783784,1004686.6415839733,0.010714285714285714,9884,16 9 1245 4794 10 4411 -38,1.0 0.0 0.40091743119266054 0.6444408996650184 0.02 0.5731258840169732 0.03783783783783784,1004661.3843082696,0.010714285714285714,10049,16 9 1253 5236 9 4427 -45,1.0 0.0 0.40825688073394495 0.7149465624501515 0.0 0.5776520509193777 0.0,1004803.2918902988,0.010714285714285714,9693.0,14 32 1218 4246 10 4278 -24,0.8181818181818182 0.04609218436873747 0.3761467889908257 0.5570266390173871 0.02 0.5355021216407355 0.11351351351351352,827116.9996823475,0.010714285714285714,6979,7 508 887 754 59 2385 104,0.18181818181818182 1.0 0.07247706422018349 0.0 1.0 0.0 0.8054054054054054,282643.75786578906,0.30714285714285716,1172,8 326 821 1816 38 2837 67,0.2727272727272727 0.6352705410821643 0.011926605504587157 0.1694050087733291 0.58 0.12786421499292785 0.6054054054054054,336602.88194686366,0.14285714285714285,1128,13 29 1120 3501 14 4045 10,0.7272727272727273 0.04008016032064128 0.28623853211009176 0.43818790875737756 0.1 0.4695898161244696 0.2972972972972973,734596.3097301082,0.010714285714285714,9378,7 508 887 754 59 2385 104,0.18181818181818182 1.0 0.07247706422018349 0.0 1.0 0.0 0.8054054054054054,282643.75786578906,0.30714285714285716,1172,7 384 808 1455 42 2780 72,0.18181818181818182 0.751503006012024 0.0 0.11182006699633115 0.66 0.11173974540311174 0.6324324324324324,257148.052316267,0.11428571428571428,1137,13 29 1144 3463 12 4112 0,0.7272727272727273 0.04008016032064128 0.30825688073394497 0.4321263359387462 0.06 0.4885431400282885 0.24324324324324326,734806.5671227132,0.010714285714285714,8666,7 508 887 754 59 2385 104,0.18181818181818182 1.0 0.07247706422018349 0.0 1.0 0.0 0.8054054054054054,282643.75786578906,0.30714285714285716,1172,8 326 821 1816 38 2837 67,0.2727272727272727 0.6352705410821643 0.011926605504587157 0.1694050087733291 0.58 0.12786421499292785 0.6054054054054054,336602.88194686366,0.14285714285714285,1128,11 69 1808 4564 33 5708 140,0.5454545454545454 0.12024048096192384 0.9174311926605505 0.6077524326048812 0.48 0.94002828854314 1.0,567319.0581928336,0.575,5516,5 16 1395 3855 49 4777 105,0.0 0.014028056112224449 0.5385321100917431 0.49465624501515393 0.8 0.6766619519094766 0.8108108108108109,7370.360387484935,0.6357142857142857,7144,11 11 1540 5469 16 5438 99,0.5454545454545454 0.004008016032064128 0.671559633027523 0.7521135747328123 0.14 0.8636492220650637 0.7783783783783784,553346.4718333589,0.625,6630,11 44 1898 7023 25 5920 60,0.5454545454545454 0.07014028056112225 1.0 1.0 0.32 1.0 0.5675675675675675,563511.1410782252,0.5857142857142857,4735,5 16 1403 4032 50 4855 106,0.0 0.014028056112224449 0.5458715596330275 0.5228904131440422 0.82 0.6987270155586988 0.8162162162162162,7474.215107068565,0.6357142857142857,7073,11 11 1539 5472 16 5434 105,0.5454545454545454 0.004008016032064128 0.6706422018348623 0.7525921199553358 0.14 0.8625176803394625 0.8108108108108109,553337.79718367,0.625,6681,10 26 1361 4471 18 4164 9,0.45454545454545453 0.03406813627254509 0.5073394495412844 0.5929175307066518 0.18 0.5032531824611033 0.2918918918918919,463641.90462254506,0.010714285714285714,10891
resolved-p7d-c21d-3600-all/resolved-p7d-c21d-3600-1st/nsp-n40-d28-r0.10-rp2-fp2-s2,0 18 1541 8216 53 5318 -136,0.0 0.0 0.6826863832409119 1.0 0.0 1.0 0.0,7836.863832409119,0.13214285714285715,2930,5 58 1323 2249 91 4756 72,0.16666666666666666 0.07874015748031496 0.5483672211953173 0.2170318855793203 0.1630901287553648 0.8504125632153314 1.0,180267.19965073833,0.007142857142857143,7972,5 57 1297 2258 92 4780 67,0.16666666666666666 0.07677165354330709 0.532347504621072 0.2182128329615536 0.16738197424892703 0.8568006388075592 0.9759615384615384,179911.80206552107,0.007142857142857143,8786.0,6 68 1217 2783 71 4173 11,0.2 0.0984251968503937 0.48305606900800985 0.28710143025849627 0.07725321888412018 0.6952355602874634 0.7067307692307693,214975.5662136385,0.007142857142857143,3149,2 267 1504 1627 187 3342 26,0.06666666666666667 0.49015748031496065 0.6598890942698706 0.13541529982941872 0.575107296137339 0.4740484429065744 0.7788461538461539,122479.75100088751,0.175,3832,1 396 2056 1050 269 3411 62,0.03333333333333333 0.7440944881889764 1.0 0.05970345099068364 0.927038626609442 0.49241416023422946 0.9519230769230769,117901.06553056187,0.18214285714285713,2470,9 59 1364 3984 63 4483 -37,0.3 0.08070866141732283 0.5736290819470117 0.44469229759874035 0.04291845493562232 0.7777482033537397 0.47596153846153844,314264.3945478667,0.007142857142857143,1746,2 267 1555 1659 191 3508 42,0.06666666666666667 0.49015748031496065 0.6913123844731978 0.1396142238551371 0.592274678111588 0.5182326324194836 0.8557692307692307,122800.41833011598,0.2571428571428571,3652,0 449 2026 1200 286 2944 49,0.0 0.8484251968503937 0.9815157116451017 0.07938590736123868 1.0 0.36811285600212934 0.8894230769230769,94841.63326048857,0.12142857142857143,2502,6 68 1230 2832 70 4197 16,0.2 0.0984251968503937 0.4910659272951325 0.29353103267287756 0.07296137339055794 0.7016236358796912 0.7307692307692307,215061.7531335922,0.007142857142857143,3032,2 267 1500 1628 186 3349 26,0.06666666666666667 0.49015748031496065 0.6574245224892175 0.1355465162052224 0.5708154506437768 0.47591163162097416 0.7788461538461539,122454.82594679456,0.175,3897,0 449 2026 1200 286 2944 49,0.0 0.8484251968503937 0.9815157116451017 0.07938590736123868 1.0 0.36811285600212934 0.8894230769230769,94841.63326048857,0.12142857142857143,2502,30 526 866 920 149 1783 30,1.0 1.0 0.26678989525569935 0.0426453221362026 0.41201716738197425 0.059089699228107535 0.7980769230769231,1102753.1349653467,0.007142857142857143,2088,19 462 439 601 77 1575 66,0.6333333333333333 0.8740157480314961 0.0036968576709796672 0.0007872982548222018 0.10300429184549356 0.0037263774287995743 0.9711538461538461,720783.9728582525,0.7678571428571429,7801,17 503 1106 841 143 1801 49,0.5666666666666667 0.9547244094488189 0.414664202094886 0.03227922844771027 0.38626609442060084 0.06388075592227842 0.8894230769230769,666358.1837010233,0.725,6920,30 526 866 920 149 1783 30,1.0 1.0 0.26678989525569935 0.0426453221362026 0.41201716738197425 0.059089699228107535 0.7980769230769231,1102753.1349653467,0.007142857142857143,2088,19 457 433 595 75 1561 60,0.6333333333333333 0.8641732283464567 0.0 0.0 0.0944206008583691 0.0 0.9423076923076923,719761.0405357571,0.7678571428571429,8207,17 501 1097 850 143 1825 54,0.5666666666666667 0.9507874015748031 0.4091189155884165 0.033460175829943574 0.38626609442060084 0.07026883151450626 0.9134615384615384,665910.2989151567,0.725,6956,4 55 1263 2666 80 4445 39,0.13333333333333333 0.07283464566929133 0.5113986444855206 0.2717491142894633 0.11587982832618025 0.7676337503327123 0.8413461538461539,146022.63912589694,0.007142857142857143,7912
resolved-p7d-c21d-3600-all/resolved-p7d-c21d-3600-1st/nsp-n50-d28-r0.10-rp2-fp2-s3,13 10 2026 3914 9 6044 -53,0.21428571428571427 0.008450704225352112 0.16840836012861737 0.1033182503770739 0.3333333333333333 0.16679233901372342 0.4032258064516129,216953.59104244265,0.005714285714285714,5960,10 13 2003 2930 10 5791 -71,0.0 0.016901408450704224 0.15916398713826366 0.04147812971342383 0.37037037037037035 0.128638214447293 0.3064516129032258,3361.888716960896,0.005714285714285714,6966,10 13 1817 2808 12 5758 -76,0.0 0.016901408450704224 0.08440514469453377 0.033810960281548515 0.4444444444444444 0.12366158950384558 0.27956989247311825,2613.9638825292645,0.005714285714285714,7147.0,16 9 2002 4864 8 6342 -19,0.42857142857142855 0.005633802816901409 0.1587620578778135 0.16302161890397185 0.2962962962962963 0.2117327703212185 0.5860215053763441,430917.784029639,0.005714285714285714,6172,15 334 1607 2270 27 4938 48,0.35714285714285715 0.9211267605633803 0.0 0.0 1.0 0.0 0.946236559139785,449356.4794357543,0.15142857142857144,1057,11 362 1796 2393 11 5157 58,0.07142857142857142 1.0 0.07596463022508039 0.00773001508295626 0.4074074074074074 0.03302669280651485 1.0,172238.018753574,0.16857142857142857,1093,15 13 1980 4729 8 6257 -6,0.35714285714285715 0.016901408450704224 0.14991961414790997 0.15453745600804425 0.2962962962962963 0.19891419092142965 0.6559139784946236,360519.0062709321,0.005714285714285714,6288,15 334 1607 2270 27 4938 48,0.35714285714285715 0.9211267605633803 0.0 0.0 1.0 0.0 0.946236559139785,449356.4794357543,0.15142857142857144,1057,11 362 1796 2393 11 5157 58,0.07142857142857142 1.0 0.07596463022508039 0.00773001508295626 0.4074074074074074 0.03302669280651485 1.0,172238.018753574,0.16857142857142857,1093,13 9 1869 4727 8 6069 -15,0.21428571428571427 0.005633802816901409 0.10530546623794212 0.15441176470588236 0.2962962962962963 0.17056250942542603 0.6075268817204301,216088.5037760953,0.005714285714285714,6536,15 334 1607 2270 26 4938 50,0.35714285714285715 0.9211267605633803 0.0 0.0 0.9629629629629629 0.0 0.956989247311828,449352.7864847388,0.15142857142857144,1058,11 362 1796 2393 11 5157 58,0.07142857142857142 1.0 0.07596463022508039 0.00773001508295626 0.4074074074074074 0.03302669280651485 1.0,172238.018753574,0.16857142857142857,1093,24 15 4095 18095 0 11569 -59,1.0 0.022535211267605635 1.0 0.9945324283559578 0.0 1.0 0.3709677419354839,1013258.4245228585,0.6085714285714285,3655,22 7 3686 15864 1 10575 -128,0.8571428571428571 0.0 0.8356109324758842 0.854323780794369 0.037037037037037035 0.8500980244307043 0.0,866365.4949323583,0.6371428571428571,5495,18 12 2938 12600 5 9148 10,0.5714285714285714 0.014084507042253521 0.534967845659164 0.6491955756661639 0.18518518518518517 0.6348966973307193 0.7419354838709677,578861.5055860302,0.6257142857142857,5746,23 17 3953 18182 0 11119 -52,0.9285714285714286 0.028169014084507043 0.9429260450160771 1.0 0.0 0.932136932589353 0.40860215053763443,941827.3204015165,0.5942857142857143,3942,21 7 3682 15372 1 10788 -100,0.7857142857142857 0.0 0.8340032154340836 0.823403720462544 0.037037037037037035 0.8822198763384105 0.15053763440860216,794890.3980291906,0.6371428571428571,5615,18 12 2912 12440 5 9101 8,0.5714285714285714 0.014084507042253521 0.5245176848874598 0.6391402714932126 0.18518518518518517 0.6278087769567184 0.7311827956989247,578746.8670422483,0.6257142857142857,5845,15 7 2351 5851 9 7004 -68,0.35714285714285715 0.0 0.2990353697749196 0.22505027652086476 0.3333333333333333 0.31156688282310363 0.3225806451612903,360395.032699934,0.005714285714285714,6772
resolved-p7d-c21d-3600-all/resolved-p7d-c21d-3600-1st/nsp-n30-d28-r0.10-rp2-fp2-s2,0 0 0 0 0 104 -120,0.0 0.0 0.0 0.0 0.0 0.0 0.203125,0.203125,0.19523809523809524,288,0 0 0 0 0 125 -130,0.0 0.0 0.0 0.0 0.0 0.28378378378378377 0.046875,2.8847128378378377,0.1380952380952381,194,0 0 0 0 0 133 -123,0.0 0.0 0.0 0.0 0.0 0.3918918918918919 0.15625,4.075168918918919,0.13333333333333333,151.0,0 0 0 0 0 157 -98,0.0 0.0 0.0 0.0 0.0 0.7162162162162162 0.546875,7.709037162162162,0.06666666666666667,181,0 0 0 0 0 178 -113,0.0 0.0 0.0 0.0 0.0 1.0 0.3125,10.3125,0.2,36,0 0 0 0 0 158 -94,0.0 0.0 0.0 0.0 0.0 0.7297297297297297 0.609375,7.906672297297297,0.06666666666666667,154,0 0 0 0 0 157 -99,0.0 0.0 0.0 0.0 0.0 0.7162162162162162 0.53125,7.693412162162162,0.06666666666666667,141,0 0 0 0 0 148 -79,0.0 0.0 0.0 0.0 0.0 0.5945945945945946 0.84375,6.7896959459459465,0.35714285714285715,23,0 0 0 0 0 163 -82,0.0 0.0 0.0 0.0 0.0 0.7972972972972973 0.796875,8.769847972972972,0.06666666666666667,158,0 0 0 0 0 158 -90,0.0 0.0 0.0 0.0 0.0 0.7297297297297297 0.671875,7.969172297297297,0.06666666666666667,122,0 0 0 0 0 156 -133,0.0 0.0 0.0 0.0 0.0 0.7027027027027027 0.0,7.027027027027027,0.23809523809523808,32,0 0 0 0 0 155 -78,0.0 0.0 0.0 0.0 0.0 0.6891891891891891 0.859375,7.751266891891891,0.06666666666666667,107,0 0 0 0 0 155 -111,0.0 0.0 0.0 0.0 0.0 0.6891891891891891 0.34375,7.235641891891891,0.06666666666666667,208,0 0 0 0 0 150 -69,0.0 0.0 0.0 0.0 0.0 0.6216216216216216 1.0,7.216216216216216,0.5904761904761905,144,0 0 0 0 0 163 -108,0.0 0.0 0.0 0.0 0.0 0.7972972972972973 0.390625,8.363597972972972,0.06666666666666667,255,0 0 0 0 0 155 -111,0.0 0.0 0.0 0.0 0.0 0.6891891891891891 0.34375,7.235641891891891,0.06666666666666667,208,0 0 0 0 0 150 -69,0.0 0.0 0.0 0.0 0.0 0.6216216216216216 1.0,7.216216216216216,0.5904761904761905,144,0 0 0 0 0 163 -108,0.0 0.0 0.0 0.0 0.0 0.7972972972972973 0.390625,8.363597972972972,0.06666666666666667,255,0 0 0 0 0 159 -105,0.0 0.0 0.0 0.0 0.0 0.7432432432432432 0.4375,7.869932432432432,0.06666666666666667,74
resolved-p7d-c21d-3600-all/resolved-p7d-c21d-3600-1st/nsp-n10-d28-r0.10-rp0-fp0-s2,0 0 0 0 0 71 -43,0.0 0.0 0.0 0.0 0.0 0.0 0.0,0.0,0.34285714285714286,304,0 0 0 0 0 73 -38,0.0 0.0 0.0 0.0 0.0 0.07142857142857142 0.17857142857142858,0.8928571428571428,0.45714285714285713,228,0 0 0 0 0 72 -29,0.0 0.0 0.0 0.0 0.0 0.03571428571428571 0.5,0.8571428571428571,0.2571428571428571,208.0,0 0 0 0 0 90 -17,0.0 0.0 0.0 0.0 0.0 0.6785714285714286 0.9285714285714286,7.714285714285715,0.02857142857142857,287,0 0 0 0 0 99 -15,0.0 0.0 0.0 0.0 0.0 1.0 1.0,11.0,0.6428571428571429,37,0 0 0 0 0 93 -28,0.0 0.0 0.0 0.0 0.0 0.7857142857142857 0.5357142857142857,8.392857142857142,0.02857142857142857,64,0 0 0 0 0 97 -24,0.0 0.0 0.0 0.0 0.0 0.9285714285714286 0.6785714285714286,9.964285714285715,0.02857142857142857,159,0 0 0 0 0 94 -22,0.0 0.0 0.0 0.0 0.0 0.8214285714285714 0.75,8.964285714285714,0.2857142857142857,20,0 0 0 0 0 91 -24,0.0 0.0 0.0 0.0 0.0 0.7142857142857143 0.6785714285714286,7.821428571428572,0.02857142857142857,96,0 0 0 0 0 86 -21,0.0 0.0 0.0 0.0 0.0 0.5357142857142857 0.7857142857142857,6.142857142857142,0.02857142857142857,123,0 0 0 0 0 92 -21,0.0 0.0 0.0 0.0 0.0 0.75 0.7857142857142857,8.285714285714286,0.38571428571428573,85,0 0 0 0 0 90 -26,0.0 0.0 0.0 0.0 0.0 0.6785714285714286 0.6071428571428571,7.392857142857143,0.02857142857142857,207,0 0 0 0 0 91 -29,0.0 0.0 0.0 0.0 0.0 0.7142857142857143 0.5,7.642857142857143,0.02857142857142857,262,0 0 0 0 0 89 -23,0.0 0.0 0.0 0.0 0.0 0.6428571428571429 0.7142857142857143,7.142857142857143,0.5714285714285714,89,0 0 0 0 0 86 -22,0.0 0.0 0.0 0.0 0.0 0.5357142857142857 0.75,6.107142857142857,0.02857142857142857,287,0 0 0 0 0 91 -29,0.0 0.0 0.0 0.0 0.0 0.7142857142857143 0.5,7.642857142857143,0.02857142857142857,262,0 0 0 0 0 89 -23,0.0 0.0 0.0 0.0 0.0 0.6428571428571429 0.7142857142857143,7.142857142857143,0.5714285714285714,89,0 0 0 0 0 86 -21,0.0 0.0 0.0 0.0 0.0 0.5357142857142857 0.7857142857142857,6.142857142857142,0.02857142857142857,286,0 0 0 0 0 87 -27,0.0 0.0 0.0 0.0 0.0 0.5714285714285714 0.5714285714285714,6.285714285714285,0.02857142857142857,145
resolved-p7d-c21d-3600-all/resolved-p7d-c21d-3600-1st/nsp-n10-d28-r0.10-rp0-fp0-s3,0 0 0 0 0 73 -32,0.0 0.0 0.0 0.0 0.0 0.0 0.2631578947368421,0.2631578947368421,0.32857142857142857,264,0 0 0 0 0 76 -37,0.0 0.0 0.0 0.0 0.0 0.11538461538461539 0.0,1.153846153846154,0.3142857142857143,238,0 0 0 0 0 77 -35,0.0 0.0 0.0 0.0 0.0 0.15384615384615385 0.10526315789473684,1.6437246963562755,0.32857142857142857,242.0,0 0 0 0 0 97 -21,0.0 0.0 0.0 0.0 0.0 0.9230769230769231 0.8421052631578947,10.072874493927127,0.02857142857142857,122,0 0 0 0 0 96 -26,0.0 0.0 0.0 0.0 0.0 0.8846153846153846 0.5789473684210527,9.4251012145749,0.5285714285714286,69,0 0 0 0 0 99 -23,0.0 0.0 0.0 0.0 0.0 1.0 0.7368421052631579,10.736842105263158,0.02857142857142857,79,0 0 0 0 0 90 -28,0.0 0.0 0.0 0.0 0.0 0.6538461538461539 0.47368421052631576,7.012145748987854,0.02857142857142857,127,0 0 0 0 0 92 -18,0.0 0.0 0.0 0.0 0.0 0.7307692307692307 1.0,8.307692307692307,0.4857142857142857,86,0 0 0 0 0 91 -23,0.0 0.0 0.0 0.0 0.0 0.6923076923076923 0.7368421052631579,7.659919028340081,0.02857142857142857,161,0 0 0 0 0 93 -29,0.0 0.0 0.0 0.0 0.0 0.7692307692307693 0.42105263157894735,8.11336032388664,0.02857142857142857,211,0 0 0 0 0 95 -24,0.0 0.0 0.0 0.0 0.0 0.8461538461538461 0.6842105263157895,9.145748987854251,0.37142857142857144,30,0 0 0 0 0 99 -26,0.0 0.0 0.0 0.0 0.0 1.0 0.5789473684210527,10.578947368421053,0.02857142857142857,171,0 0 0 0 0 91 -30,0.0 0.0 0.0 0.0 0.0 0.6923076923076923 0.3684210526315789,7.291497975708502,0.02857142857142857,226,0 0 0 0 0 97 -28,0.0 0.0 0.0 0.0 0.0 0.9230769230769231 0.47368421052631576,9.704453441295547,0.32857142857142857,66,0 0 0 0 0 87 -33,0.0 0.0 0.0 0.0 0.0 0.5384615384615384 0.21052631578947367,5.595141700404858,0.02857142857142857,311,0 0 0 0 0 91 -30,0.0 0.0 0.0 0.0 0.0 0.6923076923076923 0.3684210526315789,7.291497975708502,0.02857142857142857,226,0 0 0 0 0 97 -28,0.0 0.0 0.0 0.0 0.0 0.9230769230769231 0.47368421052631576,9.704453441295547,0.32857142857142857,66,0 0 0 0 0 87 -33,0.0 0.0 0.0 0.0 0.0 0.5384615384615384 0.21052631578947367,5.595141700404858,0.02857142857142857,311,0 0 0 0 0 94 -26,0.0 0.0 0.0 0.0 0.0 0.8076923076923077 0.5789473684210527,8.65587044534413,0.02857142857142857,214
resolved-p7d-c21d-3600-all/resolved-p7d-c21d-3600-1st/nsp-n20-d28-r0.10-rp2-fp2-s6,0 0 143 347 5 687 -10,0.0 0.0 0.07625272331154684 0.18231046931407943 0.11904761904761904 0.12371134020618557 0.24175824175824176,958.2213359781298,0.014285714285714285,14700,0 0 145 586 4 708 -23,0.0 0.0 0.08061002178649238 0.32611311672683513 0.09523809523809523 0.14339268978444236 0.0989010989010989,1143.2699721123138,0.014285714285714285,14413,0 0 142 349 5 687 -13,0.0 0.0 0.07407407407407407 0.18351383874849578 0.11904761904761904 0.12371134020618557 0.2087912087912088,937.6052460048514,0.014285714285714285,14735.0,0 1 176 119 2 881 -16,0.0 0.012195121951219513 0.14814814814814814 0.04512635379061372 0.047619047619047616 0.3055295220243674 0.17582417582417584,2754.1130545520186,0.014285714285714285,14931,0 60 266 502 41 1022 44,0.0 0.7317073170731707 0.3442265795206972 0.27557160048134777 0.9761904761904762 0.43767572633552015 0.8351648351648352,76991.40007272296,0.5142857142857142,14305,0 78 297 385 32 955 43,0.0 0.9512195121951219 0.4117647058823529 0.20517448856799037 0.7619047619047619 0.37488284910965325 0.8241758241758241,99525.53624740946,0.6,12919,0 0 174 110 2 885 -30,0.0 0.0 0.1437908496732026 0.039711191335740074 0.047619047619047616 0.30927835051546393 0.02197802197802198,1485.4963543568035,0.014285714285714285,15499,0 56 263 533 42 1107 51,0.0 0.6829268292682927 0.33769063180827885 0.29422382671480146 1.0 0.5173383317713215 0.9120879120879121,72069.89854285667,0.5142857142857142,15012,0 82 281 401 32 882 30,0.0 1.0 0.3769063180827887 0.2148014440433213 0.7619047619047619 0.3064667291471415 0.6813186813186813,104063.80108703447,0.4857142857142857,11543,0 0 175 112 2 898 -25,0.0 0.0 0.14596949891067537 0.04091456077015644 0.047619047619047616 0.32146204311152765 0.07692307692307693,1508.6629981468532,0.014285714285714285,15279,0 56 285 513 42 1087 45,0.0 0.6829268292682927 0.38562091503267976 0.2821901323706378 1.0 0.4985941893158388 0.8461538461538461,72536.91430526602,0.5142857142857142,14605,0 82 283 413 31 900 26,0.0 1.0 0.3812636165577342 0.22202166064981949 0.7380952380952381 0.3233364573570759 0.6373626373626373,104112.33807724762,0.4857142857142857,11077,0 34 567 1691 13 1622 28,0.0 0.4146341463414634 1.0 0.9909747292418772 0.30952380952380953 1.0 0.6593406593406593,52496.00108499994,0.4785714285714286,15407,0 1 286 865 8 1377 59,0.0 0.012195121951219513 0.3877995642701525 0.49398315282791816 0.19047619047619047 0.7703842549203374 1.0,5619.242452248217,0.6214285714285714,14160,0 1 367 1706 2 1434 14,0.0 0.012195121951219513 0.5642701525054467 1.0 0.047619047619047616 0.823805060918463 0.5054945054945055,7875.719170053001,0.5357142857142857,15339,0 34 559 1684 13 1594 29,0.0 0.4146341463414634 0.9825708061002179 0.98676293622142 0.30952380952380953 0.9737582005623243 0.6703296703296703,52317.24592399827,0.4785714285714286,16137,0 1 282 708 8 1357 56,0.0 0.012195121951219513 0.3790849673202614 0.39951865222623345 0.19047619047619047 0.7516401124648547 0.967032967032967,5437.411573690099,0.6214285714285714,15027,0 2 304 1704 2 1432 18,0.0 0.024390243902439025 0.42701525054466233 0.9987966305655837 0.047619047619047616 0.8219306466729147 0.5494505494505495,7721.504188034193,0.5357142857142857,15152,0 0 108 44 0 555 -32,0.0 0.0 0.0 0.0 0.0 0.0 0.0,0.0,0.014285714285714285,17941
resolved-p7d-c21d-3600-all/resolved-p7d-c21d-3600-1st/nsp-n30-d28-r0.10-rp2-fp2-s8,10 186 157 196 30 689 -19,0.9090909090909091 0.3772819472616633 0.0677731673582296 0.0 0.3561643835616438 0.07113163972286374 0.09433962264150944,947533.2575850338,0.009523809523809525,13435,10 197 188 203 27 710 -17,0.9090909090909091 0.3995943204868154 0.11065006915629322 0.0027537372147915028 0.3150684931506849 0.08083140877598152 0.11320754716981132,950192.0239393184,0.009523809523809525,11085,10 191 160 205 30 690 -11,0.9090909090909091 0.38742393509127787 0.07192254495159059 0.0035405192761605035 0.3561643835616438 0.07159353348729793 0.16981132075471697,948592.5707538407,0.009523809523809525,12110.0,10 215 337 338 50 775 -9,0.9090909090909091 0.43610547667342797 0.31673582295988933 0.05586152635719906 0.6301369863013698 0.11085450346420324 0.18867924528301888,955988.987437118,0.009523809523809525,5597,2 449 571 982 67 1053 -29,0.18181818181818182 0.9107505070993914 0.640387275242047 0.3092053501180173 0.863013698630137 0.23926096997690532 0.0,279695.00461022224,0.28095238095238095,2610,6 407 405 625 35 1176 -16,0.5454545454545454 0.8255578093306288 0.4107883817427386 0.16876475216365067 0.4246575342465753 0.29607390300230946 0.12264150943396226,632332.5240911634,0.14285714285714285,6569,5 206 376 469 72 801 -24,0.45454545454545453 0.4178498985801217 0.3706777316735823 0.1073957513768686 0.9315068493150684 0.12286374133949192 0.04716981132075472,500239.04396373563,0.009523809523809525,5280,4 493 831 1183 77 1339 1,0.36363636363636365 1.0 1.0 0.3882769472856019 1.0 0.3713625866050808 0.2830188679245283,474128.6372283832,0.638095238095238,2334,11 214 108 269 25 671 -28,1.0 0.4340770791075051 0.0 0.028717545239968528 0.2876712328767123 0.0628175519630485 0.009433962264150943,1043465.8301887601,0.02857142857142857,13624,8 288 320 326 57 854 4,0.7272727272727273 0.5841784989858012 0.29322268326417705 0.05114083398898505 0.726027397260274 0.14734411085450347 0.3113207547169811,788748.3323395274,0.009523809523809525,5685,7 443 516 707 64 891 -2,0.6363636363636364 0.8985801217038539 0.5643153526970954 0.2010228166797797 0.821917808219178 0.16443418013856814 0.25471698113207547,732149.9157172769,0.19523809523809524,5845,10 413 441 430 35 1098 6,0.9090909090909091 0.8377281947261663 0.4605809128630705 0.0920535011801731 0.4246575342465753 0.2600461893764434 0.330188679245283,997606.9875973342,0.23809523809523808,6096,5 2 358 352 14 1323 -10,0.45454545454545453 0.004056795131845842 0.3457814661134163 0.06136900078678206 0.136986301369863 0.3639722863741339 0.1792452830188679,458487.83531884383,0.009523809523809525,5993,0 0 602 2738 4 2700 65,0.0 0.0 0.6832641770401107 1.0 0.0 1.0 0.8867924528301887,7843.528562853937,0.6571428571428571,5259,0 0 557 2680 12 2457 48,0.0 0.0 0.6210235131396957 0.977183320220299 0.1095890410958904 0.8877598152424943 0.7264150943396226,7207.98136897361,0.5714285714285714,4813,5 2 290 352 13 1179 -2,0.45454545454545453 0.004056795131845842 0.2517289073305671 0.06136900078678206 0.1232876712328767 0.29745958429561203 0.25471698113207547,457545.35021267895,0.009523809523809525,6795,0 0 513 1992 8 2370 77,0.0 0.0 0.5601659751037344 0.7065302911093627 0.0547945205479452 0.8475750577367206 1.0,6323.14524477887,0.6571428571428571,5777,0 0 543 2570 12 2409 55,0.0 0.0 0.6016597510373444 0.933910306845004 0.1095890410958904 0.8655889145496536 0.7924528301886793,6970.915063303722,0.5714285714285714,4975,10 208 111 206 16 535 -20,0.9090909090909091 0.42190669371196754 0.004149377593360996 0.003933910306845004 0.1643835616438356 0.0 0.08490566037735849,951343.529410171,0.009523809523809525,14544
resolved-p7d-c21d-3600-all/resolved-p7d-c21d-3600-1st/nsp-n20-d28-r0.10-rp2-fp2-s9,0 0 0 0 0 62 -57,0.0 0.0 0.0 0.0 0.0 0.0 0.0,0.0,0.2642857142857143,230,0 0 0 0 0 70 -33,0.0 0.0 0.0 0.0 0.0 0.2962962962962963 0.5106382978723404,3.473601260835303,0.2642857142857143,181,0 0 0 0 0 74 -10,0.0 0.0 0.0 0.0 0.0 0.4444444444444444 1.0,5.444444444444445,0.15714285714285714,155.0,0 0 0 0 0 89 -14,0.0 0.0 0.0 0.0 0.0 1.0 0.9148936170212766,10.914893617021276,0.10714285714285714,350,0 0 0 0 0 74 -15,0.0 0.0 0.0 0.0 0.0 0.4444444444444444 0.8936170212765957,5.33806146572104,0.32142857142857145,52,0 0 0 0 0 82 -23,0.0 0.0 0.0 0.0 0.0 0.7407407407407407 0.723404255319149,8.130811662726556,0.10714285714285714,133,0 0 0 0 0 81 -28,0.0 0.0 0.0 0.0 0.0 0.7037037037037037 0.6170212765957447,7.654058313632782,0.10714285714285714,250,0 0 0 0 0 86 -13,0.0 0.0 0.0 0.0 0.0 0.8888888888888888 0.9361702127659575,9.825059101654848,0.37142857142857144,48,0 0 0 0 0 80 -24,0.0 0.0 0.0 0.0 0.0 0.6666666666666666 0.7021276595744681,7.368794326241134,0.10714285714285714,206,0 0 0 0 0 89 -33,0.0 0.0 0.0 0.0 0.0 1.0 0.5106382978723404,10.51063829787234,0.10714285714285714,224,0 0 0 0 0 86 -12,0.0 0.0 0.0 0.0 0.0 0.8888888888888888 0.9574468085106383,9.846335697399528,0.2571428571428571,44,0 0 0 0 0 89 -28,0.0 0.0 0.0 0.0 0.0 1.0 0.6170212765957447,10.617021276595745,0.10714285714285714,321,0 0 0 0 0 72 -38,0.0 0.0 0.0 0.0 0.0 0.37037037037037035 0.40425531914893614,4.107959022852639,0.10714285714285714,326,0 0 0 0 0 81 -26,0.0 0.0 0.0 0.0 0.0 0.7037037037037037 0.6595744680851063,7.696611505122144,0.5928571428571429,163,0 0 0 0 0 82 -23,0.0 0.0 0.0 0.0 0.0 0.7407407407407407 0.723404255319149,8.130811662726556,0.10714285714285714,393,0 0 0 0 0 72 -38,0.0 0.0 0.0 0.0 0.0 0.37037037037037035 0.40425531914893614,4.107959022852639,0.10714285714285714,326,0 0 0 0 0 81 -26,0.0 0.0 0.0 0.0 0.0 0.7037037037037037 0.6595744680851063,7.696611505122144,0.5928571428571429,163,0 0 0 0 0 82 -14,0.0 0.0 0.0 0.0 0.0 0.7407407407407407 0.9148936170212766,8.322301024428683,0.10714285714285714,390,0 0 0 0 0 88 -22,0.0 0.0 0.0 0.0 0.0 0.9629629629629629 0.7446808510638298,10.37431048069346,0.10714285714285714,172
resolved-p7d-c21d-3600-all/resolved-p7d-c21d-3600-1st/nsp-n50-d28-r0.10-rp2-fp2-s5,7 283 115 200 14 1154 -74,0.18421052631578946 0.3892709766162311 0.0 0.0 0.09302325581395349 0.0 0.0,223146.92630299396,0.037142857142857144,5543,30 380 358 343 57 1249 27,0.7894736842105263 0.5226960110041265 0.09020044543429843 0.013665902140672783 0.4263565891472868 0.011948182618538548 0.45701357466063347,842702.1678217382,0.011428571428571429,7622,30 379 404 373 59 1283 31,0.7894736842105263 0.5213204951856947 0.107275426874536 0.016532874617737003 0.4418604651162791 0.01622437429254182 0.4751131221719457,842739.8442758356,0.011428571428571429,7686.0,36 353 232 256 53 1865 -20,0.9473684210526315 0.4855570839064649 0.043429844097995544 0.005351681957186544 0.3953488372093023 0.08942271412400955 0.24434389140271492,996404.4530209688,0.011428571428571429,2821,30 681 1733 934 131 2601 47,0.7894736842105263 0.936726272352132 0.6005939123979213 0.07014525993883793 1.0 0.18198968683184505 0.5475113122171946,889324.763237838,0.32285714285714284,2199,38 472 472 469 43 1461 2,1.0 0.6492434662998624 0.13251670378619154 0.02570718654434251 0.3178294573643411 0.03861149540938247 0.3438914027149321,1066307.7338064858,0.19714285714285715,4871,33 403 804 463 59 1955 1,0.868421052631579 0.5543328748280605 0.25575352635486265 0.025133792048929664 0.4418604651162791 0.10074204502578292 0.3393665158371041,926482.5420034603,0.011428571428571429,2461,32 607 635 626 75 1714 32,0.8421052631578947 0.8349381017881705 0.19302152932442465 0.040711009174311925 0.5658914728682171 0.07043139227770091 0.4796380090497738,927627.7727383489,0.14285714285714285,1650,34 623 525 653 70 1408 4,0.8947368421052632 0.8569463548830811 0.15219005196733482 0.04329128440366972 0.5271317829457365 0.03194566721167149 0.35294117647058826,982050.0549737915,0.09714285714285714,3284,26 447 559 712 82 1794 23,0.6842105263157895 0.6148555708390646 0.16481069042316257 0.04892966360856269 0.6201550387596899 0.0804930197459439 0.43891402714932126,747456.3793156367,0.011428571428571429,3234,32 652 916 733 54 1928 11,0.8421052631578947 0.8968363136176066 0.2973273942093541 0.05093654434250765 0.40310077519379844 0.09734624575525092 0.38461538461538464,934854.773161453,0.26571428571428574,3164,37 727 1268 1094 80 2307 15,0.9736842105263158 1.0 0.4279881217520416 0.08543577981651376 0.6046511627906976 0.14501320588605207 0.40271493212669685,1078111.845486923,0.29714285714285715,400,14 42 1847 2977 5 5571 19,0.3684210526315789 0.0577716643741403 0.6429101707498144 0.2653860856269113 0.023255813953488372 0.555527606590366 0.42081447963800905,380901.0085340589,0.011428571428571429,4121,0 0 1812 3521 117 6276 147,0.0 0.0 0.6299183370452858 0.3173738532110092 0.8914728682170543 0.6441956986542573 1.0,6713.146467472116,0.6257142857142857,2554,0 0 2809 10664 4 9105 23,0.0 0.0 1.0 1.0 0.015503875968992248 1.0 0.43891402714932126,11011.98930162405,0.6285714285714286,1976,18 52 2374 4339 2 6342 -24,0.47368421052631576 0.07152682255845942 0.8385300668151447 0.3955466360856269 0.0 0.6524965413155578 0.22624434389140272,489624.49129615584,0.011428571428571429,2633,0 0 1840 3537 113 6273 146,0.0 0.0 0.6403118040089086 0.31890290519877673 0.8604651162790697 0.6438183876241982 0.995475113122172,6815.501115905134,0.6257142857142857,2510,0 0 2582 9477 5 8708 27,0.0 0.0 0.9157386785449146 0.8865634556574924 0.023255813953488372 0.9500691736888441 0.45701357466063347,10056.233527813538,0.6285714285714286,2436,33 352 227 421 44 1699 14,0.868421052631579 0.48418156808803303 0.041573867854491464 0.021120030581039756 0.32558139534883723 0.06854483712740536 0.39819004524886875,917309.7099274596,0.011428571428571429,7907
resolved-p7d-c21d-3600-all/resolved-p7d-c21d-3600-1st/nsp-n50-d28-r0.10-rp2-fp2-s2,2 32 1852 7013 53 6407 -82,0.0 0.0405982905982906 0.0 0.6855900471071386 0.31756756756756754 0.34044117647058825 0.0,4780.580275457662,0.13142857142857142,4347,16 49 3554 6304 53 8839 -19,0.9333333333333333 0.07692307692307693 1.0 0.5999516849861094 0.31756756756756754 0.9365196078431373 0.2889908256880734,951667.003654288,0.005714285714285714,6667,16 49 3554 6059 53 8848 -22,0.9333333333333333 0.07692307692307693 1.0 0.5703587389781375 0.31756756756756754 0.9387254901960784 0.27522935779816515,951637.4190056357,0.005714285714285714,6703.0,13 50 2928 3873 50 8788 83,0.7333333333333333 0.07905982905982906 0.6321974148061105 0.30631718806619157 0.2972972972972973 0.9240196078431373 0.7568807339449541,747907.3343819856,0.005714285714285714,4598,7 440 2610 1340 126 5018 119,0.3333333333333333 0.9123931623931624 0.44535840188014103 0.0003623626041792487 0.8108108108108109 0.0 0.9220183486238532,429108.59905348485,0.16,1072,5 481 2621 1337 154 5101 136,0.2 1.0 0.4518213866039953 0.0 1.0 0.02034313725490196 1.0,304619.4172974125,0.21142857142857144,1640,13 50 2929 3911 49 8807 101,0.7333333333333333 0.07905982905982906 0.6327849588719154 0.3109071143857954 0.2905405405405405 0.9286764705882353 0.8394495412844036,747917.2532107224,0.005714285714285714,4500,7 440 2611 1340 126 5018 119,0.3333333333333333 0.9123931623931624 0.44594594594594594 0.0003623626041792487 0.8108108108108109 0.0 0.9220183486238532,429114.47449414287,0.16,1071,6 451 2588 1392 142 5160 104,0.26666666666666666 0.9358974358974359 0.43243243243243246 0.006643314409952893 0.918918918918919 0.03480392156862745 0.8532110091743119,364680.4710372613,0.09714285714285714,1637,13 50 2928 3876 50 8788 99,0.7333333333333333 0.07905982905982906 0.6321974148061105 0.30667955067037084 0.2972972972972973 0.9240196078431373 0.8302752293577982,747907.7701390851,0.005714285714285714,4562,7 440 2610 1340 126 5018 119,0.3333333333333333 0.9123931623931624 0.44535840188014103 0.0003623626041792487 0.8108108108108109 0.0 0.9220183486238532,429108.59905348485,0.16,1072,5 481 2621 1337 154 5101 136,0.2 1.0 0.4518213866039953 0.0 1.0 0.02034313725490196 1.0,304619.4172974125,0.21142857142857144,1640,16 13 3068 9370 6 9098 9,0.9333333333333333 0.0 0.7144535840188014 0.9702862664573016 0.0 1.0 0.41743119266055045,941458.5728711714,0.62,5201,16 22 3309 9616 17 8769 55,0.9333333333333333 0.019230769230769232 0.8560517038777908 1.0 0.07432432432432433 0.9193627450980392 0.6284403669724771,944834.1817954386,0.7114285714285714,4323,5 43 2783 7733 71 8365 66,0.2 0.0641025641025641 0.5470035252643948 0.7725570721101582 0.4391891891891892 0.8203431372549019 0.6788990825688074,212705.64998438454,0.7457142857142857,5545,17 13 3068 9580 6 9093 3,1.0 0.0 0.7144535840188014 0.995651648749849 0.0 0.9987745098039216 0.38990825688073394,1008150.5651422928,0.62,5136,11 23 2831 7215 30 8198 104,0.6 0.021367521367521368 0.5752056404230317 0.7099891291218746 0.16216216216216217 0.7794117647058824 0.8532110091743119,608623.6612149768,0.7057142857142857,5290,5 42 2779 7726 73 8340 72,0.2 0.06196581196581197 0.5446533490011751 0.7717115593670734 0.4527027027027027 0.8142156862745098 0.7064220183486238,212468.94509511138,0.7457142857142857,5604,17 46 3305 7179 48 8721 -61,1.0 0.07051282051282051 0.8537015276145711 0.7056407778717236 0.28378378378378377 0.9075980392156863 0.0963302752293578,1016331.4887943453,0.005714285714285714,8790
resolved-p7d-c21d-3600-all/resolved-p7d-c21d-3600-1st/nsp-n20-d28-r0.10-rp2-fp2-s8,2 1 263 1020 23 1290 51,0.25 0.0 0.4156769596199525 1.0 0.008620689655172414 0.6156615661566157 0.7837837837837838,255164.5720646104,0.02142857142857143,17358,2 1 263 1014 23 1289 55,0.25 0.0 0.4156769596199525 0.9933628318584071 0.008620689655172414 0.6147614761476148 0.8918918918918919,255158.03400367682,0.02142857142857143,17621,2 1 263 1020 23 1300 52,0.25 0.0 0.4156769596199525 1.0 0.008620689655172414 0.6246624662466247 0.8108108108108109,255164.68910063832,0.02142857142857143,17258.0,2 1 142 194 23 796 55,0.25 0.0 0.12826603325415678 0.08628318584070796 0.008620689655172414 0.171017101710171 0.8918918918918919,251372.4076502568,0.02142857142857143,8642,0 1 418 300 121 1717 38,0.0 0.0 0.7838479809976246 0.20353982300884957 0.853448275862069 1.0 0.43243243243243246,8137.796893003735,0.4357142857142857,8350,0 1 89 162 27 811 22,0.0 0.0 0.0023752969121140144 0.05088495575221239 0.04310344827586207 0.1845184518451845 0.0,80.79345421939058,0.4714285714285714,8699,2 1 141 173 22 796 59,0.25 0.0 0.12589073634204276 0.06305309734513274 0.0 0.171017101710171 1.0,251324.67063178268,0.02142857142857143,8890,0 1 420 319 138 1714 43,0.0 0.0 0.7885985748218527 0.2245575221238938 1.0 0.9972997299729973 0.5675675675675675,8221.083835209718,0.5214285714285715,8147,0 1 89 168 26 803 28,0.0 0.0 0.0023752969121140144 0.05752212389380531 0.034482758620689655 0.1773177317731773 0.16216216216216217,86.65870835690835,0.4714285714285714,8610,2 1 142 184 22 794 56,0.25 0.0 0.12826603325415678 0.0752212389380531 0.0 0.1692169216921692 0.918918918918919,251360.49265961547,0.02142857142857143,8705,0 1 418 300 121 1717 39,0.0 0.0 0.7838479809976246 0.20353982300884957 0.853448275862069 1.0 0.4594594594594595,8137.823920030763,0.4357142857142857,8348,0 1 88 187 44 926 26,0.0 0.0 0.0 0.07853982300884955 0.1896551724137931 0.28802880288028804 0.10810810810810811,100.49373638713985,0.17142857142857143,8792,3 92 308 242 50 789 45,0.375 0.4252336448598131 0.5225653206650831 0.13938053097345132 0.2413793103448276 0.16471647164716471 0.6216216216216216,422914.8049409782,0.02142857142857143,8045,2 206 509 272 75 712 54,0.25 0.9579439252336449 1.0 0.17256637168141592 0.45689655172413796 0.09540954095409541 0.8648648648648649,356014.4675104927,0.7428571428571429,16148,8 201 375 272 69 630 42,1.0 0.9345794392523364 0.6817102137767221 0.17256637168141592 0.4051724137931034 0.021602160216021602 0.5405405405405406,1100488.8862382043,0.7785714285714286,16326,2 127 318 239 64 769 33,0.25 0.5887850467289719 0.5463182897862233 0.13606194690265486 0.3620689655172414 0.1467146714671467 0.2972972972972973,314515.7208582258,0.02142857142857143,8568,2 215 482 261 84 720 53,0.25 1.0 0.9358669833729216 0.16039823008849557 0.5344827586206896 0.10261026102610261 0.8378378378378378,359574.38028012787,0.6928571428571428,15492,8 199 374 285 73 606 45,1.0 0.9252336448598131 0.6793349168646081 0.18694690265486727 0.4396551724137931 0.0 0.6216216216216216,1099548.2476961452,0.7571428571428571,16657,2 1 222 116 28 1097 47,0.25 0.0 0.3182897862232779 0.0 0.05172413793103448 0.44194419441944194 0.6756756756756757,253193.16539364576,0.02142857142857143,18182
resolved-p7d-c21d-3600-all/resolved-p7d-c21d-3600-1st/nsp-n40-d28-r0.10-rp2-fp2-s7,11 9 854 1825 11 3362 -20,0.9166666666666666 0.015345268542199489 0.1423570595099183 0.1916153481762198 0.012578616352201259 0.3482109922537809 0.15483870967741936,919821.2742744294,0.010714285714285714,9150,11 9 854 1825 11 3366 -18,0.9166666666666666 0.015345268542199489 0.1423570595099183 0.1916153481762198 0.012578616352201259 0.34968646255994096 0.16774193548387098,919821.3019323583,0.010714285714285714,9133,11 9 815 1713 12 3295 -44,0.9166666666666666 0.015345268542199489 0.09684947491248541 0.1650876361913785 0.018867924528301886 0.3234968646255994 0.0,919339.8976673019,0.010714285714285714,9643.0,12 14 931 2050 10 3465 11,1.0 0.028132992327365727 0.2322053675612602 0.24490762671719565 0.006289308176100629 0.38620435263740316 0.3548387096774194,1005385.10634812,0.010714285714285714,7190,8 330 953 1322 30 2425 43,0.6666666666666666 0.8363171355498721 0.25787631271878647 0.07247749881572714 0.1320754716981132 0.0025820730357801547 0.5612903225806452,752963.4155058801,0.125,850,10 394 1084 1334 43 2724 57,0.8333333333333334 1.0 0.41073512252042005 0.07531975367124585 0.2138364779874214 0.11287347842124677 0.6516129032258065,937539.168307695,0.23214285714285715,1226,12 14 924 2047 11 3472 24,1.0 0.028132992327365727 0.22403733955659277 0.24419706300331595 0.012578616352201259 0.38878642567318333 0.43870967741935485,1005303.4541268751,0.010714285714285714,7259,8 329 948 1323 30 2418 42,0.6666666666666666 0.8337595907928389 0.25204200700116686 0.07271435338702037 0.1320754716981132 0.0 0.5548387096774193,752649.5225552287,0.125,870,10 394 1084 1333 43 2725 57,0.8333333333333334 1.0 0.41073512252042005 0.07508289909995262 0.2138364779874214 0.11324234599778679 0.6516129032258065,937538.9351417995,0.23214285714285715,1227,12 14 928 2051 11 3485 10,1.0 0.028132992327365727 0.22870478413068845 0.24514448128848887 0.012578616352201259 0.3935817041682036 0.34838709677419355,1005351.0336211056,0.010714285714285714,7198,9 262 955 1724 32 2742 67,0.75 0.6624040920716112 0.2602100350058343 0.167693036475604 0.14465408805031446 0.11951309479896717 0.7161290322580646,819026.5792624804,0.25357142857142856,802,10 394 1084 1334 43 2724 57,0.8333333333333334 1.0 0.41073512252042005 0.07531975367124585 0.2138364779874214 0.11287347842124677 0.6516129032258065,937539.168307695,0.23214285714285715,1226,3 30 1419 5238 29 5120 107,0.25 0.06905370843989769 0.8016336056009334 1.0 0.12578616352201258 0.9966801918111398 0.9741935483870968,265945.2265118178,0.6,6699,0 3 1517 2239 168 4540 72,0.0 0.0 0.9159859976662778 0.28967314069161537 1.0 0.782736997417927 0.7483870967741936,9558.108874425347,0.6928571428571428,8321,0 6 1131 3023 25 4089 34,0.0 0.0076726342710997444 0.46557759626604434 0.4753671245855045 0.10062893081761007 0.616377720398377 0.5032258064516129,5915.136410448118,0.6214285714285714,7503,7 35 1473 5200 29 5129 111,0.5833333333333334 0.08184143222506395 0.8646441073512252 0.9909995262908574 0.12578616352201258 1.0 1.0,601178.495771995,0.5964285714285714,6841,0 5 1589 2424 168 4609 77,0.0 0.005115089514066497 1.0 0.33349123638086214 1.0 0.8081888601991885 0.7806451612903226,10953.862721550793,0.6964285714285714,7356,0 10 1282 4286 9 4770 37,0.0 0.017902813299232736 0.6417736289381564 0.7745144481288488 0.0 0.867576540022132 0.5225806451612903,8991.730413479068,0.625,6154,11 6 732 1016 20 2778 -26,0.9166666666666666 0.0076726342710997444 0.0 0.0 0.06918238993710692 0.13279232755440798 0.11612903225806452,917442.2923850782,0.010714285714285714,9079
resolved-p7d-c21d-3600-all/resolved-p7d-c21d-3600-1st/nsp-n50-d28-r0.10-rp2-fp2-s4,3 62 1323 1361 50 4054 84,0.0 0.16776315789473684 0.0 0.0036870951669157946 0.7894736842105263 0.0 0.3076923076923077,16859.257945369343,0.04285714285714286,5951,8 72 1463 1325 62 4304 52,0.4166666666666667 0.20065789473684212 0.07345225603357818 9.96512207274539e-05 1.0 0.04700131603684903 0.11834319526627218,437567.66670826304,0.03142857142857143,7154,8 72 1458 1324 62 4313 61,0.4166666666666667 0.20065789473684212 0.0708289611752361 0.0 1.0 0.0486933634141756 0.17159763313609466,437541.40428337053,0.03142857142857143,7373.0,10 35 2045 4457 11 5868 74,0.5833333333333334 0.07894736842105263 0.378803777544596 0.3122072745391131 0.10526315789473684 0.3410415491633766 0.2485207100591716,595342.5004774149,0.03142857142857143,7097,15 315 1919 4646 8 5456 62,1.0 1.0 0.3126967471143757 0.3310413552566019 0.05263157894736842 0.2635833803346494 0.17751479289940827,1103466.0853328914,0.22857142857142856,807,15 308 1727 5278 7 5173 39,1.0 0.9769736842105263 0.21196222455403987 0.39402092675635275 0.03508771929824561 0.21037789058093626 0.04142011834319527,1100216.6655643033,0.16285714285714287,855,10 37 1975 4873 10 6030 67,0.5833333333333334 0.08552631578947369 0.34207764952780695 0.3536621823617339 0.08771929824561403 0.37149840195525474 0.20710059171597633,595673.0976043564,0.03142857142857143,6805,15 315 1918 4646 8 5456 62,1.0 1.0 0.31217208814270725 0.3310413552566019 0.05263157894736842 0.2635833803346494 0.17751479289940827,1103460.8387431747,0.22857142857142856,808,15 308 1727 5261 7 5172 41,1.0 0.9769736842105263 0.21196222455403987 0.39232685600398604 0.03508771929824561 0.21018988531678887 0.05325443786982249,1100214.9814478178,0.16285714285714287,856,10 35 2034 4460 11 5830 81,0.5833333333333334 0.07894736842105263 0.37303252885624344 0.3125062282012955 0.10526315789473684 0.3338973491257755 0.28994082840236685,595285.0569223115,0.03142857142857143,7171,15 315 1919 4646 8 5456 62,1.0 1.0 0.3126967471143757 0.3310413552566019 0.05263157894736842 0.2635833803346494 0.17751479289940827,1103466.0853328914,0.22857142857142856,807,15 308 1727 5278 7 5173 39,1.0 0.9769736842105263 0.21196222455403987 0.39402092675635275 0.03508771929824561 0.21037789058093626 0.04142011834319527,1100216.6655643033,0.16285714285714287,855,12 32 3229 11300 6 9373 59,0.75 0.06907894736842106 1.0 0.9941205779770802 0.017543859649122806 1.0 0.15976331360946747,767913.9294640977,0.6,5943,9 22 3055 10701 54 8975 47,0.5 0.03618421052631579 0.9087093389296957 0.9344294967613354 0.8596491228070176 0.9251739048693364 0.08875739644970414,513735.2493474157,0.6828571428571428,3876,3 49 2459 7439 24 8421 195,0.0 0.125 0.5960125918153201 0.6093672147483806 0.3333333333333333 0.8210189885316789 0.9644970414201184,19112.00115316165,0.6628571428571428,4893,12 31 3150 11242 5 9253 57,0.75 0.06578947368421052 0.9585519412381952 0.9883408071748879 0.0 0.9774393683023125 0.14792899408284024,767162.729910655,0.6,6154,10 21 3044 11359 54 9003 42,0.5833333333333334 0.03289473684210526 0.9029380902413431 1.0 0.8596491228070176 0.9304380522654634 0.05917159763313609,596747.5163843583,0.6828571428571428,3789,3 49 2465 7599 22 8446 201,0.0 0.125 0.5991605456453305 0.6253114100647733 0.2982456140350877 0.8257191201353637 1.0,19155.99861912294,0.6628571428571428,4867,11 11 1877 4804 21 6144 32,0.6666666666666666 0.0 0.2906610703043022 0.34678624813153963 0.2807017543859649 0.3929310020680579 0.0,669952.0631033005,0.03142857142857143,8651
resolved-p7d-c21d-3600-all/resolved-p7d-c21d-3600-1st/nsp-n20-d28-r0.10-rp2-fp2-s1,0 1 167 267 2 827 20,0.0 0.0051813471502590676 0.2229965156794425 0.3704819277108434 0.0 0.6560364464692483 0.36904761904761907,3125.5112116149153,0.05,9470,3 0 141 21 2 699 -11,0.3333333333333333 0.0 0.13240418118466898 0.0 0.0 0.36446469248291574 0.0,334661.01979210484,0.014285714285714285,14811,3 0 150 57 2 727 -4,0.3333333333333333 0.0 0.16376306620209058 0.05421686746987952 0.0 0.428246013667426 0.08333333333333333,335029.5466562941,0.014285714285714285,14403.0,3 5 124 504 2 631 17,0.3333333333333333 0.025906735751295335 0.07317073170731707 0.7274096385542169 0.0 0.20956719817767655 0.3333333333333333,337385.55286940536,0.014285714285714285,8658,0 119 374 233 40 978 42,0.0 0.616580310880829 0.9442508710801394 0.3192771084337349 0.5205479452054794 1.0 0.6309523809523809,71482.50265421953,0.6928571428571428,4924,0 120 258 271 32 807 40,0.0 0.6217616580310881 0.5400696864111498 0.37650602409638556 0.410958904109589 0.6104783599088838 0.6071428571428571,68001.17650818388,0.5928571428571429,12847,3 3 103 388 2 539 29,0.3333333333333333 0.015544041450777202 0.0 0.552710843373494 0.0 0.0 0.47619047619047616,335440.9245122607,0.014285714285714285,10014,0 121 375 234 43 923 43,0.0 0.6269430051813472 0.9477351916376306 0.3207831325301205 0.5616438356164384 0.8747152619589977 0.6428571428571429,72557.98996036523,0.6357142857142857,4761,0 122 263 283 31 811 41,0.0 0.6321243523316062 0.5574912891986062 0.39457831325301207 0.3972602739726027 0.6195899772209568 0.6190476190476191,69228.46741318822,0.5928571428571429,12588,3 9 200 685 6 809 35,0.3333333333333333 0.046632124352331605 0.33797909407665505 1.0 0.0547945205479452 0.6150341685649203 0.5476190476190477,342388.5141221211,0.014285714285714285,6029,0 113 390 265 49 978 36,0.0 0.5854922279792746 1.0 0.3674698795180723 0.6438356164383562 1.0 0.5595238095238095,68991.63576289889,0.6428571428571429,5120,0 120 265 279 30 812 41,0.0 0.6217616580310881 0.5644599303135889 0.3885542168674699 0.3835616438356164 0.621867881548975 0.6190476190476191,68254.51321393026,0.5928571428571429,12802,5 153 348 351 38 597 20,0.5555555555555556 0.7927461139896373 0.8536585365853658 0.49698795180722893 0.4931506849315068 0.13211845102505695 0.36904761904761907,643914.7455728027,0.014285714285714285,6840,5 184 202 268 35 630 73,0.5555555555555556 0.9533678756476683 0.34494773519163763 0.37198795180722893 0.4520547945205479 0.2072892938496583 1.0,654762.0867964366,0.7071428571428572,17869,9 184 310 324 75 637 52,1.0 0.9533678756476683 0.7212543554006968 0.4563253012048193 1.0 0.22323462414578588 0.75,1103108.63876622,0.7285714285714285,17379,5 141 326 342 48 581 27,0.5555555555555556 0.7305699481865285 0.7770034843205574 0.48343373493975905 0.6301369863013698 0.09567198177676538 0.4523809523809524,636930.4417517541,0.014285714285714285,7436,5 193 164 257 28 592 66,0.5555555555555556 1.0 0.21254355400696864 0.35542168674698793 0.3561643835616438 0.12072892938496584 0.9166666666666666,658074.1531766889,0.6928571428571428,16968,9 184 309 325 75 633 54,1.0 0.9533678756476683 0.7177700348432056 0.4578313253012048 1.0 0.214123006833713 0.7738095238095238,1103075.2342780922,0.7357142857142858,17386,3 4 196 49 8 862 2,0.3333333333333333 0.02072538860103627 0.3240418118466899 0.04216867469879518 0.0821917808219178 0.7357630979498861 0.15476190476190477,338704.1905575691,0.014285714285714285,14229
resolved-p7d-c21d-3600-all/resolved-p7d-c21d-3600-1st/nsp-n20-d28-r0.10-rp2-fp2-s3,0 0 0 0 0 76 -76,0.0 0.0 0.0 0.0 0.0 0.0 0.0,0.0,0.29285714285714287,202,0 0 0 0 0 94 -61,0.0 0.0 0.0 0.0 0.0 0.4090909090909091 0.26785714285714285,4.358766233766234,0.17857142857142858,116,0 0 0 0 0 94 -36,0.0 0.0 0.0 0.0 0.0 0.4090909090909091 0.7142857142857143,4.805194805194805,0.14285714285714285,100.0,0 0 0 0 0 102 -29,0.0 0.0 0.0 0.0 0.0 0.5909090909090909 0.8392857142857143,6.748376623376624,0.07857142857142857,120,0 0 0 0 0 115 -20,0.0 0.0 0.0 0.0 0.0 0.8863636363636364 1.0,9.863636363636363,0.21428571428571427,21,0 0 0 0 0 113 -38,0.0 0.0 0.0 0.0 0.0 0.8409090909090909 0.6785714285714286,9.087662337662339,0.07857142857142857,110,0 0 0 0 0 112 -38,0.0 0.0 0.0 0.0 0.0 0.8181818181818182 0.6785714285714286,8.86038961038961,0.07857142857142857,337,0 0 0 0 0 115 -35,0.0 0.0 0.0 0.0 0.0 0.8863636363636364 0.7321428571428571,9.595779220779221,0.24285714285714285,75,0 0 0 0 0 113 -29,0.0 0.0 0.0 0.0 0.0 0.8409090909090909 0.8392857142857143,9.248376623376624,0.07857142857142857,178,0 0 0 0 0 108 -42,0.0 0.0 0.0 0.0 0.0 0.7272727272727273 0.6071428571428571,7.87987012987013,0.07857142857142857,216,0 0 0 0 0 120 -25,0.0 0.0 0.0 0.0 0.0 1.0 0.9107142857142857,10.910714285714286,0.2857142857142857,31,0 0 0 0 0 104 -37,0.0 0.0 0.0 0.0 0.0 0.6363636363636364 0.6964285714285714,7.0600649350649345,0.07857142857142857,167,0 0 0 0 0 113 -42,0.0 0.0 0.0 0.0 0.0 0.8409090909090909 0.6071428571428571,9.016233766233768,0.07857142857142857,298,0 0 0 0 0 104 -20,0.0 0.0 0.0 0.0 0.0 0.6363636363636364 1.0,7.363636363636363,0.6357142857142857,60,0 0 0 0 0 106 -33,0.0 0.0 0.0 0.0 0.0 0.6818181818181818 0.7678571428571429,7.586038961038961,0.07857142857142857,310,0 0 0 0 0 113 -42,0.0 0.0 0.0 0.0 0.0 0.8409090909090909 0.6071428571428571,9.016233766233768,0.07857142857142857,298,0 0 0 0 0 104 -20,0.0 0.0 0.0 0.0 0.0 0.6363636363636364 1.0,7.363636363636363,0.6357142857142857,60,0 0 0 0 0 106 -33,0.0 0.0 0.0 0.0 0.0 0.6818181818181818 0.7678571428571429,7.586038961038961,0.07857142857142857,310,0 0 0 0 0 107 -27,0.0 0.0 0.0 0.0 0.0 0.7045454545454546 0.875,7.920454545454546,0.07857142857142857,88
resolved-p7d-c21d-3600-all/resolved-p7d-c21d-3600-1st/nsp-n30-d28-r0.10-rp2-fp2-s0,2 9 437 1115 9 1646 -49,0.5 0.033783783783783786 0.04882154882154882 0.11398146322224413 0.04411764705882353 0.057159693576900414 0.19047619047619047,503985.74916764826,0.01904761904761905,10770,2 8 408 1081 10 1587 -85,0.5 0.02702702702702703 0.0 0.10727667126799448 0.058823529411764705 0.022392457277548614 0.0,502816.08565148467,0.01904761904761905,11960,2 8 423 1124 13 1707 -36,0.5 0.02702702702702703 0.025252525252525252 0.11575626109248668 0.10294117647058823 0.09310548025928109 0.25925925925925924,503082.4686480294,0.01904761904761905,11403.0,2 6 496 1030 39 1693 -18,0.5 0.013513513513513514 0.14814814814814814 0.09721948333661999 0.4852941176470588 0.08485562757807896 0.3544973544973545,502979.78478156443,0.01904761904761905,12199,0 120 501 648 47 1646 44,0.0 0.7837837837837838 0.15656565656565657 0.02188917373299152 0.6029411764705882 0.057159693576900414 0.6825396825396826,80027.4723720333,0.44285714285714284,3351,0 152 670 538 67 1722 36,0.0 1.0 0.44107744107744107 0.00019719976336028398 0.8970588235294118 0.10194460813199764 0.6402116402116402,104502.33715061225,0.2761904761904762,3393,2 6 495 1026 39 1692 -13,0.5 0.013513513513513514 0.14646464646464646 0.09643068428317886 0.4852941176470588 0.08426635238656452 0.38095238095238093,502962.1815279505,0.01904761904761905,12386,0 119 500 537 74 1549 52,0.0 0.777027027027027 0.15488215488215487 0.0 1.0 0.0 0.7248677248677249,79352.24911924911,0.5523809523809524,3664,0 152 670 538 67 1722 36,0.0 1.0 0.44107744107744107 0.00019719976336028398 0.8970588235294118 0.10194460813199764 0.6402116402116402,104502.33715061225,0.2761904761904762,3393,2 6 499 1102 41 1681 -8,0.5 0.013513513513513514 0.1531986531986532 0.11141786629856044 0.5147058823529411 0.07778432527990571 0.4074074074074074,503047.4115885319,0.01904761904761905,11888,0 120 512 703 40 1670 47,0.0 0.7837837837837838 0.1750841750841751 0.03273516071780714 0.5 0.0713022981732469 0.6984126984126984,80213.36672561808,0.38095238095238093,3120,0 152 670 538 67 1722 36,0.0 1.0 0.44107744107744107 0.00019719976336028398 0.8970588235294118 0.10194460813199764 0.6402116402116402,104502.33715061225,0.2761904761904762,3393,4 15 957 3844 6 3159 85,1.0 0.07432432432432433 0.9242424242424242 0.6521396174324591 0.0 0.948733058338244 0.8994708994708994,1017337.383093772,0.5952380952380952,9152,2 4 914 4704 21 2889 40,0.5 0.0 0.8518518518518519 0.8217314139223033 0.22058823529411764 0.789628756629346 0.6613756613756614,509370.8664191979,0.6857142857142857,10373,2 7 991 2916 9 2884 80,0.5 0.02027027027027027 0.9814814814814815 0.46913823703411556 0.04411764705882353 0.7866823806717738 0.873015873015873,512324.1316832616,0.6428571428571429,10418,4 16 1002 3864 8 3246 104,1.0 0.08108108108108109 1.0 0.6560836126996648 0.029411764705882353 1.0 1.0,1018778.1328972784,0.5952380952380952,8989,2 4 944 5608 7 2994 25,0.5 0.0 0.9023569023569024 1.0 0.014705882352941176 0.8515026517383618 0.582010582010582,510034.1366489037,0.6857142857142857,10086,2 7 998 3206 6 2920 88,0.5 0.02027027027027027 0.9932659932659933 0.5263261684085979 0.0 0.8078962875662935 0.9153439153439153,512495.0074348866,0.6428571428571429,10337,2 6 431 1379 16 1616 -51,0.5 0.013513513513513514 0.03872053872053872 0.1660422007493591 0.14705882352941177 0.03948143783146729 0.17989417989417988,501919.87953021727,0.01904761904761905,13327
resolved-p7d-c21d-3600-all/resolved-p7d-c21d-3600-1st/nsp-n30-d28-r0.10-rp2-fp2-s3,7 61 717 2233 33 2494 65,0.7 0.2007168458781362 0.21611721611721613 0.5804979253112034 0.10273972602739725 0.6507818317200298 0.2966101694915254,722830.4330753864,0.014285714285714285,8119,10 62 755 2674 23 2593 40,1.0 0.20430107526881722 0.2857142857142857 0.7634854771784232 0.03424657534246575 0.7244973938942666 0.0847457627118644,1024061.490238439,0.014285714285714285,7091,5 63 651 1936 33 2331 77,0.5 0.2078853046594982 0.09523809523809523 0.45726141078838173 0.10273972602739725 0.5294117647058824 0.3983050847457627,522214.1392244537,0.014285714285714285,10264.0,7 61 600 1692 20 2302 92,0.7 0.2007168458781362 0.0018315018315018315 0.35601659751037346 0.0136986301369863 0.5078183172002978 0.5254237288135594,720452.9896735535,0.014285714285714285,8382,0 213 1064 834 158 1693 66,0.0 0.7455197132616488 0.8516483516483516 0.0 0.958904109589041 0.054355919583023084 0.3050847457627119,83165.19389754889,0.3380952380952381,5739,1 284 1050 1007 133 1666 31,0.1 1.0 0.826007326007326 0.07178423236514522 0.7876712328767124 0.03425167535368578 0.00847457627118644,208410.97560705588,0.3476190476190476,3763,7 61 599 1692 20 2291 94,0.7 0.2007168458781362 0.0 0.35601659751037346 0.0136986301369863 0.4996276991809382 0.5423728813559322,720434.6096982108,0.014285714285714285,8530,0 213 1145 928 164 1977 76,0.0 0.7455197132616488 1.0 0.03900414937759336 1.0 0.26582278481012656 0.3898305084745763,84694.02353389905,0.48095238095238096,5446,1 283 1079 1025 130 1666 32,0.1 0.996415770609319 0.8791208791208791 0.07925311203319502 0.7671232876712328 0.03425167535368578 0.01694915254237288,208589.1107588471,0.3476190476190476,3839,7 61 626 1751 21 2412 94,0.7 0.2007168458781362 0.04945054945054945 0.3804979253112033 0.02054794520547945 0.5897244973938943 0.5423728813559322,720955.1824200061,0.014285714285714285,7416,0 213 1145 928 164 1977 76,0.0 0.7455197132616488 1.0 0.03900414937759336 1.0 0.26582278481012656 0.3898305084745763,84694.02353389905,0.48095238095238096,5446,1 284 1051 1013 131 1620 30,0.1 1.0 0.8278388278388278 0.07427385892116183 0.773972602739726 0.0 0.0,208430.05939758342,0.34285714285714286,3641,7 87 920 1299 55 2489 138,0.7 0.2939068100358423 0.5879120879120879 0.19294605809128632 0.2534246575342466 0.6470588235294118 0.9152542372881356,735495.4762490224,0.5619047619047619,9499,5 17 846 3244 22 2963 126,0.5 0.043010752688172046 0.4523809523809524 1.0 0.0273972602739726 1.0 0.8135593220338984,509838.43807797617,0.7333333333333333,8377,0 16 725 1674 38 2538 125,0.0 0.03942652329749104 0.23076923076923078 0.34854771784232363 0.136986301369863 0.6835443037974683 0.8050847457627118,6620.231513204459,0.7285714285714285,9714,10 79 833 1418 45 2578 148,1.0 0.26523297491039427 0.42857142857142855 0.24232365145228216 0.18493150684931506 0.7133283693224125 1.0,1031077.9618625841,0.5666666666666667,9190,5 16 857 2682 28 2934 145,0.5 0.03942652329749104 0.4725274725274725 0.7668049792531121 0.0684931506849315 0.9784065524944154 0.9745762711864406,509452.3399911416,0.7380952380952381,8598,2 5 802 2642 18 2723 142,0.2 0.0 0.3717948717948718 0.750207468879668 0.0 0.8212956068503351 0.9491525423728814,204477.31829543927,0.719047619047619,7830,6 69 710 1948 40 2436 69,0.6 0.22939068100358423 0.2032967032967033 0.46224066390041496 0.1506849315068493 0.6075949367088608 0.3305084745762712,625455.7507482183,0.014285714285714285,12588
resolved-p7d-c21d-3600-all/resolved-p7d-c21d-3600-1st/nsp-n10-d28-r0.10-rp0-fp0-s9,0 0 0 0 0 72 -51,0.0 0.0 0.0 0.0 0.0 0.0 0.0,0.0,0.2857142857142857,135,0 0 0 0 0 79 -47,0.0 0.0 0.0 0.0 0.0 0.28 0.11764705882352941,2.9176470588235297,0.37142857142857144,104,0 0 0 0 0 78 -34,0.0 0.0 0.0 0.0 0.0 0.24 0.5,2.9,0.3142857142857143,81.0,0 0 0 0 0 97 -36,0.0 0.0 0.0 0.0 0.0 1.0 0.4411764705882353,10.441176470588236,0.18571428571428572,96,0 0 0 0 0 91 -31,0.0 0.0 0.0 0.0 0.0 0.76 0.5882352941176471,8.188235294117646,0.4,100,0 0 0 0 0 90 -27,0.0 0.0 0.0 0.0 0.0 0.72 0.7058823529411765,7.905882352941176,0.18571428571428572,106,0 0 0 0 0 90 -34,0.0 0.0 0.0 0.0 0.0 0.72 0.5,7.699999999999999,0.18571428571428572,224,0 0 0 0 0 92 -36,0.0 0.0 0.0 0.0 0.0 0.8 0.4411764705882353,8.441176470588236,0.4,156,0 0 0 0 0 90 -29,0.0 0.0 0.0 0.0 0.0 0.72 0.6470588235294118,7.847058823529411,0.18571428571428572,160,0 0 0 0 0 93 -36,0.0 0.0 0.0 0.0 0.0 0.84 0.4411764705882353,8.841176470588236,0.18571428571428572,292,0 0 0 0 0 93 -37,0.0 0.0 0.0 0.0 0.0 0.84 0.4117647058823529,8.811764705882354,0.35714285714285715,104,0 0 0 0 0 88 -30,0.0 0.0 0.0 0.0 0.0 0.64 0.6176470588235294,7.017647058823529,0.18571428571428572,373,0 0 0 0 0 86 -35,0.0 0.0 0.0 0.0 0.0 0.56 0.47058823529411764,6.070588235294118,0.18571428571428572,173,0 0 0 0 0 92 -17,0.0 0.0 0.0 0.0 0.0 0.8 1.0,9.0,0.5285714285714286,167,0 0 0 0 0 90 -32,0.0 0.0 0.0 0.0 0.0 0.72 0.5588235294117647,7.758823529411764,0.18571428571428572,96,0 0 0 0 0 86 -35,0.0 0.0 0.0 0.0 0.0 0.56 0.47058823529411764,6.070588235294118,0.18571428571428572,173,0 0 0 0 0 92 -17,0.0 0.0 0.0 0.0 0.0 0.8 1.0,9.0,0.5285714285714286,167,0 0 0 0 0 90 -32,0.0 0.0 0.0 0.0 0.0 0.72 0.5588235294117647,7.758823529411764,0.18571428571428572,96,0 0 0 0 0 90 -26,0.0 0.0 0.0 0.0 0.0 0.72 0.7352941176470589,7.935294117647058,0.21428571428571427,159
resolved-p7d-c21d-3600-all/resolved-p7d-c21d-3600-1st/nsp-n50-d28-r0.10-rp2-fp2-s1,0 5 1799 7209 7 6170 -61,0.0 0.014367816091954023 0.3914691943127962 0.5709319169483341 0.057971014492753624 0.6338230025080617 0.4398976982097187,5934.980698444264,0.025714285714285714,4097,4 26 1728 2729 35 5463 -38,0.17391304347826086 0.07471264367816093 0.3241706161137441 0.13829068083051665 0.463768115942029 0.3805087782156933 0.49872122762148335,184814.9853086489,0.014285714285714285,7143,4 26 1753 2790 35 5533 -34,0.17391304347826086 0.07471264367816093 0.34786729857819904 0.1441815548044423 0.463768115942029 0.40558939448226444 0.5089514066496164,185058.10404360906,0.014285714285714285,6859.0,10 20 2244 6875 3 6755 -64,0.43478260869565216 0.05747126436781609 0.8132701421800947 0.5386769676484789 0.0 0.8434252955929774 0.4322250639386189,449209.97999990307,0.014285714285714285,2087,12 338 1576 3862 10 4799 -9,0.5217391304347826 0.9712643678160919 0.18009478672985782 0.24770642201834864 0.10144927536231885 0.1426012182013615 0.5728900255754475,620926.3653354525,0.14,1678,12 336 1593 3847 10 4805 -8,0.5217391304347826 0.9655172413793104 0.1962085308056872 0.24625784645098986 0.10144927536231885 0.14475098530992475 0.5754475703324808,620511.3656121811,0.14,1688,8 18 1971 5617 4 6243 -32,0.34782608695652173 0.05172413793103448 0.5545023696682464 0.417189763399324 0.014492753623188406 0.6599785023289144 0.5140664961636828,358969.2773365887,0.014285714285714285,2859,11 348 1386 3139 12 4401 -15,0.4782608695652174 1.0 0.0 0.1778850796716562 0.13043478260869565 0.0 0.5575447570332481,578452.3556679069,0.14,1694,12 336 1593 3847 10 4805 -8,0.5217391304347826 0.9655172413793104 0.1962085308056872 0.24625784645098986 0.10144927536231885 0.14475098530992475 0.5754475703324808,620511.3656121811,0.14,1688,9 19 1962 5905 4 6226 -53,0.391304347826087 0.05459770114942529 0.5459715639810426 0.4450024142926123 0.014492753623188406 0.6538874955213185 0.46035805626598464,402677.2845035063,0.014285714285714285,2666,11 348 1386 3139 12 4401 -15,0.4782608695652174 1.0 0.0 0.1778850796716562 0.13043478260869565 0.0 0.5575447570332481,578452.3556679069,0.14,1694,12 336 1593 3847 10 4805 -8,0.5217391304347826 0.9655172413793104 0.1962085308056872 0.24625784645098986 0.10144927536231885 0.14475098530992475 0.5754475703324808,620511.3656121811,0.14,1688,3 81 1647 1341 61 4885 83,0.13043478260869565 0.23275862068965517 0.24739336492890995 0.004249154997585707 0.8405797101449275 0.17341454675743462 0.8081841432225064,156275.42778257316,0.014285714285714285,2450,0 0 2190 4108 52 6725 107,0.0 0.0 0.762085308056872 0.27146306132303233 0.7101449275362319 0.8326764600501613 0.8695652173913043,7972.526964463269,0.6314285714285715,2936,0 0 1577 1948 72 5722 158,0.0 0.0 0.18104265402843603 0.06286817962337035 1.0 0.47330705840200643 1.0,1979.0277904917507,0.6571428571428571,2554,3 81 1613 1297 66 4782 83,0.13043478260869565 0.23275862068965517 0.21516587677725119 0.0 0.9130434782608695 0.13651021139376568 0.8081841432225064,155955.78107951692,0.014285714285714285,2487,0 0 2167 3995 52 6596 126,0.0 0.0 0.7402843601895734 0.26055045871559634 0.7101449275362319 0.7864564672160516 0.9181585677749361,7743.19127660489,0.6314285714285715,3038,0 0 1618 2094 68 5802 145,0.0 0.0 0.21990521327014217 0.07696764847899565 0.9420289855072463 0.5019706198495163 0.9667519181585678,2376.209137847796,0.6571428571428571,2489,23 12 2441 11652 7 7192 -233,1.0 0.034482758620689655 1.0 1.0 0.057971014492753624 1.0 0.0,1014464.0729635182,0.014285714285714285,10274
resolved-p7d-c21d-3600-all/resolved-p7d-c21d-3600-1st/nsp-n20-d28-r0.10-rp2-fp2-s7,0 0 0 0 0 52 -81,0.0 0.0 0.0 0.0 0.0 0.0 0.0,0.0,0.3357142857142857,367,0 0 0 0 0 53 -52,0.0 0.0 0.0 0.0 0.0 0.037037037037037035 0.5576923076923077,0.9280626780626781,0.25,344,0 0 0 0 0 62 -48,0.0 0.0 0.0 0.0 0.0 0.37037037037037035 0.6346153846153846,4.338319088319087,0.22142857142857142,281.0,0 0 0 0 0 68 -51,0.0 0.0 0.0 0.0 0.0 0.5925925925925926 0.5769230769230769,6.502849002849002,0.17857142857142858,335,0 0 0 0 0 71 -30,0.0 0.0 0.0 0.0 0.0 0.7037037037037037 0.9807692307692307,8.017806267806268,0.44285714285714284,25,0 0 0 0 0 68 -50,0.0 0.0 0.0 0.0 0.0 0.5925925925925926 0.5961538461538461,6.522079772079771,0.17857142857142858,251,0 0 0 0 0 69 -44,0.0 0.0 0.0 0.0 0.0 0.6296296296296297 0.7115384615384616,7.007834757834758,0.17857142857142858,262,0 0 0 0 0 79 -32,0.0 0.0 0.0 0.0 0.0 1.0 0.9423076923076923,10.942307692307692,0.32142857142857145,25,0 0 0 0 0 64 -56,0.0 0.0 0.0 0.0 0.0 0.4444444444444444 0.4807692307692308,4.9252136752136755,0.17857142857142858,216,0 0 0 0 0 64 -47,0.0 0.0 0.0 0.0 0.0 0.4444444444444444 0.6538461538461539,5.098290598290599,0.17857142857142858,223,0 0 0 0 0 66 -36,0.0 0.0 0.0 0.0 0.0 0.5185185185185185 0.8653846153846154,6.0505698005698,0.40714285714285714,101,0 0 0 0 0 63 -69,0.0 0.0 0.0 0.0 0.0 0.4074074074074074 0.23076923076923078,4.304843304843304,0.17857142857142858,240,0 0 0 0 0 65 -57,0.0 0.0 0.0 0.0 0.0 0.48148148148148145 0.46153846153846156,5.2763532763532766,0.17857142857142858,284,0 0 0 0 0 67 -29,0.0 0.0 0.0 0.0 0.0 0.5555555555555556 1.0,6.555555555555555,0.5571428571428572,216,0 0 0 0 0 70 -52,0.0 0.0 0.0 0.0 0.0 0.6666666666666666 0.5576923076923077,7.224358974358974,0.17857142857142858,228,0 0 0 0 0 65 -57,0.0 0.0 0.0 0.0 0.0 0.48148148148148145 0.46153846153846156,5.2763532763532766,0.17857142857142858,284,0 0 0 0 0 67 -29,0.0 0.0 0.0 0.0 0.0 0.5555555555555556 1.0,6.555555555555555,0.5571428571428572,216,0 0 0 0 0 70 -42,0.0 0.0 0.0 0.0 0.0 0.6666666666666666 0.75,7.416666666666666,0.17857142857142858,219,0 0 0 0 0 65 -63,0.0 0.0 0.0 0.0 0.0 0.48148148148148145 0.34615384615384615,5.160968660968661,0.17857142857142858,78
resolved-p7d-c21d-3600-all/resolved-p7d-c21d-3600-1st/nsp-n40-d28-r0.10-rp2-fp2-s8,0 0 0 0 0 242 -135,0.0 0.0 0.0 0.0 0.0 0.0 0.43333333333333335,0.43333333333333335,0.18928571428571428,319,0 0 0 0 0 324 -132,0.0 0.0 0.0 0.0 0.0 0.5359477124183006 0.4666666666666667,5.826143790849673,0.14285714285714285,188,0 0 0 0 0 336 -117,0.0 0.0 0.0 0.0 0.0 0.6143790849673203 0.6333333333333333,6.777124183006537,0.11785714285714285,115.0,0 0 0 0 0 328 -133,0.0 0.0 0.0 0.0 0.0 0.5620915032679739 0.45555555555555555,6.076470588235294,0.1,182,0 0 0 0 0 395 -146,0.0 0.0 0.0 0.0 0.0 1.0 0.3111111111111111,10.311111111111112,0.36428571428571427,39,0 0 0 0 0 351 -136,0.0 0.0 0.0 0.0 0.0 0.7124183006535948 0.4222222222222222,7.546405228758171,0.1,214,0 0 0 0 0 357 -140,0.0 0.0 0.0 0.0 0.0 0.7516339869281046 0.37777777777777777,7.894117647058824,0.1,269,0 0 0 0 0 394 -125,0.0 0.0 0.0 0.0 0.0 0.9934640522875817 0.5444444444444444,10.479084967320262,0.2642857142857143,25,0 0 0 0 0 358 -122,0.0 0.0 0.0 0.0 0.0 0.7581699346405228 0.5777777777777777,8.159477124183006,0.1,150,0 0 0 0 0 353 -119,0.0 0.0 0.0 0.0 0.0 0.7254901960784313 0.6111111111111112,7.866013071895425,0.1,147,0 0 0 0 0 343 -84,0.0 0.0 0.0 0.0 0.0 0.6601307189542484 1.0,7.601307189542483,0.2642857142857143,30,0 0 0 0 0 346 -118,0.0 0.0 0.0 0.0 0.0 0.6797385620915033 0.6222222222222222,7.419607843137255,0.1,94,0 0 0 0 0 356 -114,0.0 0.0 0.0 0.0 0.0 0.7450980392156863 0.6666666666666666,8.117647058823529,0.1,464,0 0 0 0 0 368 -116,0.0 0.0 0.0 0.0 0.0 0.8235294117647058 0.6444444444444445,8.879738562091502,0.5571428571428572,99,0 0 0 0 0 355 -107,0.0 0.0 0.0 0.0 0.0 0.738562091503268 0.7444444444444445,8.130065359477125,0.1,286,0 0 0 0 0 356 -115,0.0 0.0 0.0 0.0 0.0 0.7450980392156863 0.6555555555555556,8.106535947712418,0.1,465,0 0 0 0 0 368 -116,0.0 0.0 0.0 0.0 0.0 0.8235294117647058 0.6444444444444445,8.879738562091502,0.5571428571428572,99,0 0 0 0 0 355 -107,0.0 0.0 0.0 0.0 0.0 0.738562091503268 0.7444444444444445,8.130065359477125,0.1,286,0 0 0 0 0 375 -174,0.0 0.0 0.0 0.0 0.0 0.869281045751634 0.0,8.692810457516341,0.1,42
resolved-p7d-c21d-3600-all/resolved-p7d-c21d-3600-1st/nsp-n10-d28-r0.10-rp0-fp0-s6,0 1 2 0 0 83 -32,0.0 0.02040816326530612 0.02857142857142857 0.0 0.0 0.0 0.0,2326.530612244898,0.38571428571428573,12802,0 1 2 0 0 87 -28,0.0 0.02040816326530612 0.02857142857142857 0.0 0.0 0.016 0.1,2326.7906122448976,0.15714285714285714,12816,0 1 2 0 0 94 -23,0.0 0.02040816326530612 0.02857142857142857 0.0 0.0 0.044 0.225,2327.195612244898,0.21428571428571427,12811.0,2 0 0 0 0 88 -26,0.6666666666666666 0.0 0.0 0.0 0.0 0.02 0.15,666667.0166666666,0.0,13161,0 1 2 0 0 106 -21,0.0 0.02040816326530612 0.02857142857142857 0.0 0.0 0.092 0.275,2327.725612244898,0.4142857142857143,9846,0 1 2 0 0 135 -20,0.0 0.02040816326530612 0.02857142857142857 0.0 0.0 0.208 0.3,2328.910612244898,0.05714285714285714,21776,2 0 0 0 0 88 -26,0.6666666666666666 0.0 0.0 0.0 0.0 0.02 0.15,666667.0166666666,0.0,13161,0 1 2 0 0 106 -22,0.0 0.02040816326530612 0.02857142857142857 0.0 0.0 0.092 0.25,2327.700612244898,0.42857142857142855,9847,0 1 2 0 0 115 -15,0.0 0.02040816326530612 0.02857142857142857 0.0 0.0 0.128 0.425,2328.2356122448978,0.05714285714285714,21836,2 0 0 0 0 88 -22,0.6666666666666666 0.0 0.0 0.0 0.0 0.02 0.25,666667.1166666666,0.0,13158,0 1 2 0 0 106 -19,0.0 0.02040816326530612 0.02857142857142857 0.0 0.0 0.092 0.325,2327.7756122448977,0.4,9842,0 1 2 0 0 115 -15,0.0 0.02040816326530612 0.02857142857142857 0.0 0.0 0.128 0.425,2328.2356122448978,0.05714285714285714,21836,3 49 70 38 12 333 8,1.0 1.0 1.0 1.0 1.0 1.0 1.0,1111111.0,0.014285714285714285,29063,0 1 2 0 0 94 -24,0.0 0.02040816326530612 0.02857142857142857 0.0 0.0 0.044 0.2,2327.1706122448977,0.5571428571428572,11651,0 1 2 0 0 109 -20,0.0 0.02040816326530612 0.02857142857142857 0.0 0.0 0.104 0.3,2327.870612244898,0.07142857142857142,16522,3 17 47 15 1 318 -5,1.0 0.3469387755102041 0.6714285714285714 0.39473684210526316 0.08333333333333333 0.94 0.675,1041821.3084407448,0.04285714285714286,28100,0 1 2 0 0 94 -24,0.0 0.02040816326530612 0.02857142857142857 0.0 0.0 0.044 0.2,2327.1706122448977,0.5571428571428572,11651,0 1 2 0 0 133 -19,0.0 0.02040816326530612 0.02857142857142857 0.0 0.0 0.2 0.325,2328.8556122448977,0.22857142857142856,16097,2 0 0 0 0 89 -31,0.6666666666666666 0.0 0.0 0.0 0.0 0.024 0.025,666666.9316666666,0.0,10765
resolved-p7d-c21d-3600-all/resolved-p7d-c21d-3600-1st/nsp-n40-d28-r0.10-rp2-fp2-s4,1 20 815 1502 28 3056 49,0.09090909090909091 0.026378896882494004 0.0 0.09113924050632911 0.16326530612244897 0.25191424196018375 0.6575875486381323,93657.62309842712,0.05,7115,10 26 831 1405 37 2997 -7,0.9090909090909091 0.0407673860911271 0.021052631578947368 0.06044303797468355 0.25510204081632654 0.22932618683001532 0.4396887159533074,913466.8602084519,0.010714285714285714,8600,10 26 832 1417 37 3002 6,0.9090909090909091 0.0407673860911271 0.02236842105263158 0.06424050632911392 0.25510204081632654 0.23124042879019907 0.490272373540856,913483.8852976203,0.010714285714285714,8227.0,11 10 997 2705 12 3530 -64,1.0 0.002398081534772182 0.2394736842105263 0.4718354430379747 0.0 0.4333843797856049 0.2178988326848249,1003110.932181251,0.010714285714285714,7900,8 426 938 1413 55 2398 1,0.7272727272727273 1.0 0.1618421052631579 0.0629746835443038 0.4387755102040816 0.0 0.4708171206225681,828998.4713770442,0.29285714285714287,1096,7 342 906 1237 21 2627 47,0.6363636363636364 0.7985611510791367 0.11973684210526316 0.007278481012658228 0.09183673469387756 0.08767228177641653 0.6498054474708171,717435.1085753499,0.32142857142857145,1034,11 9 997 2703 13 3539 -55,1.0 0.0 0.2394736842105263 0.47120253164556963 0.01020408163265306 0.43683001531393567 0.2529182879377432,1002871.5810003552,0.010714285714285714,8060,9 302 1036 1391 44 2526 45,0.8181818181818182 0.7026378896882494 0.29078947368421054 0.0560126582278481 0.32653061224489793 0.04900459418070444 0.642023346303502,891443.2996762258,0.29285714285714287,1082,5 416 932 1214 33 2638 59,0.45454545454545453 0.9760191846522782 0.15394736842105264 0.0 0.21428571428571427 0.09188361408882083 0.6964980544747081,553709.8906005168,0.32142857142857145,1080,11 9 992 2647 13 3520 -64,1.0 0.0 0.23289473684210527 0.4534810126582278 0.01020408163265306 0.42955589586523735 0.2178988326848249,1002787.9622470338,0.010714285714285714,8152,8 426 938 1413 55 2398 1,0.7272727272727273 1.0 0.1618421052631579 0.0629746835443038 0.4387755102040816 0.0 0.4708171206225681,828998.4713770442,0.29285714285714287,1096,7 342 906 1237 21 2627 47,0.6363636363636364 0.7985611510791367 0.11973684210526316 0.007278481012658228 0.09183673469387756 0.08767228177641653 0.6498054474708171,717435.1085753499,0.32142857142857145,1034,8 63 1424 2708 110 4350 137,0.7272727272727273 0.12949640287769784 0.8013157894736842 0.4727848101265823 1.0 0.7473200612557427 1.0,748816.7834659731,0.5178571428571429,8246,3 28 1479 3976 27 4863 99,0.2727272727272727 0.045563549160671464 0.8736842105263158 0.8740506329113924 0.15306122448979592 0.9437212863705973 0.8521400778210116,286920.1158569049,0.675,5420,0 15 1575 2236 95 4572 93,0.0 0.014388489208633094 1.0 0.32341772151898734 0.8469387755102041 0.832312404287902 0.8287937743190662,11856.112437750515,0.6535714285714286,6977,8 49 1293 3318 43 4555 134,0.7272727272727273 0.09592326139088729 0.6289473684210526 0.6658227848101266 0.3163265306122449 0.8258039816232772 0.9883268482490273,743861.2289005624,0.5214285714285715,7609,4 31 1559 4374 22 5010 124,0.36363636363636365 0.05275779376498801 0.9789473684210527 1.0 0.10204081632653061 1.0 0.9494163424124513,379722.770195048,0.675,4934,0 17 1437 3698 41 4979 106,0.0 0.019184652278177457 0.8184210526315789 0.7860759493670886 0.29591836734693877 0.9881316998468607 0.8793774319066148,10929.104234665692,0.6535714285714286,5510,10 13 944 1624 37 3755 -120,0.9090909090909091 0.009592326139088728 0.16973684210526316 0.12974683544303797 0.25510204081632654 0.5195252679938744 0.0,911907.9624180752,0.010714285714285714,10220
resolved-p7d-c21d-3600-all/resolved-p7d-c21d-3600-1st/nsp-n10-d28-r0.10-rp0-fp0-s8,0 1 0 2 0 80 -26,0.0 0.0 0.0 0.0 0.0 0.0 0.029411764705882353,0.029411764705882353,0.32857142857142857,9886,0 1 0 2 0 82 -27,0.0 0.0 0.0 0.0 0.0 0.004434589800443459 0.0,0.044345898004434586,0.3142857142857143,9857,0 1 0 2 0 85 -19,0.0 0.0 0.0 0.0 0.0 0.011086474501108648 0.23529411764705882,0.3461588626581453,0.2,9842.0,1 1 0 2 0 91 -22,1.0 0.0 0.0 0.0 0.0 0.024390243902439025 0.14705882352941177,1000000.3909612625,0.02857142857142857,5667,0 1 0 2 0 101 -19,0.0 0.0 0.0 0.0 0.0 0.04656319290465632 0.23529411764705882,0.700926046693622,0.4,11810,0 1 0 2 0 94 -24,0.0 0.0 0.0 0.0 0.0 0.031042128603104215 0.08823529411764706,0.3986565801486892,0.04285714285714286,10863,1 1 0 2 0 91 -24,1.0 0.0 0.0 0.0 0.0 0.024390243902439025 0.08823529411764706,1000000.3321377331,0.02857142857142857,5668,0 1 0 2 0 101 -19,0.0 0.0 0.0 0.0 0.0 0.04656319290465632 0.23529411764705882,0.700926046693622,0.4,11810,0 1 0 2 0 94 -24,0.0 0.0 0.0 0.0 0.0 0.031042128603104215 0.08823529411764706,0.3986565801486892,0.04285714285714286,10863,1 1 0 2 0 91 -22,1.0 0.0 0.0 0.0 0.0 0.024390243902439025 0.14705882352941177,1000000.3909612625,0.02857142857142857,5667,0 1 0 2 0 101 -19,0.0 0.0 0.0 0.0 0.0 0.04656319290465632 0.23529411764705882,0.700926046693622,0.4,11810,0 1 0 2 0 94 -24,0.0 0.0 0.0 0.0 0.0 0.031042128603104215 0.08823529411764706,0.3986565801486892,0.04285714285714286,10863,1 1 0 2 0 93 -14,1.0 0.0 0.0 0.0 0.0 0.028824833702882482 0.38235294117647056,1000000.6706012782,0.02857142857142857,11061,1 30 136 92 21 510 1,1.0 1.0 1.0 0.989010989010989 0.875 0.9534368070953437 0.8235294117647058,1111086.8688864936,0.7142857142857143,30387,0 27 100 93 24 515 -2,0.0 0.896551724137931 0.7352941176470589 1.0 1.0 0.9645232815964523 0.7352941176470589,98118.4941171973,0.6857142857142857,29041,1 1 0 2 0 93 -15,1.0 0.0 0.0 0.0 0.0 0.028824833702882482 0.35294117647058826,1000000.6411895135,0.02857142857142857,11062,1 29 90 72 19 496 7,1.0 0.9655172413793104 0.6617647058823529 0.7692307692307693 0.7916666666666666 0.9223946784922394 1.0,1104027.9925794369,0.6428571428571429,32386,0 25 95 68 24 531 4,0.0 0.8275862068965517 0.6985294117647058 0.7252747252747253 1.0 1.0 0.9117647058823529,90580.10129728285,0.6857142857142857,29390,1 1 0 2 0 87 -23,1.0 0.0 0.0 0.0 0.0 0.015521064301552107 0.11764705882352941,1000000.2728577019,0.02857142857142857,14833
resolved-p7d-c21d-3600-all/resolved-p7d-c21d-3600-1st/nsp-n50-d28-r0.10-rp2-fp2-s6,3 22 1641 2627 27 5262 -22,0.0 0.05394190871369295 0.11310452418096724 0.021759956206377447 0.2413793103448276 0.0847378277153558 0.22869955156950672,6572.21007824855,0.014285714285714285,7549,3 27 1659 3960 29 5828 26,0.0 0.07468879668049792 0.12714508580343215 0.20418776515669906 0.27586206896551724 0.21722846441947566 0.4439461883408072,8974.7207289699,0.014285714285714285,5792,3 22 1632 2622 29 5245 -9,0.0 0.05394190871369295 0.1060842433697348 0.02107568085397564 0.27586206896551724 0.08075842696629214 0.28699551569506726,6504.7897726025285,0.014285714285714285,7615.0,3 11 1603 2468 46 4905 -73,0.0 0.008298755186721992 0.08346333853354135 0.0 0.5689655172413793 0.0011704119850187266 0.0,1721.4171598516007,0.014285714285714285,6423,6 230 1640 3220 28 4916 -7,0.2727272727272727 0.91701244813278 0.11232449297971919 0.1029150130012317 0.25862068965517243 0.003745318352059925 0.29596412556053814,365680.8729696237,0.34,1239,3 250 1496 3309 28 5011 17,0.0 1.0 0.0 0.11509511427398385 0.25862068965517243 0.02598314606741573 0.40358744394618834,100141.62060214412,0.2571428571428571,2716,3 14 1743 2885 17 5474 -45,0.0 0.02074688796680498 0.19266770670826833 0.05706856439031066 0.06896551724137931 0.1343632958801498 0.12556053811659193,4066.800173374548,0.014285714285714285,5198,6 230 1640 3220 27 4916 -2,0.2727272727272727 0.91701244813278 0.11232449297971919 0.1029150130012317 0.2413793103448276 0.003745318352059925 0.3183856502242152,365679.1712532173,0.34,1240,3 250 1496 3309 28 5011 17,0.0 1.0 0.0 0.11509511427398385 0.25862068965517243 0.02598314606741573 0.40358744394618834,100141.62060214412,0.2571428571428571,2716,3 10 1603 2518 49 4900 -64,0.0 0.004149377593360996 0.08346333853354135 0.006842753524018065 0.6206896551724138 0.0 0.04035874439461883,1318.523222457167,0.014285714285714285,6469,6 231 1906 5357 13 5784 -28,0.2727272727272727 0.921161825726141 0.31981279251170047 0.3953742986177638 0.0 0.20692883895131087 0.20179372197309417,368439.2286057331,0.22857142857142856,1211,3 250 1496 3310 28 5011 22,0.0 1.0 0.0 0.11523196934446421 0.25862068965517243 0.02598314606741573 0.4260089686098655,100141.77987873927,0.2571428571428571,2715,14 54 2777 9196 16 8598 65,1.0 0.18672199170124482 0.999219968798752 0.9207609141918708 0.05172413793103448 0.8656367041198502 0.6188340807174888,1029599.6073872189,0.6085714285714285,5111,3 76 2269 4253 71 7053 150,0.0 0.27800829875518673 0.6029641185647426 0.24428630080744493 1.0 0.5039794007490637 1.0,34180.79715598103,0.6885714285714286,5545,9 14 2668 9043 17 8982 74,0.5454545454545454 0.02074688796680498 0.9141965678627145 0.8998220884083755 0.06896551724137931 0.9555243445692884 0.6591928251121076,557588.1330062564,0.64,4954,14 54 2778 9196 16 8598 65,1.0 0.18672199170124482 1.0 0.9207609141918708 0.05172413793103448 0.8656367041198502 0.6188340807174888,1029607.4076992314,0.6085714285714285,5099,3 76 2269 4253 71 7053 150,0.0 0.27800829875518673 0.6029641185647426 0.24428630080744493 1.0 0.5039794007490637 1.0,34180.79715598103,0.6885714285714286,5545,9 20 2723 9775 17 9172 59,0.5454545454545454 0.04564315352697095 0.9570982839313572 1.0 0.06896551724137931 1.0 0.5919282511210763,560607.3321265313,0.6428571428571429,4739,4 9 1552 3324 24 5435 -10,0.09090909090909091 0.0 0.0436817472698908 0.11714794033118928 0.1896551724137931 0.12523408239700373 0.2825112107623318,91483.55669139713,0.014285714285714285,7930
resolved-p7d-c21d-3600-all/resolved-p7d-c21d-3600-1st/nsp-n40-d28-r0.10-rp2-fp2-s5,14 80 500 4490 25 2885 -118,0.3103448275862069 0.0 0.18303571428571427 0.7648269410664172 0.035398230088495575 0.451322607035724 0.0,312948.0647192097,0.18214285714285713,3555,14 113 1352 4071 26 4336 -62,0.3103448275862069 0.07142857142857142 0.94375 0.6864359214218896 0.04424778761061947 0.8470139078265613 0.25339366515837103,327624.7689619904,0.017857142857142856,8998,14 113 1351 3965 29 4528 -70,0.3103448275862069 0.07142857142857142 0.9428571428571428 0.6666043030869971 0.07079646017699115 0.899372784292337 0.2171945701357466,327599.1510291532,0.017857142857142856,9136.0,9 115 1132 4087 24 3968 -41,0.13793103448275862 0.07575757575757576 0.7473214285714286 0.6894293732460243 0.02654867256637168 0.7466593946004909 0.34841628959276016,153679.90559496873,0.017857142857142856,2716,6 383 1197 1153 95 3060 99,0.034482758620689655 0.6558441558441559 0.8053571428571429 0.14050514499532274 0.6548672566371682 0.49904554131442597 0.9819004524886877,108332.70986020134,0.37142857142857144,4879,12 312 918 1995 77 3071 84,0.2413793103448276 0.5021645021645021 0.55625 0.2980355472404116 0.49557522123893805 0.5020452686119443 0.9140271493212669,297511.78811047756,0.14285714285714285,6532,10 115 1158 4317 24 4029 -41,0.1724137931034483 0.07575757575757576 0.7705357142857143 0.7324602432179607 0.02654867256637168 0.7632942459776384 0.34841628959276016,188438.00429128698,0.017857142857142856,2562,6 383 1197 1153 95 3060 99,0.034482758620689655 0.6558441558441559 0.8053571428571429 0.14050514499532274 0.6548672566371682 0.49904554131442597 0.9819004524886877,108332.70986020134,0.37142857142857144,4879,9 361 974 1545 98 2861 103,0.13793103448275862 0.6082251082251082 0.60625 0.213844714686623 0.6814159292035398 0.44477774747750204 1.0,205103.4793903512,0.20714285714285716,6700,18 111 1395 5747 21 4545 -64,0.4482758620689655 0.0670995670995671 0.9821428571428571 1.0 0.0 0.904008726479411 0.24434389140271492,465816.53178150696,0.017857142857142856,1377,5 419 1211 1104 102 3006 91,0.0 0.7337662337662337 0.8178571428571428 0.1313376987839102 0.7168141592920354 0.4843196073084265 0.9457013574660633,81764.00281733846,0.4107142857142857,4890,10 358 949 1530 91 2833 97,0.1724137931034483 0.6017316017316018 0.5839285714285715 0.21103835360149673 0.6194690265486725 0.4371420779929097 0.9728506787330317,238704.56851860922,0.14285714285714285,6648,34 541 796 999 133 1642 56,1.0 0.9978354978354979 0.4473214285714286 0.1116931711880262 0.9911504424778761 0.11235342241614399 0.7873303167420814,1104469.4831492407,0.017857142857142856,2346,21 419 356 627 58 1315 50,0.5517241379310345 0.7337662337662337 0.054464285714285715 0.042095416276894296 0.3274336283185841 0.02317971093536951 0.7601809954751131,625721.2349220143,0.7821428571428571,6068,17 401 295 414 49 1230 55,0.41379310344827586 0.6948051948051948 0.0 0.002245088868101029 0.24778761061946902 0.0 0.7828054298642534,483301.42958415527,0.7928571428571428,8780,34 542 797 1001 134 1643 58,1.0 1.0 0.44821428571428573 0.11206735266604304 1.0 0.11262612489773657 0.7963800904977375,1104696.1328511485,0.017857142857142856,2319,21 416 363 642 64 1328 59,0.5517241379310345 0.7272727272727273 0.060714285714285714 0.04490177736202058 0.3805309734513274 0.026724843196073083 0.8009049773755657,625142.5765435665,0.7821428571428571,6356,18 411 377 402 40 1255 52,0.4482758620689655 0.7164502164502164 0.07321428571428572 0.0 0.168141592920354 0.006817562039814562 0.7692307692307693,520670.67813681165,0.7928571428571428,8009,19 120 1415 5281 25 4897 -24,0.4827586206896552 0.08658008658008658 1.0 0.9128157156220768 0.035398230088495575 1.0 0.4253393665158371,502343.4102256613,0.017857142857142856,8474
resolved-p7d-c21d-3600-all/resolved-p7d-c21d-3600-1st/nsp-n20-d28-r0.10-rp2-fp2-s0,0 0 0 0 0 65 -59,0.0 0.0 0.0 0.0 0.0 0.11538461538461539 0.0,1.153846153846154,0.22142857142857142,317,0 0 0 0 0 62 -42,0.0 0.0 0.0 0.0 0.0 0.0 0.5483870967741935,0.5483870967741935,0.2,215,0 0 0 0 0 67 -54,0.0 0.0 0.0 0.0 0.0 0.19230769230769232 0.16129032258064516,2.0843672456575684,0.14285714285714285,196.0,0 0 0 0 0 80 -41,0.0 0.0 0.0 0.0 0.0 0.6923076923076923 0.5806451612903226,7.503722084367246,0.08571428571428572,276,0 0 0 0 0 88 -28,0.0 0.0 0.0 0.0 0.0 1.0 1.0,11.0,0.37857142857142856,31,0 0 0 0 0 79 -41,0.0 0.0 0.0 0.0 0.0 0.6538461538461539 0.5806451612903226,7.119106699751861,0.08571428571428572,143,0 0 0 0 0 74 -56,0.0 0.0 0.0 0.0 0.0 0.46153846153846156 0.0967741935483871,4.712158808933003,0.08571428571428572,244,0 0 0 0 0 83 -38,0.0 0.0 0.0 0.0 0.0 0.8076923076923077 0.6774193548387096,8.754342431761787,0.3142857142857143,50,0 0 0 0 0 76 -51,0.0 0.0 0.0 0.0 0.0 0.5384615384615384 0.25806451612903225,5.642679900744416,0.08571428571428572,324,0 0 0 0 0 82 -39,0.0 0.0 0.0 0.0 0.0 0.7692307692307693 0.6451612903225806,8.337468982630273,0.08571428571428572,142,0 0 0 0 0 74 -48,0.0 0.0 0.0 0.0 0.0 0.46153846153846156 0.3548387096774194,4.970223325062035,0.3142857142857143,26,0 0 0 0 0 72 -57,0.0 0.0 0.0 0.0 0.0 0.38461538461538464 0.06451612903225806,3.9106699751861043,0.08571428571428572,78,0 0 0 0 0 75 -37,0.0 0.0 0.0 0.0 0.0 0.5 0.7096774193548387,5.709677419354839,0.08571428571428572,352,0 0 0 0 0 83 -28,0.0 0.0 0.0 0.0 0.0 0.8076923076923077 1.0,9.076923076923077,0.42142857142857143,75,0 0 0 0 0 81 -58,0.0 0.0 0.0 0.0 0.0 0.7307692307692307 0.03225806451612903,7.3399503722084365,0.08571428571428572,244,0 0 0 0 0 75 -34,0.0 0.0 0.0 0.0 0.0 0.5 0.8064516129032258,5.806451612903226,0.08571428571428572,350,0 0 0 0 0 83 -28,0.0 0.0 0.0 0.0 0.0 0.8076923076923077 1.0,9.076923076923077,0.42142857142857143,75,0 0 0 0 0 81 -58,0.0 0.0 0.0 0.0 0.0 0.7307692307692307 0.03225806451612903,7.3399503722084365,0.08571428571428572,244,0 0 0 0 0 83 -52,0.0 0.0 0.0 0.0 0.0 0.8076923076923077 0.22580645161290322,8.30272952853598,0.08571428571428572,165
resolved-p7d-c21d-3600-all/resolved-p7d-c21d-3600-1st/nsp-n10-d28-r0.10-rp0-fp0-s1,0 1 0 1 0 108 -26,0.0 0.0 0.0 0.02040816326530612 0.0 0.04814004376367615 0.27586206896551724,21.1654257719084,0.5,14524,0 1 0 3 0 101 -34,0.0 0.0 0.0 0.061224489795918366 0.0 0.03282275711159737 0.0,61.55271736703434,0.38571428571428573,14308,4 2 1 0 0 98 -30,1.0 0.16666666666666666 0.017543859649122806 0.0 0.0 0.0262582056892779 0.13793103448275862,1016842.5057762492,0.014285714285714285,13962.0,4 2 1 0 0 86 -31,1.0 0.16666666666666666 0.017543859649122806 0.0 0.0 0.0 0.10344827586206896,1016842.2087114338,0.014285714285714285,3819,0 1 0 0 0 101 -31,0.0 0.0 0.0 0.0 0.0 0.03282275711159737 0.10344827586206896,0.4316758469780427,0.5428571428571428,10401,0 1 0 0 0 97 -33,0.0 0.0 0.0 0.0 0.0 0.024070021881838075 0.034482758620689655,0.2751829774390704,0.4,5638,4 2 1 0 0 86 -34,1.0 0.16666666666666666 0.017543859649122806 0.0 0.0 0.0 0.0,1016842.1052631579,0.014285714285714285,3822,0 1 0 0 0 101 -33,0.0 0.0 0.0 0.0 0.0 0.03282275711159737 0.034482758620689655,0.3627103297366634,0.5428571428571428,10403,0 1 0 0 0 97 -31,0.0 0.0 0.0 0.0 0.0 0.024070021881838075 0.10344827586206896,0.3441484946804497,0.4,5636,4 2 1 0 0 86 -31,1.0 0.16666666666666666 0.017543859649122806 0.0 0.0 0.0 0.10344827586206896,1016842.2087114338,0.014285714285714285,3819,0 1 0 0 0 101 -31,0.0 0.0 0.0 0.0 0.0 0.03282275711159737 0.10344827586206896,0.4316758469780427,0.5428571428571428,10401,0 1 0 0 0 101 -29,0.0 0.0 0.0 0.0 0.0 0.03282275711159737 0.1724137931034483,0.5006413642194221,0.4,5634,4 2 1 0 0 107 -27,1.0 0.16666666666666666 0.017543859649122806 0.0 0.0 0.045951859956236324 0.2413793103448276,1016842.8061610678,0.014285714285714285,12201,0 7 57 49 19 543 -5,0.0 1.0 1.0 1.0 1.0 1.0 1.0,111111.0,0.7,34305,0 1 17 26 2 351 -19,0.0 0.0 0.2982456140350877 0.5306122448979592 0.10526315789473684 0.5798687089715536 0.5172413793103449,3529.9106295073357,0.5428571428571428,25768,4 2 1 0 0 101 -29,1.0 0.16666666666666666 0.017543859649122806 0.0 0.0 0.03282275711159737 0.1724137931034483,1016842.6059045221,0.014285714285714285,12212,0 7 52 48 19 515 -8,0.0 1.0 0.9122807017543859 0.9795918367346939 1.0 0.9387308533916849 0.896551724137931,110212.68271453661,0.7,34409,0 1 12 23 1 326 -15,0.0 0.0 0.21052631578947367 0.46938775510204084 0.05263157894736842 0.5251641137855579 0.6551724137931034,2585.820884443163,0.5285714285714286,26150,4 2 1 0 0 108 -25,1.0 0.16666666666666666 0.017543859649122806 0.0 0.0 0.04814004376367615 0.3103448275862069,1016842.8970084231,0.014285714285714285,13048
resolved-p7d-c21d-3600-all/resolved-p7d-c21d-3600-1st/nsp-n30-d28-r0.10-rp2-fp2-s6,3 56 593 1434 31 2334 38,0.5 0.012987012987012988 0.03881278538812785 0.600896860986547 0.075 0.9246861924686193 0.25,502304.7228754938,0.009523809523809525,11053,3 56 593 1438 30 2325 41,0.5 0.012987012987012988 0.03881278538812785 0.6038863976083707 0.06666666666666667 0.9121338912133892 0.3181818181818182,502306.8217375879,0.009523809523809525,11020,3 56 593 1418 35 2346 55,0.5 0.012987012987012988 0.03881278538812785 0.5889387144992526 0.10833333333333334 0.9414225941422594 0.6363636363636364,502296.65178999293,0.009523809523809525,11121.0,3 55 559 1968 22 2208 27,0.5 0.008658008658008658 0.0 1.0 0.0 0.7489539748953975 0.0,501873.2904055498,0.009523809523809525,3344,0 236 959 652 135 1706 71,0.0 0.7922077922077922 0.45662100456621 0.016442451420029897 0.9416666666666667 0.04881450488145049 1.0,83899.08652957683,0.29523809523809524,5245,0 284 1146 633 119 1837 66,0.0 1.0 0.6700913242009132 0.002242152466367713 0.8083333333333333 0.2315202231520223 0.8863636363636364,106787.19029367671,0.3333333333333333,5135,3 100 562 1855 35 2137 48,0.5 0.20346320346320346 0.003424657534246575 0.9155455904334828 0.10833333333333334 0.6499302649930265 0.4772727272727273,521313.92242080683,0.009523809523809525,3718,0 236 959 651 135 1671 46,0.0 0.7922077922077922 0.45662100456621 0.01569506726457399 0.9416666666666667 0.0 0.4318181818181818,83897.28281855438,0.40476190476190477,5258,0 283 1153 630 134 1820 65,0.0 0.9956709956709957 0.678082191780822 0.0 0.9333333333333333 0.20781032078103207 0.8636363636363636,106444.19655781258,0.40476190476190477,5240,3 103 581 1917 29 2100 37,0.5 0.21645021645021645 0.02511415525114155 0.9618834080717489 0.058333333333333334 0.5983263598326359 0.22727272727272727,522870.0904752637,0.009523809523809525,3460,0 236 959 651 135 1671 46,0.0 0.7922077922077922 0.45662100456621 0.01569506726457399 0.9416666666666667 0.0 0.4318181818181818,83897.28281855438,0.40476190476190477,5258,0 284 1146 635 119 1837 64,0.0 1.0 0.6700913242009132 0.0037369207772795215 0.8083333333333333 0.2315202231520223 0.8409090909090909,106788.63960744218,0.32857142857142857,5128,6 237 1226 1004 142 2112 31,1.0 0.7965367965367965 0.7614155251141552 0.2795216741405082 1.0 0.6150627615062761 0.09090909090909091,1087653.5981156677,0.009523809523809525,4055,5 188 1218 692 119 1955 65,0.8333333333333334 0.5844155844155844 0.752283105022831 0.04633781763826607 0.8083333333333333 0.39609483960948394 0.8636363636363636,899429.7185608514,0.7380952380952381,8311,3 257 1435 766 137 2018 62,0.5 0.8831168831168831 1.0 0.10164424514200299 0.9583333333333334 0.4839609483960948 0.7954545454545454,598514.8009541931,0.8,9190,6 233 1223 1011 141 2134 33,1.0 0.7792207792207793 0.7579908675799086 0.28475336322869954 0.9916666666666667 0.6457461645746164 0.13636363636363635,1085892.5004530544,0.009523809523809525,4162,3 196 1204 695 139 1895 56,0.5 0.6190476190476191 0.7363013698630136 0.04857997010463378 0.975 0.3124128312412831 0.6590909090909091,569417.6387927182,0.7380952380952381,9099,5 198 1227 716 135 1927 59,0.8333333333333334 0.6277056277056277 0.7625570776255708 0.06427503736920777 0.9416666666666667 0.35704323570432356 0.7272727272727273,903892.206289272,0.8,8985,4 53 600 1848 30 2388 38,0.6666666666666666 0.0 0.04680365296803653 0.9103139013452914 0.06666666666666667 1.0 0.25,668061.933764359,0.009523809523809525,12079
resolved-p7d-c21d-3600-all/resolved-p7d-c21d-3600-1st/nsp-n20-d28-r0.10-rp2-fp2-s5,4 3 179 961 5 870 29,1.0 0.017543859649122806 0.19209809264305178 1.0 0.03125 0.4167385677308024 0.2465753424657534,1004682.9058523626,0.007142857142857143,17194,3 3 164 668 4 806 27,0.75 0.017543859649122806 0.17166212534059946 0.6636050516647531 0.0 0.361518550474547 0.2191780821917808,754138.44663357,0.007142857142857143,18502,3 3 168 668 4 810 18,0.75 0.017543859649122806 0.1771117166212534 0.6636050516647531 0.0 0.36496980155306297 0.0958904109589041,754192.853771216,0.007142857142857143,18030.0,3 5 205 430 4 868 15,0.75 0.03508771929824561 0.22752043596730245 0.39035591274397247 0.0 0.41501294219154444 0.0547945205479452,756178.537126184,0.007142857142857143,17721,0 65 303 533 32 926 64,0.0 0.5614035087719298 0.36103542234332425 0.5086107921928817 0.875 0.46505608283002586 0.726027397260274,60352.192481044665,0.7,14976,0 115 275 494 31 778 64,0.0 1.0 0.3228882833787466 0.46383467278989665 0.84375 0.3373597929249353 0.726027397260274,103781.19213190387,0.5571428571428572,13547,3 5 206 428 4 859 11,0.75 0.03508771929824561 0.22888283378746593 0.3880597014925373 0.0 0.4072476272648835 0.0,756189.7324454644,0.007142857142857143,17574,0 65 291 522 28 924 70,0.0 0.5614035087719298 0.3446866485013624 0.49598163030998854 0.75 0.4633304572907679 0.8082191780821918,60163.64051626758,0.7142857142857143,15360,0 112 276 463 36 796 40,0.0 0.9736842105263158 0.3242506811989101 0.42824339839265213 1.0 0.3528904227782571 0.3972602739726027,101143.0974275151,0.5428571428571428,14326,3 5 208 430 5 873 19,0.75 0.03508771929824561 0.23160762942779292 0.39035591274397247 0.03125 0.41932700603968937 0.1095890410958904,756222.6319959479,0.007142857142857143,16841,0 66 306 531 30 911 57,0.0 0.5701754385964912 0.3651226158038147 0.5063145809414467 0.8125 0.45211389128559104 0.6301369863013698,61261.485874527876,0.7,14195,0 115 275 498 31 786 61,0.0 1.0 0.3228882833787466 0.46842709529276694 0.84375 0.3442622950819672 0.684931506849315,103785.8124835379,0.5571428571428572,13529,3 42 746 772 28 1517 84,0.75 0.35964912280701755 0.9645776566757494 0.78300803673938 0.75 0.9749784296807593 1.0,796479.4466684954,0.4785714285714286,15700,0 1 78 102 10 570 34,0.0 0.0 0.05449591280653951 0.013777267508610792 0.1875 0.15789473684210525 0.3150684931506849,579.3804114355777,0.6571428571428571,17167,0 1 43 122 11 387 38,0.0 0.0 0.006811989100817439 0.03673938002296211 0.21875 0.0 0.3698630136986301,127.10413404483513,0.44285714285714284,15429,4 48 772 773 26 1546 84,1.0 0.41228070175438597 1.0 0.7841561423650976 0.6875 1.0 1.0,1052091.9763178036,0.4785714285714286,15351,0 1 78 108 10 605 42,0.0 0.0 0.05449591280653951 0.02066590126291619 0.1875 0.18809318377911993 0.4246575342465753,586.6806187003491,0.6571428571428571,16945,0 1 38 90 12 410 31,0.0 0.0 0.0 0.0 0.25 0.01984469370146678 0.273972602739726,25.472419539754394,0.45,16471,3 4 168 305 5 797 24,0.75 0.02631578947368421 0.1771117166212534 0.2468427095292767 0.03125 0.3537532355478861 0.1780821917808219,754656.3794376575,0.007142857142857143,18500
resolved-p7d-c21d-3600-all/resolved-p7d-c21d-3600-1st/nsp-n40-d28-r0.10-rp2-fp2-s6,14 10 1365 5214 5 4923 -49,1.0 0.0 0.4238952536824877 0.43283113622096675 0.04597701149425287 0.653793481238017 0.11560693641618497,1004683.0349159441,0.010714285714285714,8535,12 12 1252 3905 6 4582 -69,0.8461538461538461 0.006134969325153374 0.3314238952536825 0.29587779870265746 0.05747126436781609 0.5603944124897289 0.0,850388.8109081626,0.010714285714285714,10940,13 12 1288 4307 6 4678 -64,0.9230769230769231 0.006134969325153374 0.3608837970540098 0.33793680686336053 0.05747126436781609 0.5866885784716516 0.028901734104046242,927648.8377007975,0.010714285714285714,10597.0,8 16 1126 3761 2 3759 -26,0.5384615384615384 0.018404907975460124 0.22831423895253683 0.28081188533165935 0.011494252873563218 0.3349767187072035 0.24855491329479767,542870.7312813292,0.010714285714285714,7702,5 271 847 1147 21 2536 47,0.3076923076923077 0.8006134969325154 0.0 0.00732370788867964 0.22988505747126436 0.0 0.6705202312138728,387784.64011942624,0.17142857142857143,1338,5 336 940 1077 39 2549 47,0.3076923076923077 1.0 0.07610474631751228 0.0 0.4367816091954023 0.0035606683100520404 0.6705202312138728,408497.73944331665,0.17857142857142858,2188,6 15 1086 3544 1 3629 -15,0.38461538461538464 0.015337423312883436 0.1955810147299509 0.25810839087675247 0.0 0.2993700356066831 0.31213872832369943,388366.35132393363,0.010714285714285714,7888,6 167 1028 1630 23 3077 85,0.38461538461538464 0.4815950920245399 0.14811783960720132 0.05785729232056916 0.25287356321839083 0.1481785812106272 0.8901734104046243,434341.5888217755,0.14285714285714285,1295,6 270 992 1441 23 2846 41,0.38461538461538464 0.7975460122699386 0.11865793780687398 0.038083281021134126 0.25287356321839083 0.08490824431662558 0.6358381502890174,465621.4207783837,0.17857142857142858,1703,6 15 1086 3527 2 3629 -16,0.38461538461538464 0.015337423312883436 0.1955810147299509 0.2563297761037874 0.011494252873563218 0.2993700356066831 0.3063583815028902,388365.7163541012,0.010714285714285714,7910,7 96 1094 3131 16 3495 44,0.46153846153846156 0.26380368098159507 0.20212765957446807 0.2148985143335426 0.1724137931034483 0.2626677622569159 0.653179190751445,490175.52598282293,0.1392857142857143,1099,6 270 992 1441 23 2846 41,0.38461538461538464 0.7975460122699386 0.11865793780687398 0.038083281021134126 0.25287356321839083 0.08490824431662558 0.6358381502890174,465621.4207783837,0.17857142857142858,1703,11 12 2069 10635 2 6187 -8,0.7692307692307693 0.006134969325153374 1.0 1.0 0.011494252873563218 1.0 0.35260115606936415,780855.768189728,0.575,3615,5 21 1537 5200 16 5379 104,0.3076923076923077 0.03374233128834356 0.5646481178396072 0.4313663946432308 0.1724137931034483 0.7786907696521501 1.0,317170.4166811882,0.65,6324,1 27 1375 2107 78 4245 91,0.0 0.05214723926380368 0.4320785597381342 0.10776313036200041 0.8850574712643678 0.46809093399068746 0.9248554913294798,9737.384166081383,0.6678571428571428,7593,10 11 1900 8945 4 6025 13,0.6923076923076923 0.003067484662576687 0.8617021276595744 0.8231847666875916 0.034482758620689655 0.9556285949055053 0.47398843930635837,702068.1253674837,0.575,4341,3 29 1447 4698 19 5095 104,0.15384615384615385 0.05828220858895705 0.4909983633387889 0.3788449466415568 0.20689655172413793 0.7009038619556286 1.0,164991.90197887097,0.65,7115,1 29 1392 2107 88 4268 92,0.0 0.05828220858895705 0.4459901800327332 0.10776313036200041 1.0 0.47439057792385647 0.930635838150289,10501.560331202427,0.6678571428571428,7511,4 16 1037 2612 16 3910 -39,0.23076923076923078 0.018404907975460124 0.15548281505728315 0.16059845155890354 0.1724137931034483 0.3763352506162695 0.17341040462427745,234346.32631112967,0.010714285714285714,9876
resolved-p7d-c21d-3600-all/resolved-p7d-c21d-3600-1st/nsp-n30-d28-r0.10-rp2-fp2-s1,4 6 609 2189 19 2071 6,0.8 0.02054794520547945 0.5517241379310345 0.5623251476530929 0.2535211267605634 0.39652069586082783 0.2545454545454545,808163.9329126006,0.009523809523809525,11030,4 6 615 2189 19 2090 -3,0.8 0.02054794520547945 0.5615763546798029 0.5623251476530929 0.2535211267605634 0.40791841631673664 0.09090909090909091,808262.4054209292,0.009523809523809525,10620,4 6 626 2185 17 2109 10,0.8 0.02054794520547945 0.5796387520525451 0.5610817531861984 0.22535211267605634 0.41931613677264545 0.32727272727272727,808439.3194396222,0.009523809523809525,10050.0,4 11 341 1749 17 1705 -2,0.8 0.03767123287671233 0.1116584564860427 0.4255517562946845 0.22535211267605634 0.17696460707858427 0.10909090909090909,805333.6735570738,0.009523809523809525,5281,0 175 659 587 68 1798 47,0.0 0.5993150684931506 0.6338259441707718 0.0643456636617967 0.9436619718309859 0.23275344931013797 1.0,66431.80568636078,0.5095238095238095,3069,1 292 681 1006 67 1633 14,0.2 1.0 0.6699507389162561 0.19459123406900838 0.9295774647887324 0.13377324535092983 0.4,306988.7941021639,0.1761904761904762,2901,4 12 364 2096 12 1852 -8,0.8 0.0410958904109589 0.14942528735632185 0.533416226297793 0.15492957746478872 0.26514697060587883 0.0,806155.4025684095,0.009523809523809525,4780,0 175 659 587 68 1799 44,0.0 0.5993150684931506 0.6338259441707718 0.0643456636617967 0.9436619718309859 0.23335332933413316 0.9454545454545454,66431.75713970647,0.4857142857142857,3068,3 262 578 983 65 1692 40,0.6 0.8972602739726028 0.5008210180623974 0.1874417158843643 0.9014084507042254 0.16916616676664667 0.8727272727272727,695014.3845277794,0.28095238095238095,2779,4 11 299 1204 24 1711 3,0.8 0.03767123287671233 0.042692939244663386 0.2561392601802922 0.323943661971831 0.18056388722255548 0.2,804484.5919453675,0.009523809523809525,5821,0 174 638 551 72 1673 39,0.0 0.5958904109589042 0.5993431855500821 0.05315511345974511 1.0 0.15776844631073786 0.8545454545454545,65738.06029476864,0.41904761904761906,3085,1 292 657 1084 72 1640 29,0.2 1.0 0.6305418719211823 0.21883742617345353 1.0 0.13797240551889622 0.6727272727272727,306626.3085967132,0.30952380952380953,2923,4 1 306 518 36 1522 32,0.8 0.003424657534246575 0.054187192118226604 0.04289710910786447 0.49295774647887325 0.06718656268746251 0.7272727272727273,800977.9296967168,0.009523809523809525,6662,0 0 784 3258 9 2929 29,0.0 0.0 0.8390804597701149 0.8946223189306808 0.11267605633802817 0.9112177564487103 0.6727272727272727,9306.479427102848,0.6571428571428571,4777,0 0 882 3597 1 3077 27,0.0 0.0 1.0 1.0 0.0 1.0 0.6363636363636364,11010.636363636364,0.5571428571428572,4719,4 1 273 380 38 1410 21,0.8 0.003424657534246575 0.0 0.0 0.5211267605633803 0.0 0.5272727272727272,800395.1057022082,0.009523809523809525,7263,0 0 746 3272 9 2894 27,0.0 0.0 0.7766830870279147 0.898974199564812 0.11267605633802817 0.8902219556088782 0.6363636363636364,8686.611258670213,0.6714285714285714,5073,0 0 864 3597 1 3059 16,0.0 0.0 0.9704433497536946 1.0 0.0 0.9892021595680864 0.43636363636363634,10714.76188276899,0.5571428571428572,4778,5 3 467 1557 12 2153 -1,1.0 0.010273972602739725 0.3185550082101806 0.3658688218837426 0.15492957746478872 0.44571085782843434 0.12727272727272726,1004598.8935033116,0.009523809523809525,13521
resolved-p7d-c21d-3600-all/resolved-p7d-c21d-3600-1st/nsp-n50-d28-r0.10-rp2-fp2-s0,10 93 1955 2100 89 6175 49,0.1875 0.014583333333333334 0.0 0.1352453254604246 0.2864583333333333 0.5194202898550725 0.7675675675675676,189128.1862625932,0.02,6720,10 93 1956 2106 90 6175 39,0.1875 0.014583333333333334 0.0004329004329004329 0.1360888513988472 0.2916666666666667 0.5194202898550725 0.7135135135135136,189133.8255721399,0.02,6656,9 102 1964 2105 96 6151 47,0.15625 0.03333333333333333 0.003896103896103896 0.13594826374244343 0.3229166666666667 0.5124637681159421 0.7567567567567568,159796.4156971414,0.02,6789.0,8 99 2365 5119 34 7238 -20,0.125 0.027083333333333334 0.1774891774891775 0.5596794601433994 0.0 0.827536231884058 0.3945945945945946,130051.57452528195,0.02,2808,8 451 2791 1717 154 5502 46,0.125 0.7604166666666666 0.3619047619047619 0.08140025305778152 0.625 0.3243478260869565 0.7513513513513513,204808.6093683843,0.28285714285714286,518,4 539 2025 1663 137 4480 92,0.0 0.94375 0.030303030303030304 0.07380851961197807 0.5364583333333334 0.028115942028985506 1.0,94806.7658153959,0.29714285714285715,1060,8 99 2365 5119 34 7239 -20,0.125 0.027083333333333334 0.1774891774891775 0.5596794601433994 0.0 0.8278260869565217 0.3945945945945946,130051.57742383267,0.02,2807,7 544 2520 1553 170 4857 39,0.09375 0.9541666666666667 0.24458874458874458 0.05834387740756362 0.7083333333333334 0.1373913043478261 0.7135135135135136,191743.818749852,0.18857142857142858,557,4 539 2025 1663 137 4480 92,0.0 0.94375 0.030303030303030304 0.07380851961197807 0.5364583333333334 0.028115942028985506 1.0,94806.7658153959,0.29714285714285715,1060,8 95 2324 4778 36 7139 -4,0.125 0.01875 0.15974025974025974 0.5117390693097146 0.010416666666666666 0.7988405797101449 0.4810810810810811,128993.65282025716,0.02,2984,7 544 2520 1553 170 4857 39,0.09375 0.9541666666666667 0.24458874458874458 0.05834387740756362 0.7083333333333334 0.1373913043478261 0.7135135135135136,191743.818749852,0.18857142857142858,557,4 539 2025 1663 137 4480 92,0.0 0.94375 0.030303030303030304 0.07380851961197807 0.5364583333333334 0.028115942028985506 1.0,94806.7658153959,0.29714285714285715,1060,35 566 3750 2334 143 4383 8,0.96875 1.0 0.7770562770562771 0.16814283705890623 0.5677083333333334 0.0 0.5459459459459459,1076746.0223869008,0.02,1238,9 229 4265 1167 226 6356 40,0.15625 0.29791666666666666 1.0 0.004077042035709265 1.0 0.5718840579710145 0.7189189189189189,196152.18146820102,0.7914285714285715,5187,17 332 4251 1343 126 5292 47,0.40625 0.5125 0.9939393939393939 0.02882046956277239 0.4791666666666667 0.2634782608695652 0.7567567567567568,467519.52261498885,0.8057142857142857,3625,36 532 4019 2339 141 4526 11,1.0 0.9291666666666667 0.8935064935064935 0.16884577534092507 0.5572916666666666 0.04144927536231884 0.5621621621621622,1102077.283198655,0.02,1207,9 229 4261 1138 224 6319 42,0.15625 0.29791666666666666 0.9982683982683983 0.0 0.9895833333333334 0.5611594202898551 0.7297297297297297,196129.65030661662,0.7914285714285715,5220,15 330 3835 1346 143 5136 45,0.34375 0.5083333333333333 0.8138528138528138 0.029242232531983693 0.5677083333333334 0.2182608695652174 0.745945945945946,402810.80309236835,0.8057142857142857,4212,18 86 2664 8251 41 7833 -93,0.4375 0.0 0.30692640692640694 1.0 0.036458333333333336 1.0 0.0,441582.9099025974,0.02,6772
resolved-p7d-c21d-3600-all/resolved-p7d-c21d-3600-1st/nsp-n50-d28-r0.10-rp2-fp2-s9,0 0 0 0 0 407 -142,0.0 0.0 0.0 0.0 0.0 0.11971830985915492 0.43283582089552236,1.6300189194870716,0.13714285714285715,355,0 0 0 0 0 394 -171,0.0 0.0 0.0 0.0 0.0 0.028169014084507043 0.0,0.28169014084507044,0.15428571428571428,307,0 0 0 0 0 420 -163,0.0 0.0 0.0 0.0 0.0 0.2112676056338028 0.11940298507462686,2.232079041412655,0.13428571428571429,275.0,0 0 0 0 0 401 -153,0.0 0.0 0.0 0.0 0.0 0.07746478873239436 0.26865671641791045,1.043304603741854,0.07428571428571429,181,0 0 0 0 0 406 -146,0.0 0.0 0.0 0.0 0.0 0.11267605633802817 0.373134328358209,1.4998948917384907,0.3742857142857143,41,0 0 0 0 0 448 -137,0.0 0.0 0.0 0.0 0.0 0.4084507042253521 0.5074626865671642,4.591969728820685,0.07428571428571429,195,0 0 0 0 0 390 -130,0.0 0.0 0.0 0.0 0.0 0.0 0.6119402985074627,0.6119402985074627,0.07428571428571429,155,0 0 0 0 0 532 -104,0.0 0.0 0.0 0.0 0.0 1.0 1.0,11.0,0.29714285714285715,34,0 0 0 0 0 421 -141,0.0 0.0 0.0 0.0 0.0 0.21830985915492956 0.44776119402985076,2.6308597855791462,0.07428571428571429,141,0 0 0 0 0 448 -171,0.0 0.0 0.0 0.0 0.0 0.4084507042253521 0.0,4.084507042253521,0.07428571428571429,330,0 0 0 0 0 524 -133,0.0 0.0 0.0 0.0 0.0 0.9436619718309859 0.5671641791044776,10.003783897414335,0.3314285714285714,44,0 0 0 0 0 448 -133,0.0 0.0 0.0 0.0 0.0 0.4084507042253521 0.5671641791044776,4.651671221357999,0.07428571428571429,171,0 0 0 0 0 459 -115,0.0 0.0 0.0 0.0 0.0 0.4859154929577465 0.835820895522388,5.694975825099853,0.07428571428571429,552,0 0 0 0 0 453 -127,0.0 0.0 0.0 0.0 0.0 0.44366197183098594 0.6567164179104478,5.093336136220307,0.5228571428571429,148,0 0 0 0 0 485 -127,0.0 0.0 0.0 0.0 0.0 0.6690140845070423 0.6567164179104478,7.34685726298087,0.07428571428571429,371,0 0 0 0 0 443 -131,0.0 0.0 0.0 0.0 0.0 0.3732394366197183 0.5970149253731343,4.329409291570317,0.07428571428571429,581,0 0 0 0 0 453 -127,0.0 0.0 0.0 0.0 0.0 0.44366197183098594 0.6567164179104478,5.093336136220307,0.5228571428571429,148,0 0 0 0 0 485 -127,0.0 0.0 0.0 0.0 0.0 0.6690140845070423 0.6567164179104478,7.34685726298087,0.07428571428571429,371,0 0 0 0 0 447 -141,0.0 0.0 0.0 0.0 0.0 0.4014084507042254 0.44776119402985076,4.461845701072105,0.09142857142857143,79
