,lnps-10-org-obj,lnps-10-nrm-obj,lnps-10-obj,lnps-10-diff,lnps-10-freq,lnps-30-org-obj,lnps-30-nrm-obj,lnps-30-obj,lnps-30-diff,lnps-30-freq,lnps-60-org-obj,lnps-60-nrm-obj,lnps-60-obj,lnps-60-diff,lnps-60-freq,mp-is1-p-hi-org-obj,mp-is1-p-hi-nrm-obj,mp-is1-p-hi-obj,mp-is1-p-hi-diff,mp-is1-p-hi-freq,mp-is1-p-low-org-obj,mp-is1-p-low-nrm-obj,mp-is1-p-low-obj,mp-is1-p-low-diff,mp-is1-p-low-freq,mp-is1-p-mid-org-obj,mp-is1-p-mid-nrm-obj,mp-is1-p-mid-obj,mp-is1-p-mid-diff,mp-is1-p-mid-freq,mp-is10-p-hi-org-obj,mp-is10-p-hi-nrm-obj,mp-is10-p-hi-obj,mp-is10-p-hi-diff,mp-is10-p-hi-freq,mp-is10-p-low-org-obj,mp-is10-p-low-nrm-obj,mp-is10-p-low-obj,mp-is10-p-low-diff,mp-is10-p-low-freq,mp-is10-p-mid-org-obj,mp-is10-p-mid-nrm-obj,mp-is10-p-mid-obj,mp-is10-p-mid-diff,mp-is10-p-mid-freq,mp-is100-p-hi-org-obj,mp-is100-p-hi-nrm-obj,mp-is100-p-hi-obj,mp-is100-p-hi-diff,mp-is100-p-hi-freq,mp-is100-p-low-org-obj,mp-is100-p-low-nrm-obj,mp-is100-p-low-obj,mp-is100-p-low-diff,mp-is100-p-low-freq,mp-is100-p-mid-org-obj,mp-is100-p-mid-nrm-obj,mp-is100-p-mid-obj,mp-is100-p-mid-diff,mp-is100-p-mid-freq,mp-p-hi-org-obj,mp-p-hi-nrm-obj,mp-p-hi-obj,mp-p-hi-diff,mp-p-hi-freq,mp-p-low-org-obj,mp-p-low-nrm-obj,mp-p-low-obj,mp-p-low-diff,mp-p-low-freq,mp-p-mid-org-obj,mp-p-mid-nrm-obj,mp-p-mid-obj,mp-p-mid-diff,mp-p-mid-freq,mp-ps-p-hi-org-obj,mp-ps-p-hi-nrm-obj,mp-ps-p-hi-obj,mp-ps-p-hi-diff,mp-ps-p-hi-freq,mp-ps-p-low-org-obj,mp-ps-p-low-nrm-obj,mp-ps-p-low-obj,mp-ps-p-low-diff,mp-ps-p-low-freq,mp-ps-p-mid-org-obj,mp-ps-p-mid-nrm-obj,mp-ps-p-mid-obj,mp-ps-p-mid-diff,mp-ps-p-mid-freq,ps-org-obj,ps-nrm-obj,ps-obj,ps-diff,ps-freq
resolved-p7d-c21d-3600-all/resolved-p7d-c21d-3600-3rd/nsp-n50-d28-r0.10-rp2-fp2-s8,29 62 4177 12268 78 10168 -256,0.0 0.003875968992248062 0.003476505551194348 0.9909121227280306 0.048440065681444995 0.9499386503067485 0.0035211267605633804,1427.6209916627529,0.005714285714285714,853,29 62 4183 12285 78 10179 -254,0.0 0.003875968992248062 0.004149377593360996 0.9923294980823745 0.048440065681444995 0.952638036809816 0.01056338028169014,1435.801123557315,0.005714285714285714,813,29 62 4182 12221 78 10169 -255,0.0 0.003875968992248062 0.0040372322529998875 0.9869934967483742 0.048440065681444995 0.9501840490797546 0.007042253521126761,1429.3156078156426,0.005714285714285714,822.0,29 61 4304 12377 78 10360 -228,0.0 0.0 0.017718963777055063 1.0 0.048440065681444995 0.9970552147239263 0.10211267605633803,1192.1063091619908,0.005714285714285714,18,29 62 4156 12261 78 10161 -254,0.0 0.003875968992248062 0.00112145340361108 0.9903284975821244 0.048440065681444995 0.9482208588957055 0.01056338028169014,1403.4767093804246,0.005714285714285714,759,29 62 4156 12307 78 10166 -253,0.0 0.003875968992248062 0.00112145340361108 0.9941637485409371 0.048440065681444995 0.9494478527607362 0.014084507042253521,1407.3277514046483,0.005714285714285714,756,29 61 4304 12377 78 10360 -228,0.0 0.0 0.017718963777055063 1.0 0.048440065681444995 0.9970552147239263 0.10211267605633803,1192.1063091619908,0.005714285714285714,18,29 62 4147 12190 78 10134 -257,0.0 0.003875968992248062 0.000112145340361108 0.9844088711022178 0.048440065681444995 0.9415950920245398 0.0,1387.3871812190248,0.005714285714285714,815,29 62 4146 12206 78 10132 -256,0.0 0.003875968992248062 0.0 0.9857428714357178 0.048440065681444995 0.9411042944785276 0.0035211267605633804,1387.5983413002143,0.005714285714285714,819,29 61 4304 12377 78 10360 -228,0.0 0.0 0.017718963777055063 1.0 0.048440065681444995 0.9970552147239263 0.10211267605633803,1192.1063091619908,0.005714285714285714,18,29 62 4147 12194 78 10134 -257,0.0 0.003875968992248062 0.000112145340361108 0.9847423711855928 0.048440065681444995 0.9415950920245398 0.0,1387.7206813024,0.005714285714285714,814,29 62 4156 12261 78 10161 -254,0.0 0.003875968992248062 0.00112145340361108 0.9903284975821244 0.048440065681444995 0.9482208588957055 0.01056338028169014,1403.4767093804246,0.005714285714285714,759,71 317 12741 2163 1183 10155 26,0.9767441860465116 0.9922480620155039 0.9638892004037233 0.14840753710188428 0.9556650246305419 0.9467484662576687 0.9964788732394366,1085862.3222552,0.005714285714285714,165,41 186 7374 513 27 6297 4,0.27906976744186046 0.4844961240310077 0.36200515868565664 0.010838752709688178 0.006568144499178982 0.0 0.9190140845070423,331151.84601306194,0.8257142857142857,601,43 183 7559 387 19 6370 -11,0.32558139534883723 0.4728682170542636 0.3827520466524616 0.00033350008337502084 0.0 0.017914110429447853 0.8661971830985915,376697.116359159,0.8285714285714286,601,72 319 13063 2110 1237 10372 27,1.0 1.0 1.0 0.14398866099716526 1.0 1.0 1.0,1110254.9886609972,0.005714285714285714,148,41 188 7376 491 26 6301 -8,0.27906976744186046 0.49224806201550386 0.36222944936637885 0.009004502251125562 0.005747126436781609 0.00098159509202454 0.8767605633802817,331927.3339284837,0.8257142857142857,586,43 183 7549 383 19 6369 -11,0.32558139534883723 0.4728682170542636 0.3816305932488505 0.0 0.0 0.017668711656441717 0.8661971830985915,376685.5658710518,0.8285714285714286,641,29 62 4165 12300 78 10166 -254,0.0 0.003875968992248062 0.002130761466861052 0.9935801233950309 0.048440065681444995 0.9494478527607362 0.01056338028169014,1416.833685764481,0.005714285714285714,817
resolved-p7d-c21d-3600-all/resolved-p7d-c21d-3600-3rd/nsp-n30-d28-r0.10-rp2-fp2-s5,12 4 881 6200 2 2943 -51,0.7058823529411765 0.03361344537815126 0.06748466257668712 0.3394495412844037 0.13333333333333333 0.19047619047619047 0.36792452830188677,710273.5996658093,0.009523809523809525,859,12 4 875 5927 2 2947 -50,0.7058823529411765 0.03361344537815126 0.05521472392638037 0.3073394495412844 0.13333333333333333 0.1935483870967742 0.37735849056603776,710118.8303434916,0.009523809523809525,948,12 4 880 6100 2 2943 -52,0.7058823529411765 0.03361344537815126 0.065439672801636 0.3276876029169607 0.13333333333333333 0.19047619047619047 0.3584905660377358,710241.3783957291,0.009523809523809525,895.0,14 4 1108 7582 1 3369 -89,0.8235294117647058 0.03361344537815126 0.5316973415132924 0.5019995295224653 0.06666666666666667 0.5176651305683564 0.009433962264150943,832721.5819991109,0.009523809523809525,19,11 95 1115 3373 15 2716 10,0.6470588235294118 0.7983193277310925 0.5460122699386503 0.006939543636791343 1.0 0.016129032258064516 0.9433962264150944,732458.9232320933,0.18095238095238095,432,9 119 848 3314 11 2695 16,0.5294117647058824 1.0 0.0 0.0 0.7333333333333333 0.0 1.0,629486.0980392158,0.18571428571428572,430,14 4 1108 7582 1 3369 -89,0.8235294117647058 0.03361344537815126 0.5316973415132924 0.5019995295224653 0.06666666666666667 0.5176651305683564 0.009433962264150943,832721.5819991109,0.009523809523809525,19,12 42 1219 4403 8 2948 -20,0.7058823529411765 0.35294117647058826 0.7586912065439673 0.12808750882145378 0.5333333333333333 0.19431643625192013 0.660377358490566,748947.4070375508,0.18095238095238095,391,9 119 848 3314 11 2695 16,0.5294117647058824 1.0 0.0 0.0 0.7333333333333333 0.0 1.0,629486.0980392158,0.18571428571428572,430,14 4 1108 7582 1 3369 -89,0.8235294117647058 0.03361344537815126 0.5316973415132924 0.5019995295224653 0.06666666666666667 0.5176651305683564 0.009433962264150943,832721.5819991109,0.009523809523809525,19,11 95 1116 3373 15 2716 11,0.6470588235294118 0.7983193277310925 0.5480572597137015 0.006939543636791343 1.0 0.016129032258064516 0.9528301886792453,732479.3825638061,0.18095238095238095,431,9 119 848 3314 11 2695 15,0.5294117647058824 1.0 0.0 0.0 0.7333333333333333 0.0 0.9905660377358491,629486.0886052535,0.18571428571428572,431,17 27 936 5091 3 2932 -31,1.0 0.226890756302521 0.17995910020449898 0.2090096447894613 0.2 0.18202764976958524 0.5566037735849056,1024720.0531573578,0.009523809523809525,551,0 0 1324 11798 0 3993 -90,0.0 0.0 0.9734151329243353 0.9978828510938603 0.0 0.9969278033794163 0.0,10742.003458371008,0.6523809523809524,250,0 0 1337 11482 0 3970 -83,0.0 0.0 1.0 0.9607151258527405 0.0 0.9792626728110599 0.0660377358490566,10970.573790316701,0.6285714285714286,310,17 28 919 5155 3 2930 -34,1.0 0.23529411764705882 0.14519427402862986 0.2165372853446248 0.2 0.18049155145929338 0.5283018867924528,1025220.2250077382,0.009523809523809525,546,0 0 1324 11584 0 3997 -89,0.0 0.0 0.9734151329243353 0.9727123029875323 0.0 1.0 0.009433962264150943,10716.87306619315,0.6523809523809524,267,0 0 1337 11816 0 3967 -84,0.0 0.0 1.0 1.0 0.0 0.9769585253456221 0.05660377358490566,11009.82618902704,0.6285714285714286,263,13 4 858 6658 5 2918 -68,0.7647058823529411 0.03361344537815126 0.02044989775051125 0.3933192190072924 0.3333333333333333 0.17127496159754224 0.20754716981132076,768700.2987173877,0.009523809523809525,1134
resolved-p7d-c21d-3600-all/resolved-p7d-c21d-3600-3rd/nsp-n40-d28-r0.10-rp2-fp2-s1,16 7 1766 10052 4 5271 -216,0.5 0.8 0.04357298474945534 0.036449095423909186 1.0 0.0244195356285028 0.5072463768115942,580572.9303846515,0.014285714285714285,843,16 7 1766 10060 4 5270 -214,0.5 0.8 0.04357298474945534 0.037158566867683575 1.0 0.02401921537229784 0.5362318840579711,580573.6648384,0.014285714285714285,838,16 7 1766 9995 3 5252 -206,0.5 0.8 0.04357298474945534 0.03139411138701667 0.75 0.016813450760608487 0.6521739130434783,580542.9442673022,0.014285714285714285,926.0,17 7 1737 10140 1 5215 -213,1.0 0.8 0.011982570806100218 0.04425328130542746 0.25 0.0020016012810248197 0.5507246376811594,1080189.649730017,0.014285714285714285,455,16 8 1762 10020 2 5307 -210,0.5 1.0 0.0392156862745098 0.03361120964881163 0.5 0.03883106485188151 0.5942028985507246,600476.750585941,0.017857142857142856,485,16 8 1776 9990 2 5316 -210,0.5 1.0 0.054466230936819175 0.03095069173465768 0.5 0.04243394715772618 0.5942028985507246,600626.631543473,0.017857142857142856,439,17 7 1737 10138 1 5222 -214,1.0 0.8 0.011982570806100218 0.04407591344448386 0.25 0.004803843074459567 0.5362318840579711,1080189.4858918204,0.014285714285714285,459,16 8 1776 10098 1 5307 -211,0.5 1.0 0.054466230936819175 0.04052855622561192 0.25 0.03883106485188151 0.5797101449275363,600611.1588863872,0.017857142857142856,399,16 8 1776 9991 3 5326 -212,0.5 1.0 0.054466230936819175 0.03103937566512948 0.75 0.04643714971977582 0.5652173913043478,600651.7312739218,0.017857142857142856,436,17 7 1737 10156 1 5210 -213,1.0 0.8 0.011982570806100218 0.04567222419297623 0.25 0.0 0.5507246376811594,1080191.0486568916,0.014285714285714285,440,16 8 1762 10002 2 5317 -210,0.5 1.0 0.0392156862745098 0.032014898900319264 0.5 0.04283426741393114 0.5942028985507246,600475.1943072181,0.017857142857142856,491,16 8 1762 10036 2 5332 -216,0.5 1.0 0.0392156862745098 0.03503015253636041 0.5 0.0488390712570056 0.5072463768115942,600478.1826523709,0.017857142857142856,478,17 7 2644 20917 0 7708 -229,1.0 0.8 1.0 1.0 0.0 1.0 0.3188405797101449,1091010.3188405796,0.6392857142857142,45,16 3 2467 20496 0 7318 -251,0.5 0.0 0.8071895424836601 0.9626640652713728 0.0 0.8438751000800641 0.0,509042.9982411088,0.625,1033,15 4 2511 20243 0 7357 -243,0.0 0.2 0.855119825708061 0.9402270308620078 0.0 0.8594875900720577 0.11594202898550725,29500.136105872323,0.6214285714285714,425,17 7 2644 20909 0 7708 -229,1.0 0.8 1.0 0.9992905285562256 0.0 1.0 0.3188405797101449,1091009.609369136,0.6392857142857142,46,16 3 2472 20354 0 7317 -251,0.5 0.0 0.8126361655773421 0.9500709471443775 0.0 0.8434747798238591 0.0,509084.867350716,0.6214285714285714,981,16 4 2515 20473 0 7365 -243,0.5 0.2 0.8594771241830066 0.9606243348705215 0.0 0.8626901521216973 0.11594202898550725,529564.1384202507,0.625,385,15 7 1726 9641 0 5231 -182,0.0 0.8 0.0 0.0 0.0 0.008406725380304243 1.0,80001.0840672538,0.014285714285714285,839
resolved-p7d-c21d-3600-all/resolved-p7d-c21d-3600-3rd/nsp-n30-d28-r0.10-rp2-fp2-s4,10 7 927 6145 2 2859 -69,0.5 0.21428571428571427 0.0017543859649122807 0.024362082900357927 1.0 0.03762376237623762 0.8787878787878788,521571.73239662347,0.023809523809523808,893,10 7 926 6093 2 2830 -67,0.5 0.21428571428571427 0.0 0.018358157256667822 1.0 0.018481848184818482 0.9090909090909091,521548.023495219,0.023809523809523808,936,10 7 939 6286 2 2858 -78,0.5 0.21428571428571427 0.02280701754385965 0.040641958203440715 1.0 0.036963696369636964 0.7424242424242424,521798.3956234196,0.023809523809523808,845.0,10 7 1079 7437 0 3115 -117,0.5 0.21428571428571427 0.26842105263157895 0.17353654312435055 0.0 0.2066006600660066 0.15151515151515152,524288.5360197638,0.023809523809523808,437,10 7 1083 7267 0 3190 -120,0.5 0.21428571428571427 0.2754385964912281 0.1539083246738252 0.0 0.25610561056105613 0.10606060606060606,524339.5328348692,0.023809523809523808,291,10 7 1083 7267 0 3192 -123,0.5 0.21428571428571427 0.2754385964912281 0.1539083246738252 0.0 0.25742574257425743 0.06060606060606061,524339.5005816439,0.023809523809523808,290,10 7 1079 7467 0 3094 -122,0.5 0.21428571428571427 0.26842105263157895 0.1770003463803256 0.0 0.19273927392739273 0.07575757575757576,524291.7854515825,0.023809523809523808,412,10 7 1083 7267 0 3144 -127,0.5 0.21428571428571427 0.2754385964912281 0.1539083246738252 0.0 0.22574257425742575 0.0,524339.1231439001,0.023809523809523808,294,10 7 1083 7267 0 3190 -122,0.5 0.21428571428571427 0.2754385964912281 0.1539083246738252 0.0 0.25610561056105613 0.07575757575757576,524339.502531839,0.023809523809523808,292,10 7 1079 7493 0 3102 -123,0.5 0.21428571428571427 0.26842105263157895 0.18000230920217064 0.0 0.19801980198019803 0.06060606060606061,524294.8250681697,0.023809523809523808,383,10 7 1083 7267 0 3190 -122,0.5 0.21428571428571427 0.2754385964912281 0.1539083246738252 0.0 0.25610561056105613 0.07575757575757576,524339.502531839,0.023809523809523808,292,10 7 1083 7267 0 3136 -127,0.5 0.21428571428571427 0.2754385964912281 0.1539083246738252 0.0 0.22046204620462045 0.0,524339.0703386195,0.023809523809523808,295,12 5 1378 13466 1 4282 -84,1.0 0.07142857142857142 0.7929824561403509 0.8696455374668052 0.5 0.976897689768977 0.6515151515151515,1016002.7477337767,0.6523809523809524,424,11 4 1395 14493 0 4308 -112,0.75 0.0 0.8228070175438597 0.9882230689296848 0.0 0.994059405940594 0.22727272727272727,759226.461111155,0.6333333333333333,1276,9 17 1496 12015 0 4238 -61,0.25 0.9285714285714286 1.0 0.7021129199861448 0.0 0.9478547854785478 1.0,353569.7343249838,0.6761904761904762,577,12 5 1378 13520 1 4282 -86,1.0 0.07142857142857142 0.7929824561403509 0.8758803833275604 0.5 0.976897689768977 0.6212121212121212,1016008.9522766072,0.6523809523809524,420,11 4 1394 14595 1 4317 -111,0.75 0.0 0.8210526315789474 1.0 0.5 1.0 0.24242424242424243,759270.7687400319,0.6333333333333333,1307,9 18 1493 12245 0 4237 -63,0.25 1.0 0.9947368421052631 0.7286687449486202 0.0 0.9471947194719472 0.9696969696969697,360686.47881016566,0.6761904761904762,540,8 7 952 5934 1 2802 -64,0.0 0.21428571428571427 0.0456140350877193 0.0 0.5 0.0 0.9545454545454546,21935.666324903166,0.023809523809523808,1057
resolved-p7d-c21d-3600-all/resolved-p7d-c21d-3600-3rd/nsp-n10-d28-r0.10-rp0-fp0-s5,5 42 59 767 0 350 -18,1.0 0.6461538461538462 0.16666666666666666 0.7253218884120172 0.0 0.06557377049180328 0.18181818181818182,1067008.21072635,0.014285714285714285,2657,5 42 59 714 0 355 -18,1.0 0.6461538461538462 0.16666666666666666 0.6684549356223176 0.0 0.07923497267759563 0.18181818181818182,1066951.4803855822,0.014285714285714285,3526,5 42 59 733 0 354 -18,1.0 0.6461538461538462 0.16666666666666666 0.6888412017167382 0.0 0.07650273224043716 0.18181818181818182,1066971.8393292723,0.014285714285714285,3112.0,3 0 49 395 3 459 -5,0.6 0.0 0.0873015873015873 0.3261802575107296 0.13636363636363635 0.3633879781420765 0.5757575757575758,601217.0421315201,0.014285714285714285,1567,2 64 114 187 22 402 8,0.4 0.9846153846153847 0.6031746031746031 0.10300429184549356 1.0 0.20765027322404372 0.9696969696969697,504699.3349848319,0.5142857142857142,2552,1 65 85 521 15 343 -7,0.2 1.0 0.373015873015873 0.4613733905579399 0.6818181818181818 0.04644808743169399 0.5151515151515151,304260.69357128796,0.5571428571428572,3257,3 0 49 613 0 434 -9,0.6 0.0 0.0873015873015873 0.5600858369098712 0.0 0.29508196721311475 0.45454545454545453,601436.5070750525,0.014285714285714285,1460,1 33 164 409 10 455 9,0.2 0.5076923076923077 1.0 0.34120171673819744 0.45454545454545453 0.3524590163934426 1.0,261160.41162158744,0.44285714285714284,2159,0 38 96 215 19 402 8,0.0 0.5846153846153846 0.4603174603174603 0.13304721030042918 0.8636363636363636 0.20765027322404372 0.9696969696969697,63287.170111079075,0.5,2532,3 0 48 345 2 438 -6,0.6 0.0 0.07936507936507936 0.27253218884120173 0.09090909090909091 0.30601092896174864 0.5454545454545454,601078.879455418,0.014285714285714285,1798,1 38 79 169 7 349 -1,0.2 0.5846153846153846 0.3253968253968254 0.08369098712446352 0.3181818181818182 0.06284153005464481 0.696969696969697,261832.3412694469,0.3142857142857143,3345,1 29 75 217 3 326 6,0.2 0.4461538461538462 0.29365079365079366 0.1351931330472103 0.13636363636363635 0.0 0.9090909090909091,247701.63113948522,0.2857142857142857,3270,2 0 38 407 0 346 -6,0.4 0.0 0.0 0.33905579399141633 0.0 0.0546448087431694 0.5454545454545454,400340.1476966243,0.014285714285714285,1973,0 0 63 739 2 688 5,0.0 0.0 0.1984126984126984 0.6952789699570815 0.09090909090909091 0.9890710382513661 0.8787878787878788,2699.2663614362764,0.6428571428571429,2051,0 0 50 241 1 546 9,0.0 0.0 0.09523809523809523 0.1609442060085837 0.045454545454545456 0.6010928961748634 1.0,1124.8815418967392,0.5285714285714286,1993,2 0 49 411 0 370 1,0.4 0.0 0.0873015873015873 0.34334763948497854 0.0 0.12021857923497267 0.7575757575757576,401218.3232740508,0.014285714285714285,1717,0 0 63 740 3 692 5,0.0 0.0 0.1984126984126984 0.6963519313304721 0.13636363636363635 1.0 0.8787878787878788,2704.994066972608,0.6428571428571429,2030,0 0 45 91 1 534 3,0.0 0.0 0.05555555555555555 0.0 0.045454545454545456 0.5683060109289617 0.8181818181818182,566.6022520284815,0.5285714285714286,2231,5 43 70 1023 1 359 -24,1.0 0.6615384615384615 0.25396825396825395 1.0 0.045454545454545456 0.09016393442622951 0.0,1069698.9757874184,0.014285714285714285,3680
resolved-p7d-c21d-3600-all/resolved-p7d-c21d-3600-3rd/nsp-n10-d28-r0.10-rp0-fp0-s0,5 56 0 14 1 169 -22,0.75 0.5555555555555556 0.0 0.04878048780487805 0.02702702702702703 0.07894736842105263 0.041666666666666664,805607.869886414,0.014285714285714285,2856,4 60 0 14 0 171 -16,0.5 0.6666666666666666 0.0 0.04878048780487805 0.0 0.09649122807017543 0.2916666666666667,566716.703733419,0.014285714285714285,3232,5 55 0 12 0 160 -17,0.75 0.5277777777777778 0.0 0.024390243902439025 0.0 0.0 0.25,802802.4180216802,0.014285714285714285,3175.0,3 68 96 92 7 257 -4,0.25 0.8888888888888888 0.7741935483870968 1.0 0.1891891891891892 0.8508771929824561 0.7916666666666666,347659.04373027524,0.014285714285714285,1899,6 70 0 11 1 174 -18,1.0 0.9444444444444444 0.0 0.012195121951219513 0.02702702702702703 0.12280701754385964 0.20833333333333334,1094460.7786726071,0.014285714285714285,2841,6 70 0 10 1 175 -20,1.0 0.9444444444444444 0.0 0.0 0.02702702702702703 0.13157894736842105 0.125,1094448.587936621,0.014285714285714285,2879,4 65 22 30 5 259 -3,0.5 0.8055555555555556 0.1774193548387097 0.24390243902439024 0.13513513513513514 0.868421052631579 0.8333333333333334,582596.6826003402,0.014285714285714285,1597,6 70 0 10 1 175 -20,1.0 0.9444444444444444 0.0 0.0 0.02702702702702703 0.13157894736842105 0.125,1094448.587936621,0.014285714285714285,2879,6 70 0 11 1 172 -23,1.0 0.9444444444444444 0.0 0.012195121951219513 0.02702702702702703 0.10526315789473684 0.0,1094460.3949006773,0.014285714285714285,2859,2 69 21 34 2 207 -16,0.0 0.9166666666666666 0.1693548387096774 0.2926829268292683 0.05405405405405406 0.41228070175438597 0.2916666666666667,93662.71785968232,0.014285714285714285,1824,6 70 0 11 1 172 -22,1.0 0.9444444444444444 0.0 0.012195121951219513 0.02702702702702703 0.10526315789473684 0.041666666666666664,1094460.436567344,0.014285714285714285,2858,6 70 0 12 1 181 -20,1.0 0.9444444444444444 0.0 0.024390243902439025 0.02702702702702703 0.18421052631578946 0.125,1094473.5044963127,0.014285714285714285,2783,4 40 1 40 1 173 -15,0.5 0.1111111111111111 0.008064516129032258 0.36585365853658536 0.02702702702702703 0.11403508771929824 0.3333333333333333,511561.7863178512,0.014285714285714285,1608,5 68 124 65 37 274 -15,0.75 0.8888888888888888 1.0 0.6707317073170732 1.0 1.0 0.3333333333333333,849669.9539295393,0.6714285714285714,3276,5 70 8 20 2 249 -1,0.75 0.9444444444444444 0.06451612903225806 0.12195121951219512 0.05405405405405406 0.7807017543859649 0.9166666666666666,845225.6860438952,0.5857142857142857,3471,4 36 2 39 1 178 -17,0.5 0.0 0.016129032258064516 0.35365853658536583 0.02702702702702703 0.15789473684210525 0.25,500519.48050923715,0.014285714285714285,1817,5 71 123 66 37 271 -11,0.75 0.9722222222222222 0.9919354838709677 0.6829268292682927 1.0 0.9736842105263158 0.5,857934.7407323055,0.6857142857142857,2664,5 72 7 27 3 260 1,0.75 1.0 0.056451612903225805 0.2073170731707317 0.08108108108108109 0.8771929824561403 1.0,850789.7132401357,0.5857142857142857,2915,4 66 19 67 4 262 -1,0.5 0.8333333333333334 0.1532258064516129 0.6951219512195121 0.10810810810810811 0.8947368421052632 0.9166666666666666,585581.3881949675,0.014285714285714285,3524
resolved-p7d-c21d-3600-all/resolved-p7d-c21d-3600-3rd/nsp-n30-d28-r0.10-rp2-fp2-s9,23 166 936 139 9 1084 -3,0.30434782608695654 0.0 1.0 0.16936936936936936 0.17073170731707318 0.9952305246422893 0.5777777777777777,314544.79871008184,0.014285714285714285,1261,23 166 936 142 9 1087 -6,0.30434782608695654 0.0 1.0 0.17477477477477477 0.17073170731707318 1.0 0.5444444444444444,314550.21847690747,0.014285714285714285,1234,23 166 936 151 10 1087 -3,0.30434782608695654 0.0 1.0 0.19099099099099098 0.1951219512195122 1.0 0.5777777777777777,314568.90705084725,0.014285714285714285,1142.0,21 194 38 66 2 564 -55,0.21739130434782608 0.10894941634241245 0.039572192513368985 0.03783783783783784 0.0 0.1685214626391097 0.0,228721.49095966524,0.014285714285714285,631,23 276 91 125 10 543 -22,0.30434782608695654 0.4280155642023346 0.0962566844919786 0.14414414414414414 0.1951219512195122 0.13513513513513514 0.36666666666666664,348277.3237093939,0.16666666666666666,1240,21 225 46 78 8 524 -27,0.21739130434782608 0.22957198443579765 0.0481283422459893 0.05945945945945946 0.14634146341463414 0.10492845786963434 0.3111111111111111,240905.24021535646,0.05714285714285714,1286,23 187 136 113 18 503 -27,0.30434782608695654 0.08171206225680934 0.1443850267379679 0.12252252252252252 0.3902439024390244 0.07154213036565978 0.3111111111111111,314125.45602519833,0.014285714285714285,810,20 423 429 600 43 888 35,0.17391304347826086 1.0 0.4577540106951872 1.0 1.0 0.6836248012718601 1.0,279598.41983322543,0.2571428571428571,430,21 242 29 117 8 495 -31,0.21739130434782608 0.29571984435797666 0.029946524064171122 0.12972972972972974 0.14634146341463414 0.058823529411764705 0.26666666666666666,247407.97280229745,0.08095238095238096,1051,25 201 5 156 3 458 -45,0.391304347826087 0.13618677042801555 0.0042780748663101605 0.2 0.024390243902439025 0.0 0.1111111111111111,405168.355753053,0.014285714285714285,668,23 294 172 207 12 577 24,0.30434782608695654 0.4980544747081712 0.18288770053475936 0.2918918918918919 0.24390243902439024 0.1891891891891892 0.8777777777777778,356301.2023685853,0.16666666666666666,1190,16 291 436 377 42 670 0,0.0 0.48638132295719844 0.46524064171123 0.5981981981981982 0.975609756097561 0.3370429252782194 0.6111111111111112,53990.27942700399,0.28095238095238095,710,39 334 188 350 39 680 24,1.0 0.6536964980544747 0.2 0.5495495495495496 0.9024390243902439 0.35294117647058826 0.8777777777777778,1068013.8504469786,0.014285714285714285,639,24 301 16 123 14 744 -7,0.34782608695652173 0.5252918287937743 0.016042780748663103 0.14054054054054055 0.2926829268292683 0.4546899841017488 0.5333333333333333,400690.5867097836,0.7142857142857143,1133,27 300 84 180 12 786 -28,0.4782608695652174 0.5214007782101168 0.08877005347593583 0.24324324324324326 0.24390243902439024 0.5214626391096979 0.3,531561.7960345253,0.680952380952381,1260,39 334 190 343 40 679 24,1.0 0.6536964980544747 0.2021390374331551 0.5369369369369369 0.926829268292683 0.35135135135135137 0.8777777777777778,1068025.0513348365,0.014285714285714285,633,24 301 16 121 14 747 -6,0.34782608695652173 0.5252918287937743 0.016042780748663103 0.13693693693693693 0.2926829268292683 0.4594594594594595 0.5444444444444444,400687.0419120447,0.7142857142857143,1152,27 300 83 180 12 784 -31,0.4782608695652174 0.5214007782101168 0.0877005347593583 0.24324324324324326 0.24390243902439024 0.5182829888712241 0.26666666666666666,531551.0357175238,0.680952380952381,1288,20 198 1 45 2 496 -55,0.17391304347826086 0.1245136186770428 0.0 0.0 0.0 0.06041335453100159 0.0,186365.00947951045,0.014285714285714285,995
resolved-p7d-c21d-3600-all/resolved-p7d-c21d-3600-3rd/nsp-n20-d28-r0.10-rp2-fp2-s2,6 3 421 4708 3 1445 -57,0.6666666666666666 0.21428571428571427 0.09392265193370165 0.3864270220018593 0.75 0.11180124223602485 0.23636363636363636,689497.2460126356,0.0,1650,6 3 420 4695 4 1440 -55,0.6666666666666666 0.21428571428571427 0.08839779005524862 0.3823985125503564 1.0 0.10403726708074534 0.2727272727272727,689462.9276082844,0.0,1693,6 3 420 4671 4 1446 -59,0.6666666666666666 0.21428571428571427 0.08839779005524862 0.37496126433219706 1.0 0.11335403726708075 0.2,689455.5108004954,0.0,1716.0,7 3 510 4677 0 1572 -41,0.7777777777777778 0.21428571428571427 0.585635359116022 0.3768205763867369 0.0 0.3090062111801242 0.5272727272727272,805443.1407087352,0.0,43,6 3 435 5066 1 1475 -50,0.6666666666666666 0.21428571428571427 0.1712707182320442 0.4973659745894019 0.25 0.15838509316770186 0.36363636363636365,690332.2587394433,0.19285714285714287,1535,6 3 430 5134 1 1456 -56,0.6666666666666666 0.21428571428571427 0.143646408839779 0.5184381778741866 0.25 0.12888198757763975 0.2545454545454545,690076.6837268403,0.07142857142857142,1611,7 3 510 4677 0 1572 -41,0.7777777777777778 0.21428571428571427 0.585635359116022 0.3768205763867369 0.0 0.3090062111801242 0.5272727272727272,805443.1407087352,0.0,43,6 3 435 5066 1 1472 -50,0.6666666666666666 0.21428571428571427 0.1712707182320442 0.4973659745894019 0.25 0.15372670807453417 0.36363636363636365,690332.2121555923,0.22857142857142856,1554,6 3 436 5276 0 1471 -70,0.6666666666666666 0.21428571428571427 0.17679558011049723 0.5624418964982957 0.0 0.15217391304347827 0.0,690427.1575319718,0.0,1282,7 3 510 4677 0 1572 -41,0.7777777777777778 0.21428571428571427 0.585635359116022 0.3768205763867369 0.0 0.3090062111801242 0.5272727272727272,805443.1407087352,0.0,43,6 3 435 5066 1 1477 -48,0.6666666666666666 0.21428571428571427 0.1712707182320442 0.4973659745894019 0.25 0.16149068322981366 0.4,690332.3261589801,0.2,1521,6 3 434 5132 1 1479 -51,0.6666666666666666 0.21428571428571427 0.16574585635359115 0.5178184071893399 0.25 0.16459627329192547 0.34545454545454546,690297.5064832417,0.12142857142857143,1542,9 14 473 3461 0 1450 -24,1.0 1.0 0.3812154696132597 0.0 0.0 0.11956521739130435 0.8363636363636363,1103814.1867119428,0.0,517,0 0 585 6505 0 2017 -20,0.0 0.0 1.0 0.9432909823365355 0.0 1.0 0.9090909090909091,10954.200073245627,0.6,533,0 0 448 6688 4 1685 -42,0.0 0.0 0.2430939226519337 1.0 1.0 0.484472049689441 0.509090909090909,3536.293037925322,0.6071428571428571,684,9 14 473 3587 0 1448 -21,1.0 1.0 0.3812154696132597 0.039045553145336226 0.0 0.11645962732919254 0.8909090909090909,1103853.2557546422,0.0,498,0 0 581 6553 1 2008 -15,0.0 0.0 0.9779005524861878 0.9581654787728541 0.25 0.9860248447204969 1.0,10773.031252081937,0.6,548,0 0 448 6688 4 1685 -42,0.0 0.0 0.2430939226519337 1.0 1.0 0.484472049689441 0.509090909090909,3536.293037925322,0.6071428571428571,684,6 3 404 4401 2 1373 -51,0.6666666666666666 0.21428571428571427 0.0 0.29129222187790516 0.5 0.0 0.34545454545454546,688436.8757716614,0.0,1678
resolved-p7d-c21d-3600-all/resolved-p7d-c21d-3600-3rd/nsp-n10-d28-r0.10-rp0-fp0-s4,2 3 83 1056 0 571 -13,0.2 0.011764705882352941 0.9534883720930233 0.998046875 0.0 0.988795518207283 0.4,211719.6891393476,0.014285714285714285,3222,2 3 84 1058 0 573 -5,0.2 0.011764705882352941 0.9651162790697675 1.0 0.0 0.9943977591036415 0.5777777777777777,211838.15513430178,0.014285714285714285,2974,2 3 83 1058 0 575 -10,0.2 0.011764705882352941 0.9534883720930233 1.0 0.0 1.0 0.4666666666666667,211721.8209758322,0.014285714285714285,3078.0,0 2 29 128 0 376 -18,0.0 0.0 0.32558139534883723 0.091796875 0.0 0.4425770308123249 0.28888888888888886,3352.3254876853844,0.014285714285714285,1795,0 12 70 931 1 478 14,0.0 0.11764705882352941 0.8023255813953488 0.8759765625 0.16666666666666666 0.7282913165266106 1.0,20688.887838638362,0.37142857142857144,2156,0 16 87 695 2 560 -6,0.0 0.16470588235294117 1.0 0.6455078125 0.3333333333333333 0.957983193277311 0.5555555555555556,27159.564768615783,0.2857142857142857,2367,0 2 32 151 2 361 -19,0.0 0.0 0.36046511627906974 0.1142578125 0.3333333333333333 0.4005602240896359 0.26666666666666666,3756.5145775315937,0.014285714285714285,1560,0 12 55 910 1 469 4,0.0 0.11764705882352941 0.627906976744186 0.85546875 0.16666666666666666 0.7030812324929971 0.7777777777777778,18923.719656564175,0.35714285714285715,2343,0 12 81 600 1 570 4,0.0 0.11764705882352941 0.9302325581395349 0.552734375 0.16666666666666666 0.9859943977591037 0.7777777777777778,21647.070227170327,0.2714285714285714,2671,0 2 54 697 0 432 -13,0.0 0.0 0.6162790697674418 0.6474609375 0.0 0.5994397759103641 0.4,6816.646032933522,0.014285714285714285,942,0 12 57 910 1 472 8,0.0 0.11764705882352941 0.6511627906976745 0.85546875 0.16666666666666666 0.711484593837535 0.8666666666666667,19156.450718601394,0.37142857142857144,2301,0 12 78 602 2 553 1,0.0 0.11764705882352941 0.8953488372093024 0.5546875 0.3333333333333333 0.938375350140056 0.7111111111111111,21316.30995239181,0.2714285714285714,2812,3 60 28 74 5 232 -21,0.3 0.6823529411764706 0.313953488372093 0.0390625 0.8333333333333334 0.0392156862745098 0.2222222222222222,371497.8392137863,0.014285714285714285,1892,9 87 3 34 3 326 -31,0.9 1.0 0.023255813953488372 0.0 0.5 0.3025210084033613 0.0,1000285.583349619,0.6714285714285714,3777,10 84 1 36 2 292 -31,1.0 0.9647058823529412 0.0 0.001953125 0.3333333333333333 0.20728291316526612 0.0,1096507.9475227592,0.6428571428571429,3936,3 58 28 75 6 218 -19,0.3 0.6588235294117647 0.313953488372093 0.0400390625 1.0 0.0 0.26666666666666666,369162.1935540641,0.014285714285714285,2064,9 87 3 40 3 310 -30,0.9 1.0 0.023255813953488372 0.005859375 0.5 0.25770308123249297 0.022222222222222223,1000291.0167675695,0.6714285714285714,3641,10 84 1 51 2 290 -29,1.0 0.9647058823529412 0.0 0.0166015625 0.3333333333333333 0.20168067226890757 0.044444444444444446,1096522.5843822947,0.6714285714285714,3733,0 2 45 562 4 442 -15,0.0 0.0 0.5116279069767442 0.515625 0.6666666666666666 0.6274509803921569 0.35555555555555557,5705.200801793586,0.014285714285714285,2729
resolved-p7d-c21d-3600-all/resolved-p7d-c21d-3600-3rd/nsp-n20-d28-r0.10-rp2-fp2-s4,8 7 385 2988 0 1290 -20,0.6666666666666666 0.11904761904761904 0.13286713286713286 0.09704455227172475 0.0 0.0970873786407767 0.24,679998.355326158,0.014285714285714285,1053,8 7 369 2993 0 1258 -19,0.6666666666666666 0.11904761904761904 0.07692307692307693 0.09814733127481252 0.0 0.06256742179072276 0.26,679439.692346152,0.014285714285714285,1325,8 7 365 2878 0 1244 -21,0.6666666666666666 0.11904761904761904 0.06293706293706294 0.07278341420379356 0.0 0.04746494066882417 0.22,679274.2772644097,0.014285714285714285,1369.0,8 5 412 2624 3 1338 -16,0.6666666666666666 0.07142857142857142 0.22727272727272727 0.016762240846934274 0.75 0.1488673139158576 0.32,676175.8219962372,0.014285714285714285,1259,6 44 468 3558 1 1429 5,0.0 1.0 0.4230769230769231 0.2227613586237318 0.25 0.24703344120819848 0.74,104481.74092380505,0.38571428571428573,873,6 10 408 2894 3 1350 16,0.0 0.19047619047619047 0.21328671328671328 0.07631230701367446 0.75 0.16181229773462782 0.96,21334.3766104772,0.17142857142857143,993,8 5 412 2548 3 1346 -15,0.6666666666666666 0.07142857142857142 0.22727272727272727 0.0 0.75 0.1574973031283711 0.34,676159.1660552823,0.014285714285714285,1272,7 6 456 3630 1 1410 -16,0.3333333333333333 0.09523809523809523 0.3811188811188811 0.23864137626819584 0.25 0.22653721682847897 0.32,346934.55841676815,0.22857142857142856,850,6 10 408 2893 3 1354 18,0.0 0.19047619047619047 0.21328671328671328 0.0760917512130569 0.75 0.16612729234088458 1.0,21334.239204622645,0.17142857142857143,994,9 5 401 2832 4 1345 -19,1.0 0.07142857142857142 0.1888111888111888 0.06263784737538597 1.0 0.15641855447680691 0.26,1009195.4310638892,0.014285714285714285,1181,6 44 475 3555 1 1424 -5,0.0 1.0 0.44755244755244755 0.22209969122187914 0.25 0.24163969795037757 0.54,104725.58056372586,0.3142857142857143,858,6 12 409 2891 2 1331 15,0.0 0.23809523809523808 0.21678321678321677 0.0756506396118218 0.5 0.1413160733549083 0.94,26105.35977770135,0.10714285714285714,930,6 8 624 6698 0 2120 -13,0.0 0.14285714285714285 0.9685314685314685 0.9153065725628584 0.0 0.9924487594390508 0.38,24896.640031186216,0.6071428571428571,1734,7 2 574 6215 0 1975 -14,0.3333333333333333 0.0 0.7937062937062938 0.8087781208645788 0.0 0.8360302049622438 0.36,342087.89469331043,0.6642857142857143,1106,8 2 583 7028 0 2031 -32,0.6666666666666666 0.0 0.8251748251748252 0.9880899867666519 0.0 0.8964401294498382 0.0,675915.4693064761,0.6571428571428571,1090,6 8 633 7082 0 2127 -20,0.0 0.14285714285714285 1.0 1.0 0.0 1.0 0.24,25295.954285714284,0.6071428571428571,1692,7 2 574 6293 0 1982 -5,0.3333333333333333 0.0 0.7937062937062938 0.8259814733127481 0.0 0.8435814455231931 0.54,342105.3535581642,0.6642857142857143,1007,8 2 583 7055 0 2047 -24,0.6666666666666666 0.0 0.8251748251748252 0.994044993383326 0.0 0.9137001078748651 0.16,675921.756912877,0.6571428571428571,1058,6 5 347 3018 0 1200 -17,0.0 0.07142857142857142 0.0 0.10366122629025143 0.0 0.0 0.3,7246.818369147393,0.014285714285714285,1500
resolved-p7d-c21d-3600-all/resolved-p7d-c21d-3600-3rd/nsp-n50-d28-r0.10-rp2-fp2-s7,29 158 3215 12853 23 8759 -243,0.8571428571428571 0.9615384615384616 0.028236914600550965 0.13803388969981595 0.6571428571428571 0.038685381718589526 0.30833333333333335,953783.5158052733,0.014285714285714285,297,29 164 3268 10678 35 8719 -160,0.8571428571428571 1.0 0.06473829201101929 0.0 1.0 0.0249914412872304 1.0,957891.4899773801,0.008571428571428572,374,29 164 3265 10894 35 8699 -171,0.8571428571428571 1.0 0.06267217630853994 0.013708193183981723 1.0 0.01814447107155084 0.9083333333333333,957884.3768771705,0.008571428571428572,378.0,30 159 3174 12332 25 8646 -201,1.0 0.967948717948718 0.0 0.10496922002919337 0.7142857142857143 0.0 0.6583333333333333,1096971.9279196628,0.008571428571428572,425,30 159 3255 12213 24 8785 -210,1.0 0.967948717948718 0.05578512396694215 0.09741702100653678 0.6857142857142857 0.04758644299897295 0.5833333333333334,1097519.7706818825,0.008571428571428572,276,30 159 3255 12222 24 8785 -210,1.0 0.967948717948718 0.05578512396694215 0.09798819572253602 0.6857142857142857 0.04758644299897295 0.5833333333333334,1097520.3418565986,0.008571428571428572,272,30 159 3177 12519 26 8659 -207,1.0 0.967948717948718 0.002066115702479339 0.11683696135051089 0.7428571428571429 0.004450530640191715 0.6083333333333333,1097007.3084661725,0.008571428571428572,413,30 159 3255 12237 24 8783 -213,1.0 0.967948717948718 0.05578512396694215 0.09894015358253475 0.6857142857142857 0.046901745977405 0.5583333333333333,1097521.2619674883,0.008571428571428572,268,30 159 3255 12212 24 8782 -210,1.0 0.967948717948718 0.05578512396694215 0.09735355714920353 0.6857142857142857 0.04655939746662102 0.5833333333333334,1097519.69694757,0.008571428571428572,284,30 159 3174 12252 25 8646 -199,1.0 0.967948717948718 0.0 0.09989211144253347 0.7142857142857143 0.0 0.675,1096966.867477743,0.008571428571428572,429,30 159 3255 12258 24 8786 -208,1.0 0.967948717948718 0.05578512396694215 0.10027289458653298 0.6857142857142857 0.04792879150975693 0.6,1097522.6466456142,0.008571428571428572,259,30 159 3255 12252 24 8785 -210,1.0 0.967948717948718 0.05578512396694215 0.09989211144253347 0.6857142857142857 0.04758644299897295 0.5833333333333334,1097522.2457723184,0.008571428571428572,262,25 28 4623 25182 0 11567 -262,0.2857142857142857 0.1282051282051282 0.9979338842975206 0.9204797867614394 0.0 1.0 0.15,309444.7671645351,0.7228571428571429,814,23 8 4324 26253 1 11506 -278,0.0 0.0 0.7920110192837465 0.9884495779653487 0.02857142857142857 0.9791167408421774 0.016666666666666666,8921.224747735045,0.7485714285714286,67,23 8 4324 26435 1 11506 -280,0.0 0.0 0.7920110192837465 1.0 0.02857142857142857 0.9791167408421774 0.0,8932.758503103028,0.7428571428571429,57,25 27 4626 25140 0 11567 -263,0.2857142857142857 0.12179487179487179 1.0 0.9178143047534429 0.0 1.0 0.14166666666666666,308821.72886519297,0.7228571428571429,826,23 8 4324 26200 1 11506 -278,0.0 0.0 0.7920110192837465 0.9850859935266866 0.02857142857142857 0.9791167408421774 0.016666666666666666,8917.861163296382,0.7457142857142857,68,23 8 4324 26435 1 11506 -280,0.0 0.0 0.7920110192837465 1.0 0.02857142857142857 0.9791167408421774 0.0,8932.758503103028,0.7428571428571429,57,30 158 3237 12749 23 8783 -225,1.0 0.9615384615384616 0.04338842975206612 0.13143364853715808 0.6571428571428571 0.046901745977405 0.4583333333333333,1096785.8057364114,0.008571428571428572,580
resolved-p7d-c21d-3600-all/resolved-p7d-c21d-3600-3rd/nsp-n10-d28-r0.10-rp0-fp0-s7,0 0 0 0 0 97 -19,0.0 0.0 0.0 0.0 0.0 0.3548387096774194 0.5,4.048387096774194,0.37142857142857144,35,0 0 0 0 0 102 -17,0.0 0.0 0.0 0.0 0.0 0.5161290322580645 0.625,5.786290322580645,0.34285714285714286,6,0 0 0 0 0 101 -18,0.0 0.0 0.0 0.0 0.0 0.4838709677419355 0.5625,5.401209677419355,0.2714285714285714,7.0,0 0 0 0 0 86 -13,0.0 0.0 0.0 0.0 0.0 0.0 0.875,0.875,0.2714285714285714,135,0 0 0 0 0 117 -24,0.0 0.0 0.0 0.0 0.0 1.0 0.1875,10.1875,0.42857142857142855,108,0 0 0 0 0 87 -19,0.0 0.0 0.0 0.0 0.0 0.03225806451612903 0.5,0.8225806451612903,0.2714285714285714,70,0 0 0 0 0 105 -20,0.0 0.0 0.0 0.0 0.0 0.6129032258064516 0.4375,6.566532258064516,0.2714285714285714,73,0 0 0 0 0 93 -20,0.0 0.0 0.0 0.0 0.0 0.22580645161290322 0.4375,2.695564516129032,0.5571428571428572,42,0 0 0 0 0 91 -21,0.0 0.0 0.0 0.0 0.0 0.16129032258064516 0.375,1.9879032258064515,0.2714285714285714,62,0 0 0 0 0 104 -18,0.0 0.0 0.0 0.0 0.0 0.5806451612903226 0.5625,6.368951612903226,0.2714285714285714,11,0 0 0 0 0 97 -12,0.0 0.0 0.0 0.0 0.0 0.3548387096774194 0.9375,4.485887096774194,0.4857142857142857,24,0 0 0 0 0 100 -22,0.0 0.0 0.0 0.0 0.0 0.45161290322580644 0.3125,4.828629032258064,0.2714285714285714,90,0 0 0 0 0 96 -25,0.0 0.0 0.0 0.0 0.0 0.3225806451612903 0.125,3.350806451612903,0.2714285714285714,118,0 0 0 0 0 95 -27,0.0 0.0 0.0 0.0 0.0 0.2903225806451613 0.0,2.903225806451613,0.42857142857142855,102,0 0 0 0 0 90 -19,0.0 0.0 0.0 0.0 0.0 0.12903225806451613 0.5,1.7903225806451613,0.2714285714285714,108,0 0 0 0 0 96 -27,0.0 0.0 0.0 0.0 0.0 0.3225806451612903 0.0,3.225806451612903,0.2714285714285714,120,0 0 0 0 0 95 -27,0.0 0.0 0.0 0.0 0.0 0.2903225806451613 0.0,2.903225806451613,0.42857142857142855,102,0 0 0 0 0 90 -19,0.0 0.0 0.0 0.0 0.0 0.12903225806451613 0.5,1.7903225806451613,0.2714285714285714,108,0 0 0 0 0 112 -11,0.0 0.0 0.0 0.0 0.0 0.8387096774193549 1.0,9.387096774193548,0.2714285714285714,167
resolved-p7d-c21d-3600-all/resolved-p7d-c21d-3600-3rd/nsp-n30-d28-r0.10-rp2-fp2-s7,0 0 0 0 0 164 -88,0.0 0.0 0.0 0.0 0.0 0.08870967741935484 0.22727272727272727,1.1143695014662758,0.05238095238095238,71,0 0 0 0 0 153 -98,0.0 0.0 0.0 0.0 0.0 0.0 0.0,0.0,0.03333333333333333,96,0 0 0 0 0 153 -98,0.0 0.0 0.0 0.0 0.0 0.0 0.0,0.0,0.03333333333333333,96.0,0 0 0 0 0 153 -68,0.0 0.0 0.0 0.0 0.0 0.0 0.6818181818181818,0.6818181818181818,0.03333333333333333,66,0 0 0 0 0 198 -54,0.0 0.0 0.0 0.0 0.0 0.3629032258064516 1.0,4.629032258064516,0.11428571428571428,42,0 0 0 0 0 164 -91,0.0 0.0 0.0 0.0 0.0 0.08870967741935484 0.1590909090909091,1.0461876832844577,0.03333333333333333,60,0 0 0 0 0 161 -83,0.0 0.0 0.0 0.0 0.0 0.06451612903225806 0.3409090909090909,0.9860703812316716,0.03333333333333333,44,0 0 0 0 0 180 -88,0.0 0.0 0.0 0.0 0.0 0.21774193548387097 0.22727272727272727,2.4046920821114366,0.13333333333333333,34,0 0 0 0 0 164 -67,0.0 0.0 0.0 0.0 0.0 0.08870967741935484 0.7045454545454546,1.591642228739003,0.03333333333333333,94,0 0 0 0 0 174 -93,0.0 0.0 0.0 0.0 0.0 0.1693548387096774 0.11363636363636363,1.8071847507331376,0.03333333333333333,48,0 0 0 0 0 167 -66,0.0 0.0 0.0 0.0 0.0 0.11290322580645161 0.7272727272727273,1.8563049853372433,0.3476190476190476,28,0 0 0 0 0 163 -94,0.0 0.0 0.0 0.0 0.0 0.08064516129032258 0.09090909090909091,0.8973607038123167,0.03333333333333333,45,0 0 0 0 0 183 -78,0.0 0.0 0.0 0.0 0.0 0.24193548387096775 0.45454545454545453,2.873900293255132,0.03333333333333333,318,0 0 0 0 0 169 -72,0.0 0.0 0.0 0.0 0.0 0.12903225806451613 0.5909090909090909,1.8812316715542523,0.6047619047619047,61,0 0 0 0 0 238 -72,0.0 0.0 0.0 0.0 0.0 0.6854838709677419 0.5909090909090909,7.44574780058651,0.03333333333333333,211,0 0 0 0 0 183 -78,0.0 0.0 0.0 0.0 0.0 0.24193548387096775 0.45454545454545453,2.873900293255132,0.03333333333333333,318,0 0 0 0 0 169 -72,0.0 0.0 0.0 0.0 0.0 0.12903225806451613 0.5909090909090909,1.8812316715542523,0.6047619047619047,61,0 0 0 0 0 277 -74,0.0 0.0 0.0 0.0 0.0 1.0 0.5454545454545454,10.545454545454545,0.03333333333333333,200,0 0 0 0 0 171 -98,0.0 0.0 0.0 0.0 0.0 0.14516129032258066 0.0,1.4516129032258065,0.03333333333333333,69
resolved-p7d-c21d-3600-all/resolved-p7d-c21d-3600-3rd/nsp-n40-d28-r0.10-rp2-fp2-s3,24 274 16 108 11 1076 -95,0.8275862068965517 0.8277945619335347 0.006398537477148081 0.0015066349887002375 0.4782608695652174 0.04695236469182175 0.5568181818181818,910480.0075284507,0.0,840,24 274 15 106 11 1076 -95,0.8275862068965517 0.8277945619335347 0.005941499085923218 0.00139073998956945 0.4782608695652174 0.04695236469182175 0.5568181818181818,910475.3212495393,0.0,849,24 274 17 106 11 1077 -95,0.8275862068965517 0.8277945619335347 0.006855575868372943 0.00139073998956945 0.4782608695652174 0.047123100563428374 0.5568181818181818,910484.4637247225,0.0,835.0,24 282 36 132 6 853 -98,0.8275862068965517 0.851963746223565 0.015539305301645339 0.0028973749782696878 0.2608695652173913 0.008878265323544477 0.5227272727272727,912967.5704133507,0.0,493,27 279 16 82 6 893 -88,0.9310344827586207 0.8429003021148036 0.006398537477148081 0.0 0.2608695652173913 0.01570770018780946 0.6363636363636364,1015415.3787420325,0.07857142857142857,60,25 276 31 176 13 852 -63,0.8620689655172413 0.8338368580060423 0.013254113345521023 0.005447064959147012 0.5652173913043478 0.008707529451937852 0.9204545454545454,945648.1687852303,0.05,441,28 263 20 134 8 810 -94,0.9655172413793104 0.7945619335347432 0.008226691042047532 0.003013269977400475 0.34782608695652173 0.001536622844459621 0.5681818181818182,1045094.0810699249,0.0,575,26 271 155 198 23 900 -56,0.896551724137931 0.8187311178247734 0.06992687385740402 0.006721909949585676 1.0 0.01690285128905583 1.0,979231.9955974448,0.04285714285714286,477,27 306 103 117 5 874 -81,0.9310344827586207 0.9244712990936556 0.04616087751371115 0.002028162484788781 0.21739130434782608 0.012463718627283592 0.7159090909090909,1023967.8292823201,0.05,239,26 299 23 155 12 860 -98,0.896551724137931 0.9033232628398792 0.009597806215722121 0.004230167468273744 0.5217391304347826 0.010073416424790848 0.5227272727272727,987037.0560260249,0.0,541,26 331 233 193 13 888 -58,0.896551724137931 1.0 0.10557586837294333 0.006432172451758707 0.5652173913043478 0.014854020829776335 0.9772727272727273,997671.5625461782,0.10714285714285714,299,23 292 60 124 11 857 -72,0.7931034482758621 0.8821752265861027 0.026508226691042046 0.0024337949817465378 0.4782608695652174 0.009561208809970976 0.8181818181818182,881637.2268772274,0.05,682,28 46 1898 8448 0 5096 -97,0.9655172413793104 0.13897280966767372 0.8665447897623401 0.48478878136408415 0.0 0.7333105685504524 0.5340909090909091,988572.6262216598,0.0,489,0 0 2092 16217 0 6539 -141,0.0 0.0 0.9552102376599635 0.9349829054876282 0.0 0.9796824312788117 0.03409090909090909,10496.916197309141,0.5785714285714286,265,0 0 2190 17339 0 6658 -144,0.0 0.0 1.0 1.0 0.0 1.0 0.0,11010.0,0.5892857142857143,267,29 48 1920 8504 0 5113 -101,1.0 0.14501510574018128 0.876599634369287 0.4880338413397462 0.0 0.7362130783677651 0.48863636363636365,1023763.391526198,0.0,429,0 0 2059 15930 0 6439 -132,0.0 0.0 0.9401279707495429 0.9183519731123602 0.0 0.9626088441181492 0.13636363636363635,10329.394132685335,0.5785714285714286,285,0 0 2190 17339 0 6658 -144,0.0 0.0 1.0 1.0 0.0 1.0 0.0,11010.0,0.5892857142857143,267,20 260 2 91 5 801 -83,0.6896551724137931 0.7854984894259819 0.0 0.0005215274960885438 0.21739130434782608 0.0 0.6931818181818182,768227.9751961404,0.0,927
resolved-p7d-c21d-3600-all/resolved-p7d-c21d-3600-3rd/nsp-n40-d28-r0.10-rp2-fp2-s0,15 10 1734 10693 2 5193 -162,0.8333333333333334 0.30303030303030304 0.009724473257698542 0.06455648692606031 1.0 0.016260162601626018 0.08571428571428572,863898.4131717784,0.017857142857142856,1013,15 10 1728 10689 2 5183 -163,0.8333333333333334 0.30303030303030304 0.0 0.06405604904291255 1.0 0.010452961672473868 0.05714285714285714,863800.5813578805,0.017857142857142856,1036,15 10 1762 10765 2 5208 -164,0.8333333333333334 0.30303030303030304 0.055105348460291734 0.07356436882271988 1.0 0.02497096399535424 0.02857142857142857,864361.2597708579,0.017857142857142856,923.0,17 10 1935 10864 0 5380 -147,0.9444444444444444 0.30303030303030304 0.3354943273905997 0.0859502064306268 0.0 0.1248548199767712 0.5142857142857142,978190.1310617253,0.017857142857142856,18,15 10 1794 10847 2 5220 -165,0.8333333333333334 0.30303030303030304 0.10696920583468396 0.08382334542724884 1.0 0.03193960511033682 0.0,864890.1984361889,0.017857142857142856,925,15 10 1786 10854 1 5212 -165,0.8333333333333334 0.30303030303030304 0.0940032414910859 0.08469911172275742 0.5 0.0272938443670151 0.0,864711.368101441,0.017857142857142856,990,17 10 1935 10864 0 5380 -147,0.9444444444444444 0.30303030303030304 0.3354943273905997 0.0859502064306268 0.0 0.1248548199767712 0.5142857142857142,978190.1310617253,0.017857142857142856,18,15 10 1787 10839 1 5210 -165,0.8333333333333334 0.30303030303030304 0.09562398703403566 0.08282246966095333 0.5 0.02613240418118467 0.0,864725.6873004067,0.017857142857142856,984,15 10 1784 10803 1 5200 -165,0.8333333333333334 0.30303030303030304 0.09076175040518639 0.07831852871262354 0.5 0.02032520325203252 0.0,864672.5029211607,0.017857142857142856,1020,17 10 1935 10864 0 5380 -147,0.9444444444444444 0.30303030303030304 0.3354943273905997 0.0859502064306268 0.0 0.1248548199767712 0.5142857142857142,978190.1310617253,0.017857142857142856,18,15 10 1787 10839 1 5210 -165,0.8333333333333334 0.30303030303030304 0.09562398703403566 0.08282246966095333 0.5 0.02613240418118467 0.0,864725.6873004067,0.017857142857142856,984,15 10 1785 10823 1 5212 -165,0.8333333333333334 0.30303030303030304 0.09238249594813615 0.08082071812836232 0.5 0.0272938443670151 0.0,864691.2822524171,0.017857142857142856,1007,18 33 2084 10177 0 5316 -130,1.0 1.0 0.5769854132901134 0.0 0.0 0.08768873403019745 1.0,1105771.7310202415,0.017857142857142856,426,0 0 2345 18023 0 6887 -140,0.0 0.0 1.0 0.9816089077943201 0.0 1.0 0.7142857142857143,10992.323193508606,0.6285714285714286,228,0 0 2253 18170 0 6716 -152,0.0 0.0 0.8508914100486223 1.0 0.0 0.9006968641114983 0.37142857142857144,9518.292497698767,0.625,240,18 33 2084 10177 0 5316 -130,1.0 1.0 0.5769854132901134 0.0 0.0 0.08768873403019745 1.0,1105771.7310202415,0.017857142857142856,426,0 0 2345 18023 0 6887 -139,0.0 0.0 1.0 0.9816089077943201 0.0 1.0 0.7428571428571429,10992.351764937177,0.6285714285714286,227,0 0 2253 18170 0 6716 -152,0.0 0.0 0.8508914100486223 1.0 0.0 0.9006968641114983 0.37142857142857144,9518.292497698767,0.625,240,15 10 1743 10750 0 5165 -159,0.8333333333333334 0.30303030303030304 0.024311183144246355 0.0716877267609158 0.0 0.0 0.17142857142857143,863951.3346231385,0.017857142857142856,1086
resolved-p7d-c21d-3600-all/resolved-p7d-c21d-3600-3rd/nsp-n40-d28-r0.10-rp2-fp2-s9,23 6 1664 10059 4 5425 -155,1.0 0.0 0.05333333333333334 0.11729061177056528 0.5714285714285714 0.12966101694915255 0.6534653465346535,1000709.7168777628,0.010714285714285714,716,23 6 1664 10122 4 5396 -156,1.0 0.0 0.05333333333333334 0.12252012949281979 0.5714285714285714 0.1173728813559322 0.6435643564356436,1000714.813613139,0.010714285714285714,700,23 6 1664 10096 4 5396 -155,1.0 0.0 0.05333333333333334 0.12036191582966714 0.5714285714285714 0.1173728813559322 0.6534653465346535,1000712.665300466,0.010714285714285714,702.0,23 6 1694 10405 3 5419 -165,1.0 0.0 0.0841025641025641 0.14601145513405828 0.42857142857142855 0.1271186440677966 0.5544554455445545,1001031.719880903,0.010714285714285714,505,20 69 1612 8646 7 5119 -120,0.0 1.0 0.0 0.0 1.0 0.0 1.0,100101.0,0.18571428571428572,576,20 23 1621 9783 5 5127 -153,0.0 0.2698412698412698 0.009230769230769232 0.09438034365402174 0.7142857142857143 0.003389830508474576 0.6732673267326733,27242.950757149087,0.060714285714285714,676,23 6 1732 10384 6 5510 -164,1.0 0.0 0.12307692307692308 0.14426828255997343 0.8571428571428571 0.1656779661016949 0.5643564356435643,1001462.9729351401,0.010714285714285714,450,20 69 1612 8646 7 5119 -120,0.0 1.0 0.0 0.0 1.0 0.0 1.0,100101.0,0.18571428571428572,576,20 23 1621 9783 5 5127 -153,0.0 0.2698412698412698 0.009230769230769232 0.09438034365402174 0.7142857142857143 0.003389830508474576 0.6732673267326733,27242.950757149087,0.060714285714285714,676,23 6 1718 10481 3 5470 -166,1.0 0.0 0.10871794871794872 0.1523200796878891 0.42857142857142855 0.14872881355932202 0.5445544554455446,1001284.3885523155,0.010714285714285714,500,20 69 1612 8646 7 5119 -120,0.0 1.0 0.0 0.0 1.0 0.0 1.0,100101.0,0.18571428571428572,576,20 23 1621 9783 5 5127 -153,0.0 0.2698412698412698 0.009230769230769232 0.09438034365402174 0.7142857142857143 0.003389830508474576 0.6732673267326733,27242.950757149087,0.060714285714285714,676,23 7 2498 19866 0 7268 -197,1.0 0.015873015873015872 0.9087179487179488 0.931352203868183 0.0 0.910593220338983 0.2376237623762376,1011615.1768343151,0.6107142857142858,253,22 7 2587 20583 0 7479 -221,0.6666666666666666 0.015873015873015872 1.0 0.990869096040508 0.0 1.0 0.0,679254.8373500088,0.6035714285714285,205,22 7 2587 20693 0 7479 -220,0.6666666666666666 0.015873015873015872 1.0 1.0 0.0 1.0 0.009900990099009901,679263.9781549583,0.6,211,23 7 2498 19866 0 7268 -197,1.0 0.015873015873015872 0.9087179487179488 0.931352203868183 0.0 0.910593220338983 0.2376237623762376,1011615.1768343151,0.6107142857142858,253,22 7 2587 20583 0 7479 -221,0.6666666666666666 0.015873015873015872 1.0 0.990869096040508 0.0 1.0 0.0,679254.8373500088,0.6071428571428571,204,22 7 2587 20647 0 7479 -221,0.6666666666666666 0.015873015873015872 1.0 0.996181621980576 0.0 1.0 0.0,679260.1498759488,0.6035714285714285,212,23 6 1666 10048 6 5311 -161,1.0 0.0 0.055384615384615386 0.11637752137461609 0.8571428571428571 0.08135593220338982 0.594059405940594,1000757.3455796631,0.010714285714285714,739
resolved-p7d-c21d-3600-all/resolved-p7d-c21d-3600-3rd/nsp-n40-d28-r0.10-rp2-fp2-s2,16 51 2101 9742 60 6047 -158,0.0 0.0 0.9140271493212669 0.9462651313847062 0.504950495049505 0.9453294001966568 0.06432748538011696,10146.549295589673,0.007142857142857143,749,16 51 2104 9837 62 6044 -166,0.0 0.0 0.9153846153846154 0.9556146048617262 0.5247524752475248 0.9447394296951819 0.017543859649122806,10171.400944389234,0.007142857142857143,686,16 51 2101 9742 60 6047 -158,0.0 0.0 0.9140271493212669 0.9462651313847062 0.504950495049505 0.9453294001966568 0.06432748538011696,10146.549295589673,0.007142857142857143,749.0,16 51 2291 10288 60 6325 -162,0.0 0.0 1.0 1.0 0.504950495049505 1.0 0.04093567251461988,11060.535985177465,0.007142857142857143,20,16 51 2148 9588 62 6142 -168,0.0 0.0 0.9352941176470588 0.9311091428009054 0.5247524752475248 0.9640117994100295 0.005847953216374269,10346.171532743563,0.007142857142857143,550,16 51 2148 9588 62 6142 -169,0.0 0.0 0.9352941176470588 0.9311091428009054 0.5247524752475248 0.9640117994100295 0.0,10346.165684790347,0.007142857142857143,551,16 51 2291 10288 60 6325 -162,0.0 0.0 1.0 1.0 0.504950495049505 1.0 0.04093567251461988,11060.535985177465,0.007142857142857143,20,16 51 2148 9588 62 6142 -169,0.0 0.0 0.9352941176470588 0.9311091428009054 0.5247524752475248 0.9640117994100295 0.0,10346.165684790347,0.007142857142857143,551,16 51 2148 9588 62 6142 -169,0.0 0.0 0.9352941176470588 0.9311091428009054 0.5247524752475248 0.9640117994100295 0.0,10346.165684790347,0.007142857142857143,551,16 51 2291 10288 60 6325 -162,0.0 0.0 1.0 1.0 0.504950495049505 1.0 0.04093567251461988,11060.535985177465,0.007142857142857143,20,16 51 2148 9588 62 6142 -169,0.0 0.0 0.9352941176470588 0.9311091428009054 0.5247524752475248 0.9640117994100295 0.0,10346.165684790347,0.007142857142857143,551,16 51 2148 9597 62 6137 -166,0.0 0.0 0.9352941176470588 0.9319948823934652 0.5247524752475248 0.9630285152409046 0.017543859649122806,10347.059135400865,0.007142857142857143,547,49 492 629 738 109 2048 2,1.0 0.9954853273137697 0.24796380090497738 0.060131876783781124 0.9900990099009901 0.15889872173058014 1.0,1102189.901505418,0.007142857142857143,410,34 361 81 134 10 1240 -29,0.5454545454545454 0.6997742663656885 0.0 0.0006889085719909457 0.009900990099009901 0.0 0.8187134502923976,615434.4698121465,0.7678571428571429,899,31 387 319 209 16 1326 -6,0.45454545454545453 0.7584650112866818 0.1076923076923077 0.008070071843322507 0.06930693069306931 0.016912487708947887 0.9532163742690059,531485.0018572097,0.7678571428571429,799,49 494 628 739 110 2047 2,1.0 1.0 0.24751131221719458 0.06023029229406555 1.0 0.15870206489675517 1.0,1102637.930435115,0.007142857142857143,399,35 350 81 127 9 1240 -28,0.5757575757575758 0.6749435665914221 0.0 0.0 0.0 0.0 0.8245614035087719,643252.7569781215,0.7678571428571429,821,31 387 319 209 16 1326 -7,0.45454545454545453 0.7584650112866818 0.1076923076923077 0.008070071843322507 0.06930693069306931 0.016912487708947887 0.9473684210526315,531484.9960092566,0.7678571428571429,800,16 51 2122 9873 60 6076 -163,0.0 0.0 0.9235294117647059 0.9591575632319653 0.504950495049505 0.9510324483775812 0.03508771929824561,10254.492142587049,0.007142857142857143,701
resolved-p7d-c21d-3600-all/resolved-p7d-c21d-3600-3rd/nsp-n50-d28-r0.10-rp2-fp2-s3,21 8 2896 11992 1 7897 -203,0.0 0.25 0.0 0.0 1.0 0.0 0.9,25100.9,0.005714285714285714,516,21 8 2908 12282 1 7932 -210,0.0 0.25 0.008016032064128256 0.020769175678579103 1.0 0.009157509157509158 0.76,25201.78107141144,0.005714285714285714,494,21 8 2941 12544 0 7978 -213,0.0 0.25 0.03006012024048096 0.03953305163646781 0.0 0.02119309262166405 0.7,25341.046184967494,0.005714285714285714,442.0,22 7 2947 12894 1 8039 -220,0.14285714285714285 0.0 0.03406813627254509 0.06459929814509775 1.0 0.037153322867608585 0.56,143363.35505124208,0.005714285714285714,207,22 7 3007 12635 1 8081 -198,0.14285714285714285 0.0 0.07414829659318638 0.04605027572871159 1.0 0.04814233385661957 1.0,143746.157522142,0.005714285714285714,264,22 7 3007 12649 1 8081 -200,0.14285714285714285 0.0 0.07414829659318638 0.04705292558905679 1.0 0.04814233385661957 0.96,143747.12017200232,0.005714285714285714,261,22 7 2947 12872 0 8040 -217,0.14285714285714285 0.0 0.03406813627254509 0.06302370550741244 0.0 0.03741496598639456 0.62,143261.84207503556,0.005714285714285714,212,22 7 3007 12635 1 8080 -201,0.14285714285714285 0.0 0.07414829659318638 0.04605027572871159 1.0 0.047880690737833596 0.94,143746.0949057108,0.005714285714285714,265,22 7 3007 12652 0 8081 -202,0.14285714285714285 0.0 0.07414829659318638 0.04726777913055934 0.0 0.04814233385661957 0.92,143647.29502554383,0.005714285714285714,260,22 7 2947 12893 0 8039 -217,0.14285714285714285 0.0 0.03406813627254509 0.06452768029793024 0.0 0.037153322867608585 0.62,143263.3434333949,0.005714285714285714,208,22 7 3007 12666 0 8081 -200,0.14285714285714285 0.0 0.07414829659318638 0.048270428990904536 0.0 0.04814233385661957 0.96,143648.33767540418,0.005714285714285714,258,22 7 3007 12635 1 8080 -201,0.14285714285714285 0.0 0.07414829659318638 0.04605027572871159 1.0 0.047880690737833596 0.94,143746.0949057108,0.005714285714285714,265,28 9 4393 25955 0 11719 -225,1.0 0.5 1.0 1.0 0.0 1.0 0.46,1061010.46,0.6371428571428571,50,26 11 4250 25338 1 11467 -248,0.7142857142857143 1.0 0.9044756179024717 0.9558117882976438 1.0 0.9340659340659341 0.0,824395.6229123774,0.6314285714285715,806,26 9 4311 25915 0 11501 -245,0.7142857142857143 0.5 0.9452237808951236 0.9971352861132994 0.0 0.9429618001046572 0.06,774744.5769987799,0.6228571428571429,851,28 9 4393 25955 0 11719 -225,1.0 0.5 1.0 1.0 0.0 1.0 0.46,1061010.46,0.6371428571428571,50,26 11 4251 25354 1 11474 -247,0.7142857142857143 1.0 0.9051436205744823 0.956957673852324 1.0 0.9358974358974359 0.02,824403.4871396704,0.6342857142857142,800,26 9 4281 25529 0 11501 -246,0.7142857142857143 0.5 0.9251837007348029 0.969490797106639 0.0 0.9429618001046572 0.04,774516.5117081701,0.6285714285714286,886,22 7 2964 12236 1 8024 -200,0.14285714285714285 0.0 0.04542418169672679 0.01747475470887345 1.0 0.03322867608581894 0.96,143430.15171557985,0.005714285714285714,512
resolved-p7d-c21d-3600-all/resolved-p7d-c21d-3600-3rd/nsp-n30-d28-r0.10-rp2-fp2-s2,0 0 0 0 0 182 -107,0.0 0.0 0.0 0.0 0.0 0.3275862068965517 0.03389830508474576,3.3097603740502626,0.10476190476190476,88,0 0 0 0 0 188 -109,0.0 0.0 0.0 0.0 0.0 0.43103448275862066 0.0,4.310344827586206,0.11904761904761904,82,0 0 0 0 0 188 -109,0.0 0.0 0.0 0.0 0.0 0.43103448275862066 0.0,4.310344827586206,0.11904761904761904,82.0,0 0 0 0 0 163 -95,0.0 0.0 0.0 0.0 0.0 0.0 0.23728813559322035,0.23728813559322035,0.06666666666666667,173,0 0 0 0 0 204 -62,0.0 0.0 0.0 0.0 0.0 0.7068965517241379 0.7966101694915254,7.865575686732904,0.3904761904761905,26,0 0 0 0 0 175 -97,0.0 0.0 0.0 0.0 0.0 0.20689655172413793 0.2033898305084746,2.272355347749854,0.06666666666666667,125,0 0 0 0 0 180 -107,0.0 0.0 0.0 0.0 0.0 0.29310344827586204 0.03389830508474576,2.9649327878433662,0.06666666666666667,117,0 0 0 0 0 203 -50,0.0 0.0 0.0 0.0 0.0 0.6896551724137931 1.0,7.8965517241379315,0.3047619047619048,21,0 0 0 0 0 170 -90,0.0 0.0 0.0 0.0 0.0 0.1206896551724138 0.3220338983050847,1.5289304500292227,0.06666666666666667,130,0 0 0 0 0 193 -90,0.0 0.0 0.0 0.0 0.0 0.5172413793103449 0.3220338983050847,5.494447691408533,0.06666666666666667,103,0 0 0 0 0 194 -74,0.0 0.0 0.0 0.0 0.0 0.5344827586206896 0.5932203389830508,5.938047925189947,0.3142857142857143,28,0 0 0 0 0 196 -97,0.0 0.0 0.0 0.0 0.0 0.5689655172413793 0.2033898305084746,5.8930450029222685,0.06666666666666667,90,0 0 0 0 0 191 -98,0.0 0.0 0.0 0.0 0.0 0.4827586206896552 0.1864406779661017,5.014026884862654,0.06666666666666667,160,0 0 0 0 0 221 -70,0.0 0.0 0.0 0.0 0.0 1.0 0.6610169491525424,10.661016949152543,0.5904761904761905,80,0 0 0 0 0 219 -64,0.0 0.0 0.0 0.0 0.0 0.9655172413793104 0.7627118644067796,10.417884278199883,0.06666666666666667,191,0 0 0 0 0 189 -85,0.0 0.0 0.0 0.0 0.0 0.4482758620689655 0.4067796610169492,4.889538281706604,0.06666666666666667,168,0 0 0 0 0 221 -70,0.0 0.0 0.0 0.0 0.0 1.0 0.6610169491525424,10.661016949152543,0.5904761904761905,80,0 0 0 0 0 215 -53,0.0 0.0 0.0 0.0 0.0 0.896551724137931 0.9491525423728814,9.91466978375219,0.06666666666666667,199,0 0 0 0 0 176 -96,0.0 0.0 0.0 0.0 0.0 0.22413793103448276 0.22033898305084745,2.4617182933956747,0.06666666666666667,57
resolved-p7d-c21d-3600-all/resolved-p7d-c21d-3600-3rd/nsp-n10-d28-r0.10-rp0-fp0-s2,0 0 0 0 0 109 -21,0.0 0.0 0.0 0.0 0.0 0.7037037037037037 0.6470588235294118,7.684095860566449,0.08571428571428572,151,0 0 0 0 0 94 -21,0.0 0.0 0.0 0.0 0.0 0.14814814814814814 0.6470588235294118,2.128540305010893,0.02857142857142857,147,0 0 0 0 0 93 -22,0.0 0.0 0.0 0.0 0.0 0.1111111111111111 0.5882352941176471,1.6993464052287583,0.02857142857142857,149.0,0 0 0 0 0 111 -30,0.0 0.0 0.0 0.0 0.0 0.7777777777777778 0.11764705882352941,7.895424836601307,0.02857142857142857,200,0 0 0 0 0 104 -20,0.0 0.0 0.0 0.0 0.0 0.5185185185185185 0.7058823529411765,5.891067538126362,0.45714285714285713,30,0 0 0 0 0 93 -28,0.0 0.0 0.0 0.0 0.0 0.1111111111111111 0.23529411764705882,1.34640522875817,0.02857142857142857,64,0 0 0 0 0 106 -22,0.0 0.0 0.0 0.0 0.0 0.5925925925925926 0.5882352941176471,6.514161220043572,0.02857142857142857,148,0 0 0 0 0 110 -15,0.0 0.0 0.0 0.0 0.0 0.7407407407407407 1.0,8.407407407407407,0.2,4,0 0 0 0 0 106 -21,0.0 0.0 0.0 0.0 0.0 0.5925925925925926 0.6470588235294118,6.572984749455338,0.02857142857142857,75,0 0 0 0 0 101 -28,0.0 0.0 0.0 0.0 0.0 0.4074074074074074 0.23529411764705882,4.309368191721132,0.02857142857142857,118,0 0 0 0 0 117 -26,0.0 0.0 0.0 0.0 0.0 1.0 0.35294117647058826,10.352941176470589,0.4714285714285714,69,0 0 0 0 0 107 -23,0.0 0.0 0.0 0.0 0.0 0.6296296296296297 0.5294117647058824,6.825708061002179,0.02857142857142857,193,0 0 0 0 0 91 -21,0.0 0.0 0.0 0.0 0.0 0.037037037037037035 0.6470588235294118,1.0174291938997821,0.02857142857142857,256,0 0 0 0 0 90 -31,0.0 0.0 0.0 0.0 0.0 0.0 0.058823529411764705,0.058823529411764705,0.6,85,0 0 0 0 0 114 -23,0.0 0.0 0.0 0.0 0.0 0.8888888888888888 0.5294117647058824,9.418300653594772,0.02857142857142857,227,0 0 0 0 0 91 -21,0.0 0.0 0.0 0.0 0.0 0.037037037037037035 0.6470588235294118,1.0174291938997821,0.02857142857142857,256,0 0 0 0 0 90 -31,0.0 0.0 0.0 0.0 0.0 0.0 0.058823529411764705,0.058823529411764705,0.6,85,0 0 0 0 0 114 -23,0.0 0.0 0.0 0.0 0.0 0.8888888888888888 0.5294117647058824,9.418300653594772,0.02857142857142857,227,0 0 0 0 0 104 -32,0.0 0.0 0.0 0.0 0.0 0.5185185185185185 0.0,5.185185185185185,0.02857142857142857,75
resolved-p7d-c21d-3600-all/resolved-p7d-c21d-3600-3rd/nsp-n10-d28-r0.10-rp0-fp0-s3,0 0 0 0 0 89 -31,0.0 0.0 0.0 0.0 0.0 0.0 0.2857142857142857,0.2857142857142857,0.05714285714285714,185,0 0 0 0 0 96 -30,0.0 0.0 0.0 0.0 0.0 0.1794871794871795 0.35714285714285715,2.152014652014652,0.02857142857142857,176,0 0 0 0 0 96 -30,0.0 0.0 0.0 0.0 0.0 0.1794871794871795 0.35714285714285715,2.152014652014652,0.02857142857142857,176.0,0 0 0 0 0 104 -31,0.0 0.0 0.0 0.0 0.0 0.38461538461538464 0.2857142857142857,4.131868131868132,0.02857142857142857,103,0 0 0 0 0 101 -24,0.0 0.0 0.0 0.0 0.0 0.3076923076923077 0.7857142857142857,3.8626373626373627,0.18571428571428572,66,0 0 0 0 0 104 -24,0.0 0.0 0.0 0.0 0.0 0.38461538461538464 0.7857142857142857,4.631868131868132,0.02857142857142857,59,0 0 0 0 0 100 -30,0.0 0.0 0.0 0.0 0.0 0.28205128205128205 0.35714285714285715,3.1776556776556775,0.02857142857142857,110,0 0 0 0 0 94 -21,0.0 0.0 0.0 0.0 0.0 0.1282051282051282 1.0,2.282051282051282,0.22857142857142856,85,0 0 0 0 0 102 -23,0.0 0.0 0.0 0.0 0.0 0.3333333333333333 0.8571428571428571,4.19047619047619,0.02857142857142857,133,0 0 0 0 0 93 -27,0.0 0.0 0.0 0.0 0.0 0.10256410256410256 0.5714285714285714,1.597069597069597,0.02857142857142857,209,0 0 0 0 0 95 -24,0.0 0.0 0.0 0.0 0.0 0.15384615384615385 0.7857142857142857,2.3241758241758244,0.37142857142857144,30,0 0 0 0 0 111 -35,0.0 0.0 0.0 0.0 0.0 0.5641025641025641 0.0,5.6410256410256405,0.02857142857142857,129,0 0 0 0 0 91 -28,0.0 0.0 0.0 0.0 0.0 0.05128205128205128 0.5,1.0128205128205128,0.02857142857142857,224,0 0 0 0 0 116 -28,0.0 0.0 0.0 0.0 0.0 0.6923076923076923 0.5,7.423076923076923,0.6571428571428571,31,0 0 0 0 0 128 -31,0.0 0.0 0.0 0.0 0.0 1.0 0.2857142857142857,10.285714285714286,0.02857142857142857,274,0 0 0 0 0 91 -28,0.0 0.0 0.0 0.0 0.0 0.05128205128205128 0.5,1.0128205128205128,0.02857142857142857,224,0 0 0 0 0 116 -28,0.0 0.0 0.0 0.0 0.0 0.6923076923076923 0.5,7.423076923076923,0.6571428571428571,31,0 0 0 0 0 128 -32,0.0 0.0 0.0 0.0 0.0 1.0 0.21428571428571427,10.214285714285714,0.02857142857142857,275,0 0 0 0 0 99 -23,0.0 0.0 0.0 0.0 0.0 0.2564102564102564 0.8571428571428571,3.421245421245421,0.02857142857142857,197
resolved-p7d-c21d-3600-all/resolved-p7d-c21d-3600-3rd/nsp-n20-d28-r0.10-rp2-fp2-s6,5 3 381 4352 0 1323 -88,0.0 0.5 0.0 0.19809998442610185 0.0 0.007177033492822967 0.10294117647058823,50198.2746959375,0.014285714285714285,1814,5 3 381 4383 0 1317 -88,0.0 0.5 0.0 0.20292789285158075 0.0 0.0 0.10294117647058823,50203.03083402805,0.014285714285714285,1802,5 3 381 4291 0 1329 -87,0.0 0.5 0.0 0.18859990655661113 0.0 0.014354066985645933 0.11764705882352941,50188.86109428529,0.014285714285714285,1860.0,5 3 407 4122 1 1352 -73,0.0 0.5 0.10483870967741936 0.16228001868867778 1.0 0.041866028708133975 0.3235294117647059,51311.40930516172,0.014285714285714285,1561,5 3 403 3216 0 1382 -29,0.0 0.5 0.08870967741935484 0.021180501479520324 0.0 0.07775119617224881 0.9705882352941176,50910.025375870086,0.014285714285714285,1020,5 3 403 3238 0 1364 -32,0.0 0.5 0.08870967741935484 0.02460675907179567 0.0 0.056220095693779906 0.9264705882352942,50913.19220481052,0.014285714285714285,1017,5 3 407 4114 1 1356 -66,0.0 0.5 0.10483870967741936 0.16103410683694128 1.0 0.04665071770334928 0.4264705882352941,51310.3141813764,0.014285714285714285,1566,5 3 403 3344 0 1364 -34,0.0 0.5 0.08870967741935484 0.04111509110730416 0.0 0.056220095693779906 0.8970588235294118,50929.67112508132,0.014285714285714285,975,5 3 403 3254 0 1371 -27,0.0 0.5 0.08870967741935484 0.02709858277526865 0.0 0.0645933014354067 1.0,50915.841289983175,0.014285714285714285,997,5 3 407 4141 1 1363 -69,0.0 0.5 0.10483870967741936 0.16523905933655195 1.0 0.05502392344497608 0.38235294117647056,51314.55874828637,0.014285714285714285,1543,5 3 403 3468 0 1333 -38,0.0 0.5 0.08870967741935484 0.06042672480921975 0.0 0.019138755980861243 0.8382352941176471,50948.5531218567,0.014285714285714285,955,5 3 403 3080 0 1362 -29,0.0 0.5 0.08870967741935484 0.0 0.0 0.05382775119617225 0.9705882352941176,50888.605639940804,0.014285714285714285,1103,7 4 625 9464 0 2137 -75,1.0 1.0 0.9838709677419355 0.9942376576857187 0.0 0.9808612440191388 0.29411764705882354,1110843.0500651924,0.6714285714285714,831,7 2 629 9351 0 2147 -95,1.0 0.0 1.0 0.9766391527799408 0.0 0.992822966507177 0.0,1010986.567382445,0.6571428571428571,1492,7 2 628 9359 0 2150 -94,1.0 0.0 0.9959677419354839 0.9778850646316773 0.0 0.9964114832535885 0.014705882352941176,1010947.5413047014,0.6571428571428571,1254,7 4 629 9501 0 2153 -75,1.0 1.0 1.0 1.0 0.0 1.0 0.29411764705882354,1111010.294117647,0.6714285714285714,769,7 2 628 9400 0 2149 -95,1.0 0.0 0.9959677419354839 0.9842703628718268 0.0 0.9952153110047847 0.0,1010953.8999353367,0.6642857142857143,1529,7 2 626 9313 0 2153 -95,1.0 0.0 0.9879032258064516 0.9707210714841925 0.0 1.0 0.0,1010859.7533295488,0.6714285714285714,1353,5 3 392 4395 0 1333 -85,0.0 0.5 0.04435483870967742 0.20479676062918548 0.0 0.019138755980861243 0.14705882352941177,50648.6835941093,0.014285714285714285,1893
resolved-p7d-c21d-3600-all/resolved-p7d-c21d-3600-3rd/nsp-n30-d28-r0.10-rp2-fp2-s8,15 198 0 64 2 513 -92,0.7894736842105263 0.7951807228915663 0.0 0.0006555944055944056 0.14285714285714285 0.000531632110579479 0.5959595959595959,869007.2990842913,0.009523809523809525,991,15 198 0 55 1 511 -93,0.7894736842105263 0.7951807228915663 0.0 0.0 0.07142857142857142 0.0 0.5858585858585859,868999.4852154116,0.009523809523809525,1016,15 198 3 55 1 519 -96,0.7894736842105263 0.7951807228915663 0.0021413276231263384 0.0 0.07142857142857142 0.002126528442317916 0.5555555555555556,869020.889453897,0.009523809523809525,969.0,19 192 5 71 5 573 -73,1.0 0.7710843373493976 0.0035688793718772305 0.0011655011655011655 0.35714285714285715 0.01648059542796385 0.7878787878787878,1077181.9550002804,0.009523809523809525,444,16 195 36 96 8 657 -61,0.8421052631578947 0.7831325301204819 0.02569593147751606 0.0029865967365967365 0.5714285714285714 0.03880914407230197 0.9090909090909091,920736.9021209474,0.02857142857142857,1350,16 195 36 91 7 660 -58,0.8421052631578947 0.7831325301204819 0.02569593147751606 0.0026223776223776225 0.5 0.03960659223817119 0.9393939393939394,920729.4333222022,0.023809523809523808,1424,17 184 12 77 8 542 -66,0.8947368421052632 0.7389558232931727 0.008565310492505354 0.0016025641025641025 0.5714285714285714 0.008240297713981925 0.8585858585858586,968777.7639495867,0.009523809523809525,633,15 249 656 235 14 681 -52,0.7894736842105263 1.0 0.46823697359029265 0.013111888111888112 1.0 0.045188729399255716 1.0,894270.6177218352,0.1761904761904762,1151,15 226 39 120 5 584 -70,0.7894736842105263 0.9076305220883534 0.027837259100642397 0.004734848484848485 0.35714285714285715 0.019404572036150983 0.8181818181818182,880556.5703721057,0.02857142857142857,1307,18 194 9 60 4 547 -85,0.9473684210526315 0.7791164658634538 0.006423982869379015 0.00036421911421911425 0.2857142857142857 0.009569377990430622 0.6666666666666666,1025374.0054758029,0.009523809523809525,694,19 195 11 65 3 528 -84,1.0 0.7831325301204819 0.007851534618129907 0.0007284382284382285 0.21428571428571427 0.004518872939925572 0.6767676767676768,1078414.6473242927,0.014285714285714285,1126,19 196 8 74 4 538 -76,1.0 0.7871485943775101 0.005710206995003569 0.001384032634032634 0.2857142857142857 0.007177033492822967 0.7575757575757576,1078802.746314999,0.014285714285714285,969,13 31 1072 5713 0 2751 -110,0.6842105263157895 0.12449799196787148 0.7651677373304783 0.41215034965034963 0.0 0.5954279638490165 0.41414141414141414,704730.5216565843,0.009523809523809525,759,0 0 1371 13291 0 4188 -151,0.0 0.0 0.9785867237687366 0.9641608391608392 0.0 0.9774056353003722 0.0,10759.802133201209,0.6238095238095238,308,0 0 1401 13783 0 4273 -151,0.0 0.0 1.0 1.0 0.0 1.0 0.0,11010.0,0.6142857142857143,161,13 33 1067 5713 0 2738 -107,0.6842105263157895 0.13253012048192772 0.761598857958601 0.41215034965034963 0.0 0.5919723551302498 0.4444444444444444,705498.0414612143,0.009523809523809525,744,0 0 1371 13407 0 4177 -151,0.0 0.0 0.9785867237687366 0.9726107226107226 0.0 0.9744816586921851 0.0,10768.22277688501,0.6095238095238096,282,0 0 1393 13189 0 4250 -129,0.0 0.0 0.9942897930049964 0.9567307692307693 0.0 0.993886230728336 0.2222222222222222,10909.78978381024,0.6142857142857143,176,19 187 9 67 9 563 -87,1.0 0.751004016064257 0.006423982869379015 0.0008741258741258741 0.6428571428571429 0.013822434875066455 0.6464646464646465,1075230.5859642746,0.009523809523809525,1332
resolved-p7d-c21d-3600-all/resolved-p7d-c21d-3600-3rd/nsp-n20-d28-r0.10-rp2-fp2-s9,0 0 0 0 0 92 -24,0.0 0.0 0.0 0.0 0.0 0.05714285714285714 0.5151515151515151,1.0865800865800865,0.15,100,0 0 0 0 0 94 -24,0.0 0.0 0.0 0.0 0.0 0.11428571428571428 0.5151515151515151,1.658008658008658,0.12142857142857143,103,0 0 0 0 0 96 -15,0.0 0.0 0.0 0.0 0.0 0.17142857142857143 0.7878787878787878,2.5021645021645025,0.10714285714285714,93.0,0 0 0 0 0 125 -19,0.0 0.0 0.0 0.0 0.0 1.0 0.6666666666666666,10.666666666666666,0.10714285714285714,243,0 0 0 0 0 109 -27,0.0 0.0 0.0 0.0 0.0 0.5428571428571428 0.42424242424242425,5.852813852813852,0.4,39,0 0 0 0 0 90 -32,0.0 0.0 0.0 0.0 0.0 0.0 0.2727272727272727,0.2727272727272727,0.10714285714285714,89,0 0 0 0 0 115 -19,0.0 0.0 0.0 0.0 0.0 0.7142857142857143 0.6666666666666666,7.80952380952381,0.10714285714285714,179,0 0 0 0 0 99 -10,0.0 0.0 0.0 0.0 0.0 0.2571428571428571 0.9393939393939394,3.5108225108225106,0.2785714285714286,44,0 0 0 0 0 96 -36,0.0 0.0 0.0 0.0 0.0 0.17142857142857143 0.15151515151515152,1.865800865800866,0.10714285714285714,152,0 0 0 0 0 97 -35,0.0 0.0 0.0 0.0 0.0 0.2 0.18181818181818182,2.1818181818181817,0.10714285714285714,178,0 0 0 0 0 109 -8,0.0 0.0 0.0 0.0 0.0 0.5428571428571428 1.0,6.428571428571428,0.45714285714285713,33,0 0 0 0 0 121 -12,0.0 0.0 0.0 0.0 0.0 0.8857142857142857 0.8787878787878788,9.735930735930737,0.10714285714285714,191,0 0 0 0 0 109 -41,0.0 0.0 0.0 0.0 0.0 0.5428571428571428 0.0,5.428571428571428,0.10714285714285714,271,0 0 0 0 0 107 -33,0.0 0.0 0.0 0.0 0.0 0.4857142857142857 0.24242424242424243,5.099567099567099,0.45,115,0 0 0 0 0 120 -16,0.0 0.0 0.0 0.0 0.0 0.8571428571428571 0.7575757575757576,9.329004329004329,0.10714285714285714,294,0 0 0 0 0 109 -41,0.0 0.0 0.0 0.0 0.0 0.5428571428571428 0.0,5.428571428571428,0.10714285714285714,271,0 0 0 0 0 107 -33,0.0 0.0 0.0 0.0 0.0 0.4857142857142857 0.24242424242424243,5.099567099567099,0.45,115,0 0 0 0 0 109 -29,0.0 0.0 0.0 0.0 0.0 0.5428571428571428 0.36363636363636365,5.792207792207791,0.10714285714285714,299,0 0 0 0 0 93 -18,0.0 0.0 0.0 0.0 0.0 0.08571428571428572 0.696969696969697,1.5541125541125542,0.10714285714285714,138
resolved-p7d-c21d-3600-all/resolved-p7d-c21d-3600-3rd/nsp-n50-d28-r0.10-rp2-fp2-s5,44 311 14 82 4 1555 -133,0.9361702127659575 0.7974358974358975 0.003430531732418525 0.0005972441448743655 0.14285714285714285 0.0 0.5683453237410072,1015963.5591306257,0.011428571428571429,676,44 312 9 79 4 1560 -130,0.9361702127659575 0.8 0.0022053418279833373 0.0004692632566870014 0.14285714285714285 0.000526592943654555 0.5899280575539568,1016207.6163557667,0.011428571428571429,662,44 312 9 80 4 1556 -132,0.9361702127659575 0.8 0.0022053418279833373 0.0005119235527494561 0.14285714285714285 0.00010531858873091101 0.5755395683453237,1016207.64041483,0.011428571428571429,656.0,47 321 0 74 10 1907 -131,1.0 0.823076923076923 0.0 0.00025596177637472804 0.35714285714285715 0.037072143233280674 0.5827338129496403,1082344.6160104282,0.011428571428571429,189,47 317 20 250 12 1655 -114,1.0 0.8128205128205128 0.00490075961774075 0.0077641738833667505 0.42857142857142855 0.010531858873091101 0.7050359712230215,1081382.4905495292,0.014285714285714285,541,46 312 45 220 18 1674 -87,0.9787234042553191 0.8 0.011026709139916687 0.00648436500149311 0.6428571428571429 0.01253291205897841 0.8992805755395683,1058905.4660357016,0.03428571428571429,650,46 318 0 93 10 1915 -131,0.9787234042553191 0.8153846153846154 0.0 0.0010665074015613668 0.35714285714285715 0.037914691943127965 0.5827338129496403,1060299.608467629,0.011428571428571429,342,45 311 10 89 10 1606 -114,0.9574468085106383 0.7974358974358975 0.002450379808870375 0.0008958662173115481 0.35714285714285715 0.005371248025276461 0.7050359712230215,1037252.2709526998,0.011428571428571429,635,45 311 10 86 10 1606 -111,0.9574468085106383 0.7974358974358975 0.002450379808870375 0.0007678853291241841 0.35714285714285715 0.005371248025276461 0.7266187050359713,1037252.1645545454,0.011428571428571429,648,47 316 4 68 6 1910 -115,1.0 0.8102564102564103 0.00098015192354815 0.0 0.21428571428571427 0.03738809899947341 0.697841726618705,1081057.9428390218,0.011428571428571429,325,39 390 294 162 28 1653 -92,0.8297872340425532 1.0 0.07204116638078903 0.004010067829870739 1.0 0.010321221695629278 0.8633093525179856,930612.6222957603,0.05714285714285714,556,43 359 108 174 20 1662 -73,0.9148936170212766 0.9205128205128205 0.02646410193580005 0.0045219913826201955 0.7142857142857143 0.011269088994207477 1.0,1007286.6033456178,0.06,295,38 56 3214 10562 0 7847 -147,0.8085106382978723 0.14358974358974358 0.7875520705709385 0.44767714687939936 0.0 0.6626645602948921 0.4676258992805755,831199.9047809376,0.011428571428571429,402,0 0 3807 22525 0 10559 -206,0.0 0.0 0.9328595932369518 0.9580222686745447 0.0 0.9482885729331227 0.04316546762589928,10296.144252241018,0.6285714285714286,245,0 0 4081 23509 0 11050 -212,0.0 0.0 1.0 1.0 0.0 1.0 0.0,11010.0,0.6285714285714286,37,37 54 3173 10412 0 7777 -133,0.7872340425531915 0.13846153846153847 0.77750551335457 0.44127810247003113 0.0 0.6552922590837282 0.5683453237410072,809303.6509032757,0.011428571428571429,436,0 0 3789 22256 0 10505 -200,0.0 0.0 0.928448909580985 0.9465466490337443 0.0 0.9426013691416535 0.08633093525179857,10240.548089470261,0.6285714285714286,266,0 0 4081 23509 0 11050 -212,0.0 0.0 1.0 1.0 0.0 1.0 0.0,11010.0,0.6285714285714286,37,42 305 1 68 3 1803 -116,0.8936170212765957 0.782051282051282 0.0002450379808870375 0.0 0.10714285714285714 0.026119010005265928 0.6906474820143885,971836.265984829,0.011428571428571429,479
resolved-p7d-c21d-3600-all/resolved-p7d-c21d-3600-3rd/nsp-n50-d28-r0.10-rp2-fp2-s2,24 46 3635 12483 47 9279 -158,0.0 1.0 0.013020833333333334 0.01821439235592714 1.0 0.014141414141414142 0.9245283018867925,100249.48866813256,0.005714285714285714,586,24 46 3635 12475 47 9280 -159,0.0 1.0 0.013020833333333334 0.01761719916392953 1.0 0.014545454545454545 0.9056603773584906,100248.87664742008,0.005714285714285714,589,24 46 3635 12453 47 9279 -158,0.0 1.0 0.013020833333333334 0.0159749178859361 1.0 0.014141414141414142 0.9245283018867925,100247.24919366257,0.005714285714285714,594.0,24 46 3682 12603 47 9407 -164,0.0 1.0 0.07421875 0.02717229023589131 1.0 0.06585858585858585 0.8113207547169812,100870.82969684919,0.005714285714285714,394,24 46 3625 12664 47 9371 -183,0.0 1.0 0.0 0.031725888324873094 1.0 0.05131313131313131 0.4528301886792453,100132.69184982669,0.005714285714285714,477,24 46 3625 12664 47 9371 -183,0.0 1.0 0.0 0.031725888324873094 1.0 0.05131313131313131 0.4528301886792453,100132.69184982669,0.005714285714285714,477,24 46 3682 12603 47 9407 -164,0.0 1.0 0.07421875 0.02717229023589131 1.0 0.06585858585858585 0.8113207547169812,100870.82969684919,0.005714285714285714,394,24 46 3625 12664 47 9371 -183,0.0 1.0 0.0 0.031725888324873094 1.0 0.05131313131313131 0.4528301886792453,100132.69184982669,0.005714285714285714,477,24 46 3625 12664 47 9371 -183,0.0 1.0 0.0 0.031725888324873094 1.0 0.05131313131313131 0.4528301886792453,100132.69184982669,0.005714285714285714,477,24 46 3682 12603 47 9407 -164,0.0 1.0 0.07421875 0.02717229023589131 1.0 0.06585858585858585 0.8113207547169812,100870.82969684919,0.005714285714285714,394,24 46 3625 12664 47 9371 -183,0.0 1.0 0.0 0.031725888324873094 1.0 0.05131313131313131 0.4528301886792453,100132.69184982669,0.005714285714285714,477,24 46 3625 12664 47 9371 -183,0.0 1.0 0.0 0.031725888324873094 1.0 0.05131313131313131 0.4528301886792453,100132.69184982669,0.005714285714285714,477,28 8 4393 25635 0 11719 -199,1.0 0.09523809523809523 1.0 1.0 0.0 1.0 0.1509433962264151,1020533.9604672057,0.7142857142857143,53,27 4 4183 25033 0 11346 -205,0.75 0.0 0.7265625 0.9550612123021798 0.0 0.8492929292929293 0.03773584905660377,758229.2168774442,0.6885714285714286,756,27 5 4186 25285 0 11334 -195,0.75 0.023809523809523808 0.73046875 0.9738727978501045 0.0 0.8444444444444444 0.22641509433962265,760668.1835383413,0.6942857142857143,347,28 8 4393 25635 0 11719 -199,1.0 0.09523809523809523 1.0 1.0 0.0 1.0 0.1509433962264151,1020533.9604672057,0.7142857142857143,53,27 4 4183 25038 0 11346 -207,0.75 0.0 0.7265625 0.9554344580471783 0.0 0.8492929292929293 0.0,758229.5523873401,0.6942857142857143,754,27 5 4186 25285 0 11334 -199,0.75 0.023809523809523808 0.73046875 0.9738727978501045 0.0 0.8444444444444444 0.1509433962264151,760668.1080666431,0.6885714285714286,358,24 46 3677 12239 47 9244 -154,0.0 1.0 0.06770833333333333 0.0 1.0 0.0 1.0,100778.08333333333,0.005714285714285714,501
resolved-p7d-c21d-3600-all/resolved-p7d-c21d-3600-3rd/nsp-n20-d28-r0.10-rp2-fp2-s8,5 2 508 4680 12 1779 -1,0.07692307692307693 0.0 0.8707964601769912 0.8963035019455253 0.0851063829787234 0.8589981447124304 0.18181818181818182,86544.62746471917,0.02142857142857143,1408,5 2 504 4680 12 1775 1,0.07692307692307693 0.0 0.863716814159292 0.8963035019455253 0.0851063829787234 0.8565244279529994 0.22727272727272727,86473.85172192004,0.02142857142857143,1429,5 2 505 4680 12 1773 2,0.07692307692307693 0.0 0.8654867256637168 0.8963035019455253 0.0851063829787234 0.8552875695732839 0.25,86491.56119565322,0.02142857142857143,1425.0,6 2 581 4729 11 2007 5,0.15384615384615385 0.0 1.0 0.9058365758754864 0.06382978723404255 1.0 0.3181818181818182,164768.69158257093,0.02142857142857143,53,5 2 552 5213 10 1859 -1,0.07692307692307693 0.0 0.9486725663716814 1.0 0.0425531914893617 0.9084724799010513 0.18181818181818182,87423.32444892351,0.2357142857142857,444,4 2 548 5132 9 1898 -6,0.0 0.0 0.9415929203539823 0.9842412451361867 0.02127659574468085 0.9325912183055041 0.06818181818181818,10411.692202251716,0.2714285714285714,534,6 2 581 4729 11 2007 5,0.15384615384615385 0.0 1.0 0.9058365758754864 0.06382978723404255 1.0 0.3181818181818182,164768.69158257093,0.02142857142857143,53,5 2 561 5213 10 1882 -9,0.07692307692307693 0.0 0.9646017699115044 1.0 0.0425531914893617 0.9226963512677798 0.0,87582.57690485357,0.24285714285714285,399,4 2 555 5133 8 1913 -5,0.0 0.0 0.9539823008849557 0.9844357976653697 0.0 0.9418676561533704 0.09090909090909091,10533.768392167369,0.17142857142857143,529,6 2 581 4729 11 2007 5,0.15384615384615385 0.0 1.0 0.9058365758754864 0.06382978723404255 1.0 0.3181818181818182,164768.69158257093,0.02142857142857143,53,5 2 552 5213 10 1856 -1,0.07692307692307693 0.0 0.9486725663716814 1.0 0.0425531914893617 0.9066171923314781 0.18181818181818182,87423.30589604781,0.22142857142857142,466,4 2 544 5038 11 1888 -4,0.0 0.0 0.9345132743362832 0.9659533073929961 0.06382978723404255 0.9264069264069265 0.11363636363636363,10326.846735106938,0.2714285714285714,610,17 171 115 185 34 703 35,1.0 0.9388888888888889 0.1752212389380531 0.02178988326848249 0.5531914893617021 0.19356833642547927 1.0,1095721.1459938383,0.02142857142857143,927,14 182 457 130 55 558 31,0.7692307692307693 1.0 0.7805309734513274 0.011089494163424125 1.0 0.1038961038961039 0.9090909090909091,877149.116511394,0.7,1628,16 181 16 75 9 404 4,0.9230769230769231 0.9944444444444445 0.0 0.0003891050583657588 0.02127659574468085 0.008658008658008658 0.29545454545454547,1022524.2663206324,0.7285714285714285,1828,17 170 123 190 33 700 35,1.0 0.9333333333333333 0.18938053097345134 0.022762645914396886 0.5319148936170213 0.191713048855906 1.0,1095306.0099088326,0.02142857142857143,934,14 182 444 137 54 562 33,0.7692307692307693 1.0 0.7575221238938054 0.012451361867704281 0.9787234042553191 0.10636982065553494 0.9545454545454546,876918.3324156617,0.7,1991,16 181 17 73 9 390 3,0.9230769230769231 0.9944444444444445 0.0017699115044247787 0.0 0.02127659574468085 0.0 0.2727272727272727,1022541.467023259,0.7285714285714285,1793,5 2 509 4129 12 1776 0,0.07692307692307693 0.0 0.8725663716814159 0.7891050583657587 0.0851063829787234 0.8571428571428571 0.20454545454545456,86455.13231058068,0.02142857142857143,1275
resolved-p7d-c21d-3600-all/resolved-p7d-c21d-3600-3rd/nsp-n40-d28-r0.10-rp2-fp2-s7,23 5 1714 10131 2 5234 -136,0.8888888888888888 0.15789473684210525 0.0417558886509636 0.04472082561524213 0.3333333333333333 0.03016142735768904 0.7142857142857143,905174.9915185454,0.010714285714285714,810,23 5 1725 10238 4 5217 -141,0.8888888888888888 0.15789473684210525 0.05353319057815846 0.05415894857546088 0.6666666666666666 0.022939677145284623 0.6428571428571429,905335.3923480375,0.010714285714285714,741,23 5 1681 10104 2 5201 -138,0.8888888888888888 0.15789473684210525 0.006423982869379015 0.04233924318602805 0.3333333333333333 0.016142735768903994 0.6857142857142857,904819.122119956,0.010714285714285714,832.0,24 5 1758 10517 0 5198 -161,1.0 0.15789473684210525 0.08886509635974305 0.07876863367733969 0.0 0.014868309260832626 0.35714285714285715,1016757.399107435,0.010714285714285714,416,21 21 1791 9624 6 5163 -133,0.6666666666666666 1.0 0.12419700214132762 0.0 1.0 0.0 0.7571428571428571,768009.3938309371,0.11785714285714285,526,21 17 1805 10485 1 5228 -149,0.6666666666666666 0.7894736842105263 0.139186295503212 0.07594601746493782 0.16666666666666666 0.027612574341546302 0.5285714285714286,747099.315424055,0.07857142857142857,361,24 5 1758 10517 0 5198 -161,1.0 0.15789473684210525 0.08886509635974305 0.07876863367733969 0.0 0.014868309260832626 0.35714285714285715,1016757.399107435,0.010714285714285714,416,21 21 1791 9624 6 5163 -133,0.6666666666666666 1.0 0.12419700214132762 0.0 1.0 0.0 0.7571428571428571,768009.3938309371,0.11785714285714285,526,21 17 1805 10485 1 5228 -149,0.6666666666666666 0.7894736842105263 0.139186295503212 0.07594601746493782 0.16666666666666666 0.027612574341546302 0.5285714285714286,747099.315424055,0.07857142857142857,361,24 5 1758 10517 0 5198 -161,1.0 0.15789473684210525 0.08886509635974305 0.07876863367733969 0.0 0.014868309260832626 0.35714285714285715,1016757.399107435,0.010714285714285714,416,21 21 1791 9624 6 5163 -133,0.6666666666666666 1.0 0.12419700214132762 0.0 1.0 0.0 0.7571428571428571,768009.3938309371,0.11785714285714285,526,21 17 1805 10485 1 5228 -149,0.6666666666666666 0.7894736842105263 0.139186295503212 0.07594601746493782 0.16666666666666666 0.027612574341546302 0.5285714285714286,747099.315424055,0.07857142857142857,361,16 6 2609 20961 0 7517 -168,0.1111111111111111 0.21052631578947367 1.0 1.0 0.0 1.0 0.2571428571428571,143173.9998329156,0.6392857142857142,32,15 2 2431 20575 1 7321 -186,0.0 0.0 0.8094218415417559 0.9659521919379025 0.16666666666666666 0.9167374681393373 0.0,9086.004648703522,0.6285714285714286,953,15 3 2494 20516 0 7347 -172,0.0 0.05263157894736842 0.8768736616702355 0.9607479932962865 0.0 0.9277824978759558 0.2,15002.120329714244,0.6285714285714286,364,16 6 2609 20961 0 7517 -168,0.1111111111111111 0.21052631578947367 1.0 1.0 0.0 1.0 0.2571428571428571,143173.9998329156,0.6392857142857142,32,15 2 2440 20699 0 7301 -182,0.0 0.0 0.8190578158458244 0.9768898297609597 0.0 0.9082412914188616 0.05714285714285714,9176.607543990534,0.6321428571428571,906,15 3 2494 20516 0 7347 -172,0.0 0.05263157894736842 0.8768736616702355 0.9607479932962865 0.0 0.9277824978759558 0.2,15002.120329714244,0.6285714285714286,364,24 5 1675 9691 1 5182 -116,1.0 0.15789473684210525 0.0 0.005909852694716416 0.16666666666666666 0.008071367884451997 1.0,1015813.1309172508,0.010714285714285714,579
resolved-p7d-c21d-3600-all/resolved-p7d-c21d-3600-3rd/nsp-n50-d28-r0.10-rp2-fp2-s4,22 11 2887 12926 0 7763 -189,1.0 0.20833333333333334 0.03284416491963662 0.07979895345634812 0.0 0.03932584269662921 0.020833333333333332,1021241.9880277463,0.03142857142857143,483,22 11 2887 12926 0 7763 -189,1.0 0.20833333333333334 0.03284416491963662 0.07979895345634812 0.0 0.03932584269662921 0.020833333333333332,1021241.9880277463,0.03142857142857143,483,22 11 2887 12926 0 7763 -189,1.0 0.20833333333333334 0.03284416491963662 0.07979895345634812 0.0 0.03932584269662921 0.020833333333333332,1021241.9880277463,0.03142857142857143,483.0,22 11 2840 12707 1 7609 -160,1.0 0.20833333333333334 0.0 0.06472046268245663 0.3333333333333333 0.0 0.625,1020932.0121293492,0.03142857142857143,819,22 11 2912 12974 3 7853 -171,1.0 0.20833333333333334 0.050314465408805034 0.08310382814651611 1.0 0.06230847803881512 0.3958333333333333,1021520.6007336816,0.03142857142857143,553,22 11 2937 13077 2 7853 -173,1.0 0.20833333333333334 0.06778476589797344 0.09019553841916828 0.6666666666666666 0.06230847803881512 0.3541666666666667,1021669.0204488459,0.03142857142857143,528,22 11 2840 12918 0 7634 -167,1.0 0.20833333333333334 0.0 0.07924814100798679 0.0 0.006384065372829418 0.4791666666666667,1020913.1244816617,0.03142857142857143,763,21 30 2939 12985 2 7874 -166,0.75 1.0 0.06918238993710692 0.08386119526301294 0.6666666666666666 0.06767109295199183 0.5,850843.5284722303,0.10857142857142857,592,22 11 2959 13142 1 7854 -181,1.0 0.20833333333333334 0.08315863032844165 0.09467088956210411 0.3333333333333333 0.06256384065372829 0.1875,1021793.7369979197,0.03142857142857143,521,22 11 2845 12988 0 7647 -168,1.0 0.20833333333333334 0.0034940600978336828 0.08406774993114845 0.0 0.009703779366700716 0.4583333333333333,1020952.8970553698,0.03142857142857143,730,22 11 2932 13071 1 7853 -170,1.0 0.20833333333333334 0.06429070580013976 0.08978242908289727 0.3333333333333333 0.06230847803881512 0.4166666666666667,1021600.3959051981,0.03142857142857143,532,22 11 2946 13127 2 7853 -177,1.0 0.20833333333333334 0.07407407407407407 0.0936381162214266 0.6666666666666666 0.06230847803881512 0.2708333333333333,1021735.2727750759,0.03142857142857143,524,18 6 4072 25817 0 11211 -186,0.0 0.0 0.8609364081062194 0.967364362434591 0.0 0.9198161389172625 0.08333333333333333,9586.009938219291,0.6542857142857142,745,18 7 4271 26241 0 11525 -186,0.0 0.041666666666666664 1.0 0.9965574221977417 0.0 1.0 0.08333333333333333,15173.30742219774,0.6628571428571428,246,18 7 4267 26291 0 11520 -188,0.0 0.041666666666666664 0.9972047519217331 1.0 0.0 0.9987231869254342 0.041666666666666664,15148.743084419917,0.6628571428571428,271,18 6 4059 25788 0 11188 -187,0.0 0.0 0.8518518518518519 0.9653676673092811 0.0 0.9139427987742594 0.0625,9493.088113815542,0.6542857142857142,781,18 7 4270 26272 0 11525 -185,0.0 0.041666666666666664 0.9993011879804332 0.9986918204351418 0.0 1.0 0.10416666666666667,15168.474533572806,0.6628571428571428,250,18 7 4267 26291 0 11520 -190,0.0 0.041666666666666664 0.9972047519217331 1.0 0.0 0.9987231869254342 0.0,15148.701417753251,0.6628571428571428,273,18 12 2847 11767 0 7623 -142,0.0 0.25 0.004891684136967156 0.0 0.0 0.003575076608784474 1.0,25049.95259213576,0.03142857142857143,626
resolved-p7d-c21d-3600-all/resolved-p7d-c21d-3600-3rd/nsp-n20-d28-r0.10-rp2-fp2-s1,10 3 448 3562 0 1382 -22,0.42857142857142855 0.0 0.8700787401574803 0.7800398318211994 0.0 0.7545454545454545 0.41304347826086957,438060.21430284827,0.014285714285714285,1577,10 3 448 3634 0 1394 -24,0.42857142857142855 0.0 0.8700787401574803 0.7959725603009515 0.0 0.7644628099173554 0.3695652173913043,438076.20272662083,0.014285714285714285,1451,10 3 448 3578 0 1383 -20,0.42857142857142855 0.0 0.8700787401574803 0.7835804381500332 0.0 0.7553719008264462 0.45652173913043476,438063.80665190076,0.014285714285714285,1543.0,11 3 514 4556 0 1679 -41,0.5 0.0 1.0 1.0 0.0 1.0 0.0,511010.0,0.014285714285714285,47,6 64 403 3511 3 1278 -7,0.14285714285714285 0.29901960784313725 0.781496062992126 0.7687541491480416 0.5 0.6685950413223141 0.7391304347826086,181400.24350137386,0.36428571428571427,926,4 69 432 2725 6 1310 4,0.0 0.3235294117647059 0.8385826771653543 0.5948218632440806 1.0 0.6950413223140496 0.9782608695652174,41441.51848546092,0.32857142857142857,1100,11 3 514 4556 0 1679 -41,0.5 0.0 1.0 1.0 0.0 1.0 0.0,511010.0,0.014285714285714285,47,6 65 416 3540 3 1285 -13,0.14285714285714285 0.30392156862745096 0.8070866141732284 0.7751714981190528 0.5 0.6743801652892562 0.6086956521739131,182152.68985704434,0.4142857142857143,787,5 39 430 3735 5 1387 -18,0.07142857142857142 0.17647058823529413 0.8346456692913385 0.818322637751715 0.8333333333333334 0.7586776859504132 0.5,98331.82969295877,0.32857142857142857,877,11 3 514 4556 0 1671 -41,0.5 0.0 1.0 1.0 0.0 0.9933884297520661 0.0,511009.9338842975,0.014285714285714285,48,6 63 410 3511 3 1282 -7,0.14285714285714285 0.29411764705882354 0.7952755905511811 0.7687541491480416 0.5 0.671900826446281 0.7391304347826086,181047.87575638428,0.42857142857142855,949,4 69 450 2831 4 1334 -8,0.0 0.3235294117647059 0.8740157480314961 0.6182783801726046 0.6666666666666666 0.7148760330578512 0.717391304347826,41785.90985525975,0.32857142857142857,996,18 206 145 195 4 478 5,1.0 0.9950980392156863 0.2736220472440945 0.0349634874972339 0.6666666666666666 0.00743801652892562 1.0,1102348.7289283387,0.014285714285714285,761,17 170 6 37 4 469 5,0.9285714285714286 0.8186274509803921 0.0 0.0 0.6666666666666666 0.0 1.0,1010501.8403361345,0.6928571428571428,1972,17 192 21 72 4 472 5,0.9285714285714286 0.9264705882352942 0.02952755905511811 0.007745076344323965 0.6666666666666666 0.0024793388429752068 1.0,1021589.1995219087,0.6642857142857143,1511,18 207 144 195 4 476 5,1.0 1.0 0.27165354330708663 0.0349634874972339 0.6666666666666666 0.005785123966942148 1.0,1102819.2234384743,0.014285714285714285,753,17 170 6 37 4 486 5,0.9285714285714286 0.8186274509803921 0.0 0.0 0.6666666666666666 0.014049586776859505 1.0,1010501.9808320022,0.6928571428571428,1907,17 191 19 91 6 470 5,0.9285714285714286 0.9215686274509803 0.025590551181102362 0.011949546359814118 1.0 0.0008264462809917355 1.0,1021097.1546391603,0.6642857142857143,1695,8 3 381 2826 0 1267 -2,0.2857142857142857 0.0 0.7381889763779528 0.617171940694844 0.0 0.6595041322314049 0.8478260869565217,293720.79028616933,0.014285714285714285,1599
resolved-p7d-c21d-3600-all/resolved-p7d-c21d-3600-3rd/nsp-n20-d28-r0.10-rp2-fp2-s3,0 0 0 0 0 114 -36,0.0 0.0 0.0 0.0 0.0 0.0 0.35714285714285715,0.35714285714285715,0.11428571428571428,49,0 0 0 0 0 118 -37,0.0 0.0 0.0 0.0 0.0 0.1 0.32142857142857145,1.3214285714285714,0.1,37,0 0 0 0 0 126 -37,0.0 0.0 0.0 0.0 0.0 0.3 0.32142857142857145,3.3214285714285716,0.07857142857142857,30.0,0 0 0 0 0 118 -27,0.0 0.0 0.0 0.0 0.0 0.1 0.6785714285714286,1.6785714285714286,0.07857142857142857,89,0 0 0 0 0 130 -19,0.0 0.0 0.0 0.0 0.0 0.4 0.9642857142857143,4.964285714285714,0.4142857142857143,20,0 0 0 0 0 129 -24,0.0 0.0 0.0 0.0 0.0 0.375 0.7857142857142857,4.535714285714286,0.07857142857142857,51,0 0 0 0 0 154 -33,0.0 0.0 0.0 0.0 0.0 1.0 0.4642857142857143,10.464285714285714,0.07857142857142857,225,0 0 0 0 0 139 -46,0.0 0.0 0.0 0.0 0.0 0.625 0.0,6.25,0.29285714285714287,28,0 0 0 0 0 132 -32,0.0 0.0 0.0 0.0 0.0 0.45 0.5,5.0,0.07857142857142857,152,0 0 0 0 0 130 -41,0.0 0.0 0.0 0.0 0.0 0.4 0.17857142857142858,4.178571428571429,0.07857142857142857,171,0 0 0 0 0 130 -22,0.0 0.0 0.0 0.0 0.0 0.4 0.8571428571428571,4.857142857142857,0.2357142857142857,28,0 0 0 0 0 125 -18,0.0 0.0 0.0 0.0 0.0 0.275 1.0,3.75,0.07857142857142857,122,0 0 0 0 0 135 -32,0.0 0.0 0.0 0.0 0.0 0.525 0.5,5.75,0.07857142857142857,222,0 0 0 0 0 131 -33,0.0 0.0 0.0 0.0 0.0 0.425 0.4642857142857143,4.714285714285714,0.5142857142857142,40,0 0 0 0 0 120 -20,0.0 0.0 0.0 0.0 0.0 0.15 0.9285714285714286,2.428571428571429,0.07857142857142857,274,0 0 0 0 0 126 -43,0.0 0.0 0.0 0.0 0.0 0.3 0.10714285714285714,3.107142857142857,0.07857142857142857,262,0 0 0 0 0 131 -33,0.0 0.0 0.0 0.0 0.0 0.425 0.4642857142857143,4.714285714285714,0.5142857142857142,40,0 0 0 0 0 120 -20,0.0 0.0 0.0 0.0 0.0 0.15 0.9285714285714286,2.428571428571429,0.07857142857142857,274,0 0 0 0 0 130 -33,0.0 0.0 0.0 0.0 0.0 0.4 0.4642857142857143,4.464285714285714,0.07857142857142857,62
resolved-p7d-c21d-3600-all/resolved-p7d-c21d-3600-3rd/nsp-n30-d28-r0.10-rp2-fp2-s0,6 8 937 6490 0 2875 -56,0.3333333333333333 0.5 0.0 0.004602991944764097 0.0 0.0 0.974025974025974,383338.9103512521,0.01904761904761905,1003,6 8 937 6450 0 2897 -55,0.3333333333333333 0.5 0.0 0.0 0.0 0.013836477987421384 0.987012987012987,383334.4587111002,0.01904761904761905,1032,6 8 937 6464 0 2890 -54,0.3333333333333333 0.5 0.0 0.001611047180667434 0.0 0.009433962264150943 1.0,383336.0387201366,0.01904761904761905,1030.0,5 8 1020 6752 1 2999 -92,0.0 0.5 0.1599229287090559 0.03475258918296893 0.5 0.0779874213836478 0.5064935064935064,51685.26824399386,0.01904761904761905,462,6 8 985 7301 0 2924 -105,0.3333333333333333 0.5 0.09248554913294797 0.09792865362485616 0.0 0.030817610062893082 0.33766233766233766,384356.76331672596,0.01904761904761905,1109,6 8 991 7310 0 2939 -106,0.3333333333333333 0.5 0.10404624277456648 0.09896432681242807 0.0 0.04025157232704402 0.3246753246753247,384473.48727893934,0.01904761904761905,1038,5 8 1020 6567 2 3022 -90,0.0 0.5 0.1599229287090559 0.013463751438434982 1.0 0.09245283018867924 0.5324675324675324,51714.150034363345,0.01904761904761905,474,6 8 1004 7208 0 2945 -109,0.3333333333333333 0.5 0.12909441233140656 0.08722669735327963 0.0 0.0440251572327044 0.2857142857142857,384712.2301198587,0.01904761904761905,1004,6 8 992 7279 0 2941 -101,0.3333333333333333 0.5 0.10597302504816955 0.0953970080552359 0.0 0.04150943396226415 0.38961038961038963,384489.2652965995,0.01904761904761905,1026,5 8 1020 6789 0 3002 -94,0.0 0.5 0.1599229287090559 0.039010356731875716 0.0 0.07987421383647798 0.4805194805194805,51639.51890544132,0.01904761904761905,459,6 8 1004 7208 0 2945 -109,0.3333333333333333 0.5 0.12909441233140656 0.08722669735327963 0.0 0.0440251572327044 0.2857142857142857,384712.2301198587,0.01904761904761905,1004,6 8 985 7290 0 2933 -103,0.3333333333333333 0.5 0.09248554913294797 0.09666283084004602 0.0 0.03647798742138365 0.36363636363636365,384355.58007174067,0.01904761904761905,1110,8 5 1416 14655 0 4330 -98,1.0 0.0 0.9229287090558767 0.9441887226697353 0.0 0.9150943396226415 0.42857142857142855,1010183.0553280533,0.6619047619047619,276,7 11 1429 15140 0 4429 -128,0.6666666666666666 1.0 0.9479768786127167 1.0 0.0 0.9773584905660377 0.03896103896103896,777156.2479987384,0.6714285714285714,1230,7 9 1456 14986 1 4465 -127,0.6666666666666666 0.6666666666666666 1.0 0.9822784810126582 0.5 1.0 0.05194805194805195,744375.663762398,0.6476190476190476,1298,8 5 1430 14655 0 4354 -98,1.0 0.0 0.9499036608863198 0.9441887226697353 0.0 0.930188679245283 0.42857142857142855,1010452.9557897539,0.6619047619047619,265,7 11 1404 14744 1 4358 -131,0.6666666666666666 1.0 0.8998073217726397 0.9544303797468354 0.5 0.9327044025157233 0.0,776678.4973081651,0.6761904761904762,1374,7 9 1421 14707 1 4395 -131,0.6666666666666666 0.6666666666666666 0.9325626204238922 0.9501726121979287 0.5 0.9559748427672956 0.0,743668.6918981978,0.6619047619047619,1368,6 8 1010 7143 0 2977 -109,0.3333333333333333 0.5 0.14065510597302505 0.07974683544303797 0.0 0.06415094339622641 0.2857142857142857,384820.5584522263,0.01904761904761905,1083
resolved-p7d-c21d-3600-all/resolved-p7d-c21d-3600-3rd/nsp-n30-d28-r0.10-rp2-fp2-s3,17 59 1045 6984 14 3391 -79,0.75 1.0 0.03944315545243619 0.09518057736441599 0.875 0.06540284360189573 0.45098039215686275,850578.217140717,0.014285714285714285,759,17 59 1045 7006 13 3390 -79,0.75 1.0 0.03944315545243619 0.09783790312839714 0.8125 0.06445497630331753 0.45098039215686275,850574.6149878079,0.014285714285714285,731,17 59 1045 6989 13 3391 -83,0.75 1.0 0.03944315545243619 0.09578451503804808 0.8125 0.06540284360189573 0.37254901960784315,850572.492647018,0.014285714285714285,750.0,17 59 1063 6916 13 3396 -80,0.75 1.0 0.08120649651972157 0.08696702500301969 0.8125 0.07014218009478673 0.43137254901960786,850981.4147845502,0.014285714285714285,425,17 58 1057 6203 13 3368 -67,0.75 0.9818181818181818 0.06728538283062645 0.0008455127430849137 0.8125 0.043601895734597156 0.6862745098039216,848937.8898163347,0.14285714285714285,454,17 58 1059 6206 13 3368 -66,0.75 0.9818181818181818 0.07192575406032482 0.0012078753472641623 0.8125 0.043601895734597156 0.7058823529411765,848984.6754990789,0.10952380952380952,448,17 59 1073 6916 13 3397 -76,0.75 1.0 0.10440835266821345 0.08696702500301969 0.8125 0.07109004739336493 0.5098039215686274,851213.5212560807,0.014285714285714285,409,17 58 1057 6206 13 3368 -67,0.75 0.9818181818181818 0.06728538283062645 0.0012078753472641623 0.8125 0.043601895734597156 0.6862745098039216,848938.2521789388,0.12380952380952381,449,17 58 1059 6208 13 3368 -66,0.75 0.9818181818181818 0.07192575406032482 0.0014494504167169948 0.8125 0.043601895734597156 0.7058823529411765,848984.9170741484,0.10952380952380952,443,17 59 1059 6963 16 3388 -76,0.75 1.0 0.07192575406032482 0.09264403913516125 1.0 0.06255924170616113 0.5098039215686274,850913.036976077,0.014285714285714285,446,17 57 1063 6202 13 3368 -66,0.75 0.9636363636363636 0.08120649651972157 0.0007247252083584974 0.8125 0.043601895734597156 0.7058823529411765,847258.8179553522,0.1380952380952381,462,17 59 1061 6196 13 3328 -57,0.75 1.0 0.0765661252900232 0.0 0.8125 0.005687203791469194 0.8823529411764706,850847.8504778793,0.014285714285714285,413,18 13 1459 14269 0 4370 -86,1.0 0.16363636363636364 1.0 0.9751177678463583 0.0 0.9933649289099526 0.3137254901960784,1027349.001506262,0.6857142857142857,839,17 4 1416 14475 0 4352 -102,0.75 0.0 0.9002320185614849 1.0 0.0 0.976303317535545 0.0,760012.0832187902,0.719047619047619,1174,16 4 1353 14298 0 4276 -87,0.5 0.0 0.7540603248259861 0.9786206063534243 0.0 0.9042654028436019 0.29411764705882354,508528.56062628876,0.7047619047619048,933,18 13 1456 14293 0 4370 -84,1.0 0.16363636363636364 0.9930394431554525 0.9780166686797922 0.0 0.9933649289099526 0.35294117647058826,1027282.3340543363,0.6857142857142857,869,17 4 1415 14448 0 4377 -102,0.75 0.0 0.8979118329466357 0.9967387365623868 0.0 1.0 0.0,759985.8570660288,0.7095238095238096,1201,16 4 1353 14299 0 4276 -86,0.5 0.0 0.7540603248259861 0.9787413938881507 0.0 0.9042654028436019 0.3137254901960784,508528.70102166664,0.7047619047619048,931,14 59 1028 6380 15 3322 -51,0.0 1.0 0.0 0.022224906389660588 0.9375 0.0 1.0,100116.97490638966,0.014285714285714285,961
resolved-p7d-c21d-3600-all/resolved-p7d-c21d-3600-3rd/nsp-n10-d28-r0.10-rp0-fp0-s9,0 0 0 0 0 92 -26,0.0 0.0 0.0 0.0 0.0 0.02702702702702703 0.7142857142857143,0.9845559845559846,0.2857142857142857,34,0 0 0 0 0 97 -23,0.0 0.0 0.0 0.0 0.0 0.16216216216216217 0.9285714285714286,2.5501930501930503,0.24285714285714285,25,0 0 0 0 0 106 -28,0.0 0.0 0.0 0.0 0.0 0.40540540540540543 0.5714285714285714,4.625482625482626,0.22857142857142856,6.0,0 0 0 0 0 97 -36,0.0 0.0 0.0 0.0 0.0 0.16216216216216217 0.0,1.6216216216216217,0.18571428571428572,96,0 0 0 0 0 111 -30,0.0 0.0 0.0 0.0 0.0 0.5405405405405406 0.42857142857142855,5.833976833976834,0.4142857142857143,86,0 0 0 0 0 105 -36,0.0 0.0 0.0 0.0 0.0 0.3783783783783784 0.0,3.783783783783784,0.18571428571428572,90,0 0 0 0 0 128 -30,0.0 0.0 0.0 0.0 0.0 1.0 0.42857142857142855,10.428571428571429,0.18571428571428572,153,0 0 0 0 0 118 -24,0.0 0.0 0.0 0.0 0.0 0.7297297297297297 0.8571428571428571,8.154440154440154,0.2857142857142857,136,0 0 0 0 0 113 -27,0.0 0.0 0.0 0.0 0.0 0.5945945945945946 0.6428571428571429,6.58880308880309,0.18571428571428572,116,0 0 0 0 0 99 -36,0.0 0.0 0.0 0.0 0.0 0.21621621621621623 0.0,2.1621621621621623,0.18571428571428572,269,0 0 0 0 0 103 -26,0.0 0.0 0.0 0.0 0.0 0.32432432432432434 0.7142857142857143,3.957528957528958,0.45714285714285713,92,0 0 0 0 0 115 -28,0.0 0.0 0.0 0.0 0.0 0.6486486486486487 0.5714285714285714,7.057915057915058,0.18571428571428572,269,0 0 0 0 0 109 -36,0.0 0.0 0.0 0.0 0.0 0.4864864864864865 0.0,4.864864864864865,0.18571428571428572,158,0 0 0 0 0 107 -35,0.0 0.0 0.0 0.0 0.0 0.43243243243243246 0.07142857142857142,4.395752895752896,0.5142857142857142,120,0 0 0 0 0 91 -36,0.0 0.0 0.0 0.0 0.0 0.0 0.0,0.0,0.18571428571428572,94,0 0 0 0 0 109 -36,0.0 0.0 0.0 0.0 0.0 0.4864864864864865 0.0,4.864864864864865,0.18571428571428572,158,0 0 0 0 0 107 -35,0.0 0.0 0.0 0.0 0.0 0.43243243243243246 0.07142857142857142,4.395752895752896,0.5142857142857142,120,0 0 0 0 0 91 -36,0.0 0.0 0.0 0.0 0.0 0.0 0.0,0.0,0.18571428571428572,94,0 0 0 0 0 120 -22,0.0 0.0 0.0 0.0 0.0 0.7837837837837838 1.0,8.837837837837839,0.2,147
resolved-p7d-c21d-3600-all/resolved-p7d-c21d-3600-3rd/nsp-n50-d28-r0.10-rp2-fp2-s1,23 12 2878 12882 0 7784 -232,1.0 0.6 0.0016038492381716118 0.06315230850875642 0.0 0.0012326656394453005 0.14,1060079.3431275468,0.014285714285714285,760,23 12 2879 12915 0 7790 -230,1.0 0.6 0.0024057738572574178 0.06607111268353087 0.0 0.0030816640986132513 0.18,1060090.3396678972,0.014285714285714285,713,23 12 2876 12861 0 7780 -236,1.0 0.6 0.0 0.06129488767026358 0.0 0.0 0.06,1060061.3548876704,0.014285714285714285,796.0,23 12 3217 13718 0 8297 -231,1.0 0.6 0.2734562951082598 0.13709534760304262 0.0 0.15932203389830507 0.16,1062873.4115190245,0.014285714285714285,18,23 12 3003 13117 1 8019 -224,1.0 0.6 0.10184442662389735 0.0839377321776048 1.0 0.0736517719568567 0.3,1061203.4185161362,0.014285714285714285,531,23 12 3002 13101 1 8024 -224,1.0 0.6 0.10104250200481155 0.08252255439589598 1.0 0.07519260400616333 0.3,1061193.999500484,0.014285714285714285,547,23 12 3217 13718 0 8297 -231,1.0 0.6 0.2734562951082598 0.13709534760304262 0.0 0.15932203389830507 0.16,1062873.4115190245,0.014285714285714285,18,22 12 3005 12924 1 8021 -227,0.9565217391304348 0.6 0.10344827586206896 0.06686715018574209 1.0 0.07426810477657936 0.24,1017724.0717202891,0.014285714285714285,565,23 12 3002 13159 1 8035 -227,1.0 0.6 0.10104250200481155 0.08765257385459048 1.0 0.07858243451463791 0.24,1061199.1034182478,0.014285714285714285,538,23 12 3217 13718 0 8297 -231,1.0 0.6 0.2734562951082598 0.13709534760304262 0.0 0.15932203389830507 0.16,1062873.4115190245,0.014285714285714285,18,23 12 3002 13139 1 8028 -224,1.0 0.6 0.10104250200481155 0.08588360162745445 1.0 0.07642526964560863 0.3,1061197.372874372,0.014285714285714285,543,22 12 3003 12989 1 8027 -227,0.9565217391304348 0.6 0.10184442662389735 0.0726163099239342 1.0 0.0761171032357473 0.24,1017713.8008776301,0.014285714285714285,582,19 20 3256 12168 0 8095 -189,0.8260869565217391 1.0 0.30473135525260625 0.0 0.0 0.0970724191063174 1.0,929136.2407984562,0.014285714285714285,445,0 0 4123 23453 0 11025 -201,0.0 0.0 1.0 0.9981425791615072 0.0 1.0 0.76,11008.902579161508,0.6257142857142857,66,0 0 4122 23474 0 11008 -206,0.0 0.0 0.9991980753809142 1.0 0.0 0.9947611710323575 0.66,11002.588365519467,0.6257142857142857,83,19 20 3250 12168 0 8095 -190,0.8260869565217391 1.0 0.29991980753809144 0.0 0.0 0.0970724191063174 0.98,929088.1053213112,0.014285714285714285,449,0 0 4123 23395 0 11025 -197,0.0 0.0 1.0 0.9930125597028127 0.0 1.0 0.84,11003.852559702813,0.6257142857142857,68,0 0 4106 23411 0 11009 -201,0.0 0.0 0.9863672814755413 0.9944277374845215 0.0 0.9950693374422188 0.76,10868.811245614357,0.6257142857142857,96,23 12 3041 13356 1 8075 -239,1.0 0.6 0.132317562149158 0.10507695029188041 1.0 0.09090909090909091 0.0,1061529.1616626924,0.014285714285714285,632
resolved-p7d-c21d-3600-all/resolved-p7d-c21d-3600-3rd/nsp-n20-d28-r0.10-rp2-fp2-s7,0 0 0 0 0 86 -41,0.0 0.0 0.0 0.0 0.0 0.40476190476190477 0.43333333333333335,4.480952380952381,0.18571428571428572,203,0 0 0 0 0 94 -44,0.0 0.0 0.0 0.0 0.0 0.5952380952380952 0.3333333333333333,6.285714285714286,0.17857142857142858,187,0 0 0 0 0 94 -44,0.0 0.0 0.0 0.0 0.0 0.5952380952380952 0.3333333333333333,6.285714285714286,0.17857142857142858,187.0,0 0 0 0 0 88 -38,0.0 0.0 0.0 0.0 0.0 0.4523809523809524 0.5333333333333333,5.057142857142857,0.17857142857142858,254,0 0 0 0 0 91 -31,0.0 0.0 0.0 0.0 0.0 0.5238095238095238 0.7666666666666667,6.004761904761905,0.38571428571428573,13,0 0 0 0 0 111 -26,0.0 0.0 0.0 0.0 0.0 1.0 0.9333333333333333,10.933333333333334,0.17857142857142858,127,0 0 0 0 0 101 -44,0.0 0.0 0.0 0.0 0.0 0.7619047619047619 0.3333333333333333,7.952380952380952,0.17857142857142858,211,0 0 0 0 0 80 -54,0.0 0.0 0.0 0.0 0.0 0.2619047619047619 0.0,2.619047619047619,0.36428571428571427,22,0 0 0 0 0 82 -33,0.0 0.0 0.0 0.0 0.0 0.30952380952380953 0.7,3.795238095238095,0.17857142857142858,140,0 0 0 0 0 87 -35,0.0 0.0 0.0 0.0 0.0 0.42857142857142855 0.6333333333333333,4.919047619047619,0.17857142857142858,137,0 0 0 0 0 90 -29,0.0 0.0 0.0 0.0 0.0 0.5 0.8333333333333334,5.833333333333333,0.32857142857142857,85,0 0 0 0 0 77 -48,0.0 0.0 0.0 0.0 0.0 0.19047619047619047 0.2,2.104761904761905,0.17857142857142858,178,0 0 0 0 0 83 -24,0.0 0.0 0.0 0.0 0.0 0.3333333333333333 1.0,4.333333333333333,0.17857142857142858,252,0 0 0 0 0 81 -48,0.0 0.0 0.0 0.0 0.0 0.2857142857142857 0.2,3.057142857142857,0.5214285714285715,188,0 0 0 0 0 87 -35,0.0 0.0 0.0 0.0 0.0 0.42857142857142855 0.6333333333333333,4.919047619047619,0.17857142857142858,145,0 0 0 0 0 83 -24,0.0 0.0 0.0 0.0 0.0 0.3333333333333333 1.0,4.333333333333333,0.17857142857142858,252,0 0 0 0 0 81 -48,0.0 0.0 0.0 0.0 0.0 0.2857142857142857 0.2,3.057142857142857,0.5214285714285715,188,0 0 0 0 0 87 -29,0.0 0.0 0.0 0.0 0.0 0.42857142857142855 0.8333333333333334,5.119047619047619,0.17857142857142858,139,0 0 0 0 0 69 -54,0.0 0.0 0.0 0.0 0.0 0.0 0.0,0.0,0.17857142857142858,61
resolved-p7d-c21d-3600-all/resolved-p7d-c21d-3600-3rd/nsp-n40-d28-r0.10-rp2-fp2-s8,0 0 0 0 0 397 -126,0.0 0.0 0.0 0.0 0.0 0.07815275310834814 0.0379746835443038,0.8195022146277852,0.11428571428571428,68,0 0 0 0 0 423 -108,0.0 0.0 0.0 0.0 0.0 0.12433392539964476 0.26582278481012656,1.5091620388065743,0.10357142857142858,40,0 0 0 0 0 423 -108,0.0 0.0 0.0 0.0 0.0 0.12433392539964476 0.26582278481012656,1.5091620388065743,0.10357142857142858,40.0,0 0 0 0 0 419 -129,0.0 0.0 0.0 0.0 0.0 0.1172291296625222 0.0,1.1722912966252221,0.1,123,0 0 0 0 0 430 -118,0.0 0.0 0.0 0.0 0.0 0.13676731793960922 0.13924050632911392,1.5069136857252061,0.26785714285714285,31,0 0 0 0 0 424 -101,0.0 0.0 0.0 0.0 0.0 0.1261101243339254 0.35443037974683544,1.6155316230860897,0.1,145,0 0 0 0 0 418 -120,0.0 0.0 0.0 0.0 0.0 0.11545293072824156 0.11392405063291139,1.268453357915327,0.1,157,0 0 0 0 0 444 -99,0.0 0.0 0.0 0.0 0.0 0.16163410301953818 0.379746835443038,1.9960878656384198,0.30357142857142855,16,0 0 0 0 0 411 -106,0.0 0.0 0.0 0.0 0.0 0.10301953818827708 0.2911392405063291,1.3213346223890998,0.1,116,0 0 0 0 0 428 -116,0.0 0.0 0.0 0.0 0.0 0.13321492007104796 0.16455696202531644,1.496706162735796,0.1,84,0 0 0 0 0 453 -89,0.0 0.0 0.0 0.0 0.0 0.17761989342806395 0.5063291139240507,2.28252804820469,0.28214285714285714,23,0 0 0 0 0 353 -101,0.0 0.0 0.0 0.0 0.0 0.0 0.35443037974683544,0.35443037974683544,0.1,85,0 0 0 0 0 534 -123,0.0 0.0 0.0 0.0 0.0 0.32149200710479575 0.0759493670886076,3.290869438136565,0.1,342,0 0 0 0 0 437 -98,0.0 0.0 0.0 0.0 0.0 0.1492007104795737 0.3924050632911392,1.8844121680868762,0.5857142857142857,70,0 0 0 0 0 916 -50,0.0 0.0 0.0 0.0 0.0 1.0 1.0,11.0,0.225,139,0 0 0 0 0 499 -85,0.0 0.0 0.0 0.0 0.0 0.25932504440497334 0.5569620253164557,3.150212469366189,0.1,356,0 0 0 0 0 438 -106,0.0 0.0 0.0 0.0 0.0 0.15097690941385436 0.2911392405063291,1.8009083346448727,0.5857142857142857,66,0 0 0 0 0 898 -57,0.0 0.0 0.0 0.0 0.0 0.9680284191829485 0.9113924050632911,10.591676596892775,0.21785714285714286,144,0 0 0 0 0 377 -109,0.0 0.0 0.0 0.0 0.0 0.04262877442273535 0.25316455696202533,0.6794523011893788,0.11071428571428571,36
resolved-p7d-c21d-3600-all/resolved-p7d-c21d-3600-3rd/nsp-n10-d28-r0.10-rp0-fp0-s6,2 19 73 1442 0 471 -19,1.0 1.0 0.3048780487804878 0.23490127758420443 0.0 0.025210084033613446 0.3225806451612903,1103284.2564468745,0.0,2497,2 19 79 1153 1 484 -21,1.0 1.0 0.3780487804878049 0.15098722415795587 0.25 0.06162464985994398 0.2903225806451613,1103957.3815981152,0.0,2338,2 19 79 1146 1 485 -19,1.0 1.0 0.3780487804878049 0.1489547038327526 0.25 0.06442577030812324 0.3225806451612903,1103955.409347059,0.0,2347.0,2 1 72 944 0 542 -10,1.0 0.0 0.2926829268292683 0.0903019744483159 0.0 0.22408963585434175 0.46774193548387094,1003019.839881035,0.0,3530,0 10 72 633 3 557 22,0.0 0.5 0.2926829268292683 0.0 0.75 0.2661064425770308 0.9838709677419355,53005.47420368619,0.42857142857142855,3254,0 12 62 745 1 517 5,0.0 0.6111111111111112 0.17073170731707318 0.032520325203252036 0.25 0.15406162464985995 0.7096774193548387,62878.19880315095,0.35714285714285715,3424,2 1 72 943 0 536 -12,1.0 0.0 0.2926829268292683 0.0900116144018583 0.0 0.20728291316526612 0.43548387096774194,1003019.3491956971,0.0,3549,0 10 76 634 3 555 23,0.0 0.5 0.34146341463414637 0.00029036004645760743 0.75 0.2605042016806723 1.0,53493.52954840473,0.42857142857142855,3202,0 12 65 748 2 522 5,0.0 0.6111111111111112 0.2073170731707317 0.03339140534262486 0.5 0.16806722689075632 0.7096774193548387,63270.06359784932,0.35714285714285715,3226,2 1 71 944 1 537 -12,1.0 0.0 0.2804878048780488 0.0903019744483159 0.25 0.21008403361344538 0.43548387096774194,1002922.716347436,0.0,3575,0 10 72 638 3 551 19,0.0 0.5 0.2926829268292683 0.0014518002322880372 0.75 0.24929971988795518 0.9354838709677419,53006.709549594816,0.42857142857142855,3234,0 12 64 744 1 520 11,0.0 0.6111111111111112 0.1951219512195122 0.032229965156794424 0.25 0.16246498599439776 0.8064516129032258,63121.99168993588,0.35714285714285715,3320,1 3 119 4058 0 801 -39,0.5 0.1111111111111111 0.8658536585365854 0.9944831591173054 0.0 0.9495798319327731 0.0,520773.6266539136,0.4714285714285714,3525,0 1 66 962 1 670 20,0.0 0.0 0.21951219512195122 0.09552845528455285 0.25 0.5826330532212886 0.9516129032258065,2322.4283499395037,0.5857142857142857,3285,1 2 89 1194 3 776 7,0.5 0.05555555555555555 0.5 0.16289198606271776 0.75 0.8795518207282913 0.7419354838709677,510802.98499530944,0.5571428571428572,3090,1 3 130 4077 0 819 -34,0.5 0.1111111111111111 1.0 1.0 0.0 1.0 0.08064516129032258,522121.1917562724,0.4714285714285714,3329,0 1 72 1336 1 661 13,0.0 0.0 0.2926829268292683 0.20412311265969801 0.25 0.5574229691876751 0.8387096774193549,3162.365320321677,0.5857142857142857,3012,1 2 88 1309 3 773 12,0.5 0.05555555555555555 0.4878048780487805 0.19628339140534262 0.75 0.8711484593837535 0.8225806451612904,510714.4217926877,0.5571428571428572,3380,2 1 48 1029 4 462 -14,1.0 0.0 0.0 0.11498257839721254 1.0 0.0 0.4032258064516129,1000215.3858042037,0.0,3257
resolved-p7d-c21d-3600-all/resolved-p7d-c21d-3600-3rd/nsp-n40-d28-r0.10-rp2-fp2-s4,13 10 1855 10370 0 5377 -206,0.0 0.6 0.22903225806451613 0.09586466165413533 0.0 0.187109375 0.3188405797101449,62388.37717662901,0.02142857142857143,473,19 10 1642 9321 0 5059 -175,0.8571428571428571 0.6 0.0 0.0019692087361260296 0.0 0.062890625 0.7681159420289855,917146.2233737851,0.010714285714285714,634,19 10 1678 9485 0 5074 -181,0.8571428571428571 0.6 0.03870967741935484 0.01664876476906552 0.0 0.06875 0.6811594202898551,917547.97134124,0.010714285714285714,551.0,20 10 1925 10787 0 5397 -219,1.0 0.6 0.3043010752688172 0.13319011815252416 0.0 0.194921875 0.13043478260869565,1063178.2805243733,0.010714285714285714,128,20 10 1888 10809 0 5279 -212,1.0 0.6 0.2645161290322581 0.1351593268886502 0.0 0.148828125 0.2318840579710145,1062782.0407825192,0.010714285714285714,132,20 10 1896 10829 0 5289 -211,1.0 0.6 0.2731182795698925 0.13694951664876476 0.0 0.152734375 0.2463768115942029,1062869.9060329092,0.010714285714285714,109,20 10 1925 10787 0 5397 -219,1.0 0.6 0.3043010752688172 0.13319011815252416 0.0 0.194921875 0.13043478260869565,1063178.2805243733,0.010714285714285714,128,20 10 1888 10809 0 5279 -207,1.0 0.6 0.2645161290322581 0.1351593268886502 0.0 0.148828125 0.30434782608695654,1062782.1132462872,0.010714285714285714,130,20 10 1886 10809 0 5277 -213,1.0 0.6 0.2623655913978495 0.1351593268886502 0.0 0.148046875 0.21739130434782608,1062760.5131009214,0.010714285714285714,139,20 10 1925 10787 0 5397 -219,1.0 0.6 0.3043010752688172 0.13319011815252416 0.0 0.194921875 0.13043478260869565,1063178.2805243733,0.010714285714285714,128,20 10 1892 10811 0 5285 -213,1.0 0.6 0.26881720430107525 0.13533834586466165 0.0 0.151171875 0.21739130434782608,1062825.2394989298,0.010714285714285714,122,20 10 1888 10809 0 5279 -212,1.0 0.6 0.2645161290322581 0.1351593268886502 0.0 0.148828125 0.2318840579710145,1062782.0407825192,0.010714285714285714,132,17 7 2542 20072 0 7357 -203,0.5714285714285714 0.0 0.967741935483871 0.9642857142857143 0.0 0.960546875 0.36231884057971014,582080.2442852864,0.6535714285714286,481,16 7 2548 20060 0 7377 -216,0.42857142857142855 0.0 0.9741935483870968 0.9632116004296455 0.0 0.968359375 0.17391304347826086,439286.4331625226,0.65,302,16 7 2572 20471 0 7458 -228,0.42857142857142855 0.0 1.0 1.0 0.0 1.0 0.0,439581.4285714285,0.6464285714285715,165,17 7 2542 20072 0 7357 -203,0.5714285714285714 0.0 0.967741935483871 0.9642857142857143 0.0 0.960546875 0.36231884057971014,582080.2442852864,0.6535714285714286,481,16 7 2548 20060 0 7377 -216,0.42857142857142855 0.0 0.9741935483870968 0.9632116004296455 0.0 0.968359375 0.17391304347826086,439286.4331625226,0.65,302,16 7 2572 20471 0 7458 -227,0.42857142857142855 0.0 1.0 1.0 0.0 1.0 0.014492753623188406,439581.4430641821,0.6464285714285715,164,18 12 1668 9299 1 4898 -159,0.7142857142857143 1.0 0.02795698924731183 0.0 1.0 0.0 1.0,814666.2841781875,0.010714285714285714,818
resolved-p7d-c21d-3600-all/resolved-p7d-c21d-3600-3rd/nsp-n10-d28-r0.10-rp0-fp0-s8,2 3 57 900 2 505 -14,0.1 0.0 0.5142857142857142 0.5485074626865671 0.6666666666666666 0.8391608391608392 0.07894736842105263,105766.50182797041,0.02857142857142857,3259,2 3 59 909 2 508 -12,0.1 0.0 0.5333333333333333 0.5541044776119403 0.6666666666666666 0.8496503496503497 0.13157894736842105,105962.73256005581,0.02857142857142857,3205,2 3 61 936 2 512 -8,0.1 0.0 0.5523809523809524 0.5708955223880597 0.6666666666666666 0.8636363636363636 0.23684210526315788,106170.24491860588,0.02857142857142857,3052.0,4 3 65 387 2 551 -10,0.3 0.0 0.5904761904761905 0.2294776119402985 0.6666666666666666 1.0 0.18421052631578946,306211.09039389517,0.02857142857142857,1182,3 15 49 1194 1 445 3,0.2 0.13793103448275862 0.4380952380952381 0.7313432835820896 0.3333333333333333 0.6293706293706294 0.5263157894736842,218945.55246822684,0.37142857142857144,2682,1 14 108 747 3 512 21,0.0 0.12643678160919541 1.0 0.4533582089552239 1.0 0.8636363636363636 1.0,23206.672733511128,0.15714285714285714,3035,4 3 65 387 2 547 -10,0.3 0.0 0.5904761904761905 0.2294776119402985 0.6666666666666666 0.986013986013986 0.18421052631578946,306210.9505337553,0.02857142857142857,1185,3 15 51 1207 0 455 1,0.2 0.13793103448275862 0.45714285714285713 0.7394278606965174 0.0 0.6643356643356644 0.47368421052631576,219111.07692125483,0.4142857142857143,2651,4 4 107 1626 2 548 -13,0.3 0.011494252873563218 0.9904761904761905 1.0 0.6666666666666666 0.9895104895104895 0.10526315789473684,312130.85422683787,0.08571428571428572,2128,3 3 60 385 1 535 -10,0.2 0.0 0.5428571428571428 0.22823383084577115 0.3333333333333333 0.9440559440559441 0.18421052631578946,205699.7633627174,0.02857142857142857,1214,3 28 57 1209 0 413 -8,0.2 0.28735632183908044 0.5142857142857142 0.7406716417910447 0.0 0.5174825174825175 0.23684210526315788,234624.57263583632,0.2714285714285714,2274,3 5 87 1000 2 528 3,0.2 0.022988505747126436 0.8 0.6106965174129353 0.6666666666666666 0.9195804195804196 0.5263157894736842,210985.93587877753,0.11428571428571428,2402,7 43 42 62 3 269 -7,0.6 0.45977011494252873 0.37142857142857144 0.02736318407960199 1.0 0.013986013986013986 0.2631578947368421,649819.0634106528,0.02857142857142857,2089,10 90 4 18 0 288 -13,0.9 1.0 0.009523809523809525 0.0 0.0 0.08041958041958042 0.10526315789473684,1000096.1475542001,0.7857142857142857,3462,11 90 3 19 0 336 -14,1.0 1.0 0.0 0.0006218905472636816 0.0 0.24825174825174826 0.07894736842105263,1100003.1833553982,0.7142857142857143,2895,7 45 41 65 3 265 -4,0.6 0.4827586206896552 0.3619047619047619 0.029228855721393034 1.0 0.0 0.34210526315789475,652024.4806489977,0.02857142857142857,2043,10 90 7 29 1 295 -16,0.9 1.0 0.0380952380952381 0.006840796019900498 0.3333333333333333 0.1048951048951049 0.02631578947368421,1000422.201777144,0.7857142857142857,2270,11 89 6 20 1 349 -11,1.0 0.9885057471264368 0.02857142857142857 0.0012437810945273632 0.3333333333333333 0.2937062937062937 0.15789473684210525,1099173.9610704598,0.7142857142857143,3135,5 3 89 1482 1 549 -17,0.4 0.0 0.819047619047619 0.9104477611940298 0.3333333333333333 0.993006993006993 0.0,409144.18735493365,0.02857142857142857,3164
resolved-p7d-c21d-3600-all/resolved-p7d-c21d-3600-3rd/nsp-n50-d28-r0.10-rp2-fp2-s6,14 9 2913 12790 2 8155 -203,0.0 1.0 0.0444947209653092 0.05329457364341085 0.25 0.04502870957993352 0.95,100524.6420703923,0.014285714285714285,517,14 9 2913 12791 3 8160 -203,0.0 1.0 0.0444947209653092 0.05336911150864639 0.375 0.046539740102750075 0.95,100537.23171856276,0.014285714285714285,513,14 9 2913 12790 2 8157 -203,0.0 1.0 0.0444947209653092 0.05329457364341085 0.25 0.04563312178906014 0.95,100524.64811451439,0.014285714285714285,515.0,14 9 3012 13008 1 8169 -223,0.0 1.0 0.1191553544494721 0.0695438282647585 0.125 0.04925959504381989 0.6166666666666667,101274.70663537658,0.014285714285714285,451,14 9 2950 13559 1 8078 -232,0.0 1.0 0.07239819004524888 0.11061419200954084 0.125 0.021758839528558477 0.4666666666666667,100847.78034752398,0.014285714285714285,566,14 9 2949 13580 1 8073 -231,0.0 1.0 0.07164404223227752 0.11217948717948718 0.125 0.020247809005741916 0.48333333333333334,100841.80572092565,0.014285714285714285,572,14 9 3012 13013 1 8169 -223,0.0 1.0 0.1191553544494721 0.0699165175909362 0.125 0.04925959504381989 0.6166666666666667,101275.07932470276,0.014285714285714285,450,14 9 2949 13598 0 8078 -229,0.0 1.0 0.07164404223227752 0.11352116875372689 0.0 0.021758839528558477 0.5166666666666667,100830.69584613845,0.014285714285714285,568,14 9 2950 13574 2 8078 -229,0.0 1.0 0.07239819004524888 0.11173225998807394 0.25 0.021758839528558477 0.5166666666666667,100861.44841550251,0.014285714285714285,563,14 9 3012 13259 1 8152 -226,0.0 1.0 0.1191553544494721 0.08825283243887895 0.125 0.04412209126624358 0.5666666666666667,101293.31426451293,0.014285714285714285,425,14 9 2950 13540 1 8073 -231,0.0 1.0 0.07239819004524888 0.1091979725700656 0.125 0.020247809005741916 0.48333333333333334,100846.36568444595,0.014285714285714285,567,14 9 2950 13540 1 8073 -231,0.0 1.0 0.07239819004524888 0.1091979725700656 0.125 0.020247809005741916 0.48333333333333334,100846.36568444595,0.014285714285714285,567,19 8 4137 25491 0 11271 -239,1.0 0.8571428571428571 0.9675716440422323 1.0 0.0 0.9867029313992143 0.35,1096400.219184022,0.6342857142857142,869,19 3 4174 25229 1 11315 -258,1.0 0.14285714285714285 0.995475113122172 0.9804710793082886 0.125 1.0 0.03333333333333333,1025243.4698295776,0.62,767,19 2 4173 25290 1 11312 -260,1.0 0.0 0.9947209653092006 0.9850178890876565 0.125 0.99909338168631 0.0,1010954.7184759965,0.6171428571428571,801,19 8 4143 25453 0 11291 -240,1.0 0.8571428571428571 0.9720965309200603 0.9971675611210495 0.0 0.9927470534904805 0.3333333333333333,1096442.6793884756,0.6342857142857142,846,19 3 4174 25163 1 11312 -260,1.0 0.14285714285714285 0.995475113122172 0.975551580202743 0.125 0.99909338168631 0.0,1025238.5079309556,0.62,783,19 2 4180 25426 0 11312 -258,1.0 0.0 1.0 0.9951550387596899 0.0 0.99909338168631 0.03333333333333333,1011005.1793059099,0.6171428571428571,781,14 9 2854 12075 8 8006 -200,0.0 1.0 0.0 0.0 1.0 0.0 1.0,100101.0,0.014285714285714285,559
resolved-p7d-c21d-3600-all/resolved-p7d-c21d-3600-3rd/nsp-n40-d28-r0.10-rp2-fp2-s5,22 111 1872 9356 21 5538 -170,0.0 0.0 0.9345088161209067 0.9697891534669044 0.22916666666666666 0.945844385499558 0.0,10347.252425197634,0.017857142857142856,727,22 111 1872 9338 21 5533 -170,0.0 0.0 0.9345088161209067 0.967900975558586 0.22916666666666666 0.9447391688771 0.0,10345.35319512309,0.017857142857142856,732,22 111 1872 9364 21 5538 -170,0.0 0.0 0.9345088161209067 0.9706283436483794 0.22916666666666666 0.945844385499558 0.0,10348.09161537911,0.017857142857142856,724.0,22 111 2002 9644 21 5783 -145,0.0 0.0 1.0 1.0 0.22916666666666666 1.0 0.12376237623762376,11033.040429042905,0.017857142857142856,18,22 111 1870 9268 21 5534 -167,0.0 0.0 0.9335012594458438 0.9605580614706808 0.22916666666666666 0.9449602122015915 0.01485148514851485,10327.95177620295,0.017857142857142856,878,22 111 1871 9300 21 5531 -170,0.0 0.0 0.9340050377833753 0.9639148221965803 0.22916666666666666 0.9442970822281167 0.0,10336.324837519282,0.017857142857142856,853,22 111 2002 9644 21 5783 -145,0.0 0.0 1.0 1.0 0.22916666666666666 1.0 0.12376237623762376,11033.040429042905,0.017857142857142856,18,22 111 1872 9281 21 5531 -169,0.0 0.0 0.9345088161209067 0.9619217455155775 0.22916666666666666 0.9442970822281167 0.0049504950495049506,10339.374494708642,0.017857142857142856,824,22 111 1871 9300 21 5531 -170,0.0 0.0 0.9340050377833753 0.9639148221965803 0.22916666666666666 0.9442970822281167 0.0,10336.324837519282,0.017857142857142856,853,22 111 2002 9644 21 5783 -145,0.0 0.0 1.0 1.0 0.22916666666666666 1.0 0.12376237623762376,11033.040429042905,0.017857142857142856,18,22 111 1871 9339 21 5531 -169,0.0 0.0 0.9340050377833753 0.9680058743312703 0.22916666666666666 0.9442970822281167 0.0049504950495049506,10340.420840149021,0.017857142857142856,848,22 111 1873 9285 21 5536 -169,0.0 0.0 0.9350125944584383 0.9623413406063149 0.22916666666666666 0.9454022988505747 0.0049504950495049506,10344.84292534092,0.017857142857142856,787,55 532 284 524 56 1815 25,1.0 0.9905882352941177 0.1345088161209068 0.04332319311864051 0.9583333333333334 0.1229000884173298 0.9653465346534653,1100545.2625644917,0.017857142857142856,501,28 383 22 205 18 1262 -61,0.18181818181818182 0.64 0.0025188916876574307 0.009860484632329802 0.16666666666666666 0.000663129973474801 0.5396039603960396,245870.44412161753,0.7821428571428571,842,31 369 17 113 11 1304 -48,0.2727272727272727 0.6070588235294118 0.0 0.0002097975453687192 0.020833333333333332 0.009946949602122016 0.6039603960396039,333436.15164098464,0.775,492,55 536 279 510 58 1793 32,1.0 1.0 0.13198992443324936 0.041854610301059476 1.0 0.11803713527851459 1.0,1101463.9342259862,0.017857142857142856,473,28 384 22 202 17 1259 -60,0.18181818181818182 0.6423529411764706 0.0025188916876574307 0.009545788314276722 0.14583333333333334 0.0 0.5445544554455446,246103.3385288085,0.7821428571428571,801,29 375 24 111 10 1312 -46,0.21212121212121213 0.6211764705882353 0.003526448362720403 0.0 0.0 0.011715296198054819 0.6138613861386139,274274.854678011,0.775,743,22 111 1867 9419 21 5532 -167,0.0 0.0 0.9319899244332494 0.9763977761460191 0.22916666666666666 0.9445181255526083 0.01485148514851485,10328.673719885854,0.017857142857142856,907
resolved-p7d-c21d-3600-all/resolved-p7d-c21d-3600-3rd/nsp-n20-d28-r0.10-rp2-fp2-s0,0 0 0 0 0 121 -25,0.0 0.0 0.0 0.0 0.0 1.0 0.9117647058823529,10.911764705882353,0.12142857142857143,118,0 0 0 0 0 106 -38,0.0 0.0 0.0 0.0 0.0 0.6511627906976745 0.5294117647058824,7.041039671682627,0.08571428571428572,105,0 0 0 0 0 106 -46,0.0 0.0 0.0 0.0 0.0 0.6511627906976745 0.29411764705882354,6.8057455540355685,0.08571428571428572,113.0,0 0 0 0 0 115 -44,0.0 0.0 0.0 0.0 0.0 0.8604651162790697 0.35294117647058826,8.957592339261286,0.08571428571428572,180,0 0 0 0 0 89 -35,0.0 0.0 0.0 0.0 0.0 0.2558139534883721 0.6176470588235294,3.1757865937072505,0.2857142857142857,30,0 0 0 0 0 102 -35,0.0 0.0 0.0 0.0 0.0 0.5581395348837209 0.6176470588235294,6.199042407660739,0.08571428571428572,85,0 0 0 0 0 101 -34,0.0 0.0 0.0 0.0 0.0 0.5348837209302325 0.6470588235294118,5.995896032831737,0.08571428571428572,166,0 0 0 0 0 104 -23,0.0 0.0 0.0 0.0 0.0 0.6046511627906976 0.9705882352941176,7.017099863201095,0.37142857142857144,45,0 0 0 0 0 110 -41,0.0 0.0 0.0 0.0 0.0 0.7441860465116279 0.4411764705882353,7.8830369357045145,0.08571428571428572,228,0 0 0 0 0 98 -39,0.0 0.0 0.0 0.0 0.0 0.46511627906976744 0.5,5.151162790697675,0.08571428571428572,105,0 0 0 0 0 109 -22,0.0 0.0 0.0 0.0 0.0 0.7209302325581395 1.0,8.209302325581394,0.45714285714285713,20,0 0 0 0 0 78 -28,0.0 0.0 0.0 0.0 0.0 0.0 0.8235294117647058,0.8235294117647058,0.08571428571428572,53,0 0 0 0 0 90 -56,0.0 0.0 0.0 0.0 0.0 0.27906976744186046 0.0,2.7906976744186047,0.08571428571428572,305,0 0 0 0 0 98 -45,0.0 0.0 0.0 0.0 0.0 0.46511627906976744 0.3235294117647059,4.97469220246238,0.6142857142857143,58,0 0 0 0 0 101 -37,0.0 0.0 0.0 0.0 0.0 0.5348837209302325 0.5588235294117647,5.90766073871409,0.08571428571428572,197,0 0 0 0 0 90 -55,0.0 0.0 0.0 0.0 0.0 0.27906976744186046 0.029411764705882353,2.820109439124487,0.08571428571428572,304,0 0 0 0 0 98 -45,0.0 0.0 0.0 0.0 0.0 0.46511627906976744 0.3235294117647059,4.97469220246238,0.6142857142857143,58,0 0 0 0 0 101 -37,0.0 0.0 0.0 0.0 0.0 0.5348837209302325 0.5588235294117647,5.90766073871409,0.08571428571428572,197,0 0 0 0 0 111 -34,0.0 0.0 0.0 0.0 0.0 0.7674418604651163 0.6470588235294118,8.321477428180575,0.08571428571428572,117
resolved-p7d-c21d-3600-all/resolved-p7d-c21d-3600-3rd/nsp-n10-d28-r0.10-rp0-fp0-s1,6 3 60 581 0 505 -8,0.5454545454545454 0.011494252873563218 0.5825242718446602 0.46755407653910147 0.0 0.6982097186700768 0.4166666666666667,552904.1663007408,0.014285714285714285,3090,6 3 60 846 0 507 -6,0.5454545454545454 0.011494252873563218 0.5825242718446602 0.6880199667221298 0.0 0.7033248081841432 0.4722222222222222,553124.7388973745,0.014285714285714285,3034,6 3 60 582 0 512 -7,0.5454545454545454 0.011494252873563218 0.5825242718446602 0.4683860232945091 0.0 0.7161125319693095 0.4444444444444444,552905.205053407,0.014285714285714285,3073.0,4 2 47 870 1 398 -12,0.36363636363636365 0.0 0.4563106796116505 0.7079866888519135 0.08333333333333333 0.42455242966751916 0.3055555555555556,368920.34153451765,0.014285714285714285,1300,0 21 100 1221 0 602 13,0.0 0.21839080459770116 0.970873786407767 1.0 0.0 0.9462915601023018 1.0,32558.28123944881,0.6714285714285714,2915,0 4 64 524 6 569 9,0.0 0.022988505747126436 0.6213592233009708 0.42013311148086524 0.5 0.8618925831202046 0.8888888888888888,8992.083733923308,0.24285714285714285,2764,4 2 50 875 1 436 -12,0.36363636363636365 0.0 0.4854368932038835 0.7121464226289518 0.08333333333333333 0.5217391304347826 0.3055555555555556,369216.7352712247,0.014285714285714285,1183,0 21 103 1221 0 611 13,0.0 0.21839080459770116 1.0 1.0 0.0 0.969309462915601 1.0,32849.773554399275,0.6571428571428571,2901,0 7 68 534 6 593 0,0.0 0.05747126436781609 0.6601941747572816 0.42845257903494177 0.5 0.9232736572890026 0.6388888888888888,12837.392388851145,0.24285714285714285,2622,4 2 46 872 1 399 -13,0.36363636363636365 0.0 0.44660194174757284 0.7096505823627288 0.08333333333333333 0.42710997442455245 0.2777777777777778,368824.9158470575,0.014285714285714285,1315,0 21 103 1221 0 623 10,0.0 0.21839080459770116 1.0 1.0 0.0 1.0 0.9166666666666666,32849.997126436785,0.6428571428571429,2875,0 4 66 524 6 593 8,0.0 0.022988505747126436 0.6407766990291263 0.42013311148086524 0.5 0.9232736572890026 0.8611111111111112,9186.844524168773,0.24285714285714285,2720,9 65 10 51 9 232 -16,0.8181818181818182 0.7241379310344828 0.0970873786407767 0.026622296173044926 0.75 0.0 0.19444444444444445,891668.3018122917,0.014285714285714285,1729,11 89 4 32 1 310 -23,1.0 1.0 0.038834951456310676 0.010815307820299502 0.08333333333333333 0.19948849104859334 0.0,1100409.4930406273,0.7142857142857143,3741,11 81 0 19 1 240 -21,1.0 0.9080459770114943 0.0 0.0 0.08333333333333333 0.020460358056265986 0.05555555555555555,1090813.1911936188,0.6571428571428571,3250,9 56 57 64 12 258 -7,0.8181818181818182 0.6206896551724138 0.5533980582524272 0.03743760399334443 1.0 0.06649616368286446 0.4444444444444444,885923.3112916586,0.014285714285714285,2131,11 89 4 30 1 306 -23,1.0 1.0 0.038834951456310676 0.009151414309484194 0.08333333333333333 0.18925831202046037 0.0,1100407.7268453261,0.7,3818,11 81 0 19 1 234 -21,1.0 0.9080459770114943 0.0 0.0 0.08333333333333333 0.005115089514066497 0.05555555555555555,1090813.0377409335,0.6571428571428571,3259,7 3 74 933 1 581 -13,0.6363636363636364 0.011494252873563218 0.7184466019417476 0.7603993344425957 0.08333333333333333 0.8925831202046036 0.2777777777777778,645475.4639471659,0.014285714285714285,3106
resolved-p7d-c21d-3600-all/resolved-p7d-c21d-3600-3rd/nsp-n30-d28-r0.10-rp2-fp2-s6,9 53 1028 5918 16 3245 -56,0.0 0.0 0.0 0.7946314443971026 0.0 0.695814648729447 0.31521739130434784,801.9048082757015,0.009523809523809525,973,9 53 1028 5946 16 3240 -58,0.0 0.0 0.0 0.7986081522511007 0.0 0.6920777279521674 0.30434782608695654,805.8332773567093,0.009523809523809525,935,9 53 1028 5928 17 3242 -55,0.0 0.0 0.0 0.796051697202102 0.02702702702702703 0.6935724962630793 0.32065217391304346,806.0107770413485,0.009523809523809525,953.0,10 53 1209 7364 16 3652 -89,0.03225806451612903 0.0 0.06534296028880866 1.0 0.0 1.0 0.1358695652173913,33921.62998858233,0.009523809523809525,24,10 53 1082 6580 16 3398 -114,0.03225806451612903 0.0 0.019494584837545126 0.8886521800880557 0.0 0.8101644245142003 0.0,33349.76418883768,0.009523809523809525,1056,10 53 1082 6520 16 3430 -114,0.03225806451612903 0.0 0.019494584837545126 0.8801306632580599 0.0 0.8340807174887892 0.0,33341.48183493743,0.009523809523809525,1064,10 53 1209 7364 16 3652 -89,0.03225806451612903 0.0 0.06534296028880866 1.0 0.0 1.0 0.1358695652173913,33921.62998858233,0.009523809523809525,24,10 53 1082 6828 16 3374 -113,0.03225806451612903 0.0 0.019494584837545126 0.923874449652038 0.0 0.7922272047832586 0.005434782608695652,33384.81252098696,0.009523809523809525,1026,10 53 1083 6553 16 3438 -111,0.03225806451612903 0.0 0.019855595667870037 0.8848174975145576 0.0 0.8400597907324364 0.016304347826086956,33349.85487257744,0.009523809523809525,1002,10 53 1209 7364 16 3652 -89,0.03225806451612903 0.0 0.06534296028880866 1.0 0.0 1.0 0.1358695652173913,33921.62998858233,0.009523809523809525,24,10 53 1083 6859 16 3366 -111,0.03225806451612903 0.0 0.019855595667870037 0.9282772333475359 0.0 0.7862481315396114 0.016304347826086956,33392.77649181849,0.009523809523809525,963,10 53 1082 6612 16 3398 -114,0.03225806451612903 0.0 0.019494584837545126 0.8931969890640534 0.0 0.8101644245142003 0.0,33354.30899781368,0.009523809523809525,1053,37 206 3524 865 53 2404 53,0.9032258064516129 1.0 0.9010830324909748 0.0769777020309615 1.0 0.06726457399103139 0.907608695652174,1012415.1947329891,0.009523809523809525,623,15 124 3193 363 39 2448 67,0.1935483870967742 0.46405228758169936 0.7815884476534296 0.005681011219997159 0.6216216216216216 0.10014947683109118 0.9836956521739131,247839.32869528106,0.7619047619047619,949,15 157 3798 323 35 2512 60,0.1935483870967742 0.6797385620915033 1.0 0.0 0.5135135135135135 0.14798206278026907 0.9456521739130435,271576.02013007755,0.8,833,40 200 3776 838 34 2483 49,1.0 0.9607843137254902 0.992057761732852 0.07314301945746343 0.4864864864864865 0.12630792227204785 0.8858695652173914,1106122.9496067716,0.009523809523809525,513,15 124 3194 338 34 2454 70,0.1935483870967742 0.46405228758169936 0.7819494584837545 0.0021303792074989347 0.4864864864864865 0.10463378176382661 1.0,247825.93580545546,0.7619047619047619,937,15 151 3039 353 52 2314 64,0.1935483870967742 0.6405228758169934 0.7259927797833935 0.004260758414997869 0.972972972972973 0.0 0.967391304347826,264963.1279233241,0.8,966,9 54 1057 6198 18 3369 -87,0.0 0.006535947712418301 0.010469314079422382 0.8343985229370828 0.05405405405405406 0.7884902840059791 0.14673913043478262,1606.1234823490367,0.009523809523809525,902
resolved-p7d-c21d-3600-all/resolved-p7d-c21d-3600-3rd/nsp-n20-d28-r0.10-rp2-fp2-s5,12 5 377 3833 0 1278 -14,1.0 0.029411764705882353 0.01818181818181818 0.11230502599653379 0.0 0.007874015748031496 0.41935483870967744,1003235.7977733992,0.007142857142857143,1329,11 5 373 3620 0 1275 -11,0.875 0.029411764705882353 0.0 0.07538994800693241 0.0 0.003937007874015748 0.45161290322580644,878017.0574015771,0.007142857142857143,1384,11 5 373 3547 0 1272 -15,0.875 0.029411764705882353 0.0 0.06273830155979203 0.0 0.0 0.40860215053763443,878004.3233742985,0.007142857142857143,1457.0,11 5 423 3844 0 1373 -21,0.875 0.029411764705882353 0.22727272727272727 0.11421143847487002 0.0 0.1325459317585302 0.34408602150537637,880329.7847271295,0.007142857142857143,1303,4 71 403 3185 4 1321 39,0.0 1.0 0.13636363636363635 0.0 1.0 0.06430446194225722 0.989247311827957,101465.26865556762,0.45714285714285713,804,9 7 378 3694 1 1340 -20,0.625 0.058823529411764705 0.022727272727272728 0.08821490467937608 0.25 0.08923884514435695 0.3548387096774194,631224.0878002897,0.06428571428571428,1203,11 5 427 3860 0 1408 -25,0.875 0.029411764705882353 0.24545454545454545 0.1169844020797227 0.0 0.1784776902887139 0.3010752688172043,880514.7921793851,0.007142857142857143,1139,4 67 400 3186 4 1312 40,0.0 0.9411764705882353 0.12272727272727273 0.0001733102253032929 1.0 0.05249343832020997 1.0,95446.61803070476,0.45714285714285713,890,9 7 406 4324 1 1389 -22,0.625 0.058823529411764705 0.15 0.1974003466204506 0.25 0.15354330708661418 0.3333333333333333,632606.6220542011,0.07142857142857142,985,11 5 425 3844 0 1389 -26,0.875 0.029411764705882353 0.23636363636363636 0.11421143847487002 0.0 0.15354330708661418 0.2903225806451613,880420.850028351,0.007142857142857143,1196,4 67 398 3185 4 1311 34,0.0 0.9411764705882353 0.11363636363636363 0.0 1.0 0.051181102362204724 0.9354838709677419,95355.45799008175,0.45714285714285713,908,9 7 377 3671 1 1331 -22,0.625 0.058823529411764705 0.01818181818181818 0.08422876949740035 0.25 0.07742782152230972 0.3333333333333333,631174.5075040406,0.05714285714285714,1226,11 5 544 8921 0 1935 -46,0.875 0.029411764705882353 0.7772727272727272 0.994107452339688 0.0 0.8700787401574803 0.07526881720430108,886716.787251874,0.6071428571428571,1867,11 4 539 8955 0 1921 -53,0.875 0.014705882352941176 0.7545454545454545 1.0 0.0 0.8517060367454068 0.0,885024.5598411161,0.6571428571428571,1368,7 3 593 7094 0 2034 5,0.375 0.0 1.0 0.677469670710572 0.0 1.0 0.6236559139784946,385688.09332662454,0.6428571428571429,930,11 5 544 8910 0 1929 -49,0.875 0.029411764705882353 0.7772727272727272 0.9922010398613518 0.0 0.8622047244094488 0.043010752688172046,886714.7698411737,0.6071428571428571,1875,11 4 539 8772 0 1909 -48,0.875 0.014705882352941176 0.7545454545454545 0.9682842287694974 0.0 0.8359580052493438 0.053763440860215055,884992.7403530115,0.6642857142857143,1379,7 3 593 7060 0 2030 0,0.375 0.0 1.0 0.67157712305026 0.0 0.994750656167979 0.5698924731182796,385682.09452208504,0.6428571428571429,939,10 5 395 3828 1 1342 -12,0.75 0.029411764705882353 0.1 0.11143847487001733 0.25 0.09186351706036745 0.44086021505376344,754078.9744408439,0.007142857142857143,1402
resolved-p7d-c21d-3600-all/resolved-p7d-c21d-3600-3rd/nsp-n40-d28-r0.10-rp2-fp2-s6,15 10 1692 9410 2 4954 -159,0.0 1.0 0.019417475728155338 0.013957233604723987 0.6666666666666666 0.015133876600698487 0.90625,100275.85624631894,0.010714285714285714,719,15 10 1692 9392 2 4951 -156,0.0 1.0 0.019417475728155338 0.012346783573409681 0.6666666666666666 0.013969732246798603 1.0,100274.3279048441,0.010714285714285714,754,15 10 1692 9385 2 4951 -156,0.0 1.0 0.019417475728155338 0.011720497450120784 0.6666666666666666 0.013969732246798603 1.0,100273.7016187208,0.010714285714285714,762.0,15 10 1733 10345 1 5080 -181,0.0 1.0 0.06364617044228695 0.09761116578688378 0.3333333333333333 0.0640279394644936 0.21875,100768.26523293773,0.010714285714285714,574,15 10 1697 9805 2 5020 -168,0.0 1.0 0.02481121898597627 0.0492976648474546 0.6666666666666666 0.04074505238649592 0.625,100365.10897189775,0.010714285714285714,377,15 10 1697 9805 2 5020 -169,0.0 1.0 0.02481121898597627 0.0492976648474546 0.6666666666666666 0.04074505238649592 0.59375,100365.07772189775,0.010714285714285714,378,15 10 1736 10388 0 5088 -181,0.0 1.0 0.0668824163969795 0.10145835197280129 0.0 0.06713232440822663 0.21875,100771.17258918668,0.010714285714285714,504,15 10 1697 9805 2 5020 -169,0.0 1.0 0.02481121898597627 0.0492976648474546 0.6666666666666666 0.04074505238649592 0.59375,100365.07772189775,0.010714285714285714,378,15 10 1697 9821 2 5020 -167,0.0 1.0 0.02481121898597627 0.05072917598640064 0.6666666666666666 0.04074505238649592 0.65625,100366.57173303669,0.010714285714285714,373,15 10 1733 10355 0 5082 -181,0.0 1.0 0.06364617044228695 0.09850586024872506 0.0 0.06480403570042685 0.21875,100735.8343550286,0.010714285714285714,561,15 10 1697 9805 2 5020 -168,0.0 1.0 0.02481121898597627 0.0492976648474546 0.6666666666666666 0.04074505238649592 0.625,100365.10897189775,0.010714285714285714,377,15 10 1697 9805 2 5020 -168,0.0 1.0 0.02481121898597627 0.0492976648474546 0.6666666666666666 0.04074505238649592 0.625,100365.10897189775,0.010714285714285714,377,17 8 2601 20431 0 7492 -172,1.0 0.7142857142857143 1.0 1.0 0.0 1.0 0.5,1082439.0714285714,0.65,72,17 3 2464 19243 0 7292 -185,1.0 0.0 0.8522114347357066 0.8937102979332558 0.0 0.9223903764066744 0.09375,1009425.1422990544,0.6321428571428571,662,17 3 2440 19570 0 7230 -188,1.0 0.0 0.8263214670981661 0.9229668068354657 0.0 0.8983313930927435 0.0,1009195.164791748,0.625,900,17 8 2601 20431 0 7492 -172,1.0 0.7142857142857143 1.0 1.0 0.0 1.0 0.5,1082439.0714285714,0.65,72,17 3 2464 19243 0 7292 -185,1.0 0.0 0.8522114347357066 0.8937102979332558 0.0 0.9223903764066744 0.09375,1009425.1422990544,0.6321428571428571,662,17 3 2440 19569 0 7232 -188,1.0 0.0 0.8263214670981661 0.9228773373892816 0.0 0.8991074893286768 0.0,1009195.0830832642,0.6178571428571429,906,15 10 1674 9254 3 4915 -172,0.0 1.0 0.0 0.0 1.0 0.0 0.5,100100.5,0.010714285714285714,622
resolved-p7d-c21d-3600-all/resolved-p7d-c21d-3600-3rd/nsp-n30-d28-r0.10-rp2-fp2-s1,14 3 910 7206 3 3046 -126,0.7777777777777778 0.13636363636363635 0.05185185185185185 0.19278108145484718 0.6 0.03070175438596491 0.25,792185.9980316586,0.009523809523809525,1098,14 3 891 7067 5 3026 -123,0.7777777777777778 0.13636363636363635 0.016666666666666666 0.17355829069285023 1.0 0.01608187134502924 0.3333333333333333,791854.8605235477,0.009523809523809525,1182,14 3 882 7112 4 3004 -125,0.7777777777777778 0.13636363636363635 0.0 0.17978149633522333 0.8 0.0 0.2777777777777778,791674.2006882544,0.009523809523809525,1204.0,12 2 975 6501 3 3112 -130,0.6666666666666666 0.09090909090909091 0.17222222222222222 0.09528419305766837 0.6 0.07894736842105263 0.1388888888888889,677636.0105354288,0.009523809523809525,358,14 3 948 7371 1 3064 -135,0.7777777777777778 0.13636363636363635 0.12222222222222222 0.21559950214354862 0.2 0.043859649122807015 0.0,792872.4017349983,0.009523809523809525,888,14 3 948 7100 1 3062 -127,0.7777777777777778 0.13636363636363635 0.12222222222222222 0.1781219748305905 0.2 0.04239766081871345 0.2222222222222222,792835.1318100246,0.009523809523809525,935,12 2 974 6501 3 3111 -131,0.6666666666666666 0.09090909090909091 0.17037037037037037 0.09528419305766837 0.6 0.07821637426900585 0.1111111111111111,677617.4569291909,0.009523809523809525,366,14 3 948 7102 2 3055 -129,0.7777777777777778 0.13636363636363635 0.12222222222222222 0.17839856174802932 0.4 0.03728070175438596 0.16666666666666666,792855.3016717959,0.009523809523809525,934,14 3 948 7100 1 3062 -127,0.7777777777777778 0.13636363636363635 0.12222222222222222 0.1781219748305905 0.2 0.04239766081871345 0.2222222222222222,792835.1318100246,0.009523809523809525,935,12 2 1011 6993 3 3142 -134,0.6666666666666666 0.09090909090909091 0.2388888888888889 0.16332457474761444 0.6 0.10087719298245613 0.027777777777777776,678370.8257709198,0.009523809523809525,214,14 3 948 7100 1 3062 -127,0.7777777777777778 0.13636363636363635 0.12222222222222222 0.1781219748305905 0.2 0.04239766081871345 0.2222222222222222,792835.1318100246,0.009523809523809525,935,14 3 948 7100 1 3062 -128,0.7777777777777778 0.13636363636363635 0.12222222222222222 0.1781219748305905 0.2 0.04239766081871345 0.19444444444444445,792835.1040322469,0.009523809523809525,936,18 22 1088 5813 2 3068 -101,1.0 1.0 0.3814814814814815 0.00013829345871940258 0.4 0.04678362573099415 0.9444444444444444,1103856.3653889752,0.009523809523809525,631,0 0 1422 12959 0 4369 -99,0.0 0.0 1.0 0.9883833494675702 0.0 0.9978070175438597 1.0,10999.361419643008,0.6095238095238096,228,0 0 1422 12938 0 4372 -101,0.0 0.0 1.0 0.9854791868344628 0.0 1.0 0.9444444444444444,10996.423631278907,0.6095238095238096,241,18 22 1088 5812 2 3059 -102,1.0 1.0 0.3814814814814815 0.0 0.4 0.0402046783625731 0.9166666666666666,1103856.1335282652,0.009523809523809525,639,0 0 1422 12938 0 4372 -101,0.0 0.0 1.0 0.9854791868344628 0.0 1.0 0.9444444444444444,10996.423631278907,0.6095238095238096,241,0 0 1422 13043 0 4353 -101,0.0 0.0 1.0 1.0 0.0 0.9861111111111112 0.9444444444444444,11010.805555555555,0.6095238095238096,211,13 3 935 7142 4 3119 -119,0.7222222222222222 0.13636363636363635 0.09814814814814815 0.18393030009680542 0.8 0.08406432748538012 0.4444444444444444,737105.2827278834,0.009523809523809525,1098
resolved-p7d-c21d-3600-all/resolved-p7d-c21d-3600-3rd/nsp-n50-d28-r0.10-rp2-fp2-s0,21 88 3389 13303 32 9259 -227,0.0 0.0111731843575419 0.00027909572983533354 0.976598000605877 0.9473684210526315 0.9018433179723502 0.0390625,2200.501731443407,0.02,440,21 88 3387 13329 31 9252 -225,0.0 0.0111731843575419 0.0 0.9785671008785216 0.8947368421052632 0.8986175115207373 0.046875,2194.3922709584454,0.02,456,21 88 3387 13319 31 9264 -227,0.0 0.0111731843575419 0.0 0.9778097546198122 0.8947368421052632 0.904147465437788 0.0390625,2193.6824117389065,0.02,463.0,21 86 3410 12707 32 9252 -214,0.0 0.0 0.0032096008931063354 0.9314601635867918 0.9473684210526315 0.8986175115207373 0.08984375,1067.3690334883258,0.02,109,21 87 3508 13291 31 9472 -217,0.0 0.00558659217877095 0.016885291655037677 0.9756891850954257 0.8947368421052632 1.0 0.078125,1802.7531287334239,0.14857142857142858,247,21 88 3448 13536 30 9392 -235,0.0 0.0111731843575419 0.008512419759977673 0.9942441684338079 0.8421052631578947 0.9631336405529954 0.0078125,2290.536477009094,0.02,238,21 86 3410 12707 32 9252 -214,0.0 0.0 0.0032096008931063354 0.9314601635867918 0.9473684210526315 0.8986175115207373 0.08984375,1067.3690334883258,0.02,109,21 88 3448 13532 30 9392 -237,0.0 0.0111731843575419 0.008512419759977673 0.9939412299303242 0.8421052631578947 0.9631336405529954 0.0,2290.2257260056103,0.02,239,21 87 3509 13299 32 9472 -224,0.0 0.00558659217877095 0.017024839519955346 0.9762950621023933 0.9473684210526315 1.0 0.05078125,1809.9902985343049,0.15714285714285714,241,21 86 3410 12749 32 9250 -216,0.0 0.0 0.0032096008931063354 0.9346410178733717 0.9473684210526315 0.8976958525345622 0.08203125,1070.532858685044,0.02,108,21 88 3495 13612 30 9471 -233,0.0 0.0111731843575419 0.01507116941110801 1.0 0.8421052631578947 0.9995391705069124 0.015625,2362.2516728861287,0.02,200,21 88 3481 13572 30 9449 -232,0.0 0.0111731843575419 0.013117499302260676 0.996970614965162 0.8421052631578947 0.9894009216589862 0.01953125,2339.588110524338,0.02,219,60 265 10553 938 28 7775 19,1.0 1.0 1.0 0.040139351711602544 0.7368421052631579 0.21797235023041475 1.0,1110117.0032857403,0.42,269,36 136 9912 413 20 7659 -75,0.38461538461538464 0.27932960893854747 0.9105498185877756 0.000378673129354741 0.3157894736842105 0.16451612903225807 0.6328125,421688.0792894052,0.8085714285714286,552,34 159 9869 408 14 7341 -37,0.3333333333333333 0.40782122905027934 0.9045492603963159 0.0 0.0 0.017972350230414748 0.78125,383161.9098158267,0.8085714285714286,542,60 263 10500 966 30 7771 17,1.0 0.9888268156424581 0.9926039631593636 0.042259921235989095 0.8421052631578947 0.2161290322580645 0.9921875,1108938.3451212137,0.4057142857142857,279,35 138 9880 440 21 7595 -76,0.358974358974359 0.2905027932960894 0.9060842869104103 0.0024235080278703423 0.3684210526315789 0.13502304147465438 0.62890625,397126.72592302784,0.8085714285714286,592,34 158 9861 415 14 7302 -39,0.3333333333333333 0.4022346368715084 0.9034328774769746 0.0005301423810966374 0.0 0.0 0.7734375,382592.429375135,0.8085714285714286,553,21 87 3427 13382 33 9327 -234,0.0 0.00558659217877095 0.0055819145967066705 0.9825810360496819 1.0 0.9331797235023042 0.01171875,1706.4029158788667,0.02,665
resolved-p7d-c21d-3600-all/resolved-p7d-c21d-3600-3rd/nsp-n50-d28-r0.10-rp2-fp2-s9,0 0 0 0 0 669 -132,0.0 0.0 0.0 0.0 0.0 0.1878238341968912 0.5567010309278351,2.4349393728967472,0.07428571428571429,50,0 0 0 0 0 669 -132,0.0 0.0 0.0 0.0 0.0 0.1878238341968912 0.5567010309278351,2.4349393728967472,0.07428571428571429,50,0 0 0 0 0 669 -132,0.0 0.0 0.0 0.0 0.0 0.1878238341968912 0.5567010309278351,2.4349393728967472,0.07428571428571429,50.0,0 0 0 0 0 524 -135,0.0 0.0 0.0 0.0 0.0 0.0 0.5257731958762887,0.5257731958762887,0.07428571428571429,159,0 0 0 0 0 652 -131,0.0 0.0 0.0 0.0 0.0 0.16580310880829016 0.5670103092783505,2.2250413973612524,0.28285714285714286,33,0 0 0 0 0 972 -100,0.0 0.0 0.0 0.0 0.0 0.5803108808290155 0.8865979381443299,6.689706746434485,0.07428571428571429,83,0 0 0 0 0 551 -117,0.0 0.0 0.0 0.0 0.0 0.034974093264248704 0.711340206185567,1.061081138828054,0.07428571428571429,100,0 0 0 0 0 549 -158,0.0 0.0 0.0 0.0 0.0 0.03238341968911917 0.28865979381443296,0.6124939907056246,0.3057142857142857,32,0 0 0 0 0 588 -92,0.0 0.0 0.0 0.0 0.0 0.08290155440414508 0.9690721649484536,1.7980877089899043,0.07428571428571429,92,0 0 0 0 0 530 -129,0.0 0.0 0.0 0.0 0.0 0.007772020725388601 0.5876288659793815,0.6653490732332674,0.07428571428571429,264,0 0 0 0 0 743 -120,0.0 0.0 0.0 0.0 0.0 0.28367875647668395 0.6804123711340206,3.5171999359008606,0.32857142857142857,29,0 0 0 0 0 827 -89,0.0 0.0 0.0 0.0 0.0 0.39248704663212436 1.0,4.924870466321243,0.07428571428571429,94,0 0 0 0 0 1296 -124,0.0 0.0 0.0 0.0 0.0 1.0 0.6391752577319587,10.639175257731958,0.3342857142857143,106,0 0 0 0 0 845 -186,0.0 0.0 0.0 0.0 0.0 0.41580310880829013 0.0,4.158031088082901,0.5657142857142857,62,0 0 0 0 0 1159 -144,0.0 0.0 0.0 0.0 0.0 0.822538860103627 0.4329896907216495,8.65837829175792,0.32857142857142857,100,0 0 0 0 0 1226 -115,0.0 0.0 0.0 0.0 0.0 0.9093264248704663 0.7319587628865979,9.82522301159126,0.3171428571428571,117,0 0 0 0 0 804 -110,0.0 0.0 0.0 0.0 0.0 0.3626943005181347 0.7835051546391752,4.410448159820523,0.6,70,0 0 0 0 0 1180 -144,0.0 0.0 0.0 0.0 0.0 0.8497409326424871 0.4329896907216495,8.93039901714652,0.32571428571428573,101,0 0 0 0 0 639 -154,0.0 0.0 0.0 0.0 0.0 0.1489637305699482 0.32989690721649484,1.8195342129159766,0.07428571428571429,53
resolved-p7d-c21d-3600-all/resolved-p7d-c21d-3600-2nd/nsp-n50-d28-r0.10-rp2-fp2-s8,29 62 4188 12397 78 10202 -253,0.0 0.00392156862745098 0.004888268156424581 1.0 0.0506872852233677 0.9610741561961074 0.01718213058419244,1455.7361965242258,0.005714285714285714,774,29 62 4183 12257 78 10176 -255,0.0 0.00392156862745098 0.00430633147113594 0.9883478984602581 0.0506872852233677 0.9546686375954668 0.010309278350515464,1438.1938000933574,0.005714285714285714,814,29 62 4183 12353 78 10184 -253,0.0 0.00392156862745098 0.00430633147113594 0.9963379109446525 0.0506872852233677 0.9566395663956639 0.01718213058419244,1446.2103947179876,0.005714285714285714,808.0,29 61 4304 12377 78 10360 -228,0.0 0.0 0.018389199255121044 0.9983354140657511 0.0506872852233677 1.0 0.10309278350515463,1197.3992279228034,0.005714285714285714,18,29 62 4146 12164 78 10127 -257,0.0 0.00392156862745098 0.0 0.9806075738660008 0.0506872852233677 0.9425966986942597 0.003436426116838488,1387.262568546495,0.005714285714285714,821,29 62 4146 12136 78 10124 -258,0.0 0.00392156862745098 0.0 0.9782771535580524 0.0506872852233677 0.9418576003941858 0.0,1384.921320829429,0.005714285714285714,822,29 61 4304 12377 78 10360 -228,0.0 0.0 0.018389199255121044 0.9983354140657511 0.0506872852233677 1.0 0.10309278350515463,1197.3992279228034,0.005714285714285714,18,29 62 4150 12263 78 10148 -255,0.0 0.00392156862745098 0.0004655493482309125 0.9888472742405326 0.0506872852233677 0.947770386794777 0.010309278350515464,1400.2163721365748,0.005714285714285714,793,29 62 4146 12136 78 10124 -258,0.0 0.00392156862745098 0.0 0.9782771535580524 0.0506872852233677 0.9418576003941858 0.0,1384.921320829429,0.005714285714285714,822,29 61 4304 12377 78 10360 -228,0.0 0.0 0.018389199255121044 0.9983354140657511 0.0506872852233677 1.0 0.10309278350515463,1197.3992279228034,0.005714285714285714,18,29 62 4148 12220 78 10141 -256,0.0 0.00392156862745098 0.00023277467411545624 0.9852684144818976 0.0506872852233677 0.9460458240946046 0.006872852233676976,1394.2890835836668,0.005714285714285714,809,29 62 4149 12157 78 10133 -257,0.0 0.00392156862745098 0.00034916201117318437 0.9800249687890137 0.0506872852233677 0.9440748952944075 0.003436426116838488,1390.1863655472412,0.005714285714285714,803,71 315 12618 2209 1183 10066 33,1.0 0.996078431372549 0.9860335195530726 0.15205992509363295 1.0 0.9275683665927569 1.0,1109730.5139415453,0.005714285714285714,194,41 188 7376 491 26 6301 -11,0.2857142857142857 0.4980392156862745 0.37593109869646185 0.009071993341656263 0.006013745704467354 0.0 0.8487972508591065,339288.0404350407,0.8257142857142857,587,43 183 7536 382 19 6370 -9,0.3333333333333333 0.47843137254901963 0.39455307262569833 0.0 0.0 0.016999260901699925 0.8556701030927835,385123.02697720437,0.8285714285714286,652,71 316 12738 2161 1180 10153 26,1.0 1.0 1.0 0.14806491885143572 0.9974226804123711 0.9490022172949002 0.9759450171821306,1110258.2731540827,0.005714285714285714,176,41 188 7376 491 26 6302 -8,0.2857142857142857 0.4980392156862745 0.37593109869646185 0.009071993341656263 0.006013745704467354 0.0002463661000246366 0.8591065292096219,339288.05320798006,0.8257142857142857,583,43 183 7549 383 19 6370 -10,0.3333333333333333 0.47843137254901963 0.3960661080074488 8.322929671244278e-05 0.0 0.016999260901699925 0.852233676975945,385138.23712389247,0.8285714285714286,638,29 62 4163 12316 78 10169 -254,0.0 0.00392156862745098 0.001978584729981378 0.9932584269662922 0.0506872852233677 0.9529440748952944 0.013745704467353952,1419.813051986961,0.005714285714285714,829
resolved-p7d-c21d-3600-all/resolved-p7d-c21d-3600-2nd/nsp-n30-d28-r0.10-rp2-fp2-s5,12 4 875 5901 2 2959 -51,0.7058823529411765 0.03361344537815126 0.05521472392638037 0.3057919621749409 0.13333333333333333 0.19790104947526238 0.37962962962962965,710117.3286538881,0.009523809523809525,967,12 4 875 6008 2 2938 -53,0.7058823529411765 0.03361344537815126 0.05521472392638037 0.31843971631205675 0.13333333333333333 0.18215892053973012 0.3611111111111111,710129.8004682173,0.009523809523809525,933,12 4 875 5940 2 2942 -51,0.7058823529411765 0.03361344537815126 0.05521472392638037 0.3104018912529551 0.13333333333333333 0.18515742128935533 0.37962962962962965,710121.8111466842,0.009523809523809525,945.0,14 4 1108 7582 1 3369 -89,0.8235294117647058 0.03361344537815126 0.5316973415132924 0.5044917257683215 0.06666666666666667 0.5052473763118441 0.027777777777777776,832723.9683616298,0.009523809523809525,19,11 95 1116 3373 15 2716 14,0.6470588235294118 0.7983193277310925 0.5480572597137015 0.006973995271867612 1.0 0.015742128935532233 0.9814814814814815,732479.4417977008,0.18095238095238095,430,9 119 848 3314 11 2695 16,0.5294117647058824 1.0 0.0 0.0 0.7333333333333333 0.0 1.0,629486.0980392158,0.18571428571428572,430,14 4 1108 7582 1 3369 -89,0.8235294117647058 0.03361344537815126 0.5316973415132924 0.5044917257683215 0.06666666666666667 0.5052473763118441 0.027777777777777776,832723.9683616298,0.009523809523809525,19,11 95 1116 3373 15 2716 14,0.6470588235294118 0.7983193277310925 0.5480572597137015 0.006973995271867612 1.0 0.015742128935532233 0.9814814814814815,732479.4417977008,0.18095238095238095,430,9 119 848 3314 11 2695 16,0.5294117647058824 1.0 0.0 0.0 0.7333333333333333 0.0 1.0,629486.0980392158,0.18571428571428572,430,14 4 1108 7582 1 3369 -89,0.8235294117647058 0.03361344537815126 0.5316973415132924 0.5044917257683215 0.06666666666666667 0.5052473763118441 0.027777777777777776,832723.9683616298,0.009523809523809525,19,11 95 1115 3373 15 2716 10,0.6470588235294118 0.7983193277310925 0.5460122699386503 0.006973995271867612 1.0 0.015742128935532233 0.9444444444444444,732458.9548629132,0.18095238095238095,432,9 119 848 3314 11 2695 16,0.5294117647058824 1.0 0.0 0.0 0.7333333333333333 0.0 1.0,629486.0980392158,0.18571428571428572,430,17 27 935 5091 3 2928 -31,1.0 0.226890756302521 0.17791411042944785 0.21004728132387707 0.2 0.17466266866566715 0.5648148148148148,1024700.5754573719,0.009523809523809525,556,0 0 1324 11512 0 3999 -89,0.0 0.0 0.9734151329243353 0.9690307328605201 0.0 0.9775112443778111 0.027777777777777776,10712.984952325429,0.6523809523809524,300,0 0 1337 11482 0 4003 -83,0.0 0.0 1.0 0.9654846335697399 0.0 0.9805097451274363 0.08333333333333333,10975.373064354348,0.6285714285714286,297,17 27 929 5069 3 2932 -33,1.0 0.226890756302521 0.1656441717791411 0.2074468085106383 0.2 0.17766116941529236 0.5462962962962963,1024575.2870645446,0.009523809523809525,572,0 0 1324 11550 0 4029 -92,0.0 0.0 0.9734151329243353 0.9735224586288416 0.0 1.0 0.0,10717.673787872196,0.6523809523809524,270,0 0 1337 11774 0 3962 -86,0.0 0.0 1.0 1.0 0.0 0.9497751124437781 0.05555555555555555,11009.553306679993,0.6285714285714286,281,13 4 861 6652 5 2923 -70,0.7647058823529411 0.03361344537815126 0.026584867075664622 0.39456264775413713 0.3333333333333333 0.17091454272863568 0.2037037037037037,768762.8843917313,0.009523809523809525,1113
resolved-p7d-c21d-3600-all/resolved-p7d-c21d-3600-2nd/nsp-n40-d28-r0.10-rp2-fp2-s1,16 7 1766 10014 4 5272 -213,0.5 0.8 0.059957173447537475 0.043848110146452686 1.0 0.03905325443786982 0.5774647887323944,580744.387841955,0.014285714285714285,895,16 7 1766 10006 4 5273 -212,0.5 0.8 0.059957173447537475 0.04314654038410944 1.0 0.03944773175542406 0.5915492957746479,580743.7043014729,0.014285714285714285,903,16 7 1766 9995 3 5256 -209,0.5 0.8 0.059957173447537475 0.042181881960887485 0.75 0.03274161735700197 0.6338028169014085,580717.7148354268,0.014285714285714285,920.0,17 7 1737 10138 1 5226 -214,1.0 0.8 0.028907922912205567 0.054722441462772956 0.25 0.020907297830374753 0.5633802816901409,1080369.5741238447,0.014285714285714285,458,16 8 1769 10021 3 5333 -208,0.5 1.0 0.06316916488222699 0.04446198368850303 0.75 0.0631163708086785 0.647887323943662,600752.4326835428,0.017857142857142856,459,16 8 1762 10080 2 5304 -216,0.5 1.0 0.055674518201284794 0.049636060685784446 0.5 0.051676528599605524 0.5352112676056338,600657.4332192523,0.017857142857142856,474,17 7 1737 10244 0 5201 -222,1.0 0.8 0.028907922912205567 0.06401824081382092 0.0 0.011045364891518738 0.4507042253521127,1080353.6586278102,0.014285714285714285,417,16 8 1776 10099 2 5307 -214,0.5 1.0 0.07066381156316917 0.05130228887134965 0.5 0.05285996055226824 0.5633802816901409,600809.0323843902,0.017857142857142856,397,16 8 1762 10056 2 5323 -220,0.5 1.0 0.055674518201284794 0.047531351398754716 0.5 0.05917159763313609 0.4788732394366197,600655.3471226274,0.017857142857142856,477,17 7 1737 10138 1 5234 -211,1.0 0.8 0.028907922912205567 0.054722441462772956 0.25 0.024063116370808678 0.6056338028169014,1080369.6479355514,0.014285714285714285,456,16 8 1764 10036 2 5307 -212,0.5 1.0 0.057815845824411134 0.04577742699289661 0.5 0.05285996055226824 0.5915492957746479,600675.0560341383,0.017857142857142856,468,16 8 1769 10003 3 5319 -208,0.5 1.0 0.06316916488222699 0.04288345172323073 0.75 0.05759368836291913 0.647887323943662,600750.7989247531,0.017857142857142856,465,17 7 2644 20917 0 7708 -229,1.0 0.8 1.0 1.0 0.0 1.0 0.352112676056338,1091010.352112676,0.6392857142857142,45,16 3 2460 20551 0 7306 -248,0.5 0.0 0.8029978586723768 0.9679031833727967 0.0 0.8414201183431953 0.08450704225352113,509006.3804783223,0.6214285714285714,1076,15 4 2511 20231 0 7356 -241,0.0 0.2 0.8576017130620985 0.939840392879067 0.0 0.8611439842209073 0.18309859154929578,29524.65206193381,0.6214285714285714,435,17 7 2644 20917 0 7708 -229,1.0 0.8 1.0 1.0 0.0 1.0 0.352112676056338,1091010.352112676,0.6392857142857142,45,16 3 2473 20304 0 7317 -254,0.5 0.0 0.816916488222698 0.946242216960449 0.0 0.8457593688362919 0.0,509123.86469287577,0.625,978,16 4 2515 20407 0 7360 -244,0.5 0.2 0.8618843683083511 0.9552749276506183 0.0 0.8627218934911243 0.14084507042253522,529582.8866747394,0.6357142857142857,391,15 7 1710 9514 0 5173 -183,0.0 0.8 0.0 0.0 0.0 0.0 1.0,80001.0,0.014285714285714285,862
resolved-p7d-c21d-3600-all/resolved-p7d-c21d-3600-2nd/nsp-n30-d28-r0.10-rp2-fp2-s4,10 7 927 6062 2 2869 -66,0.5 0.2 0.001694915254237288 0.011980923577992323 1.0 0.026458616010854818 0.9682539682539683,520130.1629162487,0.023809523809523808,914,10 7 926 6093 2 2830 -72,0.5 0.2 0.0 0.015586832616028848 1.0 0.0 0.873015873015873,520116.45984848903,0.023809523809523808,940,10 7 927 6191 2 2854 -67,0.5 0.2 0.001694915254237288 0.026986157962079795 1.0 0.016282225237449117 0.9523809523809523,520145.0505137092,0.023809523809523808,880.0,10 7 1079 7463 0 3097 -120,0.5 0.2 0.2593220338983051 0.17494474816796557 0.0 0.18113975576662145 0.1111111111111111,522770.0875958198,0.023809523809523808,423,10 7 1083 7267 0 3190 -122,0.5 0.2 0.26610169491525426 0.15214609747586366 0.0 0.24423337856173677 0.07936507936507936,522815.6847454934,0.023809523809523808,292,10 7 1083 7267 0 3192 -123,0.5 0.2 0.26610169491525426 0.15214609747586366 0.0 0.24559023066485752 0.06349206349206349,522815.68244099856,0.023809523809523808,290,10 7 1079 7437 0 3115 -117,0.5 0.2 0.2593220338983051 0.17192043736187043 0.0 0.19335142469470828 0.15873015873015872,522767.2330207506,0.023809523809523808,437,10 7 1083 7267 0 3190 -120,0.5 0.2 0.26610169491525426 0.15214609747586366 0.0 0.24423337856173677 0.1111111111111111,522815.7164915251,0.023809523809523808,291,10 7 1083 7267 0 3190 -122,0.5 0.2 0.26610169491525426 0.15214609747586366 0.0 0.24423337856173677 0.07936507936507936,522815.6847454934,0.023809523809523808,292,10 7 1079 7437 0 3117 -118,0.5 0.2 0.2593220338983051 0.17192043736187043 0.0 0.19470827679782904 0.14285714285714285,522767.2307162558,0.023809523809523808,434,10 7 1083 7267 0 3190 -122,0.5 0.2 0.26610169491525426 0.15214609747586366 0.0 0.24423337856173677 0.07936507936507936,522815.6847454934,0.023809523809523808,292,10 7 1083 7267 0 3136 -127,0.5 0.2 0.26610169491525426 0.15214609747586366 0.0 0.20759837177747625 0.0,522815.23903034616,0.023809523809523808,295,12 5 1378 13756 1 4285 -84,1.0 0.06666666666666667 0.7661016949152543 0.90694428288938 0.5 0.9871099050203528 0.6825396825396826,1015295.1815374413,0.6523809523809524,407,11 4 1395 14447 0 4303 -112,0.75 0.0 0.7949152542372881 0.9873211585436781 0.0 0.9993215739484396 0.23809523809523808,758946.7050118941,0.6333333333333333,1287,9 17 1496 12015 0 4238 -64,0.25 0.8666666666666667 0.9661016949152542 0.7044317785273932 0.0 0.9552238805970149 1.0,347042.66763315257,0.6761904761904762,580,12 5 1378 13756 1 4283 -84,1.0 0.06666666666666667 0.7661016949152543 0.90694428288938 0.5 0.985753052917232 0.6825396825396826,1015295.1679689203,0.6523809523809524,409,11 4 1392 14556 0 4304 -111,0.75 0.0 0.7898305084745763 1.0 0.0 1.0 0.25396825396825395,758908.5590529997,0.6428571428571429,1377,9 19 1516 12343 0 4244 -65,0.25 1.0 1.0 0.7425846225427475 0.0 0.9592944369063772 0.9841269841269841,360753.16169389593,0.6761904761904762,507,8 7 947 5959 1 2836 -64,0.0 0.2 0.03559322033898305 0.0 0.5 0.004070556309362279 1.0,20406.972908952925,0.023809523809523808,1102
resolved-p7d-c21d-3600-all/resolved-p7d-c21d-3600-2nd/nsp-n10-d28-r0.10-rp0-fp0-s5,5 42 59 703 0 355 -16,1.0 0.65625 0.22340425531914893 0.6923076923076923 0.0 0.06234413965087282 0.1,1068552.0736868957,0.014285714285714285,3689,5 42 59 715 0 366 -18,1.0 0.65625 0.22340425531914893 0.7058823529411765 0.0 0.08977556109725686 0.03333333333333333,1068565.855995077,0.014285714285714285,3500,5 42 59 717 0 363 -14,1.0 0.65625 0.22340425531914893 0.7081447963800905 0.0 0.08229426433915212 0.16666666666666666,1068568.1769588816,0.014285714285714285,3439.0,3 0 49 394 3 455 -2,0.6 0.0 0.11702127659574468 0.3427601809954751 0.13636363636363635 0.3117206982543641 0.5666666666666667,601530.2931842385,0.014285714285714285,1581,2 60 105 179 22 412 9,0.4 0.9375 0.7127659574468085 0.09954751131221719 1.0 0.20448877805486285 0.9333333333333333,501080.1853068942,0.4857142857142857,2639,1 64 81 524 11 349 -6,0.2 1.0 0.4574468085106383 0.48981900452488686 0.5 0.04738154613466334 0.43333333333333335,305115.19423842593,0.5428571428571428,3383,3 0 47 360 2 423 -8,0.6 0.0 0.09574468085106383 0.3042986425339366 0.09090909090909091 0.23192019950124687 0.36666666666666664,601273.5222287972,0.014285714285714285,1843,0 31 132 335 11 446 3,0.0 0.484375 1.0 0.27601809954751133 0.5 0.2892768079800499 0.7333333333333333,58767.14420096065,0.4857142857142857,2880,0 38 94 215 19 405 2,0.0 0.59375 0.5957446808510638 0.14027149321266968 0.8636363636363636 0.18703241895261846 0.7,65561.65226227648,0.5,2570,3 0 49 394 3 453 1,0.6 0.0 0.11702127659574468 0.3427601809954751 0.13636363636363635 0.30673316708229426 0.6666666666666666,601530.3433089268,0.014285714285714285,1585,1 38 84 170 8 365 -1,0.2 0.59375 0.48936170212765956 0.08936651583710407 0.36363636363636365 0.08728179551122195 0.6,264395.8199914324,0.32857142857142857,3150,1 29 75 218 3 330 11,0.2 0.453125 0.39361702127659576 0.1436651583710407 0.13636363636363635 0.0 1.0,249406.97173477337,0.2857142857142857,3220,2 0 38 407 0 342 -9,0.4 0.0 0.0 0.3574660633484163 0.0 0.029925187032418952 0.3333333333333333,400358.0986485521,0.014285714285714285,1985,0 0 63 739 2 659 4,0.0 0.0 0.26595744680851063 0.7330316742081447 0.09090909090909091 0.8204488778054863 0.7666666666666667,3410.6682068288815,0.6428571428571429,2076,0 0 45 91 1 517 -2,0.0 0.0 0.07446808510638298 0.0 0.045454545454545456 0.46633416458852867 0.5666666666666667,754.4563139218362,0.5285714285714286,2261,2 0 44 412 0 361 6,0.4 0.0 0.06382978723404255 0.36312217194570134 0.0 0.0773067331670823 0.8333333333333334,401003.02644495113,0.014285714285714285,1811,0 0 69 736 2 731 11,0.0 0.0 0.32978723404255317 0.7296380090497737 0.09090909090909091 1.0 1.0,4047.6012585662143,0.6714285714285714,1914,0 0 47 91 1 539 5,0.0 0.0 0.09574468085106383 0.0 0.045454545454545456 0.5211970074812967 0.8,968.0042331309058,0.5285714285714286,2152,5 43 70 975 1 369 -19,1.0 0.671875 0.3404255319148936 1.0 0.045454545454545456 0.09725685785536159 0.0,1071597.273342273,0.014285714285714285,3797
resolved-p7d-c21d-3600-all/resolved-p7d-c21d-3600-2nd/nsp-n10-d28-r0.10-rp0-fp0-s0,4 60 0 13 0 170 -16,0.5 0.5333333333333333 0.0 0.046875 0.0 0.043478260869565216 0.2727272727272727,553380.9158432147,0.014285714285714285,3273,5 55 0 15 0 172 -15,0.75 0.4222222222222222 0.0 0.078125 0.0 0.06086956521739131 0.3181818181818182,792301.2740996926,0.014285714285714285,3042,5 55 0 12 0 165 -18,0.75 0.4222222222222222 0.0 0.03125 0.0 0.0 0.18181818181818182,792253.654040404,0.014285714285714285,3150.0,3 81 30 74 5 257 -2,0.25 1.0 0.24 1.0 0.13157894736842105 0.8 0.9090909090909091,353422.0669856459,0.014285714285714285,1687,6 69 0 13 1 181 -18,1.0 0.7333333333333333 0.0 0.046875 0.02631578947368421 0.1391304347826087 0.18181818181818182,1073384.4130348105,0.014285714285714285,2902,6 70 0 11 1 174 -22,1.0 0.7555555555555555 0.0 0.015625 0.02631578947368421 0.0782608695652174 0.0,1075574.5947431985,0.014285714285714285,2845,4 65 21 30 5 259 -3,0.5 0.6444444444444445 0.168 0.3125 0.13157894736842105 0.8173913043478261 0.8636363636363636,566459.1398885885,0.014285714285714285,1598,6 70 0 10 1 169 -15,1.0 0.7555555555555555 0.0 0.0 0.02631578947368421 0.034782608695652174 0.3181818181818182,1075558.853142408,0.014285714285714285,2897,6 70 0 12 1 177 -18,1.0 0.7555555555555555 0.0 0.03125 0.02631578947368421 0.10434782608695652 0.18181818181818182,1075590.6624309456,0.014285714285714285,2799,2 69 16 33 2 208 -18,0.0 0.7333333333333333 0.128 0.359375 0.05263157894736842 0.3739130434782609 0.18181818181818182,74981.89243984467,0.014285714285714285,1881,6 69 0 10 1 170 -15,1.0 0.7333333333333333 0.0 0.0 0.02631578947368421 0.043478260869565216 0.3181818181818182,1073336.7178767077,0.014285714285714285,2971,6 70 0 10 1 169 -15,1.0 0.7555555555555555 0.0 0.0 0.02631578947368421 0.034782608695652174 0.3181818181818182,1075558.853142408,0.014285714285714285,2897,4 36 2 38 1 179 -17,0.5 0.0 0.016 0.4375 0.02631578947368421 0.12173913043478261 0.22727272727272727,500601.576242979,0.014285714285714285,1821,5 67 125 71 38 280 -16,0.75 0.6888888888888889 1.0 0.953125 1.0 1.0 0.2727272727272727,829952.2866161616,0.6714285714285714,3400,5 69 11 37 3 258 0,0.75 0.7333333333333333 0.088 0.421875 0.07894736842105263 0.808695652173913 1.0,824652.1900266971,0.5857142857142857,3489,4 38 6 41 3 184 -16,0.5 0.044444444444444446 0.048 0.484375 0.07894736842105263 0.16521739130434782 0.2727272727272727,505418.6390824723,0.014285714285714285,1705,5 68 124 65 37 273 -15,0.75 0.7111111111111111 0.992 0.859375 0.9736842105263158 0.9391304347826087 0.3181818181818182,831997.5640183297,0.6714285714285714,3278,5 69 9 30 2 247 -1,0.75 0.7333333333333333 0.072 0.3125 0.05263157894736842 0.7130434782608696 0.9545454545454546,824379.1814714653,0.5857142857142857,3583,4 66 30 67 8 258 -2,0.5 0.6666666666666666 0.24 0.890625 0.21052631578947367 0.808695652173913 0.9090909090909091,569987.3403456764,0.014285714285714285,3481
resolved-p7d-c21d-3600-all/resolved-p7d-c21d-3600-2nd/nsp-n30-d28-r0.10-rp2-fp2-s9,23 166 936 139 9 1084 -4,0.30434782608695654 0.0 1.0 0.16787003610108303 0.17073170731707318 0.9968051118210862 0.5666666666666667,314543.3040115742,0.014285714285714285,1262,23 166 936 140 9 1086 -6,0.30434782608695654 0.0 1.0 0.16967509025270758 0.17073170731707318 1.0 0.5444444444444444,314545.1187923854,0.014285714285714285,1248,,,,,,22 195 38 79 2 564 -55,0.2608695652173913 0.11284046692607004 0.039572192513368985 0.05956678700361011 0.0 0.16613418530351437 0.0,272610.56196398864,0.014285714285714285,617,23 277 91 125 10 541 -16,0.30434782608695654 0.43190661478599224 0.0962566844919786 0.14259927797833935 0.1951219512195122 0.12939297124600638 0.43333333333333335,348664.89314662165,0.16666666666666666,1208,21 224 45 74 8 511 -27,0.21739130434782608 0.22568093385214008 0.047058823529411764 0.05054151624548736 0.14634146341463414 0.08146964856230032 0.3111111111111111,240496.2874385179,0.05714285714285714,1414,23 186 137 115 19 507 -24,0.30434782608695654 0.07782101167315175 0.14545454545454545 0.12454873646209386 0.4146341463414634 0.07507987220447285 0.34444444444444444,313751.5801030799,0.014285714285714285,834,20 423 429 600 43 888 35,0.17391304347826086 1.0 0.4577540106951872 1.0 1.0 0.6837060702875399 1.0,279598.4206459156,0.2571428571428571,430,21 242 29 114 8 492 -37,0.21739130434782608 0.29571984435797666 0.029946524064171122 0.12274368231046931 0.14634146341463414 0.051118210862619806 0.2,247400.84303502602,0.08095238095238096,1184,25 198 6 65 2 460 -48,0.391304347826087 0.1245136186770428 0.0053475935828877 0.03429602888086643 0.0 0.0 0.07777777777777778,403843.55943627877,0.014285714285714285,756,23 294 172 208 12 585 25,0.30434782608695654 0.4980544747081712 0.18288770053475936 0.2924187725631769 0.24390243902439024 0.19968051118210864 0.8888888888888888,356301.84527358756,0.16666666666666666,1154,16 291 438 379 43 666 -1,0.0 0.48638132295719844 0.46737967914438505 0.6010830324909747 1.0 0.329073482428115 0.6,54016.90285447895,0.24285714285714285,698,39 334 202 350 40 690 25,1.0 0.6536964980544747 0.21497326203208555 0.5487364620938628 0.926829268292683 0.36741214057507987 0.8888888888888888,1068165.364824986,0.014285714285714285,598,24 301 18 135 20 747 -12,0.34782608695652173 0.5252918287937743 0.01818181818181818 0.16064981949458484 0.43902439024390244 0.4584664536741214 0.4777777777777778,400746.70271855086,0.7142857142857143,1022,27 300 84 185 12 783 -31,0.4782608695652174 0.5214007782101168 0.08877005347593583 0.2509025270758123 0.24390243902439024 0.5159744408945687 0.26666666666666666,531569.3671030423,0.680952380952381,1212,39 334 190 343 40 681 25,1.0 0.6536964980544747 0.2021390374331551 0.5361010830324909 0.926829268292683 0.35303514376996803 0.8888888888888888,1068024.2434299674,0.014285714285714285,631,24 301 18 140 19 747 -11,0.34782608695652173 0.5252918287937743 0.01818181818181818 0.16967509025270758 0.4146341463414634 0.4584664536741214 0.4888888888888889,400753.30007602985,0.7142857142857143,1019,27 300 84 182 12 783 -30,0.4782608695652174 0.5214007782101168 0.08877005347593583 0.24548736462093862 0.24390243902439024 0.5159744408945687 0.2777777777777778,531563.9630516985,0.680952380952381,1230,19 199 1 46 2 496 -49,0.13043478260869565 0.12840466926070038 0.0 0.0 0.0 0.05750798722044728 0.06666666666666667,143275.89128130456,0.014285714285714285,1069
resolved-p7d-c21d-3600-all/resolved-p7d-c21d-3600-2nd/nsp-n20-d28-r0.10-rp2-fp2-s2,6 3 421 4683 4 1450 -56,0.6666666666666666 0.21428571428571427 0.03529411764705882 0.40256257449344457 1.0 0.07049180327868852 0.046511627906976744,688951.4932758628,0.0,1657,6 3 421 4730 4 1441 -58,0.6666666666666666 0.21428571428571427 0.03529411764705882 0.4165673420738975 1.0 0.05573770491803279 0.0,688965.3039908317,0.0,1613,6 3 420 4695 4 1451 -55,0.6666666666666666 0.21428571428571427 0.029411764705882353 0.4061382598331347 1.0 0.07213114754098361 0.06976744186046512,688896.2850810473,0.0,1690.0,7 3 510 4677 0 1572 -41,0.7777777777777778 0.21428571428571427 0.5588235294117647 0.4007747318235995 0.0 0.27049180327868855 0.3953488372093023,805198.4594991604,0.0,43,6 3 435 5066 1 1477 -47,0.6666666666666666 0.21428571428571427 0.11764705882352941 0.5166865315852205 0.25 0.11475409836065574 0.2558139534883721,689814.7985699957,0.2,1519,6 3 430 5135 2 1452 -58,0.6666666666666666 0.21428571428571427 0.08823529411764706 0.5372467222884386 0.5 0.07377049180327869 0.0,689565.575463621,0.07142857142857142,1605,7 3 510 4677 0 1572 -41,0.7777777777777778 0.21428571428571427 0.5588235294117647 0.4007747318235995 0.0 0.27049180327868855 0.3953488372093023,805198.4594991604,0.0,43,6 3 435 5066 1 1474 -49,0.6666666666666666 0.21428571428571427 0.11764705882352941 0.5166865315852205 0.25 0.10983606557377049 0.20930232558139536,689814.7028780399,0.22857142857142856,1536,6 3 430 5135 2 1457 -53,0.6666666666666666 0.21428571428571427 0.08823529411764706 0.5372467222884386 0.5 0.08196721311475409 0.11627906976744186,689565.7737099039,0.07142857142857142,1601,7 3 510 4677 0 1572 -41,0.7777777777777778 0.21428571428571427 0.5588235294117647 0.4007747318235995 0.0 0.27049180327868855 0.3953488372093023,805198.4594991604,0.0,43,6 3 435 5066 1 1472 -50,0.6666666666666666 0.21428571428571427 0.11764705882352941 0.5166865315852205 0.25 0.10655737704918032 0.18604651162790697,689814.6468353407,0.22857142857142856,1554,6 3 430 5135 2 1449 -56,0.6666666666666666 0.21428571428571427 0.08823529411764706 0.5372467222884386 0.5 0.06885245901639345 0.046511627906976744,689565.572794921,0.07142857142857142,1609,9 14 473 3332 1 1455 -19,1.0 1.0 0.3411764705882353 0.0 0.25 0.07868852459016394 0.9069767441860465,1103438.4585678724,0.0,545,0 0 585 6479 0 2017 -15,0.0 0.0 1.0 0.9377234803337307 0.0 1.0 1.0,10948.72348033373,0.6,540,0 0 448 6688 4 1681 -42,0.0 0.0 0.19411764705882353 1.0 1.0 0.4491803278688525 0.37209302325581395,3046.0403668901795,0.6071428571428571,685,9 14 473 3341 1 1453 -19,1.0 1.0 0.3411764705882353 0.0026817640047675805 0.25 0.07540983606557378 0.9069767441860465,1103441.107544992,0.0,533,0 0 577 6552 0 1995 -16,0.0 0.0 0.9529411764705882 0.9594755661501788 0.0 0.9639344262295082 0.9767441860465116,10499.503419304401,0.6,556,0 0 448 6688 4 1681 -42,0.0 0.0 0.19411764705882353 1.0 1.0 0.4491803278688525 0.37209302325581395,3046.0403668901795,0.6071428571428571,685,6 3 415 4628 3 1407 -57,0.6666666666666666 0.21428571428571427 0.0 0.38617401668653156 0.75 0.0 0.023255813953488372,688556.4353677386,0.0,1400
resolved-p7d-c21d-3600-all/resolved-p7d-c21d-3600-2nd/nsp-n10-d28-r0.10-rp0-fp0-s4,2 3 83 1059 0 577 -13,0.2 0.011764705882352941 0.9761904761904762 1.0 0.0 0.9720670391061452 0.37209302325581395,211948.46811355438,0.014285714285714285,3030,2 3 83 1057 0 574 -9,0.2 0.011764705882352941 0.9761904761904762 0.9980713596914176 0.0 0.9636871508379888 0.46511627906976744,211946.5486976189,0.014285714285714285,3148,2 3 85 1053 0 587 -14,0.2 0.011764705882352941 1.0 0.9942140790742526 0.0 1.0 0.3488372093023256,212181.03350451885,0.014285714285714285,2754.0,0 2 29 128 0 376 -18,0.0 0.0 0.3333333333333333 0.10221793635486982 0.0 0.4106145251396648 0.2558139534883721,3439.9132288930878,0.014285714285714285,1795,0 12 53 909 1 465 9,0.0 0.11764705882352941 0.6190476190476191 0.8553519768563163 0.16666666666666666 0.659217877094972 0.8837209302325582,18834.676616053297,0.34285714285714286,2479,0 11 83 598 6 566 -1,0.0 0.10588235294117647 0.9761904761904762 0.5554484088717454 1.0 0.9413407821229051 0.6511627906976745,21015.653035506082,0.2571428571428571,2897,0 2 31 150 0 353 -17,0.0 0.0 0.35714285714285715 0.12343297974927676 0.0 0.3463687150837989 0.27906976744186046,3698.604308096128,0.014285714285714285,1631,0 12 53 909 1 461 9,0.0 0.11764705882352941 0.6190476190476191 0.8553519768563163 0.16666666666666666 0.6480446927374302 0.8837209302325582,18834.56488420972,0.38571428571428573,2495,0 12 79 600 1 556 -2,0.0 0.11764705882352941 0.9285714285714286 0.5573770491803278 0.16666666666666666 0.9134078212290503 0.627906976744186,21634.225869103255,0.2714285714285714,2750,0 2 29 134 1 350 -18,0.0 0.0 0.3333333333333333 0.10800385728061716 0.16666666666666666 0.33798882681564246 0.2558139534883721,3461.639559502262,0.014285714285714285,1716,0 11 81 911 1 478 14,0.0 0.10588235294117647 0.9523809523809523 0.8572806171648988 0.16666666666666666 0.6955307262569832 1.0,20993.947409021304,0.38571428571428573,2505,0 16 85 577 1 553 -2,0.0 0.16470588235294117 1.0 0.5351976856316297 0.16666666666666666 0.9050279329608939 0.627906976744186,27032.130773898767,0.2857142857142857,2513,3 58 33 75 5 229 -18,0.3 0.6588235294117647 0.38095238095238093 0.05110896817743491 0.8333333333333334 0.0 0.2558139534883721,369826.57486616453,0.014285714285714285,2013,9 87 3 33 3 323 -29,0.9 1.0 0.023809523809523808 0.010607521697203472 0.5 0.26256983240223464 0.0,1000301.3284581165,0.6714285714285714,3836,10 84 2 22 2 295 -28,1.0 0.9647058823529412 0.011904761904761904 0.0 0.3333333333333333 0.18435754189944134 0.023255813953488372,1096624.836018908,0.6285714285714286,3442,3 60 29 76 5 235 -17,0.3 0.6823529411764706 0.3333333333333333 0.052073288331726135 0.8333333333333334 0.01675977653631285 0.27906976744186046,371704.48074017826,0.014285714285714285,1869,9 87 3 37 3 311 -28,0.9 1.0 0.023809523809523808 0.01446480231436837 0.5 0.22905027932960895 0.023255813953488372,1000304.8737990168,0.6714285714285714,3700,10 84 1 53 4 293 -27,1.0 0.9647058823529412 0.0 0.029893924783027964 0.6666666666666666 0.1787709497206704 0.046511627906976744,1096568.9830478688,0.6714285714285714,3673,0 2 47 572 4 455 -13,0.0 0.0 0.5476190476190477 0.5303760848601736 0.6666666666666666 0.6312849162011173 0.37209302325581395,6079.918169902584,0.014285714285714285,2580
resolved-p7d-c21d-3600-all/resolved-p7d-c21d-3600-2nd/nsp-n20-d28-r0.10-rp2-fp2-s4,8 7 365 2927 0 1248 -15,0.6666666666666666 0.11904761904761904 0.01858736059479554 0.05830286703867616 0.0 0.021111111111111112 0.39215686274509803,678816.208312389,0.014285714285714285,1338,8 7 384 3052 1 1286 -24,0.6666666666666666 0.11904761904761904 0.08921933085501858 0.0823552049259188 0.3333333333333333 0.06333333333333334 0.21568627450980393,679580.1594378458,0.014285714285714285,1136,8 7 374 2862 0 1257 -20,0.6666666666666666 0.11904761904761904 0.05204460966542751 0.045795651337309985 0.0 0.03111111111111111 0.29411764705882354,679138.2755481782,0.014285714285714285,1252.0,8 5 426 2671 3 1346 -13,0.6666666666666666 0.07142857142857142 0.24535315985130113 0.009043679045603232 1.0 0.13 0.43137254901960786,676373.8304596314,0.014285714285714285,1222,6 44 477 3555 1 1427 -3,0.0 1.0 0.4349442379182156 0.17914181258418319 0.3333333333333333 0.22 0.6274509803921569,104564.74497608007,0.3142857142857143,857,6 12 411 2891 2 1331 14,0.0 0.23809523809523808 0.1895910780669145 0.05137579372715028 0.6666666666666666 0.11333333333333333 0.9607843137254902,25825.57116823383,0.11428571428571428,916,9 5 401 2912 3 1343 -20,1.0 0.07142857142857142 0.1524163568773234 0.05541658649220704 1.0 0.12666666666666668 0.29411764705882354,1008823.9980824363,0.014285714285714285,1116,7 6 456 3630 1 1410 -16,0.3333333333333333 0.09523809523809523 0.35687732342007433 0.19357321531652877 0.3333333333333333 0.2011111111111111 0.37254901960784315,346655.2063001242,0.22857142857142856,850,6 11 390 2891 2 1307 14,0.0 0.21428571428571427 0.11152416356877323 0.05137579372715028 0.6666666666666666 0.08666666666666667 0.9607843137254902,22663.68297563337,0.10714285714285714,957,8 5 412 2624 3 1334 -16,0.6666666666666666 0.07142857142857142 0.19330855018587362 0.0 1.0 0.11666666666666667 0.37254901960784315,675844.1485270688,0.014285714285714285,1261,7 6 457 3614 1 1417 -16,0.3333333333333333 0.09523809523809523 0.36059479553903345 0.19049451606696172 0.3333333333333333 0.2088888888888889 0.37254901960784315,346689.380099842,0.10714285714285714,786,6 12 397 2891 2 1314 16,0.0 0.23809523809523808 0.137546468401487 0.05137579372715028 0.6666666666666666 0.09444444444444444 1.0,25304.97539837694,0.10714285714285714,947,6 6 629 7124 0 2127 -14,0.0 0.09523809523809523 1.0 0.8658841639407351 0.0 0.9977777777777778 0.4117647058823529,20400.08323023392,0.6214285714285714,1612,7 2 574 6232 0 1977 -7,0.3333333333333333 0.0 0.7955390334572491 0.6942466807773715 0.0 0.8311111111111111 0.5490196078431373,341991.83047940215,0.6642857142857143,1070,9 2 583 7821 0 2022 -35,1.0 0.0 0.828996282527881 1.0 0.0 0.8811111111111111 0.0,1009298.77393639,0.6571428571428571,961,6 6 629 7284 0 2129 -24,0.0 0.09523809523809523 1.0 0.8966711564364056 0.0 1.0 0.21568627450980393,20430.69636652044,0.6214285714285714,1564,7 2 574 6232 0 1976 -6,0.3333333333333333 0.0 0.7955390334572491 0.6942466807773715 0.0 0.83 0.5686274509803921,341991.83897613414,0.6642857142857143,1077,8 2 583 7028 0 2034 -24,0.6666666666666666 0.0 0.828996282527881 0.8474119684433327 0.0 0.8944444444444445 0.21568627450980393,675813.2015911078,0.6571428571428571,1070,6 5 360 3318 0 1229 -22,0.0 0.07142857142857142 0.0 0.13353857994997115 0.0 0.0 0.2549019607843137,7276.650624767898,0.014285714285714285,1453
resolved-p7d-c21d-3600-all/resolved-p7d-c21d-3600-2nd/nsp-n50-d28-r0.10-rp2-fp2-s7,27 157 3199 12831 22 8736 -242,0.5714285714285714 0.9551282051282052 0.01796821008984105 0.131511746680286 0.6285714285714286 0.03411804844762879 0.3275862068965517,667316.1116985191,0.014285714285714285,385,29 164 3265 10779 35 8708 -164,0.8571428571428571 1.0 0.0635798203178991 0.0005107252298263534 1.0 0.02456499488229273 1.0,957880.4117212147,0.008571428571428572,387,29 164 3265 10771 35 8708 -164,0.8571428571428571 1.0 0.0635798203178991 0.0 1.0 0.02456499488229273 1.0,957879.9009959849,0.008571428571428572,390.0,30 159 3173 12265 25 8636 -206,1.0 0.967948717948718 0.0 0.0953779366700715 0.7142857142857143 0.0 0.6379310344827587,1096962.316234005,0.008571428571428572,431,30 159 3255 12444 24 8808 -211,1.0 0.967948717948718 0.056668970283344854 0.10680541368743617 0.6857142857142857 0.05868304332992153 0.5948275862068966,1097538.1199979836,0.008571428571428572,195,30 159 3255 12282 24 8782 -204,1.0 0.967948717948718 0.056668970283344854 0.0964632277834525 0.6857142857142857 0.04981235073353804 0.6551724137931034,1097527.7494499811,0.008571428571428572,248,30 159 3174 12364 25 8646 -205,1.0 0.967948717948718 0.000691085003455425 0.10169816138917262 0.7142857142857143 0.0034118048447628795 0.646551724137931,1096975.5900474966,0.008571428571428572,423,30 159 3255 12272 24 8782 -202,1.0 0.967948717948718 0.056668970283344854 0.09582482124616956 0.6857142857142857 0.04981235073353804 0.6724137931034483,1097527.1282848234,0.008571428571428572,252,30 159 3255 12252 24 8783 -209,1.0 0.967948717948718 0.056668970283344854 0.09454800817160368 0.6857142857142857 0.05015353121801433 0.6120689655172413,1097525.7945387259,0.008571428571428572,263,30 159 3177 12379 26 8659 -201,1.0 0.967948717948718 0.0027643400138217 0.10265577119509704 0.7428571428571429 0.007847151142954622 0.6810344827586207,1097000.216186485,0.008571428571428572,417,30 159 3255 12222 24 8782 -209,1.0 0.967948717948718 0.056668970283344854 0.09263278855975485 0.6857142857142857 0.04981235073353804 0.6120689655172413,1097523.8759073094,0.008571428571428572,274,30 159 3255 12212 24 8785 -210,1.0 0.967948717948718 0.056668970283344854 0.09199438202247191 0.6857142857142857 0.05083589218696691 0.603448275862069,1097523.2391154969,0.008571428571428572,282,25 27 4620 25324 0 11567 -263,0.2857142857142857 0.12179487179487179 1.0 0.9290730337078652 0.0 1.0 0.14655172413793102,308832.99247920484,0.7228571428571429,838,23 8 4324 26253 1 11506 -278,0.0 0.0 0.7954388389771941 0.9883810010214504 0.02857142857142857 0.9791879904469465 0.017241379310344827,8955.435654934314,0.7485714285714286,67,23 8 4324 26382 1 11506 -280,0.0 0.0 0.7954388389771941 0.9966164453524005 0.02857142857142857 0.9791879904469465 0.0,8963.653857885954,0.74,58,25 27 4620 25324 0 11567 -263,0.2857142857142857 0.12179487179487179 1.0 0.9290730337078652 0.0 1.0 0.14655172413793102,308832.99247920484,0.7228571428571429,838,23 8 4324 26200 1 11506 -278,0.0 0.0 0.7954388389771941 0.9849974463738509 0.02857142857142857 0.9791879904469465 0.017241379310344827,8952.052100286715,0.7457142857142857,68,23 8 4324 26435 1 11506 -280,0.0 0.0 0.7954388389771941 1.0 0.02857142857142857 0.9791879904469465 0.0,8967.037412533555,0.7428571428571429,57,30 158 3237 12739 23 8782 -221,1.0 0.9615384615384616 0.0442294402211472 0.12563840653728295 0.6571428571428571 0.04981235073353804 0.5086206896551724,1096788.499992506,0.008571428571428572,581
resolved-p7d-c21d-3600-all/resolved-p7d-c21d-3600-2nd/nsp-n10-d28-r0.10-rp0-fp0-s7,0 0 0 0 0 99 -15,0.0 0.0 0.0 0.0 0.0 0.41935483870967744 0.75,4.943548387096774,0.42857142857142855,35,0 0 0 0 0 101 -18,0.0 0.0 0.0 0.0 0.0 0.4838709677419355 0.5625,5.401209677419355,0.2714285714285714,7,0 0 0 0 0 102 -17,0.0 0.0 0.0 0.0 0.0 0.5161290322580645 0.625,5.786290322580645,0.34285714285714286,6.0,0 0 0 0 0 86 -13,0.0 0.0 0.0 0.0 0.0 0.0 0.875,0.875,0.2714285714285714,135,0 0 0 0 0 117 -24,0.0 0.0 0.0 0.0 0.0 1.0 0.1875,10.1875,0.42857142857142855,108,0 0 0 0 0 87 -19,0.0 0.0 0.0 0.0 0.0 0.03225806451612903 0.5,0.8225806451612903,0.2714285714285714,70,0 0 0 0 0 105 -16,0.0 0.0 0.0 0.0 0.0 0.6129032258064516 0.6875,6.816532258064516,0.2714285714285714,70,0 0 0 0 0 93 -20,0.0 0.0 0.0 0.0 0.0 0.22580645161290322 0.4375,2.695564516129032,0.5571428571428572,42,0 0 0 0 0 91 -21,0.0 0.0 0.0 0.0 0.0 0.16129032258064516 0.375,1.9879032258064515,0.2714285714285714,62,0 0 0 0 0 104 -18,0.0 0.0 0.0 0.0 0.0 0.5806451612903226 0.5625,6.368951612903226,0.2714285714285714,11,0 0 0 0 0 97 -12,0.0 0.0 0.0 0.0 0.0 0.3548387096774194 0.9375,4.485887096774194,0.4857142857142857,24,0 0 0 0 0 106 -16,0.0 0.0 0.0 0.0 0.0 0.6451612903225806 0.6875,7.139112903225806,0.2714285714285714,86,0 0 0 0 0 96 -26,0.0 0.0 0.0 0.0 0.0 0.3225806451612903 0.0625,3.288306451612903,0.2714285714285714,119,0 0 0 0 0 95 -27,0.0 0.0 0.0 0.0 0.0 0.2903225806451613 0.0,2.903225806451613,0.42857142857142855,102,0 0 0 0 0 90 -19,0.0 0.0 0.0 0.0 0.0 0.12903225806451613 0.5,1.7903225806451613,0.2714285714285714,108,0 0 0 0 0 96 -27,0.0 0.0 0.0 0.0 0.0 0.3225806451612903 0.0,3.225806451612903,0.2714285714285714,120,0 0 0 0 0 95 -27,0.0 0.0 0.0 0.0 0.0 0.2903225806451613 0.0,2.903225806451613,0.4,103,0 0 0 0 0 90 -19,0.0 0.0 0.0 0.0 0.0 0.12903225806451613 0.5,1.7903225806451613,0.2714285714285714,108,0 0 0 0 0 112 -11,0.0 0.0 0.0 0.0 0.0 0.8387096774193549 1.0,9.387096774193548,0.2714285714285714,167
resolved-p7d-c21d-3600-all/resolved-p7d-c21d-3600-2nd/nsp-n30-d28-r0.10-rp2-fp2-s7,0 0 0 0 0 164 -85,0.0 0.0 0.0 0.0 0.0 0.08943089430894309 0.29545454545454547,1.1897634885439763,0.07142857142857142,77,0 0 0 0 0 153 -98,0.0 0.0 0.0 0.0 0.0 0.0 0.0,0.0,0.03333333333333333,96,0 0 0 0 0 153 -98,0.0 0.0 0.0 0.0 0.0 0.0 0.0,0.0,0.03333333333333333,96.0,0 0 0 0 0 153 -68,0.0 0.0 0.0 0.0 0.0 0.0 0.6818181818181818,0.6818181818181818,0.03333333333333333,66,0 0 0 0 0 198 -54,0.0 0.0 0.0 0.0 0.0 0.36585365853658536 1.0,4.658536585365853,0.11428571428571428,42,0 0 0 0 0 164 -91,0.0 0.0 0.0 0.0 0.0 0.08943089430894309 0.1590909090909091,1.05339985218034,0.03333333333333333,60,0 0 0 0 0 165 -83,0.0 0.0 0.0 0.0 0.0 0.0975609756097561 0.3409090909090909,1.3165188470066518,0.03333333333333333,42,0 0 0 0 0 180 -88,0.0 0.0 0.0 0.0 0.0 0.21951219512195122 0.22727272727272727,2.4223946784922394,0.13333333333333333,34,0 0 0 0 0 191 -95,0.0 0.0 0.0 0.0 0.0 0.3089430894308943 0.06818181818181818,3.157612712490762,0.03333333333333333,80,0 0 0 0 0 174 -93,0.0 0.0 0.0 0.0 0.0 0.17073170731707318 0.11363636363636363,1.8209534368070954,0.03333333333333333,48,0 0 0 0 0 167 -66,0.0 0.0 0.0 0.0 0.0 0.11382113821138211 0.7272727272727273,1.8654841093865484,0.3476190476190476,28,0 0 0 0 0 163 -94,0.0 0.0 0.0 0.0 0.0 0.08130081300813008 0.09090909090909091,0.9039172209903917,0.03333333333333333,45,0 0 0 0 0 183 -79,0.0 0.0 0.0 0.0 0.0 0.24390243902439024 0.4318181818181818,2.870842572062084,0.03333333333333333,319,0 0 0 0 0 169 -72,0.0 0.0 0.0 0.0 0.0 0.13008130081300814 0.5909090909090909,1.8917220990391725,0.6047619047619047,61,0 0 0 0 0 276 -71,0.0 0.0 0.0 0.0 0.0 1.0 0.6136363636363636,10.613636363636363,0.03333333333333333,201,0 0 0 0 0 183 -78,0.0 0.0 0.0 0.0 0.0 0.24390243902439024 0.45454545454545453,2.893569844789357,0.03333333333333333,318,0 0 0 0 0 169 -72,0.0 0.0 0.0 0.0 0.0 0.13008130081300814 0.5909090909090909,1.8917220990391725,0.6047619047619047,61,0 0 0 0 0 266 -74,0.0 0.0 0.0 0.0 0.0 0.9186991869918699 0.5454545454545454,9.732446415373245,0.03333333333333333,207,0 0 0 0 0 171 -98,0.0 0.0 0.0 0.0 0.0 0.14634146341463414 0.0,1.4634146341463414,0.03333333333333333,69
resolved-p7d-c21d-3600-all/resolved-p7d-c21d-3600-2nd/nsp-n40-d28-r0.10-rp2-fp2-s3,24 274 15 104 10 1081 -92,0.8275862068965517 0.8277945619335347 0.005946935041171089 0.0014540801488978072 0.43478260869565216 0.048025978465219624 0.6,910471.1450411201,0.0,853,24 274 15 103 10 1075 -98,0.8275862068965517 0.8277945619335347 0.005946935041171089 0.001395916942941895 0.43478260869565216 0.04700051273286618 0.5333333333333333,910471.0099565901,0.0,890,24 274 15 104 10 1076 -98,0.8275862068965517 0.8277945619335347 0.005946935041171089 0.0014540801488978072 0.43478260869565216 0.04717142368825842 0.5333333333333333,910471.0698289056,0.0,867.0,24 282 36 131 6 846 -96,0.8275862068965517 0.851963746223565 0.01555352241537054 0.003024486709707439 0.2608695652173913 0.00786190394804307 0.5555555555555556,912967.8623608885,0.0,530,27 279 16 82 6 893 -88,0.9310344827586207 0.8429003021148036 0.006404391582799634 0.00017448961786773688 0.2608695652173913 0.01589471885147838 0.6444444444444445,1015415.6217237016,0.07857142857142857,60,25 276 31 176 13 852 -63,0.8620689655172413 0.8338368580060423 0.013266239707227814 0.005641830977723492 0.5652173913043478 0.008887369680396513 0.9222222222222223,945648.4883809449,0.05,441,29 265 20 129 8 831 -98,1.0 0.8006042296072508 0.008234217749313814 0.0029081602977956145 0.34782608695652173 0.0052982396171594595 0.5333333333333333,1080181.042222941,0.0,516,26 271 155 199 23 900 -56,0.896551724137931 0.8187311178247734 0.06999085086916743 0.006979584714709474 1.0 0.017091095539224065 1.0,979232.8949247701,0.04285714285714286,476,27 306 103 117 5 874 -81,0.9310344827586207 0.9244712990936556 0.046203110704483075 0.002210201826324667 0.21739130434782608 0.012647410699025807 0.7222222222222222,1023968.4418036214,0.05,239,26 299 23 155 12 861 -97,0.896551724137931 0.9033232628398792 0.00960658737419945 0.004420403652649334 0.5217391304347826 0.01042556827892668 0.5444444444444444,987037.3593124843,0.0,537,26 331 234 193 13 888 -58,0.896551724137931 1.0 0.10612991765782251 0.0066306054789740014 0.5652173913043478 0.015040164074517177 0.9777777777777777,997677.3038385372,0.10714285714285714,298,23 292 60 124 11 857 -71,0.7931034482758621 0.8821752265861027 0.026532479414455627 0.002617344268016053 0.4782608695652174 0.009741924457357717 0.8333333333333334,881637.6699124194,0.05,681,29 48 1915 8481 0 5122 -99,1.0 0.14501510574018128 0.8751143641354071 0.48868725644157507 0.0 0.7386771492052641 0.5222222222222223,1023749.250465528,0.0,440,0 0 2118 16234 0 6595 -146,0.0 0.0 0.9679780420860018 0.939626592217763 0.0 0.9904289864980346 0.0,10629.31130294276,0.5785714285714286,253,0 0 2188 17272 0 6651 -143,0.0 0.0 1.0 1.0 0.0 1.0 0.03333333333333333,11010.033333333333,0.5857142857142857,275,28 46 1898 8449 0 5092 -97,0.9655172413793104 0.13897280966767372 0.8673376029277219 0.4868260338509859 0.0 0.7335498205434968 0.5444444444444444,988582.6043518558,0.0,487,0 0 2074 16061 0 6497 -143,0.0 0.0 0.9478499542543458 0.9295643575873902 0.0 0.973679712869595 0.03333333333333333,10417.834030592878,0.5785714285714286,275,0 0 2188 17272 0 6651 -142,0.0 0.0 1.0 1.0 0.0 1.0 0.044444444444444446,11010.044444444444,0.5785714285714286,282,21 262 2 79 1 800 -80,0.7241379310344828 0.7915407854984894 0.0 0.0 0.043478260869565216 0.0 0.7333333333333333,803297.090743752,0.0,780
resolved-p7d-c21d-3600-all/resolved-p7d-c21d-3600-2nd/nsp-n40-d28-r0.10-rp2-fp2-s0,15 10 1714 10640 2 5143 -160,0.8333333333333334 0.30303030303030304 0.0 0.057925684974352555 1.0 0.0 0.14285714285714285,863794.4321784809,0.017857142857142856,1078,15 10 1714 10640 2 5143 -160,0.8333333333333334 0.30303030303030304 0.0 0.057925684974352555 1.0 0.0 0.14285714285714285,863794.4321784809,0.017857142857142856,1078,15 10 1720 10643 2 5164 -162,0.8333333333333334 0.30303030303030304 0.009508716323296355 0.058301013386713375 1.0 0.012041284403669725 0.08571428571428572,863889.9579401131,0.017857142857142856,1053.0,17 10 1935 10864 0 5380 -147,0.9444444444444444 0.30303030303030304 0.3502377179080824 0.0859502064306268 0.0 0.13589449541284404 0.5142857142857142,978337.6753636545,0.017857142857142856,18,15 10 1786 10820 1 5212 -163,0.8333333333333334 0.30303030303030304 0.11410459587955626 0.0804453897160015 0.5 0.03956422018348624 0.05714285714285714,864908.3077699342,0.017857142857142856,1001,15 10 1785 10823 1 5212 -165,0.8333333333333334 0.30303030303030304 0.11251980982567353 0.08082071812836232 0.5 0.03956422018348624 0.0,864892.7780949506,0.017857142857142856,1007,17 10 1935 10864 0 5380 -147,0.9444444444444444 0.30303030303030304 0.3502377179080824 0.0859502064306268 0.0 0.13589449541284404 0.5142857142857142,978337.6753636545,0.017857142857142856,18,15 10 1784 10831 1 5211 -163,0.8333333333333334 0.30303030303030304 0.1109350237717908 0.08182159389465783 0.5 0.0389908256880734 0.05714285714285714,864877.9825190903,0.017857142857142856,1014,15 10 1784 10849 2 5210 -165,0.8333333333333334 0.30303030303030304 0.1109350237717908 0.08407356436882273 1.0 0.03841743119266055 0.0,864930.1716127624,0.017857142857142856,1012,17 10 1935 10864 0 5380 -147,0.9444444444444444 0.30303030303030304 0.3502377179080824 0.0859502064306268 0.0 0.13589449541284404 0.5142857142857142,978337.6753636545,0.017857142857142856,18,15 10 1782 10836 1 5204 -163,0.8333333333333334 0.30303030303030304 0.10776545166402536 0.08244714124859252 0.5 0.034977064220183485 0.05714285714285714,864846.8722077518,0.017857142857142856,1034,15 10 1786 10832 1 5212 -165,0.8333333333333334 0.30303030303030304 0.11410459587955626 0.08194670336544477 0.5 0.03956422018348624 0.0,864909.7519407265,0.017857142857142856,994,18 33 2084 10177 0 5316 -130,1.0 1.0 0.5863708399366085 0.0 0.0 0.09919724770642202 1.0,1105865.700371843,0.017857142857142856,426,0 0 2345 18023 0 6887 -140,0.0 0.0 1.0 0.9816089077943201 0.0 1.0 0.7142857142857143,10992.323193508606,0.6285714285714286,228,0 0 2253 18170 0 6716 -152,0.0 0.0 0.8541996830427893 1.0 0.0 0.9019495412844036 0.37142857142857144,9551.387754412164,0.625,240,18 33 2084 10189 0 5316 -130,1.0 1.0 0.5863708399366085 0.0015013136494432628 0.0 0.09919724770642202 1.0,1105867.2016854926,0.017857142857142856,424,0 0 2345 18023 0 6887 -140,0.0 0.0 1.0 0.9816089077943201 0.0 1.0 0.7142857142857143,10992.323193508606,0.6285714285714286,228,0 0 2253 18170 0 6716 -152,0.0 0.0 0.8541996830427893 1.0 0.0 0.9019495412844036 0.37142857142857144,9551.387754412164,0.625,240,15 10 1743 10717 0 5162 -159,0.8333333333333334 0.30303030303030304 0.04595879556259905 0.06755911422494683 0.0 0.010894495412844037 0.17142857142857143,864163.7910797402,0.017857142857142856,1099
resolved-p7d-c21d-3600-all/resolved-p7d-c21d-3600-2nd/nsp-n40-d28-r0.10-rp2-fp2-s9,23 6 1664 10056 5 5411 -155,1.0 0.0 0.05333333333333334 0.11756373937677053 0.7142857142857143 0.12372881355932204 0.6534653465346535,1000724.2163976209,0.010714285714285714,721,23 6 1664 10059 4 5424 -151,1.0 0.0 0.05333333333333334 0.11781369771704715 0.5714285714285714 0.1292372881355932 0.693069306930693,1000710.2753303815,0.010714285714285714,720,23 6 1668 10043 4 5423 -152,1.0 0.0 0.057435897435897436 0.11648058656890518 0.5714285714285714 0.1288135593220339 0.6831683168316832,1000749.9537219808,0.010714285714285714,683.0,23 6 1728 10421 3 5503 -157,1.0 0.0 0.11897435897435897 0.14797533744375937 0.42857142857142855 0.16271186440677965 0.6336633663366337,1001382.8368520549,0.010714285714285714,478,20 69 1612 8646 7 5119 -120,0.0 1.0 0.0 8.331944675887353e-05 1.0 0.0 1.0,100101.08331944676,0.18571428571428572,576,20 23 1621 9783 5 5127 -153,0.0 0.2698412698412698 0.009230769230769232 0.09481753041159807 0.7142857142857143 0.003389830508474576 0.6732673267326733,27243.387943906662,0.060714285714285714,676,23 6 1732 10483 5 5503 -166,1.0 0.0 0.12307692307692308 0.15314114314280952 0.7142857142857143 0.16271186440677965 0.5445544554455446,1001457.5106184401,0.010714285714285714,430,20 69 1612 8645 6 5119 -121,0.0 1.0 0.0 0.0 0.8571428571428571 0.0 0.9900990099009901,100086.70438472419,0.18571428571428572,577,20 23 1621 9783 5 5127 -153,0.0 0.2698412698412698 0.009230769230769232 0.09481753041159807 0.7142857142857143 0.003389830508474576 0.6732673267326733,27243.387943906662,0.060714285714285714,676,23 6 1722 10481 4 5470 -162,1.0 0.0 0.11282051282051282 0.1529745042492918 0.5714285714285714 0.14872881355932202 0.5841584158415841,1001340.3939361487,0.010714285714285714,490,20 69 1612 8645 6 5119 -121,0.0 1.0 0.0 0.0 0.8571428571428571 0.0 0.9900990099009901,100086.70438472419,0.18571428571428572,577,20 23 1621 9783 5 5127 -153,0.0 0.2698412698412698 0.009230769230769232 0.09481753041159807 0.7142857142857143 0.003389830508474576 0.6732673267326733,27243.387943906662,0.060714285714285714,676,23 7 2498 19866 0 7268 -197,1.0 0.015873015873015872 0.9087179487179488 0.9349275120813197 0.0 0.910593220338983 0.2376237623762376,1011618.7521425282,0.6107142857142858,253,22 7 2587 20583 0 7479 -221,0.6666666666666666 0.015873015873015872 1.0 0.9946675554074321 0.0 1.0 0.0,679258.6358093757,0.6035714285714285,205,22 7 2587 20647 0 7479 -220,0.6666666666666666 0.015873015873015872 1.0 1.0 0.0 1.0 0.009900990099009901,679263.9781549583,0.6,213,23 7 2498 19866 0 7268 -197,1.0 0.015873015873015872 0.9087179487179488 0.9349275120813197 0.0 0.910593220338983 0.2376237623762376,1011618.7521425282,0.6107142857142858,253,22 7 2587 20583 0 7479 -221,0.6666666666666666 0.015873015873015872 1.0 0.9946675554074321 0.0 1.0 0.0,679258.6358093757,0.6035714285714285,205,22 7 2587 20647 0 7479 -221,0.6666666666666666 0.015873015873015872 1.0 1.0 0.0 1.0 0.0,679263.9682539682,0.6035714285714285,212,23 6 1671 10187 6 5286 -169,1.0 0.0 0.06051282051282051 0.12847858690218297 0.8571428571428571 0.07076271186440677 0.5148514851485149,1000820.5435563484,0.010714285714285714,690
resolved-p7d-c21d-3600-all/resolved-p7d-c21d-3600-2nd/nsp-n40-d28-r0.10-rp2-fp2-s2,16 51 2101 9719 61 6047 -160,0.0 0.0 0.9140271493212669 0.9440015746481646 0.49056603773584906 0.9455329153605015 0.05084745762711865,10142.835848245652,0.007142857142857143,756,16 51 2101 9719 61 6047 -160,0.0 0.0 0.9140271493212669 0.9440015746481646 0.49056603773584906 0.9455329153605015 0.05084745762711865,10142.835848245652,0.007142857142857143,756,16 51 2101 9736 61 6044 -162,0.0 0.0 0.9140271493212669 0.9456746383229997 0.49056603773584906 0.9449451410658307 0.03954802259887006,10144.49173474251,0.007142857142857143,751.0,16 51 2291 10288 60 6325 -162,0.0 0.0 1.0 1.0 0.4811320754716981 1.0 0.03954802259887006,11058.152755569768,0.007142857142857143,20,16 51 2148 9588 62 6142 -169,0.0 0.0 0.9352941176470588 0.9311091428009054 0.5 0.9641457680250783 0.0,10343.691776951746,0.007142857142857143,551,16 51 2148 9588 62 6142 -169,0.0 0.0 0.9352941176470588 0.9311091428009054 0.5 0.9641457680250783 0.0,10343.691776951746,0.007142857142857143,551,16 51 2291 10288 60 6325 -162,0.0 0.0 1.0 1.0 0.4811320754716981 1.0 0.03954802259887006,11058.152755569768,0.007142857142857143,20,16 51 2148 9588 62 6142 -168,0.0 0.0 0.9352941176470588 0.9311091428009054 0.5 0.9641457680250783 0.005649717514124294,10343.69742666926,0.007142857142857143,550,16 51 2148 9588 62 6142 -169,0.0 0.0 0.9352941176470588 0.9311091428009054 0.5 0.9641457680250783 0.0,10343.691776951746,0.007142857142857143,551,16 51 2291 10288 60 6325 -162,0.0 0.0 1.0 1.0 0.4811320754716981 1.0 0.03954802259887006,11058.152755569768,0.007142857142857143,20,16 51 2148 9588 62 6142 -169,0.0 0.0 0.9352941176470588 0.9311091428009054 0.5 0.9641457680250783 0.0,10343.691776951746,0.007142857142857143,551,16 51 2148 9588 62 6142 -169,0.0 0.0 0.9352941176470588 0.9311091428009054 0.5 0.9641457680250783 0.0,10343.691776951746,0.007142857142857143,551,48 493 629 748 115 2045 8,1.0 0.9977426636568849 0.24796380090497738 0.06111603188662533 1.0 0.1614420062695925 1.0,1102417.6348266876,0.007142857142857143,413,35 350 81 127 9 1244 -30,0.59375 0.6749435665914221 0.0 0.0 0.0 0.004506269592476489 0.7853107344632768,661245.1870325726,0.7678571428571429,812,32 374 211 199 12 1221 -7,0.5 0.7291196388261851 0.058823529411764705 0.0070859167404783 0.02830188679245283 0.0 0.9152542372881356,573511.0305363932,0.7678571428571429,776,48 494 628 748 115 2046 8,1.0 1.0 0.24751131221719458 0.06111603188662533 1.0 0.16163793103448276 1.0,1102638.8455333689,0.007142857142857143,412,34 361 81 133 10 1241 -31,0.5625 0.6997742663656885 0.0 0.000590493061706525 0.009433962264150943 0.003918495297805642 0.7796610169491526,632479.7793718269,0.7678571428571429,907,32 374 211 198 12 1221 -12,0.5 0.7291196388261851 0.058823529411764705 0.006987501230193879 0.02830188679245283 0.0 0.8870056497175142,573510.9038722953,0.7678571428571429,779,16 51 2122 9873 60 6076 -163,0.0 0.0 0.9235294117647059 0.9591575632319653 0.4811320754716981 0.9512147335423198 0.03389830508474576,10252.110934066703,0.007142857142857143,701
resolved-p7d-c21d-3600-all/resolved-p7d-c21d-3600-2nd/nsp-n50-d28-r0.10-rp2-fp2-s3,21 8 2923 12370 1 7958 -212,0.0 0.25 0.018036072144288578 0.027028959599570967 0.3333333333333333 0.01596023024594453 0.7407407407407407,25241.62335741899,0.005714285714285714,485,21 8 2896 11992 1 7897 -203,0.0 0.25 0.0 0.0 0.3333333333333333 0.0 0.9074074074074074,25034.24074074074,0.005714285714285714,516,21 8 2898 12034 1 7912 -212,0.0 0.25 0.0013360053440213762 0.0030032177332856634 0.3333333333333333 0.003924646781789639 0.7407407407407407,25050.476591715393,0.005714285714285714,500.0,22 7 2948 12893 0 8039 -217,0.14285714285714285 0.0 0.03473613894455578 0.06442617089739006 0.0 0.037153322867608585 0.6481481481481481,143269.9500988626,0.005714285714285714,205,22 7 3009 12635 1 8081 -198,0.14285714285714285 0.0 0.07548430193720775 0.04597783339292099 0.3333333333333333 0.04814233385661957 1.0,143692.77846657974,0.005714285714285714,255,22 7 3015 12700 0 8081 -207,0.14285714285714285 0.0 0.07949231796927188 0.05062567036110118 0.0 0.04814233385661957 0.8333333333333334,143704.00646386857,0.005714285714285714,240,22 7 2947 12872 0 8040 -217,0.14285714285714285 0.0 0.03406813627254509 0.06292456203074723 0.0 0.03741496598639456 0.6481481481481481,143261.77107970705,0.005714285714285714,212,22 7 3007 12635 1 8080 -201,0.14285714285714285 0.0 0.07414829659318638 0.04597783339292099 0.3333333333333333 0.047880690737833596 0.9444444444444444,143679.36024115278,0.005714285714285714,265,22 7 3001 12666 1 8082 -204,0.14285714285714285 0.0 0.07014028056112225 0.048194494100822306 0.3333333333333333 0.04840397697540555 0.8888888888888888,143641.44641884687,0.005714285714285714,269,22 7 2955 12872 0 8053 -218,0.14285714285714285 0.0 0.0394121576486306 0.06292456203074723 0.0 0.04081632653061224 0.6296296296296297,143315.22678855484,0.005714285714285714,197,22 7 3012 12621 1 8084 -202,0.14285714285714285 0.0 0.07748830995323981 0.0449767608151591 0.3333333333333333 0.048927263212977495 0.9259259259259259,143711.75124938178,0.005714285714285714,247,22 7 3004 12666 0 8081 -201,0.14285714285714285 0.0 0.07214428857715431 0.048194494100822306 0.0 0.04814233385661957 0.9444444444444444,143628.2061047982,0.005714285714285714,268,28 9 4393 25955 0 11719 -225,1.0 0.5 1.0 0.9984268859492313 0.0 1.0 0.5,1061008.9268859492,0.6371428571428571,50,26 11 4243 25204 1 11464 -250,0.7142857142857143 1.0 0.8997995991983968 0.9447264926707186 0.3333333333333333 0.9332810047095761 0.037037037037037035,824271.1399507865,0.6342857142857142,841,26 9 4275 25672 0 11480 -245,0.7142857142857143 0.5 0.9211756847027388 0.978190918841616 0.0 0.9374672946101518 0.12962962962962962,774485.166354159,0.6257142857142857,902,28 9 4393 25955 0 11719 -225,1.0 0.5 1.0 0.9984268859492313 0.0 1.0 0.5,1061008.9268859492,0.6371428571428571,50,26 11 4230 25196 1 11464 -252,0.7142857142857143 1.0 0.8911155644622578 0.9441544511977118 0.3333333333333333 0.9332810047095761 0.0,824183.690524915,0.6342857142857142,891,26 9 4320 25977 0 11501 -244,0.7142857142857143 0.5 0.9512358049432198 1.0 0.0 0.9429618001046572 0.14814814814814814,774807.6501012957,0.6285714285714286,848,22 7 2897 12215 3 7925 -200,0.14285714285714285 0.0 0.0006680026720106881 0.015945656060064355 1.0 0.007326007326007326 0.9629629629629629,142980.80476295925,0.005714285714285714,532
resolved-p7d-c21d-3600-all/resolved-p7d-c21d-3600-2nd/nsp-n30-d28-r0.10-rp2-fp2-s2,0 0 0 0 0 188 -71,0.0 0.0 0.0 0.0 0.0 0.43103448275862066 0.6440677966101694,4.954412624196376,0.08095238095238096,86,0 0 0 0 0 188 -109,0.0 0.0 0.0 0.0 0.0 0.43103448275862066 0.0,4.310344827586206,0.11904761904761904,82,0 0 0 0 0 188 -109,0.0 0.0 0.0 0.0 0.0 0.43103448275862066 0.0,4.310344827586206,0.11904761904761904,82.0,0 0 0 0 0 163 -95,0.0 0.0 0.0 0.0 0.0 0.0 0.23728813559322035,0.23728813559322035,0.06666666666666667,173,0 0 0 0 0 205 -92,0.0 0.0 0.0 0.0 0.0 0.7241379310344828 0.288135593220339,7.5295149035651665,0.26666666666666666,25,0 0 0 0 0 175 -97,0.0 0.0 0.0 0.0 0.0 0.20689655172413793 0.2033898305084746,2.272355347749854,0.06666666666666667,125,0 0 0 0 0 180 -109,0.0 0.0 0.0 0.0 0.0 0.29310344827586204 0.0,2.9310344827586206,0.06666666666666667,118,0 0 0 0 0 203 -50,0.0 0.0 0.0 0.0 0.0 0.6896551724137931 1.0,7.8965517241379315,0.3047619047619048,21,0 0 0 0 0 170 -90,0.0 0.0 0.0 0.0 0.0 0.1206896551724138 0.3220338983050847,1.5289304500292227,0.06666666666666667,130,0 0 0 0 0 193 -91,0.0 0.0 0.0 0.0 0.0 0.5172413793103449 0.3050847457627119,5.47749853886616,0.06666666666666667,104,0 0 0 0 0 194 -74,0.0 0.0 0.0 0.0 0.0 0.5344827586206896 0.5932203389830508,5.938047925189947,0.3142857142857143,28,0 0 0 0 0 196 -97,0.0 0.0 0.0 0.0 0.0 0.5689655172413793 0.2033898305084746,5.8930450029222685,0.06666666666666667,90,0 0 0 0 0 189 -84,0.0 0.0 0.0 0.0 0.0 0.4482758620689655 0.423728813559322,4.906487434248977,0.06666666666666667,167,0 0 0 0 0 221 -70,0.0 0.0 0.0 0.0 0.0 1.0 0.6610169491525424,10.661016949152543,0.5904761904761905,80,0 0 0 0 0 215 -53,0.0 0.0 0.0 0.0 0.0 0.896551724137931 0.9491525423728814,9.91466978375219,0.06666666666666667,199,0 0 0 0 0 191 -99,0.0 0.0 0.0 0.0 0.0 0.4827586206896552 0.1694915254237288,4.99707773232028,0.06666666666666667,161,0 0 0 0 0 221 -70,0.0 0.0 0.0 0.0 0.0 1.0 0.6610169491525424,10.661016949152543,0.5904761904761905,80,0 0 0 0 0 215 -53,0.0 0.0 0.0 0.0 0.0 0.896551724137931 0.9491525423728814,9.91466978375219,0.06666666666666667,199,0 0 0 0 0 176 -96,0.0 0.0 0.0 0.0 0.0 0.22413793103448276 0.22033898305084745,2.4617182933956747,0.06666666666666667,57
resolved-p7d-c21d-3600-all/resolved-p7d-c21d-3600-2nd/nsp-n10-d28-r0.10-rp0-fp0-s2,0 0 0 0 0 106 -15,0.0 0.0 0.0 0.0 0.0 0.5925925925925926 1.0,6.925925925925926,0.08571428571428572,155,0 0 0 0 0 93 -22,0.0 0.0 0.0 0.0 0.0 0.1111111111111111 0.5882352941176471,1.6993464052287583,0.02857142857142857,149,0 0 0 0 0 93 -22,0.0 0.0 0.0 0.0 0.0 0.1111111111111111 0.5882352941176471,1.6993464052287583,0.02857142857142857,149.0,0 0 0 0 0 108 -25,0.0 0.0 0.0 0.0 0.0 0.6666666666666666 0.4117647058823529,7.078431372549019,0.02857142857142857,216,0 0 0 0 0 104 -19,0.0 0.0 0.0 0.0 0.0 0.5185185185185185 0.7647058823529411,5.949891067538126,0.44285714285714284,29,0 0 0 0 0 93 -28,0.0 0.0 0.0 0.0 0.0 0.1111111111111111 0.23529411764705882,1.34640522875817,0.02857142857142857,64,0 0 0 0 0 106 -23,0.0 0.0 0.0 0.0 0.0 0.5925925925925926 0.5294117647058824,6.455337690631808,0.02857142857142857,149,0 0 0 0 0 110 -15,0.0 0.0 0.0 0.0 0.0 0.7407407407407407 1.0,8.407407407407407,0.2,4,0 0 0 0 0 106 -20,0.0 0.0 0.0 0.0 0.0 0.5925925925925926 0.7058823529411765,6.631808278867102,0.02857142857142857,74,0 0 0 0 0 101 -28,0.0 0.0 0.0 0.0 0.0 0.4074074074074074 0.23529411764705882,4.309368191721132,0.02857142857142857,118,0 0 0 0 0 117 -27,0.0 0.0 0.0 0.0 0.0 1.0 0.29411764705882354,10.294117647058824,0.4714285714285714,70,0 0 0 0 0 107 -23,0.0 0.0 0.0 0.0 0.0 0.6296296296296297 0.5294117647058824,6.825708061002179,0.02857142857142857,193,0 0 0 0 0 91 -23,0.0 0.0 0.0 0.0 0.0 0.037037037037037035 0.5294117647058824,0.8997821350762527,0.02857142857142857,257,0 0 0 0 0 90 -31,0.0 0.0 0.0 0.0 0.0 0.0 0.058823529411764705,0.058823529411764705,0.6,85,0 0 0 0 0 114 -21,0.0 0.0 0.0 0.0 0.0 0.8888888888888888 0.6470588235294118,9.5359477124183,0.02857142857142857,225,0 0 0 0 0 91 -20,0.0 0.0 0.0 0.0 0.0 0.037037037037037035 0.7058823529411765,1.0762527233115469,0.02857142857142857,255,0 0 0 0 0 90 -31,0.0 0.0 0.0 0.0 0.0 0.0 0.058823529411764705,0.058823529411764705,0.6,85,0 0 0 0 0 114 -22,0.0 0.0 0.0 0.0 0.0 0.8888888888888888 0.5882352941176471,9.477124183006536,0.02857142857142857,226,0 0 0 0 0 104 -32,0.0 0.0 0.0 0.0 0.0 0.5185185185185185 0.0,5.185185185185185,0.02857142857142857,75
resolved-p7d-c21d-3600-all/resolved-p7d-c21d-3600-2nd/nsp-n10-d28-r0.10-rp0-fp0-s3,0 0 0 0 0 89 -31,0.0 0.0 0.0 0.0 0.0 0.0 0.2857142857142857,0.2857142857142857,0.07142857142857142,187,0 0 0 0 0 96 -30,0.0 0.0 0.0 0.0 0.0 0.1794871794871795 0.35714285714285715,2.152014652014652,0.02857142857142857,176,0 0 0 0 0 96 -30,0.0 0.0 0.0 0.0 0.0 0.1794871794871795 0.35714285714285715,2.152014652014652,0.02857142857142857,176.0,0 0 0 0 0 104 -29,0.0 0.0 0.0 0.0 0.0 0.38461538461538464 0.42857142857142855,4.274725274725275,0.02857142857142857,102,0 0 0 0 0 101 -24,0.0 0.0 0.0 0.0 0.0 0.3076923076923077 0.7857142857142857,3.8626373626373627,0.18571428571428572,66,0 0 0 0 0 104 -24,0.0 0.0 0.0 0.0 0.0 0.38461538461538464 0.7857142857142857,4.631868131868132,0.02857142857142857,59,0 0 0 0 0 100 -30,0.0 0.0 0.0 0.0 0.0 0.28205128205128205 0.35714285714285715,3.1776556776556775,0.02857142857142857,110,0 0 0 0 0 94 -21,0.0 0.0 0.0 0.0 0.0 0.1282051282051282 1.0,2.282051282051282,0.22857142857142856,85,0 0 0 0 0 102 -23,0.0 0.0 0.0 0.0 0.0 0.3333333333333333 0.8571428571428571,4.19047619047619,0.02857142857142857,133,0 0 0 0 0 93 -27,0.0 0.0 0.0 0.0 0.0 0.10256410256410256 0.5714285714285714,1.597069597069597,0.02857142857142857,209,0 0 0 0 0 95 -24,0.0 0.0 0.0 0.0 0.0 0.15384615384615385 0.7857142857142857,2.3241758241758244,0.37142857142857144,30,0 0 0 0 0 111 -35,0.0 0.0 0.0 0.0 0.0 0.5641025641025641 0.0,5.6410256410256405,0.02857142857142857,129,0 0 0 0 0 91 -28,0.0 0.0 0.0 0.0 0.0 0.05128205128205128 0.5,1.0128205128205128,0.02857142857142857,224,0 0 0 0 0 116 -28,0.0 0.0 0.0 0.0 0.0 0.6923076923076923 0.5,7.423076923076923,0.6571428571428571,31,0 0 0 0 0 128 -31,0.0 0.0 0.0 0.0 0.0 1.0 0.2857142857142857,10.285714285714286,0.02857142857142857,274,0 0 0 0 0 91 -28,0.0 0.0 0.0 0.0 0.0 0.05128205128205128 0.5,1.0128205128205128,0.02857142857142857,224,0 0 0 0 0 116 -28,0.0 0.0 0.0 0.0 0.0 0.6923076923076923 0.5,7.423076923076923,0.6571428571428571,31,0 0 0 0 0 128 -32,0.0 0.0 0.0 0.0 0.0 1.0 0.21428571428571427,10.214285714285714,0.02857142857142857,275,0 0 0 0 0 99 -23,0.0 0.0 0.0 0.0 0.0 0.2564102564102564 0.8571428571428571,3.421245421245421,0.02857142857142857,197
resolved-p7d-c21d-3600-all/resolved-p7d-c21d-3600-2nd/nsp-n20-d28-r0.10-rp2-fp2-s6,5 3 381 4338 0 1322 -88,0.0 0.5 0.0 0.1916041979010495 0.0 0.0 0.11764705882352941,50191.72184495987,0.014285714285714285,1820,5 3 388 4291 0 1330 -88,0.0 0.5 0.028225806451612902 0.18455772113943028 0.0 0.009592326139088728 0.11764705882352941,50467.02935597577,0.014285714285714285,1722,5 3 388 4340 0 1327 -89,0.0 0.5 0.028225806451612902 0.191904047976012 0.0 0.005995203836930456 0.10294117647058823,50474.32500570698,0.014285714285714285,1666.0,5 3 407 4386 1 1350 -85,0.0 0.5 0.10483870967741936 0.19880059970014993 1.0 0.03357314148681055 0.16176470588235295,51347.68519259509,0.014285714285714285,1469,5 3 403 3086 0 1374 -28,0.0 0.5 0.08870967741935484 0.0038980509745127436 0.0 0.06235011990407674 1.0,50892.618326367105,0.014285714285714285,1073,5 3 403 3060 0 1383 -30,0.0 0.5 0.08870967741935484 0.0 0.0 0.07314148681055156 0.9705882352941176,50888.79877729695,0.014285714285714285,1110,5 3 407 4114 1 1356 -68,0.0 0.5 0.10483870967741936 0.15802098950524737 1.0 0.0407673860911271 0.4117647058823529,51307.22752484623,0.014285714285714285,1567,5 3 403 3080 0 1377 -29,0.0 0.5 0.08870967741935484 0.0029985007496251873 0.0 0.06594724220623502 0.9852941176470589,50891.74004148288,0.014285714285714285,1090,5 3 403 3060 0 1384 -28,0.0 0.5 0.08870967741935484 0.0 0.0 0.07434052757793765 1.0,50888.84017946933,0.014285714285714285,1108,5 3 407 4200 1 1355 -73,0.0 0.5 0.10483870967741936 0.17091454272863568 1.0 0.039568345323741004 0.3382352941176471,51320.03555825019,0.014285714285714285,1531,5 3 403 3138 0 1381 -33,0.0 0.5 0.08870967741935484 0.011694152923538231 0.0 0.07074340527577938 0.9264705882352942,50900.42483175808,0.014285714285714285,1055,5 3 403 3138 0 1406 -31,0.0 0.5 0.08870967741935484 0.011694152923538231 0.0 0.10071942446043165 0.9558823529411765,50900.75400371463,0.014285714285714285,1048,7 4 626 9542 0 2156 -77,1.0 1.0 0.9879032258064516 0.9718140929535233 0.0 1.0 0.27941176470588236,1110861.1257627828,0.6714285714285714,810,7 2 628 9308 0 2151 -95,1.0 0.0 0.9959677419354839 0.9367316341829085 0.0 0.9940047961630696 0.014705882352941176,1010906.3638073817,0.6571428571428571,1540,7 2 625 9312 0 2147 -95,1.0 0.0 0.9838709677419355 0.9373313343328336 0.0 0.9892086330935251 0.014705882352941176,1010785.9478039654,0.6571428571428571,1391,7 4 625 9730 0 2156 -77,1.0 1.0 0.9838709677419355 1.0 0.0 1.0 0.27941176470588236,1110848.989089184,0.6714285714285714,813,7 2 629 9440 0 2154 -95,1.0 0.0 1.0 0.9565217391304348 0.0 0.9976019184652278 0.014705882352941176,1010966.5124641975,0.6571428571428571,1475,7 2 625 9419 0 2150 -96,1.0 0.0 0.9838709677419355 0.9533733133433283 0.0 0.9928057553956835 0.0,1010802.0110483166,0.65,1381,5 3 383 4407 0 1326 -85,0.0 0.5 0.008064516129032258 0.20194902548725638 0.0 0.004796163069544364 0.16176470588235295,50282.803913114156,0.014285714285714285,2045
resolved-p7d-c21d-3600-all/resolved-p7d-c21d-3600-2nd/nsp-n30-d28-r0.10-rp2-fp2-s8,15 198 4 55 1 536 -92,0.7894736842105263 0.7951807228915663 0.002871500358937545 0.0 0.07142857142857142 0.004022526146419952 0.6078431372549019,869028.2624288138,0.009523809523809525,891,15 198 3 59 1 536 -93,0.7894736842105263 0.7951807228915663 0.0021536252692031586 0.0003022061045633122 0.07142857142857142 0.004022526146419952 0.5980392156862745,869021.3760800995,0.009523809523809525,912,15 198 0 65 2 521 -90,0.7894736842105263 0.7951807228915663 0.0 0.0007555152614082804 0.14285714285714285 0.0 0.6274509803921569,869007.4251802104,0.009523809523809525,985.0,19 189 27 76 4 570 -75,1.0 0.7590361445783133 0.019382627422828428 0.001586582048957389 0.2857142857142857 0.013140252078305176 0.7745098039215687,1076128.5046550047,0.009523809523809525,721,16 195 36 95 8 655 -59,0.8421052631578947 0.7831325301204819 0.025843503230437905 0.0030220610456331218 0.5714285714285714 0.03593456690801824 0.9313725490196079,920738.4068386538,0.047619047619047616,1395,16 195 34 87 7 658 -59,0.8421052631578947 0.7831325301204819 0.024407753050969132 0.0024176488365064974 0.5 0.03673907213730222 0.9313725490196079,920716.3101125595,0.023809523809523808,1481,17 184 12 71 9 545 -65,0.8947368421052632 0.7389558232931727 0.008614501076812634 0.0012088244182532487 0.6428571428571429 0.006436041834271922 0.8725490196078431,968785.0008934905,0.009523809523809525,642,15 249 663 235 14 681 -52,0.7894736842105263 1.0 0.47595118449389806 0.013599274705349048 1.0 0.04290694556181282 1.0,894348.2243996263,0.1761904761904762,1140,15 226 39 109 5 584 -66,0.7894736842105263 0.9076305220883534 0.02799712849964106 0.004079782411604714 0.35714285714285715 0.016894609814963796 0.8627450980392157,880557.5334636801,0.02857142857142857,1349,18 193 8 61 5 551 -84,0.9473684210526315 0.7751004016064257 0.00574300071787509 0.00045330915684496827 0.35714285714285715 0.008045052292839904 0.6862745098039216,1024972.8255403568,0.009523809523809525,783,19 195 11 65 3 528 -84,1.0 0.7831325301204819 0.007896625987078248 0.0007555152614082804 0.21428571428571427 0.0018771788683293108 0.6862745098039216,1078415.1084049074,0.014285714285714285,1126,18 193 11 86 5 616 -65,0.9473684210526315 0.7751004016064257 0.007896625987078248 0.0023420973103656694 0.35714285714285715 0.02547599892732636 0.8725490196078431,1024996.6111651785,0.014285714285714285,1287,13 34 1108 5876 0 2841 -124,0.6842105263157895 0.13654618473895583 0.7954055994256999 0.43978543366576006 0.0 0.6221507106462859 0.29411764705882354,706265.5018423613,0.009523809523809525,658,0 0 1371 13291 0 4180 -151,0.0 0.0 0.9842067480258435 1.0 0.0 0.9812282113167069 0.029411764705882353,10851.909174136308,0.6047619047619047,315,0 0 1393 13189 0 4250 -129,0.0 0.0 1.0 0.9922937443336355 0.0 1.0 0.24509803921568626,11002.538842372851,0.6142857142857143,176,13 33 1067 5713 0 2740 -108,0.6842105263157895 0.13253012048192772 0.7659727207465901 0.4274705349048051 0.0 0.5950657012603915 0.45098039215686275,705557.1377437577,0.009523809523809525,737,0 0 1371 13291 0 4180 -154,0.0 0.0 0.9842067480258435 1.0 0.0 0.9812282113167069 0.0,10851.879762371602,0.6142857142857143,316,0 0 1393 13187 0 4250 -132,0.0 0.0 1.0 0.9921426412813539 0.0 1.0 0.21568627450980393,11002.358327555863,0.6142857142857143,179,19 187 9 65 8 559 -82,1.0 0.751004016064257 0.006460875807609476 0.0007555152614082804 0.5714285714285714 0.010190399570930545 0.7058823529411765,1075223.7165232548,0.009523809523809525,1379
resolved-p7d-c21d-3600-all/resolved-p7d-c21d-3600-2nd/nsp-n20-d28-r0.10-rp2-fp2-s9,0 0 0 0 0 91 -25,0.0 0.0 0.0 0.0 0.0 0.10526315789473684 0.5277777777777778,1.5804093567251463,0.1357142857142857,115,0 0 0 0 0 98 -24,0.0 0.0 0.0 0.0 0.0 0.2894736842105263 0.5555555555555556,3.450292397660819,0.1357142857142857,90,0 0 0 0 0 101 -36,0.0 0.0 0.0 0.0 0.0 0.3684210526315789 0.2222222222222222,3.9064327485380117,0.10714285714285714,87.0,0 0 0 0 0 125 -19,0.0 0.0 0.0 0.0 0.0 1.0 0.6944444444444444,10.694444444444445,0.10714285714285714,243,0 0 0 0 0 109 -27,0.0 0.0 0.0 0.0 0.0 0.5789473684210527 0.4722222222222222,6.261695906432749,0.4,39,0 0 0 0 0 90 -32,0.0 0.0 0.0 0.0 0.0 0.07894736842105263 0.3333333333333333,1.1228070175438596,0.10714285714285714,89,0 0 0 0 0 115 -19,0.0 0.0 0.0 0.0 0.0 0.7368421052631579 0.6944444444444444,8.062865497076023,0.10714285714285714,179,0 0 0 0 0 87 -24,0.0 0.0 0.0 0.0 0.0 0.0 0.5555555555555556,0.5555555555555556,0.35714285714285715,46,0 0 0 0 0 96 -36,0.0 0.0 0.0 0.0 0.0 0.23684210526315788 0.2222222222222222,2.590643274853801,0.10714285714285714,152,0 0 0 0 0 97 -35,0.0 0.0 0.0 0.0 0.0 0.2631578947368421 0.25,2.881578947368421,0.10714285714285714,178,0 0 0 0 0 109 -8,0.0 0.0 0.0 0.0 0.0 0.5789473684210527 1.0,6.7894736842105265,0.45714285714285713,33,0 0 0 0 0 118 -20,0.0 0.0 0.0 0.0 0.0 0.8157894736842105 0.6666666666666666,8.82456140350877,0.10714285714285714,199,0 0 0 0 0 109 -44,0.0 0.0 0.0 0.0 0.0 0.5789473684210527 0.0,5.7894736842105265,0.10714285714285714,273,0 0 0 0 0 107 -33,0.0 0.0 0.0 0.0 0.0 0.5263157894736842 0.3055555555555556,5.568713450292397,0.45,115,0 0 0 0 0 120 -16,0.0 0.0 0.0 0.0 0.0 0.868421052631579 0.7777777777777778,9.461988304093568,0.10714285714285714,294,0 0 0 0 0 109 -44,0.0 0.0 0.0 0.0 0.0 0.5789473684210527 0.0,5.7894736842105265,0.10714285714285714,273,0 0 0 0 0 107 -33,0.0 0.0 0.0 0.0 0.0 0.5263157894736842 0.3055555555555556,5.568713450292397,0.45,115,0 0 0 0 0 109 -29,0.0 0.0 0.0 0.0 0.0 0.5789473684210527 0.4166666666666667,6.2061403508771935,0.10714285714285714,299,0 0 0 0 0 93 -18,0.0 0.0 0.0 0.0 0.0 0.15789473684210525 0.7222222222222222,2.301169590643275,0.10714285714285714,138
resolved-p7d-c21d-3600-all/resolved-p7d-c21d-3600-2nd/nsp-n50-d28-r0.10-rp2-fp2-s5,44 311 10 82 4 1554 -129,0.9361702127659575 0.7933673469387755 0.002450379808870375 0.0005972441448743655 0.2 0.0 0.5971223021582733,1015552.6456243708,0.011428571428571429,685,44 311 10 85 5 1554 -130,0.9361702127659575 0.7933673469387755 0.002450379808870375 0.0007252250330617295 0.25 0.0 0.5899280575539568,1015557.7664110144,0.011428571428571429,679,44 311 9 83 5 1555 -130,0.9361702127659575 0.7933673469387755 0.0022053418279833373 0.0006399044409368201 0.25 0.00010530749789385004 0.5899280575539568,1015555.2317636884,0.011428571428571429,692.0,47 321 0 74 10 1907 -131,1.0 0.8188775510204082 0.0 0.00025596177637472804 0.5 0.03717354675652906 0.5827338129496403,1081938.9655330977,0.011428571428571429,189,44 329 47 146 12 1645 -93,0.9361702127659575 0.8392857142857143 0.011516785101690762 0.0033275030928714647 0.6 0.009582982308340354 0.8561151079136691,1020278.2314935697,0.03428571428571429,638,46 313 45 184 16 1680 -98,0.9787234042553191 0.798469387755102 0.011026709139916687 0.004948594343244742 0.8 0.013268744734625105 0.8201438848920863,1058766.511547904,0.03428571428571429,640,46 319 0 94 10 1915 -131,0.9787234042553191 0.8137755102040817 0.0 0.0011091676976238214 0.5 0.038016006739679864 0.5827338129496403,1060153.0273373052,0.011428571428571429,332,45 311 11 91 10 1606 -110,0.9574468085106383 0.7933673469387755 0.0026954177897574125 0.0009811868094364575 0.5 0.005475989890480202 0.7338129496402878,1036862.2671420714,0.011428571428571429,618,45 311 22 91 10 1606 -114,0.9574468085106383 0.7933673469387755 0.005390835579514825 0.0009811868094364575 0.5 0.005475989890480202 0.7050359712230215,1036889.1925429906,0.011428571428571429,582,47 317 2 68 6 1913 -115,1.0 0.8086734693877551 0.000490075961774075 0.0 0.3 0.037805391743892164 0.697841726618705,1080903.3235940372,0.011428571428571429,318,39 392 129 127 17 1645 -94,0.8297872340425532 1.0 0.03160989953442784 0.0025169574676848256 0.85 0.009582982308340354 0.8489208633093526,930191.7947460514,0.05714285714285714,470,43 359 108 174 20 1662 -73,0.9148936170212766 0.9158163265306123 0.02646410193580005 0.0045219913826201955 1.0 0.011373209772535805 1.0,1006845.5264171762,0.06,295,37 56 3205 10494 0 7825 -140,0.7872340425531915 0.14285714285714285 0.7853467287429552 0.44477624674715244 0.0 0.6603833192923336 0.5179856115107914,809825.122191887,0.011428571428571429,410,0 0 3807 22525 0 10559 -209,0.0 0.0 0.9328595932369518 0.9580222686745447 0.0 0.9482940185341197 0.02158273381294964,10296.122723963215,0.6285714285714286,246,0 0 4081 23509 0 11050 -212,0.0 0.0 1.0 1.0 0.0 1.0 0.0,11010.0,0.6285714285714286,37,37 56 3201 10436 0 7821 -140,0.7872340425531915 0.14285714285714285 0.784366576819407 0.44230194957553004 0.0 0.6599620893007582 0.5179856115107914,809812.8421631799,0.011428571428571429,422,0 0 3807 22439 0 10555 -205,0.0 0.0 0.9328595932369518 0.9543534832131735 0.0 0.9478727885425442 0.050359712230215826,10292.478503180346,0.6285714285714286,261,0 0 4081 23509 0 11050 -212,0.0 0.0 1.0 1.0 0.0 1.0 0.0,11010.0,0.6285714285714286,37,42 305 1 68 3 1803 -114,0.8936170212765957 0.7780612244897959 0.0002450379808870375 0.0 0.15 0.02622156697556866 0.7050359712230215,971441.561357025,0.011428571428571429,478
resolved-p7d-c21d-3600-all/resolved-p7d-c21d-3600-2nd/nsp-n50-d28-r0.10-rp2-fp2-s2,24 46 3649 12590 47 9320 -166,0.0 1.0 0.03125 0.01873025425003761 1.0 0.030315278900565887 0.8297872340425532,100432.36319427309,0.005714285714285714,543,24 46 3650 12535 47 9317 -168,0.0 1.0 0.032552083333333336 0.01459304949601324 1.0 0.02910266774454325 0.7872340425531915,100441.19214354934,0.005714285714285714,530,24 46 3635 12485 47 9279 -158,0.0 1.0 0.013020833333333334 0.010831954265081992 1.0 0.0137429264349232 1.0,100242.17771686276,0.005714285714285714,584.0,24 46 3682 12603 47 9407 -164,0.0 1.0 0.07421875 0.019708139010079735 1.0 0.06548100242522231 0.8723404255319149,100863.42278945986,0.005714285714285714,394,24 46 3625 12664 47 9371 -183,0.0 1.0 0.0 0.024296675191815855 1.0 0.05092966855295069 0.46808510638297873,100125.27405698373,0.005714285714285714,477,24 46 3625 12664 47 9371 -183,0.0 1.0 0.0 0.024296675191815855 1.0 0.05092966855295069 0.46808510638297873,100125.27405698373,0.005714285714285714,477,24 46 3682 12603 47 9407 -164,0.0 1.0 0.07421875 0.019708139010079735 1.0 0.06548100242522231 0.8723404255319149,100863.42278945986,0.005714285714285714,394,24 46 3625 12664 47 9371 -183,0.0 1.0 0.0 0.024296675191815855 1.0 0.05092966855295069 0.46808510638297873,100125.27405698373,0.005714285714285714,477,24 46 3625 12664 47 9371 -183,0.0 1.0 0.0 0.024296675191815855 1.0 0.05092966855295069 0.46808510638297873,100125.27405698373,0.005714285714285714,477,24 46 3682 12603 47 9407 -164,0.0 1.0 0.07421875 0.019708139010079735 1.0 0.06548100242522231 0.8723404255319149,100863.42278945986,0.005714285714285714,394,24 46 3625 12664 47 9371 -183,0.0 1.0 0.0 0.024296675191815855 1.0 0.05092966855295069 0.46808510638297873,100125.27405698373,0.005714285714285714,477,24 46 3625 12664 47 9371 -183,0.0 1.0 0.0 0.024296675191815855 1.0 0.05092966855295069 0.46808510638297873,100125.27405698373,0.005714285714285714,477,28 8 4393 25635 0 11719 -199,1.0 0.09523809523809523 1.0 1.0 0.0 1.0 0.1276595744680851,1020533.937183384,0.7142857142857143,53,27 4 4183 25033 0 11346 -205,0.75 0.0 0.7265625 0.9547164134195878 0.0 0.849232012934519 0.0,758228.8337335489,0.6885714285714286,756,27 5 4186 25285 0 11334 -200,0.75 0.023809523809523808 0.73046875 0.9736723333834812 0.0 0.8443815683104284 0.10638297872340426,760667.8624129976,0.6885714285714286,359,28 8 4393 25635 0 11719 -199,1.0 0.09523809523809523 1.0 1.0 0.0 1.0 0.1276595744680851,1020533.937183384,0.7142857142857143,53,27 4 4183 24977 0 11345 -205,0.75 0.0 0.7265625 0.9505039867609448 0.0 0.8488278092158448 0.0,758224.6172648531,0.6885714285714286,761,27 5 4186 25285 0 11334 -199,0.75 0.023809523809523808 0.73046875 0.9736723333834812 0.0 0.8443815683104284 0.1276595744680851,760667.8836895934,0.6885714285714286,358,24 46 3676 12341 47 9245 -160,0.0 1.0 0.06640625 0.0 1.0 0.0 0.9574468085106383,100765.0199468085,0.005714285714285714,528
resolved-p7d-c21d-3600-all/resolved-p7d-c21d-3600-2nd/nsp-n20-d28-r0.10-rp2-fp2-s8,5 2 534 4748 11 1850 -4,0.07692307692307693 0.0 0.9166666666666666 0.9095154699357851 0.044444444444444446 0.9028465346534653 0.04878048780487805,87012.78074995815,0.02142857142857143,1246,5 2 502 4681 15 1764 0,0.07692307692307693 0.0 0.8599290780141844 0.8964779139910488 0.13333333333333333 0.8496287128712872 0.14634146341463414,86440.82157913527,0.02142857142857143,1445,5 2 525 4752 12 1811 -1,0.07692307692307693 0.0 0.900709219858156 0.9102938314847246 0.06666666666666667 0.8787128712871287 0.12195121951219512,86856.03869974226,0.02142857142857143,1363.0,6 2 581 4729 11 2007 6,0.15384615384615385 0.0 1.0 0.9058182525783226 0.044444444444444446 1.0 0.2926829268292683,164766.70922610344,0.02142857142857143,52,5 2 544 5213 10 1843 3,0.07692307692307693 0.0 0.9343971631205674 1.0 0.022222222222222223 0.8985148514851485 0.21951219512195122,87278.47543721479,0.25,477,4 2 544 5016 10 1884 0,0.0 0.0 0.9343971631205674 0.9616656937147305 0.022222222222222223 0.9238861386138614 0.14634146341463414,10317.24474999218,0.2714285714285714,621,6 2 581 4729 11 2007 5,0.15384615384615385 0.0 1.0 0.9058182525783226 0.044444444444444446 1.0 0.2682926829268293,164766.68483585955,0.02142857142857143,53,5 2 552 5213 10 1855 -2,0.07692307692307693 0.0 0.9485815602836879 1.0 0.022222222222222223 0.905940594059406 0.0975609756097561,87420.27171505222,0.25,474,4 2 545 4976 10 1887 -4,0.0 0.0 0.9361702127659575 0.9538820782253357 0.022222222222222223 0.9257425742574258 0.04878048780487805,10327.112634337513,0.2714285714285714,582,6 2 581 4729 11 2007 5,0.15384615384615385 0.0 1.0 0.9058182525783226 0.044444444444444446 1.0 0.2682926829268293,164766.68483585955,0.02142857142857143,53,5 2 562 5213 10 1873 -6,0.07692307692307693 0.0 0.9663120567375887 1.0 0.022222222222222223 0.9170792079207921 0.0,87597.59050475423,0.2642857142857143,384,4 2 545 5014 10 1887 0,0.0 0.0 0.9361702127659575 0.9612765129402607 0.022222222222222223 0.9257425742574258 0.14634146341463414,10334.604630028047,0.2714285714285714,577,17 166 120 186 33 710 34,1.0 0.9111111111111111 0.18262411347517732 0.021794123370305507 0.5333333333333333 0.1974009900990099 0.975609756097561,1093015.4293222236,0.02142857142857143,1005,14 182 446 129 53 560 34,0.7692307692307693 1.0 0.7606382978723404 0.010702471297917883 0.9777777777777777 0.10457920792079207 0.975609756097561,876947.6538604037,0.7,1898,16 181 17 74 9 391 1,0.9230769230769231 0.9944444444444445 0.0 0.0 0.0 0.0 0.17073170731707318,1022521.5382530749,0.7285714285714285,1773,17 166 121 186 33 714 35,1.0 0.9111111111111111 0.18439716312056736 0.021794123370305507 0.5333333333333333 0.1998762376237624 1.0,1093033.2089613967,0.02142857142857143,1000,14 182 446 130 54 557 30,0.7692307692307693 1.0 0.7606382978723404 0.010897061685152754 1.0 0.10272277227722772 0.8780487804878049,876949.954547681,0.7,1886,16 181 17 74 9 393 4,0.9230769230769231 0.9944444444444445 0.0 0.0 0.0 0.0012376237623762376 0.24390243902439024,1022521.6238000442,0.7285714285714285,1766,5 2 509 4135 12 1769 0,0.07692307692307693 0.0 0.8723404255319149 0.7902315625608095 0.06666666666666667 0.8527227722772277 0.14634146341463414,86452.05297680973,0.02142857142857143,1262
resolved-p7d-c21d-3600-all/resolved-p7d-c21d-3600-2nd/nsp-n40-d28-r0.10-rp2-fp2-s7,23 5 1725 10145 3 5235 -137,0.8888888888888888 0.15789473684210525 0.05454545454545454 0.04595572020816795 0.5 0.03058623619371283 0.7777777777777778,905320.8564789018,0.010714285714285714,795,23 5 1725 10145 3 5237 -137,0.8888888888888888 0.15789473684210525 0.05454545454545454 0.04595572020816795 0.5 0.03143585386576041 0.7777777777777778,905320.8649750785,0.010714285714285714,793,23 5 1725 10144 2 5253 -140,0.8888888888888888 0.15789473684210525 0.05454545454545454 0.04586751345153039 0.3333333333333333 0.038232795242141036 0.7301587301587301,905304.1304520214,0.010714285714285714,804.0,24 5 1758 10517 0 5198 -160,1.0 0.15789473684210525 0.08983957219251337 0.07876863367733969 0.0 0.014868309260832626 0.4126984126984127,1016767.1994213182,0.010714285714285714,415,21 21 1791 9624 6 5163 -133,0.6666666666666666 1.0 0.12513368983957218 0.0 1.0 0.0 0.8412698412698413,768018.8448349036,0.11785714285714285,526,21 17 1805 10485 1 5228 -149,0.6666666666666666 0.7894736842105263 0.14010695187165775 0.07594601746493782 0.16666666666666666 0.027612574341546302 0.5873015873015873,747108.5807178982,0.07857142857142857,361,24 5 1758 10517 0 5198 -160,1.0 0.15789473684210525 0.08983957219251337 0.07876863367733969 0.0 0.014868309260832626 0.4126984126984127,1016767.1994213182,0.010714285714285714,415,21 21 1791 9624 6 5163 -133,0.6666666666666666 1.0 0.12513368983957218 0.0 1.0 0.0 0.8412698412698413,768018.8448349036,0.11785714285714285,526,21 16 1806 10486 1 5229 -145,0.6666666666666666 0.7368421052631579 0.1411764705882353 0.07603422422157537 0.16666666666666666 0.028037383177570093 0.6507936507936508,741856.2739572356,0.07857142857142857,362,24 5 1758 10517 0 5198 -160,1.0 0.15789473684210525 0.08983957219251337 0.07876863367733969 0.0 0.014868309260832626 0.4126984126984127,1016767.1994213182,0.010714285714285714,415,21 21 1791 9624 6 5163 -133,0.6666666666666666 1.0 0.12513368983957218 0.0 1.0 0.0 0.8412698412698413,768018.8448349036,0.11785714285714285,526,21 16 1806 10486 1 5229 -145,0.6666666666666666 0.7368421052631579 0.1411764705882353 0.07603422422157537 0.16666666666666666 0.028037383177570093 0.6507936507936508,741856.2739572356,0.07857142857142857,362,16 6 2609 20961 0 7517 -168,0.1111111111111111 0.21052631578947367 1.0 1.0 0.0 1.0 0.2857142857142857,143174.0284043442,0.6392857142857142,32,15 2 2435 20687 0 7304 -182,0.0 0.0 0.813903743315508 0.9758313486813089 0.0 0.9095157179269329 0.06349206349206349,9124.02743107915,0.6285714285714286,932,15 3 2494 20516 0 7347 -172,0.0 0.05263157894736842 0.8770053475935828 0.9607479932962865 0.0 0.9277824978759558 0.2222222222222222,15003.459411169939,0.6285714285714286,364,16 6 2609 20961 0 7517 -168,0.1111111111111111 0.21052631578947367 1.0 1.0 0.0 1.0 0.2857142857142857,143174.0284043442,0.6392857142857142,32,15 2 2432 20632 1 7321 -186,0.0 0.0 0.8106951871657754 0.9709799770662433 0.16666666666666666 0.9167374681393373 0.0,9103.765890072058,0.6285714285714286,946,15 3 2494 20516 0 7347 -172,0.0 0.05263157894736842 0.8770053475935828 0.9607479932962865 0.0 0.9277824978759558 0.2222222222222222,15003.459411169939,0.6285714285714286,364,24 5 1674 9685 1 5170 -123,1.0 0.15789473684210525 0.0 0.005380612154891064 0.16666666666666666 0.002973661852166525 1.0,1015812.5506996507,0.010714285714285714,600
resolved-p7d-c21d-3600-all/resolved-p7d-c21d-3600-2nd/nsp-n50-d28-r0.10-rp2-fp2-s4,22 11 2887 12926 0 7763 -189,1.0 0.20833333333333334 0.058503401360544216 0.08350444900752908 0.0 0.04879898862199747 0.02040816326530612,1021502.3801939958,0.03142857142857143,483,22 11 2887 12926 0 7763 -189,1.0 0.20833333333333334 0.058503401360544216 0.08350444900752908 0.0 0.04879898862199747 0.02040816326530612,1021502.3801939958,0.03142857142857143,483,22 11 2887 12926 0 7763 -189,1.0 0.20833333333333334 0.058503401360544216 0.08350444900752908 0.0 0.04879898862199747 0.02040816326530612,1021502.3801939958,0.03142857142857143,483.0,22 11 2840 12919 0 7634 -169,1.0 0.20833333333333334 0.026530612244897958 0.08302532511978097 0.0 0.01618204804045512 0.42857142857142855,1021182.2551728111,0.03142857142857143,761,21 30 2940 13006 1 7866 -169,0.75 1.0 0.0945578231292517 0.08898015058179329 0.25 0.07484197218710494 0.42857142857142855,851060.7353730247,0.10857142857142857,575,22 11 2959 13142 1 7854 -181,1.0 0.20833333333333334 0.10748299319727891 0.09828884325804244 0.25 0.07180783817951959 0.1836734693877551,1022032.3538604154,0.03142857142857143,521,22 11 2812 12657 1 7577 -161,1.0 0.20833333333333334 0.007482993197278911 0.06509240246406571 0.25 0.0017699115044247787 0.5918367346938775,1020998.8652036199,0.03142857142857143,835,22 11 2908 12999 4 7853 -171,1.0 0.20833333333333334 0.0727891156462585 0.08850102669404518 1.0 0.07155499367888749 0.3877551020408163,1021750.8288215288,0.03142857142857143,560,21 30 2940 13006 1 7866 -169,0.75 1.0 0.0945578231292517 0.08898015058179329 0.25 0.07484197218710494 0.42857142857142855,851060.7353730247,0.10857142857142857,575,22 11 2801 12758 1 7570 -166,1.0 0.20833333333333334 0.0 0.07200547570157427 0.25 0.0 0.4897959183673469,1020930.8286049532,0.03142857142857143,839,22 11 2917 13034 3 7856 -173,1.0 0.20833333333333334 0.07891156462585033 0.09089664613278577 0.75 0.07231352718078382 0.3469387755102041,1021789.415699772,0.03142857142857143,542,22 11 2959 13156 1 7853 -188,1.0 0.20833333333333334 0.10748299319727891 0.09924709103353867 0.25 0.07155499367888749 0.04081632653061224,1022033.166722603,0.03142857142857143,520,18 6 4059 25790 0 11188 -187,0.0 0.0 0.85578231292517 0.9639972621492129 0.0 0.9147914032869785 0.061224489795918366,9531.02952992358,0.6542857142857142,780,18 7 4267 26243 0 11517 -189,0.0 0.041666666666666664 0.9972789115646259 0.9950034223134839 0.0 0.9979772439949431 0.02040816326530612,15144.459385229624,0.6628571428571428,278,18 7 4268 26316 0 11525 -190,0.0 0.041666666666666664 0.9979591836734694 1.0 0.0 1.0 0.0,15156.25850340136,0.6628571428571428,262,18 6 4063 25801 0 11188 -187,0.0 0.0 0.8585034013605443 0.9647501711156742 0.0 0.9147914032869785 0.061224489795918366,9558.993323243782,0.6542857142857142,770,18 7 4267 26291 0 11520 -190,0.0 0.041666666666666664 0.9972789115646259 0.9982888432580425 0.0 0.9987357774968394 0.0,15147.731983345937,0.6628571428571428,273,18 7 4271 26191 0 11520 -185,0.0 0.041666666666666664 1.0 0.9914442162902122 0.0 0.9987357774968394 0.10204081632653061,15168.200281548174,0.6628571428571428,249,18 11 2844 11706 0 7624 -141,0.0 0.20833333333333334 0.029251700680272108 0.0 0.0 0.013653603034134008 1.0,21126.986876166397,0.03142857142857143,651
resolved-p7d-c21d-3600-all/resolved-p7d-c21d-3600-2nd/nsp-n20-d28-r0.10-rp2-fp2-s1,10 3 448 3562 0 1382 -16,0.4 0.0 0.8700787401574803 0.7799424396723489 0.0 0.7585365853658537 0.49019607843137253,409488.80540317926,0.014285714285714285,1572,10 3 448 3558 0 1389 -19,0.4 0.0 0.8700787401574803 0.7790568961700244 0.0 0.7642276422764228 0.43137254901960786,409487.9179467166,0.014285714285714285,1590,10 3 448 3558 0 1383 -20,0.4 0.0 0.8700787401574803 0.7790568961700244 0.0 0.759349593495935 0.4117647058823529,409487.8495583857,0.014285714285714285,1607.0,11 3 514 4556 0 1679 -41,0.4666666666666667 0.0 1.0 1.0 0.0 1.0 0.0,477676.6666666667,0.014285714285714285,47,6 64 404 3522 3 1280 -5,0.13333333333333333 0.30198019801980197 0.7834645669291339 0.7710870046491034 0.42857142857142855 0.675609756097561 0.7058823529411765,172187.40493202503,0.4,877,4 69 433 2742 6 1306 0,0.0 0.32673267326732675 0.8405511811023622 0.5984060216958158 0.8571428571428571 0.6967479674796748 0.803921568627451,41770.67084640982,0.32857142857142857,1074,11 3 514 4556 0 1679 -41,0.4666666666666667 0.0 1.0 1.0 0.0 1.0 0.0,477676.6666666667,0.014285714285714285,47,6 64 403 3511 3 1278 -7,0.13333333333333333 0.30198019801980197 0.781496062992126 0.7686517600177109 0.42857142857142855 0.6739837398373983 0.6666666666666666,172165.2291721747,0.38571428571428573,925,4 69 448 2839 4 1336 -10,0.0 0.32673267326732675 0.8700787401574803 0.6198804516271862 0.5714285714285714 0.7211382113821139 0.6078431372549019,42058.897262328595,0.32857142857142857,1051,11 3 514 4556 0 1679 -41,0.4666666666666667 0.0 1.0 1.0 0.0 1.0 0.0,477676.6666666667,0.014285714285714285,47,6 64 403 3511 3 1278 -7,0.13333333333333333 0.30198019801980197 0.781496062992126 0.7686517600177109 0.42857142857142855 0.6739837398373983 0.6666666666666666,172165.2291721747,0.36428571428571427,926,4 70 446 2849 4 1336 -12,0.0 0.3316831683168317 0.8661417322834646 0.6220943103829976 0.5714285714285714 0.7211382113821139 0.5686274509803921,42516.75133160847,0.32857142857142857,929,18 205 142 197 7 484 10,0.9333333333333333 1.0 0.2677165354330709 0.034978968341819794 1.0 0.028455284552845527 1.0,1036146.7622088514,0.014285714285714285,814,17 169 6 40 4 479 6,0.8666666666666667 0.8217821782178217 0.0 0.00022138587558113792 0.5714285714285714 0.024390243902439025 0.9215686274509803,948903.4142025338,0.6928571428571428,2061,17 191 19 91 6 470 7,0.8666666666666667 0.9306930693069307 0.025590551181102362 0.011512065530219173 0.8571428571428571 0.01707317073170732 0.9411764705882353,960090.2173685932,0.6642857142857143,1693,19 181 95 187 3 449 5,1.0 0.8811881188118812 0.17519685039370078 0.032765109586008416 0.42857142857142855 0.0 0.9019607843137255,1089947.3045983526,0.014285714285714285,688,17 169 6 39 4 470 1,0.8666666666666667 0.8217821782178217 0.0 0.0 0.5714285714285714 0.01707317073170732 0.8235294117647058,948903.0216067109,0.6928571428571428,2125,17 191 19 91 6 472 8,0.8666666666666667 0.9306930693069307 0.025590551181102362 0.011512065530219173 0.8571428571428571 0.01869918699186992 0.9607843137254902,960090.253236599,0.6642857142857143,1682,8 3 381 2917 0 1257 -7,0.26666666666666666 0.0 0.7381889763779528 0.6371485499225149 0.0 0.656910569105691 0.6666666666666666,274692.94075272646,0.014285714285714285,1498
resolved-p7d-c21d-3600-all/resolved-p7d-c21d-3600-2nd/nsp-n20-d28-r0.10-rp2-fp2-s3,0 0 0 0 0 112 -36,0.0 0.0 0.0 0.0 0.0 0.0 0.35714285714285715,0.35714285714285715,0.10714285714285714,52,0 0 0 0 0 116 -37,0.0 0.0 0.0 0.0 0.0 0.09523809523809523 0.32142857142857145,1.2738095238095237,0.08571428571428572,32,0 0 0 0 0 126 -37,0.0 0.0 0.0 0.0 0.0 0.3333333333333333 0.32142857142857145,3.6547619047619047,0.07857142857142857,30.0,0 0 0 0 0 118 -27,0.0 0.0 0.0 0.0 0.0 0.14285714285714285 0.6785714285714286,2.1071428571428568,0.07857142857142857,89,0 0 0 0 0 130 -19,0.0 0.0 0.0 0.0 0.0 0.42857142857142855 0.9642857142857143,5.25,0.4142857142857143,20,0 0 0 0 0 129 -24,0.0 0.0 0.0 0.0 0.0 0.40476190476190477 0.7857142857142857,4.833333333333333,0.07857142857142857,51,0 0 0 0 0 154 -33,0.0 0.0 0.0 0.0 0.0 1.0 0.4642857142857143,10.464285714285714,0.07857142857142857,225,0 0 0 0 0 139 -46,0.0 0.0 0.0 0.0 0.0 0.6428571428571429 0.0,6.428571428571429,0.29285714285714287,28,0 0 0 0 0 132 -34,0.0 0.0 0.0 0.0 0.0 0.47619047619047616 0.42857142857142855,5.190476190476191,0.07857142857142857,154,0 0 0 0 0 130 -40,0.0 0.0 0.0 0.0 0.0 0.42857142857142855 0.21428571428571427,4.5,0.07857142857142857,170,0 0 0 0 0 130 -22,0.0 0.0 0.0 0.0 0.0 0.42857142857142855 0.8571428571428571,5.142857142857142,0.2357142857142857,28,0 0 0 0 0 125 -18,0.0 0.0 0.0 0.0 0.0 0.30952380952380953 1.0,4.095238095238095,0.07857142857142857,122,0 0 0 0 0 126 -41,0.0 0.0 0.0 0.0 0.0 0.3333333333333333 0.17857142857142858,3.5119047619047614,0.07857142857142857,260,0 0 0 0 0 131 -33,0.0 0.0 0.0 0.0 0.0 0.4523809523809524 0.4642857142857143,4.988095238095238,0.5142857142857142,40,0 0 0 0 0 120 -20,0.0 0.0 0.0 0.0 0.0 0.19047619047619047 0.9285714285714286,2.833333333333333,0.07857142857142857,274,0 0 0 0 0 126 -42,0.0 0.0 0.0 0.0 0.0 0.3333333333333333 0.14285714285714285,3.476190476190476,0.07857142857142857,261,0 0 0 0 0 131 -33,0.0 0.0 0.0 0.0 0.0 0.4523809523809524 0.4642857142857143,4.988095238095238,0.5142857142857142,40,0 0 0 0 0 120 -20,0.0 0.0 0.0 0.0 0.0 0.19047619047619047 0.9285714285714286,2.833333333333333,0.07857142857142857,274,0 0 0 0 0 130 -33,0.0 0.0 0.0 0.0 0.0 0.42857142857142855 0.4642857142857143,4.75,0.07857142857142857,62
resolved-p7d-c21d-3600-all/resolved-p7d-c21d-3600-2nd/nsp-n30-d28-r0.10-rp2-fp2-s0,6 8 937 6436 0 2895 -55,0.25 0.42857142857142855 0.0 0.0 0.0 0.0 1.0,292858.14285714284,0.01904761904761905,1042,6 8 937 6450 0 2904 -55,0.25 0.42857142857142855 0.0 0.0016718414139001673 0.0 0.006020066889632107 1.0,292859.87489922566,0.01904761904761905,1031,6 8 946 6548 0 2922 -63,0.25 0.42857142857142855 0.01768172888015717 0.013374731311201338 0.0 0.018060200668896322 0.8974358974358975,293048.4129151598,0.01904761904761905,827.0,5 8 1020 6606 1 3009 -89,0.0 0.42857142857142855 0.16306483300589392 0.02030093145450203 0.5 0.07625418060200669 0.5641025641025641,44559.41876302642,0.01904761904761905,473,6 8 1004 7199 0 2952 -108,0.25 0.42857142857142855 0.13163064833005894 0.09111535705755912 0.0 0.03812709030100334 0.32051282051282054,294265.2664812245,0.01904761904761905,1010,6 8 989 7268 0 2940 -101,0.25 0.42857142857142855 0.10216110019646366 0.09935514688320994 0.0 0.030100334448160536 0.41025641025641024,293978.82026574545,0.01904761904761905,1084,5 8 1020 6565 2 3022 -90,0.0 0.42857142857142855 0.16306483300589392 0.01540482445665154 1.0 0.08494983277591973 0.5512820512820513,44604.59679203749,0.01904761904761905,476,6 8 985 7357 0 2931 -103,0.25 0.42857142857142855 0.09430255402750491 0.109983281585861 0.0 0.024080267558528427 0.38461538461538464,293910.77709706395,0.01904761904761905,1103,6 8 985 7301 0 2931 -98,0.25 0.42857142857142855 0.09430255402750491 0.10329591593026033 0.0 0.024080267558528427 0.44871794871794873,293904.15383397246,0.01904761904761905,1105,5 8 1020 6567 2 3022 -90,0.0 0.42857142857142855 0.16306483300589392 0.015643658944351563 1.0 0.08494983277591973 0.5512820512820513,44604.835626525186,0.01904761904761905,474,6 8 989 7268 0 2928 -101,0.25 0.42857142857142855 0.10216110019646366 0.09935514688320994 0.0 0.022073578595317726 0.41025641025641024,293978.73999818694,0.01904761904761905,1089,6 8 985 7260 0 2925 -101,0.25 0.42857142857142855 0.09430255402750491 0.09839980893240984 0.0 0.020066889632107024 0.41025641025641024,293899.1791316569,0.01904761904761905,1131,9 5 1439 14697 0 4390 -98,1.0 0.0 0.9862475442043221 0.9865058514449486 0.0 1.0 0.44871794871794873,1010859.4300114369,0.6619047619047619,251,7 12 1383 14708 0 4332 -133,0.5 1.0 0.8762278978388998 0.9878194411272988 0.0 0.9612040133779264 0.0,609759.71045965,0.6904761904761905,1074,7 10 1359 14536 1 4291 -133,0.5 0.7142857142857143 0.8290766208251473 0.9672796751850967 0.5 0.9337792642140468 0.0,580745.9551046501,0.6666666666666666,1269,9 5 1446 14609 0 4378 -94,1.0 0.0 1.0 0.9759971339861476 0.0 0.9919732441471572 0.5,1010986.4168664276,0.6619047619047619,243,7 11 1403 14810 1 4358 -131,0.5 0.8571428571428571 0.9155206286836935 1.0 0.5 0.9785953177257525 0.02564102564102564,595929.3035953256,0.680952380952381,1377,7 10 1353 14536 1 4261 -133,0.5 0.7142857142857143 0.8172888015717092 0.9672796751850967 0.5 0.9137123745819398 0.0,580627.8762432195,0.6666666666666666,1294,6 8 1006 7001 0 2995 -102,0.25 0.42857142857142855 0.13555992141453832 0.06747074277525675 0.0 0.06688963210702341 0.3974358974358974,294281.279146282,0.01904761904761905,1242
resolved-p7d-c21d-3600-all/resolved-p7d-c21d-3600-2nd/nsp-n30-d28-r0.10-rp2-fp2-s3,17 59 1045 6984 14 3391 -80,0.75 1.0 0.02823529411764706 0.09325443786982249 0.875 0.05893358278765201 0.41509433962264153,850464.1118092138,0.014285714285714285,760,17 59 1045 6984 14 3391 -80,0.75 1.0 0.02823529411764706 0.09325443786982249 0.875 0.05893358278765201 0.41509433962264153,850464.1118092138,0.014285714285714285,760,17 59 1045 6982 14 3398 -76,0.75 1.0 0.02823529411764706 0.09301775147928994 0.875 0.06548175865294668 0.49056603773584906,850464.01607628,0.014285714285714285,764.0,17 59 1049 6885 16 3380 -68,0.75 1.0 0.03764705882352941 0.08153846153846153 1.0 0.04864359214218896 0.6415094339622641,850559.1369951292,0.014285714285714285,469,17 58 1059 6212 13 3368 -66,0.75 0.9818181818181818 0.0611764705882353 0.001893491124260355 0.8125 0.037418147801683815 0.6792452830188679,848877.7798055859,0.11904761904761904,432,17 58 1059 6206 13 3368 -65,0.75 0.9818181818181818 0.0611764705882353 0.001183431952662722 0.8125 0.037418147801683815 0.6981132075471698,848877.0886143388,0.10952380952380952,447,17 59 1063 6916 13 3396 -76,0.75 1.0 0.07058823529411765 0.08520710059171598 0.8125 0.06361085126286249 0.49056603773584906,850873.4661280833,0.014285714285714285,423,17 58 1057 6203 13 3368 -67,0.75 0.9818181818181818 0.05647058823529412 0.0008284023668639054 0.8125 0.037418147801683815 0.660377358490566,848829.6370253745,0.14285714285714285,454,17 58 1059 6203 13 3368 -65,0.75 0.9818181818181818 0.0611764705882353 0.0008284023668639054 0.8125 0.037418147801683815 0.6981132075471698,848876.733584753,0.11904761904761904,452,17 59 1058 6934 16 3384 -75,0.75 1.0 0.058823529411764705 0.08733727810650888 1.0 0.052385406922357346 0.5094339622641509,850776.6058602557,0.014285714285714285,450,17 58 1057 6203 13 3368 -67,0.75 0.9818181818181818 0.05647058823529412 0.0008284023668639054 0.8125 0.037418147801683815 0.660377358490566,848829.6370253745,0.14285714285714285,454,17 59 1061 6196 13 3328 -56,0.75 1.0 0.06588235294117648 0.0 0.8125 0.0 0.8679245283018868,850740.9414539401,0.014285714285714285,412,18 13 1458 14646 0 4397 -91,1.0 0.16363636363636364 1.0 1.0 0.0 1.0 0.20754716981132076,1027373.8439108062,0.6857142857142857,843,17 4 1414 14629 0 4380 -102,0.75 0.0 0.8964705882352941 0.9979881656804733 0.0 0.9840972871842844 0.0,759972.5350209053,0.7142857142857143,1212,16 4 1339 14212 0 4250 -80,0.5 0.0 0.72 0.9486390532544379 0.0 0.862488306828812 0.41509433962264153,508157.67903066234,0.7047619047619048,960,18 13 1456 14368 0 4376 -86,1.0 0.16363636363636364 0.9952941176470588 0.9671005917159763 0.0 0.980355472404116 0.3018867924528302,1027293.7835733395,0.6857142857142857,864,17 4 1416 14533 0 4352 -102,0.75 0.0 0.9011764705882352 0.9866272189349112 0.0 0.9579045837231057 0.0,760007.9709706545,0.719047619047619,1168,16 4 1371 14328 0 4290 -90,0.5 0.0 0.7952941176470588 0.9623668639053254 0.0 0.8999064546304958 0.22641509433962265,508924.5335200166,0.7,896,14 59 1033 6390 14 3333 -49,0.0 1.0 0.0 0.022958579881656806 0.875 0.004677268475210477 1.0,100111.50535256641,0.014285714285714285,933
resolved-p7d-c21d-3600-all/resolved-p7d-c21d-3600-2nd/nsp-n10-d28-r0.10-rp0-fp0-s9,0 0 0 0 0 90 -31,0.0 0.0 0.0 0.0 0.0 0.0 0.3888888888888889,0.3888888888888889,0.2857142857142857,40,0 0 0 0 0 99 -29,0.0 0.0 0.0 0.0 0.0 0.23684210526315788 0.5,2.8684210526315788,0.22857142857142856,20,0 0 0 0 0 106 -28,0.0 0.0 0.0 0.0 0.0 0.42105263157894735 0.5555555555555556,4.766081871345029,0.22857142857142856,6.0,0 0 0 0 0 97 -36,0.0 0.0 0.0 0.0 0.0 0.18421052631578946 0.1111111111111111,1.9532163742690059,0.18571428571428572,96,0 0 0 0 0 111 -30,0.0 0.0 0.0 0.0 0.0 0.5526315789473685 0.4444444444444444,5.97076023391813,0.4142857142857143,86,0 0 0 0 0 105 -37,0.0 0.0 0.0 0.0 0.0 0.39473684210526316 0.05555555555555555,4.002923976608187,0.18571428571428572,91,0 0 0 0 0 128 -28,0.0 0.0 0.0 0.0 0.0 1.0 0.5555555555555556,10.555555555555555,0.18571428571428572,151,0 0 0 0 0 118 -24,0.0 0.0 0.0 0.0 0.0 0.7368421052631579 0.7777777777777778,8.146198830409357,0.2857142857142857,136,0 0 0 0 0 113 -27,0.0 0.0 0.0 0.0 0.0 0.6052631578947368 0.6111111111111112,6.663742690058479,0.18571428571428572,116,0 0 0 0 0 99 -36,0.0 0.0 0.0 0.0 0.0 0.23684210526315788 0.1111111111111111,2.47953216374269,0.18571428571428572,269,0 0 0 0 0 103 -26,0.0 0.0 0.0 0.0 0.0 0.34210526315789475 0.6666666666666666,4.087719298245614,0.45714285714285713,92,0 0 0 0 0 115 -28,0.0 0.0 0.0 0.0 0.0 0.6578947368421053 0.5555555555555556,7.1345029239766085,0.18571428571428572,269,0 0 0 0 0 109 -38,0.0 0.0 0.0 0.0 0.0 0.5 0.0,5.0,0.18571428571428572,159,0 0 0 0 0 107 -37,0.0 0.0 0.0 0.0 0.0 0.4473684210526316 0.05555555555555555,4.529239766081871,0.5142857142857142,121,0 0 0 0 0 91 -36,0.0 0.0 0.0 0.0 0.0 0.02631578947368421 0.1111111111111111,0.3742690058479532,0.18571428571428572,94,0 0 0 0 0 109 -36,0.0 0.0 0.0 0.0 0.0 0.5 0.1111111111111111,5.111111111111111,0.18571428571428572,158,0 0 0 0 0 107 -35,0.0 0.0 0.0 0.0 0.0 0.4473684210526316 0.16666666666666666,4.640350877192983,0.5142857142857142,120,0 0 0 0 0 91 -36,0.0 0.0 0.0 0.0 0.0 0.02631578947368421 0.1111111111111111,0.3742690058479532,0.18571428571428572,94,0 0 0 0 0 120 -20,0.0 0.0 0.0 0.0 0.0 0.7894736842105263 1.0,8.894736842105264,0.2,145
resolved-p7d-c21d-3600-all/resolved-p7d-c21d-3600-2nd/nsp-n50-d28-r0.10-rp2-fp2-s1,23 12 2878 12886 0 7784 -230,1.0 0.6 0.0016038492381716118 0.06323762550642945 0.0 0.0 0.22,1060079.4961178883,0.014285714285714285,756,23 12 2876 12909 0 7784 -235,1.0 0.6 0.0 0.06526334331513123 0.0 0.0 0.12,1060065.3833433152,0.014285714285714285,783,23 12 2878 12930 0 7790 -230,1.0 0.6 0.0016038492381716118 0.06711291174916328 0.0 0.0018512804689910522 0.22,1060083.3899169355,0.014285714285714285,751.0,23 12 3217 13718 0 8297 -231,1.0 0.6 0.2734562951082598 0.13651576536903293 0.0 0.15828448009873497 0.2,1062872.8615612525,0.014285714285714285,18,23 12 3002 13043 1 8022 -225,1.0 0.6 0.10104250200481155 0.07706535141800247 0.25 0.0734341252699784 0.32,1061113.5447127188,0.014285714285714285,557,23 12 3002 13139 1 8028 -224,1.0 0.6 0.10104250200481155 0.08552052140214902 0.25 0.07528540573896945 0.34,1061122.0383955077,0.014285714285714285,543,23 12 3217 13718 0 8297 -231,1.0 0.6 0.2734562951082598 0.13651576536903293 0.0 0.15828448009873497 0.2,1062872.8615612525,0.014285714285714285,18,22 12 3005 12911 1 8021 -226,0.9565217391304348 0.6 0.10344827586206896 0.06543949268980095 0.25 0.07312557852514656 0.3,1017647.6926375305,0.014285714285714285,567,22 12 3005 12924 1 8026 -227,0.9565217391304348 0.6 0.10344827586206896 0.06658446362515413 0.25 0.07466831224930577 0.28,1017648.8330358032,0.014285714285714285,564,23 12 3217 13718 0 8297 -231,1.0 0.6 0.2734562951082598 0.13651576536903293 0.0 0.15828448009873497 0.2,1062872.8615612525,0.014285714285714285,18,23 12 3003 13117 1 8019 -224,1.0 0.6 0.10184442662389735 0.0835828782807821 0.25 0.07250848503548288 0.34,1061128.09222937,0.014285714285714285,531,23 12 3003 13117 1 8019 -224,1.0 0.6 0.10184442662389735 0.0835828782807821 0.25 0.07250848503548288 0.34,1061128.09222937,0.014285714285714285,531,19 20 3250 12168 0 8095 -191,0.8260869565217391 1.0 0.29991980753809144 0.0 0.0 0.09595803764270287 1.0,929088.1141774965,0.014285714285714285,450,0 0 4123 23453 0 11025 -201,0.0 0.0 1.0 0.9939228465738946 0.0 1.0 0.8,11004.722846573895,0.6257142857142857,66,0 0 4122 23430 0 11008 -206,0.0 0.0 0.9991980753809142 0.9918971287651929 0.0 0.9947547053378587 0.7,10994.525429627714,0.6257142857142857,88,19 20 3242 12168 0 8095 -192,0.8260869565217391 1.0 0.293504410585405 0.0 0.0 0.09595803764270287 0.98,929023.9402079696,0.014285714285714285,453,0 0 4123 23453 0 11025 -200,0.0 0.0 1.0 0.9939228465738946 0.0 1.0 0.82,11004.742846573894,0.6257142857142857,65,0 0 4122 23522 0 11009 -208,0.0 0.0 0.9991980753809142 1.0 0.0 0.9950632520826905 0.66,11002.59138632997,0.6257142857142857,78,23 12 3009 13245 4 8055 -241,1.0 0.6 0.10665597433841219 0.09485643825964418 1.0 0.08361616784942918 0.0,1061262.2523433222,0.014285714285714285,798
resolved-p7d-c21d-3600-all/resolved-p7d-c21d-3600-2nd/nsp-n20-d28-r0.10-rp2-fp2-s7,0 0 0 0 0 86 -47,0.0 0.0 0.0 0.0 0.0 0.38636363636363635 0.2,4.0636363636363635,0.19285714285714287,205,0 0 0 0 0 94 -44,0.0 0.0 0.0 0.0 0.0 0.5681818181818182 0.2857142857142857,5.967532467532468,0.17857142857142858,187,0 0 0 0 0 94 -44,0.0 0.0 0.0 0.0 0.0 0.5681818181818182 0.2857142857142857,5.967532467532468,0.17857142857142858,187.0,0 0 0 0 0 88 -39,0.0 0.0 0.0 0.0 0.0 0.4318181818181818 0.42857142857142855,4.746753246753247,0.17857142857142858,255,0 0 0 0 0 91 -31,0.0 0.0 0.0 0.0 0.0 0.5 0.6571428571428571,5.6571428571428575,0.38571428571428573,13,0 0 0 0 0 113 -19,0.0 0.0 0.0 0.0 0.0 1.0 1.0,11.0,0.17857142857142858,122,0 0 0 0 0 101 -44,0.0 0.0 0.0 0.0 0.0 0.7272727272727273 0.2857142857142857,7.558441558441559,0.17857142857142858,211,0 0 0 0 0 80 -54,0.0 0.0 0.0 0.0 0.0 0.25 0.0,2.5,0.36428571428571427,22,0 0 0 0 0 82 -33,0.0 0.0 0.0 0.0 0.0 0.29545454545454547 0.6,3.5545454545454547,0.17857142857142858,140,0 0 0 0 0 87 -35,0.0 0.0 0.0 0.0 0.0 0.4090909090909091 0.5428571428571428,4.6337662337662335,0.17857142857142858,137,0 0 0 0 0 90 -29,0.0 0.0 0.0 0.0 0.0 0.4772727272727273 0.7142857142857143,5.487012987012988,0.32857142857142857,85,0 0 0 0 0 72 -50,0.0 0.0 0.0 0.0 0.0 0.06818181818181818 0.11428571428571428,0.7961038961038961,0.17857142857142858,181,0 0 0 0 0 83 -24,0.0 0.0 0.0 0.0 0.0 0.3181818181818182 0.8571428571428571,4.038961038961038,0.17857142857142858,252,0 0 0 0 0 81 -48,0.0 0.0 0.0 0.0 0.0 0.2727272727272727 0.17142857142857143,2.8987012987012983,0.5214285714285715,188,0 0 0 0 0 87 -29,0.0 0.0 0.0 0.0 0.0 0.4090909090909091 0.7142857142857143,4.805194805194805,0.17857142857142858,139,0 0 0 0 0 83 -24,0.0 0.0 0.0 0.0 0.0 0.3181818181818182 0.8571428571428571,4.038961038961038,0.17857142857142858,252,0 0 0 0 0 81 -48,0.0 0.0 0.0 0.0 0.0 0.2727272727272727 0.17142857142857143,2.8987012987012983,0.5214285714285715,188,0 0 0 0 0 87 -37,0.0 0.0 0.0 0.0 0.0 0.4090909090909091 0.4857142857142857,4.576623376623377,0.17857142857142858,147,0 0 0 0 0 69 -54,0.0 0.0 0.0 0.0 0.0 0.0 0.0,0.0,0.17857142857142858,61
resolved-p7d-c21d-3600-all/resolved-p7d-c21d-3600-2nd/nsp-n40-d28-r0.10-rp2-fp2-s8,0 0 0 0 0 393 -145,0.0 0.0 0.0 0.0 0.0 0.07339449541284404 0.0,0.7339449541284404,0.125,66,0 0 0 0 0 423 -108,0.0 0.0 0.0 0.0 0.0 0.12844036697247707 0.3217391304347826,1.6061428001595532,0.10357142857142858,40,0 0 0 0 0 423 -108,0.0 0.0 0.0 0.0 0.0 0.12844036697247707 0.3217391304347826,1.6061428001595532,0.10357142857142858,40.0,0 0 0 0 0 419 -128,0.0 0.0 0.0 0.0 0.0 0.12110091743119267 0.14782608695652175,1.3588352612684484,0.1,122,0 0 0 0 0 431 -88,0.0 0.0 0.0 0.0 0.0 0.14311926605504588 0.4956521739130435,1.9268448344635023,0.2857142857142857,30,0 0 0 0 0 424 -101,0.0 0.0 0.0 0.0 0.0 0.13027522935779817 0.3826086956521739,1.6853609892301558,0.1,145,0 0 0 0 0 397 -131,0.0 0.0 0.0 0.0 0.0 0.08073394495412844 0.12173913043478261,0.929078579976067,0.1,161,0 0 0 0 0 444 -99,0.0 0.0 0.0 0.0 0.0 0.1669724770642202 0.4,2.069724770642202,0.30357142857142855,16,0 0 0 0 0 411 -106,0.0 0.0 0.0 0.0 0.0 0.10642201834862386 0.3391304347826087,1.4033506182688473,0.1,116,0 0 0 0 0 388 -106,0.0 0.0 0.0 0.0 0.0 0.06422018348623854 0.3391304347826087,0.981332269644994,0.1,111,0 0 0 0 0 415 -90,0.0 0.0 0.0 0.0 0.0 0.11376146788990826 0.4782608695652174,1.6158755484643001,0.37857142857142856,24,0 0 0 0 0 353 -101,0.0 0.0 0.0 0.0 0.0 0.0 0.3826086956521739,0.3826086956521739,0.1,85,0 0 0 0 0 534 -123,0.0 0.0 0.0 0.0 0.0 0.3321100917431193 0.19130434782608696,3.5124052652572795,0.1,342,0 0 0 0 0 437 -98,0.0 0.0 0.0 0.0 0.0 0.15412844036697249 0.40869565217391307,1.949980055843638,0.5857142857142857,70,0 0 0 0 0 885 -30,0.0 0.0 0.0 0.0 0.0 0.9761467889908257 1.0,10.761467889908257,0.21428571428571427,147,0 0 0 0 0 499 -89,0.0 0.0 0.0 0.0 0.0 0.26788990825688075 0.48695652173913045,3.1658556043079376,0.1,360,0 0 0 0 0 437 -98,0.0 0.0 0.0 0.0 0.0 0.15412844036697249 0.40869565217391307,1.949980055843638,0.5857142857142857,70,0 0 0 0 0 898 -57,0.0 0.0 0.0 0.0 0.0 1.0 0.7652173913043478,10.765217391304347,0.21785714285714286,144,0 0 0 0 0 377 -109,0.0 0.0 0.0 0.0 0.0 0.044036697247706424 0.3130434782608696,0.7534104507379338,0.11071428571428571,36
resolved-p7d-c21d-3600-all/resolved-p7d-c21d-3600-2nd/nsp-n10-d28-r0.10-rp0-fp0-s6,2 19 70 1139 0 468 -19,1.0 1.0 0.2972972972972973 0.1484170781295382 0.0 0.0058997050147492625 0.3275862068965517,1103121.7766343595,0.0,2718,2 19 71 1162 2 473 -26,1.0 1.0 0.3108108108108108 0.15509729886726692 0.5 0.02064896755162242 0.20689655172413793,1103313.6187932026,0.0,2598,2 19 70 1156 0 470 -16,1.0 1.0 0.2972972972972973 0.15335463258785942 0.0 0.011799410029498525 0.3793103448275862,1103126.824910006,0.0,2686.0,2 1 72 944 1 547 -13,1.0 0.0 0.32432432432432434 0.09178042404879466 0.25 0.23893805309734514 0.43103448275862066,1003362.8440823058,0.0,3520,0 10 72 633 3 558 20,0.0 0.5 0.32432432432432434 0.0014522218995062445 0.75 0.2713864306784661 1.0,53323.40932944953,0.42857142857142855,3253,0 12 64 744 1 520 0,0.0 0.6111111111111112 0.21621621621621623 0.03369154806854487 0.25 0.1592920353982301 0.6551724137931034,63334.2129141096,0.35714285714285715,3331,2 1 72 947 1 536 -13,1.0 0.0 0.32432432432432434 0.0926517571884984 0.25 0.20648967551622419 0.43103448275862066,1003363.3909316696,0.0,3500,0 15 61 902 0 518 15,0.0 0.7777777777777778 0.17567567567567569 0.0795817600929422 0.0 0.15339233038348082 0.9137931034482759,79616.56401103476,0.44285714285714284,2912,0 12 72 748 3 522 0,0.0 0.6111111111111112 0.32432432432432434 0.03485332558814987 0.75 0.16519174041297935 0.6551724137931034,64466.51476976043,0.35714285714285715,2686,2 1 72 988 0 531 -14,1.0 0.0 0.32432432432432434 0.10455997676444961 0.0 0.19174041297935104 0.41379310344827586,1003350.134417241,0.0,3423,0 12 65 628 1 551 19,0.0 0.6111111111111112 0.22972972972972974 0.0 0.25 0.25073746312684364 0.9827586206896551,63436.898541660375,0.42857142857142855,3144,0 12 64 746 1 520 10,0.0 0.6111111111111112 0.21621621621621623 0.03427243682834737 0.25 0.1592920353982301 0.8275862068965517,63334.966216662506,0.35714285714285715,3295,1 3 122 4071 0 805 -35,0.5 0.1111111111111111 1.0 1.0 0.0 1.0 0.05172413793103448,522121.16283524904,0.4714285714285714,3480,0 1 78 1799 2 658 4,0.0 0.0 0.40540540540540543 0.34011036886436247 0.5 0.5663716814159292 0.7241379310344828,4450.552277663611,0.5857142857142857,2823,1 2 88 1310 4 772 10,0.5 0.05555555555555555 0.5405405405405406 0.19808306709265175 1.0 0.9026548672566371 0.8275862068965517,511268.89816293307,0.5571428571428572,3376,1 3 119 4058 0 800 -38,0.5 0.1111111111111111 0.9594594594594594 0.9962242230612838 0.0 0.9852507374631269 0.0,521711.7824361416,0.4714285714285714,3526,0 1 66 964 1 656 19,0.0 0.0 0.24324324324324326 0.09758931164681964 0.25 0.56047197640118 0.9827586206896551,2561.6092224639538,0.5857142857142857,3245,1 2 89 1214 4 775 8,0.5 0.05555555555555555 0.5540540540540541 0.17020040662213187 1.0 0.911504424778761 0.7931034482758621,511376.2046504143,0.5571428571428572,3039,2 1 48 1010 4 466 -10,1.0 0.0 0.0 0.11094975312227709 1.0 0.0 0.4827586206896552,1000211.4325117429,0.0,3333
resolved-p7d-c21d-3600-all/resolved-p7d-c21d-3600-2nd/nsp-n40-d28-r0.10-rp2-fp2-s4,11 10 1844 10335 0 5358 -211,0.0 0.6 0.21888412017167383 0.10380194518125553 0.0 0.17936694021101993 0.2698412698412698,62294.70665756994,0.025,511,19 10 1653 9357 2 5059 -178,0.8888888888888888 0.6 0.013948497854077254 0.01732979664014147 1.0 0.0625244236029699 0.7936507936507936,949147.1225590995,0.010714285714285714,621,19 10 1640 9161 0 5030 -175,0.8888888888888888 0.6 0.0 0.0 0.0 0.051191871824931616 0.8412698412698413,948890.2420774484,0.010714285714285714,646.0,20 10 1925 10787 0 5397 -219,1.0 0.6 0.30579399141630903 0.14376657824933686 0.0 0.19460726846424384 0.14285714285714285,1063203.79542224,0.010714285714285714,128,20 10 1894 10804 0 5292 -213,1.0 0.6 0.27253218884120173 0.14526967285587974 0.0 0.15357561547479484 0.23809523809523808,1062872.3654126606,0.010714285714285714,115,20 10 1916 10649 0 5327 -212,1.0 0.6 0.296137339055794 0.13156498673740052 0.0 0.1672528331379445 0.25396825396825395,1063094.8648738808,0.010714285714285714,97,20 10 1925 10787 0 5397 -219,1.0 0.6 0.30579399141630903 0.14376657824933686 0.0 0.19460726846424384 0.14285714285714285,1063203.79542224,0.010714285714285714,128,20 10 1897 10879 0 5295 -211,1.0 0.6 0.2757510729613734 0.15190097259062776 0.0 0.15474794841735054 0.2698412698412698,1062911.2290229583,0.010714285714285714,102,20 10 1886 10809 0 5277 -213,1.0 0.6 0.26394849785407726 0.14571175950486295 0.0 0.1477139507620164 0.23809523809523808,1062786.9119727914,0.010714285714285714,139,20 10 1925 10787 0 5397 -219,1.0 0.6 0.30579399141630903 0.14376657824933686 0.0 0.19460726846424384 0.14285714285714285,1063203.79542224,0.010714285714285714,128,20 10 1886 10809 0 5277 -213,1.0 0.6 0.26394849785407726 0.14571175950486295 0.0 0.1477139507620164 0.23809523809523808,1062786.9119727914,0.010714285714285714,139,20 10 1896 10793 0 5292 -213,1.0 0.6 0.27467811158798283 0.1442970822281167 0.0 0.15357561547479484 0.23809523809523808,1062892.8520495007,0.010714285714285714,110,17 7 2542 20072 0 7357 -203,0.6666666666666666 0.0 0.9678111587982833 0.9647214854111406 0.0 0.9605314576006252 0.3968253968253968,677319.5018800334,0.6535714285714286,481,16 7 2548 20060 0 7377 -216,0.5555555555555556 0.0 0.9742489270386266 0.9636604774535809 0.0 0.9683470105509965 0.19047619047619047,566271.5792496915,0.65,302,16 7 2572 20471 0 7458 -228,0.5555555555555556 0.0 1.0 1.0 0.0 1.0 0.0,566565.5555555556,0.6464285714285715,165,17 7 2542 20072 0 7357 -204,0.6666666666666666 0.0 0.9678111587982833 0.9647214854111406 0.0 0.9605314576006252 0.38095238095238093,677319.4860070175,0.6535714285714286,482,16 7 2548 20087 0 7377 -219,0.5555555555555556 0.0 0.9742489270386266 0.9660477453580902 0.0 0.9683470105509965 0.14285714285714285,566273.9188985483,0.65,294,16 7 2572 20471 0 7458 -228,0.5555555555555556 0.0 1.0 1.0 0.0 1.0 0.0,566565.5555555556,0.6464285714285715,165,18 12 1668 9302 1 4899 -165,0.7777777777777778 1.0 0.030042918454935622 0.01246684350132626 0.5 0.0 1.0,878141.6738058284,0.010714285714285714,813
resolved-p7d-c21d-3600-all/resolved-p7d-c21d-3600-2nd/nsp-n10-d28-r0.10-rp0-fp0-s8,2 3 61 909 2 514 -6,0.18181818181818182 0.0 0.6082474226804123 0.6147484493452792 0.5 0.852233676975945 0.3958333333333333,188574.32266443432,0.02857142857142857,3152,2 3 57 894 2 505 -11,0.18181818181818182 0.0 0.5670103092783505 0.6044107512060648 0.5 0.8213058419243986 0.2916666666666667,188151.2003872573,0.02857142857142857,3268,2 3 61 935 2 511 -10,0.18181818181818182 0.0 0.6082474226804123 0.6326671261199173 0.5 0.8419243986254296 0.3125,188592.05491509213,0.02857142857142857,3080.0,4 3 65 387 1 557 -10,0.36363636363636365 0.0 0.6494845360824743 0.2549965541006203 0.25 1.0 0.3125,370421.518051289,0.02857142857142857,1189,3 15 50 1196 0 444 1,0.2727272727272727 0.13793103448275862 0.4948453608247423 0.8125430737422468 0.0 0.6116838487972509 0.5416666666666666,292288.0313626929,0.35714285714285715,2665,0 34 99 636 2 493 18,0.0 0.3563218390804598 1.0 0.4266023432115782 0.5 0.7800687285223368 0.8958333333333334,46117.48277187611,0.5571428571428572,3203,4 3 70 600 2 543 -8,0.36363636363636365 0.0 0.7010309278350515 0.40179186767746383 0.5 0.9518900343642611 0.3541666666666667,371108.3378494019,0.02857142857142857,982,3 15 49 1194 1 445 2,0.2727272727272727 0.13793103448275862 0.4845360824742268 0.8111647139903515 0.25 0.6151202749140894 0.5625,292208.61541703035,0.37142857142857144,2683,0 34 99 639 2 493 13,0.0 0.3563218390804598 1.0 0.4286698828394211 0.5 0.7800687285223368 0.7916666666666666,46119.44614483729,0.5571428571428572,3194,4 3 66 390 2 551 -10,0.36363636363636365 0.0 0.6597938144329897 0.2570640937284631 0.5 0.979381443298969 0.3125,370551.472188855,0.02857142857142857,1141,3 15 49 1194 0 447 3,0.2727272727272727 0.13793103448275862 0.4845360824742268 0.8111647139903515 0.0 0.6219931271477663 0.5833333333333334,292183.704978886,0.37142857142857144,2684,1 16 96 768 1 499 23,0.09090909090909091 0.14942528735632185 0.9690721649484536 0.5175740868366644 0.25 0.8006872852233677 1.0,116093.92225389653,0.17142857142857143,2876,6 45 60 76 3 266 -5,0.5454545454545454 0.4827586206896552 0.5979381443298969 0.04066161268090972 0.75 0.0 0.4166666666666667,599825.8672461575,0.02857142857142857,2190,10 90 5 17 0 291 -16,0.9090909090909091 1.0 0.030927835051546393 0.0 0.0 0.0859106529209622 0.1875,1009401.2340479537,0.7285714285714285,3247,11 89 2 20 1 341 -25,1.0 0.9885057471264368 0.0 0.002067539627842867 0.25 0.25773195876288657 0.0,1098880.219571859,0.7142857142857143,3410,6 45 48 81 4 266 -2,0.5454545454545454 0.4827586206896552 0.4742268041237113 0.04410751206064783 1.0 0.0 0.4791666666666667,598617.2622434754,0.02857142857142857,2259,10 90 4 18 0 291 -18,0.9090909090909091 1.0 0.020618556701030927 0.0006891798759476223 0.0 0.0859106529209622 0.14583333333333334,1009298.7887776579,0.7,3439,11 89 2 20 0 346 -22,1.0 0.9885057471264368 0.0 0.002067539627842867 0.0 0.27491408934707906 0.0625,1098855.453893165,0.7142857142857143,3451,5 3 89 1468 0 553 -17,0.45454545454545453 0.0 0.8969072164948454 1.0 0.0 0.9862542955326461 0.16666666666666666,464524.555920025,0.02857142857142857,3192
resolved-p7d-c21d-3600-all/resolved-p7d-c21d-3600-2nd/nsp-n50-d28-r0.10-rp2-fp2-s6,14 9 2913 12790 2 8155 -203,0.0 1.0 0.045420136260408785 0.04885057471264368 0.25 0.04479855682501503 0.95,100529.44992288497,0.014285714285714285,517,14 9 2913 12791 3 8160 -203,0.0 1.0 0.045420136260408785 0.04892425582080755 0.375 0.04630186410102225 0.95,100542.03863706591,0.014285714285714285,513,14 9 2913 12828 2 8165 -201,0.0 1.0 0.045420136260408785 0.051650456822870616 0.25 0.047805171377029464 0.9833333333333333,100532.31320447406,0.014285714285714285,512.0,14 9 3012 13065 1 8173 -224,0.0 1.0 0.12036336109008328 0.06911287945770704 0.125 0.05021046301864101 0.6,101286.34859498873,0.014285714285714285,444,14 9 2950 13574 2 8078 -229,0.0 1.0 0.07342922028766086 0.10661656351311524 0.25 0.02164762477450391 0.5166666666666667,100866.64190930413,0.014285714285714285,563,14 9 2951 13542 0 8057 -232,0.0 1.0 0.07418622255866768 0.1042587680518715 0.0 0.015333734215273603 0.4666666666666667,100846.74099764737,0.014285714285714285,551,14 9 3012 13065 1 8173 -224,0.0 1.0 0.12036336109008328 0.06911287945770704 0.125 0.05021046301864101 0.6,101286.34859498873,0.014285714285714285,444,14 9 2949 13562 1 8073 -232,0.0 1.0 0.07267221801665405 0.10573239021514884 0.125 0.020144317498496694 0.4666666666666667,100845.62268022334,0.014285714285714285,575,14 9 2951 13520 0 8057 -234,0.0 1.0 0.07418622255866768 0.10263778367226643 0.0 0.015333734215273603 0.43333333333333335,100845.08667993442,0.014285714285714285,555,14 9 3030 13507 1 8180 -229,0.0 1.0 0.1339894019682059 0.10167992926613616 0.125 0.052315093205051115 0.5166666666666667,101455.11376654691,0.014285714285714285,390,14 9 2950 13559 1 8078 -232,0.0 1.0 0.07342922028766086 0.10551134689065723 0.125 0.02164762477450391 0.4666666666666667,100852.98669268168,0.014285714285714285,566,14 9 2949 13562 1 8073 -232,0.0 1.0 0.07267221801665405 0.10573239021514884 0.125 0.020144317498496694 0.4666666666666667,100845.62268022334,0.014285714285714285,575,19 8 4153 25699 0 11305 -245,1.0 0.8571428571428571 0.9841029523088569 1.0 0.0 0.991882140709561 0.25,1096565.4840587813,0.6342857142857142,810,19 3 4174 25163 1 11312 -260,1.0 0.14285714285714285 1.0 0.9605069260241674 0.125 0.9939867708959711 0.0,1025268.6610794474,0.62,783,19 2 4173 25291 1 11305 -260,1.0 0.0 0.9992429977289932 0.9699381078691424 0.125 0.991882140709561 0.0,1010984.7869065661,0.6171428571428571,800,19 8 4159 25699 0 11332 -245,1.0 0.8571428571428571 0.9886449659348978 1.0 0.0 1.0 0.25,1096610.9853736346,0.6342857142857142,785,19 3 4174 25228 1 11315 -260,1.0 0.14285714285714285 1.0 0.9652961980548187 0.125 0.9948887552615755 0.0,1025273.4593713217,0.62,770,19 2 4173 25291 1 11305 -260,1.0 0.0 0.9992429977289932 0.9699381078691424 0.125 0.991882140709561 0.0,1010984.7869065661,0.6171428571428571,800,14 9 2853 12127 8 8006 -200,0.0 1.0 0.0 0.0 1.0 0.0 1.0,100101.0,0.014285714285714285,585
resolved-p7d-c21d-3600-all/resolved-p7d-c21d-3600-2nd/nsp-n40-d28-r0.10-rp2-fp2-s5,22 111 1872 9364 21 5538 -169,0.0 0.0 0.9343434343434344 0.9706036745406824 0.22916666666666666 0.9458084494580845 0.0049261083743842365,10346.417695244649,0.017857142857142856,723,22 111 1872 9433 21 5545 -169,0.0 0.0 0.9343434343434344 0.9778477690288714 0.22916666666666666 0.9473567794735678 0.0049261083743842365,10353.677273032992,0.017857142857142856,708,22 111 1872 9360 21 5538 -169,0.0 0.0 0.9343434343434344 0.9701837270341207 0.22916666666666666 0.9458084494580845 0.0049261083743842365,10345.997747738087,0.017857142857142856,725.0,22 111 2002 9644 21 5783 -145,0.0 0.0 1.0 1.0 0.22916666666666666 1.0 0.12315270935960591,11033.039819376027,0.017857142857142856,18,22 111 1870 9433 21 5543 -169,0.0 0.0 0.9333333333333333 0.9778477690288714 0.22916666666666666 0.946914399469144 0.0049261083743842365,10343.571839131939,0.017857142857142856,862,22 111 1871 9300 21 5531 -170,0.0 0.0 0.9338383838383838 0.9638845144356956 0.22916666666666666 0.9442601194426012 0.0,10334.627620680625,0.017857142857142856,853,22 111 2002 9644 21 5783 -145,0.0 0.0 1.0 1.0 0.22916666666666666 1.0 0.12315270935960591,11033.039819376027,0.017857142857142856,18,22 111 1870 9224 21 5530 -170,0.0 0.0 0.9333333333333333 0.9559055118110236 0.22916666666666666 0.9440389294403893 0.0,10321.595901105427,0.017857142857142856,893,22 111 1871 9300 21 5531 -170,0.0 0.0 0.9338383838383838 0.9638845144356956 0.22916666666666666 0.9442601194426012 0.0,10334.627620680625,0.017857142857142856,853,22 111 2002 9644 21 5783 -145,0.0 0.0 1.0 1.0 0.22916666666666666 1.0 0.12315270935960591,11033.039819376027,0.017857142857142856,18,22 111 1870 9437 21 5543 -170,0.0 0.0 0.9333333333333333 0.9782677165354331 0.22916666666666666 0.946914399469144 0.0,10343.986860530125,0.017857142857142856,861,22 111 1871 9411 21 5543 -167,0.0 0.0 0.9338383838383838 0.9755380577427821 0.22916666666666666 0.946914399469144 0.014778325123152709,10346.322485113102,0.017857142857142856,836,55 532 283 526 57 1794 31,0.9705882352941176 0.9813519813519813 0.1318181818181818 0.04272965879265092 0.9791666666666666 0.11767308117673081 0.9901477832512315,1070184.4284515518,0.017857142857142856,507,28 382 22 206 18 1263 -55,0.17647058823529413 0.6317016317016317 0.0 0.009133858267716535 0.16666666666666666 0.00022119000221190003 0.5665024630541872,239667.12064475476,0.7821428571428571,885,29 374 25 119 10 1322 -42,0.20588235294117646 0.6130536130536131 0.0015151515151515152 0.0 0.0 0.013271400132714002 0.6305418719211823,267203.62901756255,0.775,794,56 540 281 510 58 1785 33,1.0 1.0 0.13080808080808082 0.0410498687664042 1.0 0.11568237115682371 1.0,1101451.287500559,0.017857142857142856,443,28 382 22 214 18 1262 -61,0.17647058823529413 0.6317016317016317 0.0 0.009973753280839895 0.16666666666666666 0.0 0.5369458128078818,239667.92877121762,0.7821428571428571,861,29 374 24 128 11 1314 -41,0.20588235294117646 0.6130536130536131 0.00101010101010101 0.0009448818897637795 0.020833333333333332 0.0115018801150188 0.6354679802955665,267201.5939586433,0.775,813,22 111 1871 9287 21 5526 -168,0.0 0.0 0.9338383838383838 0.9625196850393701 0.22916666666666666 0.9431541694315417 0.009852216748768473,10333.261584000938,0.017857142857142856,864
resolved-p7d-c21d-3600-all/resolved-p7d-c21d-3600-2nd/nsp-n20-d28-r0.10-rp2-fp2-s0,0 0 0 0 0 123 -24,0.0 0.0 0.0 0.0 0.0 1.0 0.9411764705882353,10.941176470588236,0.14285714285714285,120,0 0 0 0 0 106 -46,0.0 0.0 0.0 0.0 0.0 0.6222222222222222 0.29411764705882354,6.516339869281046,0.08571428571428572,113,0 0 0 0 0 106 -46,0.0 0.0 0.0 0.0 0.0 0.6222222222222222 0.29411764705882354,6.516339869281046,0.08571428571428572,113.0,0 0 0 0 0 108 -43,0.0 0.0 0.0 0.0 0.0 0.6666666666666666 0.38235294117647056,7.049019607843137,0.08571428571428572,199,0 0 0 0 0 89 -35,0.0 0.0 0.0 0.0 0.0 0.24444444444444444 0.6176470588235294,3.0620915032679736,0.2857142857142857,30,0 0 0 0 0 101 -32,0.0 0.0 0.0 0.0 0.0 0.5111111111111111 0.7058823529411765,5.816993464052287,0.08571428571428572,88,0 0 0 0 0 101 -35,0.0 0.0 0.0 0.0 0.0 0.5111111111111111 0.6176470588235294,5.72875816993464,0.08571428571428572,167,0 0 0 0 0 104 -23,0.0 0.0 0.0 0.0 0.0 0.5777777777777777 0.9705882352941176,6.7483660130718945,0.37142857142857144,45,0 0 0 0 0 110 -41,0.0 0.0 0.0 0.0 0.0 0.7111111111111111 0.4411764705882353,7.552287581699347,0.08571428571428572,228,0 0 0 0 0 98 -43,0.0 0.0 0.0 0.0 0.0 0.4444444444444444 0.38235294117647056,4.826797385620916,0.08571428571428572,107,0 0 0 0 0 109 -22,0.0 0.0 0.0 0.0 0.0 0.6888888888888889 1.0,7.888888888888889,0.45714285714285713,20,0 0 0 0 0 78 -28,0.0 0.0 0.0 0.0 0.0 0.0 0.8235294117647058,0.8235294117647058,0.08571428571428572,53,0 0 0 0 0 90 -56,0.0 0.0 0.0 0.0 0.0 0.26666666666666666 0.0,2.6666666666666665,0.08571428571428572,305,0 0 0 0 0 89 -47,0.0 0.0 0.0 0.0 0.0 0.24444444444444444 0.2647058823529412,2.7091503267973853,0.5142857142857142,60,0 0 0 0 0 101 -37,0.0 0.0 0.0 0.0 0.0 0.5111111111111111 0.5588235294117647,5.669934640522875,0.08571428571428572,197,0 0 0 0 0 90 -56,0.0 0.0 0.0 0.0 0.0 0.26666666666666666 0.0,2.6666666666666665,0.08571428571428572,305,0 0 0 0 0 89 -47,0.0 0.0 0.0 0.0 0.0 0.24444444444444444 0.2647058823529412,2.7091503267973853,0.5142857142857142,60,0 0 0 0 0 101 -37,0.0 0.0 0.0 0.0 0.0 0.5111111111111111 0.5588235294117647,5.669934640522875,0.08571428571428572,197,0 0 0 0 0 111 -34,0.0 0.0 0.0 0.0 0.0 0.7333333333333333 0.6470588235294118,7.980392156862745,0.08571428571428572,117
resolved-p7d-c21d-3600-all/resolved-p7d-c21d-3600-2nd/nsp-n10-d28-r0.10-rp0-fp0-s1,6 3 60 569 0 527 -14,0.5454545454545454 0.011494252873563218 0.6896551724137931 0.44751830756712774 0.0 0.7586206896551724 0.3023255813953488,553955.9293060848,0.014285714285714285,3123,8 3 65 1106 0 524 -11,0.7272727272727273 0.011494252873563218 0.7471264367816092 0.8844589096826688 0.0 0.7512315270935961 0.37209302325581395,736785.7602458766,0.014285714285714285,2634,7 3 62 871 0 516 -13,0.6363636363636364 0.011494252873563218 0.7126436781609196 0.6932465419039869 0.0 0.7315270935960592 0.32558139534883723,645340.3858268372,0.014285714285714285,2765.0,4 2 46 601 1 404 -5,0.36363636363636365 0.0 0.5287356321839081 0.4735557363710334 0.07692307692307693 0.45566502463054187 0.5116279069767442,369410.0362804193,0.014285714285714285,1343,0 20 86 1220 1 598 14,0.0 0.20689655172413793 0.9885057471264368 0.9772172497965825 0.07692307692307693 0.9334975369458128 0.9534883720930233,31569.910664908602,0.6285714285714286,2994,0 7 68 536 6 599 4,0.0 0.05747126436781609 0.7816091954022989 0.42066720911310007 0.46153846153846156 0.9359605911330049 0.7209302325581395,14040.119982215432,0.24285714285714285,2606,4 2 46 585 1 405 -7,0.36363636363636365 0.0 0.5287356321839081 0.46053702196908053 0.07692307692307693 0.458128078817734 0.46511627906976744,369396.99568493135,0.014285714285714285,1353,0 20 87 1248 2 619 11,0.0 0.20689655172413793 1.0 1.0 0.15384615384615385 0.9852216748768473 0.8837209302325582,31715.77572547741,0.6428571428571429,2947,0 4 67 517 6 601 9,0.0 0.022988505747126436 0.7701149425287356 0.40520748576078114 0.46153846153846156 0.9408866995073891 0.8372093023255814,10461.607408212027,0.24285714285714285,2711,4 2 42 582 1 396 -10,0.36363636363636365 0.0 0.4827586206896552 0.4580960130187144 0.07692307692307693 0.43596059113300495 0.3953488372093023,368934.4931187198,0.014285714285714285,1396,0 20 87 1221 0 625 16,0.0 0.20689655172413793 1.0 0.9780309194467046 0.0 1.0 1.0,31678.686091860498,0.6428571428571429,2970,0 7 67 534 6 594 1,0.0 0.05747126436781609 0.7701149425287356 0.41903986981285596 0.46153846153846156 0.9236453201970444 0.6511627906976745,13923.357194028335,0.2571428571428571,2635,9 56 75 68 13 261 -11,0.8181818181818182 0.6206896551724138 0.8620689655172413 0.03986981285598047 1.0 0.10344827586206896 0.37209302325581395,889012.7497428699,0.014285714285714285,2059,11 89 4 29 1 301 -27,1.0 1.0 0.04597701149425287 0.008136696501220505 0.07692307692307693 0.2019704433497537 0.0,1100477.6188235695,0.6571428571428571,3880,11 80 0 19 2 219 -21,1.0 0.896551724137931 0.0 0.0 0.15384615384615385 0.0 0.13953488372093023,1089670.6965640613,0.6571428571428571,3349,9 57 35 67 10 254 -11,0.8181818181818182 0.632183908045977 0.40229885057471265 0.03905614320585842 0.7692307692307693 0.08620689655172414 0.37209302325581395,885540.4108742807,0.014285714285714285,2022,11 89 4 31 1 299 -25,1.0 1.0 0.04597701149425287 0.009764035801464606 0.07692307692307693 0.19704433497536947 0.046511627906976744,1100479.2434134139,0.6857142857142857,3808,11 80 0 19 1 234 -20,1.0 0.896551724137931 0.0 0.0 0.07692307692307693 0.03694581280788178 0.16279069767441862,1089663.3969703112,0.6571428571428571,3362,7 3 74 996 1 584 -3,0.6363636363636364 0.011494252873563218 0.8505747126436781 0.7949552481692432 0.07692307692307693 0.8990147783251231 0.5581395348837209,646831.0046206091,0.014285714285714285,2984
resolved-p7d-c21d-3600-all/resolved-p7d-c21d-3600-2nd/nsp-n30-d28-r0.10-rp2-fp2-s6,9 53 1028 5964 16 3240 -59,0.0 0.0 0.0 0.8010233086981239 0.0 0.6897590361445783 0.3050847457627119,808.2259838053324,0.009523809523809525,908,9 53 1028 6088 16 3233 -63,0.0 0.0 0.0 0.8186469584991473 0.0 0.6844879518072289 0.2824858757062147,825.7743238929257,0.009523809523809525,841,9 53 1028 5943 16 3237 -59,0.0 0.0 0.0 0.7980386583285958 0.0 0.6875 0.3050847457627119,805.2187430743585,0.009523809523809525,942.0,10 53 1209 7364 16 3652 -89,0.03571428571428571 0.0 0.06746179649645918 1.0 0.0 1.0 0.13559322033898305,37399.03927247064,0.009523809523809525,24,10 53 1082 6926 16 3362 -113,0.03571428571428571 0.0 0.02012672381662318 0.9377487208641273 0.0 0.7816265060240963 0.0,36861.11793837631,0.009523809523809525,1014,10 53 1082 6722 16 3394 -113,0.03571428571428571 0.0 0.02012672381662318 0.9087549744172826 0.0 0.8057228915662651 0.0,36832.365155784886,0.009523809523809525,1039,10 53 1209 7364 16 3652 -89,0.03571428571428571 0.0 0.06746179649645918 1.0 0.0 1.0 0.13559322033898305,37399.03927247064,0.009523809523809525,24,10 53 1083 6871 16 3366 -111,0.03571428571428571 0.0 0.020499440924338426 0.9299317794201251 0.0 0.7846385542168675 0.011299435028248588,36857.06958792642,0.009523809523809525,962,10 53 1082 6668 16 3407 -113,0.03571428571428571 0.0 0.02012672381662318 0.9010801591813531 0.0 0.8155120481927711 0.0,36824.78823211522,0.009523809523809525,1045,10 53 1209 7364 16 3652 -89,0.03571428571428571 0.0 0.06746179649645918 1.0 0.0 1.0 0.13559322033898305,37399.03927247064,0.009523809523809525,24,10 53 1082 6854 16 3374 -113,0.03571428571428571 0.0 0.02012672381662318 0.927515633882888 0.0 0.7906626506024096 0.0,36850.97521284085,0.009523809523809525,1022,10 53 1082 6984 16 3358 -113,0.03571428571428571 0.0 0.02012672381662318 0.9459920409323479 0.0 0.7786144578313253 0.0,36869.3311379626,0.009523809523809525,1010,37 207 3547 819 48 2469 52,1.0 1.0 0.9388743943347 0.06978396816372939 0.9142857142857143 0.1091867469879518 0.9322033898305084,1109551.980553799,0.009523809523809525,603,15 124 3193 360 38 2464 61,0.21428571428571427 0.461038961038961 0.8069325382035035 0.0045480386583285955 0.6285714285714286 0.10542168674698796 0.9830508474576272,268528.3782208758,0.7619047619047619,958,15 152 3036 361 51 2324 64,0.21428571428571427 0.6428571428571429 0.7484159522922103 0.004690164866401364 1.0 0.0 1.0,286161.27825921704,0.8,957,37 207 3516 861 48 2395 53,1.0 1.0 0.9273201639955274 0.07575326890278568 0.9142857142857143 0.053463855421686746 0.9378531073446328,1109441.8559719482,0.009523809523809525,619,15 127 3711 328 32 2469 63,0.21428571428571427 0.4805194805194805 1.0 0.0 0.45714285714285713 0.1091867469879518 0.9943502824858758,272385.462841129,0.7666666666666667,861,15 154 3081 359 48 2413 64,0.21428571428571427 0.6558441558441559 0.7651882221393962 0.004405912450255827 0.9142857142857143 0.06701807228915663 1.0,287619.51675612555,0.8,939,9 54 1047 6081 18 3343 -71,0.0 0.006493506493506494 0.007081625046589639 0.8176520750426378 0.05714285714285714 0.7673192771084337 0.23728813559322035,1551.4437414801469,0.009523809523809525,933
resolved-p7d-c21d-3600-all/resolved-p7d-c21d-3600-2nd/nsp-n20-d28-r0.10-rp2-fp2-s5,12 5 373 3834 0 1275 -14,1.0 0.03076923076923077 0.013452914798206279 0.1039564312029473 0.0 0.014102564102564103 0.40625,1003315.9559317491,0.007142857142857143,1346,11 5 373 3646 0 1274 -13,0.875 0.03076923076923077 0.013452914798206279 0.07384270382828768 0.0 0.01282051282051282 0.4166666666666667,878285.8398005283,0.007142857142857143,1381,11 5 370 3548 0 1264 -16,0.875 0.03076923076923077 0.0 0.05814512253724171 0.0 0.0 0.3854166666666667,878135.453616127,0.007142857142857143,1496.0,11 5 424 3844 0 1381 -20,0.875 0.03076923076923077 0.242152466367713 0.1055582252122377 0.0 0.15 0.34375,880605.8497158125,0.007142857142857143,1252,4 66 397 3185 4 1298 42,0.0 0.9692307692307692 0.1210762331838565 0.0 1.0 0.04358974358974359 0.9895833333333334,98235.26473568472,0.45714285714285713,914,9 7 395 3960 1 1363 -16,0.625 0.06153846153846154 0.11210762331838565 0.12413903572000641 0.25 0.12692307692307692 0.3854166666666667,632425.7160701859,0.07142857142857142,1036,11 5 424 3844 0 1386 -21,0.875 0.03076923076923077 0.242152466367713 0.1055582252122377 0.0 0.1564102564102564 0.3333333333333333,880605.9034017099,0.007142857142857143,1247,4 68 400 3185 4 1311 43,0.0 1.0 0.13452914798206278 0.0 1.0 0.06025641025641026 1.0,101446.8940439232,0.45714285714285713,868,8 7 386 3784 1 1342 -12,0.5 0.06153846153846154 0.07174887892376682 0.09594746115649527 0.25 0.1 0.4270833333333333,506993.70948757365,0.07142857142857142,1276,11 5 424 3844 0 1407 -22,0.875 0.03076923076923077 0.242152466367713 0.1055582252122377 0.0 0.18333333333333332 0.3229166666666667,880606.1622158125,0.007142857142857143,1242,4 66 396 3185 4 1298 39,0.0 0.9692307692307692 0.11659192825112108 0.0 1.0 0.04358974358974359 0.9583333333333334,98190.39043635737,0.45714285714285713,931,8 7 394 3720 1 1357 -11,0.5 0.06153846153846154 0.10762331838565023 0.08569597949703668 0.25 0.11923076923076924 0.4375,507342.405124892,0.06428571428571428,1254,11 5 548 8916 0 1942 -47,0.875 0.03076923076923077 0.7982062780269058 0.9179881467243313 0.0 0.8692307692307693 0.0625,886985.7288116087,0.6071428571428571,1721,11 4 539 8955 0 1921 -53,0.875 0.015384615384615385 0.757847533632287 0.9242351433605638 0.0 0.8423076923076923 0.0,885049.5950950681,0.65,1369,7 3 593 7094 0 2034 3,0.375 0.0 1.0 0.6261412782316195 0.0 0.9871794871794872 0.5833333333333334,385636.59640643676,0.6428571428571429,931,11 5 586 9428 0 2044 -49,0.875 0.03076923076923077 0.968609865470852 1.0 0.0 1.0 0.041666666666666664,888773.0633982982,0.6071428571428571,1257,11 4 539 8955 0 1921 -53,0.875 0.015384615384615385 0.757847533632287 0.9242351433605638 0.0 0.8423076923076923 0.0,885049.5950950681,0.65,1369,7 3 593 7094 0 2035 4,0.375 0.0 1.0 0.6261412782316195 0.0 0.9884615384615385 0.59375,385636.61964361626,0.6428571428571429,929,10 6 396 3846 0 1343 -14,0.75 0.046153846153846156 0.11659192825112108 0.10587858401409579 0.0 0.10128205128205128 0.40625,755888.6015524227,0.007142857142857143,1370
resolved-p7d-c21d-3600-all/resolved-p7d-c21d-3600-2nd/nsp-n40-d28-r0.10-rp2-fp2-s6,15 10 1692 9377 2 4959 -154,0.0 1.0 0.020474137931034482 0.012296921281752088 0.6666666666666666 0.023488640739314594 1.0,100284.93985366616,0.010714285714285714,774,15 10 1692 9362 2 4959 -156,0.0 1.0 0.020474137931034482 0.010950543039224487 0.6666666666666666 0.023488640739314594 0.9411764705882353,100283.53465189422,0.010714285714285714,793,15 10 1692 9377 2 4954 -154,0.0 1.0 0.020474137931034482 0.012296921281752088 0.6666666666666666 0.0215633423180593 1.0,100284.92060068194,0.010714285714285714,777.0,15 10 1733 10354 0 5085 -182,0.0 1.0 0.06465517241379311 0.09999102414504982 0.0 0.07200616095494802 0.17647058823529413,100747.43928048077,0.010714285714285714,569,15 10 1697 9805 2 5020 -168,0.0 1.0 0.02586206896551724 0.05071358046853963 0.6666666666666666 0.04697728147862919 0.5882352941176471,100377.05894489928,0.010714285714285714,377,15 10 1697 9825 2 5020 -167,0.0 1.0 0.02586206896551724 0.052508751458576426 0.6666666666666666 0.04697728147862919 0.6176470588235294,100378.88352765402,0.010714285714285714,372,15 10 1733 10344 0 5079 -181,0.0 1.0 0.06465517241379311 0.09909343865003141 0.0 0.06969580284944166 0.20588235294117646,100746.5480031694,0.010714285714285714,578,15 10 1697 9805 2 5020 -169,0.0 1.0 0.02586206896551724 0.05071358046853963 0.6666666666666666 0.04697728147862919 0.5588235294117647,100377.02953313457,0.010714285714285714,378,15 10 1697 9805 2 5020 -169,0.0 1.0 0.02586206896551724 0.05071358046853963 0.6666666666666666 0.04697728147862919 0.5588235294117647,100377.02953313457,0.010714285714285714,378,15 10 1735 10365 0 5086 -183,0.0 1.0 0.0668103448275862 0.10097836818957005 0.0 0.07239122063919907 0.14705882352941177,100769.95278749535,0.010714285714285714,532,15 10 1697 9805 2 5020 -169,0.0 1.0 0.02586206896551724 0.05071358046853963 0.6666666666666666 0.04697728147862919 0.5588235294117647,100377.02953313457,0.010714285714285714,378,15 10 1697 9805 2 5020 -169,0.0 1.0 0.02586206896551724 0.05071358046853963 0.6666666666666666 0.04697728147862919 0.5588235294117647,100377.02953313457,0.010714285714285714,378,17 8 2601 20381 0 7495 -173,1.0 0.7142857142857143 1.0 1.0 0.0 1.0 0.4411764705882353,1082439.012605042,0.65,73,17 3 2464 19243 0 7292 -185,1.0 0.0 0.8523706896551724 0.897854770666906 0.0 0.921832884097035 0.08823529411764706,1009430.8682313537,0.6321428571428571,662,17 3 2440 19569 0 7231 -188,1.0 0.0 0.8265086206896551 0.9271160578045059 0.0 0.8983442433577205 0.0,1009201.1857071347,0.6214285714285714,905,17 8 2601 20381 0 7495 -173,1.0 0.7142857142857143 1.0 1.0 0.0 1.0 0.4411764705882353,1082439.012605042,0.65,73,17 3 2464 19243 0 7292 -185,1.0 0.0 0.8523706896551724 0.897854770666906 0.0 0.921832884097035 0.08823529411764706,1009430.8682313537,0.6321428571428571,662,17 3 2440 19569 0 7231 -188,1.0 0.0 0.8265086206896551 0.9271160578045059 0.0 0.8983442433577205 0.0,1009201.1857071347,0.6214285714285714,905,15 10 1673 9240 3 4898 -169,0.0 1.0 0.0 0.0 1.0 0.0 0.5588235294117647,100100.55882352941,0.010714285714285714,709
resolved-p7d-c21d-3600-all/resolved-p7d-c21d-3600-2nd/nsp-n30-d28-r0.10-rp2-fp2-s1,14 3 880 7091 3 3002 -125,0.7777777777777778 0.13636363636363635 0.0 0.17655991165102153 0.75 0.0014524328249818446 0.2972972972972973,791666.0131474179,0.009523809523809525,1217,14 3 882 7066 3 3005 -123,0.7777777777777778 0.13636363636363635 0.0036900369003690036 0.17310877967973495 0.75 0.0036310820624546117 0.35135135135135137,791699.5382249968,0.009523809523809525,1207,14 3 882 7041 4 3000 -122,0.7777777777777778 0.13636363636363635 0.0036900369003690036 0.16965764770844838 1.0 0.0 0.3783783783783784,791721.0778092319,0.009523809523809525,1210.0,12 2 965 6502 3 3094 -127,0.6666666666666666 0.09090909090909091 0.15682656826568267 0.09525124240750966 0.75 0.0682643427741467 0.24324324324324326,677497.018569311,0.009523809523809525,396,14 3 948 7100 1 3062 -129,0.7777777777777778 0.13636363636363635 0.12546125461254612 0.1778023191606847 0.25 0.04502541757443718 0.1891891891891892,792872.1957227924,0.009523809523809525,937,14 3 948 7241 1 3056 -131,0.7777777777777778 0.13636363636363635 0.12546125461254612 0.19726670347874103 0.25 0.04066811909949165 0.13513513513513514,792891.5624800717,0.009523809523809525,926,12 2 966 6502 3 3095 -127,0.6666666666666666 0.09090909090909091 0.15867158671586715 0.09525124240750966 0.75 0.06899055918663761 0.24324324324324326,677515.476015977,0.009523809523809525,385,14 3 948 7272 1 3051 -136,0.7777777777777778 0.13636363636363635 0.12546125461254612 0.2015461071231364 0.25 0.037037037037037035 0.0,792895.6704377603,0.009523809523809525,906,14 3 948 7261 2 3054 -135,0.7777777777777778 0.13636363636363635 0.12546125461254612 0.2000276090557703 0.5 0.0392156862745098 0.02702702702702703,792919.2007532124,0.009523809523809525,910,12 2 966 6502 3 3094 -128,0.6666666666666666 0.09090909090909091 0.15867158671586715 0.09525124240750966 0.75 0.0682643427741467 0.21621621621621623,677515.4417267859,0.009523809523809525,388,14 3 948 7100 1 3062 -127,0.7777777777777778 0.13636363636363635 0.12546125461254612 0.1778023191606847 0.25 0.04502541757443718 0.24324324324324326,792872.2497768465,0.009523809523809525,935,14 3 948 7100 1 3062 -127,0.7777777777777778 0.13636363636363635 0.12546125461254612 0.1778023191606847 0.25 0.04502541757443718 0.24324324324324326,792872.2497768465,0.009523809523809525,935,18 22 1088 5812 2 3059 -102,1.0 1.0 0.3837638376383764 0.0 0.5 0.042846768336964415 0.918918918918919,1103888.9857629861,0.009523809523809525,639,0 0 1422 13056 0 4344 -103,0.0 0.0 1.0 1.0 0.0 0.9760348583877996 0.8918918918918919,11010.65224047577,0.6095238095238096,209,0 0 1422 12959 0 4357 -102,0.0 0.0 1.0 0.9866096079514081 0.0 0.9854756717501816 0.918918918918919,10997.38328358783,0.6095238095238096,233,18 22 1088 5813 2 3064 -101,1.0 1.0 0.3837638376383764 0.0001380452788514633 0.5 0.04647785039941903 0.9459459459459459,1103889.1871461126,0.009523809523809525,633,0 0 1422 12938 0 4377 -101,0.0 0.0 1.0 0.9837106570955273 0.0 1.0 0.9459459459459459,10994.656603041472,0.6095238095238096,239,0 0 1422 12856 0 4372 -99,0.0 0.0 1.0 0.9723909442297074 0.0 0.9963689179375453 1.0,10983.354633409082,0.6095238095238096,257,13 3 930 7162 3 3102 -117,0.7222222222222222 0.13636363636363635 0.09225092250922509 0.18636112644947542 0.75 0.07407407407407407 0.5135135135135135,737043.7104643818,0.009523809523809525,1137
resolved-p7d-c21d-3600-all/resolved-p7d-c21d-3600-2nd/nsp-n50-d28-r0.10-rp2-fp2-s0,21 88 3390 13336 30 9277 -224,0.0 0.011235955056179775 0.00041794371691278906 0.9779729013700704 0.8421052631578947 0.9101382488479263 0.050980392156862744,2199.1107333536015,0.02,425,21 88 3387 13323 31 9252 -226,0.0 0.011235955056179775 0.0 0.9769888729089395 0.8947368421052632 0.8986175115207373 0.043137254901960784,2199.087375107553,0.02,459,21 88 3387 13359 31 9257 -226,0.0 0.011235955056179775 0.0 0.9797138748013019 0.8947368421052632 0.9009216589861752 0.043137254901960784,2201.8354184745695,0.02,454.0,21 86 3410 12761 32 9250 -217,0.0 0.0 0.0032042351629980497 0.9344485655892817 0.9473684210526315 0.8976958525345622 0.0784313725490196,1070.28314922242,0.02,107,21 88 3494 13627 30 9465 -235,0.0 0.011235955056179775 0.014906659236556144 1.0 0.8421052631578947 0.9967741935483871 0.00784313725490196,2366.8482093720672,0.02,207,21 87 3508 13303 31 9472 -219,0.0 0.0056179775280898875 0.016857063248815828 0.9754749829687381 0.8947368421052632 1.0 0.07058823529411765,1805.3876407117057,0.15428571428571428,243,21 86 3410 12830 32 9256 -217,0.0 0.0 0.0032042351629980497 0.9396714858829763 0.9473684210526315 0.9004608294930876 0.0784313725490196,1075.5337192856998,0.02,103,21 88 3495 13612 30 9471 -233,0.0 0.011235955056179775 0.015045973808860406 0.998864582544849 0.8421052631578947 0.9995391705069124 0.01568627450980392,2367.141430546799,0.02,200,21 88 3448 13532 30 9392 -237,0.0 0.011235955056179775 0.008498188910560044 0.9928090227840436 0.8421052631578947 0.9631336405529954 0.0,2295.228280228941,0.02,239,21 86 3410 12707 32 9252 -214,0.0 0.0 0.0032042351629980497 0.930361062750738 0.9473684210526315 0.8986175115207373 0.09019607843137255,1066.2166276796204,0.02,109,21 88 3494 13600 30 9465 -234,0.0 0.011235955056179775 0.014906659236556144 0.9979562485807282 0.8421052631578947 0.9967741935483871 0.011764705882352941,2364.808379521423,0.02,214,21 88 3481 13572 30 9449 -232,0.0 0.011235955056179775 0.013095569796600724 0.9958368026644463 0.8421052631578947 0.9894009216589862 0.0196078431372549,2344.5121496239476,0.02,219,60 264 10565 963 29 7768 17,1.0 1.0 1.0 0.04140488986450685 0.7894736842105263 0.21474654377880184 0.996078431372549,1110123.4958021548,0.41714285714285715,272,35 138 9879 444 22 7597 -69,0.358974358974359 0.29213483146067415 0.9044302033992756 0.0021194459162818865 0.42105263157894735 0.1359447004608295 0.6588235294117647,397278.3871340274,0.8085714285714286,597,34 153 9809 429 15 7309 -34,0.3333333333333333 0.37640449438202245 0.8946781833379771 0.0009840284611308757 0.05263157894736842 0.0032258064516129032 0.796078431372549,379927.6401277671,0.8085714285714286,602,60 262 10480 969 32 7779 18,1.0 0.9887640449438202 0.9881582613541376 0.04185905684656725 0.9473684210526315 0.21981566820276496 1.0,1108897.7811635572,0.3942857142857143,287,34 139 9876 448 17 7587 -74,0.3333333333333333 0.29775280898876405 0.9040122596823628 0.0024222239043221556 0.15789473684210525 0.1313364055299539 0.6392156862745098,372168.90110636345,0.8085714285714286,641,34 158 9836 416 14 7302 -39,0.3333333333333333 0.4044943820224719 0.8984396767901922 0.0 0.0 0.0 0.7764705882352941,382767.94477407064,0.8085714285714286,556,21 87 3427 13427 33 9332 -232,0.0 0.0056179775280898875 0.005572582892170521 0.9848611005979865 1.0 0.9354838709677419 0.0196078431372549,1711.7591288814951,0.02,655
resolved-p7d-c21d-3600-all/resolved-p7d-c21d-3600-2nd/nsp-n50-d28-r0.10-rp2-fp2-s9,0 0 0 0 0 669 -132,0.0 0.0 0.0 0.0 0.0 0.19647696476964768 0.2765957446808511,2.241365392377328,0.07428571428571429,50,0 0 0 0 0 669 -132,0.0 0.0 0.0 0.0 0.0 0.19647696476964768 0.2765957446808511,2.241365392377328,0.07428571428571429,50,0 0 0 0 0 669 -132,0.0 0.0 0.0 0.0 0.0 0.19647696476964768 0.2765957446808511,2.241365392377328,0.07428571428571429,50.0,0 0 0 0 0 524 -135,0.0 0.0 0.0 0.0 0.0 0.0 0.24468085106382978,0.24468085106382978,0.07428571428571429,159,0 0 0 0 0 746 -148,0.0 0.0 0.0 0.0 0.0 0.3008130081300813 0.10638297872340426,3.1145130600242172,0.29428571428571426,31,0 0 0 0 0 972 -100,0.0 0.0 0.0 0.0 0.0 0.6070460704607046 0.6170212765957447,6.68748198120279,0.07428571428571429,83,0 0 0 0 0 551 -116,0.0 0.0 0.0 0.0 0.0 0.036585365853658534 0.44680851063829785,0.8126621691748832,0.07428571428571429,99,0 0 0 0 0 549 -158,0.0 0.0 0.0 0.0 0.0 0.03387533875338753 0.0,0.3387533875338753,0.3057142857142857,32,0 0 0 0 0 588 -92,0.0 0.0 0.0 0.0 0.0 0.08672086720867209 0.7021276595744681,1.569336331661189,0.07428571428571429,92,0 0 0 0 0 530 -129,0.0 0.0 0.0 0.0 0.0 0.008130081300813009 0.30851063829787234,0.3898114513060024,0.07428571428571429,264,0 0 0 0 0 743 -120,0.0 0.0 0.0 0.0 0.0 0.2967479674796748 0.40425531914893614,3.3717349939456844,0.32857142857142857,29,0 0 0 0 0 865 -95,0.0 0.0 0.0 0.0 0.0 0.462059620596206 0.6702127659574468,5.290808971919507,0.07428571428571429,92,0 0 0 0 0 1262 -64,0.0 0.0 0.0 0.0 0.0 1.0 1.0,11.0,0.3028571428571429,127,0 0 0 0 0 817 -111,0.0 0.0 0.0 0.0 0.0 0.3970189701897019 0.5,4.470189701897019,0.6,67,0 0 0 0 0 1163 -144,0.0 0.0 0.0 0.0 0.0 0.8658536585365854 0.14893617021276595,8.807472755578619,0.32571428571428573,102,0 0 0 0 0 1232 -131,0.0 0.0 0.0 0.0 0.0 0.959349593495935 0.2872340425531915,9.88072997751254,0.34,103,0 0 0 0 0 817 -111,0.0 0.0 0.0 0.0 0.0 0.3970189701897019 0.5,4.470189701897019,0.6,67,0 0 0 0 0 1180 -144,0.0 0.0 0.0 0.0 0.0 0.8888888888888888 0.14893617021276595,9.037825059101655,0.32571428571428573,101,0 0 0 0 0 639 -154,0.0 0.0 0.0 0.0 0.0 0.15582655826558264 0.0425531914893617,1.6008187741451883,0.07428571428571429,53
resolved-p7d-c21d-3600-all/resolved-p7d-c21d-3600-1st/nsp-n50-d28-r0.10-rp2-fp2-s8,29 62 4186 12301 78 10185 -254,0.0 0.003937007874015748 0.004715312978898974 0.9936634984158746 0.0547945205479452 0.9568753080335141 0.013986013986013986,1449.5796067555548,0.005714285714285714,789,29 62 4182 12227 78 10169 -256,0.0 0.003937007874015748 0.004243781681009077 0.9874937468734367 0.0547945205479452 0.952932479053721 0.006993006993006993,1438.6481209374272,0.005714285714285714,821,29 62 4186 12329 78 10188 -253,0.0 0.003937007874015748 0.004715312978898974 0.9959979989994997 0.0547945205479452 0.9576145884672252 0.017482517482517484,1451.9249966470136,0.005714285714285714,788.0,29 61 4304 12377 78 10360 -228,0.0 0.0 0.018625486266650948 1.0 0.0547945205479452 1.0 0.1048951048951049,1201.839209826199,0.005714285714285714,18,29 62 4146 12164 78 10127 -257,0.0 0.003937007874015748 0.0 0.9822411205602801 0.0547945205479452 0.9425825529817644 0.0034965034965034965,1390.8506820499636,0.005714285714285714,821,29 62 4146 12136 78 10124 -258,0.0 0.003937007874015748 0.0 0.979906619976655 0.0547945205479452 0.9418432725480532 0.0,1388.5052921585047,0.005714285714285714,822,29 61 4304 12377 78 10360 -228,0.0 0.0 0.018625486266650948 1.0 0.0547945205479452 1.0 0.1048951048951049,1201.839209826199,0.005714285714285714,18,29 62 4146 12136 78 10124 -258,0.0 0.003937007874015748 0.0 0.979906619976655 0.0547945205479452 0.9418432725480532 0.0,1388.5052921585047,0.005714285714285714,822,29 62 4146 12136 78 10124 -258,0.0 0.003937007874015748 0.0 0.979906619976655 0.0547945205479452 0.9418432725480532 0.0,1388.5052921585047,0.005714285714285714,822,29 61 4304 12377 78 10360 -228,0.0 0.0 0.018625486266650948 1.0 0.0547945205479452 1.0 0.1048951048951049,1201.839209826199,0.005714285714285714,18,29 62 4147 12190 78 10134 -257,0.0 0.003937007874015748 0.00011788282447247436 0.9844088711022178 0.0547945205479452 0.9443075406604239 0.0034965034965034965,1394.2145107134127,0.005714285714285714,815,29 62 4146 12136 78 10124 -258,0.0 0.003937007874015748 0.0 0.979906619976655 0.0547945205479452 0.9418432725480532 0.0,1388.5052921585047,0.005714285714285714,822,71 315 12629 2220 1182 10079 28,1.0 1.0 1.0 0.15315991328997833 1.0 0.9307540660423854 1.0,1110263.4674539503,0.005714285714285714,185,41 189 7727 447 14 6448 -19,0.2857142857142857 0.5039370078740157 0.4221383944359307 0.005336001334000333 0.0 0.035978314440611135 0.8356643356643356,340335.9018948606,0.8257142857142857,505,43 183 7549 385 19 6369 -10,0.3333333333333333 0.48031496062992124 0.40115525167983024 0.00016675004168751042 0.004280821917808219 0.016510596352883194 0.8671328671328671,385378.00898418785,0.8285714285714286,626,71 315 12629 2220 1182 10079 28,1.0 1.0 1.0 0.15315991328997833 1.0 0.9307540660423854 1.0,1110263.4674539503,0.005714285714285714,185,41 188 7376 491 26 6302 -9,0.2857142857142857 0.5 0.3807615230460922 0.009004502251125562 0.010273972602739725 0.0 0.8706293706293706,339532.80347362865,0.8257142857142857,584,43 183 7549 383 19 6372 -10,0.3333333333333333 0.48031496062992124 0.40115525167983024 0.0 0.004280821917808219 0.01724987678659438 0.8671328671328671,385377.8496269505,0.8285714285714286,636,29 62 4161 12206 78 10150 -256,0.0 0.003937007874015748 0.0017682423670871154 0.9857428714357178 0.0547945205479452 0.9482503696402168 0.006993006993006993,1412.0950312663535,0.005714285714285714,845
resolved-p7d-c21d-3600-all/resolved-p7d-c21d-3600-1st/nsp-n30-d28-r0.10-rp2-fp2-s5,12 4 875 6056 2 2936 -51,0.7058823529411765 0.03361344537815126 0.05521472392638037 0.3204019630754849 0.13333333333333333 0.18354912414318356 0.3619047619047619,710131.7774106676,0.009523809523809525,927,12 4 875 5919 2 2935 -52,0.7058823529411765 0.03361344537815126 0.05521472392638037 0.30439354989483525 0.13333333333333333 0.1827875095201828 0.3523809523809524,710115.7518575311,0.009523809523809525,957,12 4 875 5942 2 2939 -52,0.7058823529411765 0.03361344537815126 0.05521472392638037 0.30708109371348447 0.13333333333333333 0.18583396801218582 0.3523809523809524,710118.4698659348,0.009523809523809525,941.0,14 4 1108 7582 1 3369 -89,0.8235294117647058 0.03361344537815126 0.5316973415132924 0.4987146529562982 0.06666666666666667 0.5133282559025133 0.0,832718.2443198358,0.009523809523809525,19,11 95 1115 3373 15 2716 10,0.6470588235294118 0.7983193277310925 0.5460122699386503 0.00689413414349147 1.0 0.015993907083015995 0.9428571428571428,732458.8759322647,0.18095238095238095,432,9 119 848 3314 11 2695 16,0.5294117647058824 1.0 0.0 0.0 0.7333333333333333 0.0 1.0,629486.0980392158,0.18571428571428572,430,14 4 1108 7582 1 3369 -89,0.8235294117647058 0.03361344537815126 0.5316973415132924 0.4987146529562982 0.06666666666666667 0.5133282559025133 0.0,832718.2443198358,0.009523809523809525,19,11 95 1116 3373 15 2716 11,0.6470588235294118 0.7983193277310925 0.5480572597137015 0.00689413414349147 1.0 0.015993907083015995 0.9523809523809523,732479.3353538248,0.18095238095238095,431,9 119 848 3314 11 2695 15,0.5294117647058824 1.0 0.0 0.0 0.7333333333333333 0.0 0.9904761904761905,629486.0885154062,0.18571428571428572,431,14 4 1108 7582 1 3369 -89,0.8235294117647058 0.03361344537815126 0.5316973415132924 0.4987146529562982 0.06666666666666667 0.5133282559025133 0.0,832718.2443198358,0.009523809523809525,19,11 95 1116 3373 15 2716 14,0.6470588235294118 0.7983193277310925 0.5480572597137015 0.00689413414349147 1.0 0.015993907083015995 0.9809523809523809,732479.3639252534,0.18095238095238095,430,12 65 945 4729 6 3001 -14,0.7058823529411765 0.5462184873949579 0.1983640081799591 0.16534236971254967 0.4 0.23305407463823305 0.7142857142857143,762696.2289586451,0.18571428571428572,385,17 28 921 5238 3 2928 -39,1.0 0.23529411764705882 0.1492842535787321 0.2248188829165693 0.2 0.17745620715917745 0.47619047619047616,1025269.3239359575,0.009523809523809525,530,0 0 1321 11872 0 4008 -85,0.0 0.0 0.967280163599182 1.0 0.0 1.0 0.0380952380952381,10682.839731229915,0.6523809523809524,302,0 0 1337 11482 0 3983 -83,0.0 0.0 1.0 0.9544286048142089 0.0 0.9809596344249809 0.05714285714285714,10964.295344015602,0.6285714285714286,300,17 28 984 5238 3 2985 -39,1.0 0.23529411764705882 0.278118609406953 0.2248188829165693 0.2 0.22086824067022087 0.47619047619047616,1026558.1016145749,0.009523809523809525,475,0 0 1324 11584 0 4005 -85,0.0 0.0 0.9734151329243353 0.966347277401262 0.0 0.9977151561309977 0.0380952380952381,10710.513853444021,0.6523809523809524,263,0 0 1337 11482 0 4004 -85,0.0 0.0 1.0 0.9544286048142089 0.0 0.996953541507997 0.0380952380952381,10964.436235467385,0.6285714285714286,296,13 4 861 6667 5 2924 -71,0.7647058823529411 0.03361344537815126 0.026584867075664622 0.3917971488665576 0.3333333333333333 0.1744097486671744 0.17142857142857143,768760.1215697709,0.009523809523809525,1111
resolved-p7d-c21d-3600-all/resolved-p7d-c21d-3600-1st/nsp-n40-d28-r0.10-rp2-fp2-s1,16 7 1766 9983 3 5252 -212,0.5 0.8 0.059957173447537475 0.05819833719036599 0.75 0.02500992457324335 0.5616438356164384,580733.5818147471,0.014285714285714285,948,16 7 1766 9995 3 5253 -211,0.5 0.8 0.059957173447537475 0.05922687923202194 0.75 0.02540690750297737 0.5753424657534246,580734.6280252482,0.014285714285714285,923,16 7 1766 10024 4 5255 -209,0.5 0.8 0.059957173447537475 0.06171252249935716 1.0 0.026200873362445413 0.6027397260273972,580762.1490054344,0.014285714285714285,883.0,17 7 1737 10130 1 5222 -211,1.0 0.8 0.028907922912205567 0.07079797720065141 0.25 0.013100436681222707 0.5753424657534246,1080385.5835531552,0.014285714285714285,462,16 8 1762 10020 2 5307 -210,0.5 1.0 0.055674518201284794 0.06136967515213851 0.5 0.04684398570861453 0.589041095890411,600669.172338118,0.017857142857142856,485,16 8 1762 10020 2 5343 -212,0.5 1.0 0.055674518201284794 0.06136967515213851 0.5 0.0611353711790393 0.5616438356164384,600669.2878547123,0.017857142857142856,482,17 7 1737 10144 1 5217 -211,1.0 0.8 0.028907922912205567 0.07199794291591669 0.25 0.0111155220325526 0.5753424657534246,1080386.763669724,0.014285714285714285,443,16 8 1762 10080 2 5316 -217,0.5 1.0 0.055674518201284794 0.06651238536041827 0.5 0.050416832076220726 0.4931506849315068,600674.254886379,0.017857142857142856,473,16 8 1769 10036 2 5312 -217,0.5 1.0 0.06316916488222699 0.06274106454101311 0.5 0.048828900357284634 0.4931506849315068,600745.4141530518,0.017857142857142856,457,17 7 1737 10140 1 5215 -212,1.0 0.8 0.028907922912205567 0.07165509556869804 0.25 0.010321556173084558 0.5616438356164384,1080386.399184088,0.014285714285714285,454,16 8 1776 10065 3 5307 -207,0.5 1.0 0.07066381156316917 0.06522670780834833 0.75 0.04684398570861453 0.6301369863013698,600847.9634002835,0.017857142857142856,416,16 8 1776 10059 3 5314 -214,0.5 1.0 0.07066381156316917 0.06471243678752035 0.75 0.04962286621675268 0.5342465753424658,600847.3810276567,0.017857142857142856,422,17 7 2644 20971 0 7689 -230,1.0 0.8 1.0 1.0 0.0 0.9924573243350536 0.3150684931506849,1091010.2396417365,0.6392857142857142,44,16 3 2472 20350 0 7317 -253,0.5 0.0 0.815845824411135 0.9467729493443044 0.0 0.8447796744739976 0.0,509113.6789902004,0.6214285714285714,983,15 4 2511 20438 0 7356 -247,0.0 0.2 0.8576017130620985 0.9543155909831148 0.0 0.8602620087336245 0.0821917808219178,29539.01753347226,0.6321428571428571,408,17 7 2644 20917 0 7708 -229,1.0 0.8 1.0 0.9953715608125482 0.0 1.0 0.3287671232876712,1091005.7003279359,0.6392857142857142,45,16 3 2464 20435 0 7312 -251,0.5 0.0 0.8072805139186295 0.9540584554727007 0.0 0.8427947598253275 0.0273972602739726,509035.31893951754,0.625,1051,15 4 2511 20437 0 7357 -247,0.0 0.2 0.8576017130620985 0.9542298791463101 0.0 0.8606589916633585 0.0821917808219178,29538.93579146475,0.6214285714285714,414,15 7 1710 9304 1 5189 -180,0.0 0.8 0.0 0.0 0.25 0.0 1.0,80026.0,0.014285714285714285,904
resolved-p7d-c21d-3600-all/resolved-p7d-c21d-3600-1st/nsp-n30-d28-r0.10-rp2-fp2-s4,10 7 927 6234 2 2850 -72,0.5 0.23076923076923078 0.0017513134851138354 0.032058754954534856 1.0 0.004710632570659489 0.8333333333333334,523227.3754063878,0.023809523809523808,873,10 7 926 6055 2 2843 -70,0.5 0.23076923076923078 0.0 0.01119141991140126 1.0 0.0 0.8636363636363636,523188.9781331981,0.023809523809523808,950,10 7 927 6210 2 2851 -70,0.5 0.23076923076923078 0.0017513134851138354 0.029260899976684542 1.0 0.005383580080753701 0.8636363636363636,523224.61458391533,0.023809523809523808,879.0,10 7 1079 7437 0 3114 -113,0.5 0.23076923076923078 0.2679509632224168 0.17230123571928188 0.0 0.18236877523553163 0.21212121212121213,525930.769753831,0.023809523809523808,438,10 7 1083 7267 0 3144 -127,0.5 0.23076923076923078 0.27495621716287216 0.15248309629284215 0.0 0.20255720053835802 0.0,525980.9939168501,0.023809523809523808,294,10 7 1083 7267 0 3136 -127,0.5 0.23076923076923078 0.27495621716287216 0.15248309629284215 0.0 0.1971736204576043 0.0,525980.9400810492,0.023809523809523808,295,10 7 1079 7437 0 3115 -116,0.5 0.23076923076923078 0.2679509632224168 0.17230123571928188 0.0 0.18304172274562583 0.16666666666666666,525930.7310287607,0.023809523809523808,436,10 7 1083 7267 0 3148 -127,0.5 0.23076923076923078 0.27495621716287216 0.15248309629284215 0.0 0.20524899057873486 0.0,525981.0208347504,0.023809523809523808,293,10 7 1083 7267 0 3192 -123,0.5 0.23076923076923078 0.27495621716287216 0.15248309629284215 0.0 0.2348586810228802 0.06060606060606061,525981.3775377155,0.023809523809523808,290,10 7 1079 7463 0 3118 -119,0.5 0.23076923076923078 0.2679509632224168 0.17533224527861974 0.0 0.18506056527590847 0.12121212121212122,525933.7367721999,0.023809523809523808,415,10 7 1083 7267 0 3192 -123,0.5 0.23076923076923078 0.27495621716287216 0.15248309629284215 0.0 0.2348586810228802 0.06060606060606061,525981.3775377155,0.023809523809523808,290,10 7 1083 7267 0 3190 -120,0.5 0.23076923076923078 0.27495621716287216 0.15248309629284215 0.0 0.2335127860026918 0.10606060606060606,525981.4095333107,0.023809523809523808,291,11 5 1400 14266 0 4329 -93,0.75 0.07692307692307693 0.830122591943958 0.9684075542084402 0.0 1.0 0.5151515151515151,766972.4563174709,0.6571428571428571,247,11 4 1395 14537 1 4307 -110,0.75 0.0 0.8213660245183888 1.0 0.5 0.9851951547779273 0.25757575757575757,759273.7697724892,0.638095238095238,1261,9 17 1496 12075 0 4234 -61,0.25 1.0 0.9982486865148862 0.7129867101888552 0.0 0.9360699865410498 1.0,360705.8342752031,0.6761904761904762,570,12 5 1379 13818 1 4288 -85,1.0 0.07692307692307693 0.7933450087565674 0.9161809279552343 0.5 0.9724091520861373 0.6363636363636364,1016602.2991629859,0.6523809523809524,400,11 4 1397 14445 0 4307 -112,0.75 0.0 0.8248686514886164 0.9892748892515738 0.0 0.9851951547779273 0.22727272727272727,759248.0406284127,0.638095238095238,1210,9 17 1497 12181 0 4237 -64,0.25 1.0 1.0 0.7253439030076941 0.0 0.9380888290713324 0.9545454545454546,360735.679336753,0.6761904761904762,558,8 7 947 5959 1 2857 -64,0.0 0.23076923076923078 0.03677758318739054 0.0 0.5 0.009421265141318977 0.9545454545454546,23495.747666902942,0.023809523809523808,1099
resolved-p7d-c21d-3600-all/resolved-p7d-c21d-3600-1st/nsp-n10-d28-r0.10-rp0-fp0-s5,5 42 59 703 0 355 -17,1.0 0.65625 0.19101123595505617 0.8271767810026385 0.0 0.07713498622589532 0.06896551724137931,1068363.1294559326,0.014285714285714285,3690,5 42 59 703 0 371 -19,1.0 0.65625 0.19101123595505617 0.8271767810026385 0.0 0.12121212121212122 0.0,1068363.5012617654,0.014285714285714285,3659,5 42 59 704 0 372 -17,1.0 0.65625 0.19101123595505617 0.8284960422163589 0.0 0.12396694214876033 0.06896551724137931,1068364.9170367057,0.014285714285714285,3629.0,3 0 47 207 2 439 -2,0.6 0.0 0.056179775280898875 0.17282321899736147 0.09090909090909091 0.3085399449035813 0.5862068965517241,600747.3834872429,0.014285714285714285,1903,2 59 105 176 22 408 10,0.4 0.921875 0.7078651685393258 0.13192612137203166 1.0 0.2231404958677686 1.0,499501.309211724,0.4714285714285714,2657,1 64 81 524 11 349 -6,0.2 1.0 0.43820224719101125 0.5910290237467019 0.5 0.06060606060606061 0.4482758620689655,305024.10583212494,0.5428571428571428,3383,3 0 48 345 2 438 -7,0.6 0.0 0.06741573033707865 0.3548812664907652 0.09090909090909091 0.30578512396694213 0.41379310344827586,601041.6011232956,0.014285714285714285,1799,1 31 131 334 11 446 3,0.2 0.484375 1.0 0.3403693931398417 0.5 0.3278236914600551 0.7586206896551724,258831.9062507441,0.5,2869,0 38 93 216 19 413 8,0.0 0.59375 0.5730337078651685 0.18469656992084432 0.8636363636363636 0.2369146005509642 0.9310344827586207,65379.69746542443,0.5,2607,3 0 47 370 2 427 -6,0.6 0.0 0.056179775280898875 0.38786279683377306 0.09090909090909091 0.27548209366391185 0.4482758620689655,600961.9545555324,0.014285714285714285,1801,1 38 79 170 8 352 0,0.2 0.59375 0.4157303370786517 0.12401055408970976 0.36363636363636365 0.06887052341597796 0.6551724137931034,263694.0214388878,0.37142857142857144,3303,1 29 76 217 4 327 7,0.2 0.453125 0.38202247191011235 0.18601583113456466 0.18181818181818182 0.0 0.896551724137931,249337.81892014164,0.2857142857142857,3096,2 0 42 407 0 350 -14,0.4 0.0 0.0 0.4366754617414248 0.0 0.06336088154269973 0.1724137931034483,400437.48148434993,0.014285714285714285,1927,0 0 63 739 2 690 8,0.0 0.0 0.23595505617977527 0.8746701846965699 0.09090909090909091 1.0 0.9310344827586207,3254.24269006799,0.6428571428571429,2045,0 0 43 76 1 545 1,0.0 0.0 0.011235955056179775 0.0 0.045454545454545456 0.6005509641873278 0.6896551724137931,123.60016992153936,0.5285714285714286,2327,2 0 44 411 0 360 4,0.4 0.0 0.02247191011235955 0.4419525065963061 0.0 0.09090909090909091 0.7931034482758621,400668.37380207726,0.014285714285714285,1818,0 0 63 738 2 666 3,0.0 0.0 0.23595505617977527 0.8733509234828496 0.09090909090909091 0.9338842975206612 0.7586206896551724,3252.0898580363732,0.6428571428571429,2104,0 0 44 77 1 513 2,0.0 0.0 0.02247191011235955 0.0013192612137203166 0.045454545454545456 0.512396694214876 0.7241379310344828,236.4319217559536,0.5285714285714286,2293,5 43 71 834 1 377 -16,1.0 0.671875 0.3258426966292135 1.0 0.045454545454545456 0.13774104683195593 0.10344827586206896,1071451.9532795819,0.014285714285714285,3405
resolved-p7d-c21d-3600-all/resolved-p7d-c21d-3600-1st/nsp-n10-d28-r0.10-rp0-fp0-s0,4 60 0 16 1 193 -17,0.5 0.6666666666666666 0.0 0.0759493670886076 0.02631578947368421 0.21100917431192662 0.2857142857142857,566747.6434187315,0.014285714285714285,3182,5 55 0 12 0 192 -11,0.75 0.5151515151515151 0.0 0.02531645569620253 0.0 0.2018348623853211 0.5714285714285714,801543.057748043,0.014285714285714285,3109,5 55 0 13 0 189 -13,0.75 0.5151515151515151 0.0 0.0379746835443038 0.0 0.1743119266055046 0.47619047619047616,801555.3455084381,0.014285714285714285,3085.0,3 65 114 89 10 259 -3,0.25 0.8181818181818182 0.9193548387096774 1.0 0.2631578947368421 0.8165137614678899 0.9523809523809523,342047.16351331933,0.014285714285714285,1947,6 69 0 10 1 174 -14,1.0 0.9393939393939394 0.0 0.0 0.02631578947368421 0.03669724770642202 0.42857142857142855,1093942.821062247,0.014285714285714285,2958,6 69 0 10 1 170 -17,1.0 0.9393939393939394 0.0 0.0 0.02631578947368421 0.0 0.2857142857142857,1093942.3112326271,0.014285714285714285,2973,4 61 23 36 5 258 -7,0.5 0.696969696969697 0.18548387096774194 0.3291139240506329 0.13157894736842105 0.8073394495412844 0.7619047619047619,571902.9155246919,0.014285714285714285,1682,6 69 0 12 1 171 -17,1.0 0.9393939393939394 0.0 0.02531645569620253 0.02631578947368421 0.009174311926605505 0.2857142857142857,1093967.7194314424,0.014285714285714285,2922,6 69 0 10 1 173 -17,1.0 0.9393939393939394 0.0 0.0 0.02631578947368421 0.027522935779816515 0.2857142857142857,1093942.5864619848,0.014285714285714285,2961,2 69 22 32 1 207 -16,0.0 0.9393939393939394 0.1774193548387097 0.27848101265822783 0.02631578947368421 0.3394495412844037 0.3333333333333333,95998.42790813283,0.014285714285714285,1823,6 71 0 12 1 176 -22,1.0 1.0 0.0 0.02531645569620253 0.02631578947368421 0.05504587155963303 0.047619047619047616,1100028.5461124068,0.014285714285714285,2772,6 70 0 12 1 175 -23,1.0 0.9696969696969697 0.0 0.02531645569620253 0.02631578947368421 0.045871559633027525 0.0,1096998.103719937,0.014285714285714285,2811,4 40 1 39 1 172 -15,0.5 0.06060606060606061 0.008064516129032258 0.3670886075949367 0.02631578947368421 0.01834862385321101 0.38095238095238093,506511.53584705817,0.014285714285714285,1629,5 68 124 71 37 275 -15,0.75 0.9090909090909091 1.0 0.7721518987341772 0.9736842105263158 0.963302752293578 0.38095238095238093,851788.6252087816,0.6714285714285714,3200,5 70 8 21 2 258 -6,0.75 0.9696969696969697 0.06451612903225806 0.13924050632911392 0.05263157894736842 0.8073394495412844 0.8095238095238095,847768.2448425484,0.5857142857142857,3416,4 38 6 38 1 186 -12,0.5 0.0 0.04838709677419355 0.35443037974683544 0.02631578947368421 0.14678899082568808 0.5238095238095238,500842.9246258682,0.014285714285714285,1712,5 68 124 76 38 279 -13,0.75 0.9090909090909091 1.0 0.8354430379746836 1.0 1.0 0.47619047619047616,851855.0101375418,0.6714285714285714,3115,5 70 8 24 3 259 -2,0.75 0.9696969696969697 0.06451612903225806 0.17721518987341772 0.07894736842105263 0.8165137614678899 1.0,847809.1333243498,0.5857142857142857,3322,4 66 31 66 5 263 -2,0.5 0.8484848484848485 0.25 0.7088607594936709 0.13157894736842105 0.8532110091743119 1.0,588080.0356128071,0.014285714285714285,3475
resolved-p7d-c21d-3600-all/resolved-p7d-c21d-3600-1st/nsp-n30-d28-r0.10-rp2-fp2-s9,23 166 936 148 9 1084 -3,0.30434782608695654 0.0 1.0 0.18231046931407943 0.17073170731707318 0.9936305732484076 0.5777777777777777,314557.7238105126,0.014285714285714285,1194,23 166 935 141 9 1088 -5,0.30434782608695654 0.0 0.9989293361884368 0.16967509025270758 0.17073170731707318 1.0 0.5555555555555556,314534.4232653809,0.014285714285714285,1282,23 166 936 151 9 1086 -3,0.30434782608695654 0.0 1.0 0.18772563176895307 0.17073170731707318 0.9968152866242038 0.5777777777777777,314563.1708201012,0.014285714285714285,1144.0,21 194 38 66 2 564 -55,0.21739130434782608 0.10894941634241245 0.03854389721627409 0.03429602888086643 0.0 0.16560509554140126 0.0,228707.63703406634,0.014285714285714285,631,23 277 91 125 10 547 -16,0.30434782608695654 0.43190661478599224 0.09528907922912205 0.1407942238267148 0.1951219512195122 0.13853503184713375 0.43333333333333335,348653.5034604475,0.16666666666666666,1181,21 225 45 75 8 510 -36,0.21739130434782608 0.22957198443579765 0.046038543897216275 0.05054151624548736 0.14634146341463414 0.07961783439490445 0.2111111111111111,240875.07118242,0.05714285714285714,1367,23 187 136 109 18 503 -29,0.30434782608695654 0.08171206225680934 0.14346895074946467 0.11191335740072202 0.3902439024390244 0.06847133757961783 0.28888888888888886,314105.63317004143,0.014285714285714285,818,20 423 429 601 43 888 35,0.17391304347826086 1.0 0.45717344753747324 1.0 1.0 0.6815286624203821 1.0,279592.5932402598,0.2571428571428571,429,21 242 29 117 8 492 -33,0.21739130434782608 0.29571984435797666 0.028907922912205567 0.1263537906137184 0.14634146341463414 0.050955414012738856 0.24444444444444444,247394.10994828556,0.08095238095238096,1057,25 199 6 67 2 460 -49,0.391304347826087 0.12840466926070038 0.004282655246252677 0.036101083032490974 0.0 0.0 0.06666666666666667,404223.8090543187,0.014285714285714285,743,23 294 172 207 12 566 33,0.30434782608695654 0.4980544747081712 0.18201284796573874 0.2888086642599278 0.24390243902439024 0.16878980891719744 0.9777777777777777,356289.2666214604,0.16666666666666666,1236,16 291 438 379 43 666 -1,0.0 0.48638132295719844 0.4668094218415418 0.5992779783393501 1.0 0.32802547770700635 0.6,54009.38474725168,0.24285714285714285,698,39 334 188 342 39 680 24,1.0 0.6536964980544747 0.19914346895074947 0.5324909747292419 0.9024390243902439 0.3503184713375796 0.8777777777777778,1067988.2003346144,0.014285714285714285,656,24 301 15 123 14 756 -8,0.34782608695652173 0.5252918287937743 0.013918629550321198 0.1371841155234657 0.2926829268292683 0.4713375796178344 0.5222222222222223,400666.14413762715,0.7142857142857143,1190,27 300 84 181 12 782 -38,0.4782608695652174 0.5214007782101168 0.08779443254817987 0.24187725631768953 0.24390243902439024 0.5127388535031847 0.18888888888888888,531550.4754893549,0.680952380952381,1259,39 334 188 349 40 679 25,1.0 0.6536964980544747 0.19914346895074947 0.5451263537906137 0.926829268292683 0.3487261146496815 0.8888888888888888,1068003.2699256102,0.014285714285714285,648,24 301 16 121 14 747 -6,0.34782608695652173 0.5252918287937743 0.014989293361884369 0.13357400722021662 0.2926829268292683 0.4570063694267516 0.5444444444444444,400673.1195775599,0.7142857142857143,1152,28 291 68 161 10 781 -53,0.5217391304347826 0.48638132295719844 0.07066381156316917 0.20577617328519857 0.1951219512195122 0.5111464968152867 0.022222222222222223,571314.3229017317,0.680952380952381,1131,19 199 2 47 2 496 -44,0.13043478260869565 0.12840466926070038 0.0 0.0 0.0 0.05732484076433121 0.12222222222222222,143275.94500539554,0.014285714285714285,1045
resolved-p7d-c21d-3600-all/resolved-p7d-c21d-3600-1st/nsp-n20-d28-r0.10-rp2-fp2-s2,6 3 424 4683 4 1454 -59,0.6666666666666666 0.21428571428571427 0.10526315789473684 0.37806236080178174 1.0 0.11061946902654868 0.0,689627.0382296775,0.0,1611,6 3 420 4684 4 1451 -57,0.6666666666666666 0.21428571428571427 0.08421052631578947 0.37834075723830735 1.0 0.10619469026548672 0.04878048780487805,689416.7948430247,0.0,1697,6 3 427 4968 3 1454 -59,0.6666666666666666 0.21428571428571427 0.12105263157894737 0.45740534521158127 0.75 0.11061946902654868 0.0,689839.2759509294,0.0,1460.0,7 3 510 4677 0 1572 -41,0.7777777777777778 0.21428571428571427 0.5578947368421052 0.37639198218262804 0.0 0.28466076696165193 0.43902439024390244,805164.9741890128,0.0,43,6 3 435 5066 1 1481 -48,0.6666666666666666 0.21428571428571427 0.1631578947368421 0.4846881959910913 0.25 0.1504424778761062 0.2682926829268293,690238.2779560592,0.2,1500,6 3 434 5134 1 1472 -51,0.6666666666666666 0.21428571428571427 0.15789473684210525 0.503619153674833 0.25 0.13716814159292035 0.1951219512195122,690204.371420701,0.1357142857142857,1536,7 3 510 4677 0 1572 -41,0.7777777777777778 0.21428571428571427 0.5578947368421052 0.37639198218262804 0.0 0.28466076696165193 0.43902439024390244,805164.9741890128,0.0,43,6 3 435 5066 1 1476 -50,0.6666666666666666 0.21428571428571427 0.1631578947368421 0.4846881959910913 0.25 0.1430678466076696 0.21951219512195122,690238.1554292587,0.20714285714285716,1527,6 3 432 5133 1 1455 -54,0.6666666666666666 0.21428571428571427 0.14736842105263157 0.5033407572383074 0.25 0.11209439528023599 0.12195121951219512,690098.5059581749,0.07142857142857142,1598,7 3 510 4677 0 1572 -41,0.7777777777777778 0.21428571428571427 0.5578947368421052 0.37639198218262804 0.0 0.28466076696165193 0.43902439024390244,805164.9741890128,0.0,43,6 3 435 5066 1 1476 -50,0.6666666666666666 0.21428571428571427 0.1631578947368421 0.4846881959910913 0.25 0.1430678466076696 0.21951219512195122,690238.1554292587,0.2,1528,6 3 434 5159 0 1468 -53,0.6666666666666666 0.21428571428571427 0.15789473684210525 0.5105790645879733 0.0 0.13126843657817108 0.14634146341463414,690186.2235540763,0.12142857142857143,1508,9 14 473 3587 0 1452 -22,1.0 1.0 0.3631578947368421 0.07293986636971046 0.0 0.10766961651917405 0.9024390243902439,1103706.4979489278,0.0,485,0 0 594 6917 0 2057 -19,0.0 0.0 1.0 1.0 0.0 1.0 0.975609756097561,11010.975609756097,0.6,478,0 0 448 6688 4 1685 -42,0.0 0.0 0.23157894736842105 0.9362472160356348 1.0 0.45132743362831856 0.4146341463414634,3356.96459820247,0.6071428571428571,684,9 14 473 3325 1 1456 -18,1.0 1.0 0.3631578947368421 0.0 0.25 0.11356932153392331 1.0,1103658.7146405838,0.0,548,0 0 585 6800 1 2017 -22,0.0 0.0 0.9526315789473684 0.9674276169265034 0.25 0.9410029498525073 0.9024390243902439,10529.055874923102,0.6,509,0 0 448 6698 4 1681 -41,0.0 0.0 0.23157894736842105 0.9390311804008908 1.0 0.44542772861356933 0.43902439024390244,3359.713955761481,0.6071428571428571,683,6 3 404 4418 2 1379 -53,0.6666666666666666 0.21428571428571427 0.0 0.3042873051224944 0.5 0.0 0.14634146341463414,688449.671741824,0.0,1655
resolved-p7d-c21d-3600-all/resolved-p7d-c21d-3600-1st/nsp-n10-d28-r0.10-rp0-fp0-s4,2 3 85 1052 0 582 -14,0.2 0.011764705882352941 1.0 0.9951456310679612 0.0 1.0 0.36363636363636365,212181.9798556669,0.014285714285714285,2883,2 3 83 1057 0 582 -13,0.2 0.011764705882352941 0.9761904761904762 1.0 0.0 1.0 0.38636363636363635,211948.76171377642,0.014285714285714285,3134,2 3 83 1057 0 569 -12,0.2 0.011764705882352941 0.9761904761904762 1.0 0.0 0.9641873278236914 0.4090909090909091,211948.42631432737,0.014285714285714285,3170.0,0 2 29 128 0 375 -17,0.0 0.0 0.3333333333333333 0.09805825242718447 0.0 0.4297520661157025 0.29545454545454547,3435.9845609671293,0.014285714285714285,1798,0 14 67 948 1 485 6,0.0 0.1411764705882353 0.7857142857142857 0.8941747572815534 0.16666666666666666 0.7327823691460055 0.8181818181818182,22893.77734542425,0.4,1900,0 11 85 597 6 564 1,0.0 0.10588235294117647 1.0 0.5533980582524272 1.0 0.9504132231404959 0.7045454545454546,21251.842030056025,0.2571428571428571,2854,0 2 29 128 0 375 -15,0.0 0.0 0.3333333333333333 0.09805825242718447 0.0 0.4297520661157025 0.3409090909090909,3436.0300155125838,0.014285714285714285,1796,0 11 67 912 1 474 14,0.0 0.10588235294117647 0.7857142857142857 0.8592233009708737 0.16666666666666666 0.7024793388429752 1.0,19329.292912286473,0.38571428571428573,2572,0 12 78 597 6 556 -3,0.0 0.11764705882352941 0.9166666666666666 0.5533980582524272 1.0 0.928374655647383 0.6136363636363636,21594.667990192145,0.2571428571428571,2826,0 2 32 151 1 362 -16,0.0 0.0 0.36904761904761907 0.1203883495145631 0.16666666666666666 0.3939393939393939 0.3181818181818182,3831.788782414996,0.014285714285714285,1564,0 11 79 910 1 475 14,0.0 0.10588235294117647 0.9285714285714286 0.8572815533980582 0.16666666666666666 0.7052341597796143 1.0,20755.950141494453,0.38571428571428573,2517,0 16 85 574 1 557 -3,0.0 0.16470588235294117 1.0 0.5310679611650485 0.16666666666666666 0.931129476584022 0.6136363636363636,27028.247794255312,0.2857142857142857,2519,3 59 28 71 4 220 -18,0.3 0.6705882352941176 0.32142857142857145 0.04271844660194175 0.6666666666666666 0.0027548209366391185 0.2727272727272727,370382.7946324482,0.014285714285714285,1975,9 87 3 32 3 319 -30,0.9 1.0 0.023809523809523808 0.0048543689320388345 0.5 0.27548209366391185 0.0,1000295.7044279639,0.6714285714285714,3904,10 85 2 27 2 296 -28,1.0 0.9764705882352941 0.011904761904761904 0.0 0.3333333333333333 0.21212121212121213 0.045454545454545456,1097801.606442577,0.6714285714285714,2672,3 59 28 71 4 219 -16,0.3 0.6705882352941176 0.32142857142857145 0.04271844660194175 0.6666666666666666 0.0 0.3181818181818182,370382.8125387843,0.014285714285714285,1978,9 87 3 33 3 321 -30,0.9 1.0 0.023809523809523808 0.005825242718446602 0.5 0.2809917355371901 0.0,1000296.730398169,0.6714285714285714,3843,10 84 1 37 2 290 -28,1.0 0.9647058823529412 0.0 0.009708737864077669 0.3333333333333333 0.19559228650137742 0.045454545454545456,1096515.6316839021,0.6714285714285714,3780,0 2 49 573 4 469 -17,0.0 0.0 0.5714285714285714 0.5300970873786408 0.6666666666666666 0.6887052341597796 0.29545454545454547,6318.231975218074,0.014285714285714285,2505
resolved-p7d-c21d-3600-all/resolved-p7d-c21d-3600-1st/nsp-n20-d28-r0.10-rp2-fp2-s4,8 7 385 2966 0 1299 -17,0.6666666666666666 0.11904761904761904 0.07636363636363637 0.07919463087248323 0.0 0.07555555555555556 0.30612244897959184,679415.3212439419,0.014285714285714285,1110,8 7 374 2869 0 1256 -21,0.6666666666666666 0.11904761904761904 0.03636363636363636 0.05749440715883669 0.0 0.027777777777777776 0.22448979591836735,678993.0616097974,0.014285714285714285,1246,8 7 374 2785 0 1262 -9,0.6666666666666666 0.11904761904761904 0.03636363636363636 0.03870246085011186 0.0 0.034444444444444444 0.46938775510204084,678974.5812281145,0.014285714285714285,1298.0,8 5 412 2612 3 1339 -17,0.6666666666666666 0.07142857142857142 0.17454545454545456 0.0 1.0 0.12 0.30612244897959184,675656.4844774273,0.014285714285714285,1263,6 44 468 3556 1 1439 0,0.0 1.0 0.3781818181818182 0.21118568232662194 0.3333333333333333 0.2311111111111111 0.6530612244897959,104029.30136981374,0.35,884,6 12 409 2891 2 1328 15,0.0 0.23809523809523808 0.16363636363636364 0.06241610738255034 0.6666666666666666 0.10777777777777778 0.9591836734693877,25577.00718138791,0.10714285714285714,932,9 5 401 2955 2 1348 -17,1.0 0.07142857142857142 0.13454545454545455 0.0767337807606264 0.6666666666666666 0.13 0.30612244897959184,1008633.318258188,0.014285714285714285,1000,6 44 468 3559 2 1436 -3,0.0 1.0 0.3781818181818182 0.21185682326621924 0.6666666666666666 0.22777777777777777 0.5918367346938775,104063.21128626354,0.35714285714285715,865,6 12 410 2891 2 1331 15,0.0 0.23809523809523808 0.16727272727272727 0.06241610738255034 0.6666666666666666 0.1111111111111111 0.9591836734693877,25613.40415108488,0.10714285714285714,922,8 5 419 2617 3 1345 -15,0.6666666666666666 0.07142857142857142 0.2 0.0011185682326621924 1.0 0.12666666666666668 0.3469387755102041,675912.2559831986,0.014285714285714285,1239,6 44 468 3558 2 1430 -2,0.0 1.0 0.3781818181818182 0.2116331096196868 0.6666666666666666 0.22111111111111112 0.6122448979591837,104062.9413141136,0.35,871,6 10 408 2897 3 1350 17,0.0 0.19047619047619047 0.16 0.06375838926174497 1.0 0.1322222222222222 1.0,20813.699659103015,0.17142857142857143,986,6 8 627 7082 0 2127 -13,0.0 0.14285714285714285 0.9563636363636364 1.0 0.0 0.9955555555555555 0.3877551020408163,24859.693960008244,0.6071428571428571,1709,7 2 574 6232 0 1975 -14,0.3333333333333333 0.0 0.7636363636363637 0.8098434004474273 0.0 0.8266666666666667 0.3673469387755102,341788.17438374984,0.65,1096,8 2 583 7028 0 2031 -32,0.6666666666666666 0.0 0.7963636363636364 0.9879194630872483 0.0 0.8888888888888888 0.0,675627.1113822791,0.6571428571428571,1090,6 8 639 7082 0 2131 -16,0.0 0.14285714285714285 1.0 1.0 0.0 1.0 0.32653061224489793,25296.04081632653,0.6071428571428571,1671,7 2 574 6232 0 1991 -2,0.3333333333333333 0.0 0.7636363636363637 0.8098434004474273 0.0 0.8444444444444444 0.6122448979591837,341788.5970594868,0.6642857142857143,1056,8 2 583 7028 0 2031 -32,0.6666666666666666 0.0 0.7963636363636364 0.9879194630872483 0.0 0.8888888888888888 0.0,675627.1113822791,0.6571428571428571,1090,6 5 364 3319 0 1231 -20,0.0 0.07142857142857142 0.0 0.158165548098434 0.0 0.0 0.24489795918367346,7301.2675889147595,0.014285714285714285,1363
resolved-p7d-c21d-3600-all/resolved-p7d-c21d-3600-1st/nsp-n50-d28-r0.10-rp2-fp2-s7,30 155 3271 13102 22 8850 -250,1.0 0.9423076923076923 0.06671251719394773 0.1483776188042923 0.6285714285714286 0.06983909619993153 0.2564102564102564,1095110.0839655886,0.022857142857142857,306,29 164 3268 10784 35 8699 -166,0.8571428571428571 1.0 0.06464924346629987 0.0003193663771078181 1.0 0.01814447107155084 0.9743589743589743,957890.8247475822,0.008571428571428572,330,29 164 3265 10779 35 8708 -163,0.8571428571428571 1.0 0.06258596973865199 0.0 1.0 0.021225607668606643 1.0,957869.9290963203,0.008571428571428572,386.0,30 159 3174 12332 25 8646 -201,1.0 0.967948717948718 0.0 0.0991951967296883 0.7142857142857143 0.0 0.6752136752136753,1096966.1707767053,0.008571428571428572,425,30 159 3255 12264 24 8782 -204,1.0 0.967948717948718 0.05570839064649243 0.09485181400102197 0.6857142857142857 0.04655939746662102 0.6495726495726496,1097516.4941105335,0.008571428571428572,258,30 159 3255 12223 24 8785 -213,1.0 0.967948717948718 0.05570839064649243 0.09223300970873786 0.6857142857142857 0.04758644299897295 0.5726495726495726,1097513.8086536196,0.008571428571428572,271,30 159 3177 12379 26 8659 -201,1.0 0.967948717948718 0.0020632737276478678 0.10219724067450178 0.7428571428571429 0.004450530640191715 0.6752136752136753,1096992.7072060902,0.008571428571428572,417,30 159 3255 12347 24 8790 -206,1.0 0.967948717948718 0.05570839064649243 0.10015329586101175 0.6857142857142857 0.049298185552892844 0.6324786324786325,1097521.8058862572,0.008571428571428572,222,30 159 3255 12264 24 8782 -202,1.0 0.967948717948718 0.05570839064649243 0.09485181400102197 0.6857142857142857 0.04655939746662102 0.6666666666666666,1097516.5112045505,0.008571428571428572,256,30 159 3174 12332 25 8646 -201,1.0 0.967948717948718 0.0 0.0991951967296883 0.7142857142857143 0.0 0.6752136752136753,1096966.1707767053,0.008571428571428572,425,30 159 3255 12319 24 8786 -208,1.0 0.967948717948718 0.05570839064649243 0.09836484414920797 0.6857142857142857 0.04792879150975693 0.6153846153846154,1097519.9866465877,0.008571428571428572,233,30 159 3255 12264 24 8782 -204,1.0 0.967948717948718 0.05570839064649243 0.09485181400102197 0.6857142857142857 0.04655939746662102 0.6495726495726496,1097516.4941105335,0.008571428571428572,258,25 28 4628 25364 0 11567 -261,0.2857142857142857 0.1282051282051282 1.0 0.9315917220235054 0.0 1.0 0.1623931623931624,309476.55264998437,0.7228571428571429,811,23 8 4324 26200 1 11506 -278,0.0 0.0 0.7909215955983494 0.9849897802759325 0.02857142857142857 0.9791167408421774 0.017094017094017096,8906.871140542085,0.7457142857142857,68,23 8 4324 26382 1 11506 -280,0.0 0.0 0.7909215955983494 0.9966147164026571 0.02857142857142857 0.9791167408421774 0.0,8918.478982651715,0.74,58,25 27 4620 25324 0 11567 -263,0.2857142857142857 0.12179487179487179 0.9944979367262724 0.9290367910066428 0.0 1.0 0.1452991452991453,308777.93435118755,0.7228571428571429,838,23 8 4324 26253 1 11506 -278,0.0 0.0 0.7909215955983494 0.9883750638732755 0.02857142857142857 0.9791167408421774 0.017094017094017096,8910.256424139428,0.7485714285714286,67,23 8 4324 26435 1 11506 -280,0.0 0.0 0.7909215955983494 1.0 0.02857142857142857 0.9791167408421774 0.0,8921.864266249058,0.7428571428571429,57,30 158 3237 12811 23 8791 -226,1.0 0.9615384615384616 0.04332874828060523 0.12979049565661727 0.6571428571428571 0.04964053406367682 0.46153846153846156,1096783.5963618252,0.008571428571428572,563
resolved-p7d-c21d-3600-all/resolved-p7d-c21d-3600-1st/nsp-n10-d28-r0.10-rp0-fp0-s7,0 0 0 0 0 102 -21,0.0 0.0 0.0 0.0 0.0 0.5161290322580645 0.3157894736842105,5.477079796264856,0.2857142857142857,41,0 0 0 0 0 102 -17,0.0 0.0 0.0 0.0 0.0 0.5161290322580645 0.5263157894736842,5.687606112054329,0.34285714285714286,6,0 0 0 0 0 102 -17,0.0 0.0 0.0 0.0 0.0 0.5161290322580645 0.5263157894736842,5.687606112054329,0.34285714285714286,6.0,0 0 0 0 0 86 -13,0.0 0.0 0.0 0.0 0.0 0.0 0.7368421052631579,0.7368421052631579,0.2714285714285714,135,0 0 0 0 0 117 -24,0.0 0.0 0.0 0.0 0.0 1.0 0.15789473684210525,10.157894736842104,0.42857142857142855,108,0 0 0 0 0 87 -19,0.0 0.0 0.0 0.0 0.0 0.03225806451612903 0.42105263157894735,0.7436332767402376,0.2714285714285714,70,0 0 0 0 0 105 -20,0.0 0.0 0.0 0.0 0.0 0.6129032258064516 0.3684210526315789,6.497453310696095,0.2714285714285714,73,0 0 0 0 0 93 -20,0.0 0.0 0.0 0.0 0.0 0.22580645161290322 0.3684210526315789,2.626485568760611,0.5571428571428572,42,0 0 0 0 0 91 -20,0.0 0.0 0.0 0.0 0.0 0.16129032258064516 0.3684210526315789,1.9813242784380305,0.2714285714285714,61,0 0 0 0 0 104 -18,0.0 0.0 0.0 0.0 0.0 0.5806451612903226 0.47368421052631576,6.280135823429542,0.2714285714285714,11,0 0 0 0 0 97 -12,0.0 0.0 0.0 0.0 0.0 0.3548387096774194 0.7894736842105263,4.3378607809847205,0.4857142857142857,24,0 0 0 0 0 100 -19,0.0 0.0 0.0 0.0 0.0 0.45161290322580644 0.42105263157894735,4.937181663837011,0.2714285714285714,87,0 0 0 0 0 96 -25,0.0 0.0 0.0 0.0 0.0 0.3225806451612903 0.10526315789473684,3.3310696095076398,0.2714285714285714,118,0 0 0 0 0 95 -27,0.0 0.0 0.0 0.0 0.0 0.2903225806451613 0.0,2.903225806451613,0.42857142857142855,102,0 0 0 0 0 90 -19,0.0 0.0 0.0 0.0 0.0 0.12903225806451613 0.42105263157894735,1.7113752122241086,0.2714285714285714,108,0 0 0 0 0 96 -26,0.0 0.0 0.0 0.0 0.0 0.3225806451612903 0.05263157894736842,3.2784380305602716,0.2714285714285714,119,0 0 0 0 0 95 -27,0.0 0.0 0.0 0.0 0.0 0.2903225806451613 0.0,2.903225806451613,0.42857142857142855,102,0 0 0 0 0 90 -19,0.0 0.0 0.0 0.0 0.0 0.12903225806451613 0.42105263157894735,1.7113752122241086,0.2714285714285714,108,0 0 0 0 0 107 -8,0.0 0.0 0.0 0.0 0.0 0.6774193548387096 1.0,7.774193548387096,0.3,168
resolved-p7d-c21d-3600-all/resolved-p7d-c21d-3600-1st/nsp-n30-d28-r0.10-rp2-fp2-s7,0 0 0 0 0 164 -84,0.0 0.0 0.0 0.0 0.0 0.02729528535980149 0.3181818181818182,0.5911346717798331,0.05238095238095238,74,0 0 0 0 0 153 -98,0.0 0.0 0.0 0.0 0.0 0.0 0.0,0.0,0.03333333333333333,96,0 0 0 0 0 162 -98,0.0 0.0 0.0 0.0 0.0 0.022332506203473945 0.0,0.22332506203473945,0.03333333333333333,88.0,0 0 0 0 0 153 -67,0.0 0.0 0.0 0.0 0.0 0.0 0.7045454545454546,0.7045454545454546,0.03333333333333333,65,0 0 0 0 0 198 -54,0.0 0.0 0.0 0.0 0.0 0.11166253101736973 1.0,2.1166253101736974,0.11428571428571428,42,0 0 0 0 0 164 -91,0.0 0.0 0.0 0.0 0.0 0.02729528535980149 0.1590909090909091,0.43204376268892397,0.03333333333333333,60,0 0 0 0 0 162 -83,0.0 0.0 0.0 0.0 0.0 0.022332506203473945 0.3409090909090909,0.5642341529438304,0.03333333333333333,43,0 0 0 0 0 180 -88,0.0 0.0 0.0 0.0 0.0 0.06699751861042183 0.22727272727272727,0.8972479133769455,0.13333333333333333,34,0 0 0 0 0 180 -86,0.0 0.0 0.0 0.0 0.0 0.06699751861042183 0.2727272727272727,0.942702458831491,0.03333333333333333,86,0 0 0 0 0 174 -93,0.0 0.0 0.0 0.0 0.0 0.052109181141439205 0.11363636363636363,0.6347281750507557,0.03333333333333333,48,0 0 0 0 0 167 -66,0.0 0.0 0.0 0.0 0.0 0.034739454094292806 0.7272727272727273,1.0746672682156553,0.3476190476190476,28,0 0 0 0 0 163 -94,0.0 0.0 0.0 0.0 0.0 0.02481389578163772 0.09090909090909091,0.3390480487254681,0.03333333333333333,45,0 0 0 0 0 183 -79,0.0 0.0 0.0 0.0 0.0 0.07444168734491315 0.4318181818181818,1.1762350552673133,0.03333333333333333,319,0 0 0 0 0 169 -72,0.0 0.0 0.0 0.0 0.0 0.03970223325062035 0.5909090909090909,0.9879314234152944,0.6047619047619047,61,0 0 0 0 0 266 -72,0.0 0.0 0.0 0.0 0.0 0.2803970223325062 0.5909090909090909,3.394879314234153,0.03333333333333333,205,0 0 0 0 0 183 -78,0.0 0.0 0.0 0.0 0.0 0.07444168734491315 0.45454545454545453,1.198962327994586,0.03333333333333333,318,0 0 0 0 0 169 -72,0.0 0.0 0.0 0.0 0.0 0.03970223325062035 0.5909090909090909,0.9879314234152944,0.6047619047619047,61,0 0 0 0 0 556 -69,0.0 0.0 0.0 0.0 0.0 1.0 0.6590909090909091,10.659090909090908,0.06190476190476191,138,0 0 0 0 0 171 -98,0.0 0.0 0.0 0.0 0.0 0.04466501240694789 0.0,0.4466501240694789,0.03333333333333333,69
resolved-p7d-c21d-3600-all/resolved-p7d-c21d-3600-1st/nsp-n40-d28-r0.10-rp2-fp2-s3,24 274 15 103 10 1082 -93,0.8275862068965517 0.6884422110552764 0.005946935041171089 0.001216826978792444 0.43478260869565216 0.04781420765027322 0.6063829787234043,896535.6769653948,0.0,870,24 274 14 110 13 1079 -96,0.8275862068965517 0.6884422110552764 0.0054894784995425435 0.0016224359717232587 0.5652173913043478 0.04730191256830601 0.574468085106383,896544.5144493878,0.0,909,24 274 15 102 9 1075 -97,0.8275862068965517 0.6884422110552764 0.005946935041171089 0.0011588828369451848 0.391304347826087 0.0466188524590164 0.5638297872340425,896531.2166884225,0.0,903.0,24 276 37 132 6 847 -91,0.8275862068965517 0.6934673366834171 0.016010978956999086 0.002897207092362962 0.2608695652173913 0.007684426229508197 0.6276595744680851,897122.7390219143,0.0,561,27 279 16 82 6 893 -88,0.9310344827586207 0.7010050251256281 0.006404391582799634 0.0 0.2608695652173913 0.015539617486338798 0.6595744680851063,1001225.9311141762,0.07857142857142857,60,25 276 31 176 13 852 -64,0.8620689655172413 0.6934673366834171 0.013266239707227814 0.005446749333642369 0.5652173913043478 0.00853825136612022 0.9148936170212766,931611.33034725,0.05,442,29 263 19 132 8 820 -97,1.0 0.6608040201005025 0.00777676120768527 0.002897207092362962 0.34782608695652173 0.0030737704918032786 0.5638297872340425,1066196.4440054072,0.0,562,26 271 155 198 23 900 -56,0.896551724137931 0.6809045226130653 0.06999085086916743 0.006721520454282072 1.0 0.01673497267759563 1.0,965449.9737781102,0.04285714285714286,477,26 398 196 215 10 885 -67,0.896551724137931 1.0 0.08874656907593778 0.007706570865685479 0.43478260869565216 0.014173497267759563 0.8829787234042553,997491.3993741217,0.16428571428571428,252,26 297 24 169 14 856 -94,0.896551724137931 0.7462311557788944 0.010064043915827997 0.005041140340711554 0.6086956521739131 0.009221311475409836 0.5957446808510638,971342.0788183324,0.0,573,26 331 234 193 13 888 -58,0.896551724137931 0.8316582914572864 0.10612991765782251 0.006431799745045776 0.5652173913043478 0.014685792349726777 0.9787234042553191,980842.9315804411,0.10714285714285714,298,23 292 60 124 11 857 -72,0.7931034482758621 0.7336683417085427 0.026532479414455627 0.002433653957584888 0.4782608695652174 0.00939207650273224 0.8297872340425532,866786.7906897742,0.05,682,29 48 1890 8482 0 5090 -101,1.0 0.12060301507537688 0.8636779505946935 0.4867307915169776 0.0 0.73224043715847 0.5212765957446809,1021191.6554859689,0.0,458,0 0 2154 16844 0 6602 -150,0.0 0.0 0.9844464775846294 0.9712597056437594 0.0 0.9904371584699454 0.0,10825.628853074753,0.5785714285714286,208,0 0 2188 17272 0 6651 -141,0.0 0.0 1.0 0.9960597983543864 0.0 0.9988046448087432 0.09574468085106383,11006.143589483325,0.5821428571428572,279,29 48 1895 8482 0 5092 -101,1.0 0.12060301507537688 0.8659652333028363 0.4867307915169776 0.0 0.7325819672131147 0.5212765957446809,1021214.5317283509,0.0,455,0 0 2091 16217 0 6539 -138,0.0 0.0 0.9556267154620312 0.9349287287055279 0.0 0.9796789617486339 0.1276595744680851,10501.120332517794,0.5785714285714286,267,0 0 2188 17340 1 6658 -145,0.0 0.0 1.0 1.0 0.043478260869565216 1.0 0.05319148936170213,11014.401017576318,0.5892857142857143,272,20 260 2 93 6 802 -80,0.6896551724137931 0.6532663316582915 0.0 0.0006373855603198517 0.2608695652173913 0.0 0.7446808510638298,755009.2746025554,0.0,907
resolved-p7d-c21d-3600-all/resolved-p7d-c21d-3600-1st/nsp-n40-d28-r0.10-rp2-fp2-s0,15 10 1713 10658 2 5143 -159,0.8333333333333334 0.30303030303030304 0.0 0.060177655448517456 1.0 0.0 0.21621621621621623,863796.7575080284,0.017857142857142856,1092,15 10 1720 10639 2 5164 -160,0.8333333333333334 0.30303030303030304 0.011075949367088608 0.05780057550356562 1.0 0.012041284403669725 0.1891891891891892,863905.2333075714,0.017857142857142856,1055,15 10 1728 10708 1 5183 -163,0.8333333333333334 0.30303030303030304 0.023734177215189875 0.06643312898786438 0.5 0.022935779816513763 0.10810810810810811,863990.4760034097,0.017857142857142856,1034.0,17 10 1935 10864 0 5380 -147,0.9444444444444444 0.30303030303030304 0.3512658227848101 0.0859502064306268 0.0 0.13589449541284404 0.5405405405405406,978347.9826672481,0.017857142857142856,18,15 10 1788 10819 1 5209 -167,0.8333333333333334 0.30303030303030304 0.11867088607594936 0.08032028024521456 0.5 0.03784403669724771 0.0,864953.7712177354,0.017857142857142856,979,15 10 1784 10823 1 5211 -164,0.8333333333333334 0.30303030303030304 0.11234177215189874 0.08082071812836232 0.5 0.0389908256880734 0.08108108108108109,864891.073065349,0.017857142857142856,1016,17 10 1935 10864 0 5380 -147,0.9444444444444444 0.30303030303030304 0.3512658227848101 0.0859502064306268 0.0 0.13589449541284404 0.5405405405405406,978347.9826672481,0.017857142857142856,18,15 10 1784 10789 2 5205 -164,0.8333333333333334 0.30303030303030304 0.11234177215189874 0.0765669961216064 1.0 0.03555045871559633 0.08108108108108109,864936.7849396724,0.017857142857142856,1024,15 10 1782 10837 2 5204 -163,0.8333333333333334 0.30303030303030304 0.10917721518987342 0.08257225071937946 1.0 0.034977064220183485 0.10810810810810811,864911.165917732,0.017857142857142856,1033,17 10 1935 10864 0 5380 -147,0.9444444444444444 0.30303030303030304 0.3512658227848101 0.0859502064306268 0.0 0.13589449541284404 0.5405405405405406,978347.9826672481,0.017857142857142856,18,15 10 1785 10823 1 5212 -165,0.8333333333333334 0.30303030303030304 0.11392405063291139 0.08082071812836232 0.5 0.03956422018348624 0.05405405405405406,864906.8745570771,0.017857142857142856,1007,15 10 1786 10820 1 5212 -163,0.8333333333333334 0.30303030303030304 0.11550632911392406 0.0804453897160015 0.5 0.03956422018348624 0.10810810810810811,864922.3760675289,0.017857142857142856,1001,18 33 2085 10222 0 5327 -130,1.0 1.0 0.5886075949367089 0.005629926185412235 0.0 0.10550458715596331 1.0,1105893.760921424,0.017857142857142856,421,0 0 2345 18023 0 6887 -140,0.0 0.0 1.0 0.9816089077943201 0.0 1.0 0.7297297297297297,10992.33863752405,0.6285714285714286,228,0 0 2253 18170 0 6716 -152,0.0 0.0 0.8544303797468354 1.0 0.0 0.9019495412844036 0.40540540540540543,9553.728698286603,0.625,240,18 33 2084 10177 0 5316 -130,1.0 1.0 0.5870253164556962 0.0 0.0 0.09919724770642202 1.0,1105872.245137034,0.017857142857142856,426,0 0 2345 18023 0 6887 -140,0.0 0.0 1.0 0.9816089077943201 0.0 1.0 0.7297297297297297,10992.33863752405,0.6285714285714286,228,0 0 2253 18170 0 6716 -152,0.0 0.0 0.8544303797468354 1.0 0.0 0.9019495412844036 0.40540540540540543,9553.728698286603,0.625,240,15 10 1745 10736 0 5167 -161,0.8333333333333334 0.30303030303030304 0.05063291139240506 0.06993619416989866 0.0 0.013761467889908258 0.16216216216216217,864212.9287212987,0.017857142857142856,1063
resolved-p7d-c21d-3600-all/resolved-p7d-c21d-3600-1st/nsp-n40-d28-r0.10-rp2-fp2-s9,23 6 1664 10075 4 5424 -152,1.0 0.0 0.05333333333333334 0.11914680886518914 0.5714285714285714 0.1292372881355932 0.6831683168316832,1000711.5985405396,0.010714285714285714,712,23 6 1664 10055 4 5412 -153,1.0 0.0 0.05333333333333334 0.11748041993001167 0.5714285714285714 0.12415254237288136 0.6732673267326733,1000709.8714031567,0.010714285714285714,724,23 6 1664 10056 5 5408 -150,1.0 0.0 0.05333333333333334 0.11756373937677053 0.7142857142857143 0.12245762711864407 0.7029702970297029,1000724.2531907068,0.010714285714285714,722.0,23 6 1757 11219 3 5561 -182,1.0 0.0 0.14871794871794872 0.21446425595734045 0.42857142857142855 0.18728813559322033 0.38613861386138615,1001746.7599059638,0.010714285714285714,326,20 69 1612 8646 7 5119 -120,0.0 1.0 0.0 8.331944675887353e-05 1.0 0.0 1.0,100101.08331944676,0.18571428571428572,576,20 24 1649 9887 4 5159 -160,0.0 0.2857142857142857 0.03794871794871795 0.10348275287452091 0.5714285714285714 0.01694915254237288 0.6039603960396039,29112.31481285459,0.060714285714285714,674,23 6 1718 10481 3 5470 -166,1.0 0.0 0.10871794871794872 0.1529745042492918 0.42857142857142855 0.14872881355932202 0.5445544554455446,1001285.042976877,0.010714285714285714,500,20 69 1612 8646 7 5119 -120,0.0 1.0 0.0 8.331944675887353e-05 1.0 0.0 1.0,100101.08331944676,0.18571428571428572,576,20 22 1622 9749 5 5127 -154,0.0 0.25396825396825395 0.010256410256410256 0.09198466922179636 0.7142857142857143 0.003389830508474576 0.6633663366336634,25663.500004681584,0.060714285714285714,677,23 6 1728 10547 3 5495 -156,1.0 0.0 0.11897435897435897 0.15847358773537742 0.42857142857142855 0.15932203389830507 0.6435643564356436,1001393.3111050315,0.010714285714285714,467,20 69 1612 8645 6 5119 -121,0.0 1.0 0.0 0.0 0.8571428571428571 0.0 0.9900990099009901,100086.70438472419,0.18571428571428572,577,20 24 1649 9887 4 5159 -158,0.0 0.2857142857142857 0.03794871794871795 0.10348275287452091 0.5714285714285714 0.01694915254237288 0.6237623762376238,29112.33461483479,0.060714285714285714,672,23 7 2498 19866 0 7268 -197,1.0 0.015873015873015872 0.9087179487179488 0.9349275120813197 0.0 0.910593220338983 0.2376237623762376,1011618.7521425282,0.6107142857142858,253,22 7 2587 20583 0 7479 -221,0.6666666666666666 0.015873015873015872 1.0 0.9946675554074321 0.0 1.0 0.0,679258.6358093757,0.6035714285714285,205,22 7 2587 20647 0 7479 -220,0.6666666666666666 0.015873015873015872 1.0 1.0 0.0 1.0 0.009900990099009901,679263.9781549583,0.6,213,23 7 2498 19866 0 7268 -197,1.0 0.015873015873015872 0.9087179487179488 0.9349275120813197 0.0 0.910593220338983 0.2376237623762376,1011618.7521425282,0.6107142857142858,253,22 7 2587 20583 0 7479 -221,0.6666666666666666 0.015873015873015872 1.0 0.9946675554074321 0.0 1.0 0.0,679258.6358093757,0.6071428571428571,204,22 7 2587 20647 0 7479 -220,0.6666666666666666 0.015873015873015872 1.0 1.0 0.0 1.0 0.009900990099009901,679263.9781549583,0.6,213,23 6 1666 10020 6 5311 -160,1.0 0.0 0.055384615384615386 0.1145642392934511 0.8571428571428571 0.08135593220338982 0.6039603960396039,1000755.542198572,0.010714285714285714,745
resolved-p7d-c21d-3600-all/resolved-p7d-c21d-3600-1st/nsp-n40-d28-r0.10-rp2-fp2-s2,16 51 2101 9719 61 6047 -160,0.0 0.0 0.9140660334690185 0.9401273885350319 0.49523809523809526 0.9455329153605015 0.05084745762711865,10139.817709360259,0.007142857142857143,756,16 51 2101 9719 61 6047 -160,0.0 0.0 0.9140660334690185 0.9401273885350319 0.49523809523809526 0.9455329153605015 0.05084745762711865,10139.817709360259,0.007142857142857143,756,16 51 2101 9719 61 6047 -160,0.0 0.0 0.9140660334690185 0.9401273885350319 0.49523809523809526 0.9455329153605015 0.05084745762711865,10139.817709360259,0.007142857142857143,756.0,16 51 2291 10288 60 6325 -162,0.0 0.0 1.0 0.9958843704066634 0.4857142857142857 1.0 0.03954802259887006,11054.495347000691,0.007142857142857143,20,16 51 2148 9588 62 6142 -169,0.0 0.0 0.9353233830845771 0.9272905438510534 0.5047619047619047 0.9641457680250783 0.0,10340.642022853266,0.007142857142857143,551,16 51 2148 9601 62 6137 -169,0.0 0.0 0.9353233830845771 0.9285644292013718 0.5047619047619047 0.963166144200627 0.0,10341.90611196534,0.007142857142857143,545,16 51 2291 10330 60 6325 -163,0.0 0.0 1.0 1.0 0.4857142857142857 1.0 0.03389830508474576,11058.605326876514,0.007142857142857143,18,16 51 2148 9605 61 6135 -164,0.0 0.0 0.9353233830845771 0.9289563939245468 0.49523809523809526 0.9627742946708464 0.02824858757062147,10341.370025828406,0.007142857142857143,540,16 51 2148 9588 62 6142 -169,0.0 0.0 0.9353233830845771 0.9272905438510534 0.5047619047619047 0.9641457680250783 0.0,10340.642022853266,0.007142857142857143,551,16 51 2291 10288 60 6325 -162,0.0 0.0 1.0 0.9958843704066634 0.4857142857142857 1.0 0.03954802259887006,11054.495347000691,0.007142857142857143,20,16 51 2148 9588 62 6142 -169,0.0 0.0 0.9353233830845771 0.9272905438510534 0.5047619047619047 0.9641457680250783 0.0,10340.642022853266,0.007142857142857143,551,16 51 2148 9588 62 6142 -169,0.0 0.0 0.9353233830845771 0.9272905438510534 0.5047619047619047 0.9641457680250783 0.0,10340.642022853266,0.007142857142857143,551,47 492 629 746 114 2051 8,1.0 1.0 0.24830393487109906 0.06085252327290544 1.0 0.16261755485893417 1.0,1102646.5180475325,0.007142857142857143,451,35 350 80 125 9 1239 -33,0.6129032258064516 0.6780045351473923 0.0 0.0 0.0 0.0035266457680250786 0.768361581920904,680704.4829492305,0.7678571428571429,875,32 375 112 190 11 1226 -18,0.5161290322580645 0.7346938775510204 0.014473089099954772 0.006369426751592357 0.01904761904761905 0.0009796238244514106 0.8531073446327684,589752.2879964053,0.7964285714285714,540,47 492 629 744 114 2048 7,1.0 1.0 0.24830393487109906 0.06065654091131798 1.0 0.16202978056426331 0.9943502824858758,1102646.3105377106,0.007142857142857143,454,34 360 81 133 10 1241 -26,0.5806451612903226 0.7006802721088435 0.0004522840343735866 0.0007839294463498286 0.009523809523809525 0.003918495297805642 0.807909604519774,650720.294746507,0.7678571428571429,925,32 374 213 198 12 1221 -18,0.5161290322580645 0.7324263038548753 0.060153776571687016 0.007153356197942185 0.02857142857142857 0.0 0.8531073446327684,589984.0640156686,0.7678571428571429,739,16 51 2122 9873 60 6076 -164,0.0 0.0 0.9235639981908639 0.955218030377266 0.4857142857142857 0.9512147335423198 0.02824858757062147,10248.969836780327,0.007142857142857143,702
resolved-p7d-c21d-3600-all/resolved-p7d-c21d-3600-1st/nsp-n50-d28-r0.10-rp2-fp2-s3,21 8 2948 12302 0 7965 -219,0.0 0.25 0.03473613894455578 0.019251490553839522 0.0 0.01702016234616392 0.6037735849056604,25367.386855207766,0.005714285714285714,441,21 8 2898 12034 1 7912 -212,0.0 0.25 0.0013360053440213762 0.0 0.5 0.003142183817753339 0.7358490566037735,25064.127324334993,0.005714285714285714,500,21 8 2896 12034 1 7900 -203,0.0 0.25 0.0 0.0 0.5 0.0 0.9056603773584906,25050.905660377357,0.005714285714285714,511.0,22 7 2955 12862 1 8054 -222,0.14285714285714285 0.0 0.0394121576486306 0.05947848574096688 0.5 0.04032469232783451 0.5471698113207547,143361.6933361047,0.005714285714285714,198,22 7 3007 12635 1 8081 -198,0.14285714285714285 0.0 0.07414829659318638 0.0431721859061849 0.5 0.047394605917779525 1.0,143693.27195504008,0.005714285714285714,264,22 7 3007 12649 1 8081 -200,0.14285714285714285 0.0 0.07414829659318638 0.04417786078586308 0.5 0.047394605917779525 0.9622641509433962,143694.2398940707,0.005714285714285714,261,22 7 2947 12872 0 8040 -217,0.14285714285714285 0.0 0.03406813627254509 0.06019682494073702 0.0 0.036658811207122284 0.6415094339622641,143259.02914235505,0.005714285714285714,212,22 7 3009 12635 1 8080 -201,0.14285714285714285 0.0 0.07548430193720775 0.0431721859061849 0.5 0.04713275726630008 0.9433962264150944,143706.57278622017,0.005714285714285714,256,22 7 3001 12666 1 8082 -204,0.14285714285714285 0.0 0.07014028056112225 0.045399037425472306 0.5 0.04765645456925897 0.8867924528301887,143655.30805717804,0.005714285714285714,269,22 7 2911 12812 2 7977 -218,0.14285714285714285 0.0 0.01002004008016032 0.05588678974211623 1.0 0.020162346163917256 0.6226415094339622,143114.05431265762,0.005714285714285714,224,22 7 3007 12635 1 8081 -198,0.14285714285714285 0.0 0.07414829659318638 0.0431721859061849 0.5 0.047394605917779525 1.0,143693.27195504008,0.005714285714285714,264,22 7 3007 12635 1 8081 -198,0.14285714285714285 0.0 0.07414829659318638 0.0431721859061849 0.5 0.047394605917779525 1.0,143693.27195504008,0.005714285714285714,264,28 9 4393 25955 0 11719 -225,1.0 0.5 1.0 1.0 0.0 1.0 0.49056603773584906,1061010.4905660378,0.6371428571428571,50,26 11 4237 25342 1 11464 -248,0.7142857142857143 1.0 0.8957915831663327 0.955965807054091 0.5 0.9332285938727416 0.05660377358490566,824258.9848141441,0.6314285714285715,854,26 9 4321 25923 0 11501 -244,0.7142857142857143 0.5 0.9519038076152304 0.9977013145607356 0.0 0.942916993977481 0.1320754716981132,774812.0149218389,0.6314285714285715,847,28 9 4393 25955 0 11719 -225,1.0 0.5 1.0 1.0 0.0 1.0 0.49056603773584906,1061010.4905660378,0.6371428571428571,50,26 11 4231 25340 1 11440 -251,0.7142857142857143 1.0 0.8917835671342685 0.955822139214137 0.5 0.9269442262372348 0.0,824218.6415385335,0.6342857142857142,881,26 9 4270 25414 0 11480 -246,0.7142857142857143 0.5 0.9178356713426854 0.9611378492924358 0.0 0.9374181722964127 0.09433962264150944,774434.6773697792,0.6285714285714286,916,22 7 2964 12236 1 8024 -201,0.14285714285714285 0.0 0.04542418169672679 0.014510451835356656 0.5 0.032469232783451166 0.9433962264150944,143377.1632144997,0.005714285714285714,513
resolved-p7d-c21d-3600-all/resolved-p7d-c21d-3600-1st/nsp-n30-d28-r0.10-rp2-fp2-s2,0 0 0 0 0 183 -102,0.0 0.0 0.0 0.0 0.0 0.3448275862068966 0.11864406779661017,3.566919929865576,0.07142857142857142,89,0 0 0 0 0 188 -109,0.0 0.0 0.0 0.0 0.0 0.43103448275862066 0.0,4.310344827586206,0.11904761904761904,82,0 0 0 0 0 188 -109,0.0 0.0 0.0 0.0 0.0 0.43103448275862066 0.0,4.310344827586206,0.11904761904761904,82.0,0 0 0 0 0 163 -95,0.0 0.0 0.0 0.0 0.0 0.0 0.23728813559322035,0.23728813559322035,0.06666666666666667,173,0 0 0 0 0 200 -64,0.0 0.0 0.0 0.0 0.0 0.6379310344827587 0.7627118644067796,7.142022209234367,0.49047619047619045,27,0 0 0 0 0 175 -97,0.0 0.0 0.0 0.0 0.0 0.20689655172413793 0.2033898305084746,2.272355347749854,0.06666666666666667,125,0 0 0 0 0 180 -109,0.0 0.0 0.0 0.0 0.0 0.29310344827586204 0.0,2.9310344827586206,0.06666666666666667,118,0 0 0 0 0 203 -50,0.0 0.0 0.0 0.0 0.0 0.6896551724137931 1.0,7.8965517241379315,0.3047619047619048,21,0 0 0 0 0 170 -90,0.0 0.0 0.0 0.0 0.0 0.1206896551724138 0.3220338983050847,1.5289304500292227,0.06666666666666667,130,0 0 0 0 0 193 -90,0.0 0.0 0.0 0.0 0.0 0.5172413793103449 0.3220338983050847,5.494447691408533,0.06666666666666667,103,0 0 0 0 0 194 -74,0.0 0.0 0.0 0.0 0.0 0.5344827586206896 0.5932203389830508,5.938047925189947,0.3142857142857143,28,0 0 0 0 0 196 -97,0.0 0.0 0.0 0.0 0.0 0.5689655172413793 0.2033898305084746,5.8930450029222685,0.06666666666666667,90,0 0 0 0 0 189 -85,0.0 0.0 0.0 0.0 0.0 0.4482758620689655 0.4067796610169492,4.889538281706604,0.06666666666666667,168,0 0 0 0 0 221 -70,0.0 0.0 0.0 0.0 0.0 1.0 0.6610169491525424,10.661016949152543,0.5904761904761905,80,0 0 0 0 0 215 -53,0.0 0.0 0.0 0.0 0.0 0.896551724137931 0.9491525423728814,9.91466978375219,0.06666666666666667,199,0 0 0 0 0 189 -84,0.0 0.0 0.0 0.0 0.0 0.4482758620689655 0.423728813559322,4.906487434248977,0.06666666666666667,167,0 0 0 0 0 221 -70,0.0 0.0 0.0 0.0 0.0 1.0 0.6610169491525424,10.661016949152543,0.5904761904761905,80,0 0 0 0 0 215 -53,0.0 0.0 0.0 0.0 0.0 0.896551724137931 0.9491525423728814,9.91466978375219,0.06666666666666667,199,0 0 0 0 0 176 -96,0.0 0.0 0.0 0.0 0.0 0.22413793103448276 0.22033898305084745,2.4617182933956747,0.06666666666666667,57
resolved-p7d-c21d-3600-all/resolved-p7d-c21d-3600-1st/nsp-n10-d28-r0.10-rp0-fp0-s2,0 0 0 0 0 109 -12,0.0 0.0 0.0 0.0 0.0 0.7037037037037037 1.0,8.037037037037038,0.04285714285714286,152,0 0 0 0 0 93 -21,0.0 0.0 0.0 0.0 0.0 0.1111111111111111 0.55,1.6611111111111112,0.02857142857142857,148,0 0 0 0 0 93 -21,0.0 0.0 0.0 0.0 0.0 0.1111111111111111 0.55,1.6611111111111112,0.02857142857142857,148.0,0 0 0 0 0 108 -21,0.0 0.0 0.0 0.0 0.0 0.6666666666666666 0.55,7.216666666666666,0.02857142857142857,212,0 0 0 0 0 104 -20,0.0 0.0 0.0 0.0 0.0 0.5185185185185185 0.6,5.785185185185185,0.45714285714285713,30,0 0 0 0 0 93 -28,0.0 0.0 0.0 0.0 0.0 0.1111111111111111 0.2,1.3111111111111111,0.02857142857142857,64,0 0 0 0 0 106 -22,0.0 0.0 0.0 0.0 0.0 0.5925925925925926 0.5,6.425925925925926,0.02857142857142857,148,0 0 0 0 0 110 -15,0.0 0.0 0.0 0.0 0.0 0.7407407407407407 0.85,8.257407407407406,0.2,4,0 0 0 0 0 106 -20,0.0 0.0 0.0 0.0 0.0 0.5925925925925926 0.6,6.525925925925925,0.02857142857142857,74,0 0 0 0 0 101 -28,0.0 0.0 0.0 0.0 0.0 0.4074074074074074 0.2,4.274074074074074,0.02857142857142857,118,0 0 0 0 0 117 -25,0.0 0.0 0.0 0.0 0.0 1.0 0.35,10.35,0.4714285714285714,68,0 0 0 0 0 107 -24,0.0 0.0 0.0 0.0 0.0 0.6296296296296297 0.4,6.696296296296297,0.02857142857142857,194,0 0 0 0 0 91 -20,0.0 0.0 0.0 0.0 0.0 0.037037037037037035 0.6,0.9703703703703703,0.02857142857142857,255,0 0 0 0 0 90 -31,0.0 0.0 0.0 0.0 0.0 0.0 0.05,0.05,0.6,85,0 0 0 0 0 114 -21,0.0 0.0 0.0 0.0 0.0 0.8888888888888888 0.55,9.43888888888889,0.02857142857142857,225,0 0 0 0 0 91 -21,0.0 0.0 0.0 0.0 0.0 0.037037037037037035 0.55,0.9203703703703704,0.02857142857142857,256,0 0 0 0 0 90 -31,0.0 0.0 0.0 0.0 0.0 0.0 0.05,0.05,0.6,85,0 0 0 0 0 114 -22,0.0 0.0 0.0 0.0 0.0 0.8888888888888888 0.5,9.38888888888889,0.02857142857142857,226,0 0 0 0 0 104 -32,0.0 0.0 0.0 0.0 0.0 0.5185185185185185 0.0,5.185185185185185,0.02857142857142857,75
resolved-p7d-c21d-3600-all/resolved-p7d-c21d-3600-1st/nsp-n10-d28-r0.10-rp0-fp0-s3,0 0 0 0 0 89 -31,0.0 0.0 0.0 0.0 0.0 0.0 0.2857142857142857,0.2857142857142857,0.07142857142857142,185,0 0 0 0 0 96 -30,0.0 0.0 0.0 0.0 0.0 0.1794871794871795 0.35714285714285715,2.152014652014652,0.02857142857142857,176,0 0 0 0 0 96 -30,0.0 0.0 0.0 0.0 0.0 0.1794871794871795 0.35714285714285715,2.152014652014652,0.02857142857142857,176.0,0 0 0 0 0 104 -29,0.0 0.0 0.0 0.0 0.0 0.38461538461538464 0.42857142857142855,4.274725274725275,0.02857142857142857,102,0 0 0 0 0 101 -24,0.0 0.0 0.0 0.0 0.0 0.3076923076923077 0.7857142857142857,3.8626373626373627,0.18571428571428572,66,0 0 0 0 0 104 -24,0.0 0.0 0.0 0.0 0.0 0.38461538461538464 0.7857142857142857,4.631868131868132,0.02857142857142857,59,0 0 0 0 0 100 -27,0.0 0.0 0.0 0.0 0.0 0.28205128205128205 0.5714285714285714,3.3919413919413914,0.02857142857142857,107,0 0 0 0 0 94 -21,0.0 0.0 0.0 0.0 0.0 0.1282051282051282 1.0,2.282051282051282,0.22857142857142856,85,0 0 0 0 0 102 -24,0.0 0.0 0.0 0.0 0.0 0.3333333333333333 0.7857142857142857,4.119047619047619,0.02857142857142857,134,0 0 0 0 0 93 -29,0.0 0.0 0.0 0.0 0.0 0.10256410256410256 0.42857142857142855,1.4542124542124542,0.02857142857142857,211,0 0 0 0 0 95 -24,0.0 0.0 0.0 0.0 0.0 0.15384615384615385 0.7857142857142857,2.3241758241758244,0.37142857142857144,30,0 0 0 0 0 111 -35,0.0 0.0 0.0 0.0 0.0 0.5641025641025641 0.0,5.6410256410256405,0.02857142857142857,129,0 0 0 0 0 91 -29,0.0 0.0 0.0 0.0 0.0 0.05128205128205128 0.42857142857142855,0.9413919413919414,0.02857142857142857,225,0 0 0 0 0 116 -28,0.0 0.0 0.0 0.0 0.0 0.6923076923076923 0.5,7.423076923076923,0.6571428571428571,31,0 0 0 0 0 128 -32,0.0 0.0 0.0 0.0 0.0 1.0 0.21428571428571427,10.214285714285714,0.02857142857142857,275,0 0 0 0 0 91 -29,0.0 0.0 0.0 0.0 0.0 0.05128205128205128 0.42857142857142855,0.9413919413919414,0.02857142857142857,225,0 0 0 0 0 116 -28,0.0 0.0 0.0 0.0 0.0 0.6923076923076923 0.5,7.423076923076923,0.6571428571428571,31,0 0 0 0 0 128 -32,0.0 0.0 0.0 0.0 0.0 1.0 0.21428571428571427,10.214285714285714,0.02857142857142857,275,0 0 0 0 0 99 -22,0.0 0.0 0.0 0.0 0.0 0.2564102564102564 0.9285714285714286,3.4926739926739927,0.02857142857142857,196
resolved-p7d-c21d-3600-all/resolved-p7d-c21d-3600-1st/nsp-n20-d28-r0.10-rp2-fp2-s6,5 3 390 4328 0 1333 -86,0.0 0.5 0.04 0.17751115213044147 0.0 0.014423076923076924 0.14925373134328357,50577.804636631015,0.014285714285714285,1548,5 3 388 4380 0 1332 -89,0.0 0.5 0.032 0.1855099215505307 0.0 0.013221153846153846 0.1044776119402985,50505.74661070093,0.014285714285714285,1645,5 3 388 4294 0 1328 -88,0.0 0.5 0.032 0.1722811875096139 0.0 0.008413461538461538 0.11940298507462686,50492.48472511007,0.014285714285714285,1699.0,5 3 407 4234 1 1350 -79,0.0 0.5 0.108 0.16305183817874172 1.0 0.03485576923076923 0.2537313432835821,51343.65412721433,0.014285714285714285,1530,5 3 403 3238 0 1365 -32,0.0 0.5 0.092 0.009844639286263652 0.0 0.052884615384615384 0.9552238805970149,50931.3287093207,0.014285714285714285,1016,5 3 403 3238 0 1364 -32,0.0 0.5 0.092 0.009844639286263652 0.0 0.051682692307692304 0.9552238805970149,50931.31669008994,0.014285714285714285,1017,5 3 407 4114 1 1370 -71,0.0 0.5 0.108 0.1445931395169974 1.0 0.05889423076923077 0.373134328358209,51325.55521615305,0.014285714285714285,1562,5 3 403 3212 0 1372 -32,0.0 0.5 0.092 0.005845254576219043 0.0 0.06129807692307692 0.9552238805970149,50927.413459226045,0.014285714285714285,1029,5 3 403 3468 0 1334 -38,0.0 0.5 0.092 0.04522381172127365 0.0 0.015625 0.8656716417910447,50966.24573336307,0.014285714285714285,954,5 3 407 4141 1 1363 -69,0.0 0.5 0.108 0.14874634671588988 1.0 0.05048076923076923 0.40298507462686567,51329.654139482824,0.014285714285714285,1543,5 3 403 3174 0 1393 -29,0.0 0.5 0.092 0.0 0.0 0.08653846153846154 1.0,50921.86538461538,0.014285714285714285,1036,5 3 403 3468 0 1371 -36,0.0 0.5 0.092 0.04522381172127365 0.0 0.06009615384615385 0.8955223880597015,50966.72029564779,0.014285714285714285,943,7 4 626 9462 0 2153 -75,1.0 1.0 0.984 0.9672358098754038 0.0 1.0 0.31343283582089554,1110817.5492427112,0.6714285714285714,812,7 2 630 9351 0 2147 -94,1.0 0.0 1.0 0.9501615136132903 0.0 0.9927884615384616 0.029850746268656716,1010960.119248975,0.6571428571428571,1450,7 2 624 9312 0 2148 -95,1.0 0.0 0.976 0.9441624365482234 0.0 0.9939903846153846 0.014925373134328358,1010714.1172657675,0.6642857142857143,1421,7 4 625 9629 1 2145 -78,1.0 1.0 0.98 0.992924165512998 1.0 0.9903846153846154 0.26865671641791045,1110903.0966683833,0.6714285714285714,816,7 2 628 9675 0 2153 -96,1.0 0.0 0.992 1.0 0.0 1.0 0.0,1010930.0,0.6642857142857143,1497,7 2 624 9444 0 2148 -95,1.0 0.0 0.976 0.9644670050761421 0.0 0.9939903846153846 0.014925373134328358,1010734.4218342954,0.6571428571428571,1408,5 3 380 4395 1 1321 -85,0.0 0.5 0.0 0.18781725888324874 1.0 0.0 0.16417910447761194,50287.98143798773,0.014285714285714285,2078
resolved-p7d-c21d-3600-all/resolved-p7d-c21d-3600-1st/nsp-n30-d28-r0.10-rp2-fp2-s8,15 202 2 56 3 513 -95,0.7894736842105263 0.8112449799196787 0.0014357501794687725 0.0001487541837114169 0.21428571428571427 0.0010715242432360033 0.5612244897959183,870634.6889696333,0.009523809523809525,773,16 198 0 55 1 510 -99,0.8421052631578947 0.7951807228915663 0.0 7.437709185570845e-05 0.07142857142857142 0.0002678810608090008 0.5204081632653061,921631.0757682599,0.009523809523809525,673,15 202 1 54 1 509 -94,0.7894736842105263 0.8112449799196787 0.0007178750897343862 0.0 0.07142857142857142 0.0 0.5714285714285714,870613.0752391058,0.009523809523809525,796.0,19 189 28 76 4 570 -74,1.0 0.7590361445783133 0.020100502512562814 0.0016362960208255858 0.2857142857142857 0.01634074470934905 0.7755102040816326,1076135.7661252003,0.009523809523809525,715,16 195 36 95 8 658 -59,0.8421052631578947 0.7831325301204819 0.025843503230437905 0.003049460766084046 0.5714285714285714 0.03991427806054112 0.9285714285714286,920738.4712343654,0.047619047619047616,1375,16 195 41 102 8 658 -59,0.8421052631578947 0.7831325301204819 0.029432878679109833 0.0035701004090740052 0.5714285714285714 0.03991427806054112 0.9285714285714286,920774.8856284951,0.023809523809523808,1272,17 184 11 74 10 545 -63,0.8947368421052632 0.7389558232931727 0.007896625987078248 0.0014875418371141688 0.7142857142857143 0.00964371818912403 0.8877551020408163,968785.2910000008,0.009523809523809525,664,15 249 656 235 14 682 -52,0.7894736842105263 1.0 0.47092605886575734 0.013462253625883228 1.0 0.04634342351995714 1.0,894297.8704870449,0.1761904761904762,1150,15 226 39 116 5 585 -69,0.7894736842105263 0.9076305220883534 0.02799712849964106 0.004611379695053924 0.35714285714285715 0.02035896062148406 0.826530612244898,880558.0634899859,0.02857142857142857,1318,18 193 9 72 5 548 -86,0.9473684210526315 0.7751004016064257 0.006460875807609476 0.001338787653402752 0.35714285714285715 0.010447361371551032 0.6530612244897959,1024980.8805795561,0.009523809523809525,738,19 195 11 65 3 528 -84,1.0 0.7831325301204819 0.007896625987078248 0.0008181480104127929 0.21428571428571427 0.005089740155371015 0.673469387755102,1078415.1903581473,0.014285714285714285,1126,18 192 11 88 5 618 -61,0.9473684210526315 0.7710843373493976 0.007896625987078248 0.002528821123094087 0.35714285714285715 0.02919903562818109 0.9081632653061225,1024595.2643079011,0.014285714285714285,1306,13 34 1112 6164 0 2871 -123,0.6842105263157895 0.13654618473895583 0.7982770997846375 0.45444403123837857 0.0 0.6327350656308599 0.2755102040816326,706308.9626796301,0.009523809523809525,618,0 0 1371 13499 0 4175 -150,0.0 0.0 0.9842067480258435 1.0 0.0 0.9820519689257969 0.0,10851.887999947692,0.6095238095238096,277,0 0 1393 13263 0 4242 -129,0.0 0.0 1.0 0.9824470063220528 0.0 1.0 0.21428571428571427,10992.661292036339,0.6142857142857143,172,13 33 1084 5734 0 2754 -115,0.6842105263157895 0.13253012048192772 0.7781765972720747 0.42246188174042393 0.0 0.6013929815162068 0.35714285714285715,705674.1372911157,0.009523809523809525,716,0 0 1371 13319 1 4197 -148,0.0 0.0 0.9842067480258435 0.9866121234659725 0.07142857142857142 0.9879453522635949 0.02040816326530612,10845.722322553165,0.6238095238095238,301,0 0 1393 13242 0 4242 -131,0.0 0.0 1.0 0.9808850873930829 0.0 1.0 0.19387755102040816,10991.078964944103,0.6142857142857143,174,19 187 9 65 8 573 -87,1.0 0.751004016064257 0.006460875807609476 0.0008181480104127929 0.5714285714285714 0.017144387891776053 0.6428571428571429,1075223.7856706767,0.009523809523809525,1369
resolved-p7d-c21d-3600-all/resolved-p7d-c21d-3600-1st/nsp-n20-d28-r0.10-rp2-fp2-s9,0 0 0 0 0 88 -21,0.0 0.0 0.0 0.0 0.0 0.0 0.6176470588235294,0.6176470588235294,0.14285714285714285,99,0 0 0 0 0 93 -21,0.0 0.0 0.0 0.0 0.0 0.13513513513513514 0.6176470588235294,1.9689984101748808,0.15714285714285714,102,0 0 0 0 0 101 -36,0.0 0.0 0.0 0.0 0.0 0.35135135135135137 0.17647058823529413,3.6899841017488075,0.10714285714285714,87.0,0 0 0 0 0 125 -19,0.0 0.0 0.0 0.0 0.0 1.0 0.6764705882352942,10.676470588235293,0.10714285714285714,243,0 0 0 0 0 109 -27,0.0 0.0 0.0 0.0 0.0 0.5675675675675675 0.4411764705882353,6.116852146263911,0.4,39,0 0 0 0 0 90 -32,0.0 0.0 0.0 0.0 0.0 0.05405405405405406 0.29411764705882354,0.8346581875993642,0.10714285714285714,89,0 0 0 0 0 115 -20,0.0 0.0 0.0 0.0 0.0 0.7297297297297297 0.6470588235294118,7.9443561208267095,0.10714285714285714,180,0 0 0 0 0 99 -10,0.0 0.0 0.0 0.0 0.0 0.2972972972972973 0.9411764705882353,3.9141494435612083,0.2785714285714286,44,0 0 0 0 0 96 -36,0.0 0.0 0.0 0.0 0.0 0.21621621621621623 0.17647058823529413,2.338632750397456,0.10714285714285714,152,0 0 0 0 0 97 -32,0.0 0.0 0.0 0.0 0.0 0.24324324324324326 0.29411764705882354,2.726550079491256,0.10714285714285714,177,0 0 0 0 0 109 -8,0.0 0.0 0.0 0.0 0.0 0.5675675675675675 1.0,6.675675675675675,0.45714285714285713,33,0 0 0 0 0 121 -12,0.0 0.0 0.0 0.0 0.0 0.8918918918918919 0.8823529411764706,9.80127186009539,0.10714285714285714,191,0 0 0 0 0 109 -42,0.0 0.0 0.0 0.0 0.0 0.5675675675675675 0.0,5.675675675675675,0.10714285714285714,272,0 0 0 0 0 107 -33,0.0 0.0 0.0 0.0 0.0 0.5135135135135135 0.2647058823529412,5.399841017488076,0.45,115,0 0 0 0 0 109 -29,0.0 0.0 0.0 0.0 0.0 0.5675675675675675 0.38235294117647056,6.058028616852146,0.10714285714285714,299,0 0 0 0 0 109 -38,0.0 0.0 0.0 0.0 0.0 0.5675675675675675 0.11764705882352941,5.793322734499204,0.10714285714285714,268,0 0 0 0 0 107 -33,0.0 0.0 0.0 0.0 0.0 0.5135135135135135 0.2647058823529412,5.399841017488076,0.45,115,0 0 0 0 0 109 -29,0.0 0.0 0.0 0.0 0.0 0.5675675675675675 0.38235294117647056,6.058028616852146,0.10714285714285714,299,0 0 0 0 0 93 -18,0.0 0.0 0.0 0.0 0.0 0.13513513513513514 0.7058823529411765,2.057233704292528,0.10714285714285714,138
resolved-p7d-c21d-3600-all/resolved-p7d-c21d-3600-1st/nsp-n50-d28-r0.10-rp2-fp2-s5,44 312 9 82 4 1555 -132,0.9361702127659575 0.8 0.0022053418279833373 0.0005972441448743655 0.14285714285714285 0.0 0.5755395683453237,1016207.7246822362,0.011428571428571429,651,44 311 14 82 4 1555 -133,0.9361702127659575 0.7974358974358975 0.003430531732418525 0.0005972441448743655 0.14285714285714285 0.0 0.5683453237410072,1015963.5591306257,0.011428571428571429,676,44 311 9 82 5 1555 -125,0.9361702127659575 0.7974358974358975 0.0022053418279833373 0.0005972441448743655 0.17857142857142858 0.0 0.6258992805755396,1015954.9362141096,0.011428571428571429,696.0,47 321 0 74 10 1907 -131,1.0 0.823076923076923 0.0 0.00025596177637472804 0.35714285714285715 0.037072143233280674 0.5827338129496403,1082344.6160104282,0.011428571428571429,189,43 326 32 148 13 1601 -99,0.9148936170212766 0.8358974358974359 0.0078412153883852 0.003412823684996374 0.4642857142857143 0.004844655081621906 0.8129496402877698,998612.4755562088,0.03428571428571429,680,46 314 37 170 15 1679 -99,0.9787234042553191 0.8051282051282052 0.009066405292820387 0.004351350198370377 0.5357142857142857 0.013059505002632964 0.8129496402877698,1059385.7551445279,0.03428571428571429,629,47 321 1 99 11 1915 -132,1.0 0.823076923076923 0.0002450379808870375 0.0013224691779360948 0.39285714285714285 0.037914691943127965 0.5755395683453237,1082351.7055574525,0.011428571428571429,230,45 310 15 95 11 1607 -114,0.9574468085106383 0.7948717948717948 0.0036755697133055622 0.0011518279936862763 0.39285714285714285 0.005476566614007372 0.7050359712230215,1037011.9410388676,0.011428571428571429,654,45 311 10 87 10 1606 -111,0.9574468085106383 0.7974358974358975 0.002450379808870375 0.0008105456251866388 0.35714285714285715 0.005371248025276461 0.7266187050359713,1037252.2072148415,0.011428571428571429,641,47 317 2 68 6 1910 -115,1.0 0.8128205128205128 0.000490075961774075 0.0 0.21428571428571427 0.03738809899947341 0.697841726618705,1081309.4523358142,0.011428571428571429,324,39 390 278 162 28 1645 -87,0.8297872340425532 1.0 0.06812055868659642 0.004010067829870739 1.0 0.009478672985781991 0.8992805755395683,930573.4437645543,0.05714285714285714,581,43 359 108 174 20 1662 -73,0.9148936170212766 0.9205128205128205 0.02646410193580005 0.0045219913826201955 0.7142857142857143 0.011269088994207477 1.0,1007286.6033456178,0.06,295,38 56 3205 10524 0 7830 -141,0.8085106382978723 0.14358974358974358 0.7853467287429552 0.44605605562902606 0.0 0.6608741442864665 0.5107913669064749,831176.255532715,0.011428571428571429,404,0 0 3787 22168 0 10509 -193,0.0 0.0 0.9279588336192109 0.9427925429802483 0.0 0.9430226434965772 0.1366906474820144,10231.947796254806,0.6285714285714286,281,0 0 4081 23509 0 11050 -212,0.0 0.0 1.0 1.0 0.0 1.0 0.0,11010.0,0.6285714285714286,37,30 72 3405 14509 0 8806 -147,0.6382978723404256 0.18461538461538463 0.8343543249203627 0.616057335437908 0.0 0.7636650868878357 0.4676258992805755,665727.1156633737,0.18,248,0 0 3788 22168 0 10506 -196,0.0 0.0 0.928203871600098 0.9427925429802483 0.0 0.9427066877303845 0.11510791366906475,10234.3734337722,0.6285714285714286,277,0 0 4081 23509 0 11050 -212,0.0 0.0 1.0 1.0 0.0 1.0 0.0,11010.0,0.6285714285714286,37,42 305 1 68 3 1803 -116,0.8936170212765957 0.782051282051282 0.0002450379808870375 0.0 0.10714285714285714 0.026119010005265928 0.6906474820143885,971836.265984829,0.011428571428571429,479
resolved-p7d-c21d-3600-all/resolved-p7d-c21d-3600-1st/nsp-n50-d28-r0.10-rp2-fp2-s2,24 46 3635 12500 47 9286 -160,0.0 1.0 0.013020833333333334 0.018017344497607654 1.0 0.01696969696969697 0.8888888888888888,100249.28426368952,0.005714285714285714,578,24 46 3635 12475 47 9282 -157,0.0 1.0 0.013020833333333334 0.016148325358851676 1.0 0.015353535353535354 0.9444444444444444,100247.45463849016,0.005714285714285714,587,24 46 3635 12468 47 9281 -158,0.0 1.0 0.013020833333333334 0.015625 1.0 0.01494949494949495 0.9259259259259259,100246.90875420875,0.005714285714285714,590.0,24 46 3682 12603 47 9407 -164,0.0 1.0 0.07421875 0.025717703349282296 1.0 0.06585858585858585 0.8148148148148148,100869.37860402268,0.005714285714285714,394,24 46 3625 12664 47 9371 -183,0.0 1.0 0.0 0.03027811004784689 1.0 0.05131313131313131 0.46296296296296297,100131.25420432394,0.005714285714285714,477,24 46 3625 12664 47 9371 -183,0.0 1.0 0.0 0.03027811004784689 1.0 0.05131313131313131 0.46296296296296297,100131.25420432394,0.005714285714285714,477,24 46 3682 12603 47 9407 -164,0.0 1.0 0.07421875 0.025717703349282296 1.0 0.06585858585858585 0.8148148148148148,100869.37860402268,0.005714285714285714,394,24 46 3625 12664 47 9371 -183,0.0 1.0 0.0 0.03027811004784689 1.0 0.05131313131313131 0.46296296296296297,100131.25420432394,0.005714285714285714,477,24 46 3625 12664 47 9371 -183,0.0 1.0 0.0 0.03027811004784689 1.0 0.05131313131313131 0.46296296296296297,100131.25420432394,0.005714285714285714,477,24 46 3682 12603 47 9407 -164,0.0 1.0 0.07421875 0.025717703349282296 1.0 0.06585858585858585 0.8148148148148148,100869.37860402268,0.005714285714285714,394,24 46 3625 12664 47 9371 -183,0.0 1.0 0.0 0.03027811004784689 1.0 0.05131313131313131 0.46296296296296297,100131.25420432394,0.005714285714285714,477,24 46 3625 12664 47 9371 -183,0.0 1.0 0.0 0.03027811004784689 1.0 0.05131313131313131 0.46296296296296297,100131.25420432394,0.005714285714285714,477,28 8 4393 25635 0 11719 -199,1.0 0.09523809523809523 1.0 1.0 0.0 1.0 0.16666666666666666,1020533.9761904762,0.7142857142857143,53,27 4 4183 25226 0 11354 -208,0.75 0.0 0.7265625 0.9694228468899522 0.0 0.8525252525252526 0.0,758243.5730994152,0.6971428571428572,739,27 5 4186 25285 0 11334 -200,0.75 0.023809523809523808 0.73046875 0.9738337320574163 0.0 0.8444444444444444 0.14814814814814814,760668.0662056024,0.6885714285714286,359,28 8 4393 25635 0 11719 -199,1.0 0.09523809523809523 1.0 1.0 0.0 1.0 0.16666666666666666,1020533.9761904762,0.7142857142857143,53,27 4 4183 24981 0 11345 -205,0.75 0.0 0.7265625 0.9511064593301436 0.0 0.8488888888888889 0.05555555555555555,758225.2759037745,0.6885714285714286,760,27 5 4186 25285 0 11334 -199,0.75 0.023809523809523808 0.73046875 0.9738337320574163 0.0 0.8444444444444444 0.16666666666666666,760668.0847241209,0.6885714285714286,358,24 46 3676 12259 47 9244 -154,0.0 1.0 0.06640625 0.0 1.0 0.0 1.0,100765.0625,0.005714285714285714,548
resolved-p7d-c21d-3600-all/resolved-p7d-c21d-3600-1st/nsp-n20-d28-r0.10-rp2-fp2-s8,5 2 509 4680 12 1782 -1,0.07692307692307693 0.0 0.8723404255319149 0.8963035019455253 0.06521739130434782 0.8606811145510835 0.07894736842105263,86557.99217798596,0.02142857142857143,1403,5 2 502 4681 15 1764 0,0.07692307692307693 0.0 0.8599290780141844 0.8964980544747082 0.13043478260869565 0.8495356037151702 0.10526315789473684,86440.50985514939,0.02142857142857143,1445,5 2 502 4681 15 1764 0,0.07692307692307693 0.0 0.8599290780141844 0.8964980544747082 0.13043478260869565 0.8495356037151702 0.10526315789473684,86440.50985514939,0.02142857142857143,1445.0,6 2 581 4729 11 2007 6,0.15384615384615385 0.0 1.0 0.9058365758754864 0.043478260869565216 1.0 0.2631578947368421,164766.60140601103,0.02142857142857143,52,5 2 552 5213 10 1856 -3,0.07692307692307693 0.0 0.9485815602836879 1.0 0.021739130434782608 0.9065015479876161 0.02631578947368421,87420.15777022662,0.22857142857142856,471,4 2 544 5107 10 1884 -2,0.0 0.0 0.9343971631205674 0.9793774319066147 0.021739130434782608 0.9238390092879257 0.05263157894736842,10334.813997827594,0.2714285714285714,605,6 2 581 4729 11 2007 5,0.15384615384615385 0.0 1.0 0.9058365758754864 0.043478260869565216 1.0 0.23684210526315788,164766.57509022154,0.02142857142857143,53,5 2 552 5213 10 1856 -3,0.07692307692307693 0.0 0.9485815602836879 1.0 0.021739130434782608 0.9065015479876161 0.02631578947368421,87420.15777022662,0.22857142857142856,471,4 2 545 4976 10 1887 -4,0.0 0.0 0.9361702127659575 0.9538910505836576 0.021739130434782608 0.9256965944272446 0.0,10327.024057230983,0.2714285714285714,582,6 2 581 4729 11 2007 5,0.15384615384615385 0.0 1.0 0.9058365758754864 0.043478260869565216 1.0 0.23684210526315788,164766.57509022154,0.02142857142857143,53,5 2 552 5213 10 1856 -3,0.07692307692307693 0.0 0.9485815602836879 1.0 0.021739130434782608 0.9065015479876161 0.02631578947368421,87420.15777022662,0.22857142857142856,471,4 2 545 4974 10 1884 0,0.0 0.0 0.9361702127659575 0.9535019455252919 0.021739130434782608 0.9238390092879257 0.10526315789473684,10326.72163947912,0.2714285714285714,588,17 166 119 188 34 708 34,1.0 0.9111111111111111 0.18085106382978725 0.02237354085603113 0.5434782608695652 0.1956656346749226 1.0,1092999.2997726987,0.02142857142857143,1009,14 182 445 129 53 559 33,0.7692307692307693 1.0 0.7588652482269503 0.010894941634241245 0.9565217391304348 0.10340557275541795 0.9736842105263158,876927.9765685241,0.7,1978,16 181 17 74 9 395 3,0.9230769230769231 0.9944444444444445 0.0 0.0001945525291828794 0.0 0.0018575851393188853 0.18421052631578946,1022521.7648602745,0.7285714285714285,1762,16 168 120 196 35 711 34,0.9230769230769231 0.9222222222222223 0.18262411347517732 0.023929961089494165 0.5652173913043478 0.19752321981424148 1.0,1017208.8133663152,0.02142857142857143,1061,14 182 446 130 55 563 34,0.7692307692307693 1.0 0.7606382978723404 0.011089494163424125 1.0 0.10588235294117647 1.0,876950.3005271854,0.7,1870,16 181 17 73 9 392 2,0.9230769230769231 0.9944444444444445 0.0 0.0 0.0 0.0 0.15789473684210525,1022521.5254161045,0.7285714285714285,1787,5 2 509 4135 12 1769 0,0.07692307692307693 0.0 0.8723404255319149 0.790272373540856 0.06521739130434782 0.8526315789473684 0.10526315789473684,86451.90687001473,0.02142857142857143,1262
resolved-p7d-c21d-3600-all/resolved-p7d-c21d-3600-1st/nsp-n40-d28-r0.10-rp2-fp2-s7,23 5 1725 10144 2 5253 -137,0.8888888888888888 0.15789473684210525 0.08108108108108109 0.04586751345153039 0.3333333333333333 0.05587989991659716 0.7377049180327869,905569.6707346123,0.010714285714285714,801,23 5 1725 10145 3 5235 -136,0.8888888888888888 0.15789473684210525 0.08108108108108109 0.04595572020816795 0.5 0.04837364470391994 0.7540983606557377,905586.366938926,0.010714285714285714,794,23 5 1685 10130 2 5191 -139,0.8888888888888888 0.15789473684210525 0.0395010395010395 0.04463261885860457 0.3333333333333333 0.030025020850708923 0.7049180327868853,905152.344088543,0.010714285714285714,825.0,24 5 1758 10517 0 5198 -161,1.0 0.15789473684210525 0.11538461538461539 0.07876863367733969 0.0 0.0329441201000834 0.3442622950819672,1017022.7621752301,0.010714285714285714,416,21 21 1791 9624 6 5163 -133,0.6666666666666666 1.0 0.1496881496881497 0.0 1.0 0.01834862385321101 0.8032786885245902,768264.5349284752,0.11785714285714285,526,21 17 1805 10485 1 5228 -149,0.6666666666666666 0.7894736842105263 0.16424116424116425 0.07594601746493782 0.16666666666666666 0.045454545454545456 0.5409836065573771,747350.0549433236,0.07857142857142857,361,24 5 1758 10517 0 5198 -160,1.0 0.15789473684210525 0.11538461538461539 0.07876863367733969 0.0 0.0329441201000834 0.36065573770491804,1017022.7785686727,0.010714285714285714,415,21 21 1791 9624 6 5163 -133,0.6666666666666666 1.0 0.1496881496881497 0.0 1.0 0.01834862385321101 0.8032786885245902,768264.5349284752,0.11785714285714285,526,21 16 1806 10486 1 5229 -145,0.6666666666666666 0.7368421052631579 0.1652806652806653 0.07603422422157537 0.16666666666666666 0.045871559633027525 0.6065573770491803,742097.4500096507,0.07857142857142857,362,24 5 1758 10517 0 5198 -161,1.0 0.15789473684210525 0.11538461538461539 0.07876863367733969 0.0 0.0329441201000834 0.3442622950819672,1017022.7621752301,0.010714285714285714,416,21 21 1791 9624 6 5163 -133,0.6666666666666666 1.0 0.1496881496881497 0.0 1.0 0.01834862385321101 0.8032786885245902,768264.5349284752,0.11785714285714285,526,21 16 1806 10486 1 5229 -145,0.6666666666666666 0.7368421052631579 0.1652806652806653 0.07603422422157537 0.16666666666666666 0.045871559633027525 0.6065573770491803,742097.4500096507,0.07857142857142857,362,16 6 2609 20961 0 7517 -168,0.1111111111111111 0.21052631578947367 1.0 1.0 0.0 1.0 0.22950819672131148,143173.9721982552,0.6392857142857142,32,15 2 2434 20703 0 7299 -182,0.0 0.0 0.818087318087318 0.9772426567875099 0.0 0.9090909090909091 0.0,9167.206746751599,0.6321428571428571,936,15 3 2494 20516 0 7347 -172,0.0 0.05263157894736842 0.8804573804573804 0.9607479932962865 0.0 0.9291075896580484 0.16393442622950818,15037.934702929742,0.6285714285714286,364,16 6 2609 20961 0 7517 -168,0.1111111111111111 0.21052631578947367 1.0 1.0 0.0 1.0 0.22950819672131148,143173.9721982552,0.6392857142857142,32,15 2 2445 20640 1 7322 -182,0.0 0.0 0.8295218295218295 0.9716856311193437 0.16666666666666666 0.9186822351959967 0.0,9292.757415356265,0.6321428571428571,890,15 3 2494 20516 0 7347 -172,0.0 0.05263157894736842 0.8804573804573804 0.9607479932962865 0.0 0.9291075896580484 0.16393442622950818,15037.934702929742,0.6285714285714286,364,23 5 1647 9656 1 5119 -121,0.8888888888888888 0.15789473684210525 0.0 0.00282261621240187 0.16666666666666666 0.0 1.0,904698.8518559785,0.010714285714285714,613
resolved-p7d-c21d-3600-all/resolved-p7d-c21d-3600-1st/nsp-n50-d28-r0.10-rp2-fp2-s4,22 11 2887 12926 0 7763 -189,1.0 0.18518518518518517 0.06440677966101695 0.0876510342002867 0.0 0.05269793242561775 0.02040816326530612,1019250.7847368165,0.03142857142857143,483,22 11 2887 12926 0 7763 -189,1.0 0.18518518518518517 0.06440677966101695 0.0876510342002867 0.0 0.05269793242561775 0.02040816326530612,1019250.7847368165,0.03142857142857143,483,22 11 2887 12926 0 7763 -189,1.0 0.18518518518518517 0.06440677966101695 0.0876510342002867 0.0 0.05269793242561775 0.02040816326530612,1019250.7847368165,0.03142857142857143,483.0,22 11 2792 12635 1 7554 -160,1.0 0.18518518518518517 0.0 0.06778619701003481 0.25 0.0 0.6122448979591837,1018611.9169604265,0.03142857142857143,863,21 30 2940 12970 2 7874 -169,0.75 0.8888888888888888 0.10033898305084746 0.09065465219468906 0.5 0.08068582955118507 0.42857142857142855,840034.1688013162,0.10857142857142857,587,21 30 2940 12984 1 7869 -165,0.75 0.8888888888888888 0.10033898305084746 0.09161034882927162 0.25 0.0794251134644478 0.5102040816326531,840010.193523443,0.10857142857142857,579,22 11 2825 12884 1 7611 -167,1.0 0.18518518518518517 0.022372881355932205 0.08478394429653902 0.25 0.014372163388804841 0.46938775510204084,1018852.6443857633,0.03142857142857143,821,21 30 2943 13029 1 7866 -174,0.75 0.8888888888888888 0.1023728813559322 0.0946822308690013 0.25 0.07866868381240545 0.32653061224489793,840033.4131507676,0.10857142857142857,567,22 11 2908 12976 4 7852 -169,1.0 0.18518518518518517 0.07864406779661016 0.09106423646665301 1.0 0.0751386787695411 0.42857142857142855,1019497.2033911676,0.03142857142857143,561,22 11 2801 12676 1 7572 -165,1.0 0.18518518518518517 0.006101694915254237 0.07058502286845518 0.25 0.0045385779122541605 0.5102040816326531,1018675.6760804002,0.03142857142857143,851,22 11 2914 13009 3 7853 -174,1.0 0.18518518518518517 0.08271186440677966 0.09331694996245478 0.75 0.07539082198688855 0.32653061224489793,1019515.0345513809,0.03142857142857143,549,21 33 2945 13004 1 7866 -174,0.75 1.0 0.10372881355932204 0.09297562973581815 0.25 0.07866868381240545 0.32653061224489793,851156.3769827794,0.10857142857142857,563,18 6 4060 25766 0 11188 -188,0.0 0.0 0.8596610169491525 0.9641613762031538 0.0 0.9162884518406454 0.04081632653061224,9569.975246539616,0.6542857142857142,778,18 7 4267 26291 0 11520 -189,0.0 0.037037037037037035 1.0 1.0 0.0 1.0 0.02040816326530612,14713.724111866968,0.6628571428571428,272,18 7 4267 26289 0 11520 -190,0.0 0.037037037037037035 1.0 0.9998634719093453 0.0 1.0 0.0,14713.567175613049,0.6628571428571428,274,18 6 4059 25788 0 11188 -187,0.0 0.0 0.8589830508474576 0.965663185200355 0.0 0.9162884518406454 0.061224489795918366,9564.717802683135,0.6542857142857142,781,18 7 4267 26291 0 11520 -188,0.0 0.037037037037037035 1.0 1.0 0.0 1.0 0.04081632653061224,14713.744520030234,0.6628571428571428,271,18 7 4267 26239 0 11517 -188,0.0 0.037037037037037035 1.0 0.996450269642979 0.0 0.9992435703479576 0.04081632653061224,14710.187225376692,0.6628571428571428,280,18 11 2844 11642 0 7624 -141,0.0 0.18518518518518517 0.03525423728813559 0.0 0.0 0.017650025214321734 1.0,18872.23739165202,0.03142857142857143,653
resolved-p7d-c21d-3600-all/resolved-p7d-c21d-3600-1st/nsp-n20-d28-r0.10-rp2-fp2-s1,10 3 448 3634 0 1386 -24,0.42857142857142855 0.0 0.8705882352941177 0.7959725603009515 0.0 0.7628951747088186 0.3333333333333333,438081.2457697511,0.014285714285714285,1472,10 3 448 3562 0 1381 -22,0.42857142857142855 0.0 0.8705882352941177 0.7800398318211994 0.0 0.7587354409317804 0.37254901960784315,438065.3106596198,0.014285714285714285,1581,10 3 448 3594 0 1381 -24,0.42857142857142855 0.0 0.8705882352941177 0.787121044478867 0.0 0.7587354409317804 0.3333333333333333,438072.3526565912,0.014285714285714285,1525.0,11 3 514 4556 0 1671 -41,0.5 0.0 1.0 1.0 0.0 1.0 0.0,511010.0,0.014285714285714285,48,6 64 403 3511 3 1278 -7,0.14285714285714285 0.29901960784313725 0.7823529411764706 0.7687541491480416 0.42857142857142855 0.673044925124792 0.6666666666666666,181401.64146114438,0.38571428571428573,925,4 69 433 2730 6 1306 4,0.0 0.3235294117647059 0.8411764705882353 0.5959283027218412 0.8571428571428571 0.6963394342762064 0.8823529411764706,41454.19421807301,0.32857142857142857,1084,11 3 514 4556 0 1671 -41,0.5 0.0 1.0 1.0 0.0 1.0 0.0,511010.0,0.014285714285714285,48,6 64 403 3511 3 1278 -7,0.14285714285714285 0.29901960784313725 0.7823529411764706 0.7687541491480416 0.42857142857142855 0.673044925124792 0.6666666666666666,181401.64146114438,0.38571428571428573,925,4 69 439 2771 6 1302 -5,0.0 0.3235294117647059 0.8529411764705882 0.6050011064394778 0.8571428571428571 0.6930116472545758 0.7058823529411765,41580.70433215572,0.32857142857142857,1065,11 3 514 4556 0 1671 -41,0.5 0.0 1.0 1.0 0.0 1.0 0.0,511010.0,0.014285714285714285,48,6 64 403 3511 3 1278 -8,0.14285714285714285 0.29901960784313725 0.7823529411764706 0.7687541491480416 0.42857142857142855 0.673044925124792 0.6470588235294118,181401.62185330124,0.36428571428571427,927,4 69 432 2745 6 1303 0,0.0 0.3235294117647059 0.8392156862745098 0.5992476211551229 0.8571428571428571 0.6938435940099834 0.803921568627451,41437.802303593824,0.32857142857142857,1088,18 207 145 199 7 479 10,1.0 1.0 0.27647058823529413 0.03584863907944236 1.0 0.008319467554076539 1.0,1102901.637716108,0.014285714285714285,729,17 169 6 42 4 480 6,0.9285714285714286 0.8137254901960784 0.00392156862745098 0.0011064394777605664 0.5714285714285714 0.009151414309484194 0.9215686274509803,1010042.4556567022,0.6928571428571428,2023,17 191 19 92 6 472 1,0.9285714285714286 0.9215686274509803 0.029411764705882353 0.012170834255366232 0.8571428571428571 0.0024958402662229617 0.8235294117647058,1021121.1425713695,0.6642857142857143,1679,18 205 141 194 4 479 6,1.0 0.9901960784313726 0.26862745098039215 0.03474219960168179 0.5714285714285714 0.008319467554076539 0.9215686274509803,1101798.7721729886,0.014285714285714285,842,17 171 4 37 4 469 3,0.9285714285714286 0.8235294117647058 0.0 0.0 0.5714285714285714 0.0 0.8627450980392157,1010982.3753501402,0.6928571428571428,1838,17 191 19 91 6 470 5,0.9285714285714286 0.9215686274509803 0.029411764705882353 0.011949546359814118 0.8571428571428571 0.0008319467554076539 0.9019607843137255,1021120.9830759114,0.6642857142857143,1695,10 3 407 3562 0 1298 -33,0.42857142857142855 0.0 0.7901960784313725 0.7800398318211994 0.0 0.6896838602329451 0.1568627450980392,437260.48288891086,0.014285714285714285,1222
resolved-p7d-c21d-3600-all/resolved-p7d-c21d-3600-1st/nsp-n20-d28-r0.10-rp2-fp2-s3,0 0 0 0 0 111 -38,0.0 0.0 0.0 0.0 0.0 0.0 0.2857142857142857,0.2857142857142857,0.11428571428571428,55,0 0 0 0 0 115 -37,0.0 0.0 0.0 0.0 0.0 0.09302325581395349 0.32142857142857145,1.2516611295681064,0.08571428571428572,36,0 0 0 0 0 126 -37,0.0 0.0 0.0 0.0 0.0 0.3488372093023256 0.32142857142857145,3.8098006644518274,0.07857142857142857,30.0,0 0 0 0 0 118 -27,0.0 0.0 0.0 0.0 0.0 0.16279069767441862 0.6785714285714286,2.306478405315615,0.07857142857142857,89,0 0 0 0 0 130 -19,0.0 0.0 0.0 0.0 0.0 0.4418604651162791 0.9642857142857143,5.382890365448505,0.4142857142857143,20,0 0 0 0 0 129 -24,0.0 0.0 0.0 0.0 0.0 0.4186046511627907 0.7857142857142857,4.971760797342193,0.07857142857142857,51,0 0 0 0 0 154 -33,0.0 0.0 0.0 0.0 0.0 1.0 0.4642857142857143,10.464285714285714,0.07857142857142857,225,0 0 0 0 0 139 -46,0.0 0.0 0.0 0.0 0.0 0.6511627906976745 0.0,6.511627906976745,0.29285714285714287,28,0 0 0 0 0 132 -34,0.0 0.0 0.0 0.0 0.0 0.4883720930232558 0.42857142857142855,5.312292358803987,0.07857142857142857,154,0 0 0 0 0 130 -40,0.0 0.0 0.0 0.0 0.0 0.4418604651162791 0.21428571428571427,4.632890365448505,0.07857142857142857,170,0 0 0 0 0 130 -22,0.0 0.0 0.0 0.0 0.0 0.4418604651162791 0.8571428571428571,5.275747508305647,0.2357142857142857,28,0 0 0 0 0 125 -18,0.0 0.0 0.0 0.0 0.0 0.32558139534883723 1.0,4.2558139534883725,0.07857142857142857,122,0 0 0 0 0 135 -36,0.0 0.0 0.0 0.0 0.0 0.5581395348837209 0.35714285714285715,5.938538205980066,0.07857142857142857,226,0 0 0 0 0 131 -33,0.0 0.0 0.0 0.0 0.0 0.46511627906976744 0.4642857142857143,5.115448504983389,0.5142857142857142,40,0 0 0 0 0 120 -20,0.0 0.0 0.0 0.0 0.0 0.20930232558139536 0.9285714285714286,3.0215946843853825,0.07857142857142857,274,0 0 0 0 0 126 -44,0.0 0.0 0.0 0.0 0.0 0.3488372093023256 0.07142857142857142,3.5598006644518274,0.07857142857142857,263,0 0 0 0 0 131 -33,0.0 0.0 0.0 0.0 0.0 0.46511627906976744 0.4642857142857143,5.115448504983389,0.5142857142857142,40,0 0 0 0 0 120 -20,0.0 0.0 0.0 0.0 0.0 0.20930232558139536 0.9285714285714286,3.0215946843853825,0.07857142857142857,274,0 0 0 0 0 130 -33,0.0 0.0 0.0 0.0 0.0 0.4418604651162791 0.4642857142857143,4.882890365448505,0.07857142857142857,62
resolved-p7d-c21d-3600-all/resolved-p7d-c21d-3600-1st/nsp-n30-d28-r0.10-rp2-fp2-s0,6 8 946 6443 0 2932 -62,0.25 0.5 0.017578125 0.0 0.0 0.034634760705289674 0.922077922077922,300177.0496755291,0.01904761904761905,886,6 8 937 6483 0 2877 -56,0.25 0.5 0.0 0.0047097609796302835 0.0 0.0 1.0,300005.70976097963,0.01904761904761905,1016,6 8 939 6482 0 2930 -57,0.25 0.5 0.00390625 0.0045920169551395265 0.0 0.033375314861460954 0.987012987012987,300044.9752830908,0.01904761904761905,945.0,5 8 1020 6544 1 3009 -88,0.0 0.5 0.162109375 0.011892146473566467 0.5 0.08312342569269521 0.5844155844155844,51684.40154631491,0.01904761904761905,484,6 8 1004 7199 0 2952 -106,0.25 0.5 0.130859375 0.08901448251501236 0.0 0.04722921914357683 0.35064935064935066,301398.43117405707,0.01904761904761905,1008,6 8 990 7270 0 2940 -101,0.25 0.5 0.103515625 0.09737430825385612 0.0 0.039672544080604534 0.4155844155844156,301133.3428681102,0.01904761904761905,1058,5 8 1020 6540 1 3010 -89,0.0 0.5 0.162109375 0.011421170375603439 0.5 0.08375314861460957 0.5714285714285714,51683.923880433176,0.01904761904761905,487,6 8 987 7340 0 2931 -103,0.25 0.5 0.09765625 0.10561638996820912 0.0 0.03400503778337532 0.38961038961038963,301082.9085507357,0.01904761904761905,1100,6 8 985 7290 0 2925 -104,0.25 0.5 0.09375 0.09972918874367126 0.0 0.030226700251889168 0.37662337662337664,301037.90807912283,0.01904761904761905,1112,5 8 1020 6565 2 3022 -90,0.0 0.5 0.162109375 0.014364770987872366 1.0 0.09130982367758186 0.5584415584415584,51736.93006078309,0.01904761904761905,476,6 8 1004 7208 0 2944 -106,0.25 0.5 0.130859375 0.09007417873542918 0.0 0.04219143576826197 0.35064935064935066,301399.44049244374,0.01904761904761905,1005,6 8 987 7340 0 2931 -102,0.25 0.5 0.09765625 0.10561638996820912 0.0 0.03400503778337532 0.4025974025974026,301082.92153774865,0.01904761904761905,1099,8 5 1422 14697 0 4353 -97,0.75 0.0 0.947265625 0.9718591781467091 0.0 0.929471032745592 0.4675324675324675,760454.2776709417,0.6619047619047619,269,7 11 1403 14810 1 4358 -131,0.5 1.0 0.91015625 0.9851642529141647 0.5 0.9326196473551638 0.025974025974025976,610146.0789234136,0.680952380952381,1377,7 9 1449 14936 1 4465 -126,0.5 0.6666666666666666 1.0 1.0 0.5 1.0 0.09090909090909091,577726.7575757576,0.6476190476190476,1306,9 5 1446 14663 0 4381 -95,1.0 0.0 0.994140625 0.9678558813140233 0.0 0.947103274559194 0.4935064935064935,1010919.2266705531,0.6619047619047619,224,7 11 1412 14847 1 4380 -130,0.5 1.0 0.927734375 0.9895207818203227 0.5 0.9464735516372796 0.03896103896103896,610326.3682283757,0.6857142857142857,1305,7 10 1353 14536 1 4267 -133,0.5 0.8333333333333334 0.8125 0.9529023902036972 0.5 0.8753148614609572 0.0,592469.9888721517,0.6714285714285714,1293,6 8 1002 6953 0 3015 -99,0.25 0.5 0.126953125 0.06004945249028612 0.0 0.08690176322418136 0.44155844155844154,301330.8912785641,0.01904761904761905,1314
resolved-p7d-c21d-3600-all/resolved-p7d-c21d-3600-1st/nsp-n30-d28-r0.10-rp2-fp2-s3,17 59 1053 6917 14 3378 -78,0.75 1.0 0.037914691943127965 0.08304256803907886 0.875 0.03247373447946514 0.4528301886792453,850550.4670550039,0.014285714285714285,592,17 59 1056 7020 13 3393 -75,0.75 1.0 0.045023696682464455 0.09502209816236334 0.8125 0.04680038204393505 0.5094339622641509,850627.4865027698,0.014285714285714285,530,17 59 1045 6986 14 3391 -80,0.75 1.0 0.018957345971563982 0.09106769016050244 0.875 0.044890162368672396 0.41509433962264153,850369.0051458394,0.014285714285714285,753.0,17 59 1059 6934 16 3387 -75,0.75 1.0 0.052132701421800945 0.08501977204000931 1.0 0.041069723018147083 0.5094339622641509,850707.2669174505,0.014285714285714285,447,17 57 1062 6204 13 3367 -64,0.75 0.9636363636363636 0.05924170616113744 0.00011630611770179111 0.8125 0.021967526265520534 0.7169811320754716,847038.3563877601,0.11428571428571428,468,17 59 1061 6280 13 3344 -63,0.75 1.0 0.05687203791469194 0.008955571063037916 0.8125 0.0 0.7358490566037735,850659.6617992666,0.014285714285714285,402,17 59 1052 6868 16 3384 -72,0.75 1.0 0.035545023696682464 0.07734356827169109 1.0 0.038204393505253106 0.5660377358490566,850533.7418869095,0.014285714285714285,464,17 58 1057 6203 13 3368 -67,0.75 0.9818181818181818 0.04739336492890995 0.0 0.8125 0.022922636103151862 0.660377358490566,848737.8914348268,0.14285714285714285,454,17 58 1059 6206 13 3368 -65,0.75 0.9818181818181818 0.052132701421800945 0.0003489183531053733 0.8125 0.022922636103151862 0.6981132075471698,848785.6714539579,0.10952380952380952,447,17 59 1082 7018 13 3431 -78,0.75 1.0 0.1066350710900474 0.09478948592695975 0.8125 0.0830945558739255 0.4528301886792453,851243.6739725749,0.014285714285714285,382,17 58 1057 6203 13 3368 -67,0.75 0.9818181818181818 0.04739336492890995 0.0 0.8125 0.022922636103151862 0.660377358490566,848737.8914348268,0.14285714285714285,454,17 58 1059 6211 13 3368 -67,0.75 0.9818181818181818 0.052132701421800945 0.0009304489416143289 0.8125 0.022922636103151862 0.660377358490566,848786.2152486973,0.11428571428571428,438,18 13 1457 14534 0 4388 -86,1.0 0.16363636363636364 0.995260663507109 0.9689462665736218 0.0 0.997134670487106 0.3018867924528302,1027295.4624987784,0.6857142857142857,856,17 4 1423 14651 0 4384 -102,0.75 0.0 0.9146919431279621 0.9825540823447313 0.0 0.9933142311365807 0.0,760139.4066559357,0.7095238095238096,1102,16 4 1355 14299 0 4270 -86,0.5 0.0 0.7535545023696683 0.9416143289137009 0.0 0.8844317096466093 0.3018867924528302,508486.3055564993,0.7047619047619048,924,18 13 1459 14269 0 4370 -86,1.0 0.16363636363636364 1.0 0.9381251453826471 0.0 0.9799426934097422 0.3018867924528302,1027311.8628227456,0.6857142857142857,839,17 4 1418 14801 0 4391 -102,0.75 0.0 0.9028436018957346 1.0 0.0 1.0 0.0,760038.4360189573,0.7095238095238096,1120,16 4 1381 14271 0 4298 -94,0.5 0.0 0.8151658767772512 0.9383577576180507 0.0 0.9111747851002865 0.1509433962264151,509099.2792166378,0.7047619047619048,792,14 59 1037 6411 14 3344 -49,0.0 1.0 0.0 0.024191672481972553 0.875 0.0 1.0,100112.69167248197,0.014285714285714285,917
resolved-p7d-c21d-3600-all/resolved-p7d-c21d-3600-1st/nsp-n10-d28-r0.10-rp0-fp0-s9,0 0 0 0 0 92 -26,0.0 0.0 0.0 0.0 0.0 0.02702702702702703 0.6666666666666666,0.9369369369369369,0.2857142857142857,38,0 0 0 0 0 99 -30,0.0 0.0 0.0 0.0 0.0 0.21621621621621623 0.4444444444444444,2.606606606606607,0.2714285714285714,32,0 0 0 0 0 106 -28,0.0 0.0 0.0 0.0 0.0 0.40540540540540543 0.5555555555555556,4.60960960960961,0.22857142857142856,6.0,0 0 0 0 0 97 -36,0.0 0.0 0.0 0.0 0.0 0.16216216216216217 0.1111111111111111,1.7327327327327329,0.18571428571428572,96,0 0 0 0 0 111 -30,0.0 0.0 0.0 0.0 0.0 0.5405405405405406 0.4444444444444444,5.84984984984985,0.4142857142857143,86,0 0 0 0 0 105 -35,0.0 0.0 0.0 0.0 0.0 0.3783783783783784 0.16666666666666666,3.9504504504504507,0.18571428571428572,89,0 0 0 0 0 128 -29,0.0 0.0 0.0 0.0 0.0 1.0 0.5,10.5,0.18571428571428572,152,0 0 0 0 0 118 -26,0.0 0.0 0.0 0.0 0.0 0.7297297297297297 0.6666666666666666,7.963963963963964,0.34285714285714286,137,0 0 0 0 0 113 -26,0.0 0.0 0.0 0.0 0.0 0.5945945945945946 0.6666666666666666,6.6126126126126135,0.18571428571428572,115,0 0 0 0 0 99 -36,0.0 0.0 0.0 0.0 0.0 0.21621621621621623 0.1111111111111111,2.2732732732732734,0.18571428571428572,269,0 0 0 0 0 103 -26,0.0 0.0 0.0 0.0 0.0 0.32432432432432434 0.6666666666666666,3.90990990990991,0.45714285714285713,92,0 0 0 0 0 115 -27,0.0 0.0 0.0 0.0 0.0 0.6486486486486487 0.6111111111111112,7.0975975975975985,0.18571428571428572,268,0 0 0 0 0 109 -38,0.0 0.0 0.0 0.0 0.0 0.4864864864864865 0.0,4.864864864864865,0.18571428571428572,159,0 0 0 0 0 107 -35,0.0 0.0 0.0 0.0 0.0 0.43243243243243246 0.16666666666666666,4.4909909909909915,0.5142857142857142,120,0 0 0 0 0 91 -35,0.0 0.0 0.0 0.0 0.0 0.0 0.16666666666666666,0.16666666666666666,0.18571428571428572,93,0 0 0 0 0 109 -36,0.0 0.0 0.0 0.0 0.0 0.4864864864864865 0.1111111111111111,4.975975975975976,0.18571428571428572,158,0 0 0 0 0 107 -37,0.0 0.0 0.0 0.0 0.0 0.43243243243243246 0.05555555555555555,4.37987987987988,0.5142857142857142,121,0 0 0 0 0 91 -36,0.0 0.0 0.0 0.0 0.0 0.0 0.1111111111111111,0.1111111111111111,0.18571428571428572,94,0 0 0 0 0 120 -20,0.0 0.0 0.0 0.0 0.0 0.7837837837837838 1.0,8.837837837837839,0.2,145
resolved-p7d-c21d-3600-all/resolved-p7d-c21d-3600-1st/nsp-n50-d28-r0.10-rp2-fp2-s1,23 12 2877 12878 0 7784 -239,1.0 0.6 0.0008019246190858059 0.06267102127283962 0.0 0.0009247842170160296 0.04081632653061224,1060070.7403316323,0.014285714285714285,765,23 12 2876 12883 0 7781 -236,1.0 0.6 0.0 0.06311236649307088 0.0 0.0 0.10204081632653061,1060063.2144073094,0.014285714285714285,790,23 12 2878 12930 0 7790 -232,1.0 0.6 0.0016038492381716118 0.06726101156324477 0.0 0.0027743526510480886 0.1836734693877551,1060083.510920941,0.014285714285714285,752.0,23 12 3217 13718 0 8297 -231,1.0 0.6 0.2734562951082598 0.13681701827169213 0.0 0.15906288532675708 0.20408163265306123,1062873.1746798402,0.014285714285714285,18,23 12 3003 13117 1 8019 -224,1.0 0.6 0.10184442662389735 0.08376732279989407 0.2 0.07336621454993834 0.3469387755102041,1061123.29218996,0.014285714285714285,531,23 12 3002 13043 1 8024 -225,1.0 0.6 0.10104250200481155 0.07723541354047135 0.2 0.0749075215782984 0.32653061224489793,1061108.7360394166,0.014285714285714285,556,23 12 3217 13718 0 8297 -231,1.0 0.6 0.2734562951082598 0.13681701827169213 0.0 0.15906288532675708 0.20408163265306123,1062873.1746798402,0.014285714285714285,18,23 12 3002 13159 1 8028 -225,1.0 0.6 0.10104250200481155 0.0874746226498367 0.2 0.07614056720098644 0.32653061224489793,1061118.9875789823,0.014285714285714285,540,22 14 3004 13024 1 8024 -228,0.9565217391304348 0.7 0.10264635124298316 0.07555830170359255 0.2 0.0749075215782984 0.2653061224489796,1027644.7753259065,0.014285714285714285,560,23 12 3217 13718 0 8297 -231,1.0 0.6 0.2734562951082598 0.13681701827169213 0.0 0.15906288532675708 0.20408163265306123,1062873.1746798402,0.014285714285714285,18,23 12 3002 13101 1 8029 -224,1.0 0.6 0.10104250200481155 0.08235501809515403 0.2 0.07644882860665844 0.3469387755102041,1061113.8914652048,0.014285714285714285,546,23 12 3002 13101 1 8029 -224,1.0 0.6 0.10104250200481155 0.08235501809515403 0.2 0.07644882860665844 0.3469387755102041,1061113.8914652048,0.014285714285714285,546,19 20 3244 12168 0 8095 -192,0.8260869565217391 1.0 0.2951082598235766 0.0 0.0 0.0967940813810111 1.0,929040.0070607887,0.014285714285714285,452,0 0 4123 23395 0 11025 -197,0.0 0.0 1.0 0.9909965575072822 0.0 1.0 0.8979591836734694,11001.894516690956,0.6257142857142857,68,0 0 4106 23411 0 11010 -202,0.0 0.0 0.9863672814755413 0.9924088622120223 0.0 0.9953760789149199 0.7959183673469388,10866.831356123932,0.6257142857142857,95,19 20 3250 12168 0 8095 -192,0.8260869565217391 1.0 0.29991980753809144 0.0 0.0 0.0967940813810111 1.0,929088.1225379339,0.014285714285714285,451,0 0 4123 23395 0 11025 -197,0.0 0.0 1.0 0.9909965575072822 0.0 1.0 0.8979591836734694,11001.894516690956,0.6257142857142857,68,0 0 4122 23497 0 11008 -208,0.0 0.0 0.9991980753809142 1.0 0.0 0.9947595561035758 0.673469387755102,11002.601818757934,0.6257142857142857,82,23 12 3007 13242 5 8058 -241,1.0 0.6 0.10505212510024058 0.0948009533056757 1.0 0.08538840937114674 0.0,1061246.1760884018,0.014285714285714285,818
resolved-p7d-c21d-3600-all/resolved-p7d-c21d-3600-1st/nsp-n20-d28-r0.10-rp2-fp2-s7,0 0 0 0 0 87 -45,0.0 0.0 0.0 0.0 0.0 0.4090909090909091 0.2571428571428571,4.348051948051948,0.2,197,0 0 0 0 0 94 -44,0.0 0.0 0.0 0.0 0.0 0.5681818181818182 0.2857142857142857,5.967532467532468,0.17857142857142858,187,0 0 0 0 0 94 -44,0.0 0.0 0.0 0.0 0.0 0.5681818181818182 0.2857142857142857,5.967532467532468,0.17857142857142858,187.0,0 0 0 0 0 88 -39,0.0 0.0 0.0 0.0 0.0 0.4318181818181818 0.42857142857142855,4.746753246753247,0.17857142857142858,255,0 0 0 0 0 91 -31,0.0 0.0 0.0 0.0 0.0 0.5 0.6571428571428571,5.6571428571428575,0.38571428571428573,13,0 0 0 0 0 113 -19,0.0 0.0 0.0 0.0 0.0 1.0 1.0,11.0,0.17857142857142858,122,0 0 0 0 0 101 -44,0.0 0.0 0.0 0.0 0.0 0.7272727272727273 0.2857142857142857,7.558441558441559,0.17857142857142858,211,0 0 0 0 0 80 -54,0.0 0.0 0.0 0.0 0.0 0.25 0.0,2.5,0.36428571428571427,22,0 0 0 0 0 82 -33,0.0 0.0 0.0 0.0 0.0 0.29545454545454547 0.6,3.5545454545454547,0.17857142857142858,140,0 0 0 0 0 87 -35,0.0 0.0 0.0 0.0 0.0 0.4090909090909091 0.5428571428571428,4.6337662337662335,0.17857142857142858,137,0 0 0 0 0 90 -29,0.0 0.0 0.0 0.0 0.0 0.4772727272727273 0.7142857142857143,5.487012987012988,0.32857142857142857,85,0 0 0 0 0 98 -40,0.0 0.0 0.0 0.0 0.0 0.6590909090909091 0.4,6.990909090909091,0.17857142857142858,173,0 0 0 0 0 83 -24,0.0 0.0 0.0 0.0 0.0 0.3181818181818182 0.8571428571428571,4.038961038961038,0.17857142857142858,252,0 0 0 0 0 81 -48,0.0 0.0 0.0 0.0 0.0 0.2727272727272727 0.17142857142857143,2.8987012987012983,0.5214285714285715,188,0 0 0 0 0 87 -35,0.0 0.0 0.0 0.0 0.0 0.4090909090909091 0.5428571428571428,4.6337662337662335,0.17857142857142858,145,0 0 0 0 0 83 -24,0.0 0.0 0.0 0.0 0.0 0.3181818181818182 0.8571428571428571,4.038961038961038,0.17857142857142858,252,0 0 0 0 0 81 -48,0.0 0.0 0.0 0.0 0.0 0.2727272727272727 0.17142857142857143,2.8987012987012983,0.5214285714285715,188,0 0 0 0 0 87 -32,0.0 0.0 0.0 0.0 0.0 0.4090909090909091 0.6285714285714286,4.71948051948052,0.17857142857142858,142,0 0 0 0 0 69 -54,0.0 0.0 0.0 0.0 0.0 0.0 0.0,0.0,0.17857142857142858,61
resolved-p7d-c21d-3600-all/resolved-p7d-c21d-3600-1st/nsp-n40-d28-r0.10-rp2-fp2-s8,0 0 0 0 0 390 -133,0.0 0.0 0.0 0.0 0.0 0.06514084507042253 0.10434782608695652,0.7557562767911817,0.12142857142857143,69,0 0 0 0 0 423 -108,0.0 0.0 0.0 0.0 0.0 0.12323943661971831 0.3217391304347826,1.5541334966319655,0.10357142857142858,40,0 0 0 0 0 423 -108,0.0 0.0 0.0 0.0 0.0 0.12323943661971831 0.3217391304347826,1.5541334966319655,0.10357142857142858,40.0,0 0 0 0 0 418 -145,0.0 0.0 0.0 0.0 0.0 0.11443661971830986 0.0,1.1443661971830985,0.1,127,0 0 0 0 0 431 -88,0.0 0.0 0.0 0.0 0.0 0.13732394366197184 0.4956521739130435,1.868891610532762,0.2857142857142857,30,0 0 0 0 0 424 -101,0.0 0.0 0.0 0.0 0.0 0.125 0.3826086956521739,1.632608695652174,0.1,145,0 0 0 0 0 397 -131,0.0 0.0 0.0 0.0 0.0 0.07746478873239436 0.12173913043478261,0.8963870177587262,0.1,161,0 0 0 0 0 444 -99,0.0 0.0 0.0 0.0 0.0 0.1602112676056338 0.4,2.002112676056338,0.30357142857142855,16,0 0 0 0 0 411 -106,0.0 0.0 0.0 0.0 0.0 0.10211267605633803 0.3391304347826087,1.360257195345989,0.1,116,0 0 0 0 0 386 -102,0.0 0.0 0.0 0.0 0.0 0.058098591549295774 0.3739130434782609,0.9548989589712187,0.1,112,0 0 0 0 0 415 -90,0.0 0.0 0.0 0.0 0.0 0.10915492957746478 0.4782608695652174,1.5698101653398653,0.37857142857142856,24,0 0 0 0 0 353 -101,0.0 0.0 0.0 0.0 0.0 0.0 0.3826086956521739,0.3826086956521739,0.1,85,0 0 0 0 0 534 -122,0.0 0.0 0.0 0.0 0.0 0.31866197183098594 0.2,3.3866197183098596,0.1,341,0 0 0 0 0 437 -98,0.0 0.0 0.0 0.0 0.0 0.14788732394366197 0.40869565217391307,1.8875688916105329,0.5857142857142857,70,0 0 0 0 0 921 -48,0.0 0.0 0.0 0.0 0.0 1.0 0.8434782608695652,10.843478260869565,0.2357142857142857,134,0 0 0 0 0 534 -123,0.0 0.0 0.0 0.0 0.0 0.31866197183098594 0.19130434782608696,3.3779240661359466,0.1,342,0 0 0 0 0 437 -98,0.0 0.0 0.0 0.0 0.0 0.14788732394366197 0.40869565217391307,1.8875688916105329,0.5857142857142857,70,0 0 0 0 0 885 -30,0.0 0.0 0.0 0.0 0.0 0.9366197183098591 1.0,10.366197183098592,0.21428571428571427,147,0 0 0 0 0 377 -109,0.0 0.0 0.0 0.0 0.0 0.04225352112676056 0.3130434782608696,0.7355786895284753,0.11071428571428571,36
resolved-p7d-c21d-3600-all/resolved-p7d-c21d-3600-1st/nsp-n10-d28-r0.10-rp0-fp0-s6,2 19 70 1384 0 464 -19,1.0 1.0 0.2682926829268293 0.21581501570082787 0.0 0.008333333333333333 0.2777777777777778,1102899.1029560803,0.0,2665,2 19 70 1156 0 470 -16,1.0 1.0 0.2682926829268293 0.15072794747359405 0.0 0.025 0.3333333333333333,1102834.2381100752,0.0,2686,2 19 70 1161 1 468 -19,1.0 1.0 0.2682926829268293 0.1521552954610334 0.25 0.019444444444444445 0.2777777777777778,1102860.5543469517,0.0,2677.0,2 1 72 1006 0 553 -17,1.0 0.0 0.2926829268292683 0.10790750785041393 0.0 0.25555555555555554 0.3148148148148148,1003037.6071465134,0.0,3084,0 16 61 1065 1 496 10,0.0 0.8333333333333334 0.15853658536585366 0.12475021410219811 0.25 0.09722222222222222 0.8148148148148148,85070.23643813112,0.4,2818,0 12 68 746 1 526 2,0.0 0.6111111111111112 0.24390243902439024 0.03368541250356837 0.25 0.18055555555555555 0.6666666666666666,63611.29313608081,0.35714285714285715,2967,2 1 72 1002 0 536 -17,1.0 0.0 0.2926829268292683 0.10676562946046246 0.0 0.20833333333333334 0.3148148148148148,1003035.9930459013,0.0,3199,0 14 60 768 0 529 7,0.0 0.7222222222222222 0.14634146341463414 0.03996574364830146 0.0 0.18888888888888888 0.7592592592592593,73728.25074816501,0.42857142857142855,3032,0 12 64 744 1 529 10,0.0 0.6111111111111112 0.1951219512195122 0.033114473308592636 0.25 0.18888888888888888 0.8148148148148148,63123.14880031854,0.35714285714285715,3315,2 1 72 988 0 528 -21,1.0 0.0 0.2926829268292683 0.10276905509563232 0.0 0.18611111111111112 0.24074074074074073,1003031.7001752402,0.0,3449,0 12 65 628 1 557 16,0.0 0.6111111111111112 0.2073170731707317 0.0 0.25 0.26666666666666666 0.9259259259259259,63212.874435411024,0.42857142857142855,3135,0 12 63 746 2 524 7,0.0 0.6111111111111112 0.18292682926829268 0.03368541250356837 0.5 0.175 0.7592592592592593,63026.57407555687,0.35714285714285715,3349,1 3 123 4063 0 805 -34,0.5 0.1111111111111111 0.9146341463414634 0.980588067370825 0.0 0.9555555555555556 0.0,521247.5961974521,0.4714285714285714,3470,0 1 73 1352 1 652 8,0.0 0.0 0.3048780487804878 0.2066799885812161 0.25 0.5305555555555556 0.7777777777777778,3286.5438097194274,0.5857142857142857,2971,1 2 88 1233 4 773 10,0.5 0.05555555555555555 0.4878048780487805 0.17270910648015986 1.0 0.8666666666666667 0.8148148148148148,510715.794924005,0.5428571428571428,3547,1 3 130 4131 0 821 -31,0.5 0.1111111111111111 1.0 1.0 0.0 1.0 0.05555555555555555,522121.1666666667,0.4714285714285714,3318,0 1 66 968 3 661 20,0.0 0.0 0.21951219512195122 0.09705966314587497 0.75 0.5555555555555556 1.0,2373.7371699209425,0.5857142857142857,3141,1 2 98 1537 4 786 9,0.5 0.05555555555555555 0.6097560975609756 0.25949186411647157 1.0 0.9027777777777778 0.7962962962962963,512022.4324693559,0.5428571428571428,2335,2 1 48 1008 4 461 -7,1.0 0.0 0.0 0.10847844704538967 1.0 0.0 0.5,1000208.9784470454,0.0,3393
resolved-p7d-c21d-3600-all/resolved-p7d-c21d-3600-1st/nsp-n40-d28-r0.10-rp2-fp2-s4,19 10 1641 9321 0 5047 -176,0.75 0.6 0.0 0.0 0.0 0.05746677091477717 0.8253968253968254,810001.4000645345,0.010714285714285714,643,19 10 1643 9357 2 5059 -179,0.75 0.6 0.0021482277121374865 0.003228699551569507 1.0 0.062157935887412044 0.7777777777777778,810126.1103338096,0.010714285714285714,629,19 10 1654 9356 2 5059 -178,0.75 0.6 0.013963480128893663 0.003139013452914798 1.0 0.062157935887412044 0.7936507936507936,810244.1890448944,0.010714285714285714,619.0,20 10 1925 10787 0 5397 -219,1.0 0.6 0.3050483351235231 0.1314798206278027 0.0 0.1942924159499609 0.14285714285714285,1063184.0489531653,0.010714285714285714,128,20 10 1893 10831 0 5292 -214,1.0 0.6 0.2706766917293233 0.13542600896860987 0.0 0.1532447224394058 0.2222222222222222,1062843.9475957085,0.010714285714285714,118,20 10 1896 10748 0 5292 -215,1.0 0.6 0.2738990332975295 0.12798206278026905 0.0 0.1532447224394058 0.20634920634920634,1062868.7111921862,0.010714285714285714,112,20 10 1925 10787 0 5397 -219,1.0 0.6 0.3050483351235231 0.1314798206278027 0.0 0.1942924159499609 0.14285714285714285,1063184.0489531653,0.010714285714285714,128,20 10 1897 10879 0 5295 -211,1.0 0.6 0.2749731471535983 0.13973094170403588 0.0 0.1544175136825645 0.2698412698412698,1062891.2764296466,0.010714285714285714,102,20 10 1888 10809 0 5279 -213,1.0 0.6 0.2653061224489796 0.13345291479820628 0.0 0.14816262705238467 0.23809523809523808,1062788.2338607966,0.010714285714285714,133,20 10 1925 10787 0 5397 -219,1.0 0.6 0.3050483351235231 0.1314798206278027 0.0 0.1942924159499609 0.14285714285714285,1063184.0489531653,0.010714285714285714,128,20 10 1886 10809 0 5277 -211,1.0 0.6 0.2631578947368421 0.13345291479820628 0.0 0.1473807662236122 0.2698412698412698,1062766.7755110988,0.010714285714285714,137,20 10 1888 10809 0 5279 -212,1.0 0.6 0.2653061224489796 0.13345291479820628 0.0 0.14816262705238467 0.25396825396825395,1062788.2497338124,0.010714285714285714,132,17 7 2542 20072 0 7357 -203,0.25 0.0 0.9677765843179377 0.9642152466367713 0.0 0.9605160281469899 0.3968253968253968,260651.98307549444,0.6535714285714286,481,16 7 2548 20060 0 7377 -215,0.0 0.0 0.9742212674543501 0.9631390134529147 0.0 0.9683346364347146 0.20634920634920634,10715.241383567112,0.65,301,16 7 2572 20471 0 7458 -227,0.0 0.0 1.0 1.0 0.0 1.0 0.015873015873015872,11010.015873015873,0.6464285714285715,164,17 7 2542 20072 0 7357 -204,0.25 0.0 0.9677765843179377 0.9642152466367713 0.0 0.9605160281469899 0.38095238095238093,260651.96720247858,0.6535714285714286,482,16 7 2548 20139 0 7376 -217,0.0 0.0 0.9742212674543501 0.9702242152466368 0.0 0.9679437060203284 0.1746031746031746,10722.290930024945,0.65,282,16 7 2572 20471 0 7458 -228,0.0 0.0 1.0 1.0 0.0 1.0 0.0,11010.0,0.6464285714285715,165,18 12 1668 9355 1 4900 -165,0.5 1.0 0.02900107411385607 0.0030493273542600897 0.5 0.0 1.0,600344.0600684928,0.010714285714285714,783
resolved-p7d-c21d-3600-all/resolved-p7d-c21d-3600-1st/nsp-n10-d28-r0.10-rp0-fp0-s8,2 3 63 935 2 515 -11,0.18181818181818182 0.0 0.5545454545454546 0.645774647887324 0.4 0.8688524590163934 0.1794871794871795,188058.27902329335,0.02857142857142857,2851,2 3 58 909 2 506 -14,0.18181818181818182 0.0 0.509090909090909 0.6274647887323944 0.4 0.839344262295082 0.10256410256410256,187585.05170454882,0.02857142857142857,3216,2 3 58 909 2 505 -11,0.18181818181818182 0.0 0.509090909090909 0.6274647887323944 0.4 0.8360655737704918 0.1794871794871795,187585.0958407405,0.02857142857142857,3218.0,4 3 74 690 2 537 -6,0.36363636363636365 0.0 0.6545454545454545 0.4732394366197183 0.4 0.940983606557377 0.3076923076923077,370704.77514681115,0.02857142857142857,928,3 15 49 1194 1 445 2,0.2727272727272727 0.13793103448275862 0.42727272727272725 0.828169014084507 0.2 0.639344262295082 0.5128205128205128,291648.1787254961,0.37142857142857144,2683,0 35 99 727 2 497 12,0.0 0.367816091954023 0.8818181818181818 0.4992957746478873 0.4 0.8098360655737705 0.7692307692307693,46147.95437965697,0.5571428571428572,3190,4 3 67 408 2 540 -7,0.36363636363636365 0.0 0.5909090909090909 0.2746478873239437 0.4 0.9508196721311475 0.28205128205128205,369869.89268078184,0.02857142857142857,1064,3 15 49 1194 0 446 1,0.2727272727272727 0.13793103448275862 0.42727272727272725 0.828169014084507 0.0 0.6426229508196721 0.48717948717948717,291628.1858713557,0.37142857142857144,2686,1 14 100 747 3 501 21,0.09090909090909091 0.12643678160919541 0.8909090909090909 0.5133802816901408 0.6 0.8229508196721311 1.0,113044.46976898823,0.17142857142857143,3084,4 3 70 410 3 546 -3,0.36363636363636365 0.0 0.6181818181818182 0.27605633802816903 0.6 0.9704918032786886 0.38461538461538464,370164.3276896274,0.02857142857142857,1016,3 15 49 1194 1 445 2,0.2727272727272727 0.13793103448275862 0.42727272727272725 0.828169014084507 0.2 0.639344262295082 0.5128205128205128,291648.1787254961,0.37142857142857144,2683,1 15 112 748 4 506 21,0.09090909090909091 0.13793103448275862 1.0 0.5140845070422535 0.8 0.839344262295082 1.0,115305.67230703197,0.15714285714285714,3022,7 47 40 65 3 250 -6,0.6363636363636364 0.5057471264367817 0.34545454545454546 0.03309859154929577 0.6 0.0 0.3076923076923077,690486.300745717,0.02857142857142857,2003,10 90 5 19 0 291 -12,0.9090909090909091 1.0 0.02727272727272727 0.0007042253521126761 0.0 0.13442622950819672 0.15384615384615385,1009365.8386974374,0.7857142857142857,3162,11 89 8 22 2 356 -8,1.0 0.9885057471264368 0.05454545454545454 0.0028169014084507044 0.4 0.3475409836065574 0.2564102564102564,1099442.5779795991,0.7142857142857143,3069,6 45 46 82 5 265 -2,0.5454545454545454 0.4827586206896552 0.4 0.04507042253521127 1.0 0.04918032786885246 0.41025641025641024,597876.3800057351,0.02857142857142857,2267,10 90 4 18 0 293 -15,0.9090909090909091 1.0 0.01818181818181818 0.0 0.0 0.14098360655737704 0.07692307692307693,1009274.2140318698,0.7857142857142857,3415,11 90 2 19 0 334 -18,1.0 1.0 0.0 0.0007042253521126761 0.0 0.2754098360655738 0.0,1100003.4583237127,0.6571428571428571,3029,5 3 91 1438 1 555 -16,0.45454545454545453 0.0 0.8090909090909091 1.0 0.2 1.0 0.05128205128205128,463666.4149184149,0.02857142857142857,2981
resolved-p7d-c21d-3600-all/resolved-p7d-c21d-3600-1st/nsp-n50-d28-r0.10-rp2-fp2-s6,14 9 2913 12790 2 8160 -202,0.0 1.0 0.0446969696969697 0.052678110955573565 0.25 0.04658197217180883 0.8656716417910447,100525.97929928878,0.014285714285714285,514,14 9 2954 13089 3 8175 -215,0.0 1.0 0.07575757575757576 0.07470713917335887 0.375 0.051119177253478525 0.6716417910447762,100870.9657303127,0.014285714285714285,403,14 9 2913 12790 2 8157 -203,0.0 1.0 0.0446969696969697 0.052678110955573565 0.25 0.045674531155474894 0.8507462686567164,100525.95529950548,0.014285714285714285,515.0,14 9 3012 13013 1 8169 -223,0.0 1.0 0.11969696969696969 0.06910778751933987 0.125 0.049304295220810646 0.5522388059701493,101279.62276624721,0.014285714285714285,450,14 9 2949 13595 0 8073 -230,0.0 1.0 0.07196969696969698 0.11198703308038016 0.0 0.02026618269812462 0.44776119402985076,100832.33442579836,0.014285714285714285,569,14 9 2949 13562 1 8073 -232,0.0 1.0 0.07196969696969698 0.10955573565166139 0.125 0.02026618269812462 0.417910447761194,100842.37327762337,0.014285714285714285,575,14 9 3037 13923 0 8201 -237,0.0 1.0 0.13863636363636364 0.1361526560082517 0.0 0.05898366606170599 0.34328358208955223,101523.4494126146,0.014285714285714285,309,14 9 2949 13598 0 8078 -229,0.0 1.0 0.07196969696969698 0.11220806011935461 0.0 0.021778584392014518 0.4626865671641791,100832.5855022274,0.014285714285714285,568,14 9 2950 13559 1 8078 -232,0.0 1.0 0.07272727272727272 0.10933470861268695 0.125 0.021778584392014518 0.417910447761194,100849.7431321771,0.014285714285714285,566,14 9 3012 12958 1 8193 -223,0.0 1.0 0.11969696969696969 0.06505562513814189 0.125 0.056563823351482155 0.5522388059701493,101275.64319914732,0.014285714285714285,455,14 9 2962 13820 2 8106 -239,0.0 1.0 0.08181818181818182 0.12856406100346277 0.25 0.030248033877797943 0.31343283582089554,100972.36179235988,0.014285714285714285,472,14 9 2949 13569 0 8073 -232,0.0 1.0 0.07196969696969698 0.1100714654092684 0.0 0.02026618269812462 0.417910447761194,100830.38900738097,0.014285714285714285,574,19 8 4143 25533 0 11291 -239,1.0 0.8571428571428571 0.9765151515151516 0.9915272968393133 0.0 0.9936479128856625 0.31343283582089554,1096481.2144382412,0.6342857142857142,845,19 3 4174 25163 1 11312 -260,1.0 0.14285714285714285 1.0 0.9642672953657998 0.125 1.0 0.0,1025272.4815810801,0.62,783,19 2 4173 25225 1 11300 -259,1.0 0.0 0.9992424242424243 0.9688351875046047 0.125 0.9963702359346642 0.014925373134328358,1010983.7380576613,0.62,808,19 8 4152 25648 0 11306 -246,1.0 0.8571428571428571 0.9833333333333333 1.0 0.0 0.9981851179673321 0.208955223880597,1096557.8098540227,0.6342857142857142,817,19 3 4174 25163 1 11312 -260,1.0 0.14285714285714285 1.0 0.9642672953657998 0.125 1.0 0.0,1025272.4815810801,0.62,783,19 2 4173 25353 1 11312 -260,1.0 0.0 0.9992424242424243 0.9782656745008472 0.125 1.0 0.0,1010993.189916925,0.62,795,14 9 2854 12075 8 8006 -193,0.0 1.0 0.0 0.0 1.0 0.0 1.0,100101.0,0.014285714285714285,555
resolved-p7d-c21d-3600-all/resolved-p7d-c21d-3600-1st/nsp-n40-d28-r0.10-rp2-fp2-s5,22 111 1873 9334 21 5538 -170,0.0 0.0 0.9348484848484848 0.9674335539447421 0.2222222222222222 0.9458084494580845 0.0,10347.598709146394,0.017857142857142856,696,22 111 1872 9349 21 5533 -169,0.0 0.0 0.9343434343434344 0.9690093497216095 0.2222222222222222 0.944702499447025 0.005025125628140704,10344.117965498275,0.017857142857142856,729,22 111 1872 9322 21 5533 -170,0.0 0.0 0.9343434343434344 0.9661729173232483 0.2222222222222222 0.944702499447025 0.0,10341.276507974286,0.017857142857142856,735.0,22 111 2002 9644 21 5783 -145,0.0 0.0 1.0 1.0 0.2222222222222222 1.0 0.12562814070351758,11032.347850362925,0.017857142857142856,18,22 111 1871 9300 21 5531 -170,0.0 0.0 0.9338383838383838 0.9638617501838428 0.2222222222222222 0.9442601194426012 0.0,10333.910411984329,0.017857142857142856,853,22 111 1871 9300 21 5531 -170,0.0 0.0 0.9338383838383838 0.9638617501838428 0.2222222222222222 0.9442601194426012 0.0,10333.910411984329,0.017857142857142856,853,22 111 2002 9644 21 5783 -145,0.0 0.0 1.0 1.0 0.2222222222222222 1.0 0.12562814070351758,11032.347850362925,0.017857142857142856,18,22 111 1871 9457 21 5544 -165,0.0 0.0 0.9338383838383838 0.9803550793150541 0.2222222222222222 0.9471355894713559 0.02512562814070352,10350.457621443968,0.017857142857142856,828,22 111 1870 9224 21 5530 -169,0.0 0.0 0.9333333333333333 0.9558777182477151 0.2222222222222222 0.9440389294403893 0.005025125628140704,10320.878688223303,0.017857142857142856,892,22 111 2002 9644 21 5783 -145,0.0 0.0 1.0 1.0 0.2222222222222222 1.0 0.12562814070351758,11032.347850362925,0.017857142857142856,18,22 111 1870 9270 21 5534 -169,0.0 0.0 0.9333333333333333 0.9607101586301082 0.2222222222222222 0.9449236894492369 0.005025125628140704,10325.719976205784,0.017857142857142856,877,22 111 1870 9334 21 5531 -170,0.0 0.0 0.9333333333333333 0.9674335539447421 0.2222222222222222 0.9442601194426012 0.0,10332.431710694724,0.017857142857142856,874,55 532 284 523 56 1814 24,1.0 1.0 0.13232323232323231 0.04181111461287951 1.0 0.12209688122096882 0.9748743718592965,1101467.2392810292,0.017857142857142856,505,28 383 22 219 18 1262 -61,0.18181818181818182 0.6460807600950119 0.0 0.009874986868368527 0.15555555555555556 0.0 0.5477386934673367,246452.2361088004,0.7821428571428571,824,29 374 24 128 11 1313 -38,0.21212121212121213 0.6247030878859857 0.00101010101010101 0.0003151591553734636 0.0 0.0112806901128069 0.6633165829145728,274602.7132025511,0.775,820,55 531 283 524 56 1789 29,1.0 0.997624703087886 0.1318181818181818 0.041916167664670656 1.0 0.11656713116567131 1.0,1101224.7339659468,0.017857142857142856,527,28 382 23 215 19 1262 -61,0.18181818181818182 0.6437054631828979 0.000505050505050505 0.009454774661203908 0.17777777777777778 0.0 0.5477386934673367,246221.55893265456,0.7821428571428571,856,29 375 25 125 12 1311 -45,0.21212121212121213 0.6270783847980997 0.0015151515151515152 0.0 0.022222222222222223 0.010838310108383101 0.628140703517588,274847.1608622004,0.775,713,22 111 1872 9487 21 5546 -166,0.0 0.0 0.9343434343434344 0.9835066708687887 0.2222222222222222 0.9475779694757797 0.020100502512562814,10358.659116722625,0.017857142857142856,806
resolved-p7d-c21d-3600-all/resolved-p7d-c21d-3600-1st/nsp-n20-d28-r0.10-rp2-fp2-s0,0 0 0 0 0 121 -21,0.0 0.0 0.0 0.0 0.0 1.0 1.0,11.0,0.1,117,0 0 0 0 0 106 -46,0.0 0.0 0.0 0.0 0.0 0.6511627906976745 0.2857142857142857,6.797342192691031,0.08571428571428572,113,0 0 0 0 0 106 -46,0.0 0.0 0.0 0.0 0.0 0.6511627906976745 0.2857142857142857,6.797342192691031,0.08571428571428572,113.0,0 0 0 0 0 108 -43,0.0 0.0 0.0 0.0 0.0 0.6976744186046512 0.37142857142857144,7.3481727574750835,0.08571428571428572,199,0 0 0 0 0 89 -35,0.0 0.0 0.0 0.0 0.0 0.2558139534883721 0.6,3.158139534883721,0.2857142857142857,30,0 0 0 0 0 101 -38,0.0 0.0 0.0 0.0 0.0 0.5348837209302325 0.5142857142857142,5.8631229235880395,0.08571428571428572,94,0 0 0 0 0 101 -36,0.0 0.0 0.0 0.0 0.0 0.5348837209302325 0.5714285714285714,5.9202657807308965,0.08571428571428572,168,0 0 0 0 0 104 -23,0.0 0.0 0.0 0.0 0.0 0.6046511627906976 0.9428571428571428,6.98936877076412,0.37142857142857144,45,0 0 0 0 0 110 -41,0.0 0.0 0.0 0.0 0.0 0.7441860465116279 0.42857142857142855,7.870431893687708,0.08571428571428572,228,0 0 0 0 0 98 -39,0.0 0.0 0.0 0.0 0.0 0.46511627906976744 0.4857142857142857,5.1368770764119605,0.08571428571428572,105,0 0 0 0 0 109 -29,0.0 0.0 0.0 0.0 0.0 0.7209302325581395 0.7714285714285715,7.980730897009966,0.32142857142857145,21,0 0 0 0 0 78 -28,0.0 0.0 0.0 0.0 0.0 0.0 0.8,0.8,0.08571428571428572,53,0 0 0 0 0 90 -56,0.0 0.0 0.0 0.0 0.0 0.27906976744186046 0.0,2.7906976744186047,0.08571428571428572,305,0 0 0 0 0 89 -47,0.0 0.0 0.0 0.0 0.0 0.2558139534883721 0.2571428571428571,2.815282392026578,0.5142857142857142,60,0 0 0 0 0 101 -36,0.0 0.0 0.0 0.0 0.0 0.5348837209302325 0.5714285714285714,5.9202657807308965,0.08571428571428572,196,0 0 0 0 0 90 -56,0.0 0.0 0.0 0.0 0.0 0.27906976744186046 0.0,2.7906976744186047,0.08571428571428572,305,0 0 0 0 0 89 -47,0.0 0.0 0.0 0.0 0.0 0.2558139534883721 0.2571428571428571,2.815282392026578,0.5142857142857142,60,0 0 0 0 0 101 -37,0.0 0.0 0.0 0.0 0.0 0.5348837209302325 0.5428571428571428,5.891694352159468,0.08571428571428572,197,0 0 0 0 0 111 -34,0.0 0.0 0.0 0.0 0.0 0.7674418604651163 0.6285714285714286,8.302990033222592,0.08571428571428572,117
resolved-p7d-c21d-3600-all/resolved-p7d-c21d-3600-1st/nsp-n10-d28-r0.10-rp0-fp0-s1,6 3 60 856 0 502 -13,0.5454545454545454 0.011494252873563218 0.631578947368421 0.6682615629984051 0.0 0.7052896725440806 0.2857142857142857,553595.3603895955,0.014285714285714285,3003,7 3 63 871 0 521 -15,0.6363636363636364 0.011494252873563218 0.6631578947368421 0.6802232854864434 0.0 0.7531486146095718 0.22857142857142856,644832.6239414222,0.014285714285714285,2734,8 3 70 1111 0 537 -15,0.7272727272727273 0.011494252873563218 0.7368421052631579 0.8716108452950558 0.0 0.7934508816120907 0.22857142857142856,736670.3475382549,0.014285714285714285,2502.0,5 2 51 871 1 431 -16,0.45454545454545453 0.0 0.5368421052631579 0.6802232854864434 0.07142857142857142 0.5264483627204031 0.2,460606.70622434263,0.014285714285714285,1153,1 20 95 1272 2 610 11,0.09090909090909091 0.20689655172413793 1.0 1.0 0.14285714285714285 0.9773299748110831 0.9714285714285714,122623.77652410996,0.6,2491,0 7 75 659 7 564 4,0.0 0.05747126436781609 0.7894736842105263 0.511164274322169 0.5 0.8614609571788413 0.7714285714285715,14212.413591352259,0.2571428571428571,2311,5 2 55 873 3 476 -10,0.45454545454545453 0.0 0.5789473684210527 0.6818181818181818 0.21428571428571427 0.6397984886649875 0.37142857142857144,461044.9443963699,0.014285714285714285,1075,0 20 91 1220 0 605 10,0.0 0.20689655172413793 0.9578947368421052 0.9585326953748007 0.0 0.964735516372796 0.9428571428571428,31237.72544851623,0.6714285714285714,2927,0 4 64 527 8 568 10,0.0 0.022988505747126436 0.6736842105263158 0.4059011164274322 0.5714285714285714 0.871536523929471 0.9428571428571428,9508.394875928243,0.24285714285714285,2754,4 2 46 583 1 405 -9,0.36363636363636365 0.0 0.4842105263157895 0.45055821371610844 0.07142857142857142 0.4609571788413098 0.4,368941.1795421689,0.014285714285714285,1360,0 20 88 1245 1 619 12,0.0 0.20689655172413793 0.9263157894736842 0.9784688995215312 0.07142857142857142 1.0 1.0,30949.424823815025,0.6428571428571429,2942,0 4 67 519 6 598 10,0.0 0.022988505747126436 0.7052631578947368 0.39952153110047844 0.42857142857142855 0.947103274559194 0.9428571428571428,9804.274717506083,0.24285714285714285,2705,9 56 74 69 13 262 -10,0.8181818181818182 0.6206896551724138 0.7789473684210526 0.04066985645933014 0.9285714285714286 0.10075566750629723 0.37142857142857144,888175.1633678331,0.014285714285714285,2060,11 89 4 28 1 301 -20,1.0 1.0 0.042105263157894736 0.007974481658692184 0.07142857142857142 0.19899244332493704 0.08571428571428572,1100438.2456090995,0.6857142857142857,3935,11 81 0 18 1 236 -20,1.0 0.9080459770114943 0.0 0.0 0.07142857142857142 0.03526448362720403 0.08571428571428572,1090812.1789174143,0.6571428571428571,3273,9 56 75 68 14 263 -9,0.8181818181818182 0.6206896551724138 0.7894736842105263 0.03987240829346093 1.0 0.10327455919395466 0.4,888286.8256950503,0.014285714285714285,2056,11 89 4 28 1 301 -23,1.0 1.0 0.042105263157894736 0.007974481658692184 0.07142857142857142 0.19899244332493704 0.0,1100438.1598948138,0.6571428571428571,3940,11 81 0 18 1 222 -19,1.0 0.9080459770114943 0.0 0.0 0.07142857142857142 0.0 0.11428571428571428,1090811.8548440065,0.6571428571428571,3302,7 3 74 938 1 583 -8,0.6363636363636364 0.011494252873563218 0.7789473684210526 0.733652312599681 0.07142857142857142 0.9093198992443325 0.42857142857142855,646052.8522753668,0.014285714285714285,3071
resolved-p7d-c21d-3600-all/resolved-p7d-c21d-3600-1st/nsp-n30-d28-r0.10-rp2-fp2-s6,9 53 1028 5946 16 3244 -56,0.0 0.0 0.0 0.7981494661921709 0.0 0.712878254750176 0.3202247191011236,805.5984734587737,0.009523809523809525,934,9 53 1028 5923 17 3249 -55,0.0 0.0 0.0 0.7948754448398576 0.02 0.7163969035890219 0.3258426966292135,804.3652565723771,0.009523809523809525,957,9 53 1028 5906 17 3261 -50,0.0 0.0 0.0 0.7924555160142349 0.02 0.724841660802252 0.3539325842696629,802.0578652065271,0.009523809523809525,998.0,10 53 1209 7364 16 3652 -89,0.03571428571428571 0.0 0.06743666169895678 1.0 0.0 1.0 0.1348314606741573,37398.78716273595,0.009523809523809525,24,10 53 1082 6920 16 3362 -113,0.03571428571428571 0.0 0.020119225037257823 0.9367971530249111 0.0 0.7959183673469388 0.0,36860.23430135667,0.009523809523809525,1016,10 53 1083 6843 16 3366 -111,0.03571428571428571 0.0 0.020491803278688523 0.9258362989323844 0.0 0.7987332864180154 0.011235955056179775,36853.03861482422,0.009523809523809525,965,10 53 1209 7364 16 3652 -89,0.03571428571428571 0.0 0.06743666169895678 1.0 0.0 1.0 0.1348314606741573,37398.78716273595,0.009523809523809525,24,10 53 1081 6916 16 3355 -111,0.03571428571428571 0.0 0.019746646795827123 0.9362277580071174 0.0 0.7909922589725545 0.011235955056179775,36855.90109879588,0.009523809523809525,1069,10 53 1082 6666 16 3407 -113,0.03571428571428571 0.0 0.020119225037257823 0.9006405693950178 0.0 0.8275862068965517 0.0,36824.39439612227,0.009523809523809525,1046,10 53 1209 7364 16 3652 -89,0.03571428571428571 0.0 0.06743666169895678 1.0 0.0 1.0 0.1348314606741573,37398.78716273595,0.009523809523809525,24,10 53 1082 6668 16 3407 -113,0.03571428571428571 0.0 0.020119225037257823 0.9009252669039146 0.0 0.8275862068965517 0.0,36824.679093631166,0.009523809523809525,1045,10 53 1082 7002 16 3358 -113,0.03571428571428571 0.0 0.020119225037257823 0.9484697508896797 0.0 0.7931034482758621 0.0,36871.87875003073,0.009523809523809525,1008,37 207 3529 819 49 2438 49,1.0 0.9871794871794872 0.9318181818181818 0.06832740213523132 0.66 0.14567206192821958 0.9101123595505618,1108172.8247712445,0.009523809523809525,615,15 127 3712 339 31 2459 65,0.21428571428571427 0.47435897435897434 1.0 0.0 0.3 0.16045038705137227 1.0,271754.21622548223,0.7857142857142857,825,14 195 2992 512 66 2231 65,0.17857142857142858 0.9102564102564102 0.7317436661698957 0.024626334519572954 1.0 0.0 1.0,277040.13259328814,0.8,1002,37 209 3583 819 47 2464 53,1.0 1.0 0.9519374068554396 0.06832740213523132 0.62 0.16396903589021816 0.9325842696629213,1109652.2737453182,0.009523809523809525,594,15 124 3183 361 42 2468 64,0.21428571428571427 0.4551282051282051 0.8029061102831595 0.003131672597864769 0.52 0.16678395496129486 0.9943820224719101,267885.38979553635,0.7619047619047619,1005,15 151 2985 417 53 2289 64,0.21428571428571427 0.6282051282051282 0.7291356184798807 0.011103202846975089 0.74 0.04081632653061224 0.9943820224719101,284484.08903916064,0.8,986,9 54 1031 5972 18 3310 -70,0.0 0.00641025641025641 0.0011177347242921013 0.8018505338078292 0.04 0.7593244194229416 0.24157303370786518,1465.8883393043286,0.009523809523809525,996
resolved-p7d-c21d-3600-all/resolved-p7d-c21d-3600-1st/nsp-n20-d28-r0.10-rp2-fp2-s5,12 5 393 3893 0 1332 -13,1.0 0.03076923076923077 0.09090909090909091 0.12270363951473137 0.0 0.07874015748031496 0.43157894736842106,1004109.9366060509,0.007142857142857143,1034,11 5 373 3548 0 1272 -17,0.875 0.03076923076923077 0.0 0.06291161178509531 0.0 0.0 0.3894736842105263,878140.2241623924,0.007142857142857143,1447,11 5 373 3580 0 1278 -14,0.875 0.03076923076923077 0.0 0.0684575389948007 0.0 0.007874015748031496 0.42105263157894735,878145.880408707,0.007142857142857143,1396.0,11 5 424 3860 0 1382 -25,0.875 0.03076923076923077 0.2318181818181818 0.1169844020797227 0.0 0.14435695538057744 0.30526315789473685,880513.8381298963,0.007142857142857143,1225,4 66 396 3185 4 1301 41,0.0 0.9692307692307692 0.10454545454545454 0.0 1.0 0.03805774278215223 1.0,98069.9120459593,0.45714285714285713,920,9 7 390 3960 1 1356 -17,0.625 0.06153846153846154 0.07727272727272727 0.134315424610052 0.25 0.11023622047244094 0.3894736842105263,632087.3806870724,0.07142857142857142,1073,11 5 424 3860 0 1398 -25,0.875 0.03076923076923077 0.2318181818181818 0.1169844020797227 0.0 0.16535433070866143 0.30526315789473685,880514.0481036496,0.007142857142857143,1205,4 66 396 3185 4 1298 39,0.0 0.9692307692307692 0.10454545454545454 0.0 1.0 0.03412073490813648 0.9789473684210527,98069.85162324896,0.45714285714285713,931,8 7 394 3822 1 1359 -14,0.5 0.06153846153846154 0.09545454545454546 0.11039861351819757 0.25 0.1141732283464567 0.42105263157894735,507245.35300682485,0.06428571428571428,1244,11 5 438 3812 0 1410 -31,0.875 0.03076923076923077 0.29545454545454547 0.10866551126516465 0.0 0.18110236220472442 0.24210526315789474,881142.1871716189,0.007142857142857143,882,4 68 401 3185 4 1320 41,0.0 1.0 0.12727272727272726 0.0 1.0 0.06299212598425197 1.0,101374.35719398712,0.45714285714285713,861,9 7 386 3750 1 1341 -14,0.625 0.06153846153846154 0.05909090909090909 0.09792027729636049 0.25 0.09055118110236221 0.42105263157894735,631869.0020864942,0.07142857142857142,1088,11 5 543 8900 0 1933 -46,0.875 0.03076923076923077 0.7727272727272727 0.9904679376083189 0.0 0.8674540682414699 0.08421052631578947,886803.4224930129,0.6071428571428571,1925,11 4 539 8955 0 1921 -54,0.875 0.015384615384615385 0.7545454545454545 1.0 0.0 0.8517060367454068 0.0,885092.4331442835,0.65,1371,7 3 593 7140 0 2034 4,0.375 0.0 1.0 0.6854419410745234 0.0 1.0 0.6105263157894737,385696.0524673903,0.6428571428571429,908,11 5 545 8898 0 1936 -43,0.875 0.03076923076923077 0.7818181818181819 0.9901213171577123 0.0 0.8713910761154856 0.11578947368421053,886894.0559124975,0.6071428571428571,1846,11 4 539 8955 0 1921 -53,0.875 0.015384615384615385 0.7545454545454545 1.0 0.0 0.8517060367454068 0.010526315789473684,885092.4436705994,0.6571428571428571,1368,7 3 592 7286 0 2029 1,0.375 0.0 0.9954545454545455 0.7107452339688042 0.0 0.9934383202099738 0.5789473684210527,385675.8040190848,0.6428571428571429,943,11 5 394 3838 1 1339 -15,0.875 0.03076923076923077 0.09545454545454546 0.11317157712305026 0.25 0.08792650918635171 0.4105263157894737,879170.9298999993,0.007142857142857143,1359
resolved-p7d-c21d-3600-all/resolved-p7d-c21d-3600-1st/nsp-n40-d28-r0.10-rp2-fp2-s6,15 10 1706 9716 1 5023 -153,0.0 1.0 0.034519956850053934 0.04632030760976482 0.3333333333333333 0.04186046511627907 1.0,100426.2718140948,0.010714285714285714,513,15 10 1692 9385 2 4951 -156,0.0 1.0 0.019417475728155338 0.016721809890011624 0.6666666666666666 0.013953488372093023 0.9142857142857143,100278.61705443624,0.010714285714285714,762,15 10 1692 9399 2 4954 -159,0.0 1.0 0.019417475728155338 0.017973710095680943 0.6666666666666666 0.015116279069767442 0.8285714285714286,100279.79486826317,0.010714285714285714,734.0,15 10 1735 10364 0 5086 -183,0.0 1.0 0.06580366774541532 0.10426540284360189 0.0 0.06627906976744186 0.14285714285714285,100763.10772813829,0.010714285714285714,534,15 10 1697 9805 2 5020 -168,0.0 1.0 0.02481121898597627 0.05427881606009121 0.6666666666666666 0.040697674418604654 0.5714285714285714,100370.03607790213,0.010714285714285714,377,15 10 1697 9805 2 5020 -168,0.0 1.0 0.02481121898597627 0.05427881606009121 0.6666666666666666 0.040697674418604654 0.5714285714285714,100370.03607790213,0.010714285714285714,377,15 10 1733 10354 0 5085 -182,0.0 1.0 0.06364617044228695 0.10337118841098095 0.0 0.06589147286821706 0.17142857142857143,100740.66323613396,0.010714285714285714,569,15 10 1697 9825 2 5020 -167,0.0 1.0 0.02481121898597627 0.0560672449253331 0.6666666666666666 0.040697674418604654 0.6,100371.85307819594,0.010714285714285714,372,15 10 1697 9805 2 5020 -168,0.0 1.0 0.02481121898597627 0.05427881606009121 0.6666666666666666 0.040697674418604654 0.5714285714285714,100370.03607790213,0.010714285714285714,377,15 10 1733 10380 0 5082 -182,0.0 1.0 0.06364617044228695 0.1056961459357954 0.0 0.06472868217054263 0.17142857142857143,100742.9765657518,0.010714285714285714,557,15 10 1698 9953 2 5020 -170,0.0 1.0 0.025889967637540454 0.06751318966288115 0.6666666666666666 0.040697674418604654 0.5142857142857142,100394.00079516342,0.010714285714285714,360,15 10 1697 9805 2 5020 -168,0.0 1.0 0.02481121898597627 0.05427881606009121 0.6666666666666666 0.040697674418604654 0.5714285714285714,100370.03607790213,0.010714285714285714,377,17 8 2601 20381 0 7495 -173,1.0 0.7142857142857143 1.0 1.0 0.0 1.0 0.42857142857142855,1082439.0,0.65,73,17 3 2464 19243 0 7292 -185,1.0 0.0 0.8522114347357066 0.8982383975677367 0.0 0.9213178294573643 0.08571428571428572,1009429.651637505,0.6321428571428571,662,17 3 2440 19569 0 7232 -188,1.0 0.0 0.8263214670981661 0.9273897880711794 0.0 0.898062015503876 0.0,1009199.5850792079,0.6178571428571429,906,17 8 2601 20381 0 7495 -173,1.0 0.7142857142857143 1.0 1.0 0.0 1.0 0.42857142857142855,1082439.0,0.65,73,17 3 2464 19243 0 7292 -185,1.0 0.0 0.8522114347357066 0.8982383975677367 0.0 0.9213178294573643 0.08571428571428572,1009429.651637505,0.6321428571428571,662,17 3 2440 19569 0 7231 -188,1.0 0.0 0.8263214670981661 0.9273897880711794 0.0 0.8976744186046511 0.0,1009199.5812032389,0.6214285714285714,905,15 10 1674 9198 3 4915 -172,0.0 1.0 0.0 0.0 1.0 0.0 0.45714285714285713,100100.45714285714,0.010714285714285714,626
resolved-p7d-c21d-3600-all/resolved-p7d-c21d-3600-1st/nsp-n30-d28-r0.10-rp2-fp2-s1,14 3 880 7066 4 3006 -124,0.7777777777777778 0.13636363636363635 0.0 0.17419085984164467 0.8 0.0 0.45454545454545453,791668.7868194376,0.009523809523809525,1220,14 3 891 7092 5 3021 -124,0.7777777777777778 0.13636363636363635 0.02029520295202952 0.1778024725656341 1.0 0.010877447425670777 0.45454545454545453,791895.4592361561,0.009523809523809525,1178,14 3 897 7130 4 3031 -126,0.7777777777777778 0.13636363636363635 0.03136531365313653 0.18308098346992638 0.8 0.018129079042784626 0.4090909090909091,791991.4659158422,0.009523809523809525,1158.0,12 2 974 6501 3 3112 -131,0.6666666666666666 0.09090909090909091 0.17343173431734318 0.09570773718572025 0.6 0.07686729514140682 0.29545454545454547,677648.6649654318,0.009523809523809525,363,14 3 948 7131 1 3056 -125,0.7777777777777778 0.13636363636363635 0.12546125461254612 0.18321989165161828 0.2 0.03625815808556925 0.4318181818181818,792872.7682516811,0.009523809523809525,928,14 3 948 7241 1 3056 -131,0.7777777777777778 0.13636363636363635 0.12546125461254612 0.19849979163772746 0.2 0.03625815808556925 0.29545454545454547,792887.9117880309,0.009523809523809525,926,12 2 990 6524 3 3125 -131,0.6666666666666666 0.09090909090909091 0.2029520295202952 0.09890262536463398 0.6 0.08629441624365482 0.29545454545454547,677947.1570768512,0.009523809523809525,300,14 3 948 7100 1 3062 -128,0.7777777777777778 0.13636363636363635 0.12546125461254612 0.17891373801916932 0.2 0.04060913705583756 0.36363636363636365,792868.4374260202,0.009523809523809525,936,14 3 955 7461 1 3092 -144,0.7777777777777778 0.13636363636363635 0.13837638376383765 0.22905959160994582 0.2 0.06236403190717912 0.0,793047.5884837088,0.009523809523809525,847,12 2 965 6502 3 3094 -124,0.6666666666666666 0.09090909090909091 0.15682656826568267 0.09584664536741214 0.6 0.06381435823060189 0.45454545454545453,677482.7807746368,0.009523809523809525,393,14 3 948 7100 1 3062 -127,0.7777777777777778 0.13636363636363635 0.12546125461254612 0.17891373801916932 0.2 0.04060913705583756 0.38636363636363635,792868.460153293,0.009523809523809525,935,14 3 948 7100 1 3062 -130,0.7777777777777778 0.13636363636363635 0.12546125461254612 0.17891373801916932 0.2 0.04060913705583756 0.3181818181818182,792868.3919714747,0.009523809523809525,938,18 22 1088 5812 2 3059 -102,1.0 1.0 0.3837638376383764 0.0 0.4 0.03843364757070341 0.9545454545454546,1103878.977258314,0.009523809523809525,639,0 0 1422 13011 0 4357 -103,0.0 0.0 1.0 1.0 0.0 0.9796954314720813 0.9318181818181818,11010.728772496539,0.6095238095238096,218,0 0 1422 12856 0 4380 -101,0.0 0.0 1.0 0.9784692318377552 0.0 0.9963741841914431 0.9772727272727273,10989.410246406942,0.6095238095238096,251,18 22 1088 5812 2 3059 -102,1.0 1.0 0.3837638376383764 0.0 0.4 0.03843364757070341 0.9545454545454546,1103878.977258314,0.009523809523809525,639,0 0 1422 12884 0 4369 -100,0.0 0.0 1.0 0.9823586609251285 0.0 0.9883973894126178 1.0,10993.242634819255,0.6095238095238096,246,0 0 1422 12856 0 4385 -100,0.0 0.0 1.0 0.9784692318377552 0.0 1.0 1.0,10989.469231837755,0.6095238095238096,250,13 3 929 7270 1 3090 -116,0.7222222222222222 0.13636363636363635 0.09040590405904059 0.20252812890679261 0.2 0.06091370558375635 0.6363636363636364,736986.4185287753,0.009523809523809525,1163
resolved-p7d-c21d-3600-all/resolved-p7d-c21d-3600-1st/nsp-n50-d28-r0.10-rp2-fp2-s0,21 88 3387 13318 31 9259 -226,0.0 0.011363636363636364 0.0 0.9812381314090391 0.9047619047619048 0.900976290097629 0.0421455938697318,2217.1298667437122,0.02,464,21 88 3388 13301 31 9252 -228,0.0 0.011363636363636364 0.00013829345871940258 0.9799468287124953 0.9047619047619048 0.897721989772199 0.034482758620689655,2217.181292795859,0.02,453,21 88 3387 13319 31 9264 -226,0.0 0.011363636363636364 0.0 0.9813140903911888 0.9047619047619048 0.903300790330079 0.0421455938697318,2217.2290707281863,0.02,462.0,21 86 3410 12761 32 9250 -217,0.0 0.0 0.0031807495505462593 0.9389289783516901 0.9523809523809523 0.8967921896792189 0.07662835249042145,1075.0191193445305,0.02,107,21 87 3508 13284 31 9472 -219,0.0 0.005681818181818182 0.01673350850504771 0.9786555260159514 0.9047619047619048 1.0 0.06896551724137931,1814.7175852416785,0.14857142857142858,250,21 88 3448 13532 30 9392 -237,0.0 0.011363636363636364 0.008435900981883557 0.9974933535890619 0.8571428571428571 0.9628079962807996 0.0,2313.5583654486277,0.02,239,21 86 3410 12707 32 9252 -214,0.0 0.0 0.0031807495505462593 0.9348271933156096 0.9523809523809523 0.897721989772199 0.08812260536398467,1070.9381265622535,0.02,109,21 88 3457 13561 30 9409 -233,0.0 0.011363636363636364 0.00968054211035818 0.9996961640714015 0.8571428571428571 0.9707112970711297 0.01532567049808429,2328.301945894115,0.02,230,21 88 3471 13511 30 9428 -234,0.0 0.011363636363636364 0.011616650532429816 0.9958982149639195 0.8571428571428571 0.9795443979544398 0.011494252873563218,2343.949580598558,0.02,221,21 86 3410 12707 32 9252 -214,0.0 0.0 0.0031807495505462593 0.9348271933156096 0.9523809523809523 0.897721989772199 0.08812260536398467,1070.9381265622535,0.02,109,21 88 3448 13536 30 9392 -235,0.0 0.011363636363636364 0.008435900981883557 0.9977971895176605 0.8571428571428571 0.9628079962807996 0.007662835249042145,2313.8698642124755,0.02,238,21 88 3458 13547 30 9409 -236,0.0 0.011363636363636364 0.009818835569077583 0.9986327383213065 0.8571428571428571 0.9707112970711297 0.0038314176245210726,2328.6099604783403,0.02,228,60 262 10480 969 32 7779 18,1.0 1.0 0.9809155026967225 0.0432206608431447 0.9523809523809523 0.21292422129242214 0.9770114942528736,1109950.7200367555,0.3942857142857143,287,34 139 9849 448 17 7586 -69,0.3333333333333333 0.30113636363636365 0.8936523302447794 0.0036460311431826815 0.23809523809523808 0.12319851231985124 0.6436781609195402,372412.8242176543,0.8085714285714286,644,34 161 10077 400 12 7442 -57,0.3333333333333333 0.42613636363636365 0.9251832388328032 0.0 0.0 0.05625290562529056 0.6896551724137931,385200.0542695264,0.8085714285714286,498,60 259 10618 918 25 7791 24,1.0 0.9829545454545454 1.0 0.039346752753513105 0.6190476190476191 0.21850302185030218 1.0,1108399.8910903314,0.4514285714285714,248,34 139 9849 448 17 7586 -69,0.3333333333333333 0.30113636363636365 0.8936523302447794 0.0036460311431826815 0.23809523809523808 0.12319851231985124 0.6436781609195402,372412.8242176543,0.8085714285714286,644,34 155 9813 424 15 7321 -34,0.3333333333333333 0.39204545454545453 0.888673765730881 0.0018230155715913408 0.14285714285714285 0.0 0.7777777777777778,381441.50295282266,0.8085714285714286,591,21 87 3432 13565 33 9349 -235,0.0 0.005681818181818182 0.0062232056423731155 1.0 1.0 0.9428172942817294 0.007662835249042145,1739.8497103836157,0.02,596
resolved-p7d-c21d-3600-all/resolved-p7d-c21d-3600-1st/nsp-n50-d28-r0.10-rp2-fp2-s9,0 0 0 0 0 669 -132,0.0 0.0 0.0 0.0 0.0 0.2030812324929972 0.28888888888888886,2.3197012138188606,0.07428571428571429,50,0 0 0 0 0 669 -132,0.0 0.0 0.0 0.0 0.0 0.2030812324929972 0.28888888888888886,2.3197012138188606,0.07428571428571429,50,0 0 0 0 0 669 -132,0.0 0.0 0.0 0.0 0.0 0.2030812324929972 0.28888888888888886,2.3197012138188606,0.07428571428571429,50.0,0 0 0 0 0 524 -135,0.0 0.0 0.0 0.0 0.0 0.0 0.25555555555555554,0.25555555555555554,0.07428571428571429,159,0 0 0 0 0 652 -112,0.0 0.0 0.0 0.0 0.0 0.1792717086834734 0.5111111111111111,2.303828197945845,0.2571428571428571,32,0 0 0 0 0 972 -100,0.0 0.0 0.0 0.0 0.0 0.6274509803921569 0.6444444444444445,6.918954248366013,0.07428571428571429,83,0 0 0 0 0 551 -117,0.0 0.0 0.0 0.0 0.0 0.037815126050420166 0.45555555555555555,0.8337068160597572,0.07428571428571429,100,0 0 0 0 0 549 -158,0.0 0.0 0.0 0.0 0.0 0.0350140056022409 0.0,0.35014005602240894,0.3057142857142857,32,0 0 0 0 0 588 -92,0.0 0.0 0.0 0.0 0.0 0.0896358543417367 0.7333333333333333,1.6296918767507003,0.07428571428571429,92,0 0 0 0 0 530 -129,0.0 0.0 0.0 0.0 0.0 0.008403361344537815 0.32222222222222224,0.4062558356676004,0.07428571428571429,264,0 0 0 0 0 743 -115,0.0 0.0 0.0 0.0 0.0 0.3067226890756303 0.4777777777777778,3.5450046685340806,0.26285714285714284,28,0 0 0 0 0 827 -89,0.0 0.0 0.0 0.0 0.0 0.42436974789915966 0.7666666666666667,5.010364145658263,0.07428571428571429,94,0 0 0 0 0 1232 -131,0.0 0.0 0.0 0.0 0.0 0.9915966386554622 0.3,10.215966386554623,0.34,103,0 0 0 0 0 817 -111,0.0 0.0 0.0 0.0 0.0 0.4103641456582633 0.5222222222222223,4.625863678804855,0.6,67,0 0 0 0 0 1159 -144,0.0 0.0 0.0 0.0 0.0 0.8893557422969187 0.15555555555555556,9.049112978524743,0.32857142857142857,100,0 0 0 0 0 1238 -68,0.0 0.0 0.0 0.0 0.0 1.0 1.0,11.0,0.3,130,0 0 0 0 0 804 -109,0.0 0.0 0.0 0.0 0.0 0.39215686274509803 0.5444444444444444,4.466013071895425,0.6,69,0 0 0 0 0 1159 -144,0.0 0.0 0.0 0.0 0.0 0.8893557422969187 0.15555555555555556,9.049112978524743,0.32857142857142857,100,0 0 0 0 0 639 -154,0.0 0.0 0.0 0.0 0.0 0.16106442577030813 0.044444444444444446,1.6550887021475258,0.07428571428571429,53
