,lnps-10-org-obj,lnps-10-nrm-obj,lnps-10-obj,lnps-10-diff,lnps-10-freq,lnps-30-org-obj,lnps-30-nrm-obj,lnps-30-obj,lnps-30-diff,lnps-30-freq,lnps-60-org-obj,lnps-60-nrm-obj,lnps-60-obj,lnps-60-diff,lnps-60-freq,mp-is1-p-hi-org-obj,mp-is1-p-hi-nrm-obj,mp-is1-p-hi-obj,mp-is1-p-hi-diff,mp-is1-p-hi-freq,mp-is1-p-low-org-obj,mp-is1-p-low-nrm-obj,mp-is1-p-low-obj,mp-is1-p-low-diff,mp-is1-p-low-freq,mp-is1-p-mid-org-obj,mp-is1-p-mid-nrm-obj,mp-is1-p-mid-obj,mp-is1-p-mid-diff,mp-is1-p-mid-freq,mp-is10-p-hi-org-obj,mp-is10-p-hi-nrm-obj,mp-is10-p-hi-obj,mp-is10-p-hi-diff,mp-is10-p-hi-freq,mp-is10-p-low-org-obj,mp-is10-p-low-nrm-obj,mp-is10-p-low-obj,mp-is10-p-low-diff,mp-is10-p-low-freq,mp-is10-p-mid-org-obj,mp-is10-p-mid-nrm-obj,mp-is10-p-mid-obj,mp-is10-p-mid-diff,mp-is10-p-mid-freq,mp-is100-p-hi-org-obj,mp-is100-p-hi-nrm-obj,mp-is100-p-hi-obj,mp-is100-p-hi-diff,mp-is100-p-hi-freq,mp-is100-p-low-org-obj,mp-is100-p-low-nrm-obj,mp-is100-p-low-obj,mp-is100-p-low-diff,mp-is100-p-low-freq,mp-is100-p-mid-org-obj,mp-is100-p-mid-nrm-obj,mp-is100-p-mid-obj,mp-is100-p-mid-diff,mp-is100-p-mid-freq,mp-p-hi-org-obj,mp-p-hi-nrm-obj,mp-p-hi-obj,mp-p-hi-diff,mp-p-hi-freq,mp-p-low-org-obj,mp-p-low-nrm-obj,mp-p-low-obj,mp-p-low-diff,mp-p-low-freq,mp-p-mid-org-obj,mp-p-mid-nrm-obj,mp-p-mid-obj,mp-p-mid-diff,mp-p-mid-freq,mp-ps-p-hi-org-obj,mp-ps-p-hi-nrm-obj,mp-ps-p-hi-obj,mp-ps-p-hi-diff,mp-ps-p-hi-freq,mp-ps-p-low-org-obj,mp-ps-p-low-nrm-obj,mp-ps-p-low-obj,mp-ps-p-low-diff,mp-ps-p-low-freq,mp-ps-p-mid-org-obj,mp-ps-p-mid-nrm-obj,mp-ps-p-mid-obj,mp-ps-p-mid-diff,mp-ps-p-mid-freq,ps-org-obj,ps-nrm-obj,ps-obj,ps-diff,ps-freq
resolved-c28d-3600-2nd/nsp-n50-d28-r0.10-rp2-fp2-s8,1 16 2040 357 98 4463 -62,1.0 0.0 0.0027272727272727275 0.0 0.0 0.697594501718213 0.0,1000034.2486722899,0,19264,1 106 2468 568 135 4322 -50,1.0 0.20785219399538107 0.39181818181818184 0.1704361873990307 0.2534246575342466 0.5360824742268041 0.12371134020618557,1024904.6644069549,0,15930,1 187 3137 640 139 4727 3,1.0 0.394919168591224 1.0 0.22859450726978997 0.2808219178082192 1.0 0.6701030927835051,1049759.2636612658,0,11654,0 441 2090 1572 195 3899 19,0.0 0.9815242494226328 0.04818181818181818 0.981421647819063 0.6643835616438356 0.05154639175257732 0.8350515463917526,99683.45364352883,0,13533,0 445 2081 1595 208 3893 17,0.0 0.9907621247113164 0.04 1.0 0.7534246575342466 0.044673539518900345 0.8144329896907216,100552.81610526994,0,13357,0 438 2054 1456 235 3874 26,0.0 0.9745958429561201 0.015454545454545455 0.8877221324717286 0.9383561643835616 0.022909507445589918 0.9072164948453608,98596.82381063685,0,13746,0 428 2054 1441 240 3875 22,0.0 0.9515011547344111 0.015454545454545455 0.875605815831987 0.9726027397260274 0.024054982817869417 0.865979381443299,96278.63354700078,0,14171,0 439 2072 1473 225 3972 27,0.0 0.976905311778291 0.031818181818181815 0.901453957996769 0.8698630136986302 0.13516609392898052 0.9175257731958762,98999.42244209003,0,13666,0 441 2090 1572 195 3899 19,0.0 0.9815242494226328 0.04818181818181818 0.981421647819063 0.6643835616438356 0.05154639175257732 0.8350515463917526,99683.45364352883,0,13533,0 428 2054 1441 240 3875 22,0.0 0.9515011547344111 0.015454545454545455 0.875605815831987 0.9726027397260274 0.024054982817869417 0.865979381443299,96278.63354700078,0,14171,0 449 2082 1587 230 4000 35,0.0 1.0 0.04090909090909091 0.9935379644588045 0.9041095890410958 0.1672394043528064 1.0,101495.71222649734,0,12742,0 429 2054 1445 244 3860 25,0.0 0.953810623556582 0.015454545454545455 0.8788368336025848 1.0 0.006872852233676976 0.8969072164948454,96515.41027954507,0,14122,0 434 2051 1457 243 3863 29,0.0 0.9653579676674365 0.012727272727272728 0.8885298869143781 0.9931506849315068 0.010309278350515464 0.9381443298969072,97651.95568653732,0,13988,0 436 2048 1456 240 3895 29,0.0 0.9699769053117783 0.01 0.8877221324717286 0.9726027397260274 0.046964490263459335 0.9381443298969072,98084.08072685469,0,13915,0 428 2054 1441 240 3875 22,0.0 0.9515011547344111 0.015454545454545455 0.875605815831987 0.9726027397260274 0.024054982817869417 0.865979381443299,96278.63354700078,0,14171,0 441 2086 1483 223 3970 28,0.0 0.9815242494226328 0.04454545454545455 0.9095315024232633 0.8561643835616438 0.13287514318442153 0.9278350515463918,99595.28401498064,0,13583,0 422 2037 1417 230 3854 16,0.0 0.9376443418013857 0.0 0.8562197092084006 0.9041095890410958 0.0 0.8041237113402062,94711.86897196242,0,14538,0 428 2054 1441 240 3875 22,0.0 0.9515011547344111 0.015454545454545455 0.875605815831987 0.9726027397260274 0.024054982817869417 0.865979381443299,96278.63354700078,0,14171,0 422 2037 1417 230 3854 16,0.0 0.9376443418013857 0.0 0.8562197092084006 0.9041095890410958 0.0 0.8041237113402062,94711.86897196242,0,14538
resolved-c28d-3600-2nd/nsp-n30-d28-r0.10-rp2-fp2-s5,0 0 2 26 1 362 -47,0.0 0.0 0.0 0.0 0.014925373134328358 0.0 0.20454545454545456,1.6970827679782903,0,3933,0 0 217 3233 0 1599 -65,0.0 0.0 1.0 1.0 0.0 1.0 0.0,11010.0,0,2066,0 0 2 167 28 957 8,0.0 0.0 0.0 0.04396632366697849 0.417910447761194 0.48100242522231207 0.8295454545454546,91.39693814986646,0,27370,0 0 20 217 47 942 23,0.0 0.0 0.08372093023255814 0.05955721858434674 0.7014925373134329 0.4688763136620857 1.0,972.6045377778922,0,21346,0 0 20 217 47 942 23,0.0 0.0 0.08372093023255814 0.05955721858434674 0.7014925373134329 0.4688763136620857 1.0,972.6045377778922,0,21346,0 0 28 190 61 1077 5,0.0 0.0 0.12093023255813953 0.05113813532896788 0.9104477611940298 0.5780113177041228 0.7954545454545454,1358.060804752262,0,20577,0 0 20 182 54 706 -25,0.0 0.0 0.08372093023255814 0.04864359214218896 0.8059701492537313 0.27809215844785773 0.45454545454545453,969.6853764321675,0,21789,0 0 20 215 51 889 3,0.0 0.0 0.08372093023255814 0.05893358278765201 0.7611940298507462 0.4260307194826192 0.7727272727272727,977.2953225658615,0,21406,0 0 62 258 40 1162 9,0.0 0.0 0.27906976744186046 0.07234175241658872 0.5970149253731343 0.6467259498787389 0.8409090909090909,2930.049087962203,0,16924,0 0 26 234 67 1099 18,0.0 0.0 0.11162790697674418 0.06485812285625195 1.0 0.5957962813257882 0.9431818181818182,1288.0383372551335,0,20650,0 0 24 202 49 1021 20,0.0 0.0 0.10232558139534884 0.054879950109136266 0.7313432835820896 0.5327405012126112 0.9659090909090909,1157.5634065238687,0,21045,0 0 20 179 53 721 -27,0.0 0.0 0.08372093023255814 0.047708138447146865 0.7910447761194029 0.2902182700080841 0.4318181818181818,967.3559192665675,0,21881,0 0 20 217 47 935 14,0.0 0.0 0.08372093023255814 0.05955721858434674 0.7014925373134329 0.46321746160064675 0.8977272727272727,972.4456765300051,0,21354,0 0 20 183 40 827 5,0.0 0.0 0.08372093023255814 0.04895541004053633 0.5970149253731343 0.375909458367017 0.7954545454545454,950.4207540325558,0,21685,0 0 20 183 40 826 6,0.0 0.0 0.08372093023255814 0.04895541004053633 0.5970149253731343 0.37510105092966856 0.8068181818181818,950.424033594546,0,21686,0 0 17 183 55 706 -16,0.0 0.0 0.06976744186046512 0.04895541004053633 0.8208955223880597 0.27809215844785773 0.5568181818181818,832.0571206502902,0,22065,0 0 20 201 47 853 8,0.0 0.0 0.08372093023255814 0.0545681322107889 0.7014925373134329 0.396928051738076 0.8295454545454546,966.7255142396398,0,21497,0 0 20 215 51 887 -1,0.0 0.0 0.08372093023255814 0.05893358278765201 0.7611940298507462 0.4244139046079224 0.7272727272727273,977.23369987166,0,21413,0 0 26 234 66 1093 19,0.0 0.0 0.11162790697674418 0.06485812285625195 0.9850746268656716 0.5909458367016976 0.9545454545454546,1286.5086591318234,0,20667
resolved-c28d-3600-2nd/nsp-n40-d28-r0.10-rp2-fp2-s1,0 3 22 9 0 268 -182,0.0 1.0 0.0 0.0 0.0 0.0 0.0,100000.0,0,4807,0 2 37 400 82 2445 -27,0.0 0.0 0.02862595419847328 0.6683760683760683 0.42487046632124353 0.5867924528301887 0.9451219512195121,1003.9357034724469,0,38483,0 2 79 475 89 2955 -18,0.0 0.0 0.10877862595419847 0.7965811965811965 0.46113989637305697 0.7242587601078168 1.0,1938.724033361565,0,38118,0 2 151 502 185 2871 -53,0.0 0.0 0.24618320610687022 0.8427350427350427 0.9585492227979274 0.7016172506738545 0.7865853658536586,3408.22478395613,0,47072,0 2 175 545 188 2784 -62,0.0 0.0 0.2919847328244275 0.9162393162393162 0.9740932642487047 0.678167115902965 0.7317073170731707,3941.0093493845648,0,45049,0 2 489 570 127 3847 -44,0.0 0.0 0.8912213740458015 0.958974358974359 0.6580310880829016 0.9646900269541779 0.8414634146341463,9947.47957192484,0,41164,0 2 151 529 193 2837 -67,0.0 0.0 0.24618320610687022 0.8888888888888888 1.0 0.6924528301886792 0.7012195121951219,3458.346697771673,0,46733,0 2 177 529 144 2672 -47,0.0 0.0 0.2958015267175573 0.8888888888888888 0.7461139896373057 0.647978436657682 0.823170731707317,3928.818510126476,0,44911,0 2 546 574 157 3978 -25,0.0 0.0 1.0 0.9658119658119658 0.8134715025906736 1.0 0.9573170731707317,11058.116433144203,0,37903,0 2 175 547 172 2646 -49,0.0 0.0 0.2919847328244275 0.9196581196581196 0.8911917098445595 0.6409703504043127 0.8109756097560976,3935.84529800065,0,44980,0 2 141 526 157 2868 -36,0.0 0.0 0.22709923664122136 0.8837606837606837 0.8134715025906736 0.7008086253369272 0.8902439024390244,3243.9985305877726,0,47535,0 2 212 577 113 3091 -31,0.0 0.0 0.36259541984732824 0.9709401709401709 0.5854922279792746 0.7609164420485175 0.9207317073170732,4663.973488339183,0,42821,0 2 157 594 172 2998 -54,0.0 0.0 0.25763358778625955 1.0 0.8911917098445595 0.7358490566037735 0.7804878048780488,3673.5940272179673,0,45204,0 2 202 511 150 2870 -24,0.0 0.0 0.3435114503816794 0.8581196581196581 0.7772020725388601 0.7013477088948787 0.9634146341463414,4378.931260913433,0,44148,0 2 155 581 174 2914 -50,0.0 0.0 0.2538167938931298 0.9777777777777777 0.9015544041450777 0.7132075471698113 0.8048780487804879,3614.038110644062,0,46121,0 2 151 540 186 2847 -65,0.0 0.0 0.24618320610687022 0.9076923076923077 0.9637305699481865 0.6951482479784367 0.7134146341463414,3473.5623228697596,0,46603,0 2 155 581 175 2906 -51,0.0 0.0 0.2538167938931298 0.9777777777777777 0.9067357512953368 0.7110512129380054 0.7987804878048781,3614.528584455794,0,46119,0 2 157 584 172 2991 -48,0.0 0.0 0.25763358778625955 0.9829059829059829 0.8911917098445595 0.7339622641509433 0.8170731707317073,3656.517727565276,0,45355,0 2 141 529 158 2891 -38,0.0 0.0 0.22709923664122136 0.8888888888888888 0.8186528497409327 0.7070080862533693 0.8780487804878049,3249.694669918217,0,47483
resolved-c28d-3600-2nd/nsp-n30-d28-r0.10-rp2-fp2-s4,0 2 0 0 0 109 -132,0.0 0.0 0.0 0.0 0.0 0.046511627906976744 0.0,0.46511627906976744,0,26033,0 2 0 0 0 107 -118,0.0 0.0 0.0 0.0 0.0 0.0 0.21212121212121213,0.21212121212121213,0,25911,0 2 0 0 0 111 -84,0.0 0.0 0.0 0.0 0.0 0.09302325581395349 0.7272727272727273,1.6575052854122623,0,25831,0 2 0 0 0 150 -77,0.0 0.0 0.0 0.0 0.0 1.0 0.8333333333333334,10.833333333333334,0,16423,0 2 0 0 0 141 -68,0.0 0.0 0.0 0.0 0.0 0.7906976744186046 0.9696969696969697,8.876673713883015,0,16441,0 2 0 0 0 141 -68,0.0 0.0 0.0 0.0 0.0 0.7906976744186046 0.9696969696969697,8.876673713883015,0,16441,0 2 0 0 0 150 -77,0.0 0.0 0.0 0.0 0.0 1.0 0.8333333333333334,10.833333333333334,0,16423,0 2 0 0 0 141 -66,0.0 0.0 0.0 0.0 0.0 0.7906976744186046 1.0,8.906976744186046,0,16439,0 2 0 0 0 150 -75,0.0 0.0 0.0 0.0 0.0 1.0 0.8636363636363636,10.863636363636363,0,16421,0 2 0 0 0 141 -66,0.0 0.0 0.0 0.0 0.0 0.7906976744186046 1.0,8.906976744186046,0,16439,0 2 0 0 0 150 -75,0.0 0.0 0.0 0.0 0.0 1.0 0.8636363636363636,10.863636363636363,0,16421,0 2 0 0 0 150 -76,0.0 0.0 0.0 0.0 0.0 1.0 0.8484848484848485,10.848484848484848,0,16422,0 2 0 0 0 150 -77,0.0 0.0 0.0 0.0 0.0 1.0 0.8333333333333334,10.833333333333334,0,16423,0 2 0 0 0 141 -68,0.0 0.0 0.0 0.0 0.0 0.7906976744186046 0.9696969696969697,8.876673713883015,0,16441,0 2 0 0 0 150 -75,0.0 0.0 0.0 0.0 0.0 1.0 0.8636363636363636,10.863636363636363,0,16421,0 2 0 0 0 141 -67,0.0 0.0 0.0 0.0 0.0 0.7906976744186046 0.9848484848484849,8.89182522903453,0,16440,0 2 0 0 0 141 -67,0.0 0.0 0.0 0.0 0.0 0.7906976744186046 0.9848484848484849,8.89182522903453,0,16440,0 2 0 0 0 141 -67,0.0 0.0 0.0 0.0 0.0 0.7906976744186046 0.9848484848484849,8.89182522903453,0,16440,0 2 0 0 0 141 -67,0.0 0.0 0.0 0.0 0.0 0.7906976744186046 0.9848484848484849,8.89182522903453,0,16440
resolved-c28d-3600-2nd/nsp-n10-d28-r0.10-rp0-fp0-s5,0 0 2 0 0 118 -43,0.0 0.0 0.0 0.0 0.0 0.125 0.058823529411764705,1.3088235294117647,0,6718,0 0 2 0 0 117 -42,0.0 0.0 0.0 0.0 0.0 0.0 0.11764705882352941,0.11764705882352941,0,6740,0 0 2 0 0 118 -44,0.0 0.0 0.0 0.0 0.0 0.125 0.0,1.25,0,6721,0 0 2 0 0 125 -27,0.0 0.0 0.0 0.0 0.0 1.0 1.0,11.0,0,3965,0 0 2 0 0 125 -27,0.0 0.0 0.0 0.0 0.0 1.0 1.0,11.0,0,3965,0 0 2 0 0 125 -27,0.0 0.0 0.0 0.0 0.0 1.0 1.0,11.0,0,3965,0 0 2 0 0 125 -27,0.0 0.0 0.0 0.0 0.0 1.0 1.0,11.0,0,3965,0 0 2 0 0 125 -27,0.0 0.0 0.0 0.0 0.0 1.0 1.0,11.0,0,3965,0 0 2 0 0 125 -27,0.0 0.0 0.0 0.0 0.0 1.0 1.0,11.0,0,3965,0 0 2 0 0 125 -27,0.0 0.0 0.0 0.0 0.0 1.0 1.0,11.0,0,3965,0 0 2 0 0 125 -27,0.0 0.0 0.0 0.0 0.0 1.0 1.0,11.0,0,3965,0 0 2 0 0 125 -27,0.0 0.0 0.0 0.0 0.0 1.0 1.0,11.0,0,3965,0 0 2 0 0 125 -27,0.0 0.0 0.0 0.0 0.0 1.0 1.0,11.0,0,3965,0 0 2 0 0 125 -27,0.0 0.0 0.0 0.0 0.0 1.0 1.0,11.0,0,3965,0 0 2 0 0 125 -27,0.0 0.0 0.0 0.0 0.0 1.0 1.0,11.0,0,3965,0 0 2 0 0 125 -27,0.0 0.0 0.0 0.0 0.0 1.0 1.0,11.0,0,3965,0 0 2 0 0 125 -27,0.0 0.0 0.0 0.0 0.0 1.0 1.0,11.0,0,3965,0 0 2 0 0 125 -27,0.0 0.0 0.0 0.0 0.0 1.0 1.0,11.0,0,3965,0 0 2 0 0 125 -27,0.0 0.0 0.0 0.0 0.0 1.0 1.0,11.0,0,3965
resolved-c28d-3600-2nd/nsp-n10-d28-r0.10-rp0-fp0-s0,0 1 0 0 0 76 -37,0.0 0.0 0.0 0.0 0.0 0.0 0.29411764705882354,0.29411764705882354,0,23017,0 1 0 0 0 77 -42,0.0 0.0 0.0 0.0 0.0 0.05555555555555555 0.0,0.5555555555555556,0,23069,0 1 0 0 0 77 -36,0.0 0.0 0.0 0.0 0.0 0.05555555555555555 0.35294117647058826,0.9084967320261439,0,23057,0 1 0 0 0 94 -29,0.0 0.0 0.0 0.0 0.0 1.0 0.7647058823529411,10.764705882352942,0,19019,0 1 0 0 0 94 -28,0.0 0.0 0.0 0.0 0.0 1.0 0.8235294117647058,10.823529411764707,0,19018,0 1 0 0 0 94 -31,0.0 0.0 0.0 0.0 0.0 1.0 0.6470588235294118,10.647058823529411,0,19021,0 1 0 0 0 94 -27,0.0 0.0 0.0 0.0 0.0 1.0 0.8823529411764706,10.882352941176471,0,19017,0 1 0 0 0 94 -30,0.0 0.0 0.0 0.0 0.0 1.0 0.7058823529411765,10.705882352941176,0,19020,0 1 0 0 0 94 -27,0.0 0.0 0.0 0.0 0.0 1.0 0.8823529411764706,10.882352941176471,0,19017,0 1 0 0 0 94 -30,0.0 0.0 0.0 0.0 0.0 1.0 0.7058823529411765,10.705882352941176,0,19020,0 1 0 0 0 94 -31,0.0 0.0 0.0 0.0 0.0 1.0 0.6470588235294118,10.647058823529411,0,19021,0 1 0 0 0 94 -30,0.0 0.0 0.0 0.0 0.0 1.0 0.7058823529411765,10.705882352941176,0,19020,0 1 0 0 0 94 -29,0.0 0.0 0.0 0.0 0.0 1.0 0.7647058823529411,10.764705882352942,0,19019,0 1 0 0 0 94 -28,0.0 0.0 0.0 0.0 0.0 1.0 0.8235294117647058,10.823529411764707,0,19018,0 1 0 0 0 94 -29,0.0 0.0 0.0 0.0 0.0 1.0 0.7647058823529411,10.764705882352942,0,19019,0 1 0 0 0 94 -30,0.0 0.0 0.0 0.0 0.0 1.0 0.7058823529411765,10.705882352941176,0,19020,0 1 0 0 0 94 -25,0.0 0.0 0.0 0.0 0.0 1.0 1.0,11.0,0,19015,0 1 0 0 0 94 -29,0.0 0.0 0.0 0.0 0.0 1.0 0.7647058823529411,10.764705882352942,0,19019,0 1 0 0 0 94 -26,0.0 0.0 0.0 0.0 0.0 1.0 0.9411764705882353,10.941176470588236,0,19016
resolved-c28d-3600-2nd/nsp-n30-d28-r0.10-rp2-fp2-s9,0 8 319 351 86 1318 -11,0.0 0.0 0.0 0.0 0.0 0.0 0.0,0.0,0,10993,0 72 459 397 100 1639 8,0.0 0.20915032679738563 0.24054982817869416 0.1141439205955335 0.16470588235294117 0.6591375770020534 0.30158730158730157,23458.03843342794,0,10139,0 157 564 437 129 1494 3,0.0 0.4869281045751634 0.4209621993127148 0.21339950372208435 0.5058823529411764 0.3613963039014374 0.2222222222222222,53170.25637492092,0,10304,0 259 852 728 141 1606 36,0.0 0.8202614379084967 0.915807560137457 0.9354838709677419 0.6470588235294118 0.5913757700205339 0.746031746031746,92191.06893499117,0,36917,0 245 884 736 146 1730 36,0.0 0.7745098039215687 0.9707903780068728 0.9553349875930521 0.7058823529411765 0.8459958932238193 0.746031746031746,88194.01338579104,0,37433,0 251 880 754 157 1749 31,0.0 0.7941176470588235 0.9639175257731959 1.0 0.8352941176470589 0.8850102669404517 0.6666666666666666,90143.98614471509,0,37137,0 245 881 720 146 1733 35,0.0 0.7745098039215687 0.9656357388316151 0.9156327543424317 0.7058823529411765 0.8521560574948666 0.7301587301587301,88102.81048941468,0,37449,0 252 878 726 146 1692 41,0.0 0.7973856209150327 0.9604810996563574 0.9305210918114144 0.7058823529411765 0.7679671457905544 0.8253968253968254,90352.98748345568,0,37065,0 251 884 730 152 1697 36,0.0 0.7941176470588235 0.9707903780068728 0.9404466501240695 0.7764705882352941 0.7782340862422998 0.746031746031746,90146.29056750714,0,37107,0 237 842 667 159 1805 36,0.0 0.7483660130718954 0.8986254295532646 0.7841191066997518 0.8588235294117647 1.0 0.746031746031746,84703.60309410914,0,37774,0 314 879 734 159 1482 30,0.0 1.0 0.9621993127147767 0.9503722084367245 0.8588235294117647 0.33675564681724846 0.6507936507936508,110662.26603864464,0,33765,0 250 885 733 154 1751 30,0.0 0.7908496732026143 0.9725085910652921 0.9478908188585607 0.8 0.8891170431211499 0.6507936507936508,89847.48601385493,0,37215,0 283 901 700 171 1569 52,0.0 0.8986928104575164 1.0 0.8660049627791563 1.0 0.5154004106776181 1.0,100841.44001263757,0,35778,0 259 852 728 141 1606 36,0.0 0.8202614379084967 0.915807560137457 0.9354838709677419 0.6470588235294118 0.5913757700205339 0.746031746031746,92191.06893499117,0,36917,0 259 852 728 141 1606 36,0.0 0.8202614379084967 0.915807560137457 0.9354838709677419 0.6470588235294118 0.5913757700205339 0.746031746031746,92191.06893499117,0,36917,0 243 863 672 149 1723 35,0.0 0.7679738562091504 0.9347079037800687 0.7965260545905707 0.7411764705882353 0.8316221765913757 0.7301587301587301,87024.1547408612,0,37530,0 252 878 726 146 1692 41,0.0 0.7973856209150327 0.9604810996563574 0.9305210918114144 0.7058823529411765 0.7679671457905544 0.8253968253968254,90352.98748345568,0,37065,0 264 898 700 153 1624 39,0.0 0.8366013071895425 0.9948453608247423 0.8660049627791563 0.788235294117647 0.6283367556468172 0.7936507936507936,94560.48983774272,0,36571,0 259 852 728 141 1606 36,0.0 0.8202614379084967 0.915807560137457 0.9354838709677419 0.6470588235294118 0.5913757700205339 0.746031746031746,92191.06893499117,0,36917
resolved-c28d-3600-2nd/nsp-n20-d28-r0.10-rp2-fp2-s2,0 0 10 43 0 121 -48,0.0 0.0 0.0 1.0 0.0 1.0 0.6170212765957447,1010.6170212765958,0,3172,0 0 10 0 0 73 -77,0.0 0.0 0.0 0.0 0.0 0.0 0.0,0.0,0,20091,0 0 10 0 0 74 -56,0.0 0.0 0.0 0.0 0.0 0.020833333333333332 0.44680851063829785,0.6551418439716312,0,20058,0 0 10 0 0 105 -32,0.0 0.0 0.0 0.0 0.0 0.6666666666666666 0.9574468085106383,7.624113475177304,0,21905,0 0 10 0 0 105 -31,0.0 0.0 0.0 0.0 0.0 0.6666666666666666 0.9787234042553191,7.6453900709219855,0,21904,0 0 10 0 0 104 -44,0.0 0.0 0.0 0.0 0.0 0.6458333333333334 0.7021276595744681,7.160460992907802,0,21907,0 0 10 0 0 104 -45,0.0 0.0 0.0 0.0 0.0 0.6458333333333334 0.6808510638297872,7.139184397163121,0,21908,0 0 10 0 0 104 -44,0.0 0.0 0.0 0.0 0.0 0.6458333333333334 0.7021276595744681,7.160460992907802,0,21907,0 0 10 0 0 104 -45,0.0 0.0 0.0 0.0 0.0 0.6458333333333334 0.6808510638297872,7.139184397163121,0,21908,0 0 10 0 0 105 -30,0.0 0.0 0.0 0.0 0.0 0.6666666666666666 1.0,7.666666666666666,0,21903,0 0 10 0 0 105 -32,0.0 0.0 0.0 0.0 0.0 0.6666666666666666 0.9574468085106383,7.624113475177304,0,21905,0 0 10 0 0 104 -45,0.0 0.0 0.0 0.0 0.0 0.6458333333333334 0.6808510638297872,7.139184397163121,0,21908,0 0 10 0 0 104 -44,0.0 0.0 0.0 0.0 0.0 0.6458333333333334 0.7021276595744681,7.160460992907802,0,21907,0 0 10 0 0 104 -45,0.0 0.0 0.0 0.0 0.0 0.6458333333333334 0.6808510638297872,7.139184397163121,0,21908,0 0 10 0 0 104 -45,0.0 0.0 0.0 0.0 0.0 0.6458333333333334 0.6808510638297872,7.139184397163121,0,21908,0 0 10 0 0 105 -32,0.0 0.0 0.0 0.0 0.0 0.6666666666666666 0.9574468085106383,7.624113475177304,0,21905,0 0 10 0 0 104 -45,0.0 0.0 0.0 0.0 0.0 0.6458333333333334 0.6808510638297872,7.139184397163121,0,21908,0 0 10 0 0 104 -44,0.0 0.0 0.0 0.0 0.0 0.6458333333333334 0.7021276595744681,7.160460992907802,0,21907,0 0 10 0 0 104 -44,0.0 0.0 0.0 0.0 0.0 0.6458333333333334 0.7021276595744681,7.160460992907802,0,21907
resolved-c28d-3600-2nd/nsp-n10-d28-r0.10-rp0-fp0-s4,0 1 0 0 0 93 -39,0.0 0.0 0.0 0.0 0.0 0.0 0.16666666666666666,0.16666666666666666,0,24907,0 1 0 0 0 94 -42,0.0 0.0 0.0 0.0 0.0 0.05555555555555555 0.0,0.5555555555555556,0,25004,0 1 0 0 0 96 -42,0.0 0.0 0.0 0.0 0.0 0.16666666666666666 0.0,1.6666666666666665,0,24979,0 1 0 0 0 108 -26,0.0 0.0 0.0 0.0 0.0 0.8333333333333334 0.8888888888888888,9.222222222222223,0,34940,0 1 0 0 0 108 -26,0.0 0.0 0.0 0.0 0.0 0.8333333333333334 0.8888888888888888,9.222222222222223,0,34940,0 1 0 0 0 108 -26,0.0 0.0 0.0 0.0 0.0 0.8333333333333334 0.8888888888888888,9.222222222222223,0,34940,0 1 0 0 0 108 -26,0.0 0.0 0.0 0.0 0.0 0.8333333333333334 0.8888888888888888,9.222222222222223,0,34940,0 1 0 0 0 108 -26,0.0 0.0 0.0 0.0 0.0 0.8333333333333334 0.8888888888888888,9.222222222222223,0,34940,0 1 0 0 0 110 -26,0.0 0.0 0.0 0.0 0.0 0.9444444444444444 0.8888888888888888,10.333333333333334,0,34936,0 1 0 0 0 108 -26,0.0 0.0 0.0 0.0 0.0 0.8333333333333334 0.8888888888888888,9.222222222222223,0,34940,0 1 0 0 0 108 -26,0.0 0.0 0.0 0.0 0.0 0.8333333333333334 0.8888888888888888,9.222222222222223,0,34940,0 1 0 0 0 108 -26,0.0 0.0 0.0 0.0 0.0 0.8333333333333334 0.8888888888888888,9.222222222222223,0,34940,0 1 0 0 0 111 -30,0.0 0.0 0.0 0.0 0.0 1.0 0.6666666666666666,10.666666666666666,0,34934,0 1 0 0 0 108 -26,0.0 0.0 0.0 0.0 0.0 0.8333333333333334 0.8888888888888888,9.222222222222223,0,34940,0 1 0 0 0 104 -25,0.0 0.0 0.0 0.0 0.0 0.6111111111111112 0.9444444444444444,7.055555555555556,0,34945,0 1 0 0 0 108 -26,0.0 0.0 0.0 0.0 0.0 0.8333333333333334 0.8888888888888888,9.222222222222223,0,34940,0 1 0 0 0 105 -24,0.0 0.0 0.0 0.0 0.0 0.6666666666666666 1.0,7.666666666666666,0,34941,0 1 0 0 0 108 -26,0.0 0.0 0.0 0.0 0.0 0.8333333333333334 0.8888888888888888,9.222222222222223,0,34940,0 1 0 0 0 108 -26,0.0 0.0 0.0 0.0 0.0 0.8333333333333334 0.8888888888888888,9.222222222222223,0,34940
resolved-c28d-3600-2nd/nsp-n20-d28-r0.10-rp2-fp2-s4,0 1 2 1 0 71 -82,0.0 0.0 1.0 1.0 0.0 0.2 0.0,11002.0,0,3841,0 1 0 0 0 65 -63,0.0 0.0 0.0 0.0 0.0 0.0 0.36538461538461536,0.36538461538461536,0,47498,0 1 0 0 0 75 -56,0.0 0.0 0.0 0.0 0.0 0.3333333333333333 0.5,3.833333333333333,0,47448,0 1 0 0 0 93 -30,0.0 0.0 0.0 0.0 0.0 0.9333333333333333 1.0,10.333333333333334,0,34567,0 1 0 0 0 95 -52,0.0 0.0 0.0 0.0 0.0 1.0 0.5769230769230769,10.576923076923077,0,34562,0 1 0 0 0 95 -52,0.0 0.0 0.0 0.0 0.0 1.0 0.5769230769230769,10.576923076923077,0,34562,0 1 0 0 0 93 -31,0.0 0.0 0.0 0.0 0.0 0.9333333333333333 0.9807692307692307,10.314102564102564,0,34568,0 1 0 0 0 93 -33,0.0 0.0 0.0 0.0 0.0 0.9333333333333333 0.9423076923076923,10.275641025641026,0,34569,0 1 0 0 0 93 -31,0.0 0.0 0.0 0.0 0.0 0.9333333333333333 0.9807692307692307,10.314102564102564,0,34568,0 1 0 0 0 93 -33,0.0 0.0 0.0 0.0 0.0 0.9333333333333333 0.9423076923076923,10.275641025641026,0,34569,0 1 0 0 0 95 -52,0.0 0.0 0.0 0.0 0.0 1.0 0.5769230769230769,10.576923076923077,0,34562,0 1 0 0 0 93 -30,0.0 0.0 0.0 0.0 0.0 0.9333333333333333 1.0,10.333333333333334,0,34567,0 1 0 0 0 93 -31,0.0 0.0 0.0 0.0 0.0 0.9333333333333333 0.9807692307692307,10.314102564102564,0,34568,0 1 0 0 0 95 -52,0.0 0.0 0.0 0.0 0.0 1.0 0.5769230769230769,10.576923076923077,0,34562,0 1 0 0 0 95 -52,0.0 0.0 0.0 0.0 0.0 1.0 0.5769230769230769,10.576923076923077,0,34562,0 1 0 0 0 93 -33,0.0 0.0 0.0 0.0 0.0 0.9333333333333333 0.9423076923076923,10.275641025641026,0,34569,0 1 0 0 0 93 -33,0.0 0.0 0.0 0.0 0.0 0.9333333333333333 0.9423076923076923,10.275641025641026,0,34569,0 1 0 0 0 93 -30,0.0 0.0 0.0 0.0 0.0 0.9333333333333333 1.0,10.333333333333334,0,34567,0 1 0 0 0 93 -33,0.0 0.0 0.0 0.0 0.0 0.9333333333333333 0.9423076923076923,10.275641025641026,0,34569
resolved-c28d-3600-2nd/nsp-n50-d28-r0.10-rp2-fp2-s7,0 3 204 650 31 1977 -35,0.0 1.0 1.0 1.0 1.0 1.0 0.7898550724637681,111110.78985507246,0,9259,0 2 0 0 0 375 -142,0.0 0.0 0.0 0.0 0.0 0.0 0.014492753623188406,0.014492753623188406,0,19218,0 2 0 0 0 447 -143,0.0 0.0 0.0 0.0 0.0 0.0449438202247191 0.007246376811594203,0.4566845790587852,0,18996,0 2 0 0 0 430 -122,0.0 0.0 0.0 0.0 0.0 0.03433208489388265 0.15942028985507245,0.5027411387938989,0,22106,0 2 0 0 0 420 -120,0.0 0.0 0.0 0.0 0.0 0.028089887640449437 0.17391304347826086,0.45481191988275527,0,22121,0 2 0 0 0 420 -120,0.0 0.0 0.0 0.0 0.0 0.028089887640449437 0.17391304347826086,0.45481191988275527,0,22121,0 2 0 0 0 420 -119,0.0 0.0 0.0 0.0 0.0 0.028089887640449437 0.18115942028985507,0.4620582966943495,0,22120,0 2 0 0 0 430 -121,0.0 0.0 0.0 0.0 0.0 0.03433208489388265 0.16666666666666666,0.5099875156054932,0,22105,0 2 0 0 0 420 -119,0.0 0.0 0.0 0.0 0.0 0.028089887640449437 0.18115942028985507,0.4620582966943495,0,22120,0 2 0 0 0 430 -123,0.0 0.0 0.0 0.0 0.0 0.03433208489388265 0.15217391304347827,0.49549476198230474,0,22107,0 2 0 0 0 480 -144,0.0 0.0 0.0 0.0 0.0 0.06554307116104868 0.0,0.6554307116104868,0,22030,0 2 0 0 0 420 -119,0.0 0.0 0.0 0.0 0.0 0.028089887640449437 0.18115942028985507,0.4620582966943495,0,22120,0 2 0 0 0 430 -123,0.0 0.0 0.0 0.0 0.0 0.03433208489388265 0.15217391304347827,0.49549476198230474,0,22107,0 2 0 0 0 420 -120,0.0 0.0 0.0 0.0 0.0 0.028089887640449437 0.17391304347826086,0.45481191988275527,0,22121,0 2 0 0 0 420 -119,0.0 0.0 0.0 0.0 0.0 0.028089887640449437 0.18115942028985507,0.4620582966943495,0,22120,0 2 0 0 0 420 -119,0.0 0.0 0.0 0.0 0.0 0.028089887640449437 0.18115942028985507,0.4620582966943495,0,22120,0 2 0 31 1 1005 -6,0.0 0.0 0.0 0.047692307692307694 0.03225806451612903 0.39325842696629215 1.0,55.850698413583515,0,20084,0 2 0 0 0 420 -120,0.0 0.0 0.0 0.0 0.0 0.028089887640449437 0.17391304347826086,0.45481191988275527,0,22121,0 2 0 0 0 420 -119,0.0 0.0 0.0 0.0 0.0 0.028089887640449437 0.18115942028985507,0.4620582966943495,0,22120
resolved-c28d-3600-2nd/nsp-n10-d28-r0.10-rp0-fp0-s7,0 0 0 0 0 74 -29,0.0 0.0 0.0 0.0 0.0 0.05 0.16666666666666666,0.6666666666666666,0,163,0 0 0 0 0 73 -31,0.0 0.0 0.0 0.0 0.0 0.0 0.0,0.0,0,167,0 0 0 0 0 73 -28,0.0 0.0 0.0 0.0 0.0 0.0 0.25,0.25,0,142,0 0 0 0 0 90 -20,0.0 0.0 0.0 0.0 0.0 0.85 0.9166666666666666,9.416666666666666,0,98,0 0 0 0 0 93 -20,0.0 0.0 0.0 0.0 0.0 1.0 0.9166666666666666,10.916666666666666,0,75,0 0 0 0 0 90 -21,0.0 0.0 0.0 0.0 0.0 0.85 0.8333333333333334,9.333333333333334,0,99,0 0 0 0 0 90 -21,0.0 0.0 0.0 0.0 0.0 0.85 0.8333333333333334,9.333333333333334,0,99,0 0 0 0 0 90 -21,0.0 0.0 0.0 0.0 0.0 0.85 0.8333333333333334,9.333333333333334,0,99,0 0 0 0 0 90 -21,0.0 0.0 0.0 0.0 0.0 0.85 0.8333333333333334,9.333333333333334,0,99,0 0 0 0 0 90 -19,0.0 0.0 0.0 0.0 0.0 0.85 1.0,9.5,0,97,0 0 0 0 0 90 -21,0.0 0.0 0.0 0.0 0.0 0.85 0.8333333333333334,9.333333333333334,0,99,0 0 0 0 0 90 -21,0.0 0.0 0.0 0.0 0.0 0.85 0.8333333333333334,9.333333333333334,0,99,0 0 0 0 0 90 -21,0.0 0.0 0.0 0.0 0.0 0.85 0.8333333333333334,9.333333333333334,0,99,0 0 0 0 0 90 -21,0.0 0.0 0.0 0.0 0.0 0.85 0.8333333333333334,9.333333333333334,0,99,0 0 0 0 0 90 -21,0.0 0.0 0.0 0.0 0.0 0.85 0.8333333333333334,9.333333333333334,0,99,0 0 0 0 0 93 -19,0.0 0.0 0.0 0.0 0.0 1.0 1.0,11.0,0,74,0 0 0 0 0 90 -21,0.0 0.0 0.0 0.0 0.0 0.85 0.8333333333333334,9.333333333333334,0,99,0 0 0 0 0 90 -21,0.0 0.0 0.0 0.0 0.0 0.85 0.8333333333333334,9.333333333333334,0,99,0 0 0 0 0 90 -20,0.0 0.0 0.0 0.0 0.0 0.85 0.9166666666666666,9.416666666666666,0,98
resolved-c28d-3600-2nd/nsp-n30-d28-r0.10-rp2-fp2-s7,0 0 0 0 0 84 -150,0.0 0.0 0.0 0.0 0.0 0.07692307692307693 0.045454545454545456,0.8146853146853147,0,574,0 0 0 0 0 80 -153,0.0 0.0 0.0 0.0 0.0 0.0 0.0,0.0,0,514,0 0 0 0 0 92 -132,0.0 0.0 0.0 0.0 0.0 0.23076923076923078 0.3181818181818182,2.6258741258741263,0,395,0 0 0 0 0 132 -87,0.0 0.0 0.0 0.0 0.0 1.0 1.0,11.0,0,133,0 0 0 0 0 132 -87,0.0 0.0 0.0 0.0 0.0 1.0 1.0,11.0,0,133,0 0 0 0 0 132 -87,0.0 0.0 0.0 0.0 0.0 1.0 1.0,11.0,0,133,0 0 0 0 0 132 -87,0.0 0.0 0.0 0.0 0.0 1.0 1.0,11.0,0,133,0 0 0 0 0 132 -87,0.0 0.0 0.0 0.0 0.0 1.0 1.0,11.0,0,133,0 0 0 0 0 132 -87,0.0 0.0 0.0 0.0 0.0 1.0 1.0,11.0,0,133,0 0 0 0 0 132 -87,0.0 0.0 0.0 0.0 0.0 1.0 1.0,11.0,0,133,0 0 0 0 0 132 -87,0.0 0.0 0.0 0.0 0.0 1.0 1.0,11.0,0,133,0 0 0 0 0 132 -87,0.0 0.0 0.0 0.0 0.0 1.0 1.0,11.0,0,133,0 0 0 0 0 132 -87,0.0 0.0 0.0 0.0 0.0 1.0 1.0,11.0,0,133,0 0 0 0 0 132 -87,0.0 0.0 0.0 0.0 0.0 1.0 1.0,11.0,0,133,0 0 0 0 0 132 -87,0.0 0.0 0.0 0.0 0.0 1.0 1.0,11.0,0,133,0 0 0 0 0 132 -87,0.0 0.0 0.0 0.0 0.0 1.0 1.0,11.0,0,133,0 0 0 0 0 132 -87,0.0 0.0 0.0 0.0 0.0 1.0 1.0,11.0,0,133,0 0 0 0 0 132 -87,0.0 0.0 0.0 0.0 0.0 1.0 1.0,11.0,0,133,0 0 0 0 0 132 -87,0.0 0.0 0.0 0.0 0.0 1.0 1.0,11.0,0,133
resolved-c28d-3600-2nd/nsp-n40-d28-r0.10-rp2-fp2-s3,0 0 0 255 3 772 -79,0.0 0.0 0.0 0.5509761388286334 0.033707865168539325 0.2079256360078278 0.3765432098765432,556.8027249154421,0,4514,0 0 0 4 0 479 -96,0.0 0.0 0.0 0.006507592190889371 0.0 0.06457925636007827 0.2716049382716049,7.424989692761758,0,5010,0 0 0 1 0 347 -140,0.0 0.0 0.0 0.0 0.0 0.0 0.0,0.0,0,16514,0 0 2 180 31 1147 15,0.0 0.0 0.05263157894736842 0.3882863340563991 0.34831460674157305 0.3913894324853229 0.9567901234567902,954.3042686525506,0,17854,0 0 0 131 16 1099 8,0.0 0.0 0.0 0.28199566160520606 0.1797752808988764 0.3679060665362035 0.9135802469135802,304.5658306073693,0,18227,0 0 35 376 82 2245 -14,0.0 0.0 0.9210526315789473 0.8134490238611713 0.9213483146067416 0.9285714285714286 0.7777777777777778,10126.173663174812,0,17123,0 0 30 440 52 1890 3,0.0 0.0 0.7894736842105263 0.9522776572668112 0.5842696629213483 0.7548923679060665 0.8827160493827161,8913.873105392653,0,17364,0 0 9 293 39 1754 -28,0.0 0.0 0.23684210526315788 0.6334056399132321 0.43820224719101125 0.6883561643835616 0.691358024691358,3053.221836932439,0,17710,0 0 30 438 53 1890 2,0.0 0.0 0.7894736842105263 0.9479392624728851 0.5955056179775281 0.7548923679060665 0.8765432098765432,8910.652133264839,0,17366,0 0 1 144 28 1223 3,0.0 0.0 0.02631578947368421 0.31019522776572667 0.3146067415730337 0.42857142857142855 0.8827160493827161,609.9822269949691,0,18005,0 0 4 255 25 1535 -11,0.0 0.0 0.10526315789473684 0.5509761388286334 0.2808988764044944 0.5812133072407045 0.7962962962962963,1638.3060347851545,0,17804,0 0 38 462 89 2391 -18,0.0 0.0 1.0 1.0 1.0 1.0 0.7530864197530864,11110.753086419752,0,16788,0 0 6 276 25 1575 1,0.0 0.0 0.15789473684210525 0.596529284164859 0.2808988764044944 0.6007827788649707 0.8703703703703703,2210.444738385381,0,17800,0 0 0 174 17 1194 8,0.0 0.0 0.0 0.3752711496746204 0.19101123595505617 0.4143835616438356 0.9135802469135802,399.42968913347795,0,18104,0 0 0 114 8 1201 22,0.0 0.0 0.0 0.24511930585683298 0.0898876404494382 0.4178082191780822 1.0,259.28615209355763,0,18301,0 0 0 149 10 1193 0,0.0 0.0 0.0 0.3210412147505423 0.11235955056179775 0.41389432485322897 0.8641975308641975,337.2803105861186,0,18158,0 0 0 114 7 1187 20,0.0 0.0 0.0 0.24511930585683298 0.07865168539325842 0.410958904109589 0.9876543209876543,258.08171775824235,0,18322,0 0 8 245 21 1614 -24,0.0 0.0 0.21052631578947367 0.5292841648590022 0.23595505617977527 0.6198630136986302 0.7160493827160493,2665.057507891419,0,17763,0 0 23 351 58 1866 -12,0.0 0.0 0.6052631578947368 0.7592190889370932 0.651685393258427 0.7431506849315068 0.7901234567901234,6885.24083751641,0,17564
resolved-c28d-3600-2nd/nsp-n40-d28-r0.10-rp2-fp2-s0,0 0 2 296 2 717 -41,0.0 0.0 1.0 1.0 1.0 1.0 1.0,11111.0,0,4553,0 0 0 2 0 454 -72,0.0 0.0 0.0 0.003389830508474576 0.0 0.42701525054466233 0.5571428571428572,8.217125871064058,0,11711,0 0 0 1 0 258 -90,0.0 0.0 0.0 0.0 0.0 0.0 0.3,0.3,0,11629,0 0 0 1 0 307 -64,0.0 0.0 0.0 0.0 0.0 0.10675381263616558 0.6714285714285714,1.7389666977902274,0,8352,0 0 0 1 0 307 -64,0.0 0.0 0.0 0.0 0.0 0.10675381263616558 0.6714285714285714,1.7389666977902274,0,8352,0 0 0 1 0 307 -64,0.0 0.0 0.0 0.0 0.0 0.10675381263616558 0.6714285714285714,1.7389666977902274,0,8352,0 0 0 1 0 307 -64,0.0 0.0 0.0 0.0 0.0 0.10675381263616558 0.6714285714285714,1.7389666977902274,0,8352,0 0 0 1 0 307 -64,0.0 0.0 0.0 0.0 0.0 0.10675381263616558 0.6714285714285714,1.7389666977902274,0,8352,0 0 0 1 0 307 -64,0.0 0.0 0.0 0.0 0.0 0.10675381263616558 0.6714285714285714,1.7389666977902274,0,8352,0 0 0 1 0 309 -86,0.0 0.0 0.0 0.0 0.0 0.1111111111111111 0.35714285714285715,1.4682539682539684,0,8348,0 0 0 1 0 303 -111,0.0 0.0 0.0 0.0 0.0 0.09803921568627451 0.0,0.9803921568627451,0,8361,0 0 0 1 0 307 -64,0.0 0.0 0.0 0.0 0.0 0.10675381263616558 0.6714285714285714,1.7389666977902274,0,8352,0 0 0 1 0 307 -64,0.0 0.0 0.0 0.0 0.0 0.10675381263616558 0.6714285714285714,1.7389666977902274,0,8352,0 0 0 1 0 307 -64,0.0 0.0 0.0 0.0 0.0 0.10675381263616558 0.6714285714285714,1.7389666977902274,0,8352,0 0 0 1 0 307 -64,0.0 0.0 0.0 0.0 0.0 0.10675381263616558 0.6714285714285714,1.7389666977902274,0,8352,0 0 0 1 0 307 -64,0.0 0.0 0.0 0.0 0.0 0.10675381263616558 0.6714285714285714,1.7389666977902274,0,8352,0 0 0 1 0 303 -111,0.0 0.0 0.0 0.0 0.0 0.09803921568627451 0.0,0.9803921568627451,0,8361,0 0 0 1 0 307 -64,0.0 0.0 0.0 0.0 0.0 0.10675381263616558 0.6714285714285714,1.7389666977902274,0,8352,0 0 0 1 0 307 -64,0.0 0.0 0.0 0.0 0.0 0.10675381263616558 0.6714285714285714,1.7389666977902274,0,8352
resolved-c28d-3600-2nd/nsp-n40-d28-r0.10-rp2-fp2-s9,0 1 2 459 2 770 -96,0.0 0.0 0.003861003861003861 0.13108614232209737 0.2222222222222222 0.18112798264642083 0.4134078212290503,194.14309080205146,0,5697,0 2 518 3475 9 3035 9,0.0 1.0 1.0 1.0 1.0 1.0 1.0,111111.0,0,6573,0 1 0 4 0 380 -125,0.0 0.0 0.0 0.0 0.0 0.04013015184381779 0.25139664804469275,0.6526981664828706,0,44008,0 1 0 4 0 347 -112,0.0 0.0 0.0 0.0 0.0 0.028199566160520606 0.3240223463687151,0.6060180079739211,0,44914,0 1 0 39 2 818 0,0.0 0.0 0.0 0.010083549409392106 0.2222222222222222 0.1984815618221258 0.9497206703910615,35.24030792022665,0,43825,0 1 0 4 0 333 -97,0.0 0.0 0.0 0.0 0.0 0.023138105567606652 0.40782122905027934,0.6392022847263459,0,44955,0 1 0 4 0 333 -97,0.0 0.0 0.0 0.0 0.0 0.023138105567606652 0.40782122905027934,0.6392022847263459,0,44955,0 1 0 4 0 369 -99,0.0 0.0 0.0 0.0 0.0 0.036153289949385395 0.39664804469273746,0.7581809441865914,0,44899,0 1 0 4 0 452 -170,0.0 0.0 0.0 0.0 0.0 0.06616052060737528 0.0,0.6616052060737527,0,44846,0 1 0 4 0 333 -95,0.0 0.0 0.0 0.0 0.0 0.023138105567606652 0.41899441340782123,0.6503754690838878,0,44953,0 1 0 4 0 333 -96,0.0 0.0 0.0 0.0 0.0 0.023138105567606652 0.4134078212290503,0.6447888769051168,0,44954,0 1 0 4 0 269 -117,0.0 0.0 0.0 0.0 0.0 0.0 0.29608938547486036,0.29608938547486036,0,44956,0 1 0 83 0 991 0,0.0 0.0 0.0 0.02276001152405647 0.0 0.26102675343456255 0.9497206703910615,26.319999728793157,0,43559,0 1 0 4 0 350 -98,0.0 0.0 0.0 0.0 0.0 0.02928416485900217 0.4022346368715084,0.6950762854615301,0,44906,0 1 0 4 0 333 -95,0.0 0.0 0.0 0.0 0.0 0.023138105567606652 0.41899441340782123,0.6503754690838878,0,44953,0 1 0 4 0 269 -117,0.0 0.0 0.0 0.0 0.0 0.0 0.29608938547486036,0.29608938547486036,0,44956,0 1 0 4 0 333 -95,0.0 0.0 0.0 0.0 0.0 0.023138105567606652 0.41899441340782123,0.6503754690838878,0,44953,0 1 0 4 0 369 -100,0.0 0.0 0.0 0.0 0.0 0.036153289949385395 0.39106145251396646,0.7525943520078204,0,44900,0 1 0 4 0 333 -96,0.0 0.0 0.0 0.0 0.0 0.023138105567606652 0.4134078212290503,0.6447888769051168,0,44954
resolved-c28d-3600-2nd/nsp-n40-d28-r0.10-rp2-fp2-s2,1 23 433 154 33 1992 -45,0.0 0.0 0.0 0.0 0.0 0.6847290640394089 0.0,6.847290640394089,0,24705,2 119 674 360 96 1880 -25,0.16666666666666666 0.21238938053097345 0.34826589595375723 0.2675324675324675 0.5 0.4088669950738916 0.16806722689075632,191710.05288401167,0,16570,2 224 1125 576 90 2120 -14,0.16666666666666666 0.4446902654867257 1.0 0.548051948051948 0.4523809523809524 1.0 0.2605042016806723,221739.24376283094,0,15138,4 475 703 924 159 1871 74,0.5 1.0 0.3901734104046243 1.0 1.0 0.3866995073891626 1.0,605006.6010991201,0,26707,4 457 682 896 133 1735 52,0.5 0.9601769911504425 0.3598265895953757 0.9636363636363636 0.7936507936507936 0.05172413793103448 0.8151260504201681,600660.2988214291,0,29067,4 457 682 896 133 1735 52,0.5 0.9601769911504425 0.3598265895953757 0.9636363636363636 0.7936507936507936 0.05172413793103448 0.8151260504201681,600660.2988214291,0,29067,4 457 682 896 133 1735 51,0.5 0.9601769911504425 0.3598265895953757 0.9636363636363636 0.7936507936507936 0.05172413793103448 0.8067226890756303,600660.2904180678,0,29068,4 456 674 894 140 1747 49,0.5 0.9579646017699115 0.34826589595375723 0.961038961038961 0.8492063492063492 0.0812807881773399 0.7899159663865546,600326.6814563365,0,29220,4 457 682 896 133 1735 51,0.5 0.9601769911504425 0.3598265895953757 0.9636363636363636 0.7936507936507936 0.05172413793103448 0.8067226890756303,600660.2904180678,0,29068,4 457 682 886 143 1784 46,0.5 0.9601769911504425 0.3598265895953757 0.9506493506493506 0.873015873015873 0.1724137931034483 0.7647058823529411,600656.4047927624,0,29074,4 452 665 885 136 1716 51,0.5 0.9491150442477876 0.3352601156069364 0.9493506493506494 0.8174603174603174 0.0049261083743842365 0.8067226890756303,599296.0582457177,0,29434,4 457 682 896 133 1735 51,0.5 0.9601769911504425 0.3598265895953757 0.9636363636363636 0.7936507936507936 0.05172413793103448 0.8067226890756303,600660.2904180678,0,29068,4 452 665 885 136 1716 51,0.5 0.9491150442477876 0.3352601156069364 0.9493506493506494 0.8174603174603174 0.0049261083743842365 0.8067226890756303,599296.0582457177,0,29434,4 457 673 862 142 1730 47,0.5 0.9601769911504425 0.3468208092485549 0.9194805194805195 0.8650793650793651 0.03940886699507389 0.773109243697479,600493.0628614319,0,29145,4 452 665 885 136 1714 51,0.5 0.9491150442477876 0.3352601156069364 0.9493506493506494 0.8174603174603174 0.0 0.8067226890756303,599296.0089846338,0,29435,4 457 682 896 133 1735 52,0.5 0.9601769911504425 0.3598265895953757 0.9636363636363636 0.7936507936507936 0.05172413793103448 0.8151260504201681,600660.2988214291,0,29067,7 449 631 822 113 1849 62,1.0 0.9424778761061947 0.2861271676300578 0.8675324675324675 0.6349206349206349 0.33251231527093594 0.8991596638655462,1098044.3081007611,0,24582,4 457 673 861 142 1726 45,0.5 0.9601769911504425 0.3468208092485549 0.9181818181818182 0.8650793650793651 0.029556650246305417 0.7563025210084033,600491.648831243,0,29152,4 457 672 889 138 1736 49,0.5 0.9601769911504425 0.3453757225433526 0.9545454545454546 0.8333333333333334 0.054187192118226604 0.7899159663865546,600510.6669162441,0,29184
resolved-c28d-3600-2nd/nsp-n50-d28-r0.10-rp2-fp2-s3,0 2 128 2440 5 2013 -140,0.0 0.0 0.0 1.0 0.0 0.0 0.0,1000.0,0,5860,0 2 2220 1012 309 8604 -23,0.0 0.0 0.723625043237634 0.14182692307692307 0.632016632016632 0.8876767676767677 0.7358490566037735,7450.891635388298,0,35110,0 2 2578 1058 353 9345 -11,0.0 0.0 0.847457627118644 0.16947115384615385 0.7234927234927235 0.9874747474747475 0.8113207547169812,8727.082765611332,0,34298,0 2 2532 808 486 8737 -4,0.0 0.0 0.8315461777931512 0.019230769230769232 1.0 0.9055892255892256 0.8553459119496856,8444.603785330124,0,38600,0 2 2422 784 414 8619 19,0.0 0.0 0.7934970598408855 0.004807692307692308 0.8503118503118503 0.8896969696969697 1.0,8034.706445444702,0,39485,0 2 3019 1054 341 9433 5,0.0 0.0 1.0 0.16706730769230768 0.6985446985446986 0.9993265993265993 0.9119496855345912,10247.826993225579,0,33431,0 2 2910 992 295 9340 8,0.0 0.0 0.9622967831200276 0.12980769230769232 0.6029106029106029 0.9868013468013468 0.9308176100628931,9823.865414877106,0,36288,0 2 2932 997 321 9328 12,0.0 0.0 0.9699066067104808 0.1328125 0.656964656964657 0.9851851851851852 0.9559748427672956,9908.382859495892,0,35684,0 2 3019 1059 341 9438 6,0.0 0.0 1.0 0.1700721153846154 0.6985446985446986 1.0 0.9182389937106918,10250.844824232796,0,33393,0 2 2272 879 356 8229 -23,0.0 0.0 0.7416118989968868 0.061899038461538464 0.7297297297297297 0.8371717171717171 0.7358490566037735,7560.098567631701,0,40550,0 2 2936 1010 322 9329 15,0.0 0.0 0.9712902109996541 0.140625 0.659043659043659 0.9853198653198654 0.9748427672955975,9930.259517321401,0,35625,0 2 2532 807 486 8728 0,0.0 0.0 0.8315461777931512 0.018629807692307692 1.0 0.9043771043771044 0.8805031446540881,8444.015859812245,0,38627,0 2 2707 894 278 9243 -4,0.0 0.0 0.8920788654444829 0.07091346153846154 0.5675675675675675 0.9737373737373738 0.8553459119496856,9059.05159238937,0,37830,0 2 2243 907 354 8297 -20,0.0 0.0 0.7315807679003805 0.07872596153846154 0.7255717255717256 0.8463299663299664 0.7547169811320755,7476.308829743871,0,40854,0 2 2226 860 338 8222 -11,0.0 0.0 0.725700449671394 0.05048076923076923 0.6923076923076923 0.8362289562289562 0.8113207547169812,7385.889645492485,0,41544,0 2 2242 904 333 8275 -9,0.0 0.0 0.7312348668280871 0.07692307692307693 0.681912681912682 0.8433670033670033 0.8238993710691824,7466.720582799956,0,40922,0 2 2427 776 415 8632 12,0.0 0.0 0.7952265652023521 0.0 0.8523908523908524 0.8914478114478115 0.9559748427672956,8047.375190219852,0,39250,0 2 2681 839 477 8834 -9,0.0 0.0 0.8830854375648565 0.03786057692307692 0.9812889812889813 0.9186531986531986 0.8238993710691824,8976.85428205814,0,38276,0 2 2399 863 420 8609 -3,0.0 0.0 0.7855413351781391 0.05228365384615385 0.8627858627858628 0.8883501683501683 0.8616352201257862,8003.720728809758,0,39786
resolved-c28d-3600-2nd/nsp-n30-d28-r0.10-rp2-fp2-s2,0 0 0 0 0 89 -149,0.0 0.0 0.0 0.0 0.0 0.0 0.3854166666666667,0.3854166666666667,0,532,0 0 0 0 0 91 -186,0.0 0.0 0.0 0.0 0.0 0.03278688524590164 0.0,0.3278688524590164,0,443,0 0 0 0 0 91 -150,0.0 0.0 0.0 0.0 0.0 0.03278688524590164 0.375,0.7028688524590164,0,426,0 0 0 0 0 145 -90,0.0 0.0 0.0 0.0 0.0 0.9180327868852459 1.0,10.180327868852459,0,147,0 0 0 0 0 145 -90,0.0 0.0 0.0 0.0 0.0 0.9180327868852459 1.0,10.180327868852459,0,147,0 0 0 0 0 145 -90,0.0 0.0 0.0 0.0 0.0 0.9180327868852459 1.0,10.180327868852459,0,147,0 0 0 0 0 145 -90,0.0 0.0 0.0 0.0 0.0 0.9180327868852459 1.0,10.180327868852459,0,147,0 0 0 0 0 145 -90,0.0 0.0 0.0 0.0 0.0 0.9180327868852459 1.0,10.180327868852459,0,147,0 0 0 0 0 145 -90,0.0 0.0 0.0 0.0 0.0 0.9180327868852459 1.0,10.180327868852459,0,147,0 0 0 0 0 150 -96,0.0 0.0 0.0 0.0 0.0 1.0 0.9375,10.9375,0,145,0 0 0 0 0 145 -90,0.0 0.0 0.0 0.0 0.0 0.9180327868852459 1.0,10.180327868852459,0,147,0 0 0 0 0 145 -90,0.0 0.0 0.0 0.0 0.0 0.9180327868852459 1.0,10.180327868852459,0,147,0 0 0 0 0 145 -90,0.0 0.0 0.0 0.0 0.0 0.9180327868852459 1.0,10.180327868852459,0,147,0 0 0 0 0 145 -90,0.0 0.0 0.0 0.0 0.0 0.9180327868852459 1.0,10.180327868852459,0,147,0 0 0 0 0 145 -90,0.0 0.0 0.0 0.0 0.0 0.9180327868852459 1.0,10.180327868852459,0,147,0 0 0 0 0 145 -90,0.0 0.0 0.0 0.0 0.0 0.9180327868852459 1.0,10.180327868852459,0,147,0 0 0 0 0 145 -90,0.0 0.0 0.0 0.0 0.0 0.9180327868852459 1.0,10.180327868852459,0,147,0 0 0 0 0 145 -90,0.0 0.0 0.0 0.0 0.0 0.9180327868852459 1.0,10.180327868852459,0,147,0 0 0 0 0 145 -90,0.0 0.0 0.0 0.0 0.0 0.9180327868852459 1.0,10.180327868852459,0,147
resolved-c28d-3600-2nd/nsp-n10-d28-r0.10-rp0-fp0-s2,0 0 0 0 0 67 -45,0.0 0.0 0.0 0.0 0.0 0.0 0.07692307692307693,0.07692307692307693,0,295,0 0 0 0 0 73 -46,0.0 0.0 0.0 0.0 0.0 0.5 0.038461538461538464,5.038461538461538,0,268,0 0 0 0 0 69 -47,0.0 0.0 0.0 0.0 0.0 0.16666666666666666 0.0,1.6666666666666665,0,266,0 0 0 0 0 79 -22,0.0 0.0 0.0 0.0 0.0 1.0 0.9615384615384616,10.961538461538462,0,168,0 0 0 0 0 79 -21,0.0 0.0 0.0 0.0 0.0 1.0 1.0,11.0,0,167,0 0 0 0 0 79 -21,0.0 0.0 0.0 0.0 0.0 1.0 1.0,11.0,0,167,0 0 0 0 0 79 -22,0.0 0.0 0.0 0.0 0.0 1.0 0.9615384615384616,10.961538461538462,0,168,0 0 0 0 0 79 -22,0.0 0.0 0.0 0.0 0.0 1.0 0.9615384615384616,10.961538461538462,0,168,0 0 0 0 0 79 -21,0.0 0.0 0.0 0.0 0.0 1.0 1.0,11.0,0,167,0 0 0 0 0 79 -21,0.0 0.0 0.0 0.0 0.0 1.0 1.0,11.0,0,167,0 0 0 0 0 79 -21,0.0 0.0 0.0 0.0 0.0 1.0 1.0,11.0,0,167,0 0 0 0 0 79 -21,0.0 0.0 0.0 0.0 0.0 1.0 1.0,11.0,0,167,0 0 0 0 0 79 -21,0.0 0.0 0.0 0.0 0.0 1.0 1.0,11.0,0,167,0 0 0 0 0 79 -21,0.0 0.0 0.0 0.0 0.0 1.0 1.0,11.0,0,167,0 0 0 0 0 79 -21,0.0 0.0 0.0 0.0 0.0 1.0 1.0,11.0,0,167,0 0 0 0 0 79 -21,0.0 0.0 0.0 0.0 0.0 1.0 1.0,11.0,0,167,0 0 0 0 0 79 -21,0.0 0.0 0.0 0.0 0.0 1.0 1.0,11.0,0,167,0 0 0 0 0 79 -21,0.0 0.0 0.0 0.0 0.0 1.0 1.0,11.0,0,167,0 0 0 0 0 79 -22,0.0 0.0 0.0 0.0 0.0 1.0 0.9615384615384616,10.961538461538462,0,168
resolved-c28d-3600-2nd/nsp-n10-d28-r0.10-rp0-fp0-s3,0 0 0 0 0 74 -40,0.0 0.0 0.0 0.0 0.0 0.15789473684210525 0.0,1.5789473684210527,0,212,0 0 0 0 0 71 -36,0.0 0.0 0.0 0.0 0.0 0.0 0.5,0.5,0,199,0 0 0 0 0 72 -36,0.0 0.0 0.0 0.0 0.0 0.05263157894736842 0.5,1.026315789473684,0,157,0 0 0 0 0 89 -32,0.0 0.0 0.0 0.0 0.0 0.9473684210526315 1.0,10.473684210526315,0,197,0 0 0 0 0 89 -33,0.0 0.0 0.0 0.0 0.0 0.9473684210526315 0.875,10.348684210526315,0,198,0 0 0 0 0 89 -32,0.0 0.0 0.0 0.0 0.0 0.9473684210526315 1.0,10.473684210526315,0,197,0 0 0 0 0 89 -32,0.0 0.0 0.0 0.0 0.0 0.9473684210526315 1.0,10.473684210526315,0,197,0 0 0 0 0 90 -33,0.0 0.0 0.0 0.0 0.0 1.0 0.875,10.875,0,196,0 0 0 0 0 90 -33,0.0 0.0 0.0 0.0 0.0 1.0 0.875,10.875,0,196,0 0 0 0 0 89 -32,0.0 0.0 0.0 0.0 0.0 0.9473684210526315 1.0,10.473684210526315,0,197,0 0 0 0 0 89 -32,0.0 0.0 0.0 0.0 0.0 0.9473684210526315 1.0,10.473684210526315,0,197,0 0 0 0 0 89 -32,0.0 0.0 0.0 0.0 0.0 0.9473684210526315 1.0,10.473684210526315,0,197,0 0 0 0 0 89 -32,0.0 0.0 0.0 0.0 0.0 0.9473684210526315 1.0,10.473684210526315,0,197,0 0 0 0 0 89 -33,0.0 0.0 0.0 0.0 0.0 0.9473684210526315 0.875,10.348684210526315,0,198,0 0 0 0 0 89 -33,0.0 0.0 0.0 0.0 0.0 0.9473684210526315 0.875,10.348684210526315,0,198,0 0 0 0 0 89 -32,0.0 0.0 0.0 0.0 0.0 0.9473684210526315 1.0,10.473684210526315,0,197,0 0 0 0 0 89 -32,0.0 0.0 0.0 0.0 0.0 0.9473684210526315 1.0,10.473684210526315,0,197,0 0 0 0 0 89 -33,0.0 0.0 0.0 0.0 0.0 0.9473684210526315 0.875,10.348684210526315,0,198,0 0 0 0 0 89 -33,0.0 0.0 0.0 0.0 0.0 0.9473684210526315 0.875,10.348684210526315,0,198
resolved-c28d-3600-2nd/nsp-n20-d28-r0.10-rp2-fp2-s6,0 0 2 7 0 62 -91,0.0 0.0 0.0 1.0 0.0 0.0 0.2916666666666667,1000.2916666666666,0,31423,0 0 2 6 0 66 -105,0.0 0.0 0.0 0.0 0.0 0.13793103448275862 0.0,1.3793103448275863,0,31669,0 0 2 6 0 68 -72,0.0 0.0 0.0 0.0 0.0 0.20689655172413793 0.6875,2.7564655172413794,0,31631,0 0 2 6 0 81 -58,0.0 0.0 0.0 0.0 0.0 0.6551724137931034 0.9791666666666666,7.530890804597701,0,24738,0 0 2 6 0 91 -62,0.0 0.0 0.0 0.0 0.0 1.0 0.8958333333333334,10.895833333333334,0,24726,0 0 2 6 0 81 -59,0.0 0.0 0.0 0.0 0.0 0.6551724137931034 0.9583333333333334,7.510057471264367,0,24739,0 0 2 6 0 81 -59,0.0 0.0 0.0 0.0 0.0 0.6551724137931034 0.9583333333333334,7.510057471264367,0,24739,0 0 2 6 0 81 -58,0.0 0.0 0.0 0.0 0.0 0.6551724137931034 0.9791666666666666,7.530890804597701,0,24738,0 0 2 6 0 81 -57,0.0 0.0 0.0 0.0 0.0 0.6551724137931034 1.0,7.551724137931034,0,24737,0 0 2 6 0 81 -60,0.0 0.0 0.0 0.0 0.0 0.6551724137931034 0.9375,7.489224137931034,0,24740,0 0 2 6 0 81 -57,0.0 0.0 0.0 0.0 0.0 0.6551724137931034 1.0,7.551724137931034,0,24737,0 0 2 6 0 81 -60,0.0 0.0 0.0 0.0 0.0 0.6551724137931034 0.9375,7.489224137931034,0,24740,0 0 2 6 0 81 -58,0.0 0.0 0.0 0.0 0.0 0.6551724137931034 0.9791666666666666,7.530890804597701,0,24738,0 0 2 6 0 81 -60,0.0 0.0 0.0 0.0 0.0 0.6551724137931034 0.9375,7.489224137931034,0,24740,0 0 2 6 0 81 -60,0.0 0.0 0.0 0.0 0.0 0.6551724137931034 0.9375,7.489224137931034,0,24740,0 0 2 6 0 81 -58,0.0 0.0 0.0 0.0 0.0 0.6551724137931034 0.9791666666666666,7.530890804597701,0,24738,0 0 2 6 0 81 -60,0.0 0.0 0.0 0.0 0.0 0.6551724137931034 0.9375,7.489224137931034,0,24740,0 0 2 6 0 81 -60,0.0 0.0 0.0 0.0 0.0 0.6551724137931034 0.9375,7.489224137931034,0,24740,0 0 2 6 0 81 -60,0.0 0.0 0.0 0.0 0.0 0.6551724137931034 0.9375,7.489224137931034,0,24740
resolved-c28d-3600-2nd/nsp-n30-d28-r0.10-rp2-fp2-s8,0 0 2 5 0 325 -63,0.0 0.0 0.0 0.23076923076923078 0.0 0.5526315789473685 0.8411214953271028,237.13666805403156,0,24437,0 0 2 15 1 461 -46,0.0 0.0 0.0 1.0 1.0 1.0 1.0,1111.0,0,24173,0 0 2 2 0 166 -96,0.0 0.0 0.0 0.0 0.0 0.029605263157894735 0.5327102803738317,0.8287629119527791,0,24674,0 0 2 2 0 157 -106,0.0 0.0 0.0 0.0 0.0 0.0 0.4392523364485981,0.4392523364485981,0,20213,0 0 2 2 0 157 -105,0.0 0.0 0.0 0.0 0.0 0.0 0.4485981308411215,0.4485981308411215,0,20212,0 0 2 2 0 157 -106,0.0 0.0 0.0 0.0 0.0 0.0 0.4392523364485981,0.4392523364485981,0,20213,0 0 2 2 0 157 -106,0.0 0.0 0.0 0.0 0.0 0.0 0.4392523364485981,0.4392523364485981,0,20213,0 0 2 2 0 157 -106,0.0 0.0 0.0 0.0 0.0 0.0 0.4392523364485981,0.4392523364485981,0,20213,0 0 2 2 0 157 -106,0.0 0.0 0.0 0.0 0.0 0.0 0.4392523364485981,0.4392523364485981,0,20213,0 0 2 2 0 169 -153,0.0 0.0 0.0 0.0 0.0 0.039473684210526314 0.0,0.39473684210526316,0,20203,0 0 2 2 0 157 -105,0.0 0.0 0.0 0.0 0.0 0.0 0.4485981308411215,0.4485981308411215,0,20212,0 0 2 2 0 157 -106,0.0 0.0 0.0 0.0 0.0 0.0 0.4392523364485981,0.4392523364485981,0,20213,0 0 2 2 0 157 -106,0.0 0.0 0.0 0.0 0.0 0.0 0.4392523364485981,0.4392523364485981,0,20213,0 0 2 2 0 157 -106,0.0 0.0 0.0 0.0 0.0 0.0 0.4392523364485981,0.4392523364485981,0,20213,0 0 2 2 0 169 -153,0.0 0.0 0.0 0.0 0.0 0.039473684210526314 0.0,0.39473684210526316,0,20203,0 0 2 2 0 157 -106,0.0 0.0 0.0 0.0 0.0 0.0 0.4392523364485981,0.4392523364485981,0,20213,0 0 2 2 0 157 -106,0.0 0.0 0.0 0.0 0.0 0.0 0.4392523364485981,0.4392523364485981,0,20213,0 0 2 2 0 157 -106,0.0 0.0 0.0 0.0 0.0 0.0 0.4392523364485981,0.4392523364485981,0,20213,0 0 2 2 0 157 -106,0.0 0.0 0.0 0.0 0.0 0.0 0.4392523364485981,0.4392523364485981,0,20213
resolved-c28d-3600-2nd/nsp-n20-d28-r0.10-rp2-fp2-s9,0 0 0 0 0 54 -68,0.0 0.0 0.0 0.0 0.0 0.125 0.0,1.25,0,343,0 0 0 0 0 54 -66,0.0 0.0 0.0 0.0 0.0 0.125 0.07407407407407407,1.324074074074074,0,299,0 0 0 0 0 51 -68,0.0 0.0 0.0 0.0 0.0 0.0 0.0,0.0,0,282,0 0 0 0 0 75 -41,0.0 0.0 0.0 0.0 0.0 1.0 1.0,11.0,0,100,0 0 0 0 0 75 -41,0.0 0.0 0.0 0.0 0.0 1.0 1.0,11.0,0,100,0 0 0 0 0 75 -41,0.0 0.0 0.0 0.0 0.0 1.0 1.0,11.0,0,100,0 0 0 0 0 75 -41,0.0 0.0 0.0 0.0 0.0 1.0 1.0,11.0,0,100,0 0 0 0 0 75 -41,0.0 0.0 0.0 0.0 0.0 1.0 1.0,11.0,0,100,0 0 0 0 0 75 -41,0.0 0.0 0.0 0.0 0.0 1.0 1.0,11.0,0,100,0 0 0 0 0 75 -41,0.0 0.0 0.0 0.0 0.0 1.0 1.0,11.0,0,100,0 0 0 0 0 75 -41,0.0 0.0 0.0 0.0 0.0 1.0 1.0,11.0,0,100,0 0 0 0 0 75 -41,0.0 0.0 0.0 0.0 0.0 1.0 1.0,11.0,0,100,0 0 0 0 0 75 -41,0.0 0.0 0.0 0.0 0.0 1.0 1.0,11.0,0,100,0 0 0 0 0 75 -41,0.0 0.0 0.0 0.0 0.0 1.0 1.0,11.0,0,100,0 0 0 0 0 75 -41,0.0 0.0 0.0 0.0 0.0 1.0 1.0,11.0,0,100,0 0 0 0 0 75 -41,0.0 0.0 0.0 0.0 0.0 1.0 1.0,11.0,0,100,0 0 0 0 0 75 -41,0.0 0.0 0.0 0.0 0.0 1.0 1.0,11.0,0,100,0 0 0 0 0 75 -41,0.0 0.0 0.0 0.0 0.0 1.0 1.0,11.0,0,100,0 0 0 0 0 75 -41,0.0 0.0 0.0 0.0 0.0 1.0 1.0,11.0,0,100
resolved-c28d-3600-2nd/nsp-n50-d28-r0.10-rp2-fp2-s5,0 0 95 979 5 1483 -51,0.0 0.0 1.0 1.0 0.45454545454545453 0.8380480905233381 0.5740740740740741,11054.409100433853,0,4303,0 0 2 0 0 298 -175,0.0 0.0 0.0 0.0 0.0 0.0 0.0,0.0,0,7448,0 0 2 0 0 422 -158,0.0 0.0 0.0 0.0 0.0 0.0876944837340877 0.0787037037037037,0.9556485410445807,0,7281,0 0 2 0 0 450 -148,0.0 0.0 0.0 0.0 0.0 0.1074964639321075 0.125,1.199964639321075,0,12397,0 0 2 0 0 450 -148,0.0 0.0 0.0 0.0 0.0 0.1074964639321075 0.125,1.199964639321075,0,12397,0 0 2 0 0 450 -148,0.0 0.0 0.0 0.0 0.0 0.1074964639321075 0.125,1.199964639321075,0,12397,0 0 2 0 0 455 -131,0.0 0.0 0.0 0.0 0.0 0.11103253182461104 0.2037037037037037,1.314029021949814,0,12392,0 0 2 0 0 450 -148,0.0 0.0 0.0 0.0 0.0 0.1074964639321075 0.125,1.199964639321075,0,12397,0 0 2 0 0 450 -148,0.0 0.0 0.0 0.0 0.0 0.1074964639321075 0.125,1.199964639321075,0,12397,0 0 2 0 0 450 -148,0.0 0.0 0.0 0.0 0.0 0.1074964639321075 0.125,1.199964639321075,0,12397,0 0 2 0 0 455 -131,0.0 0.0 0.0 0.0 0.0 0.11103253182461104 0.2037037037037037,1.314029021949814,0,12392,0 0 2 0 0 450 -148,0.0 0.0 0.0 0.0 0.0 0.1074964639321075 0.125,1.199964639321075,0,12397,0 0 2 0 0 450 -148,0.0 0.0 0.0 0.0 0.0 0.1074964639321075 0.125,1.199964639321075,0,12397,0 0 2 221 11 1712 41,0.0 0.0 0.0 0.2257405515832482 1.0 1.0 1.0,336.74055158324825,0,10924,0 0 2 0 0 450 -148,0.0 0.0 0.0 0.0 0.0 0.1074964639321075 0.125,1.199964639321075,0,12397,0 0 2 0 0 450 -148,0.0 0.0 0.0 0.0 0.0 0.1074964639321075 0.125,1.199964639321075,0,12397,0 0 2 0 0 455 -131,0.0 0.0 0.0 0.0 0.0 0.11103253182461104 0.2037037037037037,1.314029021949814,0,12392,0 0 2 0 0 450 -148,0.0 0.0 0.0 0.0 0.0 0.1074964639321075 0.125,1.199964639321075,0,12397,0 0 2 0 0 450 -148,0.0 0.0 0.0 0.0 0.0 0.1074964639321075 0.125,1.199964639321075,0,12397
resolved-c28d-3600-2nd/nsp-n50-d28-r0.10-rp2-fp2-s2,0 3 26 42 1 787 -49,0.0 0.0 1.0 0.1453287197231834 0.0196078431372549 0.21888888888888888 0.33793103448275863,10149.81632396028,0,5572,0 3 3 0 0 513 -75,0.0 0.0 0.0 0.0 0.0 0.06666666666666667 0.15862068965517243,0.825287356321839,0,21988,0 3 3 0 0 393 -75,0.0 0.0 0.0 0.0 0.0 0.0 0.15862068965517243,0.15862068965517243,0,22316,0 3 3 0 0 518 -79,0.0 0.0 0.0 0.0 0.0 0.06944444444444445 0.1310344827586207,0.8254789272030651,0,24781,0 3 3 0 0 538 -89,0.0 0.0 0.0 0.0 0.0 0.08055555555555556 0.06206896551724138,0.867624521072797,0,24733,0 3 19 289 51 2193 47,0.0 0.0 0.6956521739130435 1.0 1.0 1.0 1.0,8067.521739130435,0,20007,0 3 3 0 0 518 -80,0.0 0.0 0.0 0.0 0.0 0.06944444444444445 0.12413793103448276,0.8185823754789272,0,24782,0 3 3 0 0 518 -78,0.0 0.0 0.0 0.0 0.0 0.06944444444444445 0.13793103448275862,0.8323754789272031,0,24780,0 3 3 0 0 518 -79,0.0 0.0 0.0 0.0 0.0 0.06944444444444445 0.1310344827586207,0.8254789272030651,0,24781,0 3 3 0 0 675 -74,0.0 0.0 0.0 0.0 0.0 0.15666666666666668 0.16551724137931034,1.732183908045977,0,24662,0 3 3 4 0 881 -36,0.0 0.0 0.0 0.01384083044982699 0.0 0.27111111111111114 0.42758620689655175,16.979527767834654,0,24121,0 3 3 0 0 518 -80,0.0 0.0 0.0 0.0 0.0 0.06944444444444445 0.12413793103448276,0.8185823754789272,0,24782,0 3 3 2 0 745 -66,0.0 0.0 0.0 0.006920415224913495 0.0 0.19555555555555557 0.2206896551724138,9.096660435641464,0,24323,0 3 3 0 0 518 -80,0.0 0.0 0.0 0.0 0.0 0.06944444444444445 0.12413793103448276,0.8185823754789272,0,24782,0 3 3 0 0 512 -98,0.0 0.0 0.0 0.0 0.0 0.0661111111111111 0.0,0.6611111111111111,0,24816,0 3 3 0 0 489 -88,0.0 0.0 0.0 0.0 0.0 0.05333333333333334 0.06896551724137931,0.6022988505747127,0,24864,0 3 3 0 0 518 -79,0.0 0.0 0.0 0.0 0.0 0.06944444444444445 0.1310344827586207,0.8254789272030651,0,24781,0 3 3 0 0 538 -89,0.0 0.0 0.0 0.0 0.0 0.08055555555555556 0.06206896551724138,0.867624521072797,0,24733,0 3 3 0 0 489 -88,0.0 0.0 0.0 0.0 0.0 0.05333333333333334 0.06896551724137931,0.6022988505747127,0,24864
resolved-c28d-3600-2nd/nsp-n20-d28-r0.10-rp2-fp2-s8,0 10 93 127 20 706 20,0.0 1.0 0.0 0.0 0.0 0.0 0.0,100000.0,0,37785,0 1 105 164 47 1388 34,0.0 0.0 0.06417112299465241 0.2781954887218045 0.26732673267326734 0.7301927194860813 0.45161290322580644,954.392932033742,0,61582,0 1 125 177 69 1527 40,0.0 0.0 0.1711229946524064 0.37593984962406013 0.48514851485148514 0.8790149892933619 0.6451612903225806,2145.1199588165287,0,60508,0 1 160 199 61 1440 51,0.0 0.0 0.3582887700534759 0.5413533834586466 0.40594059405940597 0.7858672376873662 1.0,4173.693815776221,0,52202,0 1 194 235 80 1478 33,0.0 0.0 0.5401069518716578 0.8120300751879699 0.594059405940594 0.8265524625267666 0.41935483870967744,6281.190413962585,0,50767,0 1 141 183 57 1408 49,0.0 0.0 0.25668449197860965 0.42105263157894735 0.36633663366336633 0.7516059957173448 0.9354838709677419,3032.9827585595217,0,53178,0 1 140 165 54 1438 34,0.0 0.0 0.25133689839572193 0.2857142857142857 0.33663366336633666 0.7837259100642399 0.45161290322580644,2841.035508012007,0,53537,0 1 167 222 65 1474 48,0.0 0.0 0.39572192513368987 0.7142857142857143 0.44554455445544555 0.8222698072805139 0.9032258064516129,4725.185344947415,0,51766,0 1 143 195 60 1429 45,0.0 0.0 0.26737967914438504 0.5112781954887218 0.39603960396039606 0.7740899357601713 0.8064516129032258,3233.226298299117,0,52901,0 1 131 145 46 1406 47,0.0 0.0 0.20320855614973263 0.13533834586466165 0.25742574257425743 0.7494646680942184 0.8709677419354839,2201.5320960422914,0,54280,0 1 233 260 101 1570 43,0.0 0.0 0.7486631016042781 1.0 0.801980198019802 0.9250535331905781 0.7419354838709677,8576.821506660539,0,49213,0 1 166 212 63 1469 48,0.0 0.0 0.39037433155080214 0.6390977443609023 0.42574257425742573 0.816916488222698 0.9032258064516129,4594.487707983345,0,51792,0 1 188 221 82 1473 38,0.0 0.0 0.5080213903743316 0.706766917293233 0.6138613861386139 0.8211991434689507 0.5806451612903226,5857.159596246391,0,50854,0 1 166 209 59 1456 48,0.0 0.0 0.39037433155080214 0.6165413533834586 0.38613861386138615 0.8029978586723768 0.9032258064516129,4567.8317346707945,0,51811,0 1 164 201 58 1461 47,0.0 0.0 0.37967914438502676 0.556390977443609 0.37623762376237624 0.8083511777301927 0.8709677419354839,4399.760663189351,0,51958,0 1 208 236 81 1480 40,0.0 0.0 0.6149732620320856 0.8195488721804511 0.6039603960396039 0.828693790149893 0.6451612903225806,7038.6096312970885,0,50308,0 2 280 253 121 1640 36,0.0 0.1111111111111111 1.0 0.9473684210526315 1.0 1.0 0.5161290322580645,22168.995661196,0,47134,0 1 184 216 86 1509 37,0.0 0.0 0.48663101604278075 0.6691729323308271 0.6534653465346535 0.8597430406852249 0.5483870967741935,5609.975444915726,0,51111,0 1 177 225 68 1527 41,0.0 0.0 0.44919786096256686 0.7368421052631579 0.4752475247524752 0.8790149892933619 0.6774193548387096,5285.813036611846,0,51428
resolved-c28d-3600-2nd/nsp-n40-d28-r0.10-rp2-fp2-s7,0 1 0 0 0 141 -181,0.0 0.0 0.0 0.0 0.0 0.0 0.0,0.0,0,21511,0 1 0 1 0 172 -115,0.0 0.0 0.0 1.0 0.0 0.2743362831858407 0.868421052631579,1003.61178388449,0,21349,0 1 0 0 0 158 -124,0.0 0.0 0.0 0.0 0.0 0.1504424778761062 0.75,2.254424778761062,0,21133,0 1 0 0 0 254 -106,0.0 0.0 0.0 0.0 0.0 1.0 0.9868421052631579,10.986842105263158,0,18017,0 1 0 0 0 254 -107,0.0 0.0 0.0 0.0 0.0 1.0 0.9736842105263158,10.973684210526315,0,18018,0 1 0 0 0 254 -105,0.0 0.0 0.0 0.0 0.0 1.0 1.0,11.0,0,18016,0 1 0 0 0 254 -106,0.0 0.0 0.0 0.0 0.0 1.0 0.9868421052631579,10.986842105263158,0,18017,0 1 0 0 0 254 -107,0.0 0.0 0.0 0.0 0.0 1.0 0.9736842105263158,10.973684210526315,0,18018,0 1 0 0 0 254 -107,0.0 0.0 0.0 0.0 0.0 1.0 0.9736842105263158,10.973684210526315,0,18018,0 1 0 0 0 254 -107,0.0 0.0 0.0 0.0 0.0 1.0 0.9736842105263158,10.973684210526315,0,18018,0 1 0 0 0 254 -105,0.0 0.0 0.0 0.0 0.0 1.0 1.0,11.0,0,18016,0 1 0 0 0 254 -105,0.0 0.0 0.0 0.0 0.0 1.0 1.0,11.0,0,18016,0 1 0 0 0 254 -107,0.0 0.0 0.0 0.0 0.0 1.0 0.9736842105263158,10.973684210526315,0,18018,0 1 0 0 0 254 -106,0.0 0.0 0.0 0.0 0.0 1.0 0.9868421052631579,10.986842105263158,0,18017,0 1 0 0 0 254 -107,0.0 0.0 0.0 0.0 0.0 1.0 0.9736842105263158,10.973684210526315,0,18018,0 1 0 0 0 254 -106,0.0 0.0 0.0 0.0 0.0 1.0 0.9868421052631579,10.986842105263158,0,18017,0 1 0 0 0 254 -106,0.0 0.0 0.0 0.0 0.0 1.0 0.9868421052631579,10.986842105263158,0,18017,0 1 0 0 0 254 -107,0.0 0.0 0.0 0.0 0.0 1.0 0.9736842105263158,10.973684210526315,0,18018,0 1 0 0 0 254 -106,0.0 0.0 0.0 0.0 0.0 1.0 0.9868421052631579,10.986842105263158,0,18017
resolved-c28d-3600-2nd/nsp-n50-d28-r0.10-rp2-fp2-s4,0 2 28 101 2 1015 -92,0.0 0.0 0.032 0.02001585414189457 0.024096385542168676 0.10743501181603345 0.18548387096774194,343.6853266852395,0,4857,0 2 240 5046 9 2691 -84,0.0 0.0 0.2742857142857143 1.0 0.10843373493975904 0.4121068896564261 0.25,3758.0715852476833,0,4512,0 2 875 642 83 5925 9,0.0 0.0 1.0 0.1272294887039239 1.0 1.0 1.0,10238.229488703924,0,35010,0 2 0 0 0 424 -84,0.0 0.0 0.0 0.0 0.0 0.0 0.25,0.25,0,22921,0 2 0 0 0 424 -83,0.0 0.0 0.0 0.0 0.0 0.0 0.25806451612903225,0.25806451612903225,0,22920,0 2 0 0 0 424 -84,0.0 0.0 0.0 0.0 0.0 0.0 0.25,0.25,0,22921,0 2 0 0 0 432 -115,0.0 0.0 0.0 0.0 0.0 0.0014542810398109434 0.0,0.014542810398109434,0,22905,0 2 0 0 0 432 -115,0.0 0.0 0.0 0.0 0.0 0.0014542810398109434 0.0,0.014542810398109434,0,22905,0 2 0 0 0 432 -115,0.0 0.0 0.0 0.0 0.0 0.0014542810398109434 0.0,0.014542810398109434,0,22905,0 2 0 0 0 432 -115,0.0 0.0 0.0 0.0 0.0 0.0014542810398109434 0.0,0.014542810398109434,0,22905,0 2 0 0 0 432 -115,0.0 0.0 0.0 0.0 0.0 0.0014542810398109434 0.0,0.014542810398109434,0,22905,0 2 0 0 0 432 -115,0.0 0.0 0.0 0.0 0.0 0.0014542810398109434 0.0,0.014542810398109434,0,22905,0 2 0 0 0 424 -83,0.0 0.0 0.0 0.0 0.0 0.0 0.25806451612903225,0.25806451612903225,0,22920,0 2 0 0 0 424 -83,0.0 0.0 0.0 0.0 0.0 0.0 0.25806451612903225,0.25806451612903225,0,22920,0 2 0 0 0 432 -115,0.0 0.0 0.0 0.0 0.0 0.0014542810398109434 0.0,0.014542810398109434,0,22905,0 2 0 0 0 424 -84,0.0 0.0 0.0 0.0 0.0 0.0 0.25,0.25,0,22921,0 2 0 0 0 424 -83,0.0 0.0 0.0 0.0 0.0 0.0 0.25806451612903225,0.25806451612903225,0,22920,0 2 0 0 0 432 -115,0.0 0.0 0.0 0.0 0.0 0.0014542810398109434 0.0,0.014542810398109434,0,22905,0 2 0 0 0 424 -84,0.0 0.0 0.0 0.0 0.0 0.0 0.25,0.25,0,22921
resolved-c28d-3600-2nd/nsp-n20-d28-r0.10-rp2-fp2-s1,0 1 1 0 0 65 -71,0.0 0.0 0.0 0.0 0.0 0.0 0.0,0.0,0,13444,0 13 149 201 46 1058 11,0.0 1.0 1.0 1.0 0.8363636363636363 0.8866071428571428 0.7068965517241379,111093.20933161666,0,22686,0 1 87 153 52 1185 33,0.0 0.0 0.581081081081081 0.7611940298507462 0.9454545454545454 1.0 0.896551724137931,6677.446846931149,0,48778,0 1 40 102 23 611 19,0.0 0.0 0.2635135135135135 0.5074626865671642 0.41818181818181815 0.4875 0.7758620689655172,3190.0668655894465,0,60901,0 1 27 78 5 630 45,0.0 0.0 0.17567567567567569 0.3880597014925373 0.09090909090909091 0.5044642857142857 1.0,2159.952010197346,0,62821,0 1 31 89 13 581 24,0.0 0.0 0.20270270270270271 0.4427860696517413 0.23636363636363636 0.4607142857142857 0.8189655172413793,2498.875568689516,0,62292,0 1 26 71 5 597 31,0.0 0.0 0.16891891891891891 0.35323383084577115 0.09090909090909091 0.475 0.8793103448275862,2057.143239470697,0,63006,0 1 21 64 9 531 11,0.0 0.0 0.13513513513513514 0.31840796019900497 0.16363636363636364 0.4160714285714286 0.7068965517241379,1690.9905587514313,0,63791,0 1 21 70 6 532 33,0.0 0.0 0.13513513513513514 0.3482587064676617 0.10909090909090909 0.41696428571428573 0.896551724137931,1715.5853433093848,0,63633,0 1 60 158 55 1037 30,0.0 0.0 0.39864864864864863 0.7860696517412935 1.0 0.8678571428571429 0.8706896551724138,4882.105399311524,0,57814,0 1 27 70 5 616 32,0.0 0.0 0.17567567567567569 0.3482587064676617 0.09090909090909091 0.4919642857142857 0.8879310344827587,2119.9139462069534,0,62922,0 1 21 70 6 543 38,0.0 0.0 0.13513513513513514 0.3482587064676617 0.10909090909090909 0.42678571428571427 0.9396551724137931,1715.726661043375,0,63614,0 1 17 67 15 495 30,0.0 0.0 0.10810810810810811 0.3333333333333333 0.2727272727272727 0.38392857142857145 0.8706896551724138,1446.3971170565997,0,64718,0 1 18 78 18 517 25,0.0 0.0 0.11486486486486487 0.3880597014925373 0.32727272727272727 0.4035714285714286 0.8275862068965517,1574.2989233610697,0,64564,0 1 37 85 19 703 1,0.0 0.0 0.24324324324324326 0.4228855721393035 0.34545454545454546 0.5696428571428571 0.6206896551724138,2896.1805773437914,0,61490,0 1 31 91 17 601 25,0.0 0.0 0.20270270270270271 0.4527363184079602 0.3090909090909091 0.4785714285714286 0.8275862068965517,2516.285736836689,0,62217,0 1 25 83 7 608 36,0.0 0.0 0.16216216216216217 0.4129353233830846 0.12727272727272726 0.48482142857142857 0.9224137931034483,2053.054845810797,0,63123,0 1 31 99 14 586 31,0.0 0.0 0.20270270270270271 0.4925373134328358 0.2545454545454545 0.46517857142857144 0.8793103448275862,2550.5499819735214,0,62098,0 1 22 72 6 584 25,0.0 0.0 0.14189189189189189 0.3582089552238806 0.10909090909090909 0.46339285714285716 0.8275862068965517,1793.4984798302155,0,63491
resolved-c28d-3600-2nd/nsp-n20-d28-r0.10-rp2-fp2-s3,0 0 0 0 0 71 -73,0.0 0.0 0.0 0.0 0.0 0.1 0.28888888888888886,1.2888888888888888,0,404,0 0 0 0 0 73 -86,0.0 0.0 0.0 0.0 0.0 0.16666666666666666 0.0,1.6666666666666665,0,343,0 0 0 0 0 68 -69,0.0 0.0 0.0 0.0 0.0 0.0 0.37777777777777777,0.37777777777777777,0,339,0 0 0 0 0 98 -41,0.0 0.0 0.0 0.0 0.0 1.0 1.0,11.0,0,118,0 0 0 0 0 98 -41,0.0 0.0 0.0 0.0 0.0 1.0 1.0,11.0,0,118,0 0 0 0 0 98 -41,0.0 0.0 0.0 0.0 0.0 1.0 1.0,11.0,0,118,0 0 0 0 0 98 -41,0.0 0.0 0.0 0.0 0.0 1.0 1.0,11.0,0,118,0 0 0 0 0 98 -41,0.0 0.0 0.0 0.0 0.0 1.0 1.0,11.0,0,118,0 0 0 0 0 98 -41,0.0 0.0 0.0 0.0 0.0 1.0 1.0,11.0,0,118,0 0 0 0 0 98 -41,0.0 0.0 0.0 0.0 0.0 1.0 1.0,11.0,0,118,0 0 0 0 0 98 -41,0.0 0.0 0.0 0.0 0.0 1.0 1.0,11.0,0,118,0 0 0 0 0 98 -41,0.0 0.0 0.0 0.0 0.0 1.0 1.0,11.0,0,118,0 0 0 0 0 98 -41,0.0 0.0 0.0 0.0 0.0 1.0 1.0,11.0,0,118,0 0 0 0 0 98 -41,0.0 0.0 0.0 0.0 0.0 1.0 1.0,11.0,0,118,0 0 0 0 0 98 -41,0.0 0.0 0.0 0.0 0.0 1.0 1.0,11.0,0,118,0 0 0 0 0 98 -41,0.0 0.0 0.0 0.0 0.0 1.0 1.0,11.0,0,118,0 0 0 0 0 98 -41,0.0 0.0 0.0 0.0 0.0 1.0 1.0,11.0,0,118,0 0 0 0 0 98 -41,0.0 0.0 0.0 0.0 0.0 1.0 1.0,11.0,0,118,0 0 0 0 0 98 -41,0.0 0.0 0.0 0.0 0.0 1.0 1.0,11.0,0,118
resolved-c28d-3600-2nd/nsp-n30-d28-r0.10-rp2-fp2-s0,0 2 4 11 1 227 -52,0.0 0.0 1.0 1.0 1.0 1.0 1.0,11111.0,0,8533,0 2 2 0 0 123 -86,0.0 0.0 0.0 0.0 0.0 0.0 0.05555555555555555,0.05555555555555555,0,48082,0 2 2 0 0 125 -88,0.0 0.0 0.0 0.0 0.0 0.019230769230769232 0.0,0.19230769230769232,0,48084,0 2 2 0 0 165 -54,0.0 0.0 0.0 0.0 0.0 0.40384615384615385 0.9444444444444444,4.982905982905983,0,46606,0 2 2 0 0 165 -53,0.0 0.0 0.0 0.0 0.0 0.40384615384615385 0.9722222222222222,5.010683760683761,0,46605,0 2 2 0 0 165 -53,0.0 0.0 0.0 0.0 0.0 0.40384615384615385 0.9722222222222222,5.010683760683761,0,46605,0 2 2 0 0 165 -54,0.0 0.0 0.0 0.0 0.0 0.40384615384615385 0.9444444444444444,4.982905982905983,0,46606,0 2 2 0 0 175 -80,0.0 0.0 0.0 0.0 0.0 0.5 0.2222222222222222,5.222222222222222,0,46603,0 2 2 0 0 165 -54,0.0 0.0 0.0 0.0 0.0 0.40384615384615385 0.9444444444444444,4.982905982905983,0,46606,0 2 2 0 0 165 -54,0.0 0.0 0.0 0.0 0.0 0.40384615384615385 0.9444444444444444,4.982905982905983,0,46606,0 2 2 0 0 165 -54,0.0 0.0 0.0 0.0 0.0 0.40384615384615385 0.9444444444444444,4.982905982905983,0,46606,0 2 2 0 0 203 -76,0.0 0.0 0.0 0.0 0.0 0.7692307692307693 0.3333333333333333,8.025641025641026,0,46552,0 2 2 0 0 165 -54,0.0 0.0 0.0 0.0 0.0 0.40384615384615385 0.9444444444444444,4.982905982905983,0,46606,0 2 2 0 0 165 -53,0.0 0.0 0.0 0.0 0.0 0.40384615384615385 0.9722222222222222,5.010683760683761,0,46605,0 2 2 0 0 165 -53,0.0 0.0 0.0 0.0 0.0 0.40384615384615385 0.9722222222222222,5.010683760683761,0,46605,0 2 2 0 0 175 -78,0.0 0.0 0.0 0.0 0.0 0.5 0.2777777777777778,5.277777777777778,0,46601,0 2 2 0 0 165 -54,0.0 0.0 0.0 0.0 0.0 0.40384615384615385 0.9444444444444444,4.982905982905983,0,46606,0 2 2 0 0 165 -53,0.0 0.0 0.0 0.0 0.0 0.40384615384615385 0.9722222222222222,5.010683760683761,0,46605,0 2 2 0 0 165 -54,0.0 0.0 0.0 0.0 0.0 0.40384615384615385 0.9444444444444444,4.982905982905983,0,46606
resolved-c28d-3600-2nd/nsp-n30-d28-r0.10-rp2-fp2-s3,0 2 4 43 0 256 -25,0.0 0.0 1.0 1.0 0.0 1.0 1.0,11011.0,0,4529,0 2 0 2 0 115 -58,0.0 0.0 0.0 0.0 0.0 0.0 0.4107142857142857,0.4107142857142857,0,37487,0 2 0 2 0 121 -36,0.0 0.0 0.0 0.0 0.0 0.0425531914893617 0.8035714285714286,1.2291033434650456,0,37448,0 2 0 2 0 163 -30,0.0 0.0 0.0 0.0 0.0 0.3404255319148936 0.9107142857142857,4.314969604863222,0,47910,0 2 0 2 0 163 -30,0.0 0.0 0.0 0.0 0.0 0.3404255319148936 0.9107142857142857,4.314969604863222,0,47910,0 2 0 2 0 163 -30,0.0 0.0 0.0 0.0 0.0 0.3404255319148936 0.9107142857142857,4.314969604863222,0,47910,0 2 0 2 0 172 -55,0.0 0.0 0.0 0.0 0.0 0.40425531914893614 0.4642857142857143,4.5068389057750755,0,47874,0 2 0 2 0 163 -29,0.0 0.0 0.0 0.0 0.0 0.3404255319148936 0.9285714285714286,4.332826747720365,0,47909,0 2 0 2 0 163 -30,0.0 0.0 0.0 0.0 0.0 0.3404255319148936 0.9107142857142857,4.314969604863222,0,47910,0 2 0 2 0 163 -30,0.0 0.0 0.0 0.0 0.0 0.3404255319148936 0.9107142857142857,4.314969604863222,0,47910,0 2 0 2 0 172 -81,0.0 0.0 0.0 0.0 0.0 0.40425531914893614 0.0,4.042553191489361,0,47880,0 2 0 2 0 163 -27,0.0 0.0 0.0 0.0 0.0 0.3404255319148936 0.9642857142857143,4.36854103343465,0,47907,0 2 0 2 0 163 -29,0.0 0.0 0.0 0.0 0.0 0.3404255319148936 0.9285714285714286,4.332826747720365,0,47909,0 2 0 2 0 163 -28,0.0 0.0 0.0 0.0 0.0 0.3404255319148936 0.9464285714285714,4.350683890577508,0,47908,0 2 0 2 0 163 -29,0.0 0.0 0.0 0.0 0.0 0.3404255319148936 0.9285714285714286,4.332826747720365,0,47909,0 2 0 2 0 163 -30,0.0 0.0 0.0 0.0 0.0 0.3404255319148936 0.9107142857142857,4.314969604863222,0,47910,0 2 0 2 0 163 -29,0.0 0.0 0.0 0.0 0.0 0.3404255319148936 0.9285714285714286,4.332826747720365,0,47909,0 2 0 2 0 163 -29,0.0 0.0 0.0 0.0 0.0 0.3404255319148936 0.9285714285714286,4.332826747720365,0,47909,0 2 0 2 0 163 -29,0.0 0.0 0.0 0.0 0.0 0.3404255319148936 0.9285714285714286,4.332826747720365,0,47909
resolved-c28d-3600-2nd/nsp-n10-d28-r0.10-rp0-fp0-s9,0 0 0 0 0 78 -52,0.0 0.0 0.0 0.0 0.0 0.5882352941176471 0.0,5.882352941176471,0,256,0 0 0 0 0 68 -45,0.0 0.0 0.0 0.0 0.0 0.0 0.5384615384615384,0.5384615384615384,0,289,0 0 0 0 0 68 -45,0.0 0.0 0.0 0.0 0.0 0.0 0.5384615384615384,0.5384615384615384,0,279,0 0 0 0 0 85 -39,0.0 0.0 0.0 0.0 0.0 1.0 1.0,11.0,0,204,0 0 0 0 0 85 -39,0.0 0.0 0.0 0.0 0.0 1.0 1.0,11.0,0,204,0 0 0 0 0 85 -39,0.0 0.0 0.0 0.0 0.0 1.0 1.0,11.0,0,204,0 0 0 0 0 85 -39,0.0 0.0 0.0 0.0 0.0 1.0 1.0,11.0,0,204,0 0 0 0 0 85 -39,0.0 0.0 0.0 0.0 0.0 1.0 1.0,11.0,0,204,0 0 0 0 0 85 -39,0.0 0.0 0.0 0.0 0.0 1.0 1.0,11.0,0,204,0 0 0 0 0 85 -39,0.0 0.0 0.0 0.0 0.0 1.0 1.0,11.0,0,204,0 0 0 0 0 85 -39,0.0 0.0 0.0 0.0 0.0 1.0 1.0,11.0,0,204,0 0 0 0 0 85 -39,0.0 0.0 0.0 0.0 0.0 1.0 1.0,11.0,0,204,0 0 0 0 0 85 -39,0.0 0.0 0.0 0.0 0.0 1.0 1.0,11.0,0,204,0 0 0 0 0 85 -39,0.0 0.0 0.0 0.0 0.0 1.0 1.0,11.0,0,204,0 0 0 0 0 85 -39,0.0 0.0 0.0 0.0 0.0 1.0 1.0,11.0,0,204,0 0 0 0 0 85 -39,0.0 0.0 0.0 0.0 0.0 1.0 1.0,11.0,0,204,0 0 0 0 0 85 -39,0.0 0.0 0.0 0.0 0.0 1.0 1.0,11.0,0,204,0 0 0 0 0 85 -39,0.0 0.0 0.0 0.0 0.0 1.0 1.0,11.0,0,204,0 0 0 0 0 85 -39,0.0 0.0 0.0 0.0 0.0 1.0 1.0,11.0,0,204
resolved-c28d-3600-2nd/nsp-n50-d28-r0.10-rp2-fp2-s1,0 0 172 3039 6 2118 -96,0.0 0.0 1.0 1.0 1.0 1.0 0.4066666666666667,11110.406666666666,0,4564,0 0 2 2 0 285 -157,0.0 0.0 0.0 0.0 0.0 0.0 0.0,0.0,0,7605,0 0 2 2 0 318 -135,0.0 0.0 0.0 0.0 0.0 0.01800327332242226 0.14666666666666667,0.32669939989088925,0,7562,0 0 2 2 0 467 -124,0.0 0.0 0.0 0.0 0.0 0.09929078014184398 0.22,1.2129078014184398,0,8535,0 0 2 2 0 467 -124,0.0 0.0 0.0 0.0 0.0 0.09929078014184398 0.22,1.2129078014184398,0,8535,0 0 2 2 0 467 -124,0.0 0.0 0.0 0.0 0.0 0.09929078014184398 0.22,1.2129078014184398,0,8535,0 0 2 27 1 1509 -7,0.0 0.0 0.0 0.008231807704972012 0.16666666666666666 0.6677577741407529 1.0,32.5760521130462,0,8007,0 0 2 2 0 467 -124,0.0 0.0 0.0 0.0 0.0 0.09929078014184398 0.22,1.2129078014184398,0,8535,0 0 2 2 0 467 -124,0.0 0.0 0.0 0.0 0.0 0.09929078014184398 0.22,1.2129078014184398,0,8535,0 0 2 2 0 467 -124,0.0 0.0 0.0 0.0 0.0 0.09929078014184398 0.22,1.2129078014184398,0,8535,0 0 2 2 0 467 -124,0.0 0.0 0.0 0.0 0.0 0.09929078014184398 0.22,1.2129078014184398,0,8535,0 0 2 2 0 467 -124,0.0 0.0 0.0 0.0 0.0 0.09929078014184398 0.22,1.2129078014184398,0,8535,0 0 2 2 0 467 -124,0.0 0.0 0.0 0.0 0.0 0.09929078014184398 0.22,1.2129078014184398,0,8535,0 0 2 2 0 472 -129,0.0 0.0 0.0 0.0 0.0 0.10201854882705946 0.18666666666666668,1.2068521549372615,0,8533,0 0 2 2 0 467 -124,0.0 0.0 0.0 0.0 0.0 0.09929078014184398 0.22,1.2129078014184398,0,8535,0 0 2 2 0 467 -124,0.0 0.0 0.0 0.0 0.0 0.09929078014184398 0.22,1.2129078014184398,0,8535,0 0 2 2 0 467 -124,0.0 0.0 0.0 0.0 0.0 0.09929078014184398 0.22,1.2129078014184398,0,8535,0 0 2 2 0 467 -124,0.0 0.0 0.0 0.0 0.0 0.09929078014184398 0.22,1.2129078014184398,0,8535,0 0 2 2 0 472 -129,0.0 0.0 0.0 0.0 0.0 0.10201854882705946 0.18666666666666668,1.2068521549372615,0,8533
resolved-c28d-3600-2nd/nsp-n20-d28-r0.10-rp2-fp2-s7,0 0 0 0 0 47 -97,0.0 0.0 0.0 0.0 0.0 0.15384615384615385 0.0,1.5384615384615385,0,349,0 0 0 0 0 45 -94,0.0 0.0 0.0 0.0 0.0 0.0 0.04918032786885246,0.04918032786885246,0,379,0 0 0 0 0 46 -82,0.0 0.0 0.0 0.0 0.0 0.07692307692307693 0.2459016393442623,1.0151324085750315,0,344,0 0 0 0 0 58 -36,0.0 0.0 0.0 0.0 0.0 1.0 1.0,11.0,0,120,0 0 0 0 0 58 -36,0.0 0.0 0.0 0.0 0.0 1.0 1.0,11.0,0,120,0 0 0 0 0 58 -36,0.0 0.0 0.0 0.0 0.0 1.0 1.0,11.0,0,120,0 0 0 0 0 58 -36,0.0 0.0 0.0 0.0 0.0 1.0 1.0,11.0,0,120,0 0 0 0 0 58 -36,0.0 0.0 0.0 0.0 0.0 1.0 1.0,11.0,0,120,0 0 0 0 0 58 -36,0.0 0.0 0.0 0.0 0.0 1.0 1.0,11.0,0,120,0 0 0 0 0 58 -36,0.0 0.0 0.0 0.0 0.0 1.0 1.0,11.0,0,120,0 0 0 0 0 58 -36,0.0 0.0 0.0 0.0 0.0 1.0 1.0,11.0,0,120,0 0 0 0 0 58 -36,0.0 0.0 0.0 0.0 0.0 1.0 1.0,11.0,0,120,0 0 0 0 0 58 -36,0.0 0.0 0.0 0.0 0.0 1.0 1.0,11.0,0,120,0 0 0 0 0 58 -36,0.0 0.0 0.0 0.0 0.0 1.0 1.0,11.0,0,120,0 0 0 0 0 58 -36,0.0 0.0 0.0 0.0 0.0 1.0 1.0,11.0,0,120,0 0 0 0 0 58 -36,0.0 0.0 0.0 0.0 0.0 1.0 1.0,11.0,0,120,0 0 0 0 0 58 -36,0.0 0.0 0.0 0.0 0.0 1.0 1.0,11.0,0,120,0 0 0 0 0 58 -36,0.0 0.0 0.0 0.0 0.0 1.0 1.0,11.0,0,120,0 0 0 0 0 58 -36,0.0 0.0 0.0 0.0 0.0 1.0 1.0,11.0,0,120
resolved-c28d-3600-2nd/nsp-n40-d28-r0.10-rp2-fp2-s8,0 0 0 0 0 162 -209,0.0 0.0 0.0 0.0 0.0 0.0 0.0,0.0,0,734,0 0 0 0 0 162 -177,0.0 0.0 0.0 0.0 0.0 0.0 0.2831858407079646,0.2831858407079646,0,692,0 0 0 0 0 190 -155,0.0 0.0 0.0 0.0 0.0 0.16374269005847952 0.4778761061946903,2.1153030067794854,0,600,0 0 0 0 0 329 -158,0.0 0.0 0.0 0.0 0.0 0.9766081871345029 0.45132743362831856,10.217409304973348,0,217,0 0 0 0 0 329 -158,0.0 0.0 0.0 0.0 0.0 0.9766081871345029 0.45132743362831856,10.217409304973348,0,217,0 0 0 0 0 308 -96,0.0 0.0 0.0 0.0 0.0 0.8538011695906432 1.0,9.538011695906432,0,220,0 0 0 0 0 329 -158,0.0 0.0 0.0 0.0 0.0 0.9766081871345029 0.45132743362831856,10.217409304973348,0,217,0 0 0 0 0 329 -158,0.0 0.0 0.0 0.0 0.0 0.9766081871345029 0.45132743362831856,10.217409304973348,0,217,0 0 0 0 0 329 -158,0.0 0.0 0.0 0.0 0.0 0.9766081871345029 0.45132743362831856,10.217409304973348,0,217,0 0 0 0 0 329 -158,0.0 0.0 0.0 0.0 0.0 0.9766081871345029 0.45132743362831856,10.217409304973348,0,217,0 0 0 0 0 333 -126,0.0 0.0 0.0 0.0 0.0 1.0 0.7345132743362832,10.734513274336283,0,212,0 0 0 0 0 308 -96,0.0 0.0 0.0 0.0 0.0 0.8538011695906432 1.0,9.538011695906432,0,220,0 0 0 0 0 329 -158,0.0 0.0 0.0 0.0 0.0 0.9766081871345029 0.45132743362831856,10.217409304973348,0,217,0 0 0 0 0 329 -158,0.0 0.0 0.0 0.0 0.0 0.9766081871345029 0.45132743362831856,10.217409304973348,0,217,0 0 0 0 0 329 -158,0.0 0.0 0.0 0.0 0.0 0.9766081871345029 0.45132743362831856,10.217409304973348,0,217,0 0 0 0 0 329 -158,0.0 0.0 0.0 0.0 0.0 0.9766081871345029 0.45132743362831856,10.217409304973348,0,217,0 0 0 0 0 329 -158,0.0 0.0 0.0 0.0 0.0 0.9766081871345029 0.45132743362831856,10.217409304973348,0,217,0 0 0 0 0 329 -158,0.0 0.0 0.0 0.0 0.0 0.9766081871345029 0.45132743362831856,10.217409304973348,0,217,0 0 0 0 0 329 -158,0.0 0.0 0.0 0.0 0.0 0.9766081871345029 0.45132743362831856,10.217409304973348,0,217
resolved-c28d-3600-2nd/nsp-n10-d28-r0.10-rp0-fp0-s6,0 1 2 0 0 78 -34,0.0 0.0 0.0 0.0 0.0 0.05555555555555555 0.0,0.5555555555555556,0,13739,0 1 2 0 0 79 -34,0.0 0.0 0.0 0.0 0.0 0.1111111111111111 0.0,1.1111111111111112,0,13944,0 1 2 0 0 77 -32,0.0 0.0 0.0 0.0 0.0 0.0 0.16666666666666666,0.16666666666666666,0,13965,0 1 2 0 0 95 -23,0.0 0.0 0.0 0.0 0.0 1.0 0.9166666666666666,10.916666666666666,0,16198,0 1 2 0 0 95 -23,0.0 0.0 0.0 0.0 0.0 1.0 0.9166666666666666,10.916666666666666,0,16198,0 1 2 0 0 95 -24,0.0 0.0 0.0 0.0 0.0 1.0 0.8333333333333334,10.833333333333334,0,16199,0 1 2 0 0 95 -22,0.0 0.0 0.0 0.0 0.0 1.0 1.0,11.0,0,16197,0 1 2 0 0 95 -25,0.0 0.0 0.0 0.0 0.0 1.0 0.75,10.75,0,16200,0 1 2 0 0 95 -22,0.0 0.0 0.0 0.0 0.0 1.0 1.0,11.0,0,16197,0 1 2 0 0 95 -23,0.0 0.0 0.0 0.0 0.0 1.0 0.9166666666666666,10.916666666666666,0,16198,0 1 2 0 0 95 -23,0.0 0.0 0.0 0.0 0.0 1.0 0.9166666666666666,10.916666666666666,0,16198,0 1 2 0 0 95 -22,0.0 0.0 0.0 0.0 0.0 1.0 1.0,11.0,0,16197,0 1 2 0 0 95 -22,0.0 0.0 0.0 0.0 0.0 1.0 1.0,11.0,0,16197,0 1 2 0 0 95 -22,0.0 0.0 0.0 0.0 0.0 1.0 1.0,11.0,0,16197,0 1 2 0 0 95 -22,0.0 0.0 0.0 0.0 0.0 1.0 1.0,11.0,0,16197,0 1 2 0 0 95 -24,0.0 0.0 0.0 0.0 0.0 1.0 0.8333333333333334,10.833333333333334,0,16199,0 1 2 0 0 95 -22,0.0 0.0 0.0 0.0 0.0 1.0 1.0,11.0,0,16197,0 1 2 0 0 95 -25,0.0 0.0 0.0 0.0 0.0 1.0 0.75,10.75,0,16200,0 1 2 0 0 95 -22,0.0 0.0 0.0 0.0 0.0 1.0 1.0,11.0,0,16197
resolved-c28d-3600-2nd/nsp-n40-d28-r0.10-rp2-fp2-s4,0 3 36 346 6 867 -100,0.0 0.0 0.04774535809018567 0.03334939759036144 0.07692307692307693 0.1670151594354417 0.22435897435897437,520.3897967532392,0,5313,0 3 754 10375 14 4054 -135,0.0 0.0 1.0 1.0 0.1794871794871795 1.0 0.0,11027.948717948719,0,2438,0 3 0 0 0 228 -123,0.0 0.0 0.0 0.0 0.0 0.0 0.07692307692307693,0.07692307692307693,0,16338,0 3 9 175 20 1219 21,0.0 0.0 0.011936339522546418 0.016867469879518072 0.2564102564102564 0.25901725039205437 1.0,165.46206324992843,0,44641,0 3 274 322 63 2432 1,0.0 0.0 0.363395225464191 0.031036144578313253 0.8076923076923077 0.5760585467851542 0.8717948717948718,3752.3900103291007,0,41424,0 3 1 341 53 1355 -5,0.0 0.0 0.001326259946949602 0.03286746987951807 0.6794871794871795 0.29456351280710924 0.8333333333333334,117.85775575913648,0,45071,0 3 0 236 33 1283 -3,0.0 0.0 0.0 0.02274698795180723 0.4230769230769231 0.2757449032932567 0.8461538461538461,68.65828313858594,0,45239,0 3 0 166 23 1210 5,0.0 0.0 0.0 0.016 0.2948717948717949 0.2566649242028228 0.8974358974358975,48.951264626643614,0,45442,0 3 271 306 59 2339 4,0.0 0.0 0.3594164456233422 0.029493975903614456 0.7564102564102564 0.5517511761630947 0.8910256410256411,3705.7079951807186,0,41741,0 3 0 152 24 1174 7,0.0 0.0 0.0 0.014650602409638554 0.3076923076923077 0.2472556194458965 0.9102564102564102,48.8026457835847,0,45528,0 3 41 439 72 1884 -16,0.0 0.0 0.054376657824933686 0.04231325301204819 0.9230769230769231 0.4328280188186095 0.7628205128205128,683.478624270084,0,43892,0 3 0 348 57 1392 -29,0.0 0.0 0.0 0.033542168674698794 0.7307692307692307 0.30423418714061684 0.6794871794871795,110.34092080251521,0,45108,0 3 35 346 45 1540 9,0.0 0.0 0.046419098143236075 0.03334939759036144 0.5769230769230769 0.34291688447464713 0.9230769230769231,559.5849324828532,0,44246,0 3 14 311 24 1385 -16,0.0 0.0 0.01856763925729443 0.02997590361445783 0.3076923076923077 0.30240460010454784 0.7628205128205128,250.20839347049886,0,44466,0 3 3 327 31 1331 -8,0.0 0.0 0.003978779840848806 0.03151807228915662 0.3974358974358974 0.2882906429691584 0.8141025641025641,114.74646943502859,0,44845,0 3 4 300 36 1401 0,0.0 0.0 0.005305039787798408 0.02891566265060241 0.46153846153846156 0.30658651332984843 0.8653846153846154,132.05115643111574,0,44806,0 3 3 327 31 1331 -8,0.0 0.0 0.003978779840848806 0.03151807228915662 0.3974358974358974 0.2882906429691584 0.8141025641025641,114.74646943502859,0,44845,0 3 402 463 78 2669 19,0.0 0.0 0.53315649867374 0.04462650602409639 1.0 0.638003136434919 0.9871794871794872,5483.5587036130255,0,33816,0 3 45 379 48 1884 -36,0.0 0.0 0.05968169761273209 0.03653012048192771 0.6153846153846154 0.4328280188186095 0.6346153846153846,699.8484537205117,0,43879
resolved-c28d-3600-2nd/nsp-n10-d28-r0.10-rp0-fp0-s8,0 1 0 2 0 79 -34,0.0 0.0 0.0 0.0 0.0 0.1111111111111111 0.2,1.3111111111111111,0,36414,0 1 0 2 0 77 -36,0.0 0.0 0.0 0.0 0.0 0.0 0.0,0.0,0,36380,0 1 0 2 0 78 -35,0.0 0.0 0.0 0.0 0.0 0.05555555555555555 0.1,0.6555555555555556,0,36362,0 1 0 2 0 95 -26,0.0 0.0 0.0 0.0 0.0 1.0 1.0,11.0,0,36467,0 1 0 2 0 95 -26,0.0 0.0 0.0 0.0 0.0 1.0 1.0,11.0,0,36467,0 1 0 2 0 95 -26,0.0 0.0 0.0 0.0 0.0 1.0 1.0,11.0,0,36467,0 1 0 2 0 95 -26,0.0 0.0 0.0 0.0 0.0 1.0 1.0,11.0,0,36467,0 1 0 2 0 95 -26,0.0 0.0 0.0 0.0 0.0 1.0 1.0,11.0,0,36467,0 1 0 2 0 95 -26,0.0 0.0 0.0 0.0 0.0 1.0 1.0,11.0,0,36467,0 1 0 2 0 95 -26,0.0 0.0 0.0 0.0 0.0 1.0 1.0,11.0,0,36467,0 1 0 2 0 95 -26,0.0 0.0 0.0 0.0 0.0 1.0 1.0,11.0,0,36467,0 1 0 2 0 95 -26,0.0 0.0 0.0 0.0 0.0 1.0 1.0,11.0,0,36467,0 1 0 2 0 95 -26,0.0 0.0 0.0 0.0 0.0 1.0 1.0,11.0,0,36467,0 1 0 2 0 95 -26,0.0 0.0 0.0 0.0 0.0 1.0 1.0,11.0,0,36467,0 1 0 2 0 95 -26,0.0 0.0 0.0 0.0 0.0 1.0 1.0,11.0,0,36467,0 1 0 2 0 95 -26,0.0 0.0 0.0 0.0 0.0 1.0 1.0,11.0,0,36467,0 1 0 2 0 95 -26,0.0 0.0 0.0 0.0 0.0 1.0 1.0,11.0,0,36467,0 1 0 2 0 95 -26,0.0 0.0 0.0 0.0 0.0 1.0 1.0,11.0,0,36467,0 1 0 2 0 95 -26,0.0 0.0 0.0 0.0 0.0 1.0 1.0,11.0,0,36467
resolved-c28d-3600-2nd/nsp-n50-d28-r0.10-rp2-fp2-s6,0 2 83 1510 11 1613 -127,0.0 0.0 1.0 1.0 1.0 1.0 0.5138888888888888,11110.513888888889,0,5269,0 2 2 0 0 276 -147,0.0 0.0 0.0 0.0 0.0 0.0 0.2361111111111111,0.2361111111111111,0,25251,0 2 2 1 0 757 -92,0.0 0.0 0.0 0.0006622516556291391 0.0 0.35976065818997754 1.0,5.259858237528914,0,24826,0 2 2 0 0 326 -164,0.0 0.0 0.0 0.0 0.0 0.037397157816005985 0.0,0.3739715781600599,0,19621,0 2 2 0 0 326 -162,0.0 0.0 0.0 0.0 0.0 0.037397157816005985 0.027777777777777776,0.40174935593783767,0,19619,0 2 2 0 0 326 -163,0.0 0.0 0.0 0.0 0.0 0.037397157816005985 0.013888888888888888,0.3878604670489488,0,19620,0 2 2 0 0 326 -164,0.0 0.0 0.0 0.0 0.0 0.037397157816005985 0.0,0.3739715781600599,0,19621,0 2 2 0 0 326 -164,0.0 0.0 0.0 0.0 0.0 0.037397157816005985 0.0,0.3739715781600599,0,19621,0 2 2 0 0 326 -164,0.0 0.0 0.0 0.0 0.0 0.037397157816005985 0.0,0.3739715781600599,0,19621,0 2 2 0 0 326 -163,0.0 0.0 0.0 0.0 0.0 0.037397157816005985 0.013888888888888888,0.3878604670489488,0,19620,0 2 2 0 0 326 -164,0.0 0.0 0.0 0.0 0.0 0.037397157816005985 0.0,0.3739715781600599,0,19621,0 2 2 0 0 326 -163,0.0 0.0 0.0 0.0 0.0 0.037397157816005985 0.013888888888888888,0.3878604670489488,0,19620,0 2 2 0 0 326 -164,0.0 0.0 0.0 0.0 0.0 0.037397157816005985 0.0,0.3739715781600599,0,19621,0 2 2 0 0 326 -164,0.0 0.0 0.0 0.0 0.0 0.037397157816005985 0.0,0.3739715781600599,0,19621,0 2 2 0 0 326 -163,0.0 0.0 0.0 0.0 0.0 0.037397157816005985 0.013888888888888888,0.3878604670489488,0,19620,0 2 2 0 0 326 -164,0.0 0.0 0.0 0.0 0.0 0.037397157816005985 0.0,0.3739715781600599,0,19621,0 2 2 0 0 326 -164,0.0 0.0 0.0 0.0 0.0 0.037397157816005985 0.0,0.3739715781600599,0,19621,0 2 2 0 0 326 -162,0.0 0.0 0.0 0.0 0.0 0.037397157816005985 0.027777777777777776,0.40174935593783767,0,19619,0 2 2 0 0 326 -163,0.0 0.0 0.0 0.0 0.0 0.037397157816005985 0.013888888888888888,0.3878604670489488,0,19620
resolved-c28d-3600-2nd/nsp-n40-d28-r0.10-rp2-fp2-s5,1 22 149 212 32 1681 -53,1.0 0.0 0.0 0.0 0.0 0.059513074842200184 0.0,1000000.5951307485,0,19619,1 153 618 322 76 2724 4,1.0 0.2769556025369979 0.5504694835680751 0.14884979702300405 0.32116788321167883 1.0 0.4830508474576271,1033391.7047255721,0,16138,1 261 662 420 118 2523 -6,1.0 0.5052854122621564 0.602112676056338 0.2814614343707713 0.6277372262773723 0.8187556357078449 0.3983050847457627,1056902.4890052194,0,12946,0 464 886 916 134 1727 20,0.0 0.9344608879492601 0.8650234741784038 0.952638700947226 0.7445255474452555 0.10099188458070334 0.6186440677966102,103125.0433553154,0,28282,0 464 886 916 134 1727 20,0.0 0.9344608879492601 0.8650234741784038 0.952638700947226 0.7445255474452555 0.10099188458070334 0.6186440677966102,103125.0433553154,0,28282,0 466 917 879 145 1718 29,0.0 0.9386892177589852 0.9014084507042254 0.9025710419485792 0.8248175182481752 0.09287646528403967 0.6949152542372882,103869.68275662125,0,28050,0 462 1001 944 151 1754 4,0.0 0.9302325581395349 1.0 0.9905277401894452 0.8686131386861314 0.12533814247069433 0.4830508474576271,104102.3813002837,0,28425,0 495 833 893 169 1615 65,0.0 1.0 0.8028169014084507 0.9215155615696887 1.0 0.0 1.0,109050.6845756542,0,26922,0 460 1001 935 151 1773 4,0.0 0.9260042283298098 1.0 0.9783491204330176 0.8686131386861314 0.1424706943192065 0.4830508474576271,103667.54102507325,0,28495,0 462 1001 944 151 1754 2,0.0 0.9302325581395349 1.0 0.9905277401894452 0.8686131386861314 0.12533814247069433 0.4661016949152542,104102.36435113117,0,28426,0 475 925 881 138 1726 34,0.0 0.9577167019027484 0.9107981220657277 0.9052774018944519 0.7737226277372263 0.10009017132551848 0.7372881355932204,105864.03926544913,0,27643,0 460 1001 935 151 1773 4,0.0 0.9260042283298098 1.0 0.9783491204330176 0.8686131386861314 0.1424706943192065 0.4830508474576271,103667.54102507325,0,28495,0 460 1001 935 151 1773 4,0.0 0.9260042283298098 1.0 0.9783491204330176 0.8686131386861314 0.1424706943192065 0.4830508474576271,103667.54102507325,0,28495,0 464 880 951 147 1684 12,0.0 0.9344608879492601 0.857981220657277 1.0 0.8394160583941606 0.062218214607754736 0.5508474576271186,103111.0156369419,0,28351,0 464 886 916 134 1727 20,0.0 0.9344608879492601 0.8650234741784038 0.952638700947226 0.7445255474452555 0.10099188458070334 0.6186440677966102,103125.0433553154,0,28282,0 460 1001 935 151 1773 4,0.0 0.9260042283298098 1.0 0.9783491204330176 0.8686131386861314 0.1424706943192065 0.4830508474576271,103667.54102507325,0,28495,0 460 1001 935 151 1773 4,0.0 0.9260042283298098 1.0 0.9783491204330176 0.8686131386861314 0.1424706943192065 0.4830508474576271,103667.54102507325,0,28495,0 475 925 884 152 1624 46,0.0 0.9577167019027484 0.9107981220657277 0.9093369418132612 0.8759124087591241 0.008115419296663661 0.8389830508474576,105877.49973086509,0,27631,0 460 1001 935 151 1773 4,0.0 0.9260042283298098 1.0 0.9783491204330176 0.8686131386861314 0.1424706943192065 0.4830508474576271,103667.54102507325,0,28495
resolved-c28d-3600-2nd/nsp-n20-d28-r0.10-rp2-fp2-s0,0 0 0 0 0 54 -92,0.0 0.0 0.0 0.0 0.0 0.11764705882352941 0.0,1.1764705882352942,0,312,0 0 0 0 0 52 -85,0.0 0.0 0.0 0.0 0.0 0.0 0.18421052631578946,0.18421052631578946,0,249,0 0 0 0 0 59 -85,0.0 0.0 0.0 0.0 0.0 0.4117647058823529 0.18421052631578946,4.301857585139318,0,209,0 0 0 0 0 69 -54,0.0 0.0 0.0 0.0 0.0 1.0 1.0,11.0,0,166,0 0 0 0 0 69 -54,0.0 0.0 0.0 0.0 0.0 1.0 1.0,11.0,0,166,0 0 0 0 0 69 -54,0.0 0.0 0.0 0.0 0.0 1.0 1.0,11.0,0,166,0 0 0 0 0 69 -54,0.0 0.0 0.0 0.0 0.0 1.0 1.0,11.0,0,166,0 0 0 0 0 69 -54,0.0 0.0 0.0 0.0 0.0 1.0 1.0,11.0,0,166,0 0 0 0 0 69 -54,0.0 0.0 0.0 0.0 0.0 1.0 1.0,11.0,0,166,0 0 0 0 0 69 -54,0.0 0.0 0.0 0.0 0.0 1.0 1.0,11.0,0,166,0 0 0 0 0 69 -54,0.0 0.0 0.0 0.0 0.0 1.0 1.0,11.0,0,166,0 0 0 0 0 69 -54,0.0 0.0 0.0 0.0 0.0 1.0 1.0,11.0,0,166,0 0 0 0 0 69 -54,0.0 0.0 0.0 0.0 0.0 1.0 1.0,11.0,0,166,0 0 0 0 0 69 -54,0.0 0.0 0.0 0.0 0.0 1.0 1.0,11.0,0,166,0 0 0 0 0 69 -54,0.0 0.0 0.0 0.0 0.0 1.0 1.0,11.0,0,166,0 0 0 0 0 69 -54,0.0 0.0 0.0 0.0 0.0 1.0 1.0,11.0,0,166,0 0 0 0 0 69 -54,0.0 0.0 0.0 0.0 0.0 1.0 1.0,11.0,0,166,0 0 0 0 0 69 -54,0.0 0.0 0.0 0.0 0.0 1.0 1.0,11.0,0,166,0 0 0 0 0 69 -54,0.0 0.0 0.0 0.0 0.0 1.0 1.0,11.0,0,166
resolved-c28d-3600-2nd/nsp-n10-d28-r0.10-rp0-fp0-s1,0 1 0 0 0 74 -47,0.0 0.0 0.0 0.0 0.0 0.3181818181818182 0.0,3.1818181818181817,0,37420,0 1 0 0 0 67 -40,0.0 0.0 0.0 0.0 0.0 0.0 0.2692307692307692,0.2692307692307692,0,37459,0 1 0 0 0 67 -45,0.0 0.0 0.0 0.0 0.0 0.0 0.07692307692307693,0.07692307692307693,0,37384,0 1 0 0 0 89 -21,0.0 0.0 0.0 0.0 0.0 1.0 1.0,11.0,0,37150,0 1 0 0 0 89 -21,0.0 0.0 0.0 0.0 0.0 1.0 1.0,11.0,0,37150,0 1 0 0 0 89 -21,0.0 0.0 0.0 0.0 0.0 1.0 1.0,11.0,0,37150,0 1 0 0 0 89 -24,0.0 0.0 0.0 0.0 0.0 1.0 0.8846153846153846,10.884615384615385,0,37151,0 1 0 0 0 89 -24,0.0 0.0 0.0 0.0 0.0 1.0 0.8846153846153846,10.884615384615385,0,37151,0 1 0 0 0 89 -21,0.0 0.0 0.0 0.0 0.0 1.0 1.0,11.0,0,37150,0 1 0 0 0 89 -21,0.0 0.0 0.0 0.0 0.0 1.0 1.0,11.0,0,37150,0 1 0 0 0 89 -21,0.0 0.0 0.0 0.0 0.0 1.0 1.0,11.0,0,37150,0 1 0 0 0 89 -21,0.0 0.0 0.0 0.0 0.0 1.0 1.0,11.0,0,37150,0 1 0 0 0 89 -21,0.0 0.0 0.0 0.0 0.0 1.0 1.0,11.0,0,37150,0 1 0 0 0 89 -24,0.0 0.0 0.0 0.0 0.0 1.0 0.8846153846153846,10.884615384615385,0,37151,0 1 0 0 0 89 -21,0.0 0.0 0.0 0.0 0.0 1.0 1.0,11.0,0,37150,0 1 0 0 0 89 -21,0.0 0.0 0.0 0.0 0.0 1.0 1.0,11.0,0,37150,0 1 0 0 0 89 -21,0.0 0.0 0.0 0.0 0.0 1.0 1.0,11.0,0,37150,0 1 0 0 0 89 -24,0.0 0.0 0.0 0.0 0.0 1.0 0.8846153846153846,10.884615384615385,0,37151,0 1 0 0 0 89 -24,0.0 0.0 0.0 0.0 0.0 1.0 0.8846153846153846,10.884615384615385,0,37151
resolved-c28d-3600-2nd/nsp-n30-d28-r0.10-rp2-fp2-s6,0 26 24 99 9 741 -28,0.0 0.055 0.0 0.0 0.0 0.0 0.0,5500.0,0,15055,0 71 260 398 35 1298 33,0.0 0.28 0.20665499124343256 0.5456204379562044 0.11063829787234042 0.1950280112044818 0.9242424242424242,30626.108702714057,0,14046,0 215 307 481 63 1053 38,0.0 1.0 0.2478108581436077 0.6970802919708029 0.2297872340425532 0.1092436974789916 1.0,103200.26003378592,0,17269,0 18 1048 640 235 3483 30,0.0 0.015 0.8966725043782837 0.9872262773722628 0.9617021276595744 0.9600840336134454 0.8787878787878788,11560.60116213598,0,27688,0 25 1052 623 204 3588 33,0.0 0.05 0.9001751313485113 0.9562043795620438 0.8297872340425532 0.9968487394957983 0.9242424242424242,15051.827146270614,0,25741,0 22 1054 585 219 3488 19,0.0 0.035 0.9019264448336253 0.8868613138686131 0.8936170212765957 0.9618347338935574 0.7121212121212122,13505.817932883583,0,26664,0 18 1049 646 228 3558 31,0.0 0.015 0.8975481611208407 0.9981751824817519 0.9319148936170213 0.9863445378151261 0.8939393939393939,11577.605667823951,0,27602,0 18 1054 599 225 3543 27,0.0 0.015 0.9019264448336253 0.9124087591240876 0.9191489361702128 0.9810924369747899 0.8333333333333334,11534.232358780442,0,27452,0 26 1079 623 233 3597 29,0.0 0.055 0.9238178633975481 0.9562043795620438 0.9531914893617022 1.0 0.8636363636363636,15800.565798837331,0,25252,0 25 1045 620 197 3571 31,0.0 0.05 0.8940455341506129 0.9507299270072993 0.8 0.9908963585434174 0.8939393939393939,14981.988171492801,0,25816,0 35 1166 639 218 3398 7,0.0 0.1 1.0 0.9854014598540146 0.8893617021276595 0.9303221288515406 0.5303030303030303,21084.1711543856,0,23574,0 22 1024 593 217 3510 19,0.0 0.035 0.8756567425569177 0.9014598540145985 0.8851063829787233 0.9695378151260504 0.7121212121212122,13256.94541724503,0,26734,0 15 1046 647 244 3497 27,0.0 0.0 0.8949211908931699 1.0 1.0 0.9649859943977591 0.8333333333333334,10059.695102209009,0,27906,0 22 1023 587 212 3508 21,0.0 0.035 0.8747810858143608 0.8905109489051095 0.8638297872340426 0.9688375350140056 0.7424242424242424,13235.135585364687,0,26776,0 28 1085 626 241 3550 29,0.0 0.065 0.9290718038528897 0.9616788321167883 0.9872340425531915 0.9835434173669467 0.8636363636363636,16861.81934543831,0,25081,0 21 1014 616 244 3523 32,0.0 0.03 0.8669001751313485 0.9434306569343066 1.0 0.9740896358543417 0.9090909090909091,12723.082395515426,0,27050,0 18 1052 612 229 3558 24,0.0 0.015 0.9001751313485113 0.9361313868613139 0.9361702127659575 0.9863445378151261 0.7878787878787878,11542.151045789054,0,27510,0 21 1018 603 224 3518 35,0.0 0.03 0.8704028021015762 0.9197080291970803 0.9148936170212766 0.9723389355742297 0.9545454545454546,12725.903346725258,0,26968,0 22 1054 601 220 3490 24,0.0 0.035 0.9019264448336253 0.916058394160584 0.8978723404255319 0.9625350140056023 0.7878787878787878,13535.523305467324,0,26588
resolved-c28d-3600-2nd/nsp-n20-d28-r0.10-rp2-fp2-s5,0 1 4 2 0 62 -55,0.0 0.0 0.0 0.0 0.0 0.0 0.0,0.0,0,4503,0 1 7 33 1 327 8,0.0 0.0 0.03571428571428571 0.22302158273381295 0.021739130434782608 0.32043530834340994 0.6116504854368932,586.1543564890193,0,94071,0 1 7 32 1 329 11,0.0 0.0 0.03571428571428571 0.2158273381294964 0.021739130434782608 0.32285368802902054 0.6407766990291263,579.013421895151,0,94121,0 1 65 78 38 794 20,0.0 0.0 0.7261904761904762 0.5467625899280576 0.8260869565217391 0.8851269649334945 0.7281553398058253,7900.855472474133,0,92829,0 1 62 49 16 705 22,0.0 0.0 0.6904761904761905 0.3381294964028777 0.34782608695652173 0.777509068923821 0.7475728155339806,7286.196673365207,0,94226,0 1 88 140 38 889 47,0.0 0.0 1.0 0.9928057553956835 0.8260869565217391 1.0 0.9902912621359223,11086.404742309993,0,83212,0 1 60 44 6 551 22,0.0 0.0 0.6666666666666666 0.302158273381295 0.13043478260869565 0.5912938331318017 0.7475728155339806,6988.528929455682,0,95238,0 1 64 51 16 781 34,0.0 0.0 0.7142857142857143 0.35251798561151076 0.34782608695652173 0.8694074969770254 0.8640776699029126,7539.715889803979,0,93787,0 1 60 45 5 654 25,0.0 0.0 0.6666666666666666 0.30935251798561153 0.10869565217391304 0.7158403869407497 0.7766990291262136,6994.823852768202,0,94839,0 1 42 69 9 552 35,0.0 0.0 0.4523809523809524 0.48201438848920863 0.1956521739130435 0.592503022974607 0.8737864077669902,5032.18794632755,0,96496,0 1 64 51 16 793 35,0.0 0.0 0.7142857142857143 0.35251798561151076 0.34782608695652173 0.8839177750906893 0.8737864077669902,7539.87070132298,0,93749,0 1 88 141 39 884 48,0.0 0.0 1.0 1.0 0.8478260869565217 0.9939540507859734 1.0,11095.722149203511,0,83198,0 1 42 85 10 602 36,0.0 0.0 0.4523809523809524 0.5971223021582733 0.21739130434782608 0.652962515114873 0.883495145631068,5150.08407669936,0,96118,0 1 42 72 8 562 25,0.0 0.0 0.4523809523809524 0.5035971223021583 0.17391304347826086 0.6045949214026602 0.7766990291262136,5051.620598702661,0,96398,0 1 41 74 8 516 41,0.0 0.0 0.44047619047619047 0.5179856115107914 0.17391304347826086 0.5489721886336155 0.9320388349514563,4946.56058134181,0,96839,0 1 65 108 46 832 13,0.0 0.0 0.7261904761904762 0.762589928057554 1.0 0.9310761789600968 0.6601941747572816,8134.4656459266735,0,91641,0 1 60 48 5 660 34,0.0 0.0 0.6666666666666666 0.33093525179856115 0.10869565217391304 0.7230955259975816 0.8640776699029126,7016.566516612497,0,94580,0 1 62 55 17 755 38,0.0 0.0 0.6904761904761905 0.381294964028777 0.3695652173913043 0.837968561064087 0.9029126213592233,7332.295988761812,0,93963,0 1 65 74 36 820 23,0.0 0.0 0.7261904761904762 0.5179856115107914 0.782608695652174 0.9165659008464329 0.7572815533980582,7868.074183542632,0,92916
resolved-c28d-3600-2nd/nsp-n40-d28-r0.10-rp2-fp2-s6,0 3 36 434 16 905 -80,0.0 0.0 1.0 1.0 1.0 1.0 0.5514018691588785,11110.55140186916,0,5011,0 3 0 33 0 714 -32,0.0 0.0 0.0 0.07603686635944701 0.0 0.717037037037037 1.0,84.20723672981737,0,14259,0 3 0 0 0 230 -124,0.0 0.0 0.0 0.0 0.0 0.0 0.14018691588785046,0.14018691588785046,0,17414,0 3 0 0 0 314 -98,0.0 0.0 0.0 0.0 0.0 0.12444444444444444 0.38317757009345793,1.6276220145379023,0,28909,0 3 0 0 0 314 -97,0.0 0.0 0.0 0.0 0.0 0.12444444444444444 0.3925233644859813,1.6369678089304258,0,28908,0 3 0 0 0 314 -98,0.0 0.0 0.0 0.0 0.0 0.12444444444444444 0.38317757009345793,1.6276220145379023,0,28909,0 3 0 0 0 314 -96,0.0 0.0 0.0 0.0 0.0 0.12444444444444444 0.40186915887850466,1.646313603322949,0,28907,0 3 0 0 0 314 -96,0.0 0.0 0.0 0.0 0.0 0.12444444444444444 0.40186915887850466,1.646313603322949,0,28907,0 3 0 0 0 314 -96,0.0 0.0 0.0 0.0 0.0 0.12444444444444444 0.40186915887850466,1.646313603322949,0,28907,0 3 0 0 0 319 -139,0.0 0.0 0.0 0.0 0.0 0.13185185185185186 0.0,1.3185185185185186,0,28902,0 3 0 0 0 314 -97,0.0 0.0 0.0 0.0 0.0 0.12444444444444444 0.3925233644859813,1.6369678089304258,0,28908,0 3 0 0 0 314 -96,0.0 0.0 0.0 0.0 0.0 0.12444444444444444 0.40186915887850466,1.646313603322949,0,28907,0 3 0 0 0 283 -101,0.0 0.0 0.0 0.0 0.0 0.07851851851851852 0.35514018691588783,1.140325372101073,0,28920,0 3 0 0 0 318 -137,0.0 0.0 0.0 0.0 0.0 0.13037037037037036 0.018691588785046728,1.3223952924887503,0,28903,0 3 0 0 0 314 -98,0.0 0.0 0.0 0.0 0.0 0.12444444444444444 0.38317757009345793,1.6276220145379023,0,28909,0 3 0 0 0 314 -97,0.0 0.0 0.0 0.0 0.0 0.12444444444444444 0.3925233644859813,1.6369678089304258,0,28908,0 3 0 0 0 314 -98,0.0 0.0 0.0 0.0 0.0 0.12444444444444444 0.38317757009345793,1.6276220145379023,0,28909,0 3 0 0 0 314 -97,0.0 0.0 0.0 0.0 0.0 0.12444444444444444 0.3925233644859813,1.6369678089304258,0,28908,0 3 0 0 0 283 -101,0.0 0.0 0.0 0.0 0.0 0.07851851851851852 0.35514018691588783,1.140325372101073,0,28920
resolved-c28d-3600-2nd/nsp-n30-d28-r0.10-rp2-fp2-s1,0 0 12 34 0 350 -58,0.0 0.0 1.0 0.20754716981132076 0.0 0.28356164383561644 0.2980769230769231,10210.680863172754,0,4354,0 0 4 1 0 143 -89,0.0 0.0 0.0 0.0 0.0 0.0 0.0,0.0,0,26186,0 0 4 1 0 172 -84,0.0 0.0 0.0 0.0 0.0 0.03972602739726028 0.04807692307692308,0.44533719704952585,0,26123,0 0 4 58 6 621 2,0.0 0.0 0.0 0.3584905660377358 0.23076923076923078 0.6547945205479452 0.875,388.9904343201384,0,28206,0 0 4 115 21 767 -2,0.0 0.0 0.0 0.7169811320754716 0.8076923076923077 0.8547945205479452 0.8365384615384616,807.1348465117204,0,27207,0 0 11 152 20 811 7,0.0 0.0 0.875 0.949685534591195 0.7692307692307693 0.915068493150685 0.9230769230769231,9786.682373368856,0,25922,0 0 4 114 26 785 -5,0.0 0.0 0.0 0.710691823899371 1.0 0.8794520547945206 0.8076923076923077,820.2940367550085,0,27210,0 0 6 146 16 758 15,0.0 0.0 0.25 0.9119496855345912 0.6153846153846154 0.8424657534246576 1.0,3482.912804607299,0,26448,0 0 4 45 1 527 -8,0.0 0.0 0.0 0.27672955974842767 0.038461538461538464 0.5260273972602739 0.7788461538461539,286.61483372103044,0,28615,0 0 4 67 5 790 9,0.0 0.0 0.0 0.41509433962264153 0.19230769230769232 0.8863013698630137 0.9423076923076923,444.1304302443486,0,27983,0 0 4 50 1 536 -9,0.0 0.0 0.0 0.3081761006289308 0.038461538461538464 0.5383561643835616 0.7692307692307693,318.17504688815103,0,28531,0 0 6 116 21 749 1,0.0 0.0 0.25 0.7232704402515723 0.8076923076923077 0.8301369863013699 0.8653846153846154,3313.2064254992015,0,26820,0 0 4 59 6 622 5,0.0 0.0 0.0 0.36477987421383645 0.23076923076923078 0.6561643835616439 0.9038461538461539,395.32228728022216,0,28193,0 0 4 60 8 621 0,0.0 0.0 0.0 0.3710691823899371 0.3076923076923077 0.6547945205479452 0.8557692307692307,409.2421275954165,0,28181,0 0 4 36 2 637 -14,0.0 0.0 0.0 0.22012578616352202 0.07692307692307693 0.6767123287671233 0.7211538461538461,235.30637098965477,0,28822,0 0 11 160 20 873 14,0.0 0.0 0.875 1.0 0.7692307692307693 1.0 0.9903846153846154,9837.913461538461,0,25820,0 0 4 14 2 525 -19,0.0 0.0 0.0 0.08176100628930817 0.07692307692307693 0.5232876712328767 0.6730769230769231,95.35926761702156,0,29326,0 0 4 34 0 668 -8,0.0 0.0 0.0 0.20754716981132076 0.0 0.7191780821917808 0.7788461538461539,215.51779678708473,0,28878,0 0 4 53 2 538 -10,0.0 0.0 0.0 0.3270440251572327 0.07692307692307693 0.541095890410959 0.7596153846153846,340.90690713826535,0,28448
resolved-c28d-3600-2nd/nsp-n50-d28-r0.10-rp2-fp2-s0,1 41 2106 500 188 4310 -63,1.0 0.0 0.0 0.0 0.0 0.0 0.0,1000000.0,0,15400,1 126 2323 734 200 4537 -14,1.0 0.2463768115942029 0.2529137529137529 0.20707964601769913 0.09375 0.19602763385146804 0.4224137931034483,1027385.6560247071,0,15864,0 345 2964 1244 255 4684 -4,0.0 0.881159420289855 1.0 0.6584070796460177 0.5234375 0.3229706390328152 0.5086206896551724,98830.43118571151,0,7889,1 381 2882 1397 316 5382 52,1.0 0.9855072463768116 0.9044289044289044 0.7938053097345132 1.0 0.92573402417962 0.9913793103448276,1108499.067711257,0,19306,1 378 2837 1500 316 5464 27,1.0 0.9768115942028985 0.8519813519813519 0.8849557522123894 1.0 0.9965457685664939 0.7758620689655172,1107196.6700120703,0,19798,1 380 2841 1480 316 5437 30,1.0 0.9826086956521739 0.8566433566433567 0.8672566371681416 1.0 0.9732297063903281 0.8017241379310345,1107805.093790021,0,19490,1 378 2837 1500 316 5465 27,1.0 0.9768115942028985 0.8519813519813519 0.8849557522123894 1.0 0.9974093264248705 0.7758620689655172,1107196.678647649,0,19797,1 378 2837 1500 316 5464 27,1.0 0.9768115942028985 0.8519813519813519 0.8849557522123894 1.0 0.9965457685664939 0.7758620689655172,1107196.6700120703,0,19798,1 380 2841 1480 316 5437 30,1.0 0.9826086956521739 0.8566433566433567 0.8672566371681416 1.0 0.9732297063903281 0.8017241379310345,1107805.093790021,0,19490,1 378 2707 1630 308 5375 38,1.0 0.9768115942028985 0.7004662004662005 1.0 0.9375 0.9196891191709845 0.8706896551724138,1105789.6390057988,0,19925,1 379 2839 1492 316 5468 34,1.0 0.9797101449275363 0.8543123543123543 0.8778761061946903 1.0 1.0 0.8362068965517241,1107502.8503489685,0,19616,1 381 2882 1397 316 5382 52,1.0 0.9855072463768116 0.9044289044289044 0.7938053097345132 1.0 0.92573402417962 0.9913793103448276,1108499.067711257,0,19306,1 378 2837 1500 316 5464 27,1.0 0.9768115942028985 0.8519813519813519 0.8849557522123894 1.0 0.9965457685664939 0.7758620689655172,1107196.6700120703,0,19798,1 378 2837 1500 316 5465 27,1.0 0.9768115942028985 0.8519813519813519 0.8849557522123894 1.0 0.9974093264248705 0.7758620689655172,1107196.678647649,0,19797,1 378 2837 1500 316 5464 27,1.0 0.9768115942028985 0.8519813519813519 0.8849557522123894 1.0 0.9965457685664939 0.7758620689655172,1107196.6700120703,0,19798,1 378 2837 1500 316 5465 27,1.0 0.9768115942028985 0.8519813519813519 0.8849557522123894 1.0 0.9974093264248705 0.7758620689655172,1107196.678647649,0,19797,1 378 2707 1630 308 5375 38,1.0 0.9768115942028985 0.7004662004662005 1.0 0.9375 0.9196891191709845 0.8706896551724138,1105789.6390057988,0,19925,1 386 2854 1422 306 5377 49,1.0 1.0 0.8717948717948718 0.815929203539823 0.921875 0.9214162348877375 0.9655172413793104,1109636.2451010789,0,18671,1 381 2882 1397 316 5382 53,1.0 0.9855072463768116 0.9044289044289044 0.7938053097345132 1.0 0.92573402417962 1.0,1108499.0763319465,0,19305
resolved-c28d-3600-2nd/nsp-n50-d28-r0.10-rp2-fp2-s9,0 0 0 0 0 215 -229,0.0 0.0 0.0 0.0 0.0 0.02577319587628866 0.0,0.25773195876288657,0,852,0 0 0 0 0 210 -208,0.0 0.0 0.0 0.0 0.0 0.0 0.23076923076923078,0.23076923076923078,0,760,0 0 0 0 0 258 -188,0.0 0.0 0.0 0.0 0.0 0.24742268041237114 0.45054945054945056,2.924776254673162,0,666,0 0 0 0 0 304 -141,0.0 0.0 0.0 0.0 0.0 0.4845360824742268 0.967032967032967,5.812393791775235,0,243,0 0 0 0 0 304 -141,0.0 0.0 0.0 0.0 0.0 0.4845360824742268 0.967032967032967,5.812393791775235,0,243,0 0 0 0 0 304 -141,0.0 0.0 0.0 0.0 0.0 0.4845360824742268 0.967032967032967,5.812393791775235,0,243,0 0 0 0 0 304 -141,0.0 0.0 0.0 0.0 0.0 0.4845360824742268 0.967032967032967,5.812393791775235,0,243,0 0 0 0 0 304 -141,0.0 0.0 0.0 0.0 0.0 0.4845360824742268 0.967032967032967,5.812393791775235,0,243,0 0 0 0 0 404 -157,0.0 0.0 0.0 0.0 0.0 1.0 0.7912087912087912,10.791208791208792,0,223,0 0 0 0 0 304 -141,0.0 0.0 0.0 0.0 0.0 0.4845360824742268 0.967032967032967,5.812393791775235,0,243,0 0 0 0 0 404 -157,0.0 0.0 0.0 0.0 0.0 1.0 0.7912087912087912,10.791208791208792,0,223,0 0 0 0 0 404 -157,0.0 0.0 0.0 0.0 0.0 1.0 0.7912087912087912,10.791208791208792,0,223,0 0 0 0 0 304 -138,0.0 0.0 0.0 0.0 0.0 0.4845360824742268 1.0,5.845360824742268,0,240,0 0 0 0 0 304 -141,0.0 0.0 0.0 0.0 0.0 0.4845360824742268 0.967032967032967,5.812393791775235,0,243,0 0 0 0 0 404 -157,0.0 0.0 0.0 0.0 0.0 1.0 0.7912087912087912,10.791208791208792,0,223,0 0 0 0 0 304 -141,0.0 0.0 0.0 0.0 0.0 0.4845360824742268 0.967032967032967,5.812393791775235,0,243,0 0 0 0 0 304 -141,0.0 0.0 0.0 0.0 0.0 0.4845360824742268 0.967032967032967,5.812393791775235,0,243,0 0 0 0 0 304 -141,0.0 0.0 0.0 0.0 0.0 0.4845360824742268 0.967032967032967,5.812393791775235,0,243,0 0 0 0 0 304 -141,0.0 0.0 0.0 0.0 0.0 0.4845360824742268 0.967032967032967,5.812393791775235,0,243
