,lnps-10-org-obj,lnps-10-nrm-obj,lnps-10-obj,lnps-10-diff,lnps-10-freq,lnps-30-org-obj,lnps-30-nrm-obj,lnps-30-obj,lnps-30-diff,lnps-30-freq,lnps-60-org-obj,lnps-60-nrm-obj,lnps-60-obj,lnps-60-diff,lnps-60-freq,mp-is1-p-hi-org-obj,mp-is1-p-hi-nrm-obj,mp-is1-p-hi-obj,mp-is1-p-hi-diff,mp-is1-p-hi-freq,mp-is1-p-low-org-obj,mp-is1-p-low-nrm-obj,mp-is1-p-low-obj,mp-is1-p-low-diff,mp-is1-p-low-freq,mp-is1-p-mid-org-obj,mp-is1-p-mid-nrm-obj,mp-is1-p-mid-obj,mp-is1-p-mid-diff,mp-is1-p-mid-freq,mp-is10-p-hi-org-obj,mp-is10-p-hi-nrm-obj,mp-is10-p-hi-obj,mp-is10-p-hi-diff,mp-is10-p-hi-freq,mp-is10-p-low-org-obj,mp-is10-p-low-nrm-obj,mp-is10-p-low-obj,mp-is10-p-low-diff,mp-is10-p-low-freq,mp-is10-p-mid-org-obj,mp-is10-p-mid-nrm-obj,mp-is10-p-mid-obj,mp-is10-p-mid-diff,mp-is10-p-mid-freq,mp-is100-p-hi-org-obj,mp-is100-p-hi-nrm-obj,mp-is100-p-hi-obj,mp-is100-p-hi-diff,mp-is100-p-hi-freq,mp-is100-p-low-org-obj,mp-is100-p-low-nrm-obj,mp-is100-p-low-obj,mp-is100-p-low-diff,mp-is100-p-low-freq,mp-is100-p-mid-org-obj,mp-is100-p-mid-nrm-obj,mp-is100-p-mid-obj,mp-is100-p-mid-diff,mp-is100-p-mid-freq,mp-p-hi-org-obj,mp-p-hi-nrm-obj,mp-p-hi-obj,mp-p-hi-diff,mp-p-hi-freq,mp-p-low-org-obj,mp-p-low-nrm-obj,mp-p-low-obj,mp-p-low-diff,mp-p-low-freq,mp-p-mid-org-obj,mp-p-mid-nrm-obj,mp-p-mid-obj,mp-p-mid-diff,mp-p-mid-freq,mp-ps-p-hi-org-obj,mp-ps-p-hi-nrm-obj,mp-ps-p-hi-obj,mp-ps-p-hi-diff,mp-ps-p-hi-freq,mp-ps-p-low-org-obj,mp-ps-p-low-nrm-obj,mp-ps-p-low-obj,mp-ps-p-low-diff,mp-ps-p-low-freq,mp-ps-p-mid-org-obj,mp-ps-p-mid-nrm-obj,mp-ps-p-mid-obj,mp-ps-p-mid-diff,mp-ps-p-mid-freq,ps-org-obj,ps-nrm-obj,ps-obj,ps-diff,ps-freq
resolved-c28d-3600-all/resolved-c28d-3600-2nd/nsp-n50-d28-r0.10-rp2-fp2-s8,1 16 2040 357 98 4463 -62,1.0 0.0 0.0027272727272727275 0.0 0.0 0.697594501718213 0.0,1000034.2486722899,0,19264,1 106 2468 568 135 4322 -50,1.0 0.20785219399538107 0.39181818181818184 0.1704361873990307 0.2534246575342466 0.5360824742268041 0.12371134020618557,1024904.6644069549,0,15930,1 187 3137 640 139 4727 3,1.0 0.394919168591224 1.0 0.22859450726978997 0.2808219178082192 1.0 0.6701030927835051,1049759.2636612658,0,11654,0 441 2090 1572 195 3899 19,0.0 0.9815242494226328 0.04818181818181818 0.981421647819063 0.6643835616438356 0.05154639175257732 0.8350515463917526,99683.45364352883,0,13533,0 445 2081 1595 208 3893 17,0.0 0.9907621247113164 0.04 1.0 0.7534246575342466 0.044673539518900345 0.8144329896907216,100552.81610526994,0,13357,0 438 2054 1456 235 3874 26,0.0 0.9745958429561201 0.015454545454545455 0.8877221324717286 0.9383561643835616 0.022909507445589918 0.9072164948453608,98596.82381063685,0,13746,0 428 2054 1441 240 3875 22,0.0 0.9515011547344111 0.015454545454545455 0.875605815831987 0.9726027397260274 0.024054982817869417 0.865979381443299,96278.63354700078,0,14171,0 439 2072 1473 225 3972 27,0.0 0.976905311778291 0.031818181818181815 0.901453957996769 0.8698630136986302 0.13516609392898052 0.9175257731958762,98999.42244209003,0,13666,0 441 2090 1572 195 3899 19,0.0 0.9815242494226328 0.04818181818181818 0.981421647819063 0.6643835616438356 0.05154639175257732 0.8350515463917526,99683.45364352883,0,13533,0 428 2054 1441 240 3875 22,0.0 0.9515011547344111 0.015454545454545455 0.875605815831987 0.9726027397260274 0.024054982817869417 0.865979381443299,96278.63354700078,0,14171,0 449 2082 1587 230 4000 35,0.0 1.0 0.04090909090909091 0.9935379644588045 0.9041095890410958 0.1672394043528064 1.0,101495.71222649734,0,12742,0 429 2054 1445 244 3860 25,0.0 0.953810623556582 0.015454545454545455 0.8788368336025848 1.0 0.006872852233676976 0.8969072164948454,96515.41027954507,0,14122,0 434 2051 1457 243 3863 29,0.0 0.9653579676674365 0.012727272727272728 0.8885298869143781 0.9931506849315068 0.010309278350515464 0.9381443298969072,97651.95568653732,0,13988,0 436 2048 1456 240 3895 29,0.0 0.9699769053117783 0.01 0.8877221324717286 0.9726027397260274 0.046964490263459335 0.9381443298969072,98084.08072685469,0,13915,0 428 2054 1441 240 3875 22,0.0 0.9515011547344111 0.015454545454545455 0.875605815831987 0.9726027397260274 0.024054982817869417 0.865979381443299,96278.63354700078,0,14171,0 441 2086 1483 223 3970 28,0.0 0.9815242494226328 0.04454545454545455 0.9095315024232633 0.8561643835616438 0.13287514318442153 0.9278350515463918,99595.28401498064,0,13583,0 422 2037 1417 230 3854 16,0.0 0.9376443418013857 0.0 0.8562197092084006 0.9041095890410958 0.0 0.8041237113402062,94711.86897196242,0,14538,0 428 2054 1441 240 3875 22,0.0 0.9515011547344111 0.015454545454545455 0.875605815831987 0.9726027397260274 0.024054982817869417 0.865979381443299,96278.63354700078,0,14171,0 422 2037 1417 230 3854 16,0.0 0.9376443418013857 0.0 0.8562197092084006 0.9041095890410958 0.0 0.8041237113402062,94711.86897196242,0,14538
resolved-c28d-3600-all/resolved-c28d-3600-2nd/nsp-n30-d28-r0.10-rp2-fp2-s5,0 0 2 26 1 362 -47,0.0 0.0 0.0 0.0 0.014925373134328358 0.0 0.20454545454545456,1.6970827679782903,0,3933,0 0 217 3233 0 1599 -65,0.0 0.0 1.0 1.0 0.0 1.0 0.0,11010.0,0,2066,0 0 2 167 28 957 8,0.0 0.0 0.0 0.04396632366697849 0.417910447761194 0.48100242522231207 0.8295454545454546,91.39693814986646,0,27370,0 0 20 217 47 942 23,0.0 0.0 0.08372093023255814 0.05955721858434674 0.7014925373134329 0.4688763136620857 1.0,972.6045377778922,0,21346,0 0 20 217 47 942 23,0.0 0.0 0.08372093023255814 0.05955721858434674 0.7014925373134329 0.4688763136620857 1.0,972.6045377778922,0,21346,0 0 28 190 61 1077 5,0.0 0.0 0.12093023255813953 0.05113813532896788 0.9104477611940298 0.5780113177041228 0.7954545454545454,1358.060804752262,0,20577,0 0 20 182 54 706 -25,0.0 0.0 0.08372093023255814 0.04864359214218896 0.8059701492537313 0.27809215844785773 0.45454545454545453,969.6853764321675,0,21789,0 0 20 215 51 889 3,0.0 0.0 0.08372093023255814 0.05893358278765201 0.7611940298507462 0.4260307194826192 0.7727272727272727,977.2953225658615,0,21406,0 0 62 258 40 1162 9,0.0 0.0 0.27906976744186046 0.07234175241658872 0.5970149253731343 0.6467259498787389 0.8409090909090909,2930.049087962203,0,16924,0 0 26 234 67 1099 18,0.0 0.0 0.11162790697674418 0.06485812285625195 1.0 0.5957962813257882 0.9431818181818182,1288.0383372551335,0,20650,0 0 24 202 49 1021 20,0.0 0.0 0.10232558139534884 0.054879950109136266 0.7313432835820896 0.5327405012126112 0.9659090909090909,1157.5634065238687,0,21045,0 0 20 179 53 721 -27,0.0 0.0 0.08372093023255814 0.047708138447146865 0.7910447761194029 0.2902182700080841 0.4318181818181818,967.3559192665675,0,21881,0 0 20 217 47 935 14,0.0 0.0 0.08372093023255814 0.05955721858434674 0.7014925373134329 0.46321746160064675 0.8977272727272727,972.4456765300051,0,21354,0 0 20 183 40 827 5,0.0 0.0 0.08372093023255814 0.04895541004053633 0.5970149253731343 0.375909458367017 0.7954545454545454,950.4207540325558,0,21685,0 0 20 183 40 826 6,0.0 0.0 0.08372093023255814 0.04895541004053633 0.5970149253731343 0.37510105092966856 0.8068181818181818,950.424033594546,0,21686,0 0 17 183 55 706 -16,0.0 0.0 0.06976744186046512 0.04895541004053633 0.8208955223880597 0.27809215844785773 0.5568181818181818,832.0571206502902,0,22065,0 0 20 201 47 853 8,0.0 0.0 0.08372093023255814 0.0545681322107889 0.7014925373134329 0.396928051738076 0.8295454545454546,966.7255142396398,0,21497,0 0 20 215 51 887 -1,0.0 0.0 0.08372093023255814 0.05893358278765201 0.7611940298507462 0.4244139046079224 0.7272727272727273,977.23369987166,0,21413,0 0 26 234 66 1093 19,0.0 0.0 0.11162790697674418 0.06485812285625195 0.9850746268656716 0.5909458367016976 0.9545454545454546,1286.5086591318234,0,20667
resolved-c28d-3600-all/resolved-c28d-3600-2nd/nsp-n40-d28-r0.10-rp2-fp2-s1,0 3 22 9 0 268 -182,0.0 1.0 0.0 0.0 0.0 0.0 0.0,100000.0,0,4807,0 2 37 400 82 2445 -27,0.0 0.0 0.02862595419847328 0.6683760683760683 0.42487046632124353 0.5867924528301887 0.9451219512195121,1003.9357034724469,0,38483,0 2 79 475 89 2955 -18,0.0 0.0 0.10877862595419847 0.7965811965811965 0.46113989637305697 0.7242587601078168 1.0,1938.724033361565,0,38118,0 2 151 502 185 2871 -53,0.0 0.0 0.24618320610687022 0.8427350427350427 0.9585492227979274 0.7016172506738545 0.7865853658536586,3408.22478395613,0,47072,0 2 175 545 188 2784 -62,0.0 0.0 0.2919847328244275 0.9162393162393162 0.9740932642487047 0.678167115902965 0.7317073170731707,3941.0093493845648,0,45049,0 2 489 570 127 3847 -44,0.0 0.0 0.8912213740458015 0.958974358974359 0.6580310880829016 0.9646900269541779 0.8414634146341463,9947.47957192484,0,41164,0 2 151 529 193 2837 -67,0.0 0.0 0.24618320610687022 0.8888888888888888 1.0 0.6924528301886792 0.7012195121951219,3458.346697771673,0,46733,0 2 177 529 144 2672 -47,0.0 0.0 0.2958015267175573 0.8888888888888888 0.7461139896373057 0.647978436657682 0.823170731707317,3928.818510126476,0,44911,0 2 546 574 157 3978 -25,0.0 0.0 1.0 0.9658119658119658 0.8134715025906736 1.0 0.9573170731707317,11058.116433144203,0,37903,0 2 175 547 172 2646 -49,0.0 0.0 0.2919847328244275 0.9196581196581196 0.8911917098445595 0.6409703504043127 0.8109756097560976,3935.84529800065,0,44980,0 2 141 526 157 2868 -36,0.0 0.0 0.22709923664122136 0.8837606837606837 0.8134715025906736 0.7008086253369272 0.8902439024390244,3243.9985305877726,0,47535,0 2 212 577 113 3091 -31,0.0 0.0 0.36259541984732824 0.9709401709401709 0.5854922279792746 0.7609164420485175 0.9207317073170732,4663.973488339183,0,42821,0 2 157 594 172 2998 -54,0.0 0.0 0.25763358778625955 1.0 0.8911917098445595 0.7358490566037735 0.7804878048780488,3673.5940272179673,0,45204,0 2 202 511 150 2870 -24,0.0 0.0 0.3435114503816794 0.8581196581196581 0.7772020725388601 0.7013477088948787 0.9634146341463414,4378.931260913433,0,44148,0 2 155 581 174 2914 -50,0.0 0.0 0.2538167938931298 0.9777777777777777 0.9015544041450777 0.7132075471698113 0.8048780487804879,3614.038110644062,0,46121,0 2 151 540 186 2847 -65,0.0 0.0 0.24618320610687022 0.9076923076923077 0.9637305699481865 0.6951482479784367 0.7134146341463414,3473.5623228697596,0,46603,0 2 155 581 175 2906 -51,0.0 0.0 0.2538167938931298 0.9777777777777777 0.9067357512953368 0.7110512129380054 0.7987804878048781,3614.528584455794,0,46119,0 2 157 584 172 2991 -48,0.0 0.0 0.25763358778625955 0.9829059829059829 0.8911917098445595 0.7339622641509433 0.8170731707317073,3656.517727565276,0,45355,0 2 141 529 158 2891 -38,0.0 0.0 0.22709923664122136 0.8888888888888888 0.8186528497409327 0.7070080862533693 0.8780487804878049,3249.694669918217,0,47483
resolved-c28d-3600-all/resolved-c28d-3600-2nd/nsp-n30-d28-r0.10-rp2-fp2-s4,0 2 0 0 0 109 -132,0.0 0.0 0.0 0.0 0.0 0.046511627906976744 0.0,0.46511627906976744,0,26033,0 2 0 0 0 107 -118,0.0 0.0 0.0 0.0 0.0 0.0 0.21212121212121213,0.21212121212121213,0,25911,0 2 0 0 0 111 -84,0.0 0.0 0.0 0.0 0.0 0.09302325581395349 0.7272727272727273,1.6575052854122623,0,25831,0 2 0 0 0 150 -77,0.0 0.0 0.0 0.0 0.0 1.0 0.8333333333333334,10.833333333333334,0,16423,0 2 0 0 0 141 -68,0.0 0.0 0.0 0.0 0.0 0.7906976744186046 0.9696969696969697,8.876673713883015,0,16441,0 2 0 0 0 141 -68,0.0 0.0 0.0 0.0 0.0 0.7906976744186046 0.9696969696969697,8.876673713883015,0,16441,0 2 0 0 0 150 -77,0.0 0.0 0.0 0.0 0.0 1.0 0.8333333333333334,10.833333333333334,0,16423,0 2 0 0 0 141 -66,0.0 0.0 0.0 0.0 0.0 0.7906976744186046 1.0,8.906976744186046,0,16439,0 2 0 0 0 150 -75,0.0 0.0 0.0 0.0 0.0 1.0 0.8636363636363636,10.863636363636363,0,16421,0 2 0 0 0 141 -66,0.0 0.0 0.0 0.0 0.0 0.7906976744186046 1.0,8.906976744186046,0,16439,0 2 0 0 0 150 -75,0.0 0.0 0.0 0.0 0.0 1.0 0.8636363636363636,10.863636363636363,0,16421,0 2 0 0 0 150 -76,0.0 0.0 0.0 0.0 0.0 1.0 0.8484848484848485,10.848484848484848,0,16422,0 2 0 0 0 150 -77,0.0 0.0 0.0 0.0 0.0 1.0 0.8333333333333334,10.833333333333334,0,16423,0 2 0 0 0 141 -68,0.0 0.0 0.0 0.0 0.0 0.7906976744186046 0.9696969696969697,8.876673713883015,0,16441,0 2 0 0 0 150 -75,0.0 0.0 0.0 0.0 0.0 1.0 0.8636363636363636,10.863636363636363,0,16421,0 2 0 0 0 141 -67,0.0 0.0 0.0 0.0 0.0 0.7906976744186046 0.9848484848484849,8.89182522903453,0,16440,0 2 0 0 0 141 -67,0.0 0.0 0.0 0.0 0.0 0.7906976744186046 0.9848484848484849,8.89182522903453,0,16440,0 2 0 0 0 141 -67,0.0 0.0 0.0 0.0 0.0 0.7906976744186046 0.9848484848484849,8.89182522903453,0,16440,0 2 0 0 0 141 -67,0.0 0.0 0.0 0.0 0.0 0.7906976744186046 0.9848484848484849,8.89182522903453,0,16440
resolved-c28d-3600-all/resolved-c28d-3600-2nd/nsp-n10-d28-r0.10-rp0-fp0-s5,0 0 2 0 0 118 -43,0.0 0.0 0.0 0.0 0.0 0.125 0.058823529411764705,1.3088235294117647,0,6718,0 0 2 0 0 117 -42,0.0 0.0 0.0 0.0 0.0 0.0 0.11764705882352941,0.11764705882352941,0,6740,0 0 2 0 0 118 -44,0.0 0.0 0.0 0.0 0.0 0.125 0.0,1.25,0,6721,0 0 2 0 0 125 -27,0.0 0.0 0.0 0.0 0.0 1.0 1.0,11.0,0,3965,0 0 2 0 0 125 -27,0.0 0.0 0.0 0.0 0.0 1.0 1.0,11.0,0,3965,0 0 2 0 0 125 -27,0.0 0.0 0.0 0.0 0.0 1.0 1.0,11.0,0,3965,0 0 2 0 0 125 -27,0.0 0.0 0.0 0.0 0.0 1.0 1.0,11.0,0,3965,0 0 2 0 0 125 -27,0.0 0.0 0.0 0.0 0.0 1.0 1.0,11.0,0,3965,0 0 2 0 0 125 -27,0.0 0.0 0.0 0.0 0.0 1.0 1.0,11.0,0,3965,0 0 2 0 0 125 -27,0.0 0.0 0.0 0.0 0.0 1.0 1.0,11.0,0,3965,0 0 2 0 0 125 -27,0.0 0.0 0.0 0.0 0.0 1.0 1.0,11.0,0,3965,0 0 2 0 0 125 -27,0.0 0.0 0.0 0.0 0.0 1.0 1.0,11.0,0,3965,0 0 2 0 0 125 -27,0.0 0.0 0.0 0.0 0.0 1.0 1.0,11.0,0,3965,0 0 2 0 0 125 -27,0.0 0.0 0.0 0.0 0.0 1.0 1.0,11.0,0,3965,0 0 2 0 0 125 -27,0.0 0.0 0.0 0.0 0.0 1.0 1.0,11.0,0,3965,0 0 2 0 0 125 -27,0.0 0.0 0.0 0.0 0.0 1.0 1.0,11.0,0,3965,0 0 2 0 0 125 -27,0.0 0.0 0.0 0.0 0.0 1.0 1.0,11.0,0,3965,0 0 2 0 0 125 -27,0.0 0.0 0.0 0.0 0.0 1.0 1.0,11.0,0,3965,0 0 2 0 0 125 -27,0.0 0.0 0.0 0.0 0.0 1.0 1.0,11.0,0,3965
resolved-c28d-3600-all/resolved-c28d-3600-2nd/nsp-n10-d28-r0.10-rp0-fp0-s0,0 1 0 0 0 76 -37,0.0 0.0 0.0 0.0 0.0 0.0 0.29411764705882354,0.29411764705882354,0,23017,0 1 0 0 0 77 -42,0.0 0.0 0.0 0.0 0.0 0.05555555555555555 0.0,0.5555555555555556,0,23069,0 1 0 0 0 77 -36,0.0 0.0 0.0 0.0 0.0 0.05555555555555555 0.35294117647058826,0.9084967320261439,0,23057,0 1 0 0 0 94 -29,0.0 0.0 0.0 0.0 0.0 1.0 0.7647058823529411,10.764705882352942,0,19019,0 1 0 0 0 94 -28,0.0 0.0 0.0 0.0 0.0 1.0 0.8235294117647058,10.823529411764707,0,19018,0 1 0 0 0 94 -31,0.0 0.0 0.0 0.0 0.0 1.0 0.6470588235294118,10.647058823529411,0,19021,0 1 0 0 0 94 -27,0.0 0.0 0.0 0.0 0.0 1.0 0.8823529411764706,10.882352941176471,0,19017,0 1 0 0 0 94 -30,0.0 0.0 0.0 0.0 0.0 1.0 0.7058823529411765,10.705882352941176,0,19020,0 1 0 0 0 94 -27,0.0 0.0 0.0 0.0 0.0 1.0 0.8823529411764706,10.882352941176471,0,19017,0 1 0 0 0 94 -30,0.0 0.0 0.0 0.0 0.0 1.0 0.7058823529411765,10.705882352941176,0,19020,0 1 0 0 0 94 -31,0.0 0.0 0.0 0.0 0.0 1.0 0.6470588235294118,10.647058823529411,0,19021,0 1 0 0 0 94 -30,0.0 0.0 0.0 0.0 0.0 1.0 0.7058823529411765,10.705882352941176,0,19020,0 1 0 0 0 94 -29,0.0 0.0 0.0 0.0 0.0 1.0 0.7647058823529411,10.764705882352942,0,19019,0 1 0 0 0 94 -28,0.0 0.0 0.0 0.0 0.0 1.0 0.8235294117647058,10.823529411764707,0,19018,0 1 0 0 0 94 -29,0.0 0.0 0.0 0.0 0.0 1.0 0.7647058823529411,10.764705882352942,0,19019,0 1 0 0 0 94 -30,0.0 0.0 0.0 0.0 0.0 1.0 0.7058823529411765,10.705882352941176,0,19020,0 1 0 0 0 94 -25,0.0 0.0 0.0 0.0 0.0 1.0 1.0,11.0,0,19015,0 1 0 0 0 94 -29,0.0 0.0 0.0 0.0 0.0 1.0 0.7647058823529411,10.764705882352942,0,19019,0 1 0 0 0 94 -26,0.0 0.0 0.0 0.0 0.0 1.0 0.9411764705882353,10.941176470588236,0,19016
resolved-c28d-3600-all/resolved-c28d-3600-2nd/nsp-n30-d28-r0.10-rp2-fp2-s9,0 8 319 351 86 1318 -11,0.0 0.0 0.0 0.0 0.0 0.0 0.0,0.0,0,10993,0 72 459 397 100 1639 8,0.0 0.20915032679738563 0.24054982817869416 0.1141439205955335 0.16470588235294117 0.6591375770020534 0.30158730158730157,23458.03843342794,0,10139,0 157 564 437 129 1494 3,0.0 0.4869281045751634 0.4209621993127148 0.21339950372208435 0.5058823529411764 0.3613963039014374 0.2222222222222222,53170.25637492092,0,10304,0 259 852 728 141 1606 36,0.0 0.8202614379084967 0.915807560137457 0.9354838709677419 0.6470588235294118 0.5913757700205339 0.746031746031746,92191.06893499117,0,36917,0 245 884 736 146 1730 36,0.0 0.7745098039215687 0.9707903780068728 0.9553349875930521 0.7058823529411765 0.8459958932238193 0.746031746031746,88194.01338579104,0,37433,0 251 880 754 157 1749 31,0.0 0.7941176470588235 0.9639175257731959 1.0 0.8352941176470589 0.8850102669404517 0.6666666666666666,90143.98614471509,0,37137,0 245 881 720 146 1733 35,0.0 0.7745098039215687 0.9656357388316151 0.9156327543424317 0.7058823529411765 0.8521560574948666 0.7301587301587301,88102.81048941468,0,37449,0 252 878 726 146 1692 41,0.0 0.7973856209150327 0.9604810996563574 0.9305210918114144 0.7058823529411765 0.7679671457905544 0.8253968253968254,90352.98748345568,0,37065,0 251 884 730 152 1697 36,0.0 0.7941176470588235 0.9707903780068728 0.9404466501240695 0.7764705882352941 0.7782340862422998 0.746031746031746,90146.29056750714,0,37107,0 237 842 667 159 1805 36,0.0 0.7483660130718954 0.8986254295532646 0.7841191066997518 0.8588235294117647 1.0 0.746031746031746,84703.60309410914,0,37774,0 314 879 734 159 1482 30,0.0 1.0 0.9621993127147767 0.9503722084367245 0.8588235294117647 0.33675564681724846 0.6507936507936508,110662.26603864464,0,33765,0 250 885 733 154 1751 30,0.0 0.7908496732026143 0.9725085910652921 0.9478908188585607 0.8 0.8891170431211499 0.6507936507936508,89847.48601385493,0,37215,0 283 901 700 171 1569 52,0.0 0.8986928104575164 1.0 0.8660049627791563 1.0 0.5154004106776181 1.0,100841.44001263757,0,35778,0 259 852 728 141 1606 36,0.0 0.8202614379084967 0.915807560137457 0.9354838709677419 0.6470588235294118 0.5913757700205339 0.746031746031746,92191.06893499117,0,36917,0 259 852 728 141 1606 36,0.0 0.8202614379084967 0.915807560137457 0.9354838709677419 0.6470588235294118 0.5913757700205339 0.746031746031746,92191.06893499117,0,36917,0 243 863 672 149 1723 35,0.0 0.7679738562091504 0.9347079037800687 0.7965260545905707 0.7411764705882353 0.8316221765913757 0.7301587301587301,87024.1547408612,0,37530,0 252 878 726 146 1692 41,0.0 0.7973856209150327 0.9604810996563574 0.9305210918114144 0.7058823529411765 0.7679671457905544 0.8253968253968254,90352.98748345568,0,37065,0 264 898 700 153 1624 39,0.0 0.8366013071895425 0.9948453608247423 0.8660049627791563 0.788235294117647 0.6283367556468172 0.7936507936507936,94560.48983774272,0,36571,0 259 852 728 141 1606 36,0.0 0.8202614379084967 0.915807560137457 0.9354838709677419 0.6470588235294118 0.5913757700205339 0.746031746031746,92191.06893499117,0,36917
resolved-c28d-3600-all/resolved-c28d-3600-2nd/nsp-n20-d28-r0.10-rp2-fp2-s2,0 0 10 43 0 121 -48,0.0 0.0 0.0 1.0 0.0 1.0 0.6170212765957447,1010.6170212765958,0,3172,0 0 10 0 0 73 -77,0.0 0.0 0.0 0.0 0.0 0.0 0.0,0.0,0,20091,0 0 10 0 0 74 -56,0.0 0.0 0.0 0.0 0.0 0.020833333333333332 0.44680851063829785,0.6551418439716312,0,20058,0 0 10 0 0 105 -32,0.0 0.0 0.0 0.0 0.0 0.6666666666666666 0.9574468085106383,7.624113475177304,0,21905,0 0 10 0 0 105 -31,0.0 0.0 0.0 0.0 0.0 0.6666666666666666 0.9787234042553191,7.6453900709219855,0,21904,0 0 10 0 0 104 -44,0.0 0.0 0.0 0.0 0.0 0.6458333333333334 0.7021276595744681,7.160460992907802,0,21907,0 0 10 0 0 104 -45,0.0 0.0 0.0 0.0 0.0 0.6458333333333334 0.6808510638297872,7.139184397163121,0,21908,0 0 10 0 0 104 -44,0.0 0.0 0.0 0.0 0.0 0.6458333333333334 0.7021276595744681,7.160460992907802,0,21907,0 0 10 0 0 104 -45,0.0 0.0 0.0 0.0 0.0 0.6458333333333334 0.6808510638297872,7.139184397163121,0,21908,0 0 10 0 0 105 -30,0.0 0.0 0.0 0.0 0.0 0.6666666666666666 1.0,7.666666666666666,0,21903,0 0 10 0 0 105 -32,0.0 0.0 0.0 0.0 0.0 0.6666666666666666 0.9574468085106383,7.624113475177304,0,21905,0 0 10 0 0 104 -45,0.0 0.0 0.0 0.0 0.0 0.6458333333333334 0.6808510638297872,7.139184397163121,0,21908,0 0 10 0 0 104 -44,0.0 0.0 0.0 0.0 0.0 0.6458333333333334 0.7021276595744681,7.160460992907802,0,21907,0 0 10 0 0 104 -45,0.0 0.0 0.0 0.0 0.0 0.6458333333333334 0.6808510638297872,7.139184397163121,0,21908,0 0 10 0 0 104 -45,0.0 0.0 0.0 0.0 0.0 0.6458333333333334 0.6808510638297872,7.139184397163121,0,21908,0 0 10 0 0 105 -32,0.0 0.0 0.0 0.0 0.0 0.6666666666666666 0.9574468085106383,7.624113475177304,0,21905,0 0 10 0 0 104 -45,0.0 0.0 0.0 0.0 0.0 0.6458333333333334 0.6808510638297872,7.139184397163121,0,21908,0 0 10 0 0 104 -44,0.0 0.0 0.0 0.0 0.0 0.6458333333333334 0.7021276595744681,7.160460992907802,0,21907,0 0 10 0 0 104 -44,0.0 0.0 0.0 0.0 0.0 0.6458333333333334 0.7021276595744681,7.160460992907802,0,21907
resolved-c28d-3600-all/resolved-c28d-3600-2nd/nsp-n10-d28-r0.10-rp0-fp0-s4,0 1 0 0 0 93 -39,0.0 0.0 0.0 0.0 0.0 0.0 0.16666666666666666,0.16666666666666666,0,24907,0 1 0 0 0 94 -42,0.0 0.0 0.0 0.0 0.0 0.05555555555555555 0.0,0.5555555555555556,0,25004,0 1 0 0 0 96 -42,0.0 0.0 0.0 0.0 0.0 0.16666666666666666 0.0,1.6666666666666665,0,24979,0 1 0 0 0 108 -26,0.0 0.0 0.0 0.0 0.0 0.8333333333333334 0.8888888888888888,9.222222222222223,0,34940,0 1 0 0 0 108 -26,0.0 0.0 0.0 0.0 0.0 0.8333333333333334 0.8888888888888888,9.222222222222223,0,34940,0 1 0 0 0 108 -26,0.0 0.0 0.0 0.0 0.0 0.8333333333333334 0.8888888888888888,9.222222222222223,0,34940,0 1 0 0 0 108 -26,0.0 0.0 0.0 0.0 0.0 0.8333333333333334 0.8888888888888888,9.222222222222223,0,34940,0 1 0 0 0 108 -26,0.0 0.0 0.0 0.0 0.0 0.8333333333333334 0.8888888888888888,9.222222222222223,0,34940,0 1 0 0 0 110 -26,0.0 0.0 0.0 0.0 0.0 0.9444444444444444 0.8888888888888888,10.333333333333334,0,34936,0 1 0 0 0 108 -26,0.0 0.0 0.0 0.0 0.0 0.8333333333333334 0.8888888888888888,9.222222222222223,0,34940,0 1 0 0 0 108 -26,0.0 0.0 0.0 0.0 0.0 0.8333333333333334 0.8888888888888888,9.222222222222223,0,34940,0 1 0 0 0 108 -26,0.0 0.0 0.0 0.0 0.0 0.8333333333333334 0.8888888888888888,9.222222222222223,0,34940,0 1 0 0 0 111 -30,0.0 0.0 0.0 0.0 0.0 1.0 0.6666666666666666,10.666666666666666,0,34934,0 1 0 0 0 108 -26,0.0 0.0 0.0 0.0 0.0 0.8333333333333334 0.8888888888888888,9.222222222222223,0,34940,0 1 0 0 0 104 -25,0.0 0.0 0.0 0.0 0.0 0.6111111111111112 0.9444444444444444,7.055555555555556,0,34945,0 1 0 0 0 108 -26,0.0 0.0 0.0 0.0 0.0 0.8333333333333334 0.8888888888888888,9.222222222222223,0,34940,0 1 0 0 0 105 -24,0.0 0.0 0.0 0.0 0.0 0.6666666666666666 1.0,7.666666666666666,0,34941,0 1 0 0 0 108 -26,0.0 0.0 0.0 0.0 0.0 0.8333333333333334 0.8888888888888888,9.222222222222223,0,34940,0 1 0 0 0 108 -26,0.0 0.0 0.0 0.0 0.0 0.8333333333333334 0.8888888888888888,9.222222222222223,0,34940
resolved-c28d-3600-all/resolved-c28d-3600-2nd/nsp-n20-d28-r0.10-rp2-fp2-s4,0 1 2 1 0 71 -82,0.0 0.0 1.0 1.0 0.0 0.2 0.0,11002.0,0,3841,0 1 0 0 0 65 -63,0.0 0.0 0.0 0.0 0.0 0.0 0.36538461538461536,0.36538461538461536,0,47498,0 1 0 0 0 75 -56,0.0 0.0 0.0 0.0 0.0 0.3333333333333333 0.5,3.833333333333333,0,47448,0 1 0 0 0 93 -30,0.0 0.0 0.0 0.0 0.0 0.9333333333333333 1.0,10.333333333333334,0,34567,0 1 0 0 0 95 -52,0.0 0.0 0.0 0.0 0.0 1.0 0.5769230769230769,10.576923076923077,0,34562,0 1 0 0 0 95 -52,0.0 0.0 0.0 0.0 0.0 1.0 0.5769230769230769,10.576923076923077,0,34562,0 1 0 0 0 93 -31,0.0 0.0 0.0 0.0 0.0 0.9333333333333333 0.9807692307692307,10.314102564102564,0,34568,0 1 0 0 0 93 -33,0.0 0.0 0.0 0.0 0.0 0.9333333333333333 0.9423076923076923,10.275641025641026,0,34569,0 1 0 0 0 93 -31,0.0 0.0 0.0 0.0 0.0 0.9333333333333333 0.9807692307692307,10.314102564102564,0,34568,0 1 0 0 0 93 -33,0.0 0.0 0.0 0.0 0.0 0.9333333333333333 0.9423076923076923,10.275641025641026,0,34569,0 1 0 0 0 95 -52,0.0 0.0 0.0 0.0 0.0 1.0 0.5769230769230769,10.576923076923077,0,34562,0 1 0 0 0 93 -30,0.0 0.0 0.0 0.0 0.0 0.9333333333333333 1.0,10.333333333333334,0,34567,0 1 0 0 0 93 -31,0.0 0.0 0.0 0.0 0.0 0.9333333333333333 0.9807692307692307,10.314102564102564,0,34568,0 1 0 0 0 95 -52,0.0 0.0 0.0 0.0 0.0 1.0 0.5769230769230769,10.576923076923077,0,34562,0 1 0 0 0 95 -52,0.0 0.0 0.0 0.0 0.0 1.0 0.5769230769230769,10.576923076923077,0,34562,0 1 0 0 0 93 -33,0.0 0.0 0.0 0.0 0.0 0.9333333333333333 0.9423076923076923,10.275641025641026,0,34569,0 1 0 0 0 93 -33,0.0 0.0 0.0 0.0 0.0 0.9333333333333333 0.9423076923076923,10.275641025641026,0,34569,0 1 0 0 0 93 -30,0.0 0.0 0.0 0.0 0.0 0.9333333333333333 1.0,10.333333333333334,0,34567,0 1 0 0 0 93 -33,0.0 0.0 0.0 0.0 0.0 0.9333333333333333 0.9423076923076923,10.275641025641026,0,34569
resolved-c28d-3600-all/resolved-c28d-3600-2nd/nsp-n50-d28-r0.10-rp2-fp2-s7,0 3 204 650 31 1977 -35,0.0 1.0 1.0 1.0 1.0 1.0 0.7898550724637681,111110.78985507246,0,9259,0 2 0 0 0 375 -142,0.0 0.0 0.0 0.0 0.0 0.0 0.014492753623188406,0.014492753623188406,0,19218,0 2 0 0 0 447 -143,0.0 0.0 0.0 0.0 0.0 0.0449438202247191 0.007246376811594203,0.4566845790587852,0,18996,0 2 0 0 0 430 -122,0.0 0.0 0.0 0.0 0.0 0.03433208489388265 0.15942028985507245,0.5027411387938989,0,22106,0 2 0 0 0 420 -120,0.0 0.0 0.0 0.0 0.0 0.028089887640449437 0.17391304347826086,0.45481191988275527,0,22121,0 2 0 0 0 420 -120,0.0 0.0 0.0 0.0 0.0 0.028089887640449437 0.17391304347826086,0.45481191988275527,0,22121,0 2 0 0 0 420 -119,0.0 0.0 0.0 0.0 0.0 0.028089887640449437 0.18115942028985507,0.4620582966943495,0,22120,0 2 0 0 0 430 -121,0.0 0.0 0.0 0.0 0.0 0.03433208489388265 0.16666666666666666,0.5099875156054932,0,22105,0 2 0 0 0 420 -119,0.0 0.0 0.0 0.0 0.0 0.028089887640449437 0.18115942028985507,0.4620582966943495,0,22120,0 2 0 0 0 430 -123,0.0 0.0 0.0 0.0 0.0 0.03433208489388265 0.15217391304347827,0.49549476198230474,0,22107,0 2 0 0 0 480 -144,0.0 0.0 0.0 0.0 0.0 0.06554307116104868 0.0,0.6554307116104868,0,22030,0 2 0 0 0 420 -119,0.0 0.0 0.0 0.0 0.0 0.028089887640449437 0.18115942028985507,0.4620582966943495,0,22120,0 2 0 0 0 430 -123,0.0 0.0 0.0 0.0 0.0 0.03433208489388265 0.15217391304347827,0.49549476198230474,0,22107,0 2 0 0 0 420 -120,0.0 0.0 0.0 0.0 0.0 0.028089887640449437 0.17391304347826086,0.45481191988275527,0,22121,0 2 0 0 0 420 -119,0.0 0.0 0.0 0.0 0.0 0.028089887640449437 0.18115942028985507,0.4620582966943495,0,22120,0 2 0 0 0 420 -119,0.0 0.0 0.0 0.0 0.0 0.028089887640449437 0.18115942028985507,0.4620582966943495,0,22120,0 2 0 31 1 1005 -6,0.0 0.0 0.0 0.047692307692307694 0.03225806451612903 0.39325842696629215 1.0,55.850698413583515,0,20084,0 2 0 0 0 420 -120,0.0 0.0 0.0 0.0 0.0 0.028089887640449437 0.17391304347826086,0.45481191988275527,0,22121,0 2 0 0 0 420 -119,0.0 0.0 0.0 0.0 0.0 0.028089887640449437 0.18115942028985507,0.4620582966943495,0,22120
resolved-c28d-3600-all/resolved-c28d-3600-2nd/nsp-n10-d28-r0.10-rp0-fp0-s7,0 0 0 0 0 74 -29,0.0 0.0 0.0 0.0 0.0 0.05 0.16666666666666666,0.6666666666666666,0,163,0 0 0 0 0 73 -31,0.0 0.0 0.0 0.0 0.0 0.0 0.0,0.0,0,167,0 0 0 0 0 73 -28,0.0 0.0 0.0 0.0 0.0 0.0 0.25,0.25,0,142,0 0 0 0 0 90 -20,0.0 0.0 0.0 0.0 0.0 0.85 0.9166666666666666,9.416666666666666,0,98,0 0 0 0 0 93 -20,0.0 0.0 0.0 0.0 0.0 1.0 0.9166666666666666,10.916666666666666,0,75,0 0 0 0 0 90 -21,0.0 0.0 0.0 0.0 0.0 0.85 0.8333333333333334,9.333333333333334,0,99,0 0 0 0 0 90 -21,0.0 0.0 0.0 0.0 0.0 0.85 0.8333333333333334,9.333333333333334,0,99,0 0 0 0 0 90 -21,0.0 0.0 0.0 0.0 0.0 0.85 0.8333333333333334,9.333333333333334,0,99,0 0 0 0 0 90 -21,0.0 0.0 0.0 0.0 0.0 0.85 0.8333333333333334,9.333333333333334,0,99,0 0 0 0 0 90 -19,0.0 0.0 0.0 0.0 0.0 0.85 1.0,9.5,0,97,0 0 0 0 0 90 -21,0.0 0.0 0.0 0.0 0.0 0.85 0.8333333333333334,9.333333333333334,0,99,0 0 0 0 0 90 -21,0.0 0.0 0.0 0.0 0.0 0.85 0.8333333333333334,9.333333333333334,0,99,0 0 0 0 0 90 -21,0.0 0.0 0.0 0.0 0.0 0.85 0.8333333333333334,9.333333333333334,0,99,0 0 0 0 0 90 -21,0.0 0.0 0.0 0.0 0.0 0.85 0.8333333333333334,9.333333333333334,0,99,0 0 0 0 0 90 -21,0.0 0.0 0.0 0.0 0.0 0.85 0.8333333333333334,9.333333333333334,0,99,0 0 0 0 0 93 -19,0.0 0.0 0.0 0.0 0.0 1.0 1.0,11.0,0,74,0 0 0 0 0 90 -21,0.0 0.0 0.0 0.0 0.0 0.85 0.8333333333333334,9.333333333333334,0,99,0 0 0 0 0 90 -21,0.0 0.0 0.0 0.0 0.0 0.85 0.8333333333333334,9.333333333333334,0,99,0 0 0 0 0 90 -20,0.0 0.0 0.0 0.0 0.0 0.85 0.9166666666666666,9.416666666666666,0,98
resolved-c28d-3600-all/resolved-c28d-3600-2nd/nsp-n30-d28-r0.10-rp2-fp2-s7,0 0 0 0 0 84 -150,0.0 0.0 0.0 0.0 0.0 0.07692307692307693 0.045454545454545456,0.8146853146853147,0,574,0 0 0 0 0 80 -153,0.0 0.0 0.0 0.0 0.0 0.0 0.0,0.0,0,514,0 0 0 0 0 92 -132,0.0 0.0 0.0 0.0 0.0 0.23076923076923078 0.3181818181818182,2.6258741258741263,0,395,0 0 0 0 0 132 -87,0.0 0.0 0.0 0.0 0.0 1.0 1.0,11.0,0,133,0 0 0 0 0 132 -87,0.0 0.0 0.0 0.0 0.0 1.0 1.0,11.0,0,133,0 0 0 0 0 132 -87,0.0 0.0 0.0 0.0 0.0 1.0 1.0,11.0,0,133,0 0 0 0 0 132 -87,0.0 0.0 0.0 0.0 0.0 1.0 1.0,11.0,0,133,0 0 0 0 0 132 -87,0.0 0.0 0.0 0.0 0.0 1.0 1.0,11.0,0,133,0 0 0 0 0 132 -87,0.0 0.0 0.0 0.0 0.0 1.0 1.0,11.0,0,133,0 0 0 0 0 132 -87,0.0 0.0 0.0 0.0 0.0 1.0 1.0,11.0,0,133,0 0 0 0 0 132 -87,0.0 0.0 0.0 0.0 0.0 1.0 1.0,11.0,0,133,0 0 0 0 0 132 -87,0.0 0.0 0.0 0.0 0.0 1.0 1.0,11.0,0,133,0 0 0 0 0 132 -87,0.0 0.0 0.0 0.0 0.0 1.0 1.0,11.0,0,133,0 0 0 0 0 132 -87,0.0 0.0 0.0 0.0 0.0 1.0 1.0,11.0,0,133,0 0 0 0 0 132 -87,0.0 0.0 0.0 0.0 0.0 1.0 1.0,11.0,0,133,0 0 0 0 0 132 -87,0.0 0.0 0.0 0.0 0.0 1.0 1.0,11.0,0,133,0 0 0 0 0 132 -87,0.0 0.0 0.0 0.0 0.0 1.0 1.0,11.0,0,133,0 0 0 0 0 132 -87,0.0 0.0 0.0 0.0 0.0 1.0 1.0,11.0,0,133,0 0 0 0 0 132 -87,0.0 0.0 0.0 0.0 0.0 1.0 1.0,11.0,0,133
resolved-c28d-3600-all/resolved-c28d-3600-2nd/nsp-n40-d28-r0.10-rp2-fp2-s3,0 0 0 255 3 772 -79,0.0 0.0 0.0 0.5509761388286334 0.033707865168539325 0.2079256360078278 0.3765432098765432,556.8027249154421,0,4514,0 0 0 4 0 479 -96,0.0 0.0 0.0 0.006507592190889371 0.0 0.06457925636007827 0.2716049382716049,7.424989692761758,0,5010,0 0 0 1 0 347 -140,0.0 0.0 0.0 0.0 0.0 0.0 0.0,0.0,0,16514,0 0 2 180 31 1147 15,0.0 0.0 0.05263157894736842 0.3882863340563991 0.34831460674157305 0.3913894324853229 0.9567901234567902,954.3042686525506,0,17854,0 0 0 131 16 1099 8,0.0 0.0 0.0 0.28199566160520606 0.1797752808988764 0.3679060665362035 0.9135802469135802,304.5658306073693,0,18227,0 0 35 376 82 2245 -14,0.0 0.0 0.9210526315789473 0.8134490238611713 0.9213483146067416 0.9285714285714286 0.7777777777777778,10126.173663174812,0,17123,0 0 30 440 52 1890 3,0.0 0.0 0.7894736842105263 0.9522776572668112 0.5842696629213483 0.7548923679060665 0.8827160493827161,8913.873105392653,0,17364,0 0 9 293 39 1754 -28,0.0 0.0 0.23684210526315788 0.6334056399132321 0.43820224719101125 0.6883561643835616 0.691358024691358,3053.221836932439,0,17710,0 0 30 438 53 1890 2,0.0 0.0 0.7894736842105263 0.9479392624728851 0.5955056179775281 0.7548923679060665 0.8765432098765432,8910.652133264839,0,17366,0 0 1 144 28 1223 3,0.0 0.0 0.02631578947368421 0.31019522776572667 0.3146067415730337 0.42857142857142855 0.8827160493827161,609.9822269949691,0,18005,0 0 4 255 25 1535 -11,0.0 0.0 0.10526315789473684 0.5509761388286334 0.2808988764044944 0.5812133072407045 0.7962962962962963,1638.3060347851545,0,17804,0 0 38 462 89 2391 -18,0.0 0.0 1.0 1.0 1.0 1.0 0.7530864197530864,11110.753086419752,0,16788,0 0 6 276 25 1575 1,0.0 0.0 0.15789473684210525 0.596529284164859 0.2808988764044944 0.6007827788649707 0.8703703703703703,2210.444738385381,0,17800,0 0 0 174 17 1194 8,0.0 0.0 0.0 0.3752711496746204 0.19101123595505617 0.4143835616438356 0.9135802469135802,399.42968913347795,0,18104,0 0 0 114 8 1201 22,0.0 0.0 0.0 0.24511930585683298 0.0898876404494382 0.4178082191780822 1.0,259.28615209355763,0,18301,0 0 0 149 10 1193 0,0.0 0.0 0.0 0.3210412147505423 0.11235955056179775 0.41389432485322897 0.8641975308641975,337.2803105861186,0,18158,0 0 0 114 7 1187 20,0.0 0.0 0.0 0.24511930585683298 0.07865168539325842 0.410958904109589 0.9876543209876543,258.08171775824235,0,18322,0 0 8 245 21 1614 -24,0.0 0.0 0.21052631578947367 0.5292841648590022 0.23595505617977527 0.6198630136986302 0.7160493827160493,2665.057507891419,0,17763,0 0 23 351 58 1866 -12,0.0 0.0 0.6052631578947368 0.7592190889370932 0.651685393258427 0.7431506849315068 0.7901234567901234,6885.24083751641,0,17564
resolved-c28d-3600-all/resolved-c28d-3600-2nd/nsp-n40-d28-r0.10-rp2-fp2-s0,0 0 2 296 2 717 -41,0.0 0.0 1.0 1.0 1.0 1.0 1.0,11111.0,0,4553,0 0 0 2 0 454 -72,0.0 0.0 0.0 0.003389830508474576 0.0 0.42701525054466233 0.5571428571428572,8.217125871064058,0,11711,0 0 0 1 0 258 -90,0.0 0.0 0.0 0.0 0.0 0.0 0.3,0.3,0,11629,0 0 0 1 0 307 -64,0.0 0.0 0.0 0.0 0.0 0.10675381263616558 0.6714285714285714,1.7389666977902274,0,8352,0 0 0 1 0 307 -64,0.0 0.0 0.0 0.0 0.0 0.10675381263616558 0.6714285714285714,1.7389666977902274,0,8352,0 0 0 1 0 307 -64,0.0 0.0 0.0 0.0 0.0 0.10675381263616558 0.6714285714285714,1.7389666977902274,0,8352,0 0 0 1 0 307 -64,0.0 0.0 0.0 0.0 0.0 0.10675381263616558 0.6714285714285714,1.7389666977902274,0,8352,0 0 0 1 0 307 -64,0.0 0.0 0.0 0.0 0.0 0.10675381263616558 0.6714285714285714,1.7389666977902274,0,8352,0 0 0 1 0 307 -64,0.0 0.0 0.0 0.0 0.0 0.10675381263616558 0.6714285714285714,1.7389666977902274,0,8352,0 0 0 1 0 309 -86,0.0 0.0 0.0 0.0 0.0 0.1111111111111111 0.35714285714285715,1.4682539682539684,0,8348,0 0 0 1 0 303 -111,0.0 0.0 0.0 0.0 0.0 0.09803921568627451 0.0,0.9803921568627451,0,8361,0 0 0 1 0 307 -64,0.0 0.0 0.0 0.0 0.0 0.10675381263616558 0.6714285714285714,1.7389666977902274,0,8352,0 0 0 1 0 307 -64,0.0 0.0 0.0 0.0 0.0 0.10675381263616558 0.6714285714285714,1.7389666977902274,0,8352,0 0 0 1 0 307 -64,0.0 0.0 0.0 0.0 0.0 0.10675381263616558 0.6714285714285714,1.7389666977902274,0,8352,0 0 0 1 0 307 -64,0.0 0.0 0.0 0.0 0.0 0.10675381263616558 0.6714285714285714,1.7389666977902274,0,8352,0 0 0 1 0 307 -64,0.0 0.0 0.0 0.0 0.0 0.10675381263616558 0.6714285714285714,1.7389666977902274,0,8352,0 0 0 1 0 303 -111,0.0 0.0 0.0 0.0 0.0 0.09803921568627451 0.0,0.9803921568627451,0,8361,0 0 0 1 0 307 -64,0.0 0.0 0.0 0.0 0.0 0.10675381263616558 0.6714285714285714,1.7389666977902274,0,8352,0 0 0 1 0 307 -64,0.0 0.0 0.0 0.0 0.0 0.10675381263616558 0.6714285714285714,1.7389666977902274,0,8352
resolved-c28d-3600-all/resolved-c28d-3600-2nd/nsp-n40-d28-r0.10-rp2-fp2-s9,0 1 2 459 2 770 -96,0.0 0.0 0.003861003861003861 0.13108614232209737 0.2222222222222222 0.18112798264642083 0.4134078212290503,194.14309080205146,0,5697,0 2 518 3475 9 3035 9,0.0 1.0 1.0 1.0 1.0 1.0 1.0,111111.0,0,6573,0 1 0 4 0 380 -125,0.0 0.0 0.0 0.0 0.0 0.04013015184381779 0.25139664804469275,0.6526981664828706,0,44008,0 1 0 4 0 347 -112,0.0 0.0 0.0 0.0 0.0 0.028199566160520606 0.3240223463687151,0.6060180079739211,0,44914,0 1 0 39 2 818 0,0.0 0.0 0.0 0.010083549409392106 0.2222222222222222 0.1984815618221258 0.9497206703910615,35.24030792022665,0,43825,0 1 0 4 0 333 -97,0.0 0.0 0.0 0.0 0.0 0.023138105567606652 0.40782122905027934,0.6392022847263459,0,44955,0 1 0 4 0 333 -97,0.0 0.0 0.0 0.0 0.0 0.023138105567606652 0.40782122905027934,0.6392022847263459,0,44955,0 1 0 4 0 369 -99,0.0 0.0 0.0 0.0 0.0 0.036153289949385395 0.39664804469273746,0.7581809441865914,0,44899,0 1 0 4 0 452 -170,0.0 0.0 0.0 0.0 0.0 0.06616052060737528 0.0,0.6616052060737527,0,44846,0 1 0 4 0 333 -95,0.0 0.0 0.0 0.0 0.0 0.023138105567606652 0.41899441340782123,0.6503754690838878,0,44953,0 1 0 4 0 333 -96,0.0 0.0 0.0 0.0 0.0 0.023138105567606652 0.4134078212290503,0.6447888769051168,0,44954,0 1 0 4 0 269 -117,0.0 0.0 0.0 0.0 0.0 0.0 0.29608938547486036,0.29608938547486036,0,44956,0 1 0 83 0 991 0,0.0 0.0 0.0 0.02276001152405647 0.0 0.26102675343456255 0.9497206703910615,26.319999728793157,0,43559,0 1 0 4 0 350 -98,0.0 0.0 0.0 0.0 0.0 0.02928416485900217 0.4022346368715084,0.6950762854615301,0,44906,0 1 0 4 0 333 -95,0.0 0.0 0.0 0.0 0.0 0.023138105567606652 0.41899441340782123,0.6503754690838878,0,44953,0 1 0 4 0 269 -117,0.0 0.0 0.0 0.0 0.0 0.0 0.29608938547486036,0.29608938547486036,0,44956,0 1 0 4 0 333 -95,0.0 0.0 0.0 0.0 0.0 0.023138105567606652 0.41899441340782123,0.6503754690838878,0,44953,0 1 0 4 0 369 -100,0.0 0.0 0.0 0.0 0.0 0.036153289949385395 0.39106145251396646,0.7525943520078204,0,44900,0 1 0 4 0 333 -96,0.0 0.0 0.0 0.0 0.0 0.023138105567606652 0.4134078212290503,0.6447888769051168,0,44954
resolved-c28d-3600-all/resolved-c28d-3600-2nd/nsp-n40-d28-r0.10-rp2-fp2-s2,1 23 433 154 33 1992 -45,0.0 0.0 0.0 0.0 0.0 0.6847290640394089 0.0,6.847290640394089,0,24705,2 119 674 360 96 1880 -25,0.16666666666666666 0.21238938053097345 0.34826589595375723 0.2675324675324675 0.5 0.4088669950738916 0.16806722689075632,191710.05288401167,0,16570,2 224 1125 576 90 2120 -14,0.16666666666666666 0.4446902654867257 1.0 0.548051948051948 0.4523809523809524 1.0 0.2605042016806723,221739.24376283094,0,15138,4 475 703 924 159 1871 74,0.5 1.0 0.3901734104046243 1.0 1.0 0.3866995073891626 1.0,605006.6010991201,0,26707,4 457 682 896 133 1735 52,0.5 0.9601769911504425 0.3598265895953757 0.9636363636363636 0.7936507936507936 0.05172413793103448 0.8151260504201681,600660.2988214291,0,29067,4 457 682 896 133 1735 52,0.5 0.9601769911504425 0.3598265895953757 0.9636363636363636 0.7936507936507936 0.05172413793103448 0.8151260504201681,600660.2988214291,0,29067,4 457 682 896 133 1735 51,0.5 0.9601769911504425 0.3598265895953757 0.9636363636363636 0.7936507936507936 0.05172413793103448 0.8067226890756303,600660.2904180678,0,29068,4 456 674 894 140 1747 49,0.5 0.9579646017699115 0.34826589595375723 0.961038961038961 0.8492063492063492 0.0812807881773399 0.7899159663865546,600326.6814563365,0,29220,4 457 682 896 133 1735 51,0.5 0.9601769911504425 0.3598265895953757 0.9636363636363636 0.7936507936507936 0.05172413793103448 0.8067226890756303,600660.2904180678,0,29068,4 457 682 886 143 1784 46,0.5 0.9601769911504425 0.3598265895953757 0.9506493506493506 0.873015873015873 0.1724137931034483 0.7647058823529411,600656.4047927624,0,29074,4 452 665 885 136 1716 51,0.5 0.9491150442477876 0.3352601156069364 0.9493506493506494 0.8174603174603174 0.0049261083743842365 0.8067226890756303,599296.0582457177,0,29434,4 457 682 896 133 1735 51,0.5 0.9601769911504425 0.3598265895953757 0.9636363636363636 0.7936507936507936 0.05172413793103448 0.8067226890756303,600660.2904180678,0,29068,4 452 665 885 136 1716 51,0.5 0.9491150442477876 0.3352601156069364 0.9493506493506494 0.8174603174603174 0.0049261083743842365 0.8067226890756303,599296.0582457177,0,29434,4 457 673 862 142 1730 47,0.5 0.9601769911504425 0.3468208092485549 0.9194805194805195 0.8650793650793651 0.03940886699507389 0.773109243697479,600493.0628614319,0,29145,4 452 665 885 136 1714 51,0.5 0.9491150442477876 0.3352601156069364 0.9493506493506494 0.8174603174603174 0.0 0.8067226890756303,599296.0089846338,0,29435,4 457 682 896 133 1735 52,0.5 0.9601769911504425 0.3598265895953757 0.9636363636363636 0.7936507936507936 0.05172413793103448 0.8151260504201681,600660.2988214291,0,29067,7 449 631 822 113 1849 62,1.0 0.9424778761061947 0.2861271676300578 0.8675324675324675 0.6349206349206349 0.33251231527093594 0.8991596638655462,1098044.3081007611,0,24582,4 457 673 861 142 1726 45,0.5 0.9601769911504425 0.3468208092485549 0.9181818181818182 0.8650793650793651 0.029556650246305417 0.7563025210084033,600491.648831243,0,29152,4 457 672 889 138 1736 49,0.5 0.9601769911504425 0.3453757225433526 0.9545454545454546 0.8333333333333334 0.054187192118226604 0.7899159663865546,600510.6669162441,0,29184
resolved-c28d-3600-all/resolved-c28d-3600-2nd/nsp-n50-d28-r0.10-rp2-fp2-s3,0 2 128 2440 5 2013 -140,0.0 0.0 0.0 1.0 0.0 0.0 0.0,1000.0,0,5860,0 2 2220 1012 309 8604 -23,0.0 0.0 0.723625043237634 0.14182692307692307 0.632016632016632 0.8876767676767677 0.7358490566037735,7450.891635388298,0,35110,0 2 2578 1058 353 9345 -11,0.0 0.0 0.847457627118644 0.16947115384615385 0.7234927234927235 0.9874747474747475 0.8113207547169812,8727.082765611332,0,34298,0 2 2532 808 486 8737 -4,0.0 0.0 0.8315461777931512 0.019230769230769232 1.0 0.9055892255892256 0.8553459119496856,8444.603785330124,0,38600,0 2 2422 784 414 8619 19,0.0 0.0 0.7934970598408855 0.004807692307692308 0.8503118503118503 0.8896969696969697 1.0,8034.706445444702,0,39485,0 2 3019 1054 341 9433 5,0.0 0.0 1.0 0.16706730769230768 0.6985446985446986 0.9993265993265993 0.9119496855345912,10247.826993225579,0,33431,0 2 2910 992 295 9340 8,0.0 0.0 0.9622967831200276 0.12980769230769232 0.6029106029106029 0.9868013468013468 0.9308176100628931,9823.865414877106,0,36288,0 2 2932 997 321 9328 12,0.0 0.0 0.9699066067104808 0.1328125 0.656964656964657 0.9851851851851852 0.9559748427672956,9908.382859495892,0,35684,0 2 3019 1059 341 9438 6,0.0 0.0 1.0 0.1700721153846154 0.6985446985446986 1.0 0.9182389937106918,10250.844824232796,0,33393,0 2 2272 879 356 8229 -23,0.0 0.0 0.7416118989968868 0.061899038461538464 0.7297297297297297 0.8371717171717171 0.7358490566037735,7560.098567631701,0,40550,0 2 2936 1010 322 9329 15,0.0 0.0 0.9712902109996541 0.140625 0.659043659043659 0.9853198653198654 0.9748427672955975,9930.259517321401,0,35625,0 2 2532 807 486 8728 0,0.0 0.0 0.8315461777931512 0.018629807692307692 1.0 0.9043771043771044 0.8805031446540881,8444.015859812245,0,38627,0 2 2707 894 278 9243 -4,0.0 0.0 0.8920788654444829 0.07091346153846154 0.5675675675675675 0.9737373737373738 0.8553459119496856,9059.05159238937,0,37830,0 2 2243 907 354 8297 -20,0.0 0.0 0.7315807679003805 0.07872596153846154 0.7255717255717256 0.8463299663299664 0.7547169811320755,7476.308829743871,0,40854,0 2 2226 860 338 8222 -11,0.0 0.0 0.725700449671394 0.05048076923076923 0.6923076923076923 0.8362289562289562 0.8113207547169812,7385.889645492485,0,41544,0 2 2242 904 333 8275 -9,0.0 0.0 0.7312348668280871 0.07692307692307693 0.681912681912682 0.8433670033670033 0.8238993710691824,7466.720582799956,0,40922,0 2 2427 776 415 8632 12,0.0 0.0 0.7952265652023521 0.0 0.8523908523908524 0.8914478114478115 0.9559748427672956,8047.375190219852,0,39250,0 2 2681 839 477 8834 -9,0.0 0.0 0.8830854375648565 0.03786057692307692 0.9812889812889813 0.9186531986531986 0.8238993710691824,8976.85428205814,0,38276,0 2 2399 863 420 8609 -3,0.0 0.0 0.7855413351781391 0.05228365384615385 0.8627858627858628 0.8883501683501683 0.8616352201257862,8003.720728809758,0,39786
resolved-c28d-3600-all/resolved-c28d-3600-2nd/nsp-n30-d28-r0.10-rp2-fp2-s2,0 0 0 0 0 89 -149,0.0 0.0 0.0 0.0 0.0 0.0 0.3854166666666667,0.3854166666666667,0,532,0 0 0 0 0 91 -186,0.0 0.0 0.0 0.0 0.0 0.03278688524590164 0.0,0.3278688524590164,0,443,0 0 0 0 0 91 -150,0.0 0.0 0.0 0.0 0.0 0.03278688524590164 0.375,0.7028688524590164,0,426,0 0 0 0 0 145 -90,0.0 0.0 0.0 0.0 0.0 0.9180327868852459 1.0,10.180327868852459,0,147,0 0 0 0 0 145 -90,0.0 0.0 0.0 0.0 0.0 0.9180327868852459 1.0,10.180327868852459,0,147,0 0 0 0 0 145 -90,0.0 0.0 0.0 0.0 0.0 0.9180327868852459 1.0,10.180327868852459,0,147,0 0 0 0 0 145 -90,0.0 0.0 0.0 0.0 0.0 0.9180327868852459 1.0,10.180327868852459,0,147,0 0 0 0 0 145 -90,0.0 0.0 0.0 0.0 0.0 0.9180327868852459 1.0,10.180327868852459,0,147,0 0 0 0 0 145 -90,0.0 0.0 0.0 0.0 0.0 0.9180327868852459 1.0,10.180327868852459,0,147,0 0 0 0 0 150 -96,0.0 0.0 0.0 0.0 0.0 1.0 0.9375,10.9375,0,145,0 0 0 0 0 145 -90,0.0 0.0 0.0 0.0 0.0 0.9180327868852459 1.0,10.180327868852459,0,147,0 0 0 0 0 145 -90,0.0 0.0 0.0 0.0 0.0 0.9180327868852459 1.0,10.180327868852459,0,147,0 0 0 0 0 145 -90,0.0 0.0 0.0 0.0 0.0 0.9180327868852459 1.0,10.180327868852459,0,147,0 0 0 0 0 145 -90,0.0 0.0 0.0 0.0 0.0 0.9180327868852459 1.0,10.180327868852459,0,147,0 0 0 0 0 145 -90,0.0 0.0 0.0 0.0 0.0 0.9180327868852459 1.0,10.180327868852459,0,147,0 0 0 0 0 145 -90,0.0 0.0 0.0 0.0 0.0 0.9180327868852459 1.0,10.180327868852459,0,147,0 0 0 0 0 145 -90,0.0 0.0 0.0 0.0 0.0 0.9180327868852459 1.0,10.180327868852459,0,147,0 0 0 0 0 145 -90,0.0 0.0 0.0 0.0 0.0 0.9180327868852459 1.0,10.180327868852459,0,147,0 0 0 0 0 145 -90,0.0 0.0 0.0 0.0 0.0 0.9180327868852459 1.0,10.180327868852459,0,147
resolved-c28d-3600-all/resolved-c28d-3600-2nd/nsp-n10-d28-r0.10-rp0-fp0-s2,0 0 0 0 0 67 -45,0.0 0.0 0.0 0.0 0.0 0.0 0.07692307692307693,0.07692307692307693,0,295,0 0 0 0 0 73 -46,0.0 0.0 0.0 0.0 0.0 0.5 0.038461538461538464,5.038461538461538,0,268,0 0 0 0 0 69 -47,0.0 0.0 0.0 0.0 0.0 0.16666666666666666 0.0,1.6666666666666665,0,266,0 0 0 0 0 79 -22,0.0 0.0 0.0 0.0 0.0 1.0 0.9615384615384616,10.961538461538462,0,168,0 0 0 0 0 79 -21,0.0 0.0 0.0 0.0 0.0 1.0 1.0,11.0,0,167,0 0 0 0 0 79 -21,0.0 0.0 0.0 0.0 0.0 1.0 1.0,11.0,0,167,0 0 0 0 0 79 -22,0.0 0.0 0.0 0.0 0.0 1.0 0.9615384615384616,10.961538461538462,0,168,0 0 0 0 0 79 -22,0.0 0.0 0.0 0.0 0.0 1.0 0.9615384615384616,10.961538461538462,0,168,0 0 0 0 0 79 -21,0.0 0.0 0.0 0.0 0.0 1.0 1.0,11.0,0,167,0 0 0 0 0 79 -21,0.0 0.0 0.0 0.0 0.0 1.0 1.0,11.0,0,167,0 0 0 0 0 79 -21,0.0 0.0 0.0 0.0 0.0 1.0 1.0,11.0,0,167,0 0 0 0 0 79 -21,0.0 0.0 0.0 0.0 0.0 1.0 1.0,11.0,0,167,0 0 0 0 0 79 -21,0.0 0.0 0.0 0.0 0.0 1.0 1.0,11.0,0,167,0 0 0 0 0 79 -21,0.0 0.0 0.0 0.0 0.0 1.0 1.0,11.0,0,167,0 0 0 0 0 79 -21,0.0 0.0 0.0 0.0 0.0 1.0 1.0,11.0,0,167,0 0 0 0 0 79 -21,0.0 0.0 0.0 0.0 0.0 1.0 1.0,11.0,0,167,0 0 0 0 0 79 -21,0.0 0.0 0.0 0.0 0.0 1.0 1.0,11.0,0,167,0 0 0 0 0 79 -21,0.0 0.0 0.0 0.0 0.0 1.0 1.0,11.0,0,167,0 0 0 0 0 79 -22,0.0 0.0 0.0 0.0 0.0 1.0 0.9615384615384616,10.961538461538462,0,168
resolved-c28d-3600-all/resolved-c28d-3600-2nd/nsp-n10-d28-r0.10-rp0-fp0-s3,0 0 0 0 0 74 -40,0.0 0.0 0.0 0.0 0.0 0.15789473684210525 0.0,1.5789473684210527,0,212,0 0 0 0 0 71 -36,0.0 0.0 0.0 0.0 0.0 0.0 0.5,0.5,0,199,0 0 0 0 0 72 -36,0.0 0.0 0.0 0.0 0.0 0.05263157894736842 0.5,1.026315789473684,0,157,0 0 0 0 0 89 -32,0.0 0.0 0.0 0.0 0.0 0.9473684210526315 1.0,10.473684210526315,0,197,0 0 0 0 0 89 -33,0.0 0.0 0.0 0.0 0.0 0.9473684210526315 0.875,10.348684210526315,0,198,0 0 0 0 0 89 -32,0.0 0.0 0.0 0.0 0.0 0.9473684210526315 1.0,10.473684210526315,0,197,0 0 0 0 0 89 -32,0.0 0.0 0.0 0.0 0.0 0.9473684210526315 1.0,10.473684210526315,0,197,0 0 0 0 0 90 -33,0.0 0.0 0.0 0.0 0.0 1.0 0.875,10.875,0,196,0 0 0 0 0 90 -33,0.0 0.0 0.0 0.0 0.0 1.0 0.875,10.875,0,196,0 0 0 0 0 89 -32,0.0 0.0 0.0 0.0 0.0 0.9473684210526315 1.0,10.473684210526315,0,197,0 0 0 0 0 89 -32,0.0 0.0 0.0 0.0 0.0 0.9473684210526315 1.0,10.473684210526315,0,197,0 0 0 0 0 89 -32,0.0 0.0 0.0 0.0 0.0 0.9473684210526315 1.0,10.473684210526315,0,197,0 0 0 0 0 89 -32,0.0 0.0 0.0 0.0 0.0 0.9473684210526315 1.0,10.473684210526315,0,197,0 0 0 0 0 89 -33,0.0 0.0 0.0 0.0 0.0 0.9473684210526315 0.875,10.348684210526315,0,198,0 0 0 0 0 89 -33,0.0 0.0 0.0 0.0 0.0 0.9473684210526315 0.875,10.348684210526315,0,198,0 0 0 0 0 89 -32,0.0 0.0 0.0 0.0 0.0 0.9473684210526315 1.0,10.473684210526315,0,197,0 0 0 0 0 89 -32,0.0 0.0 0.0 0.0 0.0 0.9473684210526315 1.0,10.473684210526315,0,197,0 0 0 0 0 89 -33,0.0 0.0 0.0 0.0 0.0 0.9473684210526315 0.875,10.348684210526315,0,198,0 0 0 0 0 89 -33,0.0 0.0 0.0 0.0 0.0 0.9473684210526315 0.875,10.348684210526315,0,198
resolved-c28d-3600-all/resolved-c28d-3600-2nd/nsp-n20-d28-r0.10-rp2-fp2-s6,0 0 2 7 0 62 -91,0.0 0.0 0.0 1.0 0.0 0.0 0.2916666666666667,1000.2916666666666,0,31423,0 0 2 6 0 66 -105,0.0 0.0 0.0 0.0 0.0 0.13793103448275862 0.0,1.3793103448275863,0,31669,0 0 2 6 0 68 -72,0.0 0.0 0.0 0.0 0.0 0.20689655172413793 0.6875,2.7564655172413794,0,31631,0 0 2 6 0 81 -58,0.0 0.0 0.0 0.0 0.0 0.6551724137931034 0.9791666666666666,7.530890804597701,0,24738,0 0 2 6 0 91 -62,0.0 0.0 0.0 0.0 0.0 1.0 0.8958333333333334,10.895833333333334,0,24726,0 0 2 6 0 81 -59,0.0 0.0 0.0 0.0 0.0 0.6551724137931034 0.9583333333333334,7.510057471264367,0,24739,0 0 2 6 0 81 -59,0.0 0.0 0.0 0.0 0.0 0.6551724137931034 0.9583333333333334,7.510057471264367,0,24739,0 0 2 6 0 81 -58,0.0 0.0 0.0 0.0 0.0 0.6551724137931034 0.9791666666666666,7.530890804597701,0,24738,0 0 2 6 0 81 -57,0.0 0.0 0.0 0.0 0.0 0.6551724137931034 1.0,7.551724137931034,0,24737,0 0 2 6 0 81 -60,0.0 0.0 0.0 0.0 0.0 0.6551724137931034 0.9375,7.489224137931034,0,24740,0 0 2 6 0 81 -57,0.0 0.0 0.0 0.0 0.0 0.6551724137931034 1.0,7.551724137931034,0,24737,0 0 2 6 0 81 -60,0.0 0.0 0.0 0.0 0.0 0.6551724137931034 0.9375,7.489224137931034,0,24740,0 0 2 6 0 81 -58,0.0 0.0 0.0 0.0 0.0 0.6551724137931034 0.9791666666666666,7.530890804597701,0,24738,0 0 2 6 0 81 -60,0.0 0.0 0.0 0.0 0.0 0.6551724137931034 0.9375,7.489224137931034,0,24740,0 0 2 6 0 81 -60,0.0 0.0 0.0 0.0 0.0 0.6551724137931034 0.9375,7.489224137931034,0,24740,0 0 2 6 0 81 -58,0.0 0.0 0.0 0.0 0.0 0.6551724137931034 0.9791666666666666,7.530890804597701,0,24738,0 0 2 6 0 81 -60,0.0 0.0 0.0 0.0 0.0 0.6551724137931034 0.9375,7.489224137931034,0,24740,0 0 2 6 0 81 -60,0.0 0.0 0.0 0.0 0.0 0.6551724137931034 0.9375,7.489224137931034,0,24740,0 0 2 6 0 81 -60,0.0 0.0 0.0 0.0 0.0 0.6551724137931034 0.9375,7.489224137931034,0,24740
resolved-c28d-3600-all/resolved-c28d-3600-2nd/nsp-n30-d28-r0.10-rp2-fp2-s8,0 0 2 5 0 325 -63,0.0 0.0 0.0 0.23076923076923078 0.0 0.5526315789473685 0.8411214953271028,237.13666805403156,0,24437,0 0 2 15 1 461 -46,0.0 0.0 0.0 1.0 1.0 1.0 1.0,1111.0,0,24173,0 0 2 2 0 166 -96,0.0 0.0 0.0 0.0 0.0 0.029605263157894735 0.5327102803738317,0.8287629119527791,0,24674,0 0 2 2 0 157 -106,0.0 0.0 0.0 0.0 0.0 0.0 0.4392523364485981,0.4392523364485981,0,20213,0 0 2 2 0 157 -105,0.0 0.0 0.0 0.0 0.0 0.0 0.4485981308411215,0.4485981308411215,0,20212,0 0 2 2 0 157 -106,0.0 0.0 0.0 0.0 0.0 0.0 0.4392523364485981,0.4392523364485981,0,20213,0 0 2 2 0 157 -106,0.0 0.0 0.0 0.0 0.0 0.0 0.4392523364485981,0.4392523364485981,0,20213,0 0 2 2 0 157 -106,0.0 0.0 0.0 0.0 0.0 0.0 0.4392523364485981,0.4392523364485981,0,20213,0 0 2 2 0 157 -106,0.0 0.0 0.0 0.0 0.0 0.0 0.4392523364485981,0.4392523364485981,0,20213,0 0 2 2 0 169 -153,0.0 0.0 0.0 0.0 0.0 0.039473684210526314 0.0,0.39473684210526316,0,20203,0 0 2 2 0 157 -105,0.0 0.0 0.0 0.0 0.0 0.0 0.4485981308411215,0.4485981308411215,0,20212,0 0 2 2 0 157 -106,0.0 0.0 0.0 0.0 0.0 0.0 0.4392523364485981,0.4392523364485981,0,20213,0 0 2 2 0 157 -106,0.0 0.0 0.0 0.0 0.0 0.0 0.4392523364485981,0.4392523364485981,0,20213,0 0 2 2 0 157 -106,0.0 0.0 0.0 0.0 0.0 0.0 0.4392523364485981,0.4392523364485981,0,20213,0 0 2 2 0 169 -153,0.0 0.0 0.0 0.0 0.0 0.039473684210526314 0.0,0.39473684210526316,0,20203,0 0 2 2 0 157 -106,0.0 0.0 0.0 0.0 0.0 0.0 0.4392523364485981,0.4392523364485981,0,20213,0 0 2 2 0 157 -106,0.0 0.0 0.0 0.0 0.0 0.0 0.4392523364485981,0.4392523364485981,0,20213,0 0 2 2 0 157 -106,0.0 0.0 0.0 0.0 0.0 0.0 0.4392523364485981,0.4392523364485981,0,20213,0 0 2 2 0 157 -106,0.0 0.0 0.0 0.0 0.0 0.0 0.4392523364485981,0.4392523364485981,0,20213
resolved-c28d-3600-all/resolved-c28d-3600-2nd/nsp-n20-d28-r0.10-rp2-fp2-s9,0 0 0 0 0 54 -68,0.0 0.0 0.0 0.0 0.0 0.125 0.0,1.25,0,343,0 0 0 0 0 54 -66,0.0 0.0 0.0 0.0 0.0 0.125 0.07407407407407407,1.324074074074074,0,299,0 0 0 0 0 51 -68,0.0 0.0 0.0 0.0 0.0 0.0 0.0,0.0,0,282,0 0 0 0 0 75 -41,0.0 0.0 0.0 0.0 0.0 1.0 1.0,11.0,0,100,0 0 0 0 0 75 -41,0.0 0.0 0.0 0.0 0.0 1.0 1.0,11.0,0,100,0 0 0 0 0 75 -41,0.0 0.0 0.0 0.0 0.0 1.0 1.0,11.0,0,100,0 0 0 0 0 75 -41,0.0 0.0 0.0 0.0 0.0 1.0 1.0,11.0,0,100,0 0 0 0 0 75 -41,0.0 0.0 0.0 0.0 0.0 1.0 1.0,11.0,0,100,0 0 0 0 0 75 -41,0.0 0.0 0.0 0.0 0.0 1.0 1.0,11.0,0,100,0 0 0 0 0 75 -41,0.0 0.0 0.0 0.0 0.0 1.0 1.0,11.0,0,100,0 0 0 0 0 75 -41,0.0 0.0 0.0 0.0 0.0 1.0 1.0,11.0,0,100,0 0 0 0 0 75 -41,0.0 0.0 0.0 0.0 0.0 1.0 1.0,11.0,0,100,0 0 0 0 0 75 -41,0.0 0.0 0.0 0.0 0.0 1.0 1.0,11.0,0,100,0 0 0 0 0 75 -41,0.0 0.0 0.0 0.0 0.0 1.0 1.0,11.0,0,100,0 0 0 0 0 75 -41,0.0 0.0 0.0 0.0 0.0 1.0 1.0,11.0,0,100,0 0 0 0 0 75 -41,0.0 0.0 0.0 0.0 0.0 1.0 1.0,11.0,0,100,0 0 0 0 0 75 -41,0.0 0.0 0.0 0.0 0.0 1.0 1.0,11.0,0,100,0 0 0 0 0 75 -41,0.0 0.0 0.0 0.0 0.0 1.0 1.0,11.0,0,100,0 0 0 0 0 75 -41,0.0 0.0 0.0 0.0 0.0 1.0 1.0,11.0,0,100
resolved-c28d-3600-all/resolved-c28d-3600-2nd/nsp-n50-d28-r0.10-rp2-fp2-s5,0 0 95 979 5 1483 -51,0.0 0.0 1.0 1.0 0.45454545454545453 0.8380480905233381 0.5740740740740741,11054.409100433853,0,4303,0 0 2 0 0 298 -175,0.0 0.0 0.0 0.0 0.0 0.0 0.0,0.0,0,7448,0 0 2 0 0 422 -158,0.0 0.0 0.0 0.0 0.0 0.0876944837340877 0.0787037037037037,0.9556485410445807,0,7281,0 0 2 0 0 450 -148,0.0 0.0 0.0 0.0 0.0 0.1074964639321075 0.125,1.199964639321075,0,12397,0 0 2 0 0 450 -148,0.0 0.0 0.0 0.0 0.0 0.1074964639321075 0.125,1.199964639321075,0,12397,0 0 2 0 0 450 -148,0.0 0.0 0.0 0.0 0.0 0.1074964639321075 0.125,1.199964639321075,0,12397,0 0 2 0 0 455 -131,0.0 0.0 0.0 0.0 0.0 0.11103253182461104 0.2037037037037037,1.314029021949814,0,12392,0 0 2 0 0 450 -148,0.0 0.0 0.0 0.0 0.0 0.1074964639321075 0.125,1.199964639321075,0,12397,0 0 2 0 0 450 -148,0.0 0.0 0.0 0.0 0.0 0.1074964639321075 0.125,1.199964639321075,0,12397,0 0 2 0 0 450 -148,0.0 0.0 0.0 0.0 0.0 0.1074964639321075 0.125,1.199964639321075,0,12397,0 0 2 0 0 455 -131,0.0 0.0 0.0 0.0 0.0 0.11103253182461104 0.2037037037037037,1.314029021949814,0,12392,0 0 2 0 0 450 -148,0.0 0.0 0.0 0.0 0.0 0.1074964639321075 0.125,1.199964639321075,0,12397,0 0 2 0 0 450 -148,0.0 0.0 0.0 0.0 0.0 0.1074964639321075 0.125,1.199964639321075,0,12397,0 0 2 221 11 1712 41,0.0 0.0 0.0 0.2257405515832482 1.0 1.0 1.0,336.74055158324825,0,10924,0 0 2 0 0 450 -148,0.0 0.0 0.0 0.0 0.0 0.1074964639321075 0.125,1.199964639321075,0,12397,0 0 2 0 0 450 -148,0.0 0.0 0.0 0.0 0.0 0.1074964639321075 0.125,1.199964639321075,0,12397,0 0 2 0 0 455 -131,0.0 0.0 0.0 0.0 0.0 0.11103253182461104 0.2037037037037037,1.314029021949814,0,12392,0 0 2 0 0 450 -148,0.0 0.0 0.0 0.0 0.0 0.1074964639321075 0.125,1.199964639321075,0,12397,0 0 2 0 0 450 -148,0.0 0.0 0.0 0.0 0.0 0.1074964639321075 0.125,1.199964639321075,0,12397
resolved-c28d-3600-all/resolved-c28d-3600-2nd/nsp-n50-d28-r0.10-rp2-fp2-s2,0 3 26 42 1 787 -49,0.0 0.0 1.0 0.1453287197231834 0.0196078431372549 0.21888888888888888 0.33793103448275863,10149.81632396028,0,5572,0 3 3 0 0 513 -75,0.0 0.0 0.0 0.0 0.0 0.06666666666666667 0.15862068965517243,0.825287356321839,0,21988,0 3 3 0 0 393 -75,0.0 0.0 0.0 0.0 0.0 0.0 0.15862068965517243,0.15862068965517243,0,22316,0 3 3 0 0 518 -79,0.0 0.0 0.0 0.0 0.0 0.06944444444444445 0.1310344827586207,0.8254789272030651,0,24781,0 3 3 0 0 538 -89,0.0 0.0 0.0 0.0 0.0 0.08055555555555556 0.06206896551724138,0.867624521072797,0,24733,0 3 19 289 51 2193 47,0.0 0.0 0.6956521739130435 1.0 1.0 1.0 1.0,8067.521739130435,0,20007,0 3 3 0 0 518 -80,0.0 0.0 0.0 0.0 0.0 0.06944444444444445 0.12413793103448276,0.8185823754789272,0,24782,0 3 3 0 0 518 -78,0.0 0.0 0.0 0.0 0.0 0.06944444444444445 0.13793103448275862,0.8323754789272031,0,24780,0 3 3 0 0 518 -79,0.0 0.0 0.0 0.0 0.0 0.06944444444444445 0.1310344827586207,0.8254789272030651,0,24781,0 3 3 0 0 675 -74,0.0 0.0 0.0 0.0 0.0 0.15666666666666668 0.16551724137931034,1.732183908045977,0,24662,0 3 3 4 0 881 -36,0.0 0.0 0.0 0.01384083044982699 0.0 0.27111111111111114 0.42758620689655175,16.979527767834654,0,24121,0 3 3 0 0 518 -80,0.0 0.0 0.0 0.0 0.0 0.06944444444444445 0.12413793103448276,0.8185823754789272,0,24782,0 3 3 2 0 745 -66,0.0 0.0 0.0 0.006920415224913495 0.0 0.19555555555555557 0.2206896551724138,9.096660435641464,0,24323,0 3 3 0 0 518 -80,0.0 0.0 0.0 0.0 0.0 0.06944444444444445 0.12413793103448276,0.8185823754789272,0,24782,0 3 3 0 0 512 -98,0.0 0.0 0.0 0.0 0.0 0.0661111111111111 0.0,0.6611111111111111,0,24816,0 3 3 0 0 489 -88,0.0 0.0 0.0 0.0 0.0 0.05333333333333334 0.06896551724137931,0.6022988505747127,0,24864,0 3 3 0 0 518 -79,0.0 0.0 0.0 0.0 0.0 0.06944444444444445 0.1310344827586207,0.8254789272030651,0,24781,0 3 3 0 0 538 -89,0.0 0.0 0.0 0.0 0.0 0.08055555555555556 0.06206896551724138,0.867624521072797,0,24733,0 3 3 0 0 489 -88,0.0 0.0 0.0 0.0 0.0 0.05333333333333334 0.06896551724137931,0.6022988505747127,0,24864
resolved-c28d-3600-all/resolved-c28d-3600-2nd/nsp-n20-d28-r0.10-rp2-fp2-s8,0 10 93 127 20 706 20,0.0 1.0 0.0 0.0 0.0 0.0 0.0,100000.0,0,37785,0 1 105 164 47 1388 34,0.0 0.0 0.06417112299465241 0.2781954887218045 0.26732673267326734 0.7301927194860813 0.45161290322580644,954.392932033742,0,61582,0 1 125 177 69 1527 40,0.0 0.0 0.1711229946524064 0.37593984962406013 0.48514851485148514 0.8790149892933619 0.6451612903225806,2145.1199588165287,0,60508,0 1 160 199 61 1440 51,0.0 0.0 0.3582887700534759 0.5413533834586466 0.40594059405940597 0.7858672376873662 1.0,4173.693815776221,0,52202,0 1 194 235 80 1478 33,0.0 0.0 0.5401069518716578 0.8120300751879699 0.594059405940594 0.8265524625267666 0.41935483870967744,6281.190413962585,0,50767,0 1 141 183 57 1408 49,0.0 0.0 0.25668449197860965 0.42105263157894735 0.36633663366336633 0.7516059957173448 0.9354838709677419,3032.9827585595217,0,53178,0 1 140 165 54 1438 34,0.0 0.0 0.25133689839572193 0.2857142857142857 0.33663366336633666 0.7837259100642399 0.45161290322580644,2841.035508012007,0,53537,0 1 167 222 65 1474 48,0.0 0.0 0.39572192513368987 0.7142857142857143 0.44554455445544555 0.8222698072805139 0.9032258064516129,4725.185344947415,0,51766,0 1 143 195 60 1429 45,0.0 0.0 0.26737967914438504 0.5112781954887218 0.39603960396039606 0.7740899357601713 0.8064516129032258,3233.226298299117,0,52901,0 1 131 145 46 1406 47,0.0 0.0 0.20320855614973263 0.13533834586466165 0.25742574257425743 0.7494646680942184 0.8709677419354839,2201.5320960422914,0,54280,0 1 233 260 101 1570 43,0.0 0.0 0.7486631016042781 1.0 0.801980198019802 0.9250535331905781 0.7419354838709677,8576.821506660539,0,49213,0 1 166 212 63 1469 48,0.0 0.0 0.39037433155080214 0.6390977443609023 0.42574257425742573 0.816916488222698 0.9032258064516129,4594.487707983345,0,51792,0 1 188 221 82 1473 38,0.0 0.0 0.5080213903743316 0.706766917293233 0.6138613861386139 0.8211991434689507 0.5806451612903226,5857.159596246391,0,50854,0 1 166 209 59 1456 48,0.0 0.0 0.39037433155080214 0.6165413533834586 0.38613861386138615 0.8029978586723768 0.9032258064516129,4567.8317346707945,0,51811,0 1 164 201 58 1461 47,0.0 0.0 0.37967914438502676 0.556390977443609 0.37623762376237624 0.8083511777301927 0.8709677419354839,4399.760663189351,0,51958,0 1 208 236 81 1480 40,0.0 0.0 0.6149732620320856 0.8195488721804511 0.6039603960396039 0.828693790149893 0.6451612903225806,7038.6096312970885,0,50308,0 2 280 253 121 1640 36,0.0 0.1111111111111111 1.0 0.9473684210526315 1.0 1.0 0.5161290322580645,22168.995661196,0,47134,0 1 184 216 86 1509 37,0.0 0.0 0.48663101604278075 0.6691729323308271 0.6534653465346535 0.8597430406852249 0.5483870967741935,5609.975444915726,0,51111,0 1 177 225 68 1527 41,0.0 0.0 0.44919786096256686 0.7368421052631579 0.4752475247524752 0.8790149892933619 0.6774193548387096,5285.813036611846,0,51428
resolved-c28d-3600-all/resolved-c28d-3600-2nd/nsp-n40-d28-r0.10-rp2-fp2-s7,0 1 0 0 0 141 -181,0.0 0.0 0.0 0.0 0.0 0.0 0.0,0.0,0,21511,0 1 0 1 0 172 -115,0.0 0.0 0.0 1.0 0.0 0.2743362831858407 0.868421052631579,1003.61178388449,0,21349,0 1 0 0 0 158 -124,0.0 0.0 0.0 0.0 0.0 0.1504424778761062 0.75,2.254424778761062,0,21133,0 1 0 0 0 254 -106,0.0 0.0 0.0 0.0 0.0 1.0 0.9868421052631579,10.986842105263158,0,18017,0 1 0 0 0 254 -107,0.0 0.0 0.0 0.0 0.0 1.0 0.9736842105263158,10.973684210526315,0,18018,0 1 0 0 0 254 -105,0.0 0.0 0.0 0.0 0.0 1.0 1.0,11.0,0,18016,0 1 0 0 0 254 -106,0.0 0.0 0.0 0.0 0.0 1.0 0.9868421052631579,10.986842105263158,0,18017,0 1 0 0 0 254 -107,0.0 0.0 0.0 0.0 0.0 1.0 0.9736842105263158,10.973684210526315,0,18018,0 1 0 0 0 254 -107,0.0 0.0 0.0 0.0 0.0 1.0 0.9736842105263158,10.973684210526315,0,18018,0 1 0 0 0 254 -107,0.0 0.0 0.0 0.0 0.0 1.0 0.9736842105263158,10.973684210526315,0,18018,0 1 0 0 0 254 -105,0.0 0.0 0.0 0.0 0.0 1.0 1.0,11.0,0,18016,0 1 0 0 0 254 -105,0.0 0.0 0.0 0.0 0.0 1.0 1.0,11.0,0,18016,0 1 0 0 0 254 -107,0.0 0.0 0.0 0.0 0.0 1.0 0.9736842105263158,10.973684210526315,0,18018,0 1 0 0 0 254 -106,0.0 0.0 0.0 0.0 0.0 1.0 0.9868421052631579,10.986842105263158,0,18017,0 1 0 0 0 254 -107,0.0 0.0 0.0 0.0 0.0 1.0 0.9736842105263158,10.973684210526315,0,18018,0 1 0 0 0 254 -106,0.0 0.0 0.0 0.0 0.0 1.0 0.9868421052631579,10.986842105263158,0,18017,0 1 0 0 0 254 -106,0.0 0.0 0.0 0.0 0.0 1.0 0.9868421052631579,10.986842105263158,0,18017,0 1 0 0 0 254 -107,0.0 0.0 0.0 0.0 0.0 1.0 0.9736842105263158,10.973684210526315,0,18018,0 1 0 0 0 254 -106,0.0 0.0 0.0 0.0 0.0 1.0 0.9868421052631579,10.986842105263158,0,18017
resolved-c28d-3600-all/resolved-c28d-3600-2nd/nsp-n50-d28-r0.10-rp2-fp2-s4,0 2 28 101 2 1015 -92,0.0 0.0 0.032 0.02001585414189457 0.024096385542168676 0.10743501181603345 0.18548387096774194,343.6853266852395,0,4857,0 2 240 5046 9 2691 -84,0.0 0.0 0.2742857142857143 1.0 0.10843373493975904 0.4121068896564261 0.25,3758.0715852476833,0,4512,0 2 875 642 83 5925 9,0.0 0.0 1.0 0.1272294887039239 1.0 1.0 1.0,10238.229488703924,0,35010,0 2 0 0 0 424 -84,0.0 0.0 0.0 0.0 0.0 0.0 0.25,0.25,0,22921,0 2 0 0 0 424 -83,0.0 0.0 0.0 0.0 0.0 0.0 0.25806451612903225,0.25806451612903225,0,22920,0 2 0 0 0 424 -84,0.0 0.0 0.0 0.0 0.0 0.0 0.25,0.25,0,22921,0 2 0 0 0 432 -115,0.0 0.0 0.0 0.0 0.0 0.0014542810398109434 0.0,0.014542810398109434,0,22905,0 2 0 0 0 432 -115,0.0 0.0 0.0 0.0 0.0 0.0014542810398109434 0.0,0.014542810398109434,0,22905,0 2 0 0 0 432 -115,0.0 0.0 0.0 0.0 0.0 0.0014542810398109434 0.0,0.014542810398109434,0,22905,0 2 0 0 0 432 -115,0.0 0.0 0.0 0.0 0.0 0.0014542810398109434 0.0,0.014542810398109434,0,22905,0 2 0 0 0 432 -115,0.0 0.0 0.0 0.0 0.0 0.0014542810398109434 0.0,0.014542810398109434,0,22905,0 2 0 0 0 432 -115,0.0 0.0 0.0 0.0 0.0 0.0014542810398109434 0.0,0.014542810398109434,0,22905,0 2 0 0 0 424 -83,0.0 0.0 0.0 0.0 0.0 0.0 0.25806451612903225,0.25806451612903225,0,22920,0 2 0 0 0 424 -83,0.0 0.0 0.0 0.0 0.0 0.0 0.25806451612903225,0.25806451612903225,0,22920,0 2 0 0 0 432 -115,0.0 0.0 0.0 0.0 0.0 0.0014542810398109434 0.0,0.014542810398109434,0,22905,0 2 0 0 0 424 -84,0.0 0.0 0.0 0.0 0.0 0.0 0.25,0.25,0,22921,0 2 0 0 0 424 -83,0.0 0.0 0.0 0.0 0.0 0.0 0.25806451612903225,0.25806451612903225,0,22920,0 2 0 0 0 432 -115,0.0 0.0 0.0 0.0 0.0 0.0014542810398109434 0.0,0.014542810398109434,0,22905,0 2 0 0 0 424 -84,0.0 0.0 0.0 0.0 0.0 0.0 0.25,0.25,0,22921
resolved-c28d-3600-all/resolved-c28d-3600-2nd/nsp-n20-d28-r0.10-rp2-fp2-s1,0 1 1 0 0 65 -71,0.0 0.0 0.0 0.0 0.0 0.0 0.0,0.0,0,13444,0 13 149 201 46 1058 11,0.0 1.0 1.0 1.0 0.8363636363636363 0.8866071428571428 0.7068965517241379,111093.20933161666,0,22686,0 1 87 153 52 1185 33,0.0 0.0 0.581081081081081 0.7611940298507462 0.9454545454545454 1.0 0.896551724137931,6677.446846931149,0,48778,0 1 40 102 23 611 19,0.0 0.0 0.2635135135135135 0.5074626865671642 0.41818181818181815 0.4875 0.7758620689655172,3190.0668655894465,0,60901,0 1 27 78 5 630 45,0.0 0.0 0.17567567567567569 0.3880597014925373 0.09090909090909091 0.5044642857142857 1.0,2159.952010197346,0,62821,0 1 31 89 13 581 24,0.0 0.0 0.20270270270270271 0.4427860696517413 0.23636363636363636 0.4607142857142857 0.8189655172413793,2498.875568689516,0,62292,0 1 26 71 5 597 31,0.0 0.0 0.16891891891891891 0.35323383084577115 0.09090909090909091 0.475 0.8793103448275862,2057.143239470697,0,63006,0 1 21 64 9 531 11,0.0 0.0 0.13513513513513514 0.31840796019900497 0.16363636363636364 0.4160714285714286 0.7068965517241379,1690.9905587514313,0,63791,0 1 21 70 6 532 33,0.0 0.0 0.13513513513513514 0.3482587064676617 0.10909090909090909 0.41696428571428573 0.896551724137931,1715.5853433093848,0,63633,0 1 60 158 55 1037 30,0.0 0.0 0.39864864864864863 0.7860696517412935 1.0 0.8678571428571429 0.8706896551724138,4882.105399311524,0,57814,0 1 27 70 5 616 32,0.0 0.0 0.17567567567567569 0.3482587064676617 0.09090909090909091 0.4919642857142857 0.8879310344827587,2119.9139462069534,0,62922,0 1 21 70 6 543 38,0.0 0.0 0.13513513513513514 0.3482587064676617 0.10909090909090909 0.42678571428571427 0.9396551724137931,1715.726661043375,0,63614,0 1 17 67 15 495 30,0.0 0.0 0.10810810810810811 0.3333333333333333 0.2727272727272727 0.38392857142857145 0.8706896551724138,1446.3971170565997,0,64718,0 1 18 78 18 517 25,0.0 0.0 0.11486486486486487 0.3880597014925373 0.32727272727272727 0.4035714285714286 0.8275862068965517,1574.2989233610697,0,64564,0 1 37 85 19 703 1,0.0 0.0 0.24324324324324326 0.4228855721393035 0.34545454545454546 0.5696428571428571 0.6206896551724138,2896.1805773437914,0,61490,0 1 31 91 17 601 25,0.0 0.0 0.20270270270270271 0.4527363184079602 0.3090909090909091 0.4785714285714286 0.8275862068965517,2516.285736836689,0,62217,0 1 25 83 7 608 36,0.0 0.0 0.16216216216216217 0.4129353233830846 0.12727272727272726 0.48482142857142857 0.9224137931034483,2053.054845810797,0,63123,0 1 31 99 14 586 31,0.0 0.0 0.20270270270270271 0.4925373134328358 0.2545454545454545 0.46517857142857144 0.8793103448275862,2550.5499819735214,0,62098,0 1 22 72 6 584 25,0.0 0.0 0.14189189189189189 0.3582089552238806 0.10909090909090909 0.46339285714285716 0.8275862068965517,1793.4984798302155,0,63491
resolved-c28d-3600-all/resolved-c28d-3600-2nd/nsp-n20-d28-r0.10-rp2-fp2-s3,0 0 0 0 0 71 -73,0.0 0.0 0.0 0.0 0.0 0.1 0.28888888888888886,1.2888888888888888,0,404,0 0 0 0 0 73 -86,0.0 0.0 0.0 0.0 0.0 0.16666666666666666 0.0,1.6666666666666665,0,343,0 0 0 0 0 68 -69,0.0 0.0 0.0 0.0 0.0 0.0 0.37777777777777777,0.37777777777777777,0,339,0 0 0 0 0 98 -41,0.0 0.0 0.0 0.0 0.0 1.0 1.0,11.0,0,118,0 0 0 0 0 98 -41,0.0 0.0 0.0 0.0 0.0 1.0 1.0,11.0,0,118,0 0 0 0 0 98 -41,0.0 0.0 0.0 0.0 0.0 1.0 1.0,11.0,0,118,0 0 0 0 0 98 -41,0.0 0.0 0.0 0.0 0.0 1.0 1.0,11.0,0,118,0 0 0 0 0 98 -41,0.0 0.0 0.0 0.0 0.0 1.0 1.0,11.0,0,118,0 0 0 0 0 98 -41,0.0 0.0 0.0 0.0 0.0 1.0 1.0,11.0,0,118,0 0 0 0 0 98 -41,0.0 0.0 0.0 0.0 0.0 1.0 1.0,11.0,0,118,0 0 0 0 0 98 -41,0.0 0.0 0.0 0.0 0.0 1.0 1.0,11.0,0,118,0 0 0 0 0 98 -41,0.0 0.0 0.0 0.0 0.0 1.0 1.0,11.0,0,118,0 0 0 0 0 98 -41,0.0 0.0 0.0 0.0 0.0 1.0 1.0,11.0,0,118,0 0 0 0 0 98 -41,0.0 0.0 0.0 0.0 0.0 1.0 1.0,11.0,0,118,0 0 0 0 0 98 -41,0.0 0.0 0.0 0.0 0.0 1.0 1.0,11.0,0,118,0 0 0 0 0 98 -41,0.0 0.0 0.0 0.0 0.0 1.0 1.0,11.0,0,118,0 0 0 0 0 98 -41,0.0 0.0 0.0 0.0 0.0 1.0 1.0,11.0,0,118,0 0 0 0 0 98 -41,0.0 0.0 0.0 0.0 0.0 1.0 1.0,11.0,0,118,0 0 0 0 0 98 -41,0.0 0.0 0.0 0.0 0.0 1.0 1.0,11.0,0,118
resolved-c28d-3600-all/resolved-c28d-3600-2nd/nsp-n30-d28-r0.10-rp2-fp2-s0,0 2 4 11 1 227 -52,0.0 0.0 1.0 1.0 1.0 1.0 1.0,11111.0,0,8533,0 2 2 0 0 123 -86,0.0 0.0 0.0 0.0 0.0 0.0 0.05555555555555555,0.05555555555555555,0,48082,0 2 2 0 0 125 -88,0.0 0.0 0.0 0.0 0.0 0.019230769230769232 0.0,0.19230769230769232,0,48084,0 2 2 0 0 165 -54,0.0 0.0 0.0 0.0 0.0 0.40384615384615385 0.9444444444444444,4.982905982905983,0,46606,0 2 2 0 0 165 -53,0.0 0.0 0.0 0.0 0.0 0.40384615384615385 0.9722222222222222,5.010683760683761,0,46605,0 2 2 0 0 165 -53,0.0 0.0 0.0 0.0 0.0 0.40384615384615385 0.9722222222222222,5.010683760683761,0,46605,0 2 2 0 0 165 -54,0.0 0.0 0.0 0.0 0.0 0.40384615384615385 0.9444444444444444,4.982905982905983,0,46606,0 2 2 0 0 175 -80,0.0 0.0 0.0 0.0 0.0 0.5 0.2222222222222222,5.222222222222222,0,46603,0 2 2 0 0 165 -54,0.0 0.0 0.0 0.0 0.0 0.40384615384615385 0.9444444444444444,4.982905982905983,0,46606,0 2 2 0 0 165 -54,0.0 0.0 0.0 0.0 0.0 0.40384615384615385 0.9444444444444444,4.982905982905983,0,46606,0 2 2 0 0 165 -54,0.0 0.0 0.0 0.0 0.0 0.40384615384615385 0.9444444444444444,4.982905982905983,0,46606,0 2 2 0 0 203 -76,0.0 0.0 0.0 0.0 0.0 0.7692307692307693 0.3333333333333333,8.025641025641026,0,46552,0 2 2 0 0 165 -54,0.0 0.0 0.0 0.0 0.0 0.40384615384615385 0.9444444444444444,4.982905982905983,0,46606,0 2 2 0 0 165 -53,0.0 0.0 0.0 0.0 0.0 0.40384615384615385 0.9722222222222222,5.010683760683761,0,46605,0 2 2 0 0 165 -53,0.0 0.0 0.0 0.0 0.0 0.40384615384615385 0.9722222222222222,5.010683760683761,0,46605,0 2 2 0 0 175 -78,0.0 0.0 0.0 0.0 0.0 0.5 0.2777777777777778,5.277777777777778,0,46601,0 2 2 0 0 165 -54,0.0 0.0 0.0 0.0 0.0 0.40384615384615385 0.9444444444444444,4.982905982905983,0,46606,0 2 2 0 0 165 -53,0.0 0.0 0.0 0.0 0.0 0.40384615384615385 0.9722222222222222,5.010683760683761,0,46605,0 2 2 0 0 165 -54,0.0 0.0 0.0 0.0 0.0 0.40384615384615385 0.9444444444444444,4.982905982905983,0,46606
resolved-c28d-3600-all/resolved-c28d-3600-2nd/nsp-n30-d28-r0.10-rp2-fp2-s3,0 2 4 43 0 256 -25,0.0 0.0 1.0 1.0 0.0 1.0 1.0,11011.0,0,4529,0 2 0 2 0 115 -58,0.0 0.0 0.0 0.0 0.0 0.0 0.4107142857142857,0.4107142857142857,0,37487,0 2 0 2 0 121 -36,0.0 0.0 0.0 0.0 0.0 0.0425531914893617 0.8035714285714286,1.2291033434650456,0,37448,0 2 0 2 0 163 -30,0.0 0.0 0.0 0.0 0.0 0.3404255319148936 0.9107142857142857,4.314969604863222,0,47910,0 2 0 2 0 163 -30,0.0 0.0 0.0 0.0 0.0 0.3404255319148936 0.9107142857142857,4.314969604863222,0,47910,0 2 0 2 0 163 -30,0.0 0.0 0.0 0.0 0.0 0.3404255319148936 0.9107142857142857,4.314969604863222,0,47910,0 2 0 2 0 172 -55,0.0 0.0 0.0 0.0 0.0 0.40425531914893614 0.4642857142857143,4.5068389057750755,0,47874,0 2 0 2 0 163 -29,0.0 0.0 0.0 0.0 0.0 0.3404255319148936 0.9285714285714286,4.332826747720365,0,47909,0 2 0 2 0 163 -30,0.0 0.0 0.0 0.0 0.0 0.3404255319148936 0.9107142857142857,4.314969604863222,0,47910,0 2 0 2 0 163 -30,0.0 0.0 0.0 0.0 0.0 0.3404255319148936 0.9107142857142857,4.314969604863222,0,47910,0 2 0 2 0 172 -81,0.0 0.0 0.0 0.0 0.0 0.40425531914893614 0.0,4.042553191489361,0,47880,0 2 0 2 0 163 -27,0.0 0.0 0.0 0.0 0.0 0.3404255319148936 0.9642857142857143,4.36854103343465,0,47907,0 2 0 2 0 163 -29,0.0 0.0 0.0 0.0 0.0 0.3404255319148936 0.9285714285714286,4.332826747720365,0,47909,0 2 0 2 0 163 -28,0.0 0.0 0.0 0.0 0.0 0.3404255319148936 0.9464285714285714,4.350683890577508,0,47908,0 2 0 2 0 163 -29,0.0 0.0 0.0 0.0 0.0 0.3404255319148936 0.9285714285714286,4.332826747720365,0,47909,0 2 0 2 0 163 -30,0.0 0.0 0.0 0.0 0.0 0.3404255319148936 0.9107142857142857,4.314969604863222,0,47910,0 2 0 2 0 163 -29,0.0 0.0 0.0 0.0 0.0 0.3404255319148936 0.9285714285714286,4.332826747720365,0,47909,0 2 0 2 0 163 -29,0.0 0.0 0.0 0.0 0.0 0.3404255319148936 0.9285714285714286,4.332826747720365,0,47909,0 2 0 2 0 163 -29,0.0 0.0 0.0 0.0 0.0 0.3404255319148936 0.9285714285714286,4.332826747720365,0,47909
resolved-c28d-3600-all/resolved-c28d-3600-2nd/nsp-n10-d28-r0.10-rp0-fp0-s9,0 0 0 0 0 78 -52,0.0 0.0 0.0 0.0 0.0 0.5882352941176471 0.0,5.882352941176471,0,256,0 0 0 0 0 68 -45,0.0 0.0 0.0 0.0 0.0 0.0 0.5384615384615384,0.5384615384615384,0,289,0 0 0 0 0 68 -45,0.0 0.0 0.0 0.0 0.0 0.0 0.5384615384615384,0.5384615384615384,0,279,0 0 0 0 0 85 -39,0.0 0.0 0.0 0.0 0.0 1.0 1.0,11.0,0,204,0 0 0 0 0 85 -39,0.0 0.0 0.0 0.0 0.0 1.0 1.0,11.0,0,204,0 0 0 0 0 85 -39,0.0 0.0 0.0 0.0 0.0 1.0 1.0,11.0,0,204,0 0 0 0 0 85 -39,0.0 0.0 0.0 0.0 0.0 1.0 1.0,11.0,0,204,0 0 0 0 0 85 -39,0.0 0.0 0.0 0.0 0.0 1.0 1.0,11.0,0,204,0 0 0 0 0 85 -39,0.0 0.0 0.0 0.0 0.0 1.0 1.0,11.0,0,204,0 0 0 0 0 85 -39,0.0 0.0 0.0 0.0 0.0 1.0 1.0,11.0,0,204,0 0 0 0 0 85 -39,0.0 0.0 0.0 0.0 0.0 1.0 1.0,11.0,0,204,0 0 0 0 0 85 -39,0.0 0.0 0.0 0.0 0.0 1.0 1.0,11.0,0,204,0 0 0 0 0 85 -39,0.0 0.0 0.0 0.0 0.0 1.0 1.0,11.0,0,204,0 0 0 0 0 85 -39,0.0 0.0 0.0 0.0 0.0 1.0 1.0,11.0,0,204,0 0 0 0 0 85 -39,0.0 0.0 0.0 0.0 0.0 1.0 1.0,11.0,0,204,0 0 0 0 0 85 -39,0.0 0.0 0.0 0.0 0.0 1.0 1.0,11.0,0,204,0 0 0 0 0 85 -39,0.0 0.0 0.0 0.0 0.0 1.0 1.0,11.0,0,204,0 0 0 0 0 85 -39,0.0 0.0 0.0 0.0 0.0 1.0 1.0,11.0,0,204,0 0 0 0 0 85 -39,0.0 0.0 0.0 0.0 0.0 1.0 1.0,11.0,0,204
resolved-c28d-3600-all/resolved-c28d-3600-2nd/nsp-n50-d28-r0.10-rp2-fp2-s1,0 0 172 3039 6 2118 -96,0.0 0.0 1.0 1.0 1.0 1.0 0.4066666666666667,11110.406666666666,0,4564,0 0 2 2 0 285 -157,0.0 0.0 0.0 0.0 0.0 0.0 0.0,0.0,0,7605,0 0 2 2 0 318 -135,0.0 0.0 0.0 0.0 0.0 0.01800327332242226 0.14666666666666667,0.32669939989088925,0,7562,0 0 2 2 0 467 -124,0.0 0.0 0.0 0.0 0.0 0.09929078014184398 0.22,1.2129078014184398,0,8535,0 0 2 2 0 467 -124,0.0 0.0 0.0 0.0 0.0 0.09929078014184398 0.22,1.2129078014184398,0,8535,0 0 2 2 0 467 -124,0.0 0.0 0.0 0.0 0.0 0.09929078014184398 0.22,1.2129078014184398,0,8535,0 0 2 27 1 1509 -7,0.0 0.0 0.0 0.008231807704972012 0.16666666666666666 0.6677577741407529 1.0,32.5760521130462,0,8007,0 0 2 2 0 467 -124,0.0 0.0 0.0 0.0 0.0 0.09929078014184398 0.22,1.2129078014184398,0,8535,0 0 2 2 0 467 -124,0.0 0.0 0.0 0.0 0.0 0.09929078014184398 0.22,1.2129078014184398,0,8535,0 0 2 2 0 467 -124,0.0 0.0 0.0 0.0 0.0 0.09929078014184398 0.22,1.2129078014184398,0,8535,0 0 2 2 0 467 -124,0.0 0.0 0.0 0.0 0.0 0.09929078014184398 0.22,1.2129078014184398,0,8535,0 0 2 2 0 467 -124,0.0 0.0 0.0 0.0 0.0 0.09929078014184398 0.22,1.2129078014184398,0,8535,0 0 2 2 0 467 -124,0.0 0.0 0.0 0.0 0.0 0.09929078014184398 0.22,1.2129078014184398,0,8535,0 0 2 2 0 472 -129,0.0 0.0 0.0 0.0 0.0 0.10201854882705946 0.18666666666666668,1.2068521549372615,0,8533,0 0 2 2 0 467 -124,0.0 0.0 0.0 0.0 0.0 0.09929078014184398 0.22,1.2129078014184398,0,8535,0 0 2 2 0 467 -124,0.0 0.0 0.0 0.0 0.0 0.09929078014184398 0.22,1.2129078014184398,0,8535,0 0 2 2 0 467 -124,0.0 0.0 0.0 0.0 0.0 0.09929078014184398 0.22,1.2129078014184398,0,8535,0 0 2 2 0 467 -124,0.0 0.0 0.0 0.0 0.0 0.09929078014184398 0.22,1.2129078014184398,0,8535,0 0 2 2 0 472 -129,0.0 0.0 0.0 0.0 0.0 0.10201854882705946 0.18666666666666668,1.2068521549372615,0,8533
resolved-c28d-3600-all/resolved-c28d-3600-2nd/nsp-n20-d28-r0.10-rp2-fp2-s7,0 0 0 0 0 47 -97,0.0 0.0 0.0 0.0 0.0 0.15384615384615385 0.0,1.5384615384615385,0,349,0 0 0 0 0 45 -94,0.0 0.0 0.0 0.0 0.0 0.0 0.04918032786885246,0.04918032786885246,0,379,0 0 0 0 0 46 -82,0.0 0.0 0.0 0.0 0.0 0.07692307692307693 0.2459016393442623,1.0151324085750315,0,344,0 0 0 0 0 58 -36,0.0 0.0 0.0 0.0 0.0 1.0 1.0,11.0,0,120,0 0 0 0 0 58 -36,0.0 0.0 0.0 0.0 0.0 1.0 1.0,11.0,0,120,0 0 0 0 0 58 -36,0.0 0.0 0.0 0.0 0.0 1.0 1.0,11.0,0,120,0 0 0 0 0 58 -36,0.0 0.0 0.0 0.0 0.0 1.0 1.0,11.0,0,120,0 0 0 0 0 58 -36,0.0 0.0 0.0 0.0 0.0 1.0 1.0,11.0,0,120,0 0 0 0 0 58 -36,0.0 0.0 0.0 0.0 0.0 1.0 1.0,11.0,0,120,0 0 0 0 0 58 -36,0.0 0.0 0.0 0.0 0.0 1.0 1.0,11.0,0,120,0 0 0 0 0 58 -36,0.0 0.0 0.0 0.0 0.0 1.0 1.0,11.0,0,120,0 0 0 0 0 58 -36,0.0 0.0 0.0 0.0 0.0 1.0 1.0,11.0,0,120,0 0 0 0 0 58 -36,0.0 0.0 0.0 0.0 0.0 1.0 1.0,11.0,0,120,0 0 0 0 0 58 -36,0.0 0.0 0.0 0.0 0.0 1.0 1.0,11.0,0,120,0 0 0 0 0 58 -36,0.0 0.0 0.0 0.0 0.0 1.0 1.0,11.0,0,120,0 0 0 0 0 58 -36,0.0 0.0 0.0 0.0 0.0 1.0 1.0,11.0,0,120,0 0 0 0 0 58 -36,0.0 0.0 0.0 0.0 0.0 1.0 1.0,11.0,0,120,0 0 0 0 0 58 -36,0.0 0.0 0.0 0.0 0.0 1.0 1.0,11.0,0,120,0 0 0 0 0 58 -36,0.0 0.0 0.0 0.0 0.0 1.0 1.0,11.0,0,120
resolved-c28d-3600-all/resolved-c28d-3600-2nd/nsp-n40-d28-r0.10-rp2-fp2-s8,0 0 0 0 0 162 -209,0.0 0.0 0.0 0.0 0.0 0.0 0.0,0.0,0,734,0 0 0 0 0 162 -177,0.0 0.0 0.0 0.0 0.0 0.0 0.2831858407079646,0.2831858407079646,0,692,0 0 0 0 0 190 -155,0.0 0.0 0.0 0.0 0.0 0.16374269005847952 0.4778761061946903,2.1153030067794854,0,600,0 0 0 0 0 329 -158,0.0 0.0 0.0 0.0 0.0 0.9766081871345029 0.45132743362831856,10.217409304973348,0,217,0 0 0 0 0 329 -158,0.0 0.0 0.0 0.0 0.0 0.9766081871345029 0.45132743362831856,10.217409304973348,0,217,0 0 0 0 0 308 -96,0.0 0.0 0.0 0.0 0.0 0.8538011695906432 1.0,9.538011695906432,0,220,0 0 0 0 0 329 -158,0.0 0.0 0.0 0.0 0.0 0.9766081871345029 0.45132743362831856,10.217409304973348,0,217,0 0 0 0 0 329 -158,0.0 0.0 0.0 0.0 0.0 0.9766081871345029 0.45132743362831856,10.217409304973348,0,217,0 0 0 0 0 329 -158,0.0 0.0 0.0 0.0 0.0 0.9766081871345029 0.45132743362831856,10.217409304973348,0,217,0 0 0 0 0 329 -158,0.0 0.0 0.0 0.0 0.0 0.9766081871345029 0.45132743362831856,10.217409304973348,0,217,0 0 0 0 0 333 -126,0.0 0.0 0.0 0.0 0.0 1.0 0.7345132743362832,10.734513274336283,0,212,0 0 0 0 0 308 -96,0.0 0.0 0.0 0.0 0.0 0.8538011695906432 1.0,9.538011695906432,0,220,0 0 0 0 0 329 -158,0.0 0.0 0.0 0.0 0.0 0.9766081871345029 0.45132743362831856,10.217409304973348,0,217,0 0 0 0 0 329 -158,0.0 0.0 0.0 0.0 0.0 0.9766081871345029 0.45132743362831856,10.217409304973348,0,217,0 0 0 0 0 329 -158,0.0 0.0 0.0 0.0 0.0 0.9766081871345029 0.45132743362831856,10.217409304973348,0,217,0 0 0 0 0 329 -158,0.0 0.0 0.0 0.0 0.0 0.9766081871345029 0.45132743362831856,10.217409304973348,0,217,0 0 0 0 0 329 -158,0.0 0.0 0.0 0.0 0.0 0.9766081871345029 0.45132743362831856,10.217409304973348,0,217,0 0 0 0 0 329 -158,0.0 0.0 0.0 0.0 0.0 0.9766081871345029 0.45132743362831856,10.217409304973348,0,217,0 0 0 0 0 329 -158,0.0 0.0 0.0 0.0 0.0 0.9766081871345029 0.45132743362831856,10.217409304973348,0,217
resolved-c28d-3600-all/resolved-c28d-3600-2nd/nsp-n10-d28-r0.10-rp0-fp0-s6,0 1 2 0 0 78 -34,0.0 0.0 0.0 0.0 0.0 0.05555555555555555 0.0,0.5555555555555556,0,13739,0 1 2 0 0 79 -34,0.0 0.0 0.0 0.0 0.0 0.1111111111111111 0.0,1.1111111111111112,0,13944,0 1 2 0 0 77 -32,0.0 0.0 0.0 0.0 0.0 0.0 0.16666666666666666,0.16666666666666666,0,13965,0 1 2 0 0 95 -23,0.0 0.0 0.0 0.0 0.0 1.0 0.9166666666666666,10.916666666666666,0,16198,0 1 2 0 0 95 -23,0.0 0.0 0.0 0.0 0.0 1.0 0.9166666666666666,10.916666666666666,0,16198,0 1 2 0 0 95 -24,0.0 0.0 0.0 0.0 0.0 1.0 0.8333333333333334,10.833333333333334,0,16199,0 1 2 0 0 95 -22,0.0 0.0 0.0 0.0 0.0 1.0 1.0,11.0,0,16197,0 1 2 0 0 95 -25,0.0 0.0 0.0 0.0 0.0 1.0 0.75,10.75,0,16200,0 1 2 0 0 95 -22,0.0 0.0 0.0 0.0 0.0 1.0 1.0,11.0,0,16197,0 1 2 0 0 95 -23,0.0 0.0 0.0 0.0 0.0 1.0 0.9166666666666666,10.916666666666666,0,16198,0 1 2 0 0 95 -23,0.0 0.0 0.0 0.0 0.0 1.0 0.9166666666666666,10.916666666666666,0,16198,0 1 2 0 0 95 -22,0.0 0.0 0.0 0.0 0.0 1.0 1.0,11.0,0,16197,0 1 2 0 0 95 -22,0.0 0.0 0.0 0.0 0.0 1.0 1.0,11.0,0,16197,0 1 2 0 0 95 -22,0.0 0.0 0.0 0.0 0.0 1.0 1.0,11.0,0,16197,0 1 2 0 0 95 -22,0.0 0.0 0.0 0.0 0.0 1.0 1.0,11.0,0,16197,0 1 2 0 0 95 -24,0.0 0.0 0.0 0.0 0.0 1.0 0.8333333333333334,10.833333333333334,0,16199,0 1 2 0 0 95 -22,0.0 0.0 0.0 0.0 0.0 1.0 1.0,11.0,0,16197,0 1 2 0 0 95 -25,0.0 0.0 0.0 0.0 0.0 1.0 0.75,10.75,0,16200,0 1 2 0 0 95 -22,0.0 0.0 0.0 0.0 0.0 1.0 1.0,11.0,0,16197
resolved-c28d-3600-all/resolved-c28d-3600-2nd/nsp-n40-d28-r0.10-rp2-fp2-s4,0 3 36 346 6 867 -100,0.0 0.0 0.04774535809018567 0.03334939759036144 0.07692307692307693 0.1670151594354417 0.22435897435897437,520.3897967532392,0,5313,0 3 754 10375 14 4054 -135,0.0 0.0 1.0 1.0 0.1794871794871795 1.0 0.0,11027.948717948719,0,2438,0 3 0 0 0 228 -123,0.0 0.0 0.0 0.0 0.0 0.0 0.07692307692307693,0.07692307692307693,0,16338,0 3 9 175 20 1219 21,0.0 0.0 0.011936339522546418 0.016867469879518072 0.2564102564102564 0.25901725039205437 1.0,165.46206324992843,0,44641,0 3 274 322 63 2432 1,0.0 0.0 0.363395225464191 0.031036144578313253 0.8076923076923077 0.5760585467851542 0.8717948717948718,3752.3900103291007,0,41424,0 3 1 341 53 1355 -5,0.0 0.0 0.001326259946949602 0.03286746987951807 0.6794871794871795 0.29456351280710924 0.8333333333333334,117.85775575913648,0,45071,0 3 0 236 33 1283 -3,0.0 0.0 0.0 0.02274698795180723 0.4230769230769231 0.2757449032932567 0.8461538461538461,68.65828313858594,0,45239,0 3 0 166 23 1210 5,0.0 0.0 0.0 0.016 0.2948717948717949 0.2566649242028228 0.8974358974358975,48.951264626643614,0,45442,0 3 271 306 59 2339 4,0.0 0.0 0.3594164456233422 0.029493975903614456 0.7564102564102564 0.5517511761630947 0.8910256410256411,3705.7079951807186,0,41741,0 3 0 152 24 1174 7,0.0 0.0 0.0 0.014650602409638554 0.3076923076923077 0.2472556194458965 0.9102564102564102,48.8026457835847,0,45528,0 3 41 439 72 1884 -16,0.0 0.0 0.054376657824933686 0.04231325301204819 0.9230769230769231 0.4328280188186095 0.7628205128205128,683.478624270084,0,43892,0 3 0 348 57 1392 -29,0.0 0.0 0.0 0.033542168674698794 0.7307692307692307 0.30423418714061684 0.6794871794871795,110.34092080251521,0,45108,0 3 35 346 45 1540 9,0.0 0.0 0.046419098143236075 0.03334939759036144 0.5769230769230769 0.34291688447464713 0.9230769230769231,559.5849324828532,0,44246,0 3 14 311 24 1385 -16,0.0 0.0 0.01856763925729443 0.02997590361445783 0.3076923076923077 0.30240460010454784 0.7628205128205128,250.20839347049886,0,44466,0 3 3 327 31 1331 -8,0.0 0.0 0.003978779840848806 0.03151807228915662 0.3974358974358974 0.2882906429691584 0.8141025641025641,114.74646943502859,0,44845,0 3 4 300 36 1401 0,0.0 0.0 0.005305039787798408 0.02891566265060241 0.46153846153846156 0.30658651332984843 0.8653846153846154,132.05115643111574,0,44806,0 3 3 327 31 1331 -8,0.0 0.0 0.003978779840848806 0.03151807228915662 0.3974358974358974 0.2882906429691584 0.8141025641025641,114.74646943502859,0,44845,0 3 402 463 78 2669 19,0.0 0.0 0.53315649867374 0.04462650602409639 1.0 0.638003136434919 0.9871794871794872,5483.5587036130255,0,33816,0 3 45 379 48 1884 -36,0.0 0.0 0.05968169761273209 0.03653012048192771 0.6153846153846154 0.4328280188186095 0.6346153846153846,699.8484537205117,0,43879
resolved-c28d-3600-all/resolved-c28d-3600-2nd/nsp-n10-d28-r0.10-rp0-fp0-s8,0 1 0 2 0 79 -34,0.0 0.0 0.0 0.0 0.0 0.1111111111111111 0.2,1.3111111111111111,0,36414,0 1 0 2 0 77 -36,0.0 0.0 0.0 0.0 0.0 0.0 0.0,0.0,0,36380,0 1 0 2 0 78 -35,0.0 0.0 0.0 0.0 0.0 0.05555555555555555 0.1,0.6555555555555556,0,36362,0 1 0 2 0 95 -26,0.0 0.0 0.0 0.0 0.0 1.0 1.0,11.0,0,36467,0 1 0 2 0 95 -26,0.0 0.0 0.0 0.0 0.0 1.0 1.0,11.0,0,36467,0 1 0 2 0 95 -26,0.0 0.0 0.0 0.0 0.0 1.0 1.0,11.0,0,36467,0 1 0 2 0 95 -26,0.0 0.0 0.0 0.0 0.0 1.0 1.0,11.0,0,36467,0 1 0 2 0 95 -26,0.0 0.0 0.0 0.0 0.0 1.0 1.0,11.0,0,36467,0 1 0 2 0 95 -26,0.0 0.0 0.0 0.0 0.0 1.0 1.0,11.0,0,36467,0 1 0 2 0 95 -26,0.0 0.0 0.0 0.0 0.0 1.0 1.0,11.0,0,36467,0 1 0 2 0 95 -26,0.0 0.0 0.0 0.0 0.0 1.0 1.0,11.0,0,36467,0 1 0 2 0 95 -26,0.0 0.0 0.0 0.0 0.0 1.0 1.0,11.0,0,36467,0 1 0 2 0 95 -26,0.0 0.0 0.0 0.0 0.0 1.0 1.0,11.0,0,36467,0 1 0 2 0 95 -26,0.0 0.0 0.0 0.0 0.0 1.0 1.0,11.0,0,36467,0 1 0 2 0 95 -26,0.0 0.0 0.0 0.0 0.0 1.0 1.0,11.0,0,36467,0 1 0 2 0 95 -26,0.0 0.0 0.0 0.0 0.0 1.0 1.0,11.0,0,36467,0 1 0 2 0 95 -26,0.0 0.0 0.0 0.0 0.0 1.0 1.0,11.0,0,36467,0 1 0 2 0 95 -26,0.0 0.0 0.0 0.0 0.0 1.0 1.0,11.0,0,36467,0 1 0 2 0 95 -26,0.0 0.0 0.0 0.0 0.0 1.0 1.0,11.0,0,36467
resolved-c28d-3600-all/resolved-c28d-3600-2nd/nsp-n50-d28-r0.10-rp2-fp2-s6,0 2 83 1510 11 1613 -127,0.0 0.0 1.0 1.0 1.0 1.0 0.5138888888888888,11110.513888888889,0,5269,0 2 2 0 0 276 -147,0.0 0.0 0.0 0.0 0.0 0.0 0.2361111111111111,0.2361111111111111,0,25251,0 2 2 1 0 757 -92,0.0 0.0 0.0 0.0006622516556291391 0.0 0.35976065818997754 1.0,5.259858237528914,0,24826,0 2 2 0 0 326 -164,0.0 0.0 0.0 0.0 0.0 0.037397157816005985 0.0,0.3739715781600599,0,19621,0 2 2 0 0 326 -162,0.0 0.0 0.0 0.0 0.0 0.037397157816005985 0.027777777777777776,0.40174935593783767,0,19619,0 2 2 0 0 326 -163,0.0 0.0 0.0 0.0 0.0 0.037397157816005985 0.013888888888888888,0.3878604670489488,0,19620,0 2 2 0 0 326 -164,0.0 0.0 0.0 0.0 0.0 0.037397157816005985 0.0,0.3739715781600599,0,19621,0 2 2 0 0 326 -164,0.0 0.0 0.0 0.0 0.0 0.037397157816005985 0.0,0.3739715781600599,0,19621,0 2 2 0 0 326 -164,0.0 0.0 0.0 0.0 0.0 0.037397157816005985 0.0,0.3739715781600599,0,19621,0 2 2 0 0 326 -163,0.0 0.0 0.0 0.0 0.0 0.037397157816005985 0.013888888888888888,0.3878604670489488,0,19620,0 2 2 0 0 326 -164,0.0 0.0 0.0 0.0 0.0 0.037397157816005985 0.0,0.3739715781600599,0,19621,0 2 2 0 0 326 -163,0.0 0.0 0.0 0.0 0.0 0.037397157816005985 0.013888888888888888,0.3878604670489488,0,19620,0 2 2 0 0 326 -164,0.0 0.0 0.0 0.0 0.0 0.037397157816005985 0.0,0.3739715781600599,0,19621,0 2 2 0 0 326 -164,0.0 0.0 0.0 0.0 0.0 0.037397157816005985 0.0,0.3739715781600599,0,19621,0 2 2 0 0 326 -163,0.0 0.0 0.0 0.0 0.0 0.037397157816005985 0.013888888888888888,0.3878604670489488,0,19620,0 2 2 0 0 326 -164,0.0 0.0 0.0 0.0 0.0 0.037397157816005985 0.0,0.3739715781600599,0,19621,0 2 2 0 0 326 -164,0.0 0.0 0.0 0.0 0.0 0.037397157816005985 0.0,0.3739715781600599,0,19621,0 2 2 0 0 326 -162,0.0 0.0 0.0 0.0 0.0 0.037397157816005985 0.027777777777777776,0.40174935593783767,0,19619,0 2 2 0 0 326 -163,0.0 0.0 0.0 0.0 0.0 0.037397157816005985 0.013888888888888888,0.3878604670489488,0,19620
resolved-c28d-3600-all/resolved-c28d-3600-2nd/nsp-n40-d28-r0.10-rp2-fp2-s5,1 22 149 212 32 1681 -53,1.0 0.0 0.0 0.0 0.0 0.059513074842200184 0.0,1000000.5951307485,0,19619,1 153 618 322 76 2724 4,1.0 0.2769556025369979 0.5504694835680751 0.14884979702300405 0.32116788321167883 1.0 0.4830508474576271,1033391.7047255721,0,16138,1 261 662 420 118 2523 -6,1.0 0.5052854122621564 0.602112676056338 0.2814614343707713 0.6277372262773723 0.8187556357078449 0.3983050847457627,1056902.4890052194,0,12946,0 464 886 916 134 1727 20,0.0 0.9344608879492601 0.8650234741784038 0.952638700947226 0.7445255474452555 0.10099188458070334 0.6186440677966102,103125.0433553154,0,28282,0 464 886 916 134 1727 20,0.0 0.9344608879492601 0.8650234741784038 0.952638700947226 0.7445255474452555 0.10099188458070334 0.6186440677966102,103125.0433553154,0,28282,0 466 917 879 145 1718 29,0.0 0.9386892177589852 0.9014084507042254 0.9025710419485792 0.8248175182481752 0.09287646528403967 0.6949152542372882,103869.68275662125,0,28050,0 462 1001 944 151 1754 4,0.0 0.9302325581395349 1.0 0.9905277401894452 0.8686131386861314 0.12533814247069433 0.4830508474576271,104102.3813002837,0,28425,0 495 833 893 169 1615 65,0.0 1.0 0.8028169014084507 0.9215155615696887 1.0 0.0 1.0,109050.6845756542,0,26922,0 460 1001 935 151 1773 4,0.0 0.9260042283298098 1.0 0.9783491204330176 0.8686131386861314 0.1424706943192065 0.4830508474576271,103667.54102507325,0,28495,0 462 1001 944 151 1754 2,0.0 0.9302325581395349 1.0 0.9905277401894452 0.8686131386861314 0.12533814247069433 0.4661016949152542,104102.36435113117,0,28426,0 475 925 881 138 1726 34,0.0 0.9577167019027484 0.9107981220657277 0.9052774018944519 0.7737226277372263 0.10009017132551848 0.7372881355932204,105864.03926544913,0,27643,0 460 1001 935 151 1773 4,0.0 0.9260042283298098 1.0 0.9783491204330176 0.8686131386861314 0.1424706943192065 0.4830508474576271,103667.54102507325,0,28495,0 460 1001 935 151 1773 4,0.0 0.9260042283298098 1.0 0.9783491204330176 0.8686131386861314 0.1424706943192065 0.4830508474576271,103667.54102507325,0,28495,0 464 880 951 147 1684 12,0.0 0.9344608879492601 0.857981220657277 1.0 0.8394160583941606 0.062218214607754736 0.5508474576271186,103111.0156369419,0,28351,0 464 886 916 134 1727 20,0.0 0.9344608879492601 0.8650234741784038 0.952638700947226 0.7445255474452555 0.10099188458070334 0.6186440677966102,103125.0433553154,0,28282,0 460 1001 935 151 1773 4,0.0 0.9260042283298098 1.0 0.9783491204330176 0.8686131386861314 0.1424706943192065 0.4830508474576271,103667.54102507325,0,28495,0 460 1001 935 151 1773 4,0.0 0.9260042283298098 1.0 0.9783491204330176 0.8686131386861314 0.1424706943192065 0.4830508474576271,103667.54102507325,0,28495,0 475 925 884 152 1624 46,0.0 0.9577167019027484 0.9107981220657277 0.9093369418132612 0.8759124087591241 0.008115419296663661 0.8389830508474576,105877.49973086509,0,27631,0 460 1001 935 151 1773 4,0.0 0.9260042283298098 1.0 0.9783491204330176 0.8686131386861314 0.1424706943192065 0.4830508474576271,103667.54102507325,0,28495
resolved-c28d-3600-all/resolved-c28d-3600-2nd/nsp-n20-d28-r0.10-rp2-fp2-s0,0 0 0 0 0 54 -92,0.0 0.0 0.0 0.0 0.0 0.11764705882352941 0.0,1.1764705882352942,0,312,0 0 0 0 0 52 -85,0.0 0.0 0.0 0.0 0.0 0.0 0.18421052631578946,0.18421052631578946,0,249,0 0 0 0 0 59 -85,0.0 0.0 0.0 0.0 0.0 0.4117647058823529 0.18421052631578946,4.301857585139318,0,209,0 0 0 0 0 69 -54,0.0 0.0 0.0 0.0 0.0 1.0 1.0,11.0,0,166,0 0 0 0 0 69 -54,0.0 0.0 0.0 0.0 0.0 1.0 1.0,11.0,0,166,0 0 0 0 0 69 -54,0.0 0.0 0.0 0.0 0.0 1.0 1.0,11.0,0,166,0 0 0 0 0 69 -54,0.0 0.0 0.0 0.0 0.0 1.0 1.0,11.0,0,166,0 0 0 0 0 69 -54,0.0 0.0 0.0 0.0 0.0 1.0 1.0,11.0,0,166,0 0 0 0 0 69 -54,0.0 0.0 0.0 0.0 0.0 1.0 1.0,11.0,0,166,0 0 0 0 0 69 -54,0.0 0.0 0.0 0.0 0.0 1.0 1.0,11.0,0,166,0 0 0 0 0 69 -54,0.0 0.0 0.0 0.0 0.0 1.0 1.0,11.0,0,166,0 0 0 0 0 69 -54,0.0 0.0 0.0 0.0 0.0 1.0 1.0,11.0,0,166,0 0 0 0 0 69 -54,0.0 0.0 0.0 0.0 0.0 1.0 1.0,11.0,0,166,0 0 0 0 0 69 -54,0.0 0.0 0.0 0.0 0.0 1.0 1.0,11.0,0,166,0 0 0 0 0 69 -54,0.0 0.0 0.0 0.0 0.0 1.0 1.0,11.0,0,166,0 0 0 0 0 69 -54,0.0 0.0 0.0 0.0 0.0 1.0 1.0,11.0,0,166,0 0 0 0 0 69 -54,0.0 0.0 0.0 0.0 0.0 1.0 1.0,11.0,0,166,0 0 0 0 0 69 -54,0.0 0.0 0.0 0.0 0.0 1.0 1.0,11.0,0,166,0 0 0 0 0 69 -54,0.0 0.0 0.0 0.0 0.0 1.0 1.0,11.0,0,166
resolved-c28d-3600-all/resolved-c28d-3600-2nd/nsp-n10-d28-r0.10-rp0-fp0-s1,0 1 0 0 0 74 -47,0.0 0.0 0.0 0.0 0.0 0.3181818181818182 0.0,3.1818181818181817,0,37420,0 1 0 0 0 67 -40,0.0 0.0 0.0 0.0 0.0 0.0 0.2692307692307692,0.2692307692307692,0,37459,0 1 0 0 0 67 -45,0.0 0.0 0.0 0.0 0.0 0.0 0.07692307692307693,0.07692307692307693,0,37384,0 1 0 0 0 89 -21,0.0 0.0 0.0 0.0 0.0 1.0 1.0,11.0,0,37150,0 1 0 0 0 89 -21,0.0 0.0 0.0 0.0 0.0 1.0 1.0,11.0,0,37150,0 1 0 0 0 89 -21,0.0 0.0 0.0 0.0 0.0 1.0 1.0,11.0,0,37150,0 1 0 0 0 89 -24,0.0 0.0 0.0 0.0 0.0 1.0 0.8846153846153846,10.884615384615385,0,37151,0 1 0 0 0 89 -24,0.0 0.0 0.0 0.0 0.0 1.0 0.8846153846153846,10.884615384615385,0,37151,0 1 0 0 0 89 -21,0.0 0.0 0.0 0.0 0.0 1.0 1.0,11.0,0,37150,0 1 0 0 0 89 -21,0.0 0.0 0.0 0.0 0.0 1.0 1.0,11.0,0,37150,0 1 0 0 0 89 -21,0.0 0.0 0.0 0.0 0.0 1.0 1.0,11.0,0,37150,0 1 0 0 0 89 -21,0.0 0.0 0.0 0.0 0.0 1.0 1.0,11.0,0,37150,0 1 0 0 0 89 -21,0.0 0.0 0.0 0.0 0.0 1.0 1.0,11.0,0,37150,0 1 0 0 0 89 -24,0.0 0.0 0.0 0.0 0.0 1.0 0.8846153846153846,10.884615384615385,0,37151,0 1 0 0 0 89 -21,0.0 0.0 0.0 0.0 0.0 1.0 1.0,11.0,0,37150,0 1 0 0 0 89 -21,0.0 0.0 0.0 0.0 0.0 1.0 1.0,11.0,0,37150,0 1 0 0 0 89 -21,0.0 0.0 0.0 0.0 0.0 1.0 1.0,11.0,0,37150,0 1 0 0 0 89 -24,0.0 0.0 0.0 0.0 0.0 1.0 0.8846153846153846,10.884615384615385,0,37151,0 1 0 0 0 89 -24,0.0 0.0 0.0 0.0 0.0 1.0 0.8846153846153846,10.884615384615385,0,37151
resolved-c28d-3600-all/resolved-c28d-3600-2nd/nsp-n30-d28-r0.10-rp2-fp2-s6,0 26 24 99 9 741 -28,0.0 0.055 0.0 0.0 0.0 0.0 0.0,5500.0,0,15055,0 71 260 398 35 1298 33,0.0 0.28 0.20665499124343256 0.5456204379562044 0.11063829787234042 0.1950280112044818 0.9242424242424242,30626.108702714057,0,14046,0 215 307 481 63 1053 38,0.0 1.0 0.2478108581436077 0.6970802919708029 0.2297872340425532 0.1092436974789916 1.0,103200.26003378592,0,17269,0 18 1048 640 235 3483 30,0.0 0.015 0.8966725043782837 0.9872262773722628 0.9617021276595744 0.9600840336134454 0.8787878787878788,11560.60116213598,0,27688,0 25 1052 623 204 3588 33,0.0 0.05 0.9001751313485113 0.9562043795620438 0.8297872340425532 0.9968487394957983 0.9242424242424242,15051.827146270614,0,25741,0 22 1054 585 219 3488 19,0.0 0.035 0.9019264448336253 0.8868613138686131 0.8936170212765957 0.9618347338935574 0.7121212121212122,13505.817932883583,0,26664,0 18 1049 646 228 3558 31,0.0 0.015 0.8975481611208407 0.9981751824817519 0.9319148936170213 0.9863445378151261 0.8939393939393939,11577.605667823951,0,27602,0 18 1054 599 225 3543 27,0.0 0.015 0.9019264448336253 0.9124087591240876 0.9191489361702128 0.9810924369747899 0.8333333333333334,11534.232358780442,0,27452,0 26 1079 623 233 3597 29,0.0 0.055 0.9238178633975481 0.9562043795620438 0.9531914893617022 1.0 0.8636363636363636,15800.565798837331,0,25252,0 25 1045 620 197 3571 31,0.0 0.05 0.8940455341506129 0.9507299270072993 0.8 0.9908963585434174 0.8939393939393939,14981.988171492801,0,25816,0 35 1166 639 218 3398 7,0.0 0.1 1.0 0.9854014598540146 0.8893617021276595 0.9303221288515406 0.5303030303030303,21084.1711543856,0,23574,0 22 1024 593 217 3510 19,0.0 0.035 0.8756567425569177 0.9014598540145985 0.8851063829787233 0.9695378151260504 0.7121212121212122,13256.94541724503,0,26734,0 15 1046 647 244 3497 27,0.0 0.0 0.8949211908931699 1.0 1.0 0.9649859943977591 0.8333333333333334,10059.695102209009,0,27906,0 22 1023 587 212 3508 21,0.0 0.035 0.8747810858143608 0.8905109489051095 0.8638297872340426 0.9688375350140056 0.7424242424242424,13235.135585364687,0,26776,0 28 1085 626 241 3550 29,0.0 0.065 0.9290718038528897 0.9616788321167883 0.9872340425531915 0.9835434173669467 0.8636363636363636,16861.81934543831,0,25081,0 21 1014 616 244 3523 32,0.0 0.03 0.8669001751313485 0.9434306569343066 1.0 0.9740896358543417 0.9090909090909091,12723.082395515426,0,27050,0 18 1052 612 229 3558 24,0.0 0.015 0.9001751313485113 0.9361313868613139 0.9361702127659575 0.9863445378151261 0.7878787878787878,11542.151045789054,0,27510,0 21 1018 603 224 3518 35,0.0 0.03 0.8704028021015762 0.9197080291970803 0.9148936170212766 0.9723389355742297 0.9545454545454546,12725.903346725258,0,26968,0 22 1054 601 220 3490 24,0.0 0.035 0.9019264448336253 0.916058394160584 0.8978723404255319 0.9625350140056023 0.7878787878787878,13535.523305467324,0,26588
resolved-c28d-3600-all/resolved-c28d-3600-2nd/nsp-n20-d28-r0.10-rp2-fp2-s5,0 1 4 2 0 62 -55,0.0 0.0 0.0 0.0 0.0 0.0 0.0,0.0,0,4503,0 1 7 33 1 327 8,0.0 0.0 0.03571428571428571 0.22302158273381295 0.021739130434782608 0.32043530834340994 0.6116504854368932,586.1543564890193,0,94071,0 1 7 32 1 329 11,0.0 0.0 0.03571428571428571 0.2158273381294964 0.021739130434782608 0.32285368802902054 0.6407766990291263,579.013421895151,0,94121,0 1 65 78 38 794 20,0.0 0.0 0.7261904761904762 0.5467625899280576 0.8260869565217391 0.8851269649334945 0.7281553398058253,7900.855472474133,0,92829,0 1 62 49 16 705 22,0.0 0.0 0.6904761904761905 0.3381294964028777 0.34782608695652173 0.777509068923821 0.7475728155339806,7286.196673365207,0,94226,0 1 88 140 38 889 47,0.0 0.0 1.0 0.9928057553956835 0.8260869565217391 1.0 0.9902912621359223,11086.404742309993,0,83212,0 1 60 44 6 551 22,0.0 0.0 0.6666666666666666 0.302158273381295 0.13043478260869565 0.5912938331318017 0.7475728155339806,6988.528929455682,0,95238,0 1 64 51 16 781 34,0.0 0.0 0.7142857142857143 0.35251798561151076 0.34782608695652173 0.8694074969770254 0.8640776699029126,7539.715889803979,0,93787,0 1 60 45 5 654 25,0.0 0.0 0.6666666666666666 0.30935251798561153 0.10869565217391304 0.7158403869407497 0.7766990291262136,6994.823852768202,0,94839,0 1 42 69 9 552 35,0.0 0.0 0.4523809523809524 0.48201438848920863 0.1956521739130435 0.592503022974607 0.8737864077669902,5032.18794632755,0,96496,0 1 64 51 16 793 35,0.0 0.0 0.7142857142857143 0.35251798561151076 0.34782608695652173 0.8839177750906893 0.8737864077669902,7539.87070132298,0,93749,0 1 88 141 39 884 48,0.0 0.0 1.0 1.0 0.8478260869565217 0.9939540507859734 1.0,11095.722149203511,0,83198,0 1 42 85 10 602 36,0.0 0.0 0.4523809523809524 0.5971223021582733 0.21739130434782608 0.652962515114873 0.883495145631068,5150.08407669936,0,96118,0 1 42 72 8 562 25,0.0 0.0 0.4523809523809524 0.5035971223021583 0.17391304347826086 0.6045949214026602 0.7766990291262136,5051.620598702661,0,96398,0 1 41 74 8 516 41,0.0 0.0 0.44047619047619047 0.5179856115107914 0.17391304347826086 0.5489721886336155 0.9320388349514563,4946.56058134181,0,96839,0 1 65 108 46 832 13,0.0 0.0 0.7261904761904762 0.762589928057554 1.0 0.9310761789600968 0.6601941747572816,8134.4656459266735,0,91641,0 1 60 48 5 660 34,0.0 0.0 0.6666666666666666 0.33093525179856115 0.10869565217391304 0.7230955259975816 0.8640776699029126,7016.566516612497,0,94580,0 1 62 55 17 755 38,0.0 0.0 0.6904761904761905 0.381294964028777 0.3695652173913043 0.837968561064087 0.9029126213592233,7332.295988761812,0,93963,0 1 65 74 36 820 23,0.0 0.0 0.7261904761904762 0.5179856115107914 0.782608695652174 0.9165659008464329 0.7572815533980582,7868.074183542632,0,92916
resolved-c28d-3600-all/resolved-c28d-3600-2nd/nsp-n40-d28-r0.10-rp2-fp2-s6,0 3 36 434 16 905 -80,0.0 0.0 1.0 1.0 1.0 1.0 0.5514018691588785,11110.55140186916,0,5011,0 3 0 33 0 714 -32,0.0 0.0 0.0 0.07603686635944701 0.0 0.717037037037037 1.0,84.20723672981737,0,14259,0 3 0 0 0 230 -124,0.0 0.0 0.0 0.0 0.0 0.0 0.14018691588785046,0.14018691588785046,0,17414,0 3 0 0 0 314 -98,0.0 0.0 0.0 0.0 0.0 0.12444444444444444 0.38317757009345793,1.6276220145379023,0,28909,0 3 0 0 0 314 -97,0.0 0.0 0.0 0.0 0.0 0.12444444444444444 0.3925233644859813,1.6369678089304258,0,28908,0 3 0 0 0 314 -98,0.0 0.0 0.0 0.0 0.0 0.12444444444444444 0.38317757009345793,1.6276220145379023,0,28909,0 3 0 0 0 314 -96,0.0 0.0 0.0 0.0 0.0 0.12444444444444444 0.40186915887850466,1.646313603322949,0,28907,0 3 0 0 0 314 -96,0.0 0.0 0.0 0.0 0.0 0.12444444444444444 0.40186915887850466,1.646313603322949,0,28907,0 3 0 0 0 314 -96,0.0 0.0 0.0 0.0 0.0 0.12444444444444444 0.40186915887850466,1.646313603322949,0,28907,0 3 0 0 0 319 -139,0.0 0.0 0.0 0.0 0.0 0.13185185185185186 0.0,1.3185185185185186,0,28902,0 3 0 0 0 314 -97,0.0 0.0 0.0 0.0 0.0 0.12444444444444444 0.3925233644859813,1.6369678089304258,0,28908,0 3 0 0 0 314 -96,0.0 0.0 0.0 0.0 0.0 0.12444444444444444 0.40186915887850466,1.646313603322949,0,28907,0 3 0 0 0 283 -101,0.0 0.0 0.0 0.0 0.0 0.07851851851851852 0.35514018691588783,1.140325372101073,0,28920,0 3 0 0 0 318 -137,0.0 0.0 0.0 0.0 0.0 0.13037037037037036 0.018691588785046728,1.3223952924887503,0,28903,0 3 0 0 0 314 -98,0.0 0.0 0.0 0.0 0.0 0.12444444444444444 0.38317757009345793,1.6276220145379023,0,28909,0 3 0 0 0 314 -97,0.0 0.0 0.0 0.0 0.0 0.12444444444444444 0.3925233644859813,1.6369678089304258,0,28908,0 3 0 0 0 314 -98,0.0 0.0 0.0 0.0 0.0 0.12444444444444444 0.38317757009345793,1.6276220145379023,0,28909,0 3 0 0 0 314 -97,0.0 0.0 0.0 0.0 0.0 0.12444444444444444 0.3925233644859813,1.6369678089304258,0,28908,0 3 0 0 0 283 -101,0.0 0.0 0.0 0.0 0.0 0.07851851851851852 0.35514018691588783,1.140325372101073,0,28920
resolved-c28d-3600-all/resolved-c28d-3600-2nd/nsp-n30-d28-r0.10-rp2-fp2-s1,0 0 12 34 0 350 -58,0.0 0.0 1.0 0.20754716981132076 0.0 0.28356164383561644 0.2980769230769231,10210.680863172754,0,4354,0 0 4 1 0 143 -89,0.0 0.0 0.0 0.0 0.0 0.0 0.0,0.0,0,26186,0 0 4 1 0 172 -84,0.0 0.0 0.0 0.0 0.0 0.03972602739726028 0.04807692307692308,0.44533719704952585,0,26123,0 0 4 58 6 621 2,0.0 0.0 0.0 0.3584905660377358 0.23076923076923078 0.6547945205479452 0.875,388.9904343201384,0,28206,0 0 4 115 21 767 -2,0.0 0.0 0.0 0.7169811320754716 0.8076923076923077 0.8547945205479452 0.8365384615384616,807.1348465117204,0,27207,0 0 11 152 20 811 7,0.0 0.0 0.875 0.949685534591195 0.7692307692307693 0.915068493150685 0.9230769230769231,9786.682373368856,0,25922,0 0 4 114 26 785 -5,0.0 0.0 0.0 0.710691823899371 1.0 0.8794520547945206 0.8076923076923077,820.2940367550085,0,27210,0 0 6 146 16 758 15,0.0 0.0 0.25 0.9119496855345912 0.6153846153846154 0.8424657534246576 1.0,3482.912804607299,0,26448,0 0 4 45 1 527 -8,0.0 0.0 0.0 0.27672955974842767 0.038461538461538464 0.5260273972602739 0.7788461538461539,286.61483372103044,0,28615,0 0 4 67 5 790 9,0.0 0.0 0.0 0.41509433962264153 0.19230769230769232 0.8863013698630137 0.9423076923076923,444.1304302443486,0,27983,0 0 4 50 1 536 -9,0.0 0.0 0.0 0.3081761006289308 0.038461538461538464 0.5383561643835616 0.7692307692307693,318.17504688815103,0,28531,0 0 6 116 21 749 1,0.0 0.0 0.25 0.7232704402515723 0.8076923076923077 0.8301369863013699 0.8653846153846154,3313.2064254992015,0,26820,0 0 4 59 6 622 5,0.0 0.0 0.0 0.36477987421383645 0.23076923076923078 0.6561643835616439 0.9038461538461539,395.32228728022216,0,28193,0 0 4 60 8 621 0,0.0 0.0 0.0 0.3710691823899371 0.3076923076923077 0.6547945205479452 0.8557692307692307,409.2421275954165,0,28181,0 0 4 36 2 637 -14,0.0 0.0 0.0 0.22012578616352202 0.07692307692307693 0.6767123287671233 0.7211538461538461,235.30637098965477,0,28822,0 0 11 160 20 873 14,0.0 0.0 0.875 1.0 0.7692307692307693 1.0 0.9903846153846154,9837.913461538461,0,25820,0 0 4 14 2 525 -19,0.0 0.0 0.0 0.08176100628930817 0.07692307692307693 0.5232876712328767 0.6730769230769231,95.35926761702156,0,29326,0 0 4 34 0 668 -8,0.0 0.0 0.0 0.20754716981132076 0.0 0.7191780821917808 0.7788461538461539,215.51779678708473,0,28878,0 0 4 53 2 538 -10,0.0 0.0 0.0 0.3270440251572327 0.07692307692307693 0.541095890410959 0.7596153846153846,340.90690713826535,0,28448
resolved-c28d-3600-all/resolved-c28d-3600-2nd/nsp-n50-d28-r0.10-rp2-fp2-s0,1 41 2106 500 188 4310 -63,1.0 0.0 0.0 0.0 0.0 0.0 0.0,1000000.0,0,15400,1 126 2323 734 200 4537 -14,1.0 0.2463768115942029 0.2529137529137529 0.20707964601769913 0.09375 0.19602763385146804 0.4224137931034483,1027385.6560247071,0,15864,0 345 2964 1244 255 4684 -4,0.0 0.881159420289855 1.0 0.6584070796460177 0.5234375 0.3229706390328152 0.5086206896551724,98830.43118571151,0,7889,1 381 2882 1397 316 5382 52,1.0 0.9855072463768116 0.9044289044289044 0.7938053097345132 1.0 0.92573402417962 0.9913793103448276,1108499.067711257,0,19306,1 378 2837 1500 316 5464 27,1.0 0.9768115942028985 0.8519813519813519 0.8849557522123894 1.0 0.9965457685664939 0.7758620689655172,1107196.6700120703,0,19798,1 380 2841 1480 316 5437 30,1.0 0.9826086956521739 0.8566433566433567 0.8672566371681416 1.0 0.9732297063903281 0.8017241379310345,1107805.093790021,0,19490,1 378 2837 1500 316 5465 27,1.0 0.9768115942028985 0.8519813519813519 0.8849557522123894 1.0 0.9974093264248705 0.7758620689655172,1107196.678647649,0,19797,1 378 2837 1500 316 5464 27,1.0 0.9768115942028985 0.8519813519813519 0.8849557522123894 1.0 0.9965457685664939 0.7758620689655172,1107196.6700120703,0,19798,1 380 2841 1480 316 5437 30,1.0 0.9826086956521739 0.8566433566433567 0.8672566371681416 1.0 0.9732297063903281 0.8017241379310345,1107805.093790021,0,19490,1 378 2707 1630 308 5375 38,1.0 0.9768115942028985 0.7004662004662005 1.0 0.9375 0.9196891191709845 0.8706896551724138,1105789.6390057988,0,19925,1 379 2839 1492 316 5468 34,1.0 0.9797101449275363 0.8543123543123543 0.8778761061946903 1.0 1.0 0.8362068965517241,1107502.8503489685,0,19616,1 381 2882 1397 316 5382 52,1.0 0.9855072463768116 0.9044289044289044 0.7938053097345132 1.0 0.92573402417962 0.9913793103448276,1108499.067711257,0,19306,1 378 2837 1500 316 5464 27,1.0 0.9768115942028985 0.8519813519813519 0.8849557522123894 1.0 0.9965457685664939 0.7758620689655172,1107196.6700120703,0,19798,1 378 2837 1500 316 5465 27,1.0 0.9768115942028985 0.8519813519813519 0.8849557522123894 1.0 0.9974093264248705 0.7758620689655172,1107196.678647649,0,19797,1 378 2837 1500 316 5464 27,1.0 0.9768115942028985 0.8519813519813519 0.8849557522123894 1.0 0.9965457685664939 0.7758620689655172,1107196.6700120703,0,19798,1 378 2837 1500 316 5465 27,1.0 0.9768115942028985 0.8519813519813519 0.8849557522123894 1.0 0.9974093264248705 0.7758620689655172,1107196.678647649,0,19797,1 378 2707 1630 308 5375 38,1.0 0.9768115942028985 0.7004662004662005 1.0 0.9375 0.9196891191709845 0.8706896551724138,1105789.6390057988,0,19925,1 386 2854 1422 306 5377 49,1.0 1.0 0.8717948717948718 0.815929203539823 0.921875 0.9214162348877375 0.9655172413793104,1109636.2451010789,0,18671,1 381 2882 1397 316 5382 53,1.0 0.9855072463768116 0.9044289044289044 0.7938053097345132 1.0 0.92573402417962 1.0,1108499.0763319465,0,19305
resolved-c28d-3600-all/resolved-c28d-3600-2nd/nsp-n50-d28-r0.10-rp2-fp2-s9,0 0 0 0 0 215 -229,0.0 0.0 0.0 0.0 0.0 0.02577319587628866 0.0,0.25773195876288657,0,852,0 0 0 0 0 210 -208,0.0 0.0 0.0 0.0 0.0 0.0 0.23076923076923078,0.23076923076923078,0,760,0 0 0 0 0 258 -188,0.0 0.0 0.0 0.0 0.0 0.24742268041237114 0.45054945054945056,2.924776254673162,0,666,0 0 0 0 0 304 -141,0.0 0.0 0.0 0.0 0.0 0.4845360824742268 0.967032967032967,5.812393791775235,0,243,0 0 0 0 0 304 -141,0.0 0.0 0.0 0.0 0.0 0.4845360824742268 0.967032967032967,5.812393791775235,0,243,0 0 0 0 0 304 -141,0.0 0.0 0.0 0.0 0.0 0.4845360824742268 0.967032967032967,5.812393791775235,0,243,0 0 0 0 0 304 -141,0.0 0.0 0.0 0.0 0.0 0.4845360824742268 0.967032967032967,5.812393791775235,0,243,0 0 0 0 0 304 -141,0.0 0.0 0.0 0.0 0.0 0.4845360824742268 0.967032967032967,5.812393791775235,0,243,0 0 0 0 0 404 -157,0.0 0.0 0.0 0.0 0.0 1.0 0.7912087912087912,10.791208791208792,0,223,0 0 0 0 0 304 -141,0.0 0.0 0.0 0.0 0.0 0.4845360824742268 0.967032967032967,5.812393791775235,0,243,0 0 0 0 0 404 -157,0.0 0.0 0.0 0.0 0.0 1.0 0.7912087912087912,10.791208791208792,0,223,0 0 0 0 0 404 -157,0.0 0.0 0.0 0.0 0.0 1.0 0.7912087912087912,10.791208791208792,0,223,0 0 0 0 0 304 -138,0.0 0.0 0.0 0.0 0.0 0.4845360824742268 1.0,5.845360824742268,0,240,0 0 0 0 0 304 -141,0.0 0.0 0.0 0.0 0.0 0.4845360824742268 0.967032967032967,5.812393791775235,0,243,0 0 0 0 0 404 -157,0.0 0.0 0.0 0.0 0.0 1.0 0.7912087912087912,10.791208791208792,0,223,0 0 0 0 0 304 -141,0.0 0.0 0.0 0.0 0.0 0.4845360824742268 0.967032967032967,5.812393791775235,0,243,0 0 0 0 0 304 -141,0.0 0.0 0.0 0.0 0.0 0.4845360824742268 0.967032967032967,5.812393791775235,0,243,0 0 0 0 0 304 -141,0.0 0.0 0.0 0.0 0.0 0.4845360824742268 0.967032967032967,5.812393791775235,0,243,0 0 0 0 0 304 -141,0.0 0.0 0.0 0.0 0.0 0.4845360824742268 0.967032967032967,5.812393791775235,0,243
resolved-c28d-3600-all/resolved-c28d-3600-3rd/nsp-n50-d28-r0.10-rp2-fp2-s8,1 16 2119 310 92 4313 -47,0.5 0.0 0.051390568319226115 0.0 0.0 0.4560229445506692 0.0,500518.46591263777,0,18277,1 87 3688 585 95 4882 -10,0.5 0.16705882352941176 1.0 0.2179080824088748 0.019736842105263157 1.0 0.4868421052631579,526936.2509616659,0,14844,2 403 2107 947 192 4022 -3,1.0 0.9105882352941177 0.044135429262394194 0.5047543581616482 0.6578947368421053 0.17782026768642448 0.5789473684210527,1092073.078803927,0,11309,0 441 2090 1572 195 3899 19,0.0 1.0 0.03385731559854897 1.0 0.6776315789473685 0.06022944550669216 0.868421052631579,101407.80702938793,0,13533,0 428 2054 1441 240 3875 22,0.0 0.9694117647058823 0.012091898428053204 0.8961965134706814 0.9736842105263158 0.0372848948374761 0.9078947368421053,98056.9411330773,0,14171,0 433 2050 1443 244 3836 26,0.0 0.9811764705882353 0.009673518742442563 0.8977812995245642 1.0 0.0 0.9605263157894737,99213.12407208832,0,14062,0 434 2051 1453 243 3851 29,0.0 0.9835294117647059 0.010278113663845224 0.9057052297939778 0.993421052631579 0.014340344168260038 1.0,99461.91305160786,0,14019,0 439 2072 1454 234 3961 28,0.0 0.9952941176470588 0.022974607013301087 0.9064976228209192 0.9342105263157895 0.11950286806883365 0.9868421052631579,100761.25838107734,0,13676,0 428 2054 1441 240 3875 22,0.0 0.9694117647058823 0.012091898428053204 0.8961965134706814 0.9736842105263158 0.0372848948374761 0.9078947368421053,98056.9411330773,0,14171,0 436 2055 1456 243 3843 28,0.0 0.9882352941176471 0.012696493349455865 0.9080824088748018 0.993421052631579 0.006692160611854685 0.9868421052631579,99958.97262310861,0,13858,0 438 2063 1458 237 3947 28,0.0 0.9929411764705882 0.017533252720677146 0.9096671949286846 0.9539473684210527 0.10611854684512428 0.9868421052631579,100476.5601336101,0,13722,0 428 2054 1441 240 3875 22,0.0 0.9694117647058823 0.012091898428053204 0.8961965134706814 0.9736842105263158 0.0372848948374761 0.9078947368421053,98056.9411330773,0,14171,0 428 2054 1441 240 3875 22,0.0 0.9694117647058823 0.012091898428053204 0.8961965134706814 0.9736842105263158 0.0372848948374761 0.9078947368421053,98056.9411330773,0,14171,0 422 2037 1425 233 3862 20,0.0 0.9552941176470588 0.0018137847642079807 0.8835182250396196 0.9276315789473685 0.0248565965583174 0.881578947368421,96524.96114019527,0,14510,0 426 2034 1422 238 3837 20,0.0 0.9647058823529412 0.0 0.8811410459587956 0.9605263157894737 0.0009560229445506692 0.881578947368421,97448.67305200869,0,14345,0 428 2054 1441 240 3875 22,0.0 0.9694117647058823 0.012091898428053204 0.8961965134706814 0.9736842105263158 0.0372848948374761 0.9078947368421053,98056.9411330773,0,14171,0 432 2051 1443 244 3836 27,0.0 0.9788235294117648 0.010278113663845224 0.8977812995245642 1.0 0.0 0.9736842105263158,98983.88906155001,0,14075,0 428 2054 1441 240 3875 22,0.0 0.9694117647058823 0.012091898428053204 0.8961965134706814 0.9736842105263158 0.0372848948374761 0.9078947368421053,98056.9411330773,0,14171,0 441 2090 1572 195 3899 19,0.0 1.0 0.03385731559854897 1.0 0.6776315789473685 0.06022944550669216 0.868421052631579,101407.80702938793,0,13533
resolved-c28d-3600-all/resolved-c28d-3600-3rd/nsp-n30-d28-r0.10-rp2-fp2-s5,0 0 10 21 0 212 -77,0.0 0.0 0.009009009009009009 0.0 0.0 0.0 0.0,90.09009009009009,0,4012,0 0 230 2903 1 1565 -41,0.0 0.0 1.0 1.0 0.012195121951219513 1.0 0.35294117647058826,11011.572453371593,0,1818,0 0 8 164 18 949 22,0.0 0.0 0.0 0.04961832061068702 0.21951219512195122 0.5447154471544715 0.9705882352941176,77.98728282972098,0,26903,0 0 20 183 40 826 6,0.0 0.0 0.05405405405405406 0.056210964607911175 0.4878048780487805 0.4538063562453806 0.8137254901960784,650.8837820059796,0,21686,0 0 20 210 51 890 5,0.0 0.0 0.05405405405405406 0.0655794587092297 0.6219512195121951 0.5011086474501109 0.803921568627451,674.1301292441183,0,21424,0 0 38 210 68 1065 11,0.0 0.0 0.13513513513513514 0.0655794587092297 0.8292682926829268 0.6304508499630451 0.8627450980392157,1507.0248929265435,0,19662,0 0 36 228 82 1139 10,0.0 0.0 0.12612612612612611 0.07182512144344205 1.0 0.6851441241685144 0.8529411764705882,1440.7907651228588,0,19868,0 0 20 179 53 724 -26,0.0 0.0 0.05405405405405406 0.054823039555863984 0.6463414634146342 0.37841832963784183 0.5,664.2819097342464,0,21872,0 0 38 242 63 1082 6,0.0 0.0 0.13513513513513514 0.07668285912560721 0.7682926829268293 0.6430155210643016 0.8137254901960784,1512.1073594704808,0,19392,0 0 20 212 51 889 5,0.0 0.0 0.05405405405405406 0.0662734212352533 0.6219512195121951 0.500369549150037 0.803921568627451,674.8167007871411,0,21421,0 0 24 201 48 1036 25,0.0 0.0 0.07207207207207207 0.062456627342123525 0.5853658536585366 0.6090169992609017 1.0,848.8041034213069,0,21056,0 0 20 201 47 853 8,0.0 0.0 0.05405405405405406 0.062456627342123525 0.573170731707317 0.4737620103473762 0.8333333333333334,665.8851944902028,0,21497,0 0 20 185 45 826 2,0.0 0.0 0.05405405405405406 0.05690492713393477 0.5487804878048781 0.4538063562453806 0.7745098039215687,657.6360898213385,0,21649,0 0 20 217 47 942 23,0.0 0.0 0.05405405405405406 0.06800832755031229 0.573170731707317 0.5395417590539542 0.9803921568627451,672.2417510089869,0,21346,0 0 37 208 63 1062 25,0.0 0.0 0.13063063063063063 0.0648854961832061 0.7682926829268293 0.6282335550628233 1.0,1455.3034063328237,0,19742,0 0 20 211 51 889 6,0.0 0.0 0.05405405405405406 0.0659264399722415 0.6219512195121951 0.500369549150037 0.8137254901960784,674.479523445698,0,21422,0 0 38 218 58 1088 7,0.0 0.0 0.13513513513513514 0.06835530881332408 0.7073170731707317 0.647450110864745 0.8235294117647058,1497.736398002161,0,19608,0 0 21 230 53 981 16,0.0 0.0 0.05855855855855856 0.07251908396946564 0.6463414634146342 0.5683665927568367 0.9117647058823529,729.3342465299654,0,21309,0 0 22 203 41 984 14,0.0 0.0 0.06306306306306306 0.06315058986814712 0.5 0.5705838876570584 0.8921568627450981,750.3792162380934,0,21223
resolved-c28d-3600-all/resolved-c28d-3600-3rd/nsp-n40-d28-r0.10-rp2-fp2-s1,0 2 10 6 0 218 -186,0.0 0.0 0.0 0.0 0.0 0.0 0.0,0.0,0,4799,0 2 58 434 81 2581 -27,0.0 0.0 0.10062893081761007 0.643609022556391 0.41968911917098445 0.7128205128205128 1.0,1699.9954477777953,0,38343,0 2 84 505 82 2744 -50,0.0 0.0 0.15513626834381553 0.750375939849624 0.42487046632124353 0.7619909502262443 0.8553459119496856,2352.7009253341157,0,37512,0 2 178 552 164 2651 -59,0.0 0.0 0.3522012578616352 0.8210526315789474 0.8497409326424871 0.7339366515837104 0.7987421383647799,4436.1774121137505,0,44725,0 2 194 533 134 2385 -85,0.0 0.0 0.3857442348008386 0.7924812030075188 0.694300518134715 0.6536953242835596 0.6352201257861635,4726.525776197998,0,44569,0 2 487 671 128 3533 -45,0.0 0.0 1.0 1.0 0.6632124352331606 1.0 0.8867924528301887,11077.208035976146,0,41277,0 2 151 529 188 2885 -60,0.0 0.0 0.29559748427672955 0.7864661654135339 0.9740932642487047 0.8045248868778281 0.7924528301886793,3848.6880363046666,0,46754,0 2 149 508 186 2879 -45,0.0 0.0 0.2914046121593291 0.7548872180451128 0.9637305699481865 0.8027149321266969 0.8867924528301887,3774.2203384073196,0,47182,0 2 151 529 193 2838 -69,0.0 0.0 0.29559748427672955 0.7864661654135339 1.0 0.7903469079939668 0.7358490566037735,3851.0803263173725,0,46732,0 2 148 519 153 2895 -43,0.0 0.0 0.2893081761006289 0.7714285714285715 0.7927461139896373 0.8075414781297134 0.89937106918239,3752.7597296843037,0,47334,0 2 151 529 188 2897 -60,0.0 0.0 0.29559748427672955 0.7864661654135339 0.9740932642487047 0.8081447963800905 0.7924528301886793,3848.7242353996894,0,46751,0 2 177 529 144 2673 -46,0.0 0.0 0.350104821802935 0.7864661654135339 0.7461139896373057 0.7405731523378583 0.8805031446540881,4370.412017074647,0,44909,0 2 154 558 174 2930 -51,0.0 0.0 0.3018867924528302 0.8300751879699249 0.9015544041450777 0.8180995475113122 0.8490566037735849,3948.128604991621,0,46337,0 2 151 549 183 2855 -70,0.0 0.0 0.29559748427672955 0.8165413533834587 0.9481865284974094 0.7954751131221719 0.7295597484276729,3876.0191598801443,0,46549,0 2 137 489 165 2863 -33,0.0 0.0 0.2662473794549266 0.7263157894736842 0.8549222797927462 0.7978883861236803 0.9622641509433962,3483.222960014405,0,48222,0 2 151 513 188 2878 -52,0.0 0.0 0.29559748427672955 0.762406015037594 0.9740932642487047 0.8024132730015083 0.8427672955974843,3824.6570842553724,0,47028,0 2 151 549 187 2915 -48,0.0 0.0 0.29559748427672955 0.8165413533834587 0.9689119170984456 0.8135746606334842 0.8679245283018868,3878.411058995235,0,46540,0 2 157 594 171 2982 -54,0.0 0.0 0.3081761006289308 0.8842105263157894 0.8860103626943006 0.8337858220211162 0.8301886792452831,4063.7406157739842,0,45212,0 2 155 578 174 2904 -51,0.0 0.0 0.3039832285115304 0.8601503759398497 0.9015544041450777 0.8102564102564103 0.8490566037735849,3999.0897221759997,0,46165
resolved-c28d-3600-all/resolved-c28d-3600-3rd/nsp-n30-d28-r0.10-rp2-fp2-s4,0 2 0 0 0 114 -93,0.0 0.0 0.0 0.0 0.0 0.07692307692307693 0.509090909090909,1.2783216783216784,0,26044,0 2 0 0 0 112 -121,0.0 0.0 0.0 0.0 0.0 0.02564102564102564 0.0,0.2564102564102564,0,25915,0 2 0 0 0 111 -101,0.0 0.0 0.0 0.0 0.0 0.0 0.36363636363636365,0.36363636363636365,0,25867,0 2 0 0 0 141 -68,0.0 0.0 0.0 0.0 0.0 0.7692307692307693 0.9636363636363636,8.655944055944056,0,16441,0 2 0 0 0 150 -76,0.0 0.0 0.0 0.0 0.0 1.0 0.8181818181818182,10.818181818181818,0,16422,0 2 0 0 0 150 -75,0.0 0.0 0.0 0.0 0.0 1.0 0.8363636363636363,10.836363636363636,0,16421,0 2 0 0 0 150 -77,0.0 0.0 0.0 0.0 0.0 1.0 0.8,10.8,0,16423,0 2 0 0 0 150 -75,0.0 0.0 0.0 0.0 0.0 1.0 0.8363636363636363,10.836363636363636,0,16421,0 2 0 0 0 150 -75,0.0 0.0 0.0 0.0 0.0 1.0 0.8363636363636363,10.836363636363636,0,16421,0 2 0 0 0 141 -67,0.0 0.0 0.0 0.0 0.0 0.7692307692307693 0.9818181818181818,8.674125874125874,0,16440,0 2 0 0 0 141 -66,0.0 0.0 0.0 0.0 0.0 0.7692307692307693 1.0,8.692307692307693,0,16439,0 2 0 0 0 150 -75,0.0 0.0 0.0 0.0 0.0 1.0 0.8363636363636363,10.836363636363636,0,16421,0 2 0 0 0 150 -76,0.0 0.0 0.0 0.0 0.0 1.0 0.8181818181818182,10.818181818181818,0,16422,0 2 0 0 0 150 -76,0.0 0.0 0.0 0.0 0.0 1.0 0.8181818181818182,10.818181818181818,0,16422,0 2 0 0 0 150 -76,0.0 0.0 0.0 0.0 0.0 1.0 0.8181818181818182,10.818181818181818,0,16422,0 2 0 0 0 150 -75,0.0 0.0 0.0 0.0 0.0 1.0 0.8363636363636363,10.836363636363636,0,16421,0 2 0 0 0 150 -77,0.0 0.0 0.0 0.0 0.0 1.0 0.8,10.8,0,16423,0 2 0 0 0 150 -75,0.0 0.0 0.0 0.0 0.0 1.0 0.8363636363636363,10.836363636363636,0,16421,0 2 0 0 0 141 -66,0.0 0.0 0.0 0.0 0.0 0.7692307692307693 1.0,8.692307692307693,0,16439
resolved-c28d-3600-all/resolved-c28d-3600-3rd/nsp-n10-d28-r0.10-rp0-fp0-s5,0 0 2 0 0 118 -48,0.0 0.0 0.0 0.0 0.0 0.125 0.0,1.25,0,6758,0 0 2 0 0 117 -44,0.0 0.0 0.0 0.0 0.0 0.0 0.19047619047619047,0.19047619047619047,0,6745,0 0 2 0 0 118 -41,0.0 0.0 0.0 0.0 0.0 0.125 0.3333333333333333,1.5833333333333333,0,6720,0 0 2 0 0 125 -27,0.0 0.0 0.0 0.0 0.0 1.0 1.0,11.0,0,3965,0 0 2 0 0 125 -27,0.0 0.0 0.0 0.0 0.0 1.0 1.0,11.0,0,3965,0 0 2 0 0 125 -27,0.0 0.0 0.0 0.0 0.0 1.0 1.0,11.0,0,3965,0 0 2 0 0 125 -27,0.0 0.0 0.0 0.0 0.0 1.0 1.0,11.0,0,3965,0 0 2 0 0 125 -27,0.0 0.0 0.0 0.0 0.0 1.0 1.0,11.0,0,3965,0 0 2 0 0 125 -27,0.0 0.0 0.0 0.0 0.0 1.0 1.0,11.0,0,3965,0 0 2 0 0 125 -27,0.0 0.0 0.0 0.0 0.0 1.0 1.0,11.0,0,3965,0 0 2 0 0 125 -27,0.0 0.0 0.0 0.0 0.0 1.0 1.0,11.0,0,3965,0 0 2 0 0 125 -27,0.0 0.0 0.0 0.0 0.0 1.0 1.0,11.0,0,3965,0 0 2 0 0 125 -27,0.0 0.0 0.0 0.0 0.0 1.0 1.0,11.0,0,3965,0 0 2 0 0 125 -27,0.0 0.0 0.0 0.0 0.0 1.0 1.0,11.0,0,3965,0 0 2 0 0 125 -27,0.0 0.0 0.0 0.0 0.0 1.0 1.0,11.0,0,3965,0 0 2 0 0 125 -27,0.0 0.0 0.0 0.0 0.0 1.0 1.0,11.0,0,3965,0 0 2 0 0 125 -27,0.0 0.0 0.0 0.0 0.0 1.0 1.0,11.0,0,3965,0 0 2 0 0 125 -27,0.0 0.0 0.0 0.0 0.0 1.0 1.0,11.0,0,3965,0 0 2 0 0 125 -27,0.0 0.0 0.0 0.0 0.0 1.0 1.0,11.0,0,3965
resolved-c28d-3600-all/resolved-c28d-3600-3rd/nsp-n10-d28-r0.10-rp0-fp0-s0,0 1 0 0 0 78 -42,0.0 0.0 0.0 0.0 0.0 0.1111111111111111 0.0,1.1111111111111112,0,23034,0 1 0 0 0 76 -34,0.0 0.0 0.0 0.0 0.0 0.0 0.47058823529411764,0.47058823529411764,0,23054,0 1 0 0 0 77 -37,0.0 0.0 0.0 0.0 0.0 0.05555555555555555 0.29411764705882354,0.8496732026143792,0,23049,0 1 0 0 0 94 -30,0.0 0.0 0.0 0.0 0.0 1.0 0.7058823529411765,10.705882352941176,0,19020,0 1 0 0 0 94 -29,0.0 0.0 0.0 0.0 0.0 1.0 0.7647058823529411,10.764705882352942,0,19019,0 1 0 0 0 94 -30,0.0 0.0 0.0 0.0 0.0 1.0 0.7058823529411765,10.705882352941176,0,19020,0 1 0 0 0 94 -28,0.0 0.0 0.0 0.0 0.0 1.0 0.8235294117647058,10.823529411764707,0,19018,0 1 0 0 0 94 -25,0.0 0.0 0.0 0.0 0.0 1.0 1.0,11.0,0,19015,0 1 0 0 0 94 -28,0.0 0.0 0.0 0.0 0.0 1.0 0.8235294117647058,10.823529411764707,0,19018,0 1 0 0 0 94 -27,0.0 0.0 0.0 0.0 0.0 1.0 0.8823529411764706,10.882352941176471,0,19017,0 1 0 0 0 94 -31,0.0 0.0 0.0 0.0 0.0 1.0 0.6470588235294118,10.647058823529411,0,19021,0 1 0 0 0 94 -28,0.0 0.0 0.0 0.0 0.0 1.0 0.8235294117647058,10.823529411764707,0,19018,0 1 0 0 0 94 -29,0.0 0.0 0.0 0.0 0.0 1.0 0.7647058823529411,10.764705882352942,0,19019,0 1 0 0 0 94 -27,0.0 0.0 0.0 0.0 0.0 1.0 0.8823529411764706,10.882352941176471,0,19017,0 1 0 0 0 94 -31,0.0 0.0 0.0 0.0 0.0 1.0 0.6470588235294118,10.647058823529411,0,19021,0 1 0 0 0 94 -30,0.0 0.0 0.0 0.0 0.0 1.0 0.7058823529411765,10.705882352941176,0,19020,0 1 0 0 0 94 -30,0.0 0.0 0.0 0.0 0.0 1.0 0.7058823529411765,10.705882352941176,0,19020,0 1 0 0 0 94 -31,0.0 0.0 0.0 0.0 0.0 1.0 0.6470588235294118,10.647058823529411,0,19021,0 1 0 0 0 94 -26,0.0 0.0 0.0 0.0 0.0 1.0 0.9411764705882353,10.941176470588236,0,19016
resolved-c28d-3600-all/resolved-c28d-3600-3rd/nsp-n30-d28-r0.10-rp2-fp2-s9,0 3 341 242 57 1563 -9,0.0 0.0 0.0 0.0 0.0 0.2235294117647059 0.0,2.235294117647059,0,7190,0 50 473 353 95 1635 -2,0.0 0.16433566433566432 0.22448979591836735 0.21305182341650672 0.3275862068965517 0.5058823529411764 0.11290322580645161,18929.446563611487,0,10216,0 153 531 452 103 1506 6,0.0 0.5244755244755245 0.3231292517006803 0.40307101727447214 0.39655172413793105 0.0 0.24193548387096775,56121.81308973139,0,10987,0 251 881 763 159 1757 29,0.0 0.8671328671328671 0.9183673469387755 1.0 0.8793103448275862 0.984313725490196 0.6129032258064516,96995.34725763793,0,37113,0 259 852 728 141 1606 36,0.0 0.8951048951048951 0.8690476190476191 0.9328214971209213 0.7241379310344828 0.39215686274509803 0.7258064516129032,99210.84836626913,0,36917,0 251 879 745 157 1739 30,0.0 0.8671328671328671 0.9149659863945578 0.9654510556621881 0.8620689655172413 0.9137254901960784 0.6290322580645161,96924.37081660623,0,37158,0 259 852 728 141 1606 36,0.0 0.8951048951048951 0.8690476190476191 0.9328214971209213 0.7241379310344828 0.39215686274509803 0.7258064516129032,99210.84836626913,0,36917,0 283 907 700 173 1580 53,0.0 0.9790209790209791 0.9625850340136054 0.8790786948176583 1.0 0.2901960784313726 1.0,108510.92889783593,0,35714,0 251 888 721 148 1698 34,0.0 0.8671328671328671 0.9302721088435374 0.9193857965451055 0.7844827586206896 0.7529411764705882 0.6935483870967742,97022.06483428106,0,37092,0 251 884 730 152 1697 36,0.0 0.8671328671328671 0.923469387755102 0.9366602687140115 0.8189655172413793 0.7490196078431373 0.7258064516129032,96974.75341380593,0,37107,0 289 929 687 170 1534 44,0.0 1.0 1.0 0.8541266794625719 0.9741379310344828 0.10980392156862745 0.8548387096774194,110953.49335049138,0,35405,0 241 852 665 144 1743 31,0.0 0.8321678321678322 0.8690476190476191 0.8119001919385797 0.75 0.9294117647058824 0.6451612903225806,92804.09887813538,0,37625,0 267 884 701 164 1676 48,0.0 0.9230769230769231 0.923469387755102 0.8809980806142035 0.9224137931034483 0.6666666666666666 0.9193548387096774,102523.21166667326,0,36279,0 241 847 667 145 1761 29,0.0 0.8321678321678322 0.8605442176870748 0.8157389635316699 0.7586206896551724 1.0 0.6129032258064516,92724.43932937697,0,37642,0 264 898 700 153 1624 39,0.0 0.9125874125874126 0.9472789115646258 0.8790786948176583 0.8275862068965517 0.4627450980392157 0.7741935483870968,101698.7693344236,0,36571,0 251 884 730 152 1697 36,0.0 0.8671328671328671 0.923469387755102 0.9366602687140115 0.8189655172413793 0.7490196078431373 0.7258064516129032,96974.75341380593,0,37107,0 243 866 694 147 1735 34,0.0 0.8391608391608392 0.8928571428571429 0.8675623800383877 0.7758620689655172 0.8980392156862745 0.6935483870967742,93799.47787213424,0,37502,0 289 929 687 170 1534 44,0.0 1.0 1.0 0.8541266794625719 0.9741379310344828 0.10980392156862745 0.8548387096774194,110953.49335049138,0,35405,0 245 884 736 146 1730 36,0.0 0.8461538461538461 0.923469387755102 0.9481765834932822 0.7672413793103449 0.8784313725490196 0.7258064516129032,94884.48933453705,0,37433
resolved-c28d-3600-all/resolved-c28d-3600-3rd/nsp-n20-d28-r0.10-rp2-fp2-s2,0 0 10 0 0 76 -62,0.0 0.0 0.0 0.0 0.0 0.06451612903225806 0.47540983606557374,1.1205711263881544,0,2807,0 0 10 0 0 74 -91,0.0 0.0 0.0 0.0 0.0 0.0 0.0,0.0,0,20064,0 0 10 0 0 74 -66,0.0 0.0 0.0 0.0 0.0 0.0 0.4098360655737705,0.4098360655737705,0,20038,0 0 10 0 0 104 -45,0.0 0.0 0.0 0.0 0.0 0.967741935483871 0.7540983606557377,10.431517715494447,0,21908,0 0 10 0 0 104 -45,0.0 0.0 0.0 0.0 0.0 0.967741935483871 0.7540983606557377,10.431517715494447,0,21908,0 0 10 0 0 105 -32,0.0 0.0 0.0 0.0 0.0 1.0 0.9672131147540983,10.967213114754099,0,21905,0 0 10 0 0 105 -30,0.0 0.0 0.0 0.0 0.0 1.0 1.0,11.0,0,21903,0 0 10 0 0 104 -45,0.0 0.0 0.0 0.0 0.0 0.967741935483871 0.7540983606557377,10.431517715494447,0,21908,0 0 10 0 0 105 -32,0.0 0.0 0.0 0.0 0.0 1.0 0.9672131147540983,10.967213114754099,0,21905,0 0 10 0 0 105 -32,0.0 0.0 0.0 0.0 0.0 1.0 0.9672131147540983,10.967213114754099,0,21905,0 0 10 0 0 105 -31,0.0 0.0 0.0 0.0 0.0 1.0 0.9836065573770492,10.98360655737705,0,21904,0 0 10 0 0 105 -32,0.0 0.0 0.0 0.0 0.0 1.0 0.9672131147540983,10.967213114754099,0,21905,0 0 10 0 0 105 -30,0.0 0.0 0.0 0.0 0.0 1.0 1.0,11.0,0,21903,0 0 10 0 0 105 -31,0.0 0.0 0.0 0.0 0.0 1.0 0.9836065573770492,10.98360655737705,0,21904,0 0 10 0 0 105 -31,0.0 0.0 0.0 0.0 0.0 1.0 0.9836065573770492,10.98360655737705,0,21904,0 0 10 0 0 104 -44,0.0 0.0 0.0 0.0 0.0 0.967741935483871 0.7704918032786885,10.447911158117398,0,21907,0 0 10 0 0 104 -43,0.0 0.0 0.0 0.0 0.0 0.967741935483871 0.7868852459016393,10.464304600740348,0,21906,0 0 10 0 0 105 -32,0.0 0.0 0.0 0.0 0.0 1.0 0.9672131147540983,10.967213114754099,0,21905,0 0 10 0 0 105 -32,0.0 0.0 0.0 0.0 0.0 1.0 0.9672131147540983,10.967213114754099,0,21905
resolved-c28d-3600-all/resolved-c28d-3600-3rd/nsp-n10-d28-r0.10-rp0-fp0-s4,0 1 0 0 0 93 -42,0.0 0.0 0.0 0.0 0.0 0.0 0.0,0.0,0,24911,0 1 0 0 0 94 -40,0.0 0.0 0.0 0.0 0.0 0.05555555555555555 0.1111111111111111,0.6666666666666667,0,24996,0 1 0 0 0 94 -40,0.0 0.0 0.0 0.0 0.0 0.05555555555555555 0.1111111111111111,0.6666666666666667,0,24986,0 1 0 0 0 110 -26,0.0 0.0 0.0 0.0 0.0 0.9444444444444444 0.8888888888888888,10.333333333333334,0,34936,0 1 0 0 0 110 -28,0.0 0.0 0.0 0.0 0.0 0.9444444444444444 0.7777777777777778,10.222222222222223,0,34937,0 1 0 0 0 110 -30,0.0 0.0 0.0 0.0 0.0 0.9444444444444444 0.6666666666666666,10.11111111111111,0,34939,0 1 0 0 0 111 -31,0.0 0.0 0.0 0.0 0.0 1.0 0.6111111111111112,10.61111111111111,0,34935,0 1 0 0 0 108 -26,0.0 0.0 0.0 0.0 0.0 0.8333333333333334 0.8888888888888888,9.222222222222223,0,34940,0 1 0 0 0 108 -26,0.0 0.0 0.0 0.0 0.0 0.8333333333333334 0.8888888888888888,9.222222222222223,0,34940,0 1 0 0 0 110 -30,0.0 0.0 0.0 0.0 0.0 0.9444444444444444 0.6666666666666666,10.11111111111111,0,34939,0 1 0 0 0 110 -29,0.0 0.0 0.0 0.0 0.0 0.9444444444444444 0.7222222222222222,10.166666666666666,0,34938,0 1 0 0 0 111 -31,0.0 0.0 0.0 0.0 0.0 1.0 0.6111111111111112,10.61111111111111,0,34935,0 1 0 0 0 105 -24,0.0 0.0 0.0 0.0 0.0 0.6666666666666666 1.0,7.666666666666666,0,34941,0 1 0 0 0 111 -31,0.0 0.0 0.0 0.0 0.0 1.0 0.6111111111111112,10.61111111111111,0,34935,0 1 0 0 0 108 -26,0.0 0.0 0.0 0.0 0.0 0.8333333333333334 0.8888888888888888,9.222222222222223,0,34940,0 1 0 0 0 108 -26,0.0 0.0 0.0 0.0 0.0 0.8333333333333334 0.8888888888888888,9.222222222222223,0,34940,0 1 0 0 0 108 -26,0.0 0.0 0.0 0.0 0.0 0.8333333333333334 0.8888888888888888,9.222222222222223,0,34940,0 1 0 0 0 110 -28,0.0 0.0 0.0 0.0 0.0 0.9444444444444444 0.7777777777777778,10.222222222222223,0,34937,0 1 0 0 0 111 -30,0.0 0.0 0.0 0.0 0.0 1.0 0.6666666666666666,10.666666666666666,0,34934
resolved-c28d-3600-all/resolved-c28d-3600-3rd/nsp-n20-d28-r0.10-rp2-fp2-s4,0 1 0 1 0 87 -64,0.0 0.0 0.0 1.0 0.0 0.7333333333333333 0.2553191489361702,1007.5886524822695,0,3661,0 1 0 0 0 65 -76,0.0 0.0 0.0 0.0 0.0 0.0 0.0,0.0,0,47517,0 1 0 0 0 82 -51,0.0 0.0 0.0 0.0 0.0 0.5666666666666667 0.5319148936170213,6.198581560283687,0,47431,0 1 0 0 0 95 -52,0.0 0.0 0.0 0.0 0.0 1.0 0.5106382978723404,10.51063829787234,0,34562,0 1 0 0 0 95 -52,0.0 0.0 0.0 0.0 0.0 1.0 0.5106382978723404,10.51063829787234,0,34562,0 1 0 0 0 93 -33,0.0 0.0 0.0 0.0 0.0 0.9333333333333333 0.9148936170212766,10.24822695035461,0,34569,0 1 0 0 0 93 -33,0.0 0.0 0.0 0.0 0.0 0.9333333333333333 0.9148936170212766,10.24822695035461,0,34569,0 1 0 0 0 95 -52,0.0 0.0 0.0 0.0 0.0 1.0 0.5106382978723404,10.51063829787234,0,34562,0 1 0 0 0 93 -29,0.0 0.0 0.0 0.0 0.0 0.9333333333333333 1.0,10.333333333333334,0,34566,0 1 0 0 0 93 -31,0.0 0.0 0.0 0.0 0.0 0.9333333333333333 0.9574468085106383,10.290780141843973,0,34568,0 1 0 0 0 93 -33,0.0 0.0 0.0 0.0 0.0 0.9333333333333333 0.9148936170212766,10.24822695035461,0,34569,0 1 0 0 0 93 -33,0.0 0.0 0.0 0.0 0.0 0.9333333333333333 0.9148936170212766,10.24822695035461,0,34569,0 1 0 0 0 95 -52,0.0 0.0 0.0 0.0 0.0 1.0 0.5106382978723404,10.51063829787234,0,34562,0 1 0 0 0 93 -31,0.0 0.0 0.0 0.0 0.0 0.9333333333333333 0.9574468085106383,10.290780141843973,0,34568,0 1 0 0 0 95 -52,0.0 0.0 0.0 0.0 0.0 1.0 0.5106382978723404,10.51063829787234,0,34562,0 1 0 0 0 93 -33,0.0 0.0 0.0 0.0 0.0 0.9333333333333333 0.9148936170212766,10.24822695035461,0,34569,0 1 0 0 0 93 -33,0.0 0.0 0.0 0.0 0.0 0.9333333333333333 0.9148936170212766,10.24822695035461,0,34569,0 1 0 0 0 93 -33,0.0 0.0 0.0 0.0 0.0 0.9333333333333333 0.9148936170212766,10.24822695035461,0,34569,0 1 0 0 0 95 -52,0.0 0.0 0.0 0.0 0.0 1.0 0.5106382978723404,10.51063829787234,0,34562
resolved-c28d-3600-all/resolved-c28d-3600-3rd/nsp-n50-d28-r0.10-rp2-fp2-s7,0 3 266 607 23 2607 -43,0.0 1.0 1.0 1.0 0.9583333333333334 1.0 0.6303317535545023,111106.46366508689,0,9577,0 2 0 0 0 301 -176,0.0 0.0 0.0 0.0 0.0 0.0 0.0,0.0,0,19237,0 2 0 0 0 442 -146,0.0 0.0 0.0 0.0 0.0 0.0611448395490026 0.14218009478672985,0.7536284902767559,0,19003,0 2 0 0 0 420 -119,0.0 0.0 0.0 0.0 0.0 0.05160450997398092 0.27014218009478674,0.7861872798345959,0,22120,0 2 0 0 0 420 -120,0.0 0.0 0.0 0.0 0.0 0.05160450997398092 0.26540284360189575,0.781447943341705,0,22121,0 2 0 0 0 420 -120,0.0 0.0 0.0 0.0 0.0 0.05160450997398092 0.26540284360189575,0.781447943341705,0,22121,0 2 0 232 24 1365 35,0.0 0.0 0.0 0.38220757825370677 1.0 0.4614050303555941 1.0,487.82162855726267,0,17880,0 2 0 0 0 480 -145,0.0 0.0 0.0 0.0 0.0 0.07762359063313096 0.14691943127962084,0.9231553376109304,0,22031,0 2 0 0 0 420 -120,0.0 0.0 0.0 0.0 0.0 0.05160450997398092 0.26540284360189575,0.781447943341705,0,22121,0 2 0 0 0 430 -122,0.0 0.0 0.0 0.0 0.0 0.055941023417172595 0.2559241706161137,0.8153344047878397,0,22106,0 2 0 0 0 480 -144,0.0 0.0 0.0 0.0 0.0 0.07762359063313096 0.15165876777251186,0.9278946741038214,0,22030,0 2 0 0 0 420 -119,0.0 0.0 0.0 0.0 0.0 0.05160450997398092 0.27014218009478674,0.7861872798345959,0,22120,0 2 0 0 0 420 -120,0.0 0.0 0.0 0.0 0.0 0.05160450997398092 0.26540284360189575,0.781447943341705,0,22121,0 2 0 0 0 480 -145,0.0 0.0 0.0 0.0 0.0 0.07762359063313096 0.14691943127962084,0.9231553376109304,0,22031,0 2 0 0 0 480 -145,0.0 0.0 0.0 0.0 0.0 0.07762359063313096 0.14691943127962084,0.9231553376109304,0,22031,0 2 0 31 1 999 -8,0.0 0.0 0.0 0.051070840197693576 0.041666666666666664 0.3026886383347788 0.7962085308056872,59.06060177851372,0,20143,0 2 0 0 0 430 -123,0.0 0.0 0.0 0.0 0.0 0.055941023417172595 0.25118483412322273,0.8105950682949488,0,22107,0 2 0 0 0 420 -120,0.0 0.0 0.0 0.0 0.0 0.05160450997398092 0.26540284360189575,0.781447943341705,0,22121,0 2 0 0 0 430 -122,0.0 0.0 0.0 0.0 0.0 0.055941023417172595 0.2559241706161137,0.8153344047878397,0,22106
resolved-c28d-3600-all/resolved-c28d-3600-3rd/nsp-n10-d28-r0.10-rp0-fp0-s7,0 0 0 0 0 74 -32,0.0 0.0 0.0 0.0 0.0 0.05 0.0,0.5,0,156,0 0 0 0 0 73 -29,0.0 0.0 0.0 0.0 0.0 0.0 0.21428571428571427,0.21428571428571427,0,157,0 0 0 0 0 73 -31,0.0 0.0 0.0 0.0 0.0 0.0 0.07142857142857142,0.07142857142857142,0,149,0 0 0 0 0 90 -21,0.0 0.0 0.0 0.0 0.0 0.85 0.7857142857142857,9.285714285714286,0,99,0 0 0 0 0 90 -20,0.0 0.0 0.0 0.0 0.0 0.85 0.8571428571428571,9.357142857142858,0,98,0 0 0 0 0 90 -21,0.0 0.0 0.0 0.0 0.0 0.85 0.7857142857142857,9.285714285714286,0,99,0 0 0 0 0 90 -21,0.0 0.0 0.0 0.0 0.0 0.85 0.7857142857142857,9.285714285714286,0,99,0 0 0 0 0 93 -18,0.0 0.0 0.0 0.0 0.0 1.0 1.0,11.0,0,73,0 0 0 0 0 90 -21,0.0 0.0 0.0 0.0 0.0 0.85 0.7857142857142857,9.285714285714286,0,99,0 0 0 0 0 90 -21,0.0 0.0 0.0 0.0 0.0 0.85 0.7857142857142857,9.285714285714286,0,99,0 0 0 0 0 90 -21,0.0 0.0 0.0 0.0 0.0 0.85 0.7857142857142857,9.285714285714286,0,99,0 0 0 0 0 90 -21,0.0 0.0 0.0 0.0 0.0 0.85 0.7857142857142857,9.285714285714286,0,99,0 0 0 0 0 93 -19,0.0 0.0 0.0 0.0 0.0 1.0 0.9285714285714286,10.928571428571429,0,74,0 0 0 0 0 93 -20,0.0 0.0 0.0 0.0 0.0 1.0 0.8571428571428571,10.857142857142858,0,75,0 0 0 0 0 93 -19,0.0 0.0 0.0 0.0 0.0 1.0 0.9285714285714286,10.928571428571429,0,74,0 0 0 0 0 90 -21,0.0 0.0 0.0 0.0 0.0 0.85 0.7857142857142857,9.285714285714286,0,99,0 0 0 0 0 90 -21,0.0 0.0 0.0 0.0 0.0 0.85 0.7857142857142857,9.285714285714286,0,99,0 0 0 0 0 90 -21,0.0 0.0 0.0 0.0 0.0 0.85 0.7857142857142857,9.285714285714286,0,99,0 0 0 0 0 90 -21,0.0 0.0 0.0 0.0 0.0 0.85 0.7857142857142857,9.285714285714286,0,99
resolved-c28d-3600-all/resolved-c28d-3600-3rd/nsp-n30-d28-r0.10-rp2-fp2-s7,0 0 0 0 0 90 -140,0.0 0.0 0.0 0.0 0.0 0.09259259259259259 0.2638888888888889,1.1898148148148147,0,643,0 0 0 0 0 85 -159,0.0 0.0 0.0 0.0 0.0 0.0 0.0,0.0,0,458,0 0 0 0 0 92 -143,0.0 0.0 0.0 0.0 0.0 0.12962962962962962 0.2222222222222222,1.5185185185185186,0,392,0 0 0 0 0 132 -87,0.0 0.0 0.0 0.0 0.0 0.8703703703703703 1.0,9.703703703703704,0,133,0 0 0 0 0 132 -87,0.0 0.0 0.0 0.0 0.0 0.8703703703703703 1.0,9.703703703703704,0,133,0 0 0 0 0 132 -87,0.0 0.0 0.0 0.0 0.0 0.8703703703703703 1.0,9.703703703703704,0,133,0 0 0 0 0 132 -87,0.0 0.0 0.0 0.0 0.0 0.8703703703703703 1.0,9.703703703703704,0,133,0 0 0 0 0 139 -93,0.0 0.0 0.0 0.0 0.0 1.0 0.9166666666666666,10.916666666666666,0,120,0 0 0 0 0 132 -87,0.0 0.0 0.0 0.0 0.0 0.8703703703703703 1.0,9.703703703703704,0,133,0 0 0 0 0 139 -93,0.0 0.0 0.0 0.0 0.0 1.0 0.9166666666666666,10.916666666666666,0,120,0 0 0 0 0 132 -87,0.0 0.0 0.0 0.0 0.0 0.8703703703703703 1.0,9.703703703703704,0,133,0 0 0 0 0 132 -87,0.0 0.0 0.0 0.0 0.0 0.8703703703703703 1.0,9.703703703703704,0,133,0 0 0 0 0 132 -87,0.0 0.0 0.0 0.0 0.0 0.8703703703703703 1.0,9.703703703703704,0,133,0 0 0 0 0 132 -87,0.0 0.0 0.0 0.0 0.0 0.8703703703703703 1.0,9.703703703703704,0,133,0 0 0 0 0 132 -87,0.0 0.0 0.0 0.0 0.0 0.8703703703703703 1.0,9.703703703703704,0,133,0 0 0 0 0 132 -87,0.0 0.0 0.0 0.0 0.0 0.8703703703703703 1.0,9.703703703703704,0,133,0 0 0 0 0 132 -87,0.0 0.0 0.0 0.0 0.0 0.8703703703703703 1.0,9.703703703703704,0,133,0 0 0 0 0 132 -87,0.0 0.0 0.0 0.0 0.0 0.8703703703703703 1.0,9.703703703703704,0,133,0 0 0 0 0 132 -87,0.0 0.0 0.0 0.0 0.0 0.8703703703703703 1.0,9.703703703703704,0,133
resolved-c28d-3600-all/resolved-c28d-3600-3rd/nsp-n40-d28-r0.10-rp2-fp2-s3,0 0 0 266 2 719 -59,0.0 0.0 0.0 0.03241590214067278 0.02127659574468085 0.11997405966277562 0.509090909090909,36.25239322085953,0,4041,0 0 575 8176 1 3433 -86,0.0 0.0 1.0 1.0 0.010638297872340425 1.0 0.34545454545454546,11011.409284332689,0,1803,0 0 0 1 0 349 -143,0.0 0.0 0.0 0.0 0.0 0.0 0.0,0.0,0,16507,0 0 2 203 28 1474 -2,0.0 0.0 0.0034782608695652175 0.02470948012232416 0.2978723404255319 0.3647859922178988 0.8545454545454545,93.78172823725396,0,17830,0 0 2 181 24 1147 5,0.0 0.0 0.0034782608695652175 0.022018348623853212 0.2553191489361702 0.2587548638132296 0.896969696969697,85.8173905482244,0,17851,0 0 2 244 28 1576 -14,0.0 0.0 0.0034782608695652175 0.029724770642201834 0.2978723404255319 0.3978599221789883 0.7818181818181819,99.05503078401526,0,17806,0 0 8 259 29 1638 -16,0.0 0.0 0.01391304347826087 0.03155963302752294 0.30851063829787234 0.4179636835278859 0.7696969696969697,206.49046544489468,0,17761,0 0 2 196 21 1141 -6,0.0 0.0 0.0034782608695652175 0.023853211009174313 0.22340425531914893 0.25680933852140075 0.8303030303030303,84.37464165225842,0,17844,0 0 2 144 27 1217 -4,0.0 0.0 0.0034782608695652175 0.017492354740061163 0.2872340425531915 0.2814526588845655 0.8424242424242424,84.65531852230238,0,17986,0 0 2 172 34 1105 13,0.0 0.0 0.0034782608695652175 0.02091743119266055 0.3617021276595745 0.245136186770428 0.9454545454545454,95.267069067429,0,17942,0 0 92 453 80 2187 -11,0.0 0.0 0.16 0.05529051987767584 0.851063829787234 0.5959792477302205 0.8,1747.1566953337015,0,15309,0 0 0 177 25 1180 12,0.0 0.0 0.0 0.021529051987767583 0.26595744680851063 0.2694552529182879 0.9393939393939394,51.75874313719547,0,18083,0 0 0 84 4 949 22,0.0 0.0 0.0 0.01015290519877676 0.0425531914893617 0.19455252918287938 1.0,17.35374963954172,0,18451,0 0 38 451 94 2381 -18,0.0 0.0 0.06608695652173913 0.05504587155963303 1.0 0.6588845654993515 0.7575757575757576,823.2618581895936,0,16806,0 0 0 114 7 1187 20,0.0 0.0 0.0 0.01382262996941896 0.07446808510638298 0.2717250324254215 0.9878787878787879,24.97456759219026,0,18322,0 0 2 244 25 1529 -3,0.0 0.0 0.0034782608695652175 0.029724770642201834 0.26595744680851063 0.38261997405966275 0.8484848484848485,95.77780860778654,0,17822,0 0 8 245 21 1614 -24,0.0 0.0 0.01391304347826087 0.02984709480122324 0.22340425531914893 0.4101815823605707 0.7212121212121212,196.14098306056465,0,17763,0 0 0 181 22 1234 9,0.0 0.0 0.0 0.022018348623853212 0.23404255319148937 0.28696498054474706 0.9212121212121213,49.213465869661746,0,18016,0 0 6 302 26 1635 -10,0.0 0.0 0.010434782608695653 0.03681957186544343 0.2765957446808511 0.4169909208819715 0.806060606060606,173.80294223536538,0,17778
resolved-c28d-3600-all/resolved-c28d-3600-3rd/nsp-n40-d28-r0.10-rp2-fp2-s0,0 0 20 37 0 317 -128,0.0 0.0 1.0 1.0 0.0 0.25 0.0,11002.5,0,3815,0 0 0 2 0 488 -80,0.0 0.0 0.0 0.027777777777777776 0.0 1.0 0.75,38.52777777777777,0,11623,0 0 0 1 0 260 -89,0.0 0.0 0.0 0.0 0.0 0.0 0.609375,0.609375,0,11650,0 0 0 1 0 307 -64,0.0 0.0 0.0 0.0 0.0 0.20614035087719298 1.0,3.06140350877193,0,8352,0 0 0 1 0 308 -79,0.0 0.0 0.0 0.0 0.0 0.21052631578947367 0.765625,2.8708881578947367,0,8351,0 0 0 1 0 303 -111,0.0 0.0 0.0 0.0 0.0 0.18859649122807018 0.265625,2.151589912280702,0,8361,0 0 0 1 0 307 -64,0.0 0.0 0.0 0.0 0.0 0.20614035087719298 1.0,3.06140350877193,0,8352,0 0 0 1 0 307 -64,0.0 0.0 0.0 0.0 0.0 0.20614035087719298 1.0,3.06140350877193,0,8352,0 0 0 1 0 303 -111,0.0 0.0 0.0 0.0 0.0 0.18859649122807018 0.265625,2.151589912280702,0,8361,0 0 0 1 0 307 -64,0.0 0.0 0.0 0.0 0.0 0.20614035087719298 1.0,3.06140350877193,0,8352,0 0 0 1 0 307 -64,0.0 0.0 0.0 0.0 0.0 0.20614035087719298 1.0,3.06140350877193,0,8352,0 0 0 1 0 308 -79,0.0 0.0 0.0 0.0 0.0 0.21052631578947367 0.765625,2.8708881578947367,0,8351,0 0 0 1 0 308 -79,0.0 0.0 0.0 0.0 0.0 0.21052631578947367 0.765625,2.8708881578947367,0,8351,0 0 0 1 0 303 -111,0.0 0.0 0.0 0.0 0.0 0.18859649122807018 0.265625,2.151589912280702,0,8361,0 0 0 1 0 307 -64,0.0 0.0 0.0 0.0 0.0 0.20614035087719298 1.0,3.06140350877193,0,8352,0 0 0 1 0 308 -79,0.0 0.0 0.0 0.0 0.0 0.21052631578947367 0.765625,2.8708881578947367,0,8351,0 0 0 1 0 307 -64,0.0 0.0 0.0 0.0 0.0 0.20614035087719298 1.0,3.06140350877193,0,8352,0 0 0 1 0 307 -64,0.0 0.0 0.0 0.0 0.0 0.20614035087719298 1.0,3.06140350877193,0,8352,0 0 0 1 0 307 -64,0.0 0.0 0.0 0.0 0.0 0.20614035087719298 1.0,3.06140350877193,0,8352
resolved-c28d-3600-all/resolved-c28d-3600-3rd/nsp-n40-d28-r0.10-rp2-fp2-s9,0 1 0 425 2 771 -75,0.0 0.0 0.0 0.616398243045388 0.007782101167315175 0.12070209184900216 0.2721518987341772,618.6556259793438,0,5101,0 2 25 346 5 951 -22,0.0 0.2 0.017692852087756547 0.5007320644216691 0.019455252918287938 0.16398172637653283 0.6075949367088608,20681.853522791538,0,7828,0 1 0 46 2 1026 -23,0.0 0.0 0.0 0.06149341142020498 0.007782101167315175 0.18201490742967058 0.6012658227848101,64.69303643401801,0,40851,0 1 709 468 51 2687 -17,0.0 0.0 0.5017692852087756 0.6793557833089312 0.19844357976653695 0.5813897571531618 0.6392405063291139,5723.346131451202,0,42916,0 1 921 543 85 3978 -21,0.0 0.0 0.6518046709129511 0.7891654465592972 0.33073929961089493 0.8918009136811733 0.6139240506329114,7349.818018837343,0,42190,0 1 0 4 0 350 -96,0.0 0.0 0.0 0.0 0.0 0.019475835537388797 0.13924050632911392,0.33399886170300186,0,44904,0 1 0 37 1 790 -2,0.0 0.0 0.0 0.048316251830161056 0.0038910505836575876 0.12527049771579707 0.7341772151898734,50.69223908087466,0,43839,0 1 0 4 0 347 -112,0.0 0.0 0.0 0.0 0.0 0.018754508295263286 0.0379746835443038,0.22551976649693667,0,44914,0 1 1252 615 209 4363 19,0.0 0.0 0.8860580325548478 0.8945827232796486 0.8132295719844358 0.9843712430872806 0.8670886075949367,9847.196807065038,0,40554,0 1 0 4 0 347 -112,0.0 0.0 0.0 0.0 0.0 0.018754508295263286 0.0379746835443038,0.22551976649693667,0,44914,0 1 0 4 0 432 -86,0.0 0.0 0.0 0.0 0.0 0.03919211348881943 0.20253164556962025,0.5944527804578146,0,44863,0 1 0 4 0 269 -118,0.0 0.0 0.0 0.0 0.0 0.0 0.0,0.0,0,44957,0 1 0 4 0 333 -96,0.0 0.0 0.0 0.0 0.0 0.015388314498677566 0.13924050632911392,0.2931236513158896,0,44954,0 6 1413 687 257 4095 15,0.0 1.0 1.0 1.0 1.0 0.9199326761240683 0.8417721518987342,111110.04109891313,0,36801,0 1 0 4 0 406 -114,0.0 0.0 0.0 0.0 0.0 0.03294061072373167 0.02531645569620253,0.3547225629335192,0,44875,0 1 0 4 0 333 -95,0.0 0.0 0.0 0.0 0.0 0.015388314498677566 0.14556962025316456,0.29945276523994024,0,44953,0 1 0 7 0 557 -61,0.0 0.0 0.0 0.004392386530014641 0.0 0.06924741524404905 0.36075949367088606,5.445620176126018,0,44639,0 1 1218 613 207 4428 40,0.0 0.0 0.861995753715499 0.8916544655929722 0.8054474708171206 1.0 1.0,9603.156749829674,0,40760,0 1 0 4 0 333 -95,0.0 0.0 0.0 0.0 0.0 0.015388314498677566 0.14556962025316456,0.29945276523994024,0,44953
resolved-c28d-3600-all/resolved-c28d-3600-3rd/nsp-n40-d28-r0.10-rp2-fp2-s2,1 22 289 152 13 1707 -52,0.14285714285714285 0.0 0.0 0.0 0.0 0.043933054393305436 0.0,142857.58218768678,0,22149,2 164 898 381 100 2164 -16,0.2857142857142857 0.30148619957537154 0.8650568181818182 0.28877679697351827 0.5918367346938775 1.0 0.2647058823529412,324871.69902996626,0,16184,0 298 993 776 117 2144 -4,0.0 0.5859872611464968 1.0 0.7868852459016393 0.7074829931972789 0.9581589958158996 0.35294117647058826,69466.29419100568,0,8743,4 452 665 885 136 1716 51,0.5714285714285714 0.9129511677282378 0.5340909090909091 0.9243379571248423 0.8367346938775511 0.06276150627615062 0.7573529411764706,669073.9936868207,0,29434,4 461 687 918 156 1735 63,0.5714285714285714 0.9320594479830149 0.5653409090909091 0.9659520807061791 0.9727891156462585 0.10251046025104603 0.8455882352941176,671353.0270028906,0,27735,4 458 682 911 137 1719 50,0.5714285714285714 0.9256900212314225 0.5582386363636364 0.957124842370744 0.8435374149659864 0.06903765690376569 0.75,670622.8788757863,0,28934,4 457 682 896 133 1735 51,0.5714285714285714 0.9235668789808917 0.5582386363636364 0.9382093316519546 0.8163265306122449 0.10251046025104603 0.7573529411764706,670389.2701325538,0,29068,4 493 697 924 159 1782 75,0.5714285714285714 1.0 0.5795454545454546 0.9735182849936949 0.9931972789115646 0.200836820083682 0.9338235294117647,678299.806178641,0,26411,4 452 665 885 136 1716 51,0.5714285714285714 0.9129511677282378 0.5340909090909091 0.9243379571248423 0.8367346938775511 0.06276150627615062 0.7573529411764706,669073.9936868207,0,29434,4 466 700 945 158 1797 67,0.5714285714285714 0.9426751592356688 0.5838068181818182 1.0 0.9863945578231292 0.23221757322175732 0.875,672635.992165471,0,27271,4 484 715 928 160 1870 79,0.5714285714285714 0.9808917197452229 0.6051136363636364 0.978562421185372 1.0 0.38493723849372385 0.9632352941176471,676652.2547955945,0,26583,4 457 682 896 133 1735 51,0.5714285714285714 0.9235668789808917 0.5582386363636364 0.9382093316519546 0.8163265306122449 0.10251046025104603 0.7573529411764706,670389.2701325538,0,29068,7 472 571 671 86 1686 64,1.0 0.9554140127388535 0.4005681818181818 0.6544766708701135 0.4965986394557823 0.0 0.8529411764705882,1100252.0725680594,0,23159,4 452 665 885 136 1714 51,0.5714285714285714 0.9129511677282378 0.5340909090909091 0.9243379571248423 0.8367346938775511 0.058577405857740586 0.7573529411764706,669073.9518458166,0,29435,4 456 673 896 139 1770 50,0.5714285714285714 0.921443736730361 0.5454545454545454 0.9382093316519546 0.8571428571428571 0.17573221757322174 0.75,670053.9214956949,0,29234,5 488 698 906 149 1795 84,0.7142857142857143 0.9893842887473461 0.5809659090909091 0.9508196721311475 0.9251700680272109 0.2280334728033473 1.0,820080.4192650199,0,25992,4 472 698 931 159 1844 70,0.5714285714285714 0.9554140127388535 0.5809659090909091 0.9823455233291298 0.9931972789115646 0.3305439330543933 0.8970588235294118,673865.4995427402,0,26850,4 470 685 937 157 1793 73,0.5714285714285714 0.9511677282377919 0.5625 0.9899117276166457 0.9795918367346939 0.22384937238493724 0.9191176470588235,673261.3727750116,0,27039,4 460 691 902 129 1751 54,0.5714285714285714 0.9299363057324841 0.5710227272727273 0.9457755359394704 0.7891156462585034 0.13598326359832635 0.7794117647058824,671159.2556195131,0,27940
resolved-c28d-3600-all/resolved-c28d-3600-3rd/nsp-n50-d28-r0.10-rp2-fp2-s3,0 2 52 427 9 1427 -96,0.0 0.0 0.0 0.0 0.0 0.0 0.0,0.0,0,5446,0 2 2208 1036 310 8606 -12,0.0 0.0 0.727150084317032 0.9902439024390244 0.6297071129707112 0.8942451420029895 0.7058823529411765,8334.363790679387,0,35165,0 2 2542 1020 348 9139 -14,0.0 0.0 0.8397976391231029 0.9642276422764228 0.7092050209205021 0.9606377678126558 0.6890756302521008,9443.419988907879,0,34958,0 2 2516 808 474 8657 4,0.0 0.0 0.8310286677908938 0.6195121951219512 0.9728033472803347 0.9005979073243647 0.8403361344537815,9036.92552296662,0,38933,0 2 2532 807 487 8719 -5,0.0 0.0 0.836424957841484 0.6178861788617886 1.0 0.9083208769307424 0.7647058823529411,9091.983671928288,0,38618,0 2 2404 880 422 8634 13,0.0 0.0 0.7932546374367623 0.7365853658536585 0.8640167364016736 0.8977329347284504 0.9159663865546218,8765.426709595287,0,39643,0 2 2681 839 477 8834 -9,0.0 0.0 0.8866779089376053 0.6699186991869919 0.9790794979079498 0.922645739910314 0.7310924369747899,9644.563288189918,0,38276,0 2 2516 815 477 8662 9,0.0 0.0 0.8310286677908938 0.6308943089430894 0.9790794979079498 0.9012207274539114 0.8823529411764706,9048.983496858538,0,38889,0 2 2422 784 414 8613 23,0.0 0.0 0.7993254637436762 0.5804878048780487 0.8472803347280334 0.8951170901843548 1.0,8668.421646689458,0,39489,0 2 2415 874 421 8704 11,0.0 0.0 0.796964586846543 0.7268292682926829 0.8619246861924686 0.9064524165421026 0.8991596638655462,8792.631289206645,0,39616,0 2 3009 1029 340 9423 5,0.0 0.0 0.9973018549747049 0.9788617886178862 0.6924686192468619 0.9960139511709019 0.8487394957983193,11031.936079297127,0,34529,0 2 2399 868 421 8620 11,0.0 0.0 0.7915682967959528 0.7170731707317073 0.8619246861924686 0.89598903836572 0.8991596638655462,8728.807657358004,0,39755,0 2 2399 862 420 8610 3,0.0 0.0 0.7915682967959528 0.7073170731707317 0.8598326359832636 0.8947433981066268 0.8319327731092437,8718.76267148276,0,39793,0 2 2844 927 296 9248 -4,0.0 0.0 0.9416526138279933 0.8130081300813008 0.600418410041841 0.9742152466367713 0.773109243697479,10300.091371075483,0,37246,0 2 2427 784 416 8627 4,0.0 0.0 0.8010118043844857 0.5804878048780487 0.8514644351464435 0.8968609865470852 0.8403361344537815,8685.561238237475,0,39168,0 2 3009 1030 340 9411 3,0.0 0.0 0.9973018549747049 0.9804878048780488 0.6924686192468619 0.9945191828599901 0.8319327731092437,11033.530341151492,0,34520,0 2 2701 824 254 9033 7,0.0 0.0 0.8934232715008432 0.6455284552845528 0.5125523012552301 0.9474339810662681 0.865546218487395,9641.356286447659,0,38125,0 2 2707 865 272 9275 5,0.0 0.0 0.8954468802698144 0.7121951219512195 0.5502092050209205 0.9775784753363229 0.8487394957983193,9732.309369400617,0,37857,0 2 3017 1042 340 9455 7,0.0 0.0 1.0 1.0 0.6924686192468619 1.0 0.865546218487395,11080.112408143174,0,33733
resolved-c28d-3600-all/resolved-c28d-3600-3rd/nsp-n30-d28-r0.10-rp2-fp2-s2,0 0 0 0 0 91 -156,0.0 0.0 0.0 0.0 0.0 0.0 0.25842696629213485,0.25842696629213485,0,574,0 0 0 0 0 92 -179,0.0 0.0 0.0 0.0 0.0 0.01694915254237288 0.0,0.1694915254237288,0,417,0 0 0 0 0 95 -158,0.0 0.0 0.0 0.0 0.0 0.06779661016949153 0.23595505617977527,0.9139211578746905,0,412,0 0 0 0 0 145 -90,0.0 0.0 0.0 0.0 0.0 0.9152542372881356 1.0,10.152542372881356,0,147,0 0 0 0 0 145 -90,0.0 0.0 0.0 0.0 0.0 0.9152542372881356 1.0,10.152542372881356,0,147,0 0 0 0 0 145 -90,0.0 0.0 0.0 0.0 0.0 0.9152542372881356 1.0,10.152542372881356,0,147,0 0 0 0 0 145 -90,0.0 0.0 0.0 0.0 0.0 0.9152542372881356 1.0,10.152542372881356,0,147,0 0 0 0 0 145 -90,0.0 0.0 0.0 0.0 0.0 0.9152542372881356 1.0,10.152542372881356,0,147,0 0 0 0 0 145 -90,0.0 0.0 0.0 0.0 0.0 0.9152542372881356 1.0,10.152542372881356,0,147,0 0 0 0 0 145 -90,0.0 0.0 0.0 0.0 0.0 0.9152542372881356 1.0,10.152542372881356,0,147,0 0 0 0 0 145 -90,0.0 0.0 0.0 0.0 0.0 0.9152542372881356 1.0,10.152542372881356,0,147,0 0 0 0 0 145 -90,0.0 0.0 0.0 0.0 0.0 0.9152542372881356 1.0,10.152542372881356,0,147,0 0 0 0 0 145 -90,0.0 0.0 0.0 0.0 0.0 0.9152542372881356 1.0,10.152542372881356,0,147,0 0 0 0 0 145 -90,0.0 0.0 0.0 0.0 0.0 0.9152542372881356 1.0,10.152542372881356,0,147,0 0 0 0 0 145 -90,0.0 0.0 0.0 0.0 0.0 0.9152542372881356 1.0,10.152542372881356,0,147,0 0 0 0 0 145 -90,0.0 0.0 0.0 0.0 0.0 0.9152542372881356 1.0,10.152542372881356,0,147,0 0 0 0 0 150 -96,0.0 0.0 0.0 0.0 0.0 1.0 0.9325842696629213,10.932584269662922,0,145,0 0 0 0 0 145 -90,0.0 0.0 0.0 0.0 0.0 0.9152542372881356 1.0,10.152542372881356,0,147,0 0 0 0 0 145 -90,0.0 0.0 0.0 0.0 0.0 0.9152542372881356 1.0,10.152542372881356,0,147
resolved-c28d-3600-all/resolved-c28d-3600-3rd/nsp-n10-d28-r0.10-rp0-fp0-s2,0 0 0 0 0 70 -46,0.0 0.0 0.0 0.0 0.0 0.25 0.13793103448275862,2.6379310344827585,0,295,0 0 0 0 0 67 -50,0.0 0.0 0.0 0.0 0.0 0.0 0.0,0.0,0,285,0 0 0 0 0 69 -42,0.0 0.0 0.0 0.0 0.0 0.16666666666666666 0.27586206896551724,1.9425287356321839,0,264,0 0 0 0 0 79 -22,0.0 0.0 0.0 0.0 0.0 1.0 0.9655172413793104,10.96551724137931,0,168,0 0 0 0 0 79 -22,0.0 0.0 0.0 0.0 0.0 1.0 0.9655172413793104,10.96551724137931,0,168,0 0 0 0 0 79 -22,0.0 0.0 0.0 0.0 0.0 1.0 0.9655172413793104,10.96551724137931,0,168,0 0 0 0 0 79 -21,0.0 0.0 0.0 0.0 0.0 1.0 1.0,11.0,0,167,0 0 0 0 0 79 -22,0.0 0.0 0.0 0.0 0.0 1.0 0.9655172413793104,10.96551724137931,0,168,0 0 0 0 0 79 -21,0.0 0.0 0.0 0.0 0.0 1.0 1.0,11.0,0,167,0 0 0 0 0 79 -21,0.0 0.0 0.0 0.0 0.0 1.0 1.0,11.0,0,167,0 0 0 0 0 79 -21,0.0 0.0 0.0 0.0 0.0 1.0 1.0,11.0,0,167,0 0 0 0 0 79 -21,0.0 0.0 0.0 0.0 0.0 1.0 1.0,11.0,0,167,0 0 0 0 0 79 -21,0.0 0.0 0.0 0.0 0.0 1.0 1.0,11.0,0,167,0 0 0 0 0 79 -22,0.0 0.0 0.0 0.0 0.0 1.0 0.9655172413793104,10.96551724137931,0,168,0 0 0 0 0 79 -21,0.0 0.0 0.0 0.0 0.0 1.0 1.0,11.0,0,167,0 0 0 0 0 79 -22,0.0 0.0 0.0 0.0 0.0 1.0 0.9655172413793104,10.96551724137931,0,168,0 0 0 0 0 79 -21,0.0 0.0 0.0 0.0 0.0 1.0 1.0,11.0,0,167,0 0 0 0 0 79 -22,0.0 0.0 0.0 0.0 0.0 1.0 0.9655172413793104,10.96551724137931,0,168,0 0 0 0 0 79 -21,0.0 0.0 0.0 0.0 0.0 1.0 1.0,11.0,0,167
resolved-c28d-3600-all/resolved-c28d-3600-3rd/nsp-n10-d28-r0.10-rp0-fp0-s3,0 0 0 0 0 73 -36,0.0 0.0 0.0 0.0 0.0 0.10526315789473684 0.2,1.2526315789473683,0,249,0 0 0 0 0 72 -35,0.0 0.0 0.0 0.0 0.0 0.05263157894736842 0.4,0.9263157894736842,0,197,0 0 0 0 0 71 -37,0.0 0.0 0.0 0.0 0.0 0.0 0.0,0.0,0,175,0 0 0 0 0 90 -33,0.0 0.0 0.0 0.0 0.0 1.0 0.8,10.8,0,196,0 0 0 0 0 90 -33,0.0 0.0 0.0 0.0 0.0 1.0 0.8,10.8,0,196,0 0 0 0 0 89 -32,0.0 0.0 0.0 0.0 0.0 0.9473684210526315 1.0,10.473684210526315,0,197,0 0 0 0 0 89 -33,0.0 0.0 0.0 0.0 0.0 0.9473684210526315 0.8,10.273684210526316,0,198,0 0 0 0 0 90 -33,0.0 0.0 0.0 0.0 0.0 1.0 0.8,10.8,0,196,0 0 0 0 0 89 -33,0.0 0.0 0.0 0.0 0.0 0.9473684210526315 0.8,10.273684210526316,0,198,0 0 0 0 0 89 -32,0.0 0.0 0.0 0.0 0.0 0.9473684210526315 1.0,10.473684210526315,0,197,0 0 0 0 0 90 -33,0.0 0.0 0.0 0.0 0.0 1.0 0.8,10.8,0,196,0 0 0 0 0 89 -33,0.0 0.0 0.0 0.0 0.0 0.9473684210526315 0.8,10.273684210526316,0,198,0 0 0 0 0 90 -33,0.0 0.0 0.0 0.0 0.0 1.0 0.8,10.8,0,196,0 0 0 0 0 89 -32,0.0 0.0 0.0 0.0 0.0 0.9473684210526315 1.0,10.473684210526315,0,197,0 0 0 0 0 90 -33,0.0 0.0 0.0 0.0 0.0 1.0 0.8,10.8,0,196,0 0 0 0 0 90 -33,0.0 0.0 0.0 0.0 0.0 1.0 0.8,10.8,0,196,0 0 0 0 0 89 -33,0.0 0.0 0.0 0.0 0.0 0.9473684210526315 0.8,10.273684210526316,0,198,0 0 0 0 0 90 -33,0.0 0.0 0.0 0.0 0.0 1.0 0.8,10.8,0,196,0 0 0 0 0 89 -33,0.0 0.0 0.0 0.0 0.0 0.9473684210526315 0.8,10.273684210526316,0,198
resolved-c28d-3600-all/resolved-c28d-3600-3rd/nsp-n20-d28-r0.10-rp2-fp2-s6,0 0 2 7 0 63 -102,0.0 0.0 0.0 1.0 0.0 0.0 0.0,1000.0,0,31393,0 0 2 6 0 63 -88,0.0 0.0 0.0 0.0 0.0 0.0 0.3181818181818182,0.3181818181818182,0,31623,0 0 2 6 0 67 -87,0.0 0.0 0.0 0.0 0.0 0.2222222222222222 0.3409090909090909,2.563131313131313,0,31656,0 0 2 6 0 81 -58,0.0 0.0 0.0 0.0 0.0 1.0 1.0,11.0,0,24738,0 0 2 6 0 81 -60,0.0 0.0 0.0 0.0 0.0 1.0 0.9545454545454546,10.954545454545455,0,24740,0 0 2 6 0 81 -60,0.0 0.0 0.0 0.0 0.0 1.0 0.9545454545454546,10.954545454545455,0,24740,0 0 2 6 0 81 -60,0.0 0.0 0.0 0.0 0.0 1.0 0.9545454545454546,10.954545454545455,0,24740,0 0 2 6 0 81 -60,0.0 0.0 0.0 0.0 0.0 1.0 0.9545454545454546,10.954545454545455,0,24740,0 0 2 6 0 81 -60,0.0 0.0 0.0 0.0 0.0 1.0 0.9545454545454546,10.954545454545455,0,24740,0 0 2 6 0 81 -58,0.0 0.0 0.0 0.0 0.0 1.0 1.0,11.0,0,24738,0 0 2 6 0 81 -60,0.0 0.0 0.0 0.0 0.0 1.0 0.9545454545454546,10.954545454545455,0,24740,0 0 2 6 0 81 -58,0.0 0.0 0.0 0.0 0.0 1.0 1.0,11.0,0,24738,0 0 2 6 0 81 -59,0.0 0.0 0.0 0.0 0.0 1.0 0.9772727272727273,10.977272727272727,0,24739,0 0 2 6 0 81 -60,0.0 0.0 0.0 0.0 0.0 1.0 0.9545454545454546,10.954545454545455,0,24740,0 0 2 6 0 81 -60,0.0 0.0 0.0 0.0 0.0 1.0 0.9545454545454546,10.954545454545455,0,24740,0 0 2 6 0 81 -59,0.0 0.0 0.0 0.0 0.0 1.0 0.9772727272727273,10.977272727272727,0,24739,0 0 2 6 0 81 -58,0.0 0.0 0.0 0.0 0.0 1.0 1.0,11.0,0,24738,0 0 2 6 0 81 -59,0.0 0.0 0.0 0.0 0.0 1.0 0.9772727272727273,10.977272727272727,0,24739,0 0 2 6 0 81 -60,0.0 0.0 0.0 0.0 0.0 1.0 0.9545454545454546,10.954545454545455,0,24740
resolved-c28d-3600-all/resolved-c28d-3600-3rd/nsp-n30-d28-r0.10-rp2-fp2-s8,0 0 2 62 0 239 -100,0.0 0.0 0.0 0.32085561497326204 0.0 0.1353135313531353 0.3706293706293706,322.57937965742275,0,3746,0 0 11 189 49 726 -10,0.0 0.0 1.0 1.0 1.0 0.9389438943894389 1.0,11110.389438943894,0,21682,0 0 2 2 0 183 -87,0.0 0.0 0.0 0.0 0.0 0.0429042904290429 0.46153846153846156,0.8905813658288906,0,24637,0 0 2 2 0 157 -106,0.0 0.0 0.0 0.0 0.0 0.0 0.32867132867132864,0.32867132867132864,0,20213,0 0 2 2 0 157 -106,0.0 0.0 0.0 0.0 0.0 0.0 0.32867132867132864,0.32867132867132864,0,20213,0 0 2 2 0 169 -153,0.0 0.0 0.0 0.0 0.0 0.019801980198019802 0.0,0.19801980198019803,0,20203,0 0 2 2 0 157 -106,0.0 0.0 0.0 0.0 0.0 0.0 0.32867132867132864,0.32867132867132864,0,20213,0 0 2 2 0 157 -106,0.0 0.0 0.0 0.0 0.0 0.0 0.32867132867132864,0.32867132867132864,0,20213,0 0 2 2 0 157 -106,0.0 0.0 0.0 0.0 0.0 0.0 0.32867132867132864,0.32867132867132864,0,20213,0 0 2 2 0 157 -106,0.0 0.0 0.0 0.0 0.0 0.0 0.32867132867132864,0.32867132867132864,0,20213,0 0 2 2 0 157 -106,0.0 0.0 0.0 0.0 0.0 0.0 0.32867132867132864,0.32867132867132864,0,20213,0 0 2 2 0 157 -106,0.0 0.0 0.0 0.0 0.0 0.0 0.32867132867132864,0.32867132867132864,0,20213,0 0 2 2 0 157 -106,0.0 0.0 0.0 0.0 0.0 0.0 0.32867132867132864,0.32867132867132864,0,20213,0 0 2 2 0 169 -151,0.0 0.0 0.0 0.0 0.0 0.019801980198019802 0.013986013986013986,0.212005815966212,0,20202,0 0 2 2 0 157 -105,0.0 0.0 0.0 0.0 0.0 0.0 0.3356643356643357,0.3356643356643357,0,20212,0 0 2 169 19 763 -32,0.0 0.0 0.0 0.893048128342246 0.3877551020408163 1.0 0.8461538461538461,942.6697923924816,0,17451,0 0 2 2 0 157 -106,0.0 0.0 0.0 0.0 0.0 0.0 0.32867132867132864,0.32867132867132864,0,20213,0 0 2 2 0 157 -106,0.0 0.0 0.0 0.0 0.0 0.0 0.32867132867132864,0.32867132867132864,0,20213,0 0 2 2 0 157 -105,0.0 0.0 0.0 0.0 0.0 0.0 0.3356643356643357,0.3356643356643357,0,20212
resolved-c28d-3600-all/resolved-c28d-3600-3rd/nsp-n20-d28-r0.10-rp2-fp2-s9,0 0 0 0 0 57 -66,0.0 0.0 0.0 0.0 0.0 0.14285714285714285 0.358974358974359,1.7875457875457874,0,341,0 0 0 0 0 54 -80,0.0 0.0 0.0 0.0 0.0 0.0 0.0,0.0,0,310,0 0 0 0 0 54 -78,0.0 0.0 0.0 0.0 0.0 0.0 0.05128205128205128,0.05128205128205128,0,294,0 0 0 0 0 75 -41,0.0 0.0 0.0 0.0 0.0 1.0 1.0,11.0,0,100,0 0 0 0 0 75 -41,0.0 0.0 0.0 0.0 0.0 1.0 1.0,11.0,0,100,0 0 0 0 0 75 -41,0.0 0.0 0.0 0.0 0.0 1.0 1.0,11.0,0,100,0 0 0 0 0 75 -41,0.0 0.0 0.0 0.0 0.0 1.0 1.0,11.0,0,100,0 0 0 0 0 75 -41,0.0 0.0 0.0 0.0 0.0 1.0 1.0,11.0,0,100,0 0 0 0 0 75 -41,0.0 0.0 0.0 0.0 0.0 1.0 1.0,11.0,0,100,0 0 0 0 0 75 -41,0.0 0.0 0.0 0.0 0.0 1.0 1.0,11.0,0,100,0 0 0 0 0 75 -41,0.0 0.0 0.0 0.0 0.0 1.0 1.0,11.0,0,100,0 0 0 0 0 75 -41,0.0 0.0 0.0 0.0 0.0 1.0 1.0,11.0,0,100,0 0 0 0 0 75 -41,0.0 0.0 0.0 0.0 0.0 1.0 1.0,11.0,0,100,0 0 0 0 0 75 -41,0.0 0.0 0.0 0.0 0.0 1.0 1.0,11.0,0,100,0 0 0 0 0 75 -41,0.0 0.0 0.0 0.0 0.0 1.0 1.0,11.0,0,100,0 0 0 0 0 75 -41,0.0 0.0 0.0 0.0 0.0 1.0 1.0,11.0,0,100,0 0 0 0 0 75 -41,0.0 0.0 0.0 0.0 0.0 1.0 1.0,11.0,0,100,0 0 0 0 0 75 -41,0.0 0.0 0.0 0.0 0.0 1.0 1.0,11.0,0,100,0 0 0 0 0 75 -41,0.0 0.0 0.0 0.0 0.0 1.0 1.0,11.0,0,100
resolved-c28d-3600-all/resolved-c28d-3600-3rd/nsp-n50-d28-r0.10-rp2-fp2-s5,0 0 60 1186 6 1402 -103,0.0 0.0 1.0 1.0 1.0 1.0 1.0,11111.0,0,4616,0 0 2 0 0 294 -151,0.0 0.0 0.0 0.0 0.0 0.0 0.12727272727272726,0.12727272727272726,0,7459,0 0 2 0 0 358 -158,0.0 0.0 0.0 0.0 0.0 0.05776173285198556 0.0,0.5776173285198556,0,7359,0 0 2 0 0 450 -148,0.0 0.0 0.0 0.0 0.0 0.1407942238267148 0.18181818181818182,1.58976042008533,0,12397,0 0 2 0 0 455 -131,0.0 0.0 0.0 0.0 0.0 0.14530685920577618 0.4909090909090909,1.943977682966853,0,12392,0 0 2 0 0 450 -148,0.0 0.0 0.0 0.0 0.0 0.1407942238267148 0.18181818181818182,1.58976042008533,0,12397,0 0 2 0 0 450 -148,0.0 0.0 0.0 0.0 0.0 0.1407942238267148 0.18181818181818182,1.58976042008533,0,12397,0 0 2 0 0 450 -148,0.0 0.0 0.0 0.0 0.0 0.1407942238267148 0.18181818181818182,1.58976042008533,0,12397,0 0 2 0 0 450 -148,0.0 0.0 0.0 0.0 0.0 0.1407942238267148 0.18181818181818182,1.58976042008533,0,12397,0 0 2 0 0 450 -148,0.0 0.0 0.0 0.0 0.0 0.1407942238267148 0.18181818181818182,1.58976042008533,0,12397,0 0 2 0 0 450 -148,0.0 0.0 0.0 0.0 0.0 0.1407942238267148 0.18181818181818182,1.58976042008533,0,12397,0 0 2 0 0 450 -148,0.0 0.0 0.0 0.0 0.0 0.1407942238267148 0.18181818181818182,1.58976042008533,0,12397,0 0 2 0 0 450 -148,0.0 0.0 0.0 0.0 0.0 0.1407942238267148 0.18181818181818182,1.58976042008533,0,12397,0 0 2 0 0 450 -148,0.0 0.0 0.0 0.0 0.0 0.1407942238267148 0.18181818181818182,1.58976042008533,0,12397,0 0 2 0 0 450 -148,0.0 0.0 0.0 0.0 0.0 0.1407942238267148 0.18181818181818182,1.58976042008533,0,12397,0 0 2 0 0 450 -148,0.0 0.0 0.0 0.0 0.0 0.1407942238267148 0.18181818181818182,1.58976042008533,0,12397,0 0 2 0 0 450 -148,0.0 0.0 0.0 0.0 0.0 0.1407942238267148 0.18181818181818182,1.58976042008533,0,12397,0 0 2 0 0 450 -148,0.0 0.0 0.0 0.0 0.0 0.1407942238267148 0.18181818181818182,1.58976042008533,0,12397,0 0 2 0 0 450 -148,0.0 0.0 0.0 0.0 0.0 0.1407942238267148 0.18181818181818182,1.58976042008533,0,12397
resolved-c28d-3600-all/resolved-c28d-3600-3rd/nsp-n50-d28-r0.10-rp2-fp2-s2,0 3 109 1890 4 1787 -66,0.0 0.0 1.0 1.0 1.0 1.0 0.3,11110.3,0,5266,0 3 3 0 0 450 -79,0.0 0.0 0.0 0.0 0.0 0.0 0.20714285714285716,0.20714285714285716,0,22131,0 3 3 0 0 462 -47,0.0 0.0 0.0 0.0 0.0 0.008975317875841436 0.4357142857142857,0.5254674644727001,0,22142,0 3 3 0 0 489 -90,0.0 0.0 0.0 0.0 0.0 0.02916978309648467 0.12857142857142856,0.42026925953627525,0,24865,0 3 3 0 0 518 -79,0.0 0.0 0.0 0.0 0.0 0.050860134629768135 0.20714285714285716,0.7157442034405386,0,24781,0 3 3 0 0 518 -80,0.0 0.0 0.0 0.0 0.0 0.050860134629768135 0.2,0.7086013462976815,0,24782,0 3 3 0 0 529 -91,0.0 0.0 0.0 0.0 0.0 0.059087509349289455 0.12142857142857143,0.712303664921466,0,24754,0 3 3 0 0 489 -88,0.0 0.0 0.0 0.0 0.0 0.02916978309648467 0.14285714285714285,0.43455497382198954,0,24864,0 3 3 1 0 601 -58,0.0 0.0 0.0 0.0005291005291005291 0.0 0.11293941660433807 0.35714285714285715,2.015637552286767,0,24534,0 3 3 0 0 512 -97,0.0 0.0 0.0 0.0 0.0 0.04637247569184742 0.07857142857142857,0.5422961854899029,0,24815,0 3 3 0 0 499 -77,0.0 0.0 0.0 0.0 0.0 0.03664921465968586 0.22142857142857142,0.58792071802543,0,24850,0 3 3 0 0 545 -70,0.0 0.0 0.0 0.0 0.0 0.07105459985041136 0.2714285714285714,0.981974569932685,0,24705,0 3 3 0 0 509 -86,0.0 0.0 0.0 0.0 0.0 0.044128646222887064 0.15714285714285714,0.5984293193717278,0,24820,0 3 3 0 0 499 -77,0.0 0.0 0.0 0.0 0.0 0.03664921465968586 0.22142857142857142,0.58792071802543,0,24850,0 3 3 3 0 1026 -18,0.0 0.0 0.0 0.0015873015873015873 0.0 0.43081525804038895 0.6428571428571429,6.538311310562619,0,24164,0 3 3 4 0 839 -37,0.0 0.0 0.0 0.0021164021164021165 0.0 0.29094988780852654 0.5071428571428571,5.533043851630239,0,24131,0 3 3 0 0 509 -85,0.0 0.0 0.0 0.0 0.0 0.044128646222887064 0.16428571428571428,0.605572176514585,0,24819,0 3 3 24 1 1190 32,0.0 0.0 0.0 0.012698412698412698 0.25 0.5534779356768885 1.0,44.23319205518158,0,23366,0 3 3 0 0 528 -108,0.0 0.0 0.0 0.0 0.0 0.05833956619296934 0.0,0.5833956619296934,0,24761
resolved-c28d-3600-all/resolved-c28d-3600-3rd/nsp-n20-d28-r0.10-rp2-fp2-s8,0 10 105 146 33 776 22,0.0 0.3333333333333333 0.0 0.03007518796992481 0.0 0.0 0.06896551724137931,33363.47748682049,0,37858,0 1 194 239 97 1695 38,0.0 0.0 0.26331360946745563 0.37969924812030076 0.6213592233009708 0.8309222423146474 0.6206896551724138,3083.901177203273,0,56145,0 1 443 296 136 1882 39,0.0 0.0 1.0 0.5939849624060151 1.0 1.0 0.6551724137931034,10704.640134819809,0,48569,0 1 141 193 55 1421 40,0.0 0.0 0.10650887573964497 0.20676691729323307 0.21359223300970873 0.5831826401446655 0.6896551724137931,1299.736379564514,0,53075,0 1 142 195 61 1412 46,0.0 0.0 0.10946745562130178 0.21428571428571427 0.27184466019417475 0.5750452079566004 0.896551724137931,1342.7917403218535,0,53009,0 1 212 246 80 1523 44,0.0 0.0 0.3165680473372781 0.40601503759398494 0.4563106796116505 0.6754068716094033 0.8275862068965517,3624.908233850922,0,49934,0 1 208 235 82 1488 33,0.0 0.0 0.3047337278106509 0.36466165413533835 0.47572815533980584 0.64376130198915 0.4482758620689655,3466.4576366577885,0,50320,0 14 329 341 116 1649 32,0.0 0.48148148148148145 0.6627218934911243 0.7631578947368421 0.8058252427184466 0.7893309222423146 0.41379310344827586,55627.41460439395,0,44241,0 28 328 404 104 1567 20,0.0 1.0 0.6597633136094675 1.0 0.6893203883495146 0.7151898734177216 0.0,107673.7170736638,0,41478,0 1 141 182 57 1402 46,0.0 0.0 0.10650887573964497 0.16541353383458646 0.23300970873786409 0.566003616636528 0.896551724137931,1260.3598499953257,0,53223,0 1 156 198 65 1438 49,0.0 0.0 0.15088757396449703 0.22556390977443608 0.3106796116504854 0.5985533453887885 1.0,1772.4931440383427,0,52452,0 1 171 219 68 1517 48,0.0 0.0 0.1952662721893491 0.30451127819548873 0.33980582524271846 0.6699819168173599 0.9655172413793104,2298.8199190228047,0,51665,0 1 269 247 103 1624 41,0.0 0.0 0.48520710059171596 0.40977443609022557 0.6796116504854369 0.7667269439421338 0.7241379310344828,5338.198014426384,0,48099,0 1 160 205 63 1446 48,0.0 0.0 0.16272189349112426 0.2518796992481203 0.2912621359223301 0.6057866184448463 0.9655172413793104,1915.2482311774236,0,52174,0 1 238 255 99 1578 41,0.0 0.0 0.39349112426035504 0.4398496240601504 0.6407766990291263 0.7251356238698011 0.7241379310344828,4446.814030736346,0,49097,0 1 122 138 45 1382 49,0.0 0.0 0.05029585798816568 0.0 0.11650485436893204 0.5479204339963833 1.0,521.0882696585138,0,54585,0 1 160 210 65 1439 45,0.0 0.0 0.16272189349112426 0.2706766917293233 0.3106796116504854 0.5994575045207957 0.8620689655172413,1935.8202318163396,0,52153,0 1 208 232 85 1491 30,0.0 0.0 0.3047337278106509 0.3533834586466165 0.5048543689320388 0.6464737793851718 0.3448275862068966,3458.015739026388,0,50350,0 1 127 149 43 1394 45,0.0 0.0 0.0650887573964497 0.041353383458646614 0.0970873786407767 0.5587703435804702 0.8620689655172413,708.3994676885433,0,54383
resolved-c28d-3600-all/resolved-c28d-3600-3rd/nsp-n40-d28-r0.10-rp2-fp2-s7,0 1 0 0 0 134 -175,0.0 0.0 0.0 0.0 0.0 0.0 0.0,0.0,0,21541,0 1 0 1 0 175 -110,0.0 0.0 0.0 1.0 0.0 0.3416666666666667 0.9285714285714286,1004.3452380952381,0,21293,0 1 0 0 0 151 -135,0.0 0.0 0.0 0.0 0.0 0.14166666666666666 0.5714285714285714,1.988095238095238,0,21156,0 1 0 0 0 254 -107,0.0 0.0 0.0 0.0 0.0 1.0 0.9714285714285714,10.971428571428572,0,18018,0 1 0 0 0 254 -106,0.0 0.0 0.0 0.0 0.0 1.0 0.9857142857142858,10.985714285714286,0,18017,0 1 0 0 0 254 -106,0.0 0.0 0.0 0.0 0.0 1.0 0.9857142857142858,10.985714285714286,0,18017,0 1 0 0 0 254 -107,0.0 0.0 0.0 0.0 0.0 1.0 0.9714285714285714,10.971428571428572,0,18018,0 1 0 0 0 254 -106,0.0 0.0 0.0 0.0 0.0 1.0 0.9857142857142858,10.985714285714286,0,18017,0 1 0 0 0 254 -106,0.0 0.0 0.0 0.0 0.0 1.0 0.9857142857142858,10.985714285714286,0,18017,0 1 0 0 0 254 -106,0.0 0.0 0.0 0.0 0.0 1.0 0.9857142857142858,10.985714285714286,0,18017,0 1 0 0 0 254 -107,0.0 0.0 0.0 0.0 0.0 1.0 0.9714285714285714,10.971428571428572,0,18018,0 1 0 0 0 254 -106,0.0 0.0 0.0 0.0 0.0 1.0 0.9857142857142858,10.985714285714286,0,18017,0 1 0 0 0 254 -105,0.0 0.0 0.0 0.0 0.0 1.0 1.0,11.0,0,18016,0 1 0 0 0 254 -106,0.0 0.0 0.0 0.0 0.0 1.0 0.9857142857142858,10.985714285714286,0,18017,0 1 0 0 0 254 -106,0.0 0.0 0.0 0.0 0.0 1.0 0.9857142857142858,10.985714285714286,0,18017,0 1 0 0 0 254 -107,0.0 0.0 0.0 0.0 0.0 1.0 0.9714285714285714,10.971428571428572,0,18018,0 1 0 0 0 254 -105,0.0 0.0 0.0 0.0 0.0 1.0 1.0,11.0,0,18016,0 1 0 0 0 254 -107,0.0 0.0 0.0 0.0 0.0 1.0 0.9714285714285714,10.971428571428572,0,18018,0 1 0 0 0 254 -106,0.0 0.0 0.0 0.0 0.0 1.0 0.9857142857142858,10.985714285714286,0,18017
resolved-c28d-3600-all/resolved-c28d-3600-3rd/nsp-n50-d28-r0.10-rp2-fp2-s4,0 2 179 3349 4 2239 -82,0.0 0.0 0.10954712362301101 0.21048331343095972 0.024242424242424242 0.2725225225225225 0.1542056074766355,1311.2582229180143,0,5092,0 2 1634 15911 3 7084 -94,0.0 0.0 1.0 1.0 0.01818181818181818 1.0 0.09813084112149532,11011.916312659303,0,2806,0 2 1470 882 165 6931 99,0.0 0.0 0.8996328029375765 0.055433347998240214 1.0 0.977027027027027 1.0,9162.531647644275,0,33510,0 2 0 0 0 433 -114,0.0 0.0 0.0 0.0 0.0 0.0013513513513513514 0.004672897196261682,0.018186410709775197,0,22904,0 2 0 0 0 433 -114,0.0 0.0 0.0 0.0 0.0 0.0013513513513513514 0.004672897196261682,0.018186410709775197,0,22904,0 2 0 0 0 432 -115,0.0 0.0 0.0 0.0 0.0 0.0012012012012012011 0.0,0.012012012012012012,0,22905,0 2 0 0 0 424 -84,0.0 0.0 0.0 0.0 0.0 0.0 0.14485981308411214,0.14485981308411214,0,22921,0 2 0 0 0 446 -93,0.0 0.0 0.0 0.0 0.0 0.003303303303303303 0.102803738317757,0.13583677135079003,0,22891,0 2 0 0 0 424 -83,0.0 0.0 0.0 0.0 0.0 0.0 0.14953271028037382,0.14953271028037382,0,22920,0 2 0 0 0 432 -115,0.0 0.0 0.0 0.0 0.0 0.0012012012012012011 0.0,0.012012012012012012,0,22905,0 2 0 0 0 424 -104,0.0 0.0 0.0 0.0 0.0 0.0 0.0514018691588785,0.0514018691588785,0,22928,0 2 0 0 0 424 -83,0.0 0.0 0.0 0.0 0.0 0.0 0.14953271028037382,0.14953271028037382,0,22920,0 2 0 0 0 446 -93,0.0 0.0 0.0 0.0 0.0 0.003303303303303303 0.102803738317757,0.13583677135079003,0,22891,0 2 0 0 0 446 -93,0.0 0.0 0.0 0.0 0.0 0.003303303303303303 0.102803738317757,0.13583677135079003,0,22891,0 2 0 0 0 432 -115,0.0 0.0 0.0 0.0 0.0 0.0012012012012012011 0.0,0.012012012012012012,0,22905,0 2 0 0 0 424 -82,0.0 0.0 0.0 0.0 0.0 0.0 0.1542056074766355,0.1542056074766355,0,22919,0 2 0 0 0 429 -75,0.0 0.0 0.0 0.0 0.0 0.0007507507507507507 0.18691588785046728,0.1944233953579748,0,22911,0 2 0 0 0 424 -84,0.0 0.0 0.0 0.0 0.0 0.0 0.14485981308411214,0.14485981308411214,0,22921,0 2 0 0 0 432 -115,0.0 0.0 0.0 0.0 0.0 0.0012012012012012011 0.0,0.012012012012012012,0,22905
resolved-c28d-3600-all/resolved-c28d-3600-3rd/nsp-n20-d28-r0.10-rp2-fp2-s1,0 1 1 0 0 75 -69,0.0 0.0 0.0 0.0 0.0 0.0 0.0,0.0,0,13062,0 11 124 195 50 865 15,0.0 1.0 0.9318181818181818 0.8944954128440367 0.6756756756756757 0.6171875 0.7304347826086957,110287.14710837603,0,22832,0 1 99 178 42 1355 30,0.0 0.0 0.7424242424242424 0.8165137614678899 0.5675675675675675 1.0 0.8608695652173913,8308.373812032289,0,47944,0 1 31 71 5 636 41,0.0 0.0 0.22727272727272727 0.3256880733944954 0.06756756756756757 0.43828125 0.9565217391304348,2610.511437117655,0,62540,0 1 128 210 61 1182 34,0.0 0.0 0.9621212121212122 0.963302752293578 0.8243243243243243 0.86484375 0.8956521739130435,10676.491395612045,0,53019,0 1 45 110 26 753 9,0.0 0.0 0.3333333333333333 0.5045871559633027 0.35135135135135137 0.5296875 0.6782608695652174,3879.030760301336,0,59586,0 1 59 149 50 1029 28,0.0 0.0 0.4393939393939394 0.6834862385321101 0.6756756756756757 0.7453125 0.8434782608695652,5153.289803299941,0,58003,0 1 31 90 16 594 27,0.0 0.0 0.22727272727272727 0.41284403669724773 0.21621621621621623 0.40546875 0.8347826086956521,2712.0824011548375,0,62251,0 1 26 78 6 612 34,0.0 0.0 0.1893939393939394 0.3577981651376147 0.08108108108108109 0.41953125 0.8956521739130435,2264.93663185903,0,62929,0 1 38 87 19 705 -9,0.0 0.0 0.2803030303030303 0.39908256880733944 0.25675675675675674 0.4921875 0.5217391304347826,3233.2321616437525,0,61450,0 1 21 70 6 536 31,0.0 0.0 0.15151515151515152 0.3211009174311927 0.08108108108108109 0.36015625 0.8695652173913043,1848.8316684082074,0,63630,0 1 66 153 74 1065 14,0.0 0.0 0.49242424242424243 0.7018348623853211 1.0 0.7734375 0.7217391304347827,5734.53340075818,0,57080,0 1 29 78 6 630 46,0.0 0.0 0.21212121212121213 0.3577981651376147 0.08108108108108109 0.43359375 1.0,2492.4543319578443,0,62623,0 1 29 73 5 620 45,0.0 0.0 0.21212121212121213 0.3348623853211009 0.06756756756756757 0.42578125 0.991304347826087,2468.080380137805,0,62730,0 1 18 68 15 496 26,0.0 0.0 0.12878787878787878 0.3119266055045872 0.20270270270270271 0.32890625 0.8260869565217391,1624.190813110167,0,64701,0 1 22 72 6 584 25,0.0 0.0 0.1590909090909091 0.3302752293577982 0.08108108108108109 0.39765625 0.8173913043478261,1934.086382179345,0,63491,0 1 23 88 7 605 46,0.0 0.0 0.16666666666666666 0.4036697247706422 0.0945945945945946 0.4140625 1.0,2084.936475896768,0,63223,0 1 133 218 67 1187 41,0.0 0.0 1.0 1.0 0.9054054054054054 0.86875 0.9565217391304348,11100.184562279672,0,52560,0 1 33 99 13 590 31,0.0 0.0 0.24242424242424243 0.4541284403669725 0.17567567567567569 0.40234375 0.8695652173913043,2900.831434894356,0,61989
resolved-c28d-3600-all/resolved-c28d-3600-3rd/nsp-n20-d28-r0.10-rp2-fp2-s3,0 0 0 0 0 72 -75,0.0 0.0 0.0 0.0 0.0 0.07142857142857142 0.0,0.7142857142857142,0,363,0 0 0 0 0 71 -66,0.0 0.0 0.0 0.0 0.0 0.03571428571428571 0.2647058823529412,0.6218487394957983,0,339,0 0 0 0 0 70 -72,0.0 0.0 0.0 0.0 0.0 0.0 0.08823529411764706,0.08823529411764706,0,378,0 0 0 0 0 98 -41,0.0 0.0 0.0 0.0 0.0 1.0 1.0,11.0,0,118,0 0 0 0 0 98 -41,0.0 0.0 0.0 0.0 0.0 1.0 1.0,11.0,0,118,0 0 0 0 0 98 -41,0.0 0.0 0.0 0.0 0.0 1.0 1.0,11.0,0,118,0 0 0 0 0 98 -41,0.0 0.0 0.0 0.0 0.0 1.0 1.0,11.0,0,118,0 0 0 0 0 98 -41,0.0 0.0 0.0 0.0 0.0 1.0 1.0,11.0,0,118,0 0 0 0 0 98 -41,0.0 0.0 0.0 0.0 0.0 1.0 1.0,11.0,0,118,0 0 0 0 0 98 -41,0.0 0.0 0.0 0.0 0.0 1.0 1.0,11.0,0,118,0 0 0 0 0 98 -41,0.0 0.0 0.0 0.0 0.0 1.0 1.0,11.0,0,118,0 0 0 0 0 98 -41,0.0 0.0 0.0 0.0 0.0 1.0 1.0,11.0,0,118,0 0 0 0 0 98 -41,0.0 0.0 0.0 0.0 0.0 1.0 1.0,11.0,0,118,0 0 0 0 0 98 -41,0.0 0.0 0.0 0.0 0.0 1.0 1.0,11.0,0,118,0 0 0 0 0 98 -41,0.0 0.0 0.0 0.0 0.0 1.0 1.0,11.0,0,118,0 0 0 0 0 98 -41,0.0 0.0 0.0 0.0 0.0 1.0 1.0,11.0,0,118,0 0 0 0 0 98 -41,0.0 0.0 0.0 0.0 0.0 1.0 1.0,11.0,0,118,0 0 0 0 0 98 -41,0.0 0.0 0.0 0.0 0.0 1.0 1.0,11.0,0,118,0 0 0 0 0 98 -41,0.0 0.0 0.0 0.0 0.0 1.0 1.0,11.0,0,118
resolved-c28d-3600-all/resolved-c28d-3600-3rd/nsp-n30-d28-r0.10-rp2-fp2-s0,0 2 2 3 1 210 -54,0.0 0.0 0.0 1.0 1.0 1.0 0.975609756097561,1110.9756097560976,0,8753,0 2 2 0 0 116 -90,0.0 0.0 0.0 0.0 0.0 0.0 0.0975609756097561,0.0975609756097561,0,48096,0 2 2 0 0 128 -94,0.0 0.0 0.0 0.0 0.0 0.1276595744680851 0.0,1.276595744680851,0,48037,0 2 2 0 0 165 -55,0.0 0.0 0.0 0.0 0.0 0.5212765957446809 0.9512195121951219,6.163985469641931,0,46607,0 2 2 0 0 165 -53,0.0 0.0 0.0 0.0 0.0 0.5212765957446809 1.0,6.212765957446809,0,46605,0 2 2 0 0 165 -55,0.0 0.0 0.0 0.0 0.0 0.5212765957446809 0.9512195121951219,6.163985469641931,0,46607,0 2 2 0 0 175 -78,0.0 0.0 0.0 0.0 0.0 0.6276595744680851 0.3902439024390244,6.666839647119875,0,46601,0 2 2 0 0 165 -55,0.0 0.0 0.0 0.0 0.0 0.5212765957446809 0.9512195121951219,6.163985469641931,0,46607,0 2 2 0 0 165 -54,0.0 0.0 0.0 0.0 0.0 0.5212765957446809 0.975609756097561,6.18837571354437,0,46606,0 2 2 0 0 165 -55,0.0 0.0 0.0 0.0 0.0 0.5212765957446809 0.9512195121951219,6.163985469641931,0,46607,0 2 2 0 0 175 -77,0.0 0.0 0.0 0.0 0.0 0.6276595744680851 0.4146341463414634,6.6912298910223145,0,46600,0 2 2 0 0 165 -54,0.0 0.0 0.0 0.0 0.0 0.5212765957446809 0.975609756097561,6.18837571354437,0,46606,0 2 2 0 0 175 -79,0.0 0.0 0.0 0.0 0.0 0.6276595744680851 0.36585365853658536,6.642449403217436,0,46602,0 2 2 0 0 165 -55,0.0 0.0 0.0 0.0 0.0 0.5212765957446809 0.9512195121951219,6.163985469641931,0,46607,0 2 2 0 0 165 -54,0.0 0.0 0.0 0.0 0.0 0.5212765957446809 0.975609756097561,6.18837571354437,0,46606,0 2 2 0 0 175 -80,0.0 0.0 0.0 0.0 0.0 0.6276595744680851 0.34146341463414637,6.618059159314997,0,46603,0 2 2 0 0 165 -54,0.0 0.0 0.0 0.0 0.0 0.5212765957446809 0.975609756097561,6.18837571354437,0,46606,0 2 2 0 0 165 -54,0.0 0.0 0.0 0.0 0.0 0.5212765957446809 0.975609756097561,6.18837571354437,0,46606,0 2 2 0 0 165 -53,0.0 0.0 0.0 0.0 0.0 0.5212765957446809 1.0,6.212765957446809,0,46605
resolved-c28d-3600-all/resolved-c28d-3600-3rd/nsp-n30-d28-r0.10-rp2-fp2-s3,0 2 0 3 0 127 -97,0.0 0.0 0.0 1.0 0.0 0.3181818181818182 0.0,1003.1818181818181,0,5103,0 2 0 2 0 106 -72,0.0 0.0 0.0 0.0 0.0 0.0 0.35714285714285715,0.35714285714285715,0,37488,0 2 0 2 0 129 -41,0.0 0.0 0.0 0.0 0.0 0.3484848484848485 0.8,4.284848484848485,0,37420,0 2 0 2 0 163 -29,0.0 0.0 0.0 0.0 0.0 0.8636363636363636 0.9714285714285714,9.607792207792208,0,47909,0 2 0 2 0 163 -28,0.0 0.0 0.0 0.0 0.0 0.8636363636363636 0.9857142857142858,9.622077922077922,0,47908,0 2 0 2 0 163 -30,0.0 0.0 0.0 0.0 0.0 0.8636363636363636 0.9571428571428572,9.593506493506494,0,47910,0 2 0 2 0 163 -27,0.0 0.0 0.0 0.0 0.0 0.8636363636363636 1.0,9.636363636363637,0,47907,0 2 0 2 0 163 -28,0.0 0.0 0.0 0.0 0.0 0.8636363636363636 0.9857142857142858,9.622077922077922,0,47908,0 2 0 2 0 163 -28,0.0 0.0 0.0 0.0 0.0 0.8636363636363636 0.9857142857142858,9.622077922077922,0,47908,0 2 0 2 0 163 -29,0.0 0.0 0.0 0.0 0.0 0.8636363636363636 0.9714285714285714,9.607792207792208,0,47909,0 2 0 2 0 163 -28,0.0 0.0 0.0 0.0 0.0 0.8636363636363636 0.9857142857142858,9.622077922077922,0,47908,0 2 0 2 0 163 -29,0.0 0.0 0.0 0.0 0.0 0.8636363636363636 0.9714285714285714,9.607792207792208,0,47909,0 2 0 2 0 163 -28,0.0 0.0 0.0 0.0 0.0 0.8636363636363636 0.9857142857142858,9.622077922077922,0,47908,0 2 0 2 0 163 -27,0.0 0.0 0.0 0.0 0.0 0.8636363636363636 1.0,9.636363636363637,0,47907,0 2 0 2 0 163 -30,0.0 0.0 0.0 0.0 0.0 0.8636363636363636 0.9571428571428572,9.593506493506494,0,47910,0 2 0 2 0 163 -28,0.0 0.0 0.0 0.0 0.0 0.8636363636363636 0.9857142857142858,9.622077922077922,0,47908,0 2 0 2 0 172 -82,0.0 0.0 0.0 0.0 0.0 1.0 0.21428571428571427,10.214285714285714,0,47881,0 2 0 2 0 163 -27,0.0 0.0 0.0 0.0 0.0 0.8636363636363636 1.0,9.636363636363637,0,47907,0 2 0 2 0 163 -30,0.0 0.0 0.0 0.0 0.0 0.8636363636363636 0.9571428571428572,9.593506493506494,0,47910
resolved-c28d-3600-all/resolved-c28d-3600-3rd/nsp-n10-d28-r0.10-rp0-fp0-s9,0 0 0 0 0 69 -42,0.0 0.0 0.0 0.0 0.0 0.058823529411764705 0.625,1.2132352941176472,0,245,0 0 0 0 0 68 -42,0.0 0.0 0.0 0.0 0.0 0.0 0.625,0.625,0,275,0 0 0 0 0 68 -47,0.0 0.0 0.0 0.0 0.0 0.0 0.0,0.0,0,274,0 0 0 0 0 85 -39,0.0 0.0 0.0 0.0 0.0 1.0 1.0,11.0,0,204,0 0 0 0 0 85 -39,0.0 0.0 0.0 0.0 0.0 1.0 1.0,11.0,0,204,0 0 0 0 0 85 -39,0.0 0.0 0.0 0.0 0.0 1.0 1.0,11.0,0,204,0 0 0 0 0 85 -39,0.0 0.0 0.0 0.0 0.0 1.0 1.0,11.0,0,204,0 0 0 0 0 85 -39,0.0 0.0 0.0 0.0 0.0 1.0 1.0,11.0,0,204,0 0 0 0 0 85 -39,0.0 0.0 0.0 0.0 0.0 1.0 1.0,11.0,0,204,0 0 0 0 0 85 -39,0.0 0.0 0.0 0.0 0.0 1.0 1.0,11.0,0,204,0 0 0 0 0 85 -39,0.0 0.0 0.0 0.0 0.0 1.0 1.0,11.0,0,204,0 0 0 0 0 85 -39,0.0 0.0 0.0 0.0 0.0 1.0 1.0,11.0,0,204,0 0 0 0 0 85 -39,0.0 0.0 0.0 0.0 0.0 1.0 1.0,11.0,0,204,0 0 0 0 0 85 -39,0.0 0.0 0.0 0.0 0.0 1.0 1.0,11.0,0,204,0 0 0 0 0 85 -39,0.0 0.0 0.0 0.0 0.0 1.0 1.0,11.0,0,204,0 0 0 0 0 85 -39,0.0 0.0 0.0 0.0 0.0 1.0 1.0,11.0,0,204,0 0 0 0 0 85 -39,0.0 0.0 0.0 0.0 0.0 1.0 1.0,11.0,0,204,0 0 0 0 0 85 -39,0.0 0.0 0.0 0.0 0.0 1.0 1.0,11.0,0,204,0 0 0 0 0 85 -39,0.0 0.0 0.0 0.0 0.0 1.0 1.0,11.0,0,204
resolved-c28d-3600-all/resolved-c28d-3600-3rd/nsp-n50-d28-r0.10-rp2-fp2-s1,0 0 96 2828 4 1850 -125,0.0 0.0 1.0 1.0 1.0 1.0 0.9523809523809523,11110.952380952382,0,4576,0 0 2 2 0 288 -142,0.0 0.0 0.0 0.0 0.0 0.0 0.14285714285714285,0.14285714285714285,0,7632,0 0 2 2 0 308 -145,0.0 0.0 0.0 0.0 0.0 0.012804097311139564 0.0,0.12804097311139565,0,7606,0 0 2 2 0 467 -124,0.0 0.0 0.0 0.0 0.0 0.11459667093469911 1.0,2.145966709346991,0,8535,0 0 2 2 0 467 -124,0.0 0.0 0.0 0.0 0.0 0.11459667093469911 1.0,2.145966709346991,0,8535,0 0 2 2 0 467 -124,0.0 0.0 0.0 0.0 0.0 0.11459667093469911 1.0,2.145966709346991,0,8535,0 0 2 2 0 467 -124,0.0 0.0 0.0 0.0 0.0 0.11459667093469911 1.0,2.145966709346991,0,8535,0 0 2 2 0 467 -124,0.0 0.0 0.0 0.0 0.0 0.11459667093469911 1.0,2.145966709346991,0,8535,0 0 2 2 0 467 -124,0.0 0.0 0.0 0.0 0.0 0.11459667093469911 1.0,2.145966709346991,0,8535,0 0 2 2 0 467 -124,0.0 0.0 0.0 0.0 0.0 0.11459667093469911 1.0,2.145966709346991,0,8535,0 0 2 2 0 467 -124,0.0 0.0 0.0 0.0 0.0 0.11459667093469911 1.0,2.145966709346991,0,8535,0 0 2 2 0 467 -124,0.0 0.0 0.0 0.0 0.0 0.11459667093469911 1.0,2.145966709346991,0,8535,0 0 2 2 0 467 -124,0.0 0.0 0.0 0.0 0.0 0.11459667093469911 1.0,2.145966709346991,0,8535,0 0 2 2 0 467 -124,0.0 0.0 0.0 0.0 0.0 0.11459667093469911 1.0,2.145966709346991,0,8535,0 0 2 2 0 467 -124,0.0 0.0 0.0 0.0 0.0 0.11459667093469911 1.0,2.145966709346991,0,8535,0 0 2 2 0 467 -124,0.0 0.0 0.0 0.0 0.0 0.11459667093469911 1.0,2.145966709346991,0,8535,0 0 2 2 0 467 -124,0.0 0.0 0.0 0.0 0.0 0.11459667093469911 1.0,2.145966709346991,0,8535,0 0 2 2 0 467 -124,0.0 0.0 0.0 0.0 0.0 0.11459667093469911 1.0,2.145966709346991,0,8535,0 0 2 2 0 467 -124,0.0 0.0 0.0 0.0 0.0 0.11459667093469911 1.0,2.145966709346991,0,8535
resolved-c28d-3600-all/resolved-c28d-3600-3rd/nsp-n20-d28-r0.10-rp2-fp2-s7,0 0 0 0 0 45 -95,0.0 0.0 0.0 0.0 0.0 0.0 0.0,0.0,0,393,0 0 0 0 0 45 -81,0.0 0.0 0.0 0.0 0.0 0.0 0.23728813559322035,0.23728813559322035,0,334,0 0 0 0 0 45 -83,0.0 0.0 0.0 0.0 0.0 0.0 0.2033898305084746,0.2033898305084746,0,338,0 0 0 0 0 58 -36,0.0 0.0 0.0 0.0 0.0 1.0 1.0,11.0,0,120,0 0 0 0 0 58 -36,0.0 0.0 0.0 0.0 0.0 1.0 1.0,11.0,0,120,0 0 0 0 0 58 -36,0.0 0.0 0.0 0.0 0.0 1.0 1.0,11.0,0,120,0 0 0 0 0 58 -36,0.0 0.0 0.0 0.0 0.0 1.0 1.0,11.0,0,120,0 0 0 0 0 58 -36,0.0 0.0 0.0 0.0 0.0 1.0 1.0,11.0,0,120,0 0 0 0 0 58 -36,0.0 0.0 0.0 0.0 0.0 1.0 1.0,11.0,0,120,0 0 0 0 0 58 -36,0.0 0.0 0.0 0.0 0.0 1.0 1.0,11.0,0,120,0 0 0 0 0 58 -36,0.0 0.0 0.0 0.0 0.0 1.0 1.0,11.0,0,120,0 0 0 0 0 58 -36,0.0 0.0 0.0 0.0 0.0 1.0 1.0,11.0,0,120,0 0 0 0 0 58 -36,0.0 0.0 0.0 0.0 0.0 1.0 1.0,11.0,0,120,0 0 0 0 0 58 -36,0.0 0.0 0.0 0.0 0.0 1.0 1.0,11.0,0,120,0 0 0 0 0 58 -36,0.0 0.0 0.0 0.0 0.0 1.0 1.0,11.0,0,120,0 0 0 0 0 58 -36,0.0 0.0 0.0 0.0 0.0 1.0 1.0,11.0,0,120,0 0 0 0 0 58 -36,0.0 0.0 0.0 0.0 0.0 1.0 1.0,11.0,0,120,0 0 0 0 0 58 -36,0.0 0.0 0.0 0.0 0.0 1.0 1.0,11.0,0,120,0 0 0 0 0 58 -36,0.0 0.0 0.0 0.0 0.0 1.0 1.0,11.0,0,120
resolved-c28d-3600-all/resolved-c28d-3600-3rd/nsp-n40-d28-r0.10-rp2-fp2-s8,0 0 0 0 0 174 -209,0.0 0.0 0.0 0.0 0.0 0.06060606060606061 0.0,0.6060606060606061,0,711,0 0 0 0 0 164 -179,0.0 0.0 0.0 0.0 0.0 0.0 0.26548672566371684,0.26548672566371684,0,674,0 0 0 0 0 192 -159,0.0 0.0 0.0 0.0 0.0 0.1696969696969697 0.4424778761061947,2.1394475730758917,0,530,0 0 0 0 0 329 -158,0.0 0.0 0.0 0.0 0.0 1.0 0.45132743362831856,10.451327433628318,0,217,0 0 0 0 0 329 -158,0.0 0.0 0.0 0.0 0.0 1.0 0.45132743362831856,10.451327433628318,0,217,0 0 0 0 0 329 -158,0.0 0.0 0.0 0.0 0.0 1.0 0.45132743362831856,10.451327433628318,0,217,0 0 0 0 0 329 -158,0.0 0.0 0.0 0.0 0.0 1.0 0.45132743362831856,10.451327433628318,0,217,0 0 0 0 0 308 -96,0.0 0.0 0.0 0.0 0.0 0.8727272727272727 1.0,9.727272727272727,0,220,0 0 0 0 0 329 -158,0.0 0.0 0.0 0.0 0.0 1.0 0.45132743362831856,10.451327433628318,0,217,0 0 0 0 0 308 -96,0.0 0.0 0.0 0.0 0.0 0.8727272727272727 1.0,9.727272727272727,0,220,0 0 0 0 0 329 -158,0.0 0.0 0.0 0.0 0.0 1.0 0.45132743362831856,10.451327433628318,0,217,0 0 0 0 0 329 -158,0.0 0.0 0.0 0.0 0.0 1.0 0.45132743362831856,10.451327433628318,0,217,0 0 0 0 0 329 -158,0.0 0.0 0.0 0.0 0.0 1.0 0.45132743362831856,10.451327433628318,0,217,0 0 0 0 0 329 -158,0.0 0.0 0.0 0.0 0.0 1.0 0.45132743362831856,10.451327433628318,0,217,0 0 0 0 0 329 -158,0.0 0.0 0.0 0.0 0.0 1.0 0.45132743362831856,10.451327433628318,0,217,0 0 0 0 0 329 -158,0.0 0.0 0.0 0.0 0.0 1.0 0.45132743362831856,10.451327433628318,0,217,0 0 0 0 0 329 -158,0.0 0.0 0.0 0.0 0.0 1.0 0.45132743362831856,10.451327433628318,0,217,0 0 0 0 0 308 -96,0.0 0.0 0.0 0.0 0.0 0.8727272727272727 1.0,9.727272727272727,0,220,0 0 0 0 0 329 -158,0.0 0.0 0.0 0.0 0.0 1.0 0.45132743362831856,10.451327433628318,0,217
resolved-c28d-3600-all/resolved-c28d-3600-3rd/nsp-n10-d28-r0.10-rp0-fp0-s6,0 1 2 0 0 76 -37,0.0 0.0 0.0 0.0 0.0 0.0 0.0,0.0,0,13760,0 1 2 0 0 76 -36,0.0 0.0 0.0 0.0 0.0 0.0 0.06666666666666667,0.06666666666666667,0,13962,0 1 2 0 0 76 -36,0.0 0.0 0.0 0.0 0.0 0.0 0.06666666666666667,0.06666666666666667,0,13965,0 1 2 0 0 95 -25,0.0 0.0 0.0 0.0 0.0 1.0 0.8,10.8,0,16200,0 1 2 0 0 95 -23,0.0 0.0 0.0 0.0 0.0 1.0 0.9333333333333333,10.933333333333334,0,16198,0 1 2 0 0 95 -23,0.0 0.0 0.0 0.0 0.0 1.0 0.9333333333333333,10.933333333333334,0,16198,0 1 2 0 0 95 -22,0.0 0.0 0.0 0.0 0.0 1.0 1.0,11.0,0,16197,0 1 2 0 0 95 -22,0.0 0.0 0.0 0.0 0.0 1.0 1.0,11.0,0,16197,0 1 2 0 0 95 -22,0.0 0.0 0.0 0.0 0.0 1.0 1.0,11.0,0,16197,0 1 2 0 0 95 -22,0.0 0.0 0.0 0.0 0.0 1.0 1.0,11.0,0,16197,0 1 2 0 0 95 -22,0.0 0.0 0.0 0.0 0.0 1.0 1.0,11.0,0,16197,0 1 2 0 0 95 -24,0.0 0.0 0.0 0.0 0.0 1.0 0.8666666666666667,10.866666666666667,0,16199,0 1 2 0 0 95 -22,0.0 0.0 0.0 0.0 0.0 1.0 1.0,11.0,0,16197,0 1 2 0 0 95 -25,0.0 0.0 0.0 0.0 0.0 1.0 0.8,10.8,0,16200,0 1 2 0 0 95 -22,0.0 0.0 0.0 0.0 0.0 1.0 1.0,11.0,0,16197,0 1 2 0 0 95 -23,0.0 0.0 0.0 0.0 0.0 1.0 0.9333333333333333,10.933333333333334,0,16198,0 1 2 0 0 95 -23,0.0 0.0 0.0 0.0 0.0 1.0 0.9333333333333333,10.933333333333334,0,16198,0 1 2 0 0 95 -23,0.0 0.0 0.0 0.0 0.0 1.0 0.9333333333333333,10.933333333333334,0,16198,0 1 2 0 0 95 -22,0.0 0.0 0.0 0.0 0.0 1.0 1.0,11.0,0,16197
resolved-c28d-3600-all/resolved-c28d-3600-3rd/nsp-n40-d28-r0.10-rp2-fp2-s4,0 3 36 228 8 768 -110,0.0 0.0 0.1188118811881188 0.5861182519280206 0.10810810810810811 0.22660294703305456 0.30319148936170215,1787.6170955797118,0,5101,0 3 36 49 2 810 -107,0.0 0.0 0.1188118811881188 0.12596401028277635 0.02702702702702703 0.24332935085623258 0.3191489361702128,1319.5379673113996,0,5324,0 3 0 0 0 199 -167,0.0 0.0 0.0 0.0 0.0 0.0 0.0,0.0,0,16507,0 3 1 320 50 1301 -16,0.0 0.0 0.0033003300330033004 0.8226221079691517 0.6756756756756757 0.43886897650338513 0.8031914893617021,928.3848571211478,0,45081,0 3 0 348 57 1404 -29,0.0 0.0 0.0 0.8946015424164524 0.7702702702702703 0.47988849064117883 0.7340425531914894,977.1614969030827,0,45098,0 3 0 233 38 1253 -5,0.0 0.0 0.0 0.5989717223650386 0.5135135135135135 0.41975308641975306 0.8617021276595744,655.382306708247,0,45243,0 3 3 307 29 1368 5,0.0 0.0 0.009900990099009901 0.7892030848329049 0.3918918918918919 0.4655515730784548 0.9148936170212766,932.9725843599989,0,44866,0 3 9 175 20 1219 21,0.0 0.0 0.0297029702970297 0.4498714652956298 0.2702702702702703 0.4062126642771804 1.0,778.9903219357257,0,44641,0 3 34 315 28 1457 7,0.0 0.0 0.11221122112211221 0.8097686375321337 0.3783783783783784 0.5009956192751892 0.925531914893617,1975.654174698739,0,44353,0 3 0 178 41 1251 -8,0.0 0.0 0.0 0.45758354755784064 0.5540540540540541 0.41895659099960175 0.8457446808510638,518.0242635540931,0,45312,0 3 2 303 35 1289 -29,0.0 0.0 0.006600660066006601 0.7789203084832905 0.47297297297297297 0.4340900039824771 0.7340425531914894,897.2991490336701,0,45033,0 3 10 255 25 1479 -7,0.0 0.0 0.033003300330033 0.6555269922879178 0.33783783783783783 0.5097570688968538 0.851063829787234,1025.2924138907874,0,44539,0 3 10 223 29 1445 15,0.0 0.0 0.033003300330033 0.5732647814910026 0.3918918918918919 0.4962166467542812 0.9680851063829787,948.4172255544476,0,44595,0 3 3 307 29 1368 5,0.0 0.0 0.009900990099009901 0.7892030848329049 0.3918918918918919 0.4655515730784548 0.9148936170212766,932.9725843599989,0,44866,0 3 50 389 53 1619 -27,0.0 0.0 0.16501650165016502 1.0 0.7162162162162162 0.5655117483074472 0.7446808510638298,2728.18643645741,0,43650,0 3 303 386 74 2710 3,0.0 0.0 1.0 0.9922879177377892 1.0 1.0 0.9042553191489362,11103.192173056937,0,40257,0 3 4 300 36 1401 0,0.0 0.0 0.013201320132013201 0.7712082262210797 0.4864864864864865 0.47869374751095184 0.8882978723404256,957.5453115373102,0,44806,0 3 45 379 48 1884 -36,0.0 0.0 0.1485148514851485 0.974293059125964 0.6486486486486487 0.671047391477499 0.6968085106382979,2531.713721267727,0,43879,0 3 0 253 40 1262 -6,0.0 0.0 0.0 0.6503856041131105 0.5405405405405406 0.4233373158104341 0.8563829787234043,709.5294143039923,0,45207
resolved-c28d-3600-all/resolved-c28d-3600-3rd/nsp-n10-d28-r0.10-rp0-fp0-s8,0 1 0 2 0 80 -35,0.0 0.0 0.0 0.0 0.0 0.11764705882352941 0.0,1.1764705882352942,0,36392,0 1 0 2 0 83 -29,0.0 0.0 0.0 0.0 0.0 0.29411764705882354 0.6666666666666666,3.607843137254902,0,36345,0 1 0 2 0 78 -35,0.0 0.0 0.0 0.0 0.0 0.0 0.0,0.0,0,36373,0 1 0 2 0 95 -26,0.0 0.0 0.0 0.0 0.0 1.0 1.0,11.0,0,36467,0 1 0 2 0 95 -26,0.0 0.0 0.0 0.0 0.0 1.0 1.0,11.0,0,36467,0 1 0 2 0 95 -26,0.0 0.0 0.0 0.0 0.0 1.0 1.0,11.0,0,36467,0 1 0 2 0 95 -26,0.0 0.0 0.0 0.0 0.0 1.0 1.0,11.0,0,36467,0 1 0 2 0 95 -26,0.0 0.0 0.0 0.0 0.0 1.0 1.0,11.0,0,36467,0 1 0 2 0 95 -26,0.0 0.0 0.0 0.0 0.0 1.0 1.0,11.0,0,36467,0 1 0 2 0 95 -26,0.0 0.0 0.0 0.0 0.0 1.0 1.0,11.0,0,36467,0 1 0 2 0 95 -26,0.0 0.0 0.0 0.0 0.0 1.0 1.0,11.0,0,36467,0 1 0 2 0 95 -26,0.0 0.0 0.0 0.0 0.0 1.0 1.0,11.0,0,36467,0 1 0 2 0 95 -26,0.0 0.0 0.0 0.0 0.0 1.0 1.0,11.0,0,36467,0 1 0 2 0 95 -26,0.0 0.0 0.0 0.0 0.0 1.0 1.0,11.0,0,36467,0 1 0 2 0 95 -26,0.0 0.0 0.0 0.0 0.0 1.0 1.0,11.0,0,36467,0 1 0 2 0 95 -26,0.0 0.0 0.0 0.0 0.0 1.0 1.0,11.0,0,36467,0 1 0 2 0 95 -26,0.0 0.0 0.0 0.0 0.0 1.0 1.0,11.0,0,36467,0 1 0 2 0 95 -26,0.0 0.0 0.0 0.0 0.0 1.0 1.0,11.0,0,36467,0 1 0 2 0 95 -26,0.0 0.0 0.0 0.0 0.0 1.0 1.0,11.0,0,36467
resolved-c28d-3600-all/resolved-c28d-3600-3rd/nsp-n50-d28-r0.10-rp2-fp2-s6,0 2 12 128 2 710 -146,0.0 0.0 1.0 1.0 1.0 1.0 0.9473684210526315,11110.947368421053,0,5501,0 2 2 0 0 288 -146,0.0 0.0 0.0 0.0 0.0 0.0 0.9473684210526315,0.9473684210526315,0,25248,0 2 2 0 0 353 -145,0.0 0.0 0.0 0.0 0.0 0.15402843601895735 1.0,2.5402843601895735,0,25212,0 2 2 0 0 326 -163,0.0 0.0 0.0 0.0 0.0 0.09004739336492891 0.05263157894736842,0.9531055125966574,0,19620,0 2 2 0 0 326 -164,0.0 0.0 0.0 0.0 0.0 0.09004739336492891 0.0,0.9004739336492891,0,19621,0 2 2 0 0 326 -164,0.0 0.0 0.0 0.0 0.0 0.09004739336492891 0.0,0.9004739336492891,0,19621,0 2 2 0 0 326 -163,0.0 0.0 0.0 0.0 0.0 0.09004739336492891 0.05263157894736842,0.9531055125966574,0,19620,0 2 2 0 0 326 -164,0.0 0.0 0.0 0.0 0.0 0.09004739336492891 0.0,0.9004739336492891,0,19621,0 2 2 0 0 326 -162,0.0 0.0 0.0 0.0 0.0 0.09004739336492891 0.10526315789473684,1.005737091544026,0,19619,0 2 2 0 0 326 -164,0.0 0.0 0.0 0.0 0.0 0.09004739336492891 0.0,0.9004739336492891,0,19621,0 2 2 0 0 326 -163,0.0 0.0 0.0 0.0 0.0 0.09004739336492891 0.05263157894736842,0.9531055125966574,0,19620,0 2 2 0 0 326 -164,0.0 0.0 0.0 0.0 0.0 0.09004739336492891 0.0,0.9004739336492891,0,19621,0 2 2 0 0 326 -163,0.0 0.0 0.0 0.0 0.0 0.09004739336492891 0.05263157894736842,0.9531055125966574,0,19620,0 2 2 0 0 326 -164,0.0 0.0 0.0 0.0 0.0 0.09004739336492891 0.0,0.9004739336492891,0,19621,0 2 2 0 0 326 -163,0.0 0.0 0.0 0.0 0.0 0.09004739336492891 0.05263157894736842,0.9531055125966574,0,19620,0 2 2 0 0 326 -163,0.0 0.0 0.0 0.0 0.0 0.09004739336492891 0.05263157894736842,0.9531055125966574,0,19620,0 2 2 0 0 326 -164,0.0 0.0 0.0 0.0 0.0 0.09004739336492891 0.0,0.9004739336492891,0,19621,0 2 2 0 0 326 -164,0.0 0.0 0.0 0.0 0.0 0.09004739336492891 0.0,0.9004739336492891,0,19621,0 2 2 0 0 326 -164,0.0 0.0 0.0 0.0 0.0 0.09004739336492891 0.0,0.9004739336492891,0,19621
resolved-c28d-3600-all/resolved-c28d-3600-3rd/nsp-n40-d28-r0.10-rp2-fp2-s5,1 24 180 147 28 1627 -41,1.0 0.0 0.0 0.0 0.0 0.002613240418118467 0.0,1000000.0261324042,0,18695,1 122 395 325 60 2772 -13,1.0 0.2168141592920354 0.2606060606060606 0.19888268156424582 0.25806451612903225 1.0 0.3218390804597701,1024522.4875075218,0,17404,1 248 637 397 111 2572 -5,1.0 0.49557522123893805 0.553939393939394 0.27932960893854747 0.6693548387096774 0.8257839721254355 0.41379310344827586,1055451.852788922,0,13755,0 460 1000 1042 128 1850 12,0.0 0.9646017699115044 0.9939393939393939 1.0 0.8064516129032258 0.19686411149825783 0.6091954022988506,107482.79392835198,0,28523,0 460 1001 935 151 1773 4,0.0 0.9646017699115044 0.9951515151515151 0.8804469273743016 0.9919354838709677 0.1297909407665505 0.5172413793103449,107393.14776921396,0,28495,0 460 1001 935 151 1773 4,0.0 0.9646017699115044 0.9951515151515151 0.8804469273743016 0.9919354838709677 0.1297909407665505 0.5172413793103449,107393.14776921396,0,28495,0 461 1001 940 151 1771 1,0.0 0.9668141592920354 0.9951515151515151 0.8860335195530726 0.9919354838709677 0.12804878048780488 0.4827586206896552,107619.92139508444,0,28451,0 460 1005 937 151 1768 4,0.0 0.9646017699115044 1.0 0.88268156424581 0.9919354838709677 0.1254355400696864 0.5172413793103449,107443.82370056336,0,28487,0 475 925 884 152 1624 46,0.0 0.9977876106194691 0.9030303030303031 0.823463687150838 1.0 0.0 1.0,109733.52777940077,0,27631,0 460 1001 935 151 1773 4,0.0 0.9646017699115044 0.9951515151515151 0.8804469273743016 0.9919354838709677 0.1297909407665505 0.5172413793103449,107393.14776921396,0,28495,0 464 886 916 134 1727 20,0.0 0.9734513274336283 0.8557575757575757 0.8592178770949721 0.8548387096774194 0.0897212543554007 0.7011494252873564,106849.00861097015,0,28282,0 464 880 951 147 1684 12,0.0 0.9734513274336283 0.8484848484848485 0.8983240223463688 0.9596774193548387 0.05226480836236934 0.6091954022988506,106825.40483597909,0,28351,0 460 1001 935 151 1773 4,0.0 0.9646017699115044 0.9951515151515151 0.8804469273743016 0.9919354838709677 0.1297909407665505 0.5172413793103449,107393.14776921396,0,28495,0 476 925 884 152 1625 45,0.0 1.0 0.9030303030303031 0.823463687150838 1.0 0.0008710801393728223 0.9885057471264368,109954.76393400239,0,27613,0 464 880 951 147 1684 12,0.0 0.9734513274336283 0.8484848484848485 0.8983240223463688 0.9596774193548387 0.05226480836236934 0.6091954022988506,106825.40483597909,0,28351,0 475 925 884 152 1624 46,0.0 0.9977876106194691 0.9030303030303031 0.823463687150838 1.0 0.0 1.0,109733.52777940077,0,27631,0 464 886 916 134 1727 20,0.0 0.9734513274336283 0.8557575757575757 0.8592178770949721 0.8548387096774194 0.0897212543554007 0.7011494252873564,106849.00861097015,0,28282,0 464 880 951 147 1684 12,0.0 0.9734513274336283 0.8484848484848485 0.8983240223463688 0.9596774193548387 0.05226480836236934 0.6091954022988506,106825.40483597909,0,28351,0 464 880 951 147 1684 12,0.0 0.9734513274336283 0.8484848484848485 0.8983240223463688 0.9596774193548387 0.05226480836236934 0.6091954022988506,106825.40483597909,0,28351
resolved-c28d-3600-all/resolved-c28d-3600-3rd/nsp-n20-d28-r0.10-rp2-fp2-s0,0 0 0 0 0 53 -96,0.0 0.0 0.0 0.0 0.0 0.058823529411764705 0.0,0.5882352941176471,0,333,0 0 0 0 0 52 -87,0.0 0.0 0.0 0.0 0.0 0.0 0.21428571428571427,0.21428571428571427,0,267,0 0 0 0 0 55 -84,0.0 0.0 0.0 0.0 0.0 0.17647058823529413 0.2857142857142857,2.050420168067227,0,238,0 0 0 0 0 69 -54,0.0 0.0 0.0 0.0 0.0 1.0 1.0,11.0,0,166,0 0 0 0 0 69 -54,0.0 0.0 0.0 0.0 0.0 1.0 1.0,11.0,0,166,0 0 0 0 0 69 -54,0.0 0.0 0.0 0.0 0.0 1.0 1.0,11.0,0,166,0 0 0 0 0 69 -54,0.0 0.0 0.0 0.0 0.0 1.0 1.0,11.0,0,166,0 0 0 0 0 69 -54,0.0 0.0 0.0 0.0 0.0 1.0 1.0,11.0,0,166,0 0 0 0 0 69 -54,0.0 0.0 0.0 0.0 0.0 1.0 1.0,11.0,0,166,0 0 0 0 0 69 -54,0.0 0.0 0.0 0.0 0.0 1.0 1.0,11.0,0,166,0 0 0 0 0 69 -54,0.0 0.0 0.0 0.0 0.0 1.0 1.0,11.0,0,166,0 0 0 0 0 69 -54,0.0 0.0 0.0 0.0 0.0 1.0 1.0,11.0,0,166,0 0 0 0 0 69 -54,0.0 0.0 0.0 0.0 0.0 1.0 1.0,11.0,0,166,0 0 0 0 0 69 -54,0.0 0.0 0.0 0.0 0.0 1.0 1.0,11.0,0,166,0 0 0 0 0 69 -54,0.0 0.0 0.0 0.0 0.0 1.0 1.0,11.0,0,166,0 0 0 0 0 69 -54,0.0 0.0 0.0 0.0 0.0 1.0 1.0,11.0,0,166,0 0 0 0 0 69 -54,0.0 0.0 0.0 0.0 0.0 1.0 1.0,11.0,0,166,0 0 0 0 0 69 -54,0.0 0.0 0.0 0.0 0.0 1.0 1.0,11.0,0,166,0 0 0 0 0 69 -54,0.0 0.0 0.0 0.0 0.0 1.0 1.0,11.0,0,166
resolved-c28d-3600-all/resolved-c28d-3600-3rd/nsp-n10-d28-r0.10-rp0-fp0-s1,0 1 0 0 0 64 -41,0.0 0.0 0.0 0.0 0.0 0.0 0.23076923076923078,0.23076923076923078,0,37445,0 1 0 0 0 66 -38,0.0 0.0 0.0 0.0 0.0 0.08 0.34615384615384615,1.146153846153846,0,37443,0 1 0 0 0 67 -47,0.0 0.0 0.0 0.0 0.0 0.12 0.0,1.2,0,37372,0 1 0 0 0 89 -24,0.0 0.0 0.0 0.0 0.0 1.0 0.8846153846153846,10.884615384615385,0,37151,0 1 0 0 0 89 -24,0.0 0.0 0.0 0.0 0.0 1.0 0.8846153846153846,10.884615384615385,0,37151,0 1 0 0 0 89 -24,0.0 0.0 0.0 0.0 0.0 1.0 0.8846153846153846,10.884615384615385,0,37151,0 1 0 0 0 89 -21,0.0 0.0 0.0 0.0 0.0 1.0 1.0,11.0,0,37150,0 1 0 0 0 89 -24,0.0 0.0 0.0 0.0 0.0 1.0 0.8846153846153846,10.884615384615385,0,37151,0 1 0 0 0 89 -21,0.0 0.0 0.0 0.0 0.0 1.0 1.0,11.0,0,37150,0 1 0 0 0 89 -24,0.0 0.0 0.0 0.0 0.0 1.0 0.8846153846153846,10.884615384615385,0,37151,0 1 0 0 0 89 -21,0.0 0.0 0.0 0.0 0.0 1.0 1.0,11.0,0,37150,0 1 0 0 0 89 -21,0.0 0.0 0.0 0.0 0.0 1.0 1.0,11.0,0,37150,0 1 0 0 0 89 -21,0.0 0.0 0.0 0.0 0.0 1.0 1.0,11.0,0,37150,0 1 0 0 0 89 -21,0.0 0.0 0.0 0.0 0.0 1.0 1.0,11.0,0,37150,0 1 0 0 0 89 -21,0.0 0.0 0.0 0.0 0.0 1.0 1.0,11.0,0,37150,0 1 0 0 0 89 -24,0.0 0.0 0.0 0.0 0.0 1.0 0.8846153846153846,10.884615384615385,0,37151,0 1 0 0 0 89 -21,0.0 0.0 0.0 0.0 0.0 1.0 1.0,11.0,0,37150,0 1 0 0 0 89 -24,0.0 0.0 0.0 0.0 0.0 1.0 0.8846153846153846,10.884615384615385,0,37151,0 1 0 0 0 89 -24,0.0 0.0 0.0 0.0 0.0 1.0 0.8846153846153846,10.884615384615385,0,37151
resolved-c28d-3600-all/resolved-c28d-3600-3rd/nsp-n30-d28-r0.10-rp2-fp2-s6,0 24 12 3 0 209 -94,0.0 0.046511627906976744 0.0 0.0 0.0 0.0 0.0,4651.162790697675,0,16114,0 70 229 336 37 1258 17,0.0 0.26046511627906976 0.1954954954954955 0.5178849144634525 0.1522633744855967 0.3127608825283244 0.8538461538461538,28538.559289753073,0,13875,0 229 323 469 58 1076 26,0.0 1.0 0.2801801801801802 0.7247278382581649 0.23868312757201646 0.2584973166368515 0.9230769230769231,103553.90600290662,0,17285,0 23 1067 615 208 3501 30,0.0 0.04186046511627907 0.9504504504504504 0.9517884914463453 0.8559670781893004 0.9815146094215862 0.9538461538461539,14738.705207645748,0,26251,0 25 1044 612 192 3549 31,0.0 0.05116279069767442 0.9297297297297298 0.9471228615863142 0.7901234567901234 0.9958258795468098 0.9615384615384616,15450.631371587073,0,25901,0 24 1053 597 194 3481 34,0.0 0.046511627906976744 0.9378378378378378 0.9237947122861586 0.7983539094650206 0.975551580202743 0.9846153846153847,15043.911403495356,0,26021,0 21 1023 588 211 3526 30,0.0 0.03255813953488372 0.9108108108108108 0.9097978227060654 0.8683127572016461 0.9889683959451401 0.9538461538461539,13371.394690136009,0,26887,0 32 1090 646 237 3559 34,0.0 0.08372093023255814 0.9711711711711711 1.0 0.9753086419753086 0.9988073941562313 0.9846153846153847,19192.308288491233,0,24792,0 32 1090 638 237 3563 33,0.0 0.08372093023255814 0.9711711711711711 0.9875583203732504 0.9753086419753086 1.0 0.9769230769230769,19179.870842615226,0,24808,0 23 1122 619 209 3509 31,0.0 0.04186046511627907 1.0 0.9580093312597201 0.8600823045267489 0.9838998211091234 0.9615384615384616,15240.864610012932,0,26167,0 15 1046 639 243 3490 24,0.0 0.004651162790697674 0.9315315315315316 0.9891135303265941 1.0 0.9782349433512224 0.9076923076923077,10880.235166452881,0,27934,0 21 1019 589 211 3526 28,0.0 0.03255813953488372 0.9072072072072072 0.911353032659409 0.8683127572016461 0.9889683959451401 0.9384615384615385,13336.89847943793,0,26910,0 15 1047 633 236 3491 35,0.0 0.004651162790697674 0.9324324324324325 0.9797822706065319 0.9711934156378601 0.9785330948121646 0.9923076923076923,10877.11985420484,0,27836,0 14 1007 590 224 3418 32,0.0 0.0 0.8963963963963963 0.9129082426127527 0.9218106995884774 0.956768038163387 0.9692307692307692,9979.590187686428,0,28329,0 22 1023 588 213 3508 19,0.0 0.037209302325581395 0.9108108108108108 0.9097978227060654 0.8765432098765432 0.9836016696481813 0.8692307692307693,13837.19573182568,0,26767,0 16 1047 635 238 3490 36,0.0 0.009302325581395349 0.9324324324324325 0.9828926905132193 0.9794238683127572 0.9782349433512224 1.0,11346.174309241867,0,27783,0 14 1033 640 233 3450 31,0.0 0.0 0.9198198198198199 0.9906687402799378 0.9588477366255144 0.9663088849135361 0.9615384615384616,10295.376339451363,0,28059,0 23 1048 598 213 3474 21,0.0 0.04186046511627907 0.9333333333333333 0.9253499222395023 0.8765432098765432 0.9734645199761479 0.8846153846153846,14543.003348772774,0,26542,0 21 1017 612 231 3497 29,0.0 0.03255813953488372 0.9054054054054054 0.9471228615863142 0.9506172839506173 0.9803220035778175 0.9461538461538461,13362.801971405734,0,26990
resolved-c28d-3600-all/resolved-c28d-3600-3rd/nsp-n20-d28-r0.10-rp2-fp2-s5,0 1 4 1 0 71 -38,0.0 0.0 0.0 0.0 0.0 0.0 0.0,0.0,0,4042,0 1 19 51 1 394 13,0.0 0.0 0.13761467889908258 0.31645569620253167 0.0136986301369863 0.3569060773480663 0.5257731958762887,1698.067182176413,0,86673,0 1 9 28 0 318 10,0.0 0.0 0.045871559633027525 0.17088607594936708 0.0 0.2729281767955801 0.4948453608247423,632.8257994084229,0,92842,0 1 66 123 43 943 23,0.0 0.0 0.5688073394495413 0.7721518987341772 0.589041095890411 0.96353591160221 0.6288659793814433,6529.393627914035,0,89609,0 1 64 52 17 803 46,0.0 0.0 0.5504587155963303 0.3227848101265823 0.2328767123287671 0.8088397790055248 0.865979381443299,5859.614014494261,0,93652,0 1 66 118 46 914 25,0.0 0.0 0.5688073394495413 0.740506329113924 0.6301369863013698 0.9314917127071823 0.6494845360824743,6501.557823902629,0,89878,0 1 66 117 46 917 26,0.0 0.0 0.5688073394495413 0.7341772151898734 0.6301369863013698 0.9348066298342541 0.6597938144329897,6495.2721684282,0,89984,0 1 62 52 16 730 38,0.0 0.0 0.5321100917431193 0.3227848101265823 0.2191780821917808 0.7281767955801105 0.7835051546391752,5673.868808887393,0,94037,0 1 58 70 7 639 36,0.0 0.0 0.4954128440366973 0.43670886075949367 0.0958904109589041 0.6276243093922652 0.7628865979381443,5407.465471914217,0,95374,0 1 80 155 29 917 46,0.0 0.0 0.6972477064220184 0.9746835443037974 0.3972602739726027 0.9348066298342541 0.865979381443299,7997.100681601028,0,84525,0 1 43 113 14 670 40,0.0 0.0 0.3577981651376147 0.7088607594936709 0.1917808219178082 0.661878453038674 0.8041237113402062,4313.443401303326,0,95761,0 1 62 40 6 654 15,0.0 0.0 0.5321100917431193 0.2468354430379747 0.0821917808219178 0.6441988950276243 0.5463917525773195,5583.143919254213,0,94485,0 1 105 149 73 953 59,0.0 0.0 0.926605504587156 0.9367088607594937 1.0 0.974585635359116 1.0,10313.509762984644,0,79849,0 1 113 159 65 976 34,0.0 0.0 1.0 1.0 0.8904109589041096 1.0 0.7422680412371134,11099.783363931649,0,76583,0 1 50 75 7 640 43,0.0 0.0 0.42201834862385323 0.46835443037974683 0.0958904109589041 0.6287292817679558 0.8350515463917526,4705.24930207824,0,95505,0 1 60 45 4 648 18,0.0 0.0 0.5137614678899083 0.27848101265822783 0.0547945205479452 0.6375690607734806 0.5773195876288659,5428.528153807469,0,94900,0 1 60 45 3 635 13,0.0 0.0 0.5137614678899083 0.27848101265822783 0.0410958904109589 0.6232044198895028 0.5257731958762887,5426.963097993178,0,95097,0 1 41 65 11 475 16,0.0 0.0 0.3394495412844037 0.4050632911392405 0.1506849315068493 0.44640883977900553 0.5567010309278351,3819.64798656268,0,97099,0 1 62 42 10 698 28,0.0 0.0 0.5321100917431193 0.25949367088607594 0.136986301369863 0.6928176795580111 0.6804123711340206,5601.9018076209695,0,94352
resolved-c28d-3600-all/resolved-c28d-3600-3rd/nsp-n40-d28-r0.10-rp2-fp2-s6,0 3 36 30 1 677 -85,0.0 0.0 1.0 1.0 1.0 1.0 0.5684210526315789,11110.568421052632,0,5011,0 3 0 16 0 577 -44,0.0 0.0 0.0 0.5333333333333333 0.0 0.771689497716895 1.0,542.0502283105023,0,14512,0 3 0 0 0 239 -106,0.0 0.0 0.0 0.0 0.0 0.0 0.3473684210526316,0.3473684210526316,0,17398,0 3 0 0 0 324 -139,0.0 0.0 0.0 0.0 0.0 0.19406392694063926 0.0,1.9406392694063925,0,28901,0 3 0 0 0 314 -98,0.0 0.0 0.0 0.0 0.0 0.17123287671232876 0.43157894736842106,2.143907714491709,0,28909,0 3 0 0 0 283 -101,0.0 0.0 0.0 0.0 0.0 0.1004566210045662 0.4,1.4045662100456622,0,28920,0 3 0 0 0 319 -139,0.0 0.0 0.0 0.0 0.0 0.182648401826484 0.0,1.82648401826484,0,28902,0 3 0 0 0 318 -137,0.0 0.0 0.0 0.0 0.0 0.18036529680365296 0.021052631578947368,1.824705599615477,0,28903,0 3 0 0 0 314 -96,0.0 0.0 0.0 0.0 0.0 0.17123287671232876 0.45263157894736844,2.164960346070656,0,28907,0 3 0 0 0 319 -139,0.0 0.0 0.0 0.0 0.0 0.182648401826484 0.0,1.82648401826484,0,28902,0 3 0 0 0 314 -98,0.0 0.0 0.0 0.0 0.0 0.17123287671232876 0.43157894736842106,2.143907714491709,0,28909,0 3 0 0 0 283 -101,0.0 0.0 0.0 0.0 0.0 0.1004566210045662 0.4,1.4045662100456622,0,28920,0 3 0 0 0 314 -96,0.0 0.0 0.0 0.0 0.0 0.17123287671232876 0.45263157894736844,2.164960346070656,0,28907,0 3 0 0 0 314 -98,0.0 0.0 0.0 0.0 0.0 0.17123287671232876 0.43157894736842106,2.143907714491709,0,28909,0 3 0 0 0 406 -98,0.0 0.0 0.0 0.0 0.0 0.3812785388127854 0.43157894736842106,4.244364335496275,0,28870,0 3 0 0 0 314 -98,0.0 0.0 0.0 0.0 0.0 0.17123287671232876 0.43157894736842106,2.143907714491709,0,28909,0 3 0 0 0 314 -98,0.0 0.0 0.0 0.0 0.0 0.17123287671232876 0.43157894736842106,2.143907714491709,0,28909,0 3 0 0 0 314 -98,0.0 0.0 0.0 0.0 0.0 0.17123287671232876 0.43157894736842106,2.143907714491709,0,28909,0 3 0 0 0 314 -96,0.0 0.0 0.0 0.0 0.0 0.17123287671232876 0.45263157894736844,2.164960346070656,0,28907
resolved-c28d-3600-all/resolved-c28d-3600-3rd/nsp-n30-d28-r0.10-rp2-fp2-s1,0 0 4 1 0 146 -124,0.0 0.0 0.0 0.0 0.0 0.0 0.0,0.0,0,3929,0 0 4 1 0 164 -87,0.0 0.0 0.0 0.0 0.0 0.020761245674740483 0.2483221476510067,0.45593460439841155,0,26141,0 0 4 1 0 159 -85,0.0 0.0 0.0 0.0 0.0 0.014994232987312572 0.26174496644295303,0.41168729631607875,0,26138,0 0 4 53 2 538 -8,0.0 0.0 0.0 0.2905027932960894 0.02857142857142857 0.45213379469434833 0.7785234899328859,298.6597975901086,0,28446,0 0 4 125 30 816 -2,0.0 0.0 0.0 0.6927374301675978 0.42857142857142855 0.7727797001153403 0.8187919463087249,744.1411619722028,0,27102,0 0 4 21 1 575 -35,0.0 0.0 0.0 0.11173184357541899 0.014285714285714285 0.49480968858131485 0.5973154362416108,118.70582732604518,0,29164,0 0 4 45 1 527 -7,0.0 0.0 0.0 0.24581005586592178 0.014285714285714285 0.43944636678200694 0.785234899328859,252.41832586164213,0,28614,0 0 4 67 6 767 9,0.0 0.0 0.0 0.3687150837988827 0.08571428571428572 0.7162629757785467 0.8926174496644296,385.34175957776114,0,27981,0 0 4 77 5 750 -5,0.0 0.0 0.0 0.4245810055865922 0.07142857142857142 0.6966551326412919 0.7986577181208053,439.4890717739831,0,27703,0 0 67 180 44 1013 -4,0.0 0.0 1.0 1.0 0.6285714285714286 1.0 0.8053691275167785,11073.66251198466,0,20673,0 0 14 138 19 792 9,0.0 0.0 0.15873015873015872 0.7653631284916201 0.2714285714285714 0.7450980392156863 0.8926174496644296,2388.151170777886,0,25698,0 0 28 175 70 952 25,0.0 0.0 0.38095238095238093 0.9720670391061452 1.0 0.9296424452133795 1.0,4891.8872730820885,0,23766,0 0 4 57 3 611 7,0.0 0.0 0.0 0.3128491620111732 0.04285714285714286 0.5363321799307958 0.8791946308724832,323.3773927270679,0,28255,0 0 11 160 20 876 15,0.0 0.0 0.1111111111111111 0.888268156424581 0.2857142857142857 0.8419838523644751 0.9328859060402684,2037.3034205368056,0,25817,0 0 4 53 1 560 -3,0.0 0.0 0.0 0.2905027932960894 0.014285714285714285 0.47750865051903113 0.8120805369127517,297.5185317667639,0,28467,0 0 6 147 17 773 17,0.0 0.0 0.031746031746031744 0.8156424581005587 0.24285714285714285 0.7231833910034602 0.9463087248322147,1165.5666324814572,0,26426,0 0 4 48 1 520 -12,0.0 0.0 0.0 0.26256983240223464 0.014285714285714285 0.43137254901960786 0.7516778523489933,269.0638071733511,0,28568,0 0 4 45 1 517 -16,0.0 0.0 0.0 0.24581005586592178 0.014285714285714285 0.4279123414071511 0.7248322147651006,252.24258292332982,0,28627,0 0 4 86 35 736 -14,0.0 0.0 0.0 0.4748603351955307 0.5 0.6805074971164936 0.738255033557047,532.4036652002527,0,27588
resolved-c28d-3600-all/resolved-c28d-3600-3rd/nsp-n50-d28-r0.10-rp2-fp2-s0,1 37 2105 414 167 4490 -38,0.5 0.0 0.0 0.0 0.0 0.0 0.0,500000.0,0,14641,1 136 2479 805 204 4657 -20,0.5 0.28285714285714286 0.45169082125603865 0.3189233278955954 0.24183006535947713 0.1712820512820513 0.1978021978021978,533147.6394554168,0,15127,0 314 2647 1258 240 4507 -16,0.0 0.7914285714285715 0.6545893719806763 0.6884176182707994 0.477124183006536 0.017435897435897435 0.24175824175824176,86425.29701645148,0,10445,1 381 2882 1397 316 5382 53,0.5 0.9828571428571429 0.9384057971014492 0.8017944535073409 0.9738562091503268 0.9148717948717948 1.0,608579.1010490998,0,19305,1 378 2707 1630 308 5375 38,0.5 0.9742857142857143 0.7270531400966184 0.9918433931484503 0.9215686274509803 0.9076923076923077 0.8351648351648352,605793.0151733432,0,19925,1 378 2837 1500 316 5465 27,0.5 0.9742857142857143 0.8840579710144928 0.8858075040783034 0.9738562091503268 1.0 0.7142857142857143,607263.0585494239,0,19797,1 378 2727 1640 305 5342 34,0.5 0.9742857142857143 0.751207729468599 1.0 0.9019607843137255 0.8738461538461538 0.7912087912087912,606040.3744720184,0,19853,1 381 2882 1397 316 5382 52,0.5 0.9828571428571429 0.9384057971014492 0.8017944535073409 0.9738562091503268 0.9148717948717948 0.989010989010989,608579.0900600889,0,19306,1 387 2933 1422 310 5384 49,0.5 1.0 1.0 0.8221859706362153 0.934640522875817 0.916923076923077 0.9560439560439561,610925.7752976491,0,18441,1 380 2841 1480 316 5437 30,0.5 0.98 0.8888888888888888 0.8694942903752039 0.9738562091503268 0.9712820512820513 0.7472527472527473,607866.2288734392,0,19490,1 378 2837 1500 316 5464 27,0.5 0.9742857142857143 0.8840579710144928 0.8858075040783034 0.9738562091503268 0.9989743589743589 0.7142857142857143,607263.0482930137,0,19798,1 378 2837 1500 316 5465 27,0.5 0.9742857142857143 0.8840579710144928 0.8858075040783034 0.9738562091503268 1.0 0.7142857142857143,607263.0585494239,0,19797,1 381 2882 1397 316 5382 52,0.5 0.9828571428571429 0.9384057971014492 0.8017944535073409 0.9738562091503268 0.9148717948717948 0.989010989010989,608579.0900600889,0,19306,1 381 2882 1397 316 5382 52,0.5 0.9828571428571429 0.9384057971014492 0.8017944535073409 0.9738562091503268 0.9148717948717948 0.989010989010989,608579.0900600889,0,19306,2 386 2818 1448 320 5444 49,1.0 0.9971428571428571 0.8611111111111112 0.8433931484502447 1.0 0.9784615384615385 0.9560439560439561,1109279.5306331876,0,16911,1 378 2707 1633 308 5349 38,0.5 0.9742857142857143 0.7270531400966184 0.9942903752039152 0.9215686274509803 0.8810256410256411 0.8351648351648352,605795.1954887321,0,19924,1 378 2837 1500 316 5465 27,0.5 0.9742857142857143 0.8840579710144928 0.8858075040783034 0.9738562091503268 1.0 0.7142857142857143,607263.0585494239,0,19797,1 378 2837 1500 316 5465 27,0.5 0.9742857142857143 0.8840579710144928 0.8858075040783034 0.9738562091503268 1.0 0.7142857142857143,607263.0585494239,0,19797,1 380 2841 1480 316 5437 30,0.5 0.98 0.8888888888888888 0.8694942903752039 0.9738562091503268 0.9712820512820513 0.7472527472527473,607866.2288734392,0,19490
resolved-c28d-3600-all/resolved-c28d-3600-3rd/nsp-n50-d28-r0.10-rp2-fp2-s9,0 0 0 0 0 198 -220,0.0 0.0 0.0 0.0 0.0 0.0 0.0,0.0,0,945,0 0 0 0 0 220 -200,0.0 0.0 0.0 0.0 0.0 0.10679611650485436 0.25316455696202533,1.321125722010569,0,868,0 0 0 0 0 268 -191,0.0 0.0 0.0 0.0 0.0 0.33980582524271846 0.3670886075949367,3.7651468600221216,0,626,0 0 0 0 0 304 -141,0.0 0.0 0.0 0.0 0.0 0.5145631067961165 1.0,6.145631067961165,0,243,0 0 0 0 0 304 -141,0.0 0.0 0.0 0.0 0.0 0.5145631067961165 1.0,6.145631067961165,0,243,0 0 0 0 0 304 -141,0.0 0.0 0.0 0.0 0.0 0.5145631067961165 1.0,6.145631067961165,0,243,0 0 0 0 0 304 -141,0.0 0.0 0.0 0.0 0.0 0.5145631067961165 1.0,6.145631067961165,0,243,0 0 0 0 0 404 -157,0.0 0.0 0.0 0.0 0.0 1.0 0.7974683544303798,10.79746835443038,0,223,0 0 0 0 0 404 -157,0.0 0.0 0.0 0.0 0.0 1.0 0.7974683544303798,10.79746835443038,0,223,0 0 0 0 0 404 -157,0.0 0.0 0.0 0.0 0.0 1.0 0.7974683544303798,10.79746835443038,0,223,0 0 0 0 0 404 -157,0.0 0.0 0.0 0.0 0.0 1.0 0.7974683544303798,10.79746835443038,0,223,0 0 0 0 0 404 -157,0.0 0.0 0.0 0.0 0.0 1.0 0.7974683544303798,10.79746835443038,0,223,0 0 0 0 0 404 -157,0.0 0.0 0.0 0.0 0.0 1.0 0.7974683544303798,10.79746835443038,0,223,0 0 0 0 0 404 -157,0.0 0.0 0.0 0.0 0.0 1.0 0.7974683544303798,10.79746835443038,0,223,0 0 0 0 0 304 -141,0.0 0.0 0.0 0.0 0.0 0.5145631067961165 1.0,6.145631067961165,0,243,0 0 0 0 0 404 -157,0.0 0.0 0.0 0.0 0.0 1.0 0.7974683544303798,10.79746835443038,0,223,0 0 0 0 0 304 -141,0.0 0.0 0.0 0.0 0.0 0.5145631067961165 1.0,6.145631067961165,0,243,0 0 0 0 0 404 -157,0.0 0.0 0.0 0.0 0.0 1.0 0.7974683544303798,10.79746835443038,0,223,0 0 0 0 0 404 -157,0.0 0.0 0.0 0.0 0.0 1.0 0.7974683544303798,10.79746835443038,0,223
resolved-c28d-3600-all/resolved-c28d-3600-1st/nsp-n50-d28-r0.10-rp2-fp2-s8,2 16 2714 354 31 4586 -38,1.0 0.0 0.5679933665008292 0.0 0.0 0.6046511627906976 0.0,1005685.9801766363,0,25043,0 16 2880 660 98 5079 5,0.0 0.0 0.7056384742951907 0.2457831325301205 0.3145539906103286 1.0 0.5443037974683544,7344.167578340528,0,8696,1 184 3235 611 134 4716 25,0.5 0.38799076212471134 1.0 0.20642570281124498 0.4835680751173709 0.7089013632718525 0.7974683544303798,549061.7452047813,0,12745,0 449 2083 1599 227 4011 41,0.0 1.0 0.04477611940298507 1.0 0.92018779342723 0.14354450681635927 1.0,101542.21541844074,0,12692,0 428 2054 1441 240 3875 22,0.0 0.9515011547344111 0.020729684908789386 0.8730923694779117 0.9812206572769953 0.034482758620689655 0.759493670886076,96329.73107899171,0,14171,0 441 2086 1485 222 3970 24,0.0 0.9815242494226328 0.0472636815920398 0.908433734939759 0.8967136150234741 0.11066559743384122 0.7848101265822784,99625.0583207267,0,13580,0 437 2047 1456 240 3891 28,0.0 0.9722863741339491 0.014925373134328358 0.885140562248996 0.9812206572769953 0.04731355252606255 0.8354430379746836,98362.46235127813,0,13819,0 445 2095 1586 209 3890 16,0.0 0.9907621247113164 0.05472636815920398 0.989558232931727 0.8356807511737089 0.046511627906976744 0.6835443037974683,100697.75112135564,0,13289,0 429 2054 1443 243 3874 25,0.0 0.953810623556582 0.020729684908789386 0.8746987951807229 0.9953051643192489 0.03368083400160385 0.7974683544303798,96563.72279305318,0,14127,0 425 2029 1418 237 3832 21,0.0 0.9445727482678984 0.0 0.8546184738955823 0.9671361502347418 0.0 0.7468354430379747,95409.35375115194,0,14415,0 441 2087 1539 220 3919 24,0.0 0.9815242494226328 0.04809286898839138 0.9518072289156626 0.8873239436619719 0.06976744186046512 0.7848101265822784,99675.37573997425,0,13562,0 429 2054 1447 244 3917 25,0.0 0.953810623556582 0.020729684908789386 0.8779116465863454 1.0 0.0681635926222935 0.7974683544303798,96567.7499556131,0,14112,0 428 2037 1421 234 3841 18,0.0 0.9515011547344111 0.006633499170812604 0.8570281124497992 0.9530516431924883 0.007217321571772253 0.7088607594936709,96169.5647758935,0,14281,0 433 2050 1451 243 3847 27,0.0 0.9630484988452656 0.017412935323383085 0.8811244979919679 0.9953051643192489 0.012028869286287089 0.8227848101265823,97460.57732568726,0,14039,0 424 2053 1422 240 3845 19,0.0 0.9422632794457275 0.01990049751243781 0.8578313253012049 0.9812206572769953 0.010425020048115477 0.7215189873417721,95382.11207991386,0,14422,0 441 2087 1543 218 3951 26,0.0 0.9815242494226328 0.04809286898839138 0.9550200803212852 0.8779342723004695 0.0954290296712109 0.810126582278481,99677.93155657752,0,13559,0 428 2037 1439 238 3843 18,0.0 0.9515011547344111 0.006633499170812604 0.8714859437751004 0.971830985915493 0.008821170809943865 0.7088607594936709,96185.91657998347,0,14258,0 445 2108 1570 220 3929 35,0.0 0.9907621247113164 0.06550580431177445 0.976706827309237 0.8873239436619719 0.07778668805132317 0.9240506329113924,100798.41165343825,0,13241,0 428 2054 1441 240 3875 22,0.0 0.9515011547344111 0.020729684908789386 0.8730923694779117 0.9812206572769953 0.034482758620689655 0.759493670886076,96329.73107899171,0,14171
resolved-c28d-3600-all/resolved-c28d-3600-1st/nsp-n30-d28-r0.10-rp2-fp2-s5,0 0 10 41 0 385 -31,0.0 0.0 0.02564102564102564 0.0 0.0 0.0 0.45161290322580644,256.8618693134822,0,3898,0 0 124 2250 3 1087 -73,0.0 0.0 1.0 1.0 0.04411764705882353 0.9069767441860465 0.0,11013.481532147744,0,2495,0 0 7 165 22 943 20,0.0 0.0 0.0 0.05613399728383884 0.3235294117647059 0.7209302325581395 1.0,96.69624078589082,0,26947,0 0 20 182 54 757 -25,0.0 0.0 0.1111111111111111 0.06382978723404255 0.7941176470588235 0.4806201550387597 0.5161290322580645,1259.6749936336817,0,21708,0 0 20 182 54 721 -24,0.0 0.0 0.1111111111111111 0.06382978723404255 0.7941176470588235 0.43410852713178294 0.5268817204301075,1259.220630042784,0,21768,0 0 20 217 47 928 13,0.0 0.0 0.1111111111111111 0.07967406066093255 0.6911764705882353 0.7015503875968992 0.9247311827956989,1267.8430538896318,0,21356,0 0 21 231 54 963 18,0.0 0.0 0.11965811965811966 0.08601177003168854 0.7941176470588235 0.7467700258397932 0.978494623655914,1370.4509262008212,0,21287,0 0 21 232 54 964 16,0.0 0.0 0.11965811965811966 0.08646446355817111 0.7941176470588235 0.748062015503876 0.956989247311828,1370.8950342476005,0,21282,0 0 22 200 41 976 11,0.0 0.0 0.1282051282051282 0.07197827071072883 0.6029411764705882 0.7635658914728682 0.9032258064516129,1422.86255513025,0,21258,0 0 26 234 68 1114 14,0.0 0.0 0.1623931623931624 0.08736985061113627 1.0 0.9418604651162791 0.9354838709677419,1821.6555630648909,0,20634,0 0 20 183 40 826 6,0.0 0.0 0.1111111111111111 0.06428248076052512 0.5882352941176471 0.5697674418604651 0.8494623655913979,1240.764258067597,0,21686,0 0 34 180 63 1159 16,0.0 0.0 0.23076923076923078 0.06292440018107741 0.9264705882352942 1.0 0.956989247311828,2474.2207559442263,0,20099,0 0 20 194 45 845 5,0.0 0.0 0.1111111111111111 0.06926210955183341 0.6617647058823529 0.5943152454780362 0.8387096774193549,1253.3315533833795,0,21580,0 0 17 180 52 704 -22,0.0 0.0 0.08547008547008547 0.06292440018107741 0.7647058823529411 0.41214470284237725 0.5483870967741935,998.7656772424242,0,22088,0 0 19 182 53 714 -20,0.0 0.0 0.10256410256410256 0.06382978723404255 0.7794117647058824 0.42506459948320413 0.5698924731182796,1172.2325278136068,0,21923,0 0 32 189 55 1104 19,0.0 0.0 0.21367521367521367 0.06699864191942055 0.8088235294117647 0.9289405684754521 0.989247311827957,2294.9117846093163,0,20431,0 0 20 195 45 879 11,0.0 0.0 0.1111111111111111 0.06971480307831598 0.6617647058823529 0.6382428940568475 0.9032258064516129,1254.2880395246825,0,21546,0 0 25 208 53 1004 20,0.0 0.0 0.15384615384615385 0.0755998189225894 0.7794117647058824 0.7997416020671835 1.0,1700.999949875388,0,20975,0 0 20 182 54 712 -26,0.0 0.0 0.1111111111111111 0.06382978723404255 0.7941176470588235 0.42248062015503873 0.5053763440860215,1259.0828455966723,0,21784
resolved-c28d-3600-all/resolved-c28d-3600-1st/nsp-n40-d28-r0.10-rp2-fp2-s1,0 2 22 16 0 374 -186,0.0 0.0 0.0 0.0 0.0 0.0 0.0,0.0,0,4529,0 2 57 433 79 2724 -22,0.0 0.0 0.05952380952380952 0.6405529953917051 0.40512820512820513 0.719094247246022 0.9704142011834319,1284.4652678162645,0,38459,0 2 46 501 99 2712 -55,0.0 0.0 0.04081632653061224 0.7450076804915514 0.5076923076923077 0.715422276621787 0.7751479289940828,1211.8695472621166,0,40030,0 2 177 532 143 2667 -44,0.0 0.0 0.26360544217687076 0.7926267281105991 0.7333333333333333 0.7016523867809058 0.8402366863905325,3509.8712437668396,0,44874,0 2 175 544 188 2772 -63,0.0 0.0 0.2602040816326531 0.8110599078341014 0.9641025641025641 0.7337821297429621 0.727810650887574,3517.576612519206,0,45107,0 2 155 578 174 2897 -48,0.0 0.0 0.2261904761904762 0.8632872503840245 0.8923076923076924 0.77203182374541 0.8165680473372781,3222.959667804347,0,46171,0 2 155 581 174 2902 -50,0.0 0.0 0.2261904761904762 0.8678955453149002 0.8923076923076924 0.773561811505508 0.8047337278106509,3227.5714282932972,0,46130,0 2 151 549 183 2856 -69,0.0 0.0 0.2193877551020408 0.8187403993855606 0.9384615384615385 0.7594859241126071 0.6923076923076923,3114.7512711855566,0,46546,0 2 151 514 193 2844 -43,0.0 0.0 0.2193877551020408 0.7649769585253456 0.9897435897435898 0.7558139534883721 0.8461538461538461,3066.23316190115,0,46983,0 2 479 667 154 3461 -55,0.0 0.0 0.7772108843537415 1.0 0.7897435897435897 0.9446144430844553 0.7751479289940828,8861.304494871612,0,41473,0 2 137 513 167 2910 -37,0.0 0.0 0.195578231292517 0.7634408602150538 0.8564102564102564 0.7760097919216646 0.8816568047337278,2813.5059535051996,0,47865,0 2 151 528 193 2908 -46,0.0 0.0 0.2193877551020408 0.7864823348694316 0.9897435897435898 0.7753977968176254 0.8284023668639053,3087.9166251992388,0,46755,0 2 175 544 188 2772 -65,0.0 0.0 0.2602040816326531 0.8110599078341014 0.9641025641025641 0.7337821297429621 0.7159763313609467,3517.564778199679,0,45108,0 2 141 530 160 2886 -38,0.0 0.0 0.20238095238095238 0.7895545314900153 0.8205128205128205 0.7686658506731946 0.8757396449704142,2903.9777355025235,0,47470,0 2 193 539 124 2473 -76,0.0 0.0 0.29081632653061223 0.8033794162826421 0.6358974358974359 0.6422888616891065 0.650887573964497,3782.2062013693635,0,44601,0 2 610 595 177 3642 -17,0.0 0.0 1.0 0.8894009216589862 0.9076923076923077 1.0 1.0,10991.170152428216,0,35993,0 2 151 513 195 2854 -44,0.0 0.0 0.2193877551020408 0.7634408602150538 1.0 0.758873929008568 0.8402366863905325,3065.747387211938,0,47016,0 2 193 539 124 2473 -76,0.0 0.0 0.29081632653061223 0.8033794162826421 0.6358974358974359 0.6422888616891065 0.650887573964497,3782.2062013693635,0,44601,0 2 157 576 172 2953 -47,0.0 0.0 0.22959183673469388 0.8602150537634409 0.882051282051282 0.7891676866585068 0.8224852071005917,3253.0527113891935,0,45462
resolved-c28d-3600-all/resolved-c28d-3600-1st/nsp-n30-d28-r0.10-rp2-fp2-s4,0 2 0 0 0 102 -119,0.0 0.0 0.0 0.0 0.0 0.0 0.11475409836065574,0.11475409836065574,0,26080,0 2 0 0 0 107 -126,0.0 0.0 0.0 0.0 0.0 0.10416666666666667 0.0,1.0416666666666667,0,25932,0 2 0 0 0 112 -98,0.0 0.0 0.0 0.0 0.0 0.20833333333333334 0.45901639344262296,2.5423497267759565,0,25860,0 2 0 0 0 141 -68,0.0 0.0 0.0 0.0 0.0 0.8125 0.9508196721311475,9.075819672131148,0,16441,0 2 0 0 0 141 -66,0.0 0.0 0.0 0.0 0.0 0.8125 0.9836065573770492,9.10860655737705,0,16439,0 2 0 0 0 141 -66,0.0 0.0 0.0 0.0 0.0 0.8125 0.9836065573770492,9.10860655737705,0,16439,0 2 0 0 0 141 -68,0.0 0.0 0.0 0.0 0.0 0.8125 0.9508196721311475,9.075819672131148,0,16441,0 2 0 0 0 150 -76,0.0 0.0 0.0 0.0 0.0 1.0 0.819672131147541,10.819672131147541,0,16422,0 2 0 0 0 150 -76,0.0 0.0 0.0 0.0 0.0 1.0 0.819672131147541,10.819672131147541,0,16422,0 2 0 0 0 150 -76,0.0 0.0 0.0 0.0 0.0 1.0 0.819672131147541,10.819672131147541,0,16422,0 2 0 0 0 141 -68,0.0 0.0 0.0 0.0 0.0 0.8125 0.9508196721311475,9.075819672131148,0,16441,0 2 0 0 0 150 -77,0.0 0.0 0.0 0.0 0.0 1.0 0.8032786885245902,10.80327868852459,0,16423,0 2 0 0 0 141 -67,0.0 0.0 0.0 0.0 0.0 0.8125 0.9672131147540983,9.092213114754099,0,16440,0 2 0 0 0 141 -67,0.0 0.0 0.0 0.0 0.0 0.8125 0.9672131147540983,9.092213114754099,0,16440,0 2 0 0 0 141 -68,0.0 0.0 0.0 0.0 0.0 0.8125 0.9508196721311475,9.075819672131148,0,16441,0 2 0 0 0 141 -66,0.0 0.0 0.0 0.0 0.0 0.8125 0.9836065573770492,9.10860655737705,0,16439,0 2 0 0 0 141 -65,0.0 0.0 0.0 0.0 0.0 0.8125 1.0,9.125,0,16438,0 2 0 0 0 141 -67,0.0 0.0 0.0 0.0 0.0 0.8125 0.9672131147540983,9.092213114754099,0,16440,0 2 0 0 0 141 -68,0.0 0.0 0.0 0.0 0.0 0.8125 0.9508196721311475,9.075819672131148,0,16441
resolved-c28d-3600-all/resolved-c28d-3600-1st/nsp-n10-d28-r0.10-rp0-fp0-s5,0 0 2 0 0 118 -45,0.0 0.0 0.0 0.0 0.0 0.125 0.0,1.25,0,6741,0 0 2 0 0 117 -41,0.0 0.0 0.0 0.0 0.0 0.0 0.2222222222222222,0.2222222222222222,0,6717,0 0 2 0 0 117 -43,0.0 0.0 0.0 0.0 0.0 0.0 0.1111111111111111,0.1111111111111111,0,6733,0 0 2 0 0 125 -27,0.0 0.0 0.0 0.0 0.0 1.0 1.0,11.0,0,3965,0 0 2 0 0 125 -27,0.0 0.0 0.0 0.0 0.0 1.0 1.0,11.0,0,3965,0 0 2 0 0 125 -27,0.0 0.0 0.0 0.0 0.0 1.0 1.0,11.0,0,3965,0 0 2 0 0 125 -27,0.0 0.0 0.0 0.0 0.0 1.0 1.0,11.0,0,3965,0 0 2 0 0 125 -27,0.0 0.0 0.0 0.0 0.0 1.0 1.0,11.0,0,3965,0 0 2 0 0 125 -27,0.0 0.0 0.0 0.0 0.0 1.0 1.0,11.0,0,3965,0 0 2 0 0 125 -27,0.0 0.0 0.0 0.0 0.0 1.0 1.0,11.0,0,3965,0 0 2 0 0 125 -27,0.0 0.0 0.0 0.0 0.0 1.0 1.0,11.0,0,3965,0 0 2 0 0 125 -27,0.0 0.0 0.0 0.0 0.0 1.0 1.0,11.0,0,3965,0 0 2 0 0 125 -27,0.0 0.0 0.0 0.0 0.0 1.0 1.0,11.0,0,3965,0 0 2 0 0 125 -27,0.0 0.0 0.0 0.0 0.0 1.0 1.0,11.0,0,3965,0 0 2 0 0 125 -27,0.0 0.0 0.0 0.0 0.0 1.0 1.0,11.0,0,3965,0 0 2 0 0 125 -27,0.0 0.0 0.0 0.0 0.0 1.0 1.0,11.0,0,3965,0 0 2 0 0 125 -27,0.0 0.0 0.0 0.0 0.0 1.0 1.0,11.0,0,3965,0 0 2 0 0 125 -27,0.0 0.0 0.0 0.0 0.0 1.0 1.0,11.0,0,3965,0 0 2 0 0 125 -27,0.0 0.0 0.0 0.0 0.0 1.0 1.0,11.0,0,3965
resolved-c28d-3600-all/resolved-c28d-3600-1st/nsp-n10-d28-r0.10-rp0-fp0-s0,0 1 0 0 0 75 -43,0.0 0.0 0.0 0.0 0.0 0.0 0.0,0.0,0,23036,0 1 0 0 0 75 -37,0.0 0.0 0.0 0.0 0.0 0.0 0.35294117647058826,0.35294117647058826,0,23056,0 1 0 0 0 77 -40,0.0 0.0 0.0 0.0 0.0 0.10526315789473684 0.17647058823529413,1.2291021671826625,0,23059,0 1 0 0 0 94 -26,0.0 0.0 0.0 0.0 0.0 1.0 1.0,11.0,0,19016,0 1 0 0 0 94 -31,0.0 0.0 0.0 0.0 0.0 1.0 0.7058823529411765,10.705882352941176,0,19021,0 1 0 0 0 94 -27,0.0 0.0 0.0 0.0 0.0 1.0 0.9411764705882353,10.941176470588236,0,19017,0 1 0 0 0 94 -31,0.0 0.0 0.0 0.0 0.0 1.0 0.7058823529411765,10.705882352941176,0,19021,0 1 0 0 0 94 -28,0.0 0.0 0.0 0.0 0.0 1.0 0.8823529411764706,10.882352941176471,0,19018,0 1 0 0 0 94 -30,0.0 0.0 0.0 0.0 0.0 1.0 0.7647058823529411,10.764705882352942,0,19020,0 1 0 0 0 94 -31,0.0 0.0 0.0 0.0 0.0 1.0 0.7058823529411765,10.705882352941176,0,19021,0 1 0 0 0 94 -29,0.0 0.0 0.0 0.0 0.0 1.0 0.8235294117647058,10.823529411764707,0,19019,0 1 0 0 0 94 -28,0.0 0.0 0.0 0.0 0.0 1.0 0.8823529411764706,10.882352941176471,0,19018,0 1 0 0 0 94 -31,0.0 0.0 0.0 0.0 0.0 1.0 0.7058823529411765,10.705882352941176,0,19021,0 1 0 0 0 94 -31,0.0 0.0 0.0 0.0 0.0 1.0 0.7058823529411765,10.705882352941176,0,19021,0 1 0 0 0 94 -26,0.0 0.0 0.0 0.0 0.0 1.0 1.0,11.0,0,19016,0 1 0 0 0 94 -30,0.0 0.0 0.0 0.0 0.0 1.0 0.7647058823529411,10.764705882352942,0,19020,0 1 0 0 0 94 -28,0.0 0.0 0.0 0.0 0.0 1.0 0.8823529411764706,10.882352941176471,0,19018,0 1 0 0 0 94 -27,0.0 0.0 0.0 0.0 0.0 1.0 0.9411764705882353,10.941176470588236,0,19017,0 1 0 0 0 94 -29,0.0 0.0 0.0 0.0 0.0 1.0 0.8235294117647058,10.823529411764707,0,19019
resolved-c28d-3600-all/resolved-c28d-3600-1st/nsp-n30-d28-r0.10-rp2-fp2-s9,0 8 168 115 32 1152 -20,0.0 0.0 0.0 0.0 0.0 0.0 0.0,0.0,0,10988,0 68 469 393 103 1743 12,0.0 0.2054794520547945 0.3955321944809461 0.42967542503863987 0.47333333333333333 0.9704433497536946 0.49230769230769234,24990.47264985073,0,10403,0 156 536 483 117 1607 6,0.0 0.5068493150684932 0.4835742444152431 0.5687789799072643 0.5666666666666667 0.7471264367816092 0.4,56153.990861943494,0,10686,0 258 883 724 139 1663 45,0.0 0.8561643835616438 0.9395532194480947 0.9412673879443586 0.7133333333333334 0.8390804597701149 1.0,96033.96207652072,0,36986,0 240 847 668 147 1761 29,0.0 0.7945205479452054 0.8922470433639947 0.8547140649149922 0.7666666666666667 1.0 0.7538461538461538,89316.659805896,0,37665,0 249 882 725 148 1738 28,0.0 0.8253424657534246 0.938239159001314 0.9428129829984544 0.7733333333333333 0.9622331691297209 0.7384615384615385,92947.14527491714,0,37323,0 259 862 713 141 1626 34,0.0 0.8595890410958904 0.911957950065703 0.9242658423493045 0.7266666666666667 0.7783251231527094 0.8307692307692308,96084.03013972435,0,36844,0 289 929 687 170 1538 44,0.0 0.9623287671232876 1.0 0.884080370942813 0.92 0.6338259441707718 0.9846153846153847,107216.2799580979,0,35404,0 251 884 730 152 1697 36,0.0 0.8321917808219178 0.9408672798948752 0.9505409582689336 0.8 0.8949096880131363 0.8615384615384616,93668.20247475113,0,37107,0 300 889 708 182 1467 34,0.0 1.0 0.9474375821287779 0.9165378670788253 1.0 0.5172413793103449 0.8307692307692308,110496.91687139048,0,34867,0 252 878 726 146 1692 41,0.0 0.8356164383561644 0.9329829172141918 0.9443585780525502 0.76 0.8866995073891626 0.9384615384615385,93921.63704242326,0,37065,0 259 852 728 141 1606 37,0.0 0.8595890410958904 0.8988173455978975 0.9474497681607419 0.7266666666666667 0.7454844006568144 0.8769230769230769,95975.52576747892,0,36916,0 251 879 745 157 1739 30,0.0 0.8321917808219178 0.9342969776609724 0.973724884080371 0.8333333333333334 0.9638752052545156 0.7692307692307693,93629.61405903698,0,37158,0 257 883 728 139 1663 44,0.0 0.8527397260273972 0.9395532194480947 0.9474497681607419 0.7133333333333334 0.8390804597701149 0.9846153846153847,95697.66331869707,0,36990,0 252 878 726 146 1692 41,0.0 0.8356164383561644 0.9329829172141918 0.9443585780525502 0.76 0.8866995073891626 0.9384615384615385,93921.63704242326,0,37065,0 259 852 728 141 1606 36,0.0 0.8595890410958904 0.8988173455978975 0.9474497681607419 0.7266666666666667 0.7454844006568144 0.8615384615384616,95975.51038286353,0,36917,0 259 852 728 141 1606 36,0.0 0.8595890410958904 0.8988173455978975 0.9474497681607419 0.7266666666666667 0.7454844006568144 0.8615384615384616,95975.51038286353,0,36917,0 251 881 762 160 1759 31,0.0 0.8321917808219178 0.9369250985545335 1.0 0.8533333333333334 0.9967159277504105 0.7846153846153846,93684.51417573256,0,37117,0 259 852 728 141 1606 36,0.0 0.8595890410958904 0.8988173455978975 0.9474497681607419 0.7266666666666667 0.7454844006568144 0.8615384615384616,95975.51038286353,0,36917
resolved-c28d-3600-all/resolved-c28d-3600-1st/nsp-n20-d28-r0.10-rp2-fp2-s2,0 0 14 43 0 116 -56,0.0 0.0 1.0 1.0 0.0 1.0 0.5098039215686274,11010.509803921568,0,2216,0 0 10 0 0 74 -62,0.0 0.0 0.0 0.0 0.0 0.0 0.39215686274509803,0.39215686274509803,0,20070,0 0 10 0 0 74 -82,0.0 0.0 0.0 0.0 0.0 0.0 0.0,0.0,0,20055,0 0 10 0 0 104 -44,0.0 0.0 0.0 0.0 0.0 0.7142857142857143 0.7450980392156863,7.8879551820728295,0,21907,0 0 10 0 0 105 -31,0.0 0.0 0.0 0.0 0.0 0.7380952380952381 1.0,8.380952380952381,0,21904,0 0 10 0 0 105 -32,0.0 0.0 0.0 0.0 0.0 0.7380952380952381 0.9803921568627451,8.361344537815127,0,21905,0 0 10 0 0 105 -31,0.0 0.0 0.0 0.0 0.0 0.7380952380952381 1.0,8.380952380952381,0,21904,0 0 10 0 0 105 -31,0.0 0.0 0.0 0.0 0.0 0.7380952380952381 1.0,8.380952380952381,0,21904,0 0 10 0 0 105 -32,0.0 0.0 0.0 0.0 0.0 0.7380952380952381 0.9803921568627451,8.361344537815127,0,21905,0 0 10 0 0 105 -31,0.0 0.0 0.0 0.0 0.0 0.7380952380952381 1.0,8.380952380952381,0,21904,0 0 10 0 0 105 -32,0.0 0.0 0.0 0.0 0.0 0.7380952380952381 0.9803921568627451,8.361344537815127,0,21905,0 0 10 0 0 104 -45,0.0 0.0 0.0 0.0 0.0 0.7142857142857143 0.7254901960784313,7.868347338935575,0,21908,0 0 10 0 0 105 -31,0.0 0.0 0.0 0.0 0.0 0.7380952380952381 1.0,8.380952380952381,0,21904,0 0 10 0 0 105 -31,0.0 0.0 0.0 0.0 0.0 0.7380952380952381 1.0,8.380952380952381,0,21904,0 0 10 0 0 105 -32,0.0 0.0 0.0 0.0 0.0 0.7380952380952381 0.9803921568627451,8.361344537815127,0,21905,0 0 10 0 0 105 -32,0.0 0.0 0.0 0.0 0.0 0.7380952380952381 0.9803921568627451,8.361344537815127,0,21905,0 0 10 0 0 105 -31,0.0 0.0 0.0 0.0 0.0 0.7380952380952381 1.0,8.380952380952381,0,21904,0 0 10 0 0 104 -45,0.0 0.0 0.0 0.0 0.0 0.7142857142857143 0.7254901960784313,7.868347338935575,0,21908,0 0 10 0 0 104 -43,0.0 0.0 0.0 0.0 0.0 0.7142857142857143 0.7647058823529411,7.907563025210084,0,21906
resolved-c28d-3600-all/resolved-c28d-3600-1st/nsp-n10-d28-r0.10-rp0-fp0-s4,0 1 0 0 0 94 -40,0.0 0.0 0.0 0.0 0.0 0.0 0.1111111111111111,0.1111111111111111,0,24971,0 1 0 0 0 94 -40,0.0 0.0 0.0 0.0 0.0 0.0 0.1111111111111111,0.1111111111111111,0,25010,0 1 0 0 0 95 -42,0.0 0.0 0.0 0.0 0.0 0.058823529411764705 0.0,0.5882352941176471,0,24980,0 1 0 0 0 108 -26,0.0 0.0 0.0 0.0 0.0 0.8235294117647058 0.8888888888888888,9.124183006535947,0,34940,0 1 0 0 0 108 -26,0.0 0.0 0.0 0.0 0.0 0.8235294117647058 0.8888888888888888,9.124183006535947,0,34940,0 1 0 0 0 111 -30,0.0 0.0 0.0 0.0 0.0 1.0 0.6666666666666666,10.666666666666666,0,34934,0 1 0 0 0 108 -26,0.0 0.0 0.0 0.0 0.0 0.8235294117647058 0.8888888888888888,9.124183006535947,0,34940,0 1 0 0 0 108 -26,0.0 0.0 0.0 0.0 0.0 0.8235294117647058 0.8888888888888888,9.124183006535947,0,34940,0 1 0 0 0 105 -25,0.0 0.0 0.0 0.0 0.0 0.6470588235294118 0.9444444444444444,7.415032679738562,0,34942,0 1 0 0 0 108 -26,0.0 0.0 0.0 0.0 0.0 0.8235294117647058 0.8888888888888888,9.124183006535947,0,34940,0 1 0 0 0 108 -26,0.0 0.0 0.0 0.0 0.0 0.8235294117647058 0.8888888888888888,9.124183006535947,0,34940,0 1 0 0 0 108 -26,0.0 0.0 0.0 0.0 0.0 0.8235294117647058 0.8888888888888888,9.124183006535947,0,34940,0 1 0 0 0 105 -24,0.0 0.0 0.0 0.0 0.0 0.6470588235294118 1.0,7.470588235294118,0,34941,0 1 0 0 0 104 -24,0.0 0.0 0.0 0.0 0.0 0.5882352941176471 1.0,6.882352941176471,0,34944,0 1 0 0 0 108 -26,0.0 0.0 0.0 0.0 0.0 0.8235294117647058 0.8888888888888888,9.124183006535947,0,34940,0 1 0 0 0 108 -26,0.0 0.0 0.0 0.0 0.0 0.8235294117647058 0.8888888888888888,9.124183006535947,0,34940,0 1 0 0 0 108 -26,0.0 0.0 0.0 0.0 0.0 0.8235294117647058 0.8888888888888888,9.124183006535947,0,34940,0 1 0 0 0 108 -26,0.0 0.0 0.0 0.0 0.0 0.8235294117647058 0.8888888888888888,9.124183006535947,0,34940,0 1 0 0 0 110 -29,0.0 0.0 0.0 0.0 0.0 0.9411764705882353 0.7222222222222222,10.133986928104575,0,34938
resolved-c28d-3600-all/resolved-c28d-3600-1st/nsp-n20-d28-r0.10-rp2-fp2-s4,0 1 4 115 0 128 -67,0.0 0.0 1.0 1.0 0.0 1.0 0.09523809523809523,11010.095238095239,0,3332,0 1 0 0 0 65 -71,0.0 0.0 0.0 0.0 0.0 0.0 0.0,0.0,0,47520,0 1 0 0 0 69 -49,0.0 0.0 0.0 0.0 0.0 0.06349206349206349 0.5238095238095238,1.1587301587301586,0,47464,0 1 0 0 0 93 -33,0.0 0.0 0.0 0.0 0.0 0.4444444444444444 0.9047619047619048,5.34920634920635,0,34569,0 1 0 0 0 93 -33,0.0 0.0 0.0 0.0 0.0 0.4444444444444444 0.9047619047619048,5.34920634920635,0,34569,0 1 0 0 0 93 -33,0.0 0.0 0.0 0.0 0.0 0.4444444444444444 0.9047619047619048,5.34920634920635,0,34569,0 1 0 0 0 95 -52,0.0 0.0 0.0 0.0 0.0 0.47619047619047616 0.4523809523809524,5.214285714285714,0,34562,0 1 0 0 0 95 -52,0.0 0.0 0.0 0.0 0.0 0.47619047619047616 0.4523809523809524,5.214285714285714,0,34562,0 1 0 0 0 93 -33,0.0 0.0 0.0 0.0 0.0 0.4444444444444444 0.9047619047619048,5.34920634920635,0,34569,0 1 0 0 0 95 -52,0.0 0.0 0.0 0.0 0.0 0.47619047619047616 0.4523809523809524,5.214285714285714,0,34562,0 1 0 0 0 93 -31,0.0 0.0 0.0 0.0 0.0 0.4444444444444444 0.9523809523809523,5.396825396825397,0,34568,0 1 0 0 0 93 -33,0.0 0.0 0.0 0.0 0.0 0.4444444444444444 0.9047619047619048,5.34920634920635,0,34569,0 1 0 0 0 93 -33,0.0 0.0 0.0 0.0 0.0 0.4444444444444444 0.9047619047619048,5.34920634920635,0,34569,0 1 0 0 0 95 -52,0.0 0.0 0.0 0.0 0.0 0.47619047619047616 0.4523809523809524,5.214285714285714,0,34562,0 1 0 0 0 93 -33,0.0 0.0 0.0 0.0 0.0 0.4444444444444444 0.9047619047619048,5.34920634920635,0,34569,0 1 0 0 0 95 -52,0.0 0.0 0.0 0.0 0.0 0.47619047619047616 0.4523809523809524,5.214285714285714,0,34562,0 1 0 0 0 93 -33,0.0 0.0 0.0 0.0 0.0 0.4444444444444444 0.9047619047619048,5.34920634920635,0,34569,0 1 0 0 0 93 -29,0.0 0.0 0.0 0.0 0.0 0.4444444444444444 1.0,5.444444444444445,0,34566,0 1 0 0 0 93 -31,0.0 0.0 0.0 0.0 0.0 0.4444444444444444 0.9523809523809523,5.396825396825397,0,34568
resolved-c28d-3600-all/resolved-c28d-3600-1st/nsp-n50-d28-r0.10-rp2-fp2-s7,0 3 203 835 37 1948 -44,0.0 1.0 1.0 1.0 1.0 1.0 1.0,111111.0,0,9287,0 2 0 0 0 388 -105,0.0 0.0 0.0 0.0 0.0 0.0 0.39,0.39,0,19095,0 2 0 0 0 405 -140,0.0 0.0 0.0 0.0 0.0 0.010897435897435897 0.04,0.14897435897435898,0,19023,0 2 0 0 0 430 -122,0.0 0.0 0.0 0.0 0.0 0.026923076923076925 0.22,0.48923076923076925,0,22106,0 2 0 0 0 430 -122,0.0 0.0 0.0 0.0 0.0 0.026923076923076925 0.22,0.48923076923076925,0,22106,0 2 0 0 0 459 -111,0.0 0.0 0.0 0.0 0.0 0.04551282051282051 0.33,0.7851282051282051,0,22096,0 2 0 0 0 430 -123,0.0 0.0 0.0 0.0 0.0 0.026923076923076925 0.21,0.47923076923076924,0,22107,0 2 0 0 0 430 -122,0.0 0.0 0.0 0.0 0.0 0.026923076923076925 0.22,0.48923076923076925,0,22106,0 2 0 0 0 420 -119,0.0 0.0 0.0 0.0 0.0 0.020512820512820513 0.25,0.4551282051282051,0,22120,0 2 0 0 0 480 -144,0.0 0.0 0.0 0.0 0.0 0.05897435897435897 0.0,0.5897435897435898,0,22030,0 2 0 0 0 420 -119,0.0 0.0 0.0 0.0 0.0 0.020512820512820513 0.25,0.4551282051282051,0,22120,0 2 0 0 0 430 -122,0.0 0.0 0.0 0.0 0.0 0.026923076923076925 0.22,0.48923076923076925,0,22106,0 2 0 0 0 430 -121,0.0 0.0 0.0 0.0 0.0 0.026923076923076925 0.23,0.49923076923076926,0,22105,0 2 0 0 0 430 -122,0.0 0.0 0.0 0.0 0.0 0.026923076923076925 0.22,0.48923076923076925,0,22106,0 2 0 0 0 430 -122,0.0 0.0 0.0 0.0 0.0 0.026923076923076925 0.22,0.48923076923076925,0,22106,0 2 0 0 0 480 -144,0.0 0.0 0.0 0.0 0.0 0.05897435897435897 0.0,0.5897435897435898,0,22030,0 2 0 0 0 420 -120,0.0 0.0 0.0 0.0 0.0 0.020512820512820513 0.24,0.4451282051282051,0,22121,0 2 0 0 0 420 -119,0.0 0.0 0.0 0.0 0.0 0.020512820512820513 0.25,0.4551282051282051,0,22120,0 2 0 0 0 430 -122,0.0 0.0 0.0 0.0 0.0 0.026923076923076925 0.22,0.48923076923076925,0,22106
resolved-c28d-3600-all/resolved-c28d-3600-1st/nsp-n10-d28-r0.10-rp0-fp0-s7,0 0 0 0 0 75 -32,0.0 0.0 0.0 0.0 0.0 0.18181818181818182 0.125,1.9431818181818183,0,155,0 0 0 0 0 73 -34,0.0 0.0 0.0 0.0 0.0 0.09090909090909091 0.0,0.9090909090909092,0,166,0 0 0 0 0 71 -30,0.0 0.0 0.0 0.0 0.0 0.0 0.25,0.25,0,148,0 0 0 0 0 90 -21,0.0 0.0 0.0 0.0 0.0 0.8636363636363636 0.8125,9.448863636363637,0,99,0 0 0 0 0 90 -20,0.0 0.0 0.0 0.0 0.0 0.8636363636363636 0.875,9.511363636363637,0,98,0 0 0 0 0 90 -21,0.0 0.0 0.0 0.0 0.0 0.8636363636363636 0.8125,9.448863636363637,0,99,0 0 0 0 0 90 -21,0.0 0.0 0.0 0.0 0.0 0.8636363636363636 0.8125,9.448863636363637,0,99,0 0 0 0 0 90 -21,0.0 0.0 0.0 0.0 0.0 0.8636363636363636 0.8125,9.448863636363637,0,99,0 0 0 0 0 90 -20,0.0 0.0 0.0 0.0 0.0 0.8636363636363636 0.875,9.511363636363637,0,98,0 0 0 0 0 90 -21,0.0 0.0 0.0 0.0 0.0 0.8636363636363636 0.8125,9.448863636363637,0,99,0 0 0 0 0 90 -20,0.0 0.0 0.0 0.0 0.0 0.8636363636363636 0.875,9.511363636363637,0,98,0 0 0 0 0 90 -21,0.0 0.0 0.0 0.0 0.0 0.8636363636363636 0.8125,9.448863636363637,0,99,0 0 0 0 0 90 -21,0.0 0.0 0.0 0.0 0.0 0.8636363636363636 0.8125,9.448863636363637,0,99,0 0 0 0 0 90 -20,0.0 0.0 0.0 0.0 0.0 0.8636363636363636 0.875,9.511363636363637,0,98,0 0 0 0 0 90 -20,0.0 0.0 0.0 0.0 0.0 0.8636363636363636 0.875,9.511363636363637,0,98,0 0 0 0 0 90 -21,0.0 0.0 0.0 0.0 0.0 0.8636363636363636 0.8125,9.448863636363637,0,99,0 0 0 0 0 93 -18,0.0 0.0 0.0 0.0 0.0 1.0 1.0,11.0,0,73,0 0 0 0 0 90 -21,0.0 0.0 0.0 0.0 0.0 0.8636363636363636 0.8125,9.448863636363637,0,99,0 0 0 0 0 90 -21,0.0 0.0 0.0 0.0 0.0 0.8636363636363636 0.8125,9.448863636363637,0,99
resolved-c28d-3600-all/resolved-c28d-3600-1st/nsp-n30-d28-r0.10-rp2-fp2-s7,0 0 0 0 0 90 -156,0.0 0.0 0.0 0.0 0.0 0.17647058823529413 0.0,1.7647058823529413,0,666,0 0 0 0 0 81 -144,0.0 0.0 0.0 0.0 0.0 0.0 0.17391304347826086,0.17391304347826086,0,442,0 0 0 0 0 88 -136,0.0 0.0 0.0 0.0 0.0 0.13725490196078433 0.2898550724637681,1.6624040920716112,0,372,0 0 0 0 0 132 -87,0.0 0.0 0.0 0.0 0.0 1.0 1.0,11.0,0,133,0 0 0 0 0 132 -87,0.0 0.0 0.0 0.0 0.0 1.0 1.0,11.0,0,133,0 0 0 0 0 132 -87,0.0 0.0 0.0 0.0 0.0 1.0 1.0,11.0,0,133,0 0 0 0 0 132 -87,0.0 0.0 0.0 0.0 0.0 1.0 1.0,11.0,0,133,0 0 0 0 0 132 -87,0.0 0.0 0.0 0.0 0.0 1.0 1.0,11.0,0,133,0 0 0 0 0 132 -87,0.0 0.0 0.0 0.0 0.0 1.0 1.0,11.0,0,133,0 0 0 0 0 132 -87,0.0 0.0 0.0 0.0 0.0 1.0 1.0,11.0,0,133,0 0 0 0 0 132 -87,0.0 0.0 0.0 0.0 0.0 1.0 1.0,11.0,0,133,0 0 0 0 0 132 -87,0.0 0.0 0.0 0.0 0.0 1.0 1.0,11.0,0,133,0 0 0 0 0 132 -87,0.0 0.0 0.0 0.0 0.0 1.0 1.0,11.0,0,133,0 0 0 0 0 132 -87,0.0 0.0 0.0 0.0 0.0 1.0 1.0,11.0,0,133,0 0 0 0 0 132 -87,0.0 0.0 0.0 0.0 0.0 1.0 1.0,11.0,0,133,0 0 0 0 0 132 -87,0.0 0.0 0.0 0.0 0.0 1.0 1.0,11.0,0,133,0 0 0 0 0 132 -87,0.0 0.0 0.0 0.0 0.0 1.0 1.0,11.0,0,133,0 0 0 0 0 132 -87,0.0 0.0 0.0 0.0 0.0 1.0 1.0,11.0,0,133,0 0 0 0 0 132 -87,0.0 0.0 0.0 0.0 0.0 1.0 1.0,11.0,0,133
resolved-c28d-3600-all/resolved-c28d-3600-1st/nsp-n40-d28-r0.10-rp2-fp2-s3,0 0 2 584 3 846 -78,0.0 0.0 0.003424657534246575 0.07532299741602067 0.030927835051546393 0.1601423487544484 0.35443037974683544,114.61821013093238,0,4856,0 0 584 7741 3 3442 -88,0.0 0.0 1.0 1.0 0.030927835051546393 1.0 0.2911392405063291,11013.383922745661,0,1947,0 0 0 1 0 351 -134,0.0 0.0 0.0 0.0 0.0 0.0 0.0,0.0,0,16505,0 0 8 245 21 1614 -24,0.0 0.0 0.0136986301369863 0.03152454780361757 0.21649484536082475 0.40860562924619864 0.6962025316455697,194.94259253367062,0,17763,0 0 9 292 45 1709 -9,0.0 0.0 0.015410958904109588 0.037596899224806204 0.4639175257731959 0.43934001941119377 0.7911392405063291,243.28278027783995,0,17714,0 0 34 343 71 2485 -24,0.0 0.0 0.05821917808219178 0.044186046511627906 0.7319587628865979 0.6903914590747331 0.6962025316455697,707.1738207445983,0,17261,0 0 2 175 25 1086 16,0.0 0.0 0.003424657534246575 0.02248062015503876 0.25773195876288657 0.23778712390812035 0.9493670886075949,85.82762970148197,0,17920,0 0 64 579 97 2299 -41,0.0 0.0 0.1095890410958904 0.07467700258397933 1.0 0.6302167583306373 0.5886075949367089,1277.4581887211266,0,16104,0 0 8 273 42 1704 1,0.0 0.0 0.0136986301369863 0.0351421188630491 0.4329896907216495 0.4377224199288256 0.8544303797468354,220.65904388411215,0,17754,0 0 0 132 15 1092 6,0.0 0.0 0.0 0.016925064599483203 0.15463917525773196 0.23972824328696216 0.8860759493670886,35.67234050749311,0,18224,0 0 2 179 32 1132 8,0.0 0.0 0.003424657534246575 0.022997416020671835 0.32989690721649484 0.2526690391459075 0.8987341772151899,93.65910665346134,0,17875,0 0 15 335 42 1828 -15,0.0 0.0 0.025684931506849314 0.043152454780361754 0.4329896907216495 0.47783888709155614 0.7531645569620253,348.8322923488974,0,17689,0 0 0 133 13 1109 14,0.0 0.0 0.0 0.017054263565891473 0.13402061855670103 0.24522808152701392 0.9367088607594937,33.84531509759121,0,18218,0 0 4 255 25 1535 -11,0.0 0.0 0.00684931506849315 0.03281653746770026 0.25773195876288657 0.38304755742478164 0.7784810126582279,131.69184061582646,0,17804,0 0 0 114 5 1112 -12,0.0 0.0 0.0 0.014599483204134367 0.05154639175257732 0.2461986412164348 0.7721518987341772,22.988260690290623,0,18342,0 0 176 394 55 1958 24,0.0 0.0 0.3013698630136986 0.050775193798449615 0.5670103092783505 0.5198964736331284 1.0,3127.373819599602,0,14113,0 0 0 112 4 1103 13,0.0 0.0 0.0 0.01434108527131783 0.041237113402061855 0.2432869621481721 0.930379746835443,21.82804597984118,0,18359,0 0 0 162 17 1109 12,0.0 0.0 0.0 0.020801033591731265 0.17525773195876287 0.24522808152701392 0.9240506329113924,41.70313823578908,0,18141,0 0 8 272 42 1704 -2,0.0 0.0 0.0136986301369863 0.03501291989664083 0.4329896907216495 0.4377224199288256 0.8354430379746836,220.51085757593174,0,17757
resolved-c28d-3600-all/resolved-c28d-3600-1st/nsp-n40-d28-r0.10-rp2-fp2-s0,0 0 10 52 0 469 -89,0.0 0.0 1.0 0.6144578313253012 0.0 0.2614942528735632 0.3235294117647059,10617.396303265801,0,4021,0 0 10 84 13 983 -43,0.0 0.0 1.0 1.0 1.0 1.0 1.0,11111.0,0,8898,0 0 0 1 0 287 -84,0.0 0.0 0.0 0.0 0.0 0.0 0.39705882352941174,0.39705882352941174,0,11612,0 0 0 1 0 307 -64,0.0 0.0 0.0 0.0 0.0 0.028735632183908046 0.6911764705882353,0.9785327924273157,0,8352,0 0 0 1 0 307 -64,0.0 0.0 0.0 0.0 0.0 0.028735632183908046 0.6911764705882353,0.9785327924273157,0,8352,0 0 0 1 0 307 -64,0.0 0.0 0.0 0.0 0.0 0.028735632183908046 0.6911764705882353,0.9785327924273157,0,8352,0 0 0 1 0 307 -64,0.0 0.0 0.0 0.0 0.0 0.028735632183908046 0.6911764705882353,0.9785327924273157,0,8352,0 0 0 1 0 307 -64,0.0 0.0 0.0 0.0 0.0 0.028735632183908046 0.6911764705882353,0.9785327924273157,0,8352,0 0 0 1 0 307 -64,0.0 0.0 0.0 0.0 0.0 0.028735632183908046 0.6911764705882353,0.9785327924273157,0,8352,0 0 0 1 0 303 -111,0.0 0.0 0.0 0.0 0.0 0.022988505747126436 0.0,0.22988505747126436,0,8361,0 0 0 1 0 307 -64,0.0 0.0 0.0 0.0 0.0 0.028735632183908046 0.6911764705882353,0.9785327924273157,0,8352,0 0 0 1 0 307 -64,0.0 0.0 0.0 0.0 0.0 0.028735632183908046 0.6911764705882353,0.9785327924273157,0,8352,0 0 0 1 0 303 -111,0.0 0.0 0.0 0.0 0.0 0.022988505747126436 0.0,0.22988505747126436,0,8361,0 0 0 1 0 303 -111,0.0 0.0 0.0 0.0 0.0 0.022988505747126436 0.0,0.22988505747126436,0,8361,0 0 0 1 0 307 -64,0.0 0.0 0.0 0.0 0.0 0.028735632183908046 0.6911764705882353,0.9785327924273157,0,8352,0 0 0 1 0 308 -79,0.0 0.0 0.0 0.0 0.0 0.03017241379310345 0.47058823529411764,0.7723123732251521,0,8351,0 0 0 1 0 303 -111,0.0 0.0 0.0 0.0 0.0 0.022988505747126436 0.0,0.22988505747126436,0,8361,0 0 0 1 0 303 -111,0.0 0.0 0.0 0.0 0.0 0.022988505747126436 0.0,0.22988505747126436,0,8361,0 0 0 1 0 307 -64,0.0 0.0 0.0 0.0 0.0 0.028735632183908046 0.6911764705882353,0.9785327924273157,0,8352
resolved-c28d-3600-all/resolved-c28d-3600-1st/nsp-n40-d28-r0.10-rp2-fp2-s9,0 1 10 131 1 794 -82,0.0 0.0 0.00942507068803016 0.24007561436672967 0.012345679012345678 0.1211245401996847 0.30275229357798167,337.07488684384066,0,5077,0 2 7 192 5 812 -58,0.0 1.0 0.006597549481621112 0.3553875236294896 0.06172839506172839 0.1258539148712559 0.5229357798165137,100429.3173328804,0,7956,0 1 0 32 1 819 -40,0.0 0.0 0.0 0.052930056710775046 0.012345679012345678 0.12769311613242249 0.6880733944954128,56.12962916782925,0,42047,0 1 0 4 0 369 -100,0.0 0.0 0.0 0.0 0.0 0.009458749343142408 0.13761467889908258,0.23220217233050666,0,44900,0 1 0 4 0 333 -96,0.0 0.0 0.0 0.0 0.0 0.0 0.1743119266055046,0.1743119266055046,0,44954,0 1 0 4 0 333 -95,0.0 0.0 0.0 0.0 0.0 0.0 0.1834862385321101,0.1834862385321101,0,44953,0 1 0 4 0 333 -95,0.0 0.0 0.0 0.0 0.0 0.0 0.1834862385321101,0.1834862385321101,0,44953,0 1 0 4 0 333 -97,0.0 0.0 0.0 0.0 0.0 0.0 0.1651376146788991,0.1651376146788991,0,44955,0 1 0 22 1 977 -6,0.0 0.0 0.0 0.034026465028355386 0.012345679012345678 0.16920651602732528 1.0,37.95309808986321,0,44173,0 1 0 4 0 403 -115,0.0 0.0 0.0 0.0 0.0 0.01839201261166579 0.0,0.1839201261166579,0,44876,0 1 1061 533 81 4139 -12,0.0 0.0 1.0 1.0 1.0 1.0 0.944954128440367,11110.944954128441,0,41787,0 1 0 4 0 385 -109,0.0 0.0 0.0 0.0 0.0 0.013662637940094587 0.05504587155963303,0.1916722509605789,0,44883,0 1 0 4 0 333 -95,0.0 0.0 0.0 0.0 0.0 0.0 0.1834862385321101,0.1834862385321101,0,44953,0 1 0 4 0 333 -95,0.0 0.0 0.0 0.0 0.0 0.0 0.1834862385321101,0.1834862385321101,0,44953,0 1 0 4 0 333 -97,0.0 0.0 0.0 0.0 0.0 0.0 0.1651376146788991,0.1651376146788991,0,44955,0 1 0 4 0 369 -99,0.0 0.0 0.0 0.0 0.0 0.009458749343142408 0.14678899082568808,0.24137648425711217,0,44899,0 1 0 4 0 333 -96,0.0 0.0 0.0 0.0 0.0 0.0 0.1743119266055046,0.1743119266055046,0,44954,0 1 0 4 0 333 -96,0.0 0.0 0.0 0.0 0.0 0.0 0.1743119266055046,0.1743119266055046,0,44954,0 1 0 4 0 369 -100,0.0 0.0 0.0 0.0 0.0 0.009458749343142408 0.13761467889908258,0.23220217233050666,0,44900
resolved-c28d-3600-all/resolved-c28d-3600-1st/nsp-n40-d28-r0.10-rp2-fp2-s2,1 22 391 279 51 2104 -35,0.25 0.0 0.0 0.0 0.0 0.9375 0.0,250009.375,0,26027,2 136 816 449 99 2130 -15,0.5 0.2620689655172414 0.6865912762520194 0.2755267423014587 0.5454545454545454 1.0 0.22988505747126436,533413.1113961487,0,17137,0 307 1010 784 117 2080 -4,0.0 0.6551724137931034 1.0 0.8184764991896273 0.75 0.8798076923076923 0.3563218390804598,76419.87227726213,0,9107,4 457 682 896 133 1735 51,1.0 1.0 0.4701130856219709 1.0 0.9318181818181818 0.05048076923076923 0.9885057471264368,1105795.805987841,0,29068,4 452 665 885 136 1716 51,1.0 0.9885057471264368 0.44264943457189015 0.9821717990275527 0.9659090909090909 0.004807692307692308 0.9885057471264368,1104356.8683491512,0,29434,4 457 682 896 133 1735 52,1.0 1.0 0.4701130856219709 1.0 0.9318181818181818 0.05048076923076923 1.0,1105795.8174820938,0,29067,4 457 682 896 133 1735 52,1.0 1.0 0.4701130856219709 1.0 0.9318181818181818 0.05048076923076923 1.0,1105795.8174820938,0,29067,4 452 665 885 136 1714 51,1.0 0.9885057471264368 0.44264943457189015 0.9821717990275527 0.9659090909090909 0.0 0.9885057471264368,1104356.8202722282,0,29435,4 457 682 896 133 1735 51,1.0 1.0 0.4701130856219709 1.0 0.9318181818181818 0.05048076923076923 0.9885057471264368,1105795.805987841,0,29068,4 457 682 896 133 1735 52,1.0 1.0 0.4701130856219709 1.0 0.9318181818181818 0.05048076923076923 1.0,1105795.8174820938,0,29067,4 452 665 885 136 1714 51,1.0 0.9885057471264368 0.44264943457189015 0.9821717990275527 0.9659090909090909 0.0 0.9885057471264368,1104356.8202722282,0,29435,4 457 682 896 133 1735 52,1.0 1.0 0.4701130856219709 1.0 0.9318181818181818 0.05048076923076923 1.0,1105795.8174820938,0,29067,4 456 672 889 139 1763 49,1.0 0.9977011494252873 0.45395799676898224 0.9886547811993517 1.0 0.11778846153846154 0.9655172413793104,1105400.4930932748,0,29250,4 452 665 885 136 1716 51,1.0 0.9885057471264368 0.44264943457189015 0.9821717990275527 0.9659090909090909 0.004807692307692308 0.9885057471264368,1104356.8683491512,0,29434,4 453 671 883 139 1748 47,1.0 0.9908045977011494 0.45234248788368336 0.9789303079416531 1.0 0.08173076923076923 0.9425287356321839,1104684.5747933213,0,29364,4 457 682 896 133 1735 52,1.0 1.0 0.4701130856219709 1.0 0.9318181818181818 0.05048076923076923 1.0,1105795.8174820938,0,29067,4 457 682 896 133 1735 52,1.0 1.0 0.4701130856219709 1.0 0.9318181818181818 0.05048076923076923 1.0,1105795.8174820938,0,29067,4 452 665 885 136 1716 51,1.0 0.9885057471264368 0.44264943457189015 0.9821717990275527 0.9659090909090909 0.004807692307692308 0.9885057471264368,1104356.8683491512,0,29434,4 457 682 896 133 1735 51,1.0 1.0 0.4701130856219709 1.0 0.9318181818181818 0.05048076923076923 0.9885057471264368,1105795.805987841,0,29068
resolved-c28d-3600-all/resolved-c28d-3600-1st/nsp-n50-d28-r0.10-rp2-fp2-s3,0 2 131 2569 13 1821 -137,0.0 0.0 0.0 1.0 0.0 0.0 0.0,1000.0,0,5287,0 2 2941 991 299 10176 -38,0.0 0.0 0.9289256198347108 0.10289937464468447 0.5708582834331337 1.0 0.6513157894736842,9459.89271712458,0,32666,0 2 3039 1229 439 9916 -15,0.0 0.0 0.9613223140495868 0.2382035247299602 0.8502994011976048 0.9688809096349491 0.8026315789473685,9946.948046020885,0,30696,0 2 2707 892 277 9242 -4,0.0 0.0 0.8515702479338843 0.046617396247868106 0.5269461077844312 0.8882106523040095 0.875,8624.771592888193,0,37833,0 2 2925 987 316 9325 15,0.0 0.0 0.9236363636363636 0.10062535531552018 0.6047904191616766 0.8981448234590066 1.0,9407.449481829914,0,35841,0 2 3152 1032 359 9664 8,0.0 0.0 0.9986776859504132 0.12620807276861853 0.6906187624750499 0.938719329742669 0.9539473684210527,10192.387949186104,0,31152,0 2 2963 994 321 9306 5,0.0 0.0 0.936198347107438 0.1046048891415577 0.6147704590818364 0.895870736086176 0.9342105263157895,9537.958324011299,0,35559,0 2 2715 908 284 9277 8,0.0 0.0 0.8542148760330579 0.0557134735645253 0.5409181636726547 0.8923997606223818 0.9539473684210527,8661.831995237015,0,37653,0 2 3010 1031 334 9382 5,0.0 0.0 0.9517355371900826 0.12563956793632747 0.6407185628742516 0.9049670855774985 0.9342105263157895,9717.05067750667,0,34222,0 2 2399 874 421 8630 9,0.0 0.0 0.7497520661157024 0.036384309266628764 0.8143712574850299 0.8149611011370437 0.9605263157894737,7624.452233499316,0,39685,0 2 2515 810 500 8566 6,0.0 0.0 0.7880991735537191 0.0 0.9720558882235529 0.8073010173548774 0.9407894736842105,7987.211124006779,0,39007,0 2 2309 872 383 8449 -20,0.0 0.0 0.72 0.03524729960204662 0.7385229540918163 0.7932974266906044 0.7697368421052632,7317.802306120239,0,40344,0 2 2404 877 422 8634 14,0.0 0.0 0.751404958677686 0.03808982376350199 0.8163672654690619 0.8154398563734291 0.993421052631579,7642.923956703634,0,39649,0 2 2399 873 421 8621 11,0.0 0.0 0.7497520661157024 0.03581580443433769 0.8143712574850299 0.8138839018551766 0.9736842105263158,7623.886114568943,0,39702,0 2 3156 1046 381 9634 1,0.0 0.0 1.0 0.13416714042069358 0.7345309381237525 0.9351286654697786 0.9078947368421053,10217.87941562461,0,30846,0 2 2272 880 356 8229 -22,0.0 0.0 0.7077685950413223 0.039795338260375214 0.6846307385229541 0.7669658886894075 0.756578947368421,7194.370600360156,0,40547,0 2 2395 871 421 8615 -4,0.0 0.0 0.7484297520661157 0.03467879476975554 0.8143712574850299 0.8131657690005984 0.875,7609.420098869422,0,39814,0 2 2427 822 514 8625 -4,0.0 0.0 0.7590082644628099 0.006822057987492893 1.0 0.814362657091562 0.875,7705.9233291865075,0,39096,0 2 2707 847 254 9114 6,0.0 0.0 0.8515702479338843 0.021034678794769755 0.4810379241516966 0.8728904847396768 0.9407894736842105,8594.510644869863,0,37879
resolved-c28d-3600-all/resolved-c28d-3600-1st/nsp-n30-d28-r0.10-rp2-fp2-s2,0 0 0 0 0 94 -154,0.0 0.0 0.0 0.0 0.0 0.08928571428571429 0.1794871794871795,1.0723443223443223,0,552,0 0 0 0 0 93 -168,0.0 0.0 0.0 0.0 0.0 0.07142857142857142 0.0,0.7142857142857142,0,439,0 0 0 0 0 89 -166,0.0 0.0 0.0 0.0 0.0 0.0 0.02564102564102564,0.02564102564102564,0,370,0 0 0 0 0 145 -90,0.0 0.0 0.0 0.0 0.0 1.0 1.0,11.0,0,147,0 0 0 0 0 145 -90,0.0 0.0 0.0 0.0 0.0 1.0 1.0,11.0,0,147,0 0 0 0 0 145 -90,0.0 0.0 0.0 0.0 0.0 1.0 1.0,11.0,0,147,0 0 0 0 0 145 -90,0.0 0.0 0.0 0.0 0.0 1.0 1.0,11.0,0,147,0 0 0 0 0 145 -90,0.0 0.0 0.0 0.0 0.0 1.0 1.0,11.0,0,147,0 0 0 0 0 145 -90,0.0 0.0 0.0 0.0 0.0 1.0 1.0,11.0,0,147,0 0 0 0 0 145 -90,0.0 0.0 0.0 0.0 0.0 1.0 1.0,11.0,0,147,0 0 0 0 0 145 -90,0.0 0.0 0.0 0.0 0.0 1.0 1.0,11.0,0,147,0 0 0 0 0 145 -90,0.0 0.0 0.0 0.0 0.0 1.0 1.0,11.0,0,147,0 0 0 0 0 145 -90,0.0 0.0 0.0 0.0 0.0 1.0 1.0,11.0,0,147,0 0 0 0 0 145 -90,0.0 0.0 0.0 0.0 0.0 1.0 1.0,11.0,0,147,0 0 0 0 0 145 -90,0.0 0.0 0.0 0.0 0.0 1.0 1.0,11.0,0,147,0 0 0 0 0 145 -90,0.0 0.0 0.0 0.0 0.0 1.0 1.0,11.0,0,147,0 0 0 0 0 145 -90,0.0 0.0 0.0 0.0 0.0 1.0 1.0,11.0,0,147,0 0 0 0 0 145 -90,0.0 0.0 0.0 0.0 0.0 1.0 1.0,11.0,0,147,0 0 0 0 0 145 -90,0.0 0.0 0.0 0.0 0.0 1.0 1.0,11.0,0,147
resolved-c28d-3600-all/resolved-c28d-3600-1st/nsp-n10-d28-r0.10-rp0-fp0-s2,0 0 0 0 0 69 -45,0.0 0.0 0.0 0.0 0.0 0.0 0.04,0.04,0,291,0 0 0 0 0 69 -46,0.0 0.0 0.0 0.0 0.0 0.0 0.0,0.0,0,291,0 0 0 0 0 70 -44,0.0 0.0 0.0 0.0 0.0 0.1 0.08,1.08,0,286,0 0 0 0 0 79 -22,0.0 0.0 0.0 0.0 0.0 1.0 0.96,10.96,0,168,0 0 0 0 0 79 -21,0.0 0.0 0.0 0.0 0.0 1.0 1.0,11.0,0,167,0 0 0 0 0 79 -21,0.0 0.0 0.0 0.0 0.0 1.0 1.0,11.0,0,167,0 0 0 0 0 79 -22,0.0 0.0 0.0 0.0 0.0 1.0 0.96,10.96,0,168,0 0 0 0 0 79 -21,0.0 0.0 0.0 0.0 0.0 1.0 1.0,11.0,0,167,0 0 0 0 0 79 -22,0.0 0.0 0.0 0.0 0.0 1.0 0.96,10.96,0,168,0 0 0 0 0 79 -22,0.0 0.0 0.0 0.0 0.0 1.0 0.96,10.96,0,168,0 0 0 0 0 79 -22,0.0 0.0 0.0 0.0 0.0 1.0 0.96,10.96,0,168,0 0 0 0 0 79 -21,0.0 0.0 0.0 0.0 0.0 1.0 1.0,11.0,0,167,0 0 0 0 0 79 -21,0.0 0.0 0.0 0.0 0.0 1.0 1.0,11.0,0,167,0 0 0 0 0 79 -21,0.0 0.0 0.0 0.0 0.0 1.0 1.0,11.0,0,167,0 0 0 0 0 79 -21,0.0 0.0 0.0 0.0 0.0 1.0 1.0,11.0,0,167,0 0 0 0 0 79 -21,0.0 0.0 0.0 0.0 0.0 1.0 1.0,11.0,0,167,0 0 0 0 0 79 -21,0.0 0.0 0.0 0.0 0.0 1.0 1.0,11.0,0,167,0 0 0 0 0 79 -21,0.0 0.0 0.0 0.0 0.0 1.0 1.0,11.0,0,167,0 0 0 0 0 79 -21,0.0 0.0 0.0 0.0 0.0 1.0 1.0,11.0,0,167
resolved-c28d-3600-all/resolved-c28d-3600-1st/nsp-n10-d28-r0.10-rp0-fp0-s3,0 0 0 0 0 70 -34,0.0 0.0 0.0 0.0 0.0 0.0 0.7142857142857143,0.7142857142857143,0,262,0 0 0 0 0 75 -37,0.0 0.0 0.0 0.0 0.0 0.25 0.2857142857142857,2.7857142857142856,0,203,0 0 0 0 0 70 -39,0.0 0.0 0.0 0.0 0.0 0.0 0.0,0.0,0,198,0 0 0 0 0 89 -33,0.0 0.0 0.0 0.0 0.0 0.95 0.8571428571428571,10.357142857142858,0,198,0 0 0 0 0 89 -33,0.0 0.0 0.0 0.0 0.0 0.95 0.8571428571428571,10.357142857142858,0,198,0 0 0 0 0 90 -33,0.0 0.0 0.0 0.0 0.0 1.0 0.8571428571428571,10.857142857142858,0,196,0 0 0 0 0 89 -33,0.0 0.0 0.0 0.0 0.0 0.95 0.8571428571428571,10.357142857142858,0,198,0 0 0 0 0 90 -33,0.0 0.0 0.0 0.0 0.0 1.0 0.8571428571428571,10.857142857142858,0,196,0 0 0 0 0 90 -33,0.0 0.0 0.0 0.0 0.0 1.0 0.8571428571428571,10.857142857142858,0,196,0 0 0 0 0 89 -32,0.0 0.0 0.0 0.0 0.0 0.95 1.0,10.5,0,197,0 0 0 0 0 89 -33,0.0 0.0 0.0 0.0 0.0 0.95 0.8571428571428571,10.357142857142858,0,198,0 0 0 0 0 89 -33,0.0 0.0 0.0 0.0 0.0 0.95 0.8571428571428571,10.357142857142858,0,198,0 0 0 0 0 89 -33,0.0 0.0 0.0 0.0 0.0 0.95 0.8571428571428571,10.357142857142858,0,198,0 0 0 0 0 89 -32,0.0 0.0 0.0 0.0 0.0 0.95 1.0,10.5,0,197,0 0 0 0 0 89 -32,0.0 0.0 0.0 0.0 0.0 0.95 1.0,10.5,0,197,0 0 0 0 0 89 -33,0.0 0.0 0.0 0.0 0.0 0.95 0.8571428571428571,10.357142857142858,0,198,0 0 0 0 0 89 -32,0.0 0.0 0.0 0.0 0.0 0.95 1.0,10.5,0,197,0 0 0 0 0 89 -33,0.0 0.0 0.0 0.0 0.0 0.95 0.8571428571428571,10.357142857142858,0,198,0 0 0 0 0 89 -32,0.0 0.0 0.0 0.0 0.0 0.95 1.0,10.5,0,197
resolved-c28d-3600-all/resolved-c28d-3600-1st/nsp-n20-d28-r0.10-rp2-fp2-s6,0 0 2 7 0 63 -102,0.0 0.0 0.0 1.0 0.0 0.04 0.05555555555555555,1000.4555555555555,0,31362,0 0 2 6 0 62 -106,0.0 0.0 0.0 0.0 0.0 0.0 0.0,0.0,0,31647,0 0 2 6 0 65 -68,0.0 0.0 0.0 0.0 0.0 0.12 0.5277777777777778,1.7277777777777779,0,31663,0 0 2 6 0 81 -57,0.0 0.0 0.0 0.0 0.0 0.76 0.6805555555555556,8.280555555555555,0,24737,0 0 2 6 0 81 -57,0.0 0.0 0.0 0.0 0.0 0.76 0.6805555555555556,8.280555555555555,0,24737,0 0 2 6 0 81 -57,0.0 0.0 0.0 0.0 0.0 0.76 0.6805555555555556,8.280555555555555,0,24737,0 0 2 6 0 87 -34,0.0 0.0 0.0 0.0 0.0 1.0 1.0,11.0,0,24729,0 0 2 6 0 81 -60,0.0 0.0 0.0 0.0 0.0 0.76 0.6388888888888888,8.238888888888889,0,24740,0 0 2 6 0 81 -57,0.0 0.0 0.0 0.0 0.0 0.76 0.6805555555555556,8.280555555555555,0,24737,0 0 2 6 0 81 -60,0.0 0.0 0.0 0.0 0.0 0.76 0.6388888888888888,8.238888888888889,0,24740,0 0 2 6 0 81 -60,0.0 0.0 0.0 0.0 0.0 0.76 0.6388888888888888,8.238888888888889,0,24740,0 0 2 6 0 81 -58,0.0 0.0 0.0 0.0 0.0 0.76 0.6666666666666666,8.266666666666666,0,24738,0 0 2 6 0 81 -60,0.0 0.0 0.0 0.0 0.0 0.76 0.6388888888888888,8.238888888888889,0,24740,0 0 2 6 0 81 -60,0.0 0.0 0.0 0.0 0.0 0.76 0.6388888888888888,8.238888888888889,0,24740,0 0 2 6 0 81 -57,0.0 0.0 0.0 0.0 0.0 0.76 0.6805555555555556,8.280555555555555,0,24737,0 0 2 6 0 81 -58,0.0 0.0 0.0 0.0 0.0 0.76 0.6666666666666666,8.266666666666666,0,24738,0 0 2 6 0 81 -60,0.0 0.0 0.0 0.0 0.0 0.76 0.6388888888888888,8.238888888888889,0,24740,0 0 2 6 0 81 -60,0.0 0.0 0.0 0.0 0.0 0.76 0.6388888888888888,8.238888888888889,0,24740,0 0 2 6 0 81 -58,0.0 0.0 0.0 0.0 0.0 0.76 0.6666666666666666,8.266666666666666,0,24738
resolved-c28d-3600-all/resolved-c28d-3600-1st/nsp-n30-d28-r0.10-rp2-fp2-s8,0 0 4 3 0 245 -90,0.0 0.0 1.0 1.0 0.0 1.0 0.9545454545454546,11010.954545454546,0,20484,0 0 2 2 0 168 -106,0.0 0.0 0.0 0.0 0.0 0.125 0.7121212121212122,1.9621212121212122,0,24671,0 0 2 2 0 177 -87,0.0 0.0 0.0 0.0 0.0 0.22727272727272727 1.0,3.2727272727272725,0,24638,0 0 2 2 0 157 -106,0.0 0.0 0.0 0.0 0.0 0.0 0.7121212121212122,0.7121212121212122,0,20213,0 0 2 2 0 157 -106,0.0 0.0 0.0 0.0 0.0 0.0 0.7121212121212122,0.7121212121212122,0,20213,0 0 2 2 0 157 -106,0.0 0.0 0.0 0.0 0.0 0.0 0.7121212121212122,0.7121212121212122,0,20213,0 0 2 2 0 157 -106,0.0 0.0 0.0 0.0 0.0 0.0 0.7121212121212122,0.7121212121212122,0,20213,0 0 2 2 0 157 -106,0.0 0.0 0.0 0.0 0.0 0.0 0.7121212121212122,0.7121212121212122,0,20213,0 0 2 2 0 157 -106,0.0 0.0 0.0 0.0 0.0 0.0 0.7121212121212122,0.7121212121212122,0,20213,0 0 2 2 0 157 -106,0.0 0.0 0.0 0.0 0.0 0.0 0.7121212121212122,0.7121212121212122,0,20213,0 0 2 2 0 169 -153,0.0 0.0 0.0 0.0 0.0 0.13636363636363635 0.0,1.3636363636363635,0,20203,0 0 2 2 0 178 -94,0.0 0.0 0.0 0.0 0.0 0.23863636363636365 0.8939393939393939,3.2803030303030307,0,20177,0 0 2 2 0 157 -106,0.0 0.0 0.0 0.0 0.0 0.0 0.7121212121212122,0.7121212121212122,0,20213,0 0 2 2 0 157 -106,0.0 0.0 0.0 0.0 0.0 0.0 0.7121212121212122,0.7121212121212122,0,20213,0 0 2 2 0 157 -106,0.0 0.0 0.0 0.0 0.0 0.0 0.7121212121212122,0.7121212121212122,0,20213,0 0 2 2 0 157 -106,0.0 0.0 0.0 0.0 0.0 0.0 0.7121212121212122,0.7121212121212122,0,20213,0 0 2 2 0 169 -153,0.0 0.0 0.0 0.0 0.0 0.13636363636363635 0.0,1.3636363636363635,0,20203,0 0 2 2 0 157 -106,0.0 0.0 0.0 0.0 0.0 0.0 0.7121212121212122,0.7121212121212122,0,20213,0 0 2 2 0 169 -153,0.0 0.0 0.0 0.0 0.0 0.13636363636363635 0.0,1.3636363636363635,0,20203
resolved-c28d-3600-all/resolved-c28d-3600-1st/nsp-n20-d28-r0.10-rp2-fp2-s9,0 0 0 0 0 57 -84,0.0 0.0 0.0 0.0 0.0 0.25 0.12244897959183673,2.622448979591837,0,302,0 0 0 0 0 51 -82,0.0 0.0 0.0 0.0 0.0 0.0 0.16326530612244897,0.16326530612244897,0,294,0 0 0 0 0 51 -90,0.0 0.0 0.0 0.0 0.0 0.0 0.0,0.0,0,295,0 0 0 0 0 75 -41,0.0 0.0 0.0 0.0 0.0 1.0 1.0,11.0,0,100,0 0 0 0 0 75 -41,0.0 0.0 0.0 0.0 0.0 1.0 1.0,11.0,0,100,0 0 0 0 0 75 -41,0.0 0.0 0.0 0.0 0.0 1.0 1.0,11.0,0,100,0 0 0 0 0 75 -41,0.0 0.0 0.0 0.0 0.0 1.0 1.0,11.0,0,100,0 0 0 0 0 75 -41,0.0 0.0 0.0 0.0 0.0 1.0 1.0,11.0,0,100,0 0 0 0 0 75 -41,0.0 0.0 0.0 0.0 0.0 1.0 1.0,11.0,0,100,0 0 0 0 0 75 -41,0.0 0.0 0.0 0.0 0.0 1.0 1.0,11.0,0,100,0 0 0 0 0 75 -41,0.0 0.0 0.0 0.0 0.0 1.0 1.0,11.0,0,100,0 0 0 0 0 75 -41,0.0 0.0 0.0 0.0 0.0 1.0 1.0,11.0,0,100,0 0 0 0 0 75 -41,0.0 0.0 0.0 0.0 0.0 1.0 1.0,11.0,0,100,0 0 0 0 0 75 -41,0.0 0.0 0.0 0.0 0.0 1.0 1.0,11.0,0,100,0 0 0 0 0 75 -41,0.0 0.0 0.0 0.0 0.0 1.0 1.0,11.0,0,100,0 0 0 0 0 75 -41,0.0 0.0 0.0 0.0 0.0 1.0 1.0,11.0,0,100,0 0 0 0 0 75 -41,0.0 0.0 0.0 0.0 0.0 1.0 1.0,11.0,0,100,0 0 0 0 0 75 -41,0.0 0.0 0.0 0.0 0.0 1.0 1.0,11.0,0,100,0 0 0 0 0 75 -41,0.0 0.0 0.0 0.0 0.0 1.0 1.0,11.0,0,100
resolved-c28d-3600-all/resolved-c28d-3600-1st/nsp-n50-d28-r0.10-rp2-fp2-s5,0 0 26 42 0 739 -101,0.0 0.0 1.0 1.0 0.0 1.0 1.0,11011.0,0,4354,0 0 2 0 0 262 -190,0.0 0.0 0.0 0.0 0.0 0.0 0.0,0.0,0,7641,0 0 2 0 0 386 -147,0.0 0.0 0.0 0.0 0.0 0.259958071278826 0.48314606741573035,3.0827267802039904,0,7351,0 0 2 0 0 450 -148,0.0 0.0 0.0 0.0 0.0 0.3941299790356394 0.47191011235955055,4.413209902715945,0,12397,0 0 2 0 0 450 -148,0.0 0.0 0.0 0.0 0.0 0.3941299790356394 0.47191011235955055,4.413209902715945,0,12397,0 0 2 0 0 450 -148,0.0 0.0 0.0 0.0 0.0 0.3941299790356394 0.47191011235955055,4.413209902715945,0,12397,0 0 2 0 0 450 -148,0.0 0.0 0.0 0.0 0.0 0.3941299790356394 0.47191011235955055,4.413209902715945,0,12397,0 0 2 0 0 450 -148,0.0 0.0 0.0 0.0 0.0 0.3941299790356394 0.47191011235955055,4.413209902715945,0,12397,0 0 2 0 0 450 -148,0.0 0.0 0.0 0.0 0.0 0.3941299790356394 0.47191011235955055,4.413209902715945,0,12397,0 0 2 0 0 450 -148,0.0 0.0 0.0 0.0 0.0 0.3941299790356394 0.47191011235955055,4.413209902715945,0,12397,0 0 2 0 0 450 -148,0.0 0.0 0.0 0.0 0.0 0.3941299790356394 0.47191011235955055,4.413209902715945,0,12397,0 0 2 0 0 450 -148,0.0 0.0 0.0 0.0 0.0 0.3941299790356394 0.47191011235955055,4.413209902715945,0,12397,0 0 2 0 0 450 -148,0.0 0.0 0.0 0.0 0.0 0.3941299790356394 0.47191011235955055,4.413209902715945,0,12397,0 0 2 0 0 450 -148,0.0 0.0 0.0 0.0 0.0 0.3941299790356394 0.47191011235955055,4.413209902715945,0,12397,0 0 2 0 0 450 -148,0.0 0.0 0.0 0.0 0.0 0.3941299790356394 0.47191011235955055,4.413209902715945,0,12397,0 0 2 0 0 450 -148,0.0 0.0 0.0 0.0 0.0 0.3941299790356394 0.47191011235955055,4.413209902715945,0,12397,0 0 2 0 0 450 -148,0.0 0.0 0.0 0.0 0.0 0.3941299790356394 0.47191011235955055,4.413209902715945,0,12397,0 0 2 0 0 450 -148,0.0 0.0 0.0 0.0 0.0 0.3941299790356394 0.47191011235955055,4.413209902715945,0,12397,0 0 2 0 0 450 -148,0.0 0.0 0.0 0.0 0.0 0.3941299790356394 0.47191011235955055,4.413209902715945,0,12397
resolved-c28d-3600-all/resolved-c28d-3600-1st/nsp-n50-d28-r0.10-rp2-fp2-s2,0 3 62 1762 6 1548 -61,0.0 0.0 1.0 1.0 0.17647058823529413 0.8428165007112376 0.22929936305732485,11026.3045231937,0,5557,0 3 3 0 0 363 -80,0.0 0.0 0.0 0.0 0.0 0.0 0.10828025477707007,0.10828025477707007,0,22190,0 3 3 0 0 402 -55,0.0 0.0 0.0 0.0 0.0 0.027738264580369845 0.267515923566879,0.5448985693705775,0,22256,0 3 3 0 0 523 -86,0.0 0.0 0.0 0.0 0.0 0.11379800853485064 0.07006369426751592,1.2080437796160224,0,24778,0 3 3 0 0 518 -79,0.0 0.0 0.0 0.0 0.0 0.11024182076813656 0.11464968152866242,1.217067889210028,0,24781,0 3 13 265 34 1769 60,0.0 0.0 0.1694915254237288 0.1503972758229285 1.0 1.0 1.0,1956.3125300602167,0,20259,0 3 3 0 0 518 -78,0.0 0.0 0.0 0.0 0.0 0.11024182076813656 0.12101910828025478,1.2234373159616203,0,24780,0 3 3 0 0 523 -85,0.0 0.0 0.0 0.0 0.0 0.11379800853485064 0.07643312101910828,1.2144132063676147,0,24777,0 3 3 0 0 523 -86,0.0 0.0 0.0 0.0 0.0 0.11379800853485064 0.07006369426751592,1.2080437796160224,0,24778,0 3 3 0 0 518 -80,0.0 0.0 0.0 0.0 0.0 0.11024182076813656 0.10828025477707007,1.2106984624584356,0,24782,0 3 3 0 0 518 -79,0.0 0.0 0.0 0.0 0.0 0.11024182076813656 0.11464968152866242,1.217067889210028,0,24781,0 3 3 0 0 518 -80,0.0 0.0 0.0 0.0 0.0 0.11024182076813656 0.10828025477707007,1.2106984624584356,0,24782,0 3 3 0 0 516 -55,0.0 0.0 0.0 0.0 0.0 0.10881934566145092 0.267515923566879,1.3557093801813882,0,24784,0 3 3 0 0 518 -80,0.0 0.0 0.0 0.0 0.0 0.11024182076813656 0.10828025477707007,1.2106984624584356,0,24782,0 3 3 0 0 518 -80,0.0 0.0 0.0 0.0 0.0 0.11024182076813656 0.10828025477707007,1.2106984624584356,0,24782,0 3 3 0 0 512 -97,0.0 0.0 0.0 0.0 0.0 0.10597439544807966 0.0,1.0597439544807965,0,24815,0 3 3 0 0 523 -86,0.0 0.0 0.0 0.0 0.0 0.11379800853485064 0.07006369426751592,1.2080437796160224,0,24778,0 3 3 0 0 512 -96,0.0 0.0 0.0 0.0 0.0 0.10597439544807966 0.006369426751592357,1.0661133812323889,0,24814,0 3 3 0 0 518 -80,0.0 0.0 0.0 0.0 0.0 0.11024182076813656 0.10828025477707007,1.2106984624584356,0,24782
resolved-c28d-3600-all/resolved-c28d-3600-1st/nsp-n20-d28-r0.10-rp2-fp2-s8,0 10 9 5 0 207 10,0.0 1.0 0.0 0.0 0.0 0.0 0.0,100000.0,0,38386,0 1 124 179 69 1524 42,0.0 0.0 0.4136690647482014 0.6770428015564203 0.5702479338842975 0.9145833333333333 0.7804878048780488,4880.684563565076,0,60539,0 1 166 192 68 1614 38,0.0 0.0 0.564748201438849 0.7276264591439688 0.5619834710743802 0.9770833333333333 0.6829268292682927,6441.760580802498,0,58271,0 1 141 183 56 1409 49,0.0 0.0 0.4748201438848921 0.6926070038910506 0.4628099173553719 0.8347222222222223 0.9512195121951219,5496.387876209926,0,53208,0 1 165 199 59 1463 45,0.0 0.0 0.5611510791366906 0.754863813229572 0.48760330578512395 0.8722222222222222 0.8536585365853658,6424.710815933799,0,51913,0 1 118 123 41 1362 45,0.0 0.0 0.3920863309352518 0.4591439688715953 0.33884297520661155 0.8020833333333334 0.8536585365853658,4422.766067614693,0,54738,0 1 146 187 62 1405 49,0.0 0.0 0.49280575539568344 0.708171206225681 0.512396694214876 0.8319444444444445 0.9512195121951219,5696.739093560643,0,52689,0 1 171 223 68 1517 50,0.0 0.0 0.5827338129496403 0.8482490272373541 0.5619834710743802 0.9097222222222222 0.975609756097561,6741.858335819515,0,51655,0 1 126 146 46 1380 46,0.0 0.0 0.420863309352518 0.5486381322957199 0.38016528925619836 0.8145833333333333 0.8780487804878049,4804.3116368603405,0,54457,0 1 160 198 60 1429 51,0.0 0.0 0.5431654676258992 0.7509727626459144 0.49586776859504134 0.8486111111111111 1.0,6241.700326875522,0,52221,0 1 157 203 64 1449 48,0.0 0.0 0.5323741007194245 0.7704280155642024 0.5289256198347108 0.8625 0.926829268292683,6156.613414010211,0,52427,0 3 287 262 119 1639 29,0.0 0.2222222222222222 1.0 1.0 0.9834710743801653 0.9944444444444445 0.4634146341463415,33330.97718873883,0,46677,0 1 187 214 88 1493 33,0.0 0.0 0.6402877697841727 0.8132295719844358 0.7272727272727273 0.8930555555555556 0.5609756097560976,7298.326073718747,0,50980,0 1 248 223 96 1579 49,0.0 0.0 0.8597122302158273 0.8482490272373541 0.7933884297520661 0.9527777777777777 0.9512195121951219,9535.189169660807,0,48972,0 1 116 170 63 1407 39,0.0 0.0 0.38489208633093525 0.642023346303502 0.5206611570247934 0.8333333333333334 0.7073170731707317,4552.050975721838,0,54894,0 2 280 253 121 1647 34,0.0 0.1111111111111111 0.9748201438848921 0.9649805447470817 1.0 1.0 0.5853658536585366,21934.878460560773,0,47126,0 1 162 213 58 1445 49,0.0 0.0 0.5503597122302158 0.8093385214007782 0.4793388429752066 0.8597222222222223 0.9512195121951219,6370.417969734875,0,52052,0 1 146 189 65 1416 49,0.0 0.0 0.49280575539568344 0.7159533073929961 0.5371900826446281 0.8395833333333333 0.9512195121951219,5707.076922459822,0,52623,0 1 201 232 80 1487 33,0.0 0.0 0.6906474820143885 0.8832684824902723 0.6611570247933884 0.8888888888888888 0.5609756097560976,7865.308869612141,0,50586
resolved-c28d-3600-all/resolved-c28d-3600-1st/nsp-n40-d28-r0.10-rp2-fp2-s7,0 1 0 0 0 282 -97,0.0 0.0 0.0 0.0 0.0 1.0 1.0,11.0,0,20217,0 1 0 1 0 180 -118,0.0 0.0 0.0 1.0 0.0 0.1968503937007874 0.16,1002.1285039370078,0,21213,0 1 0 0 0 155 -122,0.0 0.0 0.0 0.0 0.0 0.0 0.0,0.0,0,21183,0 1 0 0 0 254 -107,0.0 0.0 0.0 0.0 0.0 0.7795275590551181 0.6,8.395275590551181,0,18018,0 1 0 0 0 254 -107,0.0 0.0 0.0 0.0 0.0 0.7795275590551181 0.6,8.395275590551181,0,18018,0 1 0 0 0 254 -105,0.0 0.0 0.0 0.0 0.0 0.7795275590551181 0.68,8.475275590551181,0,18016,0 1 0 0 0 254 -107,0.0 0.0 0.0 0.0 0.0 0.7795275590551181 0.6,8.395275590551181,0,18018,0 1 0 0 0 254 -107,0.0 0.0 0.0 0.0 0.0 0.7795275590551181 0.6,8.395275590551181,0,18018,0 1 0 0 0 254 -107,0.0 0.0 0.0 0.0 0.0 0.7795275590551181 0.6,8.395275590551181,0,18018,0 1 0 0 0 254 -105,0.0 0.0 0.0 0.0 0.0 0.7795275590551181 0.68,8.475275590551181,0,18016,0 1 0 0 0 254 -105,0.0 0.0 0.0 0.0 0.0 0.7795275590551181 0.68,8.475275590551181,0,18016,0 1 0 0 0 254 -107,0.0 0.0 0.0 0.0 0.0 0.7795275590551181 0.6,8.395275590551181,0,18018,0 1 0 0 0 254 -106,0.0 0.0 0.0 0.0 0.0 0.7795275590551181 0.64,8.43527559055118,0,18017,0 1 0 0 0 254 -106,0.0 0.0 0.0 0.0 0.0 0.7795275590551181 0.64,8.43527559055118,0,18017,0 1 0 0 0 254 -106,0.0 0.0 0.0 0.0 0.0 0.7795275590551181 0.64,8.43527559055118,0,18017,0 1 0 0 0 254 -107,0.0 0.0 0.0 0.0 0.0 0.7795275590551181 0.6,8.395275590551181,0,18018,0 1 0 0 0 254 -106,0.0 0.0 0.0 0.0 0.0 0.7795275590551181 0.64,8.43527559055118,0,18017,0 1 0 0 0 254 -106,0.0 0.0 0.0 0.0 0.0 0.7795275590551181 0.64,8.43527559055118,0,18017,0 1 0 0 0 268 -103,0.0 0.0 0.0 0.0 0.0 0.889763779527559 0.76,9.65763779527559,0,18010
resolved-c28d-3600-all/resolved-c28d-3600-1st/nsp-n50-d28-r0.10-rp2-fp2-s4,0 2 30 135 3 1113 -60,0.0 0.0 0.02067539627842867 0.00980819529206626 0.02586206896551724 0.1073208722741433 0.3125,220.53407369564613,0,5023,0 2 1451 13764 3 6645 -81,0.0 0.0 1.0 1.0 0.02586206896551724 0.9690031152647975 0.19318181818181818,11012.469419867382,0,2874,0 2 1340 657 116 6844 61,0.0 0.0 0.923501033769814 0.0477332170880558 1.0 1.0 1.0,9393.743554786195,0,34940,0 2 0 0 0 424 -104,0.0 0.0 0.0 0.0 0.0 0.0 0.0625,0.0625,0,22928,0 2 0 0 0 432 -115,0.0 0.0 0.0 0.0 0.0 0.0012461059190031153 0.0,0.012461059190031154,0,22905,0 2 0 0 0 432 -115,0.0 0.0 0.0 0.0 0.0 0.0012461059190031153 0.0,0.012461059190031154,0,22905,0 2 0 0 0 432 -115,0.0 0.0 0.0 0.0 0.0 0.0012461059190031153 0.0,0.012461059190031154,0,22905,0 2 0 0 0 432 -115,0.0 0.0 0.0 0.0 0.0 0.0012461059190031153 0.0,0.012461059190031154,0,22905,0 2 0 0 0 432 -115,0.0 0.0 0.0 0.0 0.0 0.0012461059190031153 0.0,0.012461059190031154,0,22905,0 2 0 0 0 432 -115,0.0 0.0 0.0 0.0 0.0 0.0012461059190031153 0.0,0.012461059190031154,0,22905,0 2 0 0 0 446 -93,0.0 0.0 0.0 0.0 0.0 0.003426791277258567 0.125,0.15926791277258567,0,22891,0 2 0 0 0 446 -93,0.0 0.0 0.0 0.0 0.0 0.003426791277258567 0.125,0.15926791277258567,0,22891,0 2 0 0 0 424 -106,0.0 0.0 0.0 0.0 0.0 0.0 0.05113636363636364,0.05113636363636364,0,22929,0 2 0 0 0 432 -115,0.0 0.0 0.0 0.0 0.0 0.0012461059190031153 0.0,0.012461059190031154,0,22905,0 2 0 0 0 432 -115,0.0 0.0 0.0 0.0 0.0 0.0012461059190031153 0.0,0.012461059190031154,0,22905,0 2 0 0 0 424 -83,0.0 0.0 0.0 0.0 0.0 0.0 0.18181818181818182,0.18181818181818182,0,22920,0 2 0 0 0 432 -115,0.0 0.0 0.0 0.0 0.0 0.0012461059190031153 0.0,0.012461059190031154,0,22905,0 2 0 0 0 446 -93,0.0 0.0 0.0 0.0 0.0 0.003426791277258567 0.125,0.15926791277258567,0,22891,0 2 0 0 0 433 -114,0.0 0.0 0.0 0.0 0.0 0.0014018691588785046 0.005681818181818182,0.019700509770603225,0,22904
resolved-c28d-3600-all/resolved-c28d-3600-1st/nsp-n20-d28-r0.10-rp2-fp2-s1,0 1 1 0 0 68 -89,0.0 0.0 0.0 0.0 0.0 0.0 0.0,0.0,0,12992,0 26 183 229 70 1075 -2,0.0 1.0 1.0 1.0 1.0 0.723939611790079 0.6444444444444445,111107.88384056234,0,21060,0 1 106 185 53 1459 20,0.0 0.0 0.5769230769230769 0.8078602620087336 0.7571428571428571 1.0 0.8074074074074075,6663.612724361195,0,47137,0 1 38 101 19 675 -3,0.0 0.0 0.2032967032967033 0.4410480349344978 0.2714285714285714 0.43637670740474477 0.6370370370370371,2506.1587291554724,0,61162,0 1 23 91 7 607 46,0.0 0.0 0.12087912087912088 0.39737991266375544 0.1 0.38749101365923794 1.0,1621.0460315915566,0,63213,0 1 22 77 6 591 31,0.0 0.0 0.11538461538461539 0.33624454148471616 0.08571428571428572 0.37598849748382457 0.8888888888888888,1503.3108977660256,0,63426,0 1 38 92 10 661 -4,0.0 0.0 0.2032967032967033 0.4017467248908297 0.14285714285714285 0.4263120057512581 0.6296296296296297,2453.8922218307193,0,61300,0 1 40 111 25 617 15,0.0 0.0 0.21428571428571427 0.4847161572052402 0.35714285714285715 0.3946800862688713 0.7703703703703704,2668.0047570097277,0,60562,0 1 22 77 6 583 31,0.0 0.0 0.11538461538461539 0.33624454148471616 0.08571428571428572 0.3702372393961179 0.8888888888888888,1503.2533851851485,0,63428,0 1 31 90 16 580 21,0.0 0.0 0.16483516483516483 0.3930131004366812 0.22857142857142856 0.3680805176132279 0.8148148148148148,2068.717511636419,0,62271,0 1 17 67 15 492 32,0.0 0.0 0.08791208791208792 0.2925764192139738 0.21428571428571427 0.30481667864845435 0.8962962962962963,1197.0703328462052,0,64731,0 1 22 72 6 584 25,0.0 0.0 0.11538461538461539 0.314410480349345 0.08571428571428572 0.3709561466570812 0.8444444444444444,1481.3820686779427,0,63491,0 1 18 75 18 503 20,0.0 0.0 0.09340659340659341 0.32751091703056767 0.2571428571428571 0.31272465851905107 0.8074074074074075,1291.2257908033855,0,64641,0 1 29 74 5 626 37,0.0 0.0 0.15384615384615385 0.3231441048034934 0.07142857142857142 0.40115025161754136 0.9333333333333333,1873.693336257398,0,62691,0 1 25 82 7 606 36,0.0 0.0 0.13186813186813187 0.35807860262008734 0.1 0.38677210639827464 0.9259259259259259,1691.5535682913148,0,63129,0 1 58 118 31 923 41,0.0 0.0 0.3131868131868132 0.5152838427947598 0.44285714285714284 0.6146657081236521 0.9629629629629629,3698.5473089928055,0,58345,0 1 31 76 7 612 27,0.0 0.0 0.16483516483516483 0.3318777292576419 0.1 0.39108554996405465 0.8592592592592593,1994.99949236819,0,62471,0 1 18 75 18 503 21,0.0 0.0 0.09340659340659341 0.32751091703056767 0.2571428571428571 0.31272465851905107 0.8148148148148148,1291.2331982107928,0,64640,0 1 40 110 25 622 19,0.0 0.0 0.21428571428571427 0.48034934497816595 0.35714285714285715 0.398274622573688 0.8,2663.703519775331,0,60613
resolved-c28d-3600-all/resolved-c28d-3600-1st/nsp-n20-d28-r0.10-rp2-fp2-s3,0 0 0 0 0 67 -72,0.0 0.0 0.0 0.0 0.0 0.03125 0.06060606060606061,0.3731060606060606,0,377,0 0 0 0 0 74 -60,0.0 0.0 0.0 0.0 0.0 0.25 0.42424242424242425,2.9242424242424243,0,338,0 0 0 0 0 66 -74,0.0 0.0 0.0 0.0 0.0 0.0 0.0,0.0,0,288,0 0 0 0 0 98 -41,0.0 0.0 0.0 0.0 0.0 1.0 1.0,11.0,0,118,0 0 0 0 0 98 -41,0.0 0.0 0.0 0.0 0.0 1.0 1.0,11.0,0,118,0 0 0 0 0 98 -41,0.0 0.0 0.0 0.0 0.0 1.0 1.0,11.0,0,118,0 0 0 0 0 98 -41,0.0 0.0 0.0 0.0 0.0 1.0 1.0,11.0,0,118,0 0 0 0 0 98 -41,0.0 0.0 0.0 0.0 0.0 1.0 1.0,11.0,0,118,0 0 0 0 0 98 -41,0.0 0.0 0.0 0.0 0.0 1.0 1.0,11.0,0,118,0 0 0 0 0 98 -41,0.0 0.0 0.0 0.0 0.0 1.0 1.0,11.0,0,118,0 0 0 0 0 98 -41,0.0 0.0 0.0 0.0 0.0 1.0 1.0,11.0,0,118,0 0 0 0 0 98 -41,0.0 0.0 0.0 0.0 0.0 1.0 1.0,11.0,0,118,0 0 0 0 0 98 -41,0.0 0.0 0.0 0.0 0.0 1.0 1.0,11.0,0,118,0 0 0 0 0 98 -41,0.0 0.0 0.0 0.0 0.0 1.0 1.0,11.0,0,118,0 0 0 0 0 98 -41,0.0 0.0 0.0 0.0 0.0 1.0 1.0,11.0,0,118,0 0 0 0 0 98 -41,0.0 0.0 0.0 0.0 0.0 1.0 1.0,11.0,0,118,0 0 0 0 0 98 -41,0.0 0.0 0.0 0.0 0.0 1.0 1.0,11.0,0,118,0 0 0 0 0 98 -41,0.0 0.0 0.0 0.0 0.0 1.0 1.0,11.0,0,118,0 0 0 0 0 98 -41,0.0 0.0 0.0 0.0 0.0 1.0 1.0,11.0,0,118
resolved-c28d-3600-all/resolved-c28d-3600-1st/nsp-n30-d28-r0.10-rp2-fp2-s0,0 2 2 25 1 175 -62,0.0 0.0 0.0 1.0 1.0 1.0 0.7954545454545454,1110.7954545454545,0,8817,0 2 2 0 0 120 -97,0.0 0.0 0.0 0.0 0.0 0.0 0.0,0.0,0,48117,0 2 2 0 0 136 -83,0.0 0.0 0.0 0.0 0.0 0.2909090909090909 0.3181818181818182,3.2272727272727275,0,48041,0 2 2 0 0 165 -54,0.0 0.0 0.0 0.0 0.0 0.8181818181818182 0.9772727272727273,9.159090909090908,0,46606,0 2 2 0 0 165 -55,0.0 0.0 0.0 0.0 0.0 0.8181818181818182 0.9545454545454546,9.136363636363637,0,46607,0 2 2 0 0 165 -55,0.0 0.0 0.0 0.0 0.0 0.8181818181818182 0.9545454545454546,9.136363636363637,0,46607,0 2 2 0 0 165 -54,0.0 0.0 0.0 0.0 0.0 0.8181818181818182 0.9772727272727273,9.159090909090908,0,46606,0 2 2 0 0 165 -53,0.0 0.0 0.0 0.0 0.0 0.8181818181818182 1.0,9.181818181818182,0,46605,0 2 2 0 0 165 -53,0.0 0.0 0.0 0.0 0.0 0.8181818181818182 1.0,9.181818181818182,0,46605,0 2 2 0 0 175 -79,0.0 0.0 0.0 0.0 0.0 1.0 0.4090909090909091,10.409090909090908,0,46602,0 2 2 0 0 165 -54,0.0 0.0 0.0 0.0 0.0 0.8181818181818182 0.9772727272727273,9.159090909090908,0,46606,0 2 2 0 0 165 -54,0.0 0.0 0.0 0.0 0.0 0.8181818181818182 0.9772727272727273,9.159090909090908,0,46606,0 2 2 0 0 165 -54,0.0 0.0 0.0 0.0 0.0 0.8181818181818182 0.9772727272727273,9.159090909090908,0,46606,0 2 2 0 0 165 -54,0.0 0.0 0.0 0.0 0.0 0.8181818181818182 0.9772727272727273,9.159090909090908,0,46606,0 2 2 0 0 165 -55,0.0 0.0 0.0 0.0 0.0 0.8181818181818182 0.9545454545454546,9.136363636363637,0,46607,0 2 2 0 0 165 -53,0.0 0.0 0.0 0.0 0.0 0.8181818181818182 1.0,9.181818181818182,0,46605,0 2 2 0 0 165 -54,0.0 0.0 0.0 0.0 0.0 0.8181818181818182 0.9772727272727273,9.159090909090908,0,46606,0 2 2 0 0 165 -54,0.0 0.0 0.0 0.0 0.0 0.8181818181818182 0.9772727272727273,9.159090909090908,0,46606,0 2 2 0 0 165 -54,0.0 0.0 0.0 0.0 0.0 0.8181818181818182 0.9772727272727273,9.159090909090908,0,46606
resolved-c28d-3600-all/resolved-c28d-3600-1st/nsp-n30-d28-r0.10-rp2-fp2-s3,0 2 4 6 0 194 -51,0.0 0.0 1.0 1.0 0.0 1.0 0.5555555555555556,11010.555555555555,0,4303,0 2 0 2 0 109 -81,0.0 0.0 0.0 0.0 0.0 0.0 0.0,0.0,0,37473,0 2 0 2 0 130 -59,0.0 0.0 0.0 0.0 0.0 0.24705882352941178 0.4074074074074074,2.877995642701525,0,37405,0 2 0 2 0 163 -29,0.0 0.0 0.0 0.0 0.0 0.6352941176470588 0.9629629629629629,7.315904139433551,0,47909,0 2 0 2 0 163 -27,0.0 0.0 0.0 0.0 0.0 0.6352941176470588 1.0,7.352941176470588,0,47907,0 2 0 2 0 163 -28,0.0 0.0 0.0 0.0 0.0 0.6352941176470588 0.9814814814814815,7.33442265795207,0,47908,0 2 0 2 0 163 -28,0.0 0.0 0.0 0.0 0.0 0.6352941176470588 0.9814814814814815,7.33442265795207,0,47908,0 2 0 2 0 163 -29,0.0 0.0 0.0 0.0 0.0 0.6352941176470588 0.9629629629629629,7.315904139433551,0,47909,0 2 0 2 0 163 -30,0.0 0.0 0.0 0.0 0.0 0.6352941176470588 0.9444444444444444,7.2973856209150325,0,47910,0 2 0 2 0 163 -29,0.0 0.0 0.0 0.0 0.0 0.6352941176470588 0.9629629629629629,7.315904139433551,0,47909,0 2 0 2 0 163 -29,0.0 0.0 0.0 0.0 0.0 0.6352941176470588 0.9629629629629629,7.315904139433551,0,47909,0 2 0 2 0 163 -29,0.0 0.0 0.0 0.0 0.0 0.6352941176470588 0.9629629629629629,7.315904139433551,0,47909,0 2 0 2 0 163 -27,0.0 0.0 0.0 0.0 0.0 0.6352941176470588 1.0,7.352941176470588,0,47907,0 2 0 2 0 163 -30,0.0 0.0 0.0 0.0 0.0 0.6352941176470588 0.9444444444444444,7.2973856209150325,0,47910,0 2 0 2 0 163 -29,0.0 0.0 0.0 0.0 0.0 0.6352941176470588 0.9629629629629629,7.315904139433551,0,47909,0 2 0 2 0 163 -30,0.0 0.0 0.0 0.0 0.0 0.6352941176470588 0.9444444444444444,7.2973856209150325,0,47910,0 2 0 2 0 163 -28,0.0 0.0 0.0 0.0 0.0 0.6352941176470588 0.9814814814814815,7.33442265795207,0,47908,0 2 0 2 0 172 -81,0.0 0.0 0.0 0.0 0.0 0.7411764705882353 0.0,7.411764705882353,0,47880,0 2 0 2 0 163 -27,0.0 0.0 0.0 0.0 0.0 0.6352941176470588 1.0,7.352941176470588,0,47907
resolved-c28d-3600-all/resolved-c28d-3600-1st/nsp-n10-d28-r0.10-rp0-fp0-s9,0 0 0 0 0 77 -47,0.0 0.0 0.0 0.0 0.0 0.5 0.0,5.0,0,239,0 0 0 0 0 69 -47,0.0 0.0 0.0 0.0 0.0 0.0 0.0,0.0,0,271,0 0 0 0 0 71 -46,0.0 0.0 0.0 0.0 0.0 0.125 0.125,1.375,0,267,0 0 0 0 0 85 -39,0.0 0.0 0.0 0.0 0.0 1.0 1.0,11.0,0,204,0 0 0 0 0 85 -39,0.0 0.0 0.0 0.0 0.0 1.0 1.0,11.0,0,204,0 0 0 0 0 85 -39,0.0 0.0 0.0 0.0 0.0 1.0 1.0,11.0,0,204,0 0 0 0 0 85 -39,0.0 0.0 0.0 0.0 0.0 1.0 1.0,11.0,0,204,0 0 0 0 0 85 -39,0.0 0.0 0.0 0.0 0.0 1.0 1.0,11.0,0,204,0 0 0 0 0 85 -39,0.0 0.0 0.0 0.0 0.0 1.0 1.0,11.0,0,204,0 0 0 0 0 85 -39,0.0 0.0 0.0 0.0 0.0 1.0 1.0,11.0,0,204,0 0 0 0 0 85 -39,0.0 0.0 0.0 0.0 0.0 1.0 1.0,11.0,0,204,0 0 0 0 0 85 -39,0.0 0.0 0.0 0.0 0.0 1.0 1.0,11.0,0,204,0 0 0 0 0 85 -39,0.0 0.0 0.0 0.0 0.0 1.0 1.0,11.0,0,204,0 0 0 0 0 85 -39,0.0 0.0 0.0 0.0 0.0 1.0 1.0,11.0,0,204,0 0 0 0 0 85 -39,0.0 0.0 0.0 0.0 0.0 1.0 1.0,11.0,0,204,0 0 0 0 0 85 -39,0.0 0.0 0.0 0.0 0.0 1.0 1.0,11.0,0,204,0 0 0 0 0 85 -39,0.0 0.0 0.0 0.0 0.0 1.0 1.0,11.0,0,204,0 0 0 0 0 85 -39,0.0 0.0 0.0 0.0 0.0 1.0 1.0,11.0,0,204,0 0 0 0 0 85 -39,0.0 0.0 0.0 0.0 0.0 1.0 1.0,11.0,0,204
resolved-c28d-3600-all/resolved-c28d-3600-1st/nsp-n50-d28-r0.10-rp2-fp2-s1,0 0 38 608 14 1287 -70,0.0 0.0 1.0 1.0 1.0 1.0 1.0,11111.0,0,4328,0 0 2 2 0 257 -180,0.0 0.0 0.0 0.0 0.0 0.0 0.0,0.0,0,7670,0 0 2 2 0 334 -148,0.0 0.0 0.0 0.0 0.0 0.07475728155339806 0.2909090909090909,1.0384819064430715,0,7537,0 0 2 2 0 467 -124,0.0 0.0 0.0 0.0 0.0 0.20388349514563106 0.509090909090909,2.5479258605472195,0,8535,0 0 2 2 0 467 -124,0.0 0.0 0.0 0.0 0.0 0.20388349514563106 0.509090909090909,2.5479258605472195,0,8535,0 0 2 2 0 467 -124,0.0 0.0 0.0 0.0 0.0 0.20388349514563106 0.509090909090909,2.5479258605472195,0,8535,0 0 2 2 0 472 -129,0.0 0.0 0.0 0.0 0.0 0.2087378640776699 0.4636363636363636,2.5510150044130624,0,8533,0 0 2 2 0 472 -129,0.0 0.0 0.0 0.0 0.0 0.2087378640776699 0.4636363636363636,2.5510150044130624,0,8533,0 0 2 2 0 467 -124,0.0 0.0 0.0 0.0 0.0 0.20388349514563106 0.509090909090909,2.5479258605472195,0,8535,0 0 2 2 0 467 -124,0.0 0.0 0.0 0.0 0.0 0.20388349514563106 0.509090909090909,2.5479258605472195,0,8535,0 0 2 2 0 467 -124,0.0 0.0 0.0 0.0 0.0 0.20388349514563106 0.509090909090909,2.5479258605472195,0,8535,0 0 2 2 0 472 -129,0.0 0.0 0.0 0.0 0.0 0.2087378640776699 0.4636363636363636,2.5510150044130624,0,8533,0 0 2 2 0 467 -124,0.0 0.0 0.0 0.0 0.0 0.20388349514563106 0.509090909090909,2.5479258605472195,0,8535,0 0 2 2 0 467 -124,0.0 0.0 0.0 0.0 0.0 0.20388349514563106 0.509090909090909,2.5479258605472195,0,8535,0 0 2 2 0 467 -124,0.0 0.0 0.0 0.0 0.0 0.20388349514563106 0.509090909090909,2.5479258605472195,0,8535,0 0 2 2 0 467 -124,0.0 0.0 0.0 0.0 0.0 0.20388349514563106 0.509090909090909,2.5479258605472195,0,8535,0 0 2 2 0 467 -124,0.0 0.0 0.0 0.0 0.0 0.20388349514563106 0.509090909090909,2.5479258605472195,0,8535,0 0 2 2 0 472 -129,0.0 0.0 0.0 0.0 0.0 0.2087378640776699 0.4636363636363636,2.5510150044130624,0,8533,0 0 2 2 0 467 -124,0.0 0.0 0.0 0.0 0.0 0.20388349514563106 0.509090909090909,2.5479258605472195,0,8535
resolved-c28d-3600-all/resolved-c28d-3600-1st/nsp-n20-d28-r0.10-rp2-fp2-s7,0 0 0 0 0 45 -92,0.0 0.0 0.0 0.0 0.0 0.0 0.08196721311475409,0.08196721311475409,0,341,0 0 0 0 0 46 -76,0.0 0.0 0.0 0.0 0.0 0.07692307692307693 0.3442622950819672,1.1134930643127365,0,354,0 0 0 0 0 45 -97,0.0 0.0 0.0 0.0 0.0 0.0 0.0,0.0,0,340,0 0 0 0 0 58 -36,0.0 0.0 0.0 0.0 0.0 1.0 1.0,11.0,0,120,0 0 0 0 0 58 -36,0.0 0.0 0.0 0.0 0.0 1.0 1.0,11.0,0,120,0 0 0 0 0 58 -36,0.0 0.0 0.0 0.0 0.0 1.0 1.0,11.0,0,120,0 0 0 0 0 58 -36,0.0 0.0 0.0 0.0 0.0 1.0 1.0,11.0,0,120,0 0 0 0 0 58 -36,0.0 0.0 0.0 0.0 0.0 1.0 1.0,11.0,0,120,0 0 0 0 0 58 -36,0.0 0.0 0.0 0.0 0.0 1.0 1.0,11.0,0,120,0 0 0 0 0 58 -36,0.0 0.0 0.0 0.0 0.0 1.0 1.0,11.0,0,120,0 0 0 0 0 58 -36,0.0 0.0 0.0 0.0 0.0 1.0 1.0,11.0,0,120,0 0 0 0 0 58 -36,0.0 0.0 0.0 0.0 0.0 1.0 1.0,11.0,0,120,0 0 0 0 0 58 -36,0.0 0.0 0.0 0.0 0.0 1.0 1.0,11.0,0,120,0 0 0 0 0 58 -36,0.0 0.0 0.0 0.0 0.0 1.0 1.0,11.0,0,120,0 0 0 0 0 58 -36,0.0 0.0 0.0 0.0 0.0 1.0 1.0,11.0,0,120,0 0 0 0 0 58 -36,0.0 0.0 0.0 0.0 0.0 1.0 1.0,11.0,0,120,0 0 0 0 0 58 -36,0.0 0.0 0.0 0.0 0.0 1.0 1.0,11.0,0,120,0 0 0 0 0 58 -36,0.0 0.0 0.0 0.0 0.0 1.0 1.0,11.0,0,120,0 0 0 0 0 58 -36,0.0 0.0 0.0 0.0 0.0 1.0 1.0,11.0,0,120
resolved-c28d-3600-all/resolved-c28d-3600-1st/nsp-n40-d28-r0.10-rp2-fp2-s8,0 0 0 0 0 163 -203,0.0 0.0 0.0 0.0 0.0 0.0 0.0,0.0,0,744,0 0 0 0 0 166 -176,0.0 0.0 0.0 0.0 0.0 0.01764705882352941 0.2523364485981308,0.4288070368334249,0,623,0 0 0 0 0 193 -145,0.0 0.0 0.0 0.0 0.0 0.17647058823529413 0.5420560747663551,2.3067619571192965,0,605,0 0 0 0 0 329 -158,0.0 0.0 0.0 0.0 0.0 0.9764705882352941 0.4205607476635514,10.185266630016491,0,217,0 0 0 0 0 329 -158,0.0 0.0 0.0 0.0 0.0 0.9764705882352941 0.4205607476635514,10.185266630016491,0,217,0 0 0 0 0 329 -158,0.0 0.0 0.0 0.0 0.0 0.9764705882352941 0.4205607476635514,10.185266630016491,0,217,0 0 0 0 0 329 -158,0.0 0.0 0.0 0.0 0.0 0.9764705882352941 0.4205607476635514,10.185266630016491,0,217,0 0 0 0 0 308 -96,0.0 0.0 0.0 0.0 0.0 0.8529411764705882 1.0,9.529411764705882,0,220,0 0 0 0 0 308 -96,0.0 0.0 0.0 0.0 0.0 0.8529411764705882 1.0,9.529411764705882,0,220,0 0 0 0 0 329 -158,0.0 0.0 0.0 0.0 0.0 0.9764705882352941 0.4205607476635514,10.185266630016491,0,217,0 0 0 0 0 308 -96,0.0 0.0 0.0 0.0 0.0 0.8529411764705882 1.0,9.529411764705882,0,220,0 0 0 0 0 329 -158,0.0 0.0 0.0 0.0 0.0 0.9764705882352941 0.4205607476635514,10.185266630016491,0,217,0 0 0 0 0 308 -96,0.0 0.0 0.0 0.0 0.0 0.8529411764705882 1.0,9.529411764705882,0,220,0 0 0 0 0 308 -96,0.0 0.0 0.0 0.0 0.0 0.8529411764705882 1.0,9.529411764705882,0,220,0 0 0 0 0 329 -158,0.0 0.0 0.0 0.0 0.0 0.9764705882352941 0.4205607476635514,10.185266630016491,0,217,0 0 0 0 0 333 -126,0.0 0.0 0.0 0.0 0.0 1.0 0.719626168224299,10.719626168224298,0,212,0 0 0 0 0 329 -158,0.0 0.0 0.0 0.0 0.0 0.9764705882352941 0.4205607476635514,10.185266630016491,0,217,0 0 0 0 0 329 -158,0.0 0.0 0.0 0.0 0.0 0.9764705882352941 0.4205607476635514,10.185266630016491,0,217,0 0 0 0 0 329 -158,0.0 0.0 0.0 0.0 0.0 0.9764705882352941 0.4205607476635514,10.185266630016491,0,217
resolved-c28d-3600-all/resolved-c28d-3600-1st/nsp-n10-d28-r0.10-rp0-fp0-s6,0 1 2 0 0 79 -36,0.0 0.0 0.0 0.0 0.0 0.15789473684210525 0.0,1.5789473684210527,0,13765,0 1 2 0 0 76 -36,0.0 0.0 0.0 0.0 0.0 0.0 0.0,0.0,0,13987,0 1 2 0 0 76 -35,0.0 0.0 0.0 0.0 0.0 0.0 0.07142857142857142,0.07142857142857142,0,13958,0 1 2 0 0 95 -22,0.0 0.0 0.0 0.0 0.0 1.0 1.0,11.0,0,16197,0 1 2 0 0 95 -22,0.0 0.0 0.0 0.0 0.0 1.0 1.0,11.0,0,16197,0 1 2 0 0 95 -23,0.0 0.0 0.0 0.0 0.0 1.0 0.9285714285714286,10.928571428571429,0,16198,0 1 2 0 0 95 -24,0.0 0.0 0.0 0.0 0.0 1.0 0.8571428571428571,10.857142857142858,0,16199,0 1 2 0 0 95 -22,0.0 0.0 0.0 0.0 0.0 1.0 1.0,11.0,0,16197,0 1 2 0 0 95 -22,0.0 0.0 0.0 0.0 0.0 1.0 1.0,11.0,0,16197,0 1 2 0 0 95 -23,0.0 0.0 0.0 0.0 0.0 1.0 0.9285714285714286,10.928571428571429,0,16198,0 1 2 0 0 95 -24,0.0 0.0 0.0 0.0 0.0 1.0 0.8571428571428571,10.857142857142858,0,16199,0 1 2 0 0 95 -22,0.0 0.0 0.0 0.0 0.0 1.0 1.0,11.0,0,16197,0 1 2 0 0 95 -24,0.0 0.0 0.0 0.0 0.0 1.0 0.8571428571428571,10.857142857142858,0,16199,0 1 2 0 0 95 -22,0.0 0.0 0.0 0.0 0.0 1.0 1.0,11.0,0,16197,0 1 2 0 0 95 -25,0.0 0.0 0.0 0.0 0.0 1.0 0.7857142857142857,10.785714285714286,0,16200,0 1 2 0 0 95 -22,0.0 0.0 0.0 0.0 0.0 1.0 1.0,11.0,0,16197,0 1 2 0 0 95 -22,0.0 0.0 0.0 0.0 0.0 1.0 1.0,11.0,0,16197,0 1 2 0 0 95 -22,0.0 0.0 0.0 0.0 0.0 1.0 1.0,11.0,0,16197,0 1 2 0 0 95 -23,0.0 0.0 0.0 0.0 0.0 1.0 0.9285714285714286,10.928571428571429,0,16198
resolved-c28d-3600-all/resolved-c28d-3600-1st/nsp-n40-d28-r0.10-rp2-fp2-s4,0 3 36 526 4 922 -89,0.0 0.0 0.046511627906976744 0.048058474189127454 0.041237113402061855 0.17698452321517724 0.3526315789473684,519.4209414102002,0,5114,0 3 774 10945 8 4219 -156,0.0 0.0 1.0 1.0 0.08247422680412371 1.0 0.0,11018.247422680412,0,2480,0 3 0 0 0 213 -147,0.0 0.0 0.0 0.0 0.0 0.0 0.04736842105263158,0.04736842105263158,0,16520,0 3 310 428 88 2706 34,0.0 0.0 0.4005167958656331 0.03910461397898584 0.9072164948453608 0.6223165252121817 1.0,4142.217387371975,0,40058,0 3 41 352 67 1794 -22,0.0 0.0 0.05297157622739018 0.032160804020100506 0.6907216494845361 0.3946580129805292 0.7052631578947368,635.600574530156,0,43903,0 3 41 343 47 1751 -22,0.0 0.0 0.05297157622739018 0.03133851073549566 0.4845360824742268 0.3839241138292561 0.7052631578947368,614.0523855530075,0,43912,0 3 37 347 51 1590 -6,0.0 0.0 0.04780361757105943 0.031703974417542254 0.5257731958762887 0.3437343984023964 0.7894736842105263,566.544287384,0,44093,0 3 41 318 44 1656 -4,0.0 0.0 0.05297157622739018 0.02905436272270443 0.4536082474226804 0.36020968547179233 0.8,608.5330465935923,0,43985,0 3 3 307 29 1368 5,0.0 0.0 0.003875968992248062 0.028049337597076292 0.29896907216494845 0.28831752371442837 0.8473684210526315,100.43647839424867,0,44866,0 3 282 326 64 2496 -4,0.0 0.0 0.3643410852713178 0.029785290086797624 0.6597938144329897 0.5698951572641039 0.8,3745.6744758159157,0,41194,0 3 13 261 26 1422 -7,0.0 0.0 0.016795865633074936 0.02384650525354043 0.26804123711340205 0.3017973040439341 0.7842105263157895,222.41146886238514,0,44507,0 3 0 348 57 1389 -29,0.0 0.0 0.0 0.0317953403380539 0.5876288659793815 0.29355966050923615 0.6684210526315789,94.162244593716,0,45109,0 3 4 277 23 1271 -6,0.0 0.0 0.00516795865633075 0.025308359981726817 0.23711340206185566 0.2641038442336495 0.7894736842105263,104.1297988777669,0,44840,0 3 0 233 38 1253 -5,0.0 0.0 0.0 0.021288259479214252 0.3917525773195876 0.25961058412381427 0.7947368421052632,63.85435989451642,0,45243,0 3 38 317 50 1645 22,0.0 0.0 0.04909560723514212 0.028962996802192782 0.5154639175257731 0.3574638042935597 0.9368421052631579,575.9769410543901,0,44069,0 3 0 99 4 929 -2,0.0 0.0 0.0 0.009045226130653266 0.041237113402061855 0.17873190214677984 0.8105263157894737,15.766782808116723,0,46285,0 3 0 333 54 1306 -19,0.0 0.0 0.0 0.030424851530379167 0.5567010309278351 0.2728407388916625 0.7210526315789474,89.54441464365824,0,45116,0 3 0 289 37 1299 -13,0.0 0.0 0.0 0.026404751027866605 0.38144329896907214 0.2710933599600599 0.7526315789473684,68.01264610332179,0,45129,0 3 238 359 97 2849 10,0.0 0.0 0.30749354005167956 0.03280036546368205 1.0 0.6580129805292062 0.8736842105263158,3215.1895799962963,0,43220
resolved-c28d-3600-all/resolved-c28d-3600-1st/nsp-n10-d28-r0.10-rp0-fp0-s8,0 1 0 2 0 80 -36,0.0 0.0 0.0 0.0 0.0 0.11764705882352941 0.0,1.1764705882352942,0,36390,0 1 0 2 0 79 -34,0.0 0.0 0.0 0.0 0.0 0.058823529411764705 0.2,0.7882352941176471,0,36369,0 1 0 2 0 78 -32,0.0 0.0 0.0 0.0 0.0 0.0 0.4,0.4,0,36361,0 1 0 2 0 95 -26,0.0 0.0 0.0 0.0 0.0 1.0 1.0,11.0,0,36467,0 1 0 2 0 95 -26,0.0 0.0 0.0 0.0 0.0 1.0 1.0,11.0,0,36467,0 1 0 2 0 95 -26,0.0 0.0 0.0 0.0 0.0 1.0 1.0,11.0,0,36467,0 1 0 2 0 95 -26,0.0 0.0 0.0 0.0 0.0 1.0 1.0,11.0,0,36467,0 1 0 2 0 95 -26,0.0 0.0 0.0 0.0 0.0 1.0 1.0,11.0,0,36467,0 1 0 2 0 95 -26,0.0 0.0 0.0 0.0 0.0 1.0 1.0,11.0,0,36467,0 1 0 2 0 95 -26,0.0 0.0 0.0 0.0 0.0 1.0 1.0,11.0,0,36467,0 1 0 2 0 95 -26,0.0 0.0 0.0 0.0 0.0 1.0 1.0,11.0,0,36467,0 1 0 2 0 95 -26,0.0 0.0 0.0 0.0 0.0 1.0 1.0,11.0,0,36467,0 1 0 2 0 95 -26,0.0 0.0 0.0 0.0 0.0 1.0 1.0,11.0,0,36467,0 1 0 2 0 95 -26,0.0 0.0 0.0 0.0 0.0 1.0 1.0,11.0,0,36467,0 1 0 2 0 95 -26,0.0 0.0 0.0 0.0 0.0 1.0 1.0,11.0,0,36467,0 1 0 2 0 95 -26,0.0 0.0 0.0 0.0 0.0 1.0 1.0,11.0,0,36467,0 1 0 2 0 95 -26,0.0 0.0 0.0 0.0 0.0 1.0 1.0,11.0,0,36467,0 1 0 2 0 95 -26,0.0 0.0 0.0 0.0 0.0 1.0 1.0,11.0,0,36467,0 1 0 2 0 95 -26,0.0 0.0 0.0 0.0 0.0 1.0 1.0,11.0,0,36467
resolved-c28d-3600-all/resolved-c28d-3600-1st/nsp-n50-d28-r0.10-rp2-fp2-s6,0 2 43 483 11 1272 -132,0.0 0.0 1.0 1.0 1.0 1.0 1.0,11111.0,0,5707,0 2 2 0 0 288 -159,0.0 0.0 0.0 0.0 0.0 0.0 0.15625,0.15625,0,25240,0 2 2 0 0 353 -145,0.0 0.0 0.0 0.0 0.0 0.06605691056910569 0.59375,1.254319105691057,0,25128,0 2 2 0 0 326 -163,0.0 0.0 0.0 0.0 0.0 0.03861788617886179 0.03125,0.41742886178861793,0,19620,0 2 2 0 0 326 -164,0.0 0.0 0.0 0.0 0.0 0.03861788617886179 0.0,0.38617886178861793,0,19621,0 2 2 0 0 326 -163,0.0 0.0 0.0 0.0 0.0 0.03861788617886179 0.03125,0.41742886178861793,0,19620,0 2 2 0 0 326 -164,0.0 0.0 0.0 0.0 0.0 0.03861788617886179 0.0,0.38617886178861793,0,19621,0 2 2 0 0 326 -164,0.0 0.0 0.0 0.0 0.0 0.03861788617886179 0.0,0.38617886178861793,0,19621,0 2 2 0 0 326 -164,0.0 0.0 0.0 0.0 0.0 0.03861788617886179 0.0,0.38617886178861793,0,19621,0 2 2 0 0 326 -164,0.0 0.0 0.0 0.0 0.0 0.03861788617886179 0.0,0.38617886178861793,0,19621,0 2 2 0 0 326 -163,0.0 0.0 0.0 0.0 0.0 0.03861788617886179 0.03125,0.41742886178861793,0,19620,0 2 2 0 0 326 -164,0.0 0.0 0.0 0.0 0.0 0.03861788617886179 0.0,0.38617886178861793,0,19621,0 2 2 0 0 326 -164,0.0 0.0 0.0 0.0 0.0 0.03861788617886179 0.0,0.38617886178861793,0,19621,0 2 2 0 0 326 -164,0.0 0.0 0.0 0.0 0.0 0.03861788617886179 0.0,0.38617886178861793,0,19621,0 2 2 0 0 326 -163,0.0 0.0 0.0 0.0 0.0 0.03861788617886179 0.03125,0.41742886178861793,0,19620,0 2 2 0 0 326 -164,0.0 0.0 0.0 0.0 0.0 0.03861788617886179 0.0,0.38617886178861793,0,19621,0 2 2 0 0 326 -163,0.0 0.0 0.0 0.0 0.0 0.03861788617886179 0.03125,0.41742886178861793,0,19620,0 2 2 0 0 326 -163,0.0 0.0 0.0 0.0 0.0 0.03861788617886179 0.03125,0.41742886178861793,0,19620,0 2 2 0 0 326 -164,0.0 0.0 0.0 0.0 0.0 0.03861788617886179 0.0,0.38617886178861793,0,19621
resolved-c28d-3600-all/resolved-c28d-3600-1st/nsp-n40-d28-r0.10-rp2-fp2-s5,0 22 348 273 65 2434 -41,0.0 0.0 0.0 0.0 0.0 0.7403751233958539 0.0,7.4037512339585385,0,9954,1 157 485 424 80 2534 -7,1.0 0.30201342281879195 0.20980091883614088 0.19635890767230169 0.1744186046511628 0.8390918065153011 0.4358974358974359,1032521.979053879,0,16926,1 223 692 458 102 2697 -8,1.0 0.44966442953020136 0.5267993874425727 0.24057217165149544 0.43023255813953487 1.0 0.4230769230769231,1050528.4553318345,0,14393,0 460 1001 935 151 1773 4,0.0 0.9798657718120806 1.0 0.8608582574772432 1.0 0.087857847976308 0.5769230769230769,108948.890940242,0,28495,0 460 1001 935 151 1773 4,0.0 0.9798657718120806 1.0 0.8608582574772432 1.0 0.087857847976308 0.5769230769230769,108948.890940242,0,28495,0 461 1001 938 151 1772 3,0.0 0.9821029082774049 1.0 0.8647594278283485 1.0 0.08687068114511352 0.5641025641025641,109176.48306494439,0,28452,0 460 1001 935 151 1773 4,0.0 0.9798657718120806 1.0 0.8608582574772432 1.0 0.087857847976308 0.5769230769230769,108948.890940242,0,28495,0 460 1001 935 151 1773 4,0.0 0.9798657718120806 1.0 0.8608582574772432 1.0 0.087857847976308 0.5769230769230769,108948.890940242,0,28495,0 460 1000 1042 128 1850 12,0.0 0.9798657718120806 0.998468606431853 1.0 0.7325581395348837 0.16386969397828233 0.6794871794871795,109046.83724359935,0,28523,0 460 1001 935 151 1773 4,0.0 0.9798657718120806 1.0 0.8608582574772432 1.0 0.087857847976308 0.5769230769230769,108948.890940242,0,28495,0 460 1001 935 151 1773 4,0.0 0.9798657718120806 1.0 0.8608582574772432 1.0 0.087857847976308 0.5769230769230769,108948.890940242,0,28495,0 464 880 951 147 1684 12,0.0 0.9888143176733781 0.8147013782542113 0.881664499349805 0.9534883720930233 0.0 0.6794871794871795,108006.13837361852,0,28351,0 461 1001 935 151 1771 4,0.0 0.9821029082774049 1.0 0.8608582574772432 1.0 0.08588351431391905 0.5769230769230769,109172.5848434378,0,28466,0 460 1001 935 151 1773 4,0.0 0.9798657718120806 1.0 0.8608582574772432 1.0 0.087857847976308 0.5769230769230769,108948.890940242,0,28495,0 469 919 887 151 1728 37,0.0 1.0 0.8744257274119449 0.7984395318595578 1.0 0.04343534057255676 1.0,109644.13115938473,0,27890,0 464 880 951 147 1684 12,0.0 0.9888143176733781 0.8147013782542113 0.881664499349805 0.9534883720930233 0.0 0.6794871794871795,108006.13837361852,0,28351,0 460 1001 935 151 1773 4,0.0 0.9798657718120806 1.0 0.8608582574772432 1.0 0.087857847976308 0.5769230769230769,108948.890940242,0,28495,0 461 1001 935 151 1771 6,0.0 0.9821029082774049 1.0 0.8608582574772432 1.0 0.08588351431391905 0.6025641025641025,109172.61048446344,0,28465,0 460 1001 935 151 1773 4,0.0 0.9798657718120806 1.0 0.8608582574772432 1.0 0.087857847976308 0.5769230769230769,108948.890940242,0,28495
resolved-c28d-3600-all/resolved-c28d-3600-1st/nsp-n20-d28-r0.10-rp2-fp2-s0,0 0 0 0 0 49 -84,0.0 0.0 0.0 0.0 0.0 0.0 0.0625,0.0625,0,300,0 0 0 0 0 54 -81,0.0 0.0 0.0 0.0 0.0 0.25 0.15625,2.65625,0,255,0 0 0 0 0 56 -86,0.0 0.0 0.0 0.0 0.0 0.35 0.0,3.5,0,208,0 0 0 0 0 69 -54,0.0 0.0 0.0 0.0 0.0 1.0 1.0,11.0,0,166,0 0 0 0 0 69 -54,0.0 0.0 0.0 0.0 0.0 1.0 1.0,11.0,0,166,0 0 0 0 0 69 -54,0.0 0.0 0.0 0.0 0.0 1.0 1.0,11.0,0,166,0 0 0 0 0 69 -54,0.0 0.0 0.0 0.0 0.0 1.0 1.0,11.0,0,166,0 0 0 0 0 69 -54,0.0 0.0 0.0 0.0 0.0 1.0 1.0,11.0,0,166,0 0 0 0 0 69 -54,0.0 0.0 0.0 0.0 0.0 1.0 1.0,11.0,0,166,0 0 0 0 0 69 -54,0.0 0.0 0.0 0.0 0.0 1.0 1.0,11.0,0,166,0 0 0 0 0 69 -54,0.0 0.0 0.0 0.0 0.0 1.0 1.0,11.0,0,166,0 0 0 0 0 69 -54,0.0 0.0 0.0 0.0 0.0 1.0 1.0,11.0,0,166,0 0 0 0 0 69 -54,0.0 0.0 0.0 0.0 0.0 1.0 1.0,11.0,0,166,0 0 0 0 0 69 -54,0.0 0.0 0.0 0.0 0.0 1.0 1.0,11.0,0,166,0 0 0 0 0 69 -54,0.0 0.0 0.0 0.0 0.0 1.0 1.0,11.0,0,166,0 0 0 0 0 69 -54,0.0 0.0 0.0 0.0 0.0 1.0 1.0,11.0,0,166,0 0 0 0 0 69 -54,0.0 0.0 0.0 0.0 0.0 1.0 1.0,11.0,0,166,0 0 0 0 0 69 -54,0.0 0.0 0.0 0.0 0.0 1.0 1.0,11.0,0,166,0 0 0 0 0 69 -54,0.0 0.0 0.0 0.0 0.0 1.0 1.0,11.0,0,166
resolved-c28d-3600-all/resolved-c28d-3600-1st/nsp-n10-d28-r0.10-rp0-fp0-s1,0 1 0 0 0 70 -42,0.0 0.0 0.0 0.0 0.0 0.13636363636363635 0.125,1.4886363636363635,0,37438,0 1 0 0 0 68 -45,0.0 0.0 0.0 0.0 0.0 0.045454545454545456 0.0,0.4545454545454546,0,37424,0 1 0 0 0 67 -40,0.0 0.0 0.0 0.0 0.0 0.0 0.20833333333333334,0.20833333333333334,0,37377,0 1 0 0 0 89 -21,0.0 0.0 0.0 0.0 0.0 1.0 1.0,11.0,0,37150,0 1 0 0 0 89 -21,0.0 0.0 0.0 0.0 0.0 1.0 1.0,11.0,0,37150,0 1 0 0 0 89 -21,0.0 0.0 0.0 0.0 0.0 1.0 1.0,11.0,0,37150,0 1 0 0 0 89 -21,0.0 0.0 0.0 0.0 0.0 1.0 1.0,11.0,0,37150,0 1 0 0 0 89 -24,0.0 0.0 0.0 0.0 0.0 1.0 0.875,10.875,0,37151,0 1 0 0 0 89 -21,0.0 0.0 0.0 0.0 0.0 1.0 1.0,11.0,0,37150,0 1 0 0 0 89 -21,0.0 0.0 0.0 0.0 0.0 1.0 1.0,11.0,0,37150,0 1 0 0 0 89 -21,0.0 0.0 0.0 0.0 0.0 1.0 1.0,11.0,0,37150,0 1 0 0 0 89 -21,0.0 0.0 0.0 0.0 0.0 1.0 1.0,11.0,0,37150,0 1 0 0 0 89 -21,0.0 0.0 0.0 0.0 0.0 1.0 1.0,11.0,0,37150,0 1 0 0 0 89 -21,0.0 0.0 0.0 0.0 0.0 1.0 1.0,11.0,0,37150,0 1 0 0 0 89 -21,0.0 0.0 0.0 0.0 0.0 1.0 1.0,11.0,0,37150,0 1 0 0 0 89 -21,0.0 0.0 0.0 0.0 0.0 1.0 1.0,11.0,0,37150,0 1 0 0 0 89 -21,0.0 0.0 0.0 0.0 0.0 1.0 1.0,11.0,0,37150,0 1 0 0 0 89 -21,0.0 0.0 0.0 0.0 0.0 1.0 1.0,11.0,0,37150,0 1 0 0 0 89 -21,0.0 0.0 0.0 0.0 0.0 1.0 1.0,11.0,0,37150
resolved-c28d-3600-all/resolved-c28d-3600-1st/nsp-n30-d28-r0.10-rp2-fp2-s6,0 24 14 14 0 303 -38,0.0 0.03076923076923077 0.0 0.0 0.0 0.0 0.0,3076.923076923077,0,15363,0 97 324 424 49 1185 35,0.0 0.40512820512820513 0.2654109589041096 0.6317411402157165 0.2 0.2687385740402194 0.9864864864864865,43822.34511430422,0,14102,0 213 331 435 67 1072 34,0.0 1.0 0.2714041095890411 0.6486902927580893 0.27346938775510204 0.23430834856794638 0.972972972972973,103393.39438388267,0,16998,0 21 1017 612 231 3497 29,0.0 0.015384615384615385 0.8587328767123288 0.9214175654853621 0.9428571428571428 0.9731870810481413 0.9054054054054054,11152.13086157179,0,26990,0 32 1094 642 233 3560 31,0.0 0.07179487179487179 0.9246575342465754 0.9676425269645609 0.9510204081632653 0.9923826934795856 0.9324324324324325,17499.663349101047,0,24766,0 28 1096 650 245 3585 26,0.0 0.05128205128205128 0.9263698630136986 0.9799691833590138 1.0 1.0 0.8648648648648649,15482.737806565992,0,24985,0 24 1053 598 194 3476 34,0.0 0.03076923076923077 0.889554794520548 0.8998459167950693 0.7918367346938775 0.9667885435709933 0.972972972972973,12962.141470801698,0,26014,0 23 1065 616 208 3507 31,0.0 0.02564102564102564 0.8998287671232876 0.9275808936825886 0.8489795918367347 0.9762340036563071 0.9324324324324325,12585.563860670698,0,26275,0 34 1134 616 210 3419 9,0.0 0.08205128205128205 0.958904109589041 0.9275808936825886 0.8571428571428571 0.9494210847044485 0.6351351351351351,18817.593826397668,0,24259,0 36 1182 663 220 3222 17,0.0 0.09230769230769231 1.0 1.0 0.8979591836734694 0.8893967093235832 0.7432432432432432,20330.202359473056,0,23312,0 42 1150 641 202 2984 19,0.0 0.12307692307692308 0.9726027397260274 0.9661016949152542 0.8244897959183674 0.8168799512492383 0.7702702702702703,23091.209449242437,0,22734,0 35 1178 647 222 3419 13,0.0 0.08717948717948718 0.9965753424657534 0.975346687211094 0.9061224489795918 0.9494210847044485 0.6891891891891891,19759.84447475154,0,23384,0 23 1049 593 212 3476 22,0.0 0.02564102564102564 0.8861301369863014 0.8921417565485362 0.8653061224489796 0.9667885435709933 0.8108108108108109,12414.554999005533,0,26476,0 34 1134 623 210 3419 5,0.0 0.08205128205128205 0.958904109589041 0.938366718027735 0.8571428571428571 0.9494210847044485 0.581081081081081,18828.325596688763,0,24234,0 25 1044 611 198 3554 36,0.0 0.035897435897435895 0.8818493150684932 0.9198767334360555 0.8081632653061225 0.9905545399146861 1.0,13419.835345794336,0,25920,0 21 1025 588 212 3510 21,0.0 0.015384615384615385 0.865582191780822 0.884437596302003 0.8653061224489796 0.9771480804387569 0.7972972972972973,11175.820442918344,0,26777,0 21 1024 581 211 3527 31,0.0 0.015384615384615385 0.8647260273972602 0.8736517719568567 0.8612244897959184 0.9823278488726387 0.9324324324324325,11156.251744291749,0,26856,0 18 1052 618 229 3555 23,0.0 0.0 0.8886986301369864 0.9306625577812019 0.9346938775510204 0.9908592321755028 0.8243243243243243,9921.851163552246,0,27490,0 22 1024 593 217 3509 19,0.0 0.020512820512820513 0.8647260273972602 0.8921417565485362 0.8857142857142857 0.9768433881779403 0.7702702702702703,11689.794214526668,0,26735
resolved-c28d-3600-all/resolved-c28d-3600-1st/nsp-n20-d28-r0.10-rp2-fp2-s5,0 1 4 0 0 71 -63,0.0 0.0 0.0 0.0 0.0 0.0 0.0,0.0,0,4352,0 1 13 38 1 326 21,0.0 0.0 0.05555555555555555 0.21714285714285714 0.013888888888888888 0.2537313432835821 0.7850467289719626,777.4096617491093,0,90507,0 1 13 29 1 323 13,0.0 0.0 0.05555555555555555 0.1657142857142857 0.013888888888888888 0.2507462686567164 0.7102803738317757,725.876473219129,0,90716,0 1 62 52 16 727 30,0.0 0.0 0.35802469135802467 0.29714285714285715 0.2222222222222222 0.6527363184079602 0.8691588785046729,3907.0085150079103,0,94051,0 1 60 44 6 553 21,0.0 0.0 0.345679012345679 0.25142857142857145 0.08333333333333333 0.47960199004975124 0.7850467289719626,3722.133094848164,0,95220,0 1 64 58 25 783 26,0.0 0.0 0.37037037037037035 0.3314285714285714 0.3472222222222222 0.708457711442786 0.8317757009345794,4077.7708501698594,0,93465,0 1 166 150 41 1076 44,0.0 0.0 1.0 0.8571428571428571 0.5694444444444444 1.0 1.0,10925.087301587302,0,67391,0 1 66 100 41 867 25,0.0 0.0 0.38271604938271603 0.5714285714285714 0.5694444444444444 0.7920398009950249 0.822429906542056,4464.276337616669,0,91164,0 1 48 85 7 653 44,0.0 0.0 0.2716049382716049 0.4857142857142857 0.09722222222222222 0.5791044776119403 1.0,3218.2769354286766,0,95572,0 1 60 48 5 659 28,0.0 0.0 0.345679012345679 0.2742857142857143 0.06944444444444445 0.5850746268656717 0.8504672897196262,3744.721495745325,0,94590,0 1 60 44 6 552 22,0.0 0.0 0.345679012345679 0.25142857142857145 0.08333333333333333 0.4786069651741294 0.794392523364486,3722.1324903938003,0,95227,0 1 41 80 8 512 32,0.0 0.0 0.22839506172839505 0.45714285714285713 0.1111111111111111 0.4388059701492537 0.8878504672897196,2757.4804957067013,0,96725,0 1 60 48 6 655 28,0.0 0.0 0.345679012345679 0.2742857142857143 0.08333333333333333 0.5810945273631841 0.8504672897196262,3746.070583639189,0,94530,0 1 42 72 8 561 24,0.0 0.0 0.2345679012345679 0.4114285714285714 0.1111111111111111 0.48756218905472637 0.8130841121495327,2773.9074008880584,0,96404,0 1 60 44 6 559 30,0.0 0.0 0.345679012345679 0.25142857142857145 0.08333333333333333 0.4855721393034826 0.8691588785046729,3722.2769084902343,0,95169,0 1 67 141 29 959 23,0.0 0.0 0.3888888888888889 0.8057142857142857 0.4027777777777778 0.8835820895522388 0.8037383177570093,4744.520511594232,0,88917,0 1 64 57 25 770 31,0.0 0.0 0.37037037037037035 0.32571428571428573 0.3472222222222222 0.6955223880597015 0.8785046728971962,4071.9739401937054,0,93506,0 1 116 175 72 963 44,0.0 0.0 0.691358024691358 1.0 1.0 0.8875621890547264 1.0,8023.455868804127,0,74889,0 1 68 159 25 923 40,0.0 0.0 0.3950617283950617 0.9085714285714286 0.3472222222222222 0.8477611940298507 0.9626168224299065,4903.351163506996,0,86657
resolved-c28d-3600-all/resolved-c28d-3600-1st/nsp-n40-d28-r0.10-rp2-fp2-s6,0 3 36 4 0 274 -148,0.0 0.0 1.0 0.4 0.0 0.16033755274261605 0.0,10401.603375527426,0,4841,0 3 0 10 0 473 -55,0.0 0.0 0.0 1.0 0.0 1.0 1.0,1011.0,0,14320,0 3 0 0 0 236 -112,0.0 0.0 0.0 0.0 0.0 0.0 0.3870967741935484,0.3870967741935484,0,17445,0 3 0 0 0 324 -139,0.0 0.0 0.0 0.0 0.0 0.37130801687763715 0.0967741935483871,3.8098543623247583,0,28901,0 3 0 0 0 283 -101,0.0 0.0 0.0 0.0 0.0 0.19831223628691982 0.5053763440860215,2.4884987069552196,0,28920,0 3 0 0 0 314 -96,0.0 0.0 0.0 0.0 0.0 0.3291139240506329 0.5591397849462365,3.8502790254525654,0,28907,0 3 0 0 0 319 -139,0.0 0.0 0.0 0.0 0.0 0.350210970464135 0.0967741935483871,3.598883898189737,0,28902,0 3 0 0 0 314 -97,0.0 0.0 0.0 0.0 0.0 0.3291139240506329 0.5483870967741935,3.8395263372805224,0,28908,0 3 0 0 0 318 -137,0.0 0.0 0.0 0.0 0.0 0.3459915611814346 0.11827956989247312,3.578195181706819,0,28903,0 3 0 0 0 314 -98,0.0 0.0 0.0 0.0 0.0 0.3291139240506329 0.5376344086021505,3.8287736491084794,0,28909,0 3 0 0 0 314 -97,0.0 0.0 0.0 0.0 0.0 0.3291139240506329 0.5483870967741935,3.8395263372805224,0,28908,0 3 0 0 0 318 -137,0.0 0.0 0.0 0.0 0.0 0.3459915611814346 0.11827956989247312,3.578195181706819,0,28903,0 3 0 0 0 314 -97,0.0 0.0 0.0 0.0 0.0 0.3291139240506329 0.5483870967741935,3.8395263372805224,0,28908,0 3 0 0 0 283 -101,0.0 0.0 0.0 0.0 0.0 0.19831223628691982 0.5053763440860215,2.4884987069552196,0,28920,0 3 0 0 0 314 -97,0.0 0.0 0.0 0.0 0.0 0.3291139240506329 0.5483870967741935,3.8395263372805224,0,28908,0 3 0 0 0 314 -97,0.0 0.0 0.0 0.0 0.0 0.3291139240506329 0.5483870967741935,3.8395263372805224,0,28908,0 3 0 0 0 314 -96,0.0 0.0 0.0 0.0 0.0 0.3291139240506329 0.5591397849462365,3.8502790254525654,0,28907,0 3 0 0 0 314 -98,0.0 0.0 0.0 0.0 0.0 0.3291139240506329 0.5376344086021505,3.8287736491084794,0,28909,0 3 0 0 0 314 -96,0.0 0.0 0.0 0.0 0.0 0.3291139240506329 0.5591397849462365,3.8502790254525654,0,28907
resolved-c28d-3600-all/resolved-c28d-3600-1st/nsp-n30-d28-r0.10-rp2-fp2-s1,0 0 12 104 0 272 -74,0.0 0.0 1.0 0.7304964539007093 0.0 0.1649928263988522 0.15,10732.296382164697,0,4346,0 0 4 1 0 157 -92,0.0 0.0 0.0 0.0 0.0 0.0 0.0,0.0,0,26158,0 0 4 1 0 353 -56,0.0 0.0 0.0 0.0 0.0 0.2812051649928264 0.3,3.1120516499282638,0,26076,0 0 4 80 8 753 -13,0.0 0.0 0.0 0.5602836879432624 0.2 0.8550932568149211 0.6583333333333333,589.492953844745,0,27653,0 0 4 110 40 815 -19,0.0 0.0 0.0 0.7730496453900709 1.0 0.9440459110473458 0.6083333333333333,883.0984378338777,0,27265,0 0 4 63 4 681 -3,0.0 0.0 0.0 0.4397163120567376 0.1 0.7517934002869441 0.7416666666666667,457.9759127262737,0,28068,0 0 4 135 39 762 4,0.0 0.0 0.0 0.950354609929078 0.975 0.8680057388809183 0.8,1057.3346673178871,0,27025,0 0 4 106 40 816 -5,0.0 0.0 0.0 0.7446808510638298 1.0 0.945480631276901 0.725,854.8606573765987,0,27368,0 0 7 142 18 801 28,0.0 0.0 0.375 1.0 0.45 0.9239598278335724 1.0,4805.2395982783355,0,26325,0 0 4 63 4 681 0,0.0 0.0 0.0 0.4397163120567376 0.1 0.7517934002869441 0.7666666666666667,458.0009127262737,0,28066,0 0 4 111 40 854 -26,0.0 0.0 0.0 0.7801418439716312 1.0 1.0 0.55,890.6918439716312,0,27238,0 0 4 106 37 808 1,0.0 0.0 0.0 0.7446808510638298 0.925 0.9340028694404591 0.775,847.2958797582344,0,27378,0 0 4 62 5 633 6,0.0 0.0 0.0 0.4326241134751773 0.125 0.6829268292682927 0.8166666666666667,452.77004843452687,0,28132,0 0 4 111 40 854 -26,0.0 0.0 0.0 0.7801418439716312 1.0 1.0 0.55,890.6918439716312,0,27238,0 0 4 54 4 629 17,0.0 0.0 0.0 0.375886524822695 0.1 0.6771879483500718 0.9083333333333333,393.5667376395291,0,28351,0 0 4 27 0 659 10,0.0 0.0 0.0 0.18439716312056736 0.0 0.7202295552367288 0.85,192.44945867293467,0,29016,0 0 4 54 4 617 11,0.0 0.0 0.0 0.375886524822695 0.1 0.6599713055954088 0.8583333333333333,393.34457121198244,0,28362,0 0 4 44 2 522 -15,0.0 0.0 0.0 0.3049645390070922 0.05 0.5236728837876614 0.6416666666666667,315.84293451163546,0,28650,0 0 4 48 1 539 -11,0.0 0.0 0.0 0.3333333333333333 0.025 0.5480631276901005 0.675,341.9889646102343,0,28547
resolved-c28d-3600-all/resolved-c28d-3600-1st/nsp-n50-d28-r0.10-rp2-fp2-s0,2 21 2212 390 143 4932 -83,1.0 0.0 0.0 0.0 0.0 0.5372750642673522 0.0,1000005.3727506427,0,11970,1 113 2435 792 209 4580 -21,0.5 0.2562674094707521 0.35453100158982515 0.3241935483870968 0.36464088397790057 0.23564695801199656 0.512396694214876,529535.5774660327,0,14050,0 323 2689 1187 242 4305 -12,0.0 0.841225626740947 0.7583465818759937 0.6427419354838709 0.5469613259668509 0.0 0.5867768595041323,92404.0533377947,0,10812,1 380 2841 1480 316 5438 30,0.5 1.0 1.0 0.8790322580645161 0.9558011049723757 0.9708654670094259 0.9338842975206612,610985.2549075293,0,19489,1 380 2840 1501 324 5472 32,0.5 1.0 0.9984101748807631 0.8959677419354839 1.0 1.0 0.9504132231404959,610991.0199039662,0,19497,1 380 2841 1480 316 5437 30,0.5 1.0 1.0 0.8790322580645161 0.9558011049723757 0.9700085689802913 0.9338842975206612,610985.2463385491,0,19490,1 378 2707 1630 308 5375 38,0.5 0.9944289693593314 0.7869634340222575 1.0 0.9116022099447514 0.9168808911739503 1.0,608413.8603060619,0,19925,1 378 2705 1557 308 5286 31,0.5 0.9944289693593314 0.7837837837837838 0.9411290322580645 0.9116022099447514 0.8406169665809768 0.9421487603305785,608322.3723454496,0,20120,1 380 2841 1480 316 5437 30,0.5 1.0 1.0 0.8790322580645161 0.9558011049723757 0.9700085689802913 0.9338842975206612,610985.2463385491,0,19490,1 378 2837 1508 316 5468 27,0.5 0.9944289693593314 0.9936406995230525 0.9016129032258065 0.9558011049723757 0.9965724078834619 0.9090909090909091,610387.3717598746,0,19760,1 378 2837 1500 316 5464 27,0.5 0.9944289693593314 0.9936406995230525 0.8951612903225806 0.9558011049723757 0.9931448157669237 0.9090909090909091,610380.8858710503,0,19798,1 378 2837 1500 316 5464 27,0.5 0.9944289693593314 0.9936406995230525 0.8951612903225806 0.9558011049723757 0.9931448157669237 0.9090909090909091,610380.8858710503,0,19798,1 378 2837 1500 316 5465 27,0.5 0.9944289693593314 0.9936406995230525 0.8951612903225806 0.9558011049723757 0.9940017137960583 0.9090909090909091,610380.8944400306,0,19797,1 380 2841 1480 316 5437 30,0.5 1.0 1.0 0.8790322580645161 0.9558011049723757 0.9700085689802913 0.9338842975206612,610985.2463385491,0,19490,1 378 2837 1500 316 5464 27,0.5 0.9944289693593314 0.9936406995230525 0.8951612903225806 0.9558011049723757 0.9931448157669237 0.9090909090909091,610380.8858710503,0,19798,1 378 2707 1630 308 5375 38,0.5 0.9944289693593314 0.7869634340222575 1.0 0.9116022099447514 0.9168808911739503 1.0,608413.8603060619,0,19925,1 378 2837 1500 316 5464 27,0.5 0.9944289693593314 0.9936406995230525 0.8951612903225806 0.9558011049723757 0.9931448157669237 0.9090909090909091,610380.8858710503,0,19798,1 378 2707 1630 308 5375 38,0.5 0.9944289693593314 0.7869634340222575 1.0 0.9116022099447514 0.9168808911739503 1.0,608413.8603060619,0,19925,1 378 2837 1500 316 5464 27,0.5 0.9944289693593314 0.9936406995230525 0.8951612903225806 0.9558011049723757 0.9931448157669237 0.9090909090909091,610380.8858710503,0,19798
resolved-c28d-3600-all/resolved-c28d-3600-1st/nsp-n50-d28-r0.10-rp2-fp2-s9,0 0 0 0 0 188 -237,0.0 0.0 0.0 0.0 0.0 0.0 0.0,0.0,0,1005,0 0 0 0 0 224 -193,0.0 0.0 0.0 0.0 0.0 0.16666666666666666 0.4583333333333333,2.125,0,786,0 0 0 0 0 252 -172,0.0 0.0 0.0 0.0 0.0 0.2962962962962963 0.6770833333333334,3.6400462962962963,0,628,0 0 0 0 0 404 -157,0.0 0.0 0.0 0.0 0.0 1.0 0.8333333333333334,10.833333333333334,0,223,0 0 0 0 0 404 -157,0.0 0.0 0.0 0.0 0.0 1.0 0.8333333333333334,10.833333333333334,0,223,0 0 0 0 0 304 -141,0.0 0.0 0.0 0.0 0.0 0.5370370370370371 1.0,6.370370370370371,0,243,0 0 0 0 0 304 -141,0.0 0.0 0.0 0.0 0.0 0.5370370370370371 1.0,6.370370370370371,0,243,0 0 0 0 0 404 -157,0.0 0.0 0.0 0.0 0.0 1.0 0.8333333333333334,10.833333333333334,0,223,0 0 0 0 0 404 -157,0.0 0.0 0.0 0.0 0.0 1.0 0.8333333333333334,10.833333333333334,0,223,0 0 0 0 0 404 -157,0.0 0.0 0.0 0.0 0.0 1.0 0.8333333333333334,10.833333333333334,0,223,0 0 0 0 0 404 -157,0.0 0.0 0.0 0.0 0.0 1.0 0.8333333333333334,10.833333333333334,0,223,0 0 0 0 0 304 -141,0.0 0.0 0.0 0.0 0.0 0.5370370370370371 1.0,6.370370370370371,0,243,0 0 0 0 0 304 -141,0.0 0.0 0.0 0.0 0.0 0.5370370370370371 1.0,6.370370370370371,0,243,0 0 0 0 0 304 -141,0.0 0.0 0.0 0.0 0.0 0.5370370370370371 1.0,6.370370370370371,0,243,0 0 0 0 0 404 -157,0.0 0.0 0.0 0.0 0.0 1.0 0.8333333333333334,10.833333333333334,0,223,0 0 0 0 0 304 -141,0.0 0.0 0.0 0.0 0.0 0.5370370370370371 1.0,6.370370370370371,0,243,0 0 0 0 0 404 -157,0.0 0.0 0.0 0.0 0.0 1.0 0.8333333333333334,10.833333333333334,0,223,0 0 0 0 0 304 -141,0.0 0.0 0.0 0.0 0.0 0.5370370370370371 1.0,6.370370370370371,0,243,0 0 0 0 0 404 -157,0.0 0.0 0.0 0.0 0.0 1.0 0.8333333333333334,10.833333333333334,0,223
