,lnps-10-org-obj,lnps-10-nrm-obj,lnps-10-obj,lnps-10-diff,lnps-10-freq,lnps-30-org-obj,lnps-30-nrm-obj,lnps-30-obj,lnps-30-diff,lnps-30-freq,lnps-60-org-obj,lnps-60-nrm-obj,lnps-60-obj,lnps-60-diff,lnps-60-freq,mp-is1-p-hi-org-obj,mp-is1-p-hi-nrm-obj,mp-is1-p-hi-obj,mp-is1-p-hi-diff,mp-is1-p-hi-freq,mp-is1-p-low-org-obj,mp-is1-p-low-nrm-obj,mp-is1-p-low-obj,mp-is1-p-low-diff,mp-is1-p-low-freq,mp-is1-p-mid-org-obj,mp-is1-p-mid-nrm-obj,mp-is1-p-mid-obj,mp-is1-p-mid-diff,mp-is1-p-mid-freq,mp-is10-p-hi-org-obj,mp-is10-p-hi-nrm-obj,mp-is10-p-hi-obj,mp-is10-p-hi-diff,mp-is10-p-hi-freq,mp-is10-p-low-org-obj,mp-is10-p-low-nrm-obj,mp-is10-p-low-obj,mp-is10-p-low-diff,mp-is10-p-low-freq,mp-is10-p-mid-org-obj,mp-is10-p-mid-nrm-obj,mp-is10-p-mid-obj,mp-is10-p-mid-diff,mp-is10-p-mid-freq,mp-is100-p-hi-org-obj,mp-is100-p-hi-nrm-obj,mp-is100-p-hi-obj,mp-is100-p-hi-diff,mp-is100-p-hi-freq,mp-is100-p-low-org-obj,mp-is100-p-low-nrm-obj,mp-is100-p-low-obj,mp-is100-p-low-diff,mp-is100-p-low-freq,mp-is100-p-mid-org-obj,mp-is100-p-mid-nrm-obj,mp-is100-p-mid-obj,mp-is100-p-mid-diff,mp-is100-p-mid-freq,mp-p-hi-org-obj,mp-p-hi-nrm-obj,mp-p-hi-obj,mp-p-hi-diff,mp-p-hi-freq,mp-p-low-org-obj,mp-p-low-nrm-obj,mp-p-low-obj,mp-p-low-diff,mp-p-low-freq,mp-p-mid-org-obj,mp-p-mid-nrm-obj,mp-p-mid-obj,mp-p-mid-diff,mp-p-mid-freq,mp-ps-p-hi-org-obj,mp-ps-p-hi-nrm-obj,mp-ps-p-hi-obj,mp-ps-p-hi-diff,mp-ps-p-hi-freq,mp-ps-p-low-org-obj,mp-ps-p-low-nrm-obj,mp-ps-p-low-obj,mp-ps-p-low-diff,mp-ps-p-low-freq,mp-ps-p-mid-org-obj,mp-ps-p-mid-nrm-obj,mp-ps-p-mid-obj,mp-ps-p-mid-diff,mp-ps-p-mid-freq,ps-org-obj,ps-nrm-obj,ps-obj,ps-diff,ps-freq
resolved-p7d-c21d-3600-1st/nsp-n30-d28-r0.10-rp2-fp2-s2,0 0 0 0 0 91 -170,0.0 0.0 0.0 0.0 0.0 0.0 0.0,0.0,0.3238095238095238,441,0 0 0 0 0 91 -170,0.0 0.0 0.0 0.0 0.0 0.0 0.0,0.0,0.3238095238095238,392,0 0 0 0 0 95 -164,0.0 0.0 0.0 0.0 0.0 0.0625 0.06521739130434782,0.6902173913043478,0.2619047619047619,318,0 0 0 0 0 153 -94,0.0 0.0 0.0 0.0 0.0 0.96875 0.8260869565217391,10.513586956521738,0.06666666666666667,219,0 0 0 0 0 155 -107,0.0 0.0 0.0 0.0 0.0 1.0 0.6847826086956522,10.684782608695652,0.24285714285714285,43,0 0 0 0 0 146 -119,0.0 0.0 0.0 0.0 0.0 0.859375 0.5543478260869565,9.148097826086957,0.06666666666666667,189,0 0 0 0 0 150 -104,0.0 0.0 0.0 0.0 0.0 0.921875 0.717391304347826,9.936141304347826,0.06666666666666667,150,0 0 0 0 0 146 -78,0.0 0.0 0.0 0.0 0.0 0.859375 1.0,9.59375,0.3380952380952381,24,0 0 0 0 0 138 -95,0.0 0.0 0.0 0.0 0.0 0.734375 0.8152173913043478,8.158967391304348,0.06666666666666667,197,0 0 0 0 0 146 -98,0.0 0.0 0.0 0.0 0.0 0.859375 0.782608695652174,9.376358695652174,0.06666666666666667,133,0 0 0 0 0 145 -80,0.0 0.0 0.0 0.0 0.0 0.84375 0.9782608695652174,9.415760869565217,0.3952380952380952,34,0 0 0 0 0 145 -114,0.0 0.0 0.0 0.0 0.0 0.84375 0.6086956521739131,9.046195652173914,0.06666666666666667,128,0 0 0 0 0 149 -134,0.0 0.0 0.0 0.0 0.0 0.90625 0.391304347826087,9.453804347826088,0.06666666666666667,221,0 0 0 0 0 145 -107,0.0 0.0 0.0 0.0 0.0 0.84375 0.6847826086956522,9.122282608695652,0.5,161,0 0 0 0 0 153 -109,0.0 0.0 0.0 0.0 0.0 0.96875 0.6630434782608695,10.35054347826087,0.06666666666666667,301,0 0 0 0 0 149 -135,0.0 0.0 0.0 0.0 0.0 0.90625 0.3804347826086957,9.442934782608695,0.06666666666666667,222,0 0 0 0 0 146 -137,0.0 0.0 0.0 0.0 0.0 0.859375 0.358695652173913,8.952445652173912,0.5714285714285714,156,0 0 0 0 0 153 -109,0.0 0.0 0.0 0.0 0.0 0.96875 0.6630434782608695,10.35054347826087,0.06666666666666667,301,0 0 0 0 0 138 -102,0.0 0.0 0.0 0.0 0.0 0.734375 0.7391304347826086,8.08288043478261,0.06666666666666667,78
resolved-p7d-c21d-3600-1st/nsp-n50-d28-r0.10-rp2-fp2-s8,2 26 1367 411 126 5225 -30,0.0 0.0 0.035897435897435895 0.0 0.002347417840375587 0.4582701062215478 0.12359550561797752,363.91539732623,0.23714285714285716,28349,2 46 1206 475 125 4872 0,0.0 0.026143790849673203 0.0 0.02157788267026298 0.0 0.3511380880121396 0.4606741573033708,2639.9290226750086,0.09714285714285714,34880,11 61 1414 705 140 4807 -16,0.75 0.0457516339869281 0.0463768115942029 0.09912339851652056 0.035211267605633804 0.3314112291350531 0.2808988764044944,755145.1710510796,0.005714285714285714,36767,11 61 1919 782 217 6667 -8,0.75 0.0457516339869281 0.15897435897435896 0.12508428860418072 0.215962441314554 0.8959028831562974 0.3707865168539326,756320.9173365205,0.005714285714285714,18779,6 739 3366 2819 400 4526 34,0.3333333333333333 0.9320261437908497 0.4816053511705686 0.8118678354686446 0.6455399061032864 0.24613050075872533 0.8426966292134831,432231.7270518398,0.42857142857142855,1848,2 723 3536 2274 297 4024 45,0.0 0.9111111111111111 0.5195094760312151 0.6281186783546865 0.40375586854460094 0.0937784522003035 0.9662921348314607,96976.60421328923,0.42857142857142855,2521,11 61 2056 656 210 6961 -26,0.75 0.0457516339869281 0.189520624303233 0.08260283209710047 0.19953051643192488 0.9851289833080424 0.16853932584269662,756582.9453546244,0.005714285714285714,17669,5 791 3381 2945 404 4612 40,0.25 1.0 0.48494983277591974 0.8543492919757248 0.6549295774647887 0.27223065250379364 0.9101123595505618,355772.97299636604,0.44285714285714284,1912,3 643 3528 1998 289 3893 22,0.08333333333333333 0.8065359477124183 0.5177257525083612 0.5350640593391773 0.38497652582159625 0.054021244309559936 0.7078651685393258,169738.99541919172,0.3028571428571429,2460,11 61 1937 769 235 7010 1,0.75 0.0457516339869281 0.1629877369007804 0.12070128118678354 0.25821596244131456 1.0 0.47191011235955055,756362.0355552438,0.005714285714285714,18243,6 739 3665 2633 364 4750 23,0.3333333333333333 0.9320261437908497 0.5482720178372352 0.7491571139581928 0.5610328638497653 0.3141122913505311 0.7191011235955056,432827.78851517086,0.3657142857142857,1708,2 723 3560 2134 297 3982 46,0.0 0.9111111111111111 0.524860646599777 0.5809170600134862 0.40375586854460094 0.08103186646433991 0.9775280898876404,96982.79807073135,0.3314285714285714,2491,14 517 5691 3259 551 6216 -4,1.0 0.6418300653594772 1.0 0.9602157788267026 1.0 0.7590288315629742 0.4157303370786517,1075251.2283334273,0.005714285714285714,5399,3 569 2376 2225 387 3798 48,0.08333333333333333 0.7098039215686275 0.2608695652173913 0.6115981119352664 0.6150234741784038 0.025189681335356602 1.0,157596.7734985365,0.78,11114,2 493 2322 1945 307 3977 34,0.0 0.6104575163398693 0.24882943143812708 0.5171948752528658 0.4272300469483568 0.0795144157814871 0.8426966292134831,64095.60166910293,0.7857142857142857,16945,14 527 5584 3377 529 6099 -4,1.0 0.6549019607843137 0.9761426978818283 1.0 0.9483568075117371 0.7235204855842186 0.4157303370786517,1076354.109673194,0.005714285714285714,5260,2 590 2349 2212 344 3715 36,0.0 0.7372549019607844 0.2548494983277592 0.6072151045178692 0.5140845070422535 0.0 0.8651685393258427,76933.47390311745,0.78,12338,2 486 2278 1935 315 3964 31,0.0 0.6013071895424836 0.23901895206243032 0.5138233310856373 0.4460093896713615 0.0755690440060698 0.8089887640449438,63080.89742412955,0.7857142857142857,17430,11 103 2639 793 252 6570 -41,0.75 0.10065359477124183 0.31950947603121516 0.12879298718813217 0.2981220657276995 0.866464339908953 0.0,763427.7240745962,0.005714285714285714,45050
resolved-p7d-c21d-3600-1st/nsp-n50-d28-r0.10-rp2-fp2-s3,0 4 513 390 32 2784 -64,0.0 0.002509410288582183 0.1981460023174971 0.27635327635327633 0.1711229946524064 0.3449046483909416 0.3106060606060606,2529.626280396222,0.1,19322,6 2 1 264 4 1160 1,0.5 0.0 0.0003862495171881035 0.1866096866096866 0.0213903743315508 0.10294994040524434 0.5568181818181818,500194.19753680064,0.005714285714285714,38787,6 2 0 33 0 866 -50,0.5 0.0 0.0 0.02207977207977208 0.0 0.05914779499404053 0.36363636363636365,500023.03488639335,0.005714285714285714,40523,6 2 0 6 0 483 -132,0.5 0.0 0.0 0.002849002849002849 0.0 0.0020858164481525627 0.05303030303030303,500002.9228913165,0.005714285714285714,26543,3 799 1527 1356 91 2916 38,0.25 1.0 0.589803012746234 0.9643874643874644 0.48663101604278075 0.36457091775923717 0.696969696969697,356915.42337232863,0.40285714285714286,1332,6 797 1358 1240 59 2998 17,0.5 0.9974905897114178 0.5245268443414446 0.8817663817663818 0.3155080213903743 0.37678784266984505 0.6174242424242424,605912.0299011308,0.19428571428571428,1332,6 2 0 6 0 484 -139,0.5 0.0 0.0 0.002849002849002849 0.0 0.002234803337306317 0.026515151515151516,500002.8978660339,0.005714285714285714,26542,3 799 1531 1200 83 2877 55,0.25 1.0 0.5913480108149864 0.8532763532763533 0.44385026737967914 0.35876042908224076 0.7613636363636364,356815.49045609136,0.18571428571428572,1327,6 795 1273 1406 97 2732 23,0.5 0.9949811794228356 0.4916956353804558 1.0 0.5187165775401069 0.33715733015494637 0.6401515151515151,605470.9576786588,0.16285714285714287,1747,6 2 0 6 0 469 -136,0.5 0.0 0.0 0.002849002849002849 0.0 0.0 0.03787878787878788,500002.8868816369,0.005714285714285714,26556,3 799 1527 1356 91 2916 38,0.25 1.0 0.589803012746234 0.9643874643874644 0.48663101604278075 0.36457091775923717 0.696969696969697,356915.42337232863,0.40285714285714286,1332,6 797 1358 1240 59 2998 17,0.5 0.9974905897114178 0.5245268443414446 0.8817663817663818 0.3155080213903743 0.37678784266984505 0.6174242424242424,605912.0299011308,0.19428571428571428,1332,8 140 2456 1192 152 6531 118,0.6666666666666666 0.17314930991217065 0.9486288142139823 0.8475783475783476 0.8128342245989305 0.9031585220500596 1.0,694406.7791552821,0.45714285714285713,28892,0 2 0 2 0 491 -139,0.0 0.0 0.0 0.0 0.0 0.0032777115613825984 0.026515151515151516,0.059292267128977505,0.5742857142857143,29093,0 2 1535 576 126 7181 26,0.0 0.0 0.5928930088837389 0.40883190883190884 0.6737967914438503 1.0 0.6515151515151515,6415.7931919651965,0.5914285714285714,38792,12 199 2589 915 187 6136 114,1.0 0.24717691342534504 1.0 0.6502849002849003 1.0 0.8443087008343266 0.9848484848484849,1035477.4041783126,0.44,35359,0 2 0 2 0 486 -146,0.0 0.0 0.0 0.0 0.0 0.002532777115613826 0.0,0.02532777115613826,0.5714285714285714,29111,0 2 1451 522 122 7146 24,0.0 0.0 0.5604480494399382 0.37037037037037035 0.6524064171122995 0.9947854588796186 0.6439393939393939,6050.683300463717,0.5914285714285714,39551,6 2 0 6 0 486 -124,0.5 0.0 0.0 0.002849002849002849 0.0 0.002532777115613826 0.08333333333333333,500002.9576639535,0.005714285714285714,24511
resolved-p7d-c21d-3600-1st/nsp-n10-d28-r0.10-rp0-fp0-s8,0 1 0 2 0 78 -33,0.0 0.0 0.0 0.0 0.0 0.0 0.07142857142857142,0.07142857142857142,0.38571428571428573,9945,0 1 0 2 0 78 -35,0.0 0.0 0.0 0.0 0.0 0.0 0.0,0.0,0.32857142857142857,9921,0 1 0 2 0 78 -35,0.0 0.0 0.0 0.0 0.0 0.0 0.0,0.0,0.37142857142857144,9910,1 1 0 2 0 88 -18,1.0 0.0 0.0 0.0 0.0 0.7142857142857143 0.6071428571428571,1000007.75,0.02857142857142857,5669,0 1 0 2 0 92 -7,0.0 0.0 0.0 0.0 0.0 1.0 1.0,11.0,0.3,11832,0 1 0 2 0 92 -20,0.0 0.0 0.0 0.0 0.0 1.0 0.5357142857142857,10.535714285714286,0.04285714285714286,10871,1 1 0 2 0 88 -18,1.0 0.0 0.0 0.0 0.0 0.7142857142857143 0.6071428571428571,1000007.75,0.02857142857142857,5669,0 1 0 2 0 92 -7,0.0 0.0 0.0 0.0 0.0 1.0 1.0,11.0,0.3,11832,0 1 0 2 0 92 -18,0.0 0.0 0.0 0.0 0.0 1.0 0.6071428571428571,10.607142857142858,0.04285714285714286,10869,1 1 0 2 0 88 -19,1.0 0.0 0.0 0.0 0.0 0.7142857142857143 0.5714285714285714,1000007.7142857143,0.02857142857142857,5670,0 1 0 2 0 92 -7,0.0 0.0 0.0 0.0 0.0 1.0 1.0,11.0,0.3,11832,0 1 0 2 0 92 -18,0.0 0.0 0.0 0.0 0.0 1.0 0.6071428571428571,10.607142857142858,0.04285714285714286,10869,1 1 0 2 0 88 -16,1.0 0.0 0.0 0.0 0.0 0.7142857142857143 0.6785714285714286,1000007.8214285714,0.02857142857142857,11078,0 1 0 2 0 89 -23,0.0 0.0 0.0 0.0 0.0 0.7857142857142857 0.42857142857142855,8.285714285714285,0.6285714285714286,46633,0 1 0 2 0 89 -25,0.0 0.0 0.0 0.0 0.0 0.7857142857142857 0.35714285714285715,8.214285714285714,0.04285714285714286,40098,1 1 0 2 0 88 -16,1.0 0.0 0.0 0.0 0.0 0.7142857142857143 0.6785714285714286,1000007.8214285714,0.02857142857142857,11078,0 1 0 2 0 89 -23,0.0 0.0 0.0 0.0 0.0 0.7857142857142857 0.42857142857142855,8.285714285714285,0.6285714285714286,46633,0 1 0 2 0 89 -25,0.0 0.0 0.0 0.0 0.0 0.7857142857142857 0.35714285714285715,8.214285714285714,0.04285714285714286,40098,1 1 0 2 0 86 -23,1.0 0.0 0.0 0.0 0.0 0.5714285714285714 0.42857142857142855,1000006.1428571428,0.02857142857142857,14837
resolved-p7d-c21d-3600-1st/nsp-n30-d28-r0.10-rp2-fp2-s5,0 0 2 3 0 135 -77,0.0 0.0 0.0 0.0008149959250203749 0.0 0.0 0.12142857142857143,0.9364244964489463,0.3952380952380952,49133,0 0 2 5 0 234 -80,0.0 0.0 0.0 0.0024449877750611247 0.0 0.049773755656108594 0.1,3.042725331622211,0.2714285714285714,48765,0 0 2 3 0 228 -61,0.0 0.0 0.0 0.0008149959250203749 0.0 0.04675716440422323 0.2357142857142857,1.5182818547768928,0.24761904761904763,48825,2 1 2 26 1 418 -54,1.0 0.003367003367003367 0.0 0.019559902200488997 0.006289308176100629 0.14228255404725992 0.2857142857142857,1000358.5977095445,0.009523809523809525,24157,0 296 1003 1229 159 1869 27,0.0 0.9966329966329966 0.9578947368421052 1.0 1.0 0.8717948717948718 0.8642857142857143,110351.82926615296,0.5238095238095238,6166,0 278 735 1013 125 2124 39,0.0 0.936026936026936 0.7014354066985646 0.823960880195599 0.7861635220125787 1.0 0.95,101530.57490207611,0.5428571428571428,4494,2 1 2 26 1 418 -54,1.0 0.003367003367003367 0.0 0.019559902200488997 0.006289308176100629 0.14228255404725992 0.2857142857142857,1000358.5977095445,0.009523809523809525,24157,0 297 1047 1143 154 2000 16,0.0 1.0 1.0 0.9299103504482478 0.9685534591194969 0.9376571141277024 0.7857142857142857,111036.92798178717,0.10476190476190476,6093,0 278 736 1013 124 2124 39,0.0 0.936026936026936 0.7023923444976077 0.823960880195599 0.779874213836478 1.0 0.95,101539.51534924893,0.5428571428571428,4477,2 1 2 26 1 418 -54,1.0 0.003367003367003367 0.0 0.019559902200488997 0.006289308176100629 0.14228255404725992 0.2857142857142857,1000358.5977095445,0.009523809523809525,24157,0 297 1047 1143 154 2000 16,0.0 1.0 1.0 0.9299103504482478 0.9685534591194969 0.9376571141277024 0.7857142857142857,111036.92798178717,0.10476190476190476,6093,0 288 665 880 126 1855 46,0.0 0.9696969696969697 0.6344497607655503 0.7155664221678891 0.7924528301886793 0.864756158873806 1.0,104118.65384412797,0.5619047619047619,2909,2 1 2 26 1 418 -94,1.0 0.003367003367003367 0.0 0.019559902200488997 0.006289308176100629 0.14228255404725992 0.0,1000358.3119952588,0.009523809523809525,21468,0 0 22 186 46 942 4,0.0 0.0 0.019138755980861243 0.14995925020374898 0.2893081761006289 0.4057315233785822 0.7,375.0349428562101,0.680952380952381,26780,0 0 2 2 0 277 -40,0.0 0.0 0.0 0.0 0.0 0.07139265962795374 0.38571428571428573,1.099640881993823,0.12380952380952381,13811,2 1 2 26 1 418 -94,1.0 0.003367003367003367 0.0 0.019559902200488997 0.006289308176100629 0.14228255404725992 0.0,1000358.3119952588,0.009523809523809525,21468,0 0 33 222 50 1072 9,0.0 0.0 0.02966507177033493 0.17929910350448247 0.31446540880503143 0.4710910005027652 0.7357142857142858,512.8429863790768,0.6523809523809524,25537,0 0 2 2 0 277 -39,0.0 0.0 0.0 0.0 0.0 0.07139265962795374 0.39285714285714285,1.1067837391366802,0.12380952380952381,13810,2 1 37 85 13 759 -4,1.0 0.003367003367003367 0.03349282296650718 0.06764466177669112 0.08176100628930817 0.3137254901960784 0.6428571428571429,1000751.2294408157,0.009523809523809525,71757
resolved-p7d-c21d-3600-1st/nsp-n30-d28-r0.10-rp2-fp2-s9,0 4 5 29 2 439 -41,0.0 0.0 0.0 0.0 0.0 0.0 0.0,0.0,0.18095238095238095,16911,2 82 576 356 113 1735 -20,1.0 0.16182572614107885 0.5257826887661142 0.18136439267886856 0.6981132075471698 0.833976833976834 0.25,1021700.1649835423,0.014285714285714285,72848,2 93 604 392 111 1700 -7,1.0 0.18464730290456433 0.5515653775322283 0.20133111480865223 0.6855345911949685 0.8114543114543115 0.40476190476190477,1024258.7879447262,0.014285714285714285,65339,2 22 412 371 117 1993 -23,1.0 0.03734439834024896 0.3747697974217311 0.1896838602329451 0.7232704402515723 1.0 0.21428571428571427,1007754.3629982147,0.014285714285714285,30747,0 409 926 1186 111 1300 -11,0.0 0.8402489626556017 0.8480662983425414 0.641708264004437 0.6855345911949685 0.5540540540540541 0.35714285714285715,93221.71865550721,0.21904761904761905,10556,0 451 874 1495 143 1750 28,0.0 0.9273858921161826 0.8001841620626151 0.8130892956184138 0.8867924528301887 0.8436293436293436 0.8214285714285714,101651.45709515356,0.6952380952380952,9242,2 50 349 398 76 1300 -30,1.0 0.0954356846473029 0.31675874769797424 0.20465890183028287 0.46540880503144655 0.5540540540540541 0.13095238095238096,1012968.027216965,0.014285714285714285,27687,0 460 839 1434 153 1516 19,0.0 0.946058091286307 0.7679558011049724 0.7792567942318358 0.949685534591195 0.693050193050193 0.7142857142857143,103167.23727501619,0.5285714285714286,11922,0 486 819 1574 104 1489 21,0.0 1.0 0.7495395948434622 0.8569051580698835 0.6415094339622641 0.6756756756756757 0.7380952380952381,108423.94690189559,0.5,9471,2 38 363 298 74 1583 -11,1.0 0.07053941908713693 0.3296500920810313 0.14919578480310594 0.4528301886792453 0.7361647361647362 0.35714285714285715,1010552.6404234138,0.014285714285714285,29326,0 442 1053 1649 129 1719 20,0.0 0.9087136929460581 0.9650092081031307 0.8985024958402662 0.7987421383647799 0.8236808236808236 0.7261904761904762,101508.80108402685,0.6285714285714286,6095,0 467 1091 1832 153 1596 11,0.0 0.9605809128630706 1.0 1.0 0.949685534591195 0.7445302445302445 0.6190476190476191,107161.12418983053,0.6285714285714286,6187,2 186 660 695 137 1410 1,1.0 0.3775933609958506 0.6031307550644567 0.36938435940099834 0.8490566037735849 0.6248391248391248 0.5,1044251.6820612564,0.014285714285714285,18108,0 239 766 678 130 1766 43,0.0 0.487551867219917 0.7007366482504604 0.35995562950637827 0.8050314465408805 0.853925353925354 1.0,56212.55123219603,0.7428571428571429,45614,0 312 900 933 158 1570 36,0.0 0.6390041493775933 0.8241252302025782 0.5013865779256794 0.9811320754716981 0.7277992277992278 0.9166666666666666,72749.36168420261,0.7333333333333333,35152,2 179 617 760 136 1434 1,1.0 0.3630705394190871 0.56353591160221 0.4054353854686633 0.8427672955974843 0.6402831402831403 0.5,1042439.0280043621,0.014285714285714285,18623,0 241 830 660 150 1651 32,0.0 0.491701244813278 0.7596685082872928 0.34997226844148643 0.9308176100628931 0.7799227799227799 0.8690476190476191,57218.53186906678,0.7666666666666667,45057,1 280 836 813 161 1493 25,0.5 0.5726141078838174 0.7651933701657458 0.4348308374930671 1.0 0.6782496782496783 0.7857142857142857,565455.7435386004,0.7333333333333333,34662,2 69 205 220 116 1285 3,1.0 0.13485477178423236 0.1841620626151013 0.10593455352190793 0.7169811320754716 0.5444015444015444 0.5238095238095238,1015510.6982962715,0.014285714285714285,69037
resolved-p7d-c21d-3600-1st/nsp-n40-d28-r0.10-rp2-fp2-s7,2 0 0 2 0 197 -151,0.18181818181818182 0.0 0.0 0.0012165450121654502 0.0 0.0 0.0,181819.398363194,0.3464285714285714,25347,0 1 0 0 0 261 -93,0.0 0.0014727540500736377 0.0 0.0 0.0 0.022678951098511695 0.26605504587155965,147.76824956422044,0.18571428571428572,39746,0 1 0 0 0 284 -99,0.0 0.0014727540500736377 0.0 0.0 0.0 0.030829199149539334 0.23853211009174313,147.8222291089509,0.15357142857142858,39686,11 0 0 0 0 254 -99,1.0 0.0 0.0 0.0 0.0 0.020198440822111977 0.23853211009174313,1000000.4405165183,0.010714285714285714,26512,1 677 1040 1584 97 2013 44,0.09090909090909091 0.9970544918998527 0.6039488966318235 0.9635036496350365 0.4127659574468085 0.6435152374202693 0.8944954128440367,197666.13895856118,0.6142857142857143,2028,3 589 837 1568 81 1594 24,0.2727272727272727 0.8674521354933726 0.48606271777003485 0.9537712895377128 0.3446808510638298 0.49503897944720054 0.8027522935779816,365327.1059710425,0.30357142857142855,2215,11 0 0 0 0 254 -102,1.0 0.0 0.0 0.0 0.0 0.020198440822111977 0.22477064220183487,1000000.4267550504,0.010714285714285714,26515,1 677 1040 1584 97 2013 43,0.09090909090909091 0.9970544918998527 0.6039488966318235 0.9635036496350365 0.4127659574468085 0.6435152374202693 0.8899082568807339,197666.1343714052,0.6142857142857143,2029,2 646 842 1644 83 1697 27,0.18181818181818182 0.9513991163475699 0.4889663182346109 1.0 0.35319148936170214 0.5315379163713678 0.8165137614678899,282889.2076771463,0.5714285714285714,2768,11 0 0 0 0 254 -101,1.0 0.0 0.0 0.0 0.0 0.020198440822111977 0.22935779816513763,1000000.4313422063,0.010714285714285714,26514,1 679 1059 1600 93 2024 42,0.09090909090909091 1.0 0.6149825783972126 0.9732360097323601 0.39574468085106385 0.6474131821403261 0.8853211009174312,198079.0866238028,0.6142857142857143,1854,2 646 840 1577 88 1838 24,0.18181818181818182 0.9513991163475699 0.4878048780487805 0.9592457420924574 0.37446808510638296 0.5815024805102764 0.8027522935779816,282839.45256112836,0.4857142857142857,2781,2 357 1722 1475 235 3019 67,0.18181818181818182 0.5257731958762887 1.0 0.8972019464720195 1.0 1.0 1.0,245403.70335228273,0.4642857142857143,28396,0 1 0 0 0 257 -102,0.0 0.0014727540500736377 0.0 0.0 0.0 0.021261516654854713 0.22477064220183487,147.71279081611414,0.5928571428571429,19734,0 1 0 0 0 414 -91,0.0 0.0014727540500736377 0.0 0.0 0.0 0.07689581856839121 0.27522935779816515,148.31959255084584,0.24642857142857144,20479,6 365 1640 1449 226 2972 59,0.5454545454545454 0.5375552282768777 0.9523809523809523 0.8813868613138686 0.9617021276595744 0.9833451452870304 0.963302752293578,609722.2316343276,0.4607142857142857,28982,0 1 0 0 0 257 -103,0.0 0.0014727540500736377 0.0 0.0 0.0 0.021261516654854713 0.22018348623853212,147.70820366015084,0.5928571428571429,19735,0 1 0 0 0 414 -91,0.0 0.0014727540500736377 0.0 0.0 0.0 0.07689581856839121 0.27522935779816515,148.31959255084584,0.24642857142857144,20479,11 0 0 0 0 276 -91,1.0 0.0 0.0 0.0 0.0 0.02799433026222537 0.27522935779816515,1000000.5551726604,0.010714285714285714,23162
resolved-p7d-c21d-3600-1st/nsp-n50-d28-r0.10-rp2-fp2-s4,3 8 179 213 29 1660 13,0.42857142857142855 0.007863695937090432 0.09983268265476855 0.1697211155378486 0.16022099447513813 0.2978027115474521 0.5173745173745173,430545.3636083035,0.12285714285714286,10752,3 17 810 423 88 3452 9,0.42857142857142855 0.019659239842726082 0.4517568321249303 0.33705179282868525 0.4861878453038674 0.7166900420757363 0.5019305019305019,435448.26028523216,0.10285714285714286,16237,3 27 873 617 93 3356 8,0.42857142857142855 0.0327653997378768 0.486893474623536 0.49163346613545816 0.5138121546961326 0.6942496493688639 0.4980694980694981,437267.3585390484,0.07714285714285714,15830,7 7 1 92 1 1084 21,1.0 0.00655307994757536 0.0005577244841048522 0.07330677290836653 0.0055248618784530384 0.16316035530621786 0.5482625482625483,1000736.9243647961,0.03142857142857143,39644,6 567 1300 1132 51 3333 73,0.8571428571428571 0.7404980340760158 0.7250418293363079 0.90199203187251 0.281767955801105 0.6888733052828424 0.749034749034749,939380.8854390761,0.32571428571428573,1130,5 765 1331 1050 49 2755 28,0.7142857142857143 1.0 0.7423312883435583 0.8366533864541833 0.27071823204419887 0.553763440860215 0.5752895752895753,822578.8653027924,0.25142857142857145,1199,7 7 5 190 1 1011 37,1.0 0.00655307994757536 0.002788622420524261 0.15139442231075698 0.0055248618784530384 0.146096306685367 0.61003861003861,1000837.2121291384,0.03142857142857143,38192,6 567 1300 1132 51 3330 73,0.8571428571428571 0.7404980340760158 0.7250418293363079 0.90199203187251 0.281767955801105 0.6881720430107527 0.749034749034749,939380.8784264533,0.32571428571428573,1131,6 744 1323 1178 54 2953 44,0.8571428571428571 0.9724770642201835 0.7378694924707194 0.9386454183266932 0.2983425414364641 0.6000467508181393 0.637065637065637,962744.3756951982,0.4942857142857143,1166,7 7 1 63 1 1148 8,1.0 0.00655307994757536 0.0005577244841048522 0.050199203187251 0.0055248618784530384 0.17812061711079943 0.4980694980694981,1000713.916204643,0.03142857142857143,40076,6 567 1300 1132 51 3330 73,0.8571428571428571 0.7404980340760158 0.7250418293363079 0.90199203187251 0.281767955801105 0.6881720430107527 0.749034749034749,939380.8784264533,0.32571428571428573,1131,5 765 1331 1050 49 2755 28,0.7142857142857143 1.0 0.7423312883435583 0.8366533864541833 0.27071823204419887 0.553763440860215 0.5752895752895753,822578.8653027924,0.25142857142857145,1199,3 345 1708 1175 181 4664 138,0.42857142857142855 0.44954128440366975 0.9525934188510876 0.9362549800796812 1.0 1.0 1.0,484098.74618038605,0.4942857142857143,33352,0 2 0 23 1 1159 -20,0.0 0.0 0.0 0.018326693227091632 0.0055248618784530384 0.1806919121084619 0.38996138996138996,21.076059925982943,0.62,30625,0 2 0 0 0 769 -68,0.0 0.0 0.0 0.0 0.0 0.0895278167367929 0.20463320463320464,1.0999113720011335,0.2857142857142857,31146,1 390 1793 1255 172 4581 134,0.14285714285714285 0.508519003931848 1.0 1.0 0.9502762430939227 0.9805984104721832 0.9845559845559846,204814.8614147263,0.49142857142857144,34328,0 2 0 24 1 1156 -13,0.0 0.0 0.0 0.019123505976095617 0.0055248618784530384 0.17999064983637214 0.416988416988417,21.892887079293057,0.6228571428571429,30490,0 2 0 0 0 769 -68,0.0 0.0 0.0 0.0 0.0 0.0895278167367929 0.20463320463320464,1.0999113720011335,0.2857142857142857,31146,7 7 1 1 0 386 -121,1.0 0.00655307994757536 0.0005577244841048522 0.0007968127490039841 0.0 0.0 0.0,1000661.6820523476,0.03142857142857143,24765
resolved-p7d-c21d-3600-1st/nsp-n30-d28-r0.10-rp2-fp2-s6,0 3 4 3 0 187 -113,0.0 0.0 0.0 0.0 0.0 0.0 0.0,0.0,0.6476190476190476,31446,3 52 124 141 22 895 -10,1.0 0.21875 0.08021390374331551 0.10199556541019955 0.0718954248366013 0.19639389736477114 0.6912751677852349,1022788.9793594684,0.009523809523809525,66807,3 52 123 141 22 882 -2,1.0 0.21875 0.07954545454545454 0.10199556541019955 0.0718954248366013 0.1927877947295423 0.7449664429530202,1022782.3124977387,0.009523809523809525,67415,3 52 113 111 21 889 4,1.0 0.21875 0.07286096256684492 0.07982261640798226 0.06862745098039216 0.19472954230235784 0.785234899328859,1022693.027517497,0.009523809523809525,23878,0 197 1464 1356 306 2864 34,0.0 0.8660714285714286 0.9759358288770054 1.0 1.0 0.7425797503467406 0.9865771812080537,97474.91352059759,0.5238095238095238,8139,0 227 1256 1095 215 2371 28,0.0 1.0 0.8368983957219251 0.8070953436807096 0.7026143790849673 0.6058252427184466 0.9463087248322147,109253.34529996048,0.38571428571428573,9447,3 52 171 207 38 1595 31,1.0 0.21875 0.11163101604278075 0.15077605321507762 0.12418300653594772 0.39056865464632456 0.9664429530201343,1023159.3766437959,0.009523809523809525,27245,0 197 1464 1356 306 2864 34,0.0 0.8660714285714286 0.9759358288770054 1.0 1.0 0.7425797503467406 0.9865771812080537,97474.91352059759,0.5238095238095238,8139,0 222 1469 1285 244 2962 21,0.0 0.9776785714285714 0.9792780748663101 0.9475240206947524 0.7973856209150327 0.7697642163661581 0.8993288590604027,108596.49744532922,0.3238095238095238,9503,3 52 183 191 45 1639 20,1.0 0.21875 0.1196524064171123 0.13895048041389504 0.14705882352941177 0.4027739251040222 0.8926174496644296,1023230.1007836385,0.009523809523809525,26839,0 194 1500 1257 255 2892 27,0.0 0.8526785714285714 1.0 0.926829268292683 0.8333333333333334 0.7503467406380028 0.9395973154362416,96286.46280920497,0.36666666666666664,8332,0 221 1455 1199 240 2908 31,0.0 0.9732142857142857 0.9699197860962567 0.8839615668883961 0.7843137254901961 0.7547850208044383 0.9664429530201343,107991.53366498962,0.3238095238095238,9525,3 53 763 406 143 2449 15,1.0 0.22321428571428573 0.5073529411764706 0.29785661492978566 0.4673202614379085 0.6274618585298197 0.8590604026845637,1027746.6803032547,0.009523809523809525,23475,0 70 1421 854 259 3101 1,0.0 0.29910714285714285 0.9471925133689839 0.6289726533628973 0.8464052287581699 0.8083217753120666 0.7651006711409396,40105.1009140671,0.7523809523809524,26349,0 128 1026 1160 271 2647 17,0.0 0.5580357142857143 0.6831550802139037 0.8551367331855136 0.8856209150326797 0.6823855755894591 0.87248322147651,63586.51739437662,0.7666666666666667,31875,3 53 748 395 135 2630 16,1.0 0.22321428571428573 0.49732620320855614 0.28972653362897266 0.4411764705882353 0.6776699029126214 0.8657718120805369,1027636.1772550431,0.009523809523809525,23831,0 33 1222 975 257 3792 36,0.0 0.13392857142857142 0.8141711229946524 0.7184035476718403 0.8398692810457516 1.0 1.0,22347.958848580085,0.7571428571428571,31988,0 138 938 1126 250 2655 30,0.0 0.6026785714285714 0.6243315508021391 0.8300073909830007 0.8169934640522876 0.6846047156726769 0.959731543624161,67430.6851669671,0.7666666666666667,31018,3 52 637 497 182 3476 23,1.0 0.21875 0.42312834224598933 0.36511456023651145 0.5947712418300654 0.9123439667128987 0.912751677852349,1026540.9112982242,0.009523809523809525,66397
resolved-p7d-c21d-3600-1st/nsp-n20-d28-r0.10-rp2-fp2-s0,0 0 0 0 0 49 -84,0.0 0.0 0.0 0.0 0.0 0.0 0.0,0.0,0.2857142857142857,424,0 0 0 0 0 52 -83,0.0 0.0 0.0 0.0 0.0 0.08823529411764706 0.021739130434782608,0.9040920716112533,0.24285714285714285,314,0 0 0 0 0 49 -82,0.0 0.0 0.0 0.0 0.0 0.0 0.043478260869565216,0.043478260869565216,0.2714285714285714,293,0 0 0 0 0 72 -56,0.0 0.0 0.0 0.0 0.0 0.6764705882352942 0.6086956521739131,7.373401534526855,0.08571428571428572,301,0 0 0 0 0 82 -38,0.0 0.0 0.0 0.0 0.0 0.9705882352941176 1.0,10.705882352941176,0.37142857142857144,33,0 0 0 0 0 73 -51,0.0 0.0 0.0 0.0 0.0 0.7058823529411765 0.717391304347826,7.7762148337595915,0.08571428571428572,168,0 0 0 0 0 73 -38,0.0 0.0 0.0 0.0 0.0 0.7058823529411765 1.0,8.058823529411764,0.08571428571428572,247,0 0 0 0 0 83 -40,0.0 0.0 0.0 0.0 0.0 1.0 0.9565217391304348,10.956521739130435,0.2642857142857143,52,0 0 0 0 0 73 -54,0.0 0.0 0.0 0.0 0.0 0.7058823529411765 0.6521739130434783,7.710997442455244,0.08571428571428572,337,0 0 0 0 0 70 -44,0.0 0.0 0.0 0.0 0.0 0.6176470588235294 0.8695652173913043,7.046035805626599,0.08571428571428572,165,0 0 0 0 0 74 -48,0.0 0.0 0.0 0.0 0.0 0.7352941176470589 0.782608695652174,8.135549872122763,0.3142857142857143,26,0 0 0 0 0 71 -77,0.0 0.0 0.0 0.0 0.0 0.6470588235294118 0.15217391304347827,6.622762148337596,0.08571428571428572,79,0 0 0 0 0 74 -55,0.0 0.0 0.0 0.0 0.0 0.7352941176470589 0.6304347826086957,7.983375959079284,0.08571428571428572,362,0 0 0 0 0 77 -42,0.0 0.0 0.0 0.0 0.0 0.8235294117647058 0.9130434782608695,9.148337595907927,0.5714285714285714,96,0 0 0 0 0 70 -60,0.0 0.0 0.0 0.0 0.0 0.6176470588235294 0.5217391304347826,6.698209718670077,0.08571428571428572,307,0 0 0 0 0 73 -53,0.0 0.0 0.0 0.0 0.0 0.7058823529411765 0.6739130434782609,7.732736572890026,0.08571428571428572,365,0 0 0 0 0 76 -41,0.0 0.0 0.0 0.0 0.0 0.7941176470588235 0.9347826086956522,8.875959079283886,0.5571428571428572,100,0 0 0 0 0 70 -60,0.0 0.0 0.0 0.0 0.0 0.6176470588235294 0.5217391304347826,6.698209718670077,0.08571428571428572,307,0 0 0 0 0 73 -53,0.0 0.0 0.0 0.0 0.0 0.7058823529411765 0.6739130434782609,7.732736572890026,0.08571428571428572,203
resolved-p7d-c21d-3600-1st/nsp-n50-d28-r0.10-rp2-fp2-s6,0 4 2 74 2 859 -106,0.0 0.0032626427406199023 0.0005431830526887561 0.05124653739612189 0.0049504950495049506 0.05351663188903891 0.21912350597609562,384.19198131481664,0.12571428571428572,18742,3 4 2 183 12 1257 -26,1.0 0.0032626427406199023 0.0005431830526887561 0.12673130193905818 0.0297029702970297 0.10236897017306984 0.5378486055776892,1000462.959241865,0.014285714285714285,26421,0 4 2 0 0 423 -151,0.0 0.0032626427406199023 0.0005431830526887561 0.0 0.0 0.0 0.0398406374501992,331.735945226328,0.06857142857142857,29493,3 4 0 1 0 448 -147,1.0 0.0032626427406199023 0.0 0.0006925207756232687 0.0 0.0030686142138210385 0.055776892430278883,1000327.0432578722,0.014285714285714285,31110,2 600 1237 1223 52 3267 26,0.6666666666666666 0.9755301794453507 0.33595871808799566 0.8469529085872576 0.12871287128712872 0.34908555296428134 0.7450199203187251,768443.3318632476,0.23142857142857143,1310,0 495 1257 1119 87 2873 33,0.0 0.8042414355628059 0.3413905486148832 0.7749307479224377 0.21534653465346534 0.3007241929544618 0.7729083665338645,84638.29459411328,0.36,3264,3 4 0 2 0 581 -161,1.0 0.0032626427406199023 0.0 0.0013850415512465374 0.0 0.01939364183134896 0.0,1000327.8432520315,0.014285714285714285,31072,2 600 1237 1223 52 3267 26,0.6666666666666666 0.9755301794453507 0.33595871808799566 0.8469529085872576 0.12871287128712872 0.34908555296428134 0.7450199203187251,768443.3318632476,0.23142857142857143,1310,0 495 1257 1119 87 2871 33,0.0 0.8042414355628059 0.3413905486148832 0.7749307479224377 0.21534653465346534 0.3004787038173561 0.7729083665338645,84638.2921392219,0.36,3265,3 4 0 1 0 448 -147,1.0 0.0032626427406199023 0.0 0.0006925207756232687 0.0 0.0030686142138210385 0.055776892430278883,1000327.0432578722,0.014285714285714285,31110,2 615 1194 1427 38 3403 62,0.6666666666666666 1.0 0.3242802824551874 0.9882271468144044 0.09405940594059406 0.3657788142874678 0.8884462151394422,770911.648812985,0.2342857142857143,1309,0 495 1257 1119 87 2871 33,0.0 0.8042414355628059 0.3413905486148832 0.7749307479224377 0.21534653465346534 0.3004787038173561 0.7729083665338645,84638.2921392219,0.36,3265,2 454 2372 1444 200 4191 88,0.6666666666666666 0.7373572593800979 0.6442151004888648 1.0 0.49504950495049505 0.4625015343071069 0.9920318725099602,747899.6656072758,0.5342857142857143,23601,0 2 2 0 0 478 -123,0.0 0.0 0.0005431830526887561 0.0 0.0 0.006750951270406285 0.15139442231075698,5.65073446190238,0.6028571428571429,31163,0 15 3682 1239 404 8407 17,0.0 0.021207177814029365 1.0 0.8580332409972299 1.0 0.9799926353258869 0.7091633466135459,13089.260112100039,0.7057142857142857,34989,3 407 2440 1389 219 4356 90,1.0 0.6606851549755302 0.6626833242802824 0.9619113573407202 0.5420792079207921 0.4827543881183258 1.0,1073717.2955623697,0.5342857142857143,23286,0 2 2 0 0 483 -129,0.0 0.0 0.0005431830526887561 0.0 0.0 0.007364674113170492 0.12749003984063745,5.632967307859903,0.6028571428571429,31162,0 22 3542 1300 370 8570 7,0.0 0.03262642740619902 0.9619771863117871 0.9002770083102493 0.9158415841584159 1.0 0.6693227091633466,13884.945093173028,0.7371428571428571,33857,3 4 0 1 0 436 -153,1.0 0.0032626427406199023 0.0 0.0006925207756232687 0.0 0.00159567939118694 0.03187250996015936,1000327.0046241415,0.014285714285714285,21577
resolved-p7d-c21d-3600-1st/nsp-n40-d28-r0.10-rp2-fp2-s1,0 2 0 2 0 245 -197,0.0 0.0 0.0 0.0 0.0 0.0 0.0,0.0,0.21428571428571427,48960,0 3 0 3 0 318 -147,0.0 0.0018450184501845018 0.0 0.00048355899419729207 0.0 0.023465123754419802 0.20161290322580644,185.42166815341747,0.14285714285714285,49163,0 3 0 8 0 388 -170,0.0 0.0018450184501845018 0.0 0.0029013539651837525 0.0 0.045965927354548373 0.10887096774193548,187.97172922492135,0.075,48933,3 3 4 2 0 353 -187,0.23076923076923078 0.0018450184501845018 0.001367053998632946 0.0 0.0 0.03471552555448409 0.04032258064516129,230967.79063207176,0.014285714285714285,40846,2 535 1089 1145 102 2007 -9,0.15384615384615385 0.9833948339483395 0.37218045112781956 0.5527079303675049 0.40963855421686746 0.5663773706203793 0.7580645161290323,256507.53537627752,0.65,5840,0 543 1030 1111 94 1743 -21,0.0 0.9981549815498155 0.3520164046479836 0.5362669245647969 0.37751004016064255 0.48151719704275153 0.7096774193548387,103915.20497943205,0.5107142857142857,3710,3 3 4 2 0 354 -190,0.23076923076923078 0.0018450184501845018 0.001367053998632946 0.0 0.0 0.035036965605914495 0.028225806451612902,230967.78174969807,0.014285714285714285,40845,2 535 1089 1145 102 2007 -9,0.15384615384615385 0.9833948339483395 0.37218045112781956 0.5527079303675049 0.40963855421686746 0.5663773706203793 0.7580645161290323,256507.53537627752,0.65,5840,0 543 1031 1035 81 1863 0,0.0 0.9981549815498155 0.3523581681476418 0.4995164410058027 0.3253012048192771 0.5200900032144005 0.7943548387096774,103877.12165281655,0.4857142857142857,3709,3 3 4 2 0 354 -190,0.23076923076923078 0.0018450184501845018 0.001367053998632946 0.0 0.0 0.035036965605914495 0.028225806451612902,230967.78174969807,0.014285714285714285,40845,2 535 1141 1119 105 2161 10,0.15384615384615385 0.9833948339483395 0.38995215311004783 0.5401353965183753 0.42168674698795183 0.6158791385406621 0.8346774193548387,256674.4563121102,0.6,5519,0 544 1108 974 83 2057 34,0.0 1.0 0.37867395762132605 0.4700193423597679 0.3333333333333333 0.5824493731918997 0.9314516129032258,104296.8481972512,0.37857142857142856,3568,13 478 2871 1754 246 3325 51,1.0 0.8782287822878229 0.981203007518797 0.8471953578336557 0.9879518072289156 0.9900353584056574 1.0,1098591.7991961108,0.4392857142857143,26114,0 2 211 408 78 2326 -12,0.0 0.0 0.0721120984278879 0.19632495164410058 0.3132530120481928 0.6689167470266795 0.7459677419354839,956.2063723400012,0.6785714285714286,47768,0 2 38 432 68 2384 -64,0.0 0.0 0.012987012987012988 0.2079303675048356 0.27309236947791166 0.6875602700096431 0.5362903225806451,372.5216273454338,0.7142857142857143,40020,9 535 2926 2070 249 3356 48,0.6923076923076923 0.9833948339483395 1.0 1.0 1.0 1.0 0.9879032258064516,801758.163605752,0.4357142857142857,27256,0 2 198 475 61 2344 6,0.0 0.0 0.06766917293233082 0.22872340425531915 0.24497991967871485 0.6747026679524268 0.8185483870967742,937.4787006131199,0.6321428571428571,50450,0 2 37 361 60 2134 -52,0.0 0.0 0.012645249487354751 0.17359767891682784 0.24096385542168675 0.6072002571520412 0.5846774193548387,330.80323932341923,0.6821428571428572,40210,3 3 4 2 0 385 -143,0.23076923076923078 0.0018450184501845018 0.001367053998632946 0.0 0.0 0.04500160720025715 0.21774193548387097,230968.07091224304,0.014285714285714285,52746
resolved-p7d-c21d-3600-1st/nsp-n10-d28-r0.10-rp0-fp0-s3,0 0 0 0 0 73 -36,0.0 0.0 0.0 0.0 0.0 0.14814814814814814 0.14285714285714285,1.6243386243386242,0.4,296,0 0 0 0 0 69 -39,0.0 0.0 0.0 0.0 0.0 0.0 0.0,0.0,0.4,299,0 0 0 0 0 72 -35,0.0 0.0 0.0 0.0 0.0 0.1111111111111111 0.19047619047619047,1.3015873015873016,0.4142857142857143,294,0 0 0 0 0 87 -27,0.0 0.0 0.0 0.0 0.0 0.6666666666666666 0.5714285714285714,7.238095238095237,0.02857142857142857,137,0 0 0 0 0 87 -24,0.0 0.0 0.0 0.0 0.0 0.6666666666666666 0.7142857142857143,7.3809523809523805,0.37142857142857144,71,0 0 0 0 0 96 -32,0.0 0.0 0.0 0.0 0.0 1.0 0.3333333333333333,10.333333333333334,0.02857142857142857,91,0 0 0 0 0 90 -28,0.0 0.0 0.0 0.0 0.0 0.7777777777777778 0.5238095238095238,8.301587301587302,0.02857142857142857,127,0 0 0 0 0 92 -18,0.0 0.0 0.0 0.0 0.0 0.8518518518518519 1.0,9.518518518518519,0.4857142857142857,86,0 0 0 0 0 91 -23,0.0 0.0 0.0 0.0 0.0 0.8148148148148148 0.7619047619047619,8.910052910052908,0.02857142857142857,161,0 0 0 0 0 93 -29,0.0 0.0 0.0 0.0 0.0 0.8888888888888888 0.47619047619047616,9.365079365079366,0.02857142857142857,211,0 0 0 0 0 93 -25,0.0 0.0 0.0 0.0 0.0 0.8888888888888888 0.6666666666666666,9.555555555555555,0.24285714285714285,38,0 0 0 0 0 91 -33,0.0 0.0 0.0 0.0 0.0 0.8148148148148148 0.2857142857142857,8.433862433862434,0.02857142857142857,193,0 0 0 0 0 91 -30,0.0 0.0 0.0 0.0 0.0 0.8148148148148148 0.42857142857142855,8.576719576719576,0.02857142857142857,226,0 0 0 0 0 94 -28,0.0 0.0 0.0 0.0 0.0 0.9259259259259259 0.5238095238095238,9.783068783068783,0.6142857142857143,72,0 0 0 0 0 87 -33,0.0 0.0 0.0 0.0 0.0 0.6666666666666666 0.2857142857142857,6.952380952380952,0.02857142857142857,311,0 0 0 0 0 91 -30,0.0 0.0 0.0 0.0 0.0 0.8148148148148148 0.42857142857142855,8.576719576719576,0.02857142857142857,226,0 0 0 0 0 94 -29,0.0 0.0 0.0 0.0 0.0 0.9259259259259259 0.47619047619047616,9.735449735449736,0.6142857142857143,73,0 0 0 0 0 87 -33,0.0 0.0 0.0 0.0 0.0 0.6666666666666666 0.2857142857142857,6.952380952380952,0.02857142857142857,311,0 0 0 0 0 88 -33,0.0 0.0 0.0 0.0 0.0 0.7037037037037037 0.2857142857142857,7.322751322751323,0.02857142857142857,225
resolved-p7d-c21d-3600-1st/nsp-n10-d28-r0.10-rp0-fp0-s5,0 0 2 0 0 118 -44,0.0 0.0 0.0 0.0 0.0 0.5263157894736842 0.03333333333333333,5.296491228070175,0.32857142857142857,74559,0 0 2 0 0 118 -45,0.0 0.0 0.0 0.0 0.0 0.5263157894736842 0.0,5.263157894736842,0.37142857142857144,74516,0 0 2 0 0 118 -44,0.0 0.0 0.0 0.0 0.0 0.5263157894736842 0.03333333333333333,5.296491228070175,0.35714285714285715,74518,2 0 2 0 0 112 -20,1.0 0.0 0.0 0.0 0.0 0.21052631578947367 0.8333333333333334,1000002.9385964912,0.014285714285714285,5073,0 0 2 0 0 127 -35,0.0 0.0 0.0 0.0 0.0 1.0 0.3333333333333333,10.333333333333334,0.21428571428571427,20284,0 0 2 0 0 123 -31,0.0 0.0 0.0 0.0 0.0 0.7894736842105263 0.4666666666666667,8.36140350877193,0.08571428571428572,16766,2 0 2 0 0 112 -23,1.0 0.0 0.0 0.0 0.0 0.21052631578947367 0.7333333333333333,1000002.8385964911,0.014285714285714285,5075,0 0 2 0 0 127 -17,0.0 0.0 0.0 0.0 0.0 1.0 0.9333333333333333,10.933333333333334,0.37142857142857144,11361,0 0 2 0 0 124 -42,0.0 0.0 0.0 0.0 0.0 0.8421052631578947 0.1,8.521052631578947,0.08571428571428572,12831,2 0 2 0 0 112 -22,1.0 0.0 0.0 0.0 0.0 0.21052631578947367 0.7666666666666667,1000002.8719298246,0.014285714285714285,5074,0 0 2 0 0 127 -15,0.0 0.0 0.0 0.0 0.0 1.0 1.0,11.0,0.4714285714285714,19447,0 0 2 0 0 125 -29,0.0 0.0 0.0 0.0 0.0 0.8947368421052632 0.5333333333333333,9.480701754385965,0.08571428571428572,13586,2 0 2 0 0 114 -33,1.0 0.0 0.0 0.0 0.0 0.3157894736842105 0.4,1000003.5578947369,0.014285714285714285,3954,0 0 2 0 0 126 -27,0.0 0.0 0.0 0.0 0.0 0.9473684210526315 0.6,10.073684210526315,0.34285714285714286,6505,0 0 2 0 0 122 -25,0.0 0.0 0.0 0.0 0.0 0.7368421052631579 0.6666666666666666,8.035087719298245,0.08571428571428572,5756,2 0 2 0 0 114 -33,1.0 0.0 0.0 0.0 0.0 0.3157894736842105 0.4,1000003.5578947369,0.014285714285714285,3954,0 0 2 0 0 126 -27,0.0 0.0 0.0 0.0 0.0 0.9473684210526315 0.6,10.073684210526315,0.34285714285714286,6505,0 0 2 0 0 122 -25,0.0 0.0 0.0 0.0 0.0 0.7368421052631579 0.6666666666666666,8.035087719298245,0.08571428571428572,5756,2 0 2 0 0 108 -16,1.0 0.0 0.0 0.0 0.0 0.0 0.9666666666666667,1000000.9666666667,0.014285714285714285,26816
resolved-p7d-c21d-3600-1st/nsp-n20-d28-r0.10-rp2-fp2-s9,0 0 0 0 0 57 -84,0.0 0.0 0.0 0.0 0.0 0.07407407407407407 0.0,0.7407407407407407,0.4142857142857143,322,0 0 0 0 0 55 -79,0.0 0.0 0.0 0.0 0.0 0.0 0.07246376811594203,0.07246376811594203,0.4142857142857143,289,0 0 0 0 0 56 -62,0.0 0.0 0.0 0.0 0.0 0.037037037037037035 0.3188405797101449,0.6892109500805152,0.3142857142857143,298,0 0 0 0 0 77 -38,0.0 0.0 0.0 0.0 0.0 0.8148148148148148 0.6666666666666666,8.814814814814813,0.10714285714285714,416,0 0 0 0 0 74 -15,0.0 0.0 0.0 0.0 0.0 0.7037037037037037 1.0,8.037037037037038,0.32142857142857145,52,0 0 0 0 0 76 -19,0.0 0.0 0.0 0.0 0.0 0.7777777777777778 0.9420289855072463,8.719806763285025,0.10714285714285714,163,0 0 0 0 0 75 -35,0.0 0.0 0.0 0.0 0.0 0.7407407407407407 0.7101449275362319,8.117552334943639,0.10714285714285714,279,0 0 0 0 0 82 -27,0.0 0.0 0.0 0.0 0.0 1.0 0.8260869565217391,10.826086956521738,0.34285714285714286,54,0 0 0 0 0 76 -16,0.0 0.0 0.0 0.0 0.0 0.7777777777777778 0.9855072463768116,8.76328502415459,0.10714285714285714,214,0 0 0 0 0 79 -24,0.0 0.0 0.0 0.0 0.0 0.8888888888888888 0.8695652173913043,9.758454106280194,0.10714285714285714,289,0 0 0 0 0 80 -31,0.0 0.0 0.0 0.0 0.0 0.9259259259259259 0.7681159420289855,10.027375201288246,0.32142857142857145,46,0 0 0 0 0 73 -16,0.0 0.0 0.0 0.0 0.0 0.6666666666666666 0.9855072463768116,7.652173913043478,0.10714285714285714,348,0 0 0 0 0 70 -33,0.0 0.0 0.0 0.0 0.0 0.5555555555555556 0.7391304347826086,6.294685990338164,0.10714285714285714,332,0 0 0 0 0 73 -38,0.0 0.0 0.0 0.0 0.0 0.6666666666666666 0.6666666666666666,7.333333333333333,0.6142857142857143,173,0 0 0 0 0 74 -34,0.0 0.0 0.0 0.0 0.0 0.7037037037037037 0.7246376811594203,7.761674718196457,0.10714285714285714,409,0 0 0 0 0 70 -33,0.0 0.0 0.0 0.0 0.0 0.5555555555555556 0.7391304347826086,6.294685990338164,0.10714285714285714,332,0 0 0 0 0 73 -38,0.0 0.0 0.0 0.0 0.0 0.6666666666666666 0.6666666666666666,7.333333333333333,0.6142857142857143,173,0 0 0 0 0 74 -34,0.0 0.0 0.0 0.0 0.0 0.7037037037037037 0.7246376811594203,7.761674718196457,0.10714285714285714,409,0 0 0 0 0 80 -36,0.0 0.0 0.0 0.0 0.0 0.9259259259259259 0.6956521739130435,9.954911433172303,0.10714285714285714,196
resolved-p7d-c21d-3600-1st/nsp-n50-d28-r0.10-rp2-fp2-s7,1 22 484 3455 26 3194 -157,0.03571428571428571 0.02176278563656148 0.14469357249626308 1.0 0.08666666666666667 0.5444154802486465 0.0,40351.61082437364,0.38571428571428573,17235,1 74 1358 981 173 5044 -39,0.03571428571428571 0.07834602829162132 0.40597907324364724 0.2839363241678726 0.5766666666666667 0.9153799879687187 0.48760330578512395,47959.923669904325,0.21714285714285714,22332,11 158 1226 820 251 5466 4,0.39285714285714285 0.16974972796517954 0.36651718983557546 0.23733719247467439 0.8366666666666667 1.0 0.6652892561983471,413828.9567004141,0.008571428571428572,37793,11 151 832 674 87 3443 6,0.39285714285714285 0.16213275299238303 0.24872944693572496 0.19507959479015918 0.29 0.594345297774213 0.6735537190082644,411788.4092272253,0.008571428571428572,31190,5 921 2497 2635 196 2841 58,0.17857142857142858 1.0 0.7464872944693572 0.7626628075253257 0.6533333333333333 0.4736314417485462 0.8884297520661157,286869.92240115034,0.26,1841,6 879 2075 2035 190 2994 73,0.21428571428571427 0.9542981501632208 0.6203288490284006 0.5890014471780028 0.6333333333333333 0.5043112091437738 0.9504132231404959,316577.1460981462,0.23142857142857143,3185,11 151 910 698 99 3969 18,0.39285714285714285 0.16213275299238303 0.27204783258594917 0.2020260492040521 0.33 0.6998195307800281 0.7231404958677686,412033.6438672483,0.008571428571428572,29751,6 850 2436 2640 173 2844 78,0.21428571428571427 0.9227421109902068 0.7282511210762331 0.76410998552822 0.5766666666666667 0.4742330058151193 0.9710743801652892,314669.92665213044,0.26,1729,8 828 2119 1955 182 3055 67,0.2857142857142857 0.8988030467899891 0.6334828101644245 0.5658465991316932 0.6066666666666667 0.51654301183076 0.9256198347107438,382562.0228106802,0.23142857142857143,2998,11 151 760 586 105 3259 33,0.39285714285714285 0.16213275299238303 0.22720478325859492 0.16960926193921852 0.35 0.5574493683577301 0.7851239669421488,411553.4348685568,0.008571428571428572,31961,6 850 2436 2640 173 2844 78,0.21428571428571427 0.9227421109902068 0.7282511210762331 0.76410998552822 0.5766666666666667 0.4742330058151193 0.9710743801652892,314669.92665213044,0.26,1729,6 879 2075 2035 190 2994 73,0.21428571428571427 0.9542981501632208 0.6203288490284006 0.5890014471780028 0.6333333333333333 0.5043112091437738 0.9504132231404959,316577.1460981462,0.23142857142857143,3185,28 668 3313 2483 294 4096 84,1.0 0.7247007616974973 0.9904334828101644 0.7186685962373371 0.98 0.7252857429316222 0.9958677685950413,1083199.3283192865,0.58,17983,0 2 0 0 0 479 -155,0.0 0.0 0.0 0.0 0.0 0.0 0.008264462809917356,0.008264462809917356,0.82,27225,0 2 0 0 0 614 -132,0.0 0.0 0.0 0.0 0.0 0.027070382995789052 0.10330578512396695,0.3740096150818575,0.6371428571428571,24900,22 657 3345 2503 300 4157 85,0.7857142857142857 0.7127312295973884 1.0 0.7244573082489146 1.0 0.7375175456186084 1.0,867820.2411577296,0.5828571428571429,17825,0 2 0 0 0 596 -136,0.0 0.0 0.0 0.0 0.0 0.02346099859635051 0.08677685950413223,0.32138684546763735,0.8057142857142857,27177,0 2 0 0 0 831 -101,0.0 0.0 0.0 0.0 0.0 0.07058351714457589 0.23140495867768596,0.9372401301234449,0.6314285714285715,25037,11 151 434 729 92 3172 9,0.39285714285714285 0.16213275299238303 0.12974588938714499 0.21099855282199712 0.30666666666666664 0.5400040104271104 0.6859504132231405,410615.62826025876,0.008571428571428572,33850
resolved-p7d-c21d-3600-1st/nsp-n30-d28-r0.10-rp2-fp2-s4,0 5 0 0 0 179 -82,0.0 0.01694915254237288 0.0 0.0 0.0 0.009908536585365854 0.10382513661202186,1695.1181647397536,0.1761904761904762,60413,0 5 0 0 0 175 -84,0.0 0.01694915254237288 0.0 0.0 0.0 0.008384146341463415 0.09289617486338798,1695.0919918755662,0.1,60745,0 5 0 4 0 212 -68,0.0 0.01694915254237288 0.0 0.005188067444876783 0.0 0.022484756097560975 0.18032786885245902,1700.508497111993,0.05238095238095238,60547,3 4 1 2 0 158 -101,1.0 0.011299435028248588 0.0010416666666666667 0.0025940337224383916 0.0 0.0019054878048780487 0.0,1001142.973258092,0.023809523809523808,38171,0 179 563 771 112 2044 21,0.0 1.0 0.5864583333333333 1.0 0.7832167832167832 0.7206554878048781 0.6666666666666666,106950.77823319973,0.6761904761904762,12975,0 152 608 491 141 1931 21,0.0 0.847457627118644 0.6333333333333333 0.6368352788586251 0.986013986013986 0.6775914634146342 0.6666666666666666,91821.97530395856,0.6952380952380952,26281,3 4 1 2 0 153 -74,1.0 0.011299435028248588 0.0010416666666666667 0.0025940337224383916 0.0 0.0 0.14754098360655737,1001143.1017441975,0.023809523809523808,38194,0 179 564 700 133 2074 19,0.0 1.0 0.5875 0.9079118028534371 0.9300699300699301 0.7320884146341463 0.6557377049180327,106883.89541771168,0.6428571428571429,12663,0 158 611 493 136 1980 26,0.0 0.8813559322033898 0.6364583333333333 0.6394293125810635 0.951048951048951 0.696265243902439 0.6939890710382514,95242.36740286833,0.6095238095238096,23138,3 4 1 2 0 158 -101,1.0 0.011299435028248588 0.0010416666666666667 0.0025940337224383916 0.0 0.0019054878048780487 0.0,1001142.973258092,0.023809523809523808,38171,0 179 564 740 86 1952 9,0.0 1.0 0.5875 0.959792477302205 0.6013986013986014 0.6855945121951219 0.6010928961748634,106902.38937546019,0.5476190476190477,12592,0 155 607 482 143 1951 21,0.0 0.864406779661017 0.6322916666666667 0.6251621271076524 1.0 0.6852134146341463 0.6666666666666666,93496.27556068903,0.6428571428571429,24601,3 83 760 475 98 2280 82,1.0 0.4576271186440678 0.7916666666666666 0.6160830090791181 0.6853146853146853 0.8105945121951219 1.0,1054373.098953806,0.45714285714285713,41219,0 2 0 0 0 156 -77,0.0 0.0 0.0 0.0 0.0 0.0011432926829268292 0.13114754098360656,0.14258046781287487,0.6,40427,0 2 0 0 0 245 -69,0.0 0.0 0.0 0.0 0.0 0.0350609756097561 0.17486338797814208,0.5254731440757031,0.17142857142857143,45645,0 28 960 438 112 2777 37,0.0 0.14689265536723164 1.0 0.5680933852140078 0.7832167832167832 1.0 0.7540983606557377,25346.434698619505,0.45714285714285713,58481,0 2 0 0 0 161 -75,0.0 0.0 0.0 0.0 0.0 0.003048780487804878 0.14207650273224043,0.1725643076102892,0.5904761904761905,40422,0 2 0 0 0 257 -59,0.0 0.0 0.0 0.0 0.0 0.039634146341463415 0.22950819672131148,0.6258496601359457,0.14285714285714285,46265,3 4 1 2 0 154 -73,1.0 0.011299435028248588 0.0010416666666666667 0.0025940337224383916 0.0 0.00038109756097560977 0.15300546448087432,1001143.111019654,0.023809523809523808,44139
resolved-p7d-c21d-3600-1st/nsp-n50-d28-r0.10-rp2-fp2-s1,0 4 0 124 4 739 -98,0.0 0.005242463958060288 0.0 0.11753371868978806 0.026490066225165563 0.1181547619047619 0.37305699481865284,645.9837257321998,0.10285714285714286,7000,0 2 1 2 0 342 -134,0.0 0.002621231979030144 0.0006662225183211193 0.0 0.0 0.0 0.18652849740932642,268.97195158363496,0.08571428571428572,28484,0 0 2 2 0 385 -126,0.0 0.0 0.0013324450366422385 0.0 0.0 0.012797619047619047 0.22797927461139897,13.680405831509974,0.09714285714285714,28641,3 69 988 648 81 3185 -17,0.5 0.09043250327653997 0.6582278481012658 0.6223506743737958 0.5364238410596026 0.8461309523809524 0.7927461139896373,516310.7759227842,0.014285714285714285,9142,5 763 1501 1040 91 3641 23,0.8333333333333334 1.0 1.0 1.0 0.6026490066225165 0.981845238095238 1.0,944404.4166863766,0.58,1910,6 686 1165 986 57 3199 20,1.0 0.8990825688073395 0.776149233844104 0.9479768786127167 0.37748344370860926 0.850297619047619 0.9844559585492227,1098664.9618743076,0.5857142857142857,2986,3 59 1043 572 128 3305 -42,0.5 0.07732634338138926 0.6948700866089274 0.5491329479768786 0.847682119205298 0.8818452380952381 0.6632124352331606,515324.7180289418,0.014285714285714285,10620,5 762 1439 1016 94 3592 -5,0.8333333333333334 0.9986893840104849 0.9586942038640907 0.976878612716763 0.6225165562913907 0.9672619047619048 0.8549222797927462,943838.8715826962,0.6028571428571429,2755,6 686 1165 985 56 3199 20,1.0 0.8990825688073395 0.776149233844104 0.9470134874759152 0.3708609271523179 0.850297619047619 0.9844559585492227,1098663.336231515,0.5857142857142857,2987,3 59 1058 598 129 3334 -52,0.5 0.07732634338138926 0.7048634243837442 0.5741811175337187 0.8543046357615894 0.8904761904761904 0.6113989637305699,515450.3963239547,0.014285714285714285,10449,5 763 1428 993 91 3569 -7,0.8333333333333334 1.0 0.9513657561625583 0.9547206165703276 0.6026490066225165 0.9604166666666667 0.844559585492228,943872.4251384436,0.6057142857142858,2659,6 686 1165 986 57 3199 20,1.0 0.8990825688073395 0.776149233844104 0.9479768786127167 0.37748344370860926 0.850297619047619 0.9844559585492227,1098664.9618743076,0.5857142857142857,2986,3 53 1108 512 151 3702 -78,0.5 0.06946264744429882 0.7381745502998002 0.4913294797687861 1.0 1.0 0.47668393782383417,514929.81641113455,0.014285714285714285,12514,0 0 2 2 0 421 -110,0.0 0.0 0.0013324450366422385 0.0 0.0 0.02351190476190476 0.31088082901554404,13.870450243056975,0.5057142857142857,9196,0 0 2 2 0 423 -170,0.0 0.0 0.0013324450366422385 0.0 0.0 0.024107142857142858 0.0,13.565521794993813,0.04857142857142857,6839,3 53 1108 512 151 3702 -78,0.5 0.06946264744429882 0.7381745502998002 0.4913294797687861 1.0 1.0 0.47668393782383417,514929.81641113455,0.014285714285714285,12514,0 0 2 2 0 421 -110,0.0 0.0 0.0013324450366422385 0.0 0.0 0.02351190476190476 0.31088082901554404,13.870450243056975,0.5057142857142857,9196,0 0 2 2 0 423 -170,0.0 0.0 0.0013324450366422385 0.0 0.0 0.024107142857142858 0.0,13.565521794993813,0.04857142857142857,6839,3 6 531 458 81 3620 -33,0.5 0.007863695937090432 0.35376415722851434 0.4393063583815029 0.5364238410596026 0.9755952380952381 0.7098445595854922,504827.42570542224,0.014285714285714285,45708
resolved-p7d-c21d-3600-1st/nsp-n20-d28-r0.10-rp2-fp2-s7,0 0 0 0 0 47 -96,0.0 0.0 0.0 0.0 0.0 0.12 0.0,1.2,0.37142857142857144,443,0 0 0 0 0 48 -92,0.0 0.0 0.0 0.0 0.0 0.16 0.05405405405405406,1.654054054054054,0.44285714285714284,427,0 0 0 0 0 44 -92,0.0 0.0 0.0 0.0 0.0 0.0 0.05405405405405406,0.05405405405405406,0.35714285714285715,431,0 0 0 0 0 63 -62,0.0 0.0 0.0 0.0 0.0 0.76 0.4594594594594595,8.05945945945946,0.17857142857142858,362,0 0 0 0 0 69 -34,0.0 0.0 0.0 0.0 0.0 1.0 0.8378378378378378,10.837837837837839,0.40714285714285714,29,0 0 0 0 0 64 -70,0.0 0.0 0.0 0.0 0.0 0.8 0.35135135135135137,8.35135135135135,0.17857142857142858,282,0 0 0 0 0 65 -48,0.0 0.0 0.0 0.0 0.0 0.84 0.6486486486486487,9.04864864864865,0.17857142857142858,280,0 0 0 0 0 67 -35,0.0 0.0 0.0 0.0 0.0 0.92 0.8243243243243243,10.024324324324326,0.35,46,0 0 0 0 0 61 -64,0.0 0.0 0.0 0.0 0.0 0.68 0.43243243243243246,7.232432432432433,0.17857142857142858,222,0 0 0 0 0 61 -51,0.0 0.0 0.0 0.0 0.0 0.68 0.6081081081081081,7.408108108108109,0.17857142857142858,236,0 0 0 0 0 61 -22,0.0 0.0 0.0 0.0 0.0 0.68 1.0,7.800000000000001,0.5357142857142857,102,0 0 0 0 0 62 -51,0.0 0.0 0.0 0.0 0.0 0.72 0.6081081081081081,7.808108108108107,0.17857142857142858,264,0 0 0 0 0 61 -78,0.0 0.0 0.0 0.0 0.0 0.68 0.24324324324324326,7.043243243243244,0.17857142857142858,309,0 0 0 0 0 57 -49,0.0 0.0 0.0 0.0 0.0 0.52 0.6351351351351351,5.835135135135135,0.4857142857142857,225,0 0 0 0 0 61 -52,0.0 0.0 0.0 0.0 0.0 0.68 0.5945945945945946,7.3945945945945954,0.17857142857142858,265,0 0 0 0 0 61 -78,0.0 0.0 0.0 0.0 0.0 0.68 0.24324324324324326,7.043243243243244,0.17857142857142858,309,0 0 0 0 0 57 -49,0.0 0.0 0.0 0.0 0.0 0.52 0.6351351351351351,5.835135135135135,0.4857142857142857,225,0 0 0 0 0 61 -52,0.0 0.0 0.0 0.0 0.0 0.68 0.5945945945945946,7.3945945945945954,0.17857142857142858,265,0 0 0 0 0 62 -31,0.0 0.0 0.0 0.0 0.0 0.72 0.8783783783783784,8.078378378378378,0.17857142857142858,94
resolved-p7d-c21d-3600-1st/nsp-n10-d28-r0.10-rp0-fp0-s0,0 2 0 0 0 74 -40,0.0 1.0 0.0 0.0 0.0 0.0 0.0,100000.0,0.37142857142857144,22423,0 2 0 0 0 74 -40,0.0 1.0 0.0 0.0 0.0 0.0 0.0,100000.0,0.42857142857142855,22402,0 2 0 0 0 74 -40,0.0 1.0 0.0 0.0 0.0 0.0 0.0,100000.0,0.44285714285714284,22399,0 2 0 0 0 98 -18,0.0 1.0 0.0 0.0 0.0 1.0 1.0,100011.0,0.014285714285714285,9976,0 1 0 0 0 97 -29,0.0 0.0 0.0 0.0 0.0 0.9583333333333334 0.5,10.083333333333334,0.12857142857142856,31736,0 1 0 0 0 92 -28,0.0 0.0 0.0 0.0 0.0 0.75 0.5454545454545454,8.045454545454545,0.02857142857142857,18093,0 2 0 0 0 93 -27,0.0 1.0 0.0 0.0 0.0 0.7916666666666666 0.5909090909090909,100008.50757575758,0.014285714285714285,7773,0 1 0 0 0 97 -27,0.0 0.0 0.0 0.0 0.0 0.9583333333333334 0.5909090909090909,10.174242424242426,0.18571428571428572,31735,0 1 0 0 0 92 -29,0.0 0.0 0.0 0.0 0.0 0.75 0.5,8.0,0.02857142857142857,18094,0 2 0 0 0 93 -30,0.0 1.0 0.0 0.0 0.0 0.7916666666666666 0.45454545454545453,100008.37121212122,0.014285714285714285,7814,0 1 0 0 0 96 -29,0.0 0.0 0.0 0.0 0.0 0.9166666666666666 0.5,9.666666666666666,0.14285714285714285,31739,0 1 0 0 0 92 -29,0.0 0.0 0.0 0.0 0.0 0.75 0.5,8.0,0.02857142857142857,18094,0 2 0 0 0 92 -29,0.0 1.0 0.0 0.0 0.0 0.75 0.5,100008.0,0.014285714285714285,10811,0 1 0 0 0 90 -32,0.0 0.0 0.0 0.0 0.0 0.6666666666666666 0.36363636363636365,7.030303030303029,0.5428571428571428,40295,0 1 0 0 0 89 -23,0.0 0.0 0.0 0.0 0.0 0.625 0.7727272727272727,7.0227272727272725,0.02857142857142857,27586,0 2 0 0 0 92 -29,0.0 1.0 0.0 0.0 0.0 0.75 0.5,100008.0,0.014285714285714285,10811,0 1 0 0 0 90 -32,0.0 0.0 0.0 0.0 0.0 0.6666666666666666 0.36363636363636365,7.030303030303029,0.5428571428571428,40295,0 1 0 0 0 89 -23,0.0 0.0 0.0 0.0 0.0 0.625 0.7727272727272727,7.0227272727272725,0.02857142857142857,27586,0 2 0 0 0 95 -24,0.0 1.0 0.0 0.0 0.0 0.875 0.7272727272727273,100009.47727272728,0.014285714285714285,22241
resolved-p7d-c21d-3600-1st/nsp-n40-d28-r0.10-rp2-fp2-s3,0 20 59 177 22 1081 -36,0.0 0.024600246002460024 0.03871391076115486 0.07183673469387755 0.12222222222222222 0.22621878715814506 0.5287958115183246,2934.0136484567506,0.1,16343,0 138 355 475 69 1450 -27,0.0 0.16974169741697417 0.23293963254593175 0.19346938775510203 0.38333333333333336 0.33590963139120095 0.5759162303664922,19539.303800789447,0.05357142857142857,26556,0 200 445 540 92 1544 -18,0.0 0.24600246002460024 0.291994750656168 0.22 0.5111111111111111 0.3638525564803805 0.6230366492146597,27795.566182346836,0.04642857142857143,29516,6 286 973 964 111 1689 -29,0.8571428571428571 0.35178351783517836 0.6384514435695539 0.3930612244897959 0.6166666666666667 0.40695600475624255 0.5654450261780105,899165.0862583006,0.0,13322,2 702 1035 2208 138 1787 41,0.2857142857142857 0.8634686346863468 0.6791338582677166 0.9008163265306123 0.7666666666666667 0.43608799048751484 0.9319371727748691,379835.26357587246,0.6571428571428571,5831,7 680 1524 1825 120 1984 3,1.0 0.8364083640836408 1.0 0.7444897959183674 0.6666666666666666 0.4946492271105826 0.7329842931937173,1094457.6723475135,0.17857142857142858,1536,6 253 375 664 107 1295 -29,0.8571428571428571 0.3111931119311193 0.24606299212598426 0.2706122448979592 0.5944444444444444 0.289833531510107 0.5654450261780105,891056.3187269125,0.0,13251,1 625 1417 2061 165 2380 -12,0.14285714285714285 0.7687576875768758 0.9297900262467191 0.8408163265306122 0.9166666666666666 0.6123662306777645 0.6544502617801047,229970.07298306347,0.525,4061,5 813 1074 1969 100 2049 7,0.7142857142857143 1.0 0.7047244094488189 0.803265306122449 0.5555555555555556 0.5139714625445898 0.7539267015706806,822197.6728832076,0.2357142857142857,2766,6 249 517 732 104 1484 -18,0.8571428571428571 0.3062730627306273 0.339238845144357 0.29836734693877554 0.5777777777777777 0.3460166468489893 0.6230366492146597,891522.7801951976,0.0,14284,2 799 1294 2451 171 2022 54,0.2857142857142857 0.982779827798278 0.8490813648293963 1.0 0.95 0.5059453032104637 1.0,393584.1415954395,0.6964285714285714,5533,2 702 1236 1756 107 2298 5,0.2857142857142857 0.8634686346863468 0.8110236220472441 0.7163265306122449 0.5944444444444444 0.5879904875148633 0.743455497382199,380953.77973882196,0.13214285714285715,2500,6 4 1116 545 178 3684 -30,0.8571428571428571 0.004920049200492005 0.7322834645669292 0.2220408163265306 0.9888888888888889 1.0 0.5602094240837696,865289.1866232151,0.0,25304,0 0 0 1 0 358 -106,0.0 0.0 0.0 0.0 0.0 0.011296076099881093 0.16230366492146597,0.2752644259202769,0.6142857142857143,13368,0 0 54 486 122 2598 -37,0.0 0.0 0.03543307086614173 0.19795918367346937 0.6777777777777778 0.6771700356718192 0.5235602094240838,627.3629306788067,0.6642857142857143,17007,6 4 1112 551 180 3676 -28,0.8571428571428571 0.004920049200492005 0.7296587926509186 0.22448979591836735 1.0 0.9976218787158145 0.5706806282722513,865266.4866847493,0.0,25390,0 0 0 1 0 320 -137,0.0 0.0 0.0 0.0 0.0 0.0 0.0,0.0,0.5678571428571428,13372,0 0 54 503 98 2622 -29,0.0 0.0 0.03543307086614173 0.20489795918367346 0.5444444444444444 0.6843043995243757 0.5654450261780105,621.081601310957,0.6642857142857143,16998,6 200 659 635 152 1945 -14,0.8571428571428571 0.24600246002460024 0.43241469816272965 0.2587755102040816 0.8444444444444444 0.48305588585017833 0.643979057591623,886415.9446195089,0.0,47651
resolved-p7d-c21d-3600-1st/nsp-n30-d28-r0.10-rp2-fp2-s1,4 1 75 136 21 1072 2,1.0 0.0035587188612099642 0.05936454849498328 0.1144578313253012 0.08130081300813008 0.23972148541114058 0.7980769230769231,1001075.3005754743,0.009523809523809525,66608,4 1 89 182 40 1074 -4,1.0 0.0035587188612099642 0.07107023411371237 0.1606425702811245 0.15853658536585366 0.2403846153846154 0.7403846153846154,1001246.2146868451,0.009523809523809525,64934,4 1 98 149 31 1202 -24,1.0 0.0035587188612099642 0.07859531772575251 0.12751004016064257 0.12195121951219512 0.2828249336870027 0.5480769230769231,1001284.9065517504,0.009523809523809525,61928,4 1 5 81 7 633 -7,1.0 0.0035587188612099642 0.0008361204013377926 0.05923694779116466 0.024390243902439025 0.09416445623342175 0.7115384615384616,1000427.5622453395,0.009523809523809525,27087,0 115 1163 1017 239 3365 5,0.0 0.4092526690391459 0.9690635451505016 0.998995983935743 0.967479674796748 1.0 0.8269230769230769,51722.47322991195,0.36666666666666664,5308,0 270 874 1018 140 2170 23,0.0 0.9608540925266904 0.7274247491638796 1.0 0.5650406504065041 0.6037798408488063 1.0,104423.19860775697,0.6142857142857143,5103,4 1 21 126 24 747 -10,1.0 0.0035587188612099642 0.014214046822742474 0.10441767068273092 0.09349593495934959 0.1319628647214854 0.6826923076923077,1000613.7819394821,0.009523809523809525,24699,0 123 1053 936 207 3167 19,0.0 0.4377224199288256 0.8770903010033445 0.9176706827309237 0.8373983739837398 0.9343501326259946 0.9615384615384616,53554.8605628331,0.5,5038,0 281 802 947 139 1908 6,0.0 1.0 0.6672240802675585 0.928714859437751 0.5609756097560976 0.5169098143236074 0.8365384615384616,107663.05885969372,0.2714285714285714,4008,4 1 5 22 1 468 -64,1.0 0.0035587188612099642 0.0008361204013377926 0.0 0.0 0.03945623342175066 0.16346153846153846,1000364.791114007,0.009523809523809525,28995,0 109 1200 925 247 3324 -5,0.0 0.3879003558718861 1.0 0.9066265060240963 1.0 0.9864058355437666 0.7307692307692307,49807.25692079891,0.2571428571428571,5553,0 264 746 935 121 1819 3,0.0 0.9395017793594306 0.6204013377926422 0.9166666666666666 0.4878048780487805 0.4874005305039788 0.8076923076923077,101125.32016595374,0.3761904761904762,5485,4 1 5 22 1 386 -62,1.0 0.0035587188612099642 0.0008361204013377926 0.0 0.0 0.01226790450928382 0.18269230769230768,1000364.5384614872,0.009523809523809525,26804,0 0 41 181 19 817 8,0.0 0.0 0.030936454849498328 0.15963855421686746 0.07317073170731707 0.15517241379310345 0.8557692307692307,478.7276692512827,0.580952380952381,23554,0 0 4 137 24 790 3,0.0 0.0 0.0 0.11546184738955824 0.09349593495934959 0.14622015915119363 0.8076923076923077,127.08133478469745,0.5619047619047619,25975,4 1 5 22 1 349 -73,1.0 0.0035587188612099642 0.0008361204013377926 0.0 0.0 0.0 0.07692307692307693,1000364.3100132112,0.009523809523809525,26856,0 0 27 159 20 794 14,0.0 0.0 0.019230769230769232 0.13755020080321284 0.07723577235772358 0.14754641909814323 0.9134615384615384,339.9703960761205,0.5952380952380952,25050,0 0 4 133 18 798 14,0.0 0.0 0.0 0.11144578313253012 0.06910569105691057 0.14887267904509283 0.9134615384615384,120.75854056713364,0.5619047619047619,26058,4 1 9 31 3 524 -81,1.0 0.0035587188612099642 0.004180602006688963 0.009036144578313253 0.008130081300813009 0.058023872679045095 0.0,1000408.1072976231,0.009523809523809525,75607
resolved-p7d-c21d-3600-1st/nsp-n20-d28-r0.10-rp2-fp2-s6,0 0 2 6 0 65 -84,0.0 0.0 0.0 0.0 0.0 0.0 0.07207207207207207,0.07207207207207207,0.2357142857142857,29536,0 0 2 6 0 69 -92,0.0 0.0 0.0 0.0 0.0 0.002635046113306983 0.0,0.02635046113306983,0.2,29617,0 0 2 6 0 73 -92,0.0 0.0 0.0 0.0 0.0 0.005270092226613966 0.0,0.05270092226613966,0.15,29547,0 0 2 8 0 92 -72,0.0 0.0 0.0 0.005509641873278237 0.0 0.017786561264822136 0.18018018018018017,5.867687666106639,0.014285714285714285,34953,0 0 22 168 20 527 19,0.0 0.0 0.03944773175542406 0.4462809917355372 0.1694915254237288 0.30434782608695654 1.0,861.7509400930203,0.4642857142857143,80573,0 0 262 249 67 1271 -4,0.0 0.0 0.5128205128205128 0.6694214876033058 0.5677966101694916 0.7944664031620553 0.7927927927927928,5863.143733649797,0.20714285714285716,86398,0 0 2 8 0 92 -72,0.0 0.0 0.0 0.005509641873278237 0.0 0.017786561264822136 0.18018018018018017,5.867687666106639,0.014285714285714285,34953,0 0 12 187 12 483 14,0.0 0.0 0.01972386587771203 0.4986225895316804 0.1016949152542373 0.2753623188405797 0.954954954954955,709.7393179775852,0.45,84778,0 3 432 319 94 1458 -2,0.0 0.11538461538461539 0.8481262327416174 0.8622589531680441 0.7966101694915254 0.9176548089591567 0.8108108108108109,20971.63119489531,0.5714285714285714,79064,0 0 2 8 0 92 -72,0.0 0.0 0.0 0.005509641873278237 0.0 0.017786561264822136 0.18018018018018017,5.867687666106639,0.014285714285714285,34953,0 0 21 121 11 441 8,0.0 0.0 0.03747534516765286 0.3168044077134986 0.09322033898305085 0.24769433465085638 0.9009009009009009,704.2577375357419,0.45714285714285713,81917,0 4 431 369 104 1476 -21,0.0 0.15384615384615385 0.8461538461538461 1.0 0.8813559322033898 0.9295125164690382 0.6396396396396397,24944.224204178518,0.40714285714285714,77895,0 26 509 339 118 1583 6,0.0 1.0 1.0 0.9173553719008265 1.0 1.0 0.8828828828828829,111028.2382547837,0.34285714285714286,88412,0 0 10 11 0 253 -60,0.0 0.0 0.015779092702169626 0.013774104683195593 0.0 0.12384716732542819 0.2882882882882883,173.09179166643443,0.5714285714285714,83036,0 0 2 6 0 110 -33,0.0 0.0 0.0 0.0 0.0 0.029644268774703556 0.5315315315315315,0.8279742192785671,0.15714285714285714,86222,0 18 486 357 99 1538 4,0.0 0.6923076923076923 0.9546351084812623 0.9669421487603306 0.8389830508474576 0.9703557312252964 0.8648648648648649,79838.52919160404,0.34285714285714286,93039,0 0 2 6 0 159 -67,0.0 0.0 0.0 0.0 0.0 0.061923583662714096 0.22522522522522523,0.8444610618523662,0.4928571428571429,89285,0 0 2 6 0 95 -70,0.0 0.0 0.0 0.0 0.0 0.019762845849802372 0.1981981981981982,0.3958266566962219,0.15714285714285714,86328,0 0 2 8 0 89 -56,0.0 0.0 0.0 0.005509641873278237 0.0 0.015810276679841896 0.32432432432432434,5.992068964400981,0.014285714285714285,46402
resolved-p7d-c21d-3600-1st/nsp-n20-d28-r0.10-rp2-fp2-s8,0 1 1 0 0 106 -4,0.0 0.0 0.0 0.0 0.0 0.0 0.0,0.0,0.6071428571428571,78729,0 1 23 35 5 249 7,0.0 0.0 0.05069124423963134 0.1076923076923077 0.03067484662576687 0.07602339181286549 0.21153846153846154,618.6440071308649,0.2857142857142857,78263,0 1 28 35 3 268 5,0.0 0.0 0.06221198156682028 0.1076923076923077 0.018404907975460124 0.0861244019138756 0.17307692307692307,732.6869351002723,0.20714285714285716,78114,2 1 69 42 11 346 8,1.0 0.0 0.15668202764976957 0.12923076923076923 0.06748466257668712 0.12759170653907495 0.23076923076923078,1001704.3061982824,0.02142857142857143,20071,0 1 1 0 0 106 19,0.0 0.0 0.0 0.0 0.0 0.0 0.4423076923076923,0.4423076923076923,0.6142857142857143,26232,0 1 1 0 0 183 16,0.0 0.0 0.0 0.0 0.0 0.04093567251461988 0.38461538461538464,0.7939721097615835,0.37857142857142856,13672,2 1 69 42 11 346 8,1.0 0.0 0.15668202764976957 0.12923076923076923 0.06748466257668712 0.12759170653907495 0.23076923076923078,1001704.3061982824,0.02142857142857143,20071,0 1 1 0 0 106 19,0.0 0.0 0.0 0.0 0.0 0.0 0.4423076923076923,0.4423076923076923,0.6142857142857143,26232,0 1 1 0 0 179 18,0.0 0.0 0.0 0.0 0.0 0.03880914407230197 0.4230769230769231,0.8111683637999427,0.37857142857142856,13673,2 1 69 42 11 346 8,1.0 0.0 0.15668202764976957 0.12923076923076923 0.06748466257668712 0.12759170653907495 0.23076923076923078,1001704.3061982824,0.02142857142857143,20071,0 1 1 0 0 106 19,0.0 0.0 0.0 0.0 0.0 0.0 0.4423076923076923,0.4423076923076923,0.6142857142857143,26232,0 1 1 0 0 183 16,0.0 0.0 0.0 0.0 0.0 0.04093567251461988 0.38461538461538464,0.7939721097615835,0.37857142857142856,13672,2 1 71 66 13 538 28,1.0 0.0 0.16129032258064516 0.20307692307692307 0.07975460122699386 0.22966507177033493 0.6153846153846154,1001826.8676443391,0.02142857142857143,42427,0 1 378 249 133 1839 30,0.0 0.0 0.868663594470046 0.7661538461538462 0.8159509202453987 0.9213184476342371 0.6538461538461539,9544.251913509033,0.6071428571428571,62928,0 2 433 325 132 1987 48,0.0 1.0 0.9953917050691244 1.0 0.8098159509202454 1.0 1.0,111045.89864578328,0.6428571428571429,57471,2 1 69 42 11 412 11,1.0 0.0 0.15668202764976957 0.12923076923076923 0.06748466257668712 0.16267942583732056 0.28846153846153844,1001704.7147677831,0.02142857142857143,43912,0 1 435 293 163 1947 42,0.0 0.0 1.0 0.9015384615384615 1.0 0.9787347155768208 0.8846153846153846,11012.210424078845,0.6285714285714286,60937,0 2 361 294 122 1811 44,0.0 1.0 0.8294930875576036 0.9046153846153846 0.7484662576687117 0.9064327485380117 0.9230769230769231,109284.38029036677,0.6214285714285714,59013,2 1 69 42 11 344 3,1.0 0.0 0.15668202764976957 0.12923076923076923 0.06748466257668712 0.126528442317916 0.1346153846153846,1001704.199411794,0.02142857142857143,44715
resolved-p7d-c21d-3600-1st/nsp-n10-d28-r0.10-rp0-fp0-s2,0 0 0 0 0 71 -46,0.0 0.0 0.0 0.0 0.0 0.07142857142857142 0.0,0.7142857142857142,0.4142857142857143,339,0 0 0 0 0 69 -44,0.0 0.0 0.0 0.0 0.0 0.0 0.06896551724137931,0.06896551724137931,0.5714285714285714,285,0 0 0 0 0 69 -46,0.0 0.0 0.0 0.0 0.0 0.0 0.0,0.0,0.5142857142857142,262,0 0 0 0 0 90 -17,0.0 0.0 0.0 0.0 0.0 0.75 1.0,8.5,0.02857142857142857,287,0 0 0 0 0 82 -17,0.0 0.0 0.0 0.0 0.0 0.4642857142857143 1.0,5.642857142857143,0.6142857142857143,52,0 0 0 0 0 90 -24,0.0 0.0 0.0 0.0 0.0 0.75 0.7586206896551724,8.258620689655173,0.02857142857142857,85,0 0 0 0 0 97 -24,0.0 0.0 0.0 0.0 0.0 1.0 0.7586206896551724,10.758620689655173,0.02857142857142857,159,0 0 0 0 0 88 -23,0.0 0.0 0.0 0.0 0.0 0.6785714285714286 0.7931034482758621,7.578817733990149,0.4,22,0 0 0 0 0 86 -23,0.0 0.0 0.0 0.0 0.0 0.6071428571428571 0.7931034482758621,6.864532019704433,0.02857142857142857,109,0 0 0 0 0 86 -21,0.0 0.0 0.0 0.0 0.0 0.6071428571428571 0.8620689655172413,6.933497536945812,0.02857142857142857,123,0 0 0 0 0 90 -17,0.0 0.0 0.0 0.0 0.0 0.75 1.0,8.5,0.6857142857142857,87,0 0 0 0 0 90 -26,0.0 0.0 0.0 0.0 0.0 0.75 0.6896551724137931,8.189655172413794,0.02857142857142857,207,0 0 0 0 0 91 -29,0.0 0.0 0.0 0.0 0.0 0.7857142857142857 0.5862068965517241,8.44334975369458,0.02857142857142857,262,0 0 0 0 0 85 -42,0.0 0.0 0.0 0.0 0.0 0.5714285714285714 0.13793103448275862,5.852216748768472,0.5857142857142857,101,0 0 0 0 0 86 -22,0.0 0.0 0.0 0.0 0.0 0.6071428571428571 0.8275862068965517,6.899014778325123,0.02857142857142857,287,0 0 0 0 0 91 -29,0.0 0.0 0.0 0.0 0.0 0.7857142857142857 0.5862068965517241,8.44334975369458,0.02857142857142857,262,0 0 0 0 0 85 -41,0.0 0.0 0.0 0.0 0.0 0.5714285714285714 0.1724137931034483,5.886699507389162,0.5857142857142857,100,0 0 0 0 0 86 -21,0.0 0.0 0.0 0.0 0.0 0.6071428571428571 0.8620689655172413,6.933497536945812,0.02857142857142857,286,0 0 0 0 0 85 -20,0.0 0.0 0.0 0.0 0.0 0.5714285714285714 0.896551724137931,6.610837438423644,0.02857142857142857,159
resolved-p7d-c21d-3600-1st/nsp-n50-d28-r0.10-rp2-fp2-s2,1 15 98 117 13 1556 -53,0.04 0.01694915254237288 0.0 0.0 0.0 0.0 0.0,41694.91525423729,0.4828571428571429,9128,5 43 1203 415 84 4077 58,0.2 0.05649717514124294 0.3245227606461087 0.14907453726863432 0.2204968944099379 0.31123456790123455 0.7025316455696202,209069.8842246196,0.005714285714285714,35956,5 43 1059 421 83 3766 34,0.2 0.05649717514124294 0.28223201174743023 0.1520760380190095 0.21739130434782608 0.27283950617283953 0.5506329113924051,208649.1318280255,0.005714285714285714,39351,5 43 878 464 105 3114 20,0.2 0.05649717514124294 0.2290748898678414 0.17358679339669836 0.2857142857142857 0.19234567901234567 0.4620253164556962,208145.0101168774,0.005714285714285714,35283,1 711 2509 2116 204 3295 78,0.04 1.0 0.7080763582966226 1.0 0.593167701863354 0.21469135802469136 0.8291139240506329,148143.05638065687,0.3514285714285714,1635,2 591 2069 1601 185 3155 90,0.08 0.8305084745762712 0.5788546255506608 0.7423711855927964 0.5341614906832298 0.19740740740740742 0.9050632911392406,169638.06018516005,0.40285714285714286,2734,5 43 881 470 105 3114 22,0.2 0.05649717514124294 0.22995594713656387 0.17658829414707353 0.2857142857142857 0.19234567901234567 0.47468354430379744,208156.83484854287,0.005714285714285714,35243,1 711 2509 2116 204 3295 78,0.04 1.0 0.7080763582966226 1.0 0.593167701863354 0.21469135802469136 0.8291139240506329,148143.05638065687,0.3514285714285714,1635,2 591 2069 1601 185 3155 90,0.08 0.8305084745762712 0.5788546255506608 0.7423711855927964 0.5341614906832298 0.19740740740740742 0.9050632911392406,169638.06018516005,0.40285714285714286,2734,5 43 885 482 106 3136 24,0.2 0.05649717514124294 0.23113069016152715 0.18259129564782392 0.2888198757763975 0.19506172839506172 0.4873417721518987,208174.93565802113,0.005714285714285714,35049,1 711 2512 2116 204 3295 78,0.04 1.0 0.7089574155653451 1.0 0.593167701863354 0.21469135802469136 0.8291139240506329,148151.86695334408,0.3514285714285714,1634,2 591 2069 1601 185 3155 90,0.08 0.8305084745762712 0.5788546255506608 0.7423711855927964 0.5341614906832298 0.19740740740740742 0.9050632911392406,169638.06018516005,0.40285714285714286,2734,24 519 3503 2020 293 5063 105,0.96 0.7288135593220338 1.0 0.951975987993997 0.8695652173913043 0.43296296296296294 1.0,1043925.6180715661,0.52,23377,0 53 2421 973 335 6777 49,0.0 0.07062146892655367 0.6822320117474302 0.42821410705352675 1.0 0.6445679012345679 0.6455696202531646,14419.772365815796,0.7571428571428571,20914,0 3 1784 1134 276 9656 52,0.0 0.0 0.4951541850220264 0.5087543771885943 0.8167701863354038 1.0 0.6645569620253164,5552.637803004423,0.7371428571428571,35290,25 483 3496 1968 288 5068 97,1.0 0.6779661016949152 0.9979441997063142 0.9259629814907454 0.8540372670807453 0.43358024691358027 0.9493670886075949,1078792.704044311,0.52,23362,0 49 2381 919 270 6996 35,0.0 0.06497175141242938 0.6704845814977973 0.4012006003001501 0.7981366459627329 0.671604938271605 0.5569620253164557,13690.308232525367,0.7771428571428571,25372,0 3 1736 1104 267 9507 67,0.0 0.0 0.48105726872246696 0.49374687343671836 0.7888198757763976 0.9816049382716049 0.759493670886076,5393.777091292631,0.76,36517,5 43 842 594 93 3335 35,0.2 0.05649717514124294 0.2185022026431718 0.23861930965482742 0.2484472049689441 0.21962962962962962 0.5569620253164557,208100.95682902934,0.005714285714285714,41290
resolved-p7d-c21d-3600-1st/nsp-n10-d28-r0.10-rp0-fp0-s7,0 0 0 0 0 74 -33,0.0 0.0 0.0 0.0 0.0 0.043478260869565216 0.0,0.43478260869565216,0.45714285714285713,187,0 0 0 0 0 73 -30,0.0 0.0 0.0 0.0 0.0 0.0 0.15,0.15,0.4857142857142857,135,0 0 0 0 0 75 -29,0.0 0.0 0.0 0.0 0.0 0.08695652173913043 0.2,1.0695652173913044,0.44285714285714284,108,0 0 0 0 0 86 -13,0.0 0.0 0.0 0.0 0.0 0.5652173913043478 1.0,6.652173913043478,0.2714285714285714,135,0 0 0 0 0 89 -16,0.0 0.0 0.0 0.0 0.0 0.6956521739130435 0.85,7.806521739130434,0.4142857142857143,132,0 0 0 0 0 85 -15,0.0 0.0 0.0 0.0 0.0 0.5217391304347826 0.9,6.1173913043478265,0.2714285714285714,71,0 0 0 0 0 89 -15,0.0 0.0 0.0 0.0 0.0 0.6956521739130435 0.9,7.856521739130435,0.2714285714285714,103,0 0 0 0 0 90 -16,0.0 0.0 0.0 0.0 0.0 0.7391304347826086 0.85,8.241304347826086,0.5,44,0 0 0 0 0 91 -20,0.0 0.0 0.0 0.0 0.0 0.782608695652174 0.65,8.476086956521739,0.2714285714285714,61,0 0 0 0 0 90 -21,0.0 0.0 0.0 0.0 0.0 0.7391304347826086 0.6,7.991304347826086,0.2714285714285714,14,0 0 0 0 0 94 -26,0.0 0.0 0.0 0.0 0.0 0.9130434782608695 0.35,9.480434782608695,0.38571428571428573,31,0 0 0 0 0 88 -13,0.0 0.0 0.0 0.0 0.0 0.6521739130434783 1.0,7.521739130434783,0.2714285714285714,96,0 0 0 0 0 96 -25,0.0 0.0 0.0 0.0 0.0 1.0 0.4,10.4,0.2714285714285714,118,0 0 0 0 0 90 -24,0.0 0.0 0.0 0.0 0.0 0.7391304347826086 0.45,7.841304347826086,0.5428571428571428,114,0 0 0 0 0 90 -19,0.0 0.0 0.0 0.0 0.0 0.7391304347826086 0.7,8.091304347826085,0.2714285714285714,108,0 0 0 0 0 96 -26,0.0 0.0 0.0 0.0 0.0 1.0 0.35,10.35,0.2714285714285714,119,0 0 0 0 0 90 -24,0.0 0.0 0.0 0.0 0.0 0.7391304347826086 0.45,7.841304347826086,0.5428571428571428,114,0 0 0 0 0 90 -19,0.0 0.0 0.0 0.0 0.0 0.7391304347826086 0.7,8.091304347826085,0.2714285714285714,108,0 0 0 0 0 90 -16,0.0 0.0 0.0 0.0 0.0 0.7391304347826086 0.85,8.241304347826086,0.2714285714285714,186
resolved-p7d-c21d-3600-1st/nsp-n20-d28-r0.10-rp2-fp2-s1,0 1 1 0 0 60 -89,0.0 0.14285714285714285 0.0034602076124567475 0.0 0.0 0.0 0.0,14320.316361838852,0.2357142857142857,11051,0 1 1 0 0 70 -78,0.0 0.14285714285714285 0.0034602076124567475 0.0 0.0 0.005330490405117271 0.088,14320.457666742903,0.24285714285714285,48319,0 1 1 0 0 84 -53,0.0 0.14285714285714285 0.0034602076124567475 0.0 0.0 0.01279317697228145 0.288,14320.732293608575,0.15714285714285714,48303,3 0 0 3 0 71 -60,1.0 0.0 0.0 0.009259259259259259 0.0 0.005863539445628998 0.232,1000009.5498946536,0.014285714285714285,22850,0 1 60 184 33 820 25,0.0 0.14285714285714285 0.20761245674740483 0.5679012345679012 0.28448275862068967 0.4051172707889126 0.912,16963.15153632619,0.30714285714285716,38779,0 1 11 214 15 573 1,0.0 0.14285714285714285 0.03806228373702422 0.6604938271604939 0.12931034482758622 0.27345415778251597 0.72,15343.216526305603,0.34285714285714286,42998,3 0 0 3 0 71 -61,1.0 0.0 0.0 0.009259259259259259 0.0 0.005863539445628998 0.224,1000009.5418946537,0.014285714285714285,22851,0 1 65 179 25 789 11,0.0 0.14285714285714285 0.22491349480968859 0.5524691358024691 0.21551724137931033 0.38859275053304904 0.8,17113.556021256896,0.17142857142857143,38282,0 1 61 257 50 927 24,0.0 0.14285714285714285 0.21107266435986158 0.7932098765432098 0.43103448275862066 0.4621535181236674 0.904,17238.279789313205,0.45,41429,3 0 0 3 0 72 -56,1.0 0.0 0.0 0.009259259259259259 0.0 0.006396588486140725 0.264,1000009.587225144,0.014285714285714285,22840,0 1 54 153 38 891 15,0.0 0.14285714285714285 0.18685121107266436 0.4722222222222222 0.3275862068965517 0.4429637526652452 0.832,16664.46887687946,0.4,39528,0 1 37 235 21 718 5,0.0 0.14285714285714285 0.12802768166089964 0.7253086419753086 0.1810344827586207 0.35074626865671643 0.752,16313.662655261021,0.2,42052,3 0 0 3 0 183 -20,1.0 0.0 0.0 0.009259259259259259 0.0 0.06556503198294243 0.552,1000010.4669095791,0.014285714285714285,44181,0 1 229 239 77 1936 8,0.0 0.14285714285714285 0.7923875432525952 0.7376543209876543 0.6637931034482759 1.0 0.776,23024.39934957272,0.6928571428571428,70741,0 1 283 324 116 1533 18,0.0 0.14285714285714285 0.9792387543252595 1.0 1.0 0.785181236673774 0.856,25186.809641333617,0.6928571428571428,68026,3 0 0 3 0 98 -21,1.0 0.0 0.0 0.009259259259259259 0.0 0.02025586353944563 0.544,1000010.0058178946,0.014285714285714285,44350,0 7 289 239 101 1613 18,0.0 1.0 1.0 0.7376543209876543 0.8706896551724138 0.8278251599147122 0.856,110833.85753810404,0.7214285714285714,66360,0 1 247 262 78 1604 36,0.0 0.14285714285714285 0.8546712802768166 0.808641975308642 0.6724137931034483 0.8230277185501066 1.0,23717.540720286936,0.7,70949,3 0 0 3 0 70 -64,1.0 0.0 0.0 0.009259259259259259 0.0 0.005330490405117271 0.2,1000009.5125641632,0.014285714285714285,54048
resolved-p7d-c21d-3600-1st/nsp-n10-d28-r0.10-rp0-fp0-s9,0 0 0 0 0 71 -50,0.0 0.0 0.0 0.0 0.0 0.0 0.041666666666666664,0.041666666666666664,0.4,167,0 0 0 0 0 73 -50,0.0 0.0 0.0 0.0 0.0 0.07692307692307693 0.041666666666666664,0.8108974358974359,0.45714285714285713,153,0 0 0 0 0 75 -51,0.0 0.0 0.0 0.0 0.0 0.15384615384615385 0.0,1.5384615384615385,0.42857142857142855,139,0 0 0 0 0 97 -36,0.0 0.0 0.0 0.0 0.0 1.0 0.625,10.625,0.18571428571428572,96,0 0 0 0 0 88 -35,0.0 0.0 0.0 0.0 0.0 0.6538461538461539 0.6666666666666666,7.205128205128205,0.2857142857142857,104,0 0 0 0 0 90 -27,0.0 0.0 0.0 0.0 0.0 0.7307692307692307 1.0,8.307692307692307,0.18571428571428572,106,0 0 0 0 0 90 -34,0.0 0.0 0.0 0.0 0.0 0.7307692307692307 0.7083333333333334,8.01602564102564,0.18571428571428572,224,0 0 0 0 0 92 -36,0.0 0.0 0.0 0.0 0.0 0.8076923076923077 0.625,8.701923076923077,0.4,156,0 0 0 0 0 90 -29,0.0 0.0 0.0 0.0 0.0 0.7307692307692307 0.9166666666666666,8.224358974358974,0.18571428571428572,160,0 0 0 0 0 93 -36,0.0 0.0 0.0 0.0 0.0 0.8461538461538461 0.625,9.086538461538462,0.18571428571428572,292,0 0 0 0 0 93 -38,0.0 0.0 0.0 0.0 0.0 0.8461538461538461 0.5416666666666666,9.003205128205128,0.44285714285714284,105,0 0 0 0 0 88 -30,0.0 0.0 0.0 0.0 0.0 0.6538461538461539 0.875,7.413461538461538,0.18571428571428572,373,0 0 0 0 0 86 -35,0.0 0.0 0.0 0.0 0.0 0.5769230769230769 0.6666666666666666,6.435897435897435,0.18571428571428572,173,0 0 0 0 0 92 -37,0.0 0.0 0.0 0.0 0.0 0.8076923076923077 0.5833333333333334,8.66025641025641,0.5857142857142857,168,0 0 0 0 0 90 -32,0.0 0.0 0.0 0.0 0.0 0.7307692307692307 0.7916666666666666,8.099358974358974,0.18571428571428572,96,0 0 0 0 0 86 -35,0.0 0.0 0.0 0.0 0.0 0.5769230769230769 0.6666666666666666,6.435897435897435,0.18571428571428572,173,0 0 0 0 0 92 -37,0.0 0.0 0.0 0.0 0.0 0.8076923076923077 0.5833333333333334,8.66025641025641,0.5857142857142857,168,0 0 0 0 0 90 -32,0.0 0.0 0.0 0.0 0.0 0.7307692307692307 0.7916666666666666,8.099358974358974,0.18571428571428572,96,0 0 0 0 0 83 -27,0.0 0.0 0.0 0.0 0.0 0.46153846153846156 1.0,5.615384615384616,0.21428571428571427,161
resolved-p7d-c21d-3600-1st/nsp-n40-d28-r0.10-rp2-fp2-s4,1 4 0 18 0 474 -132,0.1 0.0013869625520110957 0.0 0.011242973141786383 0.0 0.06710709318497914 0.02857142857142857,100150.6388707033,0.15714285714285714,13495,10 4 0 39 1 591 -100,1.0 0.0013869625520110957 0.0 0.024359775140537165 0.004048582995951417 0.10778859527121001 0.21142857142857144,1000164.7502031653,0.010714285714285714,53544,10 4 0 2 0 531 -59,1.0 0.0013869625520110957 0.0 0.0012492192379762648 0.0 0.08692628650904033 0.44571428571428573,1000141.2604515898,0.010714285714285714,54959,10 4 75 98 1 1031 -23,1.0 0.0013869625520110957 0.041163556531284305 0.061211742660836975 0.004048582995951417 0.260778859527121 0.6514285714285715,1000615.2076386411,0.010714285714285714,52156,3 720 1149 1601 86 2032 27,0.3 0.9944521497919556 0.6306256860592755 1.0 0.3481781376518219 0.6088317107093185 0.9371428571428572,406793.31511351775,0.325,1562,0 651 1205 1443 72 2105 33,0.0 0.8987517337031901 0.6613611416026345 0.9013116801998751 0.291497975708502 0.6342141863699583 0.9714285714285714,97426.5598345512,0.425,1621,10 4 47 149 13 860 -18,1.0 0.0013869625520110957 0.02579582875960483 0.09306683322923173 0.05263157894736842 0.20132127955493742 0.68,1000497.6777467168,0.010714285714285714,54210,3 724 1191 1518 102 2100 21,0.3 1.0 0.6536772777167947 0.948157401623985 0.41295546558704455 0.6324756606397774 0.9028571428571428,407533.4533390999,0.5214285714285715,1540,0 650 1079 1573 93 1915 25,0.0 0.897364771151179 0.5922063666300769 0.9825109306683323 0.3765182186234818 0.5681502086230876 0.9257142857142857,96685.3107503213,0.5,2411,10 4 47 139 9 873 -17,1.0 0.0013869625520110957 0.02579582875960483 0.0868207370393504 0.03643724696356275 0.20584144645340752 0.6857142857142857,1000489.8631332831,0.010714285714285714,54318,3 720 1149 1601 86 2032 27,0.3 0.9944521497919556 0.6306256860592755 1.0 0.3481781376518219 0.6088317107093185 0.9371428571428572,406793.31511351775,0.325,1562,0 650 1079 1573 93 1915 25,0.0 0.897364771151179 0.5922063666300769 0.9825109306683323 0.3765182186234818 0.5681502086230876 0.9257142857142857,96685.3107503213,0.5,2411,8 390 1783 1589 235 3147 38,0.8 0.536754507628294 0.9785949506037321 0.9925046845721424 0.951417004048583 0.9965229485396384 1.0,864560.011883329,0.4392857142857143,23637,0 3 13 426 60 1525 -47,0.0 0.0 0.007135016465422613 0.2660836976889444 0.242914979757085 0.4325452016689847 0.5142857142857142,366.56509804985467,0.65,32031,0 3 232 408 84 2096 28,0.0 0.0 0.12733260153677278 0.254840724547158 0.340080971659919 0.6310848400556328 0.9428571428571428,1569.4285426242911,0.5821428571428572,51124,9 398 1822 1540 247 3157 27,0.9 0.5478502080443828 1.0 0.9618988132417239 1.0 1.0 0.9371428571428572,965857.8567605371,0.44642857142857145,22107,0 3 63 337 105 2013 -23,0.0 0.0 0.03457738748627882 0.21049344159900063 0.4251012145748988 0.6022253129346314 0.6514285714285715,605.4511196200535,0.6178571428571429,27457,0 3 459 626 62 2700 30,0.0 0.0 0.2519209659714599 0.3910056214865709 0.25101214574898784 0.8410987482614742 0.9542857142857143,2944.681768972969,0.5357142857142857,41024,10 4 0 0 0 281 -137,1.0 0.0013869625520110957 0.0 0.0 0.0 0.0 0.0,1000138.6962552011,0.010714285714285714,46598
resolved-p7d-c21d-3600-1st/nsp-n50-d28-r0.10-rp2-fp2-s9,0 0 0 0 0 194 -251,0.0 0.0 0.0 0.0 0.0 0.0 0.0,0.0,0.24571428571428572,915,0 0 0 0 0 223 -211,0.0 0.0 0.0 0.0 0.0 0.10780669144981413 0.31496062992125984,1.3930275444194011,0.24285714285714285,730,0 0 0 0 0 263 -175,0.0 0.0 0.0 0.0 0.0 0.25650557620817843 0.5984251968503937,3.163480958932178,0.2057142857142857,645,0 0 0 0 0 388 -173,0.0 0.0 0.0 0.0 0.0 0.7211895910780669 0.6141732283464567,7.826069139127125,0.07428571428571429,225,0 0 0 0 0 406 -146,0.0 0.0 0.0 0.0 0.0 0.7881040892193308 0.8267716535433071,8.707812545736616,0.3742857142857143,41,0 0 0 0 0 359 -161,0.0 0.0 0.0 0.0 0.0 0.6133828996282528 0.7086614173228346,6.842490413605362,0.07428571428571429,225,0 0 0 0 0 373 -160,0.0 0.0 0.0 0.0 0.0 0.6654275092936803 0.7165354330708661,7.370810526007669,0.07428571428571429,178,0 0 0 0 0 402 -124,0.0 0.0 0.0 0.0 0.0 0.7732342007434945 1.0,8.732342007434944,0.32,39,0 0 0 0 0 391 -146,0.0 0.0 0.0 0.0 0.0 0.7323420074349443 0.8267716535433071,8.15019172789275,0.07428571428571429,164,0 0 0 0 0 388 -166,0.0 0.0 0.0 0.0 0.0 0.7211895910780669 0.6692913385826772,7.881187249363346,0.07428571428571429,458,0 0 0 0 0 463 -168,0.0 0.0 0.0 0.0 0.0 1.0 0.6535433070866141,10.653543307086615,0.2914285714285714,56,0 0 0 0 0 380 -145,0.0 0.0 0.0 0.0 0.0 0.6914498141263941 0.8346456692913385,7.74914381055528,0.07428571428571429,197,0 0 0 0 0 382 -136,0.0 0.0 0.0 0.0 0.0 0.6988847583643123 0.905511811023622,7.894359394666745,0.07428571428571429,608,0 0 0 0 0 411 -134,0.0 0.0 0.0 0.0 0.0 0.8066914498141264 0.9212598425196851,8.98817434066095,0.5342857142857143,209,0 0 0 0 0 396 -152,0.0 0.0 0.0 0.0 0.0 0.7509293680297398 0.7795275590551181,8.288821239352515,0.07428571428571429,389,0 0 0 0 0 381 -148,0.0 0.0 0.0 0.0 0.0 0.6951672862453532 0.8110236220472441,7.762696484500776,0.07428571428571429,622,0 0 0 0 0 412 -143,0.0 0.0 0.0 0.0 0.0 0.8104089219330854 0.8503937007874016,8.954482920118256,0.5571428571428572,203,0 0 0 0 0 396 -152,0.0 0.0 0.0 0.0 0.0 0.7509293680297398 0.7795275590551181,8.288821239352515,0.07428571428571429,389,0 0 0 0 0 434 -147,0.0 0.0 0.0 0.0 0.0 0.8921933085501859 0.8188976377952756,9.740830723297135,0.07428571428571429,90
resolved-p7d-c21d-3600-1st/nsp-n50-d28-r0.10-rp2-fp2-s0,0 27 886 551 101 3892 -35,0.0 0.0 0.17135258358662614 0.04105909439754413 0.0903010033444816 0.42305173542894564 0.05333333333333334,1767.8988812858765,0.27714285714285714,20192,0 39 2014 929 208 5654 -12,0.0 0.01405152224824356 0.5999240121580547 0.18610897927858788 0.44816053511705684 1.0 0.36,7645.6773791951955,0.16285714285714287,22262,7 78 857 811 217 5384 -19,0.6363636363636364 0.059718969555035126 0.16033434650455927 0.14082885648503454 0.4782608695652174 0.9115913555992141 0.26666666666666666,644136.9143078497,0.02,36316,7 78 488 664 145 3331 -39,0.6363636363636364 0.059718969555035126 0.02013677811550152 0.0844205679201842 0.23745819397993312 0.23935821872953503 0.0,642647.4610698003,0.02,14108,0 881 2512 2920 227 3453 22,0.0 1.0 0.7891337386018237 0.9501151189562548 0.5117056856187291 0.27930582842174195 0.8133333333333334,108896.22946515393,0.18285714285714286,1728,1 669 2316 2080 219 3437 27,0.09090909090909091 0.7517564402810304 0.7146656534954408 0.6277820414428242 0.48494983277591974 0.27406679764243613 0.88,173911.2891648452,0.2742857142857143,2611,7 78 450 524 74 2769 -7,0.6363636363636364 0.059718969555035126 0.0056990881458966565 0.03069838833461243 0.0 0.05533726260641781 0.4266666666666667,642424.2026282261,0.02,14952,0 881 2512 2920 227 3453 22,0.0 1.0 0.7891337386018237 0.9501151189562548 0.5117056856187291 0.27930582842174195 0.8133333333333334,108896.22946515393,0.18285714285714286,1728,1 669 2316 2080 219 3443 26,0.09090909090909091 0.7517564402810304 0.7146656534954408 0.6277820414428242 0.48494983277591974 0.27603143418467585 0.8666666666666667,173911.29547787728,0.2742857142857143,2610,7 78 435 444 80 2600 -24,0.6363636363636364 0.059718969555035126 0.0 0.0 0.020066889632107024 0.0 0.2,642337.740008103,0.02,15104,0 881 2344 3050 233 3371 27,0.0 1.0 0.7253039513677811 1.0 0.5317725752508361 0.25245579567779963 0.88,108309.62132915967,0.2571428571428571,1831,1 669 2316 2080 219 3437 27,0.09090909090909091 0.7517564402810304 0.7146656534954408 0.6277820414428242 0.48494983277591974 0.27406679764243613 0.88,173911.2891648452,0.2742857142857143,2611,11 679 2663 3013 226 3739 7,1.0 0.7634660421545667 0.8465045592705167 0.9858019953952417 0.5083612040133779 0.37295350360183366 0.6133333333333333,1085852.6307923277,0.02,5318,0 338 3067 2039 373 5254 3,0.0 0.36416861826697894 1.0 0.6120491174213354 1.0 0.8690242305173543 0.56,47138.161186424404,0.7914285714285715,12817,1 549 2051 1825 264 3817 36,0.09090909090909091 0.6112412177985949 0.6139817629179332 0.5299309286262471 0.6354515050167224 0.3984937786509496 1.0,158771.49133504418,0.7914285714285715,12637,11 679 2668 2940 206 3721 6,1.0 0.7634660421545667 0.848404255319149 0.9577897160399079 0.4414715719063545 0.3670595939751146 0.6,1085836.8542378186,0.02,5310,0 338 3067 2039 373 5254 3,0.0 0.36416861826697894 1.0 0.6120491174213354 1.0 0.8690242305173543 0.56,47138.161186424404,0.7914285714285715,12817,1 543 1994 2112 296 3735 23,0.09090909090909091 0.6042154566744731 0.5923252279635258 0.6400613967766692 0.7424749163879598 0.3716437459070072 0.8266666666666667,157972.74084871466,0.78,13859,7 78 998 547 167 4411 -16,0.6363636363636364 0.059718969555035126 0.21390577507598785 0.03952417498081351 0.3110367892976589 0.5929927963326784 0.30666666666666664,644551.4555184402,0.02,37311
resolved-p7d-c21d-3600-1st/nsp-n40-d28-r0.10-rp2-fp2-s8,0 0 0 0 0 166 -210,0.0 0.0 0.0 0.0 0.0 0.0 0.0,0.0,0.26785714285714285,658,0 0 0 0 0 174 -195,0.0 0.0 0.0 0.0 0.0 0.0392156862745098 0.11904761904761904,0.511204481792717,0.25,607,0 0 0 0 0 196 -155,0.0 0.0 0.0 0.0 0.0 0.14705882352941177 0.4365079365079365,1.9070961718020543,0.2,427,0 0 0 0 0 326 -117,0.0 0.0 0.0 0.0 0.0 0.7843137254901961 0.7380952380952381,8.581232492997199,0.1,186,0 0 0 0 0 370 -97,0.0 0.0 0.0 0.0 0.0 1.0 0.8968253968253969,10.896825396825397,0.38571428571428573,48,0 0 0 0 0 306 -124,0.0 0.0 0.0 0.0 0.0 0.6862745098039216 0.6825396825396826,7.545284780578899,0.1,240,0 0 0 0 0 323 -114,0.0 0.0 0.0 0.0 0.0 0.7696078431372549 0.7619047619047619,8.457983193277311,0.1,302,0 0 0 0 0 335 -101,0.0 0.0 0.0 0.0 0.0 0.8284313725490197 0.8650793650793651,9.149393090569562,0.3142857142857143,27,0 0 0 0 0 311 -108,0.0 0.0 0.0 0.0 0.0 0.7107843137254902 0.8095238095238095,7.917366946778712,0.1,181,0 0 0 0 0 293 -123,0.0 0.0 0.0 0.0 0.0 0.6225490196078431 0.6904761904761905,6.915966386554622,0.1,176,0 0 0 0 0 343 -84,0.0 0.0 0.0 0.0 0.0 0.8676470588235294 1.0,9.676470588235293,0.2642857142857143,30,0 0 0 0 0 339 -117,0.0 0.0 0.0 0.0 0.0 0.8480392156862745 0.7380952380952381,9.218487394957982,0.1,109,0 0 0 0 0 323 -119,0.0 0.0 0.0 0.0 0.0 0.7696078431372549 0.7222222222222222,8.418300653594772,0.1,487,0 0 0 0 0 301 -96,0.0 0.0 0.0 0.0 0.0 0.6617647058823529 0.9047619047619048,7.522408963585434,0.6107142857142858,114,0 0 0 0 0 321 -136,0.0 0.0 0.0 0.0 0.0 0.7598039215686274 0.5873015873015873,8.185340802987861,0.1,340,0 0 0 0 0 323 -118,0.0 0.0 0.0 0.0 0.0 0.7696078431372549 0.7301587301587301,8.42623716153128,0.1,486,0 0 0 0 0 301 -96,0.0 0.0 0.0 0.0 0.0 0.6617647058823529 0.9047619047619048,7.522408963585434,0.6107142857142858,114,0 0 0 0 0 319 -128,0.0 0.0 0.0 0.0 0.0 0.75 0.6507936507936508,8.15079365079365,0.1,346,0 0 0 0 0 322 -127,0.0 0.0 0.0 0.0 0.0 0.7647058823529411 0.6587301587301587,8.30578898225957,0.1,56
resolved-p7d-c21d-3600-1st/nsp-n30-d28-r0.10-rp2-fp2-s8,2 7 2 2 0 121 -143,0.4 0.014736842105263158 0.001998001998001998 0.0013717421124828531 0.0 0.0 0.0,401495.0359726188,0.3761904761904762,25000,1 13 92 182 27 838 -53,0.2 0.02736842105263158 0.0919080919080919 0.12482853223593965 0.17532467532467533 0.3213805468399821 0.569620253164557,203802.06744983402,0.15714285714285714,31929,5 71 363 400 91 1481 -30,1.0 0.14947368421052631 0.3626373626373626 0.27434842249657065 0.5909090909090909 0.6095921111609144 0.7151898734177216,1018913.9924899988,0.009523809523809525,58057,5 27 621 455 121 2009 -59,1.0 0.056842105263157895 0.6203796203796204 0.3120713305898491 0.7857142857142857 0.8462572837292693 0.5316455696202531,1012287.6437076802,0.009523809523809525,26479,0 401 858 1182 131 1731 7,0.0 0.8442105263157895 0.8571428571428571 0.8106995884773662 0.8506493506493507 0.7216494845360825 0.9493670886075949,93896.41158848377,0.5571428571428572,6591,0 475 888 1226 136 1879 14,0.0 1.0 0.8871128871128872 0.840877914951989 0.8831168831168831 0.787987449574182 0.9936708860759493,109809.19201977436,0.7142857142857143,12488,5 13 530 397 73 2352 -39,1.0 0.02736842105263158 0.5294705294705294 0.2722908093278464 0.474025974025974 1.0 0.6582278481012658,1008361.899034547,0.009523809523809525,26567,0 375 1001 1458 154 1522 -6,0.0 0.7894736842105263 1.0 1.0 1.0 0.627969520394442 0.8670886075949367,90054.51520486418,0.09523809523809523,6741,0 365 719 1113 129 1708 15,0.0 0.7684210526315789 0.7182817182817183 0.7633744855967078 0.8376623376623377 0.711340206185567 1.0,84880.17656739987,0.5666666666666667,22277,5 53 365 306 74 1440 -48,1.0 0.11157894736842106 0.3646353646353646 0.20987654320987653 0.4805194805194805 0.5912147019273868 0.6012658227848101,1015068.6902872997,0.009523809523809525,24101,0 437 688 1164 92 1720 -13,0.0 0.92 0.6873126873126874 0.7983539094650206 0.5974025974025974 0.7167189601075751 0.8227848101265823,99739.21101674336,0.6285714285714286,16062,0 451 930 1326 106 1706 -17,0.0 0.9494736842105264 0.929070929070929 0.9094650205761317 0.6883116883116883 0.7104437471985656 0.7974683544303798,105224.27580699563,0.5285714285714286,10952,5 2 0 0 0 146 -118,1.0 0.004210526315789474 0.0 0.0 0.0 0.011205737337516808 0.15822784810126583,1000421.3229168005,0.009523809523809525,23403,0 0 2 2 0 163 -131,0.0 0.0 0.001998001998001998 0.0013717421124828531 0.0 0.01882563872702824 0.0759493670886076,21.61596784686172,0.5333333333333333,17631,0 0 2 80 16 660 -2,0.0 0.0 0.001998001998001998 0.05486968449931413 0.1038961038961039 0.2415956969968624 0.8924050632911392,88.54767690220424,0.5761904761904761,20090,5 2 0 0 0 130 -119,1.0 0.004210526315789474 0.0 0.0 0.0 0.004034065441506051 0.1518987341772152,1000421.2448709676,0.009523809523809525,23416,0 0 2 2 0 154 -93,0.0 0.0 0.001998001998001998 0.0013717421124828531 0.0 0.014791573285522188 0.31645569620253167,21.816133521560584,0.5,17638,0 0 2 35 2 465 -54,0.0 0.0 0.001998001998001998 0.02400548696844993 0.012987012987012988 0.15419094576423129 0.5632911392405063,47.38940884405402,0.5714285714285714,21071,5 86 177 330 93 1169 -34,1.0 0.18105263157894738 0.17682317682317683 0.22633744855967078 0.6038961038961039 0.46974450918870464 0.689873417721519,1020165.6093035854,0.009523809523809525,77321
resolved-p7d-c21d-3600-1st/nsp-n10-d28-r0.10-rp0-fp0-s1,0 1 0 0 0 68 -46,0.0 0.0 0.0 0.0 0.0 0.05714285714285714 0.06451612903225806,0.6359447004608294,0.6,14729,0 1 0 0 0 66 -43,0.0 0.0 0.0 0.0 0.0 0.0 0.16129032258064516,0.16129032258064516,0.6285714285714286,14495,0 1 0 0 0 69 -48,0.0 0.0 0.0 0.0 0.0 0.08571428571428572 0.0,0.8571428571428572,0.6285714285714286,14464,4 2 1 0 0 86 -31,1.0 1.0 1.0 0.0 0.0 0.5714285714285714 0.5483870967741935,1110006.262672811,0.014285714285714285,3819,0 1 0 0 0 93 -17,0.0 0.0 0.0 0.0 0.0 0.7714285714285715 1.0,8.714285714285715,0.5714285714285714,10406,0 1 0 0 0 97 -33,0.0 0.0 0.0 0.0 0.0 0.8857142857142857 0.4838709677419355,9.341013824884794,0.4,5638,4 2 1 0 0 86 -34,1.0 1.0 1.0 0.0 0.0 0.5714285714285714 0.45161290322580644,1110006.1658986176,0.014285714285714285,3822,0 1 0 0 0 93 -17,0.0 0.0 0.0 0.0 0.0 0.7714285714285715 1.0,8.714285714285715,0.5714285714285714,10406,0 1 0 0 0 97 -31,0.0 0.0 0.0 0.0 0.0 0.8857142857142857 0.5483870967741935,9.405529953917052,0.4,5636,4 2 1 0 0 86 -31,1.0 1.0 1.0 0.0 0.0 0.5714285714285714 0.5483870967741935,1110006.262672811,0.014285714285714285,3819,0 1 0 0 0 93 -17,0.0 0.0 0.0 0.0 0.0 0.7714285714285715 1.0,8.714285714285715,0.5714285714285714,10406,0 1 0 0 0 101 -29,0.0 0.0 0.0 0.0 0.0 1.0 0.6129032258064516,10.612903225806452,0.4,5634,4 2 1 0 0 95 -22,1.0 1.0 1.0 0.0 0.0 0.8285714285714286 0.8387096774193549,1110009.124423963,0.014285714285714285,12220,0 1 0 0 0 84 -18,0.0 0.0 0.0 0.0 0.0 0.5142857142857142 0.967741935483871,6.110599078341013,0.6571428571428571,41126,0 1 0 0 0 100 -25,0.0 0.0 0.0 0.0 0.0 0.9714285714285714 0.7419354838709677,10.456221198156681,0.4,27981,4 2 1 0 0 95 -21,1.0 1.0 1.0 0.0 0.0 0.8285714285714286 0.8709677419354839,1110009.1566820275,0.014285714285714285,12219,0 1 0 0 0 84 -18,0.0 0.0 0.0 0.0 0.0 0.5142857142857142 0.967741935483871,6.110599078341013,0.6571428571428571,41126,0 1 0 0 0 100 -25,0.0 0.0 0.0 0.0 0.0 0.9714285714285714 0.7419354838709677,10.456221198156681,0.4,27981,4 2 1 0 0 97 -30,1.0 1.0 1.0 0.0 0.0 0.8857142857142857 0.5806451612903226,1110009.4377880183,0.014285714285714285,13056
resolved-p7d-c21d-3600-1st/nsp-n40-d28-r0.10-rp2-fp2-s5,1 22 1 16 1 259 -140,0.16666666666666666 0.0 0.0 0.0 0.0 0.0 0.0,166666.66666666666,0.6642857142857143,8897,1 64 35 123 16 772 -66,0.16666666666666666 0.0672 0.01652892561983471 0.05095238095238095 0.07853403141361257 0.14289693593314765 0.33183856502242154,173612.52251488314,0.15,39855,1 80 43 117 18 736 -83,0.16666666666666666 0.0928 0.020418084589207585 0.048095238095238094 0.08900523560209424 0.13286908077994428 0.2556053811659193,176209.42757040315,0.1,39547,6 105 220 377 50 1710 -3,1.0 0.1328 0.10646572678658241 0.1719047619047619 0.25654450261780104 0.4041782729805014 0.6143497757847534,1014546.8726125379,0.017857142857142856,23745,0 608 2058 2014 184 2574 37,0.0 0.9376 1.0 0.9514285714285714 0.9581151832460733 0.6448467966573816 0.7937219730941704,104814.48227969285,0.3357142857142857,8493,0 618 1260 1803 160 1920 48,0.0 0.9536 0.6120563928050559 0.8509523809523809 0.8324607329842932 0.4626740947075209 0.8430493273542601,102420.2321725758,0.40714285714285714,11858,6 105 250 250 52 1807 -18,1.0 0.1328 0.12105007292173067 0.11142857142857143 0.2670157068062827 0.43119777158774375 0.547085201793722,1014633.4899342442,0.017857142857142856,21930,0 609 2016 1997 174 2500 44,0.0 0.9392 0.9795819154107924 0.9433333333333334 0.9057591623036649 0.624233983286908 0.8251121076233184,104756.79585561212,0.2857142857142857,8461,0 606 1535 1976 159 2096 31,0.0 0.9344 0.7457462323772485 0.9333333333333333 0.8272251308900523 0.5116991643454039 0.7668161434977578,101919.40197798178,0.4607142857142857,12296,6 107 490 540 52 2337 38,1.0 0.136 0.23772484200291688 0.24952380952380954 0.2670157068062827 0.5788300835654596 0.7982062780269058,1016260.0603073472,0.017857142857142856,14880,0 607 2040 2116 192 2664 36,0.0 0.936 0.9912493923189111 1.0 1.0 0.66991643454039 0.7892376681614349,104619.98232520268,0.44642857142857145,8559,0 606 1535 1976 159 2096 31,0.0 0.9344 0.7457462323772485 0.9333333333333333 0.8272251308900523 0.5116991643454039 0.7668161434977578,101919.40197798178,0.4607142857142857,12296,6 647 1218 1545 173 2066 38,1.0 1.0 0.5916383082158483 0.7280952380952381 0.900523560209424 0.5033426183844011 0.7982062780269058,1106740.3623087364,0.017857142857142856,8725,3 552 804 1323 145 1610 83,0.5 0.848 0.39037433155080214 0.6223809523809524 0.7539267015706806 0.37632311977715877 1.0,589406.2801692437,0.825,25652,4 428 662 828 151 1595 39,0.6666666666666666 0.6496 0.32134175984443364 0.38666666666666666 0.7853403141361257 0.3721448467966574 0.8026905829596412,735309.8091022421,0.7928571428571428,31285,6 647 1251 1563 164 2056 34,1.0 1.0 0.6076810889645115 0.7366666666666667 0.8534031413612565 0.5005571030640669 0.7802690582959642,1106904.6037105366,0.017857142857142856,8677,3 548 772 1307 146 1617 80,0.5 0.8416 0.37481769567331064 0.6147619047619047 0.7591623036649214 0.37827298050139274 0.9865470852017937,588603.6243687517,0.8214285714285714,26691,4 441 720 802 139 1624 45,0.6666666666666666 0.6704 0.349538162372387 0.3742857142857143 0.7225130890052356 0.3802228412256267 0.8295964125560538,737653.2171384016,0.7928571428571428,29701,6 112 665 469 96 3849 -6,1.0 0.144 0.32280019445794844 0.21571428571428572 0.4973821989528796 1.0 0.600896860986547,1017904.0553470501,0.017857142857142856,50134
resolved-p7d-c21d-3600-1st/nsp-n10-d28-r0.10-rp0-fp0-s6,0 1 2 0 0 76 -35,0.0 1.0 1.0 0.0 0.0 0.0 0.045454545454545456,110000.04545454546,0.45714285714285713,12880,0 1 2 0 0 77 -36,0.0 1.0 1.0 0.0 0.0 0.03333333333333333 0.0,110000.33333333333,0.4142857142857143,12886,0 1 2 0 0 77 -36,0.0 1.0 1.0 0.0 0.0 0.03333333333333333 0.0,110000.33333333333,0.3142857142857143,12901,2 0 0 0 0 88 -26,1.0 0.0 0.0 0.0 0.0 0.4 0.45454545454545453,1000004.4545454546,0.0,13161,0 1 2 0 0 96 -18,0.0 1.0 1.0 0.0 0.0 0.6666666666666666 0.8181818181818182,110007.48484848485,0.21428571428571427,9856,0 1 2 0 0 104 -29,0.0 1.0 1.0 0.0 0.0 0.9333333333333333 0.3181818181818182,110009.6515151515,0.05714285714285714,21878,2 0 0 0 0 88 -26,1.0 0.0 0.0 0.0 0.0 0.4 0.45454545454545453,1000004.4545454546,0.0,13161,0 1 2 0 0 96 -18,0.0 1.0 1.0 0.0 0.0 0.6666666666666666 0.8181818181818182,110007.48484848485,0.21428571428571427,9856,0 1 2 0 0 104 -25,0.0 1.0 1.0 0.0 0.0 0.9333333333333333 0.5,110009.83333333333,0.05714285714285714,21874,2 0 0 0 0 88 -22,1.0 0.0 0.0 0.0 0.0 0.4 0.6363636363636364,1000004.6363636364,0.0,13158,0 1 2 0 0 96 -18,0.0 1.0 1.0 0.0 0.0 0.6666666666666666 0.8181818181818182,110007.48484848485,0.21428571428571427,9856,0 1 2 0 0 104 -24,0.0 1.0 1.0 0.0 0.0 0.9333333333333333 0.5454545454545454,110009.87878787878,0.05714285714285714,21873,2 0 0 0 0 92 -25,1.0 0.0 0.0 0.0 0.0 0.5333333333333333 0.5,1000005.8333333334,0.0,42485,0 1 2 0 0 94 -24,0.0 1.0 1.0 0.0 0.0 0.6 0.5454545454545454,110006.54545454546,0.5571428571428572,11651,0 1 2 0 0 106 -17,0.0 1.0 1.0 0.0 0.0 1.0 0.8636363636363636,110010.86363636363,0.05714285714285714,16620,2 0 0 0 0 92 -25,1.0 0.0 0.0 0.0 0.0 0.5333333333333333 0.5,1000005.8333333334,0.0,42485,0 1 2 0 0 94 -24,0.0 1.0 1.0 0.0 0.0 0.6 0.5454545454545454,110006.54545454546,0.5571428571428572,11651,0 1 2 0 0 105 -18,0.0 1.0 1.0 0.0 0.0 0.9666666666666667 0.8181818181818182,110010.48484848485,0.05714285714285714,16622,2 0 0 0 0 81 -14,1.0 0.0 0.0 0.0 0.0 0.16666666666666666 1.0,1000002.6666666666,0.0,10798
resolved-p7d-c21d-3600-1st/nsp-n10-d28-r0.10-rp0-fp0-s4,0 2 0 0 0 91 -40,0.0 1.0 0.0 0.0 0.0 0.09090909090909091 0.17391304347826086,100001.08300395256,0.2714285714285714,9845,0 2 0 0 0 89 -39,0.0 1.0 0.0 0.0 0.0 0.0 0.21739130434782608,100000.21739130435,0.22857142857142856,9885,0 2 0 0 0 91 -44,0.0 1.0 0.0 0.0 0.0 0.09090909090909091 0.0,100000.90909090909,0.2571428571428571,9876,0 2 1 0 0 105 -30,0.0 1.0 1.0 0.0 0.0 0.7272727272727273 0.6086956521739131,110007.8814229249,0.014285714285714285,4002,0 1 0 0 0 105 -27,0.0 0.0 0.0 0.0 0.0 0.7272727272727273 0.7391304347826086,8.011857707509883,0.2714285714285714,8739,0 1 0 0 0 111 -29,0.0 0.0 0.0 0.0 0.0 1.0 0.6521739130434783,10.652173913043478,0.08571428571428572,6007,0 2 1 0 0 105 -31,0.0 1.0 1.0 0.0 0.0 0.7272727272727273 0.5652173913043478,110007.83794466403,0.014285714285714285,4003,0 1 0 0 0 105 -27,0.0 0.0 0.0 0.0 0.0 0.7272727272727273 0.7391304347826086,8.011857707509883,0.2714285714285714,8739,0 1 0 0 0 111 -29,0.0 0.0 0.0 0.0 0.0 1.0 0.6521739130434783,10.652173913043478,0.08571428571428572,6007,0 2 1 0 0 105 -29,0.0 1.0 1.0 0.0 0.0 0.7272727272727273 0.6521739130434783,110007.92490118576,0.014285714285714285,4001,0 1 0 0 0 105 -27,0.0 0.0 0.0 0.0 0.0 0.7272727272727273 0.7391304347826086,8.011857707509883,0.2714285714285714,8739,0 1 0 0 0 111 -32,0.0 0.0 0.0 0.0 0.0 1.0 0.5217391304347826,10.521739130434783,0.08571428571428572,6008,0 2 1 0 0 105 -33,0.0 1.0 1.0 0.0 0.0 0.7272727272727273 0.4782608695652174,110007.75098814229,0.014285714285714285,9386,0 1 0 0 0 111 -32,0.0 0.0 0.0 0.0 0.0 1.0 0.5217391304347826,10.521739130434783,0.5285714285714286,43308,0 1 0 0 0 103 -21,0.0 0.0 0.0 0.0 0.0 0.6363636363636364 1.0,7.363636363636363,0.08571428571428572,41355,0 2 1 0 0 105 -33,0.0 1.0 1.0 0.0 0.0 0.7272727272727273 0.4782608695652174,110007.75098814229,0.014285714285714285,9386,0 1 0 0 0 111 -33,0.0 0.0 0.0 0.0 0.0 1.0 0.4782608695652174,10.478260869565217,0.5285714285714286,43309,0 1 0 0 0 103 -21,0.0 0.0 0.0 0.0 0.0 0.6363636363636364 1.0,7.363636363636363,0.08571428571428572,41355,0 2 1 0 0 103 -25,0.0 1.0 1.0 0.0 0.0 0.6363636363636364 0.8260869565217391,110007.18972332016,0.014285714285714285,5662
resolved-p7d-c21d-3600-1st/nsp-n40-d28-r0.10-rp2-fp2-s0,1 2 0 1 0 208 -121,0.1 0.003616636528028933 0.0 0.0 0.0 0.0 0.014285714285714285,100361.67793851718,0.3357142857142857,41515,0 0 0 2 0 268 -106,0.0 0.0 0.0 0.0007704160246533128 0.0 0.027945971122496506 0.12142857142857143,1.1713043073068494,0.225,40768,2 2 0 1 0 264 -123,0.2 0.003616636528028933 0.0 0.0 0.0 0.02608290638099674 0.0,200361.9244818667,0.18928571428571428,40565,10 3 111 155 26 1136 -8,1.0 0.0054249547920434 0.08767772511848342 0.11864406779661017 0.23853211009174313 0.43223102002794594 0.8214285714285714,1001566.9137479668,0.017857142857142856,25249,5 348 1212 793 97 2021 17,0.5 0.6292947558770343 0.957345971563981 0.6101694915254238 0.8899082568807339 0.8444340940847694 1.0,573211.5399614975,0.2642857142857143,4619,2 553 984 1299 93 2165 16,0.2 1.0 0.7772511848341233 1.0 0.8532110091743119 0.911504424778761 0.9928571428571429,308867.94085064926,0.6285714285714286,6084,10 3 58 233 33 1229 -20,1.0 0.0054249547920434 0.045813586097946286 0.17873651771956856 0.30275229357798167 0.47554727526781554 0.7357142857142858,1001215.1342742996,0.017857142857142856,28088,4 476 1266 985 87 2032 -12,0.4 0.8607594936708861 1.0 0.7580893682588598 0.7981651376146789 0.8495575221238938 0.7928571428571428,496923.14368147304,0.29642857142857143,4771,2 553 984 1299 93 2165 16,0.2 1.0 0.7772511848341233 1.0 0.8532110091743119 0.911504424778761 0.9928571428571429,308867.94085064926,0.6285714285714286,6084,10 3 69 248 23 1260 -18,1.0 0.0054249547920434 0.054502369668246446 0.19029275808936827 0.21100917431192662 0.4899860270144388 0.75,1001304.5627116774,0.017857142857142856,27380,4 497 1215 876 93 1889 0,0.4 0.8987341772151899 0.9597156398104265 0.6741140215716487 0.8532110091743119 0.7829529576152772 0.8785714285714286,500238.7173431171,0.29642857142857143,4740,2 553 984 1299 93 2165 16,0.2 1.0 0.7772511848341233 1.0 0.8532110091743119 0.911504424778761 0.9928571428571429,308867.94085064926,0.6285714285714286,6084,10 3 391 470 40 1983 -22,1.0 0.0054249547920434 0.3088467614533965 0.3613251155624037 0.3669724770642202 0.8267349790405216 0.7214285714285714,1004037.974235369,0.017857142857142856,24073,0 0 21 447 109 2355 -22,0.0 0.0 0.016587677725118485 0.3436055469953775 1.0 1.0 0.7214285714285714,620.2037528179909,0.7,19990,0 0 185 476 55 2181 16,0.0 0.0 0.146129541864139 0.3659476117103236 0.5045871559633027 0.9189566837447601 0.9928571428571429,1887.8841699283487,0.5821428571428572,19753,10 3 308 289 37 1721 -11,1.0 0.0054249547920434 0.24328593996840442 0.2218798151001541 0.3394495412844037 0.7047042384722869 0.8,1003239.0266905017,0.017857142857142856,25738,0 0 17 474 94 2297 -37,0.0 0.0 0.013428120063191154 0.3644067796610169 0.8623853211009175 0.9729855612482534 0.6142857142857143,595.2706537297885,0.6928571428571428,20075,0 0 147 423 76 2056 -5,0.0 0.0 0.11611374407582939 0.325115562403698 0.6972477064220184 0.8607359105728924 0.8428571428571429,1565.4279900527797,0.5928571428571429,20296,10 3 79 301 37 1838 -27,1.0 0.0054249547920434 0.06240126382306477 0.23112480739599384 0.3394495412844037 0.759198882161155 0.6857142857142857,1001439.8555820668,0.017857142857142856,51824
resolved-p7d-c21d-3600-1st/nsp-n40-d28-r0.10-rp2-fp2-s9,2 2 0 4 0 216 -160,0.10526315789473684 0.0014492753623188406 0.0 0.0 0.0 0.0 0.0,105408.08543096873,0.38571428571428573,22938,2 2 3 262 34 1330 -33,0.10526315789473684 0.0014492753623188406 0.0015698587127158557 0.14277808522412838 0.13991769547325103 0.40333091962346124 0.5291666666666667,105585.11634873024,0.04285714285714286,47604,7 2 1 131 17 1002 -8,0.3684210526315789 0.0014492753623188406 0.0005232862375719519 0.07028223574986164 0.06995884773662552 0.2845763939174511 0.6333333333333333,368651.97024798265,0.010714285714285714,49208,7 2 1 64 3 955 -36,0.3684210526315789 0.0014492753623188406 0.0005232862375719519 0.03320420586607637 0.012345679012345678 0.2675597393193338 0.5166666666666667,368608.8440680137,0.010714285714285714,36276,0 690 1104 1805 109 1869 19,0.0 0.9985507246376811 0.5777080062794349 0.9966795794133924 0.448559670781893 0.5984793627805938 0.7458333333333333,106680.41870001519,0.23214285714285715,8958,0 548 1282 1489 103 2172 55,0.0 0.7927536231884058 0.6708529565672423 0.8218040951853901 0.42386831275720166 0.7081824764663287 0.8958333333333334,86856.06046907211,0.4857142857142857,5052,7 2 1 25 2 592 -94,0.3684210526315789 0.0014492753623188406 0.0005232862375719519 0.01162147205312673 0.00823045267489712 0.13613323678493844 0.275,368585.29387987504,0.010714285714285714,38852,0 691 1100 1805 109 1869 19,0.0 1.0 0.5756148613291471 0.9966795794133924 0.448559670781893 0.5984793627805938 0.7458333333333333,106804.4147867442,0.23214285714285715,8957,0 546 1267 1541 113 2099 34,0.0 0.7898550724637681 0.663003663003663 0.8505810736026563 0.46502057613168724 0.6817523533671253 0.8083333333333333,86520.25286449626,0.5857142857142857,5750,7 2 1 25 2 592 -93,0.3684210526315789 0.0014492753623188406 0.0005232862375719519 0.01162147205312673 0.00823045267489712 0.13613323678493844 0.2791666666666667,368585.2980465417,0.010714285714285714,38851,0 690 1104 1805 109 1869 19,0.0 0.9985507246376811 0.5777080062794349 0.9966795794133924 0.448559670781893 0.5984793627805938 0.7458333333333333,106680.41870001519,0.23214285714285715,8958,0 546 1284 1537 115 2184 32,0.0 0.7898550724637681 0.6718995290423861 0.8483674598782512 0.4732510288065844 0.7125271542360608 0.8,86608.12037110193,0.525,5651,15 485 1911 1811 243 2852 70,0.7894736842105263 0.7014492753623188 1.0 1.0 1.0 0.9543808834178131 0.9583333333333334,870729.1138889258,0.45357142857142857,20820,0 1 166 385 75 2775 9,0.0 0.0 0.08686551543694401 0.21084670724958496 0.30864197530864196 0.9265025343953657 0.7041666666666667,1120.3352511605096,0.6,47805,0 1 264 398 91 2614 27,0.0 0.0 0.13814756671899528 0.2180409518539015 0.37448559670781895 0.8682114409847936 0.7791666666666667,1646.4264597911508,0.5571428571428572,49991,19 422 1769 1418 216 2826 80,1.0 0.6101449275362318 0.9256933542647828 0.7825124515771997 0.8888888888888888 0.944967414916727 1.0,1071153.2773108867,0.4607142857142857,16397,0 1 165 349 72 2694 13,0.0 0.0 0.08634222919937205 0.19092418372993913 0.2962962962962963 0.8971759594496741 0.7208333333333333,1093.668698281119,0.6,48110,0 1 305 384 69 2978 9,0.0 0.0 0.15960230245944532 0.21029330381848368 0.2839506172839506 1.0 0.7041666666666667,1845.4155568079987,0.55,49441,7 2 1 25 2 594 -94,0.3684210526315789 0.0014492753623188406 0.0005232862375719519 0.01162147205312673 0.00823045267489712 0.13685734974656047 0.275,368585.3011210046,0.010714285714285714,43830
resolved-p7d-c21d-3600-1st/nsp-n20-d28-r0.10-rp2-fp2-s4,0 2 0 0 0 64 -71,0.0 0.02631578947368421 0.0 0.0 0.0 0.0 0.0,2631.578947368421,0.44285714285714284,48962,0 1 0 0 0 64 -64,0.0 0.0 0.0 0.0 0.0 0.0 0.07291666666666667,0.07291666666666667,0.37857142857142856,49259,0 1 0 0 0 69 -41,0.0 0.0 0.0 0.0 0.0 0.002478929102627665 0.3125,0.33728929102627664,0.40714285714285714,49059,4 2 2 0 0 87 -40,1.0 0.02631578947368421 0.005063291139240506 0.0 0.0 0.011403073872087258 0.3229166666666667,1002682.6488061661,0.014285714285714285,73955,0 1 76 154 52 1085 23,0.0 0.0 0.19240506329113924 0.4173441734417344 0.4727272727272727 0.5061973227565691 0.9791666666666666,2394.7086735200864,0.55,83374,0 1 48 110 18 781 5,0.0 0.0 0.12151898734177215 0.2981029810298103 0.16363636363636364 0.3554784333168071 0.7916666666666666,1534.0029418110028,0.4142857142857143,80295,4 2 2 0 0 90 -47,1.0 0.02631578947368421 0.005063291139240506 0.0 0.0 0.012890431333663858 0.25,1002682.5907630741,0.014285714285714285,73942,0 1 71 102 41 948 4,0.0 0.0 0.17974683544303796 0.2764227642276423 0.37272727272727274 0.43827466534457116 0.78125,2116.327842584195,0.5571428571428572,85147,0 1 48 113 16 771 8,0.0 0.0 0.12151898734177215 0.3062330623306233 0.14545454545454545 0.3505205751115518 0.8229166666666666,1540.2965127115813,0.45,80212,4 2 2 0 0 87 -24,1.0 0.02631578947368421 0.005063291139240506 0.0 0.0 0.011403073872087258 0.4895833333333333,1002682.8154728329,0.014285714285714285,73947,0 1 82 151 42 1078 25,0.0 0.0 0.20759493670886076 0.4092140921409214 0.38181818181818183 0.5027268220128904 1.0,2529.372545631476,0.4857142857142857,81074,0 1 35 121 36 718 -1,0.0 0.0 0.08860759493670886 0.32791327913279134 0.32727272727272727 0.32424392662369855 0.7291666666666666,1250.6881071600565,0.37142857142857144,82647,2 39 394 369 104 2017 8,0.5 1.0 0.9974683544303797 1.0 0.9454545454545454 0.9682697074863659 0.8229166666666666,611079.7346125906,0.30714285714285716,90616,0 1 0 0 0 89 -38,0.0 0.0 0.0 0.0 0.0 0.012394645513138325 0.34375,0.46769645513138325,0.6071428571428571,43712,0 1 0 0 0 98 -46,0.0 0.0 0.0 0.0 0.0 0.01685671789786812 0.2604166666666667,0.42898384564534786,0.19285714285714287,61555,2 39 395 369 110 2081 17,0.5 1.0 1.0 1.0 1.0 1.0 0.9166666666666666,611110.9166666666,0.30714285714285716,90003,0 1 0 0 0 89 -37,0.0 0.0 0.0 0.0 0.0 0.012394645513138325 0.3541666666666667,0.47811312179804993,0.6071428571428571,43711,0 1 0 0 0 98 -46,0.0 0.0 0.0 0.0 0.0 0.01685671789786812 0.2604166666666667,0.42898384564534786,0.19285714285714287,61555,4 2 2 0 0 85 -34,1.0 0.02631578947368421 0.005063291139240506 0.0 0.0 0.010411502231036193 0.3854166666666667,1002682.7013904498,0.014285714285714285,52972
resolved-p7d-c21d-3600-1st/nsp-n30-d28-r0.10-rp2-fp2-s3,1 17 2 12 0 265 -51,0.1111111111111111 0.038860103626943004 0.001201923076923077 0.0068073519400953025 0.0 0.004414261460101867 0.0,115015.99219912934,0.6142857142857143,22996,4 57 164 236 35 1037 18,0.4444444444444444 0.14248704663212436 0.0985576923076923 0.1592920353982301 0.15418502202643172 0.266553480475382 0.6052631578947368,459856.70736629737,0.014285714285714285,38165,4 57 111 117 24 792 22,0.4444444444444444 0.14248704663212436 0.06670673076923077 0.07828454731109598 0.10572687224669604 0.1833616298811545 0.6403508771929824,459451.5476170609,0.014285714285714285,58968,4 57 111 88 13 606 -6,0.4444444444444444 0.14248704663212436 0.06670673076923077 0.05854322668481961 0.05726872246696035 0.12020373514431239 0.39473684210526316,459426.0832884742,0.014285714285714285,32184,0 135 1013 843 224 3051 32,0.0 0.344559585492228 0.6087740384615384 0.572498298162015 0.986784140969163 0.9504244482173175 0.7280701754385965,41225.10796075472,0.5952380952380952,30018,0 270 1041 1471 165 2220 42,0.0 0.694300518134715 0.6256009615384616 1.0 0.7268722466960352 0.668251273344652 0.8157894736842105,76766.24695573284,0.5666666666666667,16142,4 57 111 88 13 606 -6,0.4444444444444444 0.14248704663212436 0.06670673076923077 0.05854322668481961 0.05726872246696035 0.12020373514431239 0.39473684210526316,459426.0832884742,0.014285714285714285,32184,0 144 1027 1154 175 3195 28,0.0 0.36787564766839376 0.6171875 0.7842069434989789 0.7709251101321586 0.999320882852292 0.6929824561403509,43831.42541263622,0.5333333333333333,25919,0 270 1038 1336 131 2136 13,0.0 0.694300518134715 0.6237980769230769 0.9081007488087134 0.5770925110132159 0.6397283531409168 0.5614035087719298,76640.8012696525,0.5380952380952381,16492,4 57 111 88 13 610 -22,0.4444444444444444 0.14248704663212436 0.06670673076923077 0.05854322668481961 0.05726872246696035 0.12156196943972836 0.2543859649122807,459425.95651993994,0.014285714285714285,32180,0 140 1094 905 227 3197 20,0.0 0.35751295336787564 0.6574519230769231 0.6147038801906058 1.0 1.0 0.6228070175438597,43051.14125476495,0.5619047619047619,27736,0 270 1041 1471 165 2220 42,0.0 0.694300518134715 0.6256009615384616 1.0 0.7268722466960352 0.668251273344652 0.8157894736842105,76766.24695573284,0.5666666666666667,16142,9 387 1664 1349 199 2319 47,1.0 0.9974093264248705 1.0 0.9169503063308373 0.8766519823788547 0.701867572156197 0.8596491228070176,1110753.4264719,0.43333333333333335,30579,0 59 547 414 91 2164 63,0.0 0.14766839378238342 0.32872596153846156 0.28046289993192647 0.4008810572687225 0.6492359932088285 1.0,18382.14235921384,0.7952380952380952,52449,0 2 0 2 0 271 -20,0.0 0.0 0.0 0.0 0.0 0.0064516129032258064 0.2719298245614035,0.3364459535936616,0.580952380952381,39302,9 388 1659 1366 197 2318 48,1.0 1.0 0.9969951923076923 0.9285228046289993 0.8678414096916299 0.701528013582343 0.868421052631579,1110993.1425698637,0.4380952380952381,30415,0 57 578 434 125 2272 57,0.0 0.14248704663212436 0.3473557692307692 0.29407760381211706 0.5506607929515418 0.6859083191850595 0.9473684210526315,18079.212490240305,0.7523809523809524,54241,0 2 0 2 0 252 -36,0.0 0.0 0.0 0.0 0.0 0.0 0.13157894736842105,0.13157894736842105,0.6285714285714286,38592,4 57 144 293 59 1157 41,0.4444444444444444 0.14248704663212436 0.08653846153846154 0.1980939414567733 0.2599118942731278 0.3073005093378608 0.8070175438596491,459786.4988765628,0.014285714285714285,66773
resolved-p7d-c21d-3600-1st/nsp-n40-d28-r0.10-rp2-fp2-s2,0 15 74 231 9 1455 -59,0.0 0.0 0.0 0.0 0.0 0.0 0.0,0.0,0.4035714285714286,5735,3 48 448 413 115 2317 -5,0.5 0.06285714285714286 0.16592724046140195 0.11389236545682102 0.3680555555555556 0.40299205236091634 0.4778761061946903,508100.19240797055,0.007142857142857143,40595,3 48 408 617 171 2853 -36,0.5 0.06285714285714286 0.1481810115350488 0.24155193992490614 0.5625 0.6535764375876578 0.20353982300884957,508072.0656451885,0.007142857142857143,42835,3 54 887 406 148 3262 -20,0.5 0.07428571428571429 0.36069210292812776 0.1095118898623279 0.4826388888888889 0.8447872837774661 0.34513274336283184,511202.061242185,0.007142857142857143,21666,0 344 2098 1626 283 2945 13,0.0 0.6266666666666667 0.8979591836734694 0.8729662077596996 0.9513888888888888 0.6965871902758298 0.6371681415929203,72621.96664009431,0.31785714285714284,5450,0 430 2328 1801 289 3497 19,0.0 0.7904761904761904 1.0 0.9824780976220275 0.9722222222222222 0.9546517064048621 0.6902654867256637,90137.55615001406,0.43214285714285716,3180,3 58 1166 502 206 3594 5,0.5 0.08190476190476191 0.484472049689441 0.16958698372966208 0.6840277777777778 1.0 0.5663716814159292,513283.7528205594,0.007142857142857143,14494,0 344 2103 1459 282 2987 23,0.0 0.6266666666666667 0.9001774622892635 0.7684605757196495 0.9479166666666666 0.7162225338943432 0.7256637168141593,72539.5814210014,0.2892857142857143,5441,0 430 1909 1722 297 3156 5,0.0 0.7904761904761904 0.8141082519964508 0.9330413016270338 1.0 0.7952314165497896 0.5663716814159292,88230.26155505748,0.16428571428571428,3189,3 54 900 455 169 3325 -22,0.5 0.07428571428571429 0.36645962732919257 0.14017521902377972 0.5555555555555556 0.874240299205236 0.3274336283185841,511297.96831306303,0.007142857142857143,20719,0 344 2098 1626 283 2945 13,0.0 0.6266666666666667 0.8979591836734694 0.8729662077596996 0.9513888888888888 0.6965871902758298 0.6371681415929203,72621.96664009431,0.31785714285714284,5450,0 430 1909 1722 297 3156 5,0.0 0.7904761904761904 0.8141082519964508 0.9330413016270338 1.0 0.7952314165497896 0.5663716814159292,88230.26155505748,0.16428571428571428,3189,4 533 1590 1329 195 2560 20,0.6666666666666666 0.9866666666666667 0.6725820763087844 0.6871088861076345 0.6458333333333334 0.5165965404394577 0.6991150442477876,772816.7113963107,0.007142857142857143,7797,0 491 919 1078 207 1948 54,0.0 0.9066666666666666 0.3748890860692103 0.5300375469336671 0.6875 0.23048153342683497 1.0,95017.6498896267,0.7357142857142858,27632,6 540 1708 1829 238 2153 24,1.0 1.0 0.7249334516415262 1.0 0.7951388888888888 0.3263207106124357 0.7345132743362832,1108332.846125685,0.775,16261,4 538 1484 1264 184 2353 16,0.6666666666666666 0.9961904761904762 0.6255545696539485 0.646433041301627 0.6076388888888888 0.4198223468910706 0.6637168141592921,773253.3188527273,0.007142857142857143,7619,0 467 878 1229 165 1904 50,0.0 0.8609523809523809 0.3566992014196983 0.6245306633291614 0.5416666666666666 0.2099111734455353 0.9646017699115044,90343.99115293527,0.7357142857142858,28316,6 539 1710 1826 237 2154 20,1.0 0.9980952380952381 0.7258207630878438 0.9981226533166458 0.7916666666666666 0.3267882187938289 0.6991150442477876,1108148.9877576178,0.775,16309,3 48 408 456 127 2384 -23,0.5 0.06285714285714286 0.1481810115350488 0.14080100125156444 0.4097222222222222 0.434315100514259 0.3185840707964602,507953.95935961447,0.007142857142857143,38915
resolved-p7d-c21d-3600-1st/nsp-n30-d28-r0.10-rp2-fp2-s7,0 0 0 0 0 91 -160,0.0 0.0 0.0 0.0 0.0 0.12727272727272726 0.0,1.2727272727272725,0.30952380952380953,362,0 0 0 0 0 84 -150,0.0 0.0 0.0 0.0 0.0 0.0 0.10309278350515463,0.10309278350515463,0.2904761904761905,390,0 0 0 0 0 85 -151,0.0 0.0 0.0 0.0 0.0 0.01818181818181818 0.09278350515463918,0.274601686972821,0.2571428571428571,360,0 0 0 0 0 125 -87,0.0 0.0 0.0 0.0 0.0 0.7454545454545455 0.7525773195876289,8.207122774133083,0.03333333333333333,138,0 0 0 0 0 136 -104,0.0 0.0 0.0 0.0 0.0 0.9454545454545454 0.5773195876288659,10.03186504217432,0.21904761904761905,67,0 0 0 0 0 130 -81,0.0 0.0 0.0 0.0 0.0 0.8363636363636363 0.8144329896907216,9.178069353327086,0.03333333333333333,120,0 0 0 0 0 123 -88,0.0 0.0 0.0 0.0 0.0 0.7090909090909091 0.7422680412371134,7.833177132146204,0.03333333333333333,121,0 0 0 0 0 137 -88,0.0 0.0 0.0 0.0 0.0 0.9636363636363636 0.7422680412371134,10.378631677600751,0.21428571428571427,42,0 0 0 0 0 131 -87,0.0 0.0 0.0 0.0 0.0 0.8545454545454545 0.7525773195876289,9.298031865042173,0.03333333333333333,195,0 0 0 0 0 129 -111,0.0 0.0 0.0 0.0 0.0 0.8181818181818182 0.5051546391752577,8.68697282099344,0.03333333333333333,101,0 0 0 0 0 139 -73,0.0 0.0 0.0 0.0 0.0 1.0 0.8969072164948454,10.896907216494846,0.3333333333333333,42,0 0 0 0 0 127 -63,0.0 0.0 0.0 0.0 0.0 0.7818181818181819 1.0,8.818181818181818,0.03333333333333333,143,0 0 0 0 0 126 -80,0.0 0.0 0.0 0.0 0.0 0.7636363636363637 0.8247422680412371,8.461105904404874,0.03333333333333333,371,0 0 0 0 0 134 -65,0.0 0.0 0.0 0.0 0.0 0.9090909090909091 0.979381443298969,10.070290534208059,0.6047619047619047,110,0 0 0 0 0 125 -114,0.0 0.0 0.0 0.0 0.0 0.7454545454545455 0.4742268041237113,7.9287722586691665,0.03333333333333333,309,0 0 0 0 0 126 -81,0.0 0.0 0.0 0.0 0.0 0.7636363636363637 0.8144329896907216,8.450796626054359,0.03333333333333333,372,0 0 0 0 0 130 -75,0.0 0.0 0.0 0.0 0.0 0.8363636363636363 0.8762886597938144,9.239925023430178,0.5428571428571428,113,0 0 0 0 0 125 -86,0.0 0.0 0.0 0.0 0.0 0.7454545454545455 0.7628865979381443,8.217432052483598,0.03333333333333333,297,0 0 0 0 0 123 -74,0.0 0.0 0.0 0.0 0.0 0.7090909090909091 0.8865979381443299,7.97750702905342,0.03333333333333333,155
resolved-p7d-c21d-3600-1st/nsp-n40-d28-r0.10-rp2-fp2-s6,0 3 0 16 1 601 -80,0.0 0.0 0.0 0.01282051282051282 0.004524886877828055 0.09819703799098518 0.29523809523809524,14.550209983443573,0.11428571428571428,31909,0 3 0 0 0 326 -134,0.0 0.0 0.0 0.0 0.0 0.009658725048293626 0.0380952380952381,0.13468248857817436,0.06428571428571428,55141,3 3 0 0 0 360 -142,0.75 0.0 0.0 0.0 0.0 0.0206052801030264 0.0,750000.206052801,0.010714285714285714,54815,3 3 0 0 0 296 -90,0.75 0.0 0.0 0.0 0.0 0.0 0.24761904761904763,750000.2476190476,0.010714285714285714,31831,0 526 1223 1248 94 2158 42,0.0 0.9175438596491228 0.7457317073170732 1.0 0.4253393665158371 0.5994848679974243 0.8761904761904762,100261.10801389076,0.6607142857142857,4664,0 573 1087 1190 115 2108 45,0.0 1.0 0.6628048780487805 0.9535256410256411 0.5203619909502263 0.583386992916935 0.8904761904761904,107640.3349667281,0.6428571428571429,4370,3 3 0 0 0 296 -90,0.75 0.0 0.0 0.0 0.0 0.0 0.24761904761904763,750000.2476190476,0.010714285714285714,31831,0 533 1079 1144 87 2083 29,0.0 0.9298245614035088 0.6579268292682927 0.9166666666666666 0.3936651583710407 0.5753380553766902 0.8142857142857143,100524.32528180562,0.6607142857142857,3709,0 573 1087 1189 115 2108 45,0.0 1.0 0.6628048780487805 0.9527243589743589 0.5203619909502263 0.583386992916935 0.8904761904761904,107639.53368467682,0.6428571428571429,4371,3 3 0 0 0 296 -91,0.75 0.0 0.0 0.0 0.0 0.0 0.24285714285714285,750000.2428571428,0.010714285714285714,31832,0 539 867 880 87 1758 44,0.0 0.9403508771929825 0.5286585365853659 0.7051282051282052 0.3936651583710407 0.47070186735350933 0.8857142857142857,100071.76053907647,0.5571428571428572,3085,0 573 1132 1148 102 2025 39,0.0 1.0 0.6902439024390243 0.9198717948717948 0.46153846153846156 0.5566645202833226 0.861904761904762,107874.89321538062,0.6035714285714285,4166,4 290 1421 956 218 3286 68,1.0 0.5035087719298246 0.8664634146341463 0.7660256410256411 0.9864253393665159 0.9626529298132647 1.0,1059890.8060435841,0.4357142857142857,27557,0 3 634 439 61 3108 5,0.0 0.0 0.38658536585365855 0.35176282051282054 0.27601809954751133 0.9053444945267225 0.7,4254.971733949424,0.5642857142857143,42555,0 3 0 0 0 331 -100,0.0 0.0 0.0 0.0 0.0 0.011268512556342562 0.2,0.31268512556342565,0.03214285714285714,23719,4 264 1640 1038 221 3402 60,1.0 0.45789473684210524 1.0 0.8317307692307693 1.0 1.0 0.9619047619047619,1056732.1663582032,0.4357142857142857,31097,0 3 216 343 60 1864 -2,0.0 0.0 0.13170731707317074 0.2748397435897436 0.27149321266968324 0.5048293625241468 0.6666666666666666,1624.7771958803278,0.6678571428571428,50364,0 3 0 0 0 331 -99,0.0 0.0 0.0 0.0 0.0 0.011268512556342562 0.20476190476190476,0.3174470303253304,0.03214285714285714,23718,3 3 0 0 0 306 -106,0.75 0.0 0.0 0.0 0.0 0.003219575016097875 0.17142857142857143,750000.2036243216,0.010714285714285714,35881
resolved-p7d-c21d-3600-1st/nsp-n50-d28-r0.10-rp2-fp2-s5,0 23 79 183 16 1357 -89,0.0 0.021415270018621976 0.03297644539614561 0.06611271676300579 0.0893854748603352 0.3068367680732745 0.24736842105263157,2549.6584561744785,0.13142857142857142,8737,0 261 292 485 87 1700 0,0.0 0.2430167597765363 0.12419700214132762 0.17521676300578035 0.4860335195530726 0.41903827281648676 0.7157894736842105,25772.372286229842,0.07714285714285714,21031,16 346 557 811 152 1814 31,0.6153846153846154 0.3221601489757914 0.23768736616702354 0.2929913294797688 0.8491620111731844 0.4563297350343474 0.8789473684210526,650360.8537191806,0.03142857142857143,37865,19 523 894 811 84 1786 13,0.7307692307692307 0.48696461824953446 0.38201284796573876 0.2929913294797688 0.4692737430167598 0.4471704285246974 0.7842105263157895,783630.9956924345,0.011428571428571429,9890,18 981 2337 2579 179 3001 30,0.6923076923076923 0.9134078212290503 1.0 0.9317196531791907 1.0 0.8446189074255807 0.8736842105263158,794689.5139570612,0.5542857142857143,2698,20 988 1707 2698 103 2871 -21,0.7692307692307693 0.9199255121042831 0.7301927194860813 0.9747109826589595 0.5754189944134078 0.8020935557736343 0.6052631578947368,869566.1267168744,0.22857142857142856,5640,14 517 1080 1115 129 1908 7,0.5384615384615384 0.4813780260707635 0.46167023554603853 0.4028179190751445 0.7206703910614525 0.4870788354596009 0.7526315789473684,591696.5518021899,0.011428571428571429,6739,22 1074 1922 2603 120 3469 54,0.8461538461538461 1.0 0.8222698072805139 0.9403901734104047 0.6703910614525139 0.9977101733725875 1.0,955394.9506079407,0.40285714285714286,2011,21 976 1606 2257 90 2507 -3,0.8076923076923077 0.9087523277467412 0.6869379014989293 0.8153901734104047 0.5027932960893855 0.6830225711481845 0.7,906310.1192107018,0.10857142857142857,3610,10 501 997 1340 117 1791 -26,0.38461538461538464 0.4664804469273743 0.4261241970021413 0.4841040462427746 0.6536312849162011 0.4488060189728492 0.5789473684210527,436079.20546043594,0.011428571428571429,9964,19 992 1726 2186 84 2701 6,0.7307692307692307 0.9236499068901304 0.7383297644539615 0.7897398843930635 0.4692737430167598 0.7464834805364736 0.7473684210526316,831362.3985647046,0.18571428571428572,3776,26 1002 1716 2768 98 2845 -2,1.0 0.9329608938547486 0.7340471092077088 1.0 0.547486033519553 0.793588485443245 0.7052631578947368,1101699.950228916,0.18857142857142858,777,10 36 822 618 109 3295 -49,0.38461538461538464 0.0335195530726257 0.3511777301927195 0.22326589595375723 0.6089385474860335 0.9407916257769054 0.45789473684210524,391773.14278627135,0.011428571428571429,14171,0 0 2 0 0 419 -134,0.0 0.0 0.0 0.0 0.0 0.0 0.010526315789473684,0.010526315789473684,0.5628571428571428,6222,0 0 2 0 0 550 -119,0.0 0.0 0.0 0.0 0.0 0.04285246974157671 0.08947368421052632,0.5179983816262934,0.1,10591,10 40 1003 639 96 3476 4,0.38461538461538464 0.037243947858473 0.42869379014989295 0.23085260115606937 0.5363128491620112 1.0 0.7368421052631579,392921.93803090835,0.011428571428571429,9861,0 0 2 0 0 419 -134,0.0 0.0 0.0 0.0 0.0 0.0 0.010526315789473684,0.010526315789473684,0.5628571428571428,6222,0 0 2 0 0 447 -136,0.0 0.0 0.0 0.0 0.0 0.009159306509649984 0.0,0.09159306509649984,0.1,10627,19 403 632 1212 162 2006 27,0.7307692307692307 0.3752327746741155 0.2698072805139186 0.43786127167630057 0.9050279329608939 0.5191364082433758 0.8578947368421053,771524.9943655732,0.011428571428571429,35003
resolved-p7d-c21d-3600-1st/nsp-n20-d28-r0.10-rp2-fp2-s2,0 0 10 0 0 76 -81,0.0 0.0 0.11538461538461539 0.0 0.0 0.004914004914004914 0.0,1153.895293895294,0.29285714285714287,41443,1 0 4 0 0 72 -55,0.5 0.0 0.0 0.0 0.0 0.0 0.2653061224489796,500000.2653061224,0.17142857142857143,57198,1 0 4 0 0 77 -48,0.5 0.0 0.0 0.0 0.0 0.006142506142506142 0.336734693877551,500000.39815975534,0.1357142857142857,57273,2 0 4 0 0 81 -55,1.0 0.0 0.0 0.0 0.0 0.011056511056511056 0.2653061224489796,1000000.3758712331,0.0,22088,0 0 12 124 29 546 17,0.0 0.0 0.15384615384615385 0.5020242914979757 0.6904761904761905 0.5823095823095823 1.0,2116.3565448302293,0.40714285714285714,64150,0 0 56 213 33 833 -4,0.0 0.0 1.0 0.8623481781376519 0.7857142857142857 0.9348894348894349 0.7857142857142857,10951.054215343689,0.37142857142857144,45316,2 0 4 0 0 81 -56,1.0 0.0 0.0 0.0 0.0 0.011056511056511056 0.25510204081632654,1000000.3656671514,0.0,22089,0 0 12 79 13 424 6,0.0 0.0 0.15384615384615385 0.31983805668016196 0.30952380952380953 0.43243243243243246 0.8877551020408163,1894.4640555204467,0.3357142857142857,64438,0 0 49 247 35 886 7,0.0 0.0 0.8653846153846154 1.0 0.8333333333333334 1.0 0.8979591836734694,9748.077446363162,0.37857142857142856,45580,2 0 4 0 0 81 -55,1.0 0.0 0.0 0.0 0.0 0.011056511056511056 0.2653061224489796,1000000.3758712331,0.0,22088,0 0 14 92 17 577 5,0.0 0.0 0.19230769230769232 0.3724696356275304 0.40476190476190477 0.6203931203931204 0.8775510204081632,2343.1042314049832,0.37857142857142856,64010,0 0 35 167 42 869 16,0.0 0.0 0.5961538461538461 0.6761133603238867 1.0 0.9791154791154791 0.9897959183673469,6748.43277257187,0.32142857142857145,47052,2 0 4 0 0 83 -36,1.0 0.0 0.0 0.0 0.0 0.013513513513513514 0.45918367346938777,1000000.5943188086,0.0,38541,0 0 10 0 0 91 -55,0.0 0.0 0.11538461538461539 0.0 0.0 0.02334152334152334 0.2653061224489796,1154.3448752020179,0.4642857142857143,17056,0 0 10 0 0 96 -43,0.0 0.0 0.11538461538461539 0.0 0.0 0.029484029484029485 0.3877551020408163,1154.5287492430348,0.03571428571428571,19445,2 0 4 0 0 83 -36,1.0 0.0 0.0 0.0 0.0 0.013513513513513514 0.45918367346938777,1000000.5943188086,0.0,38541,0 0 10 0 0 91 -57,0.0 0.0 0.11538461538461539 0.0 0.0 0.02334152334152334 0.24489795918367346,1154.3244670387526,0.4642857142857143,17057,0 0 10 0 0 96 -43,0.0 0.0 0.11538461538461539 0.0 0.0 0.029484029484029485 0.3877551020408163,1154.5287492430348,0.03571428571428571,19445,2 0 4 0 0 78 -56,1.0 0.0 0.0 0.0 0.0 0.007371007371007371 0.25510204081632654,1000000.3288121145,0.0,37356
resolved-p7d-c21d-3600-1st/nsp-n20-d28-r0.10-rp2-fp2-s3,0 0 0 0 0 71 -87,0.0 0.0 0.0 0.0 0.0 0.1111111111111111 0.0,1.1111111111111112,0.30714285714285716,278,0 0 0 0 0 69 -87,0.0 0.0 0.0 0.0 0.0 0.06666666666666667 0.0,0.6666666666666666,0.32857142857142857,219,0 0 0 0 0 66 -58,0.0 0.0 0.0 0.0 0.0 0.0 0.4027777777777778,0.4027777777777778,0.36428571428571427,245,0 0 0 0 0 102 -36,0.0 0.0 0.0 0.0 0.0 0.8 0.7083333333333334,8.708333333333334,0.07857142857142857,126,0 0 0 0 0 110 -23,0.0 0.0 0.0 0.0 0.0 0.9777777777777777 0.8888888888888888,10.666666666666666,0.34285714285714286,23,0 0 0 0 0 98 -21,0.0 0.0 0.0 0.0 0.0 0.7111111111111111 0.9166666666666666,8.027777777777779,0.07857142857142857,121,0 0 0 0 0 105 -24,0.0 0.0 0.0 0.0 0.0 0.8666666666666667 0.875,9.541666666666668,0.07857142857142857,350,0 0 0 0 0 111 -31,0.0 0.0 0.0 0.0 0.0 1.0 0.7777777777777778,10.777777777777779,0.32857142857142857,79,0 0 0 0 0 106 -42,0.0 0.0 0.0 0.0 0.0 0.8888888888888888 0.625,9.51388888888889,0.07857142857142857,192,0 0 0 0 0 103 -24,0.0 0.0 0.0 0.0 0.0 0.8222222222222222 0.875,9.097222222222221,0.07857142857142857,247,0 0 0 0 0 106 -19,0.0 0.0 0.0 0.0 0.0 0.8888888888888888 0.9444444444444444,9.833333333333334,0.37857142857142856,35,0 0 0 0 0 103 -36,0.0 0.0 0.0 0.0 0.0 0.8222222222222222 0.7083333333333334,8.930555555555555,0.07857142857142857,172,0 0 0 0 0 102 -45,0.0 0.0 0.0 0.0 0.0 0.8 0.5833333333333334,8.583333333333334,0.07857142857142857,341,0 0 0 0 0 99 -28,0.0 0.0 0.0 0.0 0.0 0.7333333333333333 0.8194444444444444,8.152777777777777,0.5214285714285715,73,0 0 0 0 0 101 -15,0.0 0.0 0.0 0.0 0.0 0.7777777777777778 1.0,8.777777777777779,0.07857142857142857,322,0 0 0 0 0 101 -47,0.0 0.0 0.0 0.0 0.0 0.7777777777777778 0.5555555555555556,8.333333333333334,0.07857142857142857,346,0 0 0 0 0 99 -28,0.0 0.0 0.0 0.0 0.0 0.7333333333333333 0.8194444444444444,8.152777777777777,0.5214285714285715,73,0 0 0 0 0 101 -15,0.0 0.0 0.0 0.0 0.0 0.7777777777777778 1.0,8.777777777777779,0.07857142857142857,322,0 0 0 0 0 106 -40,0.0 0.0 0.0 0.0 0.0 0.8888888888888888 0.6527777777777778,9.541666666666668,0.07857142857142857,94
resolved-p7d-c21d-3600-1st/nsp-n20-d28-r0.10-rp2-fp2-s5,0 1 4 1 0 69 -50,0.0 0.0 0.0 0.002617801047120419 0.0 0.0033482142857142855 0.0,2.651283189977562,0.4142857142857143,43797,0 1 4 1 0 63 -46,0.0 0.0 0.0 0.002617801047120419 0.0 0.0 0.037383177570093455,2.6551842246905126,0.32142857142857145,44025,0 1 4 1 0 69 -40,0.0 0.0 0.0 0.002617801047120419 0.0 0.0033482142857142855 0.09345794392523364,2.7447411339027954,0.2,44292,3 3 4 0 0 98 -14,0.5 0.02666666666666667 0.0 0.0 0.0 0.01953125 0.3364485981308411,502667.1984277648,0.007142857142857143,51087,0 1 20 100 25 444 13,0.0 0.0 0.02102496714848883 0.2617801047120419 0.22321428571428573 0.21261160714285715 0.5887850467289719,497.0661058865162,0.4642857142857143,93545,0 1 166 222 61 1273 37,0.0 0.0 0.21287779237844942 0.581151832460733 0.5446428571428571 0.6752232142857143 0.8130841121495327,2771.9593582145203,0.65,83338,3 3 4 0 0 98 -13,0.5 0.02666666666666667 0.0 0.0 0.0 0.01953125 0.34579439252336447,502667.2077735592,0.007142857142857143,51086,0 1 17 88 12 524 33,0.0 0.0 0.017082785808147174 0.23036649214659685 0.10714285714285714 0.2572544642857143 0.7757009345794392,415.2568815197909,0.5071428571428571,95590,0 1 78 216 50 1113 11,0.0 0.0 0.09724047306176084 0.5654450261780105 0.44642857142857145 0.5859375 0.5700934579439252,1588.9220823964197,0.4785714285714286,91941,3 3 4 0 0 98 -9,0.5 0.02666666666666667 0.0 0.0 0.0 0.01953125 0.38317757009345793,502667.24515673675,0.007142857142857143,51085,0 1 32 114 7 573 10,0.0 0.0 0.03679369250985545 0.29842931937172773 0.0625 0.2845982142857143 0.5607476635514018,676.0229742766908,0.4714285714285714,92004,0 1 104 224 40 1288 23,0.0 0.0 0.1314060446780552 0.5863874345549738 0.35714285714285715 0.68359375 0.6822429906542056,1943.6803475404658,0.45714285714285713,88733,5 68 681 382 112 1855 57,0.8333333333333334 0.8933333333333333 0.8896189224704336 1.0 1.0 1.0 1.0,932673.855891371,0.36428571428571427,90079,0 1 4 0 0 88 -19,0.0 0.0 0.0 0.0 0.0 0.013950892857142858 0.2897196261682243,0.4292285547396528,0.5428571428571428,30628,0 1 4 0 0 89 -24,0.0 0.0 0.0 0.0 0.0 0.014508928571428572 0.24299065420560748,0.3880799399198932,0.08571428571428572,29895,6 76 765 380 98 1841 53,1.0 1.0 1.0 0.9947643979057592 0.875 0.9921875 0.9626168224299065,1111093.1488897281,0.36428571428571427,88853,0 1 4 0 0 88 -23,0.0 0.0 0.0 0.0 0.0 0.013950892857142858 0.2523364485981308,0.39184537716955936,0.5428571428571428,30630,0 1 4 0 0 89 -27,0.0 0.0 0.0 0.0 0.0 0.014508928571428572 0.21495327102803738,0.3600425567423231,0.08571428571428572,29898,3 3 4 0 0 92 -18,0.5 0.02666666666666667 0.0 0.0 0.0 0.016183035714285716 0.29906542056074764,502667.1275624444,0.007142857142857143,39784
resolved-p7d-c21d-3600-1st/nsp-n30-d28-r0.10-rp2-fp2-s0,0 4 0 0 0 167 -67,0.0 0.00966183574879227 0.0 0.0 0.0 0.011489992587101558 0.22727272727272727,966.5257475323707,0.08095238095238096,62033,0 4 0 0 0 136 -92,0.0 0.00966183574879227 0.0 0.0 0.0 0.0 0.0,966.183574879227,0.10952380952380952,62111,0 4 0 0 0 159 -89,0.0 0.00966183574879227 0.0 0.0 0.0 0.008524833209785025 0.02727272727272727,966.2960959385975,0.07142857142857142,62056,2 4 0 0 0 148 -86,0.18181818181818182 0.00966183574879227 0.0 0.0 0.0 0.004447739065974796 0.05454545454545454,182784.46441590623,0.01904761904761905,51293,0 85 740 567 156 2834 13,0.0 0.40096618357487923 0.883054892601432 0.7 0.8210526315789474 1.0 0.9545454545454546,49720.227092114685,0.5904761904761905,23376,0 109 731 810 177 2677 5,0.0 0.5169082125603864 0.8723150357995226 1.0 0.9315789473684211 0.9418087472201631 0.8818181818181818,61517.42941442473,0.6047619047619047,27952,2 4 0 0 0 148 -85,0.18181818181818182 0.00966183574879227 0.0 0.0 0.0 0.004447739065974796 0.06363636363636363,182784.47350681532,0.01904761904761905,51292,0 77 838 694 159 2804 2,0.0 0.36231884057971014 1.0 0.8567901234567902 0.8368421052631579 0.9888806523350631 0.8545454545454545,47183.10174393201,0.6238095238095238,29686,0 104 676 799 190 2774 3,0.0 0.4927536231884058 0.8066825775656324 0.9864197530864197 1.0 0.977761304670126 0.8636363636363636,58439.24909699367,0.6333333333333333,31851,2 4 0 0 0 148 -86,0.18181818181818182 0.00966183574879227 0.0 0.0 0.0 0.004447739065974796 0.05454545454545454,182784.46441590623,0.01904761904761905,51293,0 87 771 474 131 2686 9,0.0 0.4106280193236715 0.9200477326968973 0.5851851851851851 0.6894736842105263 0.9451445515196442 0.9181818181818182,50927.781440275736,0.6666666666666666,20723,0 104 676 799 190 2775 3,0.0 0.4927536231884058 0.8066825775656324 0.9864197530864197 1.0 0.9781319495922906 0.8636363636363636,58439.25280344289,0.6333333333333333,31850,11 209 728 767 132 1751 15,1.0 1.0 0.8687350835322196 0.9469135802469136 0.6947368421052632 0.5985915492957746 0.9727272727272728,1109710.6967425453,0.10476190476190476,56459,0 2 2 0 0 164 -72,0.0 0.0 0.002386634844868735 0.0 0.0 0.010378057820607857 0.18181818181818182,24.15194720871161,0.5761904761904761,47020,0 2 2 5 1 362 -11,0.0 0.0 0.002386634844868735 0.006172839506172839 0.005263157894736842 0.083765752409192 0.7363636363636363,32.13952490478943,0.6095238095238096,61117,6 191 671 712 163 1925 18,0.5454545454545454 0.9130434782608695 0.8007159904534606 0.8790123456790123 0.8578947368421053 0.6630837657524092 1.0,645738.4858421875,0.11428571428571428,52687,0 2 2 0 0 164 -73,0.0 0.0 0.002386634844868735 0.0 0.0 0.010378057820607857 0.17272727272727273,24.1428562996207,0.5761904761904761,47021,0 2 2 12 0 423 -26,0.0 0.0 0.002386634844868735 0.014814814814814815 0.0 0.10637509266123055 0.6,40.34491419011447,0.6476190476190476,60686,2 4 0 0 0 164 -78,0.18181818181818182 0.00966183574879227 0.0 0.0 0.0 0.010378057820607857 0.12727272727272726,182784.59644636652,0.01904761904761905,43357
