,lnps-10-org-obj,lnps-10-nrm-obj,lnps-10-obj,lnps-10-diff,lnps-10-freq,lnps-30-org-obj,lnps-30-nrm-obj,lnps-30-obj,lnps-30-diff,lnps-30-freq,lnps-60-org-obj,lnps-60-nrm-obj,lnps-60-obj,lnps-60-diff,lnps-60-freq,mp-is1-p-hi-org-obj,mp-is1-p-hi-nrm-obj,mp-is1-p-hi-obj,mp-is1-p-hi-diff,mp-is1-p-hi-freq,mp-is1-p-low-org-obj,mp-is1-p-low-nrm-obj,mp-is1-p-low-obj,mp-is1-p-low-diff,mp-is1-p-low-freq,mp-is1-p-mid-org-obj,mp-is1-p-mid-nrm-obj,mp-is1-p-mid-obj,mp-is1-p-mid-diff,mp-is1-p-mid-freq,mp-is10-p-hi-org-obj,mp-is10-p-hi-nrm-obj,mp-is10-p-hi-obj,mp-is10-p-hi-diff,mp-is10-p-hi-freq,mp-is10-p-low-org-obj,mp-is10-p-low-nrm-obj,mp-is10-p-low-obj,mp-is10-p-low-diff,mp-is10-p-low-freq,mp-is10-p-mid-org-obj,mp-is10-p-mid-nrm-obj,mp-is10-p-mid-obj,mp-is10-p-mid-diff,mp-is10-p-mid-freq,mp-is100-p-hi-org-obj,mp-is100-p-hi-nrm-obj,mp-is100-p-hi-obj,mp-is100-p-hi-diff,mp-is100-p-hi-freq,mp-is100-p-low-org-obj,mp-is100-p-low-nrm-obj,mp-is100-p-low-obj,mp-is100-p-low-diff,mp-is100-p-low-freq,mp-is100-p-mid-org-obj,mp-is100-p-mid-nrm-obj,mp-is100-p-mid-obj,mp-is100-p-mid-diff,mp-is100-p-mid-freq,mp-p-hi-org-obj,mp-p-hi-nrm-obj,mp-p-hi-obj,mp-p-hi-diff,mp-p-hi-freq,mp-p-low-org-obj,mp-p-low-nrm-obj,mp-p-low-obj,mp-p-low-diff,mp-p-low-freq,mp-p-mid-org-obj,mp-p-mid-nrm-obj,mp-p-mid-obj,mp-p-mid-diff,mp-p-mid-freq,mp-ps-p-hi-org-obj,mp-ps-p-hi-nrm-obj,mp-ps-p-hi-obj,mp-ps-p-hi-diff,mp-ps-p-hi-freq,mp-ps-p-low-org-obj,mp-ps-p-low-nrm-obj,mp-ps-p-low-obj,mp-ps-p-low-diff,mp-ps-p-low-freq,mp-ps-p-mid-org-obj,mp-ps-p-mid-nrm-obj,mp-ps-p-mid-obj,mp-ps-p-mid-diff,mp-ps-p-mid-freq,ps-org-obj,ps-nrm-obj,ps-obj,ps-diff,ps-freq
resolved-p28d-3600-1st/nsp-n50-d28-r0.10-rp2-fp2-s8,6 179 3544 1337 435 6036 -38,0.0 0.1111111111111111 0.04456521739130435 0.26820276497695855 0.9696969696969697 0.443019943019943 0.0,11926.36594640101,0.04857142857142857,3788,10 192 3676 1427 445 6136 -23,0.14814814814814814 0.15925925925925927 0.18804347826086956 0.3511520737327189 1.0 0.5854700854700855 0.11450381679389313,166411.63013508698,0.03428571428571429,3485,11 195 3686 1410 437 6129 -23,0.18518518518518517 0.17037037037037037 0.19891304347826086 0.33548387096774196 0.9757575757575757 0.5754985754985755 0.11450381679389313,204650.2817751201,0.030714285714285715,3186,33 208 3761 1524 439 6250 -21,1.0 0.21851851851851853 0.28043478260869564 0.44055299539170506 0.9818181818181818 0.7478632478632479 0.1297709923664122,1025202.5428949833,0.008571428571428572,1,30 217 3632 1519 439 6048 -29,0.8888888888888888 0.2518518518518518 0.14021739130434782 0.4359447004608295 0.9818181818181818 0.4601139601139601 0.06870229007633588,916015.0443476514,0.02214285714285714,112,26 378 4423 2131 442 6348 -14,0.7407407407407407 0.8481481481481481 1.0 1.0 0.990909090909091 0.8874643874643875 0.183206106870229,836663.7043146279,0.22714285714285715,214,33 208 3761 1524 439 6250 -21,1.0 0.21851851851851853 0.28043478260869564 0.44055299539170506 0.9818181818181818 0.7478632478632479 0.1297709923664122,1025202.5428949833,0.008571428571428572,1,30 271 3878 1638 423 6164 -19,0.8888888888888888 0.45185185185185184 0.4076086956521739 0.5456221198156682 0.9333333333333333 0.6253561253561254 0.1450381679389313,938795.5150831663,0.09357142857142857,105,32 264 3503 1370 374 5725 -33,0.9629629629629629 0.42592592592592593 0.0 0.29861751152073734 0.7848484848484848 0.0 0.03816793893129771,1005932.6960835,0.10285714285714286,48,33 208 3761 1524 439 6250 -21,1.0 0.21851851851851853 0.28043478260869564 0.44055299539170506 0.9818181818181818 0.7478632478632479 0.1297709923664122,1025202.5428949833,0.008571428571428572,1,31 387 3665 1812 366 5837 -36,0.9259259259259259 0.8814814814814815 0.17608695652173914 0.7059907834101382 0.7606060606060606 0.15954415954415954 0.015267175572519083,1016618.6057375333,0.25142857142857145,435,27 419 4126 2006 413 6093 7,0.7777777777777778 1.0 0.6771739130434783 0.8847926267281107 0.9030303030303031 0.5242165242165242 0.3435114503816794,885530.1982419363,0.22357142857142856,230,33 208 3761 1524 439 6250 -21,1.0 0.21851851851851853 0.28043478260869564 0.44055299539170506 0.9818181818181818 0.7478632478632479 0.1297709923664122,1025202.5428949833,0.008571428571428572,684,18 180 3561 1053 232 6211 93,0.4444444444444444 0.11481481481481481 0.06304347826086956 0.0064516129032258064 0.35454545454545455 0.6923076923076923 1.0,456606.18994381547,0.8128571428571428,4702,19 202 4313 1046 117 6001 81,0.48148148148148145 0.1962962962962963 0.8804347826086957 0.0 0.006060606060606061 0.39316239316239315 0.9083969465648855,509920.9050186823,0.8042857142857143,4509,33 208 3761 1524 439 6250 -21,1.0 0.21851851851851853 0.28043478260869564 0.44055299539170506 0.9818181818181818 0.7478632478632479 0.1297709923664122,1025202.5428949833,0.008571428571428572,684,21 149 4035 1107 204 6427 86,0.5555555555555556 0.0 0.5782608695652174 0.05622119815668203 0.2696969696969697 1.0 0.9465648854961832,561432.3017112197,0.8128571428571428,3940,19 202 4329 1047 115 6002 82,0.48148148148148145 0.1962962962962963 0.8978260869565218 0.0009216589861751152 0.0 0.3945868945868946 0.916030534351145,510095.1555391427,0.8042857142857143,4476,10 190 3600 1362 420 5988 -26,0.14814814814814814 0.15185185185185185 0.10543478260869565 0.2912442396313364 0.9242424242424242 0.37464387464387466 0.0916030534351145,164775.18768327573,0.03214285714285714,3113
resolved-p28d-3600-1st/nsp-n30-d28-r0.10-rp2-fp2-s5,0 2 2 97 8 901 1,0.0 0.013888888888888888 0.0 0.0 0.0392156862745098 0.0 0.0,1392.81045751634,0.18452380952380953,2027,0 5 26 174 19 1125 22,0.0 0.034722222222222224 0.0321285140562249 0.03123732251521298 0.2549019607843137 0.1206896551724138 0.2692307692307692,3851.7110086990706,0.08214285714285714,1742,0 5 25 187 20 1188 23,0.0 0.034722222222222224 0.030789825970548863 0.036511156186612576 0.27450980392156865 0.15463362068965517 0.28205128205128205,3845.9110059954282,0.08095238095238096,1757,14 4 3 170 22 1091 28,0.9333333333333333 0.027777777777777776 0.0013386880856760374 0.029614604462474645 0.3137254901960784 0.10237068965517242 0.34615384615384615,936186.8550061927,0.014285714285714285,1,5 90 162 315 57 1660 28,0.3333333333333333 0.625 0.214190093708166 0.08843813387423935 1.0 0.4089439655172414 0.34615384615384615,398168.10799779056,0.25595238095238093,1684,6 138 121 288 47 1423 14,0.4 0.9583333333333334 0.15930388219544847 0.07748478701825558 0.803921568627451 0.28125 0.16666666666666666,497587.2282658355,0.25357142857142856,1509,14 4 3 170 22 1091 28,0.9333333333333333 0.027777777777777776 0.0013386880856760374 0.029614604462474645 0.3137254901960784 0.10237068965517242 0.34615384615384615,936186.8550061927,0.014285714285714285,1,5 136 217 512 56 1710 20,0.3333333333333333 0.9444444444444444 0.2878179384203481 0.16835699797160245 0.9803921568627451 0.4358836206896552 0.24358974358974358,430926.9558015896,0.24285714285714285,1491,3 144 181 385 49 1597 18,0.2 1.0 0.23962516733601072 0.11683569979716024 0.8431372549019608 0.375 0.21794871794871795,302601.3690473654,0.2226190476190476,2901,14 4 3 170 22 1091 28,0.9333333333333333 0.027777777777777776 0.0013386880856760374 0.029614604462474645 0.3137254901960784 0.10237068965517242 0.34615384615384615,936186.8550061927,0.014285714285714285,1,3 125 167 329 54 1734 27,0.2 0.8680555555555556 0.22088353413654618 0.09411764705882353 0.9411764705882353 0.4488146551724138 0.3333333333333333,289207.4476709237,0.2619047619047619,1252,7 144 248 325 48 1783 21,0.4666666666666667 1.0 0.3293172690763052 0.09249492900608519 0.8235294117647058 0.47521551724137934 0.2564102564102564,570139.6957930411,0.3047619047619048,757,14 4 3 170 22 1091 28,0.9333333333333333 0.027777777777777776 0.0013386880856760374 0.029614604462474645 0.3137254901960784 0.10237068965517242 0.34615384615384615,936186.8550061927,0.014285714285714285,1045,0 0 654 1249 14 2236 49,0.0 0.0 0.8728246318607764 0.46734279918864097 0.1568627450980392 0.7192887931034483 0.6153846153846154,9219.083664852627,0.6630952380952381,4491,0 0 704 2306 8 2645 79,0.0 0.0 0.9397590361445783 0.8961460446247465 0.0392156862745098 0.9396551724137931 1.0,10308.05452642212,0.6178571428571429,4584,15 4 5 169 22 1100 28,1.0 0.027777777777777776 0.004016064257028112 0.02920892494929006 0.3137254901960784 0.10721982758620689 0.34615384615384615,1002879.938246439,0.014285714285714285,1044,0 0 650 923 16 1991 44,0.0 0.0 0.8674698795180723 0.33509127789046655 0.19607843137254902 0.5872844827586207 0.5512820512820513,9035.822043087312,0.6630952380952381,4634,0 0 749 2562 6 2757 71,0.0 0.0 1.0 1.0 0.0 1.0 0.8974358974358975,11010.897435897436,0.6178571428571429,4327,0 6 19 173 13 1052 24,0.0 0.041666666666666664 0.022757697456492636 0.030831643002028397 0.13725490196078433 0.08135775862068965 0.2948717948717949,4439.909223810778,0.09523809523809523,1117
resolved-p28d-3600-1st/nsp-n40-d28-r0.10-rp2-fp2-s1,1 7 2 30 1 695 -111,0.0 0.0 0.0011554015020219526 0.0014189886480908153 0.0 0.009971236816874401 0.05847953216374269,13.131195568642827,0.07678571428571429,7183,1 11 11 33 1 749 -111,0.0 0.017167381974248927 0.006354708261120739 0.001805985552115583 0.0 0.020325982742090125 0.05847953216374269,1782.3530049478002,0.05357142857142857,7085,1 11 10 29 1 760 -113,0.0 0.017167381974248927 0.005777007510109763 0.0012899896800825593 0.0 0.0224352828379674 0.04678362573099415,1776.0693986601834,0.05089285714285714,7135,18 13 0 19 1 704 -108,1.0 0.02575107296137339 0.0 0.0 0.0 0.011697027804410355 0.07602339181286549,1002575.3002898071,0.014285714285714285,1,15 49 22 36 1 657 -121,0.8235294117647058 0.18025751072961374 0.012709416522241479 0.0021929824561403508 0.0 0.0026845637583892616 0.0,841684.4768309833,0.05178571428571429,500,12 152 162 242 18 784 -88,0.6470588235294118 0.6223175965665236 0.09358752166377816 0.028766769865841074 0.4473684210526316 0.02703739213806328 0.19298245614035087,710300.4253710506,0.18214285714285713,989,18 13 0 19 1 704 -108,1.0 0.02575107296137339 0.0 0.0 0.0 0.011697027804410355 0.07602339181286549,1002575.3002898071,0.014285714285714285,1,14 61 13 81 4 643 -105,0.7647058823529411 0.2317596566523605 0.007510109763142692 0.007997936016511867 0.07894736842105263 0.0 0.0935672514619883,787972.9353559186,0.05714285714285714,632,12 240 422 504 39 1017 -53,0.6470588235294118 1.0 0.243789716926632 0.06256449948400412 1.0 0.07171620325982742 0.39766081871345027,749660.4000210135,0.2767857142857143,181,18 13 0 19 1 704 -108,1.0 0.02575107296137339 0.0 0.0 0.0 0.011697027804410355 0.07602339181286549,1002575.3002898071,0.014285714285714285,1,15 52 32 80 3 785 -110,0.8235294117647058 0.19313304721030042 0.01848642403235124 0.007868937048503612 0.05263157894736842 0.02722914669223394 0.06432748538011696,843041.0494399549,0.05267857142857143,405,15 44 13 60 1 685 -113,0.8235294117647058 0.15879828326180256 0.007510109763142692 0.005288957688338493 0.0 0.008053691275167786 0.04678362573099415,839489.7574667443,0.05178571428571429,439,17 28 1572 6630 9 5516 33,0.9411764705882353 0.09012875536480687 0.9081455805892548 0.85281217750258 0.21052631578947367 0.9344199424736338 0.9005847953216374,960154.9115239101,0.6026785714285714,5887,11 20 1596 7030 10 5647 40,0.5882352941176471 0.055793991416309016 0.9220103986135182 0.9044117647058824 0.23684210526315788 0.9595397890699904 0.9415204678362573,603973.4301390039,0.6705357142857142,5531,11 14 1707 6388 10 5789 18,0.5882352941176471 0.030042918454935622 0.9861351819757366 0.8215944272445821 0.23684210526315788 0.9867689357622244 0.8128654970760234,601956.8969755237,0.6446428571428572,5211,15 27 1556 6098 12 5501 50,0.8235294117647058 0.08583690987124463 0.8989023685730791 0.7841847265221878 0.2894736842105263 0.9315436241610738 1.0,841925.5739687459,0.6017857142857143,6052,12 18 1677 7771 6 5797 23,0.6470588235294118 0.04721030042918455 0.9688041594454073 1.0 0.13157894736842105 0.9883029721955896 0.8421052631578947,662491.7781965063,0.6705357142857142,5028,11 14 1731 6675 8 5858 5,0.5882352941176471 0.030042918454935622 1.0 0.8586171310629515 0.18421052631578946 1.0 0.7368421052631579,602127.3609889405,0.6446428571428572,5153,1 10 9 38 1 751 -111,0.0 0.012875536480686695 0.005199306759098787 0.0024509803921568627 0.0 0.020709491850431447 0.05847953216374269,1342.263270502482,0.05089285714285714,8324
resolved-p28d-3600-1st/nsp-n30-d28-r0.10-rp2-fp2-s4,1 10 0 2 0 121 -121,0.0 0.04929577464788732 0.0 0.0 0.0 0.0 0.0,4929.577464788732,0.19285714285714287,1161,1 10 0 2 0 151 -90,0.0 0.04929577464788732 0.0 0.0 0.0 0.01038781163434903 0.12301587301587301,4929.804358778091,0.12142857142857143,1496,1 10 0 8 0 159 -84,0.0 0.04929577464788732 0.0 0.00149402390438247 0.0 0.013157894736842105 0.14682539682539683,4931.349893037308,0.08095238095238096,1410,11 10 2 26 0 143 -86,1.0 0.04929577464788732 0.002150537634408602 0.00597609561752988 0.0 0.007617728531855956 0.1388888888888889,1004957.2740029246,0.02023809523809524,1,8 18 4 33 0 169 -83,0.7 0.1056338028169014 0.004301075268817204 0.007719123505976096 0.0 0.01662049861495845 0.15079365079365079,710614.4271565212,0.0380952380952381,356,6 145 178 226 15 582 -54,0.5 1.0 0.1913978494623656 0.055776892430278883 0.7142857142857143 0.15962603878116344 0.26587301587301587,602043.0460918862,0.2523809523809524,333,11 10 2 26 0 143 -86,1.0 0.04929577464788732 0.002150537634408602 0.00597609561752988 0.0 0.007617728531855956 0.1388888888888889,1004957.2740029246,0.02023809523809524,1,1 57 206 175 21 550 -52,0.0 0.38028169014084506 0.221505376344086 0.04307768924302789 1.0 0.14854570637119113 0.27380952380952384,40388.05973335592,0.2392857142857143,850,6 13 31 74 2 279 -67,0.5 0.07042253521126761 0.03333333333333333 0.017928286852589643 0.09523809523809523 0.054709141274238225 0.21428571428571427,507403.80032796354,0.08452380952380953,497,11 10 2 26 0 143 -86,1.0 0.04929577464788732 0.002150537634408602 0.00597609561752988 0.0 0.007617728531855956 0.1388888888888889,1004957.2740029246,0.02023809523809524,1,8 12 8 33 4 204 -77,0.7 0.06338028169014084 0.008602150537634409 0.007719123505976096 0.19047619047619047 0.02873961218836565 0.1746031746031746,706451.2784162405,0.05714285714285714,3747,7 40 12 70 1 195 -82,0.6 0.2605633802816901 0.012903225806451613 0.01693227091633466 0.047619047619047616 0.025623268698060944 0.15476190476190477,626207.4754565035,0.055952380952380955,1268,11 47 930 3486 9 2902 116,1.0 0.30985915492957744 1.0 0.8675298804780877 0.42857142857142855 0.9629501385041551 0.9404761904761905,1041906.8724938685,0.6023809523809524,4874,7 3 738 3486 15 2787 103,0.6 0.0 0.7935483870967742 0.8675298804780877 0.7142857142857143 0.9231301939058172 0.8888888888888888,608884.5625137023,0.6654761904761904,8406,6 5 827 1996 11 2783 57,0.5 0.014084507042253521 0.889247311827957 0.4965139442231076 0.5238095238095238 0.9217451523545707 0.7063492063492064,510859.74251983885,0.6464285714285715,9107,11 44 870 2566 11 2742 131,1.0 0.2887323943661972 0.9354838709677419 0.6384462151394422 0.5238095238095238 0.9075484764542936 1.0,1038928.9807985821,0.6011904761904762,5544,7 3 827 4018 10 3009 87,0.6 0.0 0.889247311827957 1.0 0.47619047619047616 1.0 0.8253968253968254,609950.917562724,0.6654761904761904,7549,6 5 819 1870 13 2776 67,0.5 0.014084507042253521 0.8806451612903226 0.4651394422310757 0.6190476190476191 0.9193213296398892 0.746031746031746,510751.88576630683,0.6464285714285715,9312,1 10 0 17 0 163 -83,0.0 0.04929577464788732 0.0 0.0037350597609561755 0.0 0.014542936288088643 0.15079365079365079,4933.608747563363,0.06547619047619048,1236
resolved-p28d-3600-1st/nsp-n10-d28-r0.10-rp0-fp0-s5,0 0 2 0 0 118 -46,0.0 0.0 0.0 0.0 0.0 0.1553398058252427 0.0,1.553398058252427,0.3821428571428571,857,0 0 2 0 0 119 -35,0.0 0.0 0.0 0.0 0.0 0.1650485436893204 0.4074074074074074,2.0578928443006115,0.29642857142857143,1151,0 0 2 0 0 121 -37,0.0 0.0 0.0 0.0 0.0 0.18446601941747573 0.3333333333333333,2.177993527508091,0.24285714285714285,1138,6 1 3 3 0 102 -37,0.8571428571428571 0.5 0.3333333333333333 0.09090909090909091 0.0 0.0 0.3333333333333333,910567.4329004328,0.014285714285714285,1,0 0 2 0 0 131 -26,0.0 0.0 0.0 0.0 0.0 0.2815533980582524 0.7407407407407407,3.5562747213232644,0.44285714285714284,3100,0 0 2 0 0 145 -34,0.0 0.0 0.0 0.0 0.0 0.4174757281553398 0.4444444444444444,4.619201725997843,0.1357142857142857,8793,6 1 3 3 0 102 -37,0.8571428571428571 0.5 0.3333333333333333 0.09090909090909091 0.0 0.0 0.3333333333333333,910567.4329004328,0.014285714285714285,1,0 0 2 0 0 136 -30,0.0 0.0 0.0 0.0 0.0 0.3300970873786408 0.5925925925925926,3.8935634663790006,0.5071428571428571,3062,0 0 2 0 0 132 -37,0.0 0.0 0.0 0.0 0.0 0.2912621359223301 0.3333333333333333,3.245954692556634,0.125,2787,6 1 3 3 0 102 -37,0.8571428571428571 0.5 0.3333333333333333 0.09090909090909091 0.0 0.0 0.3333333333333333,910567.4329004328,0.014285714285714285,1,0 0 2 0 0 145 -24,0.0 0.0 0.0 0.0 0.0 0.4174757281553398 0.8148148148148148,4.989572096368213,0.3464285714285714,11292,0 1 4 33 1 152 -27,0.0 0.5 0.6666666666666666 1.0 1.0 0.4854368932038835 0.7037037037037037,57772.22473930241,0.19285714285714287,8693,6 1 3 3 0 102 -37,0.8571428571428571 0.5 0.3333333333333333 0.09090909090909091 0.0 0.0 0.3333333333333333,910567.4329004328,0.014285714285714285,344,0 0 2 0 0 130 -25,0.0 0.0 0.0 0.0 0.0 0.27184466019417475 0.7777777777777778,3.496224379719525,0.6678571428571428,6366,0 0 2 0 0 205 -19,0.0 0.0 0.0 0.0 0.0 1.0 1.0,11.0,0.5285714285714286,4593,7 2 5 10 0 106 -37,1.0 1.0 1.0 0.30303030303030304 0.0 0.038834951456310676 0.3333333333333333,1110303.7519858782,0.017857142857142856,340,0 0 2 0 0 130 -25,0.0 0.0 0.0 0.0 0.0 0.27184466019417475 0.7777777777777778,3.496224379719525,0.6714285714285714,6365,0 0 2 0 0 205 -19,0.0 0.0 0.0 0.0 0.0 1.0 1.0,11.0,0.5285714285714286,4593,0 0 2 0 0 128 -35,0.0 0.0 0.0 0.0 0.0 0.2524271844660194 0.4074074074074074,2.9316792520676014,0.16071428571428573,1280
resolved-p28d-3600-1st/nsp-n10-d28-r0.10-rp0-fp0-s0,0 2 0 0 0 78 -38,0.0 0.25 0.0 0.0 0.0 0.004784688995215311 0.0,25000.047846889953,0.24642857142857144,318,0 1 0 0 0 78 -34,0.0 0.0 0.0 0.0 0.0 0.004784688995215311 0.10810810810810811,0.15595499806026122,0.2857142857142857,417,0 1 0 0 0 78 -30,0.0 0.0 0.0 0.0 0.0 0.004784688995215311 0.21621621621621623,0.26406310616836937,0.2392857142857143,401,2 4 1 8 0 76 -28,0.6666666666666666 0.75 0.025 0.12698412698412698 0.0 0.0 0.2702702702702703,742043.9210639211,0.025,1,0 1 0 0 0 92 -18,0.0 0.0 0.0 0.0 0.0 0.03827751196172249 0.5405405405405406,0.9233156601577654,0.38571428571428573,572,0 1 0 0 0 94 -29,0.0 0.0 0.0 0.0 0.0 0.0430622009569378 0.24324324324324326,0.6738652528126212,0.08571428571428572,991,2 4 1 8 0 76 -28,0.6666666666666666 0.75 0.025 0.12698412698412698 0.0 0.0 0.2702702702702703,742043.9210639211,0.025,1,0 1 0 0 0 98 -19,0.0 0.0 0.0 0.0 0.0 0.05263157894736842 0.5135135135135135,1.0398293029871977,0.4035714285714286,1793,0 1 0 0 0 94 -29,0.0 0.0 0.0 0.0 0.0 0.0430622009569378 0.24324324324324326,0.6738652528126212,0.08571428571428572,526,2 4 1 8 0 76 -28,0.6666666666666666 0.75 0.025 0.12698412698412698 0.0 0.0 0.2702702702702703,742043.9210639211,0.025,1,0 1 0 0 0 103 -13,0.0 0.0 0.0 0.0 0.0 0.0645933014354067 0.6756756756756757,1.3216086900297426,0.36428571428571427,2253,0 1 0 0 0 94 -29,0.0 0.0 0.0 0.0 0.0 0.0430622009569378 0.24324324324324326,0.6738652528126212,0.08571428571428572,538,3 5 1 13 0 79 -28,1.0 1.0 0.025 0.20634920634920634 0.0 0.007177033492822967 0.2702702702702703,1100456.6912469545,0.025,360,0 1 28 24 14 380 -21,0.0 0.0 0.7 0.38095238095238093 0.6666666666666666 0.7272727272727273 0.4594594594594595,7455.351234351234,0.6464285714285715,22665,0 2 23 15 1 323 -9,0.0 0.25 0.575 0.23809523809523808 0.047619047619047616 0.5909090909090909 0.7837837837837838,30999.550017550016,0.5321428571428571,24794,2 4 1 8 0 76 -28,0.6666666666666666 0.75 0.025 0.12698412698412698 0.0 0.0 0.2702702702702703,742043.9210639211,0.025,363,0 4 40 63 21 494 -1,0.0 0.75 1.0 1.0 1.0 1.0 1.0,86111.0,0.7,20944,0 2 26 27 13 352 -2,0.0 0.25 0.65 0.42857142857142855 0.6190476190476191 0.6602870813397129 0.972972972972973,31998.05203426256,0.6035714285714285,24120,0 1 0 0 0 84 -19,0.0 0.0 0.0 0.0 0.0 0.019138755980861243 0.5135135135135135,0.7049010733221259,0.17857142857142858,359
resolved-p28d-3600-1st/nsp-n30-d28-r0.10-rp2-fp2-s9,1 2 0 0 0 99 -124,0.0 0.0033003300330033004 0.0 0.0 0.0 0.0029069767441860465 0.0,330.0620730677719,0.24166666666666667,2305,1 2 0 1 0 116 -89,0.0 0.0033003300330033004 0.0 0.0025188916876574307 0.0 0.01937984496124031 0.1881720430107527,332.9338654806106,0.1619047619047619,2267,1 1 0 12 0 144 -72,0.0 0.0 0.0 0.030226700251889168 0.0 0.046511627906976744 0.27956989247311825,30.97138642343205,0.07738095238095238,2576,17 2 0 5 0 97 -79,0.9411764705882353 0.0033003300330033004 0.0 0.012594458438287154 0.0 0.0009689922480620155 0.24193548387096775,941519.3496753803,0.008333333333333333,1,2 208 340 397 48 667 -37,0.058823529411764705 0.6831683168316832 0.8018867924528302 1.0 0.4485981308411215 0.5532945736434108 0.46774193548387094,136210.08952021736,0.3547619047619048,925,3 86 151 176 27 494 -43,0.11764705882352941 0.28052805280528054 0.3561320754716981 0.4433249370277078 0.2523364485981308 0.3856589147286822 0.43548387096774194,149734.03551368022,0.2785714285714286,763,17 2 0 5 0 97 -79,0.9411764705882353 0.0033003300330033004 0.0 0.012594458438287154 0.0 0.0009689922480620155 0.24193548387096775,941519.3496753803,0.008333333333333333,1,10 15 5 23 0 130 -73,0.5294117647058824 0.0462046204620462 0.01179245283018868 0.05793450881612091 0.0 0.03294573643410853 0.27419354838709675,534208.6894401178,0.0380952380952381,550,6 21 69 117 11 438 -48,0.29411764705882354 0.066006600660066 0.16273584905660377 0.2947103274559194 0.102803738317757 0.3313953488372093 0.40860215053763443,302654.3788723228,0.1988095238095238,492,17 2 0 5 0 97 -79,0.9411764705882353 0.0033003300330033004 0.0 0.012594458438287154 0.0 0.0009689922480620155 0.24193548387096775,941519.3496753803,0.008333333333333333,1,12 24 2 32 0 123 -63,0.6470588235294118 0.07590759075907591 0.0047169811320754715 0.08060453400503778 0.0 0.02616279069767442 0.3279569892473118,654777.9465355414,0.030952380952380953,177,7 8 9 45 3 180 -74,0.35294117647058826 0.0231023102310231 0.02122641509433962 0.11335012594458438 0.028037383177570093 0.08139534883720931 0.26881720430107525,355580.90827958897,0.06547619047619048,200,18 2 0 5 0 96 -79,1.0 0.0033003300330033004 0.0 0.012594458438287154 0.0 0.0 0.24193548387096775,1000342.8693972225,0.008333333333333333,1009,18 274 76 302 20 795 39,1.0 0.900990099009901 0.1792452830188679 0.760705289672544 0.18691588785046728 0.6773255813953488 0.8763440860215054,1092678.5092095362,0.6059523809523809,8225,11 247 424 393 107 1128 62,0.5882352941176471 0.8118811881188119 1.0 0.9899244332493703 1.0 1.0 1.0,680524.3373627777,0.6035714285714285,7648,17 2 0 5 0 97 -79,0.9411764705882353 0.0033003300330033004 0.0 0.012594458438287154 0.0 0.0009689922480620155 0.24193548387096775,941519.3496753803,0.008333333333333333,1010,18 304 111 281 24 877 27,1.0 1.0 0.2617924528301887 0.707808564231738 0.22429906542056074 0.7567829457364341 0.8118279569892473,1103356.54265649,0.6059523809523809,6384,14 203 299 306 60 1029 58,0.7647058823529411 0.6666666666666666 0.7051886792452831 0.7707808564231738 0.5607476635514018 0.9040697674418605 0.978494623655914,839261.310627137,0.6035714285714285,6755,2 2 2 10 0 139 -71,0.058823529411764705 0.0033003300330033004 0.0047169811320754715 0.02518891687657431 0.0 0.041666666666666664 0.2849462365591398,59226.62275616559,0.06785714285714285,1163
resolved-p28d-3600-1st/nsp-n20-d28-r0.10-rp2-fp2-s2,1 0 4 0 0 67 -73,0.08333333333333333 0.0 0.0 0.0 0.0 0.00681044267877412 0.0,83333.40143776011,0.24464285714285713,859,0 0 10 0 0 79 -46,0.0 0.0 0.03821656050955414 0.0 0.0 0.02043132803632236 0.2076923076923077,382.5776106835969,0.15714285714285714,959,0 0 10 1 0 93 -55,0.0 0.0 0.03821656050955414 0.0017211703958691911 0.0 0.036322360953461974 0.13846153846153847,384.38846063940673,0.11785714285714285,1174,11 2 4 7 0 61 -42,0.9166666666666666 0.15384615384615385 0.0 0.012048192771084338 0.0 0.0 0.23846153846153847,932063.5687055916,0.0125,1,4 13 21 52 2 175 -33,0.3333333333333333 1.0 0.10828025477707007 0.08950086058519793 0.2857142857142857 0.12939841089670828 0.3076923076923077,434535.8098466773,0.10357142857142858,9719,1 12 72 81 6 260 -34,0.08333333333333333 0.9230769230769231 0.43312101910828027 0.13941480206540446 0.8571428571428571 0.22587968217934165 0.3,180199.92371670992,0.16964285714285715,3724,11 2 4 7 0 61 -42,0.9166666666666666 0.15384615384615385 0.0 0.012048192771084338 0.0 0.0 0.23846153846153847,932063.5687055916,0.0125,1,7 1 5 17 0 125 -38,0.5833333333333334 0.07692307692307693 0.006369426751592357 0.029259896729776247 0.0 0.07264472190692395 0.2692307692307692,591119.590867875,0.07678571428571429,20834,0 0 15 40 4 245 -6,0.0 0.0 0.07006369426751592 0.06884681583476764 0.5714285714285714 0.20885357548240635 0.5153846153846153,829.2305360229927,0.24107142857142858,2158,11 2 4 7 0 61 -42,0.9166666666666666 0.15384615384615385 0.0 0.012048192771084338 0.0 0.0 0.23846153846153847,932063.5687055916,0.0125,1,8 5 10 27 0 161 -48,0.6666666666666666 0.38461538461538464 0.03821656050955414 0.04647160068846816 0.0 0.11350737797956867 0.19230769230769232,705558.1697154612,0.08214285714285714,21501,0 4 28 40 3 171 -34,0.0 0.3076923076923077 0.15286624203821655 0.06884681583476764 0.42857142857142855 0.12485811577752554 0.3,32411.14572946262,0.10178571428571428,808,12 2 5 7 0 61 -42,1.0 0.15384615384615385 0.006369426751592357 0.012048192771084338 0.0 0.0 0.23846153846153847,1015460.5963064409,0.0125,714,0 0 150 581 7 819 52,0.0 0.0 0.9299363057324841 1.0 1.0 0.8603859250851306 0.9615384615384616,10408.92845503723,0.7,6736,0 0 161 242 6 940 37,0.0 0.0 1.0 0.4165232358003442 0.8571428571428571 0.9977298524404086 0.8461538461538461,10513.060973885187,0.6107142857142858,7314,11 2 4 7 0 61 -42,0.9166666666666666 0.15384615384615385 0.0 0.012048192771084338 0.0 0.0 0.23846153846153847,932063.5687055916,0.0125,717,0 0 154 542 4 853 57,0.0 0.0 0.9554140127388535 0.9328743545611016 0.5714285714285714 0.8989784335981839 1.0,10554.147123428475,0.6964285714285714,6398,0 0 161 246 6 942 33,0.0 0.0 1.0 0.423407917383821 0.8571428571428571 1.0 0.8153846153846154,10519.937587713492,0.6107142857142858,7272,0 0 10 3 0 104 -41,0.0 0.0 0.03821656050955414 0.0051635111876075735 0.0 0.04880817253121453 0.24615384615384617,388.06335185461495,0.07321428571428572,1028
resolved-p28d-3600-1st/nsp-n10-d28-r0.10-rp0-fp0-s4,0 4 0 0 0 85 -39,0.0 0.17647058823529413 0.0 0.0 0.0 0.0 0.0,17647.058823529413,0.28214285714285714,480,1 5 0 0 0 85 -32,0.25 0.23529411764705882 0.0 0.0 0.0 0.0 0.21212121212121213,273529.623885918,0.2714285714285714,390,1 5 0 0 0 87 -34,0.25 0.23529411764705882 0.0 0.0 0.0 0.00516795865633075 0.15151515151515152,273529.614959444,0.24642857142857144,379,2 6 4 4 0 99 -19,0.5 0.29411764705882354 0.08163265306122448 0.038834951456310676 0.0 0.03617571059431524 0.6060606060606061,530267.8940056629,0.025,1,0 1 0 0 0 111 -29,0.0 0.0 0.0 0.0 0.0 0.06718346253229975 0.30303030303030304,0.9748649283533004,0.4857142857142857,9185,0 1 0 0 0 119 -24,0.0 0.0 0.0 0.0 0.0 0.08785529715762273 0.45454545454545453,1.3330984261216818,0.16071428571428573,3947,2 6 4 4 0 99 -19,0.5 0.29411764705882354 0.08163265306122448 0.038834951456310676 0.0 0.03617571059431524 0.6060606060606061,530267.8940056629,0.025,1,0 1 0 0 0 107 -27,0.0 0.0 0.0 0.0 0.0 0.056847545219638244 0.36363636363636365,0.932111815832746,0.5,2530,0 1 0 0 0 121 -22,0.0 0.0 0.0 0.0 0.0 0.09302325581395349 0.5151515151515151,1.44538407329105,0.15714285714285714,3201,2 6 4 4 0 99 -19,0.5 0.29411764705882354 0.08163265306122448 0.038834951456310676 0.0 0.03617571059431524 0.6060606060606061,530267.8940056629,0.025,1,0 1 0 0 0 113 -27,0.0 0.0 0.0 0.0 0.0 0.07235142118863049 0.36363636363636365,1.0871505755226685,0.45357142857142857,1346,0 1 0 0 0 117 -27,0.0 0.0 0.0 0.0 0.0 0.082687338501292 0.36363636363636365,1.1905097486492835,0.17142857142857143,5651,4 8 3 6 0 95 -19,1.0 0.4117647058823529 0.061224489795918366 0.05825242718446602 0.0 0.025839793281653745 0.6060606060606061,1041847.8323719178,0.02857142857142857,344,0 1 30 49 9 422 -12,0.0 0.0 0.6122448979591837 0.47572815533980584 0.32142857142857145 0.8708010335917312 0.8181818181818182,6639.846184228599,0.6964285714285714,21694,0 1 1 37 0 223 -17,0.0 0.0 0.02040816326530612 0.3592233009708738 0.0 0.35658914728682173 0.6666666666666666,567.5374917634698,0.6214285714285714,15220,2 6 4 4 0 99 -19,0.5 0.29411764705882354 0.08163265306122448 0.038834951456310676 0.0 0.03617571059431524 0.6060606060606061,530267.8940056629,0.025,346,0 18 49 103 28 472 -6,0.0 1.0 1.0 1.0 1.0 1.0 1.0,111111.0,0.7071428571428572,18755,0 1 2 5 0 221 -15,0.0 0.0 0.04081632653061224 0.04854368932038835 0.0 0.35142118863049093 0.7272727272727273,460.9484392400884,0.6071428571428571,15088,1 5 0 2 0 95 -24,0.25 0.23529411764705882 0.0 0.019417475728155338 0.0 0.025839793281653745 0.45454545454545453,273549.5421838214,0.16785714285714284,264
resolved-p28d-3600-1st/nsp-n20-d28-r0.10-rp2-fp2-s4,0 1 4 2 0 86 -52,0.0 0.0 0.00510204081632653 0.0 0.0 0.0046822742474916385 0.023809523809523808,51.09104042954974,0.24642857142857144,1099,0 1 4 8 0 120 -47,0.0 0.0 0.00510204081632653 0.004228329809725159 0.0 0.0274247491638796 0.06349206349206349,55.58647752812132,0.11785714285714285,1101,0 3 3 10 0 111 -54,0.0 0.014925373134328358 0.002551020408163265 0.005637773079633545 0.0 0.02140468227424749 0.007936507936507936,1523.907273924781,0.09821428571428571,1333,9 9 2 10 0 79 -55,1.0 0.05970149253731343 0.0 0.005637773079633545 0.0 0.0 0.0,1005975.7870268109,0.019642857142857142,1,0 85 170 232 36 697 -3,0.0 0.6268656716417911 0.42857142857142855 0.16208597603946442 0.5217391304347826 0.4133779264214047 0.4126984126984127,67191.08781665325,0.6357142857142857,2835,0 47 245 195 41 646 -21,0.0 0.34328358208955223 0.6198979591836735 0.13601127554615927 0.5942028985507246 0.37926421404682276 0.2698412698412698,40726.8318496035,0.5035714285714286,2877,9 9 2 10 0 79 -55,1.0 0.05970149253731343 0.0 0.005637773079633545 0.0 0.0 0.0,1005975.7870268109,0.019642857142857142,1,0 135 136 241 16 457 -18,0.0 1.0 0.34183673469387754 0.16842847075405215 0.2318840579710145 0.2528428093645485 0.29365079365079366,103612.80630237723,0.4392857142857143,871,0 108 183 223 21 566 -6,0.0 0.7985074626865671 0.461734693877551 0.15574348132487667 0.30434782608695654 0.325752508361204 0.3888888888888889,84657.9178853383,0.38035714285714284,1550,9 9 2 10 0 79 -55,1.0 0.05970149253731343 0.0 0.005637773079633545 0.0 0.0 0.0,1005975.7870268109,0.019642857142857142,1,0 68 234 352 54 826 5,0.0 0.5 0.5918367346938775 0.24665257223396758 0.782608695652174 0.49966555183946487 0.47619047619047616,56248.753634732544,0.5642857142857143,3098,0 80 289 361 69 1053 19,0.0 0.5895522388059702 0.7321428571428571 0.25299506694855534 1.0 0.651505016722408 0.5873015873015873,66636.74987072867,0.6589285714285714,3721,9 11 375 1421 14 1574 71,1.0 0.07462686567164178 0.951530612244898 1.0 0.2028985507246377 1.0 1.0,1018009.2825446856,0.6142857142857143,13676,1 3 260 294 11 1223 14,0.1111111111111111 0.014925373134328358 0.6581632653061225 0.20577871740662437 0.15942028985507245 0.7652173913043478 0.5476190476190477,119415.20161695796,0.6625,13731,2 3 318 123 11 1562 23,0.2222222222222222 0.014925373134328358 0.8061224489795918 0.08527131782945736 0.15942028985507245 0.9919732441471572 0.6190476190476191,231887.73615232646,0.6446428571428572,11901,9 10 394 1127 13 1568 65,1.0 0.06716417910447761 1.0 0.7928118393234672 0.18840579710144928 0.9959866220735786 0.9523809523809523,1017538.9825766545,0.6125,14772,1 3 258 309 10 1221 18,0.1111111111111111 0.014925373134328358 0.6530612244897959 0.21634954193093728 0.14492753623188406 0.7638795986622073 0.5793650793650794,119373.32112606202,0.6625,13839,2 3 318 122 11 1564 26,0.2222222222222222 0.014925373134328358 0.8061224489795918 0.08456659619450317 0.15942028985507245 0.9933110367892977 0.6428571428571429,231887.06861814173,0.6446428571428572,11908,0 3 8 10 0 114 -53,0.0 0.014925373134328358 0.015306122448979591 0.005637773079633545 0.0 0.023411371237458192 0.015873015873015872,1651.486297730513,0.08035714285714286,2323
resolved-p28d-3600-1st/nsp-n50-d28-r0.10-rp2-fp2-s7,14 638 1190 1290 155 2289 17,0.25 0.7028901734104046 0.0 0.0 0.8372093023255814 0.0 0.0,320372.73827127303,0.065,3293,9 688 1265 1295 150 2467 50,0.07142857142857142 0.7606936416184971 0.04283266704740148 0.0006481721545242416 0.8081395348837209 0.025327262379055207 0.23404255319148937,148008.21170171502,0.03785714285714286,3519,9 692 1249 1313 150 2436 57,0.07142857142857142 0.7653179190751445 0.0336950314106225 0.0029815919108115117 0.8081395348837209 0.02091633466135458 0.28368794326241137,148381.60204688116,0.035,3483,35 730 1295 1491 161 2396 64,1.0 0.8092485549132948 0.05996573386636208 0.026056520611874513 0.872093023255814 0.015224815025611838 0.3333333333333333,1081638.264234414,0.012142857142857143,1,33 738 1260 1366 174 2345 33,0.9285714285714286 0.8184971098265896 0.03997715591090805 0.009852216748768473 0.9476744186046512 0.00796812749003984 0.11347517730496454,1010925.7239282582,0.08642857142857142,591,32 758 1542 1509 173 2570 33,0.8928571428571429 0.8416184971098266 0.20102798400913763 0.028389940368161785 0.9418604651162791 0.03998292544109277 0.11347517730496454,979152.3616995285,0.22857142857142856,475,35 730 1295 1491 161 2396 64,1.0 0.8092485549132948 0.05996573386636208 0.026056520611874513 0.872093023255814 0.015224815025611838 0.3333333333333333,1081638.264234414,0.012142857142857143,1,29 792 1993 1809 183 2857 65,0.7857142857142857 0.8809248554913295 0.45859508852084524 0.06728026963961628 1.0 0.08081957882754695 0.3404255319148936,878561.1510395869,0.28214285714285714,407,28 808 1658 1838 127 2538 41,0.75 0.8994219653179191 0.2672758423757853 0.07103966813585688 0.6744186046511628 0.03542970973249858 0.1702127659574468,842753.960994014,0.205,576,35 730 1295 1491 161 2396 64,1.0 0.8092485549132948 0.05996573386636208 0.026056520611874513 0.872093023255814 0.015224815025611838 0.3333333333333333,1081638.264234414,0.012142857142857143,1,28 895 1452 2099 157 2501 82,0.75 1.0 0.14962878355225587 0.1048742546020223 0.8488372093023255 0.03016505406943654 0.46099290780141844,851686.8084545033,0.22642857142857142,1575,31 727 1336 1494 160 2377 63,0.8571428571428571 0.8057803468208092 0.08338092518560822 0.02644542390458906 0.8662790697674418 0.012521343198634035 0.3262411347517731,938668.2258622422,0.02642857142857143,287,17 43 2941 7760 29 9317 127,0.35714285714285715 0.015028901734104046 1.0 0.8387347679543686 0.10465116279069768 1.0 0.7801418439716312,369505.727342345,0.7521428571428571,4445,15 33 2740 9004 95 8484 86,0.2857142857142857 0.003468208092485549 0.885208452312964 1.0 0.4883720930232558 0.8814741035856574 0.48936170212765956,295971.3323587042,0.7642857142857142,4235,12 34 2684 8199 15 8957 131,0.17857142857142858 0.004624277456647399 0.8532267275842376 0.895644283121597 0.023255813953488372 0.9487763232783153 0.8085106382978723,188474.38973132372,0.7657142857142857,3830,17 40 2870 6762 28 9085 158,0.35714285714285715 0.011560693641618497 0.9594517418617933 0.7093596059113301 0.09883720930232558 0.9669891861126921 1.0,368623.35714433965,0.7521428571428571,4705,15 30 2677 8352 96 8315 100,0.2857142857142857 0.0 0.8492290119931468 0.9154783510500389 0.4941860465116279 0.8574274331246443 0.5886524822695035,295180.6357167319,0.7642857142857142,4460,12 34 2704 8724 11 8962 110,0.17857142857142858 0.004624277456647399 0.8646487721302113 0.9637023593466425 0.0 0.9494877632327832 0.6595744680851063,188654.20084984248,0.7657142857142857,3700,7 693 1268 1390 153 2433 54,0.0 0.7664739884393064 0.04454597372929754 0.012963443090484833 0.8255813953488372 0.020489470688673878 0.2624113475177305,77188.84746990338,0.037142857142857144,4376
resolved-p28d-3600-1st/nsp-n10-d28-r0.10-rp0-fp0-s7,0 0 0 0 0 74 -32,0.0 0.0 0.0 0.0 0.0 0.0 0.0,0.0,0.4,95,0 0 0 0 0 75 -30,0.0 0.0 0.0 0.0 0.0 0.008928571428571428 0.10526315789473684,0.1945488721804511,0.3535714285714286,64,0 0 0 0 0 75 -28,0.0 0.0 0.0 0.0 0.0 0.008928571428571428 0.21052631578947367,0.299812030075188,0.32857142857142857,57,0 0 0 0 0 95 -22,0.0 0.0 0.0 0.0 0.0 0.1875 0.5263157894736842,2.401315789473684,0.1357142857142857,20,0 0 0 0 0 93 -13,0.0 0.0 0.0 0.0 0.0 0.16964285714285715 1.0,2.6964285714285716,0.34285714285714286,5,0 0 0 0 0 94 -21,0.0 0.0 0.0 0.0 0.0 0.17857142857142858 0.5789473684210527,2.3646616541353387,0.12857142857142856,15,0 0 0 0 0 95 -21,0.0 0.0 0.0 0.0 0.0 0.1875 0.5789473684210527,2.4539473684210527,0.1357142857142857,24,0 0 0 0 0 92 -24,0.0 0.0 0.0 0.0 0.0 0.16071428571428573 0.42105263157894735,2.0281954887218046,0.3142857142857143,13,0 0 0 0 0 101 -21,0.0 0.0 0.0 0.0 0.0 0.24107142857142858 0.5789473684210527,2.9896616541353382,0.1357142857142857,17,0 0 0 0 0 93 -19,0.0 0.0 0.0 0.0 0.0 0.16964285714285715 0.6842105263157895,2.380639097744361,0.13214285714285715,16,0 0 0 0 0 93 -16,0.0 0.0 0.0 0.0 0.0 0.16964285714285715 0.8421052631578947,2.5385338345864663,0.40714285714285714,12,0 0 0 0 0 95 -22,0.0 0.0 0.0 0.0 0.0 0.1875 0.5263157894736842,2.401315789473684,0.1357142857142857,18,0 0 0 0 0 186 -19,0.0 0.0 0.0 0.0 0.0 1.0 0.6842105263157895,10.68421052631579,0.45714285714285713,10,0 0 0 0 0 97 -17,0.0 0.0 0.0 0.0 0.0 0.20535714285714285 0.7894736842105263,2.8430451127819545,0.6535714285714286,132,0 0 0 0 0 171 -16,0.0 0.0 0.0 0.0 0.0 0.8660714285714286 0.8421052631578947,9.502819548872182,0.44642857142857145,16,0 0 0 0 0 186 -19,0.0 0.0 0.0 0.0 0.0 1.0 0.6842105263157895,10.68421052631579,0.45714285714285713,10,0 0 0 0 0 97 -17,0.0 0.0 0.0 0.0 0.0 0.20535714285714285 0.7894736842105263,2.8430451127819545,0.6535714285714286,132,0 0 0 0 0 170 -16,0.0 0.0 0.0 0.0 0.0 0.8571428571428571 0.8421052631578947,9.413533834586467,0.44642857142857145,17,0 0 0 0 0 83 -23,0.0 0.0 0.0 0.0 0.0 0.08035714285714286 0.47368421052631576,1.2772556390977443,0.17857142857142858,23
resolved-p28d-3600-1st/nsp-n30-d28-r0.10-rp2-fp2-s7,0 0 0 0 0 108 -101,0.0 0.0 0.0 0.0 0.0 0.0 0.14634146341463414,0.14634146341463414,0.275,213,0 0 0 0 0 117 -79,0.0 0.0 0.0 0.0 0.0 0.019955654101995565 0.6829268292682927,0.8824833702882484,0.2011904761904762,156,0 0 0 0 0 140 -77,0.0 0.0 0.0 0.0 0.0 0.07095343680709534 0.7317073170731707,1.441241685144124,0.14285714285714285,105,0 0 0 0 0 209 -86,0.0 0.0 0.0 0.0 0.0 0.22394678492239467 0.5121951219512195,2.751662971175166,0.12023809523809524,27,0 0 0 0 0 169 -76,0.0 0.0 0.0 0.0 0.0 0.1352549889135255 0.7560975609756098,2.1086474501108645,0.36904761904761907,11,0 0 0 0 0 204 -78,0.0 0.0 0.0 0.0 0.0 0.21286031042128603 0.7073170731707317,2.835920177383592,0.12738095238095237,4,0 0 0 0 0 200 -86,0.0 0.0 0.0 0.0 0.0 0.2039911308203991 0.5121951219512195,2.5521064301552108,0.12261904761904761,22,0 0 0 0 0 179 -72,0.0 0.0 0.0 0.0 0.0 0.1574279379157428 0.8536585365853658,2.427937915742794,0.3488095238095238,10,0 0 0 0 0 201 -85,0.0 0.0 0.0 0.0 0.0 0.20620842572062084 0.5365853658536586,2.598669623059867,0.13333333333333333,13,0 0 0 0 0 214 -79,0.0 0.0 0.0 0.0 0.0 0.23503325942350334 0.6829268292682927,3.0332594235033263,0.12738095238095237,4,0 0 0 0 0 165 -79,0.0 0.0 0.0 0.0 0.0 0.12638580931263857 0.6829268292682927,1.9467849223946785,0.3738095238095238,3,0 0 0 0 0 181 -79,0.0 0.0 0.0 0.0 0.0 0.16186252771618626 0.6829268292682927,2.3015521064301554,0.12976190476190477,3,0 0 0 0 0 473 -66,0.0 0.0 0.0 0.0 0.0 0.8093126385809313 1.0,9.093126385809313,0.4119047619047619,29,0 0 0 0 0 188 -107,0.0 0.0 0.0 0.0 0.0 0.17738359201773837 0.0,1.7738359201773837,0.6880952380952381,195,0 0 0 0 0 559 -68,0.0 0.0 0.0 0.0 0.0 1.0 0.9512195121951219,10.951219512195122,0.4166666666666667,21,0 0 0 0 0 473 -66,0.0 0.0 0.0 0.0 0.0 0.8093126385809313 1.0,9.093126385809313,0.4119047619047619,29,0 0 0 0 0 173 -93,0.0 0.0 0.0 0.0 0.0 0.14412416851441243 0.34146341463414637,1.7827050997782707,0.6297619047619047,199,0 0 0 0 0 559 -68,0.0 0.0 0.0 0.0 0.0 1.0 0.9512195121951219,10.951219512195122,0.4166666666666667,21,0 0 0 0 0 165 -84,0.0 0.0 0.0 0.0 0.0 0.12638580931263857 0.5609756097560976,1.8248337028824833,0.1130952380952381,28
resolved-p28d-3600-1st/nsp-n40-d28-r0.10-rp2-fp2-s3,1 11 0 7 0 282 -114,0.05 0.08333333333333333 0.0 0.000395882818685669 0.0 0.0023679848448969927 0.0,58333.752896000464,0.1419642857142857,2401,1 11 0 26 0 290 -105,0.05 0.08333333333333333 0.0 0.004156769596199525 0.0 0.004262372720814586 0.038461538461538464,58337.5711881952,0.09375,1665,1 11 0 24 0 314 -97,0.05 0.08333333333333333 0.0 0.003760886777513856 0.0 0.009945536348567369 0.07264957264957266,58337.26632504698,0.07053571428571428,3109,19 13 0 21 0 272 -95,0.95 0.09848484848484848 0.0 0.003167062549485352 0.0 0.0 0.0811965811965812,959851.7331076155,0.01607142857142857,1,17 31 4 29 0 318 -95,0.85 0.23484848484848486 0.0033812341504649195 0.004750593824228029 0.0 0.010892730286526165 0.0811965811965812,873523.6015440614,0.0375,1944,17 23 1 5 0 318 -97,0.85 0.17424242424242425 0.0008453085376162299 0.0 0.0 0.010892730286526165 0.07264957264957266,867432.8770864941,0.04107142857142857,185,19 13 0 21 0 272 -95,0.95 0.09848484848484848 0.0 0.003167062549485352 0.0 0.0 0.0811965811965812,959851.7331076155,0.01607142857142857,1,17 42 4 49 1 291 -97,0.85 0.3181818181818182 0.0033812341504649195 0.00870942201108472 0.034482758620689655 0.004499171205304286 0.07264957264957266,881864.2694988443,0.045535714285714284,1170,16 27 11 46 1 325 -95,0.8 0.20454545454545456 0.009298393913778529 0.008115597783056216 0.034482758620689655 0.012550319677954062 0.0811965811965812,820559.2999671063,0.044642857142857144,32,19 13 0 21 0 272 -95,0.95 0.09848484848484848 0.0 0.003167062549485352 0.0 0.0 0.0811965811965812,959851.7331076155,0.01607142857142857,1,16 132 63 113 3 445 -91,0.8 1.0 0.05325443786982249 0.021377672209026127 0.10344827586206896 0.04096613781671797 0.09829059829059829,900564.7748304699,0.125,657,16 17 2 29 0 297 -94,0.8 0.12878787878787878 0.0016906170752324597 0.004750593824228029 0.0 0.005919962112242482 0.08547008547008547,812900.589313071,0.025,219,19 13 0 21 0 272 -95,0.95 0.09848484848484848 0.0 0.003167062549485352 0.0 0.0 0.0811965811965812,959851.7331076155,0.01607142857142857,1387,0 0 1156 2791 28 4413 120,0.0 0.0 0.9771766694843618 0.551464766429137 0.9655172413793104 0.9805825242718447 1.0,10430.589010653404,0.6571428571428571,2141,0 0 1162 5043 10 4446 56,0.0 0.0 0.9822485207100592 0.9972288202692003 0.3448275862068966 0.9883968742600048 0.7264957264957265,10864.807250459577,0.6482142857142857,2459,20 14 0 21 0 272 -95,1.0 0.10606060606060606 0.0 0.003167062549485352 0.0 0.0 0.0811965811965812,1010609.3088651913,0.01607142857142857,1386,0 0 1164 2866 29 4400 108,0.0 0.0 0.9839391377852916 0.5663103721298496 1.0 0.9775041439734786 0.9487179487179487,10516.42550937122,0.6464285714285715,2081,0 0 1183 5057 11 4495 54,0.0 0.0 1.0 1.0 0.3793103448275862 1.0 0.717948717948718,11048.648983200708,0.6482142857142857,2417,1 11 0 34 0 326 -97,0.05 0.08333333333333333 0.0 0.0057403008709422014 0.0 0.01278711816244376 0.07264957264957266,58339.27415495855,0.05892857142857143,2403
resolved-p28d-3600-1st/nsp-n40-d28-r0.10-rp2-fp2-s0,4 7 0 3 0 247 -107,0.19047619047619047 0.020527859237536656 0.0 0.0 0.0 0.0019116397621070519 0.0,192528.99551634176,0.14017857142857143,2443,4 8 0 23 0 307 -96,0.19047619047619047 0.02346041055718475 0.0 0.0043850032887524665 0.0 0.01465590484282073 0.042801556420233464,192826.80589580254,0.08035714285714286,2178,4 12 0 21 0 306 -96,0.19047619047619047 0.03519061583577713 0.0 0.0039465029598772195 0.0 0.014443500424808835 0.042801556420233464,193999.38579928872,0.06517857142857143,1848,20 12 1 25 0 238 -96,0.9523809523809523 0.03519061583577713 0.0007547169811320754 0.0048235036176277135 0.0 0.0 0.042801556420233464,955912.4274395154,0.01607142857142857,1,9 293 404 405 52 1023 -65,0.42857142857142855 0.8592375366568915 0.3049056603773585 0.08813856610392458 1.0 0.1667374681393373 0.16342412451361868,517734.2082058011,0.3196428571428571,249,11 341 378 485 44 1035 -58,0.5238095238095238 1.0 0.2852830188679245 0.10567857925893444 0.8461538461538461 0.16928632115548004 0.19066147859922178,626854.5314867676,0.34464285714285714,473,20 12 1 25 0 238 -96,0.9523809523809523 0.03519061583577713 0.0007547169811320754 0.0048235036176277135 0.0 0.0 0.042801556420233464,955912.4274395154,0.01607142857142857,1,18 35 12 55 1 261 -89,0.8571428571428571 0.10263929618768329 0.009056603773584906 0.011401008550756413 0.019230769230769232 0.004885301614273577 0.07003891050583658,867510.7957767617,0.04732142857142857,487,12 135 149 178 15 648 -55,0.5714285714285714 0.39589442815249265 0.11245283018867924 0.03836877877658408 0.28846153846153844 0.08708581138487681 0.20233463035019456,612210.8306710743,0.2392857142857143,1073,20 12 1 25 0 238 -96,0.9523809523809523 0.03519061583577713 0.0007547169811320754 0.0048235036176277135 0.0 0.0 0.042801556420233464,955912.4274395154,0.01607142857142857,1,16 155 189 384 11 627 -72,0.7619047619047619 0.45454545454545453 0.14264150943396225 0.0835343126507345 0.21153846153846154 0.08262531860662702 0.13618677042801555,808891.3730524081,0.2,115,18 27 6 38 0 297 -87,0.8571428571428571 0.07917888563049853 0.004528301886792453 0.007673755755316817 0.0 0.012531860662701785 0.07782101167315175,865113.9056201484,0.03660714285714286,144,20 12 1 25 0 238 -96,0.9523809523809523 0.03519061583577713 0.0007547169811320754 0.0048235036176277135 0.0 0.0 0.042801556420233464,955912.4274395154,0.01607142857142857,1421,0 0 1011 1465 37 4005 145,0.0 0.0 0.7630188679245283 0.3205437404078053 0.7115384615384616 0.8001274426508072 0.980544747081712,8030.868084980524,0.65,2497,0 0 1325 4564 14 4946 105,0.0 0.0 1.0 1.0 0.2692307692307692 1.0 0.8249027237354085,11037.747979646812,0.6535714285714286,2601,21 12 1 25 0 238 -95,1.0 0.03519061583577713 0.0007547169811320754 0.0048235036176277135 0.0 0.0 0.04669260700389105,1003531.4789496136,0.01607142857142857,1420,0 0 1043 1641 33 4037 150,0.0 0.0 0.7871698113207547 0.359131769348827 0.6346153846153846 0.8069243840271878 1.0,8303.360664858184,0.6482142857142857,2193,0 0 1265 4015 21 4753 113,0.0 0.0 0.9547169811320755 0.8796316597237448 0.40384615384615385 0.9590059473237044 0.8560311284046692,10477.632177030757,0.6535714285714286,2899,4 15 1 29 0 307 -99,0.19047619047619047 0.04398826979472141 0.0007547169811320754 0.005700504275378207 0.0 0.01465590484282073 0.0311284046692607,194888.44281720242,0.044642857142857144,1612
resolved-p28d-3600-1st/nsp-n40-d28-r0.10-rp2-fp2-s9,2 4 0 102 11 1006 -24,0.0 0.0 0.0 0.0 0.023529411764705882 0.0 0.0,2.3529411764705883,0.1419642857142857,4095,2 6 14 187 27 1327 -7,0.0 0.008695652173913044 0.008101851851851851 0.010896038969362903 0.21176470588235294 0.0654434250764526 0.12686567164179105,983.4375453898274,0.049107142857142856,4411,2 6 17 195 28 1414 -3,0.0 0.008695652173913044 0.009837962962962963 0.011921548519420587 0.2235294117647059 0.08318042813455657 0.15671641791044777,1003.2078574160812,0.04017857142857143,4232,21 6 4 196 28 1423 12,1.0 0.008695652173913044 0.0023148148148148147 0.012049737213177798 0.2235294117647059 0.08501529051987768 0.26865671641791045,1000928.2348535507,0.010714285714285714,1,20 5 10 221 29 1493 0,0.9473684210526315 0.004347826086956522 0.005787037037037037 0.015254454557108063 0.23529411764705882 0.09928644240570846 0.1791044776119403,947901.0298669211,0.026785714285714284,11334,18 22 23 217 27 1439 11,0.8421052631578947 0.0782608695652174 0.013310185185185185 0.014741699782079221 0.21176470588235294 0.08827726809378185 0.26119402985074625,850101.5141033494,0.0375,1861,21 6 4 196 28 1423 12,1.0 0.008695652173913044 0.0023148148148148147 0.012049737213177798 0.2235294117647059 0.08501529051987768 0.26865671641791045,1000928.2348535507,0.010714285714285714,1,20 5 10 212 29 1510 3,0.9473684210526315 0.004347826086956522 0.005787037037037037 0.014100756313293168 0.23529411764705882 0.10275229357798166 0.20149253731343283,947899.9332152486,0.02857142857142857,11655,16 18 18 203 28 1447 1,0.7368421052631579 0.06086956521739131 0.010416666666666666 0.012947058069478271 0.2235294117647059 0.08990825688073395 0.1865671641791045,743069.6141005426,0.03214285714285714,2154,21 6 4 196 28 1423 12,1.0 0.008695652173913044 0.0023148148148148147 0.012049737213177798 0.2235294117647059 0.08501529051987768 0.26865671641791045,1000928.2348535507,0.010714285714285714,1,10 234 286 594 67 2196 -6,0.42105263157894735 1.0 0.16550925925925927 0.06306883732854762 0.6823529411764706 0.24260958205912334 0.13432835820895522,522841.58872716496,0.2330357142857143,521,18 15 13 201 29 1449 13,0.8421052631578947 0.04782608695652174 0.007523148148148148 0.012690680681963851 0.23529411764705882 0.09031600407747196 0.27611940298507465,847000.5027069187,0.025892857142857145,460,14 41 1720 5686 11 5895 110,0.631578947368421 0.1608695652173913 0.9953703703703703 0.7158056659402641 0.023529411764705882 0.9967380224260958 1.0,658348.7335812048,0.6339285714285714,5427,10 7 1278 2351 94 4685 75,0.42105263157894735 0.013043478260869565 0.7395833333333334 0.2882963722599667 1.0 0.7500509683995923 0.7388059701492538,430149.34842628177,0.6732142857142858,5843,13 12 1653 7083 11 5795 60,0.5789473684210527 0.034782608695652174 0.9565972222222222 0.8948852711190873 0.023529411764705882 0.9763506625891947 0.6268656716417911,592899.2300974332,0.6660714285714285,5688,14 41 1728 6026 9 5911 104,0.631578947368421 0.1608695652173913 1.0 0.7593898218177156 0.0 1.0 0.9552238805970149,658436.2489358585,0.6339285714285714,5140,10 8 1263 2689 27 4880 85,0.42105263157894735 0.017391304347826087 0.7309027777777778 0.33162415074990387 0.21176470588235294 0.7898063200815494 0.8134328358208955,430462.3019088825,0.6678571428571428,5465,15 8 1717 7903 10 5875 31,0.6842105263157895 0.017391304347826087 0.9936342592592593 1.0 0.011764705882352941 0.9926605504587156 0.41044776119402987,696897.5128670187,0.6660714285714285,5432,2 7 7 169 18 1293 4,0.0 0.013043478260869565 0.004050925925925926 0.00858864248173311 0.10588235294117647 0.05851172273190622 0.208955223880597,1364.828035573266,0.06339285714285714,3911
resolved-p28d-3600-1st/nsp-n40-d28-r0.10-rp2-fp2-s2,0 179 1700 938 296 3777 -28,0.0 0.0 0.7005196032120926 0.4921583271097834 0.8504983388704319 0.8403707518022657 0.0,7590.807900635776,0.055357142857142855,4816,1 196 1752 1013 313 3809 -20,0.041666666666666664 0.052795031055900624 0.7250826641473783 0.5481702763256161 0.9069767441860465 0.8513559903879162 0.0761904761904762,54844.4541148548,0.038392857142857145,4996,2 195 1746 994 311 3901 -18,0.08333333333333333 0.049689440993788817 0.7222484648086915 0.5339805825242718 0.9003322259136213 0.8829385513216615 0.09523809523809523,96157.70050952322,0.0375,4774,23 213 1887 1182 341 3960 -6,0.9583333333333334 0.10559006211180125 0.7888521492678319 0.6743838685586259 1.0 0.9031925849639547 0.20952380952380953,977564.4863554096,0.010714285714285714,1,20 230 1854 1166 310 3699 -19,0.8333333333333334 0.15838509316770186 0.7732640529050543 0.6624346527259148 0.8970099667774086 0.8135942327497425 0.08571428571428572,857664.840485171,0.05892857142857143,1462,16 369 1916 1618 322 3635 1,0.6666666666666666 0.5900621118012422 0.8025507794048181 1.0 0.9368770764119602 0.7916237555784414 0.2761904761904762,734800.2657765122,0.30089285714285713,1294,23 213 1887 1182 341 3960 -6,0.9583333333333334 0.10559006211180125 0.7888521492678319 0.6743838685586259 1.0 0.9031925849639547 0.20952380952380953,977564.4863554096,0.010714285714285714,1,20 328 2168 1446 275 3974 -3,0.8333333333333334 0.46273291925465837 0.9215871516296646 0.871545929798357 0.7807308970099668 0.9079986268451768 0.23809523809523808,889781.4338761017,0.2017857142857143,1121,22 299 2334 1516 322 4186 -6,0.9166666666666666 0.37267080745341613 1.0 0.9238237490664675 0.9368770764119602 0.9807758324751116 0.20952380952380953,964961.2761508502,0.17589285714285716,1084,23 213 1887 1182 341 3960 -6,0.9583333333333334 0.10559006211180125 0.7888521492678319 0.6743838685586259 1.0 0.9031925849639547 0.20952380952380953,977564.4863554096,0.010714285714285714,1,17 329 2314 1484 292 4069 -4,0.7083333333333334 0.4658385093167702 0.990552668871044 0.8999253174010455 0.8372093023255814 0.9406110538963268 0.22857142857142856,765815.991883322,0.2598214285714286,2974,15 255 2302 1391 313 4242 -13,0.625 0.2360248447204969 0.9848842701936703 0.830470500373413 0.9069767441860465 1.0 0.14285714285714285,659382.6382059213,0.13303571428571428,1259,23 213 1887 1182 341 3960 -6,0.9583333333333334 0.10559006211180125 0.7888521492678319 0.6743838685586259 1.0 0.9031925849639547 0.20952380952380953,977564.4863554096,0.010714285714285714,1233,23 308 217 279 40 1483 32,0.9583333333333334 0.40062111801242234 0.0 0.0 0.0 0.05286646069344319 0.5714285714285714,998396.5452277539,0.7464285714285714,6155,20 496 492 602 63 1329 73,0.8333333333333334 0.984472049689441 0.12990080302314597 0.24122479462285287 0.07641196013289037 0.0 0.9619047619047619,933329.3742279069,0.7455357142857143,6073,24 214 1887 1190 341 3960 -6,1.0 0.10869565217391304 0.7888521492678319 0.6803584764749814 1.0 0.9031925849639547 0.20952380952380953,1019547.6866362038,0.010714285714285714,1232,22 411 356 372 55 1504 48,0.9166666666666666 0.7204968944099379 0.06565895134624469 0.06945481702763256 0.04983388704318937 0.06007552351527635 0.7238095238095238,989448.7083916138,0.7464285714285714,6190,21 501 515 608 65 1343 77,0.875 1.0 0.14076523382144543 0.24570575056011948 0.08305647840531562 0.004806041881222108 1.0,976662.7117970339,0.7455357142857143,6000,2 192 1734 997 306 3816 -15,0.08333333333333333 0.040372670807453416 0.7165800661313179 0.5362210604929052 0.8837209302325582 0.8537590113285273 0.12380952380952381,95169.65562854511,0.04196428571428571,5144
resolved-p28d-3600-1st/nsp-n50-d28-r0.10-rp2-fp2-s3,1 10 0 20 0 488 -142,0.0 0.0 0.0 0.00024244383384515922 0.0 0.0033130276798119056 0.0,0.2755741106432783,0.12142857142857143,2883,1 13 0 36 0 541 -131,0.0 0.07692307692307693 0.0 0.001535477614352675 0.0 0.008977236293683874 0.08208955223880597,7694.015031837221,0.085,2696,1 16 2 43 0 549 -134,0.0 0.15384615384615385 0.0005733944954128441 0.002101179893324713 0.0 0.009832211178796622 0.05970149253731343,15392.608533067163,0.06142857142857143,3224,30 11 2 22 0 457 -130,1.0 0.02564102564102564 0.0005733944954128441 0.0004040730564085987 0.0 0.0 0.08955223880597014,1002570.3301343519,0.015,1,26 20 31 51 3 537 -137,0.8620689655172413 0.2564102564102564 0.008887614678899083 0.002747696783578471 0.5 0.008549748851127498 0.03731343283582089,887851.7378127609,0.05,375,25 14 2 19 0 464 -133,0.8275862068965517 0.10256410256410256 0.0005733944954128441 0.00016162922256343946 0.0 0.0007481030244736561 0.06716417910447761,837848.5873723481,0.02,124,30 11 2 22 0 457 -130,1.0 0.02564102564102564 0.0005733944954128441 0.0004040730564085987 0.0 0.0 0.08955223880597014,1002570.3301343519,0.015,1,26 10 3 32 1 531 -127,0.8620689655172413 0.0 0.0008600917431192661 0.001212219169225796 0.16666666666666666 0.007908517687292936 0.11194029850746269,862095.6363459837,0.03428571428571429,311,26 29 1 17 0 498 -130,0.8620689655172413 0.48717948717948717 0.00028669724770642203 0.0 0.0 0.004381746286202842 0.08955223880597014,910789.9145773688,0.04857142857142857,174,30 11 2 22 0 457 -130,1.0 0.02564102564102564 0.0005733944954128441 0.0004040730564085987 0.0 0.0 0.08955223880597014,1002570.3301343519,0.015,1,27 49 25 72 3 535 -122,0.896551724137931 1.0 0.007167431192660551 0.004444803620494585 0.5 0.00833600512984931 0.14925373134328357,996678.0758672608,0.05071428571428571,265,26 13 3 25 0 479 -128,0.8620689655172413 0.07692307692307693 0.0008600917431192661 0.0006465168902537578 0.0 0.002351180934060062 0.1044776119402985,869770.6486332917,0.022857142857142857,188,22 12 3469 12391 2 9782 -15,0.7241379310344828 0.05128205128205128 0.994552752293578 1.0 0.3333333333333333 0.996580100459549 0.9477611940298507,740255.9105811557,0.6335714285714286,4332,19 12 3191 11551 6 9165 -15,0.6206896551724138 0.05128205128205128 0.9148509174311926 0.9321157265233554 1.0 0.9306401624452282 0.9477611940298507,636008.7393642727,0.6507142857142857,5294,22 13 3145 11153 5 9546 -17,0.7241379310344828 0.07692307692307693 0.9016628440366973 0.8999515112332309 0.8333333333333334 0.9713583413487229 0.9328358208955224,741840.7984309584,0.6442857142857142,5073,22 12 3488 12391 3 9814 -17,0.7241379310344828 0.05128205128205128 1.0 1.0 0.5 1.0 0.9328358208955224,740327.0689985089,0.6335714285714286,4215,19 12 3191 11551 6 9166 -8,0.6206896551724138 0.05128205128205128 0.9148509174311926 0.9321157265233554 1.0 0.9307470343058672 1.0,636008.7926717972,0.6507142857142857,5268,22 13 3160 11632 5 9579 -18,0.7241379310344828 0.07692307692307693 0.9059633027522935 0.9386617100371747 0.8333333333333334 0.9748851127498129 0.9253731343283582,741922.5410219458,0.6442857142857142,5022,1 16 0 39 0 538 -125,0.0 0.15384615384615385 0.0 0.0017779214481978341 0.0 0.008656620711766592 0.12686567164179105,15386.606737942342,0.07428571428571429,2664
resolved-p28d-3600-1st/nsp-n30-d28-r0.10-rp2-fp2-s2,0 0 0 0 0 122 -89,0.0 0.0 0.0 0.0 0.0 0.0 0.07272727272727272,0.07272727272727272,0.2571428571428571,234,0 0 0 0 0 142 -93,0.0 0.0 0.0 0.0 0.0 0.05934718100890208 0.0,0.5934718100890208,0.1880952380952381,170,0 0 0 0 0 158 -75,0.0 0.0 0.0 0.0 0.0 0.10682492581602374 0.32727272727272727,1.3955219854329646,0.16666666666666666,90,0 0 0 0 0 247 -71,0.0 0.0 0.0 0.0 0.0 0.37091988130563797 0.4,4.10919881305638,0.14047619047619048,8,0 0 0 0 0 193 -88,0.0 0.0 0.0 0.0 0.0 0.21068249258160238 0.09090909090909091,2.1977340167251147,0.28214285714285714,4,0 0 0 0 0 233 -74,0.0 0.0 0.0 0.0 0.0 0.3293768545994065 0.34545454545454546,3.639223091448611,0.14285714285714285,17,0 0 0 0 0 232 -70,0.0 0.0 0.0 0.0 0.0 0.3264094955489614 0.41818181818181815,3.682276773671432,0.1357142857142857,19,0 0 0 0 0 176 -82,0.0 0.0 0.0 0.0 0.0 0.16023738872403562 0.2,1.802373887240356,0.3357142857142857,6,0 0 0 0 0 253 -69,0.0 0.0 0.0 0.0 0.0 0.3887240356083086 0.43636363636363634,4.323603992446722,0.15,20,0 0 0 0 0 243 -65,0.0 0.0 0.0 0.0 0.0 0.3590504451038576 0.509090909090909,4.099595360129485,0.15119047619047618,25,0 0 0 0 0 169 -87,0.0 0.0 0.0 0.0 0.0 0.1394658753709199 0.10909090909090909,1.5037496628001081,0.3904761904761905,3,0 0 0 0 0 280 -74,0.0 0.0 0.0 0.0 0.0 0.4688427299703264 0.34545454545454546,5.03388184515781,0.14642857142857144,9,0 0 0 0 0 459 -46,0.0 0.0 0.0 0.0 0.0 1.0 0.8545454545454545,10.854545454545455,0.4595238095238095,82,0 0 0 0 0 343 -38,0.0 0.0 0.0 0.0 0.0 0.655786350148368 1.0,7.55786350148368,0.6392857142857142,118,0 0 0 0 0 437 -43,0.0 0.0 0.0 0.0 0.0 0.9347181008902077 0.9090909090909091,10.256271917992985,0.4738095238095238,51,0 0 0 0 0 459 -46,0.0 0.0 0.0 0.0 0.0 1.0 0.8545454545454545,10.854545454545455,0.4595238095238095,82,0 0 0 0 0 390 -46,0.0 0.0 0.0 0.0 0.0 0.7952522255192879 0.8545454545454545,8.807067709738334,0.5952380952380952,80,0 0 0 0 0 437 -43,0.0 0.0 0.0 0.0 0.0 0.9347181008902077 0.9090909090909091,10.256271917992985,0.4738095238095238,51,0 0 0 0 0 178 -78,0.0 0.0 0.0 0.0 0.0 0.1661721068249258 0.2727272727272727,1.9344483409765307,0.13095238095238096,24
resolved-p28d-3600-1st/nsp-n10-d28-r0.10-rp0-fp0-s2,0 0 0 0 0 68 -48,0.0 0.0 0.0 0.0 0.0 0.0 0.0,0.0,0.3821428571428571,112,0 0 0 0 0 73 -37,0.0 0.0 0.0 0.0 0.0 0.03816793893129771 0.36666666666666664,0.7483460559796438,0.37142857142857144,88,0 0 0 0 0 75 -28,0.0 0.0 0.0 0.0 0.0 0.05343511450381679 0.6666666666666666,1.2010178117048347,0.20714285714285716,64,0 0 0 0 0 90 -28,0.0 0.0 0.0 0.0 0.0 0.16793893129770993 0.6666666666666666,2.346055979643766,0.09642857142857143,19,0 0 0 0 0 93 -18,0.0 0.0 0.0 0.0 0.0 0.19083969465648856 1.0,2.908396946564886,0.325,14,0 0 0 0 0 90 -30,0.0 0.0 0.0 0.0 0.0 0.16793893129770993 0.6,2.2793893129770995,0.09642857142857143,20,0 0 0 0 0 90 -29,0.0 0.0 0.0 0.0 0.0 0.16793893129770993 0.6333333333333333,2.3127226463104327,0.09642857142857143,15,0 0 0 0 0 94 -28,0.0 0.0 0.0 0.0 0.0 0.1984732824427481 0.6666666666666666,2.6513994910941476,0.35714285714285715,10,0 0 0 0 0 90 -28,0.0 0.0 0.0 0.0 0.0 0.16793893129770993 0.6666666666666666,2.346055979643766,0.09642857142857143,14,0 0 0 0 0 90 -27,0.0 0.0 0.0 0.0 0.0 0.16793893129770993 0.7,2.379389312977099,0.09642857142857143,16,0 0 0 0 0 86 -29,0.0 0.0 0.0 0.0 0.0 0.13740458015267176 0.6333333333333333,2.007379134860051,0.5214285714285715,5,0 0 0 0 0 90 -28,0.0 0.0 0.0 0.0 0.0 0.16793893129770993 0.6666666666666666,2.346055979643766,0.09642857142857143,19,0 0 0 0 0 198 -28,0.0 0.0 0.0 0.0 0.0 0.9923664122137404 0.6666666666666666,10.59033078880407,0.42857142857142855,15,0 0 0 0 0 83 -40,0.0 0.0 0.0 0.0 0.0 0.11450381679389313 0.26666666666666666,1.4117048346055978,0.7214285714285714,167,0 0 0 0 0 199 -24,0.0 0.0 0.0 0.0 0.0 1.0 0.8,10.8,0.42857142857142855,15,0 0 0 0 0 198 -28,0.0 0.0 0.0 0.0 0.0 0.9923664122137404 0.6666666666666666,10.59033078880407,0.42857142857142855,15,0 0 0 0 0 83 -40,0.0 0.0 0.0 0.0 0.0 0.11450381679389313 0.26666666666666666,1.4117048346055978,0.7178571428571429,168,0 0 0 0 0 199 -24,0.0 0.0 0.0 0.0 0.0 1.0 0.8,10.8,0.42857142857142855,15,0 0 0 0 0 81 -25,0.0 0.0 0.0 0.0 0.0 0.09923664122137404 0.7666666666666667,1.7590330788804072,0.16071428571428573,15
resolved-p28d-3600-1st/nsp-n10-d28-r0.10-rp0-fp0-s3,0 0 0 0 0 75 -37,0.0 0.0 0.0 0.0 0.0 0.0 0.0,0.0,0.4,130,0 0 0 0 0 81 -37,0.0 0.0 0.0 0.0 0.0 0.049586776859504134 0.0,0.49586776859504134,0.3964285714285714,95,0 0 0 0 0 83 -33,0.0 0.0 0.0 0.0 0.0 0.06611570247933884 0.3333333333333333,0.9944903581267217,0.2892857142857143,66,0 0 0 0 0 108 -33,0.0 0.0 0.0 0.0 0.0 0.2727272727272727 0.3333333333333333,3.0606060606060606,0.08571428571428572,44,0 0 0 0 0 102 -30,0.0 0.0 0.0 0.0 0.0 0.2231404958677686 0.5833333333333334,2.8147382920110195,0.4785714285714286,13,0 0 0 0 0 108 -33,0.0 0.0 0.0 0.0 0.0 0.2727272727272727 0.3333333333333333,3.0606060606060606,0.08571428571428572,32,0 0 0 0 0 108 -33,0.0 0.0 0.0 0.0 0.0 0.2727272727272727 0.3333333333333333,3.0606060606060606,0.08571428571428572,14,0 0 0 0 0 95 -30,0.0 0.0 0.0 0.0 0.0 0.1652892561983471 0.5833333333333334,2.2362258953168044,0.43214285714285716,7,0 0 0 0 0 108 -33,0.0 0.0 0.0 0.0 0.0 0.2727272727272727 0.3333333333333333,3.0606060606060606,0.08571428571428572,20,0 0 0 0 0 108 -33,0.0 0.0 0.0 0.0 0.0 0.2727272727272727 0.3333333333333333,3.0606060606060606,0.08571428571428572,23,0 0 0 0 0 101 -26,0.0 0.0 0.0 0.0 0.0 0.21487603305785125 0.9166666666666666,3.065426997245179,0.45714285714285713,8,0 0 0 0 0 108 -32,0.0 0.0 0.0 0.0 0.0 0.2727272727272727 0.4166666666666667,3.1439393939393936,0.08571428571428572,16,0 0 0 0 0 184 -25,0.0 0.0 0.0 0.0 0.0 0.9008264462809917 1.0,10.008264462809917,0.4035714285714286,23,0 0 0 0 0 106 -36,0.0 0.0 0.0 0.0 0.0 0.256198347107438 0.08333333333333333,2.6453168044077136,0.7142857142857143,144,0 0 0 0 0 196 -26,0.0 0.0 0.0 0.0 0.0 1.0 0.9166666666666666,10.916666666666666,0.4142857142857143,14,0 0 0 0 0 184 -25,0.0 0.0 0.0 0.0 0.0 0.9008264462809917 1.0,10.008264462809917,0.4035714285714286,23,0 0 0 0 0 106 -36,0.0 0.0 0.0 0.0 0.0 0.256198347107438 0.08333333333333333,2.6453168044077136,0.7142857142857143,144,0 0 0 0 0 196 -26,0.0 0.0 0.0 0.0 0.0 1.0 0.9166666666666666,10.916666666666666,0.4142857142857143,14,0 0 0 0 0 97 -35,0.0 0.0 0.0 0.0 0.0 0.18181818181818182 0.16666666666666666,1.984848484848485,0.18571428571428572,27
resolved-p28d-3600-1st/nsp-n20-d28-r0.10-rp2-fp2-s6,0 0 2 6 0 87 -81,0.0 0.0 0.0 0.0 0.0 0.001201923076923077 0.0,0.01201923076923077,0.32321428571428573,1419,0 0 4 14 0 128 -80,0.0 0.0 0.0042643923240938165 0.001083130246412131 0.0 0.025841346153846152 0.011494252873563218,43.99696120176232,0.13214285714285715,1363,0 4 4 14 0 114 -79,0.0 0.034782608695652174 0.0042643923240938165 0.001083130246412131 0.0 0.017427884615384616 0.022988505747126436,3522.185190404469,0.11428571428571428,1037,9 6 5 15 0 85 -77,1.0 0.05217391304347826 0.006396588486140725 0.0012185215272136475 0.0 0.0 0.04597701149425287,1005282.6216877479,0.014285714285714285,1,0 0 2 10 0 177 -58,0.0 0.0 0.0 0.0005415651232060655 0.0 0.055288461538461536 0.26436781609195403,1.358817554682635,0.42678571428571427,3301,0 60 115 132 27 347 -56,0.0 0.5217391304347826 0.24093816631130063 0.017059301380991064 1.0 0.15745192307692307 0.28735632183908044,54702.21588352486,0.24285714285714285,1123,9 6 5 15 0 85 -77,1.0 0.05217391304347826 0.006396588486140725 0.0012185215272136475 0.0 0.0 0.04597701149425287,1005282.6216877479,0.014285714285714285,1,0 45 106 187 5 447 -32,0.0 0.391304347826087 0.22174840085287847 0.024505821825074464 0.18518518518518517 0.21754807692307693 0.5632183908045977,41393.68183064111,0.3517857142857143,2985,0 0 4 20 0 189 -71,0.0 0.0 0.0042643923240938165 0.0018954779312212293 0.0 0.0625 0.11494252873563218,45.279343700895026,0.15714285714285714,1633,9 6 5 15 0 85 -77,1.0 0.05217391304347826 0.006396588486140725 0.0012185215272136475 0.0 0.0 0.04597701149425287,1005282.6216877479,0.014285714285714285,1,0 115 222 195 16 426 -13,0.0 1.0 0.4690831556503198 0.025588952071486596 0.5925925925925926 0.2049278846153846 0.7816091954022989,104778.5106558755,0.43392857142857144,1463,0 22 25 73 11 227 -59,0.0 0.19130434782608696 0.04904051172707889 0.009071215813701598 0.4074074074074074 0.08533653846153846 0.25287356321839083,19671.75809538176,0.17142857142857143,988,7 23 467 7073 0 1730 -75,0.7777777777777778 0.2 0.9914712153518124 0.9568101814243163 0.0 0.9885817307692307 0.06896551724137931,808659.2548955451,0.5660714285714286,15861,3 0 353 780 3 1589 6,0.3333333333333333 0.0 0.7484008528784648 0.10479285134037368 0.1111111111111111 0.9038461538461539 1.0,340943.2842861079,0.6535714285714286,10813,3 1 243 451 7 1144 3,0.3333333333333333 0.008695652173913044 0.5138592750533049 0.06024911995667479 0.25925925925925924 0.6364182692307693 0.9655172413793104,339434.996047074,0.6321428571428571,12579,7 23 471 7392 0 1749 -72,0.7777777777777778 0.2 1.0 1.0 0.0 1.0 0.10344827586206896,808787.8812260536,0.5660714285714286,14795,3 0 341 833 2 1568 0,0.3333333333333333 0.0 0.7228144989339019 0.11196858922285405 0.07407407407407407 0.8912259615384616 0.9310344827586207,340690.69761340076,0.6535714285714286,10904,3 1 242 440 6 1151 -5,0.3333333333333333 0.008695652173913044 0.511727078891258 0.05875981586785811 0.2222222222222222 0.640625 0.8735632183908046,339408.4311909457,0.6321428571428571,13020,0 5 4 22 0 126 -76,0.0 0.043478260869565216 0.0042643923240938165 0.002166260492824262 0.0 0.024639423076923076 0.05747126436781609,4392.940136185422,0.06964285714285715,1575
resolved-p28d-3600-1st/nsp-n30-d28-r0.10-rp2-fp2-s8,0 2 2 3 0 116 -133,0.0 0.017094017094017096 0.0019801980198019802 0.0 0.0 0.0 0.0,1729.2036895997292,0.23214285714285715,2177,0 2 2 11 0 168 -105,0.0 0.017094017094017096 0.0019801980198019802 0.0025380710659898475 0.0 0.014946823799942513 0.12612612612612611,1732.0173550298446,0.0880952380952381,1947,0 2 2 22 0 163 -104,0.0 0.017094017094017096 0.0019801980198019802 0.006027918781725888 0.0 0.013509629203794194 0.13063063063063063,1735.4973353041237,0.07261904761904762,1876,18 4 0 5 0 116 -115,0.9473684210526315 0.03418803418803419 0.0 0.0006345177664974619 0.0 0.0 0.08108108108108109,950787.9400702826,0.007142857142857143,1,14 13 7 21 2 144 -109,0.7368421052631579 0.1111111111111111 0.006930693069306931 0.005710659898477157 0.08333333333333333 0.008048289738430584 0.10810810810810811,748036.7558891993,0.02857142857142857,3383,14 9 22 48 3 214 -108,0.7368421052631579 0.07692307692307693 0.02178217821782178 0.014276649746192893 0.125 0.028169014084507043 0.11261261261261261,744779.4056901435,0.05238095238095238,456,18 4 0 5 0 116 -115,0.9473684210526315 0.03418803418803419 0.0 0.0006345177664974619 0.0 0.0 0.08108108108108109,950787.9400702826,0.007142857142857143,1,4 117 248 237 24 823 -59,0.21052631578947367 1.0 0.24554455445544554 0.07423857868020305 1.0 0.20321931589537223 0.3333333333333333,313158.3654392006,0.3880952380952381,1552,14 13 4 31 3 140 -116,0.7368421052631579 0.1111111111111111 0.0039603960396039604 0.008883248730964468 0.125 0.006898534061511929 0.07657657657657657,748014.3491453131,0.030952380952380953,615,18 4 0 5 0 116 -115,0.9473684210526315 0.03418803418803419 0.0 0.0006345177664974619 0.0 0.0 0.08108108108108109,950787.9400702826,0.007142857142857143,1,13 7 6 20 2 164 -114,0.6842105263157895 0.05982905982905983 0.005940594059405941 0.005393401015228426 0.08333333333333333 0.013797068123023858 0.08558558558558559,690266.7885299049,0.03333333333333333,750,12 13 3 14 0 137 -110,0.631578947368421 0.1111111111111111 0.0029702970297029703 0.0034898477157360407 0.0 0.006036217303822937 0.1036036036036036,642723.4152633215,0.02619047619047619,893,19 6 1 8 0 118 -122,1.0 0.05128205128205128 0.0009900990099009901 0.0015862944162436548 0.0 0.0005748778384593274 0.04954954954954955,1005139.7477110483,0.007142857142857143,1071,0 0 924 2108 6 3303 89,0.0 0.0 0.9148514851485149 0.6678299492385786 0.25 0.9160678355849382 1.0,9851.505479079577,0.6535714285714286,3566,0 0 805 3155 9 2929 14,0.0 0.0 0.7970297029702971 1.0 0.375 0.808565679793044 0.6621621621621622,9016.544848663063,0.6535714285714286,3974,19 6 1 8 0 118 -122,1.0 0.05128205128205128 0.0009900990099009901 0.0015862944162436548 0.0 0.0005748778384593274 0.04954954954954955,1005139.7477110483,0.007142857142857143,1071,0 0 1010 2495 3 3595 61,0.0 0.0 1.0 0.7906091370558376 0.125 1.0 0.8738738738738738,10813.98301092971,0.6535714285714286,3237,0 0 790 3143 8 2920 17,0.0 0.0 0.7821782178217822 0.9961928934010152 0.3333333333333333 0.805978729519977 0.6756756756756757,8860.043867923046,0.6523809523809524,4052,1 3 2 19 0 162 -104,0.05263157894736842 0.02564102564102564 0.0019801980198019802 0.005076142131979695 0.0 0.01322219028456453 0.13063063063063063,55220.82248633446,0.0761904761904762,2784
resolved-p28d-3600-1st/nsp-n20-d28-r0.10-rp2-fp2-s9,0 0 0 0 0 67 -75,0.0 0.0 0.0 0.0 0.0 0.0 0.0,0.0,0.37857142857142856,210,0 0 0 0 0 78 -40,0.0 0.0 0.0 0.0 0.0 0.041666666666666664 0.4666666666666667,0.8833333333333333,0.25535714285714284,121,0 0 0 0 0 96 -37,0.0 0.0 0.0 0.0 0.0 0.10984848484848485 0.5066666666666667,1.605151515151515,0.21071428571428572,99,0 0 0 0 0 127 -35,0.0 0.0 0.0 0.0 0.0 0.22727272727272727 0.5333333333333333,2.8060606060606057,0.15357142857142858,24,0 0 0 0 0 111 -15,0.0 0.0 0.0 0.0 0.0 0.16666666666666666 0.8,2.466666666666667,0.3732142857142857,14,0 0 0 0 0 125 -42,0.0 0.0 0.0 0.0 0.0 0.2196969696969697 0.44,2.6369696969696967,0.13214285714285715,25,0 0 0 0 0 128 -39,0.0 0.0 0.0 0.0 0.0 0.23106060606060605 0.48,2.7906060606060605,0.15,14,0 0 0 0 0 107 -25,0.0 0.0 0.0 0.0 0.0 0.15151515151515152 0.6666666666666666,2.1818181818181817,0.325,4,0 0 0 0 0 136 -26,0.0 0.0 0.0 0.0 0.0 0.26136363636363635 0.6533333333333333,3.2669696969696966,0.15357142857142858,7,0 0 0 0 0 138 -37,0.0 0.0 0.0 0.0 0.0 0.2689393939393939 0.5066666666666667,3.1960606060606063,0.15,6,0 0 0 0 0 95 -19,0.0 0.0 0.0 0.0 0.0 0.10606060606060606 0.7466666666666667,1.8072727272727271,0.425,7,0 0 0 0 0 129 -41,0.0 0.0 0.0 0.0 0.0 0.23484848484848486 0.4533333333333333,2.8018181818181818,0.15357142857142858,1,0 0 0 0 0 298 -8,0.0 0.0 0.0 0.0 0.0 0.875 0.8933333333333333,9.643333333333333,0.5035714285714286,48,0 0 0 0 0 78 -16,0.0 0.0 0.0 0.0 0.0 0.041666666666666664 0.7866666666666666,1.2033333333333331,0.6696428571428571,158,0 0 0 0 0 331 0,0.0 0.0 0.0 0.0 0.0 1.0 1.0,11.0,0.4928571428571429,61,0 0 0 0 0 298 -8,0.0 0.0 0.0 0.0 0.0 0.875 0.8933333333333333,9.643333333333333,0.5035714285714286,48,0 0 0 0 0 78 -16,0.0 0.0 0.0 0.0 0.0 0.041666666666666664 0.7866666666666666,1.2033333333333331,0.6696428571428571,158,0 0 0 0 0 331 0,0.0 0.0 0.0 0.0 0.0 1.0 1.0,11.0,0.4928571428571429,61,0 0 0 0 0 106 -21,0.0 0.0 0.0 0.0 0.0 0.14772727272727273 0.72,2.1972727272727273,0.18035714285714285,37
resolved-p28d-3600-1st/nsp-n50-d28-r0.10-rp2-fp2-s5,2 13 2 20 0 424 -129,0.07142857142857142 0.1326530612244898 0.0006934812760055479 0.0 0.0 0.012176380186783308 0.0,84700.93412758232,0.10428571428571429,3058,2 13 4 37 1 460 -108,0.07142857142857142 0.1326530612244898 0.0013869625520110957 0.0015937001968688478 0.045454545454545456 0.016432202387989123 0.09859154929577464,84714.14924485602,0.08642857142857142,2728,1 24 4 42 0 430 -100,0.03571428571428571 0.24489795918367346 0.0013869625520110957 0.0020624355488890974 0.0 0.012885683886984278 0.13615023474178403,60220.278700795665,0.052142857142857144,2293,28 13 0 21 0 321 -99,1.0 0.1326530612244898 0.0 9.374707040404987e-05 0.0 0.0 0.14084507042253522,1013265.5407145898,0.017857142857142856,1,19 98 119 213 22 652 -79,0.6785714285714286 1.0 0.0412621359223301 0.018093184587981627 1.0 0.039129920794420146 0.2347417840375587,779102.7691562319,0.14857142857142858,1879,24 25 5 55 2 375 -95,0.8571428571428571 0.25510204081632654 0.0017337031900138697 0.0032811474641417458 0.09090909090909091 0.006383733301808725 0.1596244131455399,882682.993774691,0.03214285714285714,490,28 13 0 21 0 321 -99,1.0 0.1326530612244898 0.0 9.374707040404987e-05 0.0 0.0 0.14084507042253522,1013265.5407145898,0.017857142857142856,1,22 23 3 35 0 356 -103,0.7857142857142857 0.23469387755102042 0.0010402219140083217 0.0014062060560607482 0.0 0.004137604917838988 0.12206572769953052,809195.6453363608,0.02857142857142857,1256,22 21 5 30 1 344 -97,0.7857142857142857 0.21428571428571427 0.0017337031900138697 0.0009374707040404988 0.045454545454545456 0.0027189975174370493 0.15023474178403756,807165.8545247237,0.027142857142857142,646,28 13 0 21 0 321 -99,1.0 0.1326530612244898 0.0 9.374707040404987e-05 0.0 0.0 0.14084507042253522,1013265.5407145898,0.017857142857142856,1,22 21 3 42 0 349 -96,0.7857142857142857 0.21428571428571427 0.0010402219140083217 0.0020624355488890974 0.0 0.0033100839342711905 0.15492957746478872,807155.5098279628,0.02857142857142857,1214,23 12 0 24 0 370 -101,0.8214285714285714 0.12244897959183673 0.0 0.00037498828161619947 0.0 0.0057926468849745835 0.13145539906103287,833674.0337579045,0.027857142857142858,1297,28 13 0 21 0 321 -99,1.0 0.1326530612244898 0.0 9.374707040404987e-05 0.0 0.0 0.14084507042253522,1013265.5407145898,0.017857142857142856,1749,0 0 2828 10392 5 8711 30,0.0 0.0 0.9805825242718447 0.9723446142308053 0.22727272727272727 0.9918430074476888 0.7464788732394366,10811.56203862424,0.655,2056,0 0 2669 7764 13 8540 84,0.0 0.0 0.9254507628294036 0.7259773132089622 0.5909090909090909 0.9716278519919612 1.0,10050.292129113828,0.6421428571428571,2191,28 13 0 21 0 321 -99,1.0 0.1326530612244898 0.0 9.374707040404987e-05 0.0 0.0 0.14084507042253522,1013265.5407145898,0.017857142857142856,1749,0 0 2884 10687 4 8780 17,0.0 0.0 1.0 1.0 0.18181818181818182 1.0 0.6854460093896714,11028.867264191207,0.655,1956,0 0 2846 9865 6 8737 38,0.0 0.0 0.9868238557558946 0.922939908127871 0.2727272727272727 0.9949166568152263 0.784037558685446,10829.184397086381,0.6421428571428571,1998,2 20 3 39 0 437 -101,0.07142857142857142 0.20408163265306123 0.0010402219140083217 0.0017811943376769477 0.0 0.013713204870552075 0.13145539906103287,91849.18669480307,0.047142857142857146,2210
resolved-p28d-3600-1st/nsp-n50-d28-r0.10-rp2-fp2-s2,4 199 1945 1089 190 4064 8,0.125 0.4642857142857143 0.0 0.0 0.7899159663865546 0.0 0.6187050359712231,171508.18173024605,0.06285714285714286,3550,1 235 2056 1254 201 4197 36,0.0 0.55 0.06166666666666667 0.011548152295632698 0.8361344537815126 0.02159441467770742 0.8201438848920863,55712.864352372126,0.03357142857142857,3439,3 223 2025 1184 198 4172 26,0.08333333333333333 0.5214285714285715 0.044444444444444446 0.006648936170212766 0.8235294117647058 0.01753531417437896 0.7482014388489209,136010.5603525622,0.04071428571428572,3133,25 238 2172 1354 211 4242 41,1.0 0.5571428571428572 0.12611111111111112 0.01854703247480403 0.8781512605042017 0.028900795583698652 0.8561151079136691,1057082.9041069858,0.012857142857142857,1,24 288 2303 1402 222 4389 61,0.9583333333333334 0.6761904761904762 0.1988888888888889 0.02190649496080627 0.9243697478991597 0.05276830654327001 1.0,1028057.140994086,0.12285714285714286,246,21 311 2308 1426 240 4133 29,0.8333333333333334 0.7309523809523809 0.20166666666666666 0.02358622620380739 1.0 0.011203117389186557 0.7697841726618705,908569.7061367885,0.16285714285714287,297,25 238 2172 1354 211 4242 41,1.0 0.5571428571428572 0.12611111111111112 0.01854703247480403 0.8781512605042017 0.028900795583698652 0.8561151079136691,1057082.9041069858,0.012857142857142857,1,22 424 2509 1571 174 4264 48,0.875 1.0 0.31333333333333335 0.03373460246360582 0.7226890756302521 0.0324728040266277 0.9064748201438849,978240.5680462203,0.24071428571428571,415,22 320 2248 1480 224 4095 23,0.875 0.7523809523809524 0.16833333333333333 0.02736562150055991 0.9327731092436975 0.005033284624127293 0.7266187050359713,952042.8484554047,0.09285714285714286,656,25 238 2172 1354 211 4242 41,1.0 0.5571428571428572 0.12611111111111112 0.01854703247480403 0.8781512605042017 0.028900795583698652 0.8561151079136691,1057082.9041069858,0.012857142857142857,1,21 411 2751 1596 236 4670 20,0.8333333333333334 0.969047619047619 0.4477777777777778 0.035484322508398655 0.9831932773109243 0.09839259620068193 0.7050359712230215,934851.3656280458,0.23142857142857143,285,23 366 2477 1269 208 4135 13,0.9166666666666666 0.861904761904762 0.29555555555555557 0.012597984322508398 0.865546218487395 0.011527845429452833 0.6546762589928058,1005912.620973583,0.18642857142857142,453,23 21 3734 13029 3 10149 23,0.9166666666666666 0.04047619047619048 0.9938888888888889 0.8356662933930571 0.004201680672268907 0.9879850625101477 0.7266187050359713,931499.867533965,0.6935714285714286,3645,23 5 3549 15377 2 10103 -78,0.9166666666666666 0.002380952380952381 0.8911111111111111 1.0 0.0 0.9805163175840234 0.0,926825.6781790488,0.7342857142857143,3958,23 4 3646 15166 2 10223 -20,0.9166666666666666 0.0 0.945 0.9852323628219485 0.0 1.0 0.4172661870503597,927112.3162956756,0.7114285714285714,3962,23 21 3745 13189 3 10149 11,0.9166666666666666 0.04047619047619048 1.0 0.8468645016797313 0.004201680672268907 0.9879850625101477 0.6402877697841727,931572.0905224276,0.6935714285714286,3620,23 5 3549 15377 2 10103 -78,0.9166666666666666 0.002380952380952381 0.8911111111111111 1.0 0.0 0.9805163175840234 0.0,926825.6781790488,0.7342857142857143,3958,21 4 3462 14633 2 9972 -6,0.8333333333333334 0.0 0.8427777777777777 0.9479283314669653 0.0 0.9592466309465822 0.5179856115107914,842719.1498944991,0.7121428571428572,4140,2 236 2066 1272 198 4170 40,0.041666666666666664 0.5523809523809524 0.06722222222222222 0.012807950727883538 0.8235294117647058 0.01721058613411268 0.8489208633093526,97673.16604561314,0.030714285714285715,3796
resolved-p28d-3600-1st/nsp-n20-d28-r0.10-rp2-fp2-s8,0 1 138 140 67 1301 32,0.0 0.0 0.24640287769784172 0.425531914893617 0.5114503816793893 0.6238432226456179 0.38823529411764707,2947.332397560547,0.12678571428571428,972,0 1 236 198 97 1623 40,0.0 0.0 0.4226618705035971 0.601823708206687 0.7404580152671756 0.799129014697877 0.4823529411764706,4910.961857857531,0.0625,806,0 1 245 201 100 1593 45,0.0 0.0 0.43884892086330934 0.6109422492401215 0.7633587786259542 0.7827980402830702 0.5411764705882353,5084.13649260923,0.05714285714285714,791,13 3 297 224 120 1781 46,0.9285714285714286 0.013422818791946308 0.5323741007194245 0.6808510638297872 0.916030534351145 0.8851388132825259 0.5529411764705883,936019.3099043918,0.008928571428571428,1,0 13 497 286 82 1709 41,0.0 0.08053691275167785 0.8920863309352518 0.8693009118541033 0.6259541984732825 0.8459444746869896 0.49411764705882355,17915.404478615663,0.24642857142857144,7145,0 23 557 329 131 1992 40,0.0 0.1476510067114094 1.0 1.0 1.0 1.0 0.4823529411764706,25875.583024082116,0.3482142857142857,4517,13 3 297 224 120 1781 46,0.9285714285714286 0.013422818791946308 0.5323741007194245 0.6808510638297872 0.916030534351145 0.8851388132825259 0.5529411764705883,936019.3099043918,0.008928571428571428,1,0 1 1 0 0 155 5,0.0 0.0 0.0 0.0 0.0 0.0 0.07058823529411765,0.07058823529411765,0.6303571428571428,3205,0 1 1 1 0 274 -1,0.0 0.0 0.0 0.00303951367781155 0.0 0.06477953184540011 0.0,3.6873089962655516,0.5232142857142857,2631,13 3 297 224 120 1781 46,0.9285714285714286 0.013422818791946308 0.5323741007194245 0.6808510638297872 0.916030534351145 0.8851388132825259 0.5529411764705883,936019.3099043918,0.008928571428571428,1,0 1 19 63 13 608 16,0.0 0.0 0.03237410071942446 0.19148936170212766 0.09923664122137404 0.24659771366358194 0.2,527.8200101551455,0.5464285714285714,4713,0 1 165 155 37 1238 41,0.0 0.0 0.2949640287769784 0.47112462006079026 0.2824427480916031 0.5895481763745237 0.49411764705882355,3455.398782050539,0.4142857142857143,4557,13 3 297 224 120 1781 46,0.9285714285714286 0.013422818791946308 0.5323741007194245 0.6808510638297872 0.916030534351145 0.8851388132825259 0.5529411764705883,936019.3099043918,0.008928571428571428,796,8 150 396 220 63 697 60,0.5714285714285714 1.0 0.710431654676259 0.668693009118541 0.48091603053435117 0.2950462710941753 0.7176470588235294,679253.3406972757,0.75,12289,4 116 359 225 41 801 84,0.2857142857142857 0.7718120805369127 0.6438848920863309 0.6838905775075987 0.31297709923664124 0.35166031573217205 1.0,370054.0475794288,0.7053571428571429,11743,14 3 298 224 120 1781 46,1.0 0.013422818791946308 0.5341726618705036 0.6808510638297872 0.916030534351145 0.8851388132825259 0.5529411764705883,1007465.8669444738,0.008928571428571428,794,8 150 396 222 62 712 65,0.5714285714285714 1.0 0.710431654676259 0.6747720364741642 0.4732824427480916 0.30321175830157865 0.7764705882352941,679258.7968442541,0.75,12218,5 107 249 221 35 727 82,0.35714285714285715 0.7114093959731543 0.4460431654676259 0.6717325227963525 0.26717557251908397 0.31137724550898205 0.9764705882352941,433446.76871794043,0.7053571428571429,11084,0 1 264 199 103 1667 46,0.0 0.0 0.47302158273381295 0.6048632218844985 0.7862595419847328 0.8230811105062602 0.5529411764705883,5422.488755702634,0.048214285714285716,570
resolved-p28d-3600-1st/nsp-n40-d28-r0.10-rp2-fp2-s7,4 7 0 10 0 257 -121,0.0 0.0019801980198019802 0.0 0.0 0.0 0.007995735607675906 0.0,198.0997593362748,0.11339285714285714,2337,4 7 0 24 0 267 -107,0.0 0.0019801980198019802 0.0 0.0017135862913096695 0.0 0.009772565742714996 0.06698564593301436,199.89809957486787,0.08660714285714285,2952,4 7 0 33 0 271 -108,0.0 0.0019801980198019802 0.0 0.0028151774785801715 0.0 0.010483297796730632 0.06220095693779904,201.0020133936833,0.07232142857142858,2994,27 7 1 17 0 212 -104,1.0 0.0019801980198019802 0.000591715976331361 0.0008567931456548348 0.0 0.0 0.08133971291866028,1000204.8750946021,0.0125,1,16 275 277 425 31 932 -58,0.5217391304347826 0.5326732673267327 0.16390532544378697 0.05079559363525092 0.5344827586206896 0.1279317697228145 0.3014354066985646,576751.335044495,0.27053571428571427,4484,24 11 0 21 0 227 -107,0.8695652173913043 0.009900990099009901 0.0 0.0013463892288861688 0.0 0.0026652452025586353 0.06698564593301436,870556.7564285322,0.025,891,27 7 1 17 0 212 -104,1.0 0.0019801980198019802 0.000591715976331361 0.0008567931456548348 0.0 0.0 0.08133971291866028,1000204.8750946021,0.0125,1,25 19 15 53 1 286 -105,0.9130434782608695 0.02574257425742574 0.008875739644970414 0.005263157894736842 0.017241379310344827 0.013148542999289269 0.07655502392344497,915713.6884193415,0.05,783,24 35 12 56 1 256 -102,0.8695652173913043 0.05742574257425743 0.007100591715976331 0.005630354957160343 0.017241379310344827 0.007818052594171997 0.09090909090909091,875386.3211483948,0.044642857142857144,1443,27 7 1 17 0 212 -104,1.0 0.0019801980198019802 0.000591715976331361 0.0008567931456548348 0.0 0.0 0.08133971291866028,1000204.8750946021,0.0125,1,14 511 619 934 58 1219 -41,0.43478260869565216 1.0 0.36627218934911243 0.11309669522643818 1.0 0.17892679459843638 0.3827751196172249,538660.5993274354,0.4875,5024,22 18 37 38 2 226 -104,0.782608695652174 0.023762376237623763 0.021893491124260357 0.003427172582619339 0.034482758620689655 0.0024875621890547263 0.08133971291866028,785210.8498509584,0.029464285714285714,793,11 34 1690 6547 9 5597 88,0.30434782608695654 0.055445544554455446 1.0 0.8001223990208078 0.15517241379310345 0.9568230277185501 1.0,320718.5884130794,0.6428571428571429,4565,10 14 1599 6133 7 5757 79,0.2608695652173913 0.015841584158415842 0.9461538461538461 0.7494492044063648 0.1206896551724138 0.9852523098791756 0.9569377990430622,272687.58972559276,0.66875,5888,12 6 1589 7564 3 5509 15,0.34782608695652173 0.0 0.9402366863905326 0.9246022031823745 0.05172413793103448 0.9411869225302061 0.6507177033492823,358168.2910243312,0.6580357142857143,6604,11 33 1643 6458 10 5470 88,0.30434782608695654 0.053465346534653464 0.972189349112426 0.7892288861689106 0.1724137931034483 0.9342572850035537 1.0,320233.0670698754,0.6428571428571429,4868,10 15 1641 6799 7 5840 83,0.2608695652173913 0.01782178217821782 0.9710059171597634 0.8309669522643819 0.1206896551724138 1.0 0.9760765550239234,273215.8146011474,0.66875,5616,12 6 1625 8180 1 5578 12,0.34782608695652173 0.0 0.9615384615384616 1.0 0.017241379310344827 0.9534470504619759 0.6363636363636364,358453.36654397834,0.6580357142857143,6287,4 7 1 39 0 280 -104,0.0 0.0019801980198019802 0.000591715976331361 0.0035495716034271724 0.0 0.012082444918265814 0.08133971291866028,207.68869750904014,0.06428571428571428,2579
resolved-p28d-3600-1st/nsp-n50-d28-r0.10-rp2-fp2-s4,6 13 0 6 0 413 -106,0.0 0.02702702702702703 0.0 0.0 0.0 0.009392677980574235 0.0,2702.7966294825087,0.11785714285714285,2207,6 13 2 27 1 427 -90,0.0 0.02702702702702703 0.0006016847172081829 0.0013590473725084132 0.024390243902439025 0.010886967659301952 0.08648648648648649,2712.7129778006165,0.065,1936,6 14 2 32 0 418 -84,0.0 0.03153153153153153 0.0006016847172081829 0.0016826300802485115 0.0 0.009926352865834135 0.11891891891891893,3161.0708128530605,0.04928571428571429,2305,18 24 1 21 0 325 -82,1.0 0.07657657657657657 0.00030084235860409147 0.0009707481232202951 0.0 0.0 0.12972972972972974,1007661.7665590966,0.02214285714285714,1,17 46 9 46 1 359 -78,0.9166666666666666 0.17567567567567569 0.002707581227436823 0.0025886616619207868 0.024390243902439025 0.0036289892197673176 0.15135135135135136,934266.5253738043,0.04071428571428572,387,16 20 11 29 0 392 -86,0.8333333333333334 0.05855855855855856 0.003309265944645006 0.0014884804556044525 0.0 0.007151243462482655 0.10810810810810811,839223.949949634,0.037142857142857144,519,18 24 1 21 0 325 -82,1.0 0.07657657657657657 0.00030084235860409147 0.0009707481232202951 0.0 0.0 0.12972972972972974,1007661.7665590966,0.02214285714285714,1,17 39 7 38 0 343 -79,0.9166666666666666 0.14414414414414414 0.00210589651022864 0.0020709293295366298 0.0 0.0019212295869356388 0.14594594594594595,931104.3761337547,0.03642857142857143,220,18 23 1 12 0 337 -77,1.0 0.07207207207207207 0.00030084235860409147 0.000388299249288118 0.0 0.001280819724623759 0.15675675675675677,1007210.7734949966,0.030714285714285715,78,18 24 1 21 0 325 -82,1.0 0.07657657657657657 0.00030084235860409147 0.0009707481232202951 0.0 0.0 0.12972972972972974,1007661.7665590966,0.02214285714285714,1,14 229 298 481 41 1180 -14,0.6666666666666666 1.0 0.08965102286401926 0.030740357235309344 1.0 0.09125840537944284 0.4972972972972973,767695.3271338933,0.2664285714285714,544,17 25 7 32 1 373 -79,0.9166666666666666 0.08108108108108109 0.00210589651022864 0.0016826300802485115 0.024390243902439025 0.005123278898495036 0.14594594594594595,924800.1525730825,0.04071428571428572,286,17 34 3324 12946 7 9570 55,0.9166666666666666 0.12162162162162163 1.0 0.8374320476313746 0.17073170731707318 0.9867648628455545 0.8702702702702703,939694.0719660906,0.6314285714285715,4403,13 11 3205 15458 3 9694 -17,0.5833333333333334 0.018018018018018018 0.9641997593261131 1.0 0.07317073170731707 1.0 0.4810810810810811,595794.9308826481,0.67,3192,10 7 2763 8160 6 8943 79,0.3333333333333333 0.0 0.8312274368231047 0.5276986797825525 0.14634146341463414 0.9198420322339631 1.0,342198.1389480107,0.6592857142857143,4423,16 38 3309 12649 7 9537 48,0.8333333333333334 0.13963963963963963 0.9954873646209387 0.8182112347916127 0.17073170731707318 0.9832426086028392 0.8324324324324325,858098.1202075485,0.6314285714285715,4549,13 11 3200 15449 3 9654 -20,0.5833333333333334 0.018018018018018018 0.9626955475330926 0.9994175511260678 0.07317073170731707 0.9957306009179208 0.4648648648648649,595779.2474056369,0.67,3256,10 7 2763 8160 6 8943 79,0.3333333333333333 0.0 0.8312274368231047 0.5276986797825525 0.14634146341463414 0.9198420322339631 1.0,342198.1389480107,0.6592857142857143,4423,6 16 3 42 1 429 -81,0.0 0.04054054054054054 0.0009025270758122744 0.0023297954957287085 0.024390243902439025 0.011100437613405912 0.13513513513513514,4068.0942842094187,0.041428571428571426,2984
resolved-p28d-3600-1st/nsp-n20-d28-r0.10-rp2-fp2-s1,0 2 1 0 0 73 -82,0.0 0.004975124378109453 0.0024509803921568627 0.0 0.0 0.010830324909747292 0.0,522.1305449816114,0.2875,1322,0 1 1 3 0 82 -66,0.0 0.0 0.0024509803921568627 0.007633587786259542 0.0 0.021660649819494584 0.11428571428571428,32.47428392030883,0.1625,1492,0 1 1 9 0 93 -64,0.0 0.0 0.0024509803921568627 0.022900763358778626 0.0 0.03489771359807461 0.12857142857142856,47.888115844899424,0.10535714285714286,1483,15 2 0 8 0 64 -67,0.9375 0.004975124378109453 0.0 0.020356234096692113 0.0 0.0 0.10714285714285714,938017.9758147647,0.0125,1,3 25 111 94 16 436 -45,0.1875 0.11940298507462686 0.27205882352941174 0.23918575063613232 0.2077922077922078 0.44765342960288806 0.2642857142857143,202425.59253418248,0.2714285714285714,7615,8 20 48 79 6 217 -58,0.5 0.0945273631840796 0.11764705882352941 0.2010178117048346 0.07792207792207792 0.18411552346570398 0.17142857142857143,510840.02950994635,0.19464285714285715,2074,15 2 0 8 0 64 -67,0.9375 0.004975124378109453 0.0 0.020356234096692113 0.0 0.0 0.10714285714285714,938017.9758147647,0.0125,1,0 85 328 252 46 798 -11,0.0 0.417910447761194 0.803921568627451 0.6412213740458015 0.5974025974025974 0.8832731648616126 0.5071428571428571,50540.56197068573,0.5642857142857143,4835,0 6 10 47 0 153 -39,0.0 0.024875621890547265 0.024509803921568627 0.11959287531806616 0.0 0.10709987966305656 0.30714285714285716,2853.631245242252,0.1357142857142857,1073,15 2 0 8 0 64 -67,0.9375 0.004975124378109453 0.0 0.020356234096692113 0.0 0.0 0.10714285714285714,938017.9758147647,0.0125,1,13 15 13 23 0 146 -70,0.8125 0.06965174129353234 0.031862745098039214 0.058524173027989825 0.0 0.098676293622142 0.08571428571428572,819843.3982305835,0.06607142857142857,19381,0 11 39 83 7 219 -58,0.0 0.04975124378109453 0.09558823529411764 0.21119592875318066 0.09090909090909091 0.1865222623345367 0.17142857142857143,6153.330220089492,0.13392857142857142,688,16 2 0 11 0 67 -67,1.0 0.004975124378109453 0.0 0.027989821882951654 0.0 0.0036101083032490976 0.10714285714285714,1000525.6455036341,0.0125,723,5 182 408 393 77 895 53,0.3125 0.900497512437811 1.0 1.0 1.0 1.0 0.9642857142857143,413660.7155294954,0.7678571428571429,10724,12 202 274 319 40 594 57,0.75 1.0 0.6715686274509803 0.811704834605598 0.5194805194805194 0.6377858002406739 0.9928571428571429,857586.7098762087,0.7410714285714286,14237,16 2 0 11 0 67 -67,1.0 0.004975124378109453 0.0 0.027989821882951654 0.0 0.0036101083032490976 0.10714285714285714,1000525.6455036341,0.0125,723,5 190 340 387 68 808 58,0.3125 0.9402985074626866 0.8333333333333334 0.9847328244274809 0.8831168831168831 0.8953068592057761 1.0,415946.18166093325,0.7714285714285715,10324,12 199 288 342 44 616 57,0.75 0.9850746268656716 0.7058823529411765 0.8702290076335878 0.5714285714285714 0.6642599277978339 0.9928571428571429,856501.2935371762,0.7571428571428571,14409,0 1 3 13 0 99 -68,0.0 0.0 0.007352941176470588 0.03307888040712468 0.0 0.0421179302045728 0.1,107.1294714738763,0.09464285714285714,1269
resolved-p28d-3600-1st/nsp-n20-d28-r0.10-rp2-fp2-s3,0 0 0 0 0 73 -69,0.0 0.0 0.0 0.0 0.0 0.0 0.1568627450980392,0.1568627450980392,0.33214285714285713,175,0 0 0 0 0 87 -55,0.0 0.0 0.0 0.0 0.0 0.04929577464788732 0.43137254901960786,0.9243302954984811,0.23214285714285715,113,0 0 0 0 0 94 -55,0.0 0.0 0.0 0.0 0.0 0.07394366197183098 0.43137254901960786,1.1708091687379176,0.2392857142857143,90,0 0 0 0 0 150 -43,0.0 0.0 0.0 0.0 0.0 0.2711267605633803 0.6666666666666666,3.3779342723004695,0.14821428571428572,16,0 0 0 0 0 125 -31,0.0 0.0 0.0 0.0 0.0 0.18309859154929578 0.9019607843137255,2.7329466998066834,0.45357142857142857,10,0 0 0 0 0 149 -49,0.0 0.0 0.0 0.0 0.0 0.2676056338028169 0.5490196078431373,3.225075945871306,0.14821428571428572,12,0 0 0 0 0 153 -46,0.0 0.0 0.0 0.0 0.0 0.28169014084507044 0.6078431372549019,3.4247445457056065,0.13214285714285715,4,0 0 0 0 0 124 -35,0.0 0.0 0.0 0.0 0.0 0.1795774647887324 0.8235294117647058,2.6193040596520296,0.2785714285714286,9,0 0 0 0 0 144 -49,0.0 0.0 0.0 0.0 0.0 0.25 0.5490196078431373,3.049019607843137,0.13392857142857142,2,0 0 0 0 0 144 -49,0.0 0.0 0.0 0.0 0.0 0.25 0.5490196078431373,3.049019607843137,0.13392857142857142,2,0 0 0 0 0 117 -77,0.0 0.0 0.0 0.0 0.0 0.15492957746478872 0.0,1.5492957746478873,0.3464285714285714,8,0 0 0 0 0 141 -48,0.0 0.0 0.0 0.0 0.0 0.23943661971830985 0.5686274509803921,2.962993648163491,0.13392857142857142,3,0 0 0 0 0 306 -26,0.0 0.0 0.0 0.0 0.0 0.8204225352112676 1.0,9.204225352112676,0.5178571428571429,18,0 0 0 0 0 114 -38,0.0 0.0 0.0 0.0 0.0 0.1443661971830986 0.7647058823529411,2.208367854183927,0.6553571428571429,177,0 0 0 0 0 357 -26,0.0 0.0 0.0 0.0 0.0 1.0 1.0,11.0,0.5125,24,0 0 0 0 0 306 -26,0.0 0.0 0.0 0.0 0.0 0.8204225352112676 1.0,9.204225352112676,0.5178571428571429,18,0 0 0 0 0 114 -38,0.0 0.0 0.0 0.0 0.0 0.1443661971830986 0.7647058823529411,2.208367854183927,0.6553571428571429,177,0 0 0 0 0 357 -26,0.0 0.0 0.0 0.0 0.0 1.0 1.0,11.0,0.5125,24,0 0 0 0 0 117 -44,0.0 0.0 0.0 0.0 0.0 0.15492957746478872 0.6470588235294118,2.196354598177299,0.20535714285714285,43
resolved-p28d-3600-1st/nsp-n30-d28-r0.10-rp2-fp2-s0,1 9 0 1 0 131 -95,0.07692307692307693 0.01327433628318584 0.0 0.0 0.0 0.001460706982179375 0.0,78250.52515846533,0.1761904761904762,1035,1 9 0 1 0 148 -83,0.07692307692307693 0.01327433628318584 0.0 0.0 0.0 0.006427110721589249 0.0594059405940594,78250.63422844332,0.11428571428571428,807,1 9 0 17 0 175 -80,0.07692307692307693 0.01327433628318584 0.0 0.0031676895664224905 0.0 0.014314928425357873 0.07425742574257425,78253.89564767192,0.0630952380952381,832,13 12 0 26 0 126 -81,1.0 0.02654867256637168 0.0 0.004949514947535142 0.0 0.0 0.06930693069306931,1002659.8860785154,0.01904761904761905,1,1 21 16 58 2 222 -77,0.07692307692307693 0.06637168141592921 0.01466544454628781 0.011284894080380123 0.03389830508474576 0.028045574057843997 0.0891089108910891,83721.94379937304,0.07976190476190476,606,2 232 252 389 30 758 -54,0.15384615384615385 1.0 0.230980751604033 0.0768164719857454 0.5084745762711864 0.18463336254747298 0.20297029702970298,256285.67459572954,0.34285714285714286,607,13 12 0 26 0 126 -81,1.0 0.02654867256637168 0.0 0.004949514947535142 0.0 0.0 0.06930693069306931,1002659.8860785154,0.01904761904761905,1,4 82 138 223 19 583 -67,0.3076923076923077 0.336283185840708 0.12648945921173235 0.043951692734112056 0.3220338983050847 0.13350861817119486 0.13861386138613863,342663.14965110354,0.23809523809523808,794,4 14 34 53 1 203 -77,0.3076923076923077 0.035398230088495575 0.031164069660861594 0.010294991090873094 0.01694915254237288 0.022494887525562373 0.0891089108910891,311556.0753618971,0.06785714285714285,250,13 12 0 26 0 126 -81,1.0 0.02654867256637168 0.0 0.004949514947535142 0.0 0.0 0.06930693069306931,1002659.8860785154,0.01904761904761905,1,6 30 0 34 0 155 -80,0.46153846153846156 0.10619469026548672 0.0 0.006533359730746387 0.0 0.008472100496640374 0.07425742574257425,472164.6229031717,0.04285714285714286,516,7 19 1 34 0 151 -71,0.5384615384615384 0.05752212389380531 0.0009165902841429881 0.006533359730746387 0.0 0.007303534910896874 0.1188118811881188,544229.6419607213,0.03571428571428571,706,11 28 775 971 56 2592 101,0.8461538461538461 0.09734513274336283 0.7103574702108157 0.19204117996436348 0.9491525423728814 0.7204206836108676 0.9702970297029703,863287.065068358,0.5726190476190476,8025,4 7 1077 3080 44 3163 82,0.3076923076923077 0.004424778761061947 0.9871677360219981 0.609582260938428 0.7457627118644068 0.8872334209757523 0.8762376237623762,318700.37003259227,0.7023809523809523,7863,0 6 1015 4457 9 3450 42,0.0 0.0 0.9303391384051329 0.8822015442486636 0.15254237288135594 0.9710780017528484 0.6782178217821783,10211.236163427438,0.655952380952381,8794,11 29 779 926 59 2619 107,0.8461538461538461 0.10176991150442478 0.7140238313473877 0.18313205305880023 1.0 0.7283085013146363 1.0,863762.4907558344,0.5654761904761905,8221,4 7 1091 3886 43 3182 83,0.3076923076923077 0.004424778761061947 1.0 0.769154622846961 0.7288135593220338 0.8927841075080339 0.8811881188118812,318986.63057638693,0.7023809523809523,7374,3 7 1057 5052 5 3549 40,0.23076923076923078 0.004424778761061947 0.9688359303391384 1.0 0.0847457627118644 1.0 0.6683168316831684,241919.21084183123,0.655952380952381,8411,1 9 2 22 0 176 -76,0.07692307692307693 0.01327433628318584 0.0018331805682859762 0.004157592555929519 0.0 0.014607069821793748 0.09405940594059406,78273.24007973845,0.05119047619047619,1156
resolved-p28d-3600-1st/nsp-n30-d28-r0.10-rp2-fp2-s3,2 107 534 602 146 2078 -2,0.0 0.303951367781155 0.0 0.0 0.5348837209302325 0.009098428453267164 0.0,30448.716134493054,0.12142857142857143,5138,2 130 534 688 124 2067 4,0.0 0.3738601823708207 0.0 0.029819694868238558 0.4496124031007752 0.0 0.04,37460.839172260385,0.11071428571428571,4926,2 151 551 841 139 2147 17,0.0 0.4376899696048632 0.020481927710843374 0.08287101248266297 0.5077519379844961 0.06617038875103391 0.12666666666666668,44108.250814430045,0.06904761904761905,3539,16 186 689 1061 174 2303 26,0.875 0.5440729483282675 0.18674698795180722 0.15915395284327324 0.6434108527131783 0.19520264681555005 0.18666666666666668,931500.3984435942,0.017857142857142856,1,10 336 1364 1528 266 3276 33,0.5 1.0 1.0 0.3210818307905687 1.0 1.0 0.23333333333333334,610431.3151641239,0.4583333333333333,5143,8 289 926 1289 168 2248 11,0.375 0.8571428571428571 0.472289156626506 0.2382108183079057 0.6201550387596899 0.14971050454921422 0.08666666666666667,465738.9873744468,0.22142857142857142,1999,16 186 689 1061 174 2303 26,0.875 0.5440729483282675 0.18674698795180722 0.15915395284327324 0.6434108527131783 0.19520264681555005 0.18666666666666668,931500.3984435942,0.017857142857142856,1,9 240 977 1330 189 2699 26,0.4375 0.7082066869300911 0.5337349397590362 0.2524271844660194 0.7015503875968992 0.522746071133168 0.18666666666666668,513986.01444120315,0.2226190476190476,2778,4 308 1055 1414 173 2335 24,0.125 0.9148936170212766 0.6277108433734939 0.2815533980582524 0.6395348837209303 0.22167080231596362 0.17333333333333334,223114.36706364944,0.2630952380952381,2747,16 186 689 1061 174 2303 26,0.875 0.5440729483282675 0.18674698795180722 0.15915395284327324 0.6434108527131783 0.19520264681555005 0.18666666666666668,931500.3984435942,0.017857142857142856,1,7 335 825 1522 148 2553 21,0.3125 0.9969604863221885 0.3506024096385542 0.31900138696255204 0.5426356589147286 0.40198511166253104 0.15333333333333332,416079.51086590835,0.2988095238095238,618,7 263 976 1317 185 2564 31,0.3125 0.7781155015197568 0.5325301204819277 0.24791955617198336 0.686046511627907 0.4110835401157982 0.22,395957.70639953087,0.275,2872,18 91 1024 927 81 2742 148,1.0 0.2553191489361702 0.5903614457831325 0.11269070735090153 0.28294573643410853 0.5583126550868487 1.0,1031583.0977589935,0.6630952380952381,7536,9 14 771 3486 17 2809 95,0.4375 0.02127659574468085 0.2855421686746988 1.0 0.03488372093023256 0.6137303556658396 0.6466666666666666,443493.35360353143,0.7595238095238095,9364,8 7 754 3190 8 2786 130,0.375 0.0 0.26506024096385544 0.897364771151179 0.0 0.5947063688999172 0.88,378554.79424447875,0.7416666666666667,9659,17 58 1118 1495 70 2775 148,0.9375 0.15501519756838905 0.7036144578313253 0.3096393897364771 0.24031007751937986 0.5856079404466501 1.0,960378.190812045,0.6976190476190476,6693,9 14 771 3375 16 2823 100,0.4375 0.02127659574468085 0.2855421686746988 0.9615117891816921 0.031007751937984496 0.6253101736972705 0.68,443454.62692732754,0.7595238095238095,9387,8 7 781 3187 8 2791 146,0.375 0.0 0.29759036144578316 0.8963245492371706 0.0 0.5988420181968569 0.9866666666666667,378879.2032505436,0.7416666666666667,9221,2 164 615 919 159 2135 16,0.0 0.47720364741641336 0.09759036144578313 0.10991678224687934 0.5852713178294574 0.05624483043837883 0.12,48865.394718433374,0.05476190476190476,3786
resolved-p28d-3600-1st/nsp-n10-d28-r0.10-rp0-fp0-s9,0 0 0 0 0 75 -51,0.0 0.0 0.0 0.0 0.0 0.0 0.0,0.0,0.40714285714285714,90,0 0 0 0 0 76 -48,0.0 0.0 0.0 0.0 0.0 0.009174311926605505 0.13043478260869565,0.2221779018747507,0.32142857142857145,79,0 0 0 0 0 79 -45,0.0 0.0 0.0 0.0 0.0 0.03669724770642202 0.2608695652173913,0.6278420422816116,0.31785714285714284,70,0 0 0 0 0 102 -34,0.0 0.0 0.0 0.0 0.0 0.24770642201834864 0.7391304347826086,3.2161946549660954,0.16071428571428573,24,0 0 0 0 0 91 -35,0.0 0.0 0.0 0.0 0.0 0.14678899082568808 0.6956521739130435,2.1635420821699243,0.5285714285714286,10,0 0 0 0 0 108 -33,0.0 0.0 0.0 0.0 0.0 0.30275229357798167 0.782608695652174,3.8101316314319904,0.15357142857142858,26,0 0 0 0 0 95 -34,0.0 0.0 0.0 0.0 0.0 0.1834862385321101 0.7391304347826086,2.57399282010371,0.15714285714285714,25,0 0 0 0 0 94 -40,0.0 0.0 0.0 0.0 0.0 0.1743119266055046 0.4782608695652174,2.2213801356202634,0.475,3,0 0 0 0 0 100 -36,0.0 0.0 0.0 0.0 0.0 0.22935779816513763 0.6521739130434783,2.9457518946948547,0.15714285714285714,15,0 0 0 0 0 103 -32,0.0 0.0 0.0 0.0 0.0 0.25688073394495414 0.8260869565217391,3.3948942959712807,0.16428571428571428,22,0 0 0 0 0 96 -33,0.0 0.0 0.0 0.0 0.0 0.1926605504587156 0.782608695652174,2.70921420023933,0.3142857142857143,14,0 0 0 0 0 99 -34,0.0 0.0 0.0 0.0 0.0 0.22018348623853212 0.7391304347826086,2.9409652971679296,0.15714285714285714,31,0 0 0 0 0 169 -29,0.0 0.0 0.0 0.0 0.0 0.8623853211009175 0.9565217391304348,9.58037495013961,0.5821428571428572,40,0 0 0 0 0 88 -41,0.0 0.0 0.0 0.0 0.0 0.11926605504587157 0.43478260869565216,1.6274431591543677,0.6107142857142858,97,0 0 0 0 0 184 -39,0.0 0.0 0.0 0.0 0.0 1.0 0.5217391304347826,10.521739130434783,0.525,76,0 0 0 0 0 169 -28,0.0 0.0 0.0 0.0 0.0 0.8623853211009175 1.0,9.623853211009175,0.5821428571428572,39,0 0 0 0 0 88 -41,0.0 0.0 0.0 0.0 0.0 0.11926605504587157 0.43478260869565216,1.6274431591543677,0.6107142857142858,97,0 0 0 0 0 184 -39,0.0 0.0 0.0 0.0 0.0 1.0 0.5217391304347826,10.521739130434783,0.525,76,0 0 0 0 0 88 -42,0.0 0.0 0.0 0.0 0.0 0.11926605504587157 0.391304347826087,1.5839648982848025,0.24285714285714285,26
resolved-p28d-3600-1st/nsp-n50-d28-r0.10-rp2-fp2-s1,0 13 0 32 0 431 -143,0.0 0.3939393939393939 0.0 0.0015364523315664132 0.0 0.005120446875363668 0.04126984126984127,39395.568320580984,0.08214285714285714,2026,0 20 2 32 2 439 -145,0.0 0.6060606060606061 0.0007304601899196494 0.0015364523315664132 0.0425531914893617 0.006051437216338881 0.03492063492063492,60619.252414447394,0.05142857142857143,1742,0 17 2 33 2 454 -145,0.0 0.5151515151515151 0.0007304601899196494 0.0016132749481447338 0.0425531914893617 0.007797044105667404 0.03492063492063492,51528.43760222377,0.05857142857142857,1721,27 13 2 22 0 387 -155,0.9642857142857143 0.3939393939393939 0.0007304601899196494 0.0007682261657832066 0.0 0.0 0.0031746031746031746,1003687.7296823219,0.013571428571428571,1,24 11 5 13 1 400 -155,0.8571428571428571 0.3333333333333333 0.0018261504747991235 7.682261657832066e-05 0.02127659574468085 0.0015128593040847202 0.0031746031746031746,890496.6747663256,0.020714285714285713,439,25 17 6 39 2 401 -149,0.8928571428571429 0.5151515151515151 0.002191380569758948 0.0020742106476146576 0.0425531914893617 0.0016292330967066218 0.022222222222222223,944400.5762223419,0.02214285714285714,145,27 13 2 22 0 387 -155,0.9642857142857143 0.3939393939393939 0.0007304601899196494 0.0007682261657832066 0.0 0.0 0.0031746031746031746,1003687.7296823219,0.013571428571428571,1,25 33 4 32 1 396 -156,0.8928571428571429 1.0 0.0014609203798392988 0.0015364523315664132 0.02127659574468085 0.001047364133597114 0.0,992875.4266464887,0.02642857142857143,192,23 17 8 38 2 446 -147,0.8214285714285714 0.5151515151515151 0.0029218407596785976 0.0019973880310363372 0.0425531914893617 0.006866053764692191 0.02857142857142857,872979.2912904659,0.03142857142857143,164,27 13 2 22 0 387 -155,0.9642857142857143 0.3939393939393939 0.0007304601899196494 0.0007682261657832066 0.0 0.0 0.0031746031746031746,1003687.7296823219,0.013571428571428571,1,25 11 2 12 0 403 -156,0.8928571428571429 0.3333333333333333 0.0007304601899196494 0.0 0.0 0.0018619806819504248 0.0,926197.7994121823,0.020714285714285713,276,24 13 3 36 2 401 -152,0.8571428571428571 0.3939393939393939 0.001095690284879474 0.0018437427978796957 0.0425531914893617 0.0016292330967066218 0.012698412698412698,896553.8814923357,0.027857142857142858,58,27 13 2 22 0 387 -155,0.9642857142857143 0.3939393939393939 0.0007304601899196494 0.0007682261657832066 0.0 0.0 0.0031746031746031746,1003687.7296823219,0.013571428571428571,1767,0 0 1837 3543 47 6733 159,0.0 0.0 0.670927684441198 0.27126065913805025 1.0 0.7385080879785872 1.0,7088.922584429816,0.6842857142857143,2003,0 0 2601 11460 6 8737 -16,0.0 0.0 0.949963476990504 0.8794653145886149 0.1276595744680851 0.9717211683928779 0.4444444444444444,10402.027698068838,0.6421428571428571,1445,28 14 2 22 0 387 -155,1.0 0.42424242424242425 0.0007304601899196494 0.0007682261657832066 0.0 0.0 0.0031746031746031746,1042432.3184269106,0.013571428571428571,1766,0 0 1929 4680 44 7147 144,0.0 0.0 0.7045288531775018 0.3586079741876008 0.9361702127659575 0.7866868381240545 0.9523809523809523,7506.332776572836,0.6821428571428572,1792,0 0 2738 13029 4 8980 -44,0.0 0.0 1.0 1.0 0.0851063829787234 1.0 0.35555555555555557,11018.866193853428,0.6421428571428571,1314,0 28 3 29 2 446 -152,0.0 0.8484848484848485 0.001095690284879474 0.001305984481831451 0.0425531914893617 0.006866053764692191 0.012698412698412698,84865.08441391475,0.03857142857142857,1588
resolved-p28d-3600-1st/nsp-n20-d28-r0.10-rp2-fp2-s7,0 0 0 0 0 51 -70,0.0 0.0 0.0 0.0 0.0 0.0 0.0,0.0,0.3732142857142857,187,0 0 0 0 0 65 -49,0.0 0.0 0.0 0.0 0.0 0.04912280701754386 0.44680851063829785,0.9380365808137364,0.2839285714285714,107,0 0 0 0 0 80 -45,0.0 0.0 0.0 0.0 0.0 0.10175438596491228 0.5319148936170213,1.5494587532661441,0.2767857142857143,86,0 0 0 0 0 111 -51,0.0 0.0 0.0 0.0 0.0 0.21052631578947367 0.40425531914893614,2.509518477043673,0.1982142857142857,23,0 0 0 0 0 85 -23,0.0 0.0 0.0 0.0 0.0 0.11929824561403508 1.0,2.192982456140351,0.5160714285714286,10,0 0 0 0 0 122 -46,0.0 0.0 0.0 0.0 0.0 0.24912280701754386 0.5106382978723404,3.0018663680477786,0.19107142857142856,36,0 0 0 0 0 132 -42,0.0 0.0 0.0 0.0 0.0 0.28421052631578947 0.5957446808510638,3.4378499440089585,0.1875,27,0 0 0 0 0 74 -36,0.0 0.0 0.0 0.0 0.0 0.08070175438596491 0.723404255319149,1.5304217991787983,0.45714285714285713,16,0 0 0 0 0 111 -43,0.0 0.0 0.0 0.0 0.0 0.21052631578947367 0.574468085106383,2.67973124300112,0.1875,24,0 0 0 0 0 124 -46,0.0 0.0 0.0 0.0 0.0 0.256140350877193 0.5106382978723404,3.07204180664427,0.19107142857142856,18,0 0 0 0 0 80 -25,0.0 0.0 0.0 0.0 0.0 0.10175438596491228 0.9574468085106383,1.9749906681597613,0.5053571428571428,16,0 0 0 0 0 123 -38,0.0 0.0 0.0 0.0 0.0 0.25263157894736843 0.6808510638297872,3.2071668533034714,0.19107142857142856,30,0 0 0 0 0 336 -36,0.0 0.0 0.0 0.0 0.0 1.0 0.723404255319149,10.72340425531915,0.44821428571428573,13,0 0 0 0 0 68 -25,0.0 0.0 0.0 0.0 0.0 0.05964912280701754 0.9574468085106383,1.5539380365808138,0.6339285714285714,137,0 0 0 0 0 322 -39,0.0 0.0 0.0 0.0 0.0 0.9508771929824561 0.6595744680851063,10.168346397909668,0.425,42,0 0 0 0 0 336 -36,0.0 0.0 0.0 0.0 0.0 1.0 0.723404255319149,10.72340425531915,0.44821428571428573,13,0 0 0 0 0 68 -25,0.0 0.0 0.0 0.0 0.0 0.05964912280701754 0.9574468085106383,1.5539380365808138,0.6339285714285714,137,0 0 0 0 0 322 -39,0.0 0.0 0.0 0.0 0.0 0.9508771929824561 0.6595744680851063,10.168346397909668,0.425,42,0 0 0 0 0 90 -52,0.0 0.0 0.0 0.0 0.0 0.1368421052631579 0.3829787234042553,1.7513997760358344,0.21428571428571427,76
resolved-p28d-3600-1st/nsp-n40-d28-r0.10-rp2-fp2-s8,0 0 0 0 0 225 -135,0.0 0.0 0.0 0.0 0.0 0.0 0.0,0.0,0.2294642857142857,321,0 0 0 0 0 273 -118,0.0 0.0 0.0 0.0 0.0 0.06866952789699571 0.30357142857142855,0.9902667075413856,0.15267857142857144,193,0 0 0 0 0 324 -112,0.0 0.0 0.0 0.0 0.0 0.14163090128755365 0.4107142857142857,1.8270232985898223,0.13125,114,0 0 0 0 0 446 -103,0.0 0.0 0.0 0.0 0.0 0.31616595135908443 0.5714285714285714,3.733088085019416,0.12321428571428572,4,0 0 0 0 0 386 -89,0.0 0.0 0.0 0.0 0.0 0.23032904148783978 0.8214285714285714,3.124718986306969,0.2982142857142857,4,0 0 0 0 0 486 -98,0.0 0.0 0.0 0.0 0.0 0.37339055793991416 0.6607142857142857,4.394619865113428,0.11875,3,0 0 0 0 0 426 -107,0.0 0.0 0.0 0.0 0.0 0.2875536480686695 0.5,3.375536480686695,0.12142857142857143,2,0 0 0 0 0 371 -79,0.0 0.0 0.0 0.0 0.0 0.2088698140200286 1.0,3.088698140200286,0.29910714285714285,8,0 0 0 0 0 426 -107,0.0 0.0 0.0 0.0 0.0 0.2875536480686695 0.5,3.375536480686695,0.12142857142857143,2,0 0 0 0 0 467 -99,0.0 0.0 0.0 0.0 0.0 0.34620886981402005 0.6428571428571429,4.104945840997344,0.10625,2,0 0 0 0 0 407 -92,0.0 0.0 0.0 0.0 0.0 0.2603719599427754 0.7678571428571429,3.371576742284897,0.27232142857142855,49,0 0 0 0 0 467 -99,0.0 0.0 0.0 0.0 0.0 0.34620886981402005 0.6428571428571429,4.104945840997344,0.10625,2,0 0 0 0 0 920 -100,0.0 0.0 0.0 0.0 0.0 0.994277539341917 0.625,10.56777539341917,0.4392857142857143,54,0 0 0 0 0 718 -110,0.0 0.0 0.0 0.0 0.0 0.7052932761087267 0.44642857142857145,7.499361332515838,0.4616071428571429,122,0 0 0 0 0 924 -98,0.0 0.0 0.0 0.0 0.0 1.0 0.6607142857142857,10.660714285714286,0.43839285714285714,57,0 0 0 0 0 920 -100,0.0 0.0 0.0 0.0 0.0 0.994277539341917 0.625,10.56777539341917,0.4392857142857143,54,0 0 0 0 0 718 -110,0.0 0.0 0.0 0.0 0.0 0.7052932761087267 0.44642857142857145,7.499361332515838,0.4616071428571429,122,0 0 0 0 0 924 -98,0.0 0.0 0.0 0.0 0.0 1.0 0.6607142857142857,10.660714285714286,0.43839285714285714,57,0 0 0 0 0 360 -117,0.0 0.0 0.0 0.0 0.0 0.19313304721030042 0.32142857142857145,2.252759043531576,0.11696428571428572,77
resolved-p28d-3600-1st/nsp-n10-d28-r0.10-rp0-fp0-s6,0 3 2 1 0 76 -32,0.0 0.08695652173913043 0.006097560975609756 0.00641025641025641 0.0 0.0 0.0,8763.038040079398,0.3678571428571429,554,0 1 2 0 0 83 -27,0.0 0.0 0.006097560975609756 0.0 0.0 0.01364522417153996 0.15151515151515152,61.263577149328114,0.2892857142857143,655,0 4 2 5 0 108 -22,0.0 0.13043478260869565 0.006097560975609756 0.03205128205128205 0.0 0.06237816764132553 0.30303030303030304,13137.431964656387,0.06428571428571428,553,5 4 1 2 0 85 -21,1.0 0.13043478260869565 0.0 0.01282051282051282 0.0 0.017543859649122806 0.3333333333333333,1013056.8075456199,0.017857142857142856,1,0 4 41 82 3 281 -2,0.0 0.13043478260869565 0.24390243902439024 0.5256410256410257 0.05 0.3996101364522417 0.9090909090909091,16018.048869028105,0.5357142857142857,25088,0 1 2 0 0 126 -24,0.0 0.0 0.006097560975609756 0.0 0.0 0.09746588693957114 0.24242424242424243,62.192692867917515,0.09642857142857143,11252,5 4 1 2 0 85 -21,1.0 0.13043478260869565 0.0 0.01282051282051282 0.0 0.017543859649122806 0.3333333333333333,1013056.8075456199,0.017857142857142856,1,0 24 165 90 60 589 -6,0.0 1.0 1.0 0.5769230769230769 1.0 1.0 0.7878787878787878,110687.71095571095,0.7035714285714286,25345,0 1 2 0 0 126 -24,0.0 0.0 0.006097560975609756 0.0 0.0 0.09746588693957114 0.24242424242424243,62.192692867917515,0.09642857142857143,9251,5 4 1 2 0 85 -21,1.0 0.13043478260869565 0.0 0.01282051282051282 0.0 0.017543859649122806 0.3333333333333333,1013056.8075456199,0.017857142857142856,1,0 12 44 156 34 485 -17,0.0 0.4782608695652174 0.2621951219512195 1.0 0.5666666666666667 0.797270955165692 0.45454545454545453,51513.13209770681,0.6357142857142857,24072,0 1 2 0 0 116 -20,0.0 0.0 0.006097560975609756 0.0 0.0 0.07797270955165692 0.36363636363636365,62.11897321525049,0.10714285714285714,13653,0 2 48 51 4 558 1,0.0 0.043478260869565216 0.2865853658536585 0.3269230769230769 0.06666666666666667 0.9395711500974658 1.0,7557.665200583825,0.34285714285714286,14250,0 1 2 0 0 152 -19,0.0 0.0 0.006097560975609756 0.0 0.0 0.14814814814814814 0.3939393939393939,62.851030631518434,0.6607142857142857,19205,0 1 2 0 0 119 -19,0.0 0.0 0.006097560975609756 0.0 0.0 0.08382066276803118 0.3939393939393939,62.20775577771727,0.6321428571428571,13881,0 2 48 51 4 558 1,0.0 0.043478260869565216 0.2865853658536585 0.3269230769230769 0.06666666666666667 0.9395711500974658 1.0,7557.665200583825,0.34285714285714286,14250,0 1 2 0 0 152 -19,0.0 0.0 0.006097560975609756 0.0 0.0 0.14814814814814814 0.3939393939393939,62.851030631518434,0.6607142857142857,19205,0 1 2 0 0 149 -16,0.0 0.0 0.006097560975609756 0.0 0.0 0.14230019493177387 0.48484848484848486,62.88346019026378,0.7035714285714286,13773,1 2 2 5 0 107 -21,0.2 0.043478260869565216 0.006097560975609756 0.03205128205128205 0.0 0.06042884990253411 0.3333333333333333,204441.79060059626,0.07142857142857142,446
resolved-p28d-3600-1st/nsp-n40-d28-r0.10-rp2-fp2-s4,3 12 0 0 0 250 -149,0.0 0.041666666666666664 0.0 0.0 0.0 0.0 0.012987012987012988,4166.679653679653,0.15267857142857144,1194,3 14 0 3 0 286 -125,0.0 0.058333333333333334 0.0 0.0004529669334138608 0.0 0.006717671207314798 0.11688311688311688,5833.970360095703,0.10625,1069,3 15 0 20 1 327 -124,0.0 0.06666666666666667 0.0 0.0030197795560924054 0.047619047619047616 0.014368352304534428 0.12121212121212122,6674.713246628921,0.04732142857142857,1582,17 16 1 16 0 281 -128,1.0 0.075 0.0006199628022318661 0.0024158236448739243 0.0 0.005784661317409965 0.1038961038961039,1007508.7771943843,0.017857142857142856,1,14 127 94 166 6 495 -117,0.7857142857142857 1.0 0.05827650340979541 0.025064170315566965 0.2857142857142857 0.04571748460533682 0.15151515151515152,886351.2950372682,0.16071428571428573,5128,13 15 1 18 0 301 -126,0.7142857142857143 0.06666666666666667 0.0006199628022318661 0.0027178016004831647 0.0 0.009516700877029296 0.11255411255411256,720961.5061031252,0.025892857142857145,2767,17 16 1 16 0 281 -128,1.0 0.075 0.0006199628022318661 0.0024158236448739243 0.0 0.005784661317409965 0.1038961038961039,1007508.7771943843,0.017857142857142856,1,15 15 1 17 0 294 -136,0.8571428571428571 0.06666666666666667 0.0006199628022318661 0.0025668126226785445 0.0 0.00821048703116253 0.06926406926406926,863818.4416191083,0.02857142857142857,6698,16 30 4 73 0 415 -152,0.9285714285714286 0.19166666666666668 0.0024798512089274642 0.011022195379737278 0.0 0.03078932636685949 0.0,947774.223838828,0.06160714285714286,2093,17 16 1 16 0 281 -128,1.0 0.075 0.0006199628022318661 0.0024158236448739243 0.0 0.005784661317409965 0.1038961038961039,1007508.7771943843,0.017857142857142856,1,15 13 1 22 0 335 -121,0.8571428571428571 0.05 0.0006199628022318661 0.0033217575117016457 0.0 0.01586116812838216 0.1341991341991342,862152.6713392065,0.04017857142857143,4624,13 22 1 46 2 335 -124,0.7142857142857143 0.125 0.0006199628022318661 0.006945492979012532 0.09523809523809523 0.01586116812838216 0.12121212121212122,726808.6630400419,0.05267857142857143,1850,14 19 1613 6279 14 5522 49,0.7857142857142857 0.1 1.0 0.9480597916352106 0.6666666666666666 0.9837656279156559 0.8701298701298701,806739.7199587368,0.6232142857142857,5826,11 7 1601 5820 9 5609 34,0.5714285714285714 0.0 0.9925604463732176 0.87875585082289 0.42857142857142855 1.0 0.8051948051948052,582286.5940807888,0.6589285714285714,5311,12 8 1327 6535 12 5035 51,0.6428571428571429 0.008333333333333333 0.8226906385616863 0.9867129699531935 0.5714285714285714 0.8928904646389252 0.8787878787878788,652971.0460957144,0.6410714285714286,5473,14 19 1588 5912 21 5506 79,0.7857142857142857 0.1 0.9845009299442034 0.8926468367809149 1.0 0.9807799962679604 1.0,806562.7496504713,0.6232142857142857,5890,11 7 1597 5689 13 5595 38,0.5714285714285714 0.0 0.9900805951642901 0.8589762947304846 0.6190476190476191 0.9973875723082665 0.8225108225108225,582261.0548233951,0.6589285714285714,5467,12 8 1327 6623 11 5053 48,0.6428571428571429 0.008333333333333333 0.8226906385616863 1.0 0.5238095238095238 0.8962493002425825 0.8658008658008658,652979.5918223424,0.6410714285714286,5458,3 14 4 30 0 357 -128,0.0 0.058333333333333334 0.0024798512089274642 0.0045296693341386075 0.0 0.019966411643963428 0.1038961038961039,5862.965074977082,0.04375,1596
resolved-p28d-3600-1st/nsp-n10-d28-r0.10-rp0-fp0-s8,0 2 0 2 0 80 -36,0.0 0.07142857142857142 0.0 0.0 0.0 0.002531645569620253 0.0,7142.882459312838,0.3357142857142857,492,0 2 0 2 0 81 -31,0.0 0.07142857142857142 0.0 0.0 0.0 0.005063291139240506 0.10416666666666667,7143.0119424352015,0.26785714285714285,455,0 1 0 2 0 86 -24,0.0 0.0 0.0 0.0 0.0 0.017721518987341773 0.25,0.4272151898734177,0.19285714285714287,494,4 6 0 11 0 79 -16,1.0 0.35714285714285715 0.0 0.0989010989010989 0.0 0.0 0.4166666666666667,1035813.6034798535,0.025,1,0 1 0 2 0 98 -10,0.0 0.0 0.0 0.0 0.0 0.04810126582278481 0.5416666666666666,1.0226793248945147,0.37857142857142856,1310,0 1 0 2 0 104 -21,0.0 0.0 0.0 0.0 0.0 0.06329113924050633 0.3125,0.9454113924050633,0.09285714285714286,574,4 6 0 11 0 79 -16,1.0 0.35714285714285715 0.0 0.0989010989010989 0.0 0.0 0.4166666666666667,1035813.6034798535,0.025,1,0 1 0 2 0 97 -21,0.0 0.0 0.0 0.0 0.0 0.04556962025316456 0.3125,0.7681962025316456,0.20357142857142857,793,0 1 0 2 0 104 -21,0.0 0.0 0.0 0.0 0.0 0.06329113924050633 0.3125,0.9454113924050633,0.09285714285714286,554,4 6 0 11 0 79 -16,1.0 0.35714285714285715 0.0 0.0989010989010989 0.0 0.0 0.4166666666666667,1035813.6034798535,0.025,1,0 1 0 2 0 99 -19,0.0 0.0 0.0 0.0 0.0 0.05063291139240506 0.3541666666666667,0.8604957805907174,0.5178571428571429,1650,0 1 0 2 0 104 -21,0.0 0.0 0.0 0.0 0.0 0.06329113924050633 0.3125,0.9454113924050633,0.09285714285714286,935,4 6 0 11 0 79 -16,1.0 0.35714285714285715 0.0 0.0989010989010989 0.0 0.0 0.4166666666666667,1035813.6034798535,0.025,397,0 13 49 93 14 474 12,0.0 0.8571428571428571 0.8596491228070176 1.0 1.0 1.0 1.0,95421.77694235588,0.7678571428571429,19893,0 1 0 14 0 176 -7,0.0 0.0 0.0 0.13186813186813187 0.0 0.24556962025316456 0.6041666666666666,134.9279947373302,0.6678571428571428,21812,4 6 0 11 0 79 -16,1.0 0.35714285714285715 0.0 0.0989010989010989 0.0 0.0 0.4166666666666667,1035813.6034798535,0.025,397,0 15 57 90 12 471 2,0.0 1.0 1.0 0.967032967032967 0.8571428571428571 0.9924050632911392 0.7916666666666666,111063.46297004684,0.7642857142857142,19653,0 1 2 9 0 209 -2,0.0 0.0 0.03508771929824561 0.07692307692307693 0.0 0.3291139240506329 0.7083333333333334,431.7997424793727,0.6714285714285714,21686,0 1 0 2 0 90 -20,0.0 0.0 0.0 0.0 0.0 0.027848101265822784 0.3333333333333333,0.6118143459915611,0.14285714285714285,421
resolved-p28d-3600-1st/nsp-n50-d28-r0.10-rp2-fp2-s6,2 14 4 9 0 366 -164,0.0 0.09876543209876543 0.0010017530678687703 0.0 0.0 0.0012462851116863197 0.046511627906976744,9886.619715034254,0.15928571428571428,3191,2 14 6 35 0 449 -170,0.0 0.09876543209876543 0.0015026296018031556 0.0015385525770755667 0.0 0.009203336209375898 0.0,9893.200091833743,0.07357142857142857,2929,2 14 6 42 0 450 -167,0.0 0.09876543209876543 0.0015026296018031556 0.0019527782709036039 0.0 0.00929920429489023 0.023255813953488372,9893.63853202238,0.06428571428571428,2815,25 15 1 27 0 353 -151,1.0 0.1111111111111111 0.00025043826696719256 0.0010651517841292384 0.0 0.0 0.14728682170542637,1011114.8279323867,0.016428571428571428,1,20 62 11 60 0 375 -132,0.782608695652174 0.691358024691358 0.0027548209366391185 0.0030179300550328423 0.0 0.00210909788131531 0.29457364341085274,851775.3799253535,0.062142857142857146,1369,19 87 22 76 7 442 -134,0.7391304347826086 1.0 0.005509641873278237 0.003964731640925498 1.0 0.008532259610775573 0.27906976744186046,839289.8603253459,0.06571428571428571,352,25 15 1 27 0 353 -151,1.0 0.1111111111111111 0.00025043826696719256 0.0010651517841292384 0.0 0.0 0.14728682170542637,1011114.8279323867,0.016428571428571428,1,21 13 0 16 0 367 -161,0.8260869565217391 0.08641975308641975 0.0 0.0004142256938280372 0.0 0.0013421531972006519 0.06976744186046512,834729.4292450488,0.037142857142857144,1490,21 15 3 31 0 382 -150,0.8260869565217391 0.1111111111111111 0.0007513148009015778 0.0013018521806024024 0.0 0.002780174479915636 0.15503875968992248,837207.0654735444,0.023571428571428573,137,25 15 1 27 0 353 -151,1.0 0.1111111111111111 0.00025043826696719256 0.0010651517841292384 0.0 0.0 0.14728682170542637,1011114.8279323867,0.016428571428571428,1,21 50 19 72 3 413 -139,0.8260869565217391 0.5432098765432098 0.004758327072376659 0.0037280312444523344 0.42857142857142855 0.005752085130859937 0.24031007751937986,880502.4104518143,0.04428571428571428,494,22 20 4 37 0 389 -146,0.8695652173913043 0.1728395061728395 0.0010017530678687703 0.0016569027753121487 0.0 0.003451251078515962 0.18604651162790697,886861.0630010647,0.025714285714285714,206,17 14 3762 14623 1 10281 -59,0.6521739130434783 0.09876543209876543 0.9421487603305785 0.864784898514705 0.14285714285714285 0.9517783529862909 0.8604651162790697,672361.3927181072,0.6357142857142857,3608,11 15 3639 13858 2 10216 -55,0.391304347826087 0.1111111111111111 0.9113448534936138 0.8195159476892124 0.2857142857142857 0.9455469274278593 0.8914728682170543,412387.34179053735,0.6728571428571428,3603,14 6 3993 16908 0 10784 -97,0.5217391304347826 0.0 1.0 1.0 0.0 1.0 0.5658914728682171,532749.6963262554,0.6492857142857142,3623,17 13 3710 13278 1 10179 -41,0.6521739130434783 0.08641975308641975 0.9291259704482845 0.7851943902006036 0.14285714285714285 0.941999808263829 1.0,670917.0481591721,0.6357142857142857,3778,11 15 3639 14476 2 10205 -56,0.391304347826087 0.1111111111111111 0.9113448534936138 0.8560861589443163 0.2857142857142857 0.9444923784872016 0.8837209302325582,412423.89370436507,0.6728571428571428,3476,13 6 3929 16532 1 10660 -82,0.4782608695652174 0.0 0.9839719509140997 0.9777501627315226 0.14285714285714285 0.9881123573962228 0.6821705426356589,489103.18824549223,0.6492857142857142,3708,2 21 4 39 0 419 -163,0.0 0.18518518518518517 0.0010017530678687703 0.0017752529735487307 0.0 0.006327293643945931 0.05426356589147287,18530.428838673084,0.05928571428571429,2167
resolved-p28d-3600-1st/nsp-n40-d28-r0.10-rp2-fp2-s5,2 292 479 563 109 1890 -1,0.0 0.14507772020725387 0.0 0.0 0.0 0.0 0.038834951456310676,14507.810855676844,0.11517857142857142,3977,2 328 516 681 145 2042 -5,0.0 0.3316062176165803 0.01834407535944472 0.191869918699187 0.5454545454545454 0.07896103896103897 0.0,33591.26749888673,0.07589285714285714,3236,2 342 549 759 142 2141 17,0.0 0.40414507772020725 0.03470500743678731 0.31869918699186994 0.5 0.1303896103896104 0.21359223300970873,41131.77452171737,0.06339285714285714,3067,20 399 616 917 158 2112 39,1.0 0.6994818652849741 0.06792265741199802 0.5756097560975609 0.7424242424242424 0.11532467532467533 0.42718446601941745,1071278.8457141765,0.017857142857142856,1,20 367 703 891 151 2144 14,1.0 0.533678756476684 0.11105602379771938 0.5333333333333333 0.6363636363636364 0.13194805194805195 0.18446601941747573,1055076.9095291542,0.11428571428571428,4849,14 457 862 1121 152 2052 36,0.6666666666666666 1.0 0.18988596926127913 0.9073170731707317 0.6515151515151515 0.08415584415584415 0.39805825242718446,769539.2345642956,0.13125,4945,20 399 616 917 158 2112 39,1.0 0.6994818652849741 0.06792265741199802 0.5756097560975609 0.7424242424242424 0.11532467532467533 0.42718446601941745,1071278.8457141765,0.017857142857142856,1,20 388 564 859 163 2138 36,1.0 0.6424870466321243 0.0421417947446703 0.4813008130081301 0.8181818181818182 0.12883116883116882 0.39805825242718446,1065234.9279754262,0.07410714285714286,7292,20 388 577 848 168 2102 34,1.0 0.6424870466321243 0.04858701041150223 0.4634146341463415 0.8939393939393939 0.11012987012987013 0.3786407766990291,1065288.8632803457,0.09553571428571428,7422,20 399 616 917 158 2112 39,1.0 0.6994818652849741 0.06792265741199802 0.5756097560975609 0.7424242424242424 0.11532467532467533 0.42718446601941745,1071278.8457141765,0.017857142857142856,1,20 381 1228 1064 148 2344 45,1.0 0.6062176165803109 0.3713435795736242 0.8146341463414634 0.5909090909090909 0.23584415584415586 0.4854368932038835,1065211.7663876514,0.10178571428571428,7137,16 425 1113 1178 175 2353 14,0.7777777777777778 0.8341968911917098 0.3143282102131879 1.0 1.0 0.24051948051948052 0.18446601941747573,865443.3386599052,0.2517857142857143,4832,20 399 616 917 158 2112 39,1.0 0.6994818652849741 0.06792265741199802 0.5756097560975609 0.7424242424242424 0.11532467532467533 0.42718446601941745,1071278.8457141765,0.017857142857142856,1659,14 264 2425 967 158 3603 86,0.6666666666666666 0.0 0.9647992067426872 0.656910569105691 0.7424242424242424 0.8898701298701299 0.883495145631068,677055.593923886,0.79375,4968,13 277 2311 885 168 3808 98,0.6111111111111112 0.06735751295336788 0.9082796232027764 0.5235772357723577 0.8939393939393939 0.9963636363636363 1.0,627553.5934500056,0.7928571428571428,4399,20 399 616 917 158 2112 39,1.0 0.6994818652849741 0.06792265741199802 0.5756097560975609 0.7424242424242424 0.11532467532467533 0.42718446601941745,1071278.8457141765,0.017857142857142856,1659,13 284 2496 1003 171 3636 88,0.6111111111111112 0.10362694300518134 1.0 0.7154471544715447 0.9393939393939394 0.907012987012987 0.9029126213592233,632293.1650025317,0.7830357142857143,5112,14 269 2306 864 175 3815 96,0.6666666666666666 0.025906735751295335 0.9058006941001487 0.4894308943089431 1.0 1.0 0.9805825242718447,678915.7586596309,0.7928571428571428,4089,2 361 564 742 147 1928 12,0.0 0.5025906735751295 0.0421417947446703 0.2910569105691057 0.5757575757575758 0.019740259740259742 0.1650485436893204,51029.480424245616,0.054464285714285715,2741
resolved-p28d-3600-1st/nsp-n20-d28-r0.10-rp2-fp2-s0,0 0 0 0 0 57 -58,0.0 0.0 0.0 0.0 0.0 0.0 0.0,0.0,0.3357142857142857,131,0 0 0 0 0 64 -58,0.0 0.0 0.0 0.0 0.0 0.03482587064676617 0.0,0.3482587064676617,0.21071428571428572,97,0 0 0 0 0 68 -50,0.0 0.0 0.0 0.0 0.0 0.05472636815920398 0.22857142857142856,0.7758351101634683,0.175,61,0 0 0 0 0 108 -52,0.0 0.0 0.0 0.0 0.0 0.2537313432835821 0.17142857142857143,2.7087420042643924,0.09285714285714286,44,0 0 0 0 0 81 -32,0.0 0.0 0.0 0.0 0.0 0.11940298507462686 0.7428571428571429,1.9368869936034114,0.4232142857142857,9,0 0 0 0 0 107 -53,0.0 0.0 0.0 0.0 0.0 0.24875621890547264 0.14285714285714285,2.6304193319118694,0.09464285714285714,45,0 0 0 0 0 106 -51,0.0 0.0 0.0 0.0 0.0 0.24378109452736318 0.2,2.637810945273632,0.09642857142857143,20,0 0 0 0 0 77 -23,0.0 0.0 0.0 0.0 0.0 0.09950248756218906 1.0,1.9950248756218905,0.4125,4,0 0 0 0 0 108 -52,0.0 0.0 0.0 0.0 0.0 0.2537313432835821 0.17142857142857143,2.7087420042643924,0.09285714285714286,29,0 0 0 0 0 108 -52,0.0 0.0 0.0 0.0 0.0 0.2537313432835821 0.17142857142857143,2.7087420042643924,0.09285714285714286,36,0 0 0 0 0 94 -32,0.0 0.0 0.0 0.0 0.0 0.18407960199004975 0.7428571428571429,2.5836531627576402,0.25,14,0 0 0 0 0 106 -52,0.0 0.0 0.0 0.0 0.0 0.24378109452736318 0.17142857142857143,2.609239516702203,0.09642857142857143,19,0 0 0 0 0 230 -36,0.0 0.0 0.0 0.0 0.0 0.8606965174129353 0.6285714285714286,9.235536602700781,0.4767857142857143,64,0 0 0 0 0 85 -50,0.0 0.0 0.0 0.0 0.0 0.13930348258706468 0.22857142857142856,1.6216062544420755,0.6053571428571428,185,0 0 0 0 0 258 -35,0.0 0.0 0.0 0.0 0.0 1.0 0.6571428571428571,10.657142857142857,0.5017857142857143,28,0 0 0 0 0 230 -36,0.0 0.0 0.0 0.0 0.0 0.8606965174129353 0.6285714285714286,9.235536602700781,0.4767857142857143,64,0 0 0 0 0 85 -50,0.0 0.0 0.0 0.0 0.0 0.13930348258706468 0.22857142857142856,1.6216062544420755,0.6053571428571428,185,0 0 0 0 0 258 -35,0.0 0.0 0.0 0.0 0.0 1.0 0.6571428571428571,10.657142857142857,0.5017857142857143,28,0 0 0 0 0 84 -50,0.0 0.0 0.0 0.0 0.0 0.13432835820895522 0.22857142857142856,1.5718550106609808,0.12857142857142856,38
resolved-p28d-3600-1st/nsp-n10-d28-r0.10-rp0-fp0-s1,0 1 0 0 0 71 -39,0.0 0.0 0.0 0.0 0.0 0.0 0.0,0.0,0.49642857142857144,1009,0 1 0 0 0 76 -38,0.0 0.0 0.0 0.0 0.0 0.011185682326621925 0.022222222222222223,0.13407904548844146,0.37142857142857144,1029,0 1 0 0 0 80 -23,0.0 0.0 0.0 0.0 0.0 0.020134228187919462 0.35555555555555557,0.5568978374347502,0.29642857142857143,976,9 1 1 0 0 76 -31,0.9 0.0 0.010309278350515464 0.0 0.0 0.011185682326621925 0.17777777777777778,900103.3824181062,0.007142857142857143,1,0 1 0 0 0 114 -21,0.0 0.0 0.0 0.0 0.0 0.09619686800894854 0.4,1.3619686800894855,0.4714285714285714,12701,0 1 0 2 0 110 -30,0.0 0.0 0.0 0.013793103448275862 0.0 0.087248322147651 0.2,14.865586669752371,0.18214285714285713,7652,9 1 1 0 0 76 -31,0.9 0.0 0.010309278350515464 0.0 0.0 0.011185682326621925 0.17777777777777778,900103.3824181062,0.007142857142857143,1,0 7 68 92 22 348 -3,0.0 0.15 0.7010309278350515 0.6344827586206897 1.0 0.6196868008948546 0.8,22751.788904980152,0.5892857142857143,18221,0 1 0 0 0 116 -29,0.0 0.0 0.0 0.0 0.0 0.10067114093959731 0.2222222222222222,1.2289336316181951,0.17142857142857143,3375,9 1 1 0 0 76 -31,0.9 0.0 0.010309278350515464 0.0 0.0 0.011185682326621925 0.17777777777777778,900103.3824181062,0.007142857142857143,1,0 1 0 0 0 95 -20,0.0 0.0 0.0 0.0 0.0 0.053691275167785234 0.4222222222222222,0.9591349739000745,0.5964285714285714,13370,0 1 0 1 0 111 -27,0.0 0.0 0.0 0.006896551724137931 0.0 0.0894854586129754 0.26666666666666666,8.058072976934351,0.18571428571428572,5993,10 2 1 1 0 77 -31,1.0 0.025 0.010309278350515464 0.006896551724137931 0.0 0.013422818791946308 0.17777777777777778,1002610.301341195,0.007142857142857143,359,2 41 78 122 16 378 1,0.2 1.0 0.8041237113402062 0.8413793103448276 0.7272727272727273 0.6868008948545862 0.8888888888888888,308963.1005943116,0.7357142857142858,25538,0 1 0 0 0 169 -28,0.0 0.0 0.0 0.0 0.0 0.21923937360178972 0.24444444444444444,2.436838180462342,0.5964285714285714,13922,10 3 1 1 0 76 -31,1.0 0.05 0.010309278350515464 0.006896551724137931 0.0 0.011185682326621925 0.17777777777777778,1005110.2789698304,0.007142857142857143,358,1 36 97 145 20 518 6,0.1 0.875 1.0 1.0 0.9090909090909091 1.0 1.0,198601.9090909091,0.7678571428571429,28575,0 1 0 0 0 195 -26,0.0 0.0 0.0 0.0 0.0 0.27740492170022374 0.28888888888888886,3.062938105891126,0.5964285714285714,13920,0 1 0 2 0 88 -30,0.0 0.0 0.0 0.013793103448275862 0.0 0.03803131991051454 0.2,14.373416647381006,0.19642857142857142,904
resolved-p28d-3600-1st/nsp-n30-d28-r0.10-rp2-fp2-s6,2 91 466 379 139 1839 -13,0.0 0.0 0.09047619047619047 0.0030581039755351682 0.5658914728682171 0.6929492039423806 0.0,971.3386480636854,0.15714285714285714,3823,2 122 449 398 116 1806 -3,0.0 0.13191489361702127 0.06349206349206349 0.03211009174311927 0.3875968992248062 0.6679302501895376 0.10752688172043011,13904.066607671979,0.1,3674,2 133 511 483 129 1827 -9,0.0 0.17872340425531916 0.1619047619047619 0.1620795107033639 0.4883720930232558 0.6838514025777104 0.043010752688172046,19709.18628936369,0.08095238095238096,3251,18 168 555 709 182 1915 21,0.8421052631578947 0.3276595744680851 0.23174603174603176 0.5076452599388379 0.8992248062015504 0.7505686125852918 0.3655913978494624,877794.1199402462,0.016666666666666666,1,5 226 1039 793 195 2010 10,0.15789473684210525 0.574468085106383 1.0 0.636085626911315 1.0 0.8225928733889311 0.24731182795698925,226086.10422021672,0.28214285714285714,5972,8 326 1039 1031 178 2111 40,0.3157894736842105 1.0 1.0 1.0 0.8682170542635659 0.8991660348749052 0.5698924731182796,426885.8569424587,0.40595238095238095,2838,18 168 555 709 182 1915 21,0.8421052631578947 0.3276595744680851 0.23174603174603176 0.5076452599388379 0.8992248062015504 0.7505686125852918 0.3655913978494624,877794.1199402462,0.016666666666666666,1,2 237 641 784 151 1833 7,0.0 0.6212765957446809 0.3682539682539683 0.6223241590214067 0.6589147286821705 0.6884003032600455 0.21505376344086022,66505.51394569344,0.2154761904761905,3543,7 249 733 979 185 2244 25,0.2631578947368421 0.6723404255319149 0.5142857142857142 0.9204892966360856 0.9224806201550387 1.0 0.40860215053763443,336557.9403936928,0.3345238095238095,4470,18 168 555 709 182 1915 21,0.8421052631578947 0.3276595744680851 0.23174603174603176 0.5076452599388379 0.8992248062015504 0.7505686125852918 0.3655913978494624,877794.1199402462,0.016666666666666666,1,9 191 754 770 180 2059 9,0.3684210526315789 0.425531914893617 0.5476190476190477 0.6009174311926605 0.8837209302325582 0.8597422289613343 0.23655913978494625,417148.5581027764,0.15714285714285714,4179,10 275 596 933 164 1839 23,0.42105263157894735 0.7829787234042553 0.2968253968253968 0.8501529051987767 0.7596899224806202 0.6929492039423806 0.3870967741935484,503252.1963738873,0.3607142857142857,3753,18 168 555 709 182 1915 21,0.8421052631578947 0.3276595744680851 0.23174603174603176 0.5076452599388379 0.8992248062015504 0.7505686125852918 0.3655913978494624,877794.1199402462,0.016666666666666666,1190,20 276 409 377 66 946 64,0.9473684210526315 0.7872340425531915 0.0 0.0 0.0 0.01592115238817286 0.8279569892473119,1026092.8124764638,0.7238095238095238,7979,21 306 530 432 74 1074 80,1.0 0.9148936170212766 0.19206349206349208 0.08409785932721713 0.06201550387596899 0.11296436694465505 1.0,1093502.4256761468,0.7226190476190476,9712,18 168 555 709 182 1915 21,0.8421052631578947 0.3276595744680851 0.23174603174603176 0.5076452599388379 0.8992248062015504 0.7505686125852918 0.3655913978494624,877794.1199402462,0.016666666666666666,1190,21 296 412 387 67 925 55,1.0 0.8723404255319149 0.004761904761904762 0.01529051987767584 0.007751937984496124 0.0 0.7311827956989247,1087298.4584972824,0.7226190476190476,7294,21 319 459 398 75 1024 77,1.0 0.9702127659574468 0.07936507936507936 0.03211009174311927 0.06976744186046512 0.07505686125852919 0.967741935483871,1097855.7325358726,0.7226190476190476,9505,2 148 524 567 163 1852 4,0.0 0.2425531914893617 0.18253968253968253 0.290519877675841 0.751937984496124 0.7028051554207733 0.1827956989247312,26453.64049771158,0.05,2616
resolved-p28d-3600-1st/nsp-n20-d28-r0.10-rp2-fp2-s5,0 1 4 1 0 87 -42,0.0 0.0 0.004415011037527594 0.0 0.0 0.013031550068587106 0.0,44.28042587596181,0.28214285714285714,1731,1 4 6 9 1 115 -18,0.06666666666666667 0.03225806451612903 0.008830022075055188 0.01309328968903437 0.015625 0.03223593964334705 0.18181818181818182,69995.93330629742,0.15892857142857142,2265,2 5 6 17 0 122 -23,0.13333333333333333 0.043010752688172046 0.008830022075055188 0.02618657937806874 0.0 0.037037037037037035 0.14393939393939395,137749.40971204347,0.10178571428571428,1872,15 9 2 7 0 68 -17,1.0 0.08602150537634409 0.0 0.009819967266775777 0.0 0.0 0.1893939393939394,1008612.1598988406,0.0125,1,0 89 111 167 12 433 2,0.0 0.946236559139785 0.24061810154525387 0.27168576104746317 0.1875 0.2503429355281207 0.3333333333333333,97323.10945316711,0.3625,4081,0 44 109 108 11 420 15,0.0 0.46236559139784944 0.23620309050772628 0.1751227495908347 0.171875 0.24142661179698216 0.4318181818181818,48793.746378752825,0.3767857142857143,2079,15 9 2 7 0 68 -17,1.0 0.08602150537634409 0.0 0.009819967266775777 0.0 0.0 0.1893939393939394,1008612.1598988406,0.0125,1,0 94 186 265 33 561 8,0.0 1.0 0.40618101545253865 0.4320785597381342 0.515625 0.3381344307270233 0.3787878787878788,104549.21134644958,0.48035714285714287,2347,0 59 217 301 47 958 26,0.0 0.6236559139784946 0.4746136865342163 0.4909983633387889 0.734375 0.6104252400548696 0.5151515151515151,67682.78353044612,0.6607142857142857,2325,15 9 2 7 0 68 -17,1.0 0.08602150537634409 0.0 0.009819967266775777 0.0 0.0 0.1893939393939394,1008612.1598988406,0.0125,1,0 29 122 89 15 415 9,0.0 0.3010752688172043 0.26490066225165565 0.14402618657937807 0.234375 0.23799725651577502 0.38636363636363635,32926.76352701789,0.28035714285714286,2868,1 47 117 132 14 378 9,0.06666666666666667 0.4946236559139785 0.25386313465783666 0.2144026186579378 0.21875 0.21262002743484226 0.38636363636363635,118906.45378721153,0.3464285714285714,1028,4 31 394 478 41 1489 82,0.26666666666666666 0.3225806451612903 0.8653421633554084 0.7806873977086743 0.640625 0.9746227709190672 0.9393939393939394,308433.5883357071,0.5732142857142857,12627,0 1 415 479 64 1315 63,0.0 0.0 0.9116997792494481 0.7823240589198036 1.0 0.855281207133059 0.7954545454545454,10008.67011803107,0.7821428571428571,14614,1 26 248 173 22 1091 68,0.06666666666666667 0.26881720430107525 0.543046357615894 0.281505728314239 0.34375 0.7016460905349794 0.8333333333333334,99302.58119548605,0.6357142857142857,12908,5 29 396 612 28 1526 90,0.3333333333333333 0.3010752688172043 0.869757174392936 1.0 0.4375 1.0 1.0,373193.1819589831,0.5767857142857142,12101,0 1 455 498 62 1350 75,0.0 0.0 1.0 0.8134206219312602 0.96875 0.879286694101509 0.8863636363636364,10919.97485250864,0.7839285714285714,14247,1 30 250 157 19 1107 68,0.06666666666666667 0.3118279569892473 0.5474613686534217 0.2553191489361702 0.296875 0.7126200274348422 0.8333333333333334,103617.04223466947,0.6357142857142857,12222,2 5 6 25 0 112 -23,0.13333333333333333 0.043010752688172046 0.008830022075055188 0.03927986906710311 0.0 0.03017832647462277 0.14393939393939395,137762.43441462688,0.10178571428571428,3513
resolved-p28d-3600-1st/nsp-n40-d28-r0.10-rp2-fp2-s6,1 10 0 2 0 228 -109,0.0 0.0 0.0 0.0 0.0 0.0016568483063328424 0.07692307692307693,0.09349155998640535,0.13303571428571428,1745,1 11 0 6 0 249 -116,0.0 0.004484304932735426 0.0 0.0005759539236861051 0.0 0.005522827687776142 0.04700854700854701,449.108684021115,0.09553571428571428,1476,1 12 0 13 0 259 -103,0.0 0.008968609865470852 0.0 0.0015838732901367891 0.0 0.007363770250368188 0.10256410256410256,898.6210616422898,0.0625,1236,16 12 0 18 0 219 -126,1.0 0.008968609865470852 0.0 0.0023038156947444203 0.0 0.0 0.004273504273504274,1000899.1690757461,0.016964285714285713,1,14 31 6 40 1 245 -123,0.8666666666666667 0.09417040358744394 0.00364741641337386 0.005471562275017999 0.012048192771084338 0.004786450662739323 0.017094017094017096,876126.9225296207,0.03482142857142857,70,13 14 0 8 0 248 -127,0.8 0.017937219730941704 0.0 0.0008639308855291577 0.0 0.005338733431516937 0.0,801794.6392913141,0.033928571428571426,256,16 12 0 18 0 219 -126,1.0 0.008968609865470852 0.0 0.0023038156947444203 0.0 0.0 0.004273504273504274,1000899.1690757461,0.016964285714285713,1,8 223 182 330 25 752 -81,0.4666666666666667 0.9551569506726457 0.11063829787234042 0.04722822174226062 0.30120481927710846 0.09812223858615611 0.19658119658119658,563367.2712199071,0.24285714285714285,442,9 42 2 34 1 264 -115,0.5333333333333333 0.14349775784753363 0.0012158054711246201 0.0046076313894888405 0.012048192771084338 0.008284241531664212 0.05128205128205128,547701.2137479312,0.04732142857142857,539,16 12 0 18 0 219 -126,1.0 0.008968609865470852 0.0 0.0023038156947444203 0.0 0.0 0.004273504273504274,1000899.1690757461,0.016964285714285713,1,10 233 383 489 83 1162 -11,0.6 1.0 0.23282674772036474 0.0701223902087833 1.0 0.17360088365243004 0.49572649572649574,702500.6216027447,0.50625,743,13 35 34 59 8 317 -118,0.8 0.11210762331838565 0.02066869300911854 0.008207343412526998 0.0963855421686747 0.01804123711340206 0.038461538461538464,811435.5140334688,0.0625,359,15 41 1645 6947 11 5651 68,0.9333333333333333 0.13901345291479822 1.0 1.0 0.13253012048192772 1.0 0.8333333333333334,958258.7649701947,0.6303571428571428,5083,12 19 1503 5846 16 5341 92,0.7333333333333333 0.04035874439461883 0.9136778115501519 0.8414686825053995 0.1927710843373494 0.9429307805596465 0.9358974358974359,747377.0968844773,0.6910714285714286,4810,10 18 1390 4990 9 5038 93,0.6 0.03587443946188341 0.8449848024316109 0.718214542836573 0.10843373493975904 0.8871502209131075 0.9401709401709402,612776.1615599843,0.6660714285714285,6843,15 40 1625 6654 10 5613 68,0.9333333333333333 0.13452914798206278 0.9878419452887538 0.9578113750899928 0.12048192771084337 0.9930044182621502 0.8333333333333334,957645.2905298042,0.6303571428571428,5304,11 17 1455 4220 20 5168 99,0.6666666666666666 0.03139013452914798 0.8844984802431611 0.6073434125269979 0.24096385542168675 0.9110824742268041 0.9658119658119658,679292.1813567902,0.6910714285714286,5399,10 18 1364 4939 9 4951 107,0.6 0.03587443946188341 0.8291793313069908 0.7108711303095753 0.10843373493975904 0.8711340206185567 1.0,612610.663103268,0.6660714285714285,7070,1 15 0 15 0 262 -109,0.0 0.02242152466367713 0.0 0.0018718502519798417 0.0 0.007916053019145802 0.07692307692307693,2244.1804002268073,0.04732142857142857,936
resolved-p28d-3600-1st/nsp-n30-d28-r0.10-rp2-fp2-s1,0 3 4 66 12 717 -26,0.0 0.016574585635359115 0.0 0.0 0.07352941176470588 0.0 0.044642857142857144,1664.8561475695249,0.19047619047619047,2697,0 3 4 118 36 849 -31,0.0 0.016574585635359115 0.0 0.01628052598622417 0.4264705882352941 0.04969879518072289 0.0,1716.8831362974722,0.13333333333333333,2394,0 3 4 125 29 845 -21,0.0 0.016574585635359115 0.0 0.018472135253600502 0.3235294117647059 0.04819277108433735 0.08928571428571429,1708.8548533911116,0.12380952380952381,2422,18 6 7 169 47 957 -8,0.9473684210526315 0.03314917127071823 0.0036809815950920245 0.03224796493425172 0.5882352941176471 0.09036144578313253 0.20535714285714285,950812.328461601,0.013095238095238096,1,8 169 131 406 59 1233 -16,0.42105263157894735 0.9337016574585635 0.1558282208588957 0.10644959298685035 0.7647058823529411 0.19427710843373494 0.13392857142857142,516166.07641427056,0.2916666666666667,597,6 108 190 443 63 1523 11,0.3157894736842105 0.5966850828729282 0.2282208588957055 0.11803381340012524 0.8235294117647058 0.30346385542168675 0.375,377943.9869535912,0.28095238095238095,888,18 6 7 169 47 957 -8,0.9473684210526315 0.03314917127071823 0.0036809815950920245 0.03224796493425172 0.5882352941176471 0.09036144578313253 0.20535714285714285,950812.328461601,0.013095238095238096,1,9 181 247 477 75 1483 5,0.47368421052631576 1.0 0.298159509202454 0.12867877269881026 1.0 0.2884036144578313 0.32142857142857145,576897.6898557552,0.27976190476190477,917,9 118 233 359 65 1517 -11,0.47368421052631576 0.6519337016574586 0.2809815950920245 0.09173450219160927 0.8529411764705882 0.30120481927710846 0.17857142857142858,541867.6158824419,0.18452380952380953,460,18 6 7 169 47 957 -8,0.9473684210526315 0.03314917127071823 0.0036809815950920245 0.03224796493425172 0.5882352941176471 0.09036144578313253 0.20535714285714285,950812.328461601,0.013095238095238096,1,10 63 66 251 35 1124 -29,0.5263157894736842 0.34806629834254144 0.07607361963190185 0.05792110206637445 0.4117647058823529 0.1532379518072289 0.017857142857142856,561983.8033135729,0.15595238095238095,567,12 152 165 328 49 1173 18,0.631578947368421 0.8397790055248618 0.19754601226993865 0.08202880400751408 0.6176470588235294 0.1716867469879518 0.4375,717678.2559209663,0.28095238095238095,448,19 7 7 172 47 954 -8,1.0 0.03867403314917127 0.0036809815950920245 0.03318722604884158 0.5882352941176471 0.08923192771084337 0.20535714285714285,1003997.3215627486,0.013095238095238096,1075,0 0 561 956 28 2270 62,0.0 0.0 0.6834355828220859 0.27864746399499063 0.3088235294117647 0.5847138554216867 0.8303571428571429,7150.5631408541,0.6773809523809524,4145,0 0 812 3218 7 3361 80,0.0 0.0 0.9914110429447853 0.986850344395742 0.0 0.9954819277108434 0.9910714285714286,10911.906664549275,0.6214285714285714,3830,19 7 7 172 47 954 -8,1.0 0.03867403314917127 0.0036809815950920245 0.03318722604884158 0.5882352941176471 0.08923192771084337 0.20535714285714285,1003997.3215627486,0.013095238095238096,1075,0 0 558 916 30 2266 57,0.0 0.0 0.6797546012269938 0.2661239824671259 0.3382352941176471 0.5832078313253012 0.7857142857142857,7104.111316747796,0.6761904761904762,4224,0 0 819 3260 7 3373 81,0.0 0.0 1.0 1.0 0.0 1.0 1.0,11011.0,0.6214285714285714,3790,0 3 11 135 35 923 -17,0.0 0.016574585635359115 0.008588957055214725 0.021603005635566688 0.4117647058823529 0.07756024096385543 0.125,1807.0282127214994,0.08333333333333333,2178
resolved-p28d-3600-1st/nsp-n50-d28-r0.10-rp2-fp2-s0,4 209 2109 966 264 4366 -44,0.17391304347826086 0.2361111111111111 0.0 0.234533702677747 0.925 0.06495136491998744 0.0660377358490566,197851.90384343476,0.08142857142857143,3035,1 240 2276 1202 270 4500 -51,0.043478260869565216 0.32222222222222224 0.02922134733158355 0.45244690674053556 0.95 0.10699717602761218 0.0,76541.21344360408,0.04357142857142857,3039,0 257 2303 1306 269 4525 -32,0.0 0.36944444444444446 0.03394575678040245 0.5484764542936288 0.9458333333333333 0.114841543771572 0.1792452830188679,37928.28946059616,0.03642857142857143,2758,23 269 2377 1455 275 4531 -26,1.0 0.4027777777777778 0.04689413823272091 0.6860572483841182 0.9708333333333333 0.11672419203012237 0.2358490566037736,1041531.2628327993,0.013571428571428571,1,17 450 2765 1655 274 4159 -21,0.7391304347826086 0.9055555555555556 0.1147856517935258 0.8707294552169899 0.9666666666666667 0.0 0.2830188679245283,831801.525996851,0.21428571428571427,511,18 484 2883 1795 230 4307 -24,0.782608695652174 1.0 0.13543307086614173 1.0 0.7833333333333333 0.046438657044242236 0.25471698113207547,885042.0787977203,0.26857142857142857,534,23 269 2377 1455 275 4531 -26,1.0 0.4027777777777778 0.04689413823272091 0.6860572483841182 0.9708333333333333 0.11672419203012237 0.2358490566037736,1041531.2628327993,0.013571428571428571,1,19 345 2490 1609 274 4646 -35,0.8260869565217391 0.6138888888888889 0.06666666666666667 0.8282548476454293 0.9666666666666667 0.15280828365233762 0.1509433962264151,889069.1126178396,0.13214285714285715,1080,22 332 2451 1601 282 4607 -41,0.9565217391304348 0.5777777777777777 0.05984251968503937 0.8208679593721145 1.0 0.14057106997176028 0.09433962264150944,1015820.3101147575,0.11142857142857143,807,23 269 2377 1455 275 4531 -26,1.0 0.4027777777777778 0.04689413823272091 0.6860572483841182 0.9708333333333333 0.11672419203012237 0.2358490566037736,1041531.2628327993,0.013571428571428571,1,17 399 2826 1764 262 4701 -34,0.7391304347826086 0.7638888888888888 0.12545931758530185 0.971375807940905 0.9166666666666666 0.17006589268904926 0.16037735849056603,817838.8203582435,0.1742857142857143,747,19 289 2261 1394 251 4268 -30,0.8260869565217391 0.4583333333333333 0.026596675415573052 0.6297322253000923 0.8708333333333333 0.03420144336366489 0.19811320754716982,872903.6122955028,0.04214285714285714,728,23 269 2377 1455 275 4531 -26,1.0 0.4027777777777778 0.04689413823272091 0.6860572483841182 0.9708333333333333 0.11672419203012237 0.2358490566037736,1041531.2628327993,0.013571428571428571,1685,19 124 4949 849 94 6824 40,0.8260869565217391 0.0 0.4969378827646544 0.1265004616805171 0.21666666666666667 0.8362096015061186 0.8584905660377359,831213.723064314,0.8035714285714286,4049,21 153 4023 896 119 6440 55,0.9130434782608695 0.08055555555555556 0.33490813648293966 0.1698984302862419 0.32083333333333336 0.7157201129588955 1.0,924658.2541460036,0.7978571428571428,4229,23 269 2377 1455 275 4531 -26,1.0 0.4027777777777778 0.04689413823272091 0.6860572483841182 0.9708333333333333 0.11672419203012237 0.2358490566037736,1041531.2628327993,0.013571428571428571,1685,23 128 7824 712 42 7346 40,1.0 0.011111111111111112 1.0 0.0 0.0 1.0 0.8584905660377359,1011121.9696016771,0.8042857142857143,2730,21 153 3877 904 100 6408 54,0.9130434782608695 0.08055555555555556 0.3093613298337708 0.1772853185595568 0.24166666666666667 0.7056793222466269 0.9905660377358491,924402.1464592492,0.7978571428571428,4523,0 254 2277 1289 266 4560 -31,0.0 0.3611111111111111 0.029396325459317585 0.5327793167128347 0.9333333333333333 0.12582365861311579 0.18867924528301888,37032.63393158187,0.03571428571428571,2774
resolved-p28d-3600-1st/nsp-n50-d28-r0.10-rp2-fp2-s9,0 0 0 0 0 452 -131,0.0 0.0 0.0 0.0 0.0 0.0 0.3333333333333333,0.3333333333333333,0.19142857142857142,333,0 0 0 0 0 452 -131,0.0 0.0 0.0 0.0 0.0 0.0 0.3333333333333333,0.3333333333333333,0.1692857142857143,178,0 0 0 0 0 472 -125,0.0 0.0 0.0 0.0 0.0 0.017905102954341987 0.48717948717948717,0.666230516722907,0.15,92,0 0 0 0 0 643 -126,0.0 0.0 0.0 0.0 0.0 0.170993733213966 0.46153846153846156,2.1714757936781215,0.13,16,0 0 0 0 0 512 -118,0.0 0.0 0.0 0.0 0.0 0.05371530886302596 0.6666666666666666,1.203819755296926,0.33,8,0 0 0 0 0 651 -123,0.0 0.0 0.0 0.0 0.0 0.17815577439570277 0.5384615384615384,2.320019282418566,0.14214285714285715,19,0 0 0 0 0 702 -119,0.0 0.0 0.0 0.0 0.0 0.22381378692927484 0.6410256410256411,2.8791635103183895,0.14642857142857144,25,0 0 0 0 0 521 -118,0.0 0.0 0.0 0.0 0.0 0.06177260519247986 0.6666666666666666,1.2843927185914652,0.2978571428571429,12,0 0 0 0 0 667 -118,0.0 0.0 0.0 0.0 0.0 0.19247985675917637 0.6666666666666666,2.5914652342584303,0.1407142857142857,23,0 0 0 0 0 707 -120,0.0 0.0 0.0 0.0 0.0 0.22829006266786034 0.6153846153846154,2.898285242063219,0.13642857142857143,20,0 0 0 0 0 535 -131,0.0 0.0 0.0 0.0 0.0 0.07430617726051925 0.3333333333333333,1.0763951059385257,0.31,9,0 0 0 0 0 678 -113,0.0 0.0 0.0 0.0 0.0 0.20232766338406447 0.7948717948717948,2.818148428712439,0.14857142857142858,18,0 0 0 0 0 1503 -105,0.0 0.0 0.0 0.0 0.0 0.9409131602506714 1.0,10.409131602506713,0.4635714285714286,22,0 0 0 0 0 1346 -119,0.0 0.0 0.0 0.0 0.0 0.8003581020590869 0.6410256410256411,8.644606661616509,0.4692857142857143,56,0 0 0 0 0 1569 -125,0.0 0.0 0.0 0.0 0.0 1.0 0.48717948717948717,10.487179487179487,0.46285714285714286,22,0 0 0 0 0 1503 -105,0.0 0.0 0.0 0.0 0.0 0.9409131602506714 1.0,10.409131602506713,0.4635714285714286,22,0 0 0 0 0 1346 -119,0.0 0.0 0.0 0.0 0.0 0.8003581020590869 0.6410256410256411,8.644606661616509,0.4692857142857143,56,0 0 0 0 0 1512 -111,0.0 0.0 0.0 0.0 0.0 0.9489704565801254 0.8461538461538461,10.335858411955101,0.46,34,0 0 0 0 0 528 -144,0.0 0.0 0.0 0.0 0.0 0.06803939122649955 0.0,0.6803939122649955,0.17714285714285713,16
