,lnps-10-org-obj,lnps-10-nrm-obj,lnps-10-obj,lnps-10-diff,lnps-10-freq,lnps-30-org-obj,lnps-30-nrm-obj,lnps-30-obj,lnps-30-diff,lnps-30-freq,lnps-60-org-obj,lnps-60-nrm-obj,lnps-60-obj,lnps-60-diff,lnps-60-freq,mp-is1-p-hi-org-obj,mp-is1-p-hi-nrm-obj,mp-is1-p-hi-obj,mp-is1-p-hi-diff,mp-is1-p-hi-freq,mp-is1-p-low-org-obj,mp-is1-p-low-nrm-obj,mp-is1-p-low-obj,mp-is1-p-low-diff,mp-is1-p-low-freq,mp-is1-p-mid-org-obj,mp-is1-p-mid-nrm-obj,mp-is1-p-mid-obj,mp-is1-p-mid-diff,mp-is1-p-mid-freq,mp-is10-p-hi-org-obj,mp-is10-p-hi-nrm-obj,mp-is10-p-hi-obj,mp-is10-p-hi-diff,mp-is10-p-hi-freq,mp-is10-p-low-org-obj,mp-is10-p-low-nrm-obj,mp-is10-p-low-obj,mp-is10-p-low-diff,mp-is10-p-low-freq,mp-is10-p-mid-org-obj,mp-is10-p-mid-nrm-obj,mp-is10-p-mid-obj,mp-is10-p-mid-diff,mp-is10-p-mid-freq,mp-is100-p-hi-org-obj,mp-is100-p-hi-nrm-obj,mp-is100-p-hi-obj,mp-is100-p-hi-diff,mp-is100-p-hi-freq,mp-is100-p-low-org-obj,mp-is100-p-low-nrm-obj,mp-is100-p-low-obj,mp-is100-p-low-diff,mp-is100-p-low-freq,mp-is100-p-mid-org-obj,mp-is100-p-mid-nrm-obj,mp-is100-p-mid-obj,mp-is100-p-mid-diff,mp-is100-p-mid-freq,mp-p-hi-org-obj,mp-p-hi-nrm-obj,mp-p-hi-obj,mp-p-hi-diff,mp-p-hi-freq,mp-p-low-org-obj,mp-p-low-nrm-obj,mp-p-low-obj,mp-p-low-diff,mp-p-low-freq,mp-p-mid-org-obj,mp-p-mid-nrm-obj,mp-p-mid-obj,mp-p-mid-diff,mp-p-mid-freq,mp-ps-p-hi-org-obj,mp-ps-p-hi-nrm-obj,mp-ps-p-hi-obj,mp-ps-p-hi-diff,mp-ps-p-hi-freq,mp-ps-p-low-org-obj,mp-ps-p-low-nrm-obj,mp-ps-p-low-obj,mp-ps-p-low-diff,mp-ps-p-low-freq,mp-ps-p-mid-org-obj,mp-ps-p-mid-nrm-obj,mp-ps-p-mid-obj,mp-ps-p-mid-diff,mp-ps-p-mid-freq,ps-org-obj,ps-nrm-obj,ps-obj,ps-diff,ps-freq
resolved-p28d-3600-all/resolved-p28d-3600-3rd/nsp-n50-d28-r0.10-rp2-fp2-s8,6 178 3533 1348 426 5973 -38,0.0 0.0 0.028873917228103944 0.2842778793418647 0.9522388059701492 0.39807383627608345 0.0,672.22167058268,0.04928571428571429,3302,11 194 3665 1378 436 6195 -25,0.18518518518518517 0.07655502392344497 0.15591915303176132 0.3117001828153565 0.982089552238806 0.7544141252006421 0.10317460317460317,194817.4355617417,0.037142857142857144,3300,10 189 3724 1341 436 6120 -30,0.14814814814814814 0.05263157894736842 0.21270452358036573 0.27787934186471663 0.982089552238806 0.6340288924558587 0.06349206349206349,155920.84335676528,0.035,3485,33 208 3761 1524 439 6250 -21,1.0 0.14354066985645933 0.24831568816169394 0.44515539305301643 0.991044776119403 0.8426966292134831 0.1349206349206349,1017390.0456248549,0.008571428571428572,1,30 217 3632 1519 439 6048 -29,0.8888888888888888 0.18660287081339713 0.12415784408084697 0.4405850091407678 0.991044776119403 0.5184590690208668 0.07142857142857142,909335.6999170514,0.02214285714285714,112,26 378 4423 2131 442 6348 -14,0.7407407407407407 0.9569377990430622 0.8854667949951877 1.0 1.0 1.0 0.19047619047619047,846399.3790711892,0.22714285714285715,214,33 208 3761 1524 439 6250 -21,1.0 0.14354066985645933 0.24831568816169394 0.44515539305301643 0.991044776119403 0.8426966292134831 0.1349206349206349,1017390.0456248549,0.008571428571428572,1,30 271 3878 1638 423 6164 -19,0.8888888888888888 0.4449760765550239 0.36092396535129934 0.5493601462522852 0.9432835820895522 0.7046548956661316 0.15079365079365079,937646.622044973,0.09357142857142857,105,32 264 3503 1370 374 5725 -33,0.9629629629629629 0.41148325358851673 0.0 0.30438756855575866 0.7970149253731343 0.0 0.03968253968253968,1004495.4170654473,0.10285714285714286,48,33 208 3761 1524 439 6250 -21,1.0 0.14354066985645933 0.24831568816169394 0.44515539305301643 0.991044776119403 0.8426966292134831 0.1349206349206349,1017390.0456248549,0.008571428571428572,1,31 387 3672 1812 366 5820 -36,0.9259259259259259 1.0 0.16265640038498555 0.7084095063985375 0.7731343283582089 0.15248796147672553 0.015873015873015872,1028339.7536216408,0.25142857142857145,434,27 338 3882 1875 417 5856 1,0.7777777777777778 0.7655502392344498 0.3647738209817132 0.7659963436928702 0.9253731343283582 0.2102728731942215 0.30952380952380953,858841.485820707,0.1707142857142857,258,33 208 3761 1524 439 6250 -21,1.0 0.14354066985645933 0.24831568816169394 0.44515539305301643 0.991044776119403 0.8426966292134831 0.1349206349206349,1017390.0456248549,0.008571428571428572,684,18 179 3525 1050 230 6199 88,0.4444444444444444 0.004784688995215311 0.021174205967276226 0.011882998171846435 0.36716417910447763 0.7608346709470305 1.0,445191.8631664305,0.8128571428571428,4756,21 195 4394 1051 113 6078 59,0.5555555555555556 0.08133971291866028 0.8575553416746872 0.012797074954296161 0.01791044776119403 0.5666131621187801 0.7698412698412699,572286.10435679,0.8042857142857143,4150,33 208 3761 1524 439 6250 -21,1.0 0.14354066985645933 0.24831568816169394 0.44515539305301643 0.991044776119403 0.8426966292134831 0.1349206349206349,1017390.0456248549,0.008571428571428572,684,18 180 3605 1056 228 6280 88,0.4444444444444444 0.009569377990430622 0.09817131857555342 0.01736745886654479 0.3611940298507463 0.8908507223113965 1.0,446446.49079831777,0.8128571428571428,4513,21 198 4542 1037 107 6109 68,0.5555555555555556 0.09569377990430622 1.0 0.0 0.0 0.6163723916532905 0.8412698412698413,575131.938539744,0.8042857142857143,4050,10 190 3600 1356 420 5991 -26,0.14814814814814814 0.05741626794258373 0.0933589990375361 0.2915904936014625 0.9343283582089552 0.42696629213483145 0.09523809523809523,155212.75316322083,0.03214285714285714,3114
resolved-p28d-3600-all/resolved-p28d-3600-3rd/nsp-n30-d28-r0.10-rp2-fp2-s5,0 3 2 70 3 667 -6,0.0 0.016574585635359115 0.0 0.0 0.0 0.0 0.0,1657.4585635359115,0.20833333333333334,1940,0 5 25 189 16 1112 22,0.0 0.027624309392265192 0.02822085889570552 0.047771979124849456 0.23214285714285715 0.19629466254962505 0.32941176470588235,3117.9181514129114,0.075,1754,0 5 28 183 20 1147 29,0.0 0.027624309392265192 0.03190184049079755 0.04536330790847049 0.30357142857142855 0.211733568592854 0.4117647058823529,3159.6988952919187,0.07023809523809524,1698,14 4 3 170 22 1091 28,1.0 0.022099447513812154 0.001226993865030675 0.04014452027298274 0.3392857142857143 0.18703131892368768 0.4,1002298.5580949223,0.014285714285714285,1,4 90 162 316 58 1642 27,0.2857142857142857 0.4972375690607735 0.19631901840490798 0.09875551987153754 0.9821428571428571 0.43008381120423467 0.38823529411764707,337602.8916834041,0.23809523809523808,1719,9 138 185 421 51 1747 12,0.6428571428571429 0.7624309392265194 0.2245398773006135 0.1409072661581694 0.8571428571428571 0.47640052933392146 0.21176470588235294,721577.2328746727,0.2357142857142857,1143,14 4 3 170 22 1091 28,1.0 0.022099447513812154 0.001226993865030675 0.04014452027298274 0.3392857142857143 0.18703131892368768 0.4,1002298.5580949223,0.014285714285714285,1,5 177 311 515 59 1850 10,0.35714285714285715 0.9779005524861878 0.3791411042944785 0.1786431152147732 1.0 0.521835024261138 0.18823529411764706,459008.37313517224,0.31785714285714284,1472,3 181 294 471 46 1852 26,0.21428571428571427 1.0 0.35828220858895704 0.16097952629466078 0.7678571428571429 0.5227172474636083 0.3764705882352941,318111.9052552471,0.2833333333333333,2849,14 4 3 170 22 1091 28,1.0 0.022099447513812154 0.001226993865030675 0.04014452027298274 0.3392857142857143 0.18703131892368768 0.4,1002298.5580949223,0.014285714285714285,1,4 142 152 468 51 1563 21,0.2857142857142857 0.7845303867403315 0.18404907975460122 0.1597751906864713 0.8571428571428571 0.39523599470666076 0.3176470588235294,366257.5746692715,0.2619047619047619,1228,7 144 248 324 47 1775 20,0.5 0.7955801104972375 0.301840490797546 0.10196708149337616 0.7857142857142857 0.48875165416850463 0.3058823529411765,582762.1478666586,0.3047619047619048,758,14 4 3 170 22 1091 28,1.0 0.022099447513812154 0.001226993865030675 0.04014452027298274 0.3392857142857143 0.18703131892368768 0.4,1002298.5580949223,0.014285714285714285,1045,0 0 657 1239 13 2253 57,0.0 0.0 0.803680981595092 0.46928944199116823 0.17857142857142858 0.6996029995588884 0.7411764705882353,8531.69360726541,0.6630952380952381,4444,0 0 759 2561 5 2780 69,0.0 0.0 0.9288343558282208 1.0 0.03571428571428571 0.9320688134097926 0.8823529411764706,10302.118027928911,0.6178571428571429,4282,14 4 3 170 22 1091 28,1.0 0.022099447513812154 0.001226993865030675 0.04014452027298274 0.3392857142857143 0.18703131892368768 0.4,1002298.5580949223,0.014285714285714285,1045,0 0 651 1190 15 2228 56,0.0 0.0 0.7963190184049079 0.4496186270574067 0.21428571428571427 0.6885752095280105 0.7294117647058823,8441.852546395043,0.6630952380952381,4546,0 0 817 2561 5 2934 79,0.0 0.0 1.0 1.0 0.03571428571428571 1.0 1.0,11014.57142857143,0.6178571428571429,4109,0 6 19 173 13 1052 24,0.0 0.03314917127071823 0.020858895705521473 0.04134885588117222 0.17857142857142858 0.16982796647551832 0.35294117647058826,3584.7633037065784,0.09523809523809523,1117
resolved-p28d-3600-all/resolved-p28d-3600-3rd/nsp-n40-d28-r0.10-rp2-fp2-s1,1 6 8 33 1 735 -110,0.0 0.0 0.004616272360069244 0.002034587995930824 0.04 0.017651573292402148 0.06111111111111111,52.43493844065839,0.07142857142857142,7195,1 11 9 27 0 752 -115,0.0 0.03424657534246575 0.0051933064050779 0.0011626217119604708 0.0 0.02091327705295472 0.03333333333333333,3477.9956861131777,0.06160714285714286,7282,1 12 5 27 1 677 -109,0.0 0.0410958904109589 0.0028851702250432777 0.0011626217119604708 0.04 0.006523407521105142 0.06666666666666667,4143.735265800161,0.06339285714285714,6489,18 13 0 19 1 704 -108,1.0 0.04794520547945205 0.0 0.0 0.04 0.01170376055257099 0.07222222222222222,1004798.709807773,0.014285714285714285,1,15 49 22 36 1 657 -121,0.8235294117647058 0.2945205479452055 0.012694748990190421 0.0024705711379160006 0.04 0.002686108979278588 0.0,853114.9114813559,0.05178571428571429,500,12 152 162 242 18 784 -88,0.6470588235294118 1.0 0.0934795152914022 0.032408080220898125 0.72 0.027052954719877207 0.18333333333333332,748098.4806254272,0.18214285714285713,989,18 13 0 19 1 704 -108,1.0 0.04794520547945205 0.0 0.0 0.04 0.01170376055257099 0.07222222222222222,1004798.709807773,0.014285714285714285,1,14 61 13 81 4 643 -105,0.7647058823529411 0.3767123287671233 0.0075014425851125215 0.00901031826769365 0.16 0.0 0.08888888888888889,802477.2288626612,0.05714285714285714,632,13 90 293 202 25 991 -101,0.7058823529411765 0.5753424657534246 0.16907097518753605 0.02659497166109577 1.0 0.06676899462778205 0.1111111111111111,765234.6830411128,0.20089285714285715,153,18 13 0 19 1 704 -108,1.0 0.04794520547945205 0.0 0.0 0.04 0.01170376055257099 0.07222222222222222,1004798.709807773,0.014285714285714285,1,15 52 32 80 3 785 -110,0.8235294117647058 0.3150684931506849 0.018465089440276975 0.00886499055369859 0.12 0.027244819646968534 0.06111111111111111,855242.1105240383,0.05267857142857143,405,15 44 13 66 1 690 -114,0.8235294117647058 0.2602739726027397 0.0075014425851125215 0.006830402557767766 0.04 0.009017651573292403 0.03888888888888889,849642.7829187933,0.05178571428571429,438,17 28 1546 6510 9 5506 37,0.9411764705882353 0.1506849315068493 0.8920946335833814 0.9433221915419271 0.36 0.9330391404451266 0.8777777777777778,966155.4404354782,0.6026785714285714,5921,11 18 1580 6900 12 5544 59,0.5882352941176471 0.0821917808219178 0.9117137911136757 1.0 0.48 0.9403300076745971 1.0,606630.0134110524,0.6705357142857142,5715,11 14 1732 6675 8 5855 2,0.5882352941176471 0.0547945205479452 0.9994229659549914 0.9673012643511117 0.32 1.0 0.6833333333333333,604718.960429676,0.6446428571428572,5139,15 26 1549 5863 10 5482 47,0.8235294117647058 0.136986301369863 0.8938257357184074 0.849295160587124 0.4 0.9284343821949348 0.9333333333333333,847065.8120966186,0.6017857142857143,6155,11 20 1576 6898 11 5576 52,0.5882352941176471 0.0958904109589041 0.9094056549336411 0.9997093445720099 0.44 0.9464696853415195 0.9611111111111111,607972.5269154104,0.6705357142857142,5647,11 14 1733 6683 8 5854 11,0.5882352941176471 0.0547945205479452 1.0 0.9684638860630722 0.32 0.9998081350729087 0.7333333333333333,604725.9414731888,0.6446428571428572,5117,1 10 9 38 1 751 -111,0.0 0.0273972602739726 0.0051933064050779 0.0027612265659061183 0.04 0.02072141212586339 0.05555555555555555,2798.6830876907593,0.05089285714285714,8324
resolved-p28d-3600-all/resolved-p28d-3600-3rd/nsp-n30-d28-r0.10-rp2-fp2-s4,1 10 0 4 0 122 -103,0.0 0.12962962962962962 0.0 0.0005621135469364812 0.0 0.0 0.0,12963.525076509899,0.22023809523809523,1138,1 10 0 2 0 153 -89,0.0 0.12962962962962962 0.0 0.0 0.0 0.011028103877623622 0.06222222222222222,12963.135466223961,0.11785714285714285,1504,1 10 0 7 0 156 -85,0.0 0.12962962962962962 0.0 0.001405283867341203 0.0 0.012095339736748489 0.08,12964.56920022767,0.0869047619047619,1398,11 10 2 26 0 143 -86,1.0 0.12962962962962962 0.002157497303128371 0.006745362563237774 0.0 0.007470651013874066 0.07555555555555556,1012991.4335606232,0.02023809523809524,1,8 18 4 33 0 169 -83,0.7 0.2777777777777778 0.004314994606256742 0.008712759977515458 0.0 0.01672002845962291 0.08888888888888889,727829.8965729914,0.0380952380952381,356,5 55 76 159 14 369 -70,0.4 0.9629629629629629 0.08198489751887811 0.044125913434513775 0.6666666666666666 0.08786908573461402 0.14666666666666667,497227.96320911025,0.20238095238095238,503,11 10 2 26 0 143 -86,1.0 0.12962962962962962 0.002157497303128371 0.006745362563237774 0.0 0.007470651013874066 0.07555555555555556,1012991.4335606232,0.02023809523809524,1,1 57 206 175 21 550 -52,0.0 1.0 0.2222222222222222 0.04862282181000562 1.0 0.15225898256848097 0.22666666666666666,102372.59430052458,0.2392857142857143,850,6 52 19 64 2 232 -80,0.5 0.9074074074074074 0.020496224379719527 0.017425519955030916 0.09523809523809523 0.03913198150124511 0.10222222222222223,590973.145856054,0.08452380952380953,464,11 10 2 26 0 143 -86,1.0 0.12962962962962962 0.002157497303128371 0.006745362563237774 0.0 0.007470651013874066 0.07555555555555556,1012991.4335606232,0.02023809523809524,1,7 17 30 61 6 261 -62,0.6 0.25925925925925924 0.032362459546925564 0.016582349634626195 0.2857142857142857 0.049448594806118816 0.18222222222222223,626295.3810077715,0.10238095238095238,3764,7 40 12 69 1 196 -81,0.6 0.6851851851851852 0.012944983818770227 0.01883080382237212 0.047619047619047616 0.02632515119174671 0.09777777777777778,668671.9220945803,0.055952380952380955,1269,11 51 887 2872 8 2800 120,1.0 0.8888888888888888 0.9568500539374326 0.8066329398538504 0.38095238095238093 0.9526858769121309 0.9911111111111112,1099312.6355760926,0.6011904761904762,5255,7 3 744 3512 13 2805 106,0.6 0.0 0.8025889967637541 0.9865092748735245 0.6190476190476191 0.9544646033440057 0.9288888888888889,609084.7775393381,0.6654761904761904,8371,6 9 927 3560 9 2933 63,0.5 0.1111111111111111 1.0 1.0 0.42857142857142855 1.0 0.7377777777777778,522164.70603174606,0.6547619047619048,7319,11 51 887 2864 8 2801 122,1.0 0.8888888888888888 0.9568500539374326 0.8043844856661045 0.38095238095238093 0.9530416221985059 1.0,1099310.3995682464,0.6011904761904762,5261,7 3 736 3485 14 2787 100,0.6 0.0 0.7939590075512406 0.978920741989882 0.6666666666666666 0.9480611881892564 0.9022222222222223,608995.560318273,0.6654761904761904,8440,6 5 770 1743 11 2703 38,0.5 0.037037037037037035 0.8306364617044228 0.4893198426082069 0.5238095238095238 0.9181785841337602 0.6266666666666667,512561.5775682451,0.6464285714285715,9588,1 10 0 17 0 163 -82,0.0 0.12962962962962962 0.0 0.0042158516020236085 0.0 0.014585556741373178 0.09333333333333334,12967.418003465733,0.06547619047619048,1235
resolved-p28d-3600-all/resolved-p28d-3600-3rd/nsp-n10-d28-r0.10-rp0-fp0-s5,0 0 2 0 0 117 -44,0.0 0.0 0.0 0.0 0.0 0.14563106796116504 0.0,1.4563106796116503,0.40714285714285714,889,0 0 2 0 0 119 -36,0.0 0.0 0.0 0.0 0.0 0.1650485436893204 0.32,1.970485436893204,0.325,1149,0 0 2 0 0 121 -29,0.0 0.0 0.0 0.0 0.0 0.18446601941747573 0.6,2.4446601941747574,0.31785714285714284,1142,6 1 3 3 0 102 -37,0.8571428571428571 0.5 0.3333333333333333 0.3 0.0 0.0 0.28,910776.4704761903,0.014285714285714285,1,0 0 2 0 0 131 -26,0.0 0.0 0.0 0.0 0.0 0.2815533980582524 0.72,3.5355339805825237,0.44285714285714284,3100,0 0 2 0 0 154 -35,0.0 0.0 0.0 0.0 0.0 0.5048543689320388 0.36,5.408543689320388,0.13214285714285715,8796,6 1 3 3 0 102 -37,0.8571428571428571 0.5 0.3333333333333333 0.3 0.0 0.0 0.28,910776.4704761903,0.014285714285714285,1,0 0 2 0 0 136 -30,0.0 0.0 0.0 0.0 0.0 0.3300970873786408 0.56,3.860970873786408,0.5071428571428571,3062,0 0 2 0 0 132 -37,0.0 0.0 0.0 0.0 0.0 0.2912621359223301 0.28,3.192621359223301,0.125,2787,6 1 3 3 0 102 -37,0.8571428571428571 0.5 0.3333333333333333 0.3 0.0 0.0 0.28,910776.4704761903,0.014285714285714285,1,0 0 2 0 0 135 -29,0.0 0.0 0.0 0.0 0.0 0.32038834951456313 0.6,3.8038834951456315,0.2714285714285714,11299,0 0 2 2 0 140 -35,0.0 0.0 0.0 0.2 0.0 0.36893203883495146 0.36,204.0493203883495,0.15714285714285714,8875,7 1 4 9 0 102 -37,1.0 0.5 0.6666666666666666 0.9 0.0 0.0 0.28,1057566.9466666668,0.014285714285714285,342,0 0 2 0 0 130 -25,0.0 0.0 0.0 0.0 0.0 0.27184466019417475 0.76,3.478446601941747,0.6642857142857143,6367,0 0 2 0 0 205 -19,0.0 0.0 0.0 0.0 0.0 1.0 1.0,11.0,0.5285714285714286,4593,7 2 5 10 0 106 -37,1.0 1.0 1.0 1.0 0.0 0.038834951456310676 0.28,1111000.6683495145,0.017857142857142856,340,0 0 2 0 0 130 -25,0.0 0.0 0.0 0.0 0.0 0.27184466019417475 0.76,3.478446601941747,0.6678571428571428,6366,0 0 2 0 0 205 -19,0.0 0.0 0.0 0.0 0.0 1.0 1.0,11.0,0.5285714285714286,4593,0 0 2 0 0 128 -35,0.0 0.0 0.0 0.0 0.0 0.2524271844660194 0.36,2.884271844660194,0.16071428571428573,1280
resolved-p28d-3600-all/resolved-p28d-3600-3rd/nsp-n10-d28-r0.10-rp0-fp0-s0,0 2 0 0 0 76 -37,0.0 0.2 0.0 0.0 0.0 0.0 0.0,20000.0,0.29285714285714287,338,0 1 0 0 0 77 -33,0.0 0.0 0.0 0.0 0.0 0.0025380710659898475 0.09090909090909091,0.11628980156898938,0.31785714285714284,410,0 1 0 0 0 78 -28,0.0 0.0 0.0 0.0 0.0 0.005076142131979695 0.20454545454545456,0.2553068758652515,0.21785714285714286,405,2 4 1 8 0 76 -28,0.5 0.6 0.02631578947368421 0.14035087719298245 0.0 0.0 0.20454545454545456,560403.7133173844,0.025,1,0 1 0 0 0 92 -18,0.0 0.0 0.0 0.0 0.0 0.04060913705583756 0.4318181818181818,0.8379095523765574,0.38571428571428573,572,0 1 0 0 0 94 -29,0.0 0.0 0.0 0.0 0.0 0.04568527918781726 0.18181818181818182,0.6386709736963544,0.08571428571428572,991,2 4 1 8 0 76 -28,0.5 0.6 0.02631578947368421 0.14035087719298245 0.0 0.0 0.20454545454545456,560403.7133173844,0.025,1,0 1 0 0 0 98 -19,0.0 0.0 0.0 0.0 0.0 0.05583756345177665 0.4090909090909091,0.9674665436086756,0.4035714285714286,1793,0 1 0 0 0 94 -29,0.0 0.0 0.0 0.0 0.0 0.04568527918781726 0.18181818181818182,0.6386709736963544,0.08571428571428572,526,2 4 1 8 0 76 -28,0.5 0.6 0.02631578947368421 0.14035087719298245 0.0 0.0 0.20454545454545456,560403.7133173844,0.025,1,0 1 0 0 0 103 -13,0.0 0.0 0.0 0.0 0.0 0.06852791878172589 0.5454545454545454,1.2307337332718042,0.36428571428571427,2253,0 1 0 0 0 94 -29,0.0 0.0 0.0 0.0 0.0 0.04568527918781726 0.18181818181818182,0.6386709736963544,0.08571428571428572,538,3 5 1 13 0 79 -28,0.75 0.8 0.02631578947368421 0.22807017543859648 0.0 0.007614213197969543 0.20454545454545456,830491.5087577619,0.025,360,0 3 38 57 20 470 -1,0.0 0.4 1.0 1.0 1.0 1.0 0.8181818181818182,51110.818181818184,0.7107142857142857,21340,0 2 25 25 12 381 -10,0.0 0.2 0.6578947368421053 0.43859649122807015 0.6 0.7741116751269036 0.6136363636363636,27085.898612764027,0.6035714285714285,24281,4 6 1 15 0 79 -28,1.0 1.0 0.02631578947368421 0.2631578947368421 0.0 0.007614213197969543 0.20454545454545456,1100526.59647706,0.025,359,0 3 36 53 18 436 2,0.0 0.4 0.9473684210526315 0.9298245614035088 0.9 0.9137055837563451 0.8863636363636364,50503.53219140375,0.7285714285714285,21690,0 2 26 39 14 401 7,0.0 0.2 0.6842105263157895 0.6842105263157895 0.7 0.8248730964467005 1.0,27605.56452043815,0.6035714285714285,23876,0 1 0 0 0 85 -29,0.0 0.0 0.0 0.0 0.0 0.02284263959390863 0.18181818181818182,0.4102445777572681,0.1392857142857143,358
resolved-p28d-3600-all/resolved-p28d-3600-3rd/nsp-n30-d28-r0.10-rp2-fp2-s9,1 2 0 1 0 106 -104,0.0 0.0 0.0 0.0 0.0 0.009560229445506692 0.0,0.09560229445506692,0.2226190476190476,2391,1 2 0 2 0 118 -80,0.0 0.0 0.0 0.00267379679144385 0.0 0.021032504780114723 0.14285714285714285,3.0269789821021402,0.12976190476190477,2569,1 2 0 7 0 136 -76,0.0 0.0 0.0 0.016042780748663103 0.0 0.03824091778202677 0.16666666666666666,16.591856593150037,0.09523809523809523,2504,17 2 0 5 0 97 -79,0.9411764705882353 0.0 0.0 0.0106951871657754 0.0 0.0009560229445506692 0.1488095238095238,941187.3241451543,0.008333333333333333,1,3 202 247 251 33 880 -36,0.11764705882352941 0.7407407407407407 0.5825471698113207 0.6684491978609626 0.32673267326732675 0.7495219885277247 0.40476190476190477,198255.62704269442,0.37142857142857144,829,3 77 231 196 27 737 -49,0.11764705882352941 0.2777777777777778 0.5448113207547169 0.5213903743315508 0.26732673267326734 0.612810707456979 0.3273809523809524,151427.52834448018,0.2785714285714286,770,17 2 0 5 0 97 -79,0.9411764705882353 0.0 0.0 0.0106951871657754 0.0 0.0009560229445506692 0.1488095238095238,941187.3241451543,0.008333333333333333,1,10 15 5 22 0 132 -74,0.5294117647058824 0.04814814814814815 0.01179245283018868 0.05614973262032086 0.0 0.03441682600382409 0.17857142857142858,534401.176521308,0.0380952380952381,551,4 153 110 248 20 543 -18,0.17647058823529413 0.5592592592592592 0.25943396226415094 0.660427807486631 0.19801980198019803 0.4273422562141491 0.5119047619047619,235675.86889887025,0.3476190476190476,533,17 2 0 5 0 97 -79,0.9411764705882353 0.0 0.0 0.0106951871657754 0.0 0.0009560229445506692 0.1488095238095238,941187.3241451543,0.008333333333333333,1,12 24 2 32 0 122 -63,0.6470588235294118 0.08148148148148149 0.0047169811320754715 0.08288770053475936 0.0 0.0248565965583174 0.24404761904761904,655337.5218030001,0.030952380952380953,178,6 13 44 77 8 307 -60,0.29411764705882354 0.040740740740740744 0.10377358490566038 0.20320855614973263 0.07920792079207921 0.20172084130019122 0.2619047619047619,299442.8654433581,0.1357142857142857,265,18 2 0 7 0 96 -79,1.0 0.0 0.0 0.016042780748663103 0.0 0.0 0.1488095238095238,1000016.1915902725,0.008333333333333333,1008,18 271 76 299 19 798 51,1.0 0.9962962962962963 0.1792452830188679 0.7967914438502673 0.18811881188118812 0.6711281070745698 0.9226190476190477,1102245.319684975,0.6059523809523809,8938,12 212 389 360 92 1110 60,0.6470588235294118 0.7777777777777778 0.9174528301886793 0.9598930481283422 0.9108910891089109 0.9694072657743786 0.9761904761904762,735072.7820292496,0.6035714285714285,7604,18 2 0 5 0 96 -79,1.0 0.0 0.0 0.0106951871657754 0.0 0.0 0.1488095238095238,1000010.8439966895,0.008333333333333333,1009,18 272 75 312 19 800 49,1.0 1.0 0.17688679245283018 0.8315508021390374 0.18811881188118812 0.6730401529636711 0.9107142857142857,1102626.8717236707,0.6059523809523809,8747,11 242 424 375 101 1142 64,0.5882352941176471 0.8888888888888888 1.0 1.0 1.0 1.0 1.0,688235.183006536,0.6035714285714285,7882,2 2 2 10 0 138 -69,0.058823529411764705 0.0 0.0047169811320754715 0.02406417112299465 0.0 0.040152963671128104 0.20833333333333334,58895.3732571785,0.06904761904761905,1164
resolved-p28d-3600-all/resolved-p28d-3600-3rd/nsp-n20-d28-r0.10-rp2-fp2-s2,0 0 10 1 0 74 -79,0.0 0.0 0.03614457831325301 0.0 0.0 0.014823261117445839 0.0,361.5940157437046,0.25,894,0 0 10 1 0 78 -51,0.0 0.0 0.03614457831325301 0.0 0.0 0.019384264538198404 0.19858156028368795,361.8382073381958,0.14821428571428572,868,0 0 10 1 0 92 -50,0.0 0.0 0.03614457831325301 0.0 0.0 0.03534777651083238 0.20567375886524822,362.0049346565037,0.13035714285714287,1167,11 2 4 7 0 61 -42,0.9166666666666666 0.14285714285714285 0.0 0.01054481546572935 0.0 0.0 0.2624113475177305,930963.1881791941,0.0125,1,4 14 8 42 2 176 -26,0.3333333333333333 1.0 0.024096385542168676 0.07205623901581722 0.3333333333333333 0.13112884834663627 0.375886524822695,433681.37393611245,0.10357142857142858,9704,1 12 72 81 6 262 -34,0.08333333333333333 0.8571428571428571 0.40963855421686746 0.140597539543058 1.0 0.2291904218928164 0.3191489361702128,173387.21318248587,0.16964285714285715,3723,11 2 4 7 0 61 -42,0.9166666666666666 0.14285714285714285 0.0 0.01054481546572935 0.0 0.0 0.2624113475177305,930963.1881791941,0.0125,1,7 1 5 20 1 123 -37,0.5833333333333334 0.07142857142857142 0.006024096385542169 0.033391915641476276 0.16666666666666666 0.07069555302166476 0.2978723404255319,590587.4948502247,0.06428571428571428,20747,0 0 16 31 0 241 -14,0.0 0.0 0.07228915662650602 0.05272407732864675 0.0 0.20524515393386544 0.46099290780141844,778.129088040847,0.20714285714285716,2119,11 2 4 7 0 61 -42,0.9166666666666666 0.14285714285714285 0.0 0.01054481546572935 0.0 0.0 0.2624113475177305,930963.1881791941,0.0125,1,8 6 8 32 1 151 -42,0.6666666666666666 0.42857142857142855 0.024096385542168676 0.054481546572934976 0.16666666666666666 0.10262257696693272 0.2624113475177305,709837.210229588,0.07678571428571429,19623,0 0 19 38 1 173 -36,0.0 0.0 0.09036144578313253 0.06502636203866433 0.16666666666666666 0.12770809578107184 0.3049645390070922,986.8895320334741,0.125,1028,12 2 4 7 0 61 -42,1.0 0.14285714285714285 0.0 0.01054481546572935 0.0 0.0 0.2624113475177305,1014296.5215125275,0.0125,716,0 0 159 551 6 856 62,0.0 0.0 0.9337349397590361 0.9666080843585237 1.0 0.9064994298745724 1.0,10414.02247624763,0.7142857142857143,6156,0 0 170 278 6 918 54,0.0 0.0 1.0 0.4868189806678383 1.0 0.9771949828962372 0.9432624113475178,10597.534192908148,0.6178571428571429,6688,12 2 4 9 0 63 -42,1.0 0.14285714285714285 0.0 0.014059753954305799 0.0 0.002280501710376283 0.2624113475177305,1014300.0592560332,0.0125,715,0 0 152 570 5 822 47,0.0 0.0 0.891566265060241 1.0 0.8333333333333334 0.8677309007981756 0.8936170212765957,10008.566909965,0.7,6624,0 0 162 225 5 938 41,0.0 0.0 0.9518072289156626 0.3936731107205624 0.8333333333333334 1.0 0.851063829787234,10005.929797040308,0.6107142857142858,7159,0 0 10 3 0 104 -41,0.0 0.0 0.03614457831325301 0.0035149384885764497 0.0 0.04903078677309008 0.2695035460992908,365.72053303493675,0.07321428571428572,1028
resolved-p28d-3600-all/resolved-p28d-3600-3rd/nsp-n10-d28-r0.10-rp0-fp0-s4,1 5 0 0 0 85 -41,0.25 0.3333333333333333 0.0 0.0 0.0 0.0029940119760479044 0.0,283333.3632734531,0.33214285714285713,444,1 5 0 0 0 84 -36,0.25 0.3333333333333333 0.0 0.0 0.0 0.0 0.1724137931034483,283333.5057471264,0.3,417,1 5 0 0 0 89 -36,0.25 0.3333333333333333 0.0 0.0 0.0 0.014970059880239521 0.1724137931034483,283333.6554477252,0.19285714285714287,359,2 6 4 4 0 99 -19,0.5 0.4166666666666667 0.125 0.09302325581395349 0.0 0.04491017964071856 0.7586206896551724,543010.8976449667,0.025,1,0 1 0 0 0 111 -29,0.0 0.0 0.0 0.0 0.0 0.08083832335329341 0.41379310344827586,1.22217633698121,0.4857142857142857,9185,0 1 0 0 0 119 -24,0.0 0.0 0.0 0.0 0.0 0.10479041916167664 0.5862068965517241,1.6341110881684906,0.16071428571428573,3947,2 6 4 4 0 99 -19,0.5 0.4166666666666667 0.125 0.09302325581395349 0.0 0.04491017964071856 0.7586206896551724,543010.8976449667,0.025,1,0 1 0 0 0 107 -27,0.0 0.0 0.0 0.0 0.0 0.0688622754491018 0.4827586206896552,1.1713813751806732,0.5,2530,0 1 0 0 0 120 -20,0.0 0.0 0.0 0.0 0.0 0.10778443113772455 0.7241379310344828,1.8019822424117282,0.15714285714285714,3202,2 6 4 4 0 99 -19,0.5 0.4166666666666667 0.125 0.09302325581395349 0.0 0.04491017964071856 0.7586206896551724,543010.8976449667,0.025,1,0 1 0 0 0 113 -27,0.0 0.0 0.0 0.0 0.0 0.08682634730538923 0.4827586206896552,1.3510220937435475,0.45357142857142857,1346,0 1 0 0 0 117 -27,0.0 0.0 0.0 0.0 0.0 0.09880239520958084 0.4827586206896552,1.4707825727854635,0.17142857142857143,5651,4 13 3 7 0 101 -19,1.0 1.0 0.09375 0.16279069767441862 0.0 0.05089820359281437 0.7586206896551724,1101101.5583004,0.03214285714285714,341,0 1 29 43 6 418 -12,0.0 0.0 0.90625 1.0 0.6666666666666666 1.0 1.0,10140.166666666666,0.6642857142857143,21895,0 1 0 2 0 209 -16,0.0 0.0 0.0 0.046511627906976744 0.0 0.37425149700598803 0.8620689655172413,51.11621184255387,0.5892857142857143,15348,4 11 4 7 0 99 -19,1.0 0.8333333333333334 0.125 0.16279069767441862 0.0 0.04491017964071856 0.7586206896551724,1084747.3317534938,0.03214285714285714,342,0 1 32 43 9 411 -19,0.0 0.0 1.0 1.0 1.0 0.9790419161676647 0.7586206896551724,11110.549039851332,0.6964285714285714,21637,0 1 9 15 2 234 -18,0.0 0.0 0.28125 0.3488372093023256 0.2222222222222222 0.4491017964071856 0.7931034482758621,3188.843552936896,0.6142857142857143,14579,1 5 0 2 0 96 -23,0.25 0.3333333333333333 0.0 0.046511627906976744 0.0 0.03592814371257485 0.6206896551724138,283380.8249323326,0.15714285714285714,259
resolved-p28d-3600-all/resolved-p28d-3600-3rd/nsp-n20-d28-r0.10-rp2-fp2-s4,0 7 3 0 0 82 -68,0.0 0.030303030303030304 0.004830917874396135 0.0 0.0 0.0020174848688634837 0.0,3078.6323838956805,0.24285714285714285,790,0 3 4 4 0 102 -53,0.0 0.0 0.007246376811594203 0.0030097817908201654 0.0 0.01546738399462004 0.10204081632653061,75.73026456303492,0.14285714285714285,1043,0 3 3 9 0 107 -57,0.0 0.0 0.004830917874396135 0.006772009029345372 0.0 0.01882985877605918 0.07482993197278912,55.3443162930401,0.125,1354,9 9 2 10 0 79 -55,1.0 0.045454545454545456 0.0024154589371980675 0.007524454477050414 0.0 0.0 0.08843537414965986,1004577.2220246777,0.019642857142857142,1,0 84 232 294 34 778 -1,0.0 0.6136363636363636 0.5579710144927537 0.22121896162528218 0.6296296296296297 0.47007397444519167 0.4557823129251701,67232.68495520952,0.6339285714285714,3190,0 50 280 353 49 1251 12,0.0 0.3560606060606061 0.6739130434782609 0.2656132430398796 0.9074074074074074 0.7881640887693342 0.54421768707483,42709.970883198606,0.5625,2154,9 9 2 10 0 79 -55,1.0 0.045454545454545456 0.0024154589371980675 0.007524454477050414 0.0 0.0 0.08843537414965986,1004577.2220246777,0.019642857142857142,1,0 135 135 257 23 592 0,0.0 1.0 0.32367149758454106 0.19337848006019565 0.42592592592592593 0.3449899125756557 0.46258503401360546,103476.59853265797,0.5964285714285714,969,0 108 182 223 21 565 -6,0.0 0.7954545454545454 0.43719806763285024 0.16779533483822423 0.3888888888888889 0.32683254875588436 0.4217687074829932,84127.8095397052,0.38035714285714284,1551,9 9 2 10 0 79 -55,1.0 0.045454545454545456 0.0024154589371980675 0.007524454477050414 0.0 0.0 0.08843537414965986,1004577.2220246777,0.019642857142857142,1,0 68 233 336 54 814 10,0.0 0.49242424242424243 0.5603864734299517 0.2528216704288939 1.0 0.49428379287155344 0.5306122448979592,55204.58409732627,0.5892857142857143,3515,0 75 305 309 49 1098 9,0.0 0.5454545454545454 0.7342995169082126 0.2325056433408578 0.9074074074074074 0.6852723604572966 0.5238095238095238,62219.072631746654,0.6607142857142857,5564,9 10 415 1329 14 1566 79,1.0 0.05303030303030303 1.0 1.0 0.25925925925925924 1.0 1.0,1016339.9562289562,0.6125,14166,1 3 253 357 10 1232 35,0.1111111111111111 0.0 0.6086956521739131 0.2686230248306998 0.18518518518518517 0.7753866845998655 0.7006802721088435,117493.66372331757,0.6625,14069,2 3 293 127 16 1480 36,0.2222222222222222 0.0 0.7053140096618358 0.09556057185854025 0.2962962962962963 0.9421654337592468 0.7074829931972789,229410.68165765953,0.6446428571428572,12438,9 10 397 1134 15 1565 70,1.0 0.05303030303030303 0.9565217391304348 0.8532731376975169 0.2777777777777778 0.9993275050437121 0.9387755102040817,1015760.2306603706,0.6125,14627,1 3 258 307 10 1228 23,0.1111111111111111 0.0 0.6207729468599034 0.2310007524454477 0.18518518518518517 0.7726967047747142 0.6190476190476191,117576.7058653409,0.6625,13843,2 3 312 121 14 1556 26,0.2222222222222222 0.0 0.751207729468599 0.09104589917231001 0.25925925925925924 0.9932750504371217 0.6394557823129252,229861.84354829314,0.6446428571428572,12158,0 5 1 16 0 110 -55,0.0 0.015151515151515152 0.0 0.012039127163280662 0.0 0.020847343644922665 0.08843537414965986,1527.4875511253947,0.09464285714285714,1853
resolved-p28d-3600-all/resolved-p28d-3600-3rd/nsp-n50-d28-r0.10-rp2-fp2-s7,30 609 1076 1234 148 2148 13,0.8148148148148148 0.7329113924050633 0.0 0.0 0.8395061728395061 0.0 0.0,888189.904672605,0.09214285714285714,2243,8 696 1258 1346 150 2449 58,0.0 0.8430379746835444 0.09832522960561858 0.014200583238240142 0.8518518518518519 0.04240631163708087 0.3103448275862069,85387.169940778,0.03785714285714286,3670,8 696 1272 1342 150 2452 56,0.0 0.8430379746835444 0.10588870880605078 0.013693419551160137 0.8518518518518519 0.042828965905888985 0.296551724137931,85462.28800253448,0.04,3653,35 730 1295 1491 161 2396 64,1.0 0.8860759493670886 0.11831442463533225 0.03258526689489032 0.9197530864197531 0.03493941955480417 0.35172413793103446,1089916.0008769326,0.012142857142857143,1,33 737 1399 1607 173 2454 31,0.9259259259259259 0.8949367088607595 0.17450027012425715 0.04729301382021047 0.9938271604938271 0.04311073541842773 0.12413793103448276,1017311.8304883993,0.08642857142857142,604,32 758 1542 1509 173 2570 33,0.8888888888888888 0.9215189873417722 0.2517558076715289 0.03486750348675035 0.9938271604938271 0.05945336714567484 0.13793103448275862,983693.3283840235,0.22857142857142856,475,35 730 1295 1491 161 2396 64,1.0 0.8860759493670886 0.11831442463533225 0.03258526689489032 0.9197530864197531 0.03493941955480417 0.35172413793103446,1089916.0008769326,0.012142857142857143,1,32 731 1369 1542 174 2355 55,0.8888888888888888 0.8873417721518987 0.1582928146947596 0.03905160390516039 1.0 0.029163144547759933 0.2896551724137931,979345.6271415494,0.08214285714285714,313,28 808 1658 1838 127 2538 41,0.7407407407407407 0.9848101265822785 0.31442463533225284 0.07658171674908076 0.7098765432098766 0.054945054945054944 0.19310344827586207,842514.3116773588,0.205,576,35 730 1295 1491 161 2396 64,1.0 0.8860759493670886 0.11831442463533225 0.03258526689489032 0.9197530864197531 0.03493941955480417 0.35172413793103446,1089916.0008769326,0.012142857142857143,1,29 820 1643 1953 157 2457 45,0.7777777777777778 1.0 0.3063209076175041 0.09116267275263092 0.8950617283950617 0.04353338968723584 0.2206896551724138,881022.311723097,0.22642857142857142,1565,31 727 1336 1494 160 2377 63,0.8518518518518519 0.8822784810126583 0.14046461372231225 0.03296563966020033 0.9135802469135802 0.03226260918568611 0.3448275862068966,941609.3372083704,0.02642857142857143,287,17 40 2865 6778 28 9038 158,0.3333333333333333 0.012658227848101266 0.9665045921123717 0.702928870292887 0.09876543209876543 0.9706959706959707 1.0,344987.71441247687,0.7521428571428571,4756,15 34 2747 9121 95 8475 89,0.25925925925925924 0.005063291139240506 0.9027552674230146 1.0 0.5123456790123457 0.8913778529163144 0.5241379310344828,269853.81353177485,0.7642857142857142,4219,12 34 2685 8563 12 8960 127,0.14814814814814814 0.005063291139240506 0.8692598595353863 0.9292506656523393 0.0 0.9597069597069597 0.7862068965517242,158286.709799572,0.7657142857142857,3753,17 41 2927 7129 29 9246 141,0.3333333333333333 0.013924050632911392 1.0 0.7474324838341575 0.10493827160493827 1.0 0.8827586206896552,345494.5474662398,0.7521428571428571,4549,15 30 2682 8394 96 8339 95,0.25925925925925924 0.0 0.8676391139924365 0.907822999873209 0.5185185185185185 0.8722175260636799 0.5655172413793104,268904.6129434107,0.7642857142857142,4422,12 33 2634 8014 15 8877 131,0.14814814814814814 0.0037974683544303796 0.8417071853052404 0.8596424496006086 0.018518518518518517 0.9480135249366018 0.8137931034482758,157816.75506644885,0.7657142857142857,3980,10 692 1270 1380 158 2443 44,0.07407407407407407 0.8379746835443038 0.10480821177741761 0.018511474578420187 0.9012345679012346 0.04156100309946464 0.21379310344827587,159028.88888078163,0.035,3731
resolved-p28d-3600-all/resolved-p28d-3600-3rd/nsp-n10-d28-r0.10-rp0-fp0-s7,0 0 0 0 0 74 -30,0.0 0.0 0.0 0.0 0.0 0.0 0.0,0.0,0.39285714285714285,86,0 0 0 0 0 77 -30,0.0 0.0 0.0 0.0 0.0 0.026785714285714284 0.0,0.26785714285714285,0.38571428571428573,67,0 0 0 0 0 77 -28,0.0 0.0 0.0 0.0 0.0 0.026785714285714284 0.11764705882352941,0.38550420168067223,0.325,56,0 0 0 0 0 94 -17,0.0 0.0 0.0 0.0 0.0 0.17857142857142858 0.7647058823529411,2.5504201680672267,0.1357142857142857,21,0 0 0 0 0 93 -13,0.0 0.0 0.0 0.0 0.0 0.16964285714285715 1.0,2.6964285714285716,0.34285714285714286,5,0 0 0 0 0 94 -21,0.0 0.0 0.0 0.0 0.0 0.17857142857142858 0.5294117647058824,2.3151260504201683,0.12857142857142856,15,0 0 0 0 0 95 -21,0.0 0.0 0.0 0.0 0.0 0.1875 0.5294117647058824,2.4044117647058822,0.1357142857142857,24,0 0 0 0 0 92 -23,0.0 0.0 0.0 0.0 0.0 0.16071428571428573 0.4117647058823529,2.01890756302521,0.275,12,0 0 0 0 0 94 -21,0.0 0.0 0.0 0.0 0.0 0.17857142857142858 0.5294117647058824,2.3151260504201683,0.12857142857142856,21,0 0 0 0 0 101 -21,0.0 0.0 0.0 0.0 0.0 0.24107142857142858 0.5294117647058824,2.940126050420168,0.1357142857142857,15,0 0 0 0 0 93 -16,0.0 0.0 0.0 0.0 0.0 0.16964285714285715 0.8235294117647058,2.5199579831932777,0.40714285714285714,12,0 0 0 0 0 95 -22,0.0 0.0 0.0 0.0 0.0 0.1875 0.47058823529411764,2.3455882352941178,0.1357142857142857,18,0 0 0 0 0 186 -19,0.0 0.0 0.0 0.0 0.0 1.0 0.6470588235294118,10.647058823529411,0.45714285714285713,10,0 0 0 0 0 101 -16,0.0 0.0 0.0 0.0 0.0 0.24107142857142858 0.8235294117647058,3.234243697478991,0.6535714285714286,130,0 0 0 0 0 171 -16,0.0 0.0 0.0 0.0 0.0 0.8660714285714286 0.8235294117647058,9.484243697478993,0.44642857142857145,16,0 0 0 0 0 186 -19,0.0 0.0 0.0 0.0 0.0 1.0 0.6470588235294118,10.647058823529411,0.45714285714285713,10,0 0 0 0 0 98 -16,0.0 0.0 0.0 0.0 0.0 0.21428571428571427 0.8235294117647058,2.966386554621849,0.6535714285714286,131,0 0 0 0 0 170 -16,0.0 0.0 0.0 0.0 0.0 0.8571428571428571 0.8235294117647058,9.394957983193278,0.44642857142857145,17,0 0 0 0 0 83 -23,0.0 0.0 0.0 0.0 0.0 0.08035714285714286 0.4117647058823529,1.2153361344537816,0.17857142857142858,23
resolved-p28d-3600-all/resolved-p28d-3600-3rd/nsp-n30-d28-r0.10-rp2-fp2-s7,0 0 0 0 0 107 -97,0.0 0.0 0.0 0.0 0.0 0.0 0.24390243902439024,0.24390243902439024,0.2511904761904762,238,0 0 0 0 0 118 -88,0.0 0.0 0.0 0.0 0.0 0.024336283185840708 0.4634146341463415,0.7067774660047486,0.1738095238095238,163,0 0 0 0 0 128 -81,0.0 0.0 0.0 0.0 0.0 0.046460176991150445 0.6341463414634146,1.0987481113749191,0.15833333333333333,139,0 0 0 0 0 208 -85,0.0 0.0 0.0 0.0 0.0 0.2234513274336283 0.5365853658536586,2.771098640189942,0.12023809523809524,28,0 0 0 0 0 169 -76,0.0 0.0 0.0 0.0 0.0 0.13716814159292035 0.7560975609756098,2.127778976904813,0.36904761904761907,11,0 0 0 0 0 204 -78,0.0 0.0 0.0 0.0 0.0 0.21460176991150443 0.7073170731707317,2.853334772285776,0.12738095238095237,4,0 0 0 0 0 200 -86,0.0 0.0 0.0 0.0 0.0 0.20575221238938052 0.5121951219512195,2.5697172458450246,0.12261904761904761,22,0 0 0 0 0 193 -77,0.0 0.0 0.0 0.0 0.0 0.1902654867256637 0.7317073170731707,2.6343621843298077,0.3119047619047619,9,0 0 0 0 0 201 -85,0.0 0.0 0.0 0.0 0.0 0.2079646017699115 0.5365853658536586,2.6162313835527735,0.13333333333333333,13,0 0 0 0 0 214 -79,0.0 0.0 0.0 0.0 0.0 0.23672566371681417 0.6829268292682927,3.0501834664364345,0.12738095238095237,4,0 0 0 0 0 165 -79,0.0 0.0 0.0 0.0 0.0 0.12831858407079647 0.6829268292682927,1.9661126699762574,0.3738095238095238,3,0 0 0 0 0 181 -79,0.0 0.0 0.0 0.0 0.0 0.16371681415929204 0.6829268292682927,2.3200949708612133,0.12976190476190477,3,0 0 0 0 0 473 -66,0.0 0.0 0.0 0.0 0.0 0.8097345132743363 1.0,9.097345132743364,0.4119047619047619,29,0 0 0 0 0 188 -107,0.0 0.0 0.0 0.0 0.0 0.17920353982300885 0.0,1.7920353982300885,0.6880952380952381,195,0 0 0 0 0 559 -68,0.0 0.0 0.0 0.0 0.0 1.0 0.9512195121951219,10.951219512195122,0.4166666666666667,21,0 0 0 0 0 473 -66,0.0 0.0 0.0 0.0 0.0 0.8097345132743363 1.0,9.097345132743364,0.4119047619047619,29,0 0 0 0 0 173 -93,0.0 0.0 0.0 0.0 0.0 0.14601769911504425 0.34146341463414637,1.801640405784589,0.6297619047619047,199,0 0 0 0 0 559 -68,0.0 0.0 0.0 0.0 0.0 1.0 0.9512195121951219,10.951219512195122,0.4166666666666667,21,0 0 0 0 0 165 -84,0.0 0.0 0.0 0.0 0.0 0.12831858407079647 0.5609756097560976,1.8441614504640622,0.1130952380952381,28
resolved-p28d-3600-all/resolved-p28d-3600-3rd/nsp-n40-d28-r0.10-rp2-fp2-s3,1 11 0 4 0 253 -120,0.05 0.2619047619047619 0.0 0.0 0.0 0.0 0.0,76190.47619047618,0.16785714285714284,2064,1 11 0 20 0 299 -101,0.05 0.2619047619047619 0.0 0.0031620553359683794 0.0 0.010923771075753978 0.08225108225108226,76193.82973460517,0.08660714285714285,2840,1 11 0 24 0 318 -98,0.05 0.2619047619047619 0.0 0.003952569169960474 0.0 0.01543576347660888 0.09523809523809523,76194.67835537615,0.06964285714285715,3138,19 13 0 21 0 272 -95,0.95 0.30952380952380953 0.0 0.0033596837944664033 0.0 0.004511992400854904 0.10822510822510822,980955.8939812076,0.01607142857142857,1,17 31 4 30 0 318 -95,0.85 0.7380952380952381 0.0033984706881903144 0.005138339920948616 0.0 0.01543576347660888 0.10822510822510822,923848.9094390697,0.0375,1943,17 23 1 5 0 318 -96,0.85 0.5476190476190477 0.0008496176720475786 0.0001976284584980237 0.0 0.01543576347660888 0.1038961038961039,904770.8568208225,0.04107142857142857,184,19 13 0 21 0 272 -95,0.95 0.30952380952380953 0.0 0.0033596837944664033 0.0 0.004511992400854904 0.10822510822510822,980955.8939812076,0.01607142857142857,1,17 42 4 49 1 291 -97,0.85 1.0 0.0033984706881903144 0.008893280632411068 0.034482758620689655 0.009023984801709808 0.09956709956709957,950046.516070324,0.045535714285714284,1170,16 27 11 46 1 325 -95,0.8 0.6428571428571429 0.009345794392523364 0.008300395256916997 0.034482758620689655 0.017098076466397532 0.10822510822510822,864391.2001066314,0.044642857142857144,32,19 13 0 21 0 272 -95,0.95 0.30952380952380953 0.0 0.0033596837944664033 0.0 0.004511992400854904 0.10822510822510822,980955.8939812076,0.01607142857142857,1,17 22 13 57 2 343 -93,0.85 0.5238095238095238 0.011045029736618521 0.010474308300395257 0.06896551724137931 0.021372595582996912 0.11688311688311688,902509.1041474158,0.05803571428571429,652,16 17 1 30 0 295 -95,0.8 0.40476190476190477 0.0008496176720475786 0.005138339920948616 0.0 0.009973877938731893 0.10822510822510822,840490.0329567195,0.025,221,20 14 0 21 0 272 -95,1.0 0.3333333333333333 0.0 0.0033596837944664033 0.0 0.004511992400854904 0.10822510822510822,1033336.84636216,0.01607142857142857,1386,0 0 1162 2824 29 4388 111,0.0 0.0 0.9872557349192863 0.5573122529644269 1.0 0.9819520303965804 1.0,10540.689122461255,0.6464285714285715,2096,0 0 1162 5064 11 4464 55,0.0 0.0 0.9872557349192863 1.0 0.3793103448275862 1.0 0.7575757575757576,10921.245959433198,0.6482142857142857,2457,19 13 0 21 0 272 -95,0.95 0.30952380952380953 0.0 0.0033596837944664033 0.0 0.004511992400854904 0.10822510822510822,980955.8939812076,0.01607142857142857,1387,0 0 1177 2865 29 4397 111,0.0 0.0 1.0 0.5654150197628458 1.0 0.9840892899548801 1.0,10676.255912662395,0.6464285714285715,2071,0 0 1154 4662 13 4431 63,0.0 0.0 0.9804587935429057 0.9205533596837945 0.4482758620689655 0.9921633816195679 0.7922077922077922,10780.682722928152,0.6482142857142857,2505,1 11 0 34 0 326 -97,0.05 0.2619047619047619 0.0 0.005928853754940711 0.0 0.017335549750653052 0.09956709956709957,76196.67796682821,0.05892857142857143,2403
resolved-p28d-3600-all/resolved-p28d-3600-3rd/nsp-n40-d28-r0.10-rp2-fp2-s0,4 8 0 3 0 227 -107,0.19047619047619047 0.0273972602739726 0.0 0.0 0.0 0.0 0.0,193215.91650358774,0.15625,2241,4 8 0 19 0 311 -96,0.19047619047619047 0.0273972602739726 0.0 0.003471468865263615 0.0 0.017702845100105374 0.043478260869565216,193219.60847916486,0.07410714285714286,2059,4 15 0 28 0 291 -98,0.19047619047619047 0.05136986301369863 0.0 0.0054241701019743975 0.0 0.013487881981032667 0.03557312252964427,195618.77139960465,0.05892857142857143,1709,20 12 1 25 0 238 -96,0.9523809523809523 0.0410958904109589 0.000749063670411985 0.00477326968973747 0.0 0.0023182297154899895 0.043478260869565216,956502.8719890001,0.01607142857142857,1,9 292 402 406 52 1014 -65,0.42857142857142855 1.0 0.30112359550561796 0.0874376220438273 1.0 0.16585879873551107 0.16600790513833993,531771.926744421,0.3196428571428571,250,14 232 425 419 38 1072 -43,0.6666666666666666 0.7945205479452054 0.31835205992509363 0.09025819049685398 0.7307692307692307 0.1780821917808219 0.25296442687747034,749467.6109603565,0.34464285714285714,425,20 12 1 25 0 238 -96,0.9523809523809523 0.0410958904109589 0.000749063670411985 0.00477326968973747 0.0 0.0023182297154899895 0.043478260869565216,956502.8719890001,0.01607142857142857,1,18 35 12 55 1 261 -89,0.8571428571428571 0.11986301369863013 0.008988764044943821 0.011282273812106747 0.019230769230769232 0.007165437302423604 0.07114624505928854,869232.3943045228,0.04732142857142857,487,12 135 149 178 15 648 -55,0.5714285714285714 0.4623287671232877 0.11161048689138577 0.03796919071382079 0.28846153846153844 0.08872497365648051 0.20553359683794467,618845.4611377073,0.2392857142857143,1073,20 12 1 25 0 238 -96,0.9523809523809523 0.0410958904109589 0.000749063670411985 0.00477326968973747 0.0 0.0023182297154899895 0.043478260869565216,956502.8719890001,0.01607142857142857,1,12 76 187 181 23 768 -81,0.5714285714285714 0.2602739726027397 0.1400749063670412 0.038620091126057715 0.4423076923076923 0.11401475237091675 0.10276679841897234,598940.8115271947,0.2080357142857143,158,18 27 6 38 0 297 -87,0.8571428571428571 0.09246575342465753 0.0044943820224719105 0.007593838142764157 0.0 0.014752370916754479 0.07905138339920949,866442.1967187829,0.03660714285714286,144,20 12 1 25 0 238 -96,0.9523809523809523 0.0410958904109589 0.000749063670411985 0.00477326968973747 0.0 0.0023182297154899895 0.043478260869565216,956502.8719890001,0.01607142857142857,1421,0 0 1133 2400 34 4185 132,0.0 0.0 0.8486891385767791 0.5200694293773053 0.6538461538461539 0.834141201264489 0.9446640316205533,9081.631506573976,0.6482142857142857,1721,0 0 1335 4612 16 4972 103,0.0 0.0 1.0 1.0 0.3076923076923077 1.0 0.8300395256916996,11041.599270294922,0.6535714285714286,2539,21 12 1 25 0 238 -95,1.0 0.0410958904109589 0.000749063670411985 0.00477326968973747 0.0 0.0023182297154899895 0.04743083003952569,1004121.9235606169,0.01607142857142857,1420,0 0 1009 1454 34 3971 146,0.0 0.0 0.7558052434456929 0.31481883271859407 0.6538461538461539 0.7890410958904109 1.0,7947.146293519042,0.65,2555,0 0 1183 2978 25 4483 138,0.0 0.0 0.8861423220973783 0.6454762421349534 0.4807692307692308 0.8969441517386723 0.9683794466403162,9564.914207149688,0.6535714285714286,3144,4 11 0 36 0 302 -96,0.19047619047619047 0.03767123287671233 0.0 0.007159904534606206 0.0 0.015806111696522657 0.043478260869565216,194250.67520777415,0.05803571428571429,1968
resolved-p28d-3600-all/resolved-p28d-3600-3rd/nsp-n40-d28-r0.10-rp2-fp2-s9,2 4 0 125 13 1193 -27,0.0 0.0 0.0 0.0 0.07777777777777778 0.0 0.0,7.777777777777778,0.10446428571428572,3857,2 6 14 188 26 1396 -21,0.0 0.008695652173913044 0.0078125 0.007396970764353646 0.2222222222222222 0.04197684036393714 0.046153846153846156,977.7753326276735,0.05357142857142857,4406,2 6 16 188 34 1392 -11,0.0 0.008695652173913044 0.008928571428571428 0.007396970764353646 0.3111111111111111 0.041149710504549214 0.12307692307692308,997.8935875806059,0.05178571428571429,4306,21 6 4 196 28 1423 12,1.0 0.008695652173913044 0.002232142857142857 0.008336268639192203 0.24444444444444444 0.04755996691480562 0.3,1000925.4429587155,0.010714285714285714,1,20 5 11 209 26 1466 1,0.9473684210526315 0.004347826086956522 0.006138392857142857 0.009862627685804861 0.2222222222222222 0.056451612903225805 0.2153846153846154,947897.4523405511,0.027678571428571427,10484,18 22 23 217 27 1439 11,0.8421052631578947 0.0782608695652174 0.012834821428571428 0.01080192556064342 0.23333333333333334 0.05086848635235732 0.2923076923076923,850094.634580152,0.0375,1861,21 6 4 196 28 1423 12,1.0 0.008695652173913044 0.002232142857142857 0.008336268639192203 0.24444444444444444 0.04755996691480562 0.3,1000925.4429587155,0.010714285714285714,1,20 5 12 214 29 1484 3,0.9473684210526315 0.004347826086956522 0.006696428571428571 0.01044968885757896 0.25555555555555554 0.06017369727047146 0.23076923076923078,947907.0056976582,0.02857142857142857,8840,16 18 18 202 27 1434 1,0.7368421052631579 0.06086956521739131 0.010044642857142858 0.009040742045321123 0.23333333333333334 0.049834574028122414 0.2153846153846154,743062.5960192027,0.03214285714285714,2155,21 6 4 196 28 1423 12,1.0 0.008695652173913044 0.002232142857142857 0.008336268639192203 0.24444444444444444 0.04755996691480562 0.3,1000925.4429587155,0.010714285714285714,1,10 234 286 594 67 2196 -5,0.42105263157894735 1.0 0.15959821428571427 0.055066337912410473 0.6777777777777778 0.2074028122415219 0.16923076923076924,522773.70109638636,0.2330357142857143,520,18 15 13 201 29 1449 13,0.8421052631578947 0.04782608695652174 0.007254464285714286 0.008923329810966303 0.25555555555555554 0.05293631100082713 0.3076923076923077,846995.7324371883,0.025892857142857145,460,14 41 1731 6016 9 5919 103,0.631578947368421 0.1608695652173913 0.9659598214285714 0.6916754725842432 0.03333333333333333 0.977253928866832 1.0,658031.2834496521,0.6339285714285714,5051,10 8 1297 2763 32 5012 66,0.42105263157894735 0.017391304347826087 0.7237723214285714 0.30973347422801456 0.28888888888888886 0.7897022332506204 0.7153846153846154,430376.71999808046,0.6678571428571428,5316,15 8 1695 7901 6 5831 24,0.6842105263157895 0.017391304347826087 0.9458705357142857 0.9129975343430785 0.0 0.9590570719602978 0.3923076923076923,696331.3425204699,0.6660714285714285,5501,14 41 1731 6139 9 5915 103,0.631578947368421 0.1608695652173913 0.9659598214285714 0.7061171774098861 0.03333333333333333 0.9764267990074442 1.0,658045.7168831791,0.6339285714285714,5026,10 7 1307 2403 96 4680 70,0.42105263157894735 0.013043478260869565 0.7293526785714286 0.26746506986027946 1.0 0.7210504549214226 0.7461538461538462,430025.9279190042,0.6732142857142858,5739,15 9 1792 8642 10 6029 26,0.6842105263157895 0.021739130434782608 1.0 1.0 0.044444444444444446 1.0 0.4076923076923077,697399.2914960198,0.6660714285714285,4858,2 7 7 183 29 1348 0,0.0 0.013043478260869565 0.00390625 0.0068099095925795465 0.25555555555555554 0.03205128205128205 0.2076923076923077,1376.3039963632966,0.054464285714285715,3785
resolved-p28d-3600-all/resolved-p28d-3600-3rd/nsp-n40-d28-r0.10-rp2-fp2-s2,2 177 1724 929 304 3833 -31,0.08695652173913043 0.0 0.45631411390166254 0.46684831970935514 0.6797752808988764 0.6559502203785326 0.0,92061.04822815009,0.05267857142857143,4482,2 194 1766 970 315 3868 -25,0.08695652173913043 0.05167173252279635 0.4711708524938097 0.5040871934604905 0.7106741573033708 0.6650246305418719 0.05504587155963303,97417.26341771598,0.04017857142857143,4811,1 197 1767 1042 313 3841 -16,0.043478260869565216 0.060790273556231005 0.4715245843650513 0.5694822888283378 0.7050561797752809 0.6580243712730102 0.13761467889908258,54919.23983403632,0.03482142857142857,4920,23 213 1887 1182 341 3960 -6,1.0 0.1094224924012158 0.5139724089140432 0.6966394187102634 0.7837078651685393 0.688877365828364 0.22935779816513763,1016864.1016659456,0.010714285714285714,1,21 225 1868 1220 315 3937 -5,0.9130434782608695 0.1458966565349544 0.5072515033604528 0.7311534968210718 0.7106741573033708 0.682914182006741 0.23853211009174313,933514.947534451,0.05892857142857143,1439,17 336 3261 1455 418 5160 -5,0.7391304347826086 0.48328267477203646 1.0 0.9445958219800181 1.0 1.0 0.23853211009174313,798513.5366139024,0.35267857142857145,1272,23 213 1887 1182 341 3960 -6,1.0 0.1094224924012158 0.5139724089140432 0.6966394187102634 0.7837078651685393 0.688877365828364 0.22935779816513763,1016864.1016659456,0.010714285714285714,1,20 328 2173 1446 275 3981 -3,0.8695652173913043 0.45896656534954405 0.6151397240891404 0.9364214350590372 0.598314606741573 0.6943220119263677 0.25688073394495414,922616.7241637366,0.20267857142857143,1120,22 299 2334 1516 322 4186 -6,0.9565217391304348 0.3708206686930091 0.6720905553590378 1.0 0.7303370786516854 0.7474721285973555 0.22935779816513763,1001405.4493402754,0.17589285714285716,1084,23 213 1887 1182 341 3960 -6,1.0 0.1094224924012158 0.5139724089140432 0.6966394187102634 0.7837078651685393 0.688877365828364 0.22935779816513763,1016864.1016659456,0.010714285714285714,1,17 329 2314 1484 292 4069 -4,0.7391304347826086 0.46200607902735563 0.6650159179342059 0.9709355131698456 0.6460674157303371 0.7171376717656209 0.24770642201834864,793024.1632025688,0.2598214285714286,2974,15 286 2072 1381 322 3849 -2,0.6521739130434783 0.331306990881459 0.5794128050937389 0.8773841961852861 0.7303370786516854 0.6600985221674877 0.26605504587155965,692056.0251268796,0.13303571428571428,1222,23 213 1887 1182 341 3960 -6,1.0 0.1094224924012158 0.5139724089140432 0.6966394187102634 0.7837078651685393 0.688877365828364 0.22935779816513763,1016864.1016659456,0.010714285714285714,1233,22 408 434 420 66 1597 67,0.9565217391304348 0.7021276595744681 0.0 0.004541326067211626 0.011235955056179775 0.07622504537205081 0.8990825688073395,1026741.831342477,0.7464285714285714,6654,21 506 515 607 64 1340 78,0.9130434782608695 1.0 0.02865228157056951 0.17438692098092642 0.0056179775280898875 0.009592947886958776 1.0,1013506.0457247879,0.7455357142857143,5760,23 213 1887 1182 341 3960 -6,1.0 0.1094224924012158 0.5139724089140432 0.6966394187102634 0.7837078651685393 0.688877365828364 0.22935779816513763,1016864.1016659456,0.010714285714285714,1233,22 408 436 415 62 1599 63,0.9565217391304348 0.7021276595744681 0.0007074637424831977 0.0 0.0 0.07674358309567021 0.8623853211009175,1026743.2095464586,0.7464285714285714,6614,22 457 491 528 67 1303 65,0.9565217391304348 0.851063829787234 0.020162716660771136 0.10263396911898275 0.014044943820224719 0.0 0.8807339449541285,1041934.6684732119,0.7455357142857143,5718,0 198 1738 1041 308 3811 -16,0.0 0.06382978723404255 0.4612663600990449 0.5685740236148955 0.6910112359550562 0.6502463054187192 0.13761467889908258,11639.957549338193,0.0375,5428
resolved-p28d-3600-all/resolved-p28d-3600-3rd/nsp-n50-d28-r0.10-rp2-fp2-s3,1 10 0 25 0 506 -129,0.0 0.0 0.0 0.0006117143294081664 0.0 0.005118027992479632 0.058394160583941604,0.7212887699169043,0.11714285714285715,2553,1 19 0 33 0 496 -129,0.0 0.23076923076923078 0.0 0.0012234286588163328 0.0 0.004073532483810319 0.058394160583941604,23078.245635067316,0.07785714285714286,2715,1 16 2 43 0 546 -133,0.0 0.15384615384615385 0.0005580357142857143 0.0019880715705765406 0.0 0.009296010027156883 0.029197080291970802,15392.305970509382,0.06142857142857143,3227,30 11 2 22 0 457 -130,1.0 0.02564102564102564 0.0005580357142857143 0.000382321455880104 0.0 0.0 0.051094890510948905,1002570.1163375918,0.015,1,26 20 31 51 3 537 -137,0.8620689655172413 0.2564102564102564 0.008649553571428572 0.0025997858999847073 0.5 0.008355964069354502 0.0,887849.1700395219,0.05,375,25 14 2 19 0 464 -133,0.8275862068965517 0.10256410256410256 0.0005580357142857143 0.0001529285823520416 0.0 0.0007311468560685189 0.029197080291970802,837848.3869472361,0.02,124,30 11 2 22 0 457 -130,1.0 0.02564102564102564 0.0005580357142857143 0.000382321455880104 0.0 0.0 0.051094890510948905,1002570.1163375918,0.015,1,26 10 3 32 1 531 -127,0.8620689655172413 0.0 0.0008370535714285714 0.001146964367640312 0.16666666666666666 0.007729266764152914 0.072992700729927,862095.2999693583,0.03428571428571429,311,26 29 1 17 0 498 -130,0.8620689655172413 0.48717948717948717 0.00027901785714285713 0.0 0.0 0.004282431585544182 0.051094890510948905,910789.7983329678,0.04857142857142857,174,30 11 2 22 0 457 -130,1.0 0.02564102564102564 0.0005580357142857143 0.000382321455880104 0.0 0.0 0.051094890510948905,1002570.1163375918,0.015,1,27 49 26 72 3 535 -122,0.896551724137931 1.0 0.007254464285714286 0.004205536014681144 0.5 0.008147064967620639 0.10948905109489052,996678.6652765037,0.05071428571428571,264,26 13 3 25 0 479 -128,0.8620689655172413 0.07692307692307693 0.0008370535714285714 0.0006117143294081664 0.0 0.002297890119072488 0.06569343065693431,869770.3441319246,0.022857142857142857,188,22 12 3582 12744 2 10031 -51,0.7241379310344828 0.05128205128205128 0.9994419642857143 0.9731610337972167 0.3333333333333333 1.0 0.6277372262773723,740277.6779099018,0.6335714285714286,4112,19 12 3191 11487 6 9194 0,0.6206896551724138 0.05128205128205128 0.8903459821428571 0.8770454197889586 1.0 0.9125757259243785 1.0,635708.4912990957,0.6507142857142857,5325,22 13 3136 11154 5 9565 -15,0.7241379310344828 0.07692307692307693 0.875 0.8515828108273437 0.8333333333333334 0.95132650929601 0.8905109489051095,741525.558646993,0.6442857142857142,5086,22 12 3584 13095 2 10027 -52,0.7241379310344828 0.05128205128205128 1.0 1.0 0.3333333333333333 0.9995822017965322 0.6204379562043796,740310.0857559954,0.6335714285714286,4018,19 12 3191 11566 6 9173 -7,0.6206896551724138 0.05128205128205128 0.8903459821428571 0.8830860987918642 1.0 0.9103822853561729 0.948905109489051,635714.4589488024,0.6507142857142857,5202,22 13 3160 11632 5 9578 -26,0.7241379310344828 0.07692307692307693 0.8816964285714286 0.8881327420094816 0.8333333333333334 0.9526843534572801 0.8102189781021898,741629.0061503602,0.6442857142857142,5035,1 16 0 40 1 567 -132,0.0 0.15384615384615385 0.0 0.0017586786970484785 0.16666666666666666 0.01148945059536244 0.0364963503649635,15403.192120835418,0.06714285714285714,2654
resolved-p28d-3600-all/resolved-p28d-3600-3rd/nsp-n30-d28-r0.10-rp2-fp2-s2,0 0 0 0 0 117 -105,0.0 0.0 0.0 0.0 0.0 0.0 0.0,0.0,0.2785714285714286,241,0 0 0 0 0 129 -95,0.0 0.0 0.0 0.0 0.0 0.03508771929824561 0.16129032258064516,0.5121675155631012,0.20952380952380953,146,0 0 0 0 0 149 -78,0.0 0.0 0.0 0.0 0.0 0.0935672514619883 0.43548387096774194,1.371156385587625,0.18095238095238095,115,0 0 0 0 0 247 -71,0.0 0.0 0.0 0.0 0.0 0.38011695906432746 0.5483870967741935,4.3495566874174685,0.14047619047619048,8,0 0 0 0 0 193 -88,0.0 0.0 0.0 0.0 0.0 0.2222222222222222 0.27419354838709675,2.4964157706093193,0.28214285714285714,4,0 0 0 0 0 233 -74,0.0 0.0 0.0 0.0 0.0 0.3391812865497076 0.5,3.8918128654970756,0.14285714285714285,17,0 0 0 0 0 232 -70,0.0 0.0 0.0 0.0 0.0 0.3362573099415205 0.5645161290322581,3.9270892284474628,0.1357142857142857,19,0 0 0 0 0 176 -82,0.0 0.0 0.0 0.0 0.0 0.17251461988304093 0.3709677419354839,2.096113940765893,0.3357142857142857,6,0 0 0 0 0 221 -69,0.0 0.0 0.0 0.0 0.0 0.30409356725146197 0.5806451612903226,3.6215808338049422,0.15119047619047618,19,0 0 0 0 0 253 -70,0.0 0.0 0.0 0.0 0.0 0.39766081871345027 0.5645161290322581,4.541124316166761,0.1523809523809524,23,0 0 0 0 0 169 -87,0.0 0.0 0.0 0.0 0.0 0.15204678362573099 0.2903225806451613,1.8107904169024711,0.3904761904761905,3,0 0 0 0 0 280 -74,0.0 0.0 0.0 0.0 0.0 0.4766081871345029 0.5,5.26608187134503,0.14642857142857144,9,0 0 0 0 0 459 -46,0.0 0.0 0.0 0.0 0.0 1.0 0.9516129032258065,10.951612903225806,0.4595238095238095,82,0 0 0 0 0 372 -58,0.0 0.0 0.0 0.0 0.0 0.7456140350877193 0.7580645161290323,8.214204867006226,0.6392857142857142,101,0 0 0 0 0 437 -43,0.0 0.0 0.0 0.0 0.0 0.935672514619883 1.0,10.35672514619883,0.4738095238095238,51,0 0 0 0 0 459 -46,0.0 0.0 0.0 0.0 0.0 1.0 0.9516129032258065,10.951612903225806,0.4595238095238095,82,0 0 0 0 0 390 -46,0.0 0.0 0.0 0.0 0.0 0.7982456140350878 0.9516129032258065,8.934069043576685,0.5952380952380952,80,0 0 0 0 0 437 -43,0.0 0.0 0.0 0.0 0.0 0.935672514619883 1.0,10.35672514619883,0.4738095238095238,51,0 0 0 0 0 178 -77,0.0 0.0 0.0 0.0 0.0 0.1783625730994152 0.45161290322580644,2.235238634219958,0.14523809523809525,23
resolved-p28d-3600-all/resolved-p28d-3600-3rd/nsp-n10-d28-r0.10-rp0-fp0-s2,0 0 0 0 0 69 -42,0.0 0.0 0.0 0.0 0.0 0.0 0.0,0.0,0.4,108,0 0 0 0 0 72 -39,0.0 0.0 0.0 0.0 0.0 0.023076923076923078 0.125,0.3557692307692308,0.32857142857142857,85,0 0 0 0 0 70 -33,0.0 0.0 0.0 0.0 0.0 0.007692307692307693 0.375,0.4519230769230769,0.2714285714285714,69,0 0 0 0 0 90 -28,0.0 0.0 0.0 0.0 0.0 0.16153846153846155 0.5833333333333334,2.198717948717949,0.09642857142857143,19,0 0 0 0 0 93 -18,0.0 0.0 0.0 0.0 0.0 0.18461538461538463 1.0,2.8461538461538463,0.325,14,0 0 0 0 0 90 -30,0.0 0.0 0.0 0.0 0.0 0.16153846153846155 0.5,2.1153846153846154,0.09642857142857143,20,0 0 0 0 0 90 -29,0.0 0.0 0.0 0.0 0.0 0.16153846153846155 0.5416666666666666,2.157051282051282,0.09642857142857143,15,0 0 0 0 0 94 -28,0.0 0.0 0.0 0.0 0.0 0.19230769230769232 0.5833333333333334,2.5064102564102564,0.35714285714285715,10,0 0 0 0 0 90 -28,0.0 0.0 0.0 0.0 0.0 0.16153846153846155 0.5833333333333334,2.198717948717949,0.09642857142857143,14,0 0 0 0 0 90 -27,0.0 0.0 0.0 0.0 0.0 0.16153846153846155 0.625,2.2403846153846154,0.09642857142857143,16,0 0 0 0 0 86 -29,0.0 0.0 0.0 0.0 0.0 0.13076923076923078 0.5416666666666666,1.8493589743589745,0.5214285714285715,5,0 0 0 0 0 90 -28,0.0 0.0 0.0 0.0 0.0 0.16153846153846155 0.5833333333333334,2.198717948717949,0.09642857142857143,19,0 0 0 0 0 198 -28,0.0 0.0 0.0 0.0 0.0 0.9923076923076923 0.5833333333333334,10.506410256410257,0.42857142857142855,15,0 0 0 0 0 83 -40,0.0 0.0 0.0 0.0 0.0 0.1076923076923077 0.08333333333333333,1.1602564102564104,0.7142857142857143,169,0 0 0 0 0 199 -24,0.0 0.0 0.0 0.0 0.0 1.0 0.75,10.75,0.42857142857142855,15,0 0 0 0 0 198 -28,0.0 0.0 0.0 0.0 0.0 0.9923076923076923 0.5833333333333334,10.506410256410257,0.42857142857142855,15,0 0 0 0 0 83 -40,0.0 0.0 0.0 0.0 0.0 0.1076923076923077 0.08333333333333333,1.1602564102564104,0.7214285714285714,167,0 0 0 0 0 199 -24,0.0 0.0 0.0 0.0 0.0 1.0 0.75,10.75,0.42857142857142855,15,0 0 0 0 0 81 -25,0.0 0.0 0.0 0.0 0.0 0.09230769230769231 0.7083333333333334,1.6314102564102564,0.16071428571428573,15
resolved-p28d-3600-all/resolved-p28d-3600-3rd/nsp-n10-d28-r0.10-rp0-fp0-s3,0 0 0 0 0 77 -40,0.0 0.0 0.0 0.0 0.0 0.0 0.0,0.0,0.48928571428571427,136,0 0 0 0 0 80 -36,0.0 0.0 0.0 0.0 0.0 0.025210084033613446 0.26666666666666666,0.518767507002801,0.37857142857142856,91,0 0 0 0 0 83 -26,0.0 0.0 0.0 0.0 0.0 0.05042016806722689 0.9333333333333333,1.4375350140056022,0.31785714285714284,62,0 0 0 0 0 108 -33,0.0 0.0 0.0 0.0 0.0 0.2605042016806723 0.4666666666666667,3.0717086834733895,0.08571428571428572,44,0 0 0 0 0 102 -30,0.0 0.0 0.0 0.0 0.0 0.21008403361344538 0.6666666666666666,2.7675070028011204,0.4785714285714286,13,0 0 0 0 0 108 -32,0.0 0.0 0.0 0.0 0.0 0.2605042016806723 0.5333333333333333,3.138375350140056,0.08571428571428572,31,0 0 0 0 0 108 -33,0.0 0.0 0.0 0.0 0.0 0.2605042016806723 0.4666666666666667,3.0717086834733895,0.08571428571428572,14,0 0 0 0 0 95 -30,0.0 0.0 0.0 0.0 0.0 0.15126050420168066 0.6666666666666666,2.179271708683473,0.43214285714285716,7,0 0 0 0 0 108 -33,0.0 0.0 0.0 0.0 0.0 0.2605042016806723 0.4666666666666667,3.0717086834733895,0.08571428571428572,20,0 0 0 0 0 108 -32,0.0 0.0 0.0 0.0 0.0 0.2605042016806723 0.5333333333333333,3.138375350140056,0.08571428571428572,22,0 0 0 0 0 101 -26,0.0 0.0 0.0 0.0 0.0 0.20168067226890757 0.9333333333333333,2.950140056022409,0.45714285714285713,8,0 0 0 0 0 108 -33,0.0 0.0 0.0 0.0 0.0 0.2605042016806723 0.4666666666666667,3.0717086834733895,0.08571428571428572,17,0 0 0 0 0 184 -25,0.0 0.0 0.0 0.0 0.0 0.8991596638655462 1.0,9.991596638655462,0.4035714285714286,23,0 0 0 0 0 106 -36,0.0 0.0 0.0 0.0 0.0 0.24369747899159663 0.26666666666666666,2.7036414565826328,0.7142857142857143,144,0 0 0 0 0 196 -27,0.0 0.0 0.0 0.0 0.0 1.0 0.8666666666666667,10.866666666666667,0.4142857142857143,15,0 0 0 0 0 184 -25,0.0 0.0 0.0 0.0 0.0 0.8991596638655462 1.0,9.991596638655462,0.4035714285714286,23,0 0 0 0 0 106 -37,0.0 0.0 0.0 0.0 0.0 0.24369747899159663 0.2,2.6369747899159663,0.7107142857142857,145,0 0 0 0 0 196 -26,0.0 0.0 0.0 0.0 0.0 1.0 0.9333333333333333,10.933333333333334,0.4142857142857143,14,0 0 0 0 0 97 -35,0.0 0.0 0.0 0.0 0.0 0.16806722689075632 0.3333333333333333,2.0140056022408968,0.18571428571428572,27
resolved-p28d-3600-all/resolved-p28d-3600-3rd/nsp-n20-d28-r0.10-rp2-fp2-s6,1 5 2 6 0 81 -99,0.1111111111111111 0.043478260869565216 0.0 0.0 0.0 0.0 0.0,115458.93719806764,0.3267857142857143,917,0 2 4 11 0 116 -79,0.0 0.017391304347826087 0.004282655246252677 0.000671591672263264 0.0 0.020958083832335328 0.1941747572815534,1783.0323345130037,0.14821428571428572,1077,0 4 4 10 0 109 -80,0.0 0.034782608695652174 0.004282655246252677 0.0005372733378106112 0.0 0.016766467065868262 0.18446601941747573,3521.976826055631,0.14821428571428572,1095,9 6 5 15 0 85 -77,1.0 0.05217391304347826 0.006423982869379015 0.001208865010073875 0.0 0.0023952095808383233 0.21359223300970873,1005283.0775423805,0.014285714285714285,1,0 0 5 157 9 347 -2,0.0 0.0 0.006423982869379015 0.02028206850235057 0.21951219512195122 0.1592814371257485 0.941747572815534,109.00767865240886,0.3339285714285714,3010,0 67 202 188 21 567 -28,0.0 0.5826086956521739 0.4282655246252677 0.02444593687038281 0.5121951219512195 0.29101796407185626 0.6893203883495146,62622.789760564636,0.44821428571428573,953,9 6 5 15 0 85 -77,1.0 0.05217391304347826 0.006423982869379015 0.001208865010073875 0.0 0.0023952095808383233 0.21359223300970873,1005283.0775423805,0.014285714285714285,1,0 99 232 184 41 436 -53,0.0 0.8608695652173913 0.4925053533190578 0.023908663532572195 1.0 0.2125748502994012 0.44660194174757284,91138.49106890702,0.25535714285714284,2771,0 0 4 20 0 189 -71,0.0 0.0 0.004282655246252677 0.001880456682337139 0.0 0.06467065868263473 0.27184466019417475,45.625560391884434,0.15714285714285714,1633,9 6 5 15 0 85 -77,1.0 0.05217391304347826 0.006423982869379015 0.001208865010073875 0.0 0.0023952095808383233 0.21359223300970873,1005283.0775423805,0.014285714285714285,1,0 115 222 195 16 426 -13,0.0 1.0 0.47109207708779444 0.025386165211551376 0.3902439024390244 0.20658682634730538 0.8349514563106796,104778.23214605318,0.43392857142857144,1463,0 22 26 65 5 243 -44,0.0 0.19130434782608696 0.05139186295503212 0.007924781732706514 0.12195121951219512 0.09700598802395209 0.5339805825242718,19665.977356305706,0.17142857142857143,968,7 23 467 7313 0 1740 -70,0.7777777777777778 0.2 0.9957173447537473 0.9814640698455339 0.0 0.9934131736526947 0.2815533980582524,808726.6309802954,0.5660714285714286,15712,3 0 361 780 3 1608 1,0.3333333333333333 0.0 0.7687366167023555 0.10396239086635325 0.07317073170731707 0.9143712574850299 0.970873786407767,341142.09355075523,0.6535714285714286,10716,3 1 243 448 7 1138 2,0.3333333333333333 0.008695652173913044 0.5160599571734475 0.05936870382807253 0.17073170731707318 0.6329341317365269 0.9805825242718447,339447.2499208605,0.6321428571428571,12656,7 23 469 7451 0 1751 -74,0.7777777777777778 0.2 1.0 1.0 0.0 1.0 0.24271844660194175,808788.0204962244,0.5660714285714286,15178,3 0 353 780 3 1585 4,0.3333333333333333 0.0 0.7516059957173448 0.10396239086635325 0.07317073170731707 0.9005988023952096 1.0,340970.6787425678,0.6535714285714286,10829,3 1 242 432 5 1150 -6,0.3333333333333333 0.008695652173913044 0.5139186295503212 0.057219610476830086 0.12195121951219512 0.640119760479042 0.9029126213592233,339418.80368888204,0.6321428571428571,13418,0 5 4 24 0 127 -77,0.0 0.043478260869565216 0.004282655246252677 0.00241773002014775 0.0 0.027544910179640718 0.21359223300970873,4393.559410774003,0.06964285714285715,1549
resolved-p28d-3600-all/resolved-p28d-3600-3rd/nsp-n30-d28-r0.10-rp2-fp2-s8,0 1 2 2 0 140 -104,0.0 0.008547008547008548 0.0017667844522968198 0.0 0.0 0.006481231433972455 0.09523809523809523,872.5287496334007,0.16785714285714284,2120,0 2 2 12 0 165 -106,0.0 0.017094017094017096 0.0017667844522968198 0.0023992322456813818 0.0 0.013232514177693762 0.08465608465608465,1729.685767396792,0.08571428571428572,1944,0 2 2 22 0 169 -106,0.0 0.017094017094017096 0.0017667844522968198 0.0047984644913627635 0.0 0.01431271941668917 0.08465608465608465,1732.0958016948634,0.07261904761904762,1873,18 4 0 5 0 116 -115,0.9473684210526315 0.03418803418803419 0.0 0.0007197696737044146 0.0 0.0 0.037037037037037035,950787.9812781457,0.007142857142857143,1,14 13 7 21 2 144 -109,0.7368421052631579 0.1111111111111111 0.006183745583038869 0.004558541266794626 0.09523809523809523 0.007561436672967864 0.06878306878306878,748029.2805783255,0.02857142857142857,3383,14 9 19 43 5 188 -115,0.7368421052631579 0.07692307692307693 0.01678445229681979 0.009836852207293667 0.23809523809523808 0.019443694301917364 0.037037037037037035,744736.1353284307,0.05238095238095238,461,18 4 0 5 0 116 -115,0.9473684210526315 0.03418803418803419 0.0 0.0007197696737044146 0.0 0.0 0.037037037037037035,950787.9812781457,0.007142857142857143,1,4 117 248 238 21 823 -58,0.21052631578947367 1.0 0.21908127208480566 0.05662188099808062 1.0 0.19092627599243855 0.3386243386243386,312875.9982784184,0.3880952380952381,1550,14 13 4 31 3 140 -116,0.7368421052631579 0.1111111111111111 0.0035335689045936395 0.006957773512476007 0.14285714285714285 0.006481231433972455 0.031746031746031744,748009.8921094591,0.030952380952380953,615,18 4 0 5 0 116 -115,0.9473684210526315 0.03418803418803419 0.0 0.0007197696737044146 0.0 0.0 0.037037037037037035,950787.9812781457,0.007142857142857143,1,12 6 5 22 1 156 -108,0.631578947368421 0.05128205128205128 0.00441696113074205 0.0047984644913627635 0.047619047619047616 0.010802052389954091 0.07407407407407407,636761.0645717848,0.03333333333333333,787,13 7 2 16 0 136 -104,0.6842105263157895 0.05982905982905983 0.0017667844522968198 0.0033589251439539347 0.0 0.0054010261949770455 0.09523809523809523,690214.6083167195,0.02619047619047619,862,19 6 1 8 0 118 -122,1.0 0.05128205128205128 0.0008833922261484099 0.0014395393474088292 0.0 0.0005401026194977045 0.0,1005138.4839908403,0.007142857142857143,1071,0 0 1132 4170 1 3819 35,0.0 0.0 1.0 1.0 0.047619047619047616 1.0 0.8306878306878307,11015.592592592593,0.6535714285714286,2564,0 0 918 3490 9 3025 -22,0.0 0.0 0.8109540636042403 0.836852207293666 0.42857142857142855 0.7855792600594113 0.5291005291005291,8997.634879322906,0.6535714285714286,3248,18 4 0 5 0 116 -115,0.9473684210526315 0.03418803418803419 0.0 0.0007197696737044146 0.0 0.0 0.037037037037037035,950787.9812781457,0.007142857142857143,1072,0 0 973 2293 3 3493 67,0.0 0.0 0.8595406360424028 0.5496641074856046 0.14285714285714285 0.9119632730218742 1.0,9169.475814925567,0.6535714285714286,3368,0 0 760 3122 9 2849 20,0.0 0.0 0.6713780918727915 0.7485604606525912 0.42857142857142855 0.7380502295436133 0.7513227513227513,7513.330347284408,0.6523809523809524,4285,1 3 2 19 0 162 -104,0.05263157894736842 0.02564102564102564 0.0017667844522968198 0.004078694817658349 0.0 0.012422360248447204 0.09523809523809523,55217.647512509335,0.0761904761904762,2784
resolved-p28d-3600-all/resolved-p28d-3600-3rd/nsp-n20-d28-r0.10-rp2-fp2-s9,0 0 0 0 0 68 -61,0.0 0.0 0.0 0.0 0.0 0.0 0.0,0.0,0.31785714285714284,210,0 0 0 0 0 86 -43,0.0 0.0 0.0 0.0 0.0 0.06844106463878327 0.29508196721311475,0.9794926136009475,0.24107142857142858,147,0 0 0 0 0 97 -39,0.0 0.0 0.0 0.0 0.0 0.11026615969581749 0.36065573770491804,1.4633173346630928,0.1875,112,0 0 0 0 0 127 -35,0.0 0.0 0.0 0.0 0.0 0.22433460076045628 0.4262295081967213,2.669575515801284,0.15357142857142858,24,0 0 0 0 0 111 -15,0.0 0.0 0.0 0.0 0.0 0.1634980988593156 0.7540983606557377,2.3890793492488935,0.3732142857142857,14,0 0 0 0 0 125 -42,0.0 0.0 0.0 0.0 0.0 0.21673003802281368 0.3114754098360656,2.4787757900642027,0.13214285714285715,25,0 0 0 0 0 128 -39,0.0 0.0 0.0 0.0 0.0 0.22813688212927757 0.36065573770491804,2.6420245589976936,0.15,14,0 0 0 0 0 107 -25,0.0 0.0 0.0 0.0 0.0 0.1482889733840304 0.5901639344262295,2.0730536682665335,0.325,4,0 0 0 0 0 136 -26,0.0 0.0 0.0 0.0 0.0 0.2585551330798479 0.5737704918032787,3.1593218226017576,0.15357142857142858,7,0 0 0 0 0 138 -37,0.0 0.0 0.0 0.0 0.0 0.2661596958174905 0.39344262295081966,3.0550395811257247,0.15,6,0 0 0 0 0 95 -19,0.0 0.0 0.0 0.0 0.0 0.10266159695817491 0.6885245901639344,1.7151405597456835,0.425,7,0 0 0 0 0 129 -41,0.0 0.0 0.0 0.0 0.0 0.23193916349809887 0.32786885245901637,2.647260487440005,0.15357142857142858,1,0 0 0 0 0 298 -8,0.0 0.0 0.0 0.0 0.0 0.8745247148288974 0.8688524590163934,9.614099607305366,0.5035714285714286,48,0 0 0 0 0 78 -16,0.0 0.0 0.0 0.0 0.0 0.03802281368821293 0.7377049180327869,1.1179330549149162,0.6696428571428571,158,0 0 0 0 0 331 0,0.0 0.0 0.0 0.0 0.0 1.0 1.0,11.0,0.4928571428571429,61,0 0 0 0 0 298 -8,0.0 0.0 0.0 0.0 0.0 0.8745247148288974 0.8688524590163934,9.614099607305366,0.5035714285714286,48,0 0 0 0 0 78 -16,0.0 0.0 0.0 0.0 0.0 0.03802281368821293 0.7377049180327869,1.1179330549149162,0.6696428571428571,158,0 0 0 0 0 331 0,0.0 0.0 0.0 0.0 0.0 1.0 1.0,11.0,0.4928571428571429,61,0 0 0 0 0 107 -30,0.0 0.0 0.0 0.0 0.0 0.1482889733840304 0.5081967213114754,1.9910864551517795,0.15178571428571427,34
resolved-p28d-3600-all/resolved-p28d-3600-3rd/nsp-n50-d28-r0.10-rp2-fp2-s5,2 13 2 26 0 424 -123,0.06896551724137931 0.1326530612244898 0.0006533812479581836 0.0003589375448671931 0.0 0.012206148282097649 0.0,82237.83817533555,0.09642857142857143,2860,1 12 8 42 1 493 -99,0.034482758620689655 0.12244897959183673 0.0026135249918327343 0.001507537688442211 0.045454545454545456 0.020004520795660036 0.11707317073170732,46760.161940404236,0.060714285714285714,3074,2 13 10 50 0 505 -101,0.06896551724137931 0.1326530612244898 0.003266906239790918 0.00208183776022972 0.0 0.021360759493670885 0.1073170731707317,82265.89518865453,0.05785714285714286,2805,28 13 0 21 0 321 -99,0.9655172413793104 0.1326530612244898 0.0 0.0 0.0 0.0005650994575045208 0.11707317073170732,978782.6702259247,0.017857142857142856,1,19 98 119 214 22 651 -80,0.6551724137931034 1.0 0.03887618425351192 0.013854989231873654 1.0 0.03786166365280289 0.2097560975609756,755675.6189976045,0.14785714285714285,1878,24 25 5 55 2 375 -95,0.8275862068965517 0.25510204081632654 0.001633453119895459 0.002440775305096913 0.09090909090909091 0.006668173598553345 0.13658536585365855,853124.4804608813,0.03214285714285714,490,28 13 0 21 0 321 -99,0.9655172413793104 0.1326530612244898 0.0 0.0 0.0 0.0005650994575045208 0.11707317073170732,978782.6702259247,0.017857142857142856,1,22 23 3 35 0 356 -103,0.7586206896551724 0.23469387755102042 0.0009800718719372753 0.0010050251256281408 0.0 0.0045207956600361665 0.0975609756097561,782101.0259230516,0.02857142857142857,1256,22 21 5 30 1 344 -97,0.7586206896551724 0.21428571428571427 0.001633453119895459 0.0006460875807609476 0.045454545454545456 0.0031645569620253164 0.12682926829268293,780070.945631907,0.027142857142857142,646,28 13 0 21 0 321 -99,0.9655172413793104 0.1326530612244898 0.0 0.0 0.0 0.0005650994575045208 0.11707317073170732,978782.6702259247,0.017857142857142856,1,22 21 3 42 0 349 -96,0.7586206896551724 0.21428571428571427 0.0009800718719372753 0.001507537688442211 0.0 0.003729656419529837 0.13170731707317074,780060.7383440329,0.02857142857142857,1214,23 12 0 24 0 370 -101,0.7931034482758621 0.12244897959183673 0.0 0.00021536252692031587 0.0 0.0061030741410488245 0.1073170731707317,805348.7299453873,0.027857142857142858,1297,29 13 0 21 0 316 -98,1.0 0.1326530612244898 0.0 0.0 0.0 0.0 0.12195121951219512,1013265.4280736685,0.017857142857142856,1748,0 0 2828 10358 5 8711 34,0.0 0.0 0.9238810846128717 0.742067480258435 0.22727272727272727 0.9488019891500904 0.7658536585365854,10013.859472664462,0.655,2064,0 0 3061 13951 2 9164 -58,0.0 0.0 1.0 1.0 0.09090909090909091 1.0 0.3170731707317073,11019.40798226164,0.6421428571428571,1757,28 13 0 21 0 321 -99,0.9655172413793104 0.1326530612244898 0.0 0.0 0.0 0.0005650994575045208 0.11707317073170732,978782.6702259247,0.017857142857142856,1749,0 0 2872 10687 4 8752 9,0.0 0.0 0.9382554720679517 0.7656855707106963 0.18181818181818182 0.9534358047016275 0.6439024390243903,10176.600370058071,0.655,1979,0 0 2708 8114 13 8588 82,0.0 0.0 0.8846782097353806 0.5809763101220388 0.5909090909090909 0.9349005424954792 1.0,9497.198321991707,0.6421428571428571,2143,2 21 4 36 0 445 -96,0.06896551724137931 0.21428571428571427 0.0013067624959163672 0.0010768126346015793 0.0 0.014579566003616637 0.13170731707317074,90408.51061052161,0.04642857142857143,2063
resolved-p28d-3600-all/resolved-p28d-3600-3rd/nsp-n50-d28-r0.10-rp2-fp2-s2,2 207 1922 1156 202 3973 14,0.041666666666666664 0.4987714987714988 0.0 0.0 0.8340248962655602 0.0 0.6690140845070423,91627.88804752761,0.05785714285714286,3585,3 223 2048 1186 196 4182 31,0.08333333333333333 0.538083538083538 0.06642066420664207 0.0018957345971563982 0.8091286307053942 0.03344 0.7887323943661971,137889.82551381562,0.04,3087,1 239 2045 1269 198 4123 38,0.0 0.5773955773955773 0.06483921982076964 0.007140600315955766 0.8174273858921162 0.024 0.8380281690140845,58477.91130483961,0.032857142857142856,3408,25 238 2172 1354 211 4242 41,1.0 0.5749385749385749 0.13178703215603585 0.012511848341232227 0.8713692946058091 0.04304 0.8591549295774648,1058912.6661481492,0.012857142857142857,1,24 288 2303 1402 222 4389 61,0.9583333333333334 0.6977886977886978 0.20084343700579863 0.015545023696682465 0.91701244813278 0.06656 1.0,1030229.5493507711,0.12285714285714286,246,21 311 2306 1426 240 4133 29,0.8333333333333334 0.7542997542997543 0.20242488139167106 0.017061611374407582 0.991701244813278 0.0256 0.7746478873239436,910904.8199609686,0.16285714285714287,298,25 238 2172 1354 211 4242 41,1.0 0.5749385749385749 0.13178703215603585 0.012511848341232227 0.8713692946058091 0.04304 0.8591549295774648,1058912.6661481492,0.012857142857142857,1,21 389 2503 1510 242 4465 15,0.8333333333333334 0.9459459459459459 0.3062730627306273 0.022369668246445498 1.0 0.07872 0.676056338028169,931114.4914798187,0.19285714285714287,431,24 297 2172 1392 210 4238 40,0.9583333333333334 0.7199017199017199 0.13178703215603585 0.014913112164296999 0.8672199170124482 0.0424 0.852112676056338,1031744.2868616073,0.105,491,25 238 2172 1354 211 4242 41,1.0 0.5749385749385749 0.13178703215603585 0.012511848341232227 0.8713692946058091 0.04304 0.8591549295774648,1058912.6661481492,0.012857142857142857,1,21 411 2751 1596 236 4670 20,0.8333333333333334 1.0 0.43700579862941485 0.027804107424960506 0.975103734439834 0.11152 0.7112676056338029,937830.532268102,0.23142857142857143,285,24 310 2322 1530 215 4457 38,0.9583333333333334 0.7518427518427518 0.21085925144965736 0.02363349131121643 0.8879668049792531 0.07744 0.8380281690140845,1035740.2436320833,0.12214285714285714,448,24 30 3819 12866 4 10149 33,0.9583333333333334 0.06388206388206388 1.0 0.7399684044233807 0.012448132780082987 0.98816 0.8028169014084507,975473.4373561426,0.6857142857142857,3728,23 5 3632 16981 1 10176 -81,0.9166666666666666 0.002457002457002457 0.9014232999472852 1.0 0.0 0.99248 0.0,926936.5247118397,0.7342857142857143,3372,23 4 3646 15166 2 10223 -22,0.9166666666666666 0.0 0.9088033737480232 0.885308056872038 0.004149377593360996 1.0 0.4154929577464789,926650.838891736,0.7114285714285714,3963,24 32 3811 12867 4 10149 33,0.9583333333333334 0.0687960687960688 0.9957828149710068 0.7400315955766192 0.012448132780082987 0.98816 0.8028169014084507,975922.7291884064,0.6857142857142857,3677,23 5 3549 15377 2 10103 -78,0.9166666666666666 0.002457002457002457 0.8576700052714813 0.8986413902053713 0.004149377593360996 0.9808 0.02112676056338028,926397.952419807,0.7342857142857143,3958,21 4 3460 14323 2 9961 2,0.8333333333333334 0.0 0.8107538218239325 0.8320379146919431 0.004149377593360996 0.95808 0.5845070422535211,842283.4897110662,0.7121428571428572,4166,3 227 2024 1246 199 4141 33,0.08333333333333333 0.547911547911548 0.05376910911966262 0.005687203791469194 0.8215767634854771 0.02688 0.8028169014084507,138751.09571272618,0.03785714285714286,3763
resolved-p28d-3600-all/resolved-p28d-3600-3rd/nsp-n20-d28-r0.10-rp2-fp2-s8,0 1 163 174 63 1322 30,0.0 0.0 0.3403361344537815 0.5958904109589042 0.525 0.7089914945321992 0.3614457831325301,4059.2031162251737,0.12857142857142856,987,0 1 236 196 99 1634 43,0.0 0.0 0.49369747899159666 0.6712328767123288 0.825 0.8985419198055893 0.5180722891566265,5700.211158115508,0.0625,806,0 1 244 205 101 1622 44,0.0 0.0 0.5105042016806722 0.702054794520548 0.8416666666666667 0.8912515188335358 0.5301204819277109,5900.7061136642,0.05714285714285714,792,13 3 297 224 120 1781 46,0.9285714285714286 0.013513513513513514 0.6218487394957983 0.7671232876712328 1.0 0.9878493317132442 0.5542168674698795,937018.8233155938,0.008928571428571428,1,0 13 417 292 83 1801 44,0.0 0.08108108108108109 0.8739495798319328 1.0 0.6916666666666667 1.0 0.5301204819277109,17927.30069357603,0.24642857142857144,7148,0 22 477 269 102 1609 41,0.0 0.14189189189189189 1.0 0.9212328767123288 0.85 0.8833535844471446 0.4939759036144578,25204.749577649603,0.3464285714285714,4625,13 3 297 224 120 1781 46,0.9285714285714286 0.013513513513513514 0.6218487394957983 0.7671232876712328 1.0 0.9878493317132442 0.5542168674698795,937018.8233155938,0.008928571428571428,1,0 1 1 0 0 155 5,0.0 0.0 0.0 0.0 0.0 0.0 0.060240963855421686,0.060240963855421686,0.6303571428571428,3205,0 1 1 1 0 246 0,0.0 0.0 0.0 0.003424657534246575 0.0 0.05528554070473876 0.0,3.9775129412939627,0.5214285714285715,2633,13 3 297 224 120 1781 46,0.9285714285714286 0.013513513513513514 0.6218487394957983 0.7671232876712328 1.0 0.9878493317132442 0.5542168674698795,937018.8233155938,0.008928571428571428,1,0 1 28 150 24 906 41,0.0 0.0 0.05672268907563025 0.5136986301369864 0.2 0.45625759416767925 0.4939759036144578,1105.9820727385802,0.5732142857142857,4504,0 1 150 166 59 1146 30,0.0 0.0 0.3130252100840336 0.5684931506849316 0.49166666666666664 0.6020656136087484 0.3614457831325301,3754.294020111154,0.4,4709,14 3 298 224 120 1781 46,1.0 0.013513513513513514 0.6239495798319328 0.7671232876712328 1.0 0.9878493317132442 0.5542168674698795,1008468.4031475266,0.008928571428571428,794,8 149 399 223 63 704 62,0.5714285714285714 1.0 0.8361344537815126 0.7636986301369864 0.525 0.3335358444714459 0.7469879518072289,680610.19694292,0.7446428571428572,12878,4 121 354 228 41 784 83,0.2857142857142857 0.8108108108108109 0.7415966386554622 0.7808219178082192 0.3416666666666667 0.382138517618469 1.0,375031.14315157244,0.7053571428571429,11590,13 3 297 224 120 1781 46,0.9285714285714286 0.013513513513513514 0.6218487394957983 0.7671232876712328 1.0 0.9878493317132442 0.5542168674698795,937018.8233155938,0.008928571428571428,796,8 148 402 225 63 715 62,0.5714285714285714 0.9932432432432432 0.842436974789916 0.7705479452054794 0.525 0.3402187120291616 0.7469879518072289,680004.4626210724,0.7535714285714286,13220,4 106 378 207 42 907 77,0.2857142857142857 0.7094594594594594 0.792016806722689 0.708904109589041 0.35 0.456865127582017 0.927710843373494,365329.80019916676,0.7089285714285715,12226,0 1 264 199 103 1667 46,0.0 0.0 0.5525210084033614 0.6815068493150684 0.8583333333333333 0.9185905224787363 0.5542168674698795,6302.290388774272,0.048214285714285716,570
resolved-p28d-3600-all/resolved-p28d-3600-3rd/nsp-n40-d28-r0.10-rp2-fp2-s7,4 7 0 6 0 245 -103,0.0 0.0029411764705882353 0.0 0.0 0.0 0.005775288764438222 0.03015075376884422,294.20555070023676,0.14464285714285716,2274,4 7 0 25 0 270 -109,0.0 0.0029411764705882353 0.0 0.002347417840375587 0.0 0.010150507525376268 0.0,296.5665699744529,0.10178571428571428,2957,4 7 0 33 0 273 -106,0.0 0.0029411764705882353 0.0 0.003335804299481097 0.0 0.010675533776688834 0.01507537688442211,297.57528207295593,0.07410714285714286,3000,27 7 1 17 0 212 -104,1.0 0.0029411764705882353 0.0005820721769499418 0.0013590313812700766 0.0 0.0 0.02512562814070352,1000301.3225258377,0.0125,1,16 275 277 425 31 932 -58,0.5217391304347826 0.7911764705882353 0.1612339930151339 0.0517667407956511 0.6078431372549019 0.12600630031501575 0.2562814070351759,602583.1848226888,0.27053571428571427,4484,24 11 0 21 0 227 -107,0.8695652173913043 0.014705882352941176 0.0 0.0018532246108228317 0.0 0.002625131256562828 0.010050251256281407,871037.695152773,0.025,891,27 7 1 17 0 212 -104,1.0 0.0029411764705882353 0.0005820721769499418 0.0013590313812700766 0.0 0.0 0.02512562814070352,1000301.3225258377,0.0125,1,25 19 15 53 1 286 -107,0.9130434782608695 0.03823529411764706 0.008731082654249126 0.005806770447244872 0.0196078431372549 0.01295064753237662 0.010050251256281407,916962.2256106642,0.05,784,24 35 11 58 1 254 -102,0.8695652173913043 0.08529411764705883 0.006402793946449359 0.006424511984185817 0.0196078431372549 0.007350367518375919 0.035175879396984924,878167.1510713272,0.044642857142857144,1444,27 7 1 17 0 212 -104,1.0 0.0029411764705882353 0.0005820721769499418 0.0013590313812700766 0.0 0.0 0.02512562814070352,1000301.3225258377,0.0125,1,15 346 350 638 51 948 -40,0.4782608695652174 1.0 0.20372526193247964 0.07808253026933532 1.0 0.1288064403220161 0.34673366834170855,580477.8395128831,0.32410714285714287,4733,22 18 37 38 2 226 -104,0.782608695652174 0.03529411764705882 0.021536670547147845 0.003953545836422041 0.0392156862745098 0.002450122506125306 0.02512562814070352,786361.3988636684,0.029464285714285714,793,13 40 1642 6302 12 5434 90,0.391304347826087 0.1 0.9557625145518044 0.7778601433160366 0.23529411764705882 0.9138956947847392 1.0,411673.5014836336,0.6419642857142858,4899,10 15 1718 7123 7 5926 67,0.2608695652173913 0.026470588235294117 1.0 0.8792933036817395 0.13725490196078433 1.0 0.8844221105527639,274420.52725690906,0.66875,5489,12 6 1621 8100 1 5558 16,0.34782608695652173 0.0 0.9435389988358557 1.0 0.0196078431372549 0.9355967798389919 0.628140703517588,358273.42183769593,0.6580357142857143,6339,11 33 1634 6407 10 5453 87,0.30434782608695654 0.07941176470588235 0.9511059371362048 0.7908327155917964 0.19607843137254902 0.9172208610430521 0.9849246231155779,322620.65962086944,0.6428571428571429,4890,10 14 1599 6133 7 5729 79,0.2608695652173913 0.023529411764705882 0.9307334109429569 0.7569804793674326 0.13725490196078433 0.9655232761638082 0.9447236180904522,273311.1464292347,0.66875,5898,12 6 1584 7531 3 5490 18,0.34782608695652173 0.0 0.9220023282887078 0.9297010130961206 0.058823529411764705 0.9236961848092404 0.6381909547738693,357991.568758249,0.6580357142857143,6693,4 7 1 39 0 277 -103,0.0 0.0029411764705882353 0.0005820721769499418 0.00407709414381023 0.0 0.011375568778438922 0.03015075376884422,304.1593694136864,0.06428571428571428,2580
resolved-p28d-3600-all/resolved-p28d-3600-3rd/nsp-n50-d28-r0.10-rp2-fp2-s4,6 13 0 9 1 390 -97,0.0 0.02702702702702703 0.0 0.0 0.024390243902439025 0.006850758853288365 0.0,2705.2102346814795,0.11571428571428571,2026,6 13 2 26 1 427 -85,0.0 0.02702702702702703 0.0006079027355623101 0.001002181217944939 0.024390243902439025 0.010750421585160203 0.055299539170506916,2712.385739421537,0.06285714285714286,2030,6 14 2 32 0 418 -84,0.0 0.03153153153153153 0.0006079027355623101 0.0013558922360431527 0.0 0.00980185497470489 0.059907834101382486,3160.7459991286673,0.04928571428571429,2305,18 24 1 21 0 325 -82,1.0 0.07657657657657657 0.00030395136778115504 0.0007074220361964276 0.0 0.0 0.06912442396313365,1007661.4737177957,0.02214285714285714,1,17 46 9 46 1 359 -78,0.9166666666666666 0.17567567567567569 0.002735562310030395 0.0021812179449389847 0.024390243902439025 0.0035834738617200675 0.08755760368663594,934266.333492012,0.04071428571428572,387,15 36 6 43 0 374 -83,0.75 0.13063063063063063 0.00182370820668693 0.002004362435889878 0.0 0.00516441821247892 0.06451612903225806,763083.420667877,0.037142857142857144,546,18 24 1 21 0 325 -82,1.0 0.07657657657657657 0.00030395136778115504 0.0007074220361964276 0.0 0.0 0.06912442396313365,1007661.4737177957,0.02214285714285714,1,17 39 7 38 0 343 -79,0.9166666666666666 0.14414414414414414 0.002127659574468085 0.0017096032541413664 0.0 0.0018971332209106238 0.08294930875576037,931104.1692007208,0.03642857142857143,220,18 23 1 12 0 337 -77,1.0 0.07207207207207207 0.00030395136778115504 0.0001768555090491069 0.0 0.0012647554806070826 0.09216589861751152,1007210.5283898475,0.030714285714285715,78,18 24 1 21 0 325 -82,1.0 0.07657657657657657 0.00030395136778115504 0.0007074220361964276 0.0 0.0 0.06912442396313365,1007661.4737177957,0.02214285714285714,1,14 229 298 481 41 1180 -14,0.6666666666666666 1.0 0.09057750759878419 0.027825266757059482 1.0 0.09011382799325464 0.3824884792626728,767701.5506361708,0.2664285714285714,544,17 25 8 32 1 373 -79,0.9166666666666666 0.08108108108108109 0.0024316109422492403 0.0013558922360431527 0.024390243902439025 0.00505902192242833 0.08294930875576037,924803.0193403515,0.04071428571428572,285,16 38 3152 12001 8 9255 74,0.8333333333333334 0.13963963963963963 0.9580547112462006 0.7069504215056299 0.1951219512195122 0.9411888701517707 0.7880184331797235,857614.5069335216,0.6307142857142857,4825,13 11 3290 16972 2 9813 -28,0.5833333333333334 0.018018018018018018 1.0 1.0 0.04878048780487805 1.0 0.31797235023041476,596150.3311562659,0.67,2846,9 12 2729 8142 7 8901 120,0.25 0.02252252252252252 0.829483282674772 0.47945528503212875 0.17073170731707318 0.9038785834738617 1.0,261053.65232059854,0.6592857142857143,4491,16 37 3172 11910 8 9268 77,0.8333333333333334 0.13513513513513514 0.9641337386018237 0.701585804397807 0.1951219512195122 0.9425590219224284 0.8018433179723502,857219.509665922,0.6307142857142857,4863,13 11 3200 15449 3 9654 -20,0.5833333333333334 0.018018018018018018 0.9726443768996961 0.9102163532394034 0.07317073170731707 0.9832419898819561 0.3548387096774194,595789.2995891508,0.67,3256,10 7 2763 8198 6 8943 76,0.3333333333333333 0.0 0.8398176291793313 0.4827565878677121 0.14634146341463414 0.9083052276559865 0.7972350230414746,342238.7806466354,0.6592857142857143,4416,6 16 4 35 0 423 -81,0.0 0.04054054054054054 0.0012158054711246201 0.0015327477450922597 0.0 0.01032883642495784 0.07373271889400922,4067.921877593536,0.04857142857142857,2971
resolved-p28d-3600-all/resolved-p28d-3600-3rd/nsp-n20-d28-r0.10-rp2-fp2-s1,0 1 1 0 0 66 -83,0.0 0.0 0.002369668246445498 0.0 0.0 0.0024067388688327317 0.0,23.720749853143303,0.30178571428571427,1420,0 1 1 5 0 92 -67,0.0 0.0 0.002369668246445498 0.01282051282051282 0.0 0.03369434416365824 0.11347517730496454,36.967613903909346,0.16785714285714284,1474,0 1 1 10 0 94 -64,0.0 0.0 0.002369668246445498 0.02564102564102564 0.0 0.036101083032490974 0.1347517730496454,49.833470708855174,0.11964285714285715,1467,15 2 0 8 0 64 -67,0.9375 0.004672897196261682 0.0 0.020512820512820513 0.0 0.0 0.11347517730496454,937987.9160153163,0.0125,1,1 149 205 267 24 413 -13,0.0625 0.6915887850467289 0.48578199052132703 0.6846153846153846 0.3116883116883117 0.41997593261131166 0.49645390070921985,137237.1788388972,0.4017857142857143,7801,10 31 25 90 4 110 -41,0.625 0.14018691588785046 0.05924170616113744 0.23076923076923078 0.05194805194805195 0.05535499398315283 0.2978723404255319,639847.9241086408,0.0875,1750,15 2 0 8 0 64 -67,0.9375 0.004672897196261682 0.0 0.020512820512820513 0.0 0.0 0.11347517730496454,937987.9160153163,0.0125,1,0 84 422 310 51 842 -8,0.0 0.3878504672897196 1.0 0.7948717948717948 0.6623376623376623 0.9362214199759326 0.5319148936170213,49656.046419170896,0.6607142857142857,4838,0 7 7 32 0 124 -68,0.0 0.028037383177570093 0.016587677725118485 0.08205128205128205 0.0 0.07220216606498195 0.10638297872340426,3052.4947816988492,0.07321428571428572,1065,15 2 0 8 0 64 -67,0.9375 0.004672897196261682 0.0 0.020512820512820513 0.0 0.0 0.11347517730496454,937987.9160153163,0.0125,1,13 13 8 30 0 145 -72,0.8125 0.056074766355140186 0.018957345971563982 0.07692307692307693 0.0 0.09747292418772563 0.07801418439716312,818375.025915579,0.06964285714285715,22375,0 11 39 83 7 219 -58,0.0 0.04672897196261682 0.0924170616113744 0.2128205128205128 0.09090909090909091 0.1865222623345367 0.1773049645390071,5821.021761874733,0.13392857142857142,688,16 2 0 8 0 64 -67,1.0 0.004672897196261682 0.0 0.020512820512820513 0.0 0.0 0.11347517730496454,1000487.9160153163,0.0125,725,5 183 411 390 77 895 54,0.3125 0.8504672897196262 0.9739336492890995 1.0 1.0 1.0 0.9716312056737588,408397.0370960593,0.7642857142857142,10696,12 202 276 317 43 612 56,0.75 0.9392523364485982 0.6540284360189573 0.8128205128205128 0.5584415584415584 0.6594464500601684 0.9858156028368794,851341.7629538175,0.7482142857142857,14125,16 2 0 9 0 64 -67,1.0 0.004672897196261682 0.0 0.023076923076923078 0.0 0.0 0.11347517730496454,1000490.4801178804,0.0125,724,5 190 338 386 68 799 57,0.3125 0.883177570093458 0.8009478672985783 0.9897435897435898 0.8831168831168831 0.8844765342960289 0.9929078014184397,409915.1286335312,0.7714285714285715,10429,13 215 235 304 37 593 58,0.8125 1.0 0.556872037914692 0.7794871794871795 0.4805194805194805 0.6365824308062575 1.0,918903.6253309941,0.7267857142857143,13055,0 1 3 13 0 99 -67,0.0 0.0 0.0071090047393364926 0.03333333333333333 0.0 0.0421179302045728 0.11347517730496454,104.95803520604896,0.08571428571428572,1268
resolved-p28d-3600-all/resolved-p28d-3600-3rd/nsp-n20-d28-r0.10-rp2-fp2-s3,0 0 0 0 0 82 -83,0.0 0.0 0.0 0.0 0.0 0.0 0.0,0.0,0.3142857142857143,188,0 0 0 0 0 87 -54,0.0 0.0 0.0 0.0 0.0 0.01818181818181818 0.5087719298245614,0.6905901116427433,0.24642857142857144,113,0 0 0 0 0 97 -56,0.0 0.0 0.0 0.0 0.0 0.05454545454545454 0.47368421052631576,1.0191387559808611,0.21428571428571427,75,0 0 0 0 0 149 -47,0.0 0.0 0.0 0.0 0.0 0.24363636363636362 0.631578947368421,3.067942583732057,0.15178571428571427,9,0 0 0 0 0 125 -31,0.0 0.0 0.0 0.0 0.0 0.15636363636363637 0.9122807017543859,2.4759170653907496,0.45357142857142857,10,0 0 0 0 0 149 -49,0.0 0.0 0.0 0.0 0.0 0.24363636363636362 0.5964912280701754,3.0328548644338116,0.14821428571428572,12,0 0 0 0 0 153 -46,0.0 0.0 0.0 0.0 0.0 0.2581818181818182 0.6491228070175439,3.2309409888357257,0.13214285714285715,4,0 0 0 0 0 124 -35,0.0 0.0 0.0 0.0 0.0 0.15272727272727274 0.8421052631578947,2.369377990430622,0.2785714285714286,9,0 0 0 0 0 144 -49,0.0 0.0 0.0 0.0 0.0 0.22545454545454546 0.5964912280701754,2.8510366826156304,0.13392857142857142,2,0 0 0 0 0 144 -49,0.0 0.0 0.0 0.0 0.0 0.22545454545454546 0.5964912280701754,2.8510366826156304,0.13392857142857142,2,0 0 0 0 0 117 -77,0.0 0.0 0.0 0.0 0.0 0.12727272727272726 0.10526315789473684,1.3779904306220092,0.3464285714285714,8,0 0 0 0 0 141 -48,0.0 0.0 0.0 0.0 0.0 0.21454545454545454 0.6140350877192983,2.759489633173844,0.13392857142857142,3,0 0 0 0 0 306 -26,0.0 0.0 0.0 0.0 0.0 0.8145454545454546 1.0,9.145454545454546,0.5178571428571429,18,0 0 0 0 0 114 -38,0.0 0.0 0.0 0.0 0.0 0.11636363636363636 0.7894736842105263,1.95311004784689,0.6553571428571429,177,0 0 0 0 0 357 -26,0.0 0.0 0.0 0.0 0.0 1.0 1.0,11.0,0.5125,24,0 0 0 0 0 306 -26,0.0 0.0 0.0 0.0 0.0 0.8145454545454546 1.0,9.145454545454546,0.5178571428571429,18,0 0 0 0 0 114 -38,0.0 0.0 0.0 0.0 0.0 0.11636363636363636 0.7894736842105263,1.95311004784689,0.6553571428571429,177,0 0 0 0 0 357 -26,0.0 0.0 0.0 0.0 0.0 1.0 1.0,11.0,0.5125,24,0 0 0 0 0 117 -46,0.0 0.0 0.0 0.0 0.0 0.12727272727272726 0.6491228070175439,1.9218500797448164,0.16428571428571428,44
resolved-p28d-3600-all/resolved-p28d-3600-3rd/nsp-n30-d28-r0.10-rp2-fp2-s0,1 9 0 0 0 120 -92,0.07692307692307693 0.1111111111111111 0.0 0.0 0.0 0.0 0.0,88034.18803418803,0.20714285714285716,1112,1 9 0 4 0 173 -79,0.07692307692307693 0.1111111111111111 0.0 0.0008024072216649949 0.0 0.0155061439438268 0.065,88035.21050284914,0.09285714285714286,838,1 9 0 1 0 158 -77,0.07692307692307693 0.1111111111111111 0.0 0.00020060180541624874 0.0 0.011117612638970159 0.075,88034.57481211984,0.10595238095238095,775,13 12 0 26 0 126 -81,1.0 0.2222222222222222 0.0 0.005215646940822468 0.0 0.0017554125219426564 0.055,1022227.5104232882,0.01904761904761905,1,1 33 6 22 0 179 -90,0.07692307692307693 1.0 0.005633802816901409 0.0044132397191574725 0.0 0.017261556465769455 0.01,176984.01080652975,0.07976190476190476,579,7 12 29 67 6 265 -76,0.5384615384615384 0.2222222222222222 0.027230046948356807 0.013440320962888667 0.12 0.042422469280280865 0.08,560982.0056988999,0.1,371,13 12 0 26 0 126 -81,1.0 0.2222222222222222 0.0 0.005215646940822468 0.0 0.0017554125219426564 0.055,1022227.5104232882,0.01904761904761905,1,7 11 5 31 0 180 -82,0.5384615384615384 0.18518518518518517 0.004694835680751174 0.006218655967903711 0.0 0.017554125219426564 0.05,557033.4495340845,0.05,665,6 19 4 27 0 154 -78,0.46153846153846156 0.48148148148148145 0.003755868544600939 0.005416248746238716 0.0 0.00994733762434172 0.07,509729.7540941782,0.034523809523809526,209,13 12 0 26 0 126 -81,1.0 0.2222222222222222 0.0 0.005215646940822468 0.0 0.0017554125219426564 0.055,1022227.5104232882,0.01904761904761905,1,6 23 5 47 0 158 -81,0.46153846153846156 0.6296296296296297 0.004694835680751174 0.009428284854563691 0.0 0.011117612638970159 0.055,524557.967319213,0.04285714285714286,532,8 13 1 34 0 151 -78,0.6153846153846154 0.25925925925925924 0.0009389671361502347 0.006820461384152457 0.0 0.009069631363370393 0.07,641326.9121396006,0.03571428571428571,682,11 30 766 1070 47 2533 104,0.8461538461538461 0.8888888888888888 0.7192488262910798 0.21464393179538616 0.94 0.705968402574605 0.98,942551.9069214669,0.5726190476190476,7923,4 7 1053 2620 50 3106 102,0.3076923076923077 0.037037037037037035 0.9887323943661972 0.5255767301905717 1.0 0.8736102984201287 0.97,321918.61817284813,0.7023809523809523,8115,0 6 1019 4474 8 3467 47,0.0 0.0 0.9568075117370892 0.8974924774322969 0.16 0.9792276184903452 0.695,10492.054870988093,0.655952380952381,8756,11 31 771 1417 40 2588 108,0.8461538461538461 0.9259259259259259 0.723943661971831 0.2842527582748245 0.8 0.722059684025746 1.0,946358.3487212721,0.5726190476190476,7682,4 7 1065 2954 50 3124 108,0.3076923076923077 0.037037037037037035 1.0 0.5925777331995988 1.0 0.8788765359859567 1.0,322098.3778945709,0.7023809523809523,8025,2 7 1057 4985 4 3538 41,0.15384615384615385 0.037037037037037035 0.9924882629107982 1.0 0.08 1.0 0.665,168493.40517896554,0.655952380952381,8509,1 9 2 22 0 176 -76,0.07692307692307693 0.1111111111111111 0.0018779342723004694 0.0044132397191574725 0.0 0.016383850204798128 0.08,88057.62445513225,0.05119047619047619,1156
resolved-p28d-3600-all/resolved-p28d-3600-3rd/nsp-n30-d28-r0.10-rp2-fp2-s3,2 109 545 592 129 2257 8,0.0 0.30144927536231886 0.0 0.0 0.46494464944649444 0.10762651461154668 0.026845637583892617,30192.525111960233,0.13690476190476192,5321,2 133 547 708 134 2106 4,0.0 0.3710144927536232 0.002472187886279357 0.0180657218501791 0.4833948339483395 0.0 0.0,37192.57635947013,0.10119047619047619,4461,2 150 600 823 151 2145 12,0.0 0.42028985507246375 0.06798516687268233 0.03597570471889114 0.5461254612546126 0.027797576621525304 0.053691275167785234,42799.757093858934,0.07261904761904762,3452,16 186 689 1061 174 2303 26,0.875 0.5246376811594203 0.17799752781211373 0.0730415823080517 0.6309963099630996 0.14041339985744833 0.1476510067114094,929381.4363923728,0.017857142857142856,1,10 350 1351 1516 274 3269 29,0.5 1.0 0.9962917181705809 0.14390281887556455 1.0 0.8289379900213828 0.16778523489932887,610215.2771657165,0.41785714285714287,4946,8 285 932 1266 162 2234 15,0.375 0.8115942028985508 0.4783683559950556 0.10496807350879925 0.5867158671586716 0.09123307198859587 0.0738255033557047,461107.72966625355,0.22023809523809523,2113,16 186 689 1061 174 2303 26,0.875 0.5246376811594203 0.17799752781211373 0.0730415823080517 0.6309963099630996 0.14041339985744833 0.1476510067114094,929381.4363923728,0.017857142857142856,1,8 242 1173 1208 213 2785 31,0.375 0.6869565217391305 0.7762669962917181 0.0959352125837097 0.7749077490774908 0.4839629365645046 0.18120805369127516,451636.768961741,0.23333333333333334,2858,8 253 889 1231 157 2607 24,0.375 0.7188405797101449 0.4252163164400494 0.09951720915745212 0.5682656826568265 0.3570919458303635 0.1342281879194631,451296.27006048436,0.2130952380952381,2596,16 186 689 1061 174 2303 26,0.875 0.5246376811594203 0.17799752781211373 0.0730415823080517 0.6309963099630996 0.14041339985744833 0.1476510067114094,929381.4363923728,0.017857142857142856,1,7 274 1354 1459 210 3509 43,0.3125 0.7797101449275362 1.0 0.13502569693194205 0.7638376383763837 1.0 0.26174496644295303,400692.68569848966,0.513095238095238,1349,7 261 977 1284 177 2619 38,0.3125 0.7420289855072464 0.5339925834363412 0.10777137517520635 0.6420664206642066 0.36564504632929434 0.22818791946308725,392218.68704071245,0.3619047619047619,3032,14 55 1047 1617 53 2829 153,0.75 0.14492753623188406 0.6205191594561187 0.15963245600373774 0.18450184501845018 0.5153243050605845 1.0,770882.1811013058,0.7,6305,9 15 788 3652 14 2892 115,0.4375 0.028985507246376812 0.3003708281829419 0.47656128328920727 0.04059040590405904 0.5602280826799715 0.7449664429530202,443889.2265776165,0.7595238095238095,8829,9 8 790 3273 8 2810 146,0.4375 0.008695652173913044 0.30284301606922126 0.4175362093131911 0.01845018450184502 0.5017818959372773 0.9530201342281879,441823.3474449405,0.7416666666666667,8919,18 90 1042 889 77 2719 149,1.0 0.2463768115942029 0.6143386897404203 0.04625447749571718 0.2730627306273063 0.4369208838203849 0.9731543624161074,1030859.9711705835,0.6630952380952381,7675,10 5 1028 7013 3 3286 41,0.5 0.0 0.5970333745364648 1.0 0.0 0.8410548823948681 0.2483221476510067,506978.99261633627,0.7607142857142857,7271,9 8 788 3275 8 2814 144,0.4375 0.008695652173913044 0.3003708281829419 0.4178476872761252 0.01845018450184502 0.5046329294369208 0.9395973154362416,441798.9521315568,0.7416666666666667,9022,2 164 615 919 154 2131 16,0.0 0.4608695652173913 0.0865265760197775 0.050926646939729016 0.5571955719557196 0.01781895937277263 0.08053691275167785,47059.127212578685,0.05476190476190476,3787
resolved-p28d-3600-all/resolved-p28d-3600-3rd/nsp-n10-d28-r0.10-rp0-fp0-s9,0 0 0 0 0 74 -47,0.0 0.0 0.0 0.0 0.0 0.0 0.0,0.0,0.36428571428571427,100,0 0 0 0 0 76 -46,0.0 0.0 0.0 0.0 0.0 0.01818181818181818 0.05263157894736842,0.23444976076555024,0.3892857142857143,80,0 0 0 0 0 79 -43,0.0 0.0 0.0 0.0 0.0 0.045454545454545456 0.21052631578947367,0.6650717703349283,0.30357142857142855,72,0 0 0 0 0 102 -34,0.0 0.0 0.0 0.0 0.0 0.2545454545454545 0.6842105263157895,3.2296650717703344,0.16071428571428573,24,0 0 0 0 0 91 -35,0.0 0.0 0.0 0.0 0.0 0.15454545454545454 0.631578947368421,2.177033492822966,0.5285714285714286,10,0 0 0 0 0 108 -33,0.0 0.0 0.0 0.0 0.0 0.3090909090909091 0.7368421052631579,3.827751196172249,0.15357142857142858,26,0 0 0 0 0 95 -34,0.0 0.0 0.0 0.0 0.0 0.19090909090909092 0.6842105263157895,2.5933014354066986,0.15714285714285714,25,0 0 0 0 0 94 -40,0.0 0.0 0.0 0.0 0.0 0.18181818181818182 0.3684210526315789,2.186602870813397,0.475,3,0 0 0 0 0 100 -36,0.0 0.0 0.0 0.0 0.0 0.23636363636363636 0.5789473684210527,2.9425837320574164,0.15714285714285714,15,0 0 0 0 0 103 -32,0.0 0.0 0.0 0.0 0.0 0.2636363636363636 0.7894736842105263,3.4258373205741623,0.16428571428571428,22,0 0 0 0 0 96 -33,0.0 0.0 0.0 0.0 0.0 0.2 0.7368421052631579,2.736842105263158,0.3142857142857143,14,0 0 0 0 0 99 -34,0.0 0.0 0.0 0.0 0.0 0.22727272727272727 0.6842105263157895,2.956937799043062,0.15714285714285714,31,0 0 0 0 0 169 -28,0.0 0.0 0.0 0.0 0.0 0.8636363636363636 1.0,9.636363636363637,0.5821428571428572,39,0 0 0 0 0 88 -41,0.0 0.0 0.0 0.0 0.0 0.12727272727272726 0.3157894736842105,1.588516746411483,0.6107142857142858,97,0 0 0 0 0 184 -39,0.0 0.0 0.0 0.0 0.0 1.0 0.42105263157894735,10.421052631578947,0.525,76,0 0 0 0 0 169 -28,0.0 0.0 0.0 0.0 0.0 0.8636363636363636 1.0,9.636363636363637,0.5821428571428572,39,0 0 0 0 0 88 -41,0.0 0.0 0.0 0.0 0.0 0.12727272727272726 0.3157894736842105,1.588516746411483,0.6071428571428571,98,0 0 0 0 0 184 -39,0.0 0.0 0.0 0.0 0.0 1.0 0.42105263157894735,10.421052631578947,0.525,76,0 0 0 0 0 88 -42,0.0 0.0 0.0 0.0 0.0 0.12727272727272726 0.2631578947368421,1.5358851674641145,0.24285714285714285,26
resolved-p28d-3600-all/resolved-p28d-3600-3rd/nsp-n50-d28-r0.10-rp2-fp2-s1,0 11 0 23 0 456 -147,0.0 0.3333333333333333 0.0 0.0008822585819698428 0.0 0.008131997642899234 0.028037383177570093,33334.3249492749,0.08857142857142856,2011,0 14 0 34 1 448 -148,0.0 0.42424242424242425 0.0 0.0017645171639396856 0.021739130434782608 0.007189157336476134 0.024922118380062305,42428.277668141585,0.06928571428571428,1616,0 13 2 30 1 509 -150,0.0 0.3939393939393939 0.000749063670411985 0.0014436958614051972 0.021739130434782608 0.014378314672952268 0.018691588785046728,39405.21011428391,0.06785714285714285,1835,27 13 2 22 0 387 -155,0.9642857142857143 0.3939393939393939 0.000749063670411985 0.0008020532563362208 0.0 0.0 0.003115264797507788,1003687.9494848789,0.013571428571428571,1,24 11 5 13 1 400 -155,0.8571428571428571 0.3333333333333333 0.0018726591760299626 8.020532563362207e-05 0.021739130434782608 0.0015321154979375368 0.003115264797507788,890497.1896227396,0.020714285714285713,439,25 17 6 39 2 401 -149,0.8928571428571429 0.5151515151515151 0.0022471910112359553 0.002165543792107796 0.043478260869565216 0.0016499705362404242 0.021806853582554516,944401.3179588448,0.02214285714285714,145,27 13 2 22 0 387 -155,0.9642857142857143 0.3939393939393939 0.000749063670411985 0.0008020532563362208 0.0 0.0 0.003115264797507788,1003687.9494848789,0.013571428571428571,1,25 33 4 32 1 396 -156,0.8928571428571429 1.0 0.00149812734082397 0.0016041065126724415 0.021739130434782608 0.001060695344725987 0.0,992875.9127570608,0.02642857142857143,192,23 17 8 38 2 446 -147,0.8214285714285714 0.5151515151515151 0.00299625468164794 0.002085338466474174 0.043478260869565216 0.006953447259870359 0.028037383177570093,872980.2162269485,0.03142857142857143,164,27 13 2 22 0 387 -155,0.9642857142857143 0.3939393939393939 0.000749063670411985 0.0008020532563362208 0.0 0.0 0.003115264797507788,1003687.9494848789,0.013571428571428571,1,25 11 2 12 0 403 -156,0.8928571428571429 0.3333333333333333 0.000749063670411985 0.0 0.0 0.0018856806128461992 0.0,926197.9856839866,0.020714285714285713,276,24 13 3 36 2 401 -152,0.8571428571428571 0.3939393939393939 0.0011235955056179776 0.0019249278152069298 0.043478260869565216 0.0016499705362404242 0.012461059190031152,896554.3342065193,0.027857142857142858,58,28 14 2 22 0 387 -155,1.0 0.42424242424242425 0.000749063670411985 0.0008020532563362208 0.0 0.0 0.003115264797507788,1042432.5382294677,0.013571428571428571,1766,0 0 1837 3543 46 6734 160,0.0 0.0 0.6880149812734082 0.2832050048123195 1.0 0.7480259281084266 0.9844236760124611,7271.819500503499,0.6842857142857143,2004,0 0 2670 12480 5 8872 -33,0.0 0.0 1.0 1.0 0.10869565217391304 1.0 0.38317757009345793,11021.252742787485,0.6421428571428571,1354,27 13 2 22 0 387 -155,0.9642857142857143 0.3939393939393939 0.000749063670411985 0.0008020532563362208 0.0 0.0 0.003115264797507788,1003687.9494848789,0.013571428571428571,1767,0 0 1861 3576 45 6779 165,0.0 0.0 0.6970037453183521 0.2858517805582291 0.9782608695652174 0.7533294048320566 1.0,7362.248614746592,0.6842857142857143,1969,0 0 2405 8551 11 8304 55,0.0 0.0 0.900749063670412 0.6848732755854989 0.2391304347826087 0.9330583382439599 0.6573208722741433,9726.264860022595,0.6421428571428571,1550,0 27 3 38 2 452 -149,0.0 0.8181818181818182 0.0011235955056179776 0.002085338466474174 0.043478260869565216 0.0076605774896876845 0.021806853582554516,81835.94935041992,0.03857142857142857,1591
resolved-p28d-3600-all/resolved-p28d-3600-3rd/nsp-n20-d28-r0.10-rp2-fp2-s7,0 0 0 0 0 54 -50,0.0 0.0 0.0 0.0 0.0 0.0 0.22857142857142856,0.22857142857142856,0.37857142857142856,210,0 0 0 0 0 66 -58,0.0 0.0 0.0 0.0 0.0 0.042704626334519574 0.0,0.42704626334519574,0.3125,125,0 0 0 0 0 81 -51,0.0 0.0 0.0 0.0 0.0 0.09608540925266904 0.2,1.1608540925266904,0.26964285714285713,81,0 0 0 0 0 111 -51,0.0 0.0 0.0 0.0 0.0 0.20284697508896798 0.2,2.22846975088968,0.1982142857142857,23,0 0 0 0 0 85 -23,0.0 0.0 0.0 0.0 0.0 0.1103202846975089 1.0,2.1032028469750887,0.5160714285714286,10,0 0 0 0 0 122 -46,0.0 0.0 0.0 0.0 0.0 0.24199288256227758 0.34285714285714286,2.762785968479919,0.19107142857142856,36,0 0 0 0 0 130 -44,0.0 0.0 0.0 0.0 0.0 0.2704626334519573 0.4,3.104626334519573,0.1875,28,0 0 0 0 0 88 -26,0.0 0.0 0.0 0.0 0.0 0.12099644128113879 0.9142857142857143,2.124250127097102,0.4517857142857143,14,0 0 0 0 0 111 -43,0.0 0.0 0.0 0.0 0.0 0.20284697508896798 0.42857142857142855,2.457041179461108,0.1875,24,0 0 0 0 0 124 -46,0.0 0.0 0.0 0.0 0.0 0.2491103202846975 0.34285714285714286,2.833960345704118,0.19107142857142856,18,0 0 0 0 0 80 -25,0.0 0.0 0.0 0.0 0.0 0.09252669039145907 0.9428571428571428,1.8681240467717335,0.5053571428571428,16,0 0 0 0 0 122 -40,0.0 0.0 0.0 0.0 0.0 0.24199288256227758 0.5142857142857142,2.9342145399084902,0.19285714285714287,27,0 0 0 0 0 335 -36,0.0 0.0 0.0 0.0 0.0 1.0 0.6285714285714286,10.628571428571428,0.44821428571428573,14,0 0 0 0 0 68 -25,0.0 0.0 0.0 0.0 0.0 0.0498220640569395 0.9428571428571428,1.4410777834265378,0.6339285714285714,137,0 0 0 0 0 322 -39,0.0 0.0 0.0 0.0 0.0 0.9537366548042705 0.5428571428571428,10.080223690899848,0.425,42,0 0 0 0 0 335 -36,0.0 0.0 0.0 0.0 0.0 1.0 0.6285714285714286,10.628571428571428,0.44821428571428573,14,0 0 0 0 0 68 -25,0.0 0.0 0.0 0.0 0.0 0.0498220640569395 0.9428571428571428,1.4410777834265378,0.6339285714285714,137,0 0 0 0 0 322 -39,0.0 0.0 0.0 0.0 0.0 0.9537366548042705 0.5428571428571428,10.080223690899848,0.425,42,0 0 0 0 0 89 -40,0.0 0.0 0.0 0.0 0.0 0.12455516014234876 0.5142857142857142,1.7598373157092018,0.2571428571428571,78
resolved-p28d-3600-all/resolved-p28d-3600-3rd/nsp-n40-d28-r0.10-rp2-fp2-s8,0 0 0 0 0 251 -118,0.0 0.0 0.0 0.0 0.0 0.0 0.07142857142857142,0.07142857142857142,0.18303571428571427,354,0 0 0 0 0 299 -121,0.0 0.0 0.0 0.0 0.0 0.0713224368499257 0.0,0.713224368499257,0.1375,159,0 0 0 0 0 342 -110,0.0 0.0 0.0 0.0 0.0 0.1352154531946508 0.2619047619047619,1.61405929385127,0.12678571428571428,100,0 0 0 0 0 446 -103,0.0 0.0 0.0 0.0 0.0 0.2897473997028232 0.42857142857142855,3.3260454255996605,0.12321428571428572,4,0 0 0 0 0 386 -89,0.0 0.0 0.0 0.0 0.0 0.20059435364041606 0.7619047619047619,2.7678482983089223,0.2982142857142857,4,0 0 0 0 0 486 -98,0.0 0.0 0.0 0.0 0.0 0.3491827637444279 0.5476190476190477,4.039446685063327,0.11875,3,0 0 0 0 0 426 -107,0.0 0.0 0.0 0.0 0.0 0.2600297176820208 0.3333333333333333,2.9336305101535416,0.12142857142857143,2,0 0 0 0 0 371 -79,0.0 0.0 0.0 0.0 0.0 0.17830609212481427 1.0,2.7830609212481425,0.29910714285714285,8,0 0 0 0 0 471 -97,0.0 0.0 0.0 0.0 0.0 0.32689450222882616 0.5714285714285714,3.8403735937168326,0.12053571428571429,3,0 0 0 0 0 467 -99,0.0 0.0 0.0 0.0 0.0 0.3209509658246657 0.5238095238095238,3.7333191820561806,0.10625,2,0 0 0 0 0 407 -92,0.0 0.0 0.0 0.0 0.0 0.23179791976225855 0.6904761904761905,3.008455388098776,0.27232142857142855,49,0 0 0 0 0 467 -99,0.0 0.0 0.0 0.0 0.0 0.3209509658246657 0.5238095238095238,3.7333191820561806,0.10625,2,0 0 0 0 0 920 -100,0.0 0.0 0.0 0.0 0.0 0.9940564635958395 0.5,10.440564635958395,0.4392857142857143,54,0 0 0 0 0 718 -110,0.0 0.0 0.0 0.0 0.0 0.6939078751857355 0.2619047619047619,7.200983513762117,0.4616071428571429,122,0 0 0 0 0 924 -98,0.0 0.0 0.0 0.0 0.0 1.0 0.5476190476190477,10.547619047619047,0.43839285714285714,57,0 0 0 0 0 920 -100,0.0 0.0 0.0 0.0 0.0 0.9940564635958395 0.5,10.440564635958395,0.4392857142857143,54,0 0 0 0 0 718 -110,0.0 0.0 0.0 0.0 0.0 0.6939078751857355 0.2619047619047619,7.200983513762117,0.4616071428571429,122,0 0 0 0 0 924 -98,0.0 0.0 0.0 0.0 0.0 1.0 0.5476190476190477,10.547619047619047,0.43839285714285714,57,0 0 0 0 0 360 -117,0.0 0.0 0.0 0.0 0.0 0.16196136701337296 0.09523809523809523,1.714851765371825,0.11696428571428572,77
resolved-p28d-3600-all/resolved-p28d-3600-3rd/nsp-n10-d28-r0.10-rp0-fp0-s6,0 1 2 0 0 73 -32,0.0 0.0 0.006756756756756757 0.0 0.0 0.0 0.0,67.56756756756756,0.39285714285714285,673,0 1 2 1 0 80 -20,0.0 0.0 0.006756756756756757 0.0064516129032258064 0.0 0.014141414141414142 0.3,74.46059461220752,0.325,738,0 4 2 5 0 108 -22,0.0 0.2 0.006756756756756757 0.03225806451612903 0.0 0.0707070707070707 0.25,20100.782702790766,0.06428571428571428,553,5 4 1 2 0 85 -21,1.0 0.2 0.0 0.012903225806451613 0.0 0.024242424242424242 0.275,1020013.4206500489,0.017857142857142856,1,0 6 33 150 6 315 7,0.0 0.3333333333333333 0.21621621621621623 0.967741935483871 0.11538461538461539 0.4888888888888889 0.975,36480.63978140671,0.5607142857142857,22739,0 1 2 0 0 126 -24,0.0 0.0 0.006756756756756757 0.0 0.0 0.10707070707070707 0.2,68.83827463827464,0.09642857142857143,11252,5 4 1 2 0 85 -21,1.0 0.2 0.0 0.012903225806451613 0.0 0.024242424242424242 0.275,1020013.4206500489,0.017857142857142856,1,0 16 149 99 52 568 2,0.0 1.0 1.0 0.6387096774193548 1.0 1.0 0.85,110749.55967741935,0.6464285714285715,27508,0 1 2 0 0 126 -24,0.0 0.0 0.006756756756756757 0.0 0.0 0.10707070707070707 0.2,68.83827463827464,0.09642857142857143,9251,5 4 1 2 0 85 -21,1.0 0.2 0.0 0.012903225806451613 0.0 0.024242424242424242 0.275,1020013.4206500489,0.017857142857142856,1,0 13 46 155 44 467 -9,0.0 0.8 0.30405405405405406 1.0 0.8461538461538461 0.795959595959596 0.575,84133.69052111552,0.6321428571428571,23759,0 1 2 0 0 123 -24,0.0 0.0 0.006756756756756757 0.0 0.0 0.10101010101010101 0.2,68.77766857766858,0.1,13667,0 2 48 55 8 555 8,0.0 0.06666666666666667 0.31756756756756754 0.3548387096774194 0.15384615384615385 0.9737373737373738 1.0,10223.303041141751,0.34285714285714286,14183,0 1 2 0 0 99 -19,0.0 0.0 0.006756756756756757 0.0 0.0 0.052525252525252523 0.325,68.4178200928201,0.6535714285714286,19344,0 1 2 0 0 119 -19,0.0 0.0 0.006756756756756757 0.0 0.0 0.09292929292929293 0.325,68.8218604968605,0.6321428571428571,13881,0 2 48 51 4 555 6,0.0 0.06666666666666667 0.31756756756756754 0.32903225806451614 0.07692307692307693 0.9737373737373738 0.95,10189.75428183654,0.34285714285714286,14252,0 1 2 0 0 152 -19,0.0 0.0 0.006756756756756757 0.0 0.0 0.1595959595959596 0.325,69.48852716352717,0.6607142857142857,19205,0 1 2 0 0 143 -21,0.0 0.0 0.006756756756756757 0.0 0.0 0.1414141414141414 0.275,69.25670898170898,0.7035714285714286,13799,1 2 2 5 0 107 -21,0.2 0.06666666666666667 0.006756756756756757 0.03225806451612903 0.0 0.06868686868686869 0.275,206767.45416743724,0.07142857142857142,446
resolved-p28d-3600-all/resolved-p28d-3600-3rd/nsp-n40-d28-r0.10-rp2-fp2-s4,3 14 0 0 0 244 -152,0.0 0.058333333333333334 0.0 0.0 0.0 0.0 0.0,5833.333333333333,0.16517857142857142,1121,3 14 0 4 0 291 -123,0.0 0.058333333333333334 0.0 0.0005230809467765136 0.0 0.00872794800371402 0.1407766990291262,5834.0844704591755,0.11607142857142858,973,3 15 0 20 1 327 -124,0.0 0.06666666666666667 0.0 0.0026154047338825684 0.07692307692307693 0.015413184772516249 0.13592233009708737,6677.26443327068,0.04732142857142857,1582,17 16 1 16 0 281 -128,1.0 0.075 0.0006053268765133172 0.0020923237871060545 0.0 0.006870937790157846 0.11650485436893204,1007508.3308067846,0.017857142857142856,1,14 127 94 165 6 494 -117,0.7857142857142857 1.0 0.05690072639225181 0.02157708905453119 0.46153846153846156 0.04642525533890436 0.16990291262135923,886351.6580688825,0.16071428571428573,5129,13 19 2 17 0 292 -127,0.7142857142857143 0.1 0.0012106537530266344 0.0022230940238001833 0.0 0.008913649025069638 0.12135922330097088,724300.2544129819,0.025892857142857145,2735,17 16 1 16 0 281 -128,1.0 0.075 0.0006053268765133172 0.0020923237871060545 0.0 0.006870937790157846 0.11650485436893204,1007508.3308067846,0.017857142857142856,1,15 15 1 17 0 293 -136,0.8571428571428571 0.06666666666666667 0.0006053268765133172 0.0022230940238001833 0.0 0.009099350046425255 0.07766990291262135,863817.968835716,0.027678571428571427,6699,16 30 4 73 0 415 -152,0.9285714285714286 0.19166666666666668 0.002421307506053269 0.009546227278671375 0.0 0.03175487465181059 0.0,947772.172089181,0.06160714285714286,2093,17 16 1 16 0 281 -128,1.0 0.075 0.0006053268765133172 0.0020923237871060545 0.0 0.006870937790157846 0.11650485436893204,1007508.3308067846,0.017857142857142856,1,15 13 1 22 0 335 -121,0.8571428571428571 0.05 0.0006053268765133172 0.002876945207270825 0.0 0.016898792943361187 0.15048543689320387,862152.1068301958,0.04017857142857143,4624,13 22 1 46 2 335 -124,0.7142857142857143 0.125 0.0006053268765133172 0.006015430887929907 0.15384615384615385 0.016898792943361187 0.13592233009708737,726813.4725110115,0.05267857142857143,1850,14 20 1652 6532 13 5621 46,0.7857142857142857 0.10833333333333334 1.0 0.8541911860860468 1.0 0.998514391829155 0.9611650485436893,807512.7565426719,0.6232142857142857,5646,11 7 1602 5752 9 5629 40,0.5714285714285714 0.0 0.9697336561743342 0.7521904014646267 0.6923076923076923 1.0 0.9320388349514563,581958.261199845,0.6589285714285714,5246,12 8 1333 6587 11 5046 54,0.6428571428571429 0.008333333333333333 0.8069007263922519 0.8613835491042239 0.8461538461538461 0.891736304549675 1.0,652715.3997511639,0.6410714285714286,5416,14 20 1652 6532 13 5621 46,0.7857142857142857 0.10833333333333334 1.0 0.8541911860860468 1.0 0.998514391829155 0.9611650485436893,807512.7565426719,0.6232142857142857,5646,11 7 1601 5820 9 5609 34,0.5714285714285714 0.0 0.9691283292978208 0.7610827775598273 0.6923076923076923 0.9962859795728877 0.9029126213592233,581961.0340407572,0.6589285714285714,5311,12 10 1509 7647 8 5480 25,0.6428571428571429 0.025 0.9134382566585957 1.0 0.6153846153846154 0.972330547818013 0.8592233009708737,655563.6464140465,0.6410714285714286,4605,3 15 0 20 0 322 -124,0.0 0.06666666666666667 0.0 0.0026154047338825684 0.0 0.014484679665738161 0.13592233009708737,6669.562840527304,0.049107142857142856,1545
resolved-p28d-3600-all/resolved-p28d-3600-3rd/nsp-n10-d28-r0.10-rp0-fp0-s8,0 2 0 2 0 81 -36,0.0 0.07692307692307693 0.0 0.0 0.0 0.005012531328320802 0.0,7692.357817620976,0.3535714285714286,491,0 2 0 2 0 81 -35,0.0 0.07692307692307693 0.0 0.0 0.0 0.005012531328320802 0.022727272727272728,7692.380544893703,0.28214285714285714,456,0 1 0 2 0 86 -23,0.0 0.0 0.0 0.0 0.0 0.017543859649122806 0.29545454545454547,0.47089314194577353,0.2,493,4 6 0 11 0 79 -16,0.6666666666666666 0.38461538461538464 0.0 0.10112359550561797 0.0 0.0 0.45454545454545453,705229.7832691652,0.025,1,0 1 0 2 0 98 -10,0.0 0.0 0.0 0.0 0.0 0.047619047619047616 0.5909090909090909,1.067099567099567,0.37857142857142856,1310,0 1 0 2 0 104 -21,0.0 0.0 0.0 0.0 0.0 0.06265664160401002 0.3409090909090909,0.9674755069491912,0.09285714285714286,574,4 6 0 11 0 79 -16,0.6666666666666666 0.38461538461538464 0.0 0.10112359550561797 0.0 0.0 0.45454545454545453,705229.7832691652,0.025,1,0 1 0 2 0 97 -21,0.0 0.0 0.0 0.0 0.0 0.045112781954887216 0.3409090909090909,0.792036910457963,0.20357142857142857,793,0 1 0 2 0 104 -21,0.0 0.0 0.0 0.0 0.0 0.06265664160401002 0.3409090909090909,0.9674755069491912,0.09285714285714286,554,4 6 0 11 0 79 -16,0.6666666666666666 0.38461538461538464 0.0 0.10112359550561797 0.0 0.0 0.45454545454545453,705229.7832691652,0.025,1,0 1 0 2 0 99 -19,0.0 0.0 0.0 0.0 0.0 0.05012531328320802 0.38636363636363635,0.8876167691957165,0.5178571428571429,1650,0 1 0 2 0 104 -21,0.0 0.0 0.0 0.0 0.0 0.06265664160401002 0.3409090909090909,0.9674755069491912,0.09285714285714286,935,5 6 0 11 0 80 -15,0.8333333333333334 0.38461538461538464 0.0 0.10112359550561797 0.0 0.002506265664160401 0.4772727272727273,871896.4977257614,0.025,394,0 8 51 70 18 478 8,0.0 0.5384615384615384 1.0 0.7640449438202247 0.9473684210526315 1.0 1.0,64715.93563207933,0.7142857142857143,20420,0 1 0 5 0 190 -5,0.0 0.0 0.0 0.033707865168539325 0.0 0.2781954887218045 0.7045454545454546,37.19436551030283,0.6678571428571428,22008,6 6 0 12 0 79 -16,1.0 0.38461538461538464 0.0 0.11235955056179775 0.0 0.0 0.45454545454545453,1038574.3525575548,0.025,391,0 14 49 91 19 476 7,0.0 1.0 0.9607843137254902 1.0 1.0 0.9949874686716792 0.9772727272727273,110718.77028466889,0.7678571428571429,19850,0 1 0 5 0 188 -6,0.0 0.0 0.0 0.033707865168539325 0.0 0.2731829573934837 0.6818181818181818,37.12151292429235,0.6678571428571428,22011,0 1 0 2 0 90 -21,0.0 0.0 0.0 0.0 0.0 0.02756892230576441 0.3409090909090909,0.616598313966735,0.16428571428571428,422
resolved-p28d-3600-all/resolved-p28d-3600-3rd/nsp-n50-d28-r0.10-rp2-fp2-s6,2 14 2 18 0 371 -160,0.0 0.03669724770642202 0.0004892367906066536 0.00010029084344599338 0.0 0.0016989145823501652 0.06557377049180328,3674.79999230803,0.12142857142857143,3112,2 14 4 39 0 436 -166,0.0 0.03669724770642202 0.0009784735812133072 0.001153344699628924 0.0 0.00783388390750354 0.01639344262295082,3680.757583435662,0.07428571428571429,2990,2 14 6 43 0 448 -168,0.0 0.03669724770642202 0.0014677103718199608 0.0013539263865209106 0.0 0.008966493629070316 0.0,3685.845465683213,0.065,2664,25 15 1 27 0 353 -151,1.0 0.04128440366972477 0.0002446183953033268 0.0005515996389529636 0.0 0.0 0.13934426229508196,1004131.5774948267,0.016428571428571428,1,20 62 11 60 0 375 -132,0.782608695652174 0.25688073394495414 0.0026908023483365948 0.0022063985558118545 0.0 0.0020764511562057575 0.29508196721311475,808326.1993151873,0.062142857142857146,1369,18 224 204 449 10 815 -130,0.6956521739130435 1.0 0.049902152641878667 0.02171296760605757 1.0 0.043605474280320904 0.3114754098360656,796273.6559372209,0.19857142857142857,363,25 15 1 27 0 353 -151,1.0 0.04128440366972477 0.0002446183953033268 0.0005515996389529636 0.0 0.0 0.13934426229508196,1004131.5774948267,0.016428571428571428,1,21 13 0 16 0 367 -161,0.8260869565217391 0.03211009174311927 0.0 0.0 0.0 0.0013213780084945729 0.05737704918032787,829298.0362868804,0.037142857142857144,1490,20 19 2 36 0 386 -153,0.782608695652174 0.05963302752293578 0.0004892367906066536 0.0010029084344599338 0.0 0.0031146767343086363 0.12295081967213115,788578.0477783951,0.023571428571428573,162,25 15 1 27 0 353 -151,1.0 0.04128440366972477 0.0002446183953033268 0.0005515996389529636 0.0 0.0 0.13934426229508196,1004131.5774948267,0.016428571428571428,1,21 50 19 72 3 413 -139,0.8260869565217391 0.2018348623853211 0.004647749510763209 0.0028081436164878147 0.3 0.005663048607833884 0.23770491803278687,846350.0227343994,0.04428571428571428,494,22 20 4 37 0 389 -146,0.8695652173913043 0.06422018348623854 0.0009784735812133072 0.0010530538561829305 0.0 0.0033978291647003304 0.18032786885245902,875998.287835757,0.025714285714285714,206,17 16 3761 14665 1 10275 -59,0.6521739130434783 0.045871559633027525 0.9200097847358122 0.7345802828201785 0.1 0.9364794714487966 0.8934426229508197,666716.0053742968,0.6357142857142857,3526,11 15 3639 14652 2 10225 -64,0.391304347826087 0.04128440366972477 0.8901663405088063 0.7339283923377795 0.2 0.9317602642756017 0.8524590163934426,405098.55005214445,0.6728571428571428,3462,16 8 4088 19958 0 10948 -158,0.6086956521739131 0.009174311926605505 1.0 1.0 0.0 1.0 0.08196721311475409,620623.1653337867,0.6514285714285715,2790,17 14 3715 13878 1 10178 -46,0.6521739130434783 0.03669724770642202 0.9087573385518591 0.6951158359241801 0.1 0.9273242095327985 1.0,665646.6002776586,0.6357142857142857,3746,11 16 3692 15118 2 10332 -61,0.391304347826087 0.045871559633027525 0.9031311154598826 0.757296158860696 0.2 0.9418593676262388 0.8770491803278688,405710.4067457058,0.6728571428571428,3168,12 6 3932 16486 1 10637 -95,0.43478260869565216 0.0 0.961839530332681 0.8258950957777554 0.1 0.9706465313827277 0.5983606557377049,445247.2039207263,0.6492857142857142,3760,2 21 4 40 0 421 -163,0.0 0.06880733944954129 0.0009784735812133072 0.0012034901213519205 0.0 0.006418121755545068 0.040983606557377046,6891.827335711727,0.05142857142857143,2138
resolved-p28d-3600-all/resolved-p28d-3600-3rd/nsp-n40-d28-r0.10-rp2-fp2-s5,2 303 514 689 142 2053 -5,0.0 0.19742489270386265 0.0 0.0 0.0 0.06613756613756613 0.019417475728155338,19743.17006352337,0.10178571428571428,4146,2 323 527 704 143 2098 -7,0.0 0.2832618025751073 0.00676730869338886 0.03067484662576687 0.027777777777777776 0.08994708994708994 0.0,28428.20543974763,0.075,3268,2 339 563 736 142 2155 21,0.0 0.351931330472103 0.025507548152004164 0.09611451942740286 0.0 0.1201058201058201 0.27184466019417475,35545.795951019,0.06607142857142857,3163,20 399 616 917 158 2112 39,1.0 0.6094420600858369 0.05309734513274336 0.4662576687116564 0.4444444444444444 0.09735449735449736 0.44660194174757284,1061987.3017199824,0.017857142857142856,1,20 367 706 889 151 2142 14,1.0 0.4721030042918455 0.09994794377928162 0.40899795501022496 0.25 0.11322751322751323 0.20388349514563106,1048645.113980615,0.11428571428571428,4848,14 490 830 1143 148 2072 37,0.6666666666666666 1.0 0.16449765747006767 0.9284253578732107 0.16666666666666666 0.0761904761904762 0.42718446601941745,769257.9243551351,0.1875,4873,20 399 616 917 158 2112 39,1.0 0.6094420600858369 0.05309734513274336 0.4662576687116564 0.4444444444444444 0.09735449735449736 0.44660194174757284,1061987.3017199824,0.017857142857142856,1,20 388 565 859 163 2143 37,1.0 0.5622317596566524 0.02654867256637168 0.3476482617586912 0.5833333333333334 0.11375661375661375 0.42718446601941745,1056896.2090370245,0.07767857142857143,7164,20 388 577 848 168 2102 34,1.0 0.5622317596566524 0.03279541905257678 0.32515337423312884 0.7222222222222222 0.09206349206349207 0.39805825242718446,1056949.8244458195,0.09553571428571428,7422,20 399 616 917 158 2112 39,1.0 0.6094420600858369 0.05309734513274336 0.4662576687116564 0.4444444444444444 0.09735449735449736 0.44660194174757284,1061987.3017199824,0.017857142857142856,1,20 389 566 801 161 2087 35,1.0 0.5665236051502146 0.02706923477355544 0.22903885480572597 0.5277777777777778 0.08412698412698413 0.4077669902912621,1057206.1185321722,0.08303571428571428,6842,16 425 1113 1178 175 2353 14,0.7777777777777778 0.721030042918455 0.3118167621030713 1.0 0.9166666666666666 0.22486772486772486 0.20388349514563106,854093.0689180645,0.2517857142857143,4832,20 399 616 917 158 2112 39,1.0 0.6094420600858369 0.05309734513274336 0.4662576687116564 0.4444444444444444 0.09735449735449736 0.44660194174757284,1061987.3017199824,0.017857142857142856,1659,14 264 2425 967 158 3607 86,0.6666666666666666 0.030042918454935622 0.9947943779281624 0.5685071574642127 0.4444444444444444 0.8883597883597883 0.9029126213592233,680241.6404038555,0.79375,4967,14 269 2291 863 174 3818 95,0.6666666666666666 0.05150214592274678 0.9250390421655388 0.3558282208588957 0.8888888888888888 1.0 0.9902912621359223,681522.9790816066,0.7928571428571428,4231,20 399 616 917 158 2112 39,1.0 0.6094420600858369 0.05309734513274336 0.4662576687116564 0.4444444444444444 0.09735449735449736 0.44660194174757284,1061987.3017199824,0.017857142857142856,1659,15 257 2435 924 153 3581 93,0.7222222222222222 0.0 1.0 0.48057259713701433 0.3055555555555556 0.8746031746031746 0.970873786407767,732743.0672804472,0.79375,4892,14 269 2296 866 178 3816 96,0.6666666666666666 0.05150214592274678 0.9276418532014575 0.3619631901840491 1.0 0.9989417989417989 1.0,681566.2523991293,0.7928571428571428,4132,2 361 564 742 147 1928 12,0.0 0.44635193133047213 0.026028110359187923 0.1083844580777096 0.1388888888888889 0.0 0.18446601941747573,45017.93204962511,0.054464285714285715,2741
resolved-p28d-3600-all/resolved-p28d-3600-3rd/nsp-n20-d28-r0.10-rp2-fp2-s0,0 0 0 0 0 49 -66,0.0 0.0 0.0 0.0 0.0 0.0 0.0,0.0,0.31785714285714284,162,0 0 0 0 0 58 -52,0.0 0.0 0.0 0.0 0.0 0.0430622009569378 0.32558139534883723,0.7562034049182152,0.19642857142857142,94,0 0 0 0 0 69 -49,0.0 0.0 0.0 0.0 0.0 0.09569377990430622 0.3953488372093023,1.3522866362523644,0.16607142857142856,59,0 0 0 0 0 108 -52,0.0 0.0 0.0 0.0 0.0 0.2822966507177033 0.32558139534883723,3.1485479025258707,0.09285714285714286,44,0 0 0 0 0 81 -32,0.0 0.0 0.0 0.0 0.0 0.15311004784688995 0.7906976744186046,2.3217981528875042,0.4232142857142857,9,0 0 0 0 0 108 -54,0.0 0.0 0.0 0.0 0.0 0.2822966507177033 0.27906976744186046,3.102036274618894,0.09464285714285714,44,0 0 0 0 0 106 -51,0.0 0.0 0.0 0.0 0.0 0.2727272727272727 0.3488372093023256,3.076109936575053,0.09642857142857143,20,0 0 0 0 0 77 -23,0.0 0.0 0.0 0.0 0.0 0.1339712918660287 1.0,2.339712918660287,0.4125,4,0 0 0 0 0 108 -52,0.0 0.0 0.0 0.0 0.0 0.2822966507177033 0.32558139534883723,3.1485479025258707,0.09285714285714286,29,0 0 0 0 0 108 -52,0.0 0.0 0.0 0.0 0.0 0.2822966507177033 0.32558139534883723,3.1485479025258707,0.09285714285714286,36,0 0 0 0 0 94 -32,0.0 0.0 0.0 0.0 0.0 0.215311004784689 0.7906976744186046,2.9438077222654946,0.25,14,0 0 0 0 0 106 -52,0.0 0.0 0.0 0.0 0.0 0.2727272727272727 0.32558139534883723,3.0528541226215644,0.09642857142857143,19,0 0 0 0 0 230 -36,0.0 0.0 0.0 0.0 0.0 0.8660287081339713 0.6976744186046512,9.357961499944363,0.4767857142857143,64,0 0 0 0 0 85 -50,0.0 0.0 0.0 0.0 0.0 0.1722488038277512 0.37209302325581395,2.094581061533326,0.6053571428571428,185,0 0 0 0 0 258 -35,0.0 0.0 0.0 0.0 0.0 1.0 0.7209302325581395,10.720930232558139,0.5017857142857143,28,0 0 0 0 0 230 -37,0.0 0.0 0.0 0.0 0.0 0.8660287081339713 0.6744186046511628,9.334705685990874,0.4767857142857143,65,0 0 0 0 0 85 -50,0.0 0.0 0.0 0.0 0.0 0.1722488038277512 0.37209302325581395,2.094581061533326,0.6053571428571428,185,0 0 0 0 0 258 -35,0.0 0.0 0.0 0.0 0.0 1.0 0.7209302325581395,10.720930232558139,0.5017857142857143,28,0 0 0 0 0 84 -50,0.0 0.0 0.0 0.0 0.0 0.1674641148325359 0.37209302325581395,2.046734171581173,0.12857142857142856,38
resolved-p28d-3600-all/resolved-p28d-3600-3rd/nsp-n10-d28-r0.10-rp0-fp0-s1,0 1 0 0 0 72 -40,0.0 0.0 0.0 0.0 0.0 0.0 0.0,0.0,0.4928571428571429,1001,0 1 0 0 0 77 -33,0.0 0.0 0.0 0.0 0.0 0.01126126126126126 0.15555555555555556,0.26816816816816813,0.39285714285714285,982,0 1 0 0 0 81 -31,0.0 0.0 0.0 0.0 0.0 0.02027027027027027 0.2,0.4027027027027027,0.2892857142857143,976,9 1 1 0 0 76 -31,0.9 0.0 0.008 0.0 0.0 0.009009009009009009 0.2,900080.2900900901,0.007142857142857143,1,0 1 5 243 2 199 -17,0.0 0.0 0.04 1.0 0.06896551724137931 0.28603603603603606 0.5111111111111111,1410.2680231956094,0.46785714285714286,11870,0 1 0 2 0 120 -29,0.0 0.0 0.0 0.00823045267489712 0.0 0.10810810810810811 0.24444444444444444,9.555978200422645,0.18571428571428572,7647,9 1 1 0 0 76 -31,0.9 0.0 0.008 0.0 0.0 0.009009009009009009 0.2,900080.2900900901,0.007142857142857143,1,0 7 68 83 14 377 5,0.0 0.14634146341463414 0.544 0.34156378600823045 0.4827586206896552 0.6869369369369369 1.0,20471.85535890998,0.6071428571428571,18228,0 1 0 0 0 116 -29,0.0 0.0 0.0 0.0 0.0 0.0990990990990991 0.24444444444444444,1.2354354354354353,0.17142857142857143,3375,9 1 1 0 0 76 -31,0.9 0.0 0.008 0.0 0.0 0.009009009009009009 0.2,900080.2900900901,0.007142857142857143,1,0 1 0 0 0 95 -20,0.0 0.0 0.0 0.0 0.0 0.0518018018018018 0.4444444444444444,0.9624624624624625,0.5964285714285714,13370,0 1 0 1 0 111 -27,0.0 0.0 0.0 0.00411522633744856 0.0 0.08783783783783784 0.28888888888888886,5.282493604715826,0.18571428571428572,5993,10 2 1 1 0 77 -31,1.0 0.024390243902439025 0.008 0.00411522633744856 0.0 0.01126126126126126 0.2,1002523.452229194,0.007142857142857143,359,1 42 125 156 27 496 0,0.1 1.0 1.0 0.6419753086419753 0.9310344827586207 0.954954954954955 0.8888888888888888,210745.51719535628,0.7892857142857143,26872,0 1 0 2 0 161 -24,0.0 0.0 0.0 0.00823045267489712 0.0 0.20045045045045046 0.35555555555555557,10.59051273495718,0.6107142857142858,13859,10 4 2 2 0 77 -28,1.0 0.07317073170731707 0.016 0.00823045267489712 0.0 0.01126126126126126 0.26666666666666666,1007485.6829026858,0.010714285714285714,357,1 39 98 154 29 516 1,0.1 0.926829268292683 0.784 0.6337448559670782 1.0 1.0 0.9111111111111111,201267.58279634648,0.7928571428571428,27878,0 1 0 0 0 192 -25,0.0 0.0 0.0 0.0 0.0 0.2702702702702703 0.3333333333333333,3.036036036036036,0.5964285714285714,13921,0 1 0 2 0 88 -31,0.0 0.0 0.0 0.00823045267489712 0.0 0.036036036036036036 0.2,8.790813035257479,0.23214285714285715,905
resolved-p28d-3600-all/resolved-p28d-3600-3rd/nsp-n30-d28-r0.10-rp2-fp2-s6,2 87 467 318 132 1855 -9,0.0 0.0 0.37254901960784315 0.08867924528301886 0.5882352941176471 0.7238962859145059 0.0,3880.23193363236,0.16785714285714284,4555,2 122 512 454 140 1910 1,0.0 0.15151515151515152 0.41898864809081526 0.2169811320754717 0.6310160427807486 0.7624386825508059 0.11764705882352941,19629.22640266118,0.08571428571428572,3454,2 126 437 444 119 1791 0,0.0 0.16883116883116883 0.3415892672858617 0.20754716981132076 0.5187165775401069 0.6790469516468115 0.10588235294117647,20565.324735410242,0.0880952380952381,3518,18 168 555 709 182 1915 21,0.7272727272727273 0.35064935064935066 0.4633642930856553 0.45754716981132076 0.8556149732620321 0.7659425367904695 0.35294117647058826,767522.4263022008,0.016666666666666666,1,5 227 1075 794 195 2056 9,0.13636363636363635 0.6060606060606061 1.0 0.5377358490566038 0.9251336898395722 0.8647512263489839 0.21176470588235294,207608.8054647069,0.27976190476190477,4789,9 306 968 1284 177 2163 17,0.3181818181818182 0.948051948051948 0.8895768833849329 1.0 0.8288770053475936 0.9397337070777856 0.3058823529411765,422975.3727408208,0.3273809523809524,2826,18 168 555 709 182 1915 21,0.7272727272727273 0.35064935064935066 0.4633642930856553 0.45754716981132076 0.8556149732620321 0.7659425367904695 0.35294117647058826,767522.4263022008,0.016666666666666666,1,2 242 700 1031 146 1986 11,0.0 0.670995670995671 0.6130030959752322 0.7613207547169811 0.6631016042780749 0.815697266993693 0.23529411764705882,74065.6212412518,0.2154761904761905,3524,7 264 920 1053 209 2249 17,0.22727272727272727 0.7662337662337663 0.8400412796697626 0.7820754716981132 1.0 1.0 0.3058823529411765,313188.89804685256,0.25833333333333336,4330,18 168 555 709 182 1915 21,0.7272727272727273 0.35064935064935066 0.4633642930856553 0.45754716981132076 0.8556149732620321 0.7659425367904695 0.35294117647058826,767522.4263022008,0.016666666666666666,1,9 192 746 770 180 2062 9,0.3181818181818182 0.45454545454545453 0.6604747162022704 0.5150943396226415 0.8449197860962567 0.8689558514365803 0.21176470588235294,370849.59843983885,0.15714285714285714,4178,10 276 605 886 154 1872 16,0.36363636363636365 0.8181818181818182 0.5149638802889577 0.6245283018867924 0.7058823529411765 0.7358093903293623 0.29411764705882354,451306.9530061663,0.21904761904761905,3506,19 168 556 709 182 1924 21,0.7727272727272727 0.35064935064935066 0.46439628482972134 0.45754716981132076 0.8556149732620321 0.7722494744218641 0.35294117647058826,812987.3547435632,0.016666666666666666,1189,20 287 416 387 68 926 56,0.8181818181818182 0.8658008658008658 0.31991744066047473 0.15377358490566037 0.24598930481283424 0.07288016818500351 0.7647058823529411,908140.9451914607,0.7226190476190476,7723,21 318 468 395 75 1022 76,0.8636363636363636 1.0 0.3735810113519092 0.16132075471698112 0.28342245989304815 0.1401541695865452 1.0,967564.2382922849,0.7226190476190476,9539,18 168 555 709 182 1915 21,0.7272727272727273 0.35064935064935066 0.4633642930856553 0.45754716981132076 0.8556149732620321 0.7659425367904695 0.35294117647058826,767522.4263022008,0.016666666666666666,1190,20 286 419 389 69 927 62,0.8181818181818182 0.8614718614718615 0.32301341589267285 0.15566037735849056 0.25133689839572193 0.07358093903293624 0.8352941176470589,907741.5036586372,0.7226190476190476,7759,24 204 106 224 22 822 52,1.0 0.5064935064935064 0.0 0.0 0.0 0.0 0.7176470588235294,1050650.0682964094,0.7226190476190476,8456,2 148 532 580 159 1865 7,0.0 0.26406926406926406 0.43962848297213625 0.33584905660377357 0.732620320855615 0.7309039943938332 0.18823529411764706,31219.81960057516,0.05,2563
resolved-p28d-3600-all/resolved-p28d-3600-3rd/nsp-n20-d28-r0.10-rp2-fp2-s5,0 1 6 3 0 111 -25,0.0 0.0 0.008791208791208791 0.0 0.0 0.029737206085753802 0.008849557522123894,88.21830953046758,0.3107142857142857,1733,0 4 6 16 0 119 -21,0.0 0.023809523809523808 0.008791208791208791 0.013211382113821139 0.0 0.035269709543568464 0.04424778761061947,2482.472795861336,0.13392857142857142,2074,3 4 6 19 0 110 -26,0.2 0.023809523809523808 0.008791208791208791 0.016260162601626018 0.0 0.029045643153526972 0.0,202485.41508789762,0.09821428571428571,1805,15 9 2 7 0 68 -17,1.0 0.06349206349206349 0.0 0.0040650406504065045 0.0 0.0 0.07964601769911504,1006353.3510358745,0.0125,1,1 68 75 120 7 280 5,0.06666666666666667 0.5317460317460317 0.16043956043956045 0.11890243902439024 0.1076923076923077 0.14661134163208853 0.2743362831858407,121577.07756515857,0.2910714285714286,3954,0 43 102 160 30 483 17,0.0 0.3333333333333333 0.21978021978021978 0.15955284552845528 0.46153846153846156 0.2869986168741355 0.3805309734513274,35740.09273996002,0.42678571428571427,2108,15 9 2 7 0 68 -17,1.0 0.06349206349206349 0.0 0.0040650406504065045 0.0 0.0 0.07964601769911504,1006353.3510358745,0.0125,1,0 94 186 265 33 560 8,0.0 0.7380952380952381 0.4043956043956044 0.266260162601626 0.5076923076923077 0.34024896265560167 0.3008849557522124,78174.21262143302,0.48035714285714287,2348,0 60 230 228 41 597 11,0.0 0.46825396825396826 0.5010989010989011 0.22865853658536586 0.6307692307692307 0.36583679114799444 0.3274336283185841,52132.10709758793,0.42142857142857143,1774,15 9 2 7 0 68 -17,1.0 0.06349206349206349 0.0 0.0040650406504065045 0.0 0.0 0.07964601769911504,1006353.3510358745,0.0125,1,0 29 122 89 15 415 9,0.0 0.2222222222222222 0.26373626373626374 0.08739837398373984 0.23076923076923078 0.23997233748271093 0.30973451327433627,24972.769614533623,0.28035714285714286,2868,0 127 169 358 26 410 -10,0.0 1.0 0.367032967032967 0.36077235772357724 0.4 0.23651452282157676 0.1415929203539823,104073.60876620181,0.28214285714285714,1135,5 29 377 987 21 1450 81,0.3333333333333333 0.2222222222222222 0.8241758241758241 1.0 0.3230769230769231 0.9557399723374828 0.9469026548672567,364840.1257919997,0.5910714285714286,11059,0 1 415 479 64 1315 65,0.0 0.0 0.9076923076923077 0.483739837398374 0.9846153846153847 0.8623789764868603 0.8053097345132744,9668.55355228237,0.7821428571428571,14612,1 37 257 162 20 1074 81,0.06666666666666667 0.2857142857142857 0.5604395604395604 0.16158536585365854 0.3076923076923077 0.6957123098201936 0.9469026548672567,101042.7494648668,0.6357142857142857,11098,5 30 404 694 28 1514 87,0.3333333333333333 0.23015873015873015 0.8835164835164835 0.7022357723577236 0.4307692307692308 1.0 1.0,365940.6838798058,0.5785714285714286,11948,0 1 457 489 65 1403 74,0.0 0.0 1.0 0.49390243902439024 1.0 0.9232365145228216 0.8849557522123894,10604.01975992183,0.7839285714285714,14136,1 29 253 170 19 1092 75,0.06666666666666667 0.2222222222222222 0.5516483516483517 0.16971544715447154 0.2923076923076923 0.7081604426002767 0.8938053097345132,94612.2940314934,0.6357142857142857,12463,2 5 6 23 0 117 -23,0.13333333333333333 0.031746031746031744 0.008791208791208791 0.02032520325203252 0.0 0.0338865836791148 0.02654867256637168,136616.53921361,0.11428571428571428,3525
resolved-p28d-3600-all/resolved-p28d-3600-3rd/nsp-n40-d28-r0.10-rp2-fp2-s6,1 9 0 2 0 247 -120,0.0 0.013215859030837005 0.0 0.0 0.0 0.005003573981415297 0.029411764705882353,1321.6653505882205,0.12678571428571428,1707,1 11 0 10 0 265 -122,0.0 0.022026431718061675 0.0 0.0010692328254477412 0.0 0.008220157255182273 0.02100840336134454,2203.8156146075285,0.07410714285714286,1435,1 12 0 11 0 279 -112,0.0 0.02643171806167401 0.0 0.0012028869286287089 0.0 0.010721944245889922 0.06302521008403361,2644.5449377485725,0.05803571428571429,1357,16 12 0 18 0 219 -126,1.0 0.02643171806167401 0.0 0.0021384656508954825 0.0 0.0 0.004201680672268907,1002645.314473499,0.016964285714285713,1,14 31 6 40 1 245 -123,0.8666666666666667 0.11013215859030837 0.003403289846851957 0.005078855920876771 0.012048192771084338 0.004646175839885632 0.01680672268907563,877720.2623678452,0.03482142857142857,70,13 14 0 8 0 248 -127,0.8 0.03524229074889868 0.0 0.0008019246190858059 0.0 0.0051822730521801285 0.0,803525.0828222395,0.033928571428571426,256,16 12 0 18 0 219 -126,1.0 0.02643171806167401 0.0 0.0021384656508954825 0.0 0.0 0.004201680672268907,1002645.314473499,0.016964285714285713,1,8 223 181 331 25 751 -81,0.4666666666666667 0.9559471365638766 0.10266591038003403 0.04397219994653836 0.30120481927710846 0.09506790564689063 0.19327731092436976,563363.2760650964,0.24285714285714285,443,9 42 2 34 1 264 -115,0.5333333333333333 0.15859030837004406 0.0011344299489506524 0.004276931301790965 0.012048192771084338 0.008041458184417441 0.05042016806722689,549209.3210551561,0.04732142857142857,539,16 12 0 18 0 219 -126,1.0 0.02643171806167401 0.0 0.0021384656508954825 0.0 0.0 0.004201680672268907,1002645.314473499,0.016964285714285713,1,10 233 383 489 83 1162 -11,0.6 1.0 0.21724333522404993 0.06508954824913125 1.0 0.1685132237312366 0.48739495798319327,702339.6954276849,0.50625,743,13 35 34 59 8 317 -118,0.8 0.1277533039647577 0.019285309132161088 0.007618283881315156 0.0963855421686747 0.017512508934953538 0.037815126050420166,812985.6532661109,0.0625,359,15 30 1763 7484 6 5815 53,0.9333333333333333 0.10572687224669604 1.0 1.0 0.07228915662650602 1.0 0.7563025210084033,954924.0057761866,0.63125,4519,11 18 1487 4679 17 5257 111,0.6666666666666666 0.05286343612334802 0.84344866704481 0.6251002405773858 0.20481927710843373 0.9002859185132237 1.0,681043.0819769229,0.6910714285714286,5214,10 18 1404 5310 7 5083 105,0.6 0.05286343612334802 0.7963698241633579 0.7094359796845763 0.08433734939759036 0.8691922802001429 0.9747899159663865,613977.5782813107,0.6669642857142857,6454,14 43 1693 7187 7 5727 71,0.8666666666666667 0.16299559471365638 0.9602949517867272 0.9603047313552526 0.08433734939759036 0.9842744817726948 0.8319327731092437,893548.5887997855,0.63125,4922,13 6 1544 6224 15 5432 76,0.8 0.0 0.8757799205899036 0.8315958299919808 0.18072289156626506 0.9315582558970693 0.8529411764705882,809617.6358487831,0.6910714285714286,4638,10 18 1402 5310 8 5079 99,0.6 0.05286343612334802 0.7952353942144073 0.7094359796845763 0.0963855421686747 0.8684774839170837 0.9495798319327731,613967.4064430514,0.6669642857142857,6546,1 15 0 15 0 261 -108,0.0 0.039647577092511016 0.0 0.0017375033413525795 0.0 0.007505360972122945 0.07983193277310924,3966.650098134948,0.048214285714285716,937
resolved-p28d-3600-all/resolved-p28d-3600-3rd/nsp-n30-d28-r0.10-rp2-fp2-s1,0 3 4 64 6 749 -20,0.0 0.014778325123152709 0.0 0.0 0.0 0.0 0.075,1477.9075123152709,0.18452380952380953,2677,0 3 4 100 34 785 -24,0.0 0.014778325123152709 0.0 0.01138159974707556 0.45161290322580644 0.013824884792626729 0.041666666666666664,1534.5553178995199,0.1380952380952381,2506,0 3 4 110 31 889 -20,0.0 0.014778325123152709 0.0 0.014543155232374328 0.4032258064516129 0.053763440860215055 0.075,1533.3108826014086,0.13452380952380952,2410,18 6 7 169 47 957 -8,0.9473684210526315 0.029556650246305417 0.00375 0.033196332595637056 0.6612903225806451 0.07987711213517665 0.175,950461.8852132371,0.013095238095238096,1,13 83 45 247 40 977 -15,0.6842105263157895 0.4088669950738916 0.05125 0.057856465380967434 0.5483870967741935 0.08755760368663594 0.11666666666666667,725723.4132409405,0.1130952380952381,389,5 136 167 347 68 1219 -23,0.2631578947368421 0.6699507389162561 0.20375 0.0894720202339551 1.0 0.18049155145929338 0.05,332381.7955642162,0.2619047619047619,910,18 6 7 169 47 957 -8,0.9473684210526315 0.029556650246305417 0.00375 0.033196332595637056 0.6612903225806451 0.07987711213517665 0.175,950461.8852132371,0.013095238095238096,1,10 203 342 455 62 1664 -25,0.5263157894736842 1.0 0.4225 0.12361681947518179 0.9032258064516129 0.3513824884792627 0.03333333333333333,630758.2760320227,0.34523809523809523,836,9 118 233 359 65 1517 -11,0.47368421052631576 0.5812807881773399 0.28625 0.09326588681631362 0.9516129032258065 0.29493087557603687 0.15,534866.3158299444,0.18452380952380953,460,18 6 7 169 47 957 -8,0.9473684210526315 0.029556650246305417 0.00375 0.033196332595637056 0.6612903225806451 0.07987711213517665 0.175,950461.8852132371,0.013095238095238096,1,10 63 66 251 35 1124 -29,0.5263157894736842 0.3103448275862069 0.0775 0.059121087575086946 0.46774193548387094 0.14400921658986174 0.0,558232.6076055942,0.15595238095238095,567,12 152 165 328 49 1173 18,0.631578947368421 0.7487684729064039 0.20125 0.08346506481188745 0.6935483870967742 0.16282642089093702 0.39166666666666666,708623.1344934586,0.28095238095238095,448,18 6 7 169 47 957 -8,0.9473684210526315 0.029556650246305417 0.00375 0.033196332595637056 0.6612903225806451 0.07987711213517665 0.175,950461.8852132371,0.013095238095238096,1076,0 0 571 1109 26 2288 77,0.0 0.0 0.70875 0.33038254821372115 0.3225806451612903 0.5910138248847926 0.8833333333333333,7456.934084312032,0.6773809523809524,4015,0 0 804 3227 7 3353 91,0.0 0.0 1.0 1.0 0.016129032258064516 1.0 1.0,11012.612903225807,0.6214285714285714,3850,19 7 7 172 47 954 -8,1.0 0.034482758620689655 0.00375 0.03414479924122668 0.6612903225806451 0.07872503840245776 0.175,1003587.0119439523,0.013095238095238096,1075,0 0 569 949 28 2281 70,0.0 0.0 0.70625 0.2797976604489409 0.3548387096774194 0.5883256528417818 0.825,7384.489787945101,0.6773809523809524,4140,0 0 794 3209 7 3343 90,0.0 0.0 0.9875 0.9943092001264622 0.016129032258064516 0.9961597542242704 0.9916666666666667,10881.875367561179,0.6214285714285714,3895,0 3 12 147 37 911 -21,0.0 0.014778325123152709 0.01 0.026240910527979767 0.5 0.06221198156682028 0.06666666666666667,1654.7622093255854,0.08452380952380953,2159
resolved-p28d-3600-all/resolved-p28d-3600-3rd/nsp-n50-d28-r0.10-rp2-fp2-s0,2 210 2126 988 267 4414 -58,0.08695652173913043 0.17484662576687116 0.0 0.08166969147005444 0.8882978723404256 0.11196614082339361 0.0,104612.80345592988,0.08142857142857143,3170,1 251 2258 1278 267 4461 -38,0.043478260869565216 0.3006134969325153 0.05215329909126827 0.3448275862068966 0.8882978723404256 0.13005001923816853 0.17543859649122806,74496.27686595924,0.041428571428571426,2971,0 256 2296 1266 268 4482 -38,0.0 0.3159509202453988 0.06716712761754247 0.3339382940108893 0.8936170212765957 0.13813005001923817 0.17543859649122806,32691.620035950535,0.037142857142857144,2774,23 269 2377 1455 275 4531 -26,1.0 0.3558282208588957 0.09917028842354801 0.5054446460980037 0.9308510638297872 0.15698345517506734 0.2807017543859649,1037174.9052589121,0.013571428571428571,1,21 420 2256 1500 214 4123 -51,0.9130434782608695 0.8190184049079755 0.05136309758988542 0.5462794918330308 0.6063829787234043 0.0 0.06140350877192982,996065.9289207801,0.215,447,20 479 2974 2000 288 4634 -34,0.8695652173913043 1.0 0.3350454365863295 1.0 1.0 0.19661408233936128 0.21052631578947367,974017.8484243068,0.27071428571428574,461,23 269 2377 1455 275 4531 -26,1.0 0.3558282208588957 0.09917028842354801 0.5054446460980037 0.9308510638297872 0.15698345517506734 0.2807017543859649,1037174.9052589121,0.013571428571428571,1,19 345 2490 1609 274 4646 -35,0.8260869565217391 0.588957055214724 0.14381667325167918 0.6451905626134301 0.925531914893617 0.2012312427856868 0.20175438596491227,887160.7865966449,0.13214285714285715,1080,22 332 2452 1601 282 4594 -41,0.9565217391304348 0.549079754601227 0.12880284472540499 0.6379310344827587 0.9680851063829787 0.18122354751827627 0.14912280701754385,1013454.4439412148,0.11142857142857143,806,23 269 2377 1455 275 4531 -26,1.0 0.3558282208588957 0.09917028842354801 0.5054446460980037 0.9308510638297872 0.15698345517506734 0.2807017543859649,1037174.9052589121,0.013571428571428571,1,17 399 2826 1764 262 4701 -34,0.7391304347826086 0.754601226993865 0.2765705254839984 0.7858439201451906 0.8617021276595744 0.2223932281646787 0.21052631578947367,818230.7113283437,0.1742857142857143,747,19 289 2261 1394 251 4268 -30,0.8260869565217391 0.4171779141104294 0.053338601343342555 0.4500907441016334 0.8031914893617021 0.055790688726433245 0.24561403508771928,868869.3473601757,0.04214285714285714,728,23 269 2377 1455 275 4531 -26,1.0 0.3558282208588957 0.09917028842354801 0.5054446460980037 0.9308510638297872 0.15698345517506734 0.2807017543859649,1037174.9052589121,0.013571428571428571,1685,17 215 4638 909 123 6722 32,0.7391304347826086 0.1901840490797546 0.9924930857368629 0.009981851179673321 0.12234042553191489 1.0 0.7894736842105263,768106.7759153699,0.8035714285714286,4489,21 153 3877 903 100 6408 54,0.9130434782608695 0.0 0.6918214144606875 0.004537205081669692 0.0 0.8791843016544825 0.9824561403508771,919976.003909715,0.7978571428571428,4524,23 269 2377 1455 275 4531 -26,1.0 0.3558282208588957 0.09917028842354801 0.5054446460980037 0.9308510638297872 0.15698345517506734 0.2807017543859649,1037174.9052589121,0.013571428571428571,1685,17 215 4657 898 117 6679 30,0.7391304347826086 0.1901840490797546 1.0 0.0 0.09042553191489362 0.9834551750673336 0.7719298245614035,768168.4887253508,0.8035714285714286,4462,21 153 3817 908 109 6351 56,0.9130434782608695 0.0 0.6681153694192019 0.009074410163339383 0.047872340425531915 0.8572527895344363 1.0,919748.0661271628,0.7978571428571428,4583,1 258 2290 1291 268 4538 -36,0.043478260869565216 0.3220858895705521 0.06479652311339391 0.3566243194192377 0.8936170212765957 0.1596767987687572 0.19298245614035087,76782.5908297451,0.03642857142857143,2614
resolved-p28d-3600-all/resolved-p28d-3600-3rd/nsp-n50-d28-r0.10-rp2-fp2-s9,0 0 0 0 0 511 -119,0.0 0.0 0.0 0.0 0.0 0.03657362848893166 0.7083333333333334,1.0740696182226501,0.17142857142857143,315,0 0 0 0 0 499 -132,0.0 0.0 0.0 0.0 0.0 0.025024061597690085 0.4375,0.6877406159769008,0.14785714285714285,142,0 0 0 0 0 473 -121,0.0 0.0 0.0 0.0 0.0 0.0 0.6666666666666666,0.6666666666666666,0.15642857142857142,111,0 0 0 0 0 643 -126,0.0 0.0 0.0 0.0 0.0 0.16361886429258904 0.5625,2.1986886429258905,0.13,16,0 0 0 0 0 512 -118,0.0 0.0 0.0 0.0 0.0 0.03753609239653513 0.7291666666666666,1.104527590632018,0.33,8,0 0 0 0 0 651 -123,0.0 0.0 0.0 0.0 0.0 0.17131857555341676 0.625,2.338185755534168,0.14214285714285715,19,0 0 0 0 0 702 -119,0.0 0.0 0.0 0.0 0.0 0.22040423484119345 0.7083333333333334,2.912375681745268,0.14642857142857144,25,0 0 0 0 0 520 -122,0.0 0.0 0.0 0.0 0.0 0.04523580365736285 0.6458333333333334,1.0981913699069619,0.33,13,0 0 0 0 0 667 -118,0.0 0.0 0.0 0.0 0.0 0.1867179980750722 0.7291666666666666,2.5963466474173886,0.1407142857142857,23,0 0 0 0 0 707 -120,0.0 0.0 0.0 0.0 0.0 0.2252165543792108 0.6875,2.939665543792108,0.13642857142857143,20,0 0 0 0 0 536 -153,0.0 0.0 0.0 0.0 0.0 0.06063522617901829 0.0,0.6063522617901829,0.38142857142857145,8,0 0 0 0 0 678 -113,0.0 0.0 0.0 0.0 0.0 0.1973051010587103 0.8333333333333334,2.8063843439204366,0.14857142857142858,18,0 0 0 0 0 1503 -105,0.0 0.0 0.0 0.0 0.0 0.9913378248315688 1.0,10.913378248315688,0.4635714285714286,22,0 0 0 0 0 1346 -119,0.0 0.0 0.0 0.0 0.0 0.8402309913378249 0.7083333333333334,9.110643246711582,0.4692857142857143,56,0 0 0 0 0 1512 -111,0.0 0.0 0.0 0.0 0.0 1.0 0.875,10.875,0.46,34,0 0 0 0 0 1503 -105,0.0 0.0 0.0 0.0 0.0 0.9913378248315688 1.0,10.913378248315688,0.4635714285714286,22,0 0 0 0 0 1346 -119,0.0 0.0 0.0 0.0 0.0 0.8402309913378249 0.7083333333333334,9.110643246711582,0.4692857142857143,56,0 0 0 0 0 1512 -111,0.0 0.0 0.0 0.0 0.0 1.0 0.875,10.875,0.46,34,0 0 0 0 0 528 -144,0.0 0.0 0.0 0.0 0.0 0.05293551491819057 0.1875,0.7168551491819057,0.17714285714285713,16
resolved-p28d-3600-all/resolved-p28d-3600-1st/nsp-n50-d28-r0.10-rp2-fp2-s8,6 179 3544 1337 435 6036 -38,0.0 0.1111111111111111 0.04456521739130435 0.26820276497695855 0.9696969696969697 0.443019943019943 0.0,11926.36594640101,0.04857142857142857,3788,10 192 3676 1427 445 6136 -23,0.14814814814814814 0.15925925925925927 0.18804347826086956 0.3511520737327189 1.0 0.5854700854700855 0.11450381679389313,166411.63013508698,0.03428571428571429,3485,11 195 3686 1410 437 6129 -23,0.18518518518518517 0.17037037037037037 0.19891304347826086 0.33548387096774196 0.9757575757575757 0.5754985754985755 0.11450381679389313,204650.2817751201,0.030714285714285715,3186,33 208 3761 1524 439 6250 -21,1.0 0.21851851851851853 0.28043478260869564 0.44055299539170506 0.9818181818181818 0.7478632478632479 0.1297709923664122,1025202.5428949833,0.008571428571428572,1,30 217 3632 1519 439 6048 -29,0.8888888888888888 0.2518518518518518 0.14021739130434782 0.4359447004608295 0.9818181818181818 0.4601139601139601 0.06870229007633588,916015.0443476514,0.02214285714285714,112,26 378 4423 2131 442 6348 -14,0.7407407407407407 0.8481481481481481 1.0 1.0 0.990909090909091 0.8874643874643875 0.183206106870229,836663.7043146279,0.22714285714285715,214,33 208 3761 1524 439 6250 -21,1.0 0.21851851851851853 0.28043478260869564 0.44055299539170506 0.9818181818181818 0.7478632478632479 0.1297709923664122,1025202.5428949833,0.008571428571428572,1,30 271 3878 1638 423 6164 -19,0.8888888888888888 0.45185185185185184 0.4076086956521739 0.5456221198156682 0.9333333333333333 0.6253561253561254 0.1450381679389313,938795.5150831663,0.09357142857142857,105,32 264 3503 1370 374 5725 -33,0.9629629629629629 0.42592592592592593 0.0 0.29861751152073734 0.7848484848484848 0.0 0.03816793893129771,1005932.6960835,0.10285714285714286,48,33 208 3761 1524 439 6250 -21,1.0 0.21851851851851853 0.28043478260869564 0.44055299539170506 0.9818181818181818 0.7478632478632479 0.1297709923664122,1025202.5428949833,0.008571428571428572,1,31 387 3665 1812 366 5837 -36,0.9259259259259259 0.8814814814814815 0.17608695652173914 0.7059907834101382 0.7606060606060606 0.15954415954415954 0.015267175572519083,1016618.6057375333,0.25142857142857145,435,27 419 4126 2006 413 6093 7,0.7777777777777778 1.0 0.6771739130434783 0.8847926267281107 0.9030303030303031 0.5242165242165242 0.3435114503816794,885530.1982419363,0.22357142857142856,230,33 208 3761 1524 439 6250 -21,1.0 0.21851851851851853 0.28043478260869564 0.44055299539170506 0.9818181818181818 0.7478632478632479 0.1297709923664122,1025202.5428949833,0.008571428571428572,684,18 180 3561 1053 232 6211 93,0.4444444444444444 0.11481481481481481 0.06304347826086956 0.0064516129032258064 0.35454545454545455 0.6923076923076923 1.0,456606.18994381547,0.8128571428571428,4702,19 202 4313 1046 117 6001 81,0.48148148148148145 0.1962962962962963 0.8804347826086957 0.0 0.006060606060606061 0.39316239316239315 0.9083969465648855,509920.9050186823,0.8042857142857143,4509,33 208 3761 1524 439 6250 -21,1.0 0.21851851851851853 0.28043478260869564 0.44055299539170506 0.9818181818181818 0.7478632478632479 0.1297709923664122,1025202.5428949833,0.008571428571428572,684,21 149 4035 1107 204 6427 86,0.5555555555555556 0.0 0.5782608695652174 0.05622119815668203 0.2696969696969697 1.0 0.9465648854961832,561432.3017112197,0.8128571428571428,3940,19 202 4329 1047 115 6002 82,0.48148148148148145 0.1962962962962963 0.8978260869565218 0.0009216589861751152 0.0 0.3945868945868946 0.916030534351145,510095.1555391427,0.8042857142857143,4476,10 190 3600 1362 420 5988 -26,0.14814814814814814 0.15185185185185185 0.10543478260869565 0.2912442396313364 0.9242424242424242 0.37464387464387466 0.0916030534351145,164775.18768327573,0.03214285714285714,3113
resolved-p28d-3600-all/resolved-p28d-3600-1st/nsp-n30-d28-r0.10-rp2-fp2-s5,0 2 2 97 8 901 1,0.0 0.013888888888888888 0.0 0.0 0.0392156862745098 0.0 0.0,1392.81045751634,0.18452380952380953,2027,0 5 26 174 19 1125 22,0.0 0.034722222222222224 0.0321285140562249 0.03123732251521298 0.2549019607843137 0.1206896551724138 0.2692307692307692,3851.7110086990706,0.08214285714285714,1742,0 5 25 187 20 1188 23,0.0 0.034722222222222224 0.030789825970548863 0.036511156186612576 0.27450980392156865 0.15463362068965517 0.28205128205128205,3845.9110059954282,0.08095238095238096,1757,14 4 3 170 22 1091 28,0.9333333333333333 0.027777777777777776 0.0013386880856760374 0.029614604462474645 0.3137254901960784 0.10237068965517242 0.34615384615384615,936186.8550061927,0.014285714285714285,1,5 90 162 315 57 1660 28,0.3333333333333333 0.625 0.214190093708166 0.08843813387423935 1.0 0.4089439655172414 0.34615384615384615,398168.10799779056,0.25595238095238093,1684,6 138 121 288 47 1423 14,0.4 0.9583333333333334 0.15930388219544847 0.07748478701825558 0.803921568627451 0.28125 0.16666666666666666,497587.2282658355,0.25357142857142856,1509,14 4 3 170 22 1091 28,0.9333333333333333 0.027777777777777776 0.0013386880856760374 0.029614604462474645 0.3137254901960784 0.10237068965517242 0.34615384615384615,936186.8550061927,0.014285714285714285,1,5 136 217 512 56 1710 20,0.3333333333333333 0.9444444444444444 0.2878179384203481 0.16835699797160245 0.9803921568627451 0.4358836206896552 0.24358974358974358,430926.9558015896,0.24285714285714285,1491,3 144 181 385 49 1597 18,0.2 1.0 0.23962516733601072 0.11683569979716024 0.8431372549019608 0.375 0.21794871794871795,302601.3690473654,0.2226190476190476,2901,14 4 3 170 22 1091 28,0.9333333333333333 0.027777777777777776 0.0013386880856760374 0.029614604462474645 0.3137254901960784 0.10237068965517242 0.34615384615384615,936186.8550061927,0.014285714285714285,1,3 125 167 329 54 1734 27,0.2 0.8680555555555556 0.22088353413654618 0.09411764705882353 0.9411764705882353 0.4488146551724138 0.3333333333333333,289207.4476709237,0.2619047619047619,1252,7 144 248 325 48 1783 21,0.4666666666666667 1.0 0.3293172690763052 0.09249492900608519 0.8235294117647058 0.47521551724137934 0.2564102564102564,570139.6957930411,0.3047619047619048,757,14 4 3 170 22 1091 28,0.9333333333333333 0.027777777777777776 0.0013386880856760374 0.029614604462474645 0.3137254901960784 0.10237068965517242 0.34615384615384615,936186.8550061927,0.014285714285714285,1045,0 0 654 1249 14 2236 49,0.0 0.0 0.8728246318607764 0.46734279918864097 0.1568627450980392 0.7192887931034483 0.6153846153846154,9219.083664852627,0.6630952380952381,4491,0 0 704 2306 8 2645 79,0.0 0.0 0.9397590361445783 0.8961460446247465 0.0392156862745098 0.9396551724137931 1.0,10308.05452642212,0.6178571428571429,4584,15 4 5 169 22 1100 28,1.0 0.027777777777777776 0.004016064257028112 0.02920892494929006 0.3137254901960784 0.10721982758620689 0.34615384615384615,1002879.938246439,0.014285714285714285,1044,0 0 650 923 16 1991 44,0.0 0.0 0.8674698795180723 0.33509127789046655 0.19607843137254902 0.5872844827586207 0.5512820512820513,9035.822043087312,0.6630952380952381,4634,0 0 749 2562 6 2757 71,0.0 0.0 1.0 1.0 0.0 1.0 0.8974358974358975,11010.897435897436,0.6178571428571429,4327,0 6 19 173 13 1052 24,0.0 0.041666666666666664 0.022757697456492636 0.030831643002028397 0.13725490196078433 0.08135775862068965 0.2948717948717949,4439.909223810778,0.09523809523809523,1117
resolved-p28d-3600-all/resolved-p28d-3600-1st/nsp-n40-d28-r0.10-rp2-fp2-s1,1 7 2 30 1 695 -111,0.0 0.0 0.0011554015020219526 0.0014189886480908153 0.0 0.009971236816874401 0.05847953216374269,13.131195568642827,0.07678571428571429,7183,1 11 11 33 1 749 -111,0.0 0.017167381974248927 0.006354708261120739 0.001805985552115583 0.0 0.020325982742090125 0.05847953216374269,1782.3530049478002,0.05357142857142857,7085,1 11 10 29 1 760 -113,0.0 0.017167381974248927 0.005777007510109763 0.0012899896800825593 0.0 0.0224352828379674 0.04678362573099415,1776.0693986601834,0.05089285714285714,7135,18 13 0 19 1 704 -108,1.0 0.02575107296137339 0.0 0.0 0.0 0.011697027804410355 0.07602339181286549,1002575.3002898071,0.014285714285714285,1,15 49 22 36 1 657 -121,0.8235294117647058 0.18025751072961374 0.012709416522241479 0.0021929824561403508 0.0 0.0026845637583892616 0.0,841684.4768309833,0.05178571428571429,500,12 152 162 242 18 784 -88,0.6470588235294118 0.6223175965665236 0.09358752166377816 0.028766769865841074 0.4473684210526316 0.02703739213806328 0.19298245614035087,710300.4253710506,0.18214285714285713,989,18 13 0 19 1 704 -108,1.0 0.02575107296137339 0.0 0.0 0.0 0.011697027804410355 0.07602339181286549,1002575.3002898071,0.014285714285714285,1,14 61 13 81 4 643 -105,0.7647058823529411 0.2317596566523605 0.007510109763142692 0.007997936016511867 0.07894736842105263 0.0 0.0935672514619883,787972.9353559186,0.05714285714285714,632,12 240 422 504 39 1017 -53,0.6470588235294118 1.0 0.243789716926632 0.06256449948400412 1.0 0.07171620325982742 0.39766081871345027,749660.4000210135,0.2767857142857143,181,18 13 0 19 1 704 -108,1.0 0.02575107296137339 0.0 0.0 0.0 0.011697027804410355 0.07602339181286549,1002575.3002898071,0.014285714285714285,1,15 52 32 80 3 785 -110,0.8235294117647058 0.19313304721030042 0.01848642403235124 0.007868937048503612 0.05263157894736842 0.02722914669223394 0.06432748538011696,843041.0494399549,0.05267857142857143,405,15 44 13 60 1 685 -113,0.8235294117647058 0.15879828326180256 0.007510109763142692 0.005288957688338493 0.0 0.008053691275167786 0.04678362573099415,839489.7574667443,0.05178571428571429,439,17 28 1572 6630 9 5516 33,0.9411764705882353 0.09012875536480687 0.9081455805892548 0.85281217750258 0.21052631578947367 0.9344199424736338 0.9005847953216374,960154.9115239101,0.6026785714285714,5887,11 20 1596 7030 10 5647 40,0.5882352941176471 0.055793991416309016 0.9220103986135182 0.9044117647058824 0.23684210526315788 0.9595397890699904 0.9415204678362573,603973.4301390039,0.6705357142857142,5531,11 14 1707 6388 10 5789 18,0.5882352941176471 0.030042918454935622 0.9861351819757366 0.8215944272445821 0.23684210526315788 0.9867689357622244 0.8128654970760234,601956.8969755237,0.6446428571428572,5211,15 27 1556 6098 12 5501 50,0.8235294117647058 0.08583690987124463 0.8989023685730791 0.7841847265221878 0.2894736842105263 0.9315436241610738 1.0,841925.5739687459,0.6017857142857143,6052,12 18 1677 7771 6 5797 23,0.6470588235294118 0.04721030042918455 0.9688041594454073 1.0 0.13157894736842105 0.9883029721955896 0.8421052631578947,662491.7781965063,0.6705357142857142,5028,11 14 1731 6675 8 5858 5,0.5882352941176471 0.030042918454935622 1.0 0.8586171310629515 0.18421052631578946 1.0 0.7368421052631579,602127.3609889405,0.6446428571428572,5153,1 10 9 38 1 751 -111,0.0 0.012875536480686695 0.005199306759098787 0.0024509803921568627 0.0 0.020709491850431447 0.05847953216374269,1342.263270502482,0.05089285714285714,8324
resolved-p28d-3600-all/resolved-p28d-3600-1st/nsp-n30-d28-r0.10-rp2-fp2-s4,1 10 0 2 0 121 -121,0.0 0.04929577464788732 0.0 0.0 0.0 0.0 0.0,4929.577464788732,0.19285714285714287,1161,1 10 0 2 0 151 -90,0.0 0.04929577464788732 0.0 0.0 0.0 0.01038781163434903 0.12301587301587301,4929.804358778091,0.12142857142857143,1496,1 10 0 8 0 159 -84,0.0 0.04929577464788732 0.0 0.00149402390438247 0.0 0.013157894736842105 0.14682539682539683,4931.349893037308,0.08095238095238096,1410,11 10 2 26 0 143 -86,1.0 0.04929577464788732 0.002150537634408602 0.00597609561752988 0.0 0.007617728531855956 0.1388888888888889,1004957.2740029246,0.02023809523809524,1,8 18 4 33 0 169 -83,0.7 0.1056338028169014 0.004301075268817204 0.007719123505976096 0.0 0.01662049861495845 0.15079365079365079,710614.4271565212,0.0380952380952381,356,6 145 178 226 15 582 -54,0.5 1.0 0.1913978494623656 0.055776892430278883 0.7142857142857143 0.15962603878116344 0.26587301587301587,602043.0460918862,0.2523809523809524,333,11 10 2 26 0 143 -86,1.0 0.04929577464788732 0.002150537634408602 0.00597609561752988 0.0 0.007617728531855956 0.1388888888888889,1004957.2740029246,0.02023809523809524,1,1 57 206 175 21 550 -52,0.0 0.38028169014084506 0.221505376344086 0.04307768924302789 1.0 0.14854570637119113 0.27380952380952384,40388.05973335592,0.2392857142857143,850,6 13 31 74 2 279 -67,0.5 0.07042253521126761 0.03333333333333333 0.017928286852589643 0.09523809523809523 0.054709141274238225 0.21428571428571427,507403.80032796354,0.08452380952380953,497,11 10 2 26 0 143 -86,1.0 0.04929577464788732 0.002150537634408602 0.00597609561752988 0.0 0.007617728531855956 0.1388888888888889,1004957.2740029246,0.02023809523809524,1,8 12 8 33 4 204 -77,0.7 0.06338028169014084 0.008602150537634409 0.007719123505976096 0.19047619047619047 0.02873961218836565 0.1746031746031746,706451.2784162405,0.05714285714285714,3747,7 40 12 70 1 195 -82,0.6 0.2605633802816901 0.012903225806451613 0.01693227091633466 0.047619047619047616 0.025623268698060944 0.15476190476190477,626207.4754565035,0.055952380952380955,1268,11 47 930 3486 9 2902 116,1.0 0.30985915492957744 1.0 0.8675298804780877 0.42857142857142855 0.9629501385041551 0.9404761904761905,1041906.8724938685,0.6023809523809524,4874,7 3 738 3486 15 2787 103,0.6 0.0 0.7935483870967742 0.8675298804780877 0.7142857142857143 0.9231301939058172 0.8888888888888888,608884.5625137023,0.6654761904761904,8406,6 5 827 1996 11 2783 57,0.5 0.014084507042253521 0.889247311827957 0.4965139442231076 0.5238095238095238 0.9217451523545707 0.7063492063492064,510859.74251983885,0.6464285714285715,9107,11 44 870 2566 11 2742 131,1.0 0.2887323943661972 0.9354838709677419 0.6384462151394422 0.5238095238095238 0.9075484764542936 1.0,1038928.9807985821,0.6011904761904762,5544,7 3 827 4018 10 3009 87,0.6 0.0 0.889247311827957 1.0 0.47619047619047616 1.0 0.8253968253968254,609950.917562724,0.6654761904761904,7549,6 5 819 1870 13 2776 67,0.5 0.014084507042253521 0.8806451612903226 0.4651394422310757 0.6190476190476191 0.9193213296398892 0.746031746031746,510751.88576630683,0.6464285714285715,9312,1 10 0 17 0 163 -83,0.0 0.04929577464788732 0.0 0.0037350597609561755 0.0 0.014542936288088643 0.15079365079365079,4933.608747563363,0.06547619047619048,1236
resolved-p28d-3600-all/resolved-p28d-3600-1st/nsp-n10-d28-r0.10-rp0-fp0-s5,0 0 2 0 0 118 -46,0.0 0.0 0.0 0.0 0.0 0.1553398058252427 0.0,1.553398058252427,0.3821428571428571,857,0 0 2 0 0 119 -35,0.0 0.0 0.0 0.0 0.0 0.1650485436893204 0.4074074074074074,2.0578928443006115,0.29642857142857143,1151,0 0 2 0 0 121 -37,0.0 0.0 0.0 0.0 0.0 0.18446601941747573 0.3333333333333333,2.177993527508091,0.24285714285714285,1138,6 1 3 3 0 102 -37,0.8571428571428571 0.5 0.3333333333333333 0.09090909090909091 0.0 0.0 0.3333333333333333,910567.4329004328,0.014285714285714285,1,0 0 2 0 0 131 -26,0.0 0.0 0.0 0.0 0.0 0.2815533980582524 0.7407407407407407,3.5562747213232644,0.44285714285714284,3100,0 0 2 0 0 145 -34,0.0 0.0 0.0 0.0 0.0 0.4174757281553398 0.4444444444444444,4.619201725997843,0.1357142857142857,8793,6 1 3 3 0 102 -37,0.8571428571428571 0.5 0.3333333333333333 0.09090909090909091 0.0 0.0 0.3333333333333333,910567.4329004328,0.014285714285714285,1,0 0 2 0 0 136 -30,0.0 0.0 0.0 0.0 0.0 0.3300970873786408 0.5925925925925926,3.8935634663790006,0.5071428571428571,3062,0 0 2 0 0 132 -37,0.0 0.0 0.0 0.0 0.0 0.2912621359223301 0.3333333333333333,3.245954692556634,0.125,2787,6 1 3 3 0 102 -37,0.8571428571428571 0.5 0.3333333333333333 0.09090909090909091 0.0 0.0 0.3333333333333333,910567.4329004328,0.014285714285714285,1,0 0 2 0 0 145 -24,0.0 0.0 0.0 0.0 0.0 0.4174757281553398 0.8148148148148148,4.989572096368213,0.3464285714285714,11292,0 1 4 33 1 152 -27,0.0 0.5 0.6666666666666666 1.0 1.0 0.4854368932038835 0.7037037037037037,57772.22473930241,0.19285714285714287,8693,6 1 3 3 0 102 -37,0.8571428571428571 0.5 0.3333333333333333 0.09090909090909091 0.0 0.0 0.3333333333333333,910567.4329004328,0.014285714285714285,344,0 0 2 0 0 130 -25,0.0 0.0 0.0 0.0 0.0 0.27184466019417475 0.7777777777777778,3.496224379719525,0.6678571428571428,6366,0 0 2 0 0 205 -19,0.0 0.0 0.0 0.0 0.0 1.0 1.0,11.0,0.5285714285714286,4593,7 2 5 10 0 106 -37,1.0 1.0 1.0 0.30303030303030304 0.0 0.038834951456310676 0.3333333333333333,1110303.7519858782,0.017857142857142856,340,0 0 2 0 0 130 -25,0.0 0.0 0.0 0.0 0.0 0.27184466019417475 0.7777777777777778,3.496224379719525,0.6714285714285714,6365,0 0 2 0 0 205 -19,0.0 0.0 0.0 0.0 0.0 1.0 1.0,11.0,0.5285714285714286,4593,0 0 2 0 0 128 -35,0.0 0.0 0.0 0.0 0.0 0.2524271844660194 0.4074074074074074,2.9316792520676014,0.16071428571428573,1280
resolved-p28d-3600-all/resolved-p28d-3600-1st/nsp-n10-d28-r0.10-rp0-fp0-s0,0 2 0 0 0 78 -38,0.0 0.25 0.0 0.0 0.0 0.004784688995215311 0.0,25000.047846889953,0.24642857142857144,318,0 1 0 0 0 78 -34,0.0 0.0 0.0 0.0 0.0 0.004784688995215311 0.10810810810810811,0.15595499806026122,0.2857142857142857,417,0 1 0 0 0 78 -30,0.0 0.0 0.0 0.0 0.0 0.004784688995215311 0.21621621621621623,0.26406310616836937,0.2392857142857143,401,2 4 1 8 0 76 -28,0.6666666666666666 0.75 0.025 0.12698412698412698 0.0 0.0 0.2702702702702703,742043.9210639211,0.025,1,0 1 0 0 0 92 -18,0.0 0.0 0.0 0.0 0.0 0.03827751196172249 0.5405405405405406,0.9233156601577654,0.38571428571428573,572,0 1 0 0 0 94 -29,0.0 0.0 0.0 0.0 0.0 0.0430622009569378 0.24324324324324326,0.6738652528126212,0.08571428571428572,991,2 4 1 8 0 76 -28,0.6666666666666666 0.75 0.025 0.12698412698412698 0.0 0.0 0.2702702702702703,742043.9210639211,0.025,1,0 1 0 0 0 98 -19,0.0 0.0 0.0 0.0 0.0 0.05263157894736842 0.5135135135135135,1.0398293029871977,0.4035714285714286,1793,0 1 0 0 0 94 -29,0.0 0.0 0.0 0.0 0.0 0.0430622009569378 0.24324324324324326,0.6738652528126212,0.08571428571428572,526,2 4 1 8 0 76 -28,0.6666666666666666 0.75 0.025 0.12698412698412698 0.0 0.0 0.2702702702702703,742043.9210639211,0.025,1,0 1 0 0 0 103 -13,0.0 0.0 0.0 0.0 0.0 0.0645933014354067 0.6756756756756757,1.3216086900297426,0.36428571428571427,2253,0 1 0 0 0 94 -29,0.0 0.0 0.0 0.0 0.0 0.0430622009569378 0.24324324324324326,0.6738652528126212,0.08571428571428572,538,3 5 1 13 0 79 -28,1.0 1.0 0.025 0.20634920634920634 0.0 0.007177033492822967 0.2702702702702703,1100456.6912469545,0.025,360,0 1 28 24 14 380 -21,0.0 0.0 0.7 0.38095238095238093 0.6666666666666666 0.7272727272727273 0.4594594594594595,7455.351234351234,0.6464285714285715,22665,0 2 23 15 1 323 -9,0.0 0.25 0.575 0.23809523809523808 0.047619047619047616 0.5909090909090909 0.7837837837837838,30999.550017550016,0.5321428571428571,24794,2 4 1 8 0 76 -28,0.6666666666666666 0.75 0.025 0.12698412698412698 0.0 0.0 0.2702702702702703,742043.9210639211,0.025,363,0 4 40 63 21 494 -1,0.0 0.75 1.0 1.0 1.0 1.0 1.0,86111.0,0.7,20944,0 2 26 27 13 352 -2,0.0 0.25 0.65 0.42857142857142855 0.6190476190476191 0.6602870813397129 0.972972972972973,31998.05203426256,0.6035714285714285,24120,0 1 0 0 0 84 -19,0.0 0.0 0.0 0.0 0.0 0.019138755980861243 0.5135135135135135,0.7049010733221259,0.17857142857142858,359
resolved-p28d-3600-all/resolved-p28d-3600-1st/nsp-n30-d28-r0.10-rp2-fp2-s9,1 2 0 0 0 99 -124,0.0 0.0033003300330033004 0.0 0.0 0.0 0.0029069767441860465 0.0,330.0620730677719,0.24166666666666667,2305,1 2 0 1 0 116 -89,0.0 0.0033003300330033004 0.0 0.0025188916876574307 0.0 0.01937984496124031 0.1881720430107527,332.9338654806106,0.1619047619047619,2267,1 1 0 12 0 144 -72,0.0 0.0 0.0 0.030226700251889168 0.0 0.046511627906976744 0.27956989247311825,30.97138642343205,0.07738095238095238,2576,17 2 0 5 0 97 -79,0.9411764705882353 0.0033003300330033004 0.0 0.012594458438287154 0.0 0.0009689922480620155 0.24193548387096775,941519.3496753803,0.008333333333333333,1,2 208 340 397 48 667 -37,0.058823529411764705 0.6831683168316832 0.8018867924528302 1.0 0.4485981308411215 0.5532945736434108 0.46774193548387094,136210.08952021736,0.3547619047619048,925,3 86 151 176 27 494 -43,0.11764705882352941 0.28052805280528054 0.3561320754716981 0.4433249370277078 0.2523364485981308 0.3856589147286822 0.43548387096774194,149734.03551368022,0.2785714285714286,763,17 2 0 5 0 97 -79,0.9411764705882353 0.0033003300330033004 0.0 0.012594458438287154 0.0 0.0009689922480620155 0.24193548387096775,941519.3496753803,0.008333333333333333,1,10 15 5 23 0 130 -73,0.5294117647058824 0.0462046204620462 0.01179245283018868 0.05793450881612091 0.0 0.03294573643410853 0.27419354838709675,534208.6894401178,0.0380952380952381,550,6 21 69 117 11 438 -48,0.29411764705882354 0.066006600660066 0.16273584905660377 0.2947103274559194 0.102803738317757 0.3313953488372093 0.40860215053763443,302654.3788723228,0.1988095238095238,492,17 2 0 5 0 97 -79,0.9411764705882353 0.0033003300330033004 0.0 0.012594458438287154 0.0 0.0009689922480620155 0.24193548387096775,941519.3496753803,0.008333333333333333,1,12 24 2 32 0 123 -63,0.6470588235294118 0.07590759075907591 0.0047169811320754715 0.08060453400503778 0.0 0.02616279069767442 0.3279569892473118,654777.9465355414,0.030952380952380953,177,7 8 9 45 3 180 -74,0.35294117647058826 0.0231023102310231 0.02122641509433962 0.11335012594458438 0.028037383177570093 0.08139534883720931 0.26881720430107525,355580.90827958897,0.06547619047619048,200,18 2 0 5 0 96 -79,1.0 0.0033003300330033004 0.0 0.012594458438287154 0.0 0.0 0.24193548387096775,1000342.8693972225,0.008333333333333333,1009,18 274 76 302 20 795 39,1.0 0.900990099009901 0.1792452830188679 0.760705289672544 0.18691588785046728 0.6773255813953488 0.8763440860215054,1092678.5092095362,0.6059523809523809,8225,11 247 424 393 107 1128 62,0.5882352941176471 0.8118811881188119 1.0 0.9899244332493703 1.0 1.0 1.0,680524.3373627777,0.6035714285714285,7648,17 2 0 5 0 97 -79,0.9411764705882353 0.0033003300330033004 0.0 0.012594458438287154 0.0 0.0009689922480620155 0.24193548387096775,941519.3496753803,0.008333333333333333,1010,18 304 111 281 24 877 27,1.0 1.0 0.2617924528301887 0.707808564231738 0.22429906542056074 0.7567829457364341 0.8118279569892473,1103356.54265649,0.6059523809523809,6384,14 203 299 306 60 1029 58,0.7647058823529411 0.6666666666666666 0.7051886792452831 0.7707808564231738 0.5607476635514018 0.9040697674418605 0.978494623655914,839261.310627137,0.6035714285714285,6755,2 2 2 10 0 139 -71,0.058823529411764705 0.0033003300330033004 0.0047169811320754715 0.02518891687657431 0.0 0.041666666666666664 0.2849462365591398,59226.62275616559,0.06785714285714285,1163
resolved-p28d-3600-all/resolved-p28d-3600-1st/nsp-n20-d28-r0.10-rp2-fp2-s2,1 0 4 0 0 67 -73,0.08333333333333333 0.0 0.0 0.0 0.0 0.00681044267877412 0.0,83333.40143776011,0.24464285714285713,859,0 0 10 0 0 79 -46,0.0 0.0 0.03821656050955414 0.0 0.0 0.02043132803632236 0.2076923076923077,382.5776106835969,0.15714285714285714,959,0 0 10 1 0 93 -55,0.0 0.0 0.03821656050955414 0.0017211703958691911 0.0 0.036322360953461974 0.13846153846153847,384.38846063940673,0.11785714285714285,1174,11 2 4 7 0 61 -42,0.9166666666666666 0.15384615384615385 0.0 0.012048192771084338 0.0 0.0 0.23846153846153847,932063.5687055916,0.0125,1,4 13 21 52 2 175 -33,0.3333333333333333 1.0 0.10828025477707007 0.08950086058519793 0.2857142857142857 0.12939841089670828 0.3076923076923077,434535.8098466773,0.10357142857142858,9719,1 12 72 81 6 260 -34,0.08333333333333333 0.9230769230769231 0.43312101910828027 0.13941480206540446 0.8571428571428571 0.22587968217934165 0.3,180199.92371670992,0.16964285714285715,3724,11 2 4 7 0 61 -42,0.9166666666666666 0.15384615384615385 0.0 0.012048192771084338 0.0 0.0 0.23846153846153847,932063.5687055916,0.0125,1,7 1 5 17 0 125 -38,0.5833333333333334 0.07692307692307693 0.006369426751592357 0.029259896729776247 0.0 0.07264472190692395 0.2692307692307692,591119.590867875,0.07678571428571429,20834,0 0 15 40 4 245 -6,0.0 0.0 0.07006369426751592 0.06884681583476764 0.5714285714285714 0.20885357548240635 0.5153846153846153,829.2305360229927,0.24107142857142858,2158,11 2 4 7 0 61 -42,0.9166666666666666 0.15384615384615385 0.0 0.012048192771084338 0.0 0.0 0.23846153846153847,932063.5687055916,0.0125,1,8 5 10 27 0 161 -48,0.6666666666666666 0.38461538461538464 0.03821656050955414 0.04647160068846816 0.0 0.11350737797956867 0.19230769230769232,705558.1697154612,0.08214285714285714,21501,0 4 28 40 3 171 -34,0.0 0.3076923076923077 0.15286624203821655 0.06884681583476764 0.42857142857142855 0.12485811577752554 0.3,32411.14572946262,0.10178571428571428,808,12 2 5 7 0 61 -42,1.0 0.15384615384615385 0.006369426751592357 0.012048192771084338 0.0 0.0 0.23846153846153847,1015460.5963064409,0.0125,714,0 0 150 581 7 819 52,0.0 0.0 0.9299363057324841 1.0 1.0 0.8603859250851306 0.9615384615384616,10408.92845503723,0.7,6736,0 0 161 242 6 940 37,0.0 0.0 1.0 0.4165232358003442 0.8571428571428571 0.9977298524404086 0.8461538461538461,10513.060973885187,0.6107142857142858,7314,11 2 4 7 0 61 -42,0.9166666666666666 0.15384615384615385 0.0 0.012048192771084338 0.0 0.0 0.23846153846153847,932063.5687055916,0.0125,717,0 0 154 542 4 853 57,0.0 0.0 0.9554140127388535 0.9328743545611016 0.5714285714285714 0.8989784335981839 1.0,10554.147123428475,0.6964285714285714,6398,0 0 161 246 6 942 33,0.0 0.0 1.0 0.423407917383821 0.8571428571428571 1.0 0.8153846153846154,10519.937587713492,0.6107142857142858,7272,0 0 10 3 0 104 -41,0.0 0.0 0.03821656050955414 0.0051635111876075735 0.0 0.04880817253121453 0.24615384615384617,388.06335185461495,0.07321428571428572,1028
resolved-p28d-3600-all/resolved-p28d-3600-1st/nsp-n10-d28-r0.10-rp0-fp0-s4,0 4 0 0 0 85 -39,0.0 0.17647058823529413 0.0 0.0 0.0 0.0 0.0,17647.058823529413,0.28214285714285714,480,1 5 0 0 0 85 -32,0.25 0.23529411764705882 0.0 0.0 0.0 0.0 0.21212121212121213,273529.623885918,0.2714285714285714,390,1 5 0 0 0 87 -34,0.25 0.23529411764705882 0.0 0.0 0.0 0.00516795865633075 0.15151515151515152,273529.614959444,0.24642857142857144,379,2 6 4 4 0 99 -19,0.5 0.29411764705882354 0.08163265306122448 0.038834951456310676 0.0 0.03617571059431524 0.6060606060606061,530267.8940056629,0.025,1,0 1 0 0 0 111 -29,0.0 0.0 0.0 0.0 0.0 0.06718346253229975 0.30303030303030304,0.9748649283533004,0.4857142857142857,9185,0 1 0 0 0 119 -24,0.0 0.0 0.0 0.0 0.0 0.08785529715762273 0.45454545454545453,1.3330984261216818,0.16071428571428573,3947,2 6 4 4 0 99 -19,0.5 0.29411764705882354 0.08163265306122448 0.038834951456310676 0.0 0.03617571059431524 0.6060606060606061,530267.8940056629,0.025,1,0 1 0 0 0 107 -27,0.0 0.0 0.0 0.0 0.0 0.056847545219638244 0.36363636363636365,0.932111815832746,0.5,2530,0 1 0 0 0 121 -22,0.0 0.0 0.0 0.0 0.0 0.09302325581395349 0.5151515151515151,1.44538407329105,0.15714285714285714,3201,2 6 4 4 0 99 -19,0.5 0.29411764705882354 0.08163265306122448 0.038834951456310676 0.0 0.03617571059431524 0.6060606060606061,530267.8940056629,0.025,1,0 1 0 0 0 113 -27,0.0 0.0 0.0 0.0 0.0 0.07235142118863049 0.36363636363636365,1.0871505755226685,0.45357142857142857,1346,0 1 0 0 0 117 -27,0.0 0.0 0.0 0.0 0.0 0.082687338501292 0.36363636363636365,1.1905097486492835,0.17142857142857143,5651,4 8 3 6 0 95 -19,1.0 0.4117647058823529 0.061224489795918366 0.05825242718446602 0.0 0.025839793281653745 0.6060606060606061,1041847.8323719178,0.02857142857142857,344,0 1 30 49 9 422 -12,0.0 0.0 0.6122448979591837 0.47572815533980584 0.32142857142857145 0.8708010335917312 0.8181818181818182,6639.846184228599,0.6964285714285714,21694,0 1 1 37 0 223 -17,0.0 0.0 0.02040816326530612 0.3592233009708738 0.0 0.35658914728682173 0.6666666666666666,567.5374917634698,0.6214285714285714,15220,2 6 4 4 0 99 -19,0.5 0.29411764705882354 0.08163265306122448 0.038834951456310676 0.0 0.03617571059431524 0.6060606060606061,530267.8940056629,0.025,346,0 18 49 103 28 472 -6,0.0 1.0 1.0 1.0 1.0 1.0 1.0,111111.0,0.7071428571428572,18755,0 1 2 5 0 221 -15,0.0 0.0 0.04081632653061224 0.04854368932038835 0.0 0.35142118863049093 0.7272727272727273,460.9484392400884,0.6071428571428571,15088,1 5 0 2 0 95 -24,0.25 0.23529411764705882 0.0 0.019417475728155338 0.0 0.025839793281653745 0.45454545454545453,273549.5421838214,0.16785714285714284,264
resolved-p28d-3600-all/resolved-p28d-3600-1st/nsp-n20-d28-r0.10-rp2-fp2-s4,0 1 4 2 0 86 -52,0.0 0.0 0.00510204081632653 0.0 0.0 0.0046822742474916385 0.023809523809523808,51.09104042954974,0.24642857142857144,1099,0 1 4 8 0 120 -47,0.0 0.0 0.00510204081632653 0.004228329809725159 0.0 0.0274247491638796 0.06349206349206349,55.58647752812132,0.11785714285714285,1101,0 3 3 10 0 111 -54,0.0 0.014925373134328358 0.002551020408163265 0.005637773079633545 0.0 0.02140468227424749 0.007936507936507936,1523.907273924781,0.09821428571428571,1333,9 9 2 10 0 79 -55,1.0 0.05970149253731343 0.0 0.005637773079633545 0.0 0.0 0.0,1005975.7870268109,0.019642857142857142,1,0 85 170 232 36 697 -3,0.0 0.6268656716417911 0.42857142857142855 0.16208597603946442 0.5217391304347826 0.4133779264214047 0.4126984126984127,67191.08781665325,0.6357142857142857,2835,0 47 245 195 41 646 -21,0.0 0.34328358208955223 0.6198979591836735 0.13601127554615927 0.5942028985507246 0.37926421404682276 0.2698412698412698,40726.8318496035,0.5035714285714286,2877,9 9 2 10 0 79 -55,1.0 0.05970149253731343 0.0 0.005637773079633545 0.0 0.0 0.0,1005975.7870268109,0.019642857142857142,1,0 135 136 241 16 457 -18,0.0 1.0 0.34183673469387754 0.16842847075405215 0.2318840579710145 0.2528428093645485 0.29365079365079366,103612.80630237723,0.4392857142857143,871,0 108 183 223 21 566 -6,0.0 0.7985074626865671 0.461734693877551 0.15574348132487667 0.30434782608695654 0.325752508361204 0.3888888888888889,84657.9178853383,0.38035714285714284,1550,9 9 2 10 0 79 -55,1.0 0.05970149253731343 0.0 0.005637773079633545 0.0 0.0 0.0,1005975.7870268109,0.019642857142857142,1,0 68 234 352 54 826 5,0.0 0.5 0.5918367346938775 0.24665257223396758 0.782608695652174 0.49966555183946487 0.47619047619047616,56248.753634732544,0.5642857142857143,3098,0 80 289 361 69 1053 19,0.0 0.5895522388059702 0.7321428571428571 0.25299506694855534 1.0 0.651505016722408 0.5873015873015873,66636.74987072867,0.6589285714285714,3721,9 11 375 1421 14 1574 71,1.0 0.07462686567164178 0.951530612244898 1.0 0.2028985507246377 1.0 1.0,1018009.2825446856,0.6142857142857143,13676,1 3 260 294 11 1223 14,0.1111111111111111 0.014925373134328358 0.6581632653061225 0.20577871740662437 0.15942028985507245 0.7652173913043478 0.5476190476190477,119415.20161695796,0.6625,13731,2 3 318 123 11 1562 23,0.2222222222222222 0.014925373134328358 0.8061224489795918 0.08527131782945736 0.15942028985507245 0.9919732441471572 0.6190476190476191,231887.73615232646,0.6446428571428572,11901,9 10 394 1127 13 1568 65,1.0 0.06716417910447761 1.0 0.7928118393234672 0.18840579710144928 0.9959866220735786 0.9523809523809523,1017538.9825766545,0.6125,14772,1 3 258 309 10 1221 18,0.1111111111111111 0.014925373134328358 0.6530612244897959 0.21634954193093728 0.14492753623188406 0.7638795986622073 0.5793650793650794,119373.32112606202,0.6625,13839,2 3 318 122 11 1564 26,0.2222222222222222 0.014925373134328358 0.8061224489795918 0.08456659619450317 0.15942028985507245 0.9933110367892977 0.6428571428571429,231887.06861814173,0.6446428571428572,11908,0 3 8 10 0 114 -53,0.0 0.014925373134328358 0.015306122448979591 0.005637773079633545 0.0 0.023411371237458192 0.015873015873015872,1651.486297730513,0.08035714285714286,2323
resolved-p28d-3600-all/resolved-p28d-3600-1st/nsp-n50-d28-r0.10-rp2-fp2-s7,14 638 1190 1290 155 2289 17,0.25 0.7028901734104046 0.0 0.0 0.8372093023255814 0.0 0.0,320372.73827127303,0.065,3293,9 688 1265 1295 150 2467 50,0.07142857142857142 0.7606936416184971 0.04283266704740148 0.0006481721545242416 0.8081395348837209 0.025327262379055207 0.23404255319148937,148008.21170171502,0.03785714285714286,3519,9 692 1249 1313 150 2436 57,0.07142857142857142 0.7653179190751445 0.0336950314106225 0.0029815919108115117 0.8081395348837209 0.02091633466135458 0.28368794326241137,148381.60204688116,0.035,3483,35 730 1295 1491 161 2396 64,1.0 0.8092485549132948 0.05996573386636208 0.026056520611874513 0.872093023255814 0.015224815025611838 0.3333333333333333,1081638.264234414,0.012142857142857143,1,33 738 1260 1366 174 2345 33,0.9285714285714286 0.8184971098265896 0.03997715591090805 0.009852216748768473 0.9476744186046512 0.00796812749003984 0.11347517730496454,1010925.7239282582,0.08642857142857142,591,32 758 1542 1509 173 2570 33,0.8928571428571429 0.8416184971098266 0.20102798400913763 0.028389940368161785 0.9418604651162791 0.03998292544109277 0.11347517730496454,979152.3616995285,0.22857142857142856,475,35 730 1295 1491 161 2396 64,1.0 0.8092485549132948 0.05996573386636208 0.026056520611874513 0.872093023255814 0.015224815025611838 0.3333333333333333,1081638.264234414,0.012142857142857143,1,29 792 1993 1809 183 2857 65,0.7857142857142857 0.8809248554913295 0.45859508852084524 0.06728026963961628 1.0 0.08081957882754695 0.3404255319148936,878561.1510395869,0.28214285714285714,407,28 808 1658 1838 127 2538 41,0.75 0.8994219653179191 0.2672758423757853 0.07103966813585688 0.6744186046511628 0.03542970973249858 0.1702127659574468,842753.960994014,0.205,576,35 730 1295 1491 161 2396 64,1.0 0.8092485549132948 0.05996573386636208 0.026056520611874513 0.872093023255814 0.015224815025611838 0.3333333333333333,1081638.264234414,0.012142857142857143,1,28 895 1452 2099 157 2501 82,0.75 1.0 0.14962878355225587 0.1048742546020223 0.8488372093023255 0.03016505406943654 0.46099290780141844,851686.8084545033,0.22642857142857142,1575,31 727 1336 1494 160 2377 63,0.8571428571428571 0.8057803468208092 0.08338092518560822 0.02644542390458906 0.8662790697674418 0.012521343198634035 0.3262411347517731,938668.2258622422,0.02642857142857143,287,17 43 2941 7760 29 9317 127,0.35714285714285715 0.015028901734104046 1.0 0.8387347679543686 0.10465116279069768 1.0 0.7801418439716312,369505.727342345,0.7521428571428571,4445,15 33 2740 9004 95 8484 86,0.2857142857142857 0.003468208092485549 0.885208452312964 1.0 0.4883720930232558 0.8814741035856574 0.48936170212765956,295971.3323587042,0.7642857142857142,4235,12 34 2684 8199 15 8957 131,0.17857142857142858 0.004624277456647399 0.8532267275842376 0.895644283121597 0.023255813953488372 0.9487763232783153 0.8085106382978723,188474.38973132372,0.7657142857142857,3830,17 40 2870 6762 28 9085 158,0.35714285714285715 0.011560693641618497 0.9594517418617933 0.7093596059113301 0.09883720930232558 0.9669891861126921 1.0,368623.35714433965,0.7521428571428571,4705,15 30 2677 8352 96 8315 100,0.2857142857142857 0.0 0.8492290119931468 0.9154783510500389 0.4941860465116279 0.8574274331246443 0.5886524822695035,295180.6357167319,0.7642857142857142,4460,12 34 2704 8724 11 8962 110,0.17857142857142858 0.004624277456647399 0.8646487721302113 0.9637023593466425 0.0 0.9494877632327832 0.6595744680851063,188654.20084984248,0.7657142857142857,3700,7 693 1268 1390 153 2433 54,0.0 0.7664739884393064 0.04454597372929754 0.012963443090484833 0.8255813953488372 0.020489470688673878 0.2624113475177305,77188.84746990338,0.037142857142857144,4376
resolved-p28d-3600-all/resolved-p28d-3600-1st/nsp-n10-d28-r0.10-rp0-fp0-s7,0 0 0 0 0 74 -32,0.0 0.0 0.0 0.0 0.0 0.0 0.0,0.0,0.4,95,0 0 0 0 0 75 -30,0.0 0.0 0.0 0.0 0.0 0.008928571428571428 0.10526315789473684,0.1945488721804511,0.3535714285714286,64,0 0 0 0 0 75 -28,0.0 0.0 0.0 0.0 0.0 0.008928571428571428 0.21052631578947367,0.299812030075188,0.32857142857142857,57,0 0 0 0 0 95 -22,0.0 0.0 0.0 0.0 0.0 0.1875 0.5263157894736842,2.401315789473684,0.1357142857142857,20,0 0 0 0 0 93 -13,0.0 0.0 0.0 0.0 0.0 0.16964285714285715 1.0,2.6964285714285716,0.34285714285714286,5,0 0 0 0 0 94 -21,0.0 0.0 0.0 0.0 0.0 0.17857142857142858 0.5789473684210527,2.3646616541353387,0.12857142857142856,15,0 0 0 0 0 95 -21,0.0 0.0 0.0 0.0 0.0 0.1875 0.5789473684210527,2.4539473684210527,0.1357142857142857,24,0 0 0 0 0 92 -24,0.0 0.0 0.0 0.0 0.0 0.16071428571428573 0.42105263157894735,2.0281954887218046,0.3142857142857143,13,0 0 0 0 0 101 -21,0.0 0.0 0.0 0.0 0.0 0.24107142857142858 0.5789473684210527,2.9896616541353382,0.1357142857142857,17,0 0 0 0 0 93 -19,0.0 0.0 0.0 0.0 0.0 0.16964285714285715 0.6842105263157895,2.380639097744361,0.13214285714285715,16,0 0 0 0 0 93 -16,0.0 0.0 0.0 0.0 0.0 0.16964285714285715 0.8421052631578947,2.5385338345864663,0.40714285714285714,12,0 0 0 0 0 95 -22,0.0 0.0 0.0 0.0 0.0 0.1875 0.5263157894736842,2.401315789473684,0.1357142857142857,18,0 0 0 0 0 186 -19,0.0 0.0 0.0 0.0 0.0 1.0 0.6842105263157895,10.68421052631579,0.45714285714285713,10,0 0 0 0 0 97 -17,0.0 0.0 0.0 0.0 0.0 0.20535714285714285 0.7894736842105263,2.8430451127819545,0.6535714285714286,132,0 0 0 0 0 171 -16,0.0 0.0 0.0 0.0 0.0 0.8660714285714286 0.8421052631578947,9.502819548872182,0.44642857142857145,16,0 0 0 0 0 186 -19,0.0 0.0 0.0 0.0 0.0 1.0 0.6842105263157895,10.68421052631579,0.45714285714285713,10,0 0 0 0 0 97 -17,0.0 0.0 0.0 0.0 0.0 0.20535714285714285 0.7894736842105263,2.8430451127819545,0.6535714285714286,132,0 0 0 0 0 170 -16,0.0 0.0 0.0 0.0 0.0 0.8571428571428571 0.8421052631578947,9.413533834586467,0.44642857142857145,17,0 0 0 0 0 83 -23,0.0 0.0 0.0 0.0 0.0 0.08035714285714286 0.47368421052631576,1.2772556390977443,0.17857142857142858,23
resolved-p28d-3600-all/resolved-p28d-3600-1st/nsp-n30-d28-r0.10-rp2-fp2-s7,0 0 0 0 0 108 -101,0.0 0.0 0.0 0.0 0.0 0.0 0.14634146341463414,0.14634146341463414,0.275,213,0 0 0 0 0 117 -79,0.0 0.0 0.0 0.0 0.0 0.019955654101995565 0.6829268292682927,0.8824833702882484,0.2011904761904762,156,0 0 0 0 0 140 -77,0.0 0.0 0.0 0.0 0.0 0.07095343680709534 0.7317073170731707,1.441241685144124,0.14285714285714285,105,0 0 0 0 0 209 -86,0.0 0.0 0.0 0.0 0.0 0.22394678492239467 0.5121951219512195,2.751662971175166,0.12023809523809524,27,0 0 0 0 0 169 -76,0.0 0.0 0.0 0.0 0.0 0.1352549889135255 0.7560975609756098,2.1086474501108645,0.36904761904761907,11,0 0 0 0 0 204 -78,0.0 0.0 0.0 0.0 0.0 0.21286031042128603 0.7073170731707317,2.835920177383592,0.12738095238095237,4,0 0 0 0 0 200 -86,0.0 0.0 0.0 0.0 0.0 0.2039911308203991 0.5121951219512195,2.5521064301552108,0.12261904761904761,22,0 0 0 0 0 179 -72,0.0 0.0 0.0 0.0 0.0 0.1574279379157428 0.8536585365853658,2.427937915742794,0.3488095238095238,10,0 0 0 0 0 201 -85,0.0 0.0 0.0 0.0 0.0 0.20620842572062084 0.5365853658536586,2.598669623059867,0.13333333333333333,13,0 0 0 0 0 214 -79,0.0 0.0 0.0 0.0 0.0 0.23503325942350334 0.6829268292682927,3.0332594235033263,0.12738095238095237,4,0 0 0 0 0 165 -79,0.0 0.0 0.0 0.0 0.0 0.12638580931263857 0.6829268292682927,1.9467849223946785,0.3738095238095238,3,0 0 0 0 0 181 -79,0.0 0.0 0.0 0.0 0.0 0.16186252771618626 0.6829268292682927,2.3015521064301554,0.12976190476190477,3,0 0 0 0 0 473 -66,0.0 0.0 0.0 0.0 0.0 0.8093126385809313 1.0,9.093126385809313,0.4119047619047619,29,0 0 0 0 0 188 -107,0.0 0.0 0.0 0.0 0.0 0.17738359201773837 0.0,1.7738359201773837,0.6880952380952381,195,0 0 0 0 0 559 -68,0.0 0.0 0.0 0.0 0.0 1.0 0.9512195121951219,10.951219512195122,0.4166666666666667,21,0 0 0 0 0 473 -66,0.0 0.0 0.0 0.0 0.0 0.8093126385809313 1.0,9.093126385809313,0.4119047619047619,29,0 0 0 0 0 173 -93,0.0 0.0 0.0 0.0 0.0 0.14412416851441243 0.34146341463414637,1.7827050997782707,0.6297619047619047,199,0 0 0 0 0 559 -68,0.0 0.0 0.0 0.0 0.0 1.0 0.9512195121951219,10.951219512195122,0.4166666666666667,21,0 0 0 0 0 165 -84,0.0 0.0 0.0 0.0 0.0 0.12638580931263857 0.5609756097560976,1.8248337028824833,0.1130952380952381,28
resolved-p28d-3600-all/resolved-p28d-3600-1st/nsp-n40-d28-r0.10-rp2-fp2-s3,1 11 0 7 0 282 -114,0.05 0.08333333333333333 0.0 0.000395882818685669 0.0 0.0023679848448969927 0.0,58333.752896000464,0.1419642857142857,2401,1 11 0 26 0 290 -105,0.05 0.08333333333333333 0.0 0.004156769596199525 0.0 0.004262372720814586 0.038461538461538464,58337.5711881952,0.09375,1665,1 11 0 24 0 314 -97,0.05 0.08333333333333333 0.0 0.003760886777513856 0.0 0.009945536348567369 0.07264957264957266,58337.26632504698,0.07053571428571428,3109,19 13 0 21 0 272 -95,0.95 0.09848484848484848 0.0 0.003167062549485352 0.0 0.0 0.0811965811965812,959851.7331076155,0.01607142857142857,1,17 31 4 29 0 318 -95,0.85 0.23484848484848486 0.0033812341504649195 0.004750593824228029 0.0 0.010892730286526165 0.0811965811965812,873523.6015440614,0.0375,1944,17 23 1 5 0 318 -97,0.85 0.17424242424242425 0.0008453085376162299 0.0 0.0 0.010892730286526165 0.07264957264957266,867432.8770864941,0.04107142857142857,185,19 13 0 21 0 272 -95,0.95 0.09848484848484848 0.0 0.003167062549485352 0.0 0.0 0.0811965811965812,959851.7331076155,0.01607142857142857,1,17 42 4 49 1 291 -97,0.85 0.3181818181818182 0.0033812341504649195 0.00870942201108472 0.034482758620689655 0.004499171205304286 0.07264957264957266,881864.2694988443,0.045535714285714284,1170,16 27 11 46 1 325 -95,0.8 0.20454545454545456 0.009298393913778529 0.008115597783056216 0.034482758620689655 0.012550319677954062 0.0811965811965812,820559.2999671063,0.044642857142857144,32,19 13 0 21 0 272 -95,0.95 0.09848484848484848 0.0 0.003167062549485352 0.0 0.0 0.0811965811965812,959851.7331076155,0.01607142857142857,1,16 132 63 113 3 445 -91,0.8 1.0 0.05325443786982249 0.021377672209026127 0.10344827586206896 0.04096613781671797 0.09829059829059829,900564.7748304699,0.125,657,16 17 2 29 0 297 -94,0.8 0.12878787878787878 0.0016906170752324597 0.004750593824228029 0.0 0.005919962112242482 0.08547008547008547,812900.589313071,0.025,219,19 13 0 21 0 272 -95,0.95 0.09848484848484848 0.0 0.003167062549485352 0.0 0.0 0.0811965811965812,959851.7331076155,0.01607142857142857,1387,0 0 1156 2791 28 4413 120,0.0 0.0 0.9771766694843618 0.551464766429137 0.9655172413793104 0.9805825242718447 1.0,10430.589010653404,0.6571428571428571,2141,0 0 1162 5043 10 4446 56,0.0 0.0 0.9822485207100592 0.9972288202692003 0.3448275862068966 0.9883968742600048 0.7264957264957265,10864.807250459577,0.6482142857142857,2459,20 14 0 21 0 272 -95,1.0 0.10606060606060606 0.0 0.003167062549485352 0.0 0.0 0.0811965811965812,1010609.3088651913,0.01607142857142857,1386,0 0 1164 2866 29 4400 108,0.0 0.0 0.9839391377852916 0.5663103721298496 1.0 0.9775041439734786 0.9487179487179487,10516.42550937122,0.6464285714285715,2081,0 0 1183 5057 11 4495 54,0.0 0.0 1.0 1.0 0.3793103448275862 1.0 0.717948717948718,11048.648983200708,0.6482142857142857,2417,1 11 0 34 0 326 -97,0.05 0.08333333333333333 0.0 0.0057403008709422014 0.0 0.01278711816244376 0.07264957264957266,58339.27415495855,0.05892857142857143,2403
resolved-p28d-3600-all/resolved-p28d-3600-1st/nsp-n40-d28-r0.10-rp2-fp2-s0,4 7 0 3 0 247 -107,0.19047619047619047 0.020527859237536656 0.0 0.0 0.0 0.0019116397621070519 0.0,192528.99551634176,0.14017857142857143,2443,4 8 0 23 0 307 -96,0.19047619047619047 0.02346041055718475 0.0 0.0043850032887524665 0.0 0.01465590484282073 0.042801556420233464,192826.80589580254,0.08035714285714286,2178,4 12 0 21 0 306 -96,0.19047619047619047 0.03519061583577713 0.0 0.0039465029598772195 0.0 0.014443500424808835 0.042801556420233464,193999.38579928872,0.06517857142857143,1848,20 12 1 25 0 238 -96,0.9523809523809523 0.03519061583577713 0.0007547169811320754 0.0048235036176277135 0.0 0.0 0.042801556420233464,955912.4274395154,0.01607142857142857,1,9 293 404 405 52 1023 -65,0.42857142857142855 0.8592375366568915 0.3049056603773585 0.08813856610392458 1.0 0.1667374681393373 0.16342412451361868,517734.2082058011,0.3196428571428571,249,11 341 378 485 44 1035 -58,0.5238095238095238 1.0 0.2852830188679245 0.10567857925893444 0.8461538461538461 0.16928632115548004 0.19066147859922178,626854.5314867676,0.34464285714285714,473,20 12 1 25 0 238 -96,0.9523809523809523 0.03519061583577713 0.0007547169811320754 0.0048235036176277135 0.0 0.0 0.042801556420233464,955912.4274395154,0.01607142857142857,1,18 35 12 55 1 261 -89,0.8571428571428571 0.10263929618768329 0.009056603773584906 0.011401008550756413 0.019230769230769232 0.004885301614273577 0.07003891050583658,867510.7957767617,0.04732142857142857,487,12 135 149 178 15 648 -55,0.5714285714285714 0.39589442815249265 0.11245283018867924 0.03836877877658408 0.28846153846153844 0.08708581138487681 0.20233463035019456,612210.8306710743,0.2392857142857143,1073,20 12 1 25 0 238 -96,0.9523809523809523 0.03519061583577713 0.0007547169811320754 0.0048235036176277135 0.0 0.0 0.042801556420233464,955912.4274395154,0.01607142857142857,1,16 155 189 384 11 627 -72,0.7619047619047619 0.45454545454545453 0.14264150943396225 0.0835343126507345 0.21153846153846154 0.08262531860662702 0.13618677042801555,808891.3730524081,0.2,115,18 27 6 38 0 297 -87,0.8571428571428571 0.07917888563049853 0.004528301886792453 0.007673755755316817 0.0 0.012531860662701785 0.07782101167315175,865113.9056201484,0.03660714285714286,144,20 12 1 25 0 238 -96,0.9523809523809523 0.03519061583577713 0.0007547169811320754 0.0048235036176277135 0.0 0.0 0.042801556420233464,955912.4274395154,0.01607142857142857,1421,0 0 1011 1465 37 4005 145,0.0 0.0 0.7630188679245283 0.3205437404078053 0.7115384615384616 0.8001274426508072 0.980544747081712,8030.868084980524,0.65,2497,0 0 1325 4564 14 4946 105,0.0 0.0 1.0 1.0 0.2692307692307692 1.0 0.8249027237354085,11037.747979646812,0.6535714285714286,2601,21 12 1 25 0 238 -95,1.0 0.03519061583577713 0.0007547169811320754 0.0048235036176277135 0.0 0.0 0.04669260700389105,1003531.4789496136,0.01607142857142857,1420,0 0 1043 1641 33 4037 150,0.0 0.0 0.7871698113207547 0.359131769348827 0.6346153846153846 0.8069243840271878 1.0,8303.360664858184,0.6482142857142857,2193,0 0 1265 4015 21 4753 113,0.0 0.0 0.9547169811320755 0.8796316597237448 0.40384615384615385 0.9590059473237044 0.8560311284046692,10477.632177030757,0.6535714285714286,2899,4 15 1 29 0 307 -99,0.19047619047619047 0.04398826979472141 0.0007547169811320754 0.005700504275378207 0.0 0.01465590484282073 0.0311284046692607,194888.44281720242,0.044642857142857144,1612
resolved-p28d-3600-all/resolved-p28d-3600-1st/nsp-n40-d28-r0.10-rp2-fp2-s9,2 4 0 102 11 1006 -24,0.0 0.0 0.0 0.0 0.023529411764705882 0.0 0.0,2.3529411764705883,0.1419642857142857,4095,2 6 14 187 27 1327 -7,0.0 0.008695652173913044 0.008101851851851851 0.010896038969362903 0.21176470588235294 0.0654434250764526 0.12686567164179105,983.4375453898274,0.049107142857142856,4411,2 6 17 195 28 1414 -3,0.0 0.008695652173913044 0.009837962962962963 0.011921548519420587 0.2235294117647059 0.08318042813455657 0.15671641791044777,1003.2078574160812,0.04017857142857143,4232,21 6 4 196 28 1423 12,1.0 0.008695652173913044 0.0023148148148148147 0.012049737213177798 0.2235294117647059 0.08501529051987768 0.26865671641791045,1000928.2348535507,0.010714285714285714,1,20 5 10 221 29 1493 0,0.9473684210526315 0.004347826086956522 0.005787037037037037 0.015254454557108063 0.23529411764705882 0.09928644240570846 0.1791044776119403,947901.0298669211,0.026785714285714284,11334,18 22 23 217 27 1439 11,0.8421052631578947 0.0782608695652174 0.013310185185185185 0.014741699782079221 0.21176470588235294 0.08827726809378185 0.26119402985074625,850101.5141033494,0.0375,1861,21 6 4 196 28 1423 12,1.0 0.008695652173913044 0.0023148148148148147 0.012049737213177798 0.2235294117647059 0.08501529051987768 0.26865671641791045,1000928.2348535507,0.010714285714285714,1,20 5 10 212 29 1510 3,0.9473684210526315 0.004347826086956522 0.005787037037037037 0.014100756313293168 0.23529411764705882 0.10275229357798166 0.20149253731343283,947899.9332152486,0.02857142857142857,11655,16 18 18 203 28 1447 1,0.7368421052631579 0.06086956521739131 0.010416666666666666 0.012947058069478271 0.2235294117647059 0.08990825688073395 0.1865671641791045,743069.6141005426,0.03214285714285714,2154,21 6 4 196 28 1423 12,1.0 0.008695652173913044 0.0023148148148148147 0.012049737213177798 0.2235294117647059 0.08501529051987768 0.26865671641791045,1000928.2348535507,0.010714285714285714,1,10 234 286 594 67 2196 -6,0.42105263157894735 1.0 0.16550925925925927 0.06306883732854762 0.6823529411764706 0.24260958205912334 0.13432835820895522,522841.58872716496,0.2330357142857143,521,18 15 13 201 29 1449 13,0.8421052631578947 0.04782608695652174 0.007523148148148148 0.012690680681963851 0.23529411764705882 0.09031600407747196 0.27611940298507465,847000.5027069187,0.025892857142857145,460,14 41 1720 5686 11 5895 110,0.631578947368421 0.1608695652173913 0.9953703703703703 0.7158056659402641 0.023529411764705882 0.9967380224260958 1.0,658348.7335812048,0.6339285714285714,5427,10 7 1278 2351 94 4685 75,0.42105263157894735 0.013043478260869565 0.7395833333333334 0.2882963722599667 1.0 0.7500509683995923 0.7388059701492538,430149.34842628177,0.6732142857142858,5843,13 12 1653 7083 11 5795 60,0.5789473684210527 0.034782608695652174 0.9565972222222222 0.8948852711190873 0.023529411764705882 0.9763506625891947 0.6268656716417911,592899.2300974332,0.6660714285714285,5688,14 41 1728 6026 9 5911 104,0.631578947368421 0.1608695652173913 1.0 0.7593898218177156 0.0 1.0 0.9552238805970149,658436.2489358585,0.6339285714285714,5140,10 8 1263 2689 27 4880 85,0.42105263157894735 0.017391304347826087 0.7309027777777778 0.33162415074990387 0.21176470588235294 0.7898063200815494 0.8134328358208955,430462.3019088825,0.6678571428571428,5465,15 8 1717 7903 10 5875 31,0.6842105263157895 0.017391304347826087 0.9936342592592593 1.0 0.011764705882352941 0.9926605504587156 0.41044776119402987,696897.5128670187,0.6660714285714285,5432,2 7 7 169 18 1293 4,0.0 0.013043478260869565 0.004050925925925926 0.00858864248173311 0.10588235294117647 0.05851172273190622 0.208955223880597,1364.828035573266,0.06339285714285714,3911
resolved-p28d-3600-all/resolved-p28d-3600-1st/nsp-n40-d28-r0.10-rp2-fp2-s2,0 179 1700 938 296 3777 -28,0.0 0.0 0.7005196032120926 0.4921583271097834 0.8504983388704319 0.8403707518022657 0.0,7590.807900635776,0.055357142857142855,4816,1 196 1752 1013 313 3809 -20,0.041666666666666664 0.052795031055900624 0.7250826641473783 0.5481702763256161 0.9069767441860465 0.8513559903879162 0.0761904761904762,54844.4541148548,0.038392857142857145,4996,2 195 1746 994 311 3901 -18,0.08333333333333333 0.049689440993788817 0.7222484648086915 0.5339805825242718 0.9003322259136213 0.8829385513216615 0.09523809523809523,96157.70050952322,0.0375,4774,23 213 1887 1182 341 3960 -6,0.9583333333333334 0.10559006211180125 0.7888521492678319 0.6743838685586259 1.0 0.9031925849639547 0.20952380952380953,977564.4863554096,0.010714285714285714,1,20 230 1854 1166 310 3699 -19,0.8333333333333334 0.15838509316770186 0.7732640529050543 0.6624346527259148 0.8970099667774086 0.8135942327497425 0.08571428571428572,857664.840485171,0.05892857142857143,1462,16 369 1916 1618 322 3635 1,0.6666666666666666 0.5900621118012422 0.8025507794048181 1.0 0.9368770764119602 0.7916237555784414 0.2761904761904762,734800.2657765122,0.30089285714285713,1294,23 213 1887 1182 341 3960 -6,0.9583333333333334 0.10559006211180125 0.7888521492678319 0.6743838685586259 1.0 0.9031925849639547 0.20952380952380953,977564.4863554096,0.010714285714285714,1,20 328 2168 1446 275 3974 -3,0.8333333333333334 0.46273291925465837 0.9215871516296646 0.871545929798357 0.7807308970099668 0.9079986268451768 0.23809523809523808,889781.4338761017,0.2017857142857143,1121,22 299 2334 1516 322 4186 -6,0.9166666666666666 0.37267080745341613 1.0 0.9238237490664675 0.9368770764119602 0.9807758324751116 0.20952380952380953,964961.2761508502,0.17589285714285716,1084,23 213 1887 1182 341 3960 -6,0.9583333333333334 0.10559006211180125 0.7888521492678319 0.6743838685586259 1.0 0.9031925849639547 0.20952380952380953,977564.4863554096,0.010714285714285714,1,17 329 2314 1484 292 4069 -4,0.7083333333333334 0.4658385093167702 0.990552668871044 0.8999253174010455 0.8372093023255814 0.9406110538963268 0.22857142857142856,765815.991883322,0.2598214285714286,2974,15 255 2302 1391 313 4242 -13,0.625 0.2360248447204969 0.9848842701936703 0.830470500373413 0.9069767441860465 1.0 0.14285714285714285,659382.6382059213,0.13303571428571428,1259,23 213 1887 1182 341 3960 -6,0.9583333333333334 0.10559006211180125 0.7888521492678319 0.6743838685586259 1.0 0.9031925849639547 0.20952380952380953,977564.4863554096,0.010714285714285714,1233,23 308 217 279 40 1483 32,0.9583333333333334 0.40062111801242234 0.0 0.0 0.0 0.05286646069344319 0.5714285714285714,998396.5452277539,0.7464285714285714,6155,20 496 492 602 63 1329 73,0.8333333333333334 0.984472049689441 0.12990080302314597 0.24122479462285287 0.07641196013289037 0.0 0.9619047619047619,933329.3742279069,0.7455357142857143,6073,24 214 1887 1190 341 3960 -6,1.0 0.10869565217391304 0.7888521492678319 0.6803584764749814 1.0 0.9031925849639547 0.20952380952380953,1019547.6866362038,0.010714285714285714,1232,22 411 356 372 55 1504 48,0.9166666666666666 0.7204968944099379 0.06565895134624469 0.06945481702763256 0.04983388704318937 0.06007552351527635 0.7238095238095238,989448.7083916138,0.7464285714285714,6190,21 501 515 608 65 1343 77,0.875 1.0 0.14076523382144543 0.24570575056011948 0.08305647840531562 0.004806041881222108 1.0,976662.7117970339,0.7455357142857143,6000,2 192 1734 997 306 3816 -15,0.08333333333333333 0.040372670807453416 0.7165800661313179 0.5362210604929052 0.8837209302325582 0.8537590113285273 0.12380952380952381,95169.65562854511,0.04196428571428571,5144
resolved-p28d-3600-all/resolved-p28d-3600-1st/nsp-n50-d28-r0.10-rp2-fp2-s3,1 10 0 20 0 488 -142,0.0 0.0 0.0 0.00024244383384515922 0.0 0.0033130276798119056 0.0,0.2755741106432783,0.12142857142857143,2883,1 13 0 36 0 541 -131,0.0 0.07692307692307693 0.0 0.001535477614352675 0.0 0.008977236293683874 0.08208955223880597,7694.015031837221,0.085,2696,1 16 2 43 0 549 -134,0.0 0.15384615384615385 0.0005733944954128441 0.002101179893324713 0.0 0.009832211178796622 0.05970149253731343,15392.608533067163,0.06142857142857143,3224,30 11 2 22 0 457 -130,1.0 0.02564102564102564 0.0005733944954128441 0.0004040730564085987 0.0 0.0 0.08955223880597014,1002570.3301343519,0.015,1,26 20 31 51 3 537 -137,0.8620689655172413 0.2564102564102564 0.008887614678899083 0.002747696783578471 0.5 0.008549748851127498 0.03731343283582089,887851.7378127609,0.05,375,25 14 2 19 0 464 -133,0.8275862068965517 0.10256410256410256 0.0005733944954128441 0.00016162922256343946 0.0 0.0007481030244736561 0.06716417910447761,837848.5873723481,0.02,124,30 11 2 22 0 457 -130,1.0 0.02564102564102564 0.0005733944954128441 0.0004040730564085987 0.0 0.0 0.08955223880597014,1002570.3301343519,0.015,1,26 10 3 32 1 531 -127,0.8620689655172413 0.0 0.0008600917431192661 0.001212219169225796 0.16666666666666666 0.007908517687292936 0.11194029850746269,862095.6363459837,0.03428571428571429,311,26 29 1 17 0 498 -130,0.8620689655172413 0.48717948717948717 0.00028669724770642203 0.0 0.0 0.004381746286202842 0.08955223880597014,910789.9145773688,0.04857142857142857,174,30 11 2 22 0 457 -130,1.0 0.02564102564102564 0.0005733944954128441 0.0004040730564085987 0.0 0.0 0.08955223880597014,1002570.3301343519,0.015,1,27 49 25 72 3 535 -122,0.896551724137931 1.0 0.007167431192660551 0.004444803620494585 0.5 0.00833600512984931 0.14925373134328357,996678.0758672608,0.05071428571428571,265,26 13 3 25 0 479 -128,0.8620689655172413 0.07692307692307693 0.0008600917431192661 0.0006465168902537578 0.0 0.002351180934060062 0.1044776119402985,869770.6486332917,0.022857142857142857,188,22 12 3469 12391 2 9782 -15,0.7241379310344828 0.05128205128205128 0.994552752293578 1.0 0.3333333333333333 0.996580100459549 0.9477611940298507,740255.9105811557,0.6335714285714286,4332,19 12 3191 11551 6 9165 -15,0.6206896551724138 0.05128205128205128 0.9148509174311926 0.9321157265233554 1.0 0.9306401624452282 0.9477611940298507,636008.7393642727,0.6507142857142857,5294,22 13 3145 11153 5 9546 -17,0.7241379310344828 0.07692307692307693 0.9016628440366973 0.8999515112332309 0.8333333333333334 0.9713583413487229 0.9328358208955224,741840.7984309584,0.6442857142857142,5073,22 12 3488 12391 3 9814 -17,0.7241379310344828 0.05128205128205128 1.0 1.0 0.5 1.0 0.9328358208955224,740327.0689985089,0.6335714285714286,4215,19 12 3191 11551 6 9166 -8,0.6206896551724138 0.05128205128205128 0.9148509174311926 0.9321157265233554 1.0 0.9307470343058672 1.0,636008.7926717972,0.6507142857142857,5268,22 13 3160 11632 5 9579 -18,0.7241379310344828 0.07692307692307693 0.9059633027522935 0.9386617100371747 0.8333333333333334 0.9748851127498129 0.9253731343283582,741922.5410219458,0.6442857142857142,5022,1 16 0 39 0 538 -125,0.0 0.15384615384615385 0.0 0.0017779214481978341 0.0 0.008656620711766592 0.12686567164179105,15386.606737942342,0.07428571428571429,2664
resolved-p28d-3600-all/resolved-p28d-3600-1st/nsp-n30-d28-r0.10-rp2-fp2-s2,0 0 0 0 0 122 -89,0.0 0.0 0.0 0.0 0.0 0.0 0.07272727272727272,0.07272727272727272,0.2571428571428571,234,0 0 0 0 0 142 -93,0.0 0.0 0.0 0.0 0.0 0.05934718100890208 0.0,0.5934718100890208,0.1880952380952381,170,0 0 0 0 0 158 -75,0.0 0.0 0.0 0.0 0.0 0.10682492581602374 0.32727272727272727,1.3955219854329646,0.16666666666666666,90,0 0 0 0 0 247 -71,0.0 0.0 0.0 0.0 0.0 0.37091988130563797 0.4,4.10919881305638,0.14047619047619048,8,0 0 0 0 0 193 -88,0.0 0.0 0.0 0.0 0.0 0.21068249258160238 0.09090909090909091,2.1977340167251147,0.28214285714285714,4,0 0 0 0 0 233 -74,0.0 0.0 0.0 0.0 0.0 0.3293768545994065 0.34545454545454546,3.639223091448611,0.14285714285714285,17,0 0 0 0 0 232 -70,0.0 0.0 0.0 0.0 0.0 0.3264094955489614 0.41818181818181815,3.682276773671432,0.1357142857142857,19,0 0 0 0 0 176 -82,0.0 0.0 0.0 0.0 0.0 0.16023738872403562 0.2,1.802373887240356,0.3357142857142857,6,0 0 0 0 0 253 -69,0.0 0.0 0.0 0.0 0.0 0.3887240356083086 0.43636363636363634,4.323603992446722,0.15,20,0 0 0 0 0 243 -65,0.0 0.0 0.0 0.0 0.0 0.3590504451038576 0.509090909090909,4.099595360129485,0.15119047619047618,25,0 0 0 0 0 169 -87,0.0 0.0 0.0 0.0 0.0 0.1394658753709199 0.10909090909090909,1.5037496628001081,0.3904761904761905,3,0 0 0 0 0 280 -74,0.0 0.0 0.0 0.0 0.0 0.4688427299703264 0.34545454545454546,5.03388184515781,0.14642857142857144,9,0 0 0 0 0 459 -46,0.0 0.0 0.0 0.0 0.0 1.0 0.8545454545454545,10.854545454545455,0.4595238095238095,82,0 0 0 0 0 343 -38,0.0 0.0 0.0 0.0 0.0 0.655786350148368 1.0,7.55786350148368,0.6392857142857142,118,0 0 0 0 0 437 -43,0.0 0.0 0.0 0.0 0.0 0.9347181008902077 0.9090909090909091,10.256271917992985,0.4738095238095238,51,0 0 0 0 0 459 -46,0.0 0.0 0.0 0.0 0.0 1.0 0.8545454545454545,10.854545454545455,0.4595238095238095,82,0 0 0 0 0 390 -46,0.0 0.0 0.0 0.0 0.0 0.7952522255192879 0.8545454545454545,8.807067709738334,0.5952380952380952,80,0 0 0 0 0 437 -43,0.0 0.0 0.0 0.0 0.0 0.9347181008902077 0.9090909090909091,10.256271917992985,0.4738095238095238,51,0 0 0 0 0 178 -78,0.0 0.0 0.0 0.0 0.0 0.1661721068249258 0.2727272727272727,1.9344483409765307,0.13095238095238096,24
resolved-p28d-3600-all/resolved-p28d-3600-1st/nsp-n10-d28-r0.10-rp0-fp0-s2,0 0 0 0 0 68 -48,0.0 0.0 0.0 0.0 0.0 0.0 0.0,0.0,0.3821428571428571,112,0 0 0 0 0 73 -37,0.0 0.0 0.0 0.0 0.0 0.03816793893129771 0.36666666666666664,0.7483460559796438,0.37142857142857144,88,0 0 0 0 0 75 -28,0.0 0.0 0.0 0.0 0.0 0.05343511450381679 0.6666666666666666,1.2010178117048347,0.20714285714285716,64,0 0 0 0 0 90 -28,0.0 0.0 0.0 0.0 0.0 0.16793893129770993 0.6666666666666666,2.346055979643766,0.09642857142857143,19,0 0 0 0 0 93 -18,0.0 0.0 0.0 0.0 0.0 0.19083969465648856 1.0,2.908396946564886,0.325,14,0 0 0 0 0 90 -30,0.0 0.0 0.0 0.0 0.0 0.16793893129770993 0.6,2.2793893129770995,0.09642857142857143,20,0 0 0 0 0 90 -29,0.0 0.0 0.0 0.0 0.0 0.16793893129770993 0.6333333333333333,2.3127226463104327,0.09642857142857143,15,0 0 0 0 0 94 -28,0.0 0.0 0.0 0.0 0.0 0.1984732824427481 0.6666666666666666,2.6513994910941476,0.35714285714285715,10,0 0 0 0 0 90 -28,0.0 0.0 0.0 0.0 0.0 0.16793893129770993 0.6666666666666666,2.346055979643766,0.09642857142857143,14,0 0 0 0 0 90 -27,0.0 0.0 0.0 0.0 0.0 0.16793893129770993 0.7,2.379389312977099,0.09642857142857143,16,0 0 0 0 0 86 -29,0.0 0.0 0.0 0.0 0.0 0.13740458015267176 0.6333333333333333,2.007379134860051,0.5214285714285715,5,0 0 0 0 0 90 -28,0.0 0.0 0.0 0.0 0.0 0.16793893129770993 0.6666666666666666,2.346055979643766,0.09642857142857143,19,0 0 0 0 0 198 -28,0.0 0.0 0.0 0.0 0.0 0.9923664122137404 0.6666666666666666,10.59033078880407,0.42857142857142855,15,0 0 0 0 0 83 -40,0.0 0.0 0.0 0.0 0.0 0.11450381679389313 0.26666666666666666,1.4117048346055978,0.7214285714285714,167,0 0 0 0 0 199 -24,0.0 0.0 0.0 0.0 0.0 1.0 0.8,10.8,0.42857142857142855,15,0 0 0 0 0 198 -28,0.0 0.0 0.0 0.0 0.0 0.9923664122137404 0.6666666666666666,10.59033078880407,0.42857142857142855,15,0 0 0 0 0 83 -40,0.0 0.0 0.0 0.0 0.0 0.11450381679389313 0.26666666666666666,1.4117048346055978,0.7178571428571429,168,0 0 0 0 0 199 -24,0.0 0.0 0.0 0.0 0.0 1.0 0.8,10.8,0.42857142857142855,15,0 0 0 0 0 81 -25,0.0 0.0 0.0 0.0 0.0 0.09923664122137404 0.7666666666666667,1.7590330788804072,0.16071428571428573,15
resolved-p28d-3600-all/resolved-p28d-3600-1st/nsp-n10-d28-r0.10-rp0-fp0-s3,0 0 0 0 0 75 -37,0.0 0.0 0.0 0.0 0.0 0.0 0.0,0.0,0.4,130,0 0 0 0 0 81 -37,0.0 0.0 0.0 0.0 0.0 0.049586776859504134 0.0,0.49586776859504134,0.3964285714285714,95,0 0 0 0 0 83 -33,0.0 0.0 0.0 0.0 0.0 0.06611570247933884 0.3333333333333333,0.9944903581267217,0.2892857142857143,66,0 0 0 0 0 108 -33,0.0 0.0 0.0 0.0 0.0 0.2727272727272727 0.3333333333333333,3.0606060606060606,0.08571428571428572,44,0 0 0 0 0 102 -30,0.0 0.0 0.0 0.0 0.0 0.2231404958677686 0.5833333333333334,2.8147382920110195,0.4785714285714286,13,0 0 0 0 0 108 -33,0.0 0.0 0.0 0.0 0.0 0.2727272727272727 0.3333333333333333,3.0606060606060606,0.08571428571428572,32,0 0 0 0 0 108 -33,0.0 0.0 0.0 0.0 0.0 0.2727272727272727 0.3333333333333333,3.0606060606060606,0.08571428571428572,14,0 0 0 0 0 95 -30,0.0 0.0 0.0 0.0 0.0 0.1652892561983471 0.5833333333333334,2.2362258953168044,0.43214285714285716,7,0 0 0 0 0 108 -33,0.0 0.0 0.0 0.0 0.0 0.2727272727272727 0.3333333333333333,3.0606060606060606,0.08571428571428572,20,0 0 0 0 0 108 -33,0.0 0.0 0.0 0.0 0.0 0.2727272727272727 0.3333333333333333,3.0606060606060606,0.08571428571428572,23,0 0 0 0 0 101 -26,0.0 0.0 0.0 0.0 0.0 0.21487603305785125 0.9166666666666666,3.065426997245179,0.45714285714285713,8,0 0 0 0 0 108 -32,0.0 0.0 0.0 0.0 0.0 0.2727272727272727 0.4166666666666667,3.1439393939393936,0.08571428571428572,16,0 0 0 0 0 184 -25,0.0 0.0 0.0 0.0 0.0 0.9008264462809917 1.0,10.008264462809917,0.4035714285714286,23,0 0 0 0 0 106 -36,0.0 0.0 0.0 0.0 0.0 0.256198347107438 0.08333333333333333,2.6453168044077136,0.7142857142857143,144,0 0 0 0 0 196 -26,0.0 0.0 0.0 0.0 0.0 1.0 0.9166666666666666,10.916666666666666,0.4142857142857143,14,0 0 0 0 0 184 -25,0.0 0.0 0.0 0.0 0.0 0.9008264462809917 1.0,10.008264462809917,0.4035714285714286,23,0 0 0 0 0 106 -36,0.0 0.0 0.0 0.0 0.0 0.256198347107438 0.08333333333333333,2.6453168044077136,0.7142857142857143,144,0 0 0 0 0 196 -26,0.0 0.0 0.0 0.0 0.0 1.0 0.9166666666666666,10.916666666666666,0.4142857142857143,14,0 0 0 0 0 97 -35,0.0 0.0 0.0 0.0 0.0 0.18181818181818182 0.16666666666666666,1.984848484848485,0.18571428571428572,27
resolved-p28d-3600-all/resolved-p28d-3600-1st/nsp-n20-d28-r0.10-rp2-fp2-s6,0 0 2 6 0 87 -81,0.0 0.0 0.0 0.0 0.0 0.001201923076923077 0.0,0.01201923076923077,0.32321428571428573,1419,0 0 4 14 0 128 -80,0.0 0.0 0.0042643923240938165 0.001083130246412131 0.0 0.025841346153846152 0.011494252873563218,43.99696120176232,0.13214285714285715,1363,0 4 4 14 0 114 -79,0.0 0.034782608695652174 0.0042643923240938165 0.001083130246412131 0.0 0.017427884615384616 0.022988505747126436,3522.185190404469,0.11428571428571428,1037,9 6 5 15 0 85 -77,1.0 0.05217391304347826 0.006396588486140725 0.0012185215272136475 0.0 0.0 0.04597701149425287,1005282.6216877479,0.014285714285714285,1,0 0 2 10 0 177 -58,0.0 0.0 0.0 0.0005415651232060655 0.0 0.055288461538461536 0.26436781609195403,1.358817554682635,0.42678571428571427,3301,0 60 115 132 27 347 -56,0.0 0.5217391304347826 0.24093816631130063 0.017059301380991064 1.0 0.15745192307692307 0.28735632183908044,54702.21588352486,0.24285714285714285,1123,9 6 5 15 0 85 -77,1.0 0.05217391304347826 0.006396588486140725 0.0012185215272136475 0.0 0.0 0.04597701149425287,1005282.6216877479,0.014285714285714285,1,0 45 106 187 5 447 -32,0.0 0.391304347826087 0.22174840085287847 0.024505821825074464 0.18518518518518517 0.21754807692307693 0.5632183908045977,41393.68183064111,0.3517857142857143,2985,0 0 4 20 0 189 -71,0.0 0.0 0.0042643923240938165 0.0018954779312212293 0.0 0.0625 0.11494252873563218,45.279343700895026,0.15714285714285714,1633,9 6 5 15 0 85 -77,1.0 0.05217391304347826 0.006396588486140725 0.0012185215272136475 0.0 0.0 0.04597701149425287,1005282.6216877479,0.014285714285714285,1,0 115 222 195 16 426 -13,0.0 1.0 0.4690831556503198 0.025588952071486596 0.5925925925925926 0.2049278846153846 0.7816091954022989,104778.5106558755,0.43392857142857144,1463,0 22 25 73 11 227 -59,0.0 0.19130434782608696 0.04904051172707889 0.009071215813701598 0.4074074074074074 0.08533653846153846 0.25287356321839083,19671.75809538176,0.17142857142857143,988,7 23 467 7073 0 1730 -75,0.7777777777777778 0.2 0.9914712153518124 0.9568101814243163 0.0 0.9885817307692307 0.06896551724137931,808659.2548955451,0.5660714285714286,15861,3 0 353 780 3 1589 6,0.3333333333333333 0.0 0.7484008528784648 0.10479285134037368 0.1111111111111111 0.9038461538461539 1.0,340943.2842861079,0.6535714285714286,10813,3 1 243 451 7 1144 3,0.3333333333333333 0.008695652173913044 0.5138592750533049 0.06024911995667479 0.25925925925925924 0.6364182692307693 0.9655172413793104,339434.996047074,0.6321428571428571,12579,7 23 471 7392 0 1749 -72,0.7777777777777778 0.2 1.0 1.0 0.0 1.0 0.10344827586206896,808787.8812260536,0.5660714285714286,14795,3 0 341 833 2 1568 0,0.3333333333333333 0.0 0.7228144989339019 0.11196858922285405 0.07407407407407407 0.8912259615384616 0.9310344827586207,340690.69761340076,0.6535714285714286,10904,3 1 242 440 6 1151 -5,0.3333333333333333 0.008695652173913044 0.511727078891258 0.05875981586785811 0.2222222222222222 0.640625 0.8735632183908046,339408.4311909457,0.6321428571428571,13020,0 5 4 22 0 126 -76,0.0 0.043478260869565216 0.0042643923240938165 0.002166260492824262 0.0 0.024639423076923076 0.05747126436781609,4392.940136185422,0.06964285714285715,1575
resolved-p28d-3600-all/resolved-p28d-3600-1st/nsp-n30-d28-r0.10-rp2-fp2-s8,0 2 2 3 0 116 -133,0.0 0.017094017094017096 0.0019801980198019802 0.0 0.0 0.0 0.0,1729.2036895997292,0.23214285714285715,2177,0 2 2 11 0 168 -105,0.0 0.017094017094017096 0.0019801980198019802 0.0025380710659898475 0.0 0.014946823799942513 0.12612612612612611,1732.0173550298446,0.0880952380952381,1947,0 2 2 22 0 163 -104,0.0 0.017094017094017096 0.0019801980198019802 0.006027918781725888 0.0 0.013509629203794194 0.13063063063063063,1735.4973353041237,0.07261904761904762,1876,18 4 0 5 0 116 -115,0.9473684210526315 0.03418803418803419 0.0 0.0006345177664974619 0.0 0.0 0.08108108108108109,950787.9400702826,0.007142857142857143,1,14 13 7 21 2 144 -109,0.7368421052631579 0.1111111111111111 0.006930693069306931 0.005710659898477157 0.08333333333333333 0.008048289738430584 0.10810810810810811,748036.7558891993,0.02857142857142857,3383,14 9 22 48 3 214 -108,0.7368421052631579 0.07692307692307693 0.02178217821782178 0.014276649746192893 0.125 0.028169014084507043 0.11261261261261261,744779.4056901435,0.05238095238095238,456,18 4 0 5 0 116 -115,0.9473684210526315 0.03418803418803419 0.0 0.0006345177664974619 0.0 0.0 0.08108108108108109,950787.9400702826,0.007142857142857143,1,4 117 248 237 24 823 -59,0.21052631578947367 1.0 0.24554455445544554 0.07423857868020305 1.0 0.20321931589537223 0.3333333333333333,313158.3654392006,0.3880952380952381,1552,14 13 4 31 3 140 -116,0.7368421052631579 0.1111111111111111 0.0039603960396039604 0.008883248730964468 0.125 0.006898534061511929 0.07657657657657657,748014.3491453131,0.030952380952380953,615,18 4 0 5 0 116 -115,0.9473684210526315 0.03418803418803419 0.0 0.0006345177664974619 0.0 0.0 0.08108108108108109,950787.9400702826,0.007142857142857143,1,13 7 6 20 2 164 -114,0.6842105263157895 0.05982905982905983 0.005940594059405941 0.005393401015228426 0.08333333333333333 0.013797068123023858 0.08558558558558559,690266.7885299049,0.03333333333333333,750,12 13 3 14 0 137 -110,0.631578947368421 0.1111111111111111 0.0029702970297029703 0.0034898477157360407 0.0 0.006036217303822937 0.1036036036036036,642723.4152633215,0.02619047619047619,893,19 6 1 8 0 118 -122,1.0 0.05128205128205128 0.0009900990099009901 0.0015862944162436548 0.0 0.0005748778384593274 0.04954954954954955,1005139.7477110483,0.007142857142857143,1071,0 0 924 2108 6 3303 89,0.0 0.0 0.9148514851485149 0.6678299492385786 0.25 0.9160678355849382 1.0,9851.505479079577,0.6535714285714286,3566,0 0 805 3155 9 2929 14,0.0 0.0 0.7970297029702971 1.0 0.375 0.808565679793044 0.6621621621621622,9016.544848663063,0.6535714285714286,3974,19 6 1 8 0 118 -122,1.0 0.05128205128205128 0.0009900990099009901 0.0015862944162436548 0.0 0.0005748778384593274 0.04954954954954955,1005139.7477110483,0.007142857142857143,1071,0 0 1010 2495 3 3595 61,0.0 0.0 1.0 0.7906091370558376 0.125 1.0 0.8738738738738738,10813.98301092971,0.6535714285714286,3237,0 0 790 3143 8 2920 17,0.0 0.0 0.7821782178217822 0.9961928934010152 0.3333333333333333 0.805978729519977 0.6756756756756757,8860.043867923046,0.6523809523809524,4052,1 3 2 19 0 162 -104,0.05263157894736842 0.02564102564102564 0.0019801980198019802 0.005076142131979695 0.0 0.01322219028456453 0.13063063063063063,55220.82248633446,0.0761904761904762,2784
resolved-p28d-3600-all/resolved-p28d-3600-1st/nsp-n20-d28-r0.10-rp2-fp2-s9,0 0 0 0 0 67 -75,0.0 0.0 0.0 0.0 0.0 0.0 0.0,0.0,0.37857142857142856,210,0 0 0 0 0 78 -40,0.0 0.0 0.0 0.0 0.0 0.041666666666666664 0.4666666666666667,0.8833333333333333,0.25535714285714284,121,0 0 0 0 0 96 -37,0.0 0.0 0.0 0.0 0.0 0.10984848484848485 0.5066666666666667,1.605151515151515,0.21071428571428572,99,0 0 0 0 0 127 -35,0.0 0.0 0.0 0.0 0.0 0.22727272727272727 0.5333333333333333,2.8060606060606057,0.15357142857142858,24,0 0 0 0 0 111 -15,0.0 0.0 0.0 0.0 0.0 0.16666666666666666 0.8,2.466666666666667,0.3732142857142857,14,0 0 0 0 0 125 -42,0.0 0.0 0.0 0.0 0.0 0.2196969696969697 0.44,2.6369696969696967,0.13214285714285715,25,0 0 0 0 0 128 -39,0.0 0.0 0.0 0.0 0.0 0.23106060606060605 0.48,2.7906060606060605,0.15,14,0 0 0 0 0 107 -25,0.0 0.0 0.0 0.0 0.0 0.15151515151515152 0.6666666666666666,2.1818181818181817,0.325,4,0 0 0 0 0 136 -26,0.0 0.0 0.0 0.0 0.0 0.26136363636363635 0.6533333333333333,3.2669696969696966,0.15357142857142858,7,0 0 0 0 0 138 -37,0.0 0.0 0.0 0.0 0.0 0.2689393939393939 0.5066666666666667,3.1960606060606063,0.15,6,0 0 0 0 0 95 -19,0.0 0.0 0.0 0.0 0.0 0.10606060606060606 0.7466666666666667,1.8072727272727271,0.425,7,0 0 0 0 0 129 -41,0.0 0.0 0.0 0.0 0.0 0.23484848484848486 0.4533333333333333,2.8018181818181818,0.15357142857142858,1,0 0 0 0 0 298 -8,0.0 0.0 0.0 0.0 0.0 0.875 0.8933333333333333,9.643333333333333,0.5035714285714286,48,0 0 0 0 0 78 -16,0.0 0.0 0.0 0.0 0.0 0.041666666666666664 0.7866666666666666,1.2033333333333331,0.6696428571428571,158,0 0 0 0 0 331 0,0.0 0.0 0.0 0.0 0.0 1.0 1.0,11.0,0.4928571428571429,61,0 0 0 0 0 298 -8,0.0 0.0 0.0 0.0 0.0 0.875 0.8933333333333333,9.643333333333333,0.5035714285714286,48,0 0 0 0 0 78 -16,0.0 0.0 0.0 0.0 0.0 0.041666666666666664 0.7866666666666666,1.2033333333333331,0.6696428571428571,158,0 0 0 0 0 331 0,0.0 0.0 0.0 0.0 0.0 1.0 1.0,11.0,0.4928571428571429,61,0 0 0 0 0 106 -21,0.0 0.0 0.0 0.0 0.0 0.14772727272727273 0.72,2.1972727272727273,0.18035714285714285,37
resolved-p28d-3600-all/resolved-p28d-3600-1st/nsp-n50-d28-r0.10-rp2-fp2-s5,2 13 2 20 0 424 -129,0.07142857142857142 0.1326530612244898 0.0006934812760055479 0.0 0.0 0.012176380186783308 0.0,84700.93412758232,0.10428571428571429,3058,2 13 4 37 1 460 -108,0.07142857142857142 0.1326530612244898 0.0013869625520110957 0.0015937001968688478 0.045454545454545456 0.016432202387989123 0.09859154929577464,84714.14924485602,0.08642857142857142,2728,1 24 4 42 0 430 -100,0.03571428571428571 0.24489795918367346 0.0013869625520110957 0.0020624355488890974 0.0 0.012885683886984278 0.13615023474178403,60220.278700795665,0.052142857142857144,2293,28 13 0 21 0 321 -99,1.0 0.1326530612244898 0.0 9.374707040404987e-05 0.0 0.0 0.14084507042253522,1013265.5407145898,0.017857142857142856,1,19 98 119 213 22 652 -79,0.6785714285714286 1.0 0.0412621359223301 0.018093184587981627 1.0 0.039129920794420146 0.2347417840375587,779102.7691562319,0.14857142857142858,1879,24 25 5 55 2 375 -95,0.8571428571428571 0.25510204081632654 0.0017337031900138697 0.0032811474641417458 0.09090909090909091 0.006383733301808725 0.1596244131455399,882682.993774691,0.03214285714285714,490,28 13 0 21 0 321 -99,1.0 0.1326530612244898 0.0 9.374707040404987e-05 0.0 0.0 0.14084507042253522,1013265.5407145898,0.017857142857142856,1,22 23 3 35 0 356 -103,0.7857142857142857 0.23469387755102042 0.0010402219140083217 0.0014062060560607482 0.0 0.004137604917838988 0.12206572769953052,809195.6453363608,0.02857142857142857,1256,22 21 5 30 1 344 -97,0.7857142857142857 0.21428571428571427 0.0017337031900138697 0.0009374707040404988 0.045454545454545456 0.0027189975174370493 0.15023474178403756,807165.8545247237,0.027142857142857142,646,28 13 0 21 0 321 -99,1.0 0.1326530612244898 0.0 9.374707040404987e-05 0.0 0.0 0.14084507042253522,1013265.5407145898,0.017857142857142856,1,22 21 3 42 0 349 -96,0.7857142857142857 0.21428571428571427 0.0010402219140083217 0.0020624355488890974 0.0 0.0033100839342711905 0.15492957746478872,807155.5098279628,0.02857142857142857,1214,23 12 0 24 0 370 -101,0.8214285714285714 0.12244897959183673 0.0 0.00037498828161619947 0.0 0.0057926468849745835 0.13145539906103287,833674.0337579045,0.027857142857142858,1297,28 13 0 21 0 321 -99,1.0 0.1326530612244898 0.0 9.374707040404987e-05 0.0 0.0 0.14084507042253522,1013265.5407145898,0.017857142857142856,1749,0 0 2828 10392 5 8711 30,0.0 0.0 0.9805825242718447 0.9723446142308053 0.22727272727272727 0.9918430074476888 0.7464788732394366,10811.56203862424,0.655,2056,0 0 2669 7764 13 8540 84,0.0 0.0 0.9254507628294036 0.7259773132089622 0.5909090909090909 0.9716278519919612 1.0,10050.292129113828,0.6421428571428571,2191,28 13 0 21 0 321 -99,1.0 0.1326530612244898 0.0 9.374707040404987e-05 0.0 0.0 0.14084507042253522,1013265.5407145898,0.017857142857142856,1749,0 0 2884 10687 4 8780 17,0.0 0.0 1.0 1.0 0.18181818181818182 1.0 0.6854460093896714,11028.867264191207,0.655,1956,0 0 2846 9865 6 8737 38,0.0 0.0 0.9868238557558946 0.922939908127871 0.2727272727272727 0.9949166568152263 0.784037558685446,10829.184397086381,0.6421428571428571,1998,2 20 3 39 0 437 -101,0.07142857142857142 0.20408163265306123 0.0010402219140083217 0.0017811943376769477 0.0 0.013713204870552075 0.13145539906103287,91849.18669480307,0.047142857142857146,2210
resolved-p28d-3600-all/resolved-p28d-3600-1st/nsp-n50-d28-r0.10-rp2-fp2-s2,4 199 1945 1089 190 4064 8,0.125 0.4642857142857143 0.0 0.0 0.7899159663865546 0.0 0.6187050359712231,171508.18173024605,0.06285714285714286,3550,1 235 2056 1254 201 4197 36,0.0 0.55 0.06166666666666667 0.011548152295632698 0.8361344537815126 0.02159441467770742 0.8201438848920863,55712.864352372126,0.03357142857142857,3439,3 223 2025 1184 198 4172 26,0.08333333333333333 0.5214285714285715 0.044444444444444446 0.006648936170212766 0.8235294117647058 0.01753531417437896 0.7482014388489209,136010.5603525622,0.04071428571428572,3133,25 238 2172 1354 211 4242 41,1.0 0.5571428571428572 0.12611111111111112 0.01854703247480403 0.8781512605042017 0.028900795583698652 0.8561151079136691,1057082.9041069858,0.012857142857142857,1,24 288 2303 1402 222 4389 61,0.9583333333333334 0.6761904761904762 0.1988888888888889 0.02190649496080627 0.9243697478991597 0.05276830654327001 1.0,1028057.140994086,0.12285714285714286,246,21 311 2308 1426 240 4133 29,0.8333333333333334 0.7309523809523809 0.20166666666666666 0.02358622620380739 1.0 0.011203117389186557 0.7697841726618705,908569.7061367885,0.16285714285714287,297,25 238 2172 1354 211 4242 41,1.0 0.5571428571428572 0.12611111111111112 0.01854703247480403 0.8781512605042017 0.028900795583698652 0.8561151079136691,1057082.9041069858,0.012857142857142857,1,22 424 2509 1571 174 4264 48,0.875 1.0 0.31333333333333335 0.03373460246360582 0.7226890756302521 0.0324728040266277 0.9064748201438849,978240.5680462203,0.24071428571428571,415,22 320 2248 1480 224 4095 23,0.875 0.7523809523809524 0.16833333333333333 0.02736562150055991 0.9327731092436975 0.005033284624127293 0.7266187050359713,952042.8484554047,0.09285714285714286,656,25 238 2172 1354 211 4242 41,1.0 0.5571428571428572 0.12611111111111112 0.01854703247480403 0.8781512605042017 0.028900795583698652 0.8561151079136691,1057082.9041069858,0.012857142857142857,1,21 411 2751 1596 236 4670 20,0.8333333333333334 0.969047619047619 0.4477777777777778 0.035484322508398655 0.9831932773109243 0.09839259620068193 0.7050359712230215,934851.3656280458,0.23142857142857143,285,23 366 2477 1269 208 4135 13,0.9166666666666666 0.861904761904762 0.29555555555555557 0.012597984322508398 0.865546218487395 0.011527845429452833 0.6546762589928058,1005912.620973583,0.18642857142857142,453,23 21 3734 13029 3 10149 23,0.9166666666666666 0.04047619047619048 0.9938888888888889 0.8356662933930571 0.004201680672268907 0.9879850625101477 0.7266187050359713,931499.867533965,0.6935714285714286,3645,23 5 3549 15377 2 10103 -78,0.9166666666666666 0.002380952380952381 0.8911111111111111 1.0 0.0 0.9805163175840234 0.0,926825.6781790488,0.7342857142857143,3958,23 4 3646 15166 2 10223 -20,0.9166666666666666 0.0 0.945 0.9852323628219485 0.0 1.0 0.4172661870503597,927112.3162956756,0.7114285714285714,3962,23 21 3745 13189 3 10149 11,0.9166666666666666 0.04047619047619048 1.0 0.8468645016797313 0.004201680672268907 0.9879850625101477 0.6402877697841727,931572.0905224276,0.6935714285714286,3620,23 5 3549 15377 2 10103 -78,0.9166666666666666 0.002380952380952381 0.8911111111111111 1.0 0.0 0.9805163175840234 0.0,926825.6781790488,0.7342857142857143,3958,21 4 3462 14633 2 9972 -6,0.8333333333333334 0.0 0.8427777777777777 0.9479283314669653 0.0 0.9592466309465822 0.5179856115107914,842719.1498944991,0.7121428571428572,4140,2 236 2066 1272 198 4170 40,0.041666666666666664 0.5523809523809524 0.06722222222222222 0.012807950727883538 0.8235294117647058 0.01721058613411268 0.8489208633093526,97673.16604561314,0.030714285714285715,3796
resolved-p28d-3600-all/resolved-p28d-3600-1st/nsp-n20-d28-r0.10-rp2-fp2-s8,0 1 138 140 67 1301 32,0.0 0.0 0.24640287769784172 0.425531914893617 0.5114503816793893 0.6238432226456179 0.38823529411764707,2947.332397560547,0.12678571428571428,972,0 1 236 198 97 1623 40,0.0 0.0 0.4226618705035971 0.601823708206687 0.7404580152671756 0.799129014697877 0.4823529411764706,4910.961857857531,0.0625,806,0 1 245 201 100 1593 45,0.0 0.0 0.43884892086330934 0.6109422492401215 0.7633587786259542 0.7827980402830702 0.5411764705882353,5084.13649260923,0.05714285714285714,791,13 3 297 224 120 1781 46,0.9285714285714286 0.013422818791946308 0.5323741007194245 0.6808510638297872 0.916030534351145 0.8851388132825259 0.5529411764705883,936019.3099043918,0.008928571428571428,1,0 13 497 286 82 1709 41,0.0 0.08053691275167785 0.8920863309352518 0.8693009118541033 0.6259541984732825 0.8459444746869896 0.49411764705882355,17915.404478615663,0.24642857142857144,7145,0 23 557 329 131 1992 40,0.0 0.1476510067114094 1.0 1.0 1.0 1.0 0.4823529411764706,25875.583024082116,0.3482142857142857,4517,13 3 297 224 120 1781 46,0.9285714285714286 0.013422818791946308 0.5323741007194245 0.6808510638297872 0.916030534351145 0.8851388132825259 0.5529411764705883,936019.3099043918,0.008928571428571428,1,0 1 1 0 0 155 5,0.0 0.0 0.0 0.0 0.0 0.0 0.07058823529411765,0.07058823529411765,0.6303571428571428,3205,0 1 1 1 0 274 -1,0.0 0.0 0.0 0.00303951367781155 0.0 0.06477953184540011 0.0,3.6873089962655516,0.5232142857142857,2631,13 3 297 224 120 1781 46,0.9285714285714286 0.013422818791946308 0.5323741007194245 0.6808510638297872 0.916030534351145 0.8851388132825259 0.5529411764705883,936019.3099043918,0.008928571428571428,1,0 1 19 63 13 608 16,0.0 0.0 0.03237410071942446 0.19148936170212766 0.09923664122137404 0.24659771366358194 0.2,527.8200101551455,0.5464285714285714,4713,0 1 165 155 37 1238 41,0.0 0.0 0.2949640287769784 0.47112462006079026 0.2824427480916031 0.5895481763745237 0.49411764705882355,3455.398782050539,0.4142857142857143,4557,13 3 297 224 120 1781 46,0.9285714285714286 0.013422818791946308 0.5323741007194245 0.6808510638297872 0.916030534351145 0.8851388132825259 0.5529411764705883,936019.3099043918,0.008928571428571428,796,8 150 396 220 63 697 60,0.5714285714285714 1.0 0.710431654676259 0.668693009118541 0.48091603053435117 0.2950462710941753 0.7176470588235294,679253.3406972757,0.75,12289,4 116 359 225 41 801 84,0.2857142857142857 0.7718120805369127 0.6438848920863309 0.6838905775075987 0.31297709923664124 0.35166031573217205 1.0,370054.0475794288,0.7053571428571429,11743,14 3 298 224 120 1781 46,1.0 0.013422818791946308 0.5341726618705036 0.6808510638297872 0.916030534351145 0.8851388132825259 0.5529411764705883,1007465.8669444738,0.008928571428571428,794,8 150 396 222 62 712 65,0.5714285714285714 1.0 0.710431654676259 0.6747720364741642 0.4732824427480916 0.30321175830157865 0.7764705882352941,679258.7968442541,0.75,12218,5 107 249 221 35 727 82,0.35714285714285715 0.7114093959731543 0.4460431654676259 0.6717325227963525 0.26717557251908397 0.31137724550898205 0.9764705882352941,433446.76871794043,0.7053571428571429,11084,0 1 264 199 103 1667 46,0.0 0.0 0.47302158273381295 0.6048632218844985 0.7862595419847328 0.8230811105062602 0.5529411764705883,5422.488755702634,0.048214285714285716,570
resolved-p28d-3600-all/resolved-p28d-3600-1st/nsp-n40-d28-r0.10-rp2-fp2-s7,4 7 0 10 0 257 -121,0.0 0.0019801980198019802 0.0 0.0 0.0 0.007995735607675906 0.0,198.0997593362748,0.11339285714285714,2337,4 7 0 24 0 267 -107,0.0 0.0019801980198019802 0.0 0.0017135862913096695 0.0 0.009772565742714996 0.06698564593301436,199.89809957486787,0.08660714285714285,2952,4 7 0 33 0 271 -108,0.0 0.0019801980198019802 0.0 0.0028151774785801715 0.0 0.010483297796730632 0.06220095693779904,201.0020133936833,0.07232142857142858,2994,27 7 1 17 0 212 -104,1.0 0.0019801980198019802 0.000591715976331361 0.0008567931456548348 0.0 0.0 0.08133971291866028,1000204.8750946021,0.0125,1,16 275 277 425 31 932 -58,0.5217391304347826 0.5326732673267327 0.16390532544378697 0.05079559363525092 0.5344827586206896 0.1279317697228145 0.3014354066985646,576751.335044495,0.27053571428571427,4484,24 11 0 21 0 227 -107,0.8695652173913043 0.009900990099009901 0.0 0.0013463892288861688 0.0 0.0026652452025586353 0.06698564593301436,870556.7564285322,0.025,891,27 7 1 17 0 212 -104,1.0 0.0019801980198019802 0.000591715976331361 0.0008567931456548348 0.0 0.0 0.08133971291866028,1000204.8750946021,0.0125,1,25 19 15 53 1 286 -105,0.9130434782608695 0.02574257425742574 0.008875739644970414 0.005263157894736842 0.017241379310344827 0.013148542999289269 0.07655502392344497,915713.6884193415,0.05,783,24 35 12 56 1 256 -102,0.8695652173913043 0.05742574257425743 0.007100591715976331 0.005630354957160343 0.017241379310344827 0.007818052594171997 0.09090909090909091,875386.3211483948,0.044642857142857144,1443,27 7 1 17 0 212 -104,1.0 0.0019801980198019802 0.000591715976331361 0.0008567931456548348 0.0 0.0 0.08133971291866028,1000204.8750946021,0.0125,1,14 511 619 934 58 1219 -41,0.43478260869565216 1.0 0.36627218934911243 0.11309669522643818 1.0 0.17892679459843638 0.3827751196172249,538660.5993274354,0.4875,5024,22 18 37 38 2 226 -104,0.782608695652174 0.023762376237623763 0.021893491124260357 0.003427172582619339 0.034482758620689655 0.0024875621890547263 0.08133971291866028,785210.8498509584,0.029464285714285714,793,11 34 1690 6547 9 5597 88,0.30434782608695654 0.055445544554455446 1.0 0.8001223990208078 0.15517241379310345 0.9568230277185501 1.0,320718.5884130794,0.6428571428571429,4565,10 14 1599 6133 7 5757 79,0.2608695652173913 0.015841584158415842 0.9461538461538461 0.7494492044063648 0.1206896551724138 0.9852523098791756 0.9569377990430622,272687.58972559276,0.66875,5888,12 6 1589 7564 3 5509 15,0.34782608695652173 0.0 0.9402366863905326 0.9246022031823745 0.05172413793103448 0.9411869225302061 0.6507177033492823,358168.2910243312,0.6580357142857143,6604,11 33 1643 6458 10 5470 88,0.30434782608695654 0.053465346534653464 0.972189349112426 0.7892288861689106 0.1724137931034483 0.9342572850035537 1.0,320233.0670698754,0.6428571428571429,4868,10 15 1641 6799 7 5840 83,0.2608695652173913 0.01782178217821782 0.9710059171597634 0.8309669522643819 0.1206896551724138 1.0 0.9760765550239234,273215.8146011474,0.66875,5616,12 6 1625 8180 1 5578 12,0.34782608695652173 0.0 0.9615384615384616 1.0 0.017241379310344827 0.9534470504619759 0.6363636363636364,358453.36654397834,0.6580357142857143,6287,4 7 1 39 0 280 -104,0.0 0.0019801980198019802 0.000591715976331361 0.0035495716034271724 0.0 0.012082444918265814 0.08133971291866028,207.68869750904014,0.06428571428571428,2579
resolved-p28d-3600-all/resolved-p28d-3600-1st/nsp-n50-d28-r0.10-rp2-fp2-s4,6 13 0 6 0 413 -106,0.0 0.02702702702702703 0.0 0.0 0.0 0.009392677980574235 0.0,2702.7966294825087,0.11785714285714285,2207,6 13 2 27 1 427 -90,0.0 0.02702702702702703 0.0006016847172081829 0.0013590473725084132 0.024390243902439025 0.010886967659301952 0.08648648648648649,2712.7129778006165,0.065,1936,6 14 2 32 0 418 -84,0.0 0.03153153153153153 0.0006016847172081829 0.0016826300802485115 0.0 0.009926352865834135 0.11891891891891893,3161.0708128530605,0.04928571428571429,2305,18 24 1 21 0 325 -82,1.0 0.07657657657657657 0.00030084235860409147 0.0009707481232202951 0.0 0.0 0.12972972972972974,1007661.7665590966,0.02214285714285714,1,17 46 9 46 1 359 -78,0.9166666666666666 0.17567567567567569 0.002707581227436823 0.0025886616619207868 0.024390243902439025 0.0036289892197673176 0.15135135135135136,934266.5253738043,0.04071428571428572,387,16 20 11 29 0 392 -86,0.8333333333333334 0.05855855855855856 0.003309265944645006 0.0014884804556044525 0.0 0.007151243462482655 0.10810810810810811,839223.949949634,0.037142857142857144,519,18 24 1 21 0 325 -82,1.0 0.07657657657657657 0.00030084235860409147 0.0009707481232202951 0.0 0.0 0.12972972972972974,1007661.7665590966,0.02214285714285714,1,17 39 7 38 0 343 -79,0.9166666666666666 0.14414414414414414 0.00210589651022864 0.0020709293295366298 0.0 0.0019212295869356388 0.14594594594594595,931104.3761337547,0.03642857142857143,220,18 23 1 12 0 337 -77,1.0 0.07207207207207207 0.00030084235860409147 0.000388299249288118 0.0 0.001280819724623759 0.15675675675675677,1007210.7734949966,0.030714285714285715,78,18 24 1 21 0 325 -82,1.0 0.07657657657657657 0.00030084235860409147 0.0009707481232202951 0.0 0.0 0.12972972972972974,1007661.7665590966,0.02214285714285714,1,14 229 298 481 41 1180 -14,0.6666666666666666 1.0 0.08965102286401926 0.030740357235309344 1.0 0.09125840537944284 0.4972972972972973,767695.3271338933,0.2664285714285714,544,17 25 7 32 1 373 -79,0.9166666666666666 0.08108108108108109 0.00210589651022864 0.0016826300802485115 0.024390243902439025 0.005123278898495036 0.14594594594594595,924800.1525730825,0.04071428571428572,286,17 34 3324 12946 7 9570 55,0.9166666666666666 0.12162162162162163 1.0 0.8374320476313746 0.17073170731707318 0.9867648628455545 0.8702702702702703,939694.0719660906,0.6314285714285715,4403,13 11 3205 15458 3 9694 -17,0.5833333333333334 0.018018018018018018 0.9641997593261131 1.0 0.07317073170731707 1.0 0.4810810810810811,595794.9308826481,0.67,3192,10 7 2763 8160 6 8943 79,0.3333333333333333 0.0 0.8312274368231047 0.5276986797825525 0.14634146341463414 0.9198420322339631 1.0,342198.1389480107,0.6592857142857143,4423,16 38 3309 12649 7 9537 48,0.8333333333333334 0.13963963963963963 0.9954873646209387 0.8182112347916127 0.17073170731707318 0.9832426086028392 0.8324324324324325,858098.1202075485,0.6314285714285715,4549,13 11 3200 15449 3 9654 -20,0.5833333333333334 0.018018018018018018 0.9626955475330926 0.9994175511260678 0.07317073170731707 0.9957306009179208 0.4648648648648649,595779.2474056369,0.67,3256,10 7 2763 8160 6 8943 79,0.3333333333333333 0.0 0.8312274368231047 0.5276986797825525 0.14634146341463414 0.9198420322339631 1.0,342198.1389480107,0.6592857142857143,4423,6 16 3 42 1 429 -81,0.0 0.04054054054054054 0.0009025270758122744 0.0023297954957287085 0.024390243902439025 0.011100437613405912 0.13513513513513514,4068.0942842094187,0.041428571428571426,2984
resolved-p28d-3600-all/resolved-p28d-3600-1st/nsp-n20-d28-r0.10-rp2-fp2-s1,0 2 1 0 0 73 -82,0.0 0.004975124378109453 0.0024509803921568627 0.0 0.0 0.010830324909747292 0.0,522.1305449816114,0.2875,1322,0 1 1 3 0 82 -66,0.0 0.0 0.0024509803921568627 0.007633587786259542 0.0 0.021660649819494584 0.11428571428571428,32.47428392030883,0.1625,1492,0 1 1 9 0 93 -64,0.0 0.0 0.0024509803921568627 0.022900763358778626 0.0 0.03489771359807461 0.12857142857142856,47.888115844899424,0.10535714285714286,1483,15 2 0 8 0 64 -67,0.9375 0.004975124378109453 0.0 0.020356234096692113 0.0 0.0 0.10714285714285714,938017.9758147647,0.0125,1,3 25 111 94 16 436 -45,0.1875 0.11940298507462686 0.27205882352941174 0.23918575063613232 0.2077922077922078 0.44765342960288806 0.2642857142857143,202425.59253418248,0.2714285714285714,7615,8 20 48 79 6 217 -58,0.5 0.0945273631840796 0.11764705882352941 0.2010178117048346 0.07792207792207792 0.18411552346570398 0.17142857142857143,510840.02950994635,0.19464285714285715,2074,15 2 0 8 0 64 -67,0.9375 0.004975124378109453 0.0 0.020356234096692113 0.0 0.0 0.10714285714285714,938017.9758147647,0.0125,1,0 85 328 252 46 798 -11,0.0 0.417910447761194 0.803921568627451 0.6412213740458015 0.5974025974025974 0.8832731648616126 0.5071428571428571,50540.56197068573,0.5642857142857143,4835,0 6 10 47 0 153 -39,0.0 0.024875621890547265 0.024509803921568627 0.11959287531806616 0.0 0.10709987966305656 0.30714285714285716,2853.631245242252,0.1357142857142857,1073,15 2 0 8 0 64 -67,0.9375 0.004975124378109453 0.0 0.020356234096692113 0.0 0.0 0.10714285714285714,938017.9758147647,0.0125,1,13 15 13 23 0 146 -70,0.8125 0.06965174129353234 0.031862745098039214 0.058524173027989825 0.0 0.098676293622142 0.08571428571428572,819843.3982305835,0.06607142857142857,19381,0 11 39 83 7 219 -58,0.0 0.04975124378109453 0.09558823529411764 0.21119592875318066 0.09090909090909091 0.1865222623345367 0.17142857142857143,6153.330220089492,0.13392857142857142,688,16 2 0 11 0 67 -67,1.0 0.004975124378109453 0.0 0.027989821882951654 0.0 0.0036101083032490976 0.10714285714285714,1000525.6455036341,0.0125,723,5 182 408 393 77 895 53,0.3125 0.900497512437811 1.0 1.0 1.0 1.0 0.9642857142857143,413660.7155294954,0.7678571428571429,10724,12 202 274 319 40 594 57,0.75 1.0 0.6715686274509803 0.811704834605598 0.5194805194805194 0.6377858002406739 0.9928571428571429,857586.7098762087,0.7410714285714286,14237,16 2 0 11 0 67 -67,1.0 0.004975124378109453 0.0 0.027989821882951654 0.0 0.0036101083032490976 0.10714285714285714,1000525.6455036341,0.0125,723,5 190 340 387 68 808 58,0.3125 0.9402985074626866 0.8333333333333334 0.9847328244274809 0.8831168831168831 0.8953068592057761 1.0,415946.18166093325,0.7714285714285715,10324,12 199 288 342 44 616 57,0.75 0.9850746268656716 0.7058823529411765 0.8702290076335878 0.5714285714285714 0.6642599277978339 0.9928571428571429,856501.2935371762,0.7571428571428571,14409,0 1 3 13 0 99 -68,0.0 0.0 0.007352941176470588 0.03307888040712468 0.0 0.0421179302045728 0.1,107.1294714738763,0.09464285714285714,1269
resolved-p28d-3600-all/resolved-p28d-3600-1st/nsp-n20-d28-r0.10-rp2-fp2-s3,0 0 0 0 0 73 -69,0.0 0.0 0.0 0.0 0.0 0.0 0.1568627450980392,0.1568627450980392,0.33214285714285713,175,0 0 0 0 0 87 -55,0.0 0.0 0.0 0.0 0.0 0.04929577464788732 0.43137254901960786,0.9243302954984811,0.23214285714285715,113,0 0 0 0 0 94 -55,0.0 0.0 0.0 0.0 0.0 0.07394366197183098 0.43137254901960786,1.1708091687379176,0.2392857142857143,90,0 0 0 0 0 150 -43,0.0 0.0 0.0 0.0 0.0 0.2711267605633803 0.6666666666666666,3.3779342723004695,0.14821428571428572,16,0 0 0 0 0 125 -31,0.0 0.0 0.0 0.0 0.0 0.18309859154929578 0.9019607843137255,2.7329466998066834,0.45357142857142857,10,0 0 0 0 0 149 -49,0.0 0.0 0.0 0.0 0.0 0.2676056338028169 0.5490196078431373,3.225075945871306,0.14821428571428572,12,0 0 0 0 0 153 -46,0.0 0.0 0.0 0.0 0.0 0.28169014084507044 0.6078431372549019,3.4247445457056065,0.13214285714285715,4,0 0 0 0 0 124 -35,0.0 0.0 0.0 0.0 0.0 0.1795774647887324 0.8235294117647058,2.6193040596520296,0.2785714285714286,9,0 0 0 0 0 144 -49,0.0 0.0 0.0 0.0 0.0 0.25 0.5490196078431373,3.049019607843137,0.13392857142857142,2,0 0 0 0 0 144 -49,0.0 0.0 0.0 0.0 0.0 0.25 0.5490196078431373,3.049019607843137,0.13392857142857142,2,0 0 0 0 0 117 -77,0.0 0.0 0.0 0.0 0.0 0.15492957746478872 0.0,1.5492957746478873,0.3464285714285714,8,0 0 0 0 0 141 -48,0.0 0.0 0.0 0.0 0.0 0.23943661971830985 0.5686274509803921,2.962993648163491,0.13392857142857142,3,0 0 0 0 0 306 -26,0.0 0.0 0.0 0.0 0.0 0.8204225352112676 1.0,9.204225352112676,0.5178571428571429,18,0 0 0 0 0 114 -38,0.0 0.0 0.0 0.0 0.0 0.1443661971830986 0.7647058823529411,2.208367854183927,0.6553571428571429,177,0 0 0 0 0 357 -26,0.0 0.0 0.0 0.0 0.0 1.0 1.0,11.0,0.5125,24,0 0 0 0 0 306 -26,0.0 0.0 0.0 0.0 0.0 0.8204225352112676 1.0,9.204225352112676,0.5178571428571429,18,0 0 0 0 0 114 -38,0.0 0.0 0.0 0.0 0.0 0.1443661971830986 0.7647058823529411,2.208367854183927,0.6553571428571429,177,0 0 0 0 0 357 -26,0.0 0.0 0.0 0.0 0.0 1.0 1.0,11.0,0.5125,24,0 0 0 0 0 117 -44,0.0 0.0 0.0 0.0 0.0 0.15492957746478872 0.6470588235294118,2.196354598177299,0.20535714285714285,43
resolved-p28d-3600-all/resolved-p28d-3600-1st/nsp-n30-d28-r0.10-rp2-fp2-s0,1 9 0 1 0 131 -95,0.07692307692307693 0.01327433628318584 0.0 0.0 0.0 0.001460706982179375 0.0,78250.52515846533,0.1761904761904762,1035,1 9 0 1 0 148 -83,0.07692307692307693 0.01327433628318584 0.0 0.0 0.0 0.006427110721589249 0.0594059405940594,78250.63422844332,0.11428571428571428,807,1 9 0 17 0 175 -80,0.07692307692307693 0.01327433628318584 0.0 0.0031676895664224905 0.0 0.014314928425357873 0.07425742574257425,78253.89564767192,0.0630952380952381,832,13 12 0 26 0 126 -81,1.0 0.02654867256637168 0.0 0.004949514947535142 0.0 0.0 0.06930693069306931,1002659.8860785154,0.01904761904761905,1,1 21 16 58 2 222 -77,0.07692307692307693 0.06637168141592921 0.01466544454628781 0.011284894080380123 0.03389830508474576 0.028045574057843997 0.0891089108910891,83721.94379937304,0.07976190476190476,606,2 232 252 389 30 758 -54,0.15384615384615385 1.0 0.230980751604033 0.0768164719857454 0.5084745762711864 0.18463336254747298 0.20297029702970298,256285.67459572954,0.34285714285714286,607,13 12 0 26 0 126 -81,1.0 0.02654867256637168 0.0 0.004949514947535142 0.0 0.0 0.06930693069306931,1002659.8860785154,0.01904761904761905,1,4 82 138 223 19 583 -67,0.3076923076923077 0.336283185840708 0.12648945921173235 0.043951692734112056 0.3220338983050847 0.13350861817119486 0.13861386138613863,342663.14965110354,0.23809523809523808,794,4 14 34 53 1 203 -77,0.3076923076923077 0.035398230088495575 0.031164069660861594 0.010294991090873094 0.01694915254237288 0.022494887525562373 0.0891089108910891,311556.0753618971,0.06785714285714285,250,13 12 0 26 0 126 -81,1.0 0.02654867256637168 0.0 0.004949514947535142 0.0 0.0 0.06930693069306931,1002659.8860785154,0.01904761904761905,1,6 30 0 34 0 155 -80,0.46153846153846156 0.10619469026548672 0.0 0.006533359730746387 0.0 0.008472100496640374 0.07425742574257425,472164.6229031717,0.04285714285714286,516,7 19 1 34 0 151 -71,0.5384615384615384 0.05752212389380531 0.0009165902841429881 0.006533359730746387 0.0 0.007303534910896874 0.1188118811881188,544229.6419607213,0.03571428571428571,706,11 28 775 971 56 2592 101,0.8461538461538461 0.09734513274336283 0.7103574702108157 0.19204117996436348 0.9491525423728814 0.7204206836108676 0.9702970297029703,863287.065068358,0.5726190476190476,8025,4 7 1077 3080 44 3163 82,0.3076923076923077 0.004424778761061947 0.9871677360219981 0.609582260938428 0.7457627118644068 0.8872334209757523 0.8762376237623762,318700.37003259227,0.7023809523809523,7863,0 6 1015 4457 9 3450 42,0.0 0.0 0.9303391384051329 0.8822015442486636 0.15254237288135594 0.9710780017528484 0.6782178217821783,10211.236163427438,0.655952380952381,8794,11 29 779 926 59 2619 107,0.8461538461538461 0.10176991150442478 0.7140238313473877 0.18313205305880023 1.0 0.7283085013146363 1.0,863762.4907558344,0.5654761904761905,8221,4 7 1091 3886 43 3182 83,0.3076923076923077 0.004424778761061947 1.0 0.769154622846961 0.7288135593220338 0.8927841075080339 0.8811881188118812,318986.63057638693,0.7023809523809523,7374,3 7 1057 5052 5 3549 40,0.23076923076923078 0.004424778761061947 0.9688359303391384 1.0 0.0847457627118644 1.0 0.6683168316831684,241919.21084183123,0.655952380952381,8411,1 9 2 22 0 176 -76,0.07692307692307693 0.01327433628318584 0.0018331805682859762 0.004157592555929519 0.0 0.014607069821793748 0.09405940594059406,78273.24007973845,0.05119047619047619,1156
resolved-p28d-3600-all/resolved-p28d-3600-1st/nsp-n30-d28-r0.10-rp2-fp2-s3,2 107 534 602 146 2078 -2,0.0 0.303951367781155 0.0 0.0 0.5348837209302325 0.009098428453267164 0.0,30448.716134493054,0.12142857142857143,5138,2 130 534 688 124 2067 4,0.0 0.3738601823708207 0.0 0.029819694868238558 0.4496124031007752 0.0 0.04,37460.839172260385,0.11071428571428571,4926,2 151 551 841 139 2147 17,0.0 0.4376899696048632 0.020481927710843374 0.08287101248266297 0.5077519379844961 0.06617038875103391 0.12666666666666668,44108.250814430045,0.06904761904761905,3539,16 186 689 1061 174 2303 26,0.875 0.5440729483282675 0.18674698795180722 0.15915395284327324 0.6434108527131783 0.19520264681555005 0.18666666666666668,931500.3984435942,0.017857142857142856,1,10 336 1364 1528 266 3276 33,0.5 1.0 1.0 0.3210818307905687 1.0 1.0 0.23333333333333334,610431.3151641239,0.4583333333333333,5143,8 289 926 1289 168 2248 11,0.375 0.8571428571428571 0.472289156626506 0.2382108183079057 0.6201550387596899 0.14971050454921422 0.08666666666666667,465738.9873744468,0.22142857142857142,1999,16 186 689 1061 174 2303 26,0.875 0.5440729483282675 0.18674698795180722 0.15915395284327324 0.6434108527131783 0.19520264681555005 0.18666666666666668,931500.3984435942,0.017857142857142856,1,9 240 977 1330 189 2699 26,0.4375 0.7082066869300911 0.5337349397590362 0.2524271844660194 0.7015503875968992 0.522746071133168 0.18666666666666668,513986.01444120315,0.2226190476190476,2778,4 308 1055 1414 173 2335 24,0.125 0.9148936170212766 0.6277108433734939 0.2815533980582524 0.6395348837209303 0.22167080231596362 0.17333333333333334,223114.36706364944,0.2630952380952381,2747,16 186 689 1061 174 2303 26,0.875 0.5440729483282675 0.18674698795180722 0.15915395284327324 0.6434108527131783 0.19520264681555005 0.18666666666666668,931500.3984435942,0.017857142857142856,1,7 335 825 1522 148 2553 21,0.3125 0.9969604863221885 0.3506024096385542 0.31900138696255204 0.5426356589147286 0.40198511166253104 0.15333333333333332,416079.51086590835,0.2988095238095238,618,7 263 976 1317 185 2564 31,0.3125 0.7781155015197568 0.5325301204819277 0.24791955617198336 0.686046511627907 0.4110835401157982 0.22,395957.70639953087,0.275,2872,18 91 1024 927 81 2742 148,1.0 0.2553191489361702 0.5903614457831325 0.11269070735090153 0.28294573643410853 0.5583126550868487 1.0,1031583.0977589935,0.6630952380952381,7536,9 14 771 3486 17 2809 95,0.4375 0.02127659574468085 0.2855421686746988 1.0 0.03488372093023256 0.6137303556658396 0.6466666666666666,443493.35360353143,0.7595238095238095,9364,8 7 754 3190 8 2786 130,0.375 0.0 0.26506024096385544 0.897364771151179 0.0 0.5947063688999172 0.88,378554.79424447875,0.7416666666666667,9659,17 58 1118 1495 70 2775 148,0.9375 0.15501519756838905 0.7036144578313253 0.3096393897364771 0.24031007751937986 0.5856079404466501 1.0,960378.190812045,0.6976190476190476,6693,9 14 771 3375 16 2823 100,0.4375 0.02127659574468085 0.2855421686746988 0.9615117891816921 0.031007751937984496 0.6253101736972705 0.68,443454.62692732754,0.7595238095238095,9387,8 7 781 3187 8 2791 146,0.375 0.0 0.29759036144578316 0.8963245492371706 0.0 0.5988420181968569 0.9866666666666667,378879.2032505436,0.7416666666666667,9221,2 164 615 919 159 2135 16,0.0 0.47720364741641336 0.09759036144578313 0.10991678224687934 0.5852713178294574 0.05624483043837883 0.12,48865.394718433374,0.05476190476190476,3786
resolved-p28d-3600-all/resolved-p28d-3600-1st/nsp-n10-d28-r0.10-rp0-fp0-s9,0 0 0 0 0 75 -51,0.0 0.0 0.0 0.0 0.0 0.0 0.0,0.0,0.40714285714285714,90,0 0 0 0 0 76 -48,0.0 0.0 0.0 0.0 0.0 0.009174311926605505 0.13043478260869565,0.2221779018747507,0.32142857142857145,79,0 0 0 0 0 79 -45,0.0 0.0 0.0 0.0 0.0 0.03669724770642202 0.2608695652173913,0.6278420422816116,0.31785714285714284,70,0 0 0 0 0 102 -34,0.0 0.0 0.0 0.0 0.0 0.24770642201834864 0.7391304347826086,3.2161946549660954,0.16071428571428573,24,0 0 0 0 0 91 -35,0.0 0.0 0.0 0.0 0.0 0.14678899082568808 0.6956521739130435,2.1635420821699243,0.5285714285714286,10,0 0 0 0 0 108 -33,0.0 0.0 0.0 0.0 0.0 0.30275229357798167 0.782608695652174,3.8101316314319904,0.15357142857142858,26,0 0 0 0 0 95 -34,0.0 0.0 0.0 0.0 0.0 0.1834862385321101 0.7391304347826086,2.57399282010371,0.15714285714285714,25,0 0 0 0 0 94 -40,0.0 0.0 0.0 0.0 0.0 0.1743119266055046 0.4782608695652174,2.2213801356202634,0.475,3,0 0 0 0 0 100 -36,0.0 0.0 0.0 0.0 0.0 0.22935779816513763 0.6521739130434783,2.9457518946948547,0.15714285714285714,15,0 0 0 0 0 103 -32,0.0 0.0 0.0 0.0 0.0 0.25688073394495414 0.8260869565217391,3.3948942959712807,0.16428571428571428,22,0 0 0 0 0 96 -33,0.0 0.0 0.0 0.0 0.0 0.1926605504587156 0.782608695652174,2.70921420023933,0.3142857142857143,14,0 0 0 0 0 99 -34,0.0 0.0 0.0 0.0 0.0 0.22018348623853212 0.7391304347826086,2.9409652971679296,0.15714285714285714,31,0 0 0 0 0 169 -29,0.0 0.0 0.0 0.0 0.0 0.8623853211009175 0.9565217391304348,9.58037495013961,0.5821428571428572,40,0 0 0 0 0 88 -41,0.0 0.0 0.0 0.0 0.0 0.11926605504587157 0.43478260869565216,1.6274431591543677,0.6107142857142858,97,0 0 0 0 0 184 -39,0.0 0.0 0.0 0.0 0.0 1.0 0.5217391304347826,10.521739130434783,0.525,76,0 0 0 0 0 169 -28,0.0 0.0 0.0 0.0 0.0 0.8623853211009175 1.0,9.623853211009175,0.5821428571428572,39,0 0 0 0 0 88 -41,0.0 0.0 0.0 0.0 0.0 0.11926605504587157 0.43478260869565216,1.6274431591543677,0.6107142857142858,97,0 0 0 0 0 184 -39,0.0 0.0 0.0 0.0 0.0 1.0 0.5217391304347826,10.521739130434783,0.525,76,0 0 0 0 0 88 -42,0.0 0.0 0.0 0.0 0.0 0.11926605504587157 0.391304347826087,1.5839648982848025,0.24285714285714285,26
resolved-p28d-3600-all/resolved-p28d-3600-1st/nsp-n50-d28-r0.10-rp2-fp2-s1,0 13 0 32 0 431 -143,0.0 0.3939393939393939 0.0 0.0015364523315664132 0.0 0.005120446875363668 0.04126984126984127,39395.568320580984,0.08214285714285714,2026,0 20 2 32 2 439 -145,0.0 0.6060606060606061 0.0007304601899196494 0.0015364523315664132 0.0425531914893617 0.006051437216338881 0.03492063492063492,60619.252414447394,0.05142857142857143,1742,0 17 2 33 2 454 -145,0.0 0.5151515151515151 0.0007304601899196494 0.0016132749481447338 0.0425531914893617 0.007797044105667404 0.03492063492063492,51528.43760222377,0.05857142857142857,1721,27 13 2 22 0 387 -155,0.9642857142857143 0.3939393939393939 0.0007304601899196494 0.0007682261657832066 0.0 0.0 0.0031746031746031746,1003687.7296823219,0.013571428571428571,1,24 11 5 13 1 400 -155,0.8571428571428571 0.3333333333333333 0.0018261504747991235 7.682261657832066e-05 0.02127659574468085 0.0015128593040847202 0.0031746031746031746,890496.6747663256,0.020714285714285713,439,25 17 6 39 2 401 -149,0.8928571428571429 0.5151515151515151 0.002191380569758948 0.0020742106476146576 0.0425531914893617 0.0016292330967066218 0.022222222222222223,944400.5762223419,0.02214285714285714,145,27 13 2 22 0 387 -155,0.9642857142857143 0.3939393939393939 0.0007304601899196494 0.0007682261657832066 0.0 0.0 0.0031746031746031746,1003687.7296823219,0.013571428571428571,1,25 33 4 32 1 396 -156,0.8928571428571429 1.0 0.0014609203798392988 0.0015364523315664132 0.02127659574468085 0.001047364133597114 0.0,992875.4266464887,0.02642857142857143,192,23 17 8 38 2 446 -147,0.8214285714285714 0.5151515151515151 0.0029218407596785976 0.0019973880310363372 0.0425531914893617 0.006866053764692191 0.02857142857142857,872979.2912904659,0.03142857142857143,164,27 13 2 22 0 387 -155,0.9642857142857143 0.3939393939393939 0.0007304601899196494 0.0007682261657832066 0.0 0.0 0.0031746031746031746,1003687.7296823219,0.013571428571428571,1,25 11 2 12 0 403 -156,0.8928571428571429 0.3333333333333333 0.0007304601899196494 0.0 0.0 0.0018619806819504248 0.0,926197.7994121823,0.020714285714285713,276,24 13 3 36 2 401 -152,0.8571428571428571 0.3939393939393939 0.001095690284879474 0.0018437427978796957 0.0425531914893617 0.0016292330967066218 0.012698412698412698,896553.8814923357,0.027857142857142858,58,27 13 2 22 0 387 -155,0.9642857142857143 0.3939393939393939 0.0007304601899196494 0.0007682261657832066 0.0 0.0 0.0031746031746031746,1003687.7296823219,0.013571428571428571,1767,0 0 1837 3543 47 6733 159,0.0 0.0 0.670927684441198 0.27126065913805025 1.0 0.7385080879785872 1.0,7088.922584429816,0.6842857142857143,2003,0 0 2601 11460 6 8737 -16,0.0 0.0 0.949963476990504 0.8794653145886149 0.1276595744680851 0.9717211683928779 0.4444444444444444,10402.027698068838,0.6421428571428571,1445,28 14 2 22 0 387 -155,1.0 0.42424242424242425 0.0007304601899196494 0.0007682261657832066 0.0 0.0 0.0031746031746031746,1042432.3184269106,0.013571428571428571,1766,0 0 1929 4680 44 7147 144,0.0 0.0 0.7045288531775018 0.3586079741876008 0.9361702127659575 0.7866868381240545 0.9523809523809523,7506.332776572836,0.6821428571428572,1792,0 0 2738 13029 4 8980 -44,0.0 0.0 1.0 1.0 0.0851063829787234 1.0 0.35555555555555557,11018.866193853428,0.6421428571428571,1314,0 28 3 29 2 446 -152,0.0 0.8484848484848485 0.001095690284879474 0.001305984481831451 0.0425531914893617 0.006866053764692191 0.012698412698412698,84865.08441391475,0.03857142857142857,1588
resolved-p28d-3600-all/resolved-p28d-3600-1st/nsp-n20-d28-r0.10-rp2-fp2-s7,0 0 0 0 0 51 -70,0.0 0.0 0.0 0.0 0.0 0.0 0.0,0.0,0.3732142857142857,187,0 0 0 0 0 65 -49,0.0 0.0 0.0 0.0 0.0 0.04912280701754386 0.44680851063829785,0.9380365808137364,0.2839285714285714,107,0 0 0 0 0 80 -45,0.0 0.0 0.0 0.0 0.0 0.10175438596491228 0.5319148936170213,1.5494587532661441,0.2767857142857143,86,0 0 0 0 0 111 -51,0.0 0.0 0.0 0.0 0.0 0.21052631578947367 0.40425531914893614,2.509518477043673,0.1982142857142857,23,0 0 0 0 0 85 -23,0.0 0.0 0.0 0.0 0.0 0.11929824561403508 1.0,2.192982456140351,0.5160714285714286,10,0 0 0 0 0 122 -46,0.0 0.0 0.0 0.0 0.0 0.24912280701754386 0.5106382978723404,3.0018663680477786,0.19107142857142856,36,0 0 0 0 0 132 -42,0.0 0.0 0.0 0.0 0.0 0.28421052631578947 0.5957446808510638,3.4378499440089585,0.1875,27,0 0 0 0 0 74 -36,0.0 0.0 0.0 0.0 0.0 0.08070175438596491 0.723404255319149,1.5304217991787983,0.45714285714285713,16,0 0 0 0 0 111 -43,0.0 0.0 0.0 0.0 0.0 0.21052631578947367 0.574468085106383,2.67973124300112,0.1875,24,0 0 0 0 0 124 -46,0.0 0.0 0.0 0.0 0.0 0.256140350877193 0.5106382978723404,3.07204180664427,0.19107142857142856,18,0 0 0 0 0 80 -25,0.0 0.0 0.0 0.0 0.0 0.10175438596491228 0.9574468085106383,1.9749906681597613,0.5053571428571428,16,0 0 0 0 0 123 -38,0.0 0.0 0.0 0.0 0.0 0.25263157894736843 0.6808510638297872,3.2071668533034714,0.19107142857142856,30,0 0 0 0 0 336 -36,0.0 0.0 0.0 0.0 0.0 1.0 0.723404255319149,10.72340425531915,0.44821428571428573,13,0 0 0 0 0 68 -25,0.0 0.0 0.0 0.0 0.0 0.05964912280701754 0.9574468085106383,1.5539380365808138,0.6339285714285714,137,0 0 0 0 0 322 -39,0.0 0.0 0.0 0.0 0.0 0.9508771929824561 0.6595744680851063,10.168346397909668,0.425,42,0 0 0 0 0 336 -36,0.0 0.0 0.0 0.0 0.0 1.0 0.723404255319149,10.72340425531915,0.44821428571428573,13,0 0 0 0 0 68 -25,0.0 0.0 0.0 0.0 0.0 0.05964912280701754 0.9574468085106383,1.5539380365808138,0.6339285714285714,137,0 0 0 0 0 322 -39,0.0 0.0 0.0 0.0 0.0 0.9508771929824561 0.6595744680851063,10.168346397909668,0.425,42,0 0 0 0 0 90 -52,0.0 0.0 0.0 0.0 0.0 0.1368421052631579 0.3829787234042553,1.7513997760358344,0.21428571428571427,76
resolved-p28d-3600-all/resolved-p28d-3600-1st/nsp-n40-d28-r0.10-rp2-fp2-s8,0 0 0 0 0 225 -135,0.0 0.0 0.0 0.0 0.0 0.0 0.0,0.0,0.2294642857142857,321,0 0 0 0 0 273 -118,0.0 0.0 0.0 0.0 0.0 0.06866952789699571 0.30357142857142855,0.9902667075413856,0.15267857142857144,193,0 0 0 0 0 324 -112,0.0 0.0 0.0 0.0 0.0 0.14163090128755365 0.4107142857142857,1.8270232985898223,0.13125,114,0 0 0 0 0 446 -103,0.0 0.0 0.0 0.0 0.0 0.31616595135908443 0.5714285714285714,3.733088085019416,0.12321428571428572,4,0 0 0 0 0 386 -89,0.0 0.0 0.0 0.0 0.0 0.23032904148783978 0.8214285714285714,3.124718986306969,0.2982142857142857,4,0 0 0 0 0 486 -98,0.0 0.0 0.0 0.0 0.0 0.37339055793991416 0.6607142857142857,4.394619865113428,0.11875,3,0 0 0 0 0 426 -107,0.0 0.0 0.0 0.0 0.0 0.2875536480686695 0.5,3.375536480686695,0.12142857142857143,2,0 0 0 0 0 371 -79,0.0 0.0 0.0 0.0 0.0 0.2088698140200286 1.0,3.088698140200286,0.29910714285714285,8,0 0 0 0 0 426 -107,0.0 0.0 0.0 0.0 0.0 0.2875536480686695 0.5,3.375536480686695,0.12142857142857143,2,0 0 0 0 0 467 -99,0.0 0.0 0.0 0.0 0.0 0.34620886981402005 0.6428571428571429,4.104945840997344,0.10625,2,0 0 0 0 0 407 -92,0.0 0.0 0.0 0.0 0.0 0.2603719599427754 0.7678571428571429,3.371576742284897,0.27232142857142855,49,0 0 0 0 0 467 -99,0.0 0.0 0.0 0.0 0.0 0.34620886981402005 0.6428571428571429,4.104945840997344,0.10625,2,0 0 0 0 0 920 -100,0.0 0.0 0.0 0.0 0.0 0.994277539341917 0.625,10.56777539341917,0.4392857142857143,54,0 0 0 0 0 718 -110,0.0 0.0 0.0 0.0 0.0 0.7052932761087267 0.44642857142857145,7.499361332515838,0.4616071428571429,122,0 0 0 0 0 924 -98,0.0 0.0 0.0 0.0 0.0 1.0 0.6607142857142857,10.660714285714286,0.43839285714285714,57,0 0 0 0 0 920 -100,0.0 0.0 0.0 0.0 0.0 0.994277539341917 0.625,10.56777539341917,0.4392857142857143,54,0 0 0 0 0 718 -110,0.0 0.0 0.0 0.0 0.0 0.7052932761087267 0.44642857142857145,7.499361332515838,0.4616071428571429,122,0 0 0 0 0 924 -98,0.0 0.0 0.0 0.0 0.0 1.0 0.6607142857142857,10.660714285714286,0.43839285714285714,57,0 0 0 0 0 360 -117,0.0 0.0 0.0 0.0 0.0 0.19313304721030042 0.32142857142857145,2.252759043531576,0.11696428571428572,77
resolved-p28d-3600-all/resolved-p28d-3600-1st/nsp-n10-d28-r0.10-rp0-fp0-s6,0 3 2 1 0 76 -32,0.0 0.08695652173913043 0.006097560975609756 0.00641025641025641 0.0 0.0 0.0,8763.038040079398,0.3678571428571429,554,0 1 2 0 0 83 -27,0.0 0.0 0.006097560975609756 0.0 0.0 0.01364522417153996 0.15151515151515152,61.263577149328114,0.2892857142857143,655,0 4 2 5 0 108 -22,0.0 0.13043478260869565 0.006097560975609756 0.03205128205128205 0.0 0.06237816764132553 0.30303030303030304,13137.431964656387,0.06428571428571428,553,5 4 1 2 0 85 -21,1.0 0.13043478260869565 0.0 0.01282051282051282 0.0 0.017543859649122806 0.3333333333333333,1013056.8075456199,0.017857142857142856,1,0 4 41 82 3 281 -2,0.0 0.13043478260869565 0.24390243902439024 0.5256410256410257 0.05 0.3996101364522417 0.9090909090909091,16018.048869028105,0.5357142857142857,25088,0 1 2 0 0 126 -24,0.0 0.0 0.006097560975609756 0.0 0.0 0.09746588693957114 0.24242424242424243,62.192692867917515,0.09642857142857143,11252,5 4 1 2 0 85 -21,1.0 0.13043478260869565 0.0 0.01282051282051282 0.0 0.017543859649122806 0.3333333333333333,1013056.8075456199,0.017857142857142856,1,0 24 165 90 60 589 -6,0.0 1.0 1.0 0.5769230769230769 1.0 1.0 0.7878787878787878,110687.71095571095,0.7035714285714286,25345,0 1 2 0 0 126 -24,0.0 0.0 0.006097560975609756 0.0 0.0 0.09746588693957114 0.24242424242424243,62.192692867917515,0.09642857142857143,9251,5 4 1 2 0 85 -21,1.0 0.13043478260869565 0.0 0.01282051282051282 0.0 0.017543859649122806 0.3333333333333333,1013056.8075456199,0.017857142857142856,1,0 12 44 156 34 485 -17,0.0 0.4782608695652174 0.2621951219512195 1.0 0.5666666666666667 0.797270955165692 0.45454545454545453,51513.13209770681,0.6357142857142857,24072,0 1 2 0 0 116 -20,0.0 0.0 0.006097560975609756 0.0 0.0 0.07797270955165692 0.36363636363636365,62.11897321525049,0.10714285714285714,13653,0 2 48 51 4 558 1,0.0 0.043478260869565216 0.2865853658536585 0.3269230769230769 0.06666666666666667 0.9395711500974658 1.0,7557.665200583825,0.34285714285714286,14250,0 1 2 0 0 152 -19,0.0 0.0 0.006097560975609756 0.0 0.0 0.14814814814814814 0.3939393939393939,62.851030631518434,0.6607142857142857,19205,0 1 2 0 0 119 -19,0.0 0.0 0.006097560975609756 0.0 0.0 0.08382066276803118 0.3939393939393939,62.20775577771727,0.6321428571428571,13881,0 2 48 51 4 558 1,0.0 0.043478260869565216 0.2865853658536585 0.3269230769230769 0.06666666666666667 0.9395711500974658 1.0,7557.665200583825,0.34285714285714286,14250,0 1 2 0 0 152 -19,0.0 0.0 0.006097560975609756 0.0 0.0 0.14814814814814814 0.3939393939393939,62.851030631518434,0.6607142857142857,19205,0 1 2 0 0 149 -16,0.0 0.0 0.006097560975609756 0.0 0.0 0.14230019493177387 0.48484848484848486,62.88346019026378,0.7035714285714286,13773,1 2 2 5 0 107 -21,0.2 0.043478260869565216 0.006097560975609756 0.03205128205128205 0.0 0.06042884990253411 0.3333333333333333,204441.79060059626,0.07142857142857142,446
resolved-p28d-3600-all/resolved-p28d-3600-1st/nsp-n40-d28-r0.10-rp2-fp2-s4,3 12 0 0 0 250 -149,0.0 0.041666666666666664 0.0 0.0 0.0 0.0 0.012987012987012988,4166.679653679653,0.15267857142857144,1194,3 14 0 3 0 286 -125,0.0 0.058333333333333334 0.0 0.0004529669334138608 0.0 0.006717671207314798 0.11688311688311688,5833.970360095703,0.10625,1069,3 15 0 20 1 327 -124,0.0 0.06666666666666667 0.0 0.0030197795560924054 0.047619047619047616 0.014368352304534428 0.12121212121212122,6674.713246628921,0.04732142857142857,1582,17 16 1 16 0 281 -128,1.0 0.075 0.0006199628022318661 0.0024158236448739243 0.0 0.005784661317409965 0.1038961038961039,1007508.7771943843,0.017857142857142856,1,14 127 94 166 6 495 -117,0.7857142857142857 1.0 0.05827650340979541 0.025064170315566965 0.2857142857142857 0.04571748460533682 0.15151515151515152,886351.2950372682,0.16071428571428573,5128,13 15 1 18 0 301 -126,0.7142857142857143 0.06666666666666667 0.0006199628022318661 0.0027178016004831647 0.0 0.009516700877029296 0.11255411255411256,720961.5061031252,0.025892857142857145,2767,17 16 1 16 0 281 -128,1.0 0.075 0.0006199628022318661 0.0024158236448739243 0.0 0.005784661317409965 0.1038961038961039,1007508.7771943843,0.017857142857142856,1,15 15 1 17 0 294 -136,0.8571428571428571 0.06666666666666667 0.0006199628022318661 0.0025668126226785445 0.0 0.00821048703116253 0.06926406926406926,863818.4416191083,0.02857142857142857,6698,16 30 4 73 0 415 -152,0.9285714285714286 0.19166666666666668 0.0024798512089274642 0.011022195379737278 0.0 0.03078932636685949 0.0,947774.223838828,0.06160714285714286,2093,17 16 1 16 0 281 -128,1.0 0.075 0.0006199628022318661 0.0024158236448739243 0.0 0.005784661317409965 0.1038961038961039,1007508.7771943843,0.017857142857142856,1,15 13 1 22 0 335 -121,0.8571428571428571 0.05 0.0006199628022318661 0.0033217575117016457 0.0 0.01586116812838216 0.1341991341991342,862152.6713392065,0.04017857142857143,4624,13 22 1 46 2 335 -124,0.7142857142857143 0.125 0.0006199628022318661 0.006945492979012532 0.09523809523809523 0.01586116812838216 0.12121212121212122,726808.6630400419,0.05267857142857143,1850,14 19 1613 6279 14 5522 49,0.7857142857142857 0.1 1.0 0.9480597916352106 0.6666666666666666 0.9837656279156559 0.8701298701298701,806739.7199587368,0.6232142857142857,5826,11 7 1601 5820 9 5609 34,0.5714285714285714 0.0 0.9925604463732176 0.87875585082289 0.42857142857142855 1.0 0.8051948051948052,582286.5940807888,0.6589285714285714,5311,12 8 1327 6535 12 5035 51,0.6428571428571429 0.008333333333333333 0.8226906385616863 0.9867129699531935 0.5714285714285714 0.8928904646389252 0.8787878787878788,652971.0460957144,0.6410714285714286,5473,14 19 1588 5912 21 5506 79,0.7857142857142857 0.1 0.9845009299442034 0.8926468367809149 1.0 0.9807799962679604 1.0,806562.7496504713,0.6232142857142857,5890,11 7 1597 5689 13 5595 38,0.5714285714285714 0.0 0.9900805951642901 0.8589762947304846 0.6190476190476191 0.9973875723082665 0.8225108225108225,582261.0548233951,0.6589285714285714,5467,12 8 1327 6623 11 5053 48,0.6428571428571429 0.008333333333333333 0.8226906385616863 1.0 0.5238095238095238 0.8962493002425825 0.8658008658008658,652979.5918223424,0.6410714285714286,5458,3 14 4 30 0 357 -128,0.0 0.058333333333333334 0.0024798512089274642 0.0045296693341386075 0.0 0.019966411643963428 0.1038961038961039,5862.965074977082,0.04375,1596
resolved-p28d-3600-all/resolved-p28d-3600-1st/nsp-n10-d28-r0.10-rp0-fp0-s8,0 2 0 2 0 80 -36,0.0 0.07142857142857142 0.0 0.0 0.0 0.002531645569620253 0.0,7142.882459312838,0.3357142857142857,492,0 2 0 2 0 81 -31,0.0 0.07142857142857142 0.0 0.0 0.0 0.005063291139240506 0.10416666666666667,7143.0119424352015,0.26785714285714285,455,0 1 0 2 0 86 -24,0.0 0.0 0.0 0.0 0.0 0.017721518987341773 0.25,0.4272151898734177,0.19285714285714287,494,4 6 0 11 0 79 -16,1.0 0.35714285714285715 0.0 0.0989010989010989 0.0 0.0 0.4166666666666667,1035813.6034798535,0.025,1,0 1 0 2 0 98 -10,0.0 0.0 0.0 0.0 0.0 0.04810126582278481 0.5416666666666666,1.0226793248945147,0.37857142857142856,1310,0 1 0 2 0 104 -21,0.0 0.0 0.0 0.0 0.0 0.06329113924050633 0.3125,0.9454113924050633,0.09285714285714286,574,4 6 0 11 0 79 -16,1.0 0.35714285714285715 0.0 0.0989010989010989 0.0 0.0 0.4166666666666667,1035813.6034798535,0.025,1,0 1 0 2 0 97 -21,0.0 0.0 0.0 0.0 0.0 0.04556962025316456 0.3125,0.7681962025316456,0.20357142857142857,793,0 1 0 2 0 104 -21,0.0 0.0 0.0 0.0 0.0 0.06329113924050633 0.3125,0.9454113924050633,0.09285714285714286,554,4 6 0 11 0 79 -16,1.0 0.35714285714285715 0.0 0.0989010989010989 0.0 0.0 0.4166666666666667,1035813.6034798535,0.025,1,0 1 0 2 0 99 -19,0.0 0.0 0.0 0.0 0.0 0.05063291139240506 0.3541666666666667,0.8604957805907174,0.5178571428571429,1650,0 1 0 2 0 104 -21,0.0 0.0 0.0 0.0 0.0 0.06329113924050633 0.3125,0.9454113924050633,0.09285714285714286,935,4 6 0 11 0 79 -16,1.0 0.35714285714285715 0.0 0.0989010989010989 0.0 0.0 0.4166666666666667,1035813.6034798535,0.025,397,0 13 49 93 14 474 12,0.0 0.8571428571428571 0.8596491228070176 1.0 1.0 1.0 1.0,95421.77694235588,0.7678571428571429,19893,0 1 0 14 0 176 -7,0.0 0.0 0.0 0.13186813186813187 0.0 0.24556962025316456 0.6041666666666666,134.9279947373302,0.6678571428571428,21812,4 6 0 11 0 79 -16,1.0 0.35714285714285715 0.0 0.0989010989010989 0.0 0.0 0.4166666666666667,1035813.6034798535,0.025,397,0 15 57 90 12 471 2,0.0 1.0 1.0 0.967032967032967 0.8571428571428571 0.9924050632911392 0.7916666666666666,111063.46297004684,0.7642857142857142,19653,0 1 2 9 0 209 -2,0.0 0.0 0.03508771929824561 0.07692307692307693 0.0 0.3291139240506329 0.7083333333333334,431.7997424793727,0.6714285714285714,21686,0 1 0 2 0 90 -20,0.0 0.0 0.0 0.0 0.0 0.027848101265822784 0.3333333333333333,0.6118143459915611,0.14285714285714285,421
resolved-p28d-3600-all/resolved-p28d-3600-1st/nsp-n50-d28-r0.10-rp2-fp2-s6,2 14 4 9 0 366 -164,0.0 0.09876543209876543 0.0010017530678687703 0.0 0.0 0.0012462851116863197 0.046511627906976744,9886.619715034254,0.15928571428571428,3191,2 14 6 35 0 449 -170,0.0 0.09876543209876543 0.0015026296018031556 0.0015385525770755667 0.0 0.009203336209375898 0.0,9893.200091833743,0.07357142857142857,2929,2 14 6 42 0 450 -167,0.0 0.09876543209876543 0.0015026296018031556 0.0019527782709036039 0.0 0.00929920429489023 0.023255813953488372,9893.63853202238,0.06428571428571428,2815,25 15 1 27 0 353 -151,1.0 0.1111111111111111 0.00025043826696719256 0.0010651517841292384 0.0 0.0 0.14728682170542637,1011114.8279323867,0.016428571428571428,1,20 62 11 60 0 375 -132,0.782608695652174 0.691358024691358 0.0027548209366391185 0.0030179300550328423 0.0 0.00210909788131531 0.29457364341085274,851775.3799253535,0.062142857142857146,1369,19 87 22 76 7 442 -134,0.7391304347826086 1.0 0.005509641873278237 0.003964731640925498 1.0 0.008532259610775573 0.27906976744186046,839289.8603253459,0.06571428571428571,352,25 15 1 27 0 353 -151,1.0 0.1111111111111111 0.00025043826696719256 0.0010651517841292384 0.0 0.0 0.14728682170542637,1011114.8279323867,0.016428571428571428,1,21 13 0 16 0 367 -161,0.8260869565217391 0.08641975308641975 0.0 0.0004142256938280372 0.0 0.0013421531972006519 0.06976744186046512,834729.4292450488,0.037142857142857144,1490,21 15 3 31 0 382 -150,0.8260869565217391 0.1111111111111111 0.0007513148009015778 0.0013018521806024024 0.0 0.002780174479915636 0.15503875968992248,837207.0654735444,0.023571428571428573,137,25 15 1 27 0 353 -151,1.0 0.1111111111111111 0.00025043826696719256 0.0010651517841292384 0.0 0.0 0.14728682170542637,1011114.8279323867,0.016428571428571428,1,21 50 19 72 3 413 -139,0.8260869565217391 0.5432098765432098 0.004758327072376659 0.0037280312444523344 0.42857142857142855 0.005752085130859937 0.24031007751937986,880502.4104518143,0.04428571428571428,494,22 20 4 37 0 389 -146,0.8695652173913043 0.1728395061728395 0.0010017530678687703 0.0016569027753121487 0.0 0.003451251078515962 0.18604651162790697,886861.0630010647,0.025714285714285714,206,17 14 3762 14623 1 10281 -59,0.6521739130434783 0.09876543209876543 0.9421487603305785 0.864784898514705 0.14285714285714285 0.9517783529862909 0.8604651162790697,672361.3927181072,0.6357142857142857,3608,11 15 3639 13858 2 10216 -55,0.391304347826087 0.1111111111111111 0.9113448534936138 0.8195159476892124 0.2857142857142857 0.9455469274278593 0.8914728682170543,412387.34179053735,0.6728571428571428,3603,14 6 3993 16908 0 10784 -97,0.5217391304347826 0.0 1.0 1.0 0.0 1.0 0.5658914728682171,532749.6963262554,0.6492857142857142,3623,17 13 3710 13278 1 10179 -41,0.6521739130434783 0.08641975308641975 0.9291259704482845 0.7851943902006036 0.14285714285714285 0.941999808263829 1.0,670917.0481591721,0.6357142857142857,3778,11 15 3639 14476 2 10205 -56,0.391304347826087 0.1111111111111111 0.9113448534936138 0.8560861589443163 0.2857142857142857 0.9444923784872016 0.8837209302325582,412423.89370436507,0.6728571428571428,3476,13 6 3929 16532 1 10660 -82,0.4782608695652174 0.0 0.9839719509140997 0.9777501627315226 0.14285714285714285 0.9881123573962228 0.6821705426356589,489103.18824549223,0.6492857142857142,3708,2 21 4 39 0 419 -163,0.0 0.18518518518518517 0.0010017530678687703 0.0017752529735487307 0.0 0.006327293643945931 0.05426356589147287,18530.428838673084,0.05928571428571429,2167
resolved-p28d-3600-all/resolved-p28d-3600-1st/nsp-n40-d28-r0.10-rp2-fp2-s5,2 292 479 563 109 1890 -1,0.0 0.14507772020725387 0.0 0.0 0.0 0.0 0.038834951456310676,14507.810855676844,0.11517857142857142,3977,2 328 516 681 145 2042 -5,0.0 0.3316062176165803 0.01834407535944472 0.191869918699187 0.5454545454545454 0.07896103896103897 0.0,33591.26749888673,0.07589285714285714,3236,2 342 549 759 142 2141 17,0.0 0.40414507772020725 0.03470500743678731 0.31869918699186994 0.5 0.1303896103896104 0.21359223300970873,41131.77452171737,0.06339285714285714,3067,20 399 616 917 158 2112 39,1.0 0.6994818652849741 0.06792265741199802 0.5756097560975609 0.7424242424242424 0.11532467532467533 0.42718446601941745,1071278.8457141765,0.017857142857142856,1,20 367 703 891 151 2144 14,1.0 0.533678756476684 0.11105602379771938 0.5333333333333333 0.6363636363636364 0.13194805194805195 0.18446601941747573,1055076.9095291542,0.11428571428571428,4849,14 457 862 1121 152 2052 36,0.6666666666666666 1.0 0.18988596926127913 0.9073170731707317 0.6515151515151515 0.08415584415584415 0.39805825242718446,769539.2345642956,0.13125,4945,20 399 616 917 158 2112 39,1.0 0.6994818652849741 0.06792265741199802 0.5756097560975609 0.7424242424242424 0.11532467532467533 0.42718446601941745,1071278.8457141765,0.017857142857142856,1,20 388 564 859 163 2138 36,1.0 0.6424870466321243 0.0421417947446703 0.4813008130081301 0.8181818181818182 0.12883116883116882 0.39805825242718446,1065234.9279754262,0.07410714285714286,7292,20 388 577 848 168 2102 34,1.0 0.6424870466321243 0.04858701041150223 0.4634146341463415 0.8939393939393939 0.11012987012987013 0.3786407766990291,1065288.8632803457,0.09553571428571428,7422,20 399 616 917 158 2112 39,1.0 0.6994818652849741 0.06792265741199802 0.5756097560975609 0.7424242424242424 0.11532467532467533 0.42718446601941745,1071278.8457141765,0.017857142857142856,1,20 381 1228 1064 148 2344 45,1.0 0.6062176165803109 0.3713435795736242 0.8146341463414634 0.5909090909090909 0.23584415584415586 0.4854368932038835,1065211.7663876514,0.10178571428571428,7137,16 425 1113 1178 175 2353 14,0.7777777777777778 0.8341968911917098 0.3143282102131879 1.0 1.0 0.24051948051948052 0.18446601941747573,865443.3386599052,0.2517857142857143,4832,20 399 616 917 158 2112 39,1.0 0.6994818652849741 0.06792265741199802 0.5756097560975609 0.7424242424242424 0.11532467532467533 0.42718446601941745,1071278.8457141765,0.017857142857142856,1659,14 264 2425 967 158 3603 86,0.6666666666666666 0.0 0.9647992067426872 0.656910569105691 0.7424242424242424 0.8898701298701299 0.883495145631068,677055.593923886,0.79375,4968,13 277 2311 885 168 3808 98,0.6111111111111112 0.06735751295336788 0.9082796232027764 0.5235772357723577 0.8939393939393939 0.9963636363636363 1.0,627553.5934500056,0.7928571428571428,4399,20 399 616 917 158 2112 39,1.0 0.6994818652849741 0.06792265741199802 0.5756097560975609 0.7424242424242424 0.11532467532467533 0.42718446601941745,1071278.8457141765,0.017857142857142856,1659,13 284 2496 1003 171 3636 88,0.6111111111111112 0.10362694300518134 1.0 0.7154471544715447 0.9393939393939394 0.907012987012987 0.9029126213592233,632293.1650025317,0.7830357142857143,5112,14 269 2306 864 175 3815 96,0.6666666666666666 0.025906735751295335 0.9058006941001487 0.4894308943089431 1.0 1.0 0.9805825242718447,678915.7586596309,0.7928571428571428,4089,2 361 564 742 147 1928 12,0.0 0.5025906735751295 0.0421417947446703 0.2910569105691057 0.5757575757575758 0.019740259740259742 0.1650485436893204,51029.480424245616,0.054464285714285715,2741
resolved-p28d-3600-all/resolved-p28d-3600-1st/nsp-n20-d28-r0.10-rp2-fp2-s0,0 0 0 0 0 57 -58,0.0 0.0 0.0 0.0 0.0 0.0 0.0,0.0,0.3357142857142857,131,0 0 0 0 0 64 -58,0.0 0.0 0.0 0.0 0.0 0.03482587064676617 0.0,0.3482587064676617,0.21071428571428572,97,0 0 0 0 0 68 -50,0.0 0.0 0.0 0.0 0.0 0.05472636815920398 0.22857142857142856,0.7758351101634683,0.175,61,0 0 0 0 0 108 -52,0.0 0.0 0.0 0.0 0.0 0.2537313432835821 0.17142857142857143,2.7087420042643924,0.09285714285714286,44,0 0 0 0 0 81 -32,0.0 0.0 0.0 0.0 0.0 0.11940298507462686 0.7428571428571429,1.9368869936034114,0.4232142857142857,9,0 0 0 0 0 107 -53,0.0 0.0 0.0 0.0 0.0 0.24875621890547264 0.14285714285714285,2.6304193319118694,0.09464285714285714,45,0 0 0 0 0 106 -51,0.0 0.0 0.0 0.0 0.0 0.24378109452736318 0.2,2.637810945273632,0.09642857142857143,20,0 0 0 0 0 77 -23,0.0 0.0 0.0 0.0 0.0 0.09950248756218906 1.0,1.9950248756218905,0.4125,4,0 0 0 0 0 108 -52,0.0 0.0 0.0 0.0 0.0 0.2537313432835821 0.17142857142857143,2.7087420042643924,0.09285714285714286,29,0 0 0 0 0 108 -52,0.0 0.0 0.0 0.0 0.0 0.2537313432835821 0.17142857142857143,2.7087420042643924,0.09285714285714286,36,0 0 0 0 0 94 -32,0.0 0.0 0.0 0.0 0.0 0.18407960199004975 0.7428571428571429,2.5836531627576402,0.25,14,0 0 0 0 0 106 -52,0.0 0.0 0.0 0.0 0.0 0.24378109452736318 0.17142857142857143,2.609239516702203,0.09642857142857143,19,0 0 0 0 0 230 -36,0.0 0.0 0.0 0.0 0.0 0.8606965174129353 0.6285714285714286,9.235536602700781,0.4767857142857143,64,0 0 0 0 0 85 -50,0.0 0.0 0.0 0.0 0.0 0.13930348258706468 0.22857142857142856,1.6216062544420755,0.6053571428571428,185,0 0 0 0 0 258 -35,0.0 0.0 0.0 0.0 0.0 1.0 0.6571428571428571,10.657142857142857,0.5017857142857143,28,0 0 0 0 0 230 -36,0.0 0.0 0.0 0.0 0.0 0.8606965174129353 0.6285714285714286,9.235536602700781,0.4767857142857143,64,0 0 0 0 0 85 -50,0.0 0.0 0.0 0.0 0.0 0.13930348258706468 0.22857142857142856,1.6216062544420755,0.6053571428571428,185,0 0 0 0 0 258 -35,0.0 0.0 0.0 0.0 0.0 1.0 0.6571428571428571,10.657142857142857,0.5017857142857143,28,0 0 0 0 0 84 -50,0.0 0.0 0.0 0.0 0.0 0.13432835820895522 0.22857142857142856,1.5718550106609808,0.12857142857142856,38
resolved-p28d-3600-all/resolved-p28d-3600-1st/nsp-n10-d28-r0.10-rp0-fp0-s1,0 1 0 0 0 71 -39,0.0 0.0 0.0 0.0 0.0 0.0 0.0,0.0,0.49642857142857144,1009,0 1 0 0 0 76 -38,0.0 0.0 0.0 0.0 0.0 0.011185682326621925 0.022222222222222223,0.13407904548844146,0.37142857142857144,1029,0 1 0 0 0 80 -23,0.0 0.0 0.0 0.0 0.0 0.020134228187919462 0.35555555555555557,0.5568978374347502,0.29642857142857143,976,9 1 1 0 0 76 -31,0.9 0.0 0.010309278350515464 0.0 0.0 0.011185682326621925 0.17777777777777778,900103.3824181062,0.007142857142857143,1,0 1 0 0 0 114 -21,0.0 0.0 0.0 0.0 0.0 0.09619686800894854 0.4,1.3619686800894855,0.4714285714285714,12701,0 1 0 2 0 110 -30,0.0 0.0 0.0 0.013793103448275862 0.0 0.087248322147651 0.2,14.865586669752371,0.18214285714285713,7652,9 1 1 0 0 76 -31,0.9 0.0 0.010309278350515464 0.0 0.0 0.011185682326621925 0.17777777777777778,900103.3824181062,0.007142857142857143,1,0 7 68 92 22 348 -3,0.0 0.15 0.7010309278350515 0.6344827586206897 1.0 0.6196868008948546 0.8,22751.788904980152,0.5892857142857143,18221,0 1 0 0 0 116 -29,0.0 0.0 0.0 0.0 0.0 0.10067114093959731 0.2222222222222222,1.2289336316181951,0.17142857142857143,3375,9 1 1 0 0 76 -31,0.9 0.0 0.010309278350515464 0.0 0.0 0.011185682326621925 0.17777777777777778,900103.3824181062,0.007142857142857143,1,0 1 0 0 0 95 -20,0.0 0.0 0.0 0.0 0.0 0.053691275167785234 0.4222222222222222,0.9591349739000745,0.5964285714285714,13370,0 1 0 1 0 111 -27,0.0 0.0 0.0 0.006896551724137931 0.0 0.0894854586129754 0.26666666666666666,8.058072976934351,0.18571428571428572,5993,10 2 1 1 0 77 -31,1.0 0.025 0.010309278350515464 0.006896551724137931 0.0 0.013422818791946308 0.17777777777777778,1002610.301341195,0.007142857142857143,359,2 41 78 122 16 378 1,0.2 1.0 0.8041237113402062 0.8413793103448276 0.7272727272727273 0.6868008948545862 0.8888888888888888,308963.1005943116,0.7357142857142858,25538,0 1 0 0 0 169 -28,0.0 0.0 0.0 0.0 0.0 0.21923937360178972 0.24444444444444444,2.436838180462342,0.5964285714285714,13922,10 3 1 1 0 76 -31,1.0 0.05 0.010309278350515464 0.006896551724137931 0.0 0.011185682326621925 0.17777777777777778,1005110.2789698304,0.007142857142857143,358,1 36 97 145 20 518 6,0.1 0.875 1.0 1.0 0.9090909090909091 1.0 1.0,198601.9090909091,0.7678571428571429,28575,0 1 0 0 0 195 -26,0.0 0.0 0.0 0.0 0.0 0.27740492170022374 0.28888888888888886,3.062938105891126,0.5964285714285714,13920,0 1 0 2 0 88 -30,0.0 0.0 0.0 0.013793103448275862 0.0 0.03803131991051454 0.2,14.373416647381006,0.19642857142857142,904
resolved-p28d-3600-all/resolved-p28d-3600-1st/nsp-n30-d28-r0.10-rp2-fp2-s6,2 91 466 379 139 1839 -13,0.0 0.0 0.09047619047619047 0.0030581039755351682 0.5658914728682171 0.6929492039423806 0.0,971.3386480636854,0.15714285714285714,3823,2 122 449 398 116 1806 -3,0.0 0.13191489361702127 0.06349206349206349 0.03211009174311927 0.3875968992248062 0.6679302501895376 0.10752688172043011,13904.066607671979,0.1,3674,2 133 511 483 129 1827 -9,0.0 0.17872340425531916 0.1619047619047619 0.1620795107033639 0.4883720930232558 0.6838514025777104 0.043010752688172046,19709.18628936369,0.08095238095238096,3251,18 168 555 709 182 1915 21,0.8421052631578947 0.3276595744680851 0.23174603174603176 0.5076452599388379 0.8992248062015504 0.7505686125852918 0.3655913978494624,877794.1199402462,0.016666666666666666,1,5 226 1039 793 195 2010 10,0.15789473684210525 0.574468085106383 1.0 0.636085626911315 1.0 0.8225928733889311 0.24731182795698925,226086.10422021672,0.28214285714285714,5972,8 326 1039 1031 178 2111 40,0.3157894736842105 1.0 1.0 1.0 0.8682170542635659 0.8991660348749052 0.5698924731182796,426885.8569424587,0.40595238095238095,2838,18 168 555 709 182 1915 21,0.8421052631578947 0.3276595744680851 0.23174603174603176 0.5076452599388379 0.8992248062015504 0.7505686125852918 0.3655913978494624,877794.1199402462,0.016666666666666666,1,2 237 641 784 151 1833 7,0.0 0.6212765957446809 0.3682539682539683 0.6223241590214067 0.6589147286821705 0.6884003032600455 0.21505376344086022,66505.51394569344,0.2154761904761905,3543,7 249 733 979 185 2244 25,0.2631578947368421 0.6723404255319149 0.5142857142857142 0.9204892966360856 0.9224806201550387 1.0 0.40860215053763443,336557.9403936928,0.3345238095238095,4470,18 168 555 709 182 1915 21,0.8421052631578947 0.3276595744680851 0.23174603174603176 0.5076452599388379 0.8992248062015504 0.7505686125852918 0.3655913978494624,877794.1199402462,0.016666666666666666,1,9 191 754 770 180 2059 9,0.3684210526315789 0.425531914893617 0.5476190476190477 0.6009174311926605 0.8837209302325582 0.8597422289613343 0.23655913978494625,417148.5581027764,0.15714285714285714,4179,10 275 596 933 164 1839 23,0.42105263157894735 0.7829787234042553 0.2968253968253968 0.8501529051987767 0.7596899224806202 0.6929492039423806 0.3870967741935484,503252.1963738873,0.3607142857142857,3753,18 168 555 709 182 1915 21,0.8421052631578947 0.3276595744680851 0.23174603174603176 0.5076452599388379 0.8992248062015504 0.7505686125852918 0.3655913978494624,877794.1199402462,0.016666666666666666,1190,20 276 409 377 66 946 64,0.9473684210526315 0.7872340425531915 0.0 0.0 0.0 0.01592115238817286 0.8279569892473119,1026092.8124764638,0.7238095238095238,7979,21 306 530 432 74 1074 80,1.0 0.9148936170212766 0.19206349206349208 0.08409785932721713 0.06201550387596899 0.11296436694465505 1.0,1093502.4256761468,0.7226190476190476,9712,18 168 555 709 182 1915 21,0.8421052631578947 0.3276595744680851 0.23174603174603176 0.5076452599388379 0.8992248062015504 0.7505686125852918 0.3655913978494624,877794.1199402462,0.016666666666666666,1190,21 296 412 387 67 925 55,1.0 0.8723404255319149 0.004761904761904762 0.01529051987767584 0.007751937984496124 0.0 0.7311827956989247,1087298.4584972824,0.7226190476190476,7294,21 319 459 398 75 1024 77,1.0 0.9702127659574468 0.07936507936507936 0.03211009174311927 0.06976744186046512 0.07505686125852919 0.967741935483871,1097855.7325358726,0.7226190476190476,9505,2 148 524 567 163 1852 4,0.0 0.2425531914893617 0.18253968253968253 0.290519877675841 0.751937984496124 0.7028051554207733 0.1827956989247312,26453.64049771158,0.05,2616
resolved-p28d-3600-all/resolved-p28d-3600-1st/nsp-n20-d28-r0.10-rp2-fp2-s5,0 1 4 1 0 87 -42,0.0 0.0 0.004415011037527594 0.0 0.0 0.013031550068587106 0.0,44.28042587596181,0.28214285714285714,1731,1 4 6 9 1 115 -18,0.06666666666666667 0.03225806451612903 0.008830022075055188 0.01309328968903437 0.015625 0.03223593964334705 0.18181818181818182,69995.93330629742,0.15892857142857142,2265,2 5 6 17 0 122 -23,0.13333333333333333 0.043010752688172046 0.008830022075055188 0.02618657937806874 0.0 0.037037037037037035 0.14393939393939395,137749.40971204347,0.10178571428571428,1872,15 9 2 7 0 68 -17,1.0 0.08602150537634409 0.0 0.009819967266775777 0.0 0.0 0.1893939393939394,1008612.1598988406,0.0125,1,0 89 111 167 12 433 2,0.0 0.946236559139785 0.24061810154525387 0.27168576104746317 0.1875 0.2503429355281207 0.3333333333333333,97323.10945316711,0.3625,4081,0 44 109 108 11 420 15,0.0 0.46236559139784944 0.23620309050772628 0.1751227495908347 0.171875 0.24142661179698216 0.4318181818181818,48793.746378752825,0.3767857142857143,2079,15 9 2 7 0 68 -17,1.0 0.08602150537634409 0.0 0.009819967266775777 0.0 0.0 0.1893939393939394,1008612.1598988406,0.0125,1,0 94 186 265 33 561 8,0.0 1.0 0.40618101545253865 0.4320785597381342 0.515625 0.3381344307270233 0.3787878787878788,104549.21134644958,0.48035714285714287,2347,0 59 217 301 47 958 26,0.0 0.6236559139784946 0.4746136865342163 0.4909983633387889 0.734375 0.6104252400548696 0.5151515151515151,67682.78353044612,0.6607142857142857,2325,15 9 2 7 0 68 -17,1.0 0.08602150537634409 0.0 0.009819967266775777 0.0 0.0 0.1893939393939394,1008612.1598988406,0.0125,1,0 29 122 89 15 415 9,0.0 0.3010752688172043 0.26490066225165565 0.14402618657937807 0.234375 0.23799725651577502 0.38636363636363635,32926.76352701789,0.28035714285714286,2868,1 47 117 132 14 378 9,0.06666666666666667 0.4946236559139785 0.25386313465783666 0.2144026186579378 0.21875 0.21262002743484226 0.38636363636363635,118906.45378721153,0.3464285714285714,1028,4 31 394 478 41 1489 82,0.26666666666666666 0.3225806451612903 0.8653421633554084 0.7806873977086743 0.640625 0.9746227709190672 0.9393939393939394,308433.5883357071,0.5732142857142857,12627,0 1 415 479 64 1315 63,0.0 0.0 0.9116997792494481 0.7823240589198036 1.0 0.855281207133059 0.7954545454545454,10008.67011803107,0.7821428571428571,14614,1 26 248 173 22 1091 68,0.06666666666666667 0.26881720430107525 0.543046357615894 0.281505728314239 0.34375 0.7016460905349794 0.8333333333333334,99302.58119548605,0.6357142857142857,12908,5 29 396 612 28 1526 90,0.3333333333333333 0.3010752688172043 0.869757174392936 1.0 0.4375 1.0 1.0,373193.1819589831,0.5767857142857142,12101,0 1 455 498 62 1350 75,0.0 0.0 1.0 0.8134206219312602 0.96875 0.879286694101509 0.8863636363636364,10919.97485250864,0.7839285714285714,14247,1 30 250 157 19 1107 68,0.06666666666666667 0.3118279569892473 0.5474613686534217 0.2553191489361702 0.296875 0.7126200274348422 0.8333333333333334,103617.04223466947,0.6357142857142857,12222,2 5 6 25 0 112 -23,0.13333333333333333 0.043010752688172046 0.008830022075055188 0.03927986906710311 0.0 0.03017832647462277 0.14393939393939395,137762.43441462688,0.10178571428571428,3513
resolved-p28d-3600-all/resolved-p28d-3600-1st/nsp-n40-d28-r0.10-rp2-fp2-s6,1 10 0 2 0 228 -109,0.0 0.0 0.0 0.0 0.0 0.0016568483063328424 0.07692307692307693,0.09349155998640535,0.13303571428571428,1745,1 11 0 6 0 249 -116,0.0 0.004484304932735426 0.0 0.0005759539236861051 0.0 0.005522827687776142 0.04700854700854701,449.108684021115,0.09553571428571428,1476,1 12 0 13 0 259 -103,0.0 0.008968609865470852 0.0 0.0015838732901367891 0.0 0.007363770250368188 0.10256410256410256,898.6210616422898,0.0625,1236,16 12 0 18 0 219 -126,1.0 0.008968609865470852 0.0 0.0023038156947444203 0.0 0.0 0.004273504273504274,1000899.1690757461,0.016964285714285713,1,14 31 6 40 1 245 -123,0.8666666666666667 0.09417040358744394 0.00364741641337386 0.005471562275017999 0.012048192771084338 0.004786450662739323 0.017094017094017096,876126.9225296207,0.03482142857142857,70,13 14 0 8 0 248 -127,0.8 0.017937219730941704 0.0 0.0008639308855291577 0.0 0.005338733431516937 0.0,801794.6392913141,0.033928571428571426,256,16 12 0 18 0 219 -126,1.0 0.008968609865470852 0.0 0.0023038156947444203 0.0 0.0 0.004273504273504274,1000899.1690757461,0.016964285714285713,1,8 223 182 330 25 752 -81,0.4666666666666667 0.9551569506726457 0.11063829787234042 0.04722822174226062 0.30120481927710846 0.09812223858615611 0.19658119658119658,563367.2712199071,0.24285714285714285,442,9 42 2 34 1 264 -115,0.5333333333333333 0.14349775784753363 0.0012158054711246201 0.0046076313894888405 0.012048192771084338 0.008284241531664212 0.05128205128205128,547701.2137479312,0.04732142857142857,539,16 12 0 18 0 219 -126,1.0 0.008968609865470852 0.0 0.0023038156947444203 0.0 0.0 0.004273504273504274,1000899.1690757461,0.016964285714285713,1,10 233 383 489 83 1162 -11,0.6 1.0 0.23282674772036474 0.0701223902087833 1.0 0.17360088365243004 0.49572649572649574,702500.6216027447,0.50625,743,13 35 34 59 8 317 -118,0.8 0.11210762331838565 0.02066869300911854 0.008207343412526998 0.0963855421686747 0.01804123711340206 0.038461538461538464,811435.5140334688,0.0625,359,15 41 1645 6947 11 5651 68,0.9333333333333333 0.13901345291479822 1.0 1.0 0.13253012048192772 1.0 0.8333333333333334,958258.7649701947,0.6303571428571428,5083,12 19 1503 5846 16 5341 92,0.7333333333333333 0.04035874439461883 0.9136778115501519 0.8414686825053995 0.1927710843373494 0.9429307805596465 0.9358974358974359,747377.0968844773,0.6910714285714286,4810,10 18 1390 4990 9 5038 93,0.6 0.03587443946188341 0.8449848024316109 0.718214542836573 0.10843373493975904 0.8871502209131075 0.9401709401709402,612776.1615599843,0.6660714285714285,6843,15 40 1625 6654 10 5613 68,0.9333333333333333 0.13452914798206278 0.9878419452887538 0.9578113750899928 0.12048192771084337 0.9930044182621502 0.8333333333333334,957645.2905298042,0.6303571428571428,5304,11 17 1455 4220 20 5168 99,0.6666666666666666 0.03139013452914798 0.8844984802431611 0.6073434125269979 0.24096385542168675 0.9110824742268041 0.9658119658119658,679292.1813567902,0.6910714285714286,5399,10 18 1364 4939 9 4951 107,0.6 0.03587443946188341 0.8291793313069908 0.7108711303095753 0.10843373493975904 0.8711340206185567 1.0,612610.663103268,0.6660714285714285,7070,1 15 0 15 0 262 -109,0.0 0.02242152466367713 0.0 0.0018718502519798417 0.0 0.007916053019145802 0.07692307692307693,2244.1804002268073,0.04732142857142857,936
resolved-p28d-3600-all/resolved-p28d-3600-1st/nsp-n30-d28-r0.10-rp2-fp2-s1,0 3 4 66 12 717 -26,0.0 0.016574585635359115 0.0 0.0 0.07352941176470588 0.0 0.044642857142857144,1664.8561475695249,0.19047619047619047,2697,0 3 4 118 36 849 -31,0.0 0.016574585635359115 0.0 0.01628052598622417 0.4264705882352941 0.04969879518072289 0.0,1716.8831362974722,0.13333333333333333,2394,0 3 4 125 29 845 -21,0.0 0.016574585635359115 0.0 0.018472135253600502 0.3235294117647059 0.04819277108433735 0.08928571428571429,1708.8548533911116,0.12380952380952381,2422,18 6 7 169 47 957 -8,0.9473684210526315 0.03314917127071823 0.0036809815950920245 0.03224796493425172 0.5882352941176471 0.09036144578313253 0.20535714285714285,950812.328461601,0.013095238095238096,1,8 169 131 406 59 1233 -16,0.42105263157894735 0.9337016574585635 0.1558282208588957 0.10644959298685035 0.7647058823529411 0.19427710843373494 0.13392857142857142,516166.07641427056,0.2916666666666667,597,6 108 190 443 63 1523 11,0.3157894736842105 0.5966850828729282 0.2282208588957055 0.11803381340012524 0.8235294117647058 0.30346385542168675 0.375,377943.9869535912,0.28095238095238095,888,18 6 7 169 47 957 -8,0.9473684210526315 0.03314917127071823 0.0036809815950920245 0.03224796493425172 0.5882352941176471 0.09036144578313253 0.20535714285714285,950812.328461601,0.013095238095238096,1,9 181 247 477 75 1483 5,0.47368421052631576 1.0 0.298159509202454 0.12867877269881026 1.0 0.2884036144578313 0.32142857142857145,576897.6898557552,0.27976190476190477,917,9 118 233 359 65 1517 -11,0.47368421052631576 0.6519337016574586 0.2809815950920245 0.09173450219160927 0.8529411764705882 0.30120481927710846 0.17857142857142858,541867.6158824419,0.18452380952380953,460,18 6 7 169 47 957 -8,0.9473684210526315 0.03314917127071823 0.0036809815950920245 0.03224796493425172 0.5882352941176471 0.09036144578313253 0.20535714285714285,950812.328461601,0.013095238095238096,1,10 63 66 251 35 1124 -29,0.5263157894736842 0.34806629834254144 0.07607361963190185 0.05792110206637445 0.4117647058823529 0.1532379518072289 0.017857142857142856,561983.8033135729,0.15595238095238095,567,12 152 165 328 49 1173 18,0.631578947368421 0.8397790055248618 0.19754601226993865 0.08202880400751408 0.6176470588235294 0.1716867469879518 0.4375,717678.2559209663,0.28095238095238095,448,19 7 7 172 47 954 -8,1.0 0.03867403314917127 0.0036809815950920245 0.03318722604884158 0.5882352941176471 0.08923192771084337 0.20535714285714285,1003997.3215627486,0.013095238095238096,1075,0 0 561 956 28 2270 62,0.0 0.0 0.6834355828220859 0.27864746399499063 0.3088235294117647 0.5847138554216867 0.8303571428571429,7150.5631408541,0.6773809523809524,4145,0 0 812 3218 7 3361 80,0.0 0.0 0.9914110429447853 0.986850344395742 0.0 0.9954819277108434 0.9910714285714286,10911.906664549275,0.6214285714285714,3830,19 7 7 172 47 954 -8,1.0 0.03867403314917127 0.0036809815950920245 0.03318722604884158 0.5882352941176471 0.08923192771084337 0.20535714285714285,1003997.3215627486,0.013095238095238096,1075,0 0 558 916 30 2266 57,0.0 0.0 0.6797546012269938 0.2661239824671259 0.3382352941176471 0.5832078313253012 0.7857142857142857,7104.111316747796,0.6761904761904762,4224,0 0 819 3260 7 3373 81,0.0 0.0 1.0 1.0 0.0 1.0 1.0,11011.0,0.6214285714285714,3790,0 3 11 135 35 923 -17,0.0 0.016574585635359115 0.008588957055214725 0.021603005635566688 0.4117647058823529 0.07756024096385543 0.125,1807.0282127214994,0.08333333333333333,2178
resolved-p28d-3600-all/resolved-p28d-3600-1st/nsp-n50-d28-r0.10-rp2-fp2-s0,4 209 2109 966 264 4366 -44,0.17391304347826086 0.2361111111111111 0.0 0.234533702677747 0.925 0.06495136491998744 0.0660377358490566,197851.90384343476,0.08142857142857143,3035,1 240 2276 1202 270 4500 -51,0.043478260869565216 0.32222222222222224 0.02922134733158355 0.45244690674053556 0.95 0.10699717602761218 0.0,76541.21344360408,0.04357142857142857,3039,0 257 2303 1306 269 4525 -32,0.0 0.36944444444444446 0.03394575678040245 0.5484764542936288 0.9458333333333333 0.114841543771572 0.1792452830188679,37928.28946059616,0.03642857142857143,2758,23 269 2377 1455 275 4531 -26,1.0 0.4027777777777778 0.04689413823272091 0.6860572483841182 0.9708333333333333 0.11672419203012237 0.2358490566037736,1041531.2628327993,0.013571428571428571,1,17 450 2765 1655 274 4159 -21,0.7391304347826086 0.9055555555555556 0.1147856517935258 0.8707294552169899 0.9666666666666667 0.0 0.2830188679245283,831801.525996851,0.21428571428571427,511,18 484 2883 1795 230 4307 -24,0.782608695652174 1.0 0.13543307086614173 1.0 0.7833333333333333 0.046438657044242236 0.25471698113207547,885042.0787977203,0.26857142857142857,534,23 269 2377 1455 275 4531 -26,1.0 0.4027777777777778 0.04689413823272091 0.6860572483841182 0.9708333333333333 0.11672419203012237 0.2358490566037736,1041531.2628327993,0.013571428571428571,1,19 345 2490 1609 274 4646 -35,0.8260869565217391 0.6138888888888889 0.06666666666666667 0.8282548476454293 0.9666666666666667 0.15280828365233762 0.1509433962264151,889069.1126178396,0.13214285714285715,1080,22 332 2451 1601 282 4607 -41,0.9565217391304348 0.5777777777777777 0.05984251968503937 0.8208679593721145 1.0 0.14057106997176028 0.09433962264150944,1015820.3101147575,0.11142857142857143,807,23 269 2377 1455 275 4531 -26,1.0 0.4027777777777778 0.04689413823272091 0.6860572483841182 0.9708333333333333 0.11672419203012237 0.2358490566037736,1041531.2628327993,0.013571428571428571,1,17 399 2826 1764 262 4701 -34,0.7391304347826086 0.7638888888888888 0.12545931758530185 0.971375807940905 0.9166666666666666 0.17006589268904926 0.16037735849056603,817838.8203582435,0.1742857142857143,747,19 289 2261 1394 251 4268 -30,0.8260869565217391 0.4583333333333333 0.026596675415573052 0.6297322253000923 0.8708333333333333 0.03420144336366489 0.19811320754716982,872903.6122955028,0.04214285714285714,728,23 269 2377 1455 275 4531 -26,1.0 0.4027777777777778 0.04689413823272091 0.6860572483841182 0.9708333333333333 0.11672419203012237 0.2358490566037736,1041531.2628327993,0.013571428571428571,1685,19 124 4949 849 94 6824 40,0.8260869565217391 0.0 0.4969378827646544 0.1265004616805171 0.21666666666666667 0.8362096015061186 0.8584905660377359,831213.723064314,0.8035714285714286,4049,21 153 4023 896 119 6440 55,0.9130434782608695 0.08055555555555556 0.33490813648293966 0.1698984302862419 0.32083333333333336 0.7157201129588955 1.0,924658.2541460036,0.7978571428571428,4229,23 269 2377 1455 275 4531 -26,1.0 0.4027777777777778 0.04689413823272091 0.6860572483841182 0.9708333333333333 0.11672419203012237 0.2358490566037736,1041531.2628327993,0.013571428571428571,1685,23 128 7824 712 42 7346 40,1.0 0.011111111111111112 1.0 0.0 0.0 1.0 0.8584905660377359,1011121.9696016771,0.8042857142857143,2730,21 153 3877 904 100 6408 54,0.9130434782608695 0.08055555555555556 0.3093613298337708 0.1772853185595568 0.24166666666666667 0.7056793222466269 0.9905660377358491,924402.1464592492,0.7978571428571428,4523,0 254 2277 1289 266 4560 -31,0.0 0.3611111111111111 0.029396325459317585 0.5327793167128347 0.9333333333333333 0.12582365861311579 0.18867924528301888,37032.63393158187,0.03571428571428571,2774
resolved-p28d-3600-all/resolved-p28d-3600-1st/nsp-n50-d28-r0.10-rp2-fp2-s9,0 0 0 0 0 452 -131,0.0 0.0 0.0 0.0 0.0 0.0 0.3333333333333333,0.3333333333333333,0.19142857142857142,333,0 0 0 0 0 452 -131,0.0 0.0 0.0 0.0 0.0 0.0 0.3333333333333333,0.3333333333333333,0.1692857142857143,178,0 0 0 0 0 472 -125,0.0 0.0 0.0 0.0 0.0 0.017905102954341987 0.48717948717948717,0.666230516722907,0.15,92,0 0 0 0 0 643 -126,0.0 0.0 0.0 0.0 0.0 0.170993733213966 0.46153846153846156,2.1714757936781215,0.13,16,0 0 0 0 0 512 -118,0.0 0.0 0.0 0.0 0.0 0.05371530886302596 0.6666666666666666,1.203819755296926,0.33,8,0 0 0 0 0 651 -123,0.0 0.0 0.0 0.0 0.0 0.17815577439570277 0.5384615384615384,2.320019282418566,0.14214285714285715,19,0 0 0 0 0 702 -119,0.0 0.0 0.0 0.0 0.0 0.22381378692927484 0.6410256410256411,2.8791635103183895,0.14642857142857144,25,0 0 0 0 0 521 -118,0.0 0.0 0.0 0.0 0.0 0.06177260519247986 0.6666666666666666,1.2843927185914652,0.2978571428571429,12,0 0 0 0 0 667 -118,0.0 0.0 0.0 0.0 0.0 0.19247985675917637 0.6666666666666666,2.5914652342584303,0.1407142857142857,23,0 0 0 0 0 707 -120,0.0 0.0 0.0 0.0 0.0 0.22829006266786034 0.6153846153846154,2.898285242063219,0.13642857142857143,20,0 0 0 0 0 535 -131,0.0 0.0 0.0 0.0 0.0 0.07430617726051925 0.3333333333333333,1.0763951059385257,0.31,9,0 0 0 0 0 678 -113,0.0 0.0 0.0 0.0 0.0 0.20232766338406447 0.7948717948717948,2.818148428712439,0.14857142857142858,18,0 0 0 0 0 1503 -105,0.0 0.0 0.0 0.0 0.0 0.9409131602506714 1.0,10.409131602506713,0.4635714285714286,22,0 0 0 0 0 1346 -119,0.0 0.0 0.0 0.0 0.0 0.8003581020590869 0.6410256410256411,8.644606661616509,0.4692857142857143,56,0 0 0 0 0 1569 -125,0.0 0.0 0.0 0.0 0.0 1.0 0.48717948717948717,10.487179487179487,0.46285714285714286,22,0 0 0 0 0 1503 -105,0.0 0.0 0.0 0.0 0.0 0.9409131602506714 1.0,10.409131602506713,0.4635714285714286,22,0 0 0 0 0 1346 -119,0.0 0.0 0.0 0.0 0.0 0.8003581020590869 0.6410256410256411,8.644606661616509,0.4692857142857143,56,0 0 0 0 0 1512 -111,0.0 0.0 0.0 0.0 0.0 0.9489704565801254 0.8461538461538461,10.335858411955101,0.46,34,0 0 0 0 0 528 -144,0.0 0.0 0.0 0.0 0.0 0.06803939122649955 0.0,0.6803939122649955,0.17714285714285713,16
resolved-p28d-3600-all/resolved-p28d-3600-2nd/nsp-n50-d28-r0.10-rp2-fp2-s8,5 182 3388 1256 418 5784 -35,0.0 0.012875536480686695 0.0 0.19280442804428044 0.892128279883382 0.09470304975922954 0.0,1570.5179345988804,0.05071428571428571,3456,10 186 3691 1336 433 6134 -29,0.17857142857142858 0.030042918454935622 0.28638941398865786 0.2666051660516605 0.9358600583090378 0.6565008025682183 0.046511627906976744,184806.41724834486,0.03642857142857143,3556,13 194 3643 1342 441 6103 -26,0.2857142857142857 0.06437768240343347 0.24102079395085066 0.272140221402214 0.9591836734693877 0.6067415730337079 0.06976744186046512,294936.4576660589,0.032857142857142856,2797,33 208 3761 1524 439 6250 -21,1.0 0.12446351931330472 0.35255198487712663 0.44003690036900367 0.9533527696793003 0.8426966292134831 0.10852713178294573,1016515.7794508626,0.008571428571428572,1,30 217 3632 1519 439 6048 -29,0.8928571428571429 0.1630901287553648 0.23062381852551986 0.4354243542435424 0.9533527696793003 0.5184590690208668 0.046511627906976744,912008.3846514642,0.02214285714285714,112,26 378 4429 2131 442 6348 -14,0.75 0.8540772532188842 0.9839319470699432 1.0 0.9620991253644315 1.0 0.16279069767441862,846353.417495822,0.22714285714285715,213,33 208 3761 1524 439 6250 -21,1.0 0.12446351931330472 0.35255198487712663 0.44003690036900367 0.9533527696793003 0.8426966292134831 0.10852713178294573,1016515.7794508626,0.008571428571428572,1,30 271 3878 1638 423 6164 -19,0.8928571428571429 0.3948497854077253 0.46313799621928164 0.5452029520295203 0.9067055393586005 0.7046548956661316 0.12403100775193798,937616.5454460381,0.09357142857142857,105,32 264 3503 1370 374 5725 -33,0.9642857142857143 0.3648068669527897 0.10869565217391304 0.29797047970479706 0.7638483965014577 0.0 0.015503875968992248,1002227.7283259634,0.10285714285714286,48,33 208 3761 1524 439 6250 -21,1.0 0.12446351931330472 0.35255198487712663 0.44003690036900367 0.9533527696793003 0.8426966292134831 0.10852713178294573,1016515.7794508626,0.008571428571428572,1,31 399 3671 1794 332 5959 -6,0.9285714285714286 0.944206008583691 0.2674858223062382 0.6891143911439115 0.641399416909621 0.3756019261637239 0.2248062015503876,1026424.1228111582,0.27,425,29 412 4446 1994 455 6018 -15,0.8571428571428571 1.0 1.0 0.8736162361623616 1.0 0.47030497592295345 0.15503875968992248,968121.3314675384,0.27714285714285714,205,33 208 3761 1524 439 6250 -21,1.0 0.12446351931330472 0.35255198487712663 0.44003690036900367 0.9533527696793003 0.8426966292134831 0.10852713178294573,1016515.7794508626,0.008571428571428572,684,18 179 3560 1054 232 6212 94,0.4642857142857143 0.0 0.16257088846880907 0.006457564575645757 0.3498542274052478 0.7817014446227929 1.0,465961.68317216483,0.8128571428571428,4736,21 195 4391 1055 112 6077 60,0.5714285714285714 0.06866952789699571 0.9480151228733459 0.007380073800738007 0.0 0.565008025682183 0.7364341085271318,587789.4420351705,0.8042857142857143,4160,33 208 3761 1524 439 6250 -21,1.0 0.12446351931330472 0.35255198487712663 0.44003690036900367 0.9533527696793003 0.8426966292134831 0.10852713178294573,1016515.7794508626,0.008571428571428572,684,18 180 3599 1058 232 6270 90,0.4642857142857143 0.004291845493562232 0.1994328922495274 0.01014760147601476 0.3498542274052478 0.8747993579454254 0.9689922480620154,466764.07776760985,0.8128571428571428,4563,19 202 4353 1047 115 6002 82,0.5 0.09871244635193133 0.9120982986767486 0.0 0.008746355685131196 0.4446227929373997 0.9069767441860465,518998.4554622027,0.8042857142857143,4419,10 190 3600 1362 420 5988 -26,0.17857142857142858 0.04721030042918455 0.2003780718336484 0.29059040590405905 0.8979591836734694 0.42215088282504015 0.06976744186046512,185680.91693322503,0.03214285714285714,3113
resolved-p28d-3600-all/resolved-p28d-3600-2nd/nsp-n30-d28-r0.10-rp2-fp2-s5,0 3 2 85 4 743 3,0.0 0.01694915254237288 0.0 0.0 0.03508771929824561 0.0 0.0,1698.4240261671127,0.22142857142857142,1981,0 5 24 182 19 1137 20,0.0 0.02824858757062147 0.021153846153846155 0.022412199630314232 0.2982456140350877 0.15791583166332665 0.2537313432835821,3090.4668692943487,0.07857142857142857,1775,0 5 27 194 21 1150 26,0.0 0.02824858757062147 0.02403846153846154 0.025184842883548983 0.3333333333333333 0.16312625250501003 0.34328358208955223,3125.7360947707843,0.06904761904761905,1715,14 4 3 170 22 1091 28,0.9333333333333333 0.022598870056497175 0.0009615384615384616 0.01963955637707948 0.3508771929824561 0.13947895791583168 0.373134328358209,935659.3309231813,0.014285714285714285,1,5 143 189 482 46 1742 19,0.3333333333333333 0.807909604519774 0.1798076923076923 0.09172828096118299 0.7719298245614035 0.4004008016032064 0.23880597014925373,416095.5347857911,0.21428571428571427,1570,6 138 121 289 47 1428 15,0.4 0.7796610169491526 0.11442307692307692 0.04713493530499076 0.7894736842105263 0.2745490981963928 0.1791044776119403,479239.3393633316,0.25357142857142856,1508,14 4 3 170 22 1091 28,0.9333333333333333 0.022598870056497175 0.0009615384615384616 0.01963955637707948 0.3508771929824561 0.13947895791583168 0.373134328358209,935659.3309231813,0.014285714285714285,1,5 177 311 515 59 1850 10,0.3333333333333333 1.0 0.2971153846153846 0.09935304990757855 1.0 0.443687374749499 0.1044776119402985,436508.3815807542,0.31785714285714284,1472,3 144 181 385 49 1597 18,0.2 0.8135593220338984 0.17211538461538461 0.06931608133086876 0.8245614035087719 0.34228456913827654 0.22388059701492538,283232.50499751384,0.22142857142857142,2902,14 4 3 170 22 1091 28,0.9333333333333333 0.022598870056497175 0.0009615384615384616 0.01963955637707948 0.3508771929824561 0.13947895791583168 0.373134328358209,935659.3309231813,0.014285714285714285,1,3 125 167 329 54 1734 27,0.2 0.7062146892655368 0.15865384615384615 0.056377079482439925 0.9122807017543859 0.3971943887775551 0.3582089552238806,272359.942690593,0.2619047619047619,1252,7 144 248 325 48 1783 21,0.4666666666666667 0.8135593220338984 0.23653846153846153 0.05545286506469501 0.8070175438596491 0.4168336673346693 0.26865671641791045,550528.5750982816,0.3047619047619048,757,14 4 3 170 22 1091 28,0.9333333333333333 0.022598870056497175 0.0009615384615384616 0.01963955637707948 0.3508771929824561 0.13947895791583168 0.373134328358209,935659.3309231813,0.014285714285714285,1045,0 0 725 1334 12 2480 21,0.0 0.0 0.6951923076923077 0.2885859519408503 0.17543859649122806 0.696192384769539 0.26865671641791045,7265.283469077162,0.6630952380952381,3765,0 0 1042 4413 2 3238 9,0.0 0.0 1.0 1.0 0.0 1.0 0.08955223880597014,11010.089552238805,0.6047619047619047,2753,15 4 5 169 22 1100 28,1.0 0.022598870056497175 0.0028846153846153848 0.019408502772643253 0.3508771929824561 0.14308617234468937 0.373134328358209,1002345.0333776185,0.014285714285714285,1044,0 0 660 1252 15 2273 59,0.0 0.0 0.6326923076923077 0.2696395563770795 0.22807017543859648 0.6132264529058116 0.835820895522388,6626.337736268596,0.6630952380952381,4428,0 0 748 2562 6 2753 70,0.0 0.0 0.7173076923076923 0.5723197781885397 0.07017543859649122 0.8056112224448898 1.0,7761.470357349561,0.6178571428571429,4343,0 6 19 171 16 1078 26,0.0 0.03389830508474576 0.016346153846153847 0.019870609981515713 0.24561403508771928 0.1342685370741483 0.34328358208955223,3599.4100293792335,0.07261904761904762,1121
resolved-p28d-3600-all/resolved-p28d-3600-2nd/nsp-n40-d28-r0.10-rp2-fp2-s1,1 12 5 25 0 668 -116,0.0 0.008695652173913044 0.002886836027713626 0.0007751937984496124 0.0 0.004793863854266539 0.030303030303030304,899.287013135736,0.07232142857142858,6525,1 11 9 31 1 741 -115,0.0 0.004347826086956522 0.005196304849884526 0.0015503875968992248 0.02564102564102564 0.01879194630872483 0.03636363636363636,491.0844304549501,0.05625,7195,1 11 15 31 1 820 -115,0.0 0.004347826086956522 0.008660508083140877 0.0015503875968992248 0.02564102564102564 0.0339405560882071 0.03636363636363636,525.8779488853085,0.045535714285714284,6851,18 13 0 19 1 704 -108,1.0 0.013043478260869565 0.0 0.0 0.02564102564102564 0.011697027804410355 0.07878787878787878,1001307.1076868079,0.014285714285714285,1,15 49 22 36 1 657 -121,0.8235294117647058 0.16956521739130434 0.012702078521939953 0.0021963824289405686 0.02564102564102564 0.0026845637583892616 0.0,840617.7416196862,0.05178571428571429,500,12 152 162 242 18 784 -88,0.6470588235294118 0.6173913043478261 0.09353348729792148 0.02881136950904393 0.46153846153846156 0.02703739213806328 0.2,709808.7244267579,0.18214285714285713,989,18 13 0 19 1 704 -108,1.0 0.013043478260869565 0.0 0.0 0.02564102564102564 0.011697027804410355 0.07878787878787878,1001307.1076868079,0.014285714285714285,1,14 61 13 81 4 643 -105,0.7647058823529411 0.2217391304347826 0.007505773672055427 0.008010335917312662 0.10256410256410256 0.0 0.09696969696969697,786973.2168490106,0.05714285714285714,632,12 240 416 509 39 1035 -53,0.6470588235294118 1.0 0.24018475750577367 0.06330749354005168 1.0 0.07516778523489932 0.4121212121212121,749625.142397074,0.2767857142857143,182,18 13 0 19 1 704 -108,1.0 0.013043478260869565 0.0 0.0 0.02564102564102564 0.011697027804410355 0.07878787878787878,1001307.1076868079,0.014285714285714285,1,15 52 32 80 3 785 -110,0.8235294117647058 0.1826086956521739 0.018475750577367205 0.007881136950904392 0.07692307692307693 0.02722914669223394 0.06666666666666667,841990.9512384736,0.05267857142857143,405,15 44 13 60 1 685 -113,0.8235294117647058 0.14782608695652175 0.007505773672055427 0.005297157622739018 0.02564102564102564 0.008053691275167786 0.048484848484848485,838395.0684790266,0.05178571428571429,439,15 26 1549 5963 8 5486 44,0.8235294117647058 0.06956521739130435 0.8943418013856813 0.7679586563307493 0.20512820512820512 0.9286673058485139 1.0,840228.1096675951,0.6017857142857143,6131,12 18 1677 7759 6 5805 24,0.6470588235294118 0.034782608695652174 0.9682448036951501 1.0 0.15384615384615385 0.989837008628955 0.8787878787878788,661245.6942092782,0.6705357142857142,5032,11 14 1732 6675 8 5855 2,0.5882352941176471 0.017391304347826087 1.0 0.8599483204134367 0.20512820512820512 0.999424736337488 0.7454545454545455,600865.6253952648,0.6446428571428572,5139,18 30 1642 6820 6 5568 27,1.0 0.08695652173913043 0.9480369515011547 0.8786821705426356 0.15384615384615385 0.9443911792905082 0.896969696969697,1019080.4293563417,0.6035714285714285,5711,11 20 1608 7087 11 5675 39,0.5882352941176471 0.043478260869565216 0.9284064665127021 0.9131782945736434 0.28205128205128205 0.9649089165867689 0.9696969696969697,602819.187078645,0.6705357142857142,5477,11 14 1731 6675 8 5858 6,0.5882352941176471 0.017391304347826087 0.9994226327944573 0.8599483204134367 0.20512820512820512 1.0 0.7696969696969697,600859.8817182702,0.6446428571428572,5152,1 10 14 30 1 820 -114,0.0 0.0 0.008083140877598153 0.001421188630490956 0.02564102564102564 0.0339405560882071 0.04242424242424243,85.19852977388136,0.04375,7954
resolved-p28d-3600-all/resolved-p28d-3600-2nd/nsp-n30-d28-r0.10-rp2-fp2-s4,1 9 0 2 0 119 -104,0.0 0.046153846153846156 0.0 0.0 0.0 0.0 0.0,4615.384615384615,0.20952380952380953,1157,1 10 0 2 0 139 -78,0.0 0.05384615384615385 0.0 0.0 0.0 0.007493443237167478 0.1111111111111111,5384.801430158867,0.11785714285714285,1524,1 10 0 4 0 147 -85,0.0 0.05384615384615385 0.0 0.0005975500448162533 0.0 0.01049082053203447 0.0811965811965812,5385.399039446718,0.10476190476190476,1426,11 10 2 26 0 143 -86,1.0 0.05384615384615385 0.0023121387283236996 0.00717060053779504 0.0 0.008992131884600974 0.07692307692307693,1005415.0742168322,0.02023809523809524,1,8 18 4 33 0 169 -83,0.7 0.11538461538461539 0.004624277456647399 0.009262025694651926 0.0 0.018733608092918696 0.08974358974358974,711594.2434183933,0.0380952380952381,356,5 133 96 185 10 391 -55,0.4 1.0 0.11098265895953757 0.05467582910068718 0.47619047619047616 0.10191082802547771 0.2094017094017094,501213.34997630474,0.20476190476190476,439,11 10 2 26 0 143 -86,1.0 0.05384615384615385 0.0023121387283236996 0.00717060053779504 0.0 0.008992131884600974 0.07692307692307693,1005415.0742168322,0.02023809523809524,1,1 57 206 175 21 550 -52,0.0 0.4153846153846154 0.23815028901734103 0.05168807887660592 1.0 0.16148370176095916 0.2222222222222222,44073.489566751385,0.2392857142857143,850,6 13 31 74 2 280 -67,0.5 0.07692307692307693 0.035838150289017344 0.02151180161338512 0.09523809523809523 0.0603222180591982 0.1581196581196581,508082.48614817375,0.08452380952380953,496,11 10 2 26 0 143 -86,1.0 0.05384615384615385 0.0023121387283236996 0.00717060053779504 0.0 0.008992131884600974 0.07692307692307693,1005415.0742168322,0.02023809523809524,1,7 17 30 61 6 261 -62,0.6 0.1076923076923077 0.03468208092485549 0.017627726322079474 0.2857142857142857 0.0532034469838891 0.1794871794871795,611162.9622550221,0.10238095238095238,3764,7 30 15 62 6 192 -84,0.6 0.2076923076923077 0.017341040462427744 0.0179265013444876 0.2857142857142857 0.027351067815661295 0.08547008547008547,620989.4980845345,0.055952380952380955,1280,11 48 865 2594 10 2756 124,1.0 0.34615384615384615 1.0 0.7744248580818643 0.47619047619047616 0.988010490820532 0.9743589743589743,1045448.282984968,0.6011904761904762,5479,7 3 728 3349 13 2765 92,0.6 0.0 0.8416184971098266 1.0 0.6190476190476191 0.9913825402772574 0.8376068376068376,609488.8411652434,0.6654761904761904,8713,6 5 822 1871 13 2787 63,0.5 0.015384615384615385 0.9502890173410404 0.5584105168807888 0.6190476190476191 0.9996253278381416 0.7136752136752137,511672.37691914954,0.6464285714285715,9275,11 49 861 2597 10 2736 130,1.0 0.35384615384615387 0.9953757225433526 0.7753211831490887 0.47619047619047616 0.9805170475833646 1.0,1046172.1180112929,0.6011904761904762,5433,7 3 719 3311 13 2745 92,0.6 0.0 0.8312138728323699 0.9886465491484911 0.6190476190476191 0.9838890970400899 0.8376068376068376,609373.3665371849,0.6654761904761904,8930,6 5 822 1872 13 2788 70,0.5 0.015384615384615385 0.9502890173410404 0.5587092919031968 0.6190476190476191 1.0 0.7435897435897436,511672.7093554235,0.6464285714285715,9259,1 10 0 17 0 163 -83,0.0 0.05384615384615385 0.0 0.0044816253361219 0.0 0.016485575121768452 0.08974358974358974,5389.351609292468,0.06547619047619048,1236
resolved-p28d-3600-all/resolved-p28d-3600-2nd/nsp-n10-d28-r0.10-rp0-fp0-s5,0 0 2 0 0 119 -48,0.0 0.0 0.0 0.0 0.0 0.1650485436893204 0.0,1.650485436893204,0.3607142857142857,842,0 0 2 0 0 119 -39,0.0 0.0 0.0 0.0 0.0 0.1650485436893204 0.3103448275862069,1.960830264479411,0.26071428571428573,1141,0 0 2 0 0 120 -32,0.0 0.0 0.0 0.0 0.0 0.17475728155339806 0.5517241379310345,2.2992969534650154,0.29642857142857143,1142,6 1 3 3 0 102 -37,0.8571428571428571 1.0 0.5 0.3333333333333333 0.0 0.0 0.3793103448275862,962476.5697865352,0.014285714285714285,1,0 0 2 0 0 131 -26,0.0 0.0 0.0 0.0 0.0 0.2815533980582524 0.7586206896551724,3.5741546702376965,0.44285714285714284,3100,0 0 2 0 0 140 -32,0.0 0.0 0.0 0.0 0.0 0.36893203883495146 0.5517241379310345,4.241044526280549,0.1357142857142857,8794,6 1 3 3 0 102 -37,0.8571428571428571 1.0 0.5 0.3333333333333333 0.0 0.0 0.3793103448275862,962476.5697865352,0.014285714285714285,1,0 0 2 0 0 136 -30,0.0 0.0 0.0 0.0 0.0 0.3300970873786408 0.6206896551724138,3.921660528958822,0.5071428571428571,3062,0 0 2 0 0 132 -37,0.0 0.0 0.0 0.0 0.0 0.2912621359223301 0.3793103448275862,3.291931704050887,0.125,2787,6 1 3 3 0 102 -37,0.8571428571428571 1.0 0.5 0.3333333333333333 0.0 0.0 0.3793103448275862,962476.5697865352,0.014285714285714285,1,0 0 2 0 0 138 -27,0.0 0.0 0.0 0.0 0.0 0.34951456310679613 0.7241379310344828,4.2192835621024445,0.4142857142857143,11297,0 0 2 2 0 181 -35,0.0 0.0 0.0 0.2222222222222222 0.0 0.7669902912621359 0.4482758620689655,230.34040099691254,0.15357142857142858,8876,7 1 4 9 0 102 -37,1.0 1.0 1.0 1.0 0.0 0.0 0.3793103448275862,1111000.3793103448,0.014285714285714285,342,0 0 2 0 0 130 -25,0.0 0.0 0.0 0.0 0.0 0.27184466019417475 0.7931034482758621,3.5115500502176094,0.6642857142857143,6367,0 0 2 0 0 205 -19,0.0 0.0 0.0 0.0 0.0 1.0 1.0,11.0,0.5285714285714286,4593,6 1 3 3 0 102 -37,0.8571428571428571 1.0 0.5 0.3333333333333333 0.0 0.0 0.3793103448275862,962476.5697865352,0.014285714285714285,344,0 0 2 0 0 130 -24,0.0 0.0 0.0 0.0 0.0 0.27184466019417475 0.8275862068965517,3.546032808838299,0.6535714285714286,6364,0 0 2 0 0 205 -19,0.0 0.0 0.0 0.0 0.0 1.0 1.0,11.0,0.5285714285714286,4593,0 0 2 0 0 128 -35,0.0 0.0 0.0 0.0 0.0 0.2524271844660194 0.4482758620689655,2.9725477067291592,0.16071428571428573,1280
resolved-p28d-3600-all/resolved-p28d-3600-2nd/nsp-n10-d28-r0.10-rp0-fp0-s0,0 3 0 0 0 74 -39,0.0 0.4 0.0 0.0 0.0 0.0 0.0,40000.0,0.35,264,0 1 0 0 0 77 -35,0.0 0.0 0.0 0.0 0.0 0.007712082262210797 0.08695652173913043,0.1640773443612384,0.32857142857142857,410,0 1 0 0 0 77 -22,0.0 0.0 0.0 0.0 0.0 0.007712082262210797 0.3695652173913043,0.4466860400134123,0.21428571428571427,406,2 4 1 8 0 76 -28,0.5 0.6 0.027777777777777776 0.14035087719298245 0.0 0.005141388174807198 0.2391304347826087,560418.4191992873,0.025,1,0 1 0 0 0 92 -18,0.0 0.0 0.0 0.0 0.0 0.04627249357326478 0.45652173913043476,0.9192466748630825,0.38571428571428573,572,0 1 0 0 0 94 -29,0.0 0.0 0.0 0.0 0.0 0.05141388174807198 0.21739130434782608,0.7315301218285458,0.08571428571428572,991,2 4 1 8 0 76 -28,0.5 0.6 0.027777777777777776 0.14035087719298245 0.0 0.005141388174807198 0.2391304347826087,560418.4191992873,0.025,1,0 1 0 0 0 98 -19,0.0 0.0 0.0 0.0 0.0 0.061696658097686374 0.43478260869565216,1.051749189672516,0.4035714285714286,1793,0 1 0 0 0 94 -29,0.0 0.0 0.0 0.0 0.0 0.05141388174807198 0.21739130434782608,0.7315301218285458,0.08571428571428572,526,2 4 1 8 0 76 -28,0.5 0.6 0.027777777777777776 0.14035087719298245 0.0 0.005141388174807198 0.2391304347826087,560418.4191992873,0.025,1,0 1 0 0 0 103 -13,0.0 0.0 0.0 0.0 0.0 0.07455012853470437 0.5652173913043478,1.3107186766513914,0.36428571428571427,2253,0 1 0 0 0 94 -29,0.0 0.0 0.0 0.0 0.0 0.05141388174807198 0.21739130434782608,0.7315301218285458,0.08571428571428572,538,4 6 1 15 0 79 -28,1.0 1.0 0.027777777777777776 0.2631578947368421 0.0 0.012853470437017995 0.2391304347826087,1100541.3033376539,0.025,359,0 2 36 44 21 431 -5,0.0 0.2 1.0 0.7719298245614035 1.0 0.9177377892030848 0.7391304347826086,30881.846332888217,0.7142857142857143,21883,0 2 26 46 12 381 7,0.0 0.2 0.7222222222222222 0.8070175438596491 0.5714285714285714 0.7892030848329049 1.0,28095.27465407306,0.6035714285714285,23780,2 4 1 8 0 76 -28,0.5 0.6 0.027777777777777776 0.14035087719298245 0.0 0.005141388174807198 0.2391304347826087,560418.4191992873,0.025,363,0 3 36 57 18 463 -1,0.0 0.4 1.0 1.0 0.8571428571428571 1.0 0.8260869565217391,51096.54037267081,0.6892857142857143,21593,0 2 26 29 13 351 -6,0.0 0.2 0.7222222222222222 0.5087719298245614 0.6190476190476191 0.712082262210797 0.717391304347826,27800.737127878,0.6035714285714285,24114,0 1 0 0 0 84 -19,0.0 0.0 0.0 0.0 0.0 0.02570694087403599 0.43478260869565216,0.6918520174360121,0.17857142857142858,359
resolved-p28d-3600-all/resolved-p28d-3600-2nd/nsp-n30-d28-r0.10-rp2-fp2-s9,1 2 0 1 0 109 -96,0.0 0.0 0.0 0.0 0.0 0.012206572769953052 0.0,0.12206572769953052,0.16666666666666666,2101,1 2 0 4 0 119 -73,0.0 0.0 0.0 0.007575757575757576 0.0 0.0215962441314554 0.1411042944785276,7.932824311550657,0.11547619047619048,2634,1 2 0 8 0 125 -69,0.0 0.0 0.0 0.017676767676767676 0.0 0.027230046948356807 0.1656441717791411,18.114712318030385,0.09523809523809523,2413,17 2 0 5 0 97 -79,0.9411764705882353 0.0 0.0 0.010101010101010102 0.0 0.0009389671361502347 0.10429447852760736,941186.6852824863,0.008333333333333333,1,2 208 340 397 48 667 -37,0.058823529411764705 0.7545787545787546 0.8076009501187649 1.0 0.46153846153846156 0.536150234741784 0.3619631901840491,143409.29168251925,0.3547619047619048,925,2 44 110 119 10 438 -56,0.058823529411764705 0.15384615384615385 0.26128266033254155 0.29797979797979796 0.09615384615384616 0.3211267605633803 0.24539877300613497,77132.02324867932,0.19166666666666668,804,17 2 0 5 0 97 -79,0.9411764705882353 0.0 0.0 0.010101010101010102 0.0 0.0009389671361502347 0.10429447852760736,941186.6852824863,0.008333333333333333,1,10 15 5 23 0 130 -73,0.5294117647058824 0.047619047619047616 0.011876484560570071 0.05555555555555555 0.0 0.03192488262910798 0.1411042944785276,534348.4502220692,0.0380952380952381,550,4 153 110 248 20 543 -18,0.17647058823529413 0.5531135531135531 0.26128266033254155 0.6237373737373737 0.19230769230769232 0.4197183098591549 0.4785276073619632,235042.41400364894,0.3476190476190476,533,17 2 0 5 0 97 -79,0.9411764705882353 0.0 0.0 0.010101010101010102 0.0 0.0009389671361502347 0.10429447852760736,941186.6852824863,0.008333333333333333,1,11 29 5 29 0 133 -72,0.5882352941176471 0.0989010989010989 0.011876484560570071 0.0707070707070707 0.0 0.03474178403755868 0.147239263803681,598315.3705811739,0.030952380952380953,192,7 7 16 49 7 208 -82,0.35294117647058826 0.018315018315018316 0.03800475059382423 0.12121212121212122 0.0673076923076923 0.10516431924882629 0.08588957055214724,355281.8062312343,0.06547619047619048,219,18 2 0 5 0 96 -79,1.0 0.0 0.0 0.010101010101010102 0.0 0.0 0.10429447852760736,1000010.2053045796,0.008333333333333333,1009,18 275 78 307 21 893 39,1.0 1.0 0.18527315914489312 0.7727272727272727 0.20192307692307693 0.748356807511737 0.8282208588957055,1102653.9629608025,0.6059523809523809,8070,12 212 392 366 91 1117 67,0.6470588235294118 0.7692307692307693 0.9311163895486936 0.9217171717171717 0.875 0.9586854460093897 1.0,734312.8683741529,0.6035714285714285,7550,18 2 0 5 0 96 -79,1.0 0.0 0.0 0.010101010101010102 0.0 0.0 0.10429447852760736,1000010.2053045796,0.008333333333333333,1009,18 271 76 280 19 810 53,1.0 0.9853479853479854 0.18052256532066507 0.7045454545454546 0.18269230769230768 0.6704225352112676 0.9141104294478528,1101070.4572091014,0.6059523809523809,8992,11 241 421 375 104 1161 67,0.5882352941176471 0.8754578754578755 1.0 0.9444444444444444 1.0 1.0 1.0,686836.5261078791,0.6035714285714285,8008,2 2 2 10 0 137 -71,0.058823529411764705 0.0 0.004750593824228029 0.022727272727272728 0.0 0.038497652582159626 0.15337423312883436,58894.30097349321,0.06904761904761905,1165
resolved-p28d-3600-all/resolved-p28d-3600-2nd/nsp-n20-d28-r0.10-rp2-fp2-s2,0 0 10 1 0 74 -80,0.0 0.0 0.03773584905660377 0.0 0.0 0.014689265536723164 0.0,377.505383221405,0.22678571428571428,904,1 1 4 2 0 67 -57,0.08333333333333333 0.07692307692307693 0.0 0.0017543859649122807 0.0 0.006779661016949152 0.16428571428571428,91027.62749393038,0.17857142857142858,814,0 0 10 1 0 97 -50,0.0 0.0 0.03773584905660377 0.0 0.0 0.04067796610169491 0.21428571428571427,377.97955594134044,0.1357142857142857,1167,11 2 4 7 0 61 -42,0.9166666666666666 0.15384615384615385 0.0 0.010526315789473684 0.0 0.0 0.2714285714285714,932062.0797956429,0.0125,1,4 13 21 52 2 175 -34,0.3333333333333333 1.0 0.1069182389937107 0.08947368421052632 0.3333333333333333 0.1288135593220339 0.32857142857142857,434526.9394478361,0.10357142857142858,9720,1 12 76 83 5 275 -36,0.08333333333333333 0.9230769230769231 0.4528301886792453 0.14385964912280702 0.8333333333333334 0.24180790960451978 0.3142857142857143,180399.25287508455,0.16964285714285715,3703,11 2 4 7 0 61 -42,0.9166666666666666 0.15384615384615385 0.0 0.010526315789473684 0.0 0.0 0.2714285714285714,932062.0797956429,0.0125,1,7 1 4 11 0 97 -37,0.5833333333333334 0.07692307692307693 0.0 0.017543859649122806 0.0 0.04067796610169491 0.30714285714285716,591043.8988078083,0.05357142857142857,21139,0 0 19 51 1 309 -12,0.0 0.0 0.09433962264150944 0.08771929824561403 0.16666666666666666 0.280225988700565 0.4857142857142857,1051.070165500095,0.20714285714285716,2117,11 2 4 7 0 61 -42,0.9166666666666666 0.15384615384615385 0.0 0.010526315789473684 0.0 0.0 0.2714285714285714,932062.0797956429,0.0125,1,8 5 10 23 0 158 -49,0.6666666666666666 0.38461538461538464 0.03773584905660377 0.03859649122807018 0.0 0.1096045197740113 0.22142857142857142,705545.4775837683,0.07857142857142857,21546,0 0 19 38 1 173 -36,0.0 0.0 0.09433962264150944 0.06491228070175438 0.16666666666666666 0.12655367231638417 0.3142857142857143,1026.554996220965,0.125,1028,12 2 5 7 0 61 -42,1.0 0.15384615384615385 0.006289308176100629 0.010526315789473684 0.0 0.0 0.2714285714285714,1015458.3062107373,0.0125,714,0 0 154 542 4 859 60,0.0 0.0 0.9433962264150944 0.9491228070175438 0.6666666666666666 0.9016949152542373 1.0,10459.768686987696,0.6946428571428571,6391,0 0 163 259 6 946 48,0.0 0.0 1.0 0.45263157894736844 1.0 1.0 0.9142857142857143,10563.545864661653,0.6107142857142858,7073,12 2 4 7 0 61 -42,1.0 0.15384615384615385 0.0 0.010526315789473684 0.0 0.0 0.2714285714285714,1015395.4131289762,0.0125,716,0 0 152 571 5 827 50,0.0 0.0 0.9308176100628931 1.0 0.8333333333333334 0.8655367231638418 0.9285714285714286,10401.093372622474,0.7,6608,0 0 162 220 6 908 35,0.0 0.0 0.9937106918238994 0.38421052631578945 1.0 0.9570621468926553 0.8214285714285714,10431.709494595138,0.6107142857142858,7219,0 0 10 3 0 104 -41,0.0 0.0 0.03773584905660377 0.0035087719298245615 0.0 0.04858757062146893 0.2785714285714286,381.6317096306484,0.07321428571428572,1028
resolved-p28d-3600-all/resolved-p28d-3600-2nd/nsp-n10-d28-r0.10-rp0-fp0-s4,1 5 0 0 0 85 -43,0.25 0.16666666666666666 0.0 0.0 0.0 0.007692307692307693 0.0,266666.74358974356,0.24642857142857144,389,1 5 0 0 0 82 -40,0.25 0.16666666666666666 0.0 0.0 0.0 0.0 0.10714285714285714,266666.7738095238,0.3392857142857143,392,1 5 0 0 0 87 -37,0.25 0.16666666666666666 0.0 0.0 0.0 0.01282051282051282 0.21428571428571427,266667.00915750914,0.2357142857142857,372,2 6 4 4 0 99 -19,0.5 0.20833333333333334 0.10526315789473684 0.04819277108433735 0.0 0.04358974358974359 0.8571428571428571,521935.4507236581,0.025,1,0 1 0 0 0 111 -29,0.0 0.0 0.0 0.0 0.0 0.07435897435897436 0.5,1.2435897435897436,0.4857142857142857,9185,0 1 0 0 0 125 -22,0.0 0.0 0.0 0.0 0.0 0.11025641025641025 0.75,1.8525641025641026,0.16071428571428573,3945,2 6 4 4 0 99 -19,0.5 0.20833333333333334 0.10526315789473684 0.04819277108433735 0.0 0.04358974358974359 0.8571428571428571,521935.4507236581,0.025,1,0 1 0 0 0 107 -27,0.0 0.0 0.0 0.0 0.0 0.0641025641025641 0.5714285714285714,1.2124542124542124,0.5,2530,0 1 0 0 0 121 -22,0.0 0.0 0.0 0.0 0.0 0.1 0.75,1.75,0.15714285714285714,3201,2 6 4 4 0 99 -19,0.5 0.20833333333333334 0.10526315789473684 0.04819277108433735 0.0 0.04358974358974359 0.8571428571428571,521935.4507236581,0.025,1,0 1 0 0 0 113 -27,0.0 0.0 0.0 0.0 0.0 0.07948717948717948 0.5714285714285714,1.3663003663003663,0.45357142857142857,1346,0 1 0 0 0 117 -27,0.0 0.0 0.0 0.0 0.0 0.08974358974358974 0.5714285714285714,1.468864468864469,0.17142857142857143,5651,4 10 2 6 0 97 -19,1.0 0.375 0.05263157894736842 0.07228915662650602 0.0 0.038461538461538464 0.8571428571428571,1038099.8467043419,0.02857142857142857,343,0 25 38 83 18 430 -18,0.0 1.0 1.0 1.0 1.0 0.8923076923076924 0.8928571428571429,111109.81593406593,0.7071428571428572,18358,0 1 0 0 0 191 -26,0.0 0.0 0.0 0.0 0.0 0.2794871794871795 0.6071428571428571,3.402014652014652,0.5892857142857143,15416,2 6 4 4 0 99 -19,0.5 0.20833333333333334 0.10526315789473684 0.04819277108433735 0.0 0.04358974358974359 0.8571428571428571,521935.4507236581,0.025,346,0 1 35 57 14 472 -18,0.0 0.0 0.9210526315789473 0.6867469879518072 0.7777777777777778 1.0 0.8928571428571429,9985.943938661916,0.6964285714285714,21406,0 1 9 6 0 250 -15,0.0 0.0 0.23684210526315788 0.07228915662650602 0.0 0.4307692307692308 1.0,2446.0179015657773,0.6142857142857143,14807,1 5 0 2 0 95 -20,0.25 0.16666666666666666 0.0 0.024096385542168676 0.0 0.03333333333333333 0.8214285714285714,266691.9178141136,0.15714285714285714,260
resolved-p28d-3600-all/resolved-p28d-3600-2nd/nsp-n20-d28-r0.10-rp2-fp2-s4,0 3 4 2 0 78 -62,0.0 0.014925373134328358 0.004796163069544364 0.0 0.0 0.0 0.0,1540.4989441282794,0.26071428571428573,1049,0 1 4 4 0 110 -54,0.0 0.0 0.004796163069544364 0.0014124293785310734 0.0 0.02068519715578539 0.05925925925925926,49.640171304791835,0.15714285714285714,1064,0 3 4 11 0 115 -48,0.0 0.014925373134328358 0.004796163069544364 0.006355932203389831 0.0 0.023917259211376857 0.1037037037037037,1547.1977526274868,0.09107142857142857,1272,9 9 2 10 0 79 -55,1.0 0.05970149253731343 0.0 0.005649717514124294 0.0 0.0006464124111182935 0.05185185185185185,1005975.8572872215,0.019642857142857142,1,0 85 170 232 39 710 1,0.0 0.6268656716417911 0.4028776978417266 0.16242937853107345 0.65 0.40853264382676147 0.4666666666666667,66947.32551423238,0.625,2775,0 47 107 125 27 371 -24,0.0 0.34328358208955223 0.2517985611510791 0.08686440677966102 0.45 0.18939883645765998 0.2814814814814815,36980.38369709173,0.2839285714285714,2974,9 9 2 10 0 79 -55,1.0 0.05970149253731343 0.0 0.005649717514124294 0.0 0.0006464124111182935 0.05185185185185185,1005975.8572872215,0.019642857142857142,1,0 135 134 248 18 608 0,0.0 1.0 0.31654676258992803 0.17372881355932204 0.3 0.34259857789269554 0.45925925925925926,103373.08168449679,0.5803571428571429,1187,0 108 211 184 21 450 -20,0.0 0.7985074626865671 0.5011990407673861 0.1285310734463277 0.35 0.24046541693600518 0.3111111111111111,85028.98351505738,0.38035714285714284,1545,9 9 2 10 0 79 -55,1.0 0.05970149253731343 0.0 0.005649717514124294 0.0 0.0006464124111182935 0.05185185185185185,1005975.8572872215,0.019642857142857142,1,0 68 234 360 55 835 2,0.0 0.5 0.5563549160671463 0.2528248587570621 0.9166666666666666 0.48933419521654814 0.4740740740740741,55913.40810212143,0.5535714285714286,2978,0 77 309 337 60 1061 17,0.0 0.5671641791044776 0.7362110311750599 0.2365819209039548 1.0 0.6354234001292824 0.5851851851851851,64422.04956228879,0.6732142857142858,4906,9 10 419 1418 15 1570 72,1.0 0.06716417910447761 1.0 1.0 0.25 0.9644473173884939 0.9925925925925926,1017752.0549762142,0.6125,13972,1 3 266 325 7 1285 40,0.1111111111111111 0.014925373134328358 0.6330935251798561 0.22810734463276836 0.11666666666666667 0.7802197802197802 0.7555555555555555,119182.9154409997,0.6625,12982,2 3 350 152 7 1625 23,0.2222222222222222 0.014925373134328358 0.8345323741007195 0.1059322033898305 0.11666666666666667 1.0 0.6296296296296297,232188.3117763484,0.6392857142857142,11401,9 10 411 1348 14 1573 73,1.0 0.06716417910447761 0.9808153477218226 0.9505649717514124 0.23333333333333334 0.9663865546218487 1.0,1017509.133558297,0.6125,14248,1 3 264 299 3 1235 41,0.1111111111111111 0.014925373134328358 0.6282973621103117 0.2097457627118644 0.05 0.7478991596638656 0.762962962962963,119109.60976291852,0.6625,13330,2 3 313 118 11 1549 28,0.2222222222222222 0.014925373134328358 0.7458033573141487 0.08192090395480225 0.18333333333333332 0.9508726567550096 0.6666666666666666,231283.22273931888,0.6446428571428572,12062,0 4 4 11 0 108 -49,0.0 0.022388059701492536 0.004796163069544364 0.006355932203389831 0.0 0.019392372333548805 0.0962962962962963,2293.4137530677185,0.08392857142857142,2198
resolved-p28d-3600-all/resolved-p28d-3600-2nd/nsp-n50-d28-r0.10-rp2-fp2-s7,11 660 1240 1283 153 2391 36,0.14285714285714285 0.8102564102564103 0.0 0.0 0.8734939759036144 0.005237887385421213 0.04,223970.2256592481,0.055,3741,13 693 1264 1361 156 2453 50,0.21428571428571427 0.8525641025641025 0.013303769401330377 0.010222804718217562 0.891566265060241 0.014258693438091082 0.152,299774.8362542964,0.035,2903,7 693 1251 1335 151 2432 66,0.0 0.8525641025641025 0.006097560975609756 0.006815203145478375 0.8614457831325302 0.011203259129928707 0.28,85410.73768021638,0.04071428571428572,3795,35 730 1295 1491 161 2396 64,1.0 0.9 0.03048780487804878 0.0272608125819135 0.9216867469879518 0.005965371744507493 0.264,1090424.6311897787,0.012142857142857143,1,33 737 1399 1607 173 2454 31,0.9285714285714286 0.908974358974359 0.08813747228381374 0.04246395806028833 0.9939759036144579 0.014404190309908338 0.0,1020492.2447820276,0.08642857142857142,604,32 758 1542 1509 173 2570 33,0.8928571428571429 0.9358974358974359 0.1674057649667406 0.02961992136304063 0.9939759036144579 0.03128182744071002 0.016,988250.2904265529,0.22857142857142856,475,35 730 1295 1491 161 2396 64,1.0 0.9 0.03048780487804878 0.0272608125819135 0.9216867469879518 0.005965371744507493 0.264,1090424.6311897787,0.012142857142857143,1,32 731 1369 1542 174 2355 55,0.8928571428571429 0.9012820512820513 0.07150776053215077 0.03394495412844037 1.0 0.0 0.192,983834.562544798,0.08214285714285714,313,28 808 1658 1838 127 2538 41,0.75 1.0 0.23170731707317074 0.0727391874180865 0.7168674698795181 0.026625927542557836 0.08,852461.8453644132,0.205,576,35 730 1295 1491 161 2396 64,1.0 0.9 0.03048780487804878 0.0272608125819135 0.9216867469879518 0.005965371744507493 0.264,1090424.6311897787,0.012142857142857143,1,31 688 1408 1474 161 2458 40,0.8571428571428571 0.8461538461538461 0.09312638580931264 0.025032765399737877 0.9216867469879518 0.01498617779717736 0.072,942806.9289182113,0.09928571428571428,1510,31 727 1336 1494 160 2377 63,0.8571428571428571 0.8961538461538462 0.05321507760532151 0.02765399737876802 0.9156626506024096 0.0032009311799796303 0.256,947409.9008060457,0.02642857142857143,287,18 28 3044 8741 27 9228 90,0.39285714285714285 0.0 1.0 0.9774574049803407 0.1144578313253012 1.0 0.472,403856.51804525574,0.7528571428571429,3597,15 33 2703 8297 96 8348 106,0.2857142857142857 0.00641025641025641 0.8109756097560976 0.9192660550458716 0.5301204819277109 0.8719627528008148 0.6,295446.6651836389,0.7642857142857142,4358,12 34 2684 8381 12 8948 122,0.17857142857142858 0.007692307692307693 0.8004434589800443 0.9302752293577982 0.024096385542168676 0.9592608758911684 0.728,188288.0994071307,0.7657142857142857,3798,17 40 2886 6748 28 9067 156,0.35714285714285715 0.015384615384615385 0.9124168514412417 0.716251638269987 0.12048192771084337 0.9765750036374218 1.0,368544.55277680856,0.7521428571428571,4629,15 33 2715 8769 96 8436 96,0.2857142857142857 0.00641025641025641 0.8176274944567627 0.9811271297509829 0.5301204819277109 0.8847664775207333 0.52,295575.09314259794,0.7642857142857142,4320,13 36 2817 8913 8 9074 96,0.21428571428571427 0.010256410256410256 0.8741685144124168 1.0 0.0 0.9775934817401426 0.52,225063.33639029687,0.7657142857142857,3523,7 707 1280 1387 151 2463 64,0.0 0.8705128205128205 0.022172949002217297 0.01363040629095675 0.8614457831325302 0.01571366215626364 0.264,87373.20766253,0.03357142857142857,4273
resolved-p28d-3600-all/resolved-p28d-3600-2nd/nsp-n10-d28-r0.10-rp0-fp0-s7,0 0 0 0 0 74 -34,0.0 0.0 0.0 0.0 0.0 0.0 0.0,0.0,0.45,90,0 0 0 0 0 74 -29,0.0 0.0 0.0 0.0 0.0 0.0 0.23809523809523808,0.23809523809523808,0.43214285714285716,68,0 0 0 0 0 77 -26,0.0 0.0 0.0 0.0 0.0 0.026785714285714284 0.38095238095238093,0.6488095238095237,0.33214285714285713,53,0 0 0 0 0 95 -22,0.0 0.0 0.0 0.0 0.0 0.1875 0.5714285714285714,2.446428571428571,0.1357142857142857,20,0 0 0 0 0 93 -13,0.0 0.0 0.0 0.0 0.0 0.16964285714285715 1.0,2.6964285714285716,0.34285714285714286,5,0 0 0 0 0 94 -21,0.0 0.0 0.0 0.0 0.0 0.17857142857142858 0.6190476190476191,2.404761904761905,0.12857142857142856,15,0 0 0 0 0 102 -22,0.0 0.0 0.0 0.0 0.0 0.25 0.5714285714285714,3.071428571428571,0.1357142857142857,22,0 0 0 0 0 92 -24,0.0 0.0 0.0 0.0 0.0 0.16071428571428573 0.47619047619047616,2.0833333333333335,0.3142857142857143,13,0 0 0 0 0 94 -21,0.0 0.0 0.0 0.0 0.0 0.17857142857142858 0.6190476190476191,2.404761904761905,0.12857142857142856,21,0 0 0 0 0 93 -19,0.0 0.0 0.0 0.0 0.0 0.16964285714285715 0.7142857142857143,2.410714285714286,0.13214285714285715,16,0 0 0 0 0 93 -16,0.0 0.0 0.0 0.0 0.0 0.16964285714285715 0.8571428571428571,2.553571428571429,0.40714285714285714,12,0 0 0 0 0 95 -22,0.0 0.0 0.0 0.0 0.0 0.1875 0.5714285714285714,2.446428571428571,0.1357142857142857,18,0 0 0 0 0 186 -20,0.0 0.0 0.0 0.0 0.0 1.0 0.6666666666666666,10.666666666666666,0.45714285714285713,11,0 0 0 0 0 98 -16,0.0 0.0 0.0 0.0 0.0 0.21428571428571427 0.8571428571428571,3.0,0.6535714285714286,131,0 0 0 0 0 171 -16,0.0 0.0 0.0 0.0 0.0 0.8660714285714286 0.8571428571428571,9.517857142857144,0.44642857142857145,16,0 0 0 0 0 186 -19,0.0 0.0 0.0 0.0 0.0 1.0 0.7142857142857143,10.714285714285714,0.45714285714285713,10,0 0 0 0 0 101 -16,0.0 0.0 0.0 0.0 0.0 0.24107142857142858 0.8571428571428571,3.267857142857143,0.6535714285714286,130,0 0 0 0 0 171 -16,0.0 0.0 0.0 0.0 0.0 0.8660714285714286 0.8571428571428571,9.517857142857144,0.44642857142857145,16,0 0 0 0 0 83 -23,0.0 0.0 0.0 0.0 0.0 0.08035714285714286 0.5238095238095238,1.3273809523809526,0.17857142857142858,23
resolved-p28d-3600-all/resolved-p28d-3600-2nd/nsp-n30-d28-r0.10-rp2-fp2-s7,0 0 0 0 0 103 -87,0.0 0.0 0.0 0.0 0.0 0.0 0.2,0.2,0.25952380952380955,242,0 0 0 0 0 113 -93,0.0 0.0 0.0 0.0 0.0 0.021929824561403508 0.0,0.21929824561403508,0.19642857142857142,155,0 0 0 0 0 138 -77,0.0 0.0 0.0 0.0 0.0 0.07675438596491228 0.5333333333333333,1.300877192982456,0.1488095238095238,101,0 0 0 0 0 208 -85,0.0 0.0 0.0 0.0 0.0 0.23026315789473684 0.26666666666666666,2.5692982456140347,0.12023809523809524,28,0 0 0 0 0 169 -76,0.0 0.0 0.0 0.0 0.0 0.14473684210526316 0.5666666666666667,2.0140350877192983,0.36904761904761907,11,0 0 0 0 0 204 -78,0.0 0.0 0.0 0.0 0.0 0.22149122807017543 0.5,2.7149122807017543,0.12738095238095237,4,0 0 0 0 0 201 -86,0.0 0.0 0.0 0.0 0.0 0.2149122807017544 0.23333333333333334,2.382456140350877,0.12261904761904761,21,0 0 0 0 0 193 -77,0.0 0.0 0.0 0.0 0.0 0.19736842105263158 0.5333333333333333,2.507017543859649,0.3119047619047619,9,0 0 0 0 0 201 -85,0.0 0.0 0.0 0.0 0.0 0.2149122807017544 0.26666666666666666,2.4157894736842103,0.13333333333333333,13,0 0 0 0 0 221 -82,0.0 0.0 0.0 0.0 0.0 0.25877192982456143 0.36666666666666664,2.954385964912281,0.12857142857142856,2,0 0 0 0 0 165 -79,0.0 0.0 0.0 0.0 0.0 0.13596491228070176 0.4666666666666667,1.8263157894736843,0.3738095238095238,3,0 0 0 0 0 192 -82,0.0 0.0 0.0 0.0 0.0 0.19517543859649122 0.36666666666666664,2.318421052631579,0.12976190476190477,2,0 0 0 0 0 473 -66,0.0 0.0 0.0 0.0 0.0 0.8114035087719298 0.9,9.014035087719298,0.4119047619047619,29,0 0 0 0 0 228 -63,0.0 0.0 0.0 0.0 0.0 0.2741228070175439 1.0,3.741228070175439,0.6726190476190477,185,0 0 0 0 0 559 -68,0.0 0.0 0.0 0.0 0.0 1.0 0.8333333333333334,10.833333333333334,0.4166666666666667,21,0 0 0 0 0 473 -66,0.0 0.0 0.0 0.0 0.0 0.8114035087719298 0.9,9.014035087719298,0.4119047619047619,29,0 0 0 0 0 173 -93,0.0 0.0 0.0 0.0 0.0 0.15350877192982457 0.0,1.5350877192982457,0.6297619047619047,199,0 0 0 0 0 559 -68,0.0 0.0 0.0 0.0 0.0 1.0 0.8333333333333334,10.833333333333334,0.4166666666666667,21,0 0 0 0 0 165 -84,0.0 0.0 0.0 0.0 0.0 0.13596491228070176 0.3,1.6596491228070176,0.1130952380952381,28
resolved-p28d-3600-all/resolved-p28d-3600-2nd/nsp-n40-d28-r0.10-rp2-fp2-s3,1 11 0 5 0 277 -110,0.05 0.2619047619047619 0.0 0.0 0.0 0.0012039489525644113 0.0,76190.48822996572,0.15,2412,1 11 0 18 0 290 -102,0.05 0.2619047619047619 0.0 0.002774813233724653 0.0 0.004334216229231881 0.03571428571428571,76193.33006015792,0.09821428571428571,2430,1 11 0 25 0 314 -105,0.05 0.2619047619047619 0.0 0.004268943436499467 0.0 0.010113171201541055 0.022321428571428572,76194.86858705328,0.07946428571428571,3146,19 13 0 21 0 272 -95,0.95 0.30952380952380953 0.0 0.003415154749199573 0.0 0.0 0.06696428571428571,980955.8630714159,0.01607142857142857,1,17 31 4 30 0 318 -95,0.85 0.7380952380952381 0.0034393809114359416 0.005336179295624333 0.0 0.011076330363592584 0.06696428571428571,923849.4315255232,0.0375,1943,17 23 1 5 0 318 -97,0.85 0.5476190476190477 0.0008598452278589854 0.0 0.0 0.011076330363592584 0.05803571428571429,904770.6720132013,0.04107142857142857,185,19 13 0 21 0 272 -95,0.95 0.30952380952380953 0.0 0.003415154749199573 0.0 0.0 0.06696428571428571,980955.8630714159,0.01607142857142857,1,17 42 4 49 1 291 -97,0.85 1.0 0.0034393809114359416 0.009391675560298827 0.029411764705882353 0.004575006019744763 0.05803571428571429,950046.8304469198,0.045535714285714284,1170,16 27 11 46 1 325 -95,0.8 0.6428571428571429 0.009458297506448839 0.008751334044823906 0.029411764705882353 0.01276185889718276 0.06696428571428571,864392.1843541688,0.044642857142857144,32,19 13 0 21 0 272 -95,0.95 0.30952380952380953 0.0 0.003415154749199573 0.0 0.0 0.06696428571428571,980955.8630714159,0.01607142857142857,1,17 22 13 57 2 343 -93,0.85 0.5238095238095238 0.01117798796216681 0.011099252934898612 0.058823529411764705 0.01709607512641464 0.07589285714285714,902509.9607200585,0.05803571428571429,652,16 17 1 30 0 295 -95,0.8 0.40476190476190477 0.0008598452278589854 0.005336179295624333 0.0 0.005538165181796292 0.06696428571428571,840490.2474537023,0.025,221,19 13 0 21 0 272 -95,0.95 0.30952380952380953 0.0 0.003415154749199573 0.0 0.0 0.06696428571428571,980955.8630714159,0.01607142857142857,1387,0 0 1163 2844 29 4380 104,0.0 0.0 1.0 0.6059765208110992 0.8529411764705882 0.9891644594269203 0.9553571428571429,10702.117640195285,0.6464285714285715,2088,0 0 1158 4690 13 4425 61,0.0 0.0 0.9957007738607051 1.0 0.38235294117647056 1.0 0.7633928571428571,11006.006425581842,0.6482142857142857,2491,20 14 0 21 0 272 -95,1.0 0.3333333333333333 0.0 0.003415154749199573 0.0 0.0 0.06696428571428571,1033336.8154523682,0.01607142857142857,1386,0 0 1140 2350 34 4306 114,0.0 0.0 0.9802235597592434 0.5005336179295624 1.0 0.971346014928967 1.0,10413.482675671285,0.6571428571428571,2183,0 0 1150 4558 13 4404 69,0.0 0.0 0.9888220120378332 0.9718249733191036 0.38235294117647056 0.9949434143992295 0.7991071428571429,10909.02892910193,0.6482142857142857,2547,1 11 0 34 0 326 -97,0.05 0.2619047619047619 0.0 0.006189967982924227 0.0 0.013002648687695642 0.05803571428571429,76196.85422066027,0.05892857142857143,2403
resolved-p28d-3600-all/resolved-p28d-3600-2nd/nsp-n40-d28-r0.10-rp2-fp2-s0,4 8 0 3 0 255 -104,0.19047619047619047 0.02346041055718475 0.0 0.0 0.0 0.003725619110234495 0.0,192822.26878810005,0.1419642857142857,1916,4 8 0 23 0 307 -96,0.19047619047619047 0.02346041055718475 0.0 0.0048721071863581 0.0 0.015121630506245891 0.0321285140562249,192827.2869839144,0.06875,2147,4 12 0 20 0 296 -95,0.19047619047619047 0.03519061583577713 0.0 0.0041412911084043845 0.0 0.012710935787858865 0.03614457831325301,193999.5566048128,0.07589285714285714,1820,20 12 1 25 0 238 -96,0.9523809523809523 0.03519061583577713 0.000784313725490196 0.00535931790499391 0.0 0.0 0.0321285140562249,955913.248548204,0.01607142857142857,1,9 292 402 406 52 1014 -65,0.42857142857142855 0.8563049853372434 0.31529411764705884 0.09817295980511571 0.9285714285714286 0.1700635546789393 0.1566265060240964,517547.7556463385,0.3196428571428571,250,11 341 379 485 44 1036 -58,0.5238095238095238 1.0 0.2972549019607843 0.11741778319123021 0.7857142857142857 0.17488494411571334 0.18473895582329317,626979.9956292913,0.34464285714285714,472,20 12 1 25 0 238 -96,0.9523809523809523 0.03519061583577713 0.000784313725490196 0.00535931790499391 0.0 0.0 0.0321285140562249,955913.248548204,0.01607142857142857,1,18 35 12 55 1 261 -88,0.8571428571428571 0.10263929618768329 0.009411764705882352 0.01266747868453106 0.017857142857142856 0.0050405435020819634 0.0642570281124498,867515.4722641176,0.04732142857142857,486,12 135 149 179 15 648 -57,0.5714285714285714 0.39589442815249265 0.11686274509803922 0.04287454323995128 0.26785714285714285 0.08985316677624369 0.18875502008032127,612257.3892390145,0.2392857142857143,1072,20 12 1 25 0 238 -96,0.9523809523809523 0.03519061583577713 0.000784313725490196 0.00535931790499391 0.0 0.0 0.0321285140562249,955913.248548204,0.01607142857142857,1,11 261 437 724 56 850 -41,0.5238095238095238 0.7653958944281525 0.3427450980392157 0.1756394640682095 1.0 0.1341222879684418 0.25301204819277107,604053.7979317274,0.3080357142857143,169,19 7 11 28 1 301 -90,0.9047619047619048 0.020527859237536656 0.008627450980392156 0.0060901339829476245 0.017857142857142856 0.013806706114398421 0.05622489959839357,906909.0353356918,0.03660714285714286,133,20 12 1 25 0 238 -96,0.9523809523809523 0.03519061583577713 0.000784313725490196 0.00535931790499391 0.0 0.0 0.0321285140562249,955913.248548204,0.01607142857142857,1421,0 0 1063 1674 34 4080 144,0.0 0.0 0.8337254901960784 0.40706455542021924 0.6071428571428571 0.8419899189129958 0.9959839357429718,8814.449626220163,0.6482142857142857,2163,0 0 1223 3398 25 4646 130,0.0 0.0 0.9592156862745098 0.8270401948842875 0.44642857142857145 0.9660311198772737 0.9397590361445783,10474.43998500716,0.6535714285714286,3014,21 12 1 25 0 238 -95,1.0 0.03519061583577713 0.000784313725490196 0.00535931790499391 0.0 0.0 0.03614457831325301,1003532.3001833159,0.01607142857142857,1420,0 0 1006 1447 34 3966 145,0.0 0.0 0.7890196078431373 0.3517661388550548 0.6071428571428571 0.8170063554678939 1.0,8311.846566555392,0.65,2584,0 0 1275 4108 21 4801 90,0.0 0.0 1.0 1.0 0.375 1.0 0.7791164658634538,11048.279116465863,0.6535714285714286,2819,4 11 0 33 0 312 -96,0.19047619047619047 0.03225806451612903 0.0 0.007308160779537149 0.0 0.016217400832785448 0.0321285140562249,193709.4993911053,0.055357142857142855,1980
resolved-p28d-3600-all/resolved-p28d-3600-2nd/nsp-n40-d28-r0.10-rp2-fp2-s9,2 4 0 132 15 1248 -30,0.0 0.0 0.0 0.0 0.07058823529411765 0.0 0.0,7.0588235294117645,0.09642857142857143,4299,2 6 18 187 31 1414 -12,0.0 0.008695652173913044 0.010163749294184076 0.006929570366637269 0.25882352941176473 0.03513227513227513 0.12857142857142856,1004.494527820853,0.044642857142857144,4217,2 6 13 198 26 1355 4,0.0 0.008695652173913044 0.007340485601355167 0.008315484439964722 0.2 0.022645502645502646 0.24285714285714285,971.754870014133,0.05,4452,21 6 4 196 28 1423 12,1.0 0.008695652173913044 0.002258610954263128 0.008063500062996094 0.2235294117647059 0.037037037037037035 0.3,1000923.2381385438,0.010714285714285714,1,20 5 10 210 26 1465 2,0.9473684210526315 0.004347826086956522 0.00564652738565782 0.00982739070177649 0.2 0.045925925925925926 0.22857142857142856,947890.1841565734,0.02857142857142857,11788,18 22 23 217 27 1439 11,0.8421052631578947 0.0782608695652174 0.012987012987012988 0.010709336021166688 0.21176470588235294 0.040423280423280424 0.29285714285714287,850093.803140843,0.0375,1861,21 6 4 196 28 1423 12,1.0 0.008695652173913044 0.002258610954263128 0.008063500062996094 0.2235294117647059 0.037037037037037035 0.3,1000923.2381385438,0.010714285714285714,1,20 5 10 220 29 1494 1,0.9473684210526315 0.004347826086956522 0.00564652738565782 0.01108731258661963 0.23529411764705882 0.05206349206349206 0.22142857142857142,947895.0277230272,0.029464285714285714,11355,16 18 18 202 27 1434 1,0.7368421052631579 0.06086956521739131 0.010163749294184076 0.008819453193901977 0.21176470588235294 0.03936507936507937 0.22142857142857142,743061.310280986,0.03214285714285714,2155,21 6 4 196 28 1423 12,1.0 0.008695652173913044 0.002258610954263128 0.008063500062996094 0.2235294117647059 0.037037037037037035 0.3,1000923.2381385438,0.010714285714285714,1,10 234 286 594 67 2196 -6,0.42105263157894735 1.0 0.16149068322981366 0.05820839107975306 0.6823529411764706 0.20063492063492064 0.17142857142857143,522796.15987422067,0.2330357142857143,521,18 15 13 201 29 1449 13,0.8421052631578947 0.04782608695652174 0.007340485601355167 0.008693461005417664 0.23529411764705882 0.04253968253968254 0.30714285714285716,846994.2321220131,0.025892857142857145,460,14 41 1723 5886 10 5900 110,0.631578947368421 0.1608695652173913 0.9728966685488425 0.7249590525387426 0.011764705882352941 0.9845502645502645 1.0,658131.851601421,0.6339285714285714,5305,10 7 1325 2534 26 4856 90,0.42105263157894735 0.013043478260869565 0.7481648785996612 0.3026332367393222 0.2 0.7635978835978836 0.8571428571428571,430169.7545494634,0.6678571428571428,5615,15 9 1771 8069 10 5973 35,0.6842105263157895 0.021739130434782608 1.0 1.0 0.011764705882352941 1.0 0.4642857142857143,697396.0801155702,0.6660714285714285,5130,14 41 1723 5950 10 5900 108,0.631578947368421 0.1608695652173913 0.9728966685488425 0.7330225526017387 0.011764705882352941 0.9845502645502645 0.9857142857142858,658139.9008157698,0.6339285714285714,5279,10 7 1310 2512 94 4664 63,0.42105263157894735 0.013043478260869565 0.7396950875211745 0.29986140859266724 1.0 0.7229629629629629 0.6642857142857143,430161.68560418265,0.6732142857142858,5713,13 11 1648 6867 9 5747 53,0.5789473684210527 0.030434782608695653 0.9305477131564088 0.8485573894418547 0.0 0.9521693121693122 0.5928571428571429,592154.9957531928,0.6660714285714285,5795,2 7 5 183 18 1283 0,0.0 0.013043478260869565 0.00282326369282891 0.006425601612700013 0.10588235294117647 0.007407407407407408 0.21428571428571427,1349.882659710423,0.06607142857142857,4103
resolved-p28d-3600-all/resolved-p28d-3600-2nd/nsp-n40-d28-r0.10-rp2-fp2-s2,2 166 1641 802 290 3789 -38,0.045454545454545456 0.0 0.4434902095499828 0.37346221441124783 0.6444444444444445 0.6419430660746931 0.0,50333.773639561725,0.07142857142857142,4876,1 206 1748 1018 312 3809 -10,0.0 0.11764705882352941 0.48024733768464445 0.5632688927943761 0.7055555555555556 0.6471663619744058 0.24561403508771928,17207.72098520415,0.03482142857142857,4832,1 203 1775 1061 315 3832 -10,0.0 0.10882352941176471 0.4895225008588114 0.6010544815465729 0.7138888888888889 0.6531731522590755 0.24561403508771928,16456.798665757724,0.033035714285714286,4841,23 213 1887 1182 341 3960 -6,1.0 0.13823529411764707 0.527997251803504 0.7073813708260105 0.7861111111111111 0.6866022460172369 0.2807017543859649,1019896.6411359514,0.010714285714285714,1,20 230 1854 1165 309 3712 -19,0.8636363636363636 0.18823529411764706 0.5166609412572999 0.6924428822495606 0.6972222222222222 0.6218333768607992 0.16666666666666666,888395.0525656084,0.05892857142857143,1463,17 336 3261 1455 418 5160 -5,0.7272727272727273 0.5 1.0 0.9472759226713533 1.0 1.0 0.2894736842105263,788330.2926690829,0.35267857142857145,1272,23 213 1887 1182 341 3960 -6,1.0 0.13823529411764707 0.527997251803504 0.7073813708260105 0.7861111111111111 0.6866022460172369 0.2807017543859649,1019896.6411359514,0.010714285714285714,1,20 328 2168 1446 275 3974 -3,0.8636363636363636 0.4764705882352941 0.6245276537272415 0.9393673110720563 0.6027777777777777 0.6902585531470358 0.30701754385964913,918535.5536890907,0.2017857142857143,1121,22 299 2335 1515 322 4193 -6,0.9545454545454546 0.3911764705882353 0.6818962555822742 1.0 0.7333333333333333 0.7474536432488901 0.2807017543859649,1001563.152731621,0.17589285714285716,1083,23 213 1887 1182 341 3960 -6,1.0 0.13823529411764707 0.527997251803504 0.7073813708260105 0.7861111111111111 0.6866022460172369 0.2807017543859649,1019896.6411359514,0.010714285714285714,1,17 329 2314 1484 292 4069 -4,0.7272727272727273 0.47941176470588237 0.6746822397801443 0.9727592267135325 0.65 0.7150692086706711 0.2982456140350877,783005.9343055312,0.2598214285714286,2974,15 255 2302 1391 313 4242 -13,0.6363636363636364 0.26176470588235295 0.6705599450360701 0.8910369068541301 0.7083333333333334 0.7602507182031862 0.21929824561403508,670215.3984478475,0.13303571428571428,1259,23 213 1887 1182 341 3960 -6,1.0 0.13823529411764707 0.527997251803504 0.7073813708260105 0.7861111111111111 0.6866022460172369 0.2807017543859649,1019896.6411359514,0.010714285714285714,1233,22 409 434 406 62 1596 62,0.9545454545454546 0.7147058823529412 0.028856063208519408 0.025483304042179262 0.011111111111111112 0.06920867067119352 0.8771929824561403,1026332.7671076764,0.7464285714285714,6544,21 506 527 605 64 1359 76,0.9090909090909091 1.0 0.06080384747509447 0.20035149384885764 0.016666666666666666 0.007312614259597806 1.0,1009902.0388523181,0.7455357142857143,5738,23 213 1887 1182 341 3960 -6,1.0 0.13823529411764707 0.527997251803504 0.7073813708260105 0.7861111111111111 0.6866022460172369 0.2807017543859649,1019896.6411359514,0.010714285714285714,1233,22 411 350 377 58 1495 51,0.9545454545454546 0.7205882352941176 0.0 0.0 0.0 0.04283102637764429 0.7807017543859649,1026605.4870868846,0.7464285714285714,6264,21 501 526 609 65 1331 76,0.9090909090909091 0.9852941176470589 0.06046032291308828 0.2038664323374341 0.019444444444444445 0.0 1.0,1008431.7349615277,0.7455357142857143,5957,1 205 1746 1054 305 3810 -14,0.0 0.11470588235294117 0.4795602885606321 0.5949033391915641 0.6861111111111111 0.6474275267693915 0.21052631578947367,16936.390372786598,0.03214285714285714,5300
resolved-p28d-3600-all/resolved-p28d-3600-2nd/nsp-n50-d28-r0.10-rp2-fp2-s3,1 10 0 22 1 493 -135,0.0 0.0 0.0 0.00033930510314875135 0.16666666666666666 0.0037017994858611824 0.015151515151515152,17.05814127982554,0.12642857142857142,2925,1 12 0 36 0 539 -128,0.0 0.05128205128205128 0.0 0.001289359391965255 0.0 0.008431876606683805 0.06818181818181818,5129.646988181342,0.09571428571428571,2835,1 16 4 42 0 555 -128,0.0 0.15384615384615385 0.0011022320198401765 0.0016965255157437569 0.0 0.010077120822622108 0.06818181818181818,15397.503183355939,0.056428571428571425,3179,30 11 2 22 0 457 -130,1.0 0.02564102564102564 0.0005511160099200882 0.00033930510314875135 0.0 0.0 0.05303030303030303,1002570.006059608,0.015,1,26 20 31 51 3 537 -137,0.8620689655172413 0.2564102564102564 0.008542298153761367 0.0023072747014115094 0.5 0.008226221079691516 0.0,887847.8036767168,0.05,375,25 14 2 19 0 464 -133,0.8275862068965517 0.10256410256410256 0.0005511160099200882 0.00013572204125950055 0.0 0.0007197943444730077 0.030303030303030304,837848.3015360762,0.02,124,30 11 2 22 0 457 -130,1.0 0.02564102564102564 0.0005511160099200882 0.00033930510314875135 0.0 0.0 0.05303030303030303,1002570.006059608,0.015,1,26 10 3 32 1 531 -127,0.8620689655172413 0.0 0.0008266740148801323 0.001017915309446254 0.16666666666666666 0.007609254498714653 0.07575757575757576,862095.068689487,0.03428571428571429,311,26 29 1 17 0 498 -130,0.8620689655172413 0.48717948717948717 0.0002755580049600441 0.0 0.0 0.004215938303341903 0.05303030303030303,910789.7650049257,0.04857142857142857,174,30 11 2 22 0 457 -130,1.0 0.02564102564102564 0.0005511160099200882 0.00033930510314875135 0.0 0.0 0.05303030303030303,1002570.006059608,0.015,1,27 49 25 72 3 535 -122,0.896551724137931 1.0 0.006888950124001102 0.003732356134636265 0.5 0.008020565552699229 0.11363636363636363,996674.5398373249,0.05071428571428571,265,26 13 3 25 0 479 -128,0.8620689655172413 0.07692307692307693 0.0008266740148801323 0.0005428881650380022 0.0 0.0022622107969151673 0.06818181818181818,869770.173641789,0.022857142857142857,188,24 14 3629 14753 2 10182 -59,0.7931034482758621 0.10256410256410256 1.0 1.0 0.3333333333333333 1.0 0.5909090909090909,814403.7827746966,0.6335714285714286,3361,19 12 3191 11487 6 9171 -5,0.6206896551724138 0.05128205128205128 0.8793055938275007 0.7783659066232356 1.0 0.8960411311053984 1.0,635499.2425568282,0.6507142857142857,5362,22 13 3146 11153 5 9546 -17,0.7241379310344828 0.07692307692307693 0.8669054836042988 0.755700325732899 0.8333333333333334 0.9346015424164524 0.9090909090909091,741348.5823282329,0.6442857142857142,5072,22 12 3488 12391 3 9806 -15,0.7241379310344828 0.05128205128205128 0.9611463213006338 0.8397122692725298 0.5 0.9613367609254498 0.9242424242424242,739777.8492550002,0.6335714285714286,4227,19 12 3183 11444 6 9172 -5,0.6206896551724138 0.05128205128205128 0.8771011297878203 0.7754478827361564 1.0 0.8961439588688946 1.0,635474.2809208219,0.6507142857142857,5441,22 13 3116 11096 4 9566 -12,0.7241379310344828 0.07692307692307693 0.8586387434554974 0.7518322475570033 0.6666666666666666 0.9366580976863753 0.946969696969697,741245.4386262429,0.6442857142857142,5154,1 16 0 39 0 557 -125,0.0 0.15384615384615385 0.0 0.001492942453854506 0.0 0.010282776349614395 0.09090909090909091,15386.302063923644,0.07285714285714286,2663
resolved-p28d-3600-all/resolved-p28d-3600-2nd/nsp-n30-d28-r0.10-rp2-fp2-s2,0 0 0 0 0 117 -115,0.0 0.0 0.0 0.0 0.0 0.0 0.0,0.0,0.2857142857142857,279,0 0 0 0 0 143 -85,0.0 0.0 0.0 0.0 0.0 0.07602339181286549 0.35294117647058826,1.1131750945992431,0.18214285714285713,141,0 0 0 0 0 148 -83,0.0 0.0 0.0 0.0 0.0 0.09064327485380116 0.3764705882352941,1.2829033367733058,0.175,131,0 0 0 0 0 241 -61,0.0 0.0 0.0 0.0 0.0 0.36257309941520466 0.6352941176470588,4.261025111799105,0.15595238095238095,7,0 0 0 0 0 193 -88,0.0 0.0 0.0 0.0 0.0 0.2222222222222222 0.3176470588235294,2.5398692810457515,0.28214285714285714,4,0 0 0 0 0 233 -74,0.0 0.0 0.0 0.0 0.0 0.3391812865497076 0.4823529411764706,3.8741658066735463,0.14285714285714285,17,0 0 0 0 0 232 -70,0.0 0.0 0.0 0.0 0.0 0.3362573099415205 0.5294117647058824,3.891984864121087,0.1357142857142857,19,0 0 0 0 0 176 -82,0.0 0.0 0.0 0.0 0.0 0.17251461988304093 0.38823529411764707,2.1133814929480566,0.3357142857142857,6,0 0 0 0 0 253 -69,0.0 0.0 0.0 0.0 0.0 0.39766081871345027 0.5411764705882353,4.517784657722738,0.15,20,0 0 0 0 0 245 -73,0.0 0.0 0.0 0.0 0.0 0.3742690058479532 0.49411764705882355,4.2368077055383555,0.15357142857142858,22,0 0 0 0 0 169 -87,0.0 0.0 0.0 0.0 0.0 0.15204678362573099 0.32941176470588235,1.8498796009631921,0.3904761904761905,3,0 0 0 0 0 280 -74,0.0 0.0 0.0 0.0 0.0 0.4766081871345029 0.4823529411764706,5.2484348125215,0.14642857142857144,9,0 0 0 0 0 459 -46,0.0 0.0 0.0 0.0 0.0 1.0 0.8117647058823529,10.811764705882354,0.4595238095238095,82,0 0 0 0 0 393 -30,0.0 0.0 0.0 0.0 0.0 0.8070175438596491 1.0,9.070175438596491,0.5023809523809524,71,0 0 0 0 0 437 -43,0.0 0.0 0.0 0.0 0.0 0.935672514619883 0.8470588235294118,10.203783969728242,0.4738095238095238,51,0 0 0 0 0 459 -46,0.0 0.0 0.0 0.0 0.0 1.0 0.8117647058823529,10.811764705882354,0.4595238095238095,82,0 0 0 0 0 372 -58,0.0 0.0 0.0 0.0 0.0 0.7456140350877193 0.6705882352941176,8.12672858617131,0.6392857142857142,101,0 0 0 0 0 437 -43,0.0 0.0 0.0 0.0 0.0 0.935672514619883 0.8470588235294118,10.203783969728242,0.4738095238095238,51,0 0 0 0 0 177 -66,0.0 0.0 0.0 0.0 0.0 0.17543859649122806 0.5764705882352941,2.3308565531475747,0.13214285714285715,25
resolved-p28d-3600-all/resolved-p28d-3600-2nd/nsp-n10-d28-r0.10-rp0-fp0-s2,0 0 0 0 0 71 -45,0.0 0.0 0.0 0.0 0.0 0.0 0.0,0.0,0.33214285714285713,108,0 0 0 0 0 72 -44,0.0 0.0 0.0 0.0 0.0 0.0078125 0.037037037037037035,0.11516203703703703,0.29285714285714287,81,0 0 0 0 0 75 -36,0.0 0.0 0.0 0.0 0.0 0.03125 0.3333333333333333,0.6458333333333333,0.30357142857142855,69,0 0 0 0 0 90 -28,0.0 0.0 0.0 0.0 0.0 0.1484375 0.6296296296296297,2.1140046296296298,0.09642857142857143,19,0 0 0 0 0 93 -18,0.0 0.0 0.0 0.0 0.0 0.171875 1.0,2.71875,0.325,14,0 0 0 0 0 90 -30,0.0 0.0 0.0 0.0 0.0 0.1484375 0.5555555555555556,2.0399305555555554,0.09642857142857143,20,0 0 0 0 0 90 -29,0.0 0.0 0.0 0.0 0.0 0.1484375 0.5925925925925926,2.0769675925925926,0.09642857142857143,15,0 0 0 0 0 94 -28,0.0 0.0 0.0 0.0 0.0 0.1796875 0.6296296296296297,2.4265046296296298,0.35714285714285715,10,0 0 0 0 0 90 -28,0.0 0.0 0.0 0.0 0.0 0.1484375 0.6296296296296297,2.1140046296296298,0.09642857142857143,14,0 0 0 0 0 90 -27,0.0 0.0 0.0 0.0 0.0 0.1484375 0.6666666666666666,2.1510416666666665,0.09642857142857143,16,0 0 0 0 0 86 -29,0.0 0.0 0.0 0.0 0.0 0.1171875 0.5925925925925926,1.7644675925925926,0.5214285714285715,5,0 0 0 0 0 90 -28,0.0 0.0 0.0 0.0 0.0 0.1484375 0.6296296296296297,2.1140046296296298,0.09642857142857143,19,0 0 0 0 0 198 -28,0.0 0.0 0.0 0.0 0.0 0.9921875 0.6296296296296297,10.55150462962963,0.42857142857142855,15,0 0 0 0 0 83 -40,0.0 0.0 0.0 0.0 0.0 0.09375 0.18518518518518517,1.1226851851851851,0.7178571428571429,168,0 0 0 0 0 198 -24,0.0 0.0 0.0 0.0 0.0 0.9921875 0.7777777777777778,10.699652777777779,0.42857142857142855,16,0 0 0 0 0 197 -28,0.0 0.0 0.0 0.0 0.0 0.984375 0.6296296296296297,10.47337962962963,0.42857142857142855,16,0 0 0 0 0 83 -40,0.0 0.0 0.0 0.0 0.0 0.09375 0.18518518518518517,1.1226851851851851,0.7142857142857143,169,0 0 0 0 0 199 -24,0.0 0.0 0.0 0.0 0.0 1.0 0.7777777777777778,10.777777777777779,0.42857142857142855,15,0 0 0 0 0 81 -25,0.0 0.0 0.0 0.0 0.0 0.078125 0.7407407407407407,1.5219907407407407,0.16071428571428573,15
resolved-p28d-3600-all/resolved-p28d-3600-2nd/nsp-n10-d28-r0.10-rp0-fp0-s3,0 0 0 0 0 76 -38,0.0 0.0 0.0 0.0 0.0 0.0 0.0,0.0,0.4607142857142857,133,0 0 0 0 0 79 -38,0.0 0.0 0.0 0.0 0.0 0.025 0.0,0.25,0.36428571428571427,101,0 0 0 0 0 87 -34,0.0 0.0 0.0 0.0 0.0 0.09166666666666666 0.3076923076923077,1.2243589743589745,0.26785714285714285,69,0 0 0 0 0 108 -33,0.0 0.0 0.0 0.0 0.0 0.26666666666666666 0.38461538461538464,3.051282051282051,0.08571428571428572,44,0 0 0 0 0 102 -30,0.0 0.0 0.0 0.0 0.0 0.21666666666666667 0.6153846153846154,2.7820512820512824,0.4785714285714286,13,0 0 0 0 0 108 -33,0.0 0.0 0.0 0.0 0.0 0.26666666666666666 0.38461538461538464,3.051282051282051,0.08571428571428572,32,0 0 0 0 0 108 -33,0.0 0.0 0.0 0.0 0.0 0.26666666666666666 0.38461538461538464,3.051282051282051,0.08571428571428572,14,0 0 0 0 0 95 -30,0.0 0.0 0.0 0.0 0.0 0.15833333333333333 0.6153846153846154,2.198717948717949,0.43214285714285716,7,0 0 0 0 0 108 -33,0.0 0.0 0.0 0.0 0.0 0.26666666666666666 0.38461538461538464,3.051282051282051,0.08571428571428572,20,0 0 0 0 0 108 -33,0.0 0.0 0.0 0.0 0.0 0.26666666666666666 0.38461538461538464,3.051282051282051,0.08571428571428572,23,0 0 0 0 0 101 -26,0.0 0.0 0.0 0.0 0.0 0.20833333333333334 0.9230769230769231,3.0064102564102564,0.45714285714285713,8,0 0 0 0 0 108 -31,0.0 0.0 0.0 0.0 0.0 0.26666666666666666 0.5384615384615384,3.205128205128205,0.08571428571428572,15,0 0 0 0 0 184 -25,0.0 0.0 0.0 0.0 0.0 0.9 1.0,10.0,0.4035714285714286,23,0 0 0 0 0 106 -37,0.0 0.0 0.0 0.0 0.0 0.25 0.07692307692307693,2.576923076923077,0.7107142857142857,145,0 0 0 0 0 196 -26,0.0 0.0 0.0 0.0 0.0 1.0 0.9230769230769231,10.923076923076923,0.4142857142857143,14,0 0 0 0 0 184 -25,0.0 0.0 0.0 0.0 0.0 0.9 1.0,10.0,0.4035714285714286,23,0 0 0 0 0 106 -36,0.0 0.0 0.0 0.0 0.0 0.25 0.15384615384615385,2.6538461538461537,0.7142857142857143,144,0 0 0 0 0 196 -27,0.0 0.0 0.0 0.0 0.0 1.0 0.8461538461538461,10.846153846153847,0.4142857142857143,15,0 0 0 0 0 97 -35,0.0 0.0 0.0 0.0 0.0 0.175 0.23076923076923078,1.9807692307692308,0.18571428571428572,27
resolved-p28d-3600-all/resolved-p28d-3600-2nd/nsp-n20-d28-r0.10-rp2-fp2-s6,1 4 2 7 0 76 -93,0.1111111111111111 0.03076923076923077 0.0 0.0 0.0 0.0 0.0,114188.03418803419,0.3357142857142857,980,0 1 4 11 0 119 -75,0.0 0.007692307692307693 0.0042643923240938165 0.0005430355688297583 0.0 0.025686977299880526 0.15,812.824597813536,0.15535714285714286,1235,0 1 4 16 0 117 -71,0.0 0.007692307692307693 0.0042643923240938165 0.0012218300298669563 0.0 0.024492234169653525 0.18333333333333332,813.5247781766043,0.13035714285714287,1315,9 6 5 15 0 85 -77,1.0 0.046153846153846156 0.006396588486140725 0.0010860711376595167 0.0 0.005376344086021506 0.13333333333333333,1004680.6236681578,0.014285714285714285,1,0 0 2 7 0 128 -49,0.0 0.0 0.0 0.0 0.0 0.03106332138590203 0.36666666666666664,0.6772998805256869,0.4607142857142857,3356,0 60 115 132 26 353 -55,0.0 0.46153846153846156 0.24093816631130063 0.016969861525929948 0.8387096774193549 0.16547192353643966 0.31666666666666665,48666.04003212906,0.24285714285714285,1124,9 6 5 15 0 85 -77,1.0 0.046153846153846156 0.006396588486140725 0.0010860711376595167 0.0 0.005376344086021506 0.13333333333333333,1004680.6236681578,0.014285714285714285,1,0 130 262 246 31 456 -38,0.0 1.0 0.5543710021321961 0.03244637523757806 1.0 0.2270011947431302 0.4583333333333333,105678.8847418403,0.25535714285714284,2696,0 5 8 45 0 235 -46,0.0 0.038461538461538464 0.01279317697228145 0.005158837903882704 0.0 0.09498207885304659 0.39166666666666666,3980.5859412357404,0.2517857142857143,878,9 6 5 15 0 85 -77,1.0 0.046153846153846156 0.006396588486140725 0.0010860711376595167 0.0 0.005376344086021506 0.13333333333333333,1004680.6236681578,0.014285714285714285,1,0 115 222 195 16 431 -11,0.0 0.8846153846153846 0.4690831556503198 0.025522671734998642 0.5161290322580645 0.2120669056152927 0.6833333333333333,93232.30959539194,0.44642857142857145,1449,0 22 25 73 11 227 -59,0.0 0.16923076923076924 0.04904051172707889 0.008960086885691013 0.3548387096774194 0.09020310633213859 0.2833333333333333,17459.111362597803,0.17142857142857143,988,7 23 471 7154 0 1747 -71,0.7777777777777778 0.17692307692307693 1.0 0.9702688026065708 0.0 0.9982078853046595 0.18333333333333332,806450.5196848784,0.5660714285714286,14915,3 0 381 798 7 1690 27,0.3333333333333333 0.0 0.8081023454157783 0.10738528373608472 0.22580645161290322 0.96415770609319 1.0,341554.9642934494,0.6357142857142857,9968,3 1 242 436 5 1160 1,0.3333333333333333 0.007692307692307693 0.511727078891258 0.05824056475699158 0.16129032258064516 0.6475507765830346 0.7833333333333333,339301.46332959086,0.6321428571428571,13238,7 23 470 7373 0 1750 -75,0.7777777777777778 0.17692307692307693 0.997867803837953 1.0 0.0 1.0 0.15,806458.9135084649,0.5660714285714286,15002,3 0 361 780 3 1624 5,0.3333333333333333 0.0 0.7654584221748401 0.1049416236763508 0.0967741935483871 0.9247311827956989 0.8166666666666667,341112.6005766075,0.6535714285714286,10679,3 1 242 438 5 1146 0,0.3333333333333333 0.007692307692307693 0.511727078891258 0.05851208254140646 0.16129032258064516 0.6391875746714456 0.775,339301.64288202283,0.6321428571428571,13121,0 5 4 22 0 127 -76,0.0 0.038461538461538464 0.0042643923240938165 0.0020363833831115938 0.0 0.03046594982078853 0.14166666666666666,3891.2804789427705,0.06964285714285715,1574
resolved-p28d-3600-all/resolved-p28d-3600-2nd/nsp-n30-d28-r0.10-rp2-fp2-s8,0 0 2 2 0 147 -116,0.0 0.0 0.0021551724137931034 0.0 0.0 0.009669369931378666 0.02843601895734597,21.676853856202168,0.16547619047619047,2111,0 2 2 9 0 169 -99,0.0 0.013157894736842105 0.0021551724137931034 0.0022109917877447885 0.0 0.01653150343106675 0.10900473933649289,1339.8265093835334,0.09285714285714286,1968,0 2 2 21 0 174 -97,0.0 0.013157894736842105 0.0021551724137931034 0.006001263423878711 0.0 0.018091079226450407 0.11848341232227488,1343.641855450607,0.075,1879,18 4 0 5 0 116 -115,0.9 0.02631578947368421 0.0 0.0009475679090334807 0.0 0.0 0.03317535545023697,902632.5596906329,0.007142857142857143,1,14 13 7 21 2 144 -109,0.7 0.08552631578947369 0.007543103448275862 0.006001263423878711 0.09523809523809523 0.008733624454148471 0.061611374407582936,708643.7366339967,0.02857142857142857,3383,14 9 22 48 4 217 -108,0.7 0.05921052631578947 0.023706896551724137 0.014529374605180037 0.19047619047619047 0.03150343106674985 0.06635071090047394,706192.0799757706,0.05238095238095238,454,18 4 0 5 0 116 -115,0.9 0.02631578947368421 0.0 0.0009475679090334807 0.0 0.0 0.03317535545023697,902632.5596906329,0.007142857142857143,1,2 152 199 280 21 807 -72,0.1 1.0 0.21443965517241378 0.08780795957043588 1.0 0.2155333749220212 0.23696682464454977,202334.59681186842,0.34523809523809523,1618,14 13 4 31 3 140 -116,0.7 0.08552631578947369 0.004310344827586207 0.00915982312065698 0.14285714285714285 0.007485963817841547 0.02843601895734597,708619.2838602867,0.030952380952380953,615,18 4 0 5 0 116 -115,0.9 0.02631578947368421 0.0 0.0009475679090334807 0.0 0.0 0.03317535545023697,902632.5596906329,0.007142857142857143,1,13 7 5 24 1 159 -109,0.65 0.046052631578947366 0.005387931034482759 0.006948831332912192 0.047619047619047616 0.013412351840299439 0.061611374407582936,654671.0489392272,0.03333333333333333,755,12 13 3 14 0 137 -110,0.6 0.08552631578947369 0.003232758620689655 0.003790271636133923 0.0 0.006550218340611353 0.05687203791469194,608588.8718110117,0.02619047619047619,893,20 8 1 9 0 119 -122,1.0 0.05263157894736842 0.0010775862068965517 0.0022109917877447885 0.0 0.0009357454772301934 0.0,1005276.1541060483,0.007142857142857143,1070,0 0 909 1996 4 3282 88,0.0 0.0 0.9795258620689655 0.6298168035375868 0.19047619047619047 0.9875233936369308 0.995260663507109,10454.993537874738,0.6535714285714286,3685,0 0 824 3168 10 2954 1,0.0 0.0 0.8879310344827587 1.0 0.47619047619047616 0.885215221459763 0.5829383886255924,9936.364483049858,0.6535714285714286,3872,18 4 0 5 0 116 -115,0.9 0.02631578947368421 0.0 0.0009475679090334807 0.0 0.0 0.03317535545023697,902632.5596906329,0.007142857142857143,1072,0 0 928 2108 6 3322 89,0.0 0.0 1.0 0.6651926721415035 0.2857142857142857 1.0 1.0,10704.764100712931,0.6535714285714286,3536,0 0 795 3152 8 2920 12,0.0 0.0 0.8566810344827587 0.9949463044851548 0.38095238095238093 0.8746101060511541 0.6350710900473934,9609.233059558539,0.6523809523809524,4039,1 3 2 19 0 162 -105,0.05 0.019736842105263157 0.0021551724137931034 0.005369551484523057 0.0 0.014348097317529632 0.08056872037914692,52000.82953584233,0.0761904761904762,2785
resolved-p28d-3600-all/resolved-p28d-3600-2nd/nsp-n20-d28-r0.10-rp2-fp2-s9,0 0 0 0 0 66 -63,0.0 0.0 0.0 0.0 0.0 0.0 0.0,0.0,0.36964285714285716,224,0 0 0 0 0 77 -50,0.0 0.0 0.0 0.0 0.0 0.04150943396226415 0.20634920634920634,0.6214435459718478,0.26607142857142857,146,0 0 0 0 0 97 -37,0.0 0.0 0.0 0.0 0.0 0.1169811320754717 0.4126984126984127,1.5825097334531297,0.20892857142857144,96,0 0 0 0 0 134 -43,0.0 0.0 0.0 0.0 0.0 0.25660377358490566 0.31746031746031744,2.883498053309374,0.15357142857142858,21,0 0 0 0 0 111 -15,0.0 0.0 0.0 0.0 0.0 0.16981132075471697 0.7619047619047619,2.4600179694519317,0.3732142857142857,14,0 0 0 0 0 125 -42,0.0 0.0 0.0 0.0 0.0 0.22264150943396227 0.3333333333333333,2.559748427672956,0.13214285714285715,25,0 0 0 0 0 128 -39,0.0 0.0 0.0 0.0 0.0 0.2339622641509434 0.38095238095238093,2.720575022461815,0.15,14,0 0 0 0 0 107 -25,0.0 0.0 0.0 0.0 0.0 0.15471698113207547 0.6031746031746031,2.1503444144953576,0.325,4,0 0 0 0 0 136 -26,0.0 0.0 0.0 0.0 0.0 0.2641509433962264 0.5873015873015873,3.2288110212638514,0.15357142857142858,7,0 0 0 0 0 138 -37,0.0 0.0 0.0 0.0 0.0 0.27169811320754716 0.4126984126984127,3.129679544773884,0.15,6,0 0 0 0 0 95 -19,0.0 0.0 0.0 0.0 0.0 0.10943396226415095 0.6984126984126984,1.7927523210542078,0.425,7,0 0 0 0 0 129 -46,0.0 0.0 0.0 0.0 0.0 0.23773584905660378 0.2698412698412698,2.6471997604073074,0.15357142857142858,2,0 0 0 0 0 298 -8,0.0 0.0 0.0 0.0 0.0 0.8754716981132076 0.873015873015873,9.627732854147949,0.5035714285714286,48,0 0 0 0 0 78 -16,0.0 0.0 0.0 0.0 0.0 0.045283018867924525 0.746031746031746,1.1988619347109912,0.6696428571428571,158,0 0 0 0 0 331 0,0.0 0.0 0.0 0.0 0.0 1.0 1.0,11.0,0.4928571428571429,61,0 0 0 0 0 298 -8,0.0 0.0 0.0 0.0 0.0 0.8754716981132076 0.873015873015873,9.627732854147949,0.5035714285714286,48,0 0 0 0 0 78 -16,0.0 0.0 0.0 0.0 0.0 0.045283018867924525 0.746031746031746,1.1988619347109912,0.6696428571428571,158,0 0 0 0 0 331 0,0.0 0.0 0.0 0.0 0.0 1.0 1.0,11.0,0.4928571428571429,61,0 0 0 0 0 106 -21,0.0 0.0 0.0 0.0 0.0 0.1509433962264151 0.6666666666666666,2.1761006289308176,0.18035714285714285,37
resolved-p28d-3600-all/resolved-p28d-3600-2nd/nsp-n50-d28-r0.10-rp2-fp2-s5,2 13 4 23 0 457 -120,0.06896551724137931 0.1326530612244898 0.0013463480309660047 0.00017072129748186088 0.0 0.016406795438678148 0.0,82244.62163338982,0.10142857142857142,2698,2 15 9 41 0 493 -102,0.06896551724137931 0.15306122448979592 0.0030292830696735107 0.0017072129748186087 0.0 0.02059576448685129 0.08737864077669903,84303.9330703161,0.05357142857142857,2394,2 15 7 43 0 481 -96,0.06896551724137931 0.15306122448979592 0.0023561090541905083 0.0018779342723004694 0.0 0.019199441470793575 0.11650485436893204,84297.38721444218,0.05857142857142857,2200,28 13 0 21 0 321 -99,0.9655172413793104 0.1326530612244898 0.0 0.0 0.0 0.0005818012566907144 0.10194174757281553,978782.6552615195,0.017857142857142856,1,19 98 119 213 22 652 -79,0.6551724137931034 1.0 0.04005385392123864 0.01638924455825864 1.0 0.03909704444961601 0.19902912621359223,755689.9315764448,0.14857142857142858,1879,24 25 5 55 2 375 -95,0.8275862068965517 0.25510204081632654 0.001682935038707506 0.0029022620571916347 0.09090909090909091 0.00686525482895043 0.12135922330097088,853125.4235114912,0.03214285714285714,490,28 13 0 21 0 321 -99,0.9655172413793104 0.1326530612244898 0.0 0.0 0.0 0.0005818012566907144 0.10194174757281553,978782.6552615195,0.017857142857142856,1,22 23 3 35 0 356 -103,0.7586206896551724 0.23469387755102042 0.0010097610232245036 0.001195049082373026 0.0 0.004654410053525715 0.0825242718446602,782101.4991379614,0.02857142857142857,1256,23 12 1 21 0 353 -103,0.7931034482758621 0.12244897959183673 0.0003365870077415012 0.0 0.0 0.0043053292995112865 0.0825242718446602,805351.837682688,0.027142857142857142,628,28 13 0 21 0 321 -99,0.9655172413793104 0.1326530612244898 0.0 0.0 0.0 0.0005818012566907144 0.10194174757281553,978782.6552615195,0.017857142857142856,1,22 21 3 42 0 349 -96,0.7586206896551724 0.21428571428571427 0.0010097610232245036 0.001792573623559539 0.0 0.0038398882941587152 0.11650485436893204,780061.3061713369,0.02857142857142857,1214,23 12 0 24 0 370 -101,0.7931034482758621 0.12244897959183673 0.0 0.00025608194622279127 0.0 0.006283453572259716 0.09223300970873786,805348.7573845375,0.027857142857142858,1297,29 13 0 21 0 316 -98,1.0 0.1326530612244898 0.0 0.0 0.0 0.0 0.10679611650485436,1013265.4129185654,0.017857142857142856,1748,0 0 2971 11736 5 8910 -16,0.0 0.0 1.0 1.0 0.22727272727272727 1.0 0.5048543689320388,11033.232127096206,0.655,1874,0 0 2721 8559 12 8624 77,0.0 0.0 0.9158532480646248 0.728809218950064 0.5454545454545454 0.9667209681172911 0.9563106796116505,9952.51067450255,0.6421428571428571,2102,28 13 0 21 0 321 -99,0.9655172413793104 0.1326530612244898 0.0 0.0 0.0 0.0005818012566907144 0.10194174757281553,978782.6552615195,0.017857142857142856,1749,0 0 2894 10687 4 8797 14,0.0 0.0 0.9740828004039044 0.910456679470764 0.18181818181818182 0.9868512915987898 0.6504854368932039,10679.985500044508,0.655,1953,0 0 2708 8171 14 8588 86,0.0 0.0 0.9114776169639852 0.695689287238583 0.6363636363636364 0.962531999069118 1.0,9884.727140505489,0.6421428571428571,2134,2 19 3 40 0 434 -98,0.06896551724137931 0.19387755102040816 0.0010097610232245036 0.0016218523260776781 0.0 0.01373050965790086 0.10679611650485436,88365.23590719153,0.05357142857142857,2351
resolved-p28d-3600-all/resolved-p28d-3600-2nd/nsp-n50-d28-r0.10-rp2-fp2-s2,6 219 1975 1209 213 4178 32,0.17391304347826086 0.5119047619047619 0.0 0.0 0.8865546218487395 0.01273148148148148 0.7913669064748201,225193.0938126432,0.05357142857142857,3471,4 234 2050 1256 200 4166 40,0.08695652173913043 0.5476190476190477 0.04065040650406504 0.0033173348390739695 0.8319327731092437 0.010747354497354497 0.8489208633093526,142212.39757263413,0.03214285714285714,2691,2 231 2074 1240 199 4174 29,0.0 0.5404761904761904 0.05365853658536585 0.0021880293619424055 0.8277310924369747 0.01207010582010582 0.7697841726618705,54670.05603730921,0.03357142857142857,3302,25 238 2172 1354 211 4242 41,1.0 0.5571428571428572 0.10677506775067751 0.0102343308865048 0.8781512605042017 0.023313492063492064 0.8561151079136691,1056881.175098758,0.012857142857142857,1,24 288 2303 1402 222 4389 61,0.9565217391304348 0.6761904761904762 0.17777777777777778 0.013622247317899492 0.9243697478991597 0.047619047619047616 1.0,1026026.0999398442,0.12285714285714286,246,21 311 2306 1426 240 4133 29,0.8260869565217391 0.7309523809523809 0.17940379403794038 0.015316205533596838 1.0 0.005291005291005291 0.7697841726618705,901092.3714571157,0.16285714285714287,298,25 238 2172 1354 211 4242 41,1.0 0.5571428571428572 0.10677506775067751 0.0102343308865048 0.8781512605042017 0.023313492063492064 0.8561151079136691,1056881.175098758,0.012857142857142857,1,22 424 2509 1571 174 4264 48,0.8695652173913043 1.0 0.2894308943089431 0.025550536420101636 0.7226890756302521 0.0269510582010582 0.9064748201438849,972558.521763779,0.24071428571428571,415,22 320 2234 1474 224 4101 26,0.8695652173913043 0.7523809523809524 0.14037940379403793 0.018704121964991532 0.9327731092436975 0.0 0.7482014388489209,946319.8363016682,0.09142857142857143,672,25 238 2172 1354 211 4242 41,1.0 0.5571428571428572 0.10677506775067751 0.0102343308865048 0.8781512605042017 0.023313492063492064 0.8561151079136691,1056881.175098758,0.012857142857142857,1,21 411 2751 1596 236 4670 20,0.8260869565217391 0.969047619047619 0.4205962059620596 0.027315076228119708 0.9831932773109243 0.09408068783068783 0.7050359712230215,927324.9607329303,0.23142857142857143,285,24 310 2322 1530 215 4457 38,0.9565217391304348 0.7285714285714285 0.1880758807588076 0.022656691134952004 0.8949579831932774 0.05886243386243386 0.8345323741007195,1031373.2164413327,0.12214285714285714,448,23 21 3726 13029 3 10149 24,0.9130434782608695 0.04047619047619048 0.9490514905149051 0.834274421230943 0.004201680672268907 1.0 0.7338129496402878,927427.0406158854,0.6935714285714286,3656,23 5 3549 15377 2 10103 -78,0.9130434782608695 0.002380952380952381 0.8531165311653116 1.0 0.0 0.9923941798941799 0.0,922822.6627524168,0.7342857142857143,3958,21 4 3483 15140 2 9995 -14,0.8260869565217391 0.0 0.8173441734417344 0.9832721626199887 0.0 0.9745370370370371 0.460431654676259,835253.8762208015,0.7128571428571429,4080,24 30 3820 12866 4 10149 30,0.9565217391304348 0.06190476190476191 1.0 0.8227696216826652 0.008403361344537815 1.0 0.7769784172661871,973546.6022571453,0.6857142857142857,3721,23 5 3549 15377 2 10103 -78,0.9130434782608695 0.002380952380952381 0.8531165311653116 1.0 0.0 0.9923941798941799 0.0,922822.6627524168,0.7342857142857143,3958,21 4 3483 15139 2 9995 -22,0.8260869565217391 0.0 0.8173441734417344 0.983201581027668 0.0 0.9745370370370371 0.4028776978417266,835253.7480852524,0.7121428571428572,4093,2 238 2049 1275 199 4161 40,0.0 0.5571428571428572 0.04010840108401084 0.004658385093167702 0.8277310924369747 0.00992063492063492 0.8489208633093526,56203.749346675206,0.03214285714285714,3781
resolved-p28d-3600-all/resolved-p28d-3600-2nd/nsp-n20-d28-r0.10-rp2-fp2-s8,0 1 143 174 86 1358 35,0.0 0.0 0.3169642857142857 0.5043478260869565 0.7166666666666667 0.7277676950998185 0.4880952380952381,3753.4231220855736,0.13214285714285715,1018,0 1 221 201 92 1610 45,0.0 0.0 0.49107142857142855 0.5826086956521739 0.7666666666666667 0.8802177858439202 0.6071428571428571,5579.398968748708,0.06607142857142857,840,0 1 246 204 98 1659 45,0.0 0.0 0.546875 0.591304347826087 0.8166666666666667 0.9098608590441621 0.6071428571428571,6151.426765940339,0.055357142857142855,782,13 3 297 224 120 1781 46,0.9285714285714286 0.013513513513513514 0.6607142857142857 0.6492753623188405 1.0 0.9836660617059891 0.6190476190476191,937289.6538504778,0.008928571428571428,1,0 12 412 236 106 1733 38,0.0 0.07432432432432433 0.9174107142857143 0.6840579710144927 0.8833333333333333 0.9546279491833031 0.5238095238095238,17389.000968653043,0.24642857142857144,7164,0 24 401 345 82 1808 45,0.0 0.1554054054054054 0.8928571428571429 1.0 0.6833333333333333 1.0 0.6071428571428571,25548.052445302445,0.3464285714285714,4504,13 3 297 224 120 1781 46,0.9285714285714286 0.013513513513513514 0.6607142857142857 0.6492753623188405 1.0 0.9836660617059891 0.6190476190476191,937289.6538504778,0.008928571428571428,1,0 1 1 0 0 155 5,0.0 0.0 0.0 0.0 0.0 0.0 0.13095238095238096,0.13095238095238096,0.6303571428571428,3205,0 1 1 1 0 212 -6,0.0 0.0 0.0 0.002898550724637681 0.0 0.034482758620689655 0.0,3.2433783108445775,0.5267857142857143,2629,13 3 297 224 120 1781 46,0.9285714285714286 0.013513513513513514 0.6607142857142857 0.6492753623188405 1.0 0.9836660617059891 0.6190476190476191,937289.6538504778,0.008928571428571428,1,0 1 17 118 8 672 26,0.0 0.0 0.03571428571428571 0.34202898550724636 0.06666666666666667 0.31276467029643074 0.38095238095238093,709.3471084006868,0.6,4772,0 1 224 230 89 1395 34,0.0 0.0 0.49776785714285715 0.6666666666666666 0.7416666666666667 0.7501512401693889 0.47619047619047616,5726.489607639789,0.3892857142857143,4179,14 3 297 224 120 1784 46,1.0 0.013513513513513514 0.6607142857142857 0.6492753623188405 1.0 0.985480943738657 0.6190476190476191,1008718.2434278695,0.008928571428571428,795,8 148 409 232 63 732 63,0.5714285714285714 0.9932432432432432 0.9107142857142857 0.672463768115942 0.525 0.3490623109497883 0.8214285714285714,680589.3144298354,0.7535714285714286,13172,3 141 449 242 41 904 68,0.21428571428571427 0.9459459459459459 1.0 0.7014492753623188 0.3416666666666667 0.4531155474894132 0.8809523809523809,319621.3369301937,0.7285714285714285,12743,13 3 297 224 120 1781 46,0.9285714285714286 0.013513513513513514 0.6607142857142857 0.6492753623188405 1.0 0.9836660617059891 0.6190476190476191,937289.6538504778,0.008928571428571428,796,8 149 400 221 63 696 63,0.5714285714285714 1.0 0.890625 0.6405797101449275 0.525 0.32728372655777377 0.8214285714285714,681031.9954045533,0.7410714285714286,12816,5 121 244 229 36 738 78,0.35714285714285715 0.8108108108108109 0.5424107142857143 0.663768115942029 0.3 0.352692075015124 1.0,444346.34040348756,0.7053571428571429,10424,0 1 264 204 103 1699 44,0.0 0.0 0.5870535714285714 0.591304347826087 0.8583333333333333 0.9340592861464004 0.5952380952380952,6557.609226401836,0.04642857142857143,569
resolved-p28d-3600-all/resolved-p28d-3600-2nd/nsp-n40-d28-r0.10-rp2-fp2-s7,4 7 0 5 0 226 -123,0.0 0.0019801980198019802 0.0 0.0 0.0 0.002493321460373998 0.0,198.04473519480177,0.14285714285714285,2619,4 7 1 30 0 288 -105,0.0 0.0019801980198019802 0.0006071645415907711 0.003329338127580237 0.0 0.013535173642030275 0.08144796380090498,207.6375852239072,0.08571428571428572,2828,4 7 0 33 0 272 -104,0.0 0.0019801980198019802 0.0 0.0037288587028898655 0.0 0.01068566340160285 0.08597285067873303,201.94149016778266,0.08035714285714286,3017,27 7 1 17 0 212 -104,1.0 0.0019801980198019802 0.0006071645415907711 0.0015980823012385138 0.0 0.0 0.08597285067873303,1000205.775502548,0.0125,1,16 275 277 425 31 932 -59,0.5217391304347826 0.5326732673267327 0.1681845780206436 0.05593288054334798 0.543859649122807 0.12822796081923418 0.2895927601809955,576800.1936654863,0.27053571428571427,4485,24 11 0 21 0 227 -107,0.8695652173913043 0.009900990099009901 0.0 0.0021307764016513515 0.0 0.0026714158504007124 0.07239819004524888,870557.5462899555,0.025,891,27 7 1 17 0 212 -104,1.0 0.0019801980198019802 0.0006071645415907711 0.0015980823012385138 0.0 0.0 0.08597285067873303,1000205.775502548,0.0125,1,25 19 15 53 1 286 -105,0.9130434782608695 0.02574257425742574 0.009107468123861567 0.006392329204954055 0.017543859649122806 0.013178984861976847 0.08144796380090498,915717.170320833,0.05,783,24 35 12 56 1 256 -102,0.8695652173913043 0.05742574257425743 0.007285974499089253 0.0067918497802636835 0.017543859649122806 0.007836153161175422 0.09502262443438914,875389.3710136221,0.044642857142857144,1443,27 7 1 17 0 212 -104,1.0 0.0019801980198019802 0.0006071645415907711 0.0015980823012385138 0.0 0.0 0.08597285067873303,1000205.775502548,0.0125,1,14 511 634 933 57 1206 -42,0.43478260869565216 1.0 0.3849423193685489 0.1235850312957784 1.0 0.17702582368655387 0.3665158371040724,538857.7536947074,0.4875,4914,23 12 39 34 6 250 -102,0.8260869565217391 0.011881188118811881 0.023679417122040074 0.003862032227993075 0.10526315789473684 0.006767586821015138 0.09502262443438914,827526.4205513508,0.029464285714285714,792,13 38 1647 6188 11 5462 98,0.391304347826087 0.06336633663366337 1.0 0.8234119057131443 0.19298245614035087 0.9349955476402493 1.0,408494.0415962569,0.6410714285714286,4993,10 15 1612 6652 8 5777 86,0.2608695652173913 0.01782178217821782 0.978749241044323 0.8852044213610334 0.14035087719298245 0.9910952804986642 0.9457013574660633,273349.3320088991,0.6678571428571428,5748,12 6 1584 7514 3 5488 20,0.34782608695652173 0.0 0.9617486338797814 1.0 0.05263157894736842 0.9396260017809439 0.6470588235294118,358458.8797720556,0.6580357142857143,6751,13 36 1610 5831 13 5426 95,0.391304347826087 0.0594059405940594 0.9775349119611415 0.7758689572512985 0.22807017543859648 0.9285841495992876 0.9864253393665159,407829.2392467348,0.6410714285714286,5133,10 15 1633 6719 6 5827 68,0.2608695652173913 0.01782178217821782 0.9914996964177292 0.8941270475429485 0.10526315789473684 1.0 0.8642533936651584,273482.25801611645,0.6678571428571428,5666,12 6 1532 6733 3 5399 41,0.34782608695652173 0.0 0.9301760777170613 0.8959914768943934 0.05263157894736842 0.9237756010685664 0.7420814479638009,358039.0822059401,0.6580357142857143,7054,4 7 1 39 0 277 -103,0.0 0.0019801980198019802 0.0006071645415907711 0.004527899853509122 0.0 0.01157613535173642 0.09049773755656108,208.82560634068878,0.06428571428571428,2580
resolved-p28d-3600-all/resolved-p28d-3600-2nd/nsp-n50-d28-r0.10-rp2-fp2-s4,6 13 0 8 0 328 -116,0.0 0.016666666666666666 0.0 0.0 0.0 0.0003204101249599487 0.0,1666.6698707679163,0.1457142857142857,2015,6 13 2 29 1 424 -86,0.0 0.016666666666666666 0.0005989817310572028 0.0013780431786862655 0.06666666666666667 0.010573534123678308 0.12552301255230125,1680.9324521763808,0.06428571428571428,1910,6 14 2 32 0 418 -84,0.0 0.020833333333333332 0.0005989817310572028 0.0015749064899271605 0.0 0.00993271387375841 0.13389121338912133,2091.131275485959,0.04928571428571429,2305,18 24 1 21 0 325 -82,1.0 0.0625 0.0002994908655286014 0.0008530743487105454 0.0 0.0 0.14225941422594143,1006253.9902424183,0.02214285714285714,1,17 46 9 46 1 359 -78,0.9166666666666666 0.15416666666666667 0.0026954177897574125 0.002493601942384671 0.06666666666666667 0.003631314749546086 0.1589958158995816,932119.6430888033,0.04071428571428572,387,15 36 6 43 0 373 -83,0.75 0.1125 0.0017969451931716084 0.0022967386311437757 0.0 0.00512656199935918 0.13807531380753138,761270.4555314967,0.037142857142857144,547,18 24 1 21 0 325 -82,1.0 0.0625 0.0002994908655286014 0.0008530743487105454 0.0 0.0 0.14225941422594143,1006253.9902424183,0.02214285714285714,1,17 35 8 40 0 368 -84,0.9166666666666666 0.10833333333333334 0.002395926924228811 0.002099875319902881 0.0 0.004592545124425932 0.13389121338912133,927526.2389612268,0.03857142857142857,228,18 23 1 12 0 337 -77,1.0 0.058333333333333334 0.0002994908655286014 0.0002624844149878601 0.0 0.001281640499839795 0.16317991631799164,1005836.7667227249,0.030714285714285715,78,18 24 1 21 0 325 -82,1.0 0.0625 0.0002994908655286014 0.0008530743487105454 0.0 0.0 0.14225941422594143,1006253.9902424183,0.02214285714285714,1,14 249 112 199 15 747 -37,0.6666666666666666 1.0 0.033542976939203356 0.01253363081567032 1.0 0.04507102424436612 0.3305439330543933,767115.4113210498,0.2307142857142857,526,17 25 7 32 1 373 -79,0.9166666666666666 0.06666666666666667 0.0020964360587002098 0.0015749064899271605 0.06666666666666667 0.00512656199935918 0.15481171548117154,923362.7453444124,0.04071428571428572,286,17 35 3339 13436 6 9617 40,0.9166666666666666 0.10833333333333334 1.0 0.8811601811142463 0.4 0.9924169603759478 0.6527196652719666,938431.7370703833,0.6314285714285715,4303,12 24 3220 15247 3 9688 -2,0.5 0.0625 0.9643605870020965 1.0 0.2 1.0 0.4769874476987448,516924.0828574687,0.67,3342,10 9 2873 9296 5 8981 79,0.3333333333333333 0.0 0.8604372566636718 0.6094888116018111 0.3333333333333333 0.9244900138844387 0.8158995815899581,342590.5888446256,0.6592857142857143,3871,16 37 3179 11910 8 9275 75,0.8333333333333334 0.11666666666666667 0.9520814615154238 0.7810223767963778 0.5333333333333333 0.9558902061305137 0.799163179916318,855365.5283905253,0.6307142857142857,4836,12 24 3218 15247 3 9679 1,0.5 0.0625 0.9637616052710393 1.0 0.2 0.9990387696251202 0.4895397489539749,516918.0959801556,0.67,3346,9 12 2686 8145 9 8880 123,0.25 0.0125 0.8044324648098233 0.5339589211890544 0.6 0.9137028730107871 1.0,259898.4205980174,0.6592857142857143,4608,6 17 2 31 1 414 -83,0.0 0.03333333333333333 0.0005989817310572028 0.0015092853861801956 0.06666666666666667 0.009505500373811813 0.13807531380753138,3347.732233014298,0.047857142857142855,2846
resolved-p28d-3600-all/resolved-p28d-3600-2nd/nsp-n20-d28-r0.10-rp2-fp2-s1,0 1 1 0 0 65 -82,0.0 0.0 0.002304147465437788 0.0 0.0 0.0012091898428053204 0.0,23.053566552805933,0.30892857142857144,1442,0 1 1 1 0 83 -69,0.0 0.0 0.002304147465437788 0.002512562814070352 0.0 0.022974607013301087 0.09219858156028368,25.875982120141526,0.18928571428571428,1515,0 1 1 9 1 110 -58,0.0 0.0 0.002304147465437788 0.022613065326633167 0.01282051282051282 0.05562273276904474 0.1702127659574468,47.66303135671022,0.15892857142857142,1471,15 2 0 8 0 64 -67,0.9375 0.004739336492890996 0.0 0.020100502512562814 0.0 0.0 0.10638297872340426,937994.1405347803,0.0125,1,3 102 136 111 12 338 -46,0.1875 0.4786729857819905 0.31336405529953915 0.27889447236180903 0.15384615384615385 0.3313180169286578 0.2553191489361702,238798.7867182591,0.2732142857142857,7545,4 115 141 178 10 299 -45,0.25 0.5402843601895735 0.3248847926267281 0.4472361809045226 0.1282051282051282 0.2841596130592503 0.2624113475177305,307740.44464642776,0.25,2263,15 2 0 8 0 64 -67,0.9375 0.004739336492890996 0.0 0.020100502512562814 0.0 0.0 0.10638297872340426,937994.1405347803,0.0125,1,0 84 422 310 51 842 -8,0.0 0.3933649289099526 0.9723502304147466 0.7788944723618091 0.6538461538461539 0.9407496977025392 0.524822695035461,49914.206602561215,0.6607142857142857,4838,0 6 11 29 1 129 -36,0.0 0.023696682464454975 0.02534562211981567 0.0728643216080402 0.01282051282051282 0.07859733978234583 0.3262411347517731,2698.383055066321,0.07321428571428572,1070,15 2 0 8 0 64 -67,0.9375 0.004739336492890996 0.0 0.020100502512562814 0.0 0.0 0.10638297872340426,937994.1405347803,0.0125,1,13 13 6 22 0 137 -71,0.8125 0.05687203791469194 0.013824884792626729 0.05527638190954774 0.0 0.08827085852478839 0.07801418439716312,818381.6897440746,0.06428571428571428,22717,0 14 46 59 6 199 -60,0.0 0.061611374407582936 0.10599078341013825 0.14824120603015076 0.07692307692307693 0.16324062877871826 0.15602836879432624,7378.767223238716,0.13392857142857142,681,16 2 0 11 0 67 -67,1.0 0.004739336492890996 0.0 0.02763819095477387 0.0 0.0036275695284159614 0.10638297872340426,1000501.7144989179,0.0125,723,5 189 434 394 75 889 59,0.3125 0.8909952606635071 1.0 0.9899497487437185 0.9615384615384616 0.9975816203143894 1.0,412696.6054774514,0.7678571428571429,10466,12 199 284 341 42 607 57,0.75 0.9383886255924171 0.6543778801843319 0.8567839195979899 0.5384615384615384 0.656590084643289 0.9858156028368794,851300.8231509784,0.7607142857142857,14436,16 2 0 8 0 64 -67,1.0 0.004739336492890996 0.0 0.020100502512562814 0.0 0.0 0.10638297872340426,1000494.1405347803,0.0125,725,5 184 409 398 78 891 57,0.3125 0.8672985781990521 0.9423963133640553 1.0 1.0 1.0 0.9858156028368794,409764.8067691486,0.7660714285714286,10612,12 212 260 321 39 609 59,0.75 1.0 0.5990783410138248 0.8065326633165829 0.5 0.6590084643288996 1.0,856854.9061580981,0.7375,13736,0 1 3 13 0 99 -67,0.0 0.0 0.0069124423963133645 0.032663316582914576 0.0 0.04232164449818621 0.10638297872340426,102.31733996975349,0.08571428571428572,1268
resolved-p28d-3600-all/resolved-p28d-3600-2nd/nsp-n20-d28-r0.10-rp2-fp2-s3,0 0 0 0 0 74 -68,0.0 0.0 0.0 0.0 0.0 0.0 0.17647058823529413,0.17647058823529413,0.33035714285714285,171,0 0 0 0 0 88 -57,0.0 0.0 0.0 0.0 0.0 0.04946996466431095 0.39215686274509803,0.8868565093882075,0.24821428571428572,116,0 0 0 0 0 93 -53,0.0 0.0 0.0 0.0 0.0 0.06713780918727916 0.47058823529411764,1.1419663271669092,0.22678571428571428,79,0 0 0 0 0 150 -43,0.0 0.0 0.0 0.0 0.0 0.26855123674911663 0.6666666666666666,3.352179034157833,0.14821428571428572,16,0 0 0 0 0 126 -45,0.0 0.0 0.0 0.0 0.0 0.18374558303886926 0.6274509803921569,2.4649068107808496,0.30714285714285716,9,0 0 0 0 0 149 -49,0.0 0.0 0.0 0.0 0.0 0.26501766784452296 0.5490196078431373,3.199196286288367,0.14821428571428572,12,0 0 0 0 0 153 -46,0.0 0.0 0.0 0.0 0.0 0.2791519434628975 0.6078431372549019,3.399362571883877,0.13214285714285715,4,0 0 0 0 0 124 -35,0.0 0.0 0.0 0.0 0.0 0.17667844522968199 0.8235294117647058,2.5903138640615255,0.2785714285714286,9,0 0 0 0 0 144 -49,0.0 0.0 0.0 0.0 0.0 0.24734982332155478 0.5490196078431373,3.0225178410586855,0.13392857142857142,2,0 0 0 0 0 144 -49,0.0 0.0 0.0 0.0 0.0 0.24734982332155478 0.5490196078431373,3.0225178410586855,0.13392857142857142,2,0 0 0 0 0 117 -77,0.0 0.0 0.0 0.0 0.0 0.1519434628975265 0.0,1.519434628975265,0.3464285714285714,8,0 0 0 0 0 141 -48,0.0 0.0 0.0 0.0 0.0 0.23674911660777384 0.5686274509803921,2.9361186170581304,0.13392857142857142,3,0 0 0 0 0 306 -26,0.0 0.0 0.0 0.0 0.0 0.8197879858657244 1.0,9.197879858657245,0.5178571428571429,18,0 0 0 0 0 114 -38,0.0 0.0 0.0 0.0 0.0 0.1413427561837456 0.7647058823529411,2.1781334441903972,0.6553571428571429,177,0 0 0 0 0 357 -26,0.0 0.0 0.0 0.0 0.0 1.0 1.0,11.0,0.5125,24,0 0 0 0 0 306 -26,0.0 0.0 0.0 0.0 0.0 0.8197879858657244 1.0,9.197879858657245,0.5178571428571429,18,0 0 0 0 0 114 -38,0.0 0.0 0.0 0.0 0.0 0.1413427561837456 0.7647058823529411,2.1781334441903972,0.6553571428571429,177,0 0 0 0 0 357 -26,0.0 0.0 0.0 0.0 0.0 1.0 1.0,11.0,0.5125,24,0 0 0 0 0 117 -46,0.0 0.0 0.0 0.0 0.0 0.1519434628975265 0.6078431372549019,2.1272777662301667,0.16428571428571428,44
resolved-p28d-3600-all/resolved-p28d-3600-2nd/nsp-n30-d28-r0.10-rp2-fp2-s0,1 9 0 0 0 133 -95,0.07692307692307693 0.00904977375565611 0.0 0.0 0.0 0.0020515826494724504 0.02403846153846154,77828.09885293056,0.1869047619047619,919,1 9 0 0 0 145 -100,0.07692307692307693 0.00904977375565611 0.0 0.0 0.0 0.005568581477139508 0.0,77828.1099844573,0.1357142857142857,921,1 9 0 17 0 176 -77,0.07692307692307693 0.00904977375565611 0.0 0.0034102306920762286 0.0 0.014654161781946073 0.11057692307692307,77831.7216478755,0.05714285714285714,847,13 12 0 26 0 126 -81,1.0 0.02262443438914027 0.0 0.005215646940822468 0.0 0.0 0.09134615384615384,1002267.7504320086,0.01904761904761905,1,1 28 12 57 2 214 -71,0.07692307692307693 0.09502262443438914 0.011142061281337047 0.011434302908726178 0.03389830508474576 0.02579132473622509 0.13942307692307693,86551.98144907069,0.07976190476190476,603,2 228 241 340 37 617 -38,0.15384615384615385 1.0 0.22376973073351902 0.06820461384152457 0.6271186440677966 0.14390386869871044 0.2980769230769231,256216.5047473474,0.34285714285714286,618,13 12 0 26 0 126 -81,1.0 0.02262443438914027 0.0 0.005215646940822468 0.0 0.0 0.09134615384615384,1002267.7504320086,0.01904761904761905,1,5 23 66 131 6 398 -69,0.38461538461538464 0.07239819004524888 0.06128133704735376 0.026278836509528586 0.1016949152542373 0.07971864009378664 0.14903846153846154,392505.41154328047,0.15833333333333333,736,5 14 1 31 0 145 -78,0.38461538461538464 0.03167420814479638 0.0009285051067780873 0.006218655967903711 0.0 0.005568581477139508 0.10576923076923077,387798.4705919455,0.034523809523809526,239,13 12 0 26 0 126 -81,1.0 0.02262443438914027 0.0 0.005215646940822468 0.0 0.0 0.09134615384615384,1002267.7504320086,0.01904761904761905,1,6 23 4 46 0 156 -81,0.46153846153846156 0.07239819004524888 0.003714020427112349 0.009227683049147442 0.0 0.008792497069167644 0.09134615384615384,468824.82770143123,0.04285714285714286,533,7 19 1 34 0 151 -71,0.5384615384615384 0.05429864253393665 0.0009285051067780873 0.006820461384152457 0.0 0.007327080890973036 0.13942307692307693,543907.7209212699,0.03571428571428571,706,11 28 774 947 59 2615 108,0.8461538461538461 0.09502262443438914 0.7186629526462396 0.18996990972918756 1.0 0.7294841735052755 1.0,863141.0028752116,0.5726190476190476,8100,4 7 1077 3009 44 3141 92,0.3076923076923077 0.0 1.0 0.6036108324974925 0.7457627118644068 0.8836459554513482 0.9230769230769231,318380.2543324692,0.7023809523809523,7905,2 7 1057 4985 4 3538 43,0.15384615384615385 0.0 0.9814298978644382 1.0 0.06779661016949153 1.0 0.6875,164677.91998581518,0.655952380952381,8507,11 30 766 1070 47 2533 103,0.8461538461538461 0.10407239819004525 0.7112349117920148 0.21464393179538616 0.7966101694915254 0.7054513481828839 0.9759615384615384,863975.7705145356,0.5726190476190476,7924,4 7 1053 2527 51 3093 103,0.3076923076923077 0.0 0.9777158774373259 0.5069207622868606 0.864406779661017 0.86957796014068 0.9759615384615384,318072.4996480738,0.7023809523809523,8152,0 7 1016 4637 3 3475 46,0.0 0.0 0.9433611884865367 0.9301905717151454 0.05084745762711865 0.981535756154748 0.7019230769230769,10379.404482981696,0.655952380952381,8671,1 9 2 22 0 176 -78,0.07692307692307693 0.00904977375565611 0.0018570102135561746 0.0044132397191574725 0.0 0.014654161781946073 0.10576923076923077,77851.28995134584,0.05119047619047619,1158
resolved-p28d-3600-all/resolved-p28d-3600-2nd/nsp-n30-d28-r0.10-rp2-fp2-s3,2 115 548 553 120 2124 0,0.0 0.3301282051282051 0.0 0.0 0.4811715481171548 0.20507166482910694 0.0,33062.98838428052,0.1261904761904762,4771,2 125 566 751 142 2227 5,0.0 0.36217948717948717 0.022388059701492536 0.04927824788451966 0.5732217573221757 0.2618522601984565 0.032679738562091505,36551.080940920925,0.10238095238095238,4273,2 145 602 826 154 2178 18,0.0 0.42628205128205127 0.06716417910447761 0.06794425087108014 0.6234309623430963 0.2348401323042999 0.11764705882352941,43432.60031473716,0.07380952380952381,3842,16 186 689 1061 174 2303 26,0.875 0.5576923076923077 0.17537313432835822 0.12643106022896963 0.7071129707112971 0.3037486218302095 0.16993464052287582,932723.3118906732,0.017857142857142856,1,11 320 1048 1585 244 2727 33,0.5625 0.9871794871794872 0.6218905472636815 0.25684420109507217 1.0 0.5374862183020949 0.21568627450980393,667799.2889401382,0.42142857142857143,4901,8 324 770 1070 97 1752 27,0.375 1.0 0.27611940298507465 0.1286709805873569 0.38493723849372385 0.0 0.17647058823529413,477928.5352048757,0.43333333333333335,1775,16 186 689 1061 174 2303 26,0.875 0.5576923076923077 0.17537313432835822 0.12643106022896963 0.7071129707112971 0.3037486218302095 0.16993464052287582,932723.3118906732,0.017857142857142856,1,9 240 977 1330 189 2699 26,0.4375 0.7307692307692307 0.5335820895522388 0.19337979094076654 0.7698744769874477 0.5220507166482911 0.16993464052287582,516188.501652892,0.2226190476190476,2778,8 253 889 1231 157 2626 24,0.375 0.7724358974358975 0.42412935323383083 0.16874066699850673 0.6359832635983264 0.48180815876515987 0.1568627450980392,456722.19721361913,0.2130952380952381,2595,16 186 689 1061 174 2303 26,0.875 0.5576923076923077 0.17537313432835822 0.12643106022896963 0.7071129707112971 0.3037486218302095 0.16993464052287582,932723.3118906732,0.017857142857142856,1,7 274 1352 1535 225 3566 46,0.3125 0.8397435897435898 1.0 0.24440019910403185 0.9205020920502092 1.0 0.3006535947712418,406821.1100362628,0.530952380952381,1361,7 263 1052 1281 173 2590 27,0.3125 0.8044871794871795 0.6268656716417911 0.18118466898954705 0.702928870292887 0.4619625137816979 0.17647058823529413,399473.64831688075,0.2785714285714286,2864,18 89 1042 884 78 2741 153,1.0 0.2467948717948718 0.6144278606965174 0.0823792931806869 0.3054393305439331 0.5452039691289967 1.0,1030943.1410523787,0.6630952380952381,7695,9 14 771 3513 17 2814 98,0.4375 0.00641025641025641 0.277363184079602 0.7366849178695869 0.0502092050209205 0.5854465270121278 0.6405228758169934,441662.85830833926,0.7595238095238095,9284,9 12 817 3540 5 2898 122,0.4375 0.0 0.3345771144278607 0.7434046789447486 0.0 0.6317530319735392 0.7973856209150327,441596.290739164,0.7678571428571429,7458,16 96 1111 874 94 2710 131,0.875 0.2692307692307692 0.7002487562189055 0.07989049278247884 0.3723849372384937 0.5281146637265711 0.8562091503267973,909048.8308275599,0.6607142857142857,8025,8 24 780 3324 17 2814 107,0.375 0.038461538461538464 0.2885572139303483 0.6896465903434544 0.0502092050209205 0.5854465270121278 0.6993464052287581,382432.94730797823,0.7595238095238095,9500,9 13 846 4571 7 2922 67,0.4375 0.003205128205128205 0.3706467661691542 1.0 0.008368200836820083 0.6449834619625138 0.43790849673202614,442534.7050454044,0.7678571428571429,6796,2 164 615 919 154 2131 16,0.0 0.48717948717948717 0.08333333333333333 0.09109009457441514 0.6234309623430963 0.2089305402425579 0.10457516339869281,49706.9091226566,0.05476190476190476,3787
resolved-p28d-3600-all/resolved-p28d-3600-2nd/nsp-n10-d28-r0.10-rp0-fp0-s9,0 0 0 0 0 75 -49,0.0 0.0 0.0 0.0 0.0 0.0 0.0,0.0,0.3464285714285714,95,0 0 0 0 0 76 -47,0.0 0.0 0.0 0.0 0.0 0.009174311926605505 0.09523809523809523,0.18698121450415028,0.3678571428571429,88,0 0 0 0 0 81 -45,0.0 0.0 0.0 0.0 0.0 0.05504587155963303 0.19047619047619047,0.7409349060725208,0.3,59,0 0 0 0 0 102 -34,0.0 0.0 0.0 0.0 0.0 0.24770642201834864 0.7142857142857143,3.191349934469201,0.16071428571428573,24,0 0 0 0 0 91 -35,0.0 0.0 0.0 0.0 0.0 0.14678899082568808 0.6666666666666666,2.1345565749235473,0.5285714285714286,10,0 0 0 0 0 108 -33,0.0 0.0 0.0 0.0 0.0 0.30275229357798167 0.7619047619047619,3.7894276976845784,0.15357142857142858,26,0 0 0 0 0 105 -30,0.0 0.0 0.0 0.0 0.0 0.27522935779816515 0.9047619047619048,3.6570554827435564,0.15714285714285714,24,0 0 0 0 0 94 -40,0.0 0.0 0.0 0.0 0.0 0.1743119266055046 0.42857142857142855,2.1716906946264745,0.475,3,0 0 0 0 0 100 -36,0.0 0.0 0.0 0.0 0.0 0.22935779816513763 0.6190476190476191,2.9126256006989952,0.15714285714285714,15,0 0 0 0 0 99 -34,0.0 0.0 0.0 0.0 0.0 0.22018348623853212 0.7142857142857143,2.9161205766710356,0.16785714285714284,20,0 0 0 0 0 96 -33,0.0 0.0 0.0 0.0 0.0 0.1926605504587156 0.7619047619047619,2.688510266491918,0.3142857142857143,14,0 0 0 0 0 99 -34,0.0 0.0 0.0 0.0 0.0 0.22018348623853212 0.7142857142857143,2.9161205766710356,0.15714285714285714,31,0 0 0 0 0 169 -28,0.0 0.0 0.0 0.0 0.0 0.8623853211009175 1.0,9.623853211009175,0.5821428571428572,39,0 0 0 0 0 88 -41,0.0 0.0 0.0 0.0 0.0 0.11926605504587157 0.38095238095238093,1.5736129314110965,0.6071428571428571,98,0 0 0 0 0 184 -39,0.0 0.0 0.0 0.0 0.0 1.0 0.47619047619047616,10.476190476190476,0.525,76,0 0 0 0 0 169 -29,0.0 0.0 0.0 0.0 0.0 0.8623853211009175 0.9523809523809523,9.576234163390128,0.5821428571428572,40,0 0 0 0 0 88 -41,0.0 0.0 0.0 0.0 0.0 0.11926605504587157 0.38095238095238093,1.5736129314110965,0.6071428571428571,98,0 0 0 0 0 184 -39,0.0 0.0 0.0 0.0 0.0 1.0 0.47619047619047616,10.476190476190476,0.525,76,0 0 0 0 0 87 -38,0.0 0.0 0.0 0.0 0.0 0.11009174311926606 0.5238095238095238,1.6247269550021843,0.2642857142857143,27
resolved-p28d-3600-all/resolved-p28d-3600-2nd/nsp-n50-d28-r0.10-rp2-fp2-s1,0 11 0 28 0 467 -143,0.0 0.3333333333333333 0.0 0.001329566229017783 0.0 0.009514747859181731 0.043478260869565216,33334.80152530181,0.09285714285714286,1922,0 16 0 30 2 471 -144,0.0 0.48484848484848486 0.0 0.0014957620076450058 0.044444444444444446 0.009990485252140819 0.040372670807453416,48490.92896882391,0.06571428571428571,1954,0 22 2 41 3 447 -151,0.0 0.6666666666666666 0.0007584376185058779 0.0024098387900947315 0.06666666666666667 0.007136060894386299 0.018633540372670808,66683.4175424578,0.04642857142857143,1605,27 13 2 22 0 387 -155,1.0 0.3939393939393939 0.0007584376185058779 0.0008309788931361143 0.0 0.0 0.006211180124223602,1039402.3609601978,0.013571428571428571,1,24 11 5 13 1 400 -155,0.8888888888888888 0.3333333333333333 0.0018960940462646946 8.309788931361143e-05 0.022222222222222223 0.0015461465271170314 0.006211180124223602,922243.5101554418,0.020714285714285713,439,25 17 6 39 2 401 -149,0.9259259259259259 0.5151515151515151 0.0022753128555176336 0.002243643011467509 0.044444444444444446 0.001665080875356803 0.024844720496894408,977470.5601526179,0.02214285714285714,145,27 13 2 22 0 387 -155,1.0 0.3939393939393939 0.0007584376185058779 0.0008309788931361143 0.0 0.0 0.006211180124223602,1039402.3609601978,0.013571428571428571,1,25 33 4 32 1 396 -156,0.9259259259259259 1.0 0.0015168752370117557 0.0016619577862722287 0.022222222222222223 0.0010704091341579448 0.003105590062111801,1025944.992667986,0.02642857142857143,192,23 17 8 38 2 446 -147,0.8518518518518519 0.5151515151515151 0.0030337504740235114 0.0021605451221538975 0.044444444444444446 0.007017126546146527 0.031055900621118012,903404.0470884764,0.03142857142857143,164,27 13 2 22 0 387 -155,1.0 0.3939393939393939 0.0007584376185058779 0.0008309788931361143 0.0 0.0 0.006211180124223602,1039402.3609601978,0.013571428571428571,1,25 11 2 12 0 403 -157,0.9259259259259259 0.3333333333333333 0.0007584376185058779 0.0 0.0 0.0019029495718363464 0.0,959266.8626649401,0.020714285714285713,277,24 13 3 36 2 401 -152,0.8888888888888888 0.3939393939393939 0.0011376564277588168 0.0019943493435266744 0.044444444444444446 0.001665080875356803 0.015527950310559006,928300.6758196529,0.027857142857142858,58,27 13 2 22 0 387 -155,1.0 0.3939393939393939 0.0007584376185058779 0.0008309788931361143 0.0 0.0 0.006211180124223602,1039402.3609601978,0.013571428571428571,1767,0 0 1841 3574 45 6737 163,0.0 0.0 0.6981418278346606 0.2959946817350839 1.0 0.75523311132255 0.9937888198757764,7385.959080014791,0.6842857142857143,1976,0 0 2637 12046 5 8795 -26,0.0 0.0 1.0 1.0 0.1111111111111111 1.0 0.40683229813664595,11021.517943409248,0.6421428571428571,1381,27 13 2 22 0 387 -155,1.0 0.3939393939393939 0.0007584376185058779 0.0008309788931361143 0.0 0.0 0.006211180124223602,1039402.3609601978,0.013571428571428571,1767,0 0 1891 3930 43 6910 165,0.0 0.0 0.7171027682973076 0.3255775303307296 0.9555555555555556 0.7758087535680305 1.0,7600.918856395041,0.6814285714285714,1905,0 0 2612 11613 5 8758 -17,0.0 0.0 0.9905195297686765 0.9640186139272062 0.1111111111111111 0.9955994291151284 0.43478260869565216,10890.71579962493,0.6421428571428571,1431,0 28 3 29 2 446 -152,0.0 0.8484848484848485 0.0011376564277588168 0.0014126641183313945 0.044444444444444446 0.007017126546146527 0.015527950310559006,84865.80422054099,0.03857142857142857,1588
resolved-p28d-3600-all/resolved-p28d-3600-2nd/nsp-n20-d28-r0.10-rp2-fp2-s7,0 0 0 0 0 55 -52,0.0 0.0 0.0 0.0 0.0 0.0 0.17142857142857143,0.17142857142857143,0.39464285714285713,167,0 0 0 0 0 66 -58,0.0 0.0 0.0 0.0 0.0 0.03914590747330961 0.0,0.39145907473309605,0.31785714285714284,105,0 0 0 0 0 79 -44,0.0 0.0 0.0 0.0 0.0 0.08540925266903915 0.4,1.2540925266903915,0.26964285714285713,86,0 0 0 0 0 111 -51,0.0 0.0 0.0 0.0 0.0 0.199288256227758 0.2,2.19288256227758,0.1982142857142857,23,0 0 0 0 0 85 -23,0.0 0.0 0.0 0.0 0.0 0.10676156583629894 1.0,2.0676156583629894,0.5160714285714286,10,0 0 0 0 0 122 -46,0.0 0.0 0.0 0.0 0.0 0.23843416370106763 0.34285714285714286,2.7271987798678192,0.19107142857142856,36,0 0 0 0 0 133 -43,0.0 0.0 0.0 0.0 0.0 0.2775800711743772 0.42857142857142855,3.2043721403152006,0.18928571428571428,26,0 0 0 0 0 74 -35,0.0 0.0 0.0 0.0 0.0 0.06761565836298933 0.6571428571428571,1.3332994407727505,0.4625,15,0 0 0 0 0 111 -43,0.0 0.0 0.0 0.0 0.0 0.199288256227758 0.42857142857142855,2.4214539908490087,0.1875,24,0 0 0 0 0 124 -46,0.0 0.0 0.0 0.0 0.0 0.24555160142348753 0.34285714285714286,2.7983731570920183,0.19107142857142856,18,0 0 0 0 0 80 -25,0.0 0.0 0.0 0.0 0.0 0.08896797153024912 0.9428571428571428,1.832536858159634,0.5053571428571428,16,0 0 0 0 0 123 -38,0.0 0.0 0.0 0.0 0.0 0.24199288256227758 0.5714285714285714,2.991357397051347,0.19107142857142856,30,0 0 0 0 0 336 -36,0.0 0.0 0.0 0.0 0.0 1.0 0.6285714285714286,10.628571428571428,0.44821428571428573,13,0 0 0 0 0 68 -25,0.0 0.0 0.0 0.0 0.0 0.046263345195729534 0.9428571428571428,1.405490594814438,0.6339285714285714,137,0 0 0 0 0 322 -39,0.0 0.0 0.0 0.0 0.0 0.9501779359430605 0.5428571428571428,10.044636502287748,0.425,42,0 0 0 0 0 336 -36,0.0 0.0 0.0 0.0 0.0 1.0 0.6285714285714286,10.628571428571428,0.44821428571428573,13,0 0 0 0 0 68 -25,0.0 0.0 0.0 0.0 0.0 0.046263345195729534 0.9428571428571428,1.405490594814438,0.6339285714285714,137,0 0 0 0 0 322 -39,0.0 0.0 0.0 0.0 0.0 0.9501779359430605 0.5428571428571428,10.044636502287748,0.425,42,0 0 0 0 0 90 -52,0.0 0.0 0.0 0.0 0.0 0.12455516014234876 0.17142857142857143,1.416980172852059,0.21428571428571427,76
resolved-p28d-3600-all/resolved-p28d-3600-2nd/nsp-n40-d28-r0.10-rp2-fp2-s8,0 0 0 0 0 228 -127,0.0 0.0 0.0 0.0 0.0 0.0 0.1864406779661017,0.1864406779661017,0.21875,234,0 0 0 0 0 269 -138,0.0 0.0 0.0 0.0 0.0 0.05890804597701149 0.0,0.5890804597701149,0.15892857142857142,157,0 0 0 0 0 342 -111,0.0 0.0 0.0 0.0 0.0 0.16379310344827586 0.4576271186440678,2.0955581531268264,0.12946428571428573,97,0 0 0 0 0 446 -103,0.0 0.0 0.0 0.0 0.0 0.3132183908045977 0.5932203389830508,3.7254042470290276,0.12321428571428572,4,0 0 0 0 0 386 -89,0.0 0.0 0.0 0.0 0.0 0.22701149425287356 0.8305084745762712,3.1006234171050067,0.2982142857142857,4,0 0 0 0 0 486 -98,0.0 0.0 0.0 0.0 0.0 0.3706896551724138 0.6779661016949152,4.384862653419053,0.11875,3,0 0 0 0 0 426 -107,0.0 0.0 0.0 0.0 0.0 0.28448275862068967 0.5254237288135594,3.370251315020456,0.12142857142857143,2,0 0 0 0 0 371 -79,0.0 0.0 0.0 0.0 0.0 0.20545977011494254 1.0,3.0545977011494254,0.29910714285714285,8,0 0 0 0 0 426 -107,0.0 0.0 0.0 0.0 0.0 0.28448275862068967 0.5254237288135594,3.370251315020456,0.12142857142857143,2,0 0 0 0 0 467 -99,0.0 0.0 0.0 0.0 0.0 0.34339080459770116 0.6610169491525424,4.0949249951295545,0.10625,2,0 0 0 0 0 407 -92,0.0 0.0 0.0 0.0 0.0 0.257183908045977 0.7796610169491526,3.351500097408923,0.27232142857142855,49,0 0 0 0 0 467 -99,0.0 0.0 0.0 0.0 0.0 0.34339080459770116 0.6610169491525424,4.0949249951295545,0.10625,2,0 0 0 0 0 920 -100,0.0 0.0 0.0 0.0 0.0 0.9942528735632183 0.6440677966101694,10.586596532242353,0.4392857142857143,54,0 0 0 0 0 718 -110,0.0 0.0 0.0 0.0 0.0 0.7040229885057471 0.4745762711864407,7.514806156243911,0.4616071428571429,122,0 0 0 0 0 924 -98,0.0 0.0 0.0 0.0 0.0 1.0 0.6779661016949152,10.677966101694915,0.43839285714285714,57,0 0 0 0 0 920 -100,0.0 0.0 0.0 0.0 0.0 0.9942528735632183 0.6440677966101694,10.586596532242353,0.4392857142857143,54,0 0 0 0 0 718 -110,0.0 0.0 0.0 0.0 0.0 0.7040229885057471 0.4745762711864407,7.514806156243911,0.4616071428571429,122,0 0 0 0 0 924 -98,0.0 0.0 0.0 0.0 0.0 1.0 0.6779661016949152,10.677966101694915,0.43839285714285714,57,0 0 0 0 0 360 -117,0.0 0.0 0.0 0.0 0.0 0.1896551724137931 0.3559322033898305,2.2524839275277615,0.11696428571428572,77
resolved-p28d-3600-all/resolved-p28d-3600-2nd/nsp-n10-d28-r0.10-rp0-fp0-s6,0 1 2 0 0 74 -35,0.0 0.0 0.006711409395973154 0.0 0.0 0.0 0.0,67.11409395973155,0.37142857142857144,623,0 1 2 1 0 84 -24,0.0 0.0 0.006711409395973154 0.006896551724137931 0.0 0.01996007984031936 0.24444444444444444,74.45469092671712,0.25357142857142856,608,0 4 2 5 0 108 -22,0.0 0.1875 0.006711409395973154 0.034482758620689655 0.0 0.06786427145708583 0.28888888888888886,18852.56438418388,0.06428571428571428,553,5 4 1 2 0 85 -21,1.0 0.1875 0.0 0.013793103448275862 0.0 0.021956087824351298 0.3111111111111111,1018764.3237754377,0.017857142857142856,1,0 4 61 121 8 322 1,0.0 0.1875 0.40268456375838924 0.8344827586206897 0.1509433962264151 0.49500998003992014 0.8,23632.17283562762,0.5607142857142857,23688,0 1 2 0 0 126 -25,0.0 0.0 0.006711409395973154 0.0 0.0 0.10379241516966067 0.2222222222222222,68.37424033365038,0.09642857142857143,11253,5 4 1 2 0 85 -21,1.0 0.1875 0.0 0.013793103448275862 0.0 0.021956087824351298 0.3111111111111111,1018764.3237754377,0.017857142857142856,1,0 17 150 95 53 575 -1,0.0 1.0 1.0 0.6551724137931034 1.0 1.0 0.7555555555555555,110765.92796934866,0.6464285714285715,27403,0 1 2 0 0 126 -24,0.0 0.0 0.006711409395973154 0.0 0.0 0.10379241516966067 0.24444444444444444,68.3964625558726,0.09642857142857143,9251,5 4 1 2 0 85 -21,1.0 0.1875 0.0 0.013793103448275862 0.0 0.021956087824351298 0.3111111111111111,1018764.3237754377,0.017857142857142856,1,0 12 44 145 37 492 -13,0.0 0.6875 0.28859060402684567 1.0 0.6981132075471698 0.8343313373253493 0.4888888888888889,72714.54956328531,0.6357142857142857,24211,0 1 2 0 0 118 -24,0.0 0.0 0.006711409395973154 0.0 0.0 0.08782435129740519 0.24444444444444444,68.23678191715004,0.10357142857142858,13664,0 2 48 52 4 550 10,0.0 0.0625 0.31543624161073824 0.3586206896551724 0.07547169811320754 0.9500998003992016 1.0,9781.031273577868,0.34285714285714286,14227,0 1 2 0 0 152 -20,0.0 0.0 0.006711409395973154 0.0 0.0 0.15568862275449102 0.3333333333333333,69.0043135206098,0.7071428571428572,19206,0 1 2 0 0 162 -28,0.0 0.0 0.006711409395973154 0.0 0.0 0.17564870259481039 0.15555555555555556,69.0261365412352,0.6035714285714285,13992,0 2 48 51 4 558 1,0.0 0.0625 0.31543624161073824 0.35172413793103446 0.07547169811320754 0.9660678642714571 0.8,9774.094402492452,0.34285714285714286,14250,0 1 2 0 0 152 -19,0.0 0.0 0.006711409395973154 0.0 0.0 0.15568862275449102 0.35555555555555557,69.02653574283201,0.6607142857142857,19205,0 1 2 0 0 119 -19,0.0 0.0 0.006711409395973154 0.0 0.0 0.08982035928143713 0.35555555555555557,68.36785310810147,0.6321428571428571,13881,1 2 2 5 0 107 -21,0.2 0.0625 0.006711409395973154 0.034482758620689655 0.0 0.0658682634730539 0.3111111111111111,206352.56664632628,0.07142857142857142,446
resolved-p28d-3600-all/resolved-p28d-3600-2nd/nsp-n40-d28-r0.10-rp2-fp2-s4,3 14 0 0 0 236 -152,0.0 0.30434782608695654 0.0 0.0 0.0 0.0 0.0,30434.782608695656,0.17232142857142857,1110,3 14 0 9 0 293 -119,0.0 0.30434782608695654 0.0 0.0010477299185098952 0.0 0.009718670076726343 0.16176470588235295,30436.089290020816,0.08125,1002,3 15 0 20 1 327 -124,0.0 0.34782608695652173 0.0 0.002328288707799767 0.07692307692307693 0.015515771526001705 0.13725490196078433,34792.921704669505,0.04732142857142857,1582,17 16 1 16 0 281 -128,1.0 0.391304347826087 0.0005685048322910744 0.0018626309662398137 0.0 0.0076726342710997444 0.11764705882352941,1039138.1768352994,0.017857142857142856,1,15 18 1 54 0 369 -141,0.8571428571428571 0.4782608695652174 0.0005685048322910744 0.006286379511059371 0.0 0.0226768968456948 0.05392156862745098,904981.1962177498,0.05267857142857143,5101,10 18 1 15 0 288 -130,0.5 0.4782608695652174 0.0005685048322910744 0.0017462165308498253 0.0 0.00886615515771526 0.10784313725490197,547833.7147260644,0.025892857142857145,2791,17 16 1 16 0 281 -128,1.0 0.391304347826087 0.0005685048322910744 0.0018626309662398137 0.0 0.0076726342710997444 0.11764705882352941,1039138.1768352994,0.017857142857142856,1,15 15 1 17 0 293 -136,0.8571428571428571 0.34782608695652173 0.0005685048322910744 0.001979045401629802 0.0 0.009718670076726343 0.0784313725490196,891933.305550307,0.027678571428571427,6699,16 30 4 73 0 415 -152,0.9285714285714286 1.0 0.0022740193291642978 0.00849825378346915 0.0 0.03052003410059676 0.0,1028602.9722188448,0.06160714285714286,2093,17 16 1 16 0 281 -128,1.0 0.391304347826087 0.0005685048322910744 0.0018626309662398137 0.0 0.0076726342710997444 0.11764705882352941,1039138.1768352994,0.017857142857142856,1,15 13 1 22 0 335 -121,0.8571428571428571 0.2608695652173913 0.0005685048322910744 0.002561117578579744 0.0 0.01687979539641944 0.15196078431372548,883238.3805892359,0.04017857142857143,4624,13 22 1 45 2 340 -125,0.7142857142857143 0.6521739130434783 0.0005685048322910744 0.005238649592549476 0.15384615384615385 0.01773231031543052 0.1323529411764706,779529.7235794065,0.05267857142857143,1851,14 17 1759 8590 12 6101 25,0.7857142857142857 0.43478260869565216 1.0 1.0 0.9230769230769231 1.0 0.8676470588235294,840295.7219232174,0.6241071428571429,4353,11 7 1597 5689 13 5595 38,0.5714285714285714 0.0 0.9079022171688459 0.6622817229336437 1.0 0.9137254901960784 0.9313725490196079,581279.9439506445,0.6589285714285714,5467,12 8 1390 6621 10 5160 52,0.6428571428571429 0.043478260869565216 0.7902217168845935 0.770779976717113 0.7692307692307693 0.8395566922421143 1.0,655964.284733508,0.6410714285714286,5197,14 19 1650 6420 13 5625 47,0.7857142857142857 0.5217391304347826 0.9380329732802729 0.7473806752037253 1.0 0.9188405797101449 0.9754901960784313,848126.0730617635,0.6232142857142857,5708,11 7 1601 5722 11 5591 35,0.5714285714285714 0.0 0.9101762364980103 0.6661233993015134 0.8461538461538461 0.9130434782608695 0.9166666666666666,581291.1196789177,0.6589285714285714,5438,12 8 1400 6636 10 5181 49,0.6428571428571429 0.043478260869565216 0.7959067652075043 0.7725261932479628 0.7692307692307693 0.8431372549019608 0.9852941176470589,656022.9025330122,0.6410714285714286,5155,3 15 0 20 0 311 -127,0.0 0.34782608695652173 0.0 0.002328288707799767 0.0 0.01278772378516624 0.12254901960784313,34785.18741061744,0.049107142857142856,1568
resolved-p28d-3600-all/resolved-p28d-3600-2nd/nsp-n10-d28-r0.10-rp0-fp0-s8,0 2 0 2 0 81 -34,0.0 0.041666666666666664 0.0 0.0 0.0 0.004842615012106538 0.0,4166.715092816788,0.3392857142857143,490,0 2 0 2 0 82 -26,0.0 0.041666666666666664 0.0 0.0 0.0 0.007263922518159807 0.21052631578947367,4166.949832207637,0.30357142857142855,448,0 1 0 2 0 85 -31,0.0 0.0 0.0 0.0 0.0 0.014527845036319613 0.07894736842105263,0.22422581878424877,0.225,499,4 6 0 11 0 79 -16,1.0 0.20833333333333334 0.0 0.09473684210526316 0.0 0.0 0.47368421052631576,1020928.5438596491,0.025,1,0 1 0 2 0 98 -10,0.0 0.0 0.0 0.0 0.0 0.04600484261501211 0.631578947368421,1.0916273735185422,0.37857142857142856,1310,0 1 0 2 0 104 -19,0.0 0.0 0.0 0.0 0.0 0.06053268765133172 0.39473684210526316,1.0000637186185803,0.09285714285714286,573,4 6 0 11 0 79 -16,1.0 0.20833333333333334 0.0 0.09473684210526316 0.0 0.0 0.47368421052631576,1020928.5438596491,0.025,1,0 1 0 2 0 97 -21,0.0 0.0 0.0 0.0 0.0 0.043583535108958835 0.34210526315789475,0.7779406142474832,0.20357142857142857,793,0 1 0 2 0 104 -21,0.0 0.0 0.0 0.0 0.0 0.06053268765133172 0.34210526315789475,0.947432139671212,0.09285714285714286,554,4 6 0 11 0 79 -16,1.0 0.20833333333333334 0.0 0.09473684210526316 0.0 0.0 0.47368421052631576,1020928.5438596491,0.025,1,0 1 0 2 0 99 -19,0.0 0.0 0.0 0.0 0.0 0.048426150121065374 0.39473684210526316,0.878998343315917,0.5178571428571429,1650,0 1 0 2 0 104 -21,0.0 0.0 0.0 0.0 0.0 0.06053268765133172 0.34210526315789475,0.947432139671212,0.09285714285714286,935,4 6 0 11 0 79 -16,1.0 0.20833333333333334 0.0 0.09473684210526316 0.0 0.0 0.47368421052631576,1020928.5438596491,0.025,397,0 25 68 97 13 470 -3,0.0 1.0 1.0 1.0 0.7222222222222222 0.9467312348668281 0.8157894736842105,111082.50532404457,0.7464285714285714,18611,0 1 2 8 0 208 -9,0.0 0.0 0.029411764705882353 0.06315789473684211 0.0 0.31234866828087166 0.6578947368421053,361.0569232153165,0.6714285714285714,21705,4 6 0 11 0 79 -16,1.0 0.20833333333333334 0.0 0.09473684210526316 0.0 0.0 0.47368421052631576,1020928.5438596491,0.025,397,0 9 51 79 18 492 4,0.0 0.3333333333333333 0.75 0.8105263157894737 1.0 1.0 1.0,41754.8596491228,0.7571428571428571,20023,0 1 0 5 0 169 -11,0.0 0.0 0.0 0.031578947368421054 0.0 0.2179176755447942 0.6052631578947368,34.363387281763735,0.6678571428571428,22051,0 1 0 2 0 90 -20,0.0 0.0 0.0 0.0 0.0 0.026634382566585957 0.3684210526315789,0.6347648782974384,0.14285714285714285,421
resolved-p28d-3600-all/resolved-p28d-3600-2nd/nsp-n50-d28-r0.10-rp2-fp2-s6,1 13 2 31 0 432 -159,0.0 0.125 0.0005090353779587681 0.0009107468123861566 0.0 0.007681835861532478 0.06818181818181818,12506.14610076877,0.07571428571428572,3554,2 14 6 28 0 439 -166,0.041666666666666664 0.14285714285714285 0.0015271061338763044 0.0007285974499089253 0.0 0.008362504861921432 0.015151515151515152,55968.479387733394,0.08571428571428572,2823,2 14 6 43 0 445 -168,0.041666666666666664 0.14285714285714285 0.0015271061338763044 0.001639344262295082 0.0 0.008945935433683392 0.0,55969.38081733634,0.065,2715,25 15 1 27 0 353 -151,1.0 0.16071428571428573 0.00025451768897938407 0.0006678809957498482 0.0 0.0 0.12878787878787878,1016074.770417193,0.016428571428571428,1,20 62 11 60 0 375 -132,0.7916666666666666 1.0 0.002799694578773225 0.0026715239829993927 0.0 0.0021392454297938547 0.2727272727272727,891697.6292561644,0.062142857142857146,1369,19 62 86 180 19 724 -138,0.75 1.0 0.02188852125222703 0.009957498482088645 1.0 0.03607545702061455 0.22727272727272727,850329.4307383018,0.19857142857142857,356,25 15 1 27 0 353 -151,1.0 0.16071428571428573 0.00025451768897938407 0.0006678809957498482 0.0 0.0 0.12878787878787878,1016074.770417193,0.016428571428571428,1,21 13 0 16 0 367 -161,0.8333333333333334 0.125 0.0 0.0 0.0 0.0013613380007779074 0.05303030303030303,845833.3999770164,0.037142857142857144,1490,20 19 2 36 0 386 -153,0.7916666666666666 0.23214285714285715 0.0005090353779587681 0.0012143290831815423 0.0 0.0032088681446907816 0.11363636363636363,814887.4027888601,0.023571428571428573,162,25 15 1 27 0 353 -151,1.0 0.16071428571428573 0.00025451768897938407 0.0006678809957498482 0.0 0.0 0.12878787878787878,1016074.770417193,0.016428571428571428,1,21 50 19 72 3 413 -139,0.8333333333333334 0.7857142857142857 0.004835836090608297 0.003400121432908318 0.15789473684210525 0.005834305717619603 0.2196969696969697,911972.587900812,0.04428571428571428,494,22 20 4 37 0 389 -146,0.875 0.25 0.0010180707559175363 0.0012750455373406193 0.0 0.003500583430571762 0.16666666666666666,900011.6574255975,0.025714285714285714,206,17 14 3762 14365 1 10244 -56,0.6666666666666666 0.14285714285714285 0.9574955459404428 0.8712204007285974 0.05263157894736842 0.9617852975495916 0.8484848484848485,691414.2863082327,0.6357142857142857,3656,11 15 3639 14134 2 10216 -59,0.4166666666666667 0.16071428571428573 0.9261898701959786 0.8571948998178507 0.10526315789473684 0.9590626215480358 0.8257575757575758,442878.13153945364,0.6728571428571428,3511,13 6 3929 16486 1 10637 -95,0.5 0.0 1.0 1.0 0.05263157894736842 1.0 0.553030303030303,511015.81618819776,0.6492857142857142,3757,17 14 3730 14116 1 10175 -48,0.6666666666666666 0.14285714285714285 0.9493509798931026 0.8561020036429873 0.05263157894736842 0.955075845974329 0.9090909090909091,691317.7157622185,0.6357142857142857,3709,11 13 3642 13486 2 10237 -36,0.4166666666666667 0.125 0.9269534232629167 0.8178506375227687 0.10526315789473684 0.9611046285492026 1.0,439275.1888988936,0.6728571428571428,3747,13 6 3929 16486 1 10637 -92,0.5 0.0 1.0 1.0 0.05263157894736842 1.0 0.5757575757575758,511015.8389154705,0.6492857142857142,3754,2 21 3 38 0 443 -156,0.041666666666666664 0.26785714285714285 0.0007635530669381522 0.0013357619914996963 0.0 0.008751458576429404 0.09090909090909091,68461.53066871851,0.045,2218
resolved-p28d-3600-all/resolved-p28d-3600-2nd/nsp-n40-d28-r0.10-rp2-fp2-s5,2 307 493 653 140 1979 -10,0.0 0.21761658031088082 0.0 0.0 0.12195121951219512 0.02689873417721519 0.0,21774.122140381074,0.10357142857142858,3700,2 326 507 656 135 2073 1,0.0 0.3160621761658031 0.007052896725440806 0.005714285714285714 0.0 0.07647679324894514 0.10377358490566038,31683.329411066403,0.07857142857142857,3377,2 348 580 752 148 2170 17,0.0 0.43005181347150256 0.043828715365239294 0.18857142857142858 0.3170731707317073 0.12763713080168776 0.25471698113207547,43665.278334736395,0.06517857142857143,3286,20 399 616 917 158 2112 39,0.9473684210526315 0.694300518134715 0.0619647355163728 0.5028571428571429 0.5609756097560976 0.0970464135021097 0.46226415094339623,1017978.5076533855,0.017857142857142856,1,20 367 703 891 151 2144 14,0.9473684210526315 0.5284974093264249 0.10579345088161209 0.4533333333333333 0.3902439024390244 0.11392405063291139 0.22641509433962265,1001769.8198732681,0.11428571428571428,4849,14 458 862 1121 152 2052 36,0.631578947368421 1.0 0.1858942065491184 0.8914285714285715 0.4146341463414634 0.06540084388185655 0.4339622641509434,734371.8693906779,0.13125,4944,20 399 616 917 158 2112 39,0.9473684210526315 0.694300518134715 0.0619647355163728 0.5028571428571429 0.5609756097560976 0.0970464135021097 0.46226415094339623,1017978.5076533855,0.017857142857142856,1,18 451 832 965 158 2198 37,0.8421052631578947 0.9637305699481865 0.1707808564231738 0.5942857142857143 0.5609756097560976 0.14240506329113925 0.44339622641509435,940838.3794390657,0.1625,7336,20 388 577 848 168 2102 34,0.9473684210526315 0.6373056994818653 0.04231738035264484 0.37142857142857144 0.8048780487804879 0.09177215189873418 0.41509433962264153,1011975.4139965097,0.09553571428571428,7422,20 399 616 917 158 2112 39,0.9473684210526315 0.694300518134715 0.0619647355163728 0.5028571428571429 0.5609756097560976 0.0970464135021097 0.46226415094339623,1017978.5076533855,0.017857142857142856,1,20 381 1228 1064 148 2344 45,0.9473684210526315 0.6010362694300518 0.3702770780856423 0.7828571428571428 0.3170731707317073 0.21940928270042195 0.5188679245283019,1011992.096197175,0.10178571428571428,7137,16 425 1113 1178 175 2353 14,0.7368421052631579 0.8290155440414507 0.3123425692695214 1.0 0.975609756097561 0.22415611814345993 0.22641509433962265,823967.1143118837,0.2517857142857143,4832,20 399 616 917 158 2112 39,0.9473684210526315 0.694300518134715 0.0619647355163728 0.5028571428571429 0.5609756097560976 0.0970464135021097 0.46226415094339623,1017978.5076533855,0.017857142857142856,1659,13 289 2478 1016 167 3622 79,0.5789473684210527 0.12435233160621761 1.0 0.6914285714285714 0.7804878048780488 0.8934599156118144 0.839622641509434,602161.8531553885,0.79375,4973,14 269 2306 866 176 3824 95,0.631578947368421 0.02072538860103627 0.9133501259445844 0.4057142857142857 1.0 1.0 0.9905660377358491,643301.6923397225,0.7928571428571428,4083,21 399 616 922 158 2111 39,1.0 0.694300518134715 0.0619647355163728 0.5123809523809524 0.5609756097560976 0.09651898734177215 0.46226415094339623,1070619.6051360162,0.017857142857142856,1658,14 265 2373 940 155 3551 86,0.631578947368421 0.0 0.947103274559194 0.5466666666666666 0.4878048780487805 0.8560126582278481 0.9056603773584906,641654.8930554441,0.79375,4944,14 269 2319 853 155 3773 96,0.631578947368421 0.02072538860103627 0.9198992443324937 0.38095238095238093 0.4878048780487805 0.9731012658227848 1.0,643290.942553265,0.7928571428571428,4081,2 361 564 742 147 1928 12,0.0 0.49740932642487046 0.035768261964735516 0.16952380952380952 0.2926829268292683 0.0 0.20754716981132076,50297.61491151095,0.054464285714285715,2741
resolved-p28d-3600-all/resolved-p28d-3600-2nd/nsp-n20-d28-r0.10-rp2-fp2-s0,0 0 0 0 0 57 -67,0.0 0.0 0.0 0.0 0.0 0.0 0.0,0.0,0.30892857142857144,114,0 0 0 0 0 60 -52,0.0 0.0 0.0 0.0 0.0 0.014925373134328358 0.3409090909090909,0.49016282225237445,0.18214285714285713,86,0 0 0 0 0 68 -51,0.0 0.0 0.0 0.0 0.0 0.05472636815920398 0.36363636363636365,0.9109000452284034,0.1767857142857143,63,0 0 0 0 0 108 -52,0.0 0.0 0.0 0.0 0.0 0.2537313432835821 0.3409090909090909,2.878222523744912,0.09285714285714286,44,0 0 0 0 0 81 -32,0.0 0.0 0.0 0.0 0.0 0.11940298507462686 0.7954545454545454,1.989484396200814,0.4232142857142857,9,0 0 0 0 0 107 -53,0.0 0.0 0.0 0.0 0.0 0.24875621890547264 0.3181818181818182,2.805744007236545,0.09464285714285714,45,0 0 0 0 0 106 -51,0.0 0.0 0.0 0.0 0.0 0.24378109452736318 0.36363636363636365,2.8014473089099954,0.09642857142857143,20,0 0 0 0 0 77 -23,0.0 0.0 0.0 0.0 0.0 0.09950248756218906 1.0,1.9950248756218905,0.4125,4,0 0 0 0 0 108 -52,0.0 0.0 0.0 0.0 0.0 0.2537313432835821 0.3409090909090909,2.878222523744912,0.09285714285714286,29,0 0 0 0 0 107 -53,0.0 0.0 0.0 0.0 0.0 0.24875621890547264 0.3181818181818182,2.805744007236545,0.09464285714285714,26,0 0 0 0 0 94 -32,0.0 0.0 0.0 0.0 0.0 0.18407960199004975 0.7954545454545454,2.6362505653550428,0.25,14,0 0 0 0 0 107 -54,0.0 0.0 0.0 0.0 0.0 0.24875621890547264 0.29545454545454547,2.783016734509272,0.09642857142857143,18,0 0 0 0 0 230 -36,0.0 0.0 0.0 0.0 0.0 0.8606965174129353 0.7045454545454546,9.311510628674808,0.4767857142857143,64,0 0 0 0 0 85 -50,0.0 0.0 0.0 0.0 0.0 0.13930348258706468 0.38636363636363635,1.7793984622342833,0.6053571428571428,185,0 0 0 0 0 258 -35,0.0 0.0 0.0 0.0 0.0 1.0 0.7272727272727273,10.727272727272727,0.5017857142857143,28,0 0 0 0 0 230 -37,0.0 0.0 0.0 0.0 0.0 0.8606965174129353 0.6818181818181818,9.288783355947535,0.4767857142857143,65,0 0 0 0 0 85 -50,0.0 0.0 0.0 0.0 0.0 0.13930348258706468 0.38636363636363635,1.7793984622342833,0.6053571428571428,185,0 0 0 0 0 258 -35,0.0 0.0 0.0 0.0 0.0 1.0 0.7272727272727273,10.727272727272727,0.5017857142857143,28,0 0 0 0 0 84 -50,0.0 0.0 0.0 0.0 0.0 0.13432835820895522 0.38636363636363635,1.7296472184531884,0.12857142857142856,38
resolved-p28d-3600-all/resolved-p28d-3600-2nd/nsp-n10-d28-r0.10-rp0-fp0-s1,0 1 0 0 0 68 -32,0.0 0.0 0.0 0.0 0.0 0.0 0.20930232558139536,0.20930232558139536,0.4785714285714286,970,0 1 0 0 0 75 -41,0.0 0.0 0.0 0.0 0.0 0.015350877192982455 0.0,0.15350877192982454,0.4035714285714286,998,0 1 0 0 0 80 -31,0.0 0.0 0.0 0.0 0.0 0.02631578947368421 0.23255813953488372,0.49571603427172584,0.30357142857142855,978,9 1 1 0 0 76 -31,0.9 0.0 0.010416666666666666 0.0 0.0 0.017543859649122806 0.23255813953488372,900104.5746634027,0.007142857142857143,1,0 1 0 6 0 145 -18,0.0 0.0 0.0 0.040268456375838924 0.0 0.16885964912280702 0.5348837209302325,42.49193658799722,0.42142857142857143,12617,0 1 0 5 0 110 -27,0.0 0.0 0.0 0.03355704697986577 0.0 0.09210526315789473 0.32558139534883723,34.80368100679356,0.16071428571428573,7613,9 1 1 0 0 76 -31,0.9 0.0 0.010416666666666666 0.0 0.0 0.017543859649122806 0.23255813953488372,900104.5746634027,0.007142857142857143,1,0 7 67 73 15 389 -3,0.0 0.16666666666666666 0.6979166666666666 0.4899328859060403 0.7142857142857143 0.7039473684210527 0.8837209302325582,24215.117985282384,0.5821428571428572,18410,0 1 0 0 0 116 -29,0.0 0.0 0.0 0.0 0.0 0.10526315789473684 0.27906976744186046,1.3317013463892289,0.17142857142857143,3375,9 1 1 0 0 76 -31,0.9 0.0 0.010416666666666666 0.0 0.0 0.017543859649122806 0.23255813953488372,900104.5746634027,0.007142857142857143,1,0 1 0 0 0 95 -20,0.0 0.0 0.0 0.0 0.0 0.05921052631578947 0.4883720930232558,1.0804773561811505,0.5964285714285714,13370,0 1 0 1 0 122 -30,0.0 0.0 0.0 0.006711409395973154 0.0 0.11842105263157894 0.2558139534883721,8.151433875777316,0.19642857142857142,5987,10 2 1 1 0 77 -31,1.0 0.027777777777777776 0.010416666666666666 0.006711409395973154 0.0 0.019736842105263157 0.23255813953488372,1002889.085780401,0.007142857142857143,359,1 36 88 145 21 524 -4,0.1 0.9722222222222222 0.9166666666666666 0.9731543624161074 1.0 1.0 0.8604651162790697,207472.90371642128,0.775,29003,0 1 0 0 0 169 -28,0.0 0.0 0.0 0.0 0.0 0.22149122807017543 0.3023255813953488,2.517237862097103,0.5964285714285714,13922,10 5 2 2 0 76 -28,1.0 0.1111111111111111 0.020833333333333332 0.013422818791946308 0.0 0.017543859649122806 0.3023255813953488,1011333.3450274143,0.010714285714285714,356,1 37 96 149 21 513 2,0.1 1.0 1.0 1.0 1.0 0.9758771929824561 1.0,211110.75877192983,0.7785714285714286,28341,0 1 0 0 0 176 -30,0.0 0.0 0.0 0.0 0.0 0.23684210526315788 0.2558139534883721,2.624235006119951,0.6285714285714286,13896,0 1 0 2 0 88 -30,0.0 0.0 0.0 0.013422818791946308 0.0 0.043859649122807015 0.2558139534883721,14.117229236662752,0.19642857142857142,904
resolved-p28d-3600-all/resolved-p28d-3600-2nd/nsp-n30-d28-r0.10-rp2-fp2-s6,2 90 406 314 108 1718 -11,0.0 0.0 0.31735889243876464 0.0962962962962963 0.4858757062146893 0.5949625595643295 0.043478260869565216,3324.4658951619244,0.22380952380952382,3634,2 115 526 514 138 1941 -15,0.0 0.1152073732718894 0.44515441959531415 0.3432098765432099 0.655367231638418 0.7467665078284548 0.0,16388.49578792742,0.10833333333333334,3826,2 130 478 501 136 1908 2,0.0 0.18433179723502305 0.39403620873269435 0.3271604938271605 0.6440677966101694 0.7243022464261403 0.18478260869565216,22772.536889390383,0.08214285714285714,3397,18 168 555 709 182 1915 21,0.7272727272727273 0.35944700460829493 0.476038338658147 0.5839506172839506 0.903954802259887 0.729067392784207 0.391304347826087,768659.8391959239,0.016666666666666666,1,5 227 1047 802 199 2017 9,0.13636363636363635 0.631336405529954 1.0 0.6987654320987654 1.0 0.7985023825731791 0.2608695652173913,210304.28824212146,0.2857142857142857,5158,16 179 548 754 171 1856 15,0.6363636363636364 0.41013824884792627 0.4685835995740149 0.6395061728395062 0.8418079096045198 0.6889040163376446 0.32608695652173914,682794.199335089,0.06904761904761905,2531,18 168 555 709 182 1915 21,0.7272727272727273 0.35944700460829493 0.476038338658147 0.5839506172839506 0.903954802259887 0.729067392784207 0.391304347826087,768659.8391959239,0.016666666666666666,1,2 237 641 784 151 1833 7,0.0 0.6774193548387096 0.5676251331203408 0.6765432098765433 0.7288135593220338 0.6732471068754254 0.2391304347826087,74174.58298238667,0.2154761904761905,3543,4 286 871 1046 172 2313 23,0.09090909090909091 0.9032258064516129 0.8125665601703941 1.0 0.847457627118644 1.0 0.41304347826086957,190452.49596214626,0.34285714285714286,4514,18 168 555 709 182 1915 21,0.7272727272727273 0.35944700460829493 0.476038338658147 0.5839506172839506 0.903954802259887 0.729067392784207 0.391304347826087,768659.8391959239,0.016666666666666666,1,9 226 558 727 168 1847 29,0.3181818181818182 0.6267281105990783 0.4792332268370607 0.6061728395061728 0.8248587570621468 0.6827773995915589 0.4782608695652174,386342.9262601745,0.15714285714285714,4161,9 287 761 1026 134 1745 16,0.3181818181818182 0.9078341013824884 0.6954206602768903 0.9753086419753086 0.632768361581921 0.6133424098025868 0.33695652173913043,416964.4907815892,0.5071428571428571,3903,19 168 556 709 182 1924 21,0.7727272727272727 0.35944700460829493 0.47710330138445156 0.5839506172839506 0.903954802259887 0.7351940095302927 0.391304347826087,814125.0955438998,0.016666666666666666,1189,20 280 413 381 60 944 66,0.8181818181818182 0.8755760368663594 0.3248136315228967 0.17901234567901234 0.21468926553672316 0.06807351940095303 0.8804347826086957,909189.6006258924,0.7226190476190476,7918,21 307 497 432 74 1069 77,0.8636363636363636 1.0 0.4142705005324814 0.2419753086419753 0.2937853107344633 0.1531654186521443 1.0,968052.9541355903,0.7226190476190476,9690,19 168 556 709 182 1924 21,0.7727272727272727 0.35944700460829493 0.47710330138445156 0.5839506172839506 0.903954802259887 0.7351940095302927 0.391304347826087,814125.0955438998,0.016666666666666666,1189,20 286 424 389 69 925 62,0.8181818181818182 0.9032258064516129 0.3365282215122471 0.18888888888888888 0.2655367231638418 0.05513955071477195 0.8369565217391305,912086.5119553362,0.7226190476190476,7741,24 203 108 236 22 844 48,1.0 0.5207373271889401 0.0 0.0 0.0 0.0 0.6847826086956522,1052074.4175015027,0.7226190476190476,8561,2 148 525 534 153 1852 3,0.0 0.2672811059907834 0.4440894568690096 0.36790123456790125 0.7401129943502824 0.6861810755616066 0.1956521739130435,31617.9751647009,0.05,2615
resolved-p28d-3600-all/resolved-p28d-3600-2nd/nsp-n20-d28-r0.10-rp2-fp2-s5,0 3 4 1 0 95 -22,0.0 0.021505376344086023 0.004123711340206186 0.0 0.0 0.01872399445214979 0.0,2191.9619877551854,0.2714285714285714,1634,0 3 8 9 0 114 -22,0.0 0.021505376344086023 0.012371134020618556 0.013157894736842105 0.0 0.0319001386962552 0.0,2287.725870738592,0.16428571428571428,2224,1 5 6 16 1 118 -22,0.06666666666666667 0.043010752688172046 0.008247422680412371 0.024671052631578948 0.014925373134328358 0.03467406380027739 0.0,71076.72649287102,0.12321428571428572,1883,15 9 2 7 0 68 -17,1.0 0.08602150537634409 0.0 0.009868421052631578 0.0 0.0 0.043478260869565216,1008612.062436948,0.0125,1,0 89 111 167 12 433 2,0.0 0.946236559139785 0.22474226804123712 0.2730263157894737 0.1791044776119403 0.25312066574202496 0.20869565217391303,97164.75526025113,0.3625,4081,0 34 30 82 5 212 -12,0.0 0.3548387096774194 0.0577319587628866 0.13322368421052633 0.07462686567164178 0.09986130374479889 0.08695652173913043,36202.96249570768,0.18928571428571428,3276,15 9 2 7 0 68 -17,1.0 0.08602150537634409 0.0 0.009868421052631578 0.0 0.0 0.043478260869565216,1008612.062436948,0.0125,1,0 94 201 244 30 612 30,0.0 1.0 0.41030927835051545 0.3996710526315789 0.44776119402985076 0.37725381414701803 0.45217391304347826,104551.76466759424,0.5303571428571429,2335,0 59 217 298 45 957 27,0.0 0.6236559139784946 0.44329896907216493 0.48848684210526316 0.6716417910447762 0.616504854368932 0.4260869565217391,67360.82324528106,0.6625,2372,15 9 2 7 0 68 -17,1.0 0.08602150537634409 0.0 0.009868421052631578 0.0 0.0 0.043478260869565216,1008612.062436948,0.0125,1,0 29 101 122 14 421 15,0.0 0.3010752688172043 0.20412371134020618 0.19901315789473684 0.208955223880597 0.2447988904299584 0.3217391304347826,32371.44240344002,0.44285714285714284,2894,1 54 112 153 19 412 7,0.06666666666666667 0.5698924731182796 0.2268041237113402 0.25 0.2835820895522388 0.23855755894590847 0.25217391304347825,126204.95117406576,0.30357142857142855,872,4 32 375 609 32 1510 93,0.26666666666666666 0.3333333333333333 0.7690721649484537 1.0 0.47761194029850745 1.0 1.0,308749.4828435144,0.5732142857142857,12330,0 1 458 488 67 1404 78,0.0 0.0 0.9402061855670103 0.8009868421052632 1.0 0.926490984743412 0.8695652173913043,10313.183172840192,0.7839285714285714,14098,1 26 250 186 23 1115 61,0.06666666666666667 0.26881720430107525 0.511340206185567 0.3042763157894737 0.34328358208955223 0.7260748959778086 0.7217391304347827,99008.37632071851,0.6357142857142857,12760,4 30 404 403 38 1488 80,0.26666666666666666 0.3118279569892473 0.8288659793814434 0.6611842105263158 0.5671641791044776 0.984743411927878 0.8869565217391304,306866.75717848365,0.5732142857142857,12722,0 1 487 497 66 1384 82,0.0 0.0 1.0 0.8157894736842105 0.9850746268656716 0.912621359223301 0.9043478260869565,10924.327497789098,0.7839285714285714,13815,1 36 252 153 19 1080 75,0.06666666666666667 0.3763440860215054 0.5154639175257731 0.25 0.2835820895522388 0.7018030513176144 0.8434782608695652,109741.93416180421,0.6357142857142857,11639,2 5 6 25 0 113 -21,0.13333333333333333 0.043010752688172046 0.008247422680412371 0.039473684210526314 0.0 0.031206657420249653 0.008695652173913044,137756.6772753916,0.10178571428571428,3512
resolved-p28d-3600-all/resolved-p28d-3600-2nd/nsp-n40-d28-r0.10-rp2-fp2-s6,1 9 0 2 0 250 -111,0.0 0.0 0.0 0.0 0.0 0.005737553211178975 0.06584362139917696,0.12321915351096671,0.13660714285714284,1731,1 11 0 9 0 253 -118,0.0 0.008928571428571428 0.0 0.0010519987977156598 0.0 0.006292800296131778 0.037037037037037035,894.0091066948568,0.09017857142857143,1428,1 12 0 11 0 255 -100,0.0 0.013392857142857142 0.0 0.001352569882777277 0.0 0.006662965019433648 0.1111111111111111,1340.8160249297969,0.06964285714285715,1284,16 12 0 18 0 219 -126,1.0 0.013392857142857142 0.0 0.0024045686804929365 0.0 0.0 0.00411522633744856,1001341.6943981926,0.016964285714285713,1,14 31 6 40 1 245 -123,0.8666666666666667 0.09821428571428571 0.0036900369003690036 0.005710850616170725 0.012048192771084338 0.004812141402924301 0.01646090534979424,876531.9758593116,0.03482142857142857,70,13 14 0 8 0 248 -127,0.8 0.022321428571428572 0.0 0.0009017132551848512 0.0 0.005367388487877105 0.0,802233.0982442829,0.033928571428571426,256,16 12 0 18 0 219 -126,1.0 0.013392857142857142 0.0 0.0024045686804929365 0.0 0.0 0.00411522633744856,1001341.6943981926,0.016964285714285713,1,8 223 182 330 25 752 -81,0.4666666666666667 0.9553571428571429 0.11193111931119311 0.0492936579501052 0.30120481927710846 0.09864889875994817 0.18930041152263374,563402.2820747698,0.24285714285714285,442,9 42 2 34 1 264 -115,0.5333333333333333 0.14732142857142858 0.0012300123001230013 0.004809137360985873 0.012048192771084338 0.00832870627429206 0.04938271604938271,548083.9229398944,0.04732142857142857,539,16 12 0 18 0 219 -126,1.0 0.013392857142857142 0.0 0.0024045686804929365 0.0 0.0 0.00411522633744856,1001341.6943981926,0.016964285714285713,1,10 233 383 489 83 1162 -11,0.6 1.0 0.23554735547355474 0.07318905921250375 1.0 0.1745326670368314 0.4773662551440329,702530.8853068736,0.50625,743,13 35 34 59 7 317 -118,0.8 0.11607142857142858 0.020910209102091022 0.008566275924256087 0.08433734939759036 0.0181380714417916 0.037037037037037035,811833.4633767792,0.0625,360,15 40 1626 6656 13 5622 69,0.9333333333333333 0.13839285714285715 1.0 1.0 0.1566265060240964 1.0 0.8065843621399177,958199.0882825836,0.6303571428571428,5227,11 17 1464 4220 20 5179 96,0.6666666666666666 0.03571428571428571 0.9003690036900369 0.6339044183949504 0.24096385542168675 0.9180085137886359 0.9176954732510288,679909.8838595438,0.6910714285714286,5390,10 18 1401 5309 8 5081 101,0.6 0.04017857142857143 0.8616236162361623 0.7975653742110009 0.0963855421686747 0.8998704423468443 0.9382716049382716,613451.234209675,0.6669642857142857,6583,15 40 1622 6641 13 5607 71,0.9333333333333333 0.13839285714285715 0.997539975399754 0.9977457168620378 0.1566265060240964 0.997223764575236 0.8148148148148148,958172.2142215417,0.6303571428571428,5405,11 17 1474 4439 21 5225 116,0.6666666666666666 0.03571428571428571 0.906519065190652 0.6668169522091975 0.25301204819277107 0.9265223024245789 1.0,680005.6692700544,0.6910714285714286,5321,10 18 1373 4995 9 4993 109,0.6 0.04017857142857143 0.8444034440344403 0.7503757138563271 0.10843373493975904 0.8835831945215621 0.9711934156378601,613232.9176959126,0.6660714285714285,6952,1 15 0 15 0 261 -108,0.0 0.026785714285714284 0.0 0.001953712052900511 0.0 0.007773459189339256 0.07818930041152264,2680.681064516634,0.048214285714285716,937
resolved-p28d-3600-all/resolved-p28d-3600-2nd/nsp-n30-d28-r0.10-rp2-fp2-s1,0 3 4 58 5 698 -21,0.0 0.012658227848101266 0.0 0.0 0.0 0.0 0.06896551724137931,1265.8917503273678,0.18095238095238095,2678,0 3 4 115 22 873 -24,0.0 0.012658227848101266 0.0 0.018351577591757887 0.2698412698412698 0.06588855421686747 0.04310344827586207,1311.8604783764558,0.14166666666666666,2411,0 3 17 137 41 932 -17,0.0 0.012658227848101266 0.016455696202531647 0.025434642627173213 0.5714285714285714 0.08810240963855422 0.10344827586206896,1513.941718977721,0.07380952380952381,2486,18 6 7 169 47 957 -8,1.0 0.02531645569620253 0.0037974683544303796 0.035737282678686415 0.6666666666666666 0.09751506024096386 0.1810344827586207,1002673.1803875951,0.013095238095238096,1,10 112 166 372 51 1375 -17,0.5555555555555556 0.47257383966244726 0.20506329113924052 0.10109465550547328 0.7301587301587301 0.254894578313253 0.10344827586206896,605040.3353557731,0.175,474,5 136 168 463 62 1292 3,0.2777777777777778 0.5738396624472574 0.20759493670886076 0.13039278815196395 0.9047619047619048 0.22364457831325302 0.27586206896551724,337461.0746760724,0.25476190476190474,908,18 6 7 169 47 957 -8,1.0 0.02531645569620253 0.0037974683544303796 0.035737282678686415 0.6666666666666666 0.09751506024096386 0.1810344827586207,1002673.1803875951,0.013095238095238096,1,9 237 305 486 68 1729 -7,0.5 1.0 0.3810126582278481 0.13779781068898905 1.0 0.3881777108433735 0.1896551724137931,604051.9958252483,0.34523809523809523,873,8 95 129 278 48 1110 -16,0.4444444444444444 0.4008438818565401 0.15822784810126583 0.07083065035415326 0.6825396825396826 0.15512048192771086 0.11206896551724138,486251.85900350404,0.1488095238095238,498,18 6 7 169 47 957 -8,1.0 0.02531645569620253 0.0037974683544303796 0.035737282678686415 0.6666666666666666 0.09751506024096386 0.1810344827586207,1002673.1803875951,0.013095238095238096,1,10 63 66 251 35 1124 -29,0.5555555555555556 0.26582278481012656 0.07848101265822785 0.06213779781068899 0.47619047619047616 0.16039156626506024 0.0,583034.004924243,0.15595238095238095,567,11 163 152 398 46 1156 -3,0.6111111111111112 0.6877637130801688 0.18734177215189873 0.10946555054732775 0.6507936507936508 0.17243975903614459 0.22413793103448276,681937.3935917951,0.21428571428571427,480,18 6 7 169 47 957 -8,1.0 0.02531645569620253 0.0037974683544303796 0.035737282678686415 0.6666666666666666 0.09751506024096386 0.1810344827586207,1002673.1803875951,0.013095238095238096,1076,0 0 571 1109 26 2284 78,0.0 0.0 0.7177215189873418 0.33837733419188665 0.3333333333333333 0.5971385542168675 0.9224137931034483,7555.81965673391,0.6773809523809524,4018,0 0 794 3164 7 3354 87,0.0 0.0 1.0 1.0 0.031746031746031744 1.0 1.0,11014.174603174602,0.6214285714285714,3932,18 6 7 169 47 957 -8,1.0 0.02531645569620253 0.0037974683544303796 0.035737282678686415 0.6666666666666666 0.09751506024096386 0.1810344827586207,1002673.1803875951,0.013095238095238096,1076,0 0 557 898 31 2243 56,0.0 0.0 0.7 0.27044430135222153 0.4126984126984127 0.5817018072289156 0.7327586206896551,7318.263919315042,0.6761904761904762,4332,0 0 772 3109 7 3285 76,0.0 0.0 0.9721518987341772 0.9822923374114617 0.031746031746031744 0.9740210843373494 0.9051724137931034,10717.631311185003,0.6214285714285714,4176,0 3 11 135 35 923 -17,0.0 0.012658227848101266 0.008860759493670886 0.024790727623953637 0.47619047619047616 0.08471385542168675 0.10344827586206896,1427.7907418199154,0.08333333333333333,2178
resolved-p28d-3600-all/resolved-p28d-3600-2nd/nsp-n50-d28-r0.10-rp2-fp2-s0,3 223 2166 1043 268 4473 -54,0.13043478260869565 0.26881720430107525 0.0 0.12971859986273165 0.9239130434782609 0.11590992986341823 0.0,157539.77204231237,0.06785714285714285,3074,1 241 2258 1204 273 4482 -45,0.043478260869565216 0.3172043010752688 0.0359375 0.24021962937542896 0.9510869565217391 0.11923218899963087 0.08108108108108109,75894.66770509077,0.045714285714285714,2904,0 258 2275 1343 270 4527 -34,0.0 0.3629032258064516 0.042578125 0.335621139327385 0.9347826086956522 0.135843484680694 0.18018018018018017,37146.741845869095,0.03642857142857143,2749,23 269 2377 1455 275 4531 -26,1.0 0.3924731182795699 0.082421875 0.4124914207275223 0.9619565217391305 0.13732004429678848 0.25225225225225223,1040581.8431035536,0.013571428571428571,1,17 450 2765 1655 274 4159 -21,0.7391304347826086 0.8790322580645161 0.233984375 0.5497597803706246 0.9565217391304348 0.0 0.2972972972972973,830019.2135906413,0.21428571428571427,511,18 495 3078 2311 240 4546 -23,0.782608695652174 1.0 0.35625 1.0 0.7717391304347826 0.14285714285714285 0.27927927927927926,887250.0774159253,0.27,529,23 269 2377 1455 275 4531 -26,1.0 0.3924731182795699 0.082421875 0.4124914207275223 0.9619565217391305 0.13732004429678848 0.25225225225225223,1040581.8431035536,0.013571428571428571,1,19 345 2490 1609 274 4646 -35,0.8260869565217391 0.5967741935483871 0.1265625 0.518188057652711 0.9565217391304348 0.17977113325950536 0.17117117117117117,887645.8099906474,0.13142857142857142,1081,22 332 2451 1601 282 4607 -41,0.9565217391304348 0.5618279569892473 0.111328125 0.5126973232669869 1.0 0.165374677002584 0.11711711711711711,1014432.2842665137,0.11142857142857143,807,23 269 2377 1455 275 4531 -26,1.0 0.3924731182795699 0.082421875 0.4124914207275223 0.9619565217391305 0.13732004429678848 0.25225225225225223,1040581.8431035536,0.013571428571428571,1,17 399 2826 1764 262 4701 -34,0.7391304347826086 0.7419354838709677 0.2578125 0.6245710363761153 0.8913043478260869 0.20007382798080472 0.18018018018018017,816617.9905593242,0.1742857142857143,747,19 284 2337 1342 265 4349 -31,0.8260869565217391 0.4327956989247312 0.066796875 0.33493479752916955 0.907608695652174 0.07013658176448874 0.2072072072072072,870461.0994043315,0.04214285714285714,748,23 269 2377 1455 275 4531 -26,1.0 0.3924731182795699 0.082421875 0.4124914207275223 0.9619565217391305 0.13732004429678848 0.25225225225225223,1040581.8431035536,0.013571428571428571,1685,18 215 4640 898 117 6679 30,0.782608695652174 0.24731182795698925 0.96640625 0.030199039121482498 0.10326086956521739 0.9302325581395349 0.7567567567567568,817054.525156289,0.8035714285714286,4451,21 153 3942 895 102 6507 57,0.9130434782608695 0.08064516129032258 0.69375 0.028140013726835965 0.021739130434782608 0.8667404946474714 1.0,928085.4757216185,0.7978571428571428,4421,23 269 2377 1455 275 4531 -26,1.0 0.3924731182795699 0.082421875 0.4124914207275223 0.9619565217391305 0.13732004429678848 0.25225225225225223,1040581.8431035536,0.013571428571428571,1685,19 123 4726 854 98 6868 45,0.8260869565217391 0.0 1.0 0.0 0.0 1.0 0.8918918918918919,836097.848413631,0.8035714285714286,4308,21 153 3942 896 102 6508 57,0.9130434782608695 0.08064516129032258 0.69375 0.028826355525051476 0.021739130434782608 0.867109634551495 1.0,928086.1657548158,0.7978571428571428,4411,0 254 2277 1289 266 4560 -31,0.0 0.3521505376344086 0.043359375 0.29855868222374743 0.9130434782608695 0.14802510151347362 0.2072072072072072,36040.19800171304,0.03571428571428571,2774
resolved-p28d-3600-all/resolved-p28d-3600-2nd/nsp-n50-d28-r0.10-rp2-fp2-s9,0 0 0 0 0 478 -138,0.0 0.0 0.0 0.0 0.0 0.0056925996204933585 0.3125,0.3694259962049336,0.1742857142857143,181,0 0 0 0 0 538 -123,0.0 0.0 0.0 0.0 0.0 0.06261859582542695 0.625,1.2511859582542695,0.17357142857142857,151,0 0 0 0 0 472 -127,0.0 0.0 0.0 0.0 0.0 0.0 0.5416666666666666,0.5416666666666666,0.15428571428571428,92,0 0 0 0 0 643 -126,0.0 0.0 0.0 0.0 0.0 0.16223908918406071 0.5625,2.184890891840607,0.13,16,0 0 0 0 0 512 -118,0.0 0.0 0.0 0.0 0.0 0.03795066413662239 0.7291666666666666,1.1086733080328905,0.33,8,0 0 0 0 0 651 -123,0.0 0.0 0.0 0.0 0.0 0.1698292220113852 0.625,2.323292220113852,0.14214285714285715,19,0 0 0 0 0 702 -119,0.0 0.0 0.0 0.0 0.0 0.21821631878557876 0.7083333333333334,2.890496521189121,0.14642857142857144,25,0 0 0 0 0 520 -122,0.0 0.0 0.0 0.0 0.0 0.04554079696394687 0.6458333333333334,1.101241302972802,0.33,13,0 0 0 0 0 667 -118,0.0 0.0 0.0 0.0 0.0 0.18500948766603414 0.7291666666666666,2.579261543327008,0.1407142857142857,23,0 0 0 0 0 707 -120,0.0 0.0 0.0 0.0 0.0 0.22296015180265655 0.6875,2.9171015180265654,0.13642857142857143,20,0 0 0 0 0 536 -153,0.0 0.0 0.0 0.0 0.0 0.06072106261859583 0.0,0.6072106261859582,0.38142857142857145,8,0 0 0 0 0 678 -113,0.0 0.0 0.0 0.0 0.0 0.1954459203036053 0.8333333333333334,2.7877925363693863,0.14857142857142858,18,0 0 0 0 0 1503 -105,0.0 0.0 0.0 0.0 0.0 0.9781783681214421 1.0,10.78178368121442,0.4635714285714286,22,0 0 0 0 0 1346 -119,0.0 0.0 0.0 0.0 0.0 0.8292220113851992 0.7083333333333334,9.000553447185327,0.4692857142857143,56,0 0 0 0 0 1512 -111,0.0 0.0 0.0 0.0 0.0 0.9867172675521821 0.875,10.742172675521822,0.46,34,0 0 0 0 0 1526 -116,0.0 0.0 0.0 0.0 0.0 1.0 0.7708333333333334,10.770833333333334,0.4664285714285714,14,0 0 0 0 0 1346 -119,0.0 0.0 0.0 0.0 0.0 0.8292220113851992 0.7083333333333334,9.000553447185327,0.4692857142857143,56,0 0 0 0 0 1518 -114,0.0 0.0 0.0 0.0 0.0 0.9924098671726755 0.8125,10.736598671726755,0.46,33,0 0 0 0 0 528 -144,0.0 0.0 0.0 0.0 0.0 0.05313092979127135 0.1875,0.7188092979127134,0.17714285714285713,16
