,lnps-10-org-obj,lnps-10-nrm-obj,lnps-10-obj,lnps-10-diff,lnps-10-freq,lnps-30-org-obj,lnps-30-nrm-obj,lnps-30-obj,lnps-30-diff,lnps-30-freq,lnps-60-org-obj,lnps-60-nrm-obj,lnps-60-obj,lnps-60-diff,lnps-60-freq,mp-is-p-hi-org-obj,mp-is-p-hi-nrm-obj,mp-is-p-hi-obj,mp-is-p-hi-diff,mp-is-p-hi-freq,mp-is-p-low-org-obj,mp-is-p-low-nrm-obj,mp-is-p-low-obj,mp-is-p-low-diff,mp-is-p-low-freq,mp-is-p-mid-org-obj,mp-is-p-mid-nrm-obj,mp-is-p-mid-obj,mp-is-p-mid-diff,mp-is-p-mid-freq,mp-p-hi-org-obj,mp-p-hi-nrm-obj,mp-p-hi-obj,mp-p-hi-diff,mp-p-hi-freq,mp-p-low-org-obj,mp-p-low-nrm-obj,mp-p-low-obj,mp-p-low-diff,mp-p-low-freq,mp-p-mid-org-obj,mp-p-mid-nrm-obj,mp-p-mid-obj,mp-p-mid-diff,mp-p-mid-freq
resolved-p28d-paper/resolved-p28d-3600-2nd/nsp-n30-d28-r0.10-rp2-fp2-s2,0 0 0 0 0 188 -73,0.0 0.0 0.0 0.0 0.0 0.030534351145038167 0.1568627450980392,0.4622062565484209,0.1595238095238095,33.0,0 0 0 0 0 183 -81,0.0 0.0 0.0 0.0 0.0 0.011450381679389313 0.0,0.11450381679389313,0.1380952380952381,11.0,0 0 0 0 0 180 -74,0.0 0.0 0.0 0.0 0.0 0.0 0.13725490196078433,0.13725490196078433,0.1261904761904762,15,0 0 0 0 0 223 -75,0.0 0.0 0.0 0.0 0.0 0.16412213740458015 0.11764705882352941,1.758868432869331,0.16071428571428573,1,0 0 0 0 0 193 -73,0.0 0.0 0.0 0.0 0.0 0.04961832061068702 0.1568627450980392,0.6530459512049094,0.36666666666666664,3,0 0 0 0 0 238 -60,0.0 0.0 0.0 0.0 0.0 0.22137404580152673 0.4117647058823529,2.62550516389762,0.1595238095238095,2,0 0 0 0 0 442 -49,0.0 0.0 0.0 0.0 0.0 1.0 0.6274509803921569,10.627450980392156,0.4773809523809524,46,0 0 0 0 0 393 -30,0.0 0.0 0.0 0.0 0.0 0.8129770992366412 1.0,9.129770992366412,0.5023809523809524,71,0 0 0 0 0 431 -47,0.0 0.0 0.0 0.0 0.0 0.9580152671755725 0.6666666666666666,10.246819338422391,0.475,49
resolved-p28d-paper/resolved-p28d-3600-2nd/nsp-n50-d28-r0.10-rp2-fp2-s8,32 206 3724 1451 440 6241 -30,0.0 0.978494623655914 0.0 0.935226264418811 0.5469543147208121 0.0 0.7435897435897436,98840.12765122589,0.017857142857142856,485.0,32 206 3724 1477 440 6277 -21,0.0 0.978494623655914 0.0 0.9582963620230701 0.5469543147208121 0.00944386149003148 0.9743589743589743,98863.52295667582,0.017857142857142856,474.0,32 206 3727 1456 440 6264 -26,0.0 0.978494623655914 0.0004942339373970346 0.9396628216503993 0.5469543147208121 0.006033578174186778 0.8461538461538461,98849.66944771576,0.017142857142857144,432,33 208 3761 1524 439 6250 -21,0.1111111111111111 1.0 0.006095551894563427 1.0 0.5456852791878173 0.00236096537250787 0.9743589743589743,212227.6331266036,0.008571428571428572,1,33 206 3763 1503 449 6325 -30,0.1111111111111111 0.978494623655914 0.006425041186161449 0.9813664596273292 0.5583756345177665 0.022035676810073453 0.7435897435897436,210062.9918581549,0.02214285714285714,58,33 206 3791 1502 451 6348 -29,0.1111111111111111 0.978494623655914 0.011037891268533773 0.9804791481810116 0.5609137055837563 0.02806925498426023 0.7692307692307693,210108.57283144628,0.03642857142857143,49,41 137 9499 1347 797 10053 -20,1.0 0.23655913978494625 0.9514003294892917 0.8429458740017747 1.0 1.0 1.0,1034123.8631473894,0.21428571428571427,202,36 115 9468 397 16 8023 -24,0.4444444444444444 0.0 0.9462932454695222 0.0 0.008883248730964468 0.46747114375655824 0.8974358974358975,453913.83737134776,0.8042857142857143,428,34 117 9794 403 9 7850 -59,0.2222222222222222 0.021505376344086023 1.0 0.005323868677905945 0.0 0.4220881427072403 0.0,234382.3046067358,0.8042857142857143,445
resolved-p28d-paper/resolved-p28d-3600-2nd/nsp-n50-d28-r0.10-rp2-fp2-s3,12 20 2 27 0 516 -130,0.0 1.0 0.0004798464491362764 0.0003580949349460868 0.0 0.005898073910238688 0.9831932773109243,100006.19873344272,0.032857142857142856,457.0,12 20 2 38 0 481 -129,0.0 1.0 0.0004798464491362764 0.0007957665221024152 0.0 0.0026725647405769055 0.9915966386554622,100006.61255329954,0.02857142857142857,442.0,13 20 0 33 0 467 -128,0.05555555555555555 1.0 0.0 0.0005968248915768113 0.0 0.0013823610727121925 1.0,155557.16620405787,0.03,439,30 11 2 22 0 457 -130,1.0 0.4 0.0004798464491362764 0.00015915330442048303 0.0 0.00046078702423739745 0.9831932773109243,1040005.9454189433,0.015,1,26 20 31 51 3 537 -137,0.7777777777777778 1.0 0.007437619961612284 0.001313014761468985 1.0 0.007833379412035758 0.9243697478991597,877954.4696956973,0.05,375,27 9 0 18 0 452 -132,0.8333333333333334 0.26666666666666666 0.0 0.0 0.0 0.0 0.9663865546218487,860000.9663865546,0.02,105,27 9 4060 24143 0 11029 -222,0.8333333333333334 0.26666666666666666 0.974088291746641 0.9598933672860382 0.0 0.9747488710717906 0.21008403361344538,870710.7338574969,0.6435714285714286,494,27 5 4168 25151 0 11303 -247,0.8333333333333334 0.0 1.0 1.0 0.0 1.0 0.0,844343.3333333334,0.6414285714285715,475,27 5 4165 24679 0 11237 -243,0.8333333333333334 0.0 0.9992802303262955 0.981219910078383 0.0 0.9939176112800664 0.03361344537815126,844317.3283362328,0.6428571428571429,554
resolved-p28d-paper/resolved-p28d-3600-2nd/nsp-n10-d28-r0.10-rp0-fp0-s8,0 2 0 2 0 92 -19,0.0 0.012345679012345678 0.0 0.0 0.0 0.05327868852459016 0.14814814814814814,1235.248836267962,0.1392857142857143,396.0,0 2 0 2 0 92 -19,0.0 0.012345679012345678 0.0 0.0 0.0 0.05327868852459016 0.14814814814814814,1235.248836267962,0.1392857142857143,396.0,0 2 0 2 0 93 -23,0.0 0.012345679012345678 0.0 0.0 0.0 0.05737704918032787 0.0,1235.1416717263712,0.14285714285714285,395,4 6 0 11 0 79 -16,0.5 0.06172839506172839 0.0 0.6 0.0 0.0 0.25925925925925924,506773.09876543214,0.025,1,0 1 0 10 1 134 -17,0.0 0.0 0.0 0.5333333333333333 1.0 0.22540983606557377 0.2222222222222222,635.8096539162112,0.19285714285714287,1222,0 2 0 3 0 99 -16,0.0 0.012345679012345678 0.0 0.06666666666666667 0.0 0.08196721311475409 0.25925925925925924,1302.3134992916416,0.10714285714285714,416,4 6 0 11 0 79 -16,0.5 0.06172839506172839 0.0 0.6 0.0 0.0 0.25925925925925924,506773.09876543214,0.025,397,7 82 0 14 0 298 4,0.875 1.0 0.0 0.8 0.0 0.8975409836065574 1.0,975809.975409836,0.725,2439,8 69 10 17 1 323 -2,1.0 0.8395061728395061 1.0 1.0 1.0 1.0 0.7777777777777778,1095061.3950617283,0.6142857142857143,2756
resolved-p28d-paper/resolved-p28d-3600-2nd/nsp-n30-d28-r0.10-rp2-fp2-s5,1 12 17 186 22 1148 27,0.07142857142857142 0.16666666666666666 0.010917030567685589 0.003072772240125909 0.9565217391304348 0.020454545454545454 0.8933333333333333,88304.23122585597,0.0380952380952381,783.0,1 12 17 185 23 1158 30,0.07142857142857142 0.16666666666666666 0.010917030567685589 0.002997826575732594 1.0 0.023701298701298702 0.9133333333333333,88308.55657381102,0.039285714285714285,785.0,1 12 17 186 22 1148 27,0.07142857142857142 0.16666666666666666 0.010917030567685589 0.003072772240125909 0.9565217391304348 0.020454545454545454 0.8933333333333333,88304.23122585597,0.0380952380952381,783,14 4 3 170 22 1091 28,1.0 0.05555555555555555 0.000727802037845706 0.0018736416098328712 0.9565217391304348 0.001948051948051948 0.9,1005661.2788719763,0.014285714285714285,1,13 3 2 153 14 1106 28,0.9285714285714286 0.041666666666666664 0.0 0.0005995653151465187 0.6086956521739131 0.006818181818181818 0.9,932800.5325504461,0.125,549,13 3 2 145 9 1085 23,0.9285714285714286 0.041666666666666664 0.0 0.0 0.391304347826087 0.0 0.8666666666666667,932778.0923395446,0.04642857142857143,870,11 72 721 2525 7 2503 43,0.7857142857142857 1.0 0.5232896652110626 0.17837068125608935 0.30434782608695654 0.4603896103896104 1.0,891161.5917263649,0.32857142857142857,516,0 0 1346 12730 1 4095 -94,0.0 0.0 0.9781659388646288 0.9431911863898673 0.043478260869565216 0.9772727272727273 0.08666666666666667,10739.057795062505,0.6404761904761904,205,0 0 1376 13488 0 4165 -107,0.0 0.0 1.0 1.0 0.0 1.0 0.0,11010.0,0.6416666666666667,67
resolved-p28d-paper/resolved-p28d-3600-2nd/nsp-n30-d28-r0.10-rp2-fp2-s9,4 14 1 7 0 115 -76,0.030303030303030304 0.041666666666666664 0.008620689655172414 0.03937007874015748 0.0 0.02247191011235955 0.07017543859649122,34595.56883952857,0.039285714285714285,383.0,3 7 1 5 0 123 -76,0.0 0.017361111111111112 0.008620689655172414 0.023622047244094488 0.0 0.03245942571785269 0.07017543859649122,1846.3348246027047,0.05238095238095238,678.0,3 7 1 2 0 127 -75,0.0 0.017361111111111112 0.008620689655172414 0.0 0.0 0.03745318352059925 0.08771929824561403,1822.780258796287,0.05119047619047619,708,17 2 0 5 0 97 -79,0.42424242424242425 0.0 0.0 0.023622047244094488 0.0 0.0 0.017543859649122806,424266.063833528,0.008333333333333333,1,11 48 7 56 2 186 -53,0.24242424242424243 0.1597222222222222 0.0603448275862069 0.4251968503937008 0.14285714285714285 0.1111111111111111 0.47368421052631576,259440.98028232777,0.09523809523809523,547,11 3 5 20 3 144 -80,0.24242424242424243 0.003472222222222222 0.04310344827586207 0.14173228346456693 0.21428571428571427 0.05867665418227216 0.0,243366.24675065823,0.041666666666666664,551,36 290 116 129 14 502 -58,1.0 1.0 1.0 1.0 1.0 0.5056179775280899 0.38596491228070173,1111105.4421446878,0.275,553,21 258 19 86 6 858 -33,0.5454545454545454 0.8888888888888888 0.16379310344827586 0.6614173228346457 0.42857142857142855 0.9500624219725343 0.8245614035087719,636695.9650292321,0.6059523809523809,936,22 251 25 129 10 898 -23,0.5757575757575758 0.8645833333333334 0.21551724137931033 1.0 0.7142857142857143 1.0 1.0,665453.5100761309,0.6011904761904762,528
resolved-p28d-paper/resolved-p28d-3600-2nd/nsp-n40-d28-r0.10-rp2-fp2-s7,14 11 1 23 0 230 -102,0.0 0.45454545454545453 0.0003834355828220859 0.000575843370603196 0.0 0.0024667671645881867 1.0,45459.980321415926,0.027678571428571427,467.0,16 10 0 30 0 253 -104,0.15384615384615385 0.36363636363636365 0.0 0.0009117520034550602 0.0 0.005618747430450871 0.9795918367346939,190211.73774110473,0.025892857142857145,415.0,14 11 1 23 0 231 -102,0.0 0.45454545454545453 0.0003834355828220859 0.000575843370603196 0.0 0.0026038097848430863 1.0,45459.98169184213,0.027678571428571427,466,27 7 1 17 0 212 -104,1.0 0.09090909090909091 0.0003834355828220859 0.000287921685301598 0.0 0.0 0.9795918367346939,1009096.0109602592,0.0125,1,25 17 4 28 0 259 -105,0.8461538461538461 1.0 0.0015337423312883436 0.0008157781083545276 0.0 0.006441003151980266 0.9693877551020408,946171.033153054,0.039285714285714285,1148,25 7 0 11 0 229 -105,0.8461538461538461 0.09090909090909091 0.0 0.0 0.0 0.0023297245443332877 0.9693877551020408,855245.7479297558,0.033928571428571426,806,15 6 2608 20850 0 7509 -166,0.07692307692307693 0.0 1.0 1.0 0.0 1.0 0.3469387755102041,87933.42386185243,0.6616071428571428,99,15 6 2522 20486 0 7356 -200,0.07692307692307693 0.0 0.9670245398773006 0.982532751091703 0.0 0.9790324791010004 0.0,87585.64539773265,0.6607142857142857,873,15 6 2489 20812 0 7319 -197,0.07692307692307693 0.0 0.9543711656441718 0.9981764959930899 0.0 0.9739619021515692 0.030612244897959183,87474.73530677815,0.6625,972
resolved-p28d-paper/resolved-p28d-3600-2nd/nsp-n50-d28-r0.10-rp2-fp2-s4,12 26 3 29 0 352 -77,0.0 1.0 0.0006898137502874224 0.0007279972412736121 0.0 0.002393192696330438 1.0,100008.6500666711,0.030714285714285715,409.0,14 19 1 20 0 341 -85,0.3333333333333333 0.631578947368421 0.00022993791676247414 0.0003831564427755853 0.0 0.0014181882644921113 0.9344262295081968,396494.85921389796,0.029285714285714286,367.0,12 23 3 28 0 369 -80,0.0 0.8421052631578947 0.0006898137502874224 0.0006896815969960534 0.0 0.003900017727353306 0.9754098360655737,84219.12854490268,0.02857142857142857,433,18 24 1 21 0 325 -82,1.0 0.8947368421052632 0.00022993791676247414 0.0004214720870531438 0.0 0.0 0.9590163934426229,1089477.3640781743,0.02214285714285714,1,18 22 0 10 0 339 -86,1.0 0.7894736842105263 0.0 0.0 0.0 0.0012409147314305974 0.9262295081967213,1078948.307059708,0.03214285714285714,386,16 21 4 30 1 367 -77,0.6666666666666666 0.7368421052631579 0.0009197516670498966 0.0007663128855511706 1.0 0.0037227441942917923 1.0,740461.8782499804,0.037142857142857144,440,18 14 4323 25296 0 11440 -199,1.0 0.3684210526315789 0.9940216141641757 0.9688493812023449 0.0 0.9851976599893636 0.0,1047761.0227626018,0.6428571428571429,357,18 7 4320 25948 1 11498 -194,1.0 0.0 0.9933318004138882 0.9938311812713131 1.0 0.9903385924481475 0.040983606557377046,1011037.0935549414,0.66,38,18 7 4349 26109 0 11607 -197,1.0 0.0 1.0 1.0 0.0 1.0 0.01639344262295082,1011010.0163934426,0.66,128
resolved-p28d-paper/resolved-p28d-3600-2nd/nsp-n30-d28-r0.10-rp2-fp2-s6,16 154 529 556 181 1908 18,0.125 0.0 0.8930390492359932 0.7571428571428571 0.9516129032258065 0.930635838150289 0.6612903225806451,134792.66228852945,0.04523809523809524,414.0,13 161 556 680 177 1932 16,0.0 0.03482587064676617 0.9388794567062818 0.953968253968254 0.9301075268817204 0.9504541701073493 0.6290322580645161,13928.494212354999,0.02738095238095238,581.0,13 163 562 673 177 1932 17,0.0 0.04477611940298507 0.9490662139219015 0.9428571428571428 0.9301075268817204 0.9504541701073493 0.6451612903225806,15014.291678054233,0.02619047619047619,551,18 168 555 709 182 1915 21,0.20833333333333334 0.06965174129353234 0.9371816638370118 1.0 0.956989247311828 0.9364161849710982 0.7096774193548387,225776.09686505696,0.016666666666666666,1,17 167 592 588 186 1990 21,0.16666666666666666 0.06467661691542288 1.0 0.807936507936508 0.978494623655914 0.9983484723369116 0.7096774193548387,184050.80749065377,0.05,1067,17 167 574 592 190 1992 19,0.16666666666666666 0.06467661691542288 0.969439728353141 0.8142857142857143 1.0 1.0 0.6774193548387096,183753.6887753809,0.04880952380952381,935,37 355 410 421 63 1161 39,1.0 1.0 0.6910016977928692 0.5428571428571428 0.3172043010752688 0.3137902559867878 1.0,1107488.7324534531,0.41904761904761906,509,28 255 3 79 4 781 -23,0.625 0.5024875621890548 0.0 0.0 0.0 0.0 0.0,675248.7562189054,0.7226190476190476,1120,28 254 17 107 8 788 -23,0.625 0.4975124378109453 0.023769100169779286 0.044444444444444446 0.021505376344086023 0.005780346820809248 0.0,675035.5875683394,0.7226190476190476,786
resolved-p28d-paper/resolved-p28d-3600-2nd/nsp-n20-d28-r0.10-rp2-fp2-s0,0 0 0 0 0 78 -46,0.0 0.0 0.0 0.0 0.0 0.0 0.3103448275862069,0.3103448275862069,0.25,25.0,0 0 0 0 0 87 -45,0.0 0.0 0.0 0.0 0.0 0.04072398190045249 0.3448275862068966,0.7520674052114215,0.18035714285714285,11.0,0 0 0 0 0 87 -45,0.0 0.0 0.0 0.0 0.0 0.04072398190045249 0.3448275862068966,0.7520674052114215,0.18035714285714285,11,0 0 0 0 0 107 -53,0.0 0.0 0.0 0.0 0.0 0.13122171945701358 0.06896551724137931,1.381182711811515,0.1,21,0 0 0 0 0 101 -37,0.0 0.0 0.0 0.0 0.0 0.10407239819004525 0.6206896551724138,1.6614136370728665,0.22142857142857142,5,0 0 0 0 0 110 -55,0.0 0.0 0.0 0.0 0.0 0.14479638009049775 0.0,1.4479638009049776,0.09642857142857143,29,0 0 0 0 0 259 -26,0.0 0.0 0.0 0.0 0.0 0.8190045248868778 1.0,9.190045248868778,0.4982142857142857,31,0 0 0 0 0 250 -29,0.0 0.0 0.0 0.0 0.0 0.7782805429864253 0.896551724137931,8.679357154002185,0.5285714285714286,37,0 0 0 0 0 299 -33,0.0 0.0 0.0 0.0 0.0 1.0 0.7586206896551724,10.758620689655173,0.5035714285714286,25
resolved-p28d-paper/resolved-p28d-3600-2nd/nsp-n50-d28-r0.10-rp2-fp2-s6,15 17 2 29 0 393 -153,0.0 1.0 0.00046029919447640965 0.0005439850792663972 0.0 0.0035778175313059034 0.9795918367346939,100006.16234703606,0.027857142857142858,383.0,15 17 2 29 0 386 -152,0.0 1.0 0.00046029919447640965 0.0005439850792663972 0.0 0.0029516994633273703 0.9897959183673469,100006.16628993703,0.027857142857142858,384.0,15 17 2 27 0 384 -154,0.0 1.0 0.00046029919447640965 0.00046627292508548337 0.0 0.002772808586762075 0.9693877551020408,100006.06638071082,0.027142857142857142,389,25 15 1 27 0 353 -151,1.0 0.7777777777777778 0.00023014959723820482 0.00046627292508548337 0.0 0.0 1.0,1077781.545546675,0.016428571428571428,1,21 14 0 15 0 368 -154,0.6 0.6666666666666666 0.0 0.0 0.0 0.0013416815742397137 0.9693877551020408,666667.6494712376,0.03857142857142857,701,23 14 1 15 0 364 -151,0.8 0.6666666666666666 0.00023014959723820482 0.0 0.0 0.0009838998211091235 1.0,866669.9780016373,0.024285714285714285,295,20 8 4345 25751 0 11533 -234,0.5 0.0 1.0 1.0 0.0 1.0 0.15306122448979592,511010.1530612245,0.6528571428571428,25,19 8 4342 25658 1 11524 -249,0.4 0.0 0.9993095512082854 0.9963863848305875 1.0 0.9991949910554562 0.0,411099.47384682397,0.6542857142857142,105,19 8 4342 25719 1 11524 -249,0.4 0.0 0.9993095512082854 0.9987566055331054 1.0 0.9991949910554562 0.0,411101.8440675265,0.6542857142857142,98
resolved-p28d-paper/resolved-p28d-3600-2nd/nsp-n40-d28-r0.10-rp2-fp2-s1,11 14 4 17 1 729 -109,0.0 0.23404255319148937 0.001569242840329541 0.0 1.0 0.011390532544378698 0.993006993006993,23521.054659870682,0.024107142857142858,514.0,11 10 4 17 1 704 -110,0.0 0.14893617021276595 0.001569242840329541 0.0 1.0 0.007692307692307693 0.986013986013986,15010.372386742829,0.03125,596.0,11 10 4 17 0 712 -118,0.0 0.14893617021276595 0.001569242840329541 0.0 0.0 0.008875739644970414 0.9300699300699301,14910.32827700641,0.03571428571428571,615,18 13 0 19 1 704 -108,1.0 0.2127659574468085 0.0 9.754194303550527e-05 1.0 0.007692307692307693 1.0,1021377.7702097008,0.014285714285714285,1,15 50 17 37 1 658 -121,0.5714285714285714 1.0 0.006669282071400549 0.0009754194303550526 1.0 0.0008875739644970414 0.9090909090909091,671597.1576353644,0.05089285714285714,476,16 49 18 44 1 652 -124,0.7142857142857143 0.9787234042553191 0.007061592781482934 0.0013168162309793211 1.0 0.0 0.8881118881118881,812330.8755671802,0.05357142857142857,567,17 7 2541 20057 0 7412 -224,0.8571428571428571 0.0851063829787234 0.9968615143193409 0.9773702692157628 0.0 1.0 0.1888111888111888,876609.6696643274,0.6526785714285714,386,16 3 2498 20216 0 7317 -251,0.7142857142857143 0.0 0.9799921537857984 0.9851248536870855 0.0 0.9859467455621301 0.0,725080.6201447151,0.6455357142857143,506,16 4 2549 20521 0 7373 -244,0.7142857142857143 0.02127659574468085 1.0 1.0 0.0 0.9942307692307693 0.04895104895104895,727423.3651189236,0.6491071428571429,247
resolved-p28d-paper/resolved-p28d-3600-2nd/nsp-n10-d28-r0.10-rp0-fp0-s3,0 0 0 0 0 94 -24,0.0 0.0 0.0 0.0 0.0 0.0 0.9,0.9,0.21428571428571427,30.0,0 0 0 0 0 97 -23,0.0 0.0 0.0 0.0 0.0 0.029411764705882353 1.0,1.2941176470588236,0.19642857142857142,19.0,0 0 0 0 0 97 -23,0.0 0.0 0.0 0.0 0.0 0.029411764705882353 1.0,1.2941176470588236,0.19642857142857142,19,0 0 0 0 0 108 -33,0.0 0.0 0.0 0.0 0.0 0.13725490196078433 0.0,1.3725490196078431,0.08571428571428572,44,0 0 0 0 0 127 -30,0.0 0.0 0.0 0.0 0.0 0.3235294117647059 0.3,3.5352941176470587,0.25357142857142856,5,0 0 0 0 0 108 -33,0.0 0.0 0.0 0.0 0.0 0.13725490196078433 0.0,1.3725490196078431,0.08571428571428572,32,0 0 0 0 0 184 -25,0.0 0.0 0.0 0.0 0.0 0.8823529411764706 0.8,9.623529411764707,0.4035714285714286,23,0 0 0 0 0 155 -27,0.0 0.0 0.0 0.0 0.0 0.5980392156862745 0.6,6.580392156862745,0.6464285714285715,125,0 0 0 0 0 196 -26,0.0 0.0 0.0 0.0 0.0 1.0 0.7,10.7,0.4142857142857143,14
resolved-p28d-paper/resolved-p28d-3600-2nd/nsp-n10-d28-r0.10-rp0-fp0-s5,0 0 2 2 0 133 -31,0.0 0.0 0.0 0.0 0.0 0.05057096247960848 0.16666666666666666,0.6723762914627515,0.14642857142857144,741.0,1 0 2 3 0 130 -34,0.14285714285714285 0.0 0.0 0.001122334455667789 0.0 0.04567699836867863 0.09523809523809523,142858.81719967743,0.10714285714285714,709.0,1 0 2 3 0 131 -34,0.14285714285714285 0.0 0.0 0.001122334455667789 0.0 0.04730831973898858 0.09523809523809523,142858.83351289114,0.1,707,6 1 3 3 0 102 -37,0.8571428571428571 0.3333333333333333 0.009433962264150943 0.001122334455667789 0.0 0.0 0.023809523809523808,890571.6762428115,0.014285714285714285,1,2 0 4 5 0 137 -37,0.2857142857142857 0.0 0.018867924528301886 0.003367003367003367 0.0 0.057096247960848286 0.023809523809523808,285906.9267349391,0.11428571428571428,2202,2 3 5 11 1 151 -38,0.2857142857142857 1.0 0.02830188679245283 0.010101010101010102 0.3333333333333333 0.0799347471451876 0.0,386041.538273116,0.07857142857142857,3232,7 1 4 9 0 102 -37,1.0 0.3333333333333333 0.018867924528301886 0.007856341189674524 0.0 0.0 0.023809523809523808,1033529.8927293299,0.014285714285714285,342,0 0 108 893 0 715 1,0.0 0.0 1.0 1.0 0.0 1.0 0.9285714285714286,11010.92857142857,0.6607142857142857,1232,0 0 69 232 3 561 4,0.0 0.0 0.6320754716981132 0.25813692480359146 1.0 0.7487765089722676 1.0,6687.3794068744455,0.6714285714285714,1463
resolved-p28d-paper/resolved-p28d-3600-2nd/nsp-n20-d28-r0.10-rp2-fp2-s9,0 0 0 0 0 107 -26,0.0 0.0 0.0 0.0 0.0 0.0 0.36363636363636365,0.36363636363636365,0.20357142857142857,47.0,0 0 0 0 0 115 -28,0.0 0.0 0.0 0.0 0.0 0.041884816753926704 0.3181818181818182,0.7370299857210851,0.16607142857142856,21.0,0 0 0 0 0 115 -28,0.0 0.0 0.0 0.0 0.0 0.041884816753926704 0.3181818181818182,0.7370299857210851,0.16607142857142856,21,0 0 0 0 0 142 -23,0.0 0.0 0.0 0.0 0.0 0.18324607329842932 0.4318181818181818,2.264278914802475,0.15892857142857142,14,0 0 0 0 0 132 -19,0.0 0.0 0.0 0.0 0.0 0.13089005235602094 0.5227272727272727,1.831627796287482,0.35714285714285715,7,0 0 0 0 0 125 -42,0.0 0.0 0.0 0.0 0.0 0.09424083769633508 0.0,0.9424083769633508,0.13214285714285715,25,0 0 0 0 0 298 -8,0.0 0.0 0.0 0.0 0.0 1.0 0.7727272727272727,10.772727272727273,0.5035714285714286,48,0 0 0 0 0 228 2,0.0 0.0 0.0 0.0 0.0 0.6335078534031413 1.0,7.335078534031413,0.6107142857142858,95,0 0 0 0 0 283 -8,0.0 0.0 0.0 0.0 0.0 0.9214659685863874 0.7727272727272727,9.987386958591147,0.49464285714285716,58
resolved-p28d-paper/resolved-p28d-3600-2nd/nsp-n50-d28-r0.10-rp2-fp2-s7,34 711 1248 1422 161 2353 50,0.9166666666666666 0.9538670284938942 0.003498727735368957 0.0038450754996595506 0.8846153846153846 0.007357645553422905 0.9603399433427762,1012181.6973237697,0.025714285714285714,380.0,34 714 1270 1454 161 2385 55,0.9166666666666666 0.9579375848032564 0.01049618320610687 0.005126767332879401 0.8846153846153846 0.010769886969503092 0.9745042492917847,1012660.0574879667,0.020714285714285713,299.0,34 711 1250 1434 161 2361 50,0.9166666666666666 0.9538670284938942 0.004134860050890585 0.004325709937116995 0.8846153846153846 0.008210705907442951 0.9603399433427762,1012188.5478119659,0.025,375,35 730 1295 1491 161 2396 64,1.0 0.9796472184531886 0.018447837150127225 0.006608723515039852 0.8846153846153846 0.011942844956280656 1.0,1098245.389907246,0.012142857142857143,1,34 734 1237 1326 171 2284 31,0.9166666666666666 0.9850746268656716 0.0 0.0 0.9395604395604396 0.0 0.9065155807365439,1015268.9919127706,0.07357142857142857,289,33 745 1281 1376 182 2305 41,0.8333333333333334 1.0 0.013994910941475827 0.002002643489406016 1.0 0.0022392834293026233 0.9348441926345609,933576.2423232644,0.09857142857142857,313,23 11 4381 26267 0 11662 -262,0.0 0.004070556309362279 1.0 0.9989586253855088 0.0 1.0 0.0764872521246459,11416.09074357386,0.7564285714285715,270,23 8 4251 26051 0 11379 -289,0.0 0.0 0.9586513994910941 0.9903072055112749 0.0 0.9698229899765408 0.0,10586.519430321981,0.7628571428571429,472,23 8 4323 26293 1 11490 -272,0.0 0.0 0.9815521628498728 1.0 0.005494505494505495 0.981659202388569 0.04815864022662889,10825.93582971229,0.76,139
resolved-p28d-paper/resolved-p28d-3600-2nd/nsp-n30-d28-r0.10-rp2-fp2-s4,1 12 3 29 0 172 -74,0.0 0.18604651162790697 0.00141643059490085 0.000542814493146967 0.0 0.006847697756788666 1.0,18620.426760210423,0.041666666666666664,684.0,1 12 3 32 0 170 -76,0.0 0.18604651162790697 0.00141643059490085 0.0007463699280770797 0.0 0.006375442739079103 0.9523809523809523,18620.57797404756,0.039285714285714285,676.0,1 12 1 29 0 168 -76,0.0 0.18604651162790697 0.0 0.000542814493146967 0.0 0.0059031877213695395 0.9523809523809523,18606.20539011344,0.041666666666666664,711,11 10 2 26 0 143 -86,0.9090909090909091 0.13953488372093023 0.000708215297450425 0.00033925905821685436 0.0 0.0 0.7142857142857143,923052.5331607492,0.02023809523809524,1,9 9 1 21 0 172 -85,0.7272727272727273 0.11627906976744186 0.0 0.0 0.0 0.006847697756788666 0.7380952380952381,738901.4408216871,0.0380952380952381,302,8 47 12 42 0 188 -79,0.6363636363636364 1.0 0.007790368271954674 0.0014248880445107885 0.0 0.010625737898465172 0.8809523809523809,736443.9521441603,0.06547619047619048,209,12 5 1409 13819 0 4292 -84,1.0 0.023255813953488372 0.9971671388101983 0.9362192970552313 0.0 0.9796930342384887 0.7619047619047619,1013244.0309156104,0.6523809523809524,484,11 4 1413 14359 1 4344 -116,0.9090909090909091 0.0 1.0 0.9728592753426516 1.0 0.9919716646989374 0.0,920173.6880828987,0.65,1039,11 4 1410 14759 0 4378 -110,0.9090909090909091 0.0 0.9978753541076487 1.0 0.0 1.0 0.14285714285714285,920079.8054891283,0.6476190476190476,1110
resolved-p28d-paper/resolved-p28d-3600-2nd/nsp-n50-d28-r0.10-rp2-fp2-s1,16 17 3 25 0 401 -149,0.5925925925925926 0.7083333333333334 0.00025608194622279127 0.000526131182041389 0.0 0.0013647884577890426 1.0,663430.0265244548,0.029285714285714286,387.0,17 16 2 20 1 425 -149,0.6296296296296297 0.6666666666666666 0.0 0.00030690985619081027 1.0 0.00370442581399883 1.0,696397.6402504105,0.025714285714285714,359.0,16 17 3 26 0 409 -150,0.5925925925925926 0.7083333333333334 0.00025608194622279127 0.0005699754472115047 0.0 0.0021446675765256387 0.9846153846153847,663430.0627828958,0.024285714285714285,377,27 13 2 22 0 387 -155,1.0 0.5416666666666666 0.0 0.00039459838653104173 0.0 0.0 0.9076923076923077,1054167.9689573608,0.013571428571428571,1,24 11 5 13 1 400 -155,0.8888888888888888 0.4583333333333333 0.0007682458386683739 0.0 1.0 0.0012673035679469683 0.9076923076923077,934830.8250459523,0.020714285714285713,439,25 19 3 21 0 405 -153,0.9259259259259259 0.7916666666666666 0.00025608194622279127 0.00035075412136092597 0.0 0.0017547280171573405 0.9384615384615385,1005096.4601749947,0.02214285714285714,117,14 24 3666 18918 0 10053 -174,0.5185185185185185 1.0 0.9382842509603073 0.8288758330410382 0.0 0.9422889452134919 0.6153846153846154,628740.27513523,0.5678571428571428,210,0 0 3873 22821 1 10594 -214,0.0 0.0 0.9912932138284251 1.0 1.0 0.9950282706180542 0.0,11022.88242099043,0.6492857142857142,221,0 0 3907 22607 1 10645 -212,0.0 0.0 1.0 0.9906173272535952 1.0 1.0 0.03076923076923077,11100.648096484365,0.6421428571428571,193
resolved-p28d-paper/resolved-p28d-3600-2nd/nsp-n20-d28-r0.10-rp2-fp2-s7,0 0 0 0 0 87 -36,0.0 0.0 0.0 0.0 0.0 0.00796812749003984 0.59375,0.6734312749003984,0.2785714285714286,36.0,0 0 0 0 0 95 -55,0.0 0.0 0.0 0.0 0.0 0.0398406374501992 0.0,0.398406374501992,0.22678571428571428,23.0,0 0 0 0 0 95 -55,0.0 0.0 0.0 0.0 0.0 0.0398406374501992 0.0,0.398406374501992,0.22678571428571428,23,0 0 0 0 0 124 -40,0.0 0.0 0.0 0.0 0.0 0.1553784860557769 0.46875,2.022534860557769,0.20535714285714285,11,0 0 0 0 0 85 -23,0.0 0.0 0.0 0.0 0.0 0.0 1.0,1.0,0.5160714285714286,10,0 0 0 0 0 127 -37,0.0 0.0 0.0 0.0 0.0 0.16733067729083664 0.5625,2.2358067729083664,0.20535714285714285,18,0 0 0 0 0 336 -36,0.0 0.0 0.0 0.0 0.0 1.0 0.59375,10.59375,0.44821428571428573,13,0 0 0 0 0 291 -33,0.0 0.0 0.0 0.0 0.0 0.8207171314741036 0.6875,8.894671314741036,0.4589285714285714,8,0 0 0 0 0 322 -39,0.0 0.0 0.0 0.0 0.0 0.9442231075697212 0.5,9.942231075697212,0.425,42
resolved-p28d-paper/resolved-p28d-3600-2nd/nsp-n10-d28-r0.10-rp0-fp0-s0,0 3 0 0 0 81 -28,0.0 0.015873015873015872 0.0 0.0 0.0 0.025 0.0,1587.5515873015872,0.14642857142857144,185.0,0 1 0 1 0 87 -24,0.0 0.0 0.0 0.01639344262295082 0.0 0.055 0.36363636363636365,17.307078986587186,0.19642857142857142,347.0,0 1 0 1 0 87 -24,0.0 0.0 0.0 0.01639344262295082 0.0 0.055 0.36363636363636365,17.307078986587186,0.19642857142857142,347,2 4 1 8 0 76 -28,0.5 0.023809523809523808 0.07142857142857142 0.13114754098360656 0.0 0.0 0.0,503226.38563622173,0.025,1,0 1 0 2 0 87 -26,0.0 0.0 0.0 0.03278688524590164 0.0 0.055 0.18181818181818182,33.51870342771982,0.16071428571428573,559,0 4 12 26 1 134 -23,0.0 0.023809523809523808 0.8571428571428571 0.4262295081967213 1.0 0.29 0.45454545454545453,11481.965006032216,0.16428571428571428,456,4 6 1 15 0 79 -28,1.0 0.03968253968253968 0.07142857142857142 0.2459016393442623 0.0 0.015 0.0,1004928.591321884,0.025,359,3 127 2 23 0 250 -17,0.75 1.0 0.14285714285714285 0.3770491803278688 0.0 0.87 1.0,851815.3206088993,0.6714285714285714,3243,3 120 14 61 1 276 -18,0.75 0.9444444444444444 1.0 1.0 1.0 1.0 0.9090909090909091,855555.3535353536,0.6642857142857143,3085
resolved-p28d-paper/resolved-p28d-3600-2nd/nsp-n40-d28-r0.10-rp2-fp2-s3,10 15 1 26 0 294 -95,0.5263157894736842 0.7142857142857143 0.0004418912947414936 0.0012314581584102994 0.0 0.003379416282642089 0.9620253164556962,597751.0070928407,0.026785714285714284,524.0,10 16 1 15 0 296 -92,0.5263157894736842 0.7619047619047619 0.0004418912947414936 0.0006157290792051497 0.0 0.003686635944700461 1.0,602512.3371725464,0.029464285714285714,492.0,9 20 1 30 0 288 -96,0.47368421052631576 0.9523809523809523 0.0004418912947414936 0.0014553596417576267 0.0 0.002457757296466974 0.9493670886075949,568929.1539816618,0.025,527,19 13 0 21 0 272 -95,1.0 0.6190476190476191 0.0 0.0009515813042261405 0.0 0.0 0.9620253164556962,1061906.6755113825,0.01607142857142857,1,18 12 0 8 0 272 -98,0.9473684210526315 0.5714285714285714 0.0 0.00022390148334732718 0.0 0.0 0.9240506329113924,1004512.426147605,0.02857142857142857,755,18 11 0 4 0 319 -106,0.9473684210526315 0.5238095238095238 0.0 0.0 0.0 0.007219662058371736 0.8227848101265823,999750.2684150147,0.04107142857142857,167,13 21 1981 11981 0 5887 -103,0.6842105263157895 1.0 0.8753866548828988 0.6704170165127344 0.0 0.8625192012288786 0.8607594936708861,793644.2958326371,0.5321428571428571,228,0 0 2257 17455 0 6781 -171,0.0 0.0 0.997348652231551 0.9768261964735516 0.0 0.9998463901689708 0.0,10960.311182690752,0.6410714285714286,188,0 0 2263 17869 0 6782 -156,0.0 0.0 1.0 1.0 0.0 1.0 0.189873417721519,11010.189873417721,0.6357142857142857,139
resolved-p28d-paper/resolved-p28d-3600-2nd/nsp-n30-d28-r0.10-rp2-fp2-s1,5 9 13 144 32 945 -21,0.2777777777777778 0.14754098360655737 0.004261363636363636 0.0 0.6808510638297872 0.0 0.7723577235772358,292643.3472389037,0.04523809523809524,757.0,5 9 13 144 32 945 -21,0.2777777777777778 0.14754098360655737 0.004261363636363636 0.0 0.6808510638297872 0.0 0.7723577235772358,292643.3472389037,0.04523809523809524,757.0,5 9 14 161 44 946 -11,0.2777777777777778 0.14754098360655737 0.004971590909090909 0.0012628138463824097 0.9361702127659575 0.000297000297000297 0.8536585365853658,292677.328511187,0.030952380952380953,734,18 6 7 169 47 957 -8,1.0 0.09836065573770492 0.0 0.001857079185856485 1.0 0.003564003564003564 0.8780487804878049,1009938.8363417725,0.013095238095238096,1,16 10 13 193 40 1008 -4,0.8888888888888888 0.16393442622950818 0.004261363636363636 0.0036398752042787106 0.851063829787234 0.018711018711018712 0.9105691056910569,905414.7890856791,0.04285714285714286,335,16 37 12 194 47 1013 -12,0.8888888888888888 0.6065573770491803 0.0035511363636363635 0.00371415837171297 1.0 0.020196020196020195 0.8455284552845529,949684.8996044722,0.05119047619047619,361,18 61 686 3179 9 2335 7,1.0 1.0 0.4822443181818182 0.22544941316297726 0.19148936170212766 0.41283041283041283 1.0,1105072.1698352795,0.3238095238095238,550,0 0 1379 12681 0 4271 -111,0.0 0.0 0.9744318181818182 0.93128807012331 0.0 0.9878229878229878 0.04065040650406504,10685.525132226227,0.6511904761904762,283,0 0 1415 13606 1 4312 -116,0.0 0.0 1.0 1.0 0.02127659574468085 1.0 0.0,11012.127659574468,0.6511904761904762,117
resolved-p28d-paper/resolved-p28d-3600-2nd/nsp-n20-d28-r0.10-rp2-fp2-s6,1 5 5 15 0 116 -78,0.0 0.36363636363636365 0.0014925373134328358 0.0 0.0 0.014345210550670985 0.6875,36379.3926888762,0.08928571428571429,579.0,1 5 5 19 0 123 -78,0.0 0.36363636363636365 0.0014925373134328358 0.00039502271380604387 0.0 0.017584451642757983 0.6875,36379.82010400093,0.0625,533.0,1 5 5 19 0 123 -78,0.0 0.36363636363636365 0.0014925373134328358 0.00039502271380604387 0.0 0.017584451642757983 0.6875,36379.82010400093,0.0625,533,9 6 5 15 0 85 -77,1.0 0.45454545454545453 0.0014925373134328358 0.0 0.0 0.0 0.75,1045470.2208276797,0.014285714285714285,1,7 7 4 20 0 122 -73,0.75 0.5454545454545454 0.0 0.0004937783922575548 0.0 0.017121702915316984 1.0,804547.1195408759,0.05714285714285714,727,4 12 13 30 2 118 -73,0.375 1.0 0.013432835820895522 0.0014813351767726645 1.0 0.015270708005552984 1.0,475236.9624004658,0.04285714285714286,223,7 8 540 8823 0 1941 -79,0.75 0.6363636363636364 0.8 0.8698400158009085 0.0 0.8588616381304951 0.625,822515.4172685458,0.5946428571428571,1595,7 1 674 9639 0 2246 -88,0.75 0.0 1.0 0.9504246494173415 0.0 1.0 0.0625,760960.4871494173,0.6410714285714286,1060,7 1 672 10141 0 2225 -89,0.75 0.0 0.9970149253731343 1.0 0.0 0.990282276723739 0.0,760980.0520764986,0.6428571428571429,1175
resolved-p28d-paper/resolved-p28d-3600-2nd/nsp-n20-d28-r0.10-rp2-fp2-s8,1 2 283 200 108 1628 45,0.0 0.0 0.5241635687732342 0.5842293906810035 0.8666666666666667 0.8899280575539569 0.8333333333333334,5922.264358988886,0.04285714285714286,602.0,1 2 278 194 104 1672 43,0.0 0.0 0.5148698884758365 0.5627240143369175 0.8333333333333334 0.9215827338129496 0.7857142857142857,5804.757774052459,0.04107142857142857,616.0,1 2 278 196 104 1678 43,0.0 0.0 0.5148698884758365 0.5698924731182796 0.8333333333333334 0.9258992805755396 0.7857142857142857,5811.969398301448,0.039285714285714285,614,13 3 297 224 120 1781 46,0.4444444444444444 0.006024096385542169 0.550185873605948 0.6702508960573477 0.9666666666666667 1.0 0.8571428571428571,451326.4875246393,0.008928571428571428,1,13 3 293 188 102 1738 46,0.4444444444444444 0.006024096385542169 0.5427509293680297 0.5412186379928315 0.8166666666666667 0.9690647482014388 0.8571428571428571,451107.7964716776,0.08392857142857142,590,8 55 539 316 116 1576 34,0.25925925925925924 0.3192771084337349 1.0 1.0 0.9333333333333333 0.8525179856115108 0.5714285714285714,302289.40004439355,0.2892857142857143,623,28 56 311 255 124 1762 52,1.0 0.3253012048192771 0.5762081784386617 0.7813620071684588 1.0 0.9863309352517986 1.0,1039184.4275828354,0.06785714285714285,725,14 168 1 37 4 391 10,0.48148148148148145 1.0 0.0 0.0 0.0 0.0 0.0,581481.4814814815,0.7178571428571429,718,14 165 17 93 7 427 44,0.48148148148148145 0.9819277108433735 0.02973977695167286 0.2007168458781362 0.025 0.025899280575539568 0.8095238095238095,580175.9356978289,0.7142857142857143,1183
resolved-p28d-paper/resolved-p28d-3600-2nd/nsp-n10-d28-r0.10-rp0-fp0-s2,0 0 0 0 0 79 -37,0.0 0.0 0.0 0.0 0.0 0.0 0.0,0.0,0.23214285714285715,39.0,0 0 0 0 0 84 -26,0.0 0.0 0.0 0.0 0.0 0.04201680672268908 0.6875,1.1076680672268908,0.16428571428571428,15.0,0 0 0 0 0 84 -26,0.0 0.0 0.0 0.0 0.0 0.04201680672268908 0.6875,1.1076680672268908,0.16428571428571428,15,0 0 0 0 0 90 -23,0.0 0.0 0.0 0.0 0.0 0.09243697478991597 0.875,1.7993697478991597,0.10714285714285714,11,0 0 0 0 0 111 -21,0.0 0.0 0.0 0.0 0.0 0.2689075630252101 1.0,3.6890756302521006,0.3357142857142857,3,0 0 0 0 0 94 -28,0.0 0.0 0.0 0.0 0.0 0.12605042016806722 0.5625,1.8230042016806722,0.1,12,0 0 0 0 0 198 -28,0.0 0.0 0.0 0.0 0.0 1.0 0.5625,10.5625,0.42857142857142855,15,0 0 0 0 0 136 -29,0.0 0.0 0.0 0.0 0.0 0.4789915966386555 0.5,5.2899159663865545,0.6178571428571429,81,0 0 0 0 0 198 -24,0.0 0.0 0.0 0.0 0.0 1.0 0.8125,10.8125,0.42857142857142855,16
resolved-p28d-paper/resolved-p28d-3600-2nd/nsp-n50-d28-r0.10-rp2-fp2-s2,25 233 2111 1272 211 4194 40,0.25 0.7483660130718954 0.0013507429085997298 0.0002868264699856587 0.9504504504504504 0.0017754711827369571 0.9216417910447762,324946.3800042935,0.02142857142857143,205.0,25 233 2117 1272 211 4181 40,0.25 0.7483660130718954 0.00405222872579919 0.0002868264699856587 0.9504504504504504 0.0 0.9216417910447762,324973.37710775365,0.02,170.0,25 233 2108 1265 211 4194 40,0.25 0.7483660130718954 0.0 0.0 0.9504504504504504 0.0017754711827369571 0.9216417910447762,324932.5857487375,0.02214285714285714,235,25 238 2172 1354 211 4242 41,0.25 0.7647058823529411 0.028815848716794237 0.00364679368981766 0.9504504504504504 0.00833105708822726 0.9253731343283582,326858.4472449021,0.012857142857142857,1,24 288 2303 1402 222 4389 61,0.0 0.9281045751633987 0.08779828905898245 0.0056136037697193195 1.0 0.028407538923791314 1.0,93795.33808608864,0.12285714285714286,246,24 310 2179 1471 213 4386 55,0.0 1.0 0.031967582170193604 0.008440893259577956 0.9594594594594594 0.02799781480469817 0.9776119402985075,100425.3202509958,0.11642857142857142,251,28 8 4329 25185 0 11503 -190,1.0 0.013071895424836602 1.0 0.9801270231509936 0.0 1.0 0.06343283582089553,1012297.3799984705,0.7207142857142858,101,27 4 4280 25670 0 11474 -204,0.75 0.0 0.9779378658262045 1.0 0.0 0.996039333515433 0.011194029850746268,760789.3502456271,0.715,471,27 4 4199 25532 0 11381 -207,0.75 0.0 0.9414678072940117 0.9943454210202828 0.0 0.9833378858235455 0.0,760418.8568728187,0.7157142857142857,484
resolved-p28d-paper/resolved-p28d-3600-2nd/nsp-n10-d28-r0.10-rp0-fp0-s7,0 0 0 0 0 81 -22,0.0 0.0 0.0 0.0 0.0 0.0 0.0,0.0,0.2785714285714286,32.0,0 0 0 0 0 84 -18,0.0 0.0 0.0 0.0 0.0 0.02857142857142857 0.6666666666666666,0.9523809523809523,0.16071428571428573,18.0,0 0 0 0 0 84 -18,0.0 0.0 0.0 0.0 0.0 0.02857142857142857 0.6666666666666666,0.9523809523809523,0.16071428571428573,18,0 0 0 0 0 92 -19,0.0 0.0 0.0 0.0 0.0 0.10476190476190476 0.5,1.5476190476190477,0.14642857142857144,12,0 0 0 0 0 97 -17,0.0 0.0 0.0 0.0 0.0 0.1523809523809524 0.8333333333333334,2.357142857142857,0.3535714285714286,3,0 0 0 0 0 102 -21,0.0 0.0 0.0 0.0 0.0 0.2 0.16666666666666666,2.1666666666666665,0.1357142857142857,7,0 0 0 0 0 186 -20,0.0 0.0 0.0 0.0 0.0 1.0 0.3333333333333333,10.333333333333334,0.45714285714285713,11,0 0 0 0 0 109 -21,0.0 0.0 0.0 0.0 0.0 0.26666666666666666 0.16666666666666666,2.833333333333333,0.6214285714285714,129,0 0 0 0 0 171 -16,0.0 0.0 0.0 0.0 0.0 0.8571428571428571 1.0,9.571428571428571,0.44642857142857145,16
resolved-p28d-paper/resolved-p28d-3600-2nd/nsp-n20-d28-r0.10-rp2-fp2-s1,0 5 3 16 0 95 -69,0.0 0.017543859649122806 0.375 0.1951219512195122 0.0 0.1076388888888889 0.0625,5700.646805020681,0.0625,926.0,0 6 3 17 0 96 -65,0.0 0.023391812865497075 0.375 0.21951219512195122 0.0 0.1111111111111111 0.1125,6309.91709278277,0.060714285714285714,875.0,0 5 3 17 0 97 -69,0.0 0.017543859649122806 0.375 0.21951219512195122 0.0 0.11458333333333333 0.0625,5725.106493367565,0.0625,920,15 2 0 8 0 64 -67,0.7142857142857143 0.0 0.0 0.0 0.0 0.0 0.0875,714285.8017857143,0.0125,1,14 6 6 27 1 144 -74,0.6666666666666666 0.023391812865497075 0.75 0.4634146341463415 0.25 0.2777777777777778 0.0,676997.0403651404,0.060714285714285714,1983,13 24 8 31 2 185 -73,0.6190476190476191 0.1286549707602339 1.0 0.5609756097560976 0.5 0.4201388888888889 0.0125,642528.3056222873,0.0875,1689,16 2 0 11 0 67 -67,0.7619047619047619 0.0 0.0 0.07317073170731707 0.0 0.010416666666666666 0.0875,761978.1243031359,0.0125,723,21 164 8 49 4 352 6,1.0 0.9473684210526315 1.0 1.0 1.0 1.0 1.0,1105847.8421052631,0.6482142857142857,1097,21 173 2 35 3 336 -21,1.0 1.0 0.25 0.6585365853658537 0.75 0.9444444444444444 0.6625,1103243.6435298105,0.6375,1943
resolved-p28d-paper/resolved-p28d-3600-2nd/nsp-n10-d28-r0.10-rp0-fp0-s9,0 0 0 0 0 85 -35,0.0 0.0 0.0 0.0 0.0 0.0 0.26666666666666666,0.26666666666666666,0.22857142857142856,30.0,0 0 0 0 0 91 -39,0.0 0.0 0.0 0.0 0.0 0.07142857142857142 0.0,0.7142857142857142,0.2357142857142857,22.0,0 0 0 0 0 91 -39,0.0 0.0 0.0 0.0 0.0 0.07142857142857142 0.0,0.7142857142857142,0.2357142857142857,22,0 0 0 0 0 103 -29,0.0 0.0 0.0 0.0 0.0 0.21428571428571427 0.6666666666666666,2.8095238095238093,0.16428571428571428,19,0 0 0 0 0 103 -38,0.0 0.0 0.0 0.0 0.0 0.21428571428571427 0.06666666666666667,2.2095238095238097,0.4928571428571429,8,0 0 0 0 0 107 -26,0.0 0.0 0.0 0.0 0.0 0.2619047619047619 0.8666666666666667,3.4857142857142858,0.16428571428571428,16,0 0 0 0 0 169 -28,0.0 0.0 0.0 0.0 0.0 1.0 0.7333333333333333,10.733333333333333,0.5821428571428572,39,0 0 0 0 0 123 -24,0.0 0.0 0.0 0.0 0.0 0.4523809523809524 1.0,5.523809523809524,0.6285714285714286,71,0 0 0 0 0 160 -33,0.0 0.0 0.0 0.0 0.0 0.8928571428571429 0.4,9.32857142857143,0.5821428571428572,39
resolved-p28d-paper/resolved-p28d-3600-2nd/nsp-n40-d28-r0.10-rp2-fp2-s4,3 22 1 19 0 306 -127,0.0 0.5172413793103449 0.00039856516540454366 0.00014942471484783584 0.0 0.0035206308970567525 0.9795918367346939,51729.287805549095,0.03482142857142857,423.0,4 21 1 21 0 303 -125,0.07142857142857142 0.4827586206896552 0.00039856516540454366 0.0002490411914130597 0.0 0.003098155189409942 1.0,119709.6991719343,0.03214285714285714,357.0,3 22 1 19 0 306 -127,0.0 0.5172413793103449 0.00039856516540454366 0.00014942471484783584 0.0 0.0035206308970567525 0.9795918367346939,51729.287805549095,0.03482142857142857,423,17 16 1 16 0 281 -128,1.0 0.3103448275862069 0.00039856516540454366 0.0 0.0 0.0 0.9693877551020408,1031039.4377980299,0.017857142857142856,1,16 36 0 50 1 344 -160,0.9285714285714286 1.0 0.0 0.001693480101608806 1.0 0.008871989860583017 0.6428571428571429,1028673.8536285717,0.05357142857142857,896,16 36 0 51 0 334 -158,0.9285714285714286 1.0 0.0 0.0017432883398914181 0.0 0.007463737501760315 0.6632653061224489,1028573.9097624498,0.05089285714285714,1023,17 7 2506 19494 0 7314 -198,1.0 0.0 0.9988043045037863 0.9701648652687155 0.0 0.9904238839600056 0.25510204081632654,1010968.3672511871,0.65,225,16 7 2509 20004 0 7352 -223,0.9285714285714286 0.0 1.0 0.9955670667928476 0.0 0.9957752429235319 0.0,939576.9533906507,0.6517857142857143,401,16 7 2468 20093 0 7382 -222,0.9285714285714286 0.0 0.9836588282184137 1.0 0.0 1.0 0.01020408163265306,939418.0270576944,0.6544642857142857,647
resolved-p28d-paper/resolved-p28d-3600-2nd/nsp-n50-d28-r0.10-rp2-fp2-s0,22 256 2287 1334 277 4516 -32,0.0 0.8406593406593407 0.0 0.8928255093002657 0.9857142857142858 0.0 0.6666666666666666,85057.99767047244,0.029285714285714286,327.0,22 266 2383 1453 275 4538 -26,0.0 0.8956043956043956 0.008127328140873687 0.9982285208148804 0.9785714285714285 0.004176157934700076 1.0,90738.84026709967,0.015714285714285715,284.0,22 266 2382 1454 278 4538 -26,0.0 0.8956043956043956 0.008042668472739586 0.9991142604074402 0.9892857142857143 0.004176157934700076 1.0,90739.95083858231,0.015714285714285715,285,23 269 2377 1455 275 4531 -26,0.03333333333333333 0.9120879120879121 0.0076193701320690825 1.0 0.9785714285714285 0.0028473804100227792 1.0,125717.20386010647,0.013571428571428571,1,23 262 2366 1329 281 4520 -42,0.03333333333333333 0.8736263736263736 0.006688113782593972 0.8883968113374667 1.0 0.0007593014426727411 0.1111111111111111,121751.36734925964,0.03428571428571429,423,23 262 2366 1329 281 4520 -42,0.03333333333333333 0.8736263736263736 0.006688113782593972 0.8883968113374667 1.0 0.0007593014426727411 0.1111111111111111,121751.36734925964,0.03428571428571429,420,52 285 7308 920 35 7111 -31,1.0 1.0 0.4250761937013207 0.5261293179805138 0.12142857142857143 0.49259681093394075 0.7222222222222222,1104794.6823024682,0.6071428571428571,234,35 103 13450 503 1 9784 -44,0.43333333333333335 0.0 0.9450558753809685 0.15677590788308238 0.0 1.0 0.0,442950.6679950261,0.8021428571428572,462,33 110 14099 326 2 9730 -32,0.36666666666666664 0.038461538461538464 1.0 0.0 0.0035714285714285713 0.989749430523918 0.6666666666666666,380523.74181664956,0.8021428571428572,446
resolved-p28d-paper/resolved-p28d-3600-2nd/nsp-n40-d28-r0.10-rp2-fp2-s8,0 0 0 0 0 385 -112,0.0 0.0 0.0 0.0 0.0 0.020146520146520148 0.08,0.2814652014652015,0.12410714285714286,36.0,0 0 0 0 0 374 -112,0.0 0.0 0.0 0.0 0.0 0.0 0.08,0.08,0.10803571428571429,2.0,0 0 0 0 0 374 -112,0.0 0.0 0.0 0.0 0.0 0.0 0.08,0.08,0.10803571428571429,2,0 0 0 0 0 492 -114,0.0 0.0 0.0 0.0 0.0 0.21611721611721613 0.0,2.1611721611721615,0.12321428571428572,3,0 0 0 0 0 386 -89,0.0 0.0 0.0 0.0 0.0 0.02197802197802198 1.0,1.2197802197802199,0.2982142857142857,4,0 0 0 0 0 486 -98,0.0 0.0 0.0 0.0 0.0 0.20512820512820512 0.64,2.6912820512820512,0.11875,3,0 0 0 0 0 920 -100,0.0 0.0 0.0 0.0 0.0 1.0 0.56,10.56,0.4392857142857143,54,0 0 0 0 0 746 -108,0.0 0.0 0.0 0.0 0.0 0.6813186813186813 0.24,7.053186813186814,0.4616071428571429,90,0 0 0 0 0 919 -97,0.0 0.0 0.0 0.0 0.0 0.9981684981684982 0.68,10.661684981684981,0.4392857142857143,55
resolved-p28d-paper/resolved-p28d-3600-2nd/nsp-n30-d28-r0.10-rp2-fp2-s8,3 12 2 21 0 135 -109,0.16666666666666666 0.12903225806451613 0.001440922190201729 0.0011500862564692352 0.0 0.004609412906356138 0.37719298245614036,179585.87506838827,0.03214285714285714,789.0,3 12 3 20 0 140 -109,0.16666666666666666 0.12903225806451613 0.002161383285302594 0.001078205865439908 0.0 0.005822416302765648 0.37719298245614036,179593.0199289822,0.02976190476190476,768.0,3 12 2 24 0 136 -109,0.16666666666666666 0.12903225806451613 0.001440922190201729 0.0013657274295572168 0.0 0.0048520135856380394 0.37719298245614036,179586.09313556817,0.02976190476190476,783,18 4 0 5 0 116 -115,1.0 0.043010752688172046 0.0 0.0 0.0 0.0 0.32456140350877194,1004301.3998302207,0.007142857142857143,1,17 7 14 22 1 202 -119,0.9444444444444444 0.07526881720430108 0.010086455331412104 0.0012219666474985625 0.25 0.020863658418243572 0.2894736842105263,952098.9107951046,0.03333333333333333,1550,17 3 1 10 0 126 -112,0.9444444444444444 0.03225806451612903 0.0007204610951008645 0.000359401955146636 0.0 0.0024260067928190197 0.3508771929824561,947678.1900462244,0.02023809523809524,358,17 93 562 3071 0 1929 -38,0.9444444444444444 1.0 0.4048991354466859 0.2203852788959172 0.0 0.4398350315380883 1.0,1048719.2194281225,0.3202380952380952,543,0 0 1388 13917 0 4238 -152,0.0 0.0 1.0 1.0 0.0 1.0 0.0,11010.0,0.6464285714285715,252,0 0 1217 12281 4 3852 -145,0.0 0.0 0.8768011527377522 0.8824036802760207 1.0 0.9063561377971858 0.06140350877192982,9759.540172540284,0.6511904761904762,413
resolved-p28d-paper/resolved-p28d-3600-2nd/nsp-n10-d28-r0.10-rp0-fp0-s1,0 1 2 6 0 105 -22,0.0 0.0 0.00980392156862745 0.06666666666666667 0.0 0.07967032967032966 0.391304347826087,165.89388999747055,0.15714285714285714,724.0,0 1 2 6 0 110 -28,0.0 0.0 0.00980392156862745 0.06666666666666667 0.0 0.09340659340659341 0.13043478260869565,165.77038306961578,0.14642857142857144,720.0,0 1 2 6 0 105 -22,0.0 0.0 0.00980392156862745 0.06666666666666667 0.0 0.07967032967032966 0.391304347826087,165.89388999747055,0.15714285714285714,724,9 1 1 0 0 76 -31,0.9 0.0 0.0 0.0 0.0 0.0 0.0,900000.0,0.007142857142857143,1,8 46 34 33 0 232 -27,0.8 0.6 0.3235294117647059 0.36666666666666664 0.0 0.42857142857142855 0.17391304347826086,863606.4204116429,0.43214285714285716,686,0 47 59 90 11 224 -8,0.0 0.6133333333333333 0.5686274509803921 1.0 0.2972972972972973 0.4065934065934066 1.0,68054.40350693291,0.45,931,10 2 1 1 0 77 -31,1.0 0.013333333333333334 0.0 0.011111111111111112 0.0 0.0027472527472527475 0.0,1001344.471916972,0.007142857142857143,359,8 76 103 54 37 413 -12,0.8 1.0 1.0 0.6 1.0 0.9258241758241759 0.8260869565217391,910710.0843287148,0.6857142857142857,2618,9 57 78 85 11 440 -8,0.9 0.7466666666666667 0.7549019607843137 0.9444444444444444 0.2972972972972973 1.0 1.0,983200.860448684,0.6321428571428571,2589
resolved-p28d-paper/resolved-p28d-3600-2nd/nsp-n40-d28-r0.10-rp2-fp2-s5,20 389 615 868 157 2110 27,0.0 0.9682539682539683 0.003828866322623606 0.9023904382470119 0.9710144927536232 0.00746775288526816 0.0,97863.25205367428,0.024107142857142858,227.0,20 390 610 888 156 2102 38,0.0 0.9714285714285714 0.002996504078574996 0.9422310756972112 0.9637681159420289 0.0047522063815342835 0.4782608695652174,98211.95585386771,0.025892857142857145,222.0,20 390 610 888 156 2102 38,0.0 0.9714285714285714 0.002996504078574996 0.9422310756972112 0.9637681159420289 0.0047522063815342835 0.4782608695652174,98211.95585386771,0.025892857142857145,222,20 399 616 917 158 2112 39,0.0 1.0 0.003995338771433328 1.0 0.9782608695652174 0.008146639511201629 0.5217391304347826,101138.38268019642,0.017857142857142856,1,20 393 595 856 159 2119 36,0.0 0.9809523809523809 0.000499417346429166 0.8784860557768924 0.9855072463768116 0.010522742701968771 0.391304347826087,99077.7655808918,0.03125,704,20 393 592 847 161 2088 36,0.0 0.9809523809523809 0.0 0.8605577689243028 1.0 0.0 0.391304347826087,99056.18716851022,0.033035714285714286,776,46 231 6599 673 23 4845 50,1.0 0.4666666666666667 1.0 0.5139442231075697 0.0 0.9358452138492872 1.0,1057190.9693419125,0.6357142857142857,344,29 104 6590 415 45 4996 49,0.34615384615384615 0.06349206349206349 0.9985017479607124 0.0 0.15942028985507245 0.9871011541072641 0.9565217391304348,362514.8395449253,0.7910714285714285,648,27 84 6564 462 45 5034 43,0.2692307692307692 0.0 0.9941734642916598 0.09362549800796813 0.15942028985507245 1.0 0.6956521739130435,279292.7670528532,0.7910714285714285,587
resolved-p28d-paper/resolved-p28d-3600-2nd/nsp-n10-d28-r0.10-rp0-fp0-s6,1 3 2 6 0 113 -21,0.0 0.021739130434782608 0.010752688172043012 0.001977261492832427 0.0 0.041791044776119404 0.0,2283.8350971392847,0.060714285714285714,274.0,1 3 2 6 0 113 -21,0.0 0.021739130434782608 0.010752688172043012 0.001977261492832427 0.0 0.041791044776119404 0.0,2283.8350971392847,0.060714285714285714,274.0,1 3 2 6 0 110 -21,0.0 0.021739130434782608 0.010752688172043012 0.001977261492832427 0.0 0.03731343283582089 0.0,2283.7903210198815,0.060714285714285714,275,5 4 1 2 0 85 -21,1.0 0.03260869565217391 0.0 0.0 0.0 0.0 0.0,1003260.8695652174,0.017857142857142856,1,2 93 94 183 21 338 4,0.25 1.0 1.0 0.08947108255066732 1.0 0.3776119402985075 0.9259259259259259,360194.1731278795,0.6571428571428571,1934,1 33 53 41 4 198 -21,0.0 0.34782608695652173 0.5591397849462365 0.019278299555116164 0.19047619047619047 0.16865671641791044 0.0,40414.019030881456,0.26785714285714285,1607,1 9 89 1064 4 739 -2,0.0 0.08695652173913043 0.946236559139785 0.5249629263470094 0.19047619047619047 0.9761194029850746 0.7037037037037037,18712.493208439075,0.5071428571428571,2570,1 2 93 2025 1 755 1,0.0 0.010869565217391304 0.989247311827957 1.0 0.047619047619047616 1.0 0.8148148148148148,11995.00635959542,0.6821428571428572,2827,1 1 79 1643 3 720 6,0.0 0.0 0.8387096774193549 0.8111715274345032 0.14285714285714285 0.9477611940298507 1.0,9223.031627854063,0.6285714285714286,2686
resolved-p28d-paper/resolved-p28d-3600-2nd/nsp-n10-d28-r0.10-rp0-fp0-s4,1 5 0 0 0 100 -20,0.16666666666666666 0.013513513513513514 0.0 0.0 0.0 0.021739130434782608 0.0,168018.23540932237,0.14642857142857144,317.0,1 5 1 4 0 95 -19,0.16666666666666666 0.013513513513513514 0.019230769230769232 0.056338028169014086 0.0 0.0 0.0625,168266.7262384947,0.07857142857142857,264.0,1 5 1 4 0 95 -17,0.16666666666666666 0.013513513513513514 0.019230769230769232 0.056338028169014086 0.0 0.0 0.1875,168266.8512384947,0.08571428571428572,262,2 6 4 4 0 99 -19,0.3333333333333333 0.02702702702702703 0.07692307692307693 0.056338028169014086 0.0 0.017391304347826087 0.0625,336861.84124647925,0.025,1,0 38 52 71 9 325 -4,0.0 0.4594594594594595 1.0 1.0 1.0 1.0 1.0,57056.94594594595,0.5392857142857143,1252,2 4 8 11 0 153 -16,0.3333333333333333 0.0 0.15384615384615385 0.15492957746478872 0.0 0.25217391304347825 0.25,335029.49618839007,0.14642857142857144,1082,4 10 2 6 0 97 -19,0.6666666666666666 0.08108108108108109 0.038461538461538464 0.08450704225352113 0.0 0.008695652173913044 0.0625,675244.0466581654,0.02857142857142857,343,5 78 0 12 1 271 -15,0.8333333333333334 1.0 0.0 0.16901408450704225 0.1111111111111111 0.7652173913043478 0.3125,933521.4232028646,0.6714285714285714,2482,6 75 0 25 1 298 -13,1.0 0.9594594594594594 0.0 0.352112676056338 0.1111111111111111 0.8826086956521739 0.4375,1096318.43332007,0.6285714285714286,1597
resolved-p28d-paper/resolved-p28d-3600-2nd/nsp-n40-d28-r0.10-rp2-fp2-s0,11 18 1 34 0 254 -90,0.55 0.06818181818181818 0.0 0.0004829362524146813 0.0 0.002388772767990445 0.5631067961165048,556819.2517489579,0.027678571428571427,411.0,11 18 1 33 0 255 -90,0.55 0.06818181818181818 0.0 0.00042927666881305 0.0 0.0025380710659898475 0.5631067961165048,556819.1995823573,0.02857142857142857,413.0,12 14 1 28 0 258 -91,0.6 0.05303030303030303 0.0 0.00016097875080489375 0.0 0.002985965959988056 0.5533980582524272,605303.774539499,0.027678571428571427,385,20 12 1 25 0 238 -96,1.0 0.045454545454545456 0.0 0.0 0.0 0.0 0.5048543689320388,1004545.9593998236,0.01607142857142857,1,17 264 311 535 27 646 -45,0.85 1.0 0.13141161509114033 0.027366387636831937 1.0 0.06091370558375635 1.0,951443.0916756041,0.23392857142857143,155,18 71 17 68 2 496 -107,0.9 0.2689393939393939 0.006782534972445952 0.0023073620948701437 0.07407407407407407 0.038518960883845925 0.39805825242718446,926972.2627610274,0.08482142857142858,351,10 72 1675 11101 0 5207 -67,0.5 0.2727272727272727 0.7096227214921577 0.5943335479716677 0.0 0.7418632427590326 0.7864077669902912,534971.4930758151,0.5,327,0 0 2317 18452 0 6877 -148,0.0 0.0 0.9817719372615515 0.9887851470272591 0.0 0.9911914004180352 0.0,10816.416433646955,0.6526785714285714,178,0 0 2360 18661 1 6936 -146,0.0 0.0 1.0 1.0 0.037037037037037035 1.0 0.019417475728155338,11013.723121179433,0.65,135
resolved-p28d-paper/resolved-p28d-3600-2nd/nsp-n40-d28-r0.10-rp2-fp2-s9,10 8 4 193 24 1373 5,0.0 1.0 0.0 0.00039051059259982425 0.8571428571428571 0.003276003276003276 0.9700854700854701,100087.10764180972,0.026785714285714284,624.0,10 8 4 196 24 1353 6,0.0 1.0 0.0 0.0005369520648247583 0.8571428571428571 0.0 0.9743589743589743,100087.22559675347,0.025892857142857145,614.0,10 8 4 187 22 1368 6,0.0 1.0 0.0 9.762764814995606e-05 0.7857142857142857 0.002457002457002457 0.9743589743589743,100079.66798521852,0.029464285714285714,629,21 6 4 196 28 1423 12,0.8461538461538461 0.3333333333333333 0.0 0.0005369520648247583 1.0 0.011466011466011465 1.0,879588.831099359,0.010714285714285714,1,20 8 10 234 27 1510 4,0.7692307692307693 1.0 0.0023492560689115116 0.0023918773796739235 0.9642857142857143 0.025716625716625717 0.9658119658119658,869354.3052184894,0.025892857142857145,1094,20 5 7 185 26 1479 9,0.7692307692307693 0.0 0.0011746280344557558 0.0 0.9285714285714286 0.020638820638820637 0.9871794871794872,769336.5662216644,0.025892857142857145,953,23 7 2419 18933 0 7074 -191,1.0 0.6666666666666666 0.9455755677368833 0.9151615737576881 0.0 0.937100737100737 0.13247863247863248,1077047.0874037966,0.6526785714285714,403,22 7 2558 20398 0 7458 -221,0.9230769230769231 0.6666666666666666 1.0 0.986673826027531 0.0 1.0 0.004273504273504274,1000740.2678431215,0.6508928571428572,497,22 7 2536 20671 0 7422 -222,0.9230769230769231 0.6666666666666666 0.9913860610806577 1.0 0.0 0.9941031941031941 0.0,1000667.3913863373,0.6517857142857143,747
resolved-p28d-paper/resolved-p28d-3600-2nd/nsp-n20-d28-r0.10-rp2-fp2-s4,0 7 4 15 0 112 -54,0.0 0.19047619047619047 0.0032 0.0005553087516659262 0.0 0.016296296296296295 0.019230769230769232,19080.356550102908,0.060714285714285714,609.0,0 7 5 11 0 112 -52,0.0 0.19047619047619047 0.0048 0.00011106175033318525 0.0 0.016296296296296295 0.057692307692307696,19095.950764640034,0.055357142857142855,603.0,0 7 5 11 0 112 -52,0.0 0.19047619047619047 0.0048 0.00011106175033318525 0.0 0.016296296296296295 0.057692307692307696,19095.950764640034,0.055357142857142855,603,9 9 2 10 0 79 -55,1.0 0.2857142857142857 0.0 0.0 0.0 0.0 0.0,1028571.4285714285,0.019642857142857142,1,7 24 39 59 5 217 -39,0.7777777777777778 1.0 0.0592 0.005442025766326077 1.0 0.06814814814814815 0.3076923076923077,878476.2089773334,0.14285714285714285,117,6 10 16 24 0 128 -41,0.6666666666666666 0.3333333333333333 0.0224 0.0015548645046645935 0.0 0.02419753086419753 0.2692307692307692,700226.0660705825,0.05714285714285714,456,9 3 603 8310 1 2089 -54,1.0 0.0 0.9616 0.9218125277654375 0.2 0.9925925925925926 0.019230769230769232,1010567.7576844606,0.6446428571428572,1522,9 3 578 9014 0 2029 -52,1.0 0.0 0.9216 1.0 0.0 0.9629629629629629 0.057692307692307696,1010225.6873219374,0.6678571428571428,1507,7 3 627 5975 0 2104 -3,0.7777777777777778 0.0 1.0 0.6624833407374501 0.0 1.0 1.0,788451.2611185152,0.6446428571428572,1123
resolved-p28d-paper/resolved-p28d-3600-2nd/nsp-n30-d28-r0.10-rp2-fp2-s3,14 179 695 1044 174 2318 26,0.0 0.9615384615384616 0.07259953161592506 0.0073544862366043285 0.9109947643979057 0.01407811080835604 1.0,96979.4362137899,0.025,426.0,15 178 686 980 171 2287 14,0.25 0.9560439560439561 0.06206088992974239 0.002871751768578833 0.8952879581151832 0.0 0.904,346318.3090512731,0.02976190476190476,372.0,14 175 700 993 174 2354 23,0.0 0.9395604395604396 0.07845433255269321 0.003782307207396512 0.9109947643979057 0.030426884650317895 0.976,94836.74933406457,0.02738095238095238,460,16 186 689 1061 174 2303 26,0.5 1.0 0.06557377049180328 0.0085452125796736 0.9109947643979057 0.007266121707538601 1.0,600756.4550551545,0.017857142857142856,1,16 183 633 939 183 2376 26,0.5 0.9835164835164835 0.0 0.0 0.9581151832460733 0.04041780199818347 1.0,598448.864047993,0.058333333333333334,757,16 182 746 1075 191 2425 24,0.5 0.978021978021978 0.1323185011709602 0.009525810744554178 1.0 0.06267029972752043 0.984,599236.5193276491,0.06428571428571428,663,18 6 1487 14651 0 4489 -85,1.0 0.01098901098901099 1.0 0.9604258597744624 0.0 1.0 0.112,1012069.4389586755,0.7678571428571429,300,17 4 1444 15216 0 4443 -99,0.75 0.0 0.949648711943794 1.0 0.0 0.9791099000908265 0.0,760506.2782184388,0.7726190476190476,1129,17 5 1452 15196 0 4462 -99,0.75 0.005494505494505495 0.9590163934426229 0.9985991454787421 0.0 0.9877384196185286 0.0,761148.0910135517,0.7714285714285715,1014
resolved-p28d-paper/resolved-p28d-3600-2nd/nsp-n40-d28-r0.10-rp2-fp2-s2,23 203 1850 1084 346 3973 -21,0.0 0.00911854103343465 0.9800646551724138 0.9070208728652751 1.0 0.9800766283524904 0.5581395348837209,11729.880433751285,0.025,511.0,23 203 1850 1088 346 3973 -21,0.0 0.00911854103343465 0.9800646551724138 0.9108159392789373 1.0 0.9800766283524904 0.5581395348837209,11733.675500164947,0.025,509.0,23 203 1850 1088 346 3973 -21,0.0 0.00911854103343465 0.9800646551724138 0.9108159392789373 1.0 0.9800766283524904 0.5581395348837209,11733.675500164947,0.025,509,23 213 1887 1182 341 3960 -6,0.0 0.03951367781155015 1.0 1.0 0.9851190476190477 0.975095785440613 0.7325581395348837,15060.36320191086,0.010714285714285714,1,23 200 1846 1053 341 4004 -26,0.0 0.0 0.9779094827586207 0.8776091081593927 0.9851190476190477 0.9919540229885058 0.5,10765.635380737389,0.027678571428571427,763,23 200 1841 1101 346 4025 -26,0.0 0.0 0.9752155172413793 0.9231499051233396 1.0 1.0 0.5,10785.805077537134,0.030357142857142857,801,44 529 468 552 71 1533 17,1.0 1.0 0.23545258620689655 0.40227703984819735 0.18154761904761904 0.045210727969348656 1.0,1102776.4097711018,0.60625,314,30 345 31 129 10 1415 -48,0.3333333333333333 0.44072948328267475 0.0 0.0009487666034155598 0.0 0.0 0.2441860465116279,377407.47461425076,0.7464285714285714,701,28 341 56 128 12 1517 -69,0.23809523809523808 0.42857142857142855 0.013469827586206896 0.0 0.005952380952380952 0.03908045977011494 0.0,281088.065270936,0.7455357142857143,464
resolved-p28d-paper/resolved-p28d-3600-2nd/nsp-n30-d28-r0.10-rp2-fp2-s7,0 0 0 0 0 175 -87,0.0 0.0 0.0 0.0 0.0 0.027848101265822784 0.0,0.27848101265822783,0.14761904761904762,43.0,0 0 0 0 0 164 -83,0.0 0.0 0.0 0.0 0.0 0.0 0.18181818181818182,0.18181818181818182,0.12380952380952381,24.0,0 0 0 0 0 164 -83,0.0 0.0 0.0 0.0 0.0 0.0 0.18181818181818182,0.18181818181818182,0.12380952380952381,24,0 0 0 0 0 208 -85,0.0 0.0 0.0 0.0 0.0 0.11139240506329114 0.09090909090909091,1.2048331415420022,0.12023809523809524,28,0 0 0 0 0 225 -68,0.0 0.0 0.0 0.0 0.0 0.15443037974683543 0.8636363636363636,2.407940161104718,0.32976190476190476,4,0 0 0 0 0 230 -80,0.0 0.0 0.0 0.0 0.0 0.1670886075949367 0.3181818181818182,1.9890678941311852,0.12738095238095237,3,0 0 0 0 0 559 -65,0.0 0.0 0.0 0.0 0.0 1.0 1.0,11.0,0.41904761904761906,16,0 0 0 0 0 415 -83,0.0 0.0 0.0 0.0 0.0 0.6354430379746835 0.18181818181818182,6.536248561565016,0.4261904761904762,118,0 0 0 0 0 559 -68,0.0 0.0 0.0 0.0 0.0 1.0 0.8636363636363636,10.863636363636363,0.4166666666666667,21
resolved-p28d-paper/resolved-p28d-3600-2nd/nsp-n40-d28-r0.10-rp2-fp2-s6,2 19 0 18 0 256 -123,0.0 1.0 0.0 0.0004898599000685804 0.0 0.005088708568284968 1.0,100001.54074698576,0.033928571428571426,467.0,2 19 0 24 0 255 -127,0.0 1.0 0.0 0.0007837758401097286 0.0 0.004951175904277266 0.9402985074626866,100001.77358610662,0.030357142857142857,454.0,3 16 0 18 0 263 -127,0.0625 0.8125 0.0 0.0004898599000685804 0.0 0.006051437216338881 0.9402985074626866,143751.49067277968,0.033035714285714286,447,16 12 0 18 0 219 -126,0.875 0.5625 0.0 0.0004898599000685804 0.0 0.0 0.9552238805970149,931251.4450837807,0.016964285714285713,1,15 12 0 8 0 228 -129,0.8125 0.5625 0.0 0.0 0.0 0.0012377939760693166 0.9104477611940298,868750.922825701,0.029464285714285714,64,14 12 0 8 0 248 -126,0.75 0.5625 0.0 0.0 0.0 0.003988447256223353 0.9552238805970149,806250.9951083532,0.03482142857142857,250,18 7 2597 20422 0 7490 -165,1.0 0.25 1.0 1.0 0.0 1.0 0.373134328358209,1036010.3731343284,0.6517857142857143,47,17 3 2470 19887 0 7254 -185,0.9375 0.0 0.9510974201001156 0.9737924953463309 0.0 0.9675422912941823 0.07462686567164178,947994.516746126,0.6455357142857143,543,17 3 2431 19841 0 7203 -190,0.9375 0.0 0.9360800924143242 0.9715391398060155 0.0 0.9605281254297896 0.0,947841.9453452036,0.6419642857142858,815
resolved-p28d-paper/resolved-p28d-3600-2nd/nsp-n50-d28-r0.10-rp2-fp2-s5,14 20 1 37 0 354 -99,0.5 0.7142857142857143 0.00025451768897938407 0.0007529119978741309 0.0 0.0031642535238277877 0.972972972972973,571432.8741329673,0.030714285714285715,386.0,17 16 1 30 0 354 -102,0.6071428571428571 0.5714285714285714 0.00025451768897938407 0.0004428894105141946 0.0 0.0031642535238277877 0.9459459459459459,664289.6799404956,0.027857142857142858,254.0,14 20 1 37 0 354 -99,0.5 0.7142857142857143 0.00025451768897938407 0.0007529119978741309 0.0 0.0031642535238277877 0.972972972972973,571432.8741329673,0.030714285714285715,386,28 13 0 21 0 321 -99,1.0 0.4642857142857143 0.0 4.428894105141946e-05 0.0 0.0 0.972972972972973,1046429.5886904856,0.017857142857142856,1,24 12 2 20 0 363 -110,0.8571428571428571 0.42857142857142855 0.0005090353779587681 0.0 0.0 0.004027231757599003 0.8738738738738738,900006.0044999709,0.030714285714285715,691,25 12 0 33 0 355 -96,0.8928571428571429 0.42857142857142855 0.0 0.0005757562336684529 0.0 0.0032601399942468116 1.0,935715.8940719194,0.03214285714285714,459,13 28 3386 17402 1 9631 -142,0.4642857142857143 1.0 0.8617968948841944 0.7698303733557731 1.0 0.8927030396011123 0.5855855855855856,573783.0262238936,0.5571428571428572,229,0 0 3739 22399 0 10376 -207,0.0 0.0 0.9516416390939171 0.9911422117897161 0.0 0.9641384600632851 0.0,10517.199987329519,0.6421428571428571,217,0 0 3929 22599 1 10750 -199,0.0 0.0 1.0 1.0 1.0 1.0 0.07207207207207207,11110.072072072073,0.6407142857142857,180
resolved-p28d-paper/resolved-p28d-3600-2nd/nsp-n20-d28-r0.10-rp2-fp2-s2,1 1 4 2 0 89 -48,0.08333333333333333 0.25 0.003305785123966942 0.0 0.0 0.013951170901843548 0.09523809523809523,108366.62593437725,0.09107142857142857,721.0,1 1 4 2 0 89 -50,0.08333333333333333 0.25 0.003305785123966942 0.0 0.0 0.013951170901843548 0.0,108366.53069628202,0.08928571428571429,723.0,1 1 4 2 0 89 -49,0.08333333333333333 0.25 0.003305785123966942 0.0 0.0 0.013951170901843548 0.047619047619047616,108366.57831532964,0.09285714285714286,722,11 2 4 7 0 61 -42,0.9166666666666666 0.5 0.003305785123966942 0.0006513809275664409 0.0 0.0 0.38095238095238093,966700.7568512148,0.0125,1,8 1 4 3 0 70 -40,0.6666666666666666 0.25 0.003305785123966942 0.00013027618551328816 0.0 0.004484304932735426 0.47619047619047616,691700.3758276174,0.026785714285714284,2136,9 4 2 13 0 82 -47,0.75 1.0 0.0 0.0014330380406461698 0.0 0.01046337817638266 0.14285714285714285,850001.6805289652,0.048214285714285716,2065,12 2 5 7 0 61 -42,1.0 0.5 0.0049586776859504135 0.0006513809275664409 0.0 0.0 0.38095238095238093,1050050.6191101682,0.0125,714,0 0 597 5695 0 2068 -29,0.0 0.0 0.9834710743801653 0.7416623241271496 0.0 1.0 1.0,10587.373067928804,0.6678571428571428,730,0 0 607 7678 0 2051 -33,0.0 0.0 1.0 1.0 0.0 0.9915296462381664 0.8095238095238095,11010.724820271904,0.6464285714285715,616
resolved-p28d-paper/resolved-p28d-3600-2nd/nsp-n20-d28-r0.10-rp2-fp2-s3,0 0 0 0 0 116 -44,0.0 0.0 0.0 0.0 0.0 0.0 0.21739130434782608,0.21739130434782608,0.18035714285714285,28.0,0 0 0 0 0 120 -45,0.0 0.0 0.0 0.0 0.0 0.016597510373443983 0.17391304347826086,0.33988814721270066,0.17142857142857143,21.0,0 0 0 0 0 120 -45,0.0 0.0 0.0 0.0 0.0 0.016597510373443983 0.17391304347826086,0.33988814721270066,0.17142857142857143,21,0 0 0 0 0 156 -49,0.0 0.0 0.0 0.0 0.0 0.16597510373443983 0.0,1.6597510373443982,0.15714285714285714,3,0 0 0 0 0 135 -42,0.0 0.0 0.0 0.0 0.0 0.07883817427385892 0.30434782608695654,1.0927295688255456,0.2839285714285714,3,0 0 0 0 0 163 -46,0.0 0.0 0.0 0.0 0.0 0.1950207468879668 0.13043478260869565,2.0806422514883636,0.15535714285714286,2,0 0 0 0 0 306 -26,0.0 0.0 0.0 0.0 0.0 0.7883817427385892 1.0,8.883817427385893,0.5178571428571429,18,0 0 0 0 0 293 -32,0.0 0.0 0.0 0.0 0.0 0.7344398340248963 0.7391304347826086,8.083528775031573,0.5321428571428571,4,0 0 0 0 0 357 -26,0.0 0.0 0.0 0.0 0.0 1.0 1.0,11.0,0.5125,24
resolved-p28d-paper/resolved-p28d-3600-2nd/nsp-n20-d28-r0.10-rp2-fp2-s5,3 9 7 21 0 109 -22,0.0 0.7142857142857143 0.008116883116883116 0.001723925624923039 0.0 0.01973051010587103 0.3,71511.96149046624,0.06607142857142857,698.0,4 9 7 20 0 95 -22,0.08333333333333333 0.7142857142857143 0.008116883116883116 0.001600788080285679 0.0 0.012993262752646775 0.3,154845.10431378137,0.048214285714285716,624.0,3 11 7 17 0 100 -23,0.0 1.0 0.008116883116883116 0.0012313754463735994 0.0 0.015399422521655439 0.25,100082.80420084042,0.05,722,15 9 2 7 0 68 -17,1.0 0.7142857142857143 0.0 0.0 0.0 0.0 0.55,1071429.1214285714,0.0125,1,9 11 2 21 0 111 -22,0.5 1.0 0.0 0.001723925624923039 0.0 0.020692974013474495 0.3,600002.2308553652,0.0625,1826,9 7 3 12 0 97 -21,0.5 0.42857142857142855 0.0016233766233766235 0.0006156877231867997 0.0 0.01395572666025024 0.35,542874.4818683664,0.05714285714285714,773,11 4 604 8117 1 2098 -15,0.6666666666666666 0.0 0.9772727272727273 0.998645487008989 1.0 0.9769008662175168 0.65,677548.4584350651,0.6446428571428572,907,8 5 572 7386 0 2043 -8,0.4166666666666667 0.14285714285714285 0.9253246753246753 0.9086319418790789 0.0 0.9504331087584216 1.0,441124.76397859433,0.6678571428571428,1232,11 4 618 8128 0 2146 -28,0.6666666666666666 0.0 1.0 1.0 0.0 1.0 0.0,677676.6666666666,0.6553571428571429,941
resolved-p28d-paper/resolved-p28d-3600-2nd/nsp-n30-d28-r0.10-rp2-fp2-s0,1 14 1 21 0 159 -78,0.0 1.0 0.0007022471910112359 0.000936768149882904 0.0 0.007676203768318213 1.0,100009.03600209768,0.04642857142857143,531.0,1 14 1 21 0 160 -78,0.0 1.0 0.0007022471910112359 0.000936768149882904 0.0 0.007908816003721796 1.0,100009.03832822003,0.04404761904761905,530.0,1 14 1 21 0 159 -78,0.0 1.0 0.0007022471910112359 0.000936768149882904 0.0 0.007676203768318213 1.0,100009.03600209768,0.04642857142857143,531,13 12 0 26 0 126 -81,1.0 0.6666666666666666 0.0 0.0012713282034125125 0.0 0.0 0.9375,1066668.8754948701,0.01904761904761905,1,11 10 0 33 0 150 -81,0.8333333333333334 0.3333333333333333 0.0 0.0017397122783539645 0.0 0.005582693649685973 0.9375,866669.3997058816,0.034523809523809526,426,10 10 0 7 0 140 -80,0.75 0.3333333333333333 0.0 0.0 0.0 0.0032565712956501513 0.9583333333333334,783334.3242323797,0.03214285714285714,299,9 12 1412 14166 0 4309 -95,0.6666666666666666 0.6666666666666666 0.9915730337078652 0.9474071595851455 0.0 0.9730169806931844 0.6458333333333334,744206.8468331374,0.6392857142857142,763,7 8 1403 14543 3 4363 -121,0.5 0.0 0.985252808988764 0.972632987621278 1.0 0.985578041404978 0.10416666666666667,510935.1210245897,0.6607142857142857,1083,7 11 1424 14952 0 4425 -126,0.5 0.5 1.0 1.0 0.0 1.0 0.0,561010.0,0.6535714285714286,981
resolved-p28d-paper/resolved-p28d-3600-3rd/nsp-n30-d28-r0.10-rp2-fp2-s2,0 0 0 0 0 191 -70,0.0 0.0 0.0 0.0 0.0 0.04198473282442748 0.21568627450980393,0.6355336027540788,0.15714285714285714,37.0,0 0 0 0 0 183 -81,0.0 0.0 0.0 0.0 0.0 0.011450381679389313 0.0,0.11450381679389313,0.1380952380952381,11.0,0 0 0 0 0 180 -74,0.0 0.0 0.0 0.0 0.0 0.0 0.13725490196078433,0.13725490196078433,0.1261904761904762,15,0 0 0 0 0 223 -75,0.0 0.0 0.0 0.0 0.0 0.16412213740458015 0.11764705882352941,1.758868432869331,0.16071428571428573,1,0 0 0 0 0 193 -73,0.0 0.0 0.0 0.0 0.0 0.04961832061068702 0.1568627450980392,0.6530459512049094,0.36666666666666664,3,0 0 0 0 0 238 -60,0.0 0.0 0.0 0.0 0.0 0.22137404580152673 0.4117647058823529,2.62550516389762,0.1595238095238095,2,0 0 0 0 0 442 -49,0.0 0.0 0.0 0.0 0.0 1.0 0.6274509803921569,10.627450980392156,0.4773809523809524,46,0 0 0 0 0 393 -30,0.0 0.0 0.0 0.0 0.0 0.8129770992366412 1.0,9.129770992366412,0.5023809523809524,71,0 0 0 0 0 437 -43,0.0 0.0 0.0 0.0 0.0 0.9809160305343512 0.7450980392156863,10.554258344559198,0.4738095238095238,51
resolved-p28d-paper/resolved-p28d-3600-3rd/nsp-n50-d28-r0.10-rp2-fp2-s8,32 206 3725 1456 440 6241 -28,0.0 0.978494623655914 0.00013374348000534973 0.940193491644679 0.9750566893424036 0.0 0.78125,98889.28021097038,0.017142857142857144,467.0,32 206 3725 1456 440 6241 -28,0.0 0.978494623655914 0.00013374348000534973 0.940193491644679 0.9750566893424036 0.0 0.78125,98889.28021097038,0.017142857142857144,467.0,32 206 3724 1455 440 6248 -24,0.0 0.978494623655914 0.0 0.9393139841688655 0.9750566893424036 0.002796644027167399 0.90625,98887.2162351348,0.017857142857142856,483,33 208 3761 1524 439 6250 -21,0.047619047619047616 1.0 0.00494850876019794 1.0 0.9727891156462585 0.003595685177786656 1.0,148766.84757506603,0.008571428571428572,1,33 206 3763 1503 449 6325 -30,0.047619047619047616 0.978494623655914 0.0052159957202086394 0.9815303430079155 0.9954648526077098 0.033559728326008786 0.71875,146602.80111739304,0.02214285714285714,58,33 206 3791 1502 451 6348 -29,0.047619047619047616 0.978494623655914 0.008960813160358433 0.980650835532102 1.0 0.042748701558130243 0.75,146639.94643879027,0.03642857142857143,49,53 181 11201 387 10 8744 -44,1.0 0.7096774193548387 1.0 0.0 0.0 1.0 0.28125,1080978.0231854839,0.7457142857142857,153,36 115 9468 395 16 8023 -22,0.19047619047619047 0.0 0.7682225491507289 0.007036059806508356 0.013605442176870748 0.7119456652017578 0.96875,198174.900778374,0.8042857142857143,441,34 117 9793 408 10 7834 -53,0.09523809523809523 0.021505376344086023 0.8116891801524676 0.018469656992084433 0.0 0.6364362764682381 0.0,105530.35869378527,0.8042857142857143,451
resolved-p28d-paper/resolved-p28d-3600-3rd/nsp-n50-d28-r0.10-rp2-fp2-s3,18 14 2 29 0 487 -127,0.3333333333333333 0.6 0.0004798464491362764 0.0004376715871563283 0.0 0.003225509169661782 1.0,393339.60172450356,0.025714285714285714,346.0,16 17 2 35 0 477 -131,0.2222222222222222 0.8 0.0004798464491362764 0.0006764015437870529 0.0 0.0023039351211869875 0.9666666666666667,302228.6867942753,0.025714285714285714,377.0,12 20 2 29 0 509 -132,0.0 1.0 0.0004798464491362764 0.0004376715871563283 0.0 0.005252972076306331 0.9583333333333334,100006.24699913262,0.030714285714285715,445,30 11 2 22 0 457 -130,1.0 0.4 0.0004798464491362764 0.00015915330442048303 0.0 0.00046078702423739745 0.975,1040005.937225666,0.015,1,26 20 31 51 3 537 -137,0.7777777777777778 1.0 0.007437619961612284 0.001313014761468985 1.0 0.007833379412035758 0.9166666666666666,877954.4619926161,0.05,375,27 9 0 18 0 452 -132,0.8333333333333334 0.26666666666666666 0.0 0.0 0.0 0.0 0.9583333333333334,860000.9583333334,0.02,105,27 9 4013 23782 0 10944 -223,0.8333333333333334 0.26666666666666666 0.9628119001919386 0.9455297815620897 0.0 0.9669154916597549 0.2,870583.5179383979,0.6435714285714286,599,27 5 4168 25151 0 11303 -247,0.8333333333333334 0.0 1.0 1.0 0.0 1.0 0.0,844343.3333333334,0.6414285714285715,475,27 5 4161 24637 0 11237 -242,0.8333333333333334 0.0 0.9983205374280231 0.9795488003819679 0.0 0.9939176112800664 0.041666666666666664,844306.0683507749,0.6435714285714286,563
resolved-p28d-paper/resolved-p28d-3600-3rd/nsp-n10-d28-r0.10-rp0-fp0-s8,0 2 0 2 0 92 -19,0.0 0.012345679012345678 0.0 0.0 0.0 0.05371900826446281 0.0,1235.1050913172126,0.1392857142857143,396.0,0 2 0 2 0 92 -19,0.0 0.012345679012345678 0.0 0.0 0.0 0.05371900826446281 0.0,1235.1050913172126,0.1392857142857143,396.0,0 2 0 2 0 92 -19,0.0 0.012345679012345678 0.0 0.0 0.0 0.05371900826446281 0.0,1235.1050913172126,0.1392857142857143,396,4 6 0 11 0 79 -16,0.5 0.06172839506172839 0.0 0.3333333333333333 0.0 0.0 0.15789473684210525,506506.33073424303,0.025,1,0 1 0 29 7 173 -5,0.0 0.0 0.0 1.0 1.0 0.3884297520661157 0.7368421052631579,1104.6211396259243,0.3392857142857143,1174,0 2 0 3 0 99 -16,0.0 0.012345679012345678 0.0 0.037037037037037035 0.0 0.08264462809917356 0.15789473684210525,1272.5892792894388,0.10714285714285714,416,5 6 0 11 0 80 -15,0.625 0.06172839506172839 0.0 0.3333333333333333 0.0 0.004132231404958678 0.21052631578947367,631506.4246881361,0.025,394,7 82 0 13 0 286 -1,0.875 1.0 0.0 0.4074074074074074 0.0 0.8553719008264463 0.9473684210526315,975416.9084948367,0.7071428571428572,2686,8 69 8 17 1 321 0,1.0 0.8395061728395061 1.0 0.5555555555555556 0.14285714285714285 1.0 1.0,1094531.4585537917,0.6142857142857143,2831
resolved-p28d-paper/resolved-p28d-3600-3rd/nsp-n30-d28-r0.10-rp2-fp2-s5,1 11 19 197 22 1147 26,0.07142857142857142 0.1506849315068493 0.012445095168374817 0.004039148671741494 0.9565217391304348 0.020341207349081365 0.8874172185430463,86722.2976828169,0.04047619047619048,830.0,1 11 19 202 23 1154 33,0.07142857142857142 0.1506849315068493 0.012445095168374817 0.0044275283517166385 1.0 0.022637795275590553 0.9337748344370861,86727.103212079,0.039285714285714285,823.0,1 11 19 203 23 1145 31,0.07142857142857142 0.1506849315068493 0.012445095168374817 0.004505204287711667 1.0 0.01968503937007874 0.9205298013245033,86727.13811542281,0.036904761904761905,818,14 4 3 170 22 1091 28,1.0 0.0547945205479452 0.0007320644216691069 0.0019418983998757185 0.9565217391304348 0.001968503937007874 0.9006622516556292,1005585.2871186152,0.014285714285714285,1,13 3 2 153 14 1106 24,0.9285714285714286 0.0410958904109589 0.0 0.0006214074879602299 0.6086956521739131 0.006889763779527559 0.8741721854304636,932743.4516550532,0.10238095238095238,564,13 3 2 145 9 1085 21,0.9285714285714286 0.0410958904109589 0.0 0.0 0.391304347826087 0.0 0.8543046357615894,932721.0023519429,0.04642857142857143,872,11 73 721 2492 8 2510 43,0.7857142857142857 1.0 0.5263543191800878 0.18230542178033246 0.34782608695652173 0.4675196850393701 1.0,891200.592133413,0.325,521,0 0 1346 12480 1 4091 -94,0.0 0.0 0.9838945827232797 0.9581326704986796 0.043478260869565216 0.9862204724409449 0.09271523178807947,10811.38124377463,0.6369047619047619,239,0 0 1368 13019 0 4133 -108,0.0 0.0 1.0 1.0 0.0 1.0 0.0,11010.0,0.6416666666666667,136
resolved-p28d-paper/resolved-p28d-3600-3rd/nsp-n30-d28-r0.10-rp2-fp2-s9,3 7 1 1 0 129 -77,0.0 0.018115942028985508 0.008928571428571428 0.0 0.0 0.039950062421972535 0.05263157894736842,1901.3320493874319,0.05238095238095238,724.0,3 7 1 1 0 126 -79,0.0 0.018115942028985508 0.008928571428571428 0.0 0.0 0.03620474406991261 0.017543859649122806,1901.2595084846132,0.060714285714285714,730.0,3 9 1 5 0 115 -80,0.0 0.025362318840579712 0.008928571428571428 0.03125 0.0 0.02247191011235955 0.0,2656.992317444809,0.0380952380952381,579,17 2 0 5 0 97 -79,0.42424242424242425 0.0 0.0 0.03125 0.0 0.0 0.017543859649122806,424273.6917862839,0.008333333333333333,1,11 48 7 56 2 186 -53,0.24242424242424243 0.16666666666666666 0.0625 0.4296875 0.15384615384615385 0.1111111111111111 0.47368421052631576,260162.56600161537,0.09523809523809523,547,11 3 5 20 3 144 -80,0.24242424242424243 0.0036231884057971015 0.044642857142857144 0.1484375 0.23076923076923078 0.05867665418227216 0.0,243405.09102586948,0.041666666666666664,551,36 278 112 127 13 497 -59,1.0 1.0 1.0 0.984375 1.0 0.4993757802746567 0.3684210526315789,1111089.7371788553,0.26904761904761904,562,21 258 19 82 6 864 -35,0.5454545454545454 0.927536231884058 0.16964285714285715 0.6328125 0.46153846153846156 0.9575530586766542 0.7894736842105263,640593.9285648045,0.6059523809523809,1097,22 251 25 129 10 898 -23,0.5757575757575758 0.9021739130434783 0.22321428571428573 1.0 0.7692307692307693 1.0 1.0,669295.0329959895,0.6011904761904762,528
resolved-p28d-paper/resolved-p28d-3600-3rd/nsp-n40-d28-r0.10-rp2-fp2-s7,14 11 1 23 0 231 -102,0.0 0.4166666666666667 0.0003834355828220859 0.0005727650231492531 0.0 0.0026038097848430863 1.0,41672.09982561589,0.027678571428571427,466.0,14 13 1 22 0 236 -103,0.0 0.5833333333333334 0.0003834355828220859 0.0005250346045534819 0.0 0.0032890228861175825 0.9894736842105263,58338.71508767918,0.026785714285714284,453.0,14 11 1 27 0 238 -102,0.0 0.4166666666666667 0.0003834355828220859 0.0007636866975323374 0.0 0.003563108126627381 1.0,41672.30034027369,0.025892857142857145,462,27 7 1 17 0 212 -104,1.0 0.08333333333333333 0.0003834355828220859 0.00028638251157462653 0.0 0.0 0.9789473684210527,1008338.4330190417,0.0125,1,25 18 8 20 1 257 -104,0.8461538461538461 1.0 0.003067484662576687 0.00042957376736193977 1.0 0.006166917911470468 0.9789473684210527,946285.9911907868,0.04107142857142857,1043,25 7 0 11 0 229 -105,0.8461538461538461 0.08333333333333333 0.0 0.0 0.0 0.0023297245443332877 0.968421052631579,854488.1712054777,0.033928571428571426,806,15 6 2608 20850 0 7509 -166,0.07692307692307693 0.0 1.0 0.9946541931172737 0.0 1.0 0.3263157894736842,87928.05743198366,0.6616071428571428,99,15 6 2522 20672 0 7360 -197,0.07692307692307693 0.0 0.9670245398773006 0.9861581786072264 0.0 0.97958064958202 0.0,87589.27630695298,0.6598214285714286,850,15 6 2493 20962 0 7330 -197,0.07692307692307693 0.0 0.9559049079754601 1.0 0.0 0.975469370974373 0.0,87491.88069654128,0.6616071428571428,927
resolved-p28d-paper/resolved-p28d-3600-3rd/nsp-n50-d28-r0.10-rp2-fp2-s4,12 25 3 26 0 369 -86,0.0 0.9473684210526315 0.0006898137502874224 0.0006130503084409364 0.0 0.003900017727353306 0.9173553719008265,94745.30964862363,0.03142857142857143,431.0,12 26 2 31 0 349 -76,0.0 1.0 0.0004598758335249483 0.0008046285298287291 0.0 0.002127282396738167 1.0,100006.42465968906,0.030714285714285715,413.0,12 23 3 27 0 372 -84,0.0 0.8421052631578947 0.0006898137502874224 0.0006513659527184949 0.0 0.004165928026945577 0.9338842975206612,84219.05136282284,0.029285714285714286,435,18 24 1 21 0 325 -82,1.0 0.8947368421052632 0.00022993791676247414 0.0004214720870531438 0.0 0.0 0.9504132231404959,1089477.355475004,0.02214285714285714,1,18 22 0 10 0 339 -86,1.0 0.7894736842105263 0.0 0.0 0.0 0.0012409147314305974 0.9173553719008265,1078948.2981855718,0.03214285714285714,386,16 21 4 30 1 366 -76,0.6666666666666666 0.7368421052631579 0.0009197516670498966 0.0007663128855511706 1.0 0.003634107427761035 1.0,740461.8773636128,0.037142857142857144,441,18 12 4268 25310 0 11345 -194,1.0 0.2631578947368421 0.9813750287422396 0.9693858002222308 0.0 0.9767771671689417 0.024793388429752067,1037108.718126389,0.6421428571428571,404,18 7 4320 25948 1 11498 -194,1.0 0.0 0.9933318004138882 0.9938311812713131 1.0 0.9903385924481475 0.024793388429752067,1011037.0773647232,0.66,38,18 7 4349 26109 0 11607 -197,1.0 0.0 1.0 1.0 0.0 1.0 0.0,1011010.0,0.66,128
resolved-p28d-paper/resolved-p28d-3600-3rd/nsp-n30-d28-r0.10-rp2-fp2-s6,16 151 529 541 184 1915 15,0.125 0.0 0.8126934984520123 0.7387247278382582 0.9473684210526315 0.8941176470588236 0.6883116883116883,133970.02604262257,0.04642857142857143,469.0,13 161 556 680 177 1932 16,0.0 0.04716981132075472 0.8544891640866873 0.9548989113530326 0.9105263157894737 0.9074509803921569 0.7012987012987013,14317.600124379547,0.02738095238095238,581.0,13 161 552 676 177 1917 13,0.0 0.04716981132075472 0.848297213622291 0.9486780715396579 0.9105263157894737 0.8956862745098039 0.6623376623376623,14249.303171824422,0.02619047619047619,589,18 168 555 709 182 1915 21,0.20833333333333334 0.08018867924528301 0.8529411764705882 1.0 0.9368421052631579 0.8941176470588236 0.7662337662337663,225985.0046433307,0.016666666666666666,1,17 167 650 621 194 2027 21,0.16666666666666666 0.07547169811320754 1.0 0.8631415241057543 1.0 0.9819607843137255 0.7662337662337663,185187.56384370255,0.05119047619047619,1041,17 167 550 608 192 2050 22,0.16666666666666666 0.07547169811320754 0.8452012383900929 0.8429237947122862 0.9894736842105263 1.0 0.7792207792207793,183618.4992458009,0.05,1048,37 363 385 430 64 1104 39,1.0 1.0 0.5897832817337462 0.5660964230171073 0.3157894736842105 0.2580392156862745 1.0,1106499.0885798798,0.4238095238095238,501,28 255 4 66 4 775 -38,0.625 0.49056603773584906 0.0 0.0 0.0 0.0 0.0,674056.6037735849,0.7226190476190476,1064,28 254 18 88 8 787 -23,0.625 0.4858490566037736 0.021671826625386997 0.03421461897356143 0.021052631578947368 0.009411764705882352 0.19480519480519481,673838.2327316045,0.7226190476190476,736
resolved-p28d-paper/resolved-p28d-3600-3rd/nsp-n20-d28-r0.10-rp2-fp2-s0,0 0 0 0 0 80 -39,0.0 0.0 0.0 0.0 0.0 0.0 0.5185185185185185,0.5185185185185185,0.24821428571428572,25.0,0 0 0 0 0 87 -45,0.0 0.0 0.0 0.0 0.0 0.0319634703196347 0.2962962962962963,0.6159309994926433,0.18035714285714285,11.0,0 0 0 0 0 87 -45,0.0 0.0 0.0 0.0 0.0 0.0319634703196347 0.2962962962962963,0.6159309994926433,0.18035714285714285,11,0 0 0 0 0 107 -52,0.0 0.0 0.0 0.0 0.0 0.1232876712328767 0.037037037037037035,1.2699137493658041,0.1,20,0 0 0 0 0 106 -47,0.0 0.0 0.0 0.0 0.0 0.1187214611872146 0.2222222222222222,1.4094368340943682,0.18571428571428572,3,0 0 0 0 0 110 -53,0.0 0.0 0.0 0.0 0.0 0.136986301369863 0.0,1.36986301369863,0.09642857142857143,28,0 0 0 0 0 253 -26,0.0 0.0 0.0 0.0 0.0 0.7899543378995434 1.0,8.899543378995434,0.4982142857142857,32,0 0 0 0 0 250 -29,0.0 0.0 0.0 0.0 0.0 0.776255707762557 0.8888888888888888,8.651445966514459,0.5285714285714286,37,0 0 0 0 0 299 -33,0.0 0.0 0.0 0.0 0.0 1.0 0.7407407407407407,10.74074074074074,0.5035714285714286,25
resolved-p28d-paper/resolved-p28d-3600-3rd/nsp-n50-d28-r0.10-rp2-fp2-s6,14 21 1 34 0 372 -155,0.0 1.0 0.00023014959723820482 0.000738265464718682 0.0 0.001699463327370304 0.9215686274509803,100003.97832469783,0.025,412.0,15 17 2 29 0 393 -153,0.09090909090909091 0.6923076923076923 0.00046029919447640965 0.0005439850792663972 0.0 0.0035778175313059034 0.9411764705882353,160145.98407153008,0.027857142857142858,383.0,15 17 1 27 0 386 -150,0.09090909090909091 0.6923076923076923 0.00023014959723820482 0.00046627292508548337 0.0 0.0029516994633273703 0.9705882352941176,160143.62801398753,0.02857142857142857,401,25 15 1 27 0 353 -151,1.0 0.5384615384615384 0.00023014959723820482 0.00046627292508548337 0.0 0.0 0.9607843137254902,1053849.8823993648,0.016428571428571428,1,21 14 0 15 0 377 -147,0.6363636363636364 0.46153846153846156 0.0 0.0 0.0 0.002146690518783542 1.0,682518.5039843876,0.03,678,23 14 1 15 0 364 -151,0.8181818181818182 0.46153846153846156 0.00023014959723820482 0.0 0.0 0.0009838998211091235 0.9607843137254902,864338.9364549487,0.024285714285714285,295,20 8 4345 25751 0 11533 -234,0.5454545454545454 0.0 1.0 1.0 0.0 1.0 0.14705882352941177,556464.6925133689,0.6528571428571428,25,19 8 4342 25658 1 11524 -249,0.45454545454545453 0.0 0.9993095512082854 0.9963863848305875 1.0 0.9991949910554562 0.0,465644.9283922785,0.6542857142857142,105,19 8 4342 25719 1 11524 -249,0.45454545454545453 0.0 0.9993095512082854 0.9987566055331054 1.0 0.9991949910554562 0.0,465647.29861298105,0.6542857142857142,98
resolved-p28d-paper/resolved-p28d-3600-3rd/nsp-n40-d28-r0.10-rp2-fp2-s1,11 10 4 16 0 713 -119,0.0 0.14583333333333334 0.001569242840329541 0.0 0.0 0.009023668639053255 0.9230769230769231,14600.039075346096,0.04017857142857143,632.0,11 10 4 17 1 697 -111,0.0 0.14583333333333334 0.001569242840329541 4.87685930260912e-05 1.0 0.006656804733727811 0.9790209790209791,14700.120119356014,0.03482142857142857,601.0,11 13 4 21 1 723 -110,0.0 0.20833333333333334 0.001569242840329541 0.000243842965130456 1.0 0.010502958579881656 0.986013986013986,20950.360648273574,0.024107142857142858,528,18 13 0 19 1 704 -108,1.0 0.20833333333333334 0.0 0.0001463057790782736 1.0 0.007692307692307693 1.0,1020934.5565621894,0.014285714285714285,1,15 51 18 42 1 658 -119,0.5714285714285714 1.0 0.007061592781482934 0.0012679834186783711 1.0 0.0008875739644970414 0.9230769230769231,671601.3872924676,0.05178571428571429,420,16 49 18 44 1 652 -124,0.7142857142857143 0.9583333333333334 0.007061592781482934 0.0013655206047305535 1.0 0.0 0.8881118881118881,810291.9171793554,0.05357142857142857,567,17 7 2541 20057 0 7412 -224,0.8571428571428571 0.08333333333333333 0.9968615143193409 0.9773713728358937 0.0 1.0 0.1888111888111888,876432.3658034086,0.6526785714285714,386,16 3 2498 20216 0 7317 -251,0.7142857142857143 0.0 0.9799921537857984 0.9851255791270422 0.0 0.9859467455621301 0.0,725080.6208701549,0.6455357142857143,506,16 4 2549 20521 0 7373 -243,0.7142857142857143 0.020833333333333332 1.0 1.0 0.0 0.9942307692307693 0.055944055944055944,727379.0458707958,0.6482142857142857,248
resolved-p28d-paper/resolved-p28d-3600-3rd/nsp-n10-d28-r0.10-rp0-fp0-s3,0 0 0 0 0 94 -23,0.0 0.0 0.0 0.0 0.0 0.0 1.0,1.0,0.24285714285714285,30.0,0 0 0 0 0 97 -23,0.0 0.0 0.0 0.0 0.0 0.029411764705882353 1.0,1.2941176470588236,0.19642857142857142,19.0,0 0 0 0 0 97 -23,0.0 0.0 0.0 0.0 0.0 0.029411764705882353 1.0,1.2941176470588236,0.19642857142857142,19,0 0 0 0 0 108 -33,0.0 0.0 0.0 0.0 0.0 0.13725490196078433 0.0,1.3725490196078431,0.08571428571428572,44,0 0 0 0 0 112 -32,0.0 0.0 0.0 0.0 0.0 0.17647058823529413 0.1,1.8647058823529414,0.18214285714285713,6,0 0 0 0 0 108 -32,0.0 0.0 0.0 0.0 0.0 0.13725490196078433 0.1,1.4725490196078432,0.08571428571428572,31,0 0 0 0 0 184 -25,0.0 0.0 0.0 0.0 0.0 0.8823529411764706 0.8,9.623529411764707,0.4035714285714286,23,0 0 0 0 0 160 -23,0.0 0.0 0.0 0.0 0.0 0.6470588235294118 1.0,7.470588235294118,0.6464285714285715,96,0 0 0 0 0 196 -27,0.0 0.0 0.0 0.0 0.0 1.0 0.6,10.6,0.4142857142857143,15
resolved-p28d-paper/resolved-p28d-3600-3rd/nsp-n10-d28-r0.10-rp0-fp0-s5,1 0 2 3 0 130 -34,0.14285714285714285 0.0 0.0 0.0 0.0 0.04794520547945205 0.07407407407407407,142857.69638327172,0.10714285714285714,709.0,1 0 2 3 0 130 -32,0.14285714285714285 0.0 0.0 0.0 0.0 0.04794520547945205 0.1111111111111111,142857.73342030877,0.1,708.0,1 0 2 3 0 131 -28,0.14285714285714285 0.0 0.0 0.0 0.0 0.04965753424657534 0.18518518518518517,142857.8246176705,0.16428571428571428,706,6 1 3 3 0 102 -37,0.8571428571428571 0.3333333333333333 0.01098901098901099 0.0 0.0 0.0 0.018518518518518517,890586.0991045991,0.014285714285714285,1,2 0 4 4 1 152 -37,0.2857142857142857 0.0 0.02197802197802198 0.0017301038062283738 0.25 0.08561643835616438 0.018518518518518517,285961.6707207743,0.11428571428571428,2209,2 3 5 11 1 151 -38,0.2857142857142857 1.0 0.03296703296703297 0.01384083044982699 0.25 0.0839041095890411 0.0,386083.6359155017,0.07857142857142857,3232,7 1 4 9 0 102 -37,1.0 0.3333333333333333 0.02197802197802198 0.010380622837370242 0.0 0.0 0.018518518518518517,1033563.5126944694,0.014285714285714285,342,0 0 93 581 3 686 16,0.0 0.0 1.0 1.0 0.75 1.0 1.0,11086.0,0.6607142857142857,1680,0 0 63 181 4 532 -1,0.0 0.0 0.6703296703296703 0.3079584775086505 1.0 0.7363013698630136 0.6851851851851852,7119.303379689169,0.6714285714285714,1612
resolved-p28d-paper/resolved-p28d-3600-3rd/nsp-n20-d28-r0.10-rp2-fp2-s9,0 0 0 0 0 106 -22,0.0 0.0 0.0 0.0 0.0 0.0 0.45454545454545453,0.45454545454545453,0.21607142857142858,47.0,0 0 0 0 0 115 -28,0.0 0.0 0.0 0.0 0.0 0.046875 0.3181818181818182,0.7869318181818181,0.16607142857142856,21.0,0 0 0 0 0 115 -28,0.0 0.0 0.0 0.0 0.0 0.046875 0.3181818181818182,0.7869318181818181,0.16607142857142856,21,0 0 0 0 0 135 -39,0.0 0.0 0.0 0.0 0.0 0.15104166666666666 0.06818181818181818,1.5785984848484846,0.15892857142857142,15,0 0 0 0 0 132 -19,0.0 0.0 0.0 0.0 0.0 0.13541666666666666 0.5227272727272727,1.8768939393939392,0.35714285714285715,7,0 0 0 0 0 125 -42,0.0 0.0 0.0 0.0 0.0 0.09895833333333333 0.0,0.9895833333333333,0.13214285714285715,25,0 0 0 0 0 298 -8,0.0 0.0 0.0 0.0 0.0 1.0 0.7727272727272727,10.772727272727273,0.5035714285714286,48,0 0 0 0 0 228 2,0.0 0.0 0.0 0.0 0.0 0.6354166666666666 1.0,7.354166666666666,0.6107142857142858,95,0 0 0 0 0 283 -8,0.0 0.0 0.0 0.0 0.0 0.921875 0.7727272727272727,9.991477272727273,0.49464285714285716,58
resolved-p28d-paper/resolved-p28d-3600-3rd/nsp-n50-d28-r0.10-rp2-fp2-s7,34 712 1252 1436 164 2352 50,0.9230769230769231 0.9539295392953929 0.004855940433797346 0.004405815676693235 0.9265536723163842 0.007386487073647621 0.9603399433427762,1018616.5317985228,0.025714285714285714,350.0,34 711 1250 1422 161 2361 50,0.9230769230769231 0.9525745257452575 0.004208481709291033 0.0038450754996595506 0.9096045197740112 0.008364110362806865 0.9603399433427762,1018472.3099770657,0.025,377.0,34 711 1249 1431 161 2353 50,0.9230769230769231 0.9525745257452575 0.0038847523470378763 0.004205551327752633 0.9096045197740112 0.007495111883554203 0.9603399433427762,1018469.4244692866,0.025,378,35 730 1295 1491 161 2396 64,1.0 0.978319783197832 0.01877630301068307 0.006608723515039852 0.9096045197740112 0.012165978709537258 1.0,1098118.4321851695,0.012142857142857143,1,34 734 1237 1326 171 2284 31,0.9230769230769231 0.983739837398374 0.0 0.0 0.9661016949152542 0.0 0.9065155807365439,1021548.4235018328,0.07357142857142857,289,33 746 1282 1382 177 2316 42,0.8461538461538461 1.0 0.014567821301392036 0.002242960708134738 1.0 0.003475993917010645 0.9376770538243626,946402.7397645612,0.09857142857142857,258,22 14 4326 24545 0 11438 -232,0.0 0.008130081300813009 1.0 0.9299875836103657 0.0 0.9943515098848577 0.16147308781869688,11753.100701878335,0.7564285714285715,378,23 8 4251 26177 0 11379 -289,0.07692307692307693 0.0 0.9757202978310133 0.9953538671045781 0.0 0.9879426461003693 0.0,87685.51319495264,0.7628571428571429,465,23 8 4323 26293 1 11490 -272,0.07692307692307693 0.0 0.9990288119132406 1.0 0.005649717514124294 1.0 0.04815864022662889,87923.97817260098,0.76,139
resolved-p28d-paper/resolved-p28d-3600-3rd/nsp-n30-d28-r0.10-rp2-fp2-s4,1 13 2 29 0 167 -74,0.0 0.21428571428571427 0.000708215297450425 0.0005446252297637689 0.0 0.005657708628005658 1.0,21437.254783861976,0.04285714285714286,576.0,1 12 3 28 0 171 -76,0.0 0.19047619047619047 0.00141643059490085 0.0004765470760432977 0.0 0.006600660066006601 0.9487179487179487,19063.274625193477,0.04047619047619048,685.0,1 12 6 29 0 180 -77,0.0 0.19047619047619047 0.0035410764872521247 0.0005446252297637689 0.0 0.008722300801508723 0.9230769230769231,19084.584737652425,0.041666666666666664,659,11 10 2 26 0 143 -86,0.9090909090909091 0.14285714285714285 0.000708215297450425 0.0003403907686023555 0.0 0.0 0.6923076923076923,923384.7382280588,0.02023809523809524,1,9 9 1 21 0 172 -84,0.7272727272727273 0.11904761904761904 0.0 0.0 0.0 0.006836397925506836 0.7435897435897436,739178.301131212,0.0380952380952381,301,8 46 12 49 0 188 -79,0.6363636363636364 1.0 0.007790368271954674 0.0019061883041731908 0.0 0.010608203677510608 0.8717948717948718,736444.4241115686,0.06547619047619048,210,12 5 1409 13993 0 4293 -86,1.0 0.023809523809523808 0.9971671388101983 0.9511879637824222 0.0 0.9783121169259783 0.6923076923076923,1013314.2871616984,0.6523809523809524,476,11 4 1413 14526 0 4303 -113,0.9090909090909091 0.0 1.0 0.9874736197154333 0.0 0.9806694955209807 0.0,920088.1894055797,0.6452380952380953,1014,11 4 1412 14710 1 4385 -111,0.9090909090909091 0.0 0.9992917847025495 1.0 1.0 1.0 0.05128205128205128,920193.8782199858,0.65,969
resolved-p28d-paper/resolved-p28d-3600-3rd/nsp-n50-d28-r0.10-rp2-fp2-s1,16 17 3 26 0 409 -150,0.5925925925925926 0.4358974358974359 0.0002554278416347382 0.0005690772194011556 0.0 0.00214028602004086 1.0,636186.480940832,0.024285714285714285,377.0,17 16 2 26 1 410 -151,0.6296296296296297 0.41025641025641024 0.0 0.0005690772194011556 1.0 0.0022375717482245355 0.984375,670756.8464832075,0.02214285714285714,336.0,16 18 2 27 1 414 -150,0.5925925925925926 0.46153846153846156 0.0 0.0006128523901243215 1.0 0.0026267146609592375 1.0,638848.0778659754,0.023571428571428573,372,27 13 2 22 0 387 -155,1.0 0.3333333333333333 0.0 0.0003939765365084924 0.0 0.0 0.921875,1033334.6491848698,0.013571428571428571,1,24 11 5 13 1 400 -155,0.8888888888888888 0.28205128205128205 0.0007662835249042146 0.0 1.0 0.001264714466387781 0.921875,917202.6144514108,0.020714285714285713,439,25 19 3 21 0 405 -153,0.9259259259259259 0.48717948717948717 0.0002554278416347382 0.0003502013657853266 0.0 0.0017511431073061582 0.953125,974647.7497600879,0.02214285714285714,117,15 39 3535 17304 0 9682 -152,0.5555555555555556 1.0 0.90242656449553 0.7569164769742602 0.0 0.9042708434672634 0.96875,665346.7491359198,0.545,274,0 0 3872 22857 1 10594 -214,0.0 0.0 0.9885057471264368 1.0 1.0 0.9929954275707754 0.0,10994.987425540075,0.6492857142857142,224,0 0 3917 22758 1 10666 -213,0.0 0.0 1.0 0.9956662580984066 1.0 1.0 0.015625,11105.681883098407,0.6421428571428571,186
resolved-p28d-paper/resolved-p28d-3600-3rd/nsp-n20-d28-r0.10-rp2-fp2-s7,0 0 0 0 0 90 -36,0.0 0.0 0.0 0.0 0.0 0.02 0.59375,0.79375,0.2375,48.0,0 0 0 0 0 95 -55,0.0 0.0 0.0 0.0 0.0 0.04 0.0,0.4,0.22678571428571428,23.0,0 0 0 0 0 95 -55,0.0 0.0 0.0 0.0 0.0 0.04 0.0,0.4,0.22678571428571428,23,0 0 0 0 0 124 -40,0.0 0.0 0.0 0.0 0.0 0.156 0.46875,2.02875,0.20535714285714285,11,0 0 0 0 0 85 -23,0.0 0.0 0.0 0.0 0.0 0.0 1.0,1.0,0.5160714285714286,10,0 0 0 0 0 127 -37,0.0 0.0 0.0 0.0 0.0 0.168 0.5625,2.2425,0.20535714285714285,18,0 0 0 0 0 335 -36,0.0 0.0 0.0 0.0 0.0 1.0 0.59375,10.59375,0.44821428571428573,14,0 0 0 0 0 291 -33,0.0 0.0 0.0 0.0 0.0 0.824 0.6875,8.9275,0.4589285714285714,8,0 0 0 0 0 322 -39,0.0 0.0 0.0 0.0 0.0 0.948 0.5,9.98,0.425,42
resolved-p28d-paper/resolved-p28d-3600-3rd/nsp-n10-d28-r0.10-rp0-fp0-s0,0 2 0 0 0 82 -30,0.0 0.007936507936507936 0.0 0.0 0.0 0.031746031746031744 0.07692307692307693,794.0451770451771,0.12857142857142856,279.0,0 1 0 1 0 88 -31,0.0 0.0 0.0 0.034482758620689655 0.0 0.06349206349206349 0.0,35.117679255610284,0.10357142857142858,346.0,0 1 0 1 0 88 -31,0.0 0.0 0.0 0.034482758620689655 0.0 0.06349206349206349 0.0,35.117679255610284,0.10357142857142858,346,2 4 1 8 0 76 -28,0.6666666666666666 0.023809523809523808 0.1111111111111111 0.27586206896551724 0.0 0.0 0.23076923076923078,670434.8229969265,0.025,1,0 1 0 2 0 87 -26,0.0 0.0 0.0 0.06896551724137931 0.0 0.0582010582010582 0.38461538461538464,69.93214320800527,0.15714285714285714,560,0 3 0 19 0 128 -19,0.0 0.015873015873015872 0.0 0.6551724137931034 0.0 0.2751322751322751 0.9230769230769231,2246.1484007690906,0.30714285714285716,512,3 5 1 13 0 79 -28,1.0 0.031746031746031744 0.1111111111111111 0.4482758620689655 0.0 0.015873015873015872 0.23076923076923078,1004734.3796471728,0.025,360,3 127 2 24 1 256 -18,1.0 1.0 0.2222222222222222 0.8275862068965517 1.0 0.9523809523809523 1.0,1103160.3322386425,0.6714285714285714,3167,3 121 9 29 0 265 -19,1.0 0.9523809523809523 1.0 1.0 0.0 1.0 0.9230769230769231,1106249.0183150182,0.6642857142857143,2914
resolved-p28d-paper/resolved-p28d-3600-3rd/nsp-n40-d28-r0.10-rp2-fp2-s3,9 18 1 21 0 302 -94,0.47368421052631576 0.6428571428571429 0.0004418912947414936 0.0008956560680698612 0.0 0.004608294930875576 0.8461538461538461,537976.131617841,0.033035714285714286,549.0,9 18 1 21 0 294 -94,0.47368421052631576 0.6428571428571429 0.0004418912947414936 0.0008956560680698612 0.0 0.003379416282642089 0.8461538461538461,537976.1193290545,0.03571428571428571,557.0,9 18 1 28 0 290 -95,0.47368421052631576 0.6428571428571429 0.0004418912947414936 0.0012875055978504254 0.0 0.0027649769585253456 0.8351648351648352,537976.49404518,0.027678571428571427,535,19 13 0 21 0 272 -95,1.0 0.4642857142857143 0.0 0.0008956560680698612 0.0 0.0 0.8351648351648352,1046430.3022494748,0.01607142857142857,1,18 12 0 7 0 279 -96,0.9473684210526315 0.42857142857142855 0.0 0.00011195700850873264 0.0 0.001075268817204301 0.8241758241758241,990226.5107952952,0.030357142857142857,793,17 23 1 5 0 318 -96,0.8947368421052632 0.8214285714285714 0.0004418912947414936 0.0 0.0 0.00706605222734255 0.8241758241758241,976885.0129974142,0.04107142857142857,184,14 28 1879 9886 0 5604 -80,0.7368421052631579 1.0 0.8303137428192665 0.5531236005373936 0.0 0.819047619047619 1.0,845707.5567680785,0.50625,286,0 0 2258 17455 0 6776 -171,0.0 0.0 0.9977905435262925 0.9768248992386923 0.0 0.9990783410138249 0.0,10964.721117911755,0.6410714285714286,187,0 0 2263 17869 0 6782 -156,0.0 0.0 1.0 1.0 0.0 1.0 0.16483516483516483,11010.164835164835,0.6357142857142857,139
resolved-p28d-paper/resolved-p28d-3600-3rd/nsp-n30-d28-r0.10-rp2-fp2-s1,5 9 13 145 44 947 -17,0.2777777777777778 0.14516129032258066 0.004261363636363636 0.0 0.9361702127659575 0.006485849056603774 0.896551724137931,292431.0988778908,0.03571428571428571,747.0,5 10 13 158 43 925 -14,0.2777777777777778 0.16129032258064516 0.004261363636363636 0.0009587727708533077 0.9148936170212766 0.0 0.9224137931034483,294042.79422047205,0.03214285714285714,724.0,5 9 13 145 44 932 -18,0.2777777777777778 0.14516129032258066 0.004261363636363636 0.0 0.9361702127659575 0.002063679245283019 0.8879310344827587,292431.0460355031,0.0380952380952381,753,18 6 7 169 47 957 -8,1.0 0.0967741935483871 0.0 0.0017700420384984144 1.0 0.009433962264150943 0.9741379310344828,1009780.2578744309,0.013095238095238096,1,17 5 7 156 33 946 -11,0.9444444444444444 0.08064516129032258 0.0 0.0008112692676451066 0.7021276595744681 0.006191037735849057 0.9482758620689655,952580.9947949412,0.039285714285714285,235,16 37 12 194 47 1013 -12,0.8888888888888888 0.5967741935483871 0.0035511363636363635 0.0036138358286009293 1.0 0.025943396226415096 0.9396551724137931,948706.6325323272,0.05119047619047619,361,18 62 789 4287 5 2602 -5,1.0 1.0 0.5553977272727273 0.3054797551441847 0.10638297872340426 0.49439858490566035 1.0,1105876.039311593,0.375,464,0 0 1379 12689 0 4280 -114,0.0 0.0 0.9744318181818182 0.9251419721218379 0.0 0.9890919811320755 0.0603448275862069,10679.411418578928,0.6547619047619048,273,0 0 1415 13704 2 4317 -121,0.0 0.0 1.0 1.0 0.0425531914893617 1.0 0.0,11014.255319148937,0.6535714285714286,106
resolved-p28d-paper/resolved-p28d-3600-3rd/nsp-n20-d28-r0.10-rp2-fp2-s6,1 5 5 16 0 122 -85,0.0 0.36363636363636365 0.0014903129657228018 0.00010124531740407007 0.0 0.0172173103769195 0.2,36379.012911714766,0.07678571428571429,561.0,1 5 5 19 0 123 -76,0.0 0.36363636363636365 0.0014903129657228018 0.00040498126961628026 0.0 0.017682643089809214 0.8,36379.921300994116,0.0625,532.0,1 5 5 19 0 123 -76,0.0 0.36363636363636365 0.0014903129657228018 0.00040498126961628026 0.0 0.017682643089809214 0.8,36379.921300994116,0.0625,532,9 6 5 15 0 85 -77,1.0 0.45454545454545453 0.0014903129657228018 0.0 0.0 0.0 0.7333333333333333,1045470.181917536,0.014285714285714285,1,7 7 4 20 0 122 -73,0.75 0.5454545454545454 0.0 0.0005062265870203503 0.0 0.0172173103769195 1.0,804547.1329451454,0.05714285714285714,727,4 12 14 29 3 118 -73,0.375 1.0 0.014903129657228018 0.001417434443656981 1.0 0.015355979525360632 1.0,475251.6022908112,0.04285714285714286,221,7 8 534 8805 0 1929 -80,0.75 0.6363636363636364 0.789865871833085 0.8899463399817759 0.0 0.8580735225686366 0.5333333333333333,822434.0827632353,0.5946428571428571,1646,7 1 671 9892 0 2234 -88,0.75 0.0 0.9940387481371088 1.0 0.0 1.0 0.0,760950.387481371,0.6446428571428572,1094,7 1 675 9656 0 2229 -88,0.75 0.0 1.0 0.9761061050926395 0.0 0.9976733364355514 0.0,760986.0828384571,0.6428571428571429,1163
resolved-p28d-paper/resolved-p28d-3600-3rd/nsp-n20-d28-r0.10-rp2-fp2-s8,1 2 278 196 104 1678 43,0.0 0.0 0.5148698884758365 0.5698924731182796 0.8620689655172413 0.9258992805755396 0.9142857142857143,5814.97153294841,0.039285714285714285,614.0,1 2 278 205 108 1628 42,0.0 0.0 0.5148698884758365 0.6021505376344086 0.896551724137931 0.8899280575539569 0.8857142857142857,5850.289589667821,0.0375,610.0,1 2 278 205 108 1628 42,0.0 0.0 0.5148698884758365 0.6021505376344086 0.896551724137931 0.8899280575539569 0.8857142857142857,5850.289589667821,0.0375,610,13 3 297 224 120 1781 46,0.75 0.006024096385542169 0.550185873605948 0.6702508960573477 1.0 1.0 1.0,756885.5192706711,0.008928571428571428,1,13 3 293 189 101 1729 46,0.75 0.006024096385542169 0.5427509293680297 0.5448028673835126 0.8362068965517241 0.962589928057554 1.0,756668.9683885537,0.09107142857142857,583,8 55 539 316 116 1576 34,0.4375 0.3192771084337349 1.0 1.0 0.9655172413793104 0.8525179856115108 0.6571428571428571,480533.44489022467,0.2892857142857143,623,17 7 291 230 120 1774 46,1.0 0.030120481927710843 0.5390334572490706 0.6917562724014337 1.0 0.9949640287769784 1.0,1009205.0886779509,0.0125,788,14 168 1 37 4 391 11,0.8125 1.0 0.0 0.0 0.0 0.0 0.0,912500.0,0.7178571428571429,717,14 165 18 87 5 424 37,0.8125 0.9819277108433735 0.031598513011152414 0.17921146953405018 0.008620689655172414 0.023741007194244605 0.7428571428571429,911189.8100201633,0.7142857142857143,1061
resolved-p28d-paper/resolved-p28d-3600-3rd/nsp-n10-d28-r0.10-rp0-fp0-s2,0 0 0 0 0 77 -37,0.0 0.0 0.0 0.0 0.0 0.0 0.0,0.0,0.2392857142857143,38.0,0 0 0 0 0 84 -26,0.0 0.0 0.0 0.0 0.0 0.05737704918032787 0.6875,1.2612704918032787,0.16428571428571428,15.0,0 0 0 0 0 84 -26,0.0 0.0 0.0 0.0 0.0 0.05737704918032787 0.6875,1.2612704918032787,0.16428571428571428,15,0 0 0 0 0 90 -23,0.0 0.0 0.0 0.0 0.0 0.10655737704918032 0.875,1.9405737704918031,0.10714285714285714,11,0 0 0 0 0 111 -21,0.0 0.0 0.0 0.0 0.0 0.2786885245901639 1.0,3.7868852459016393,0.3357142857142857,3,0 0 0 0 0 94 -28,0.0 0.0 0.0 0.0 0.0 0.13934426229508196 0.5625,1.9559426229508197,0.1,12,0 0 0 0 0 198 -28,0.0 0.0 0.0 0.0 0.0 0.9918032786885246 0.5625,10.480532786885245,0.42857142857142855,15,0 0 0 0 0 136 -29,0.0 0.0 0.0 0.0 0.0 0.48360655737704916 0.5,5.336065573770492,0.6178571428571429,81,0 0 0 0 0 199 -24,0.0 0.0 0.0 0.0 0.0 1.0 0.8125,10.8125,0.42857142857142855,15
resolved-p28d-paper/resolved-p28d-3600-3rd/nsp-n50-d28-r0.10-rp2-fp2-s2,25 233 2108 1265 211 4194 40,0.25 0.7483660130718954 0.0 0.0 0.9906103286384976 0.0 0.9427480916030534,324936.605088145,0.02214285714285714,235.0,25 233 2111 1272 211 4194 40,0.25 0.7483660130718954 0.0013507429085997298 0.00028694404591104734 0.9906103286384976 0.0 0.9427480916030534,324950.39946127695,0.02142857142857143,205.0,25 233 2108 1265 211 4194 40,0.25 0.7483660130718954 0.0 0.0 0.9906103286384976 0.0 0.9427480916030534,324936.605088145,0.02214285714285714,235,25 238 2172 1354 211 4242 41,0.25 0.7647058823529411 0.028815848716794237 0.0036482885837261733 0.9906103286384976 0.006567245861266931 0.9465648854961832,326862.46828125376,0.012857142857142857,1,25 233 2112 1309 211 4236 32,0.25 0.7483660130718954 0.0018009905447996398 0.001803648288583726 0.9906103286384976 0.005746340128608565 0.9122137404580153,324956.44557093177,0.025714285714285714,206,24 310 2179 1471 213 4386 55,0.0 1.0 0.031967582170193604 0.008444353351096535 1.0 0.026268983445067725 1.0,100429.38286488748,0.11642857142857142,251,28 8 4329 25185 0 11503 -190,1.0 0.013071895424836602 1.0 0.9805287968846075 0.0 1.0 0.0648854961832061,1012297.7832248644,0.7207142857142858,101,27 5 4198 25413 0 11369 -207,0.75 0.0032679738562091504 0.9410175596578118 0.9898749743799959 0.0 0.9816664386372965 0.0,760736.6646209655,0.715,378,27 4 4215 25660 0 11381 -207,0.75 0.0 0.9486717694732103 1.0 0.0 0.9833082501026132 0.0,760496.5507772332,0.7157142857142857,472
resolved-p28d-paper/resolved-p28d-3600-3rd/nsp-n10-d28-r0.10-rp0-fp0-s7,0 0 0 0 0 81 -22,0.0 0.0 0.0 0.0 0.0 0.0 0.0,0.0,0.2571428571428571,33.0,0 0 0 0 0 84 -18,0.0 0.0 0.0 0.0 0.0 0.02857142857142857 0.36363636363636365,0.6493506493506493,0.16071428571428573,18.0,0 0 0 0 0 84 -18,0.0 0.0 0.0 0.0 0.0 0.02857142857142857 0.36363636363636365,0.6493506493506493,0.16071428571428573,18,0 0 0 0 0 92 -19,0.0 0.0 0.0 0.0 0.0 0.10476190476190476 0.2727272727272727,1.3203463203463204,0.14642857142857144,12,0 0 0 0 0 105 -11,0.0 0.0 0.0 0.0 0.0 0.22857142857142856 1.0,3.2857142857142856,0.375,2,0 0 0 0 0 101 -19,0.0 0.0 0.0 0.0 0.0 0.19047619047619047 0.2727272727272727,2.1774891774891776,0.1357142857142857,8,0 0 0 0 0 186 -19,0.0 0.0 0.0 0.0 0.0 1.0 0.2727272727272727,10.272727272727273,0.45714285714285713,10,0 0 0 0 0 109 -21,0.0 0.0 0.0 0.0 0.0 0.26666666666666666 0.09090909090909091,2.7575757575757573,0.625,128,0 0 0 0 0 171 -16,0.0 0.0 0.0 0.0 0.0 0.8571428571428571 0.5454545454545454,9.116883116883116,0.44642857142857145,16
resolved-p28d-paper/resolved-p28d-3600-3rd/nsp-n20-d28-r0.10-rp2-fp2-s1,0 5 5 26 0 104 -68,0.0 0.017543859649122806 0.625 0.4864864864864865 0.0 0.13513513513513514 0.06329113924050633,8492.28709388936,0.05178571428571429,876.0,0 5 3 16 0 94 -69,0.0 0.017543859649122806 0.375 0.21621621621621623 0.0 0.10135135135135136 0.05063291139240506,5721.666327553402,0.06428571428571428,927.0,0 6 3 22 0 92 -67,0.0 0.023391812865497075 0.375 0.3783783783783784 0.0 0.0945945945945946 0.0759493670886076,6468.58156024112,0.05,860,15 2 0 8 0 64 -67,0.7142857142857143 0.0 0.0 0.0 0.0 0.0 0.0759493670886076,714285.7902350815,0.0125,1,14 5 5 13 0 107 -68,0.6666666666666666 0.017543859649122806 0.625 0.13513513513513514 0.0 0.14527027027027026 0.06329113924050633,674807.703760556,0.04285714285714286,2287,13 24 8 32 1 184 -73,0.6190476190476191 0.1286549707602339 1.0 0.6486486486486487 0.25 0.40540540540540543 0.0,642590.8188263451,0.0875,1686,16 2 0 8 0 64 -67,0.7619047619047619 0.0 0.0 0.0 0.0 0.0 0.0759493670886076,761904.837854129,0.0125,725,21 164 8 45 4 360 6,1.0 0.9473684210526315 1.0 1.0 1.0 1.0 1.0,1105847.8421052631,0.6482142857142857,1111,21 173 2 35 3 350 -20,1.0 1.0 0.25 0.7297297297297297 0.75 0.9662162162162162 0.6708860759493671,1103315.062777968,0.6375,1871
resolved-p28d-paper/resolved-p28d-3600-3rd/nsp-n10-d28-r0.10-rp0-fp0-s9,0 0 0 0 0 85 -39,0.0 0.0 0.0 0.0 0.0 0.0 0.0,0.0,0.25,32.0,0 0 0 0 0 91 -38,0.0 0.0 0.0 0.0 0.0 0.07142857142857142 0.06666666666666667,0.7809523809523808,0.20714285714285716,21.0,0 0 0 0 0 91 -39,0.0 0.0 0.0 0.0 0.0 0.07142857142857142 0.0,0.7142857142857142,0.2357142857142857,22,0 0 0 0 0 103 -29,0.0 0.0 0.0 0.0 0.0 0.21428571428571427 0.6666666666666666,2.8095238095238093,0.16428571428571428,19,0 0 0 0 0 103 -38,0.0 0.0 0.0 0.0 0.0 0.21428571428571427 0.06666666666666667,2.2095238095238097,0.4928571428571429,8,0 0 0 0 0 107 -26,0.0 0.0 0.0 0.0 0.0 0.2619047619047619 0.8666666666666667,3.4857142857142858,0.16428571428571428,16,0 0 0 0 0 169 -28,0.0 0.0 0.0 0.0 0.0 1.0 0.7333333333333333,10.733333333333333,0.5821428571428572,39,0 0 0 0 0 123 -24,0.0 0.0 0.0 0.0 0.0 0.4523809523809524 1.0,5.523809523809524,0.6321428571428571,70,0 0 0 0 0 160 -33,0.0 0.0 0.0 0.0 0.0 0.8928571428571429 0.4,9.32857142857143,0.5821428571428572,39
resolved-p28d-paper/resolved-p28d-3600-3rd/nsp-n40-d28-r0.10-rp2-fp2-s4,3 22 1 20 0 304 -127,0.0 0.5172413793103449 0.00039856516540454366 0.00020012007204322593 0.0 0.003252722387215387 1.0,51729.35622998444,0.03571428571428571,422.0,3 22 1 20 0 304 -127,0.0 0.5172413793103449 0.00039856516540454366 0.00020012007204322593 0.0 0.003252722387215387 1.0,51729.35622998444,0.03571428571428571,422.0,3 22 1 19 0 306 -127,0.0 0.5172413793103449 0.00039856516540454366 0.00015009005403241946 0.0 0.003535567812190638 1.0,51729.309028420685,0.03482142857142857,423,17 16 1 16 0 281 -128,1.0 0.3103448275862069 0.00039856516540454366 0.0 0.0 0.0 0.9895833333333334,1031039.4579936081,0.017857142857142856,1,16 34 0 90 0 378 -158,0.9285714285714286 0.9310344827586207 0.0 0.0037022213327996796 0.0 0.013718003111299676 0.6770833333333334,1021679.393331988,0.05803571428571429,1167,16 36 25 83 2 439 -163,0.9285714285714286 1.0 0.00996412913511359 0.0033520112067240344 1.0 0.02234478857304483 0.625,1028775.2703218722,0.06517857142857143,974,17 7 2506 19495 0 7307 -199,1.0 0.0 0.9988043045037863 0.9745347208324995 0.0 0.9936359779380568 0.25,1010972.7641256497,0.65,224,16 7 2509 20004 0 7352 -223,0.9285714285714286 0.0 1.0 1.0 0.0 1.0 0.0,939581.4285714286,0.6517857142857143,401,16 7 2451 19925 0 7337 -221,0.9285714285714286 0.0 0.9768832204065365 0.9960476285771462 0.0 0.9978786593126856 0.020833333333333332,939346.3080239976,0.65625,676
resolved-p28d-paper/resolved-p28d-3600-3rd/nsp-n50-d28-r0.10-rp2-fp2-s9,0 0 0 0 0 623 -122,0.0 0.0 0.0 0.0 0.0 0.07284079084287201 0.5238095238095238,1.2522174322382438,0.1492857142857143,1.0,,,,,,0 0 0 0 0 638 -133,0.0 0.0 0.0 0.0 0.0 0.08844953173777315 0.0,0.8844953173777315,0.165,1,0 0 0 0 0 573 -119,0.0 0.0 0.0 0.0 0.0 0.02081165452653486 0.6666666666666666,0.8747832119320152,0.1657142857142857,2,0 0 0 0 0 553 -112,0.0 0.0 0.0 0.0 0.0 0.0 1.0,1.0,0.2885714285714286,4,0 0 0 0 0 651 -123,0.0 0.0 0.0 0.0 0.0 0.10197710718002082 0.47619047619047616,1.4959615479906843,0.14214285714285715,19,0 0 0 0 0 1514 -122,0.0 0.0 0.0 0.0 0.0 1.0 0.5238095238095238,10.523809523809524,0.46714285714285714,12,0 0 0 0 0 1346 -119,0.0 0.0 0.0 0.0 0.0 0.8251821019771072 0.6666666666666666,8.918487686437738,0.4692857142857143,56,0 0 0 0 0 1487 -116,0.0 0.0 0.0 0.0 0.0 0.9719042663891779 0.8095238095238095,10.528566473415589,0.4642857142857143,18
resolved-p28d-paper/resolved-p28d-3600-3rd/nsp-n50-d28-r0.10-rp2-fp2-s0,22 257 2297 1319 276 4519 -32,0.0 0.8461538461538461 0.0 0.8787610619469026 0.9821428571428571 0.00940733772342427 0.6470588235294118,85593.10109524656,0.027857142857142858,325.0,23 258 2319 1374 275 4469 -32,0.03333333333333333 0.8516483516483516 0.0018640908320623623 0.9274336283185841 0.9785714285714285 0.0 0.6470588235294118,119542.74723648837,0.022857142857142857,270.0,22 262 2392 1456 279 4581 -27,0.0 0.8736263736263736 0.00804948313845111 1.0 0.9928571428571429 0.021072436500470366 0.9411764705882353,88543.56980914318,0.016428571428571428,305,23 269 2377 1455 275 4531 -26,0.03333333333333333 0.9120879120879121 0.006778512116590409 0.9991150442477876 0.9785714285714285 0.011665098777046096 1.0,125707.99850138313,0.013571428571428571,1,23 262 2366 1329 281 4520 -42,0.03333333333333333 0.8736263736263736 0.005846466700559228 0.8876106194690265 1.0 0.009595484477892756 0.058823529411764705,121742.2007608195,0.03428571428571429,423,23 262 2366 1329 281 4520 -42,0.03333333333333333 0.8736263736263736 0.005846466700559228 0.8876106194690265 1.0 0.009595484477892756 0.058823529411764705,121742.2007608195,0.03428571428571429,420,52 285 7308 920 35 7111 -31,1.0 1.0 0.4245890527029317 0.5256637168141592 0.12142857142857143 0.49708372530573847 0.7058823529411765,1104789.3738205926,0.6071428571428571,234,35 103 13450 504 1 9784 -43,0.43333333333333335 0.0 0.9450093204541603 0.15752212389380532 0.0 1.0 0.0,442950.94866176875,0.8021428571428572,459,33 110 14099 326 2 9730 -32,0.36666666666666664 0.038461538461538464 1.0 0.0 0.0035714285714285713 0.9898400752587018 0.6470588235294118,380523.7231152538,0.8021428571428572,446
resolved-p28d-paper/resolved-p28d-3600-3rd/nsp-n40-d28-r0.10-rp2-fp2-s8,0 0 0 0 0 387 -100,0.0 0.0 0.0 0.0 0.0 0.023809523809523808 0.56,0.7980952380952382,0.11785714285714285,52.0,0 0 0 0 0 374 -112,0.0 0.0 0.0 0.0 0.0 0.0 0.08,0.08,0.10803571428571429,2.0,0 0 0 0 0 374 -112,0.0 0.0 0.0 0.0 0.0 0.0 0.08,0.08,0.10803571428571429,2,0 0 0 0 0 492 -114,0.0 0.0 0.0 0.0 0.0 0.21611721611721613 0.0,2.1611721611721615,0.12321428571428572,3,0 0 0 0 0 386 -89,0.0 0.0 0.0 0.0 0.0 0.02197802197802198 1.0,1.2197802197802199,0.2982142857142857,4,0 0 0 0 0 486 -98,0.0 0.0 0.0 0.0 0.0 0.20512820512820512 0.64,2.6912820512820512,0.11875,3,0 0 0 0 0 920 -100,0.0 0.0 0.0 0.0 0.0 1.0 0.56,10.56,0.4392857142857143,54,0 0 0 0 0 746 -108,0.0 0.0 0.0 0.0 0.0 0.6813186813186813 0.24,7.053186813186814,0.4616071428571429,90,0 0 0 0 0 919 -97,0.0 0.0 0.0 0.0 0.0 0.9981684981684982 0.68,10.661684981684981,0.4392857142857143,55
resolved-p28d-paper/resolved-p28d-3600-3rd/nsp-n30-d28-r0.10-rp2-fp2-s8,3 12 3 17 0 144 -109,0.16666666666666666 0.14285714285714285 0.002130681818181818 0.0008405127127547804 0.0 0.006730769230769231 0.4077669902912621,180975.00335795814,0.034523809523809526,780.0,4 9 4 14 0 141 -110,0.2222222222222222 0.10714285714285714 0.002840909090909091 0.0006303845345660853 0.0 0.006009615384615385 0.39805825242718446,232966.00556635787,0.03333333333333333,752.0,3 12 3 21 0 138 -109,0.16666666666666666 0.14285714285714285 0.002130681818181818 0.0011206836170063739 0.0 0.005288461538461539 0.4077669902912621,180975.26910578547,0.02857142857142857,767,18 4 0 5 0 116 -115,1.0 0.047619047619047616 0.0 0.0 0.0 0.0 0.34951456310679613,1004762.2542764678,0.007142857142857143,1,17 8 9 14 0 171 -116,0.9444444444444444 0.09523809523809523 0.006392045454545455 0.0006303845345660853 0.0 0.013221153846153846 0.33980582524271846,954033.2768246976,0.02857142857142857,1468,17 3 1 10 0 127 -113,0.9444444444444444 0.03571428571428571 0.0007102272727272727 0.00035021363031449183 0.0 0.0026442307692307694 0.36893203883495146,948023.7208765771,0.02023809523809524,357,15 84 723 5102 0 2366 -48,0.8333333333333334 1.0 0.5134943181818182 0.357007774742593 0.0 0.5408653846153846 1.0,938831.6929437403,0.3892857142857143,428,0 0 1408 14282 0 4276 -151,0.0 0.0 1.0 1.0 0.0 1.0 0.0,11010.0,0.6440476190476191,139,0 0 1217 12565 3 3871 -142,0.0 0.0 0.8643465909090909 0.8797366393500035 1.0 0.9026442307692307 0.08737864077669903,9632.316369389382,0.6476190476190476,380
resolved-p28d-paper/resolved-p28d-3600-3rd/nsp-n10-d28-r0.10-rp0-fp0-s1,0 1 2 7 0 108 -24,0.0 0.0 0.015625 0.07526881720430108 0.0 0.0927536231884058 0.25,232.69635343618512,0.16071428571428573,713.0,0 1 2 8 0 115 -25,0.0 0.0 0.015625 0.08602150537634409 0.0 0.11304347826086956 0.21428571428571427,243.6162258732385,0.14642857142857144,701.0,0 1 2 6 0 105 -22,0.0 0.0 0.015625 0.06451612903225806 0.0 0.08405797101449275 0.32142857142857145,221.92813731383157,0.15714285714285714,724,9 1 1 0 0 76 -31,0.9 0.0 0.0 0.0 0.0 0.0 0.0,900000.0,0.007142857142857143,1,8 46 34 35 0 190 -27,0.8 0.5921052631578947 0.515625 0.3763440860215054 0.0 0.33043478260869563 0.14285714285714285,864746.5676067799,0.33214285714285713,671,0 44 65 93 12 283 -3,0.0 0.5657894736842105 1.0 1.0 1.0 0.6 1.0,67685.94736842105,0.55,1215,10 2 1 1 0 77 -31,1.0 0.013157894736842105 0.0 0.010752688172043012 0.0 0.002898550724637681 0.0,1001326.5711473634,0.007142857142857143,359,8 77 3 34 0 412 -21,0.8 1.0 0.03125 0.3655913978494624 0.0 0.9739130434782609 0.35714285714285715,900688.1876711415,0.6464285714285715,2370,9 64 43 82 10 421 -13,0.9 0.8289473684210527 0.65625 0.8817204301075269 0.8333333333333334 1.0 0.6428571428571429,990432.933462689,0.6321428571428571,2147
resolved-p28d-paper/resolved-p28d-3600-3rd/nsp-n40-d28-r0.10-rp2-fp2-s5,20 389 613 902 150 2115 36,0.0 0.9688473520249221 0.0032329169728141072 0.9700598802395209 0.896774193548387 0.0043391188251001335 0.0,97976.84506300297,0.025,236.0,20 390 610 878 155 2102 38,0.0 0.9719626168224299 0.0027920646583394562 0.9221556886227545 0.9290322580645162 0.0 0.14285714285714285,98239.38410039844,0.026785714285714284,224.0,20 390 610 878 155 2102 38,0.0 0.9719626168224299 0.0027920646583394562 0.9221556886227545 0.9290322580645162 0.0 0.14285714285714285,98239.38410039844,0.026785714285714284,224,20 399 616 917 158 2112 39,0.0 1.0 0.0036737692872887582 1.0 0.9483870967741935 0.0033377837116154874 0.21428571428571427,101131.82406610172,0.017857142857142856,1,20 393 591 888 166 2109 36,0.0 0.9813084112149533 0.0 0.9421157684630739 1.0 0.002336448598130841 0.0,99172.98025444438,0.033928571428571426,791,20 393 595 835 161 2109 37,0.0 0.9813084112149533 0.0005878030859662013 0.8363273453093812 0.967741935483871 0.002336448598130841 0.07142857142857142,99069.91548427018,0.03214285714285714,706,45 182 7396 496 11 5098 44,1.0 0.32398753894080995 1.0 0.1596806387225549 0.0 1.0 0.5714285714285714,1042569.0059613751,0.6883928571428571,227,29 105 6621 416 44 4987 50,0.36 0.08411214953271028 0.8861131520940485 0.0 0.2129032258064516 0.9629506008010681 1.0,377304.2663028002,0.7910714285714285,634,27 78 6529 475 46 5024 45,0.28 0.0 0.8725936811168259 0.11776447105788423 0.22580645161290322 0.9753004005340454 0.6428571428571429,288876.6777885356,0.7910714285714285,620
resolved-p28d-paper/resolved-p28d-3600-3rd/nsp-n10-d28-r0.10-rp0-fp0-s6,1 3 2 6 0 113 -21,0.0 0.021739130434782608 0.009433962264150943 0.001948368241597662 0.0 0.0426179604261796 0.0,2270.62721396563,0.060714285714285714,274.0,1 3 2 6 0 113 -21,0.0 0.021739130434782608 0.009433962264150943 0.001948368241597662 0.0 0.0426179604261796 0.0,2270.62721396563,0.060714285714285714,274.0,1 3 2 6 0 113 -21,0.0 0.021739130434782608 0.009433962264150943 0.001948368241597662 0.0 0.0426179604261796 0.0,2270.62721396563,0.060714285714285714,274,5 4 1 2 0 85 -21,1.0 0.03260869565217391 0.0 0.0 0.0 0.0 0.0,1003260.8695652174,0.017857142857142856,1,2 93 107 180 22 341 2,0.25 1.0 1.0 0.08670238675109596 1.0 0.3896499238964992 0.71875,360191.31763599004,0.6571428571428571,1776,1 33 54 61 9 198 -18,0.0 0.34782608695652173 0.5 0.028738431563565515 0.4090909090909091 0.1719939117199391 0.09375,39854.069907242025,0.26785714285714285,1594,1 9 92 1157 3 742 -2,0.0 0.08695652173913043 0.8584905660377359 0.5625913297613249 0.13636363636363635 1.0 0.59375,17867.379277688095,0.5071428571428571,2420,1 2 93 2055 1 741 -5,0.0 0.010869565217391304 0.8679245283018868 1.0 0.045454545454545456 0.9984779299847792 0.5,10781.2320386033,0.6642857142857143,2817,1 1 81 1650 3 720 11,0.0 0.0 0.7547169811320755 0.8027277155382367 0.13636363636363635 0.9665144596651446 1.0,8374.199035092006,0.6285714285714286,2601
resolved-p28d-paper/resolved-p28d-3600-3rd/nsp-n10-d28-r0.10-rp0-fp0-s4,1 5 0 2 0 97 -26,0.16666666666666666 0.0136986301369863 0.0 0.0 0.0 0.009259259259259259 0.15,168036.77227295787,0.14642857142857144,335.0,1 5 1 4 0 95 -19,0.16666666666666666 0.0136986301369863 0.018867924528301886 0.031746031746031744 0.0 0.0 0.5,168257.45495739434,0.07857142857142857,264.0,1 5 1 4 0 95 -20,0.16666666666666666 0.0136986301369863 0.018867924528301886 0.031746031746031744 0.0 0.0 0.45,168257.40495739435,0.08571428571428572,265,2 6 4 4 0 99 -19,0.3333333333333333 0.0273972602739726 0.07547169811320754 0.031746031746031744 0.0 0.018518518518518517 0.5,336860.20755879383,0.025,1,0 38 53 65 6 311 -9,0.0 0.4657534246575342 1.0 1.0 1.0 1.0 1.0,57686.34246575342,0.4928571428571429,1202,2 4 7 14 1 126 -16,0.3333333333333333 0.0 0.1320754716981132 0.19047619047619047 0.16666666666666666 0.14351851851851852 0.65,334863.31609264255,0.14642857142857144,1226,4 13 3 7 0 101 -19,0.6666666666666666 0.1232876712328767 0.05660377358490566 0.07936507936507936 0.0 0.027777777777777776 0.5,679641.6143829462,0.03214285714285714,341,5 77 0 9 0 254 -29,0.8333333333333334 1.0 0.0 0.1111111111111111 0.0 0.7361111111111112 0.0,933451.8055555556,0.6785714285714286,3058,6 75 0 26 2 298 -13,1.0 0.9726027397260274 0.0 0.38095238095238093 0.3333333333333333 0.9398148148148148 0.8,1097684.7578350366,0.6285714285714286,1593
resolved-p28d-paper/resolved-p28d-3600-3rd/nsp-n40-d28-r0.10-rp2-fp2-s0,12 13 1 25 0 264 -95,0.6 0.04924242424242424 0.0 0.0 0.0 0.003881755747984473 0.5098039215686274,604924.7910457215,0.02857142857142857,403.0,11 18 1 27 0 255 -89,0.55 0.06818181818181818 0.0 0.0001073191672032625 0.0 0.0025380710659898475 0.5686274509803921,556818.8831455106,0.03482142857142857,421.0,12 16 1 34 0 264 -90,0.6 0.06060606060606061 0.0 0.0004829362524146813 0.0 0.003881755747984473 0.5588235294117647,606061.6866379454,0.026785714285714284,358,20 12 1 25 0 238 -96,1.0 0.045454545454545456 0.0 0.0 0.0 0.0 0.5,1004545.9545454546,0.01607142857142857,1,17 264 311 535 27 646 -45,0.85 1.0 0.13141161509114033 0.027366387636831937 1.0 0.06091370558375635 1.0,951443.0916756041,0.23392857142857143,155,18 71 17 68 2 496 -107,0.9 0.2689393939393939 0.006782534972445952 0.0023073620948701437 0.07407407407407407 0.038518960883845925 0.39215686274509803,926972.2568596378,0.08482142857142858,351,10 73 1668 11101 0 5199 -67,0.5 0.2765151515151515 0.7066553624417126 0.5943335479716677 0.0 0.7406688563750373 0.7843137254901961,535320.5933261933,0.49910714285714286,328,0 0 2319 18493 0 6867 -147,0.0 0.0 0.9826197541331072 0.9909851899549259 0.0 0.9896984174380412 0.0,10827.079715460379,0.6535714285714286,175,0 0 2360 18661 1 6936 -146,0.0 0.0 1.0 1.0 0.037037037037037035 1.0 0.00980392156862745,11013.713507625273,0.65,135
resolved-p28d-paper/resolved-p28d-3600-3rd/nsp-n40-d28-r0.10-rp2-fp2-s9,11 6 4 192 25 1362 5,0.07692307692307693 0.3333333333333333 0.0 0.00024184966624746058 0.7352941176470589 0.0 0.9699570815450643,110331.15147492274,0.027678571428571427,522.0,10 8 4 195 22 1363 6,0.0 1.0 0.0 0.0003869594659959369 0.6470588235294118 0.00016404199475065617 0.9742489270386266,100066.06873116591,0.02857142857142857,620.0,10 8 4 187 22 1368 6,0.0 1.0 0.0 0.0 0.6470588235294118 0.000984251968503937 0.9742489270386266,100065.68997379967,0.029464285714285714,629,21 6 4 196 28 1423 12,0.8461538461538461 0.3333333333333333 0.0 0.00043532939924542907 0.8235294117647058 0.010006561679790027 1.0,879571.067823372,0.010714285714285714,1,20 8 39 203 29 1562 1,0.7692307692307693 1.0 0.01370399373531715 0.0007739189319918738 0.8529411764705882 0.03280839895013123 0.9527896995708155,869455.1580783905,0.03214285714285714,954,19 5 28 267 34 1494 0,0.6923076923076923 0.0 0.009397024275646046 0.0038695946599593693 1.0 0.021653543307086614 0.9484978540772532,692506.6971783958,0.0375,1043,23 7 2419 18933 0 7074 -191,1.0 0.6666666666666666 0.9455755677368833 0.9067427686949792 0.0 0.937007874015748 0.12875536480686695,1077038.6639468353,0.6526785714285714,403,22 7 2558 20398 0 7458 -221,0.9230769230769231 0.6666666666666666 1.0 0.9776047209054851 0.0 1.0 0.0,1000731.1944644953,0.6517857142857143,496,22 7 2532 20861 0 7412 -219,0.9230769230769231 0.6666666666666666 0.9898198903680501 1.0 0.0 0.9924540682414699 0.008583690987124463,1000651.7217716437,0.6526785714285714,806
resolved-p28d-paper/resolved-p28d-3600-3rd/nsp-n20-d28-r0.10-rp2-fp2-s4,0 8 5 13 0 107 -52,0.0 0.23809523809523808 0.0048 0.00033263111209668475 0.0 0.013895781637717122 0.06976744186046512,23858.065165894142,0.05714285714285714,546.0,0 7 9 12 0 115 -51,0.0 0.19047619047619047 0.0112 0.00022175407473112318 0.0 0.017866004962779156 0.09302325581395349,19160.112484999216,0.05714285714285714,580.0,0 7 5 11 0 112 -52,0.0 0.19047619047619047 0.0048 0.00011087703736556159 0.0 0.016377171215880892 0.06976744186046512,19095.96346381043,0.055357142857142855,603,9 9 2 10 0 79 -55,1.0 0.2857142857142857 0.0 0.0 0.0 0.0 0.0,1028571.4285714285,0.019642857142857142,1,7 24 39 59 5 217 -39,0.7777777777777778 1.0 0.0592 0.005432974830912518 1.0 0.0684863523573201 0.37209302325581395,878476.2677091556,0.14285714285714285,117,6 10 16 24 0 128 -41,0.6666666666666666 0.3333333333333333 0.0224 0.0015522785231178622 0.0 0.024317617866004962 0.32558139534883723,700226.121036097,0.05714285714285714,456,9 3 602 8347 1 2088 -53,1.0 0.0 0.96 0.924381860516687 0.2 0.9970223325062034 0.046511627906976744,1010554.3985954697,0.6446428571428572,1572,9 3 576 9029 0 2025 -51,1.0 0.0 0.9184 1.0 0.0 0.96575682382134 0.09302325581395349,1010193.750591494,0.6642857142857143,1633,7 3 627 5950 0 2094 -12,0.7777777777777778 0.0 1.0 0.6586096019514358 0.0 1.0 1.0,788447.3873797292,0.6553571428571429,1212
resolved-p28d-paper/resolved-p28d-3600-3rd/nsp-n30-d28-r0.10-rp2-fp2-s3,14 175 699 992 174 2372 24,0.0 0.9395604395604396 0.07854630715123095 0.0024251662971175167 0.9109947643979057 0.031264159492523785 0.984,94836.3283118881,0.02738095238095238,466.0,14 176 697 957 174 2338 22,0.0 0.945054945054945 0.07620164126611957 0.0 0.9109947643979057 0.0158586316266425 0.968,95359.73698091174,0.02738095238095238,452.0,14 176 697 994 177 2356 23,0.0 0.945054945054945 0.07620164126611957 0.002563747228381375 0.9267015706806283 0.02401449932034436 0.976,95363.96096744534,0.02738095238095238,447,16 186 689 1061 174 2303 26,0.4 1.0 0.0668229777256741 0.007206208425720621 0.9109947643979057 0.0 1.0,500767.53546212224,0.017857142857142856,1,16 183 632 967 185 2403 25,0.4 0.9835164835164835 0.0 0.0006929046563192905 0.9685863874345549 0.045310376076121435 0.992,498450.644998809,0.047619047619047616,790,16 182 745 1074 191 2425 24,0.4 0.978021978021978 0.1324736225087925 0.008106984478935698 1.0 0.05527865881286815 0.984,499236.5777983528,0.06547619047619048,680,19 8 1485 15178 0 4510 -87,1.0 0.02197802197802198 1.0 0.985379711751663 0.0 1.0 0.096,1013193.277909554,0.7690476190476191,219,17 4 1460 15389 0 4478 -99,0.6 0.0 0.9706916764361079 1.0 0.0 0.9855006796556411 0.0,610716.7717711576,0.7726190476190476,1086,17 5 1438 15156 0 4426 -99,0.6 0.005494505494505495 0.9449003516998827 0.9838553215077606 0.0 0.961939284096058 0.0,610991.9287807982,0.7738095238095238,1129
resolved-p28d-paper/resolved-p28d-3600-3rd/nsp-n40-d28-r0.10-rp2-fp2-s2,23 203 1850 1088 346 3973 -21,0.0 0.009316770186335404 0.9800646551724138 0.9108159392789373 0.9795918367346939 0.9774464831804281 0.6666666666666666,11751.539824808553,0.025,509.0,23 203 1850 1085 346 3972 -22,0.0 0.009316770186335404 0.9800646551724138 0.9079696394686907 0.9795918367346939 0.9770642201834863 0.6521739130434783,11748.675209614716,0.025,510.0,23 203 1850 1084 346 3973 -21,0.0 0.009316770186335404 0.9800646551724138 0.9070208728652751 0.9795918367346939 0.9774464831804281 0.6666666666666666,11747.74475839489,0.025,511,23 213 1887 1182 341 3960 -6,0.0 0.040372670807453416 1.0 1.0 0.9650145772594753 0.9724770642201835 0.8840579710144928,15144.377367084506,0.010714285714285714,1,23 200 1849 1102 353 4032 -26,0.0 0.0 0.9795258620689655 0.9240986717267552 1.0 1.0 0.5942028985507246,10829.951495314961,0.026785714285714284,634,23 200 1841 1115 346 4027 -26,0.0 0.0 0.9752155172413793 0.9364326375711575 0.9795918367346939 0.9980886850152905 0.5942028985507246,10797.122083407123,0.030357142857142857,791,44 522 382 520 66 1479 2,1.0 1.0 0.18911637931034483 0.3719165085388994 0.16326530612244897 0.02408256880733945 1.0,1102280.6476579427,0.6267857142857143,267,30 345 31 128 10 1416 -51,0.3333333333333333 0.4503105590062112 0.0 0.0 0.0 0.0 0.2318840579710145,378364.6211180124,0.7464285714285714,718,28 341 56 128 12 1514 -67,0.23809523809523808 0.43788819875776397 0.013469827586206896 0.0 0.0058309037900874635 0.03746177370030581 0.0,282019.7139549926,0.7455357142857143,468
resolved-p28d-paper/resolved-p28d-3600-3rd/nsp-n30-d28-r0.10-rp2-fp2-s7,0 0 0 0 0 172 -84,0.0 0.0 0.0 0.0 0.0 0.020253164556962026 0.05,0.25253164556962027,0.14166666666666666,47.0,0 0 0 0 0 164 -83,0.0 0.0 0.0 0.0 0.0 0.0 0.1,0.1,0.12380952380952381,24.0,0 0 0 0 0 164 -83,0.0 0.0 0.0 0.0 0.0 0.0 0.1,0.1,0.12380952380952381,24,0 0 0 0 0 208 -85,0.0 0.0 0.0 0.0 0.0 0.11139240506329114 0.0,1.1139240506329113,0.12023809523809524,28,0 0 0 0 0 225 -68,0.0 0.0 0.0 0.0 0.0 0.15443037974683543 0.85,2.3943037974683543,0.32976190476190476,4,0 0 0 0 0 230 -80,0.0 0.0 0.0 0.0 0.0 0.1670886075949367 0.25,1.9208860759493671,0.12738095238095237,3,0 0 0 0 0 544 -65,0.0 0.0 0.0 0.0 0.0 0.9620253164556962 1.0,10.620253164556962,0.41785714285714287,18,0 0 0 0 0 413 -81,0.0 0.0 0.0 0.0 0.0 0.6303797468354431 0.2,6.50379746835443,0.4261904761904762,125,0 0 0 0 0 559 -68,0.0 0.0 0.0 0.0 0.0 1.0 0.85,10.85,0.4166666666666667,21
resolved-p28d-paper/resolved-p28d-3600-3rd/nsp-n40-d28-r0.10-rp2-fp2-s6,2 19 0 20 0 251 -126,0.0 1.0 0.0 0.0005878318800822965 0.0 0.004401045248246458 0.9402985074626866,100001.57214084003,0.033035714285714286,463.0,2 19 0 18 0 256 -122,0.0 1.0 0.0 0.0004898599000685804 0.0 0.005088708568284968 1.0,100001.54074698576,0.033035714285714286,466.0,3 17 0 16 0 263 -125,0.0625 0.875 0.0 0.0003918879200548643 0.0 0.006051437216338881 0.9552238805970149,150001.40762617282,0.03214285714285714,428,16 12 0 18 0 219 -126,0.875 0.5625 0.0 0.0004898599000685804 0.0 0.0 0.9402985074626866,931251.4301584075,0.016964285714285713,1,15 12 0 8 0 228 -129,0.8125 0.5625 0.0 0.0 0.0 0.0012377939760693166 0.8955223880597015,868750.9079003278,0.029464285714285714,64,14 12 0 8 0 248 -126,0.75 0.5625 0.0 0.0 0.0 0.003988447256223353 0.9402985074626866,806250.9801829801,0.03482142857142857,250,18 7 2597 20422 0 7490 -165,1.0 0.25 1.0 1.0 0.0 1.0 0.3582089552238806,1036010.3582089553,0.6517857142857143,47,17 3 2470 19887 0 7254 -185,0.9375 0.0 0.9510974201001156 0.9737924953463309 0.0 0.9675422912941823 0.05970149253731343,947994.5018207529,0.6455357142857143,543,17 3 2433 19844 0 7203 -189,0.9375 0.0 0.9368502117828263 0.9716860977760361 0.0 0.9605281254297896 0.0,947849.7934968586,0.6419642857142858,778
resolved-p28d-paper/resolved-p28d-3600-3rd/nsp-n50-d28-r0.10-rp2-fp2-s5,14 20 3 35 0 358 -101,0.5 0.6666666666666666 0.0007600709399543957 0.0006564551422319475 0.0 0.0035291873330789776 0.9732142857142857,566675.9323373674,0.02857142857142857,375.0,14 19 1 37 0 353 -100,0.5 0.6333333333333333 0.0002533569799847986 0.0007439824945295405 0.0 0.003052270125906143 0.9821428571428571,563337.6235511862,0.03,398.0,14 19 1 35 0 365 -101,0.5 0.6333333333333333 0.0002533569799847986 0.0006564551422319475 0.0 0.004196871423120946 0.9732142857142857,563337.5385412753,0.032857142857142856,404,28 13 0 21 0 321 -99,1.0 0.43333333333333335 0.0 4.37636761487965e-05 0.0 0.0 0.9910714285714286,1043334.3681684381,0.017857142857142856,1,24 12 2 20 0 363 -110,0.8571428571428571 0.4 0.0005067139599695972 0.0 0.0 0.004006104540251812 0.8928571428571429,897148.857200645,0.030714285714285715,691,25 12 0 32 0 353 -98,0.8928571428571429 0.4 0.0 0.000525164113785558 0.0 0.003052270125906143 1.0,932858.6985439579,0.03214285714285714,465,13 30 3410 17464 1 9682 -139,0.4642857142857143 1.0 0.8639473017481631 0.7634135667396061 1.0 0.8928843952689813 0.6339285714285714,573798.1636424598,0.56,222,0 0 3729 22177 0 10325 -210,0.0 0.0 0.944768178363314 0.969671772428884 0.0 0.9542159481114079 0.0,10426.895715543138,0.6407142857142857,244,0 0 3947 22870 1 10805 -206,0.0 0.0 1.0 1.0 1.0 1.0 0.03571428571428571,11110.035714285714,0.6435714285714286,155
resolved-p28d-paper/resolved-p28d-3600-3rd/nsp-n20-d28-r0.10-rp2-fp2-s2,1 1 4 2 0 89 -42,0.08333333333333333 0.25 0.003305785123966942 0.0 0.0 0.014056224899598393 0.3333333333333333,108366.86508015533,0.06964285714285715,717.0,1 1 4 2 0 89 -49,0.08333333333333333 0.25 0.003305785123966942 0.0 0.0 0.014056224899598393 0.0,108366.531746822,0.09285714285714286,722.0,1 1 4 2 0 89 -48,0.08333333333333333 0.25 0.003305785123966942 0.0 0.0 0.014056224899598393 0.047619047619047616,108366.57936586962,0.09107142857142857,721,11 2 4 7 0 61 -42,0.9166666666666666 0.5 0.003305785123966942 0.0006314725940894166 0.0 0.0 0.3333333333333333,966700.6893238338,0.0125,1,8 1 4 3 0 72 -38,0.6666666666666666 0.25 0.003305785123966942 0.00012629451881788332 0.0 0.005522088353413655 0.5238095238095238,691700.4298428325,0.026785714285714284,2129,9 4 2 13 0 82 -42,0.75 1.0 0.0 0.0013892397069967164 0.0 0.010542168674698794 0.3333333333333333,850001.8279947272,0.04285714285714286,2090,12 2 4 7 0 61 -42,1.0 0.5 0.003305785123966942 0.0006314725940894166 0.0 0.0 0.3333333333333333,1050034.022657167,0.0125,716,0 0 597 6245 0 2038 -28,0.0 0.0 0.9834710743801653 0.7884566809800455 0.0 0.9924698795180723 1.0,10634.09212357688,0.6696428571428571,688,0 0 607 7920 0 2053 -40,0.0 0.0 1.0 1.0 0.0 1.0 0.42857142857142855,11010.42857142857,0.6464285714285715,578
resolved-p28d-paper/resolved-p28d-3600-3rd/nsp-n20-d28-r0.10-rp2-fp2-s3,0 0 0 0 0 112 -46,0.0 0.0 0.0 0.0 0.0 0.0 0.0,0.0,0.1875,35.0,0 0 0 0 0 120 -45,0.0 0.0 0.0 0.0 0.0 0.0326530612244898 0.05,0.376530612244898,0.17142857142857143,21.0,0 0 0 0 0 120 -45,0.0 0.0 0.0 0.0 0.0 0.0326530612244898 0.05,0.376530612244898,0.17142857142857143,21,0 0 0 0 0 156 -41,0.0 0.0 0.0 0.0 0.0 0.17959183673469387 0.25,2.0459183673469385,0.15714285714285714,2,0 0 0 0 0 135 -42,0.0 0.0 0.0 0.0 0.0 0.09387755102040816 0.2,1.1387755102040817,0.2839285714285714,3,0 0 0 0 0 163 -46,0.0 0.0 0.0 0.0 0.0 0.20816326530612245 0.0,2.0816326530612246,0.15535714285714286,2,0 0 0 0 0 306 -26,0.0 0.0 0.0 0.0 0.0 0.7918367346938775 1.0,8.918367346938775,0.5178571428571429,18,0 0 0 0 0 293 -32,0.0 0.0 0.0 0.0 0.0 0.7387755102040816 0.7,8.087755102040816,0.5321428571428571,4,0 0 0 0 0 357 -26,0.0 0.0 0.0 0.0 0.0 1.0 1.0,11.0,0.5125,24
resolved-p28d-paper/resolved-p28d-3600-3rd/nsp-n20-d28-r0.10-rp2-fp2-s5,4 7 10 17 0 110 -24,0.08333333333333333 0.42857142857142855 0.012924071082390954 0.0011410314924691922 0.0 0.020319303338171262 0.3448275862068966,126321.40595341215,0.05892857142857143,710.0,3 10 13 21 0 113 -21,0.0 0.8571428571428571 0.017770597738287562 0.001597444089456869 0.0 0.02177068214804064 0.4482758620689655,85894.2551184416,0.044642857142857144,724.0,4 9 7 20 0 95 -24,0.08333333333333333 0.7142857142857143 0.008077544426494346 0.0014833409402099497 0.0 0.013062409288824383 0.3448275862068966,154844.63899878899,0.05,625,15 9 2 7 0 68 -17,1.0 0.7142857142857143 0.0 0.0 0.0 0.0 0.5862068965517241,1071429.1576354678,0.0125,1,9 11 3 22 1 109 -24,0.5 1.0 0.0016155088852988692 0.0017115472387037882 1.0 0.01983551040154814 0.3448275862068966,600118.4098187819,0.06428571428571428,1707,9 7 3 12 0 97 -22,0.5 0.42857142857142855 0.0016155088852988692 0.0005705157462345961 0.0 0.014029995162070633 0.41379310344827586,542874.4225547971,0.05714285714285714,774,11 4 600 8771 0 2116 -26,0.6666666666666666 0.0 0.9660743134087237 1.0 0.0 0.9908079342041606 0.27586206896551724,677337.5937421648,0.6464285714285715,838,8 5 571 6976 0 2060 -5,0.4166666666666667 0.14285714285714285 0.9192245557350566 0.7951848471017801 0.0 0.9637155297532656 1.0,440950.4485121309,0.6642857142857143,1285,11 4 621 8768 0 2135 -34,0.6666666666666666 0.0 1.0 0.9996576905522593 0.0 1.0 0.0,677676.3243572189,0.6553571428571429,835
resolved-p28d-paper/resolved-p28d-3600-3rd/nsp-n30-d28-r0.10-rp2-fp2-s0,1 14 1 21 0 160 -77,0.0 1.0 0.000708215297450425 0.0009536135140657993 0.0 0.007988721804511278 1.0,100009.11565370661,0.04523809523809524,529.0,1 14 1 21 0 159 -78,0.0 1.0 0.000708215297450425 0.0009536135140657993 0.0 0.00775375939849624 0.9811320754716981,100009.09443615802,0.04642857142857143,531.0,1 14 1 21 0 159 -78,0.0 1.0 0.000708215297450425 0.0009536135140657993 0.0 0.00775375939849624 0.9811320754716981,100009.09443615802,0.04642857142857143,531,13 12 0 26 0 126 -81,1.0 0.6666666666666666 0.0 0.001294189769089299 0.0 0.0 0.9245283018867925,1066668.8853847377,0.01904761904761905,1,11 10 0 33 0 150 -81,0.8333333333333334 0.3333333333333333 0.0 0.0017709965261221987 0.0 0.005639097744360902 0.9245283018867925,866669.4185824723,0.034523809523809526,426,10 10 0 7 0 140 -80,0.75 0.3333333333333333 0.0 0.0 0.0 0.003289473684210526 0.9433962264150944,783334.3096242966,0.03214285714285714,299,9 12 1412 14166 0 4309 -95,0.6666666666666666 0.6666666666666666 1.0 0.9644438389755466 0.0 0.9828477443609023 0.660377358490566,744308.2660271109,0.6392857142857142,763,7 8 1402 14655 2 4367 -122,0.5 0.0 0.9929178470254958 0.9977521967168449 1.0 0.9964755639097744 0.1509433962264151,511037.04636600707,0.6595238095238095,1092,7 11 1408 14688 0 4382 -130,0.5 0.5 0.9971671388101983 1.0 0.0 1.0 0.0,560981.671388102,0.6511904761904762,1034
resolved-p28d-paper/resolved-p28d-3600-1st/nsp-n30-d28-r0.10-rp2-fp2-s2,0 0 0 0 0 192 -76,0.0 0.0 0.0 0.0 0.0 0.04580152671755725 0.09803921568627451,0.556054482861847,0.16666666666666666,36.0,0 0 0 0 0 183 -81,0.0 0.0 0.0 0.0 0.0 0.011450381679389313 0.0,0.11450381679389313,0.1380952380952381,11.0,0 0 0 0 0 180 -74,0.0 0.0 0.0 0.0 0.0 0.0 0.13725490196078433,0.13725490196078433,0.1261904761904762,15,0 0 0 0 0 223 -75,0.0 0.0 0.0 0.0 0.0 0.16412213740458015 0.11764705882352941,1.758868432869331,0.16071428571428573,1,0 0 0 0 0 193 -73,0.0 0.0 0.0 0.0 0.0 0.04961832061068702 0.1568627450980392,0.6530459512049094,0.36666666666666664,3,0 0 0 0 0 238 -60,0.0 0.0 0.0 0.0 0.0 0.22137404580152673 0.4117647058823529,2.62550516389762,0.1595238095238095,2,0 0 0 0 0 442 -49,0.0 0.0 0.0 0.0 0.0 1.0 0.6274509803921569,10.627450980392156,0.4773809523809524,46,0 0 0 0 0 393 -30,0.0 0.0 0.0 0.0 0.0 0.8129770992366412 1.0,9.129770992366412,0.5023809523809524,71,0 0 0 0 0 421 -54,0.0 0.0 0.0 0.0 0.0 0.9198473282442748 0.5294117647058824,9.72788504714863,0.4797619047619048,40
resolved-p28d-paper/resolved-p28d-3600-1st/nsp-n50-d28-r0.10-rp2-fp2-s8,32 206 3724 1473 440 6278 -21,0.0 0.978494623655914 0.0 0.9547872340425532 0.48755656108597284 0.009506680369989723 1.0,98854.10032254625,0.017857142857142856,476.0,32 206 3724 1452 440 6241 -28,0.0 0.978494623655914 0.0 0.9361702127659575 0.48755656108597284 0.0 0.7941176470588235,98835.18235211301,0.017857142857142856,484.0,32 206 3727 1476 440 6282 -21,0.0 0.978494623655914 0.0004918839153959665 0.9574468085106383 0.48755656108597284 0.0105344295991778 1.0,98861.6890136606,0.017142857142857144,421,33 208 3761 1524 439 6250 -21,0.125 1.0 0.006066568289883587 1.0 0.48642533936651583 0.0023124357656731757 1.0,226110.33134119314,0.008571428571428572,1,33 206 3763 1503 449 6325 -30,0.125 0.978494623655914 0.006394490900147565 0.9813829787234043 0.497737556561086 0.02158273381294964 0.7352941176470589,223945.5151304282,0.02214285714285714,58,33 206 3791 1502 451 6348 -29,0.125 0.978494623655914 0.010985407443843253 0.9804964539007093 0.5 0.02749229188078109 0.7647058823529411,223990.8525227317,0.03642857142857143,49,40 132 9735 1322 893 10133 -25,1.0 0.1827956989247312 0.9855714051483849 0.8209219858156028 1.0 1.0 0.8823529411764706,1029067.0882827139,0.21785714285714286,192,36 115 9468 396 16 8024 -25,0.5 0.0 0.9417937366781439 0.0 0.007918552036199095 0.4581192189105858 0.8823529411764706,509424.1927671154,0.8042857142857143,432,34 118 9823 405 9 7867 -55,0.25 0.03225806451612903 1.0 0.007978723404255319 0.0 0.41778006166495374 0.0,263237.9629756338,0.8042857142857143,430
resolved-p28d-paper/resolved-p28d-3600-1st/nsp-n50-d28-r0.10-rp2-fp2-s3,13 20 2 38 0 476 -129,0.05555555555555555 1.0 0.0004798464491362764 0.0007957665221024152 0.0 0.002211777716339508 1.0,155562.17190434618,0.027142857142857142,431.0,16 16 0 30 0 477 -131,0.2222222222222222 0.7333333333333333 0.0 0.0004774599132614491 0.0 0.0023039351211869875 0.9830508474576272,295557.0391056675,0.029285714285714286,399.0,12 20 2 29 0 506 -131,0.0 1.0 0.0004798464491362764 0.0004376715871563283 0.0 0.0049764998617638926 0.9830508474576272,100006.2689519246,0.03214285714285714,449,30 11 2 22 0 457 -130,1.0 0.4 0.0004798464491362764 0.00015915330442048303 0.0 0.00046078702423739745 0.9915254237288136,1040005.9537510897,0.015,1,26 20 31 51 3 537 -137,0.7777777777777778 1.0 0.007437619961612284 0.001313014761468985 1.0 0.007833379412035758 0.9322033898305084,877954.4775293393,0.05,375,27 9 0 18 0 452 -130,0.8333333333333334 0.26666666666666666 0.0 0.0 0.0 0.0 0.9915254237288136,860000.9915254237,0.02,104,27 9 4013 23628 0 10928 -219,0.8333333333333334 0.26666666666666666 0.9628119001919386 0.9394023793419011 0.0 0.9654409731821952 0.23728813559322035,870577.4130791287,0.6435714285714286,632,27 5 4168 25151 0 11303 -247,0.8333333333333334 0.0 1.0 1.0 0.0 1.0 0.0,844343.3333333334,0.6414285714285715,475,27 5 4135 24499 0 11157 -235,0.8333333333333334 0.0 0.9920825335892515 0.9740580113794612 0.0 0.986545018892268 0.1016949152542373,844238.1838257094,0.6435714285714286,577
resolved-p28d-paper/resolved-p28d-3600-1st/nsp-n10-d28-r0.10-rp0-fp0-s8,0 2 0 2 0 92 -19,0.0 0.012345679012345678 0.0 0.0 0.0 0.04980842911877394 0.0,1235.0659855257557,0.1392857142857143,396.0,0 2 0 2 0 92 -19,0.0 0.012345679012345678 0.0 0.0 0.0 0.04980842911877394 0.0,1235.0659855257557,0.1392857142857143,396.0,0 2 0 2 0 92 -19,0.0 0.012345679012345678 0.0 0.0 0.0 0.04980842911877394 0.0,1235.0659855257557,0.1392857142857143,396,4 6 0 11 0 79 -16,0.5 0.06172839506172839 0.0 0.3333333333333333 0.0 0.0 0.13043478260869565,506506.3032742888,0.025,1,0 1 0 29 7 173 -5,0.0 0.0 0.0 1.0 1.0 0.36015325670498083 0.6086956521739131,1104.2102282192238,0.3392857142857143,1174,0 2 0 3 0 99 -16,0.0 0.012345679012345678 0.0 0.037037037037037035 0.0 0.07662835249042145 0.13043478260869565,1272.5016565791177,0.10714285714285714,416,4 6 0 11 0 79 -16,0.5 0.06172839506172839 0.0 0.3333333333333333 0.0 0.0 0.13043478260869565,506506.3032742888,0.025,397,7 82 0 13 0 288 4,0.875 1.0 0.0 0.4074074074074074 0.0 0.8007662835249042 1.0,975416.4150702427,0.7357142857142858,2628,8 69 9 17 1 340 1,1.0 0.8395061728395061 1.0 0.5555555555555556 0.14285714285714285 1.0 0.8695652173913043,1094531.328119009,0.6142857142857143,2793
resolved-p28d-paper/resolved-p28d-3600-1st/nsp-n30-d28-r0.10-rp2-fp2-s5,1 11 19 208 22 1162 32,0.07142857142857142 0.1506849315068493 0.012445095168374817 0.004877671105605451 1.0 0.025188092901537455 1.0,86727.64508297472,0.03571428571428571,815.0,1 11 20 177 19 1133 20,0.07142857142857142 0.1506849315068493 0.013177159590043924 0.0024775472282440383 0.8636363636363636 0.015701668302257114 0.9117647058823529,86718.74614013758,0.04404761904761905,812.0,1 13 16 181 21 1132 30,0.07142857142857142 0.1780821917808219 0.010248901903367497 0.002787240631774543 0.9545454545454546 0.015374550212626759 0.9852941176470589,89438.66045139339,0.03571428571428571,768,14 4 3 170 22 1091 28,1.0 0.0547945205479452 0.0007320644216691069 0.001935583772065655 1.0 0.001962708537782139 0.9705882352941176,1005589.698498104,0.014285714285714285,1,13 3 2 153 14 1106 26,0.9285714285714286 0.0410958904109589 0.0 0.0006193868070610096 0.6363636363636364 0.0068694798822374874 0.9558823529411765,932746.2979401198,0.10119047619047619,557,13 3 2 145 9 1085 23,0.9285714285714286 0.0410958904109589 0.0 0.0 0.4090909090909091 0.0 0.9338235294117647,932722.860526963,0.04642857142857143,870,11 73 760 3392 5 2575 30,0.7857142857142857 1.0 0.554904831625183 0.25139362031588725 0.22727272727272727 0.4874059535492313 0.9852941176470589,891543.3142772338,0.3619047619047619,459,0 0 1346 12110 1 4049 -88,0.0 0.0 0.9838945827232797 0.9263703933106224 0.045454545454545456 0.9695780176643768 0.11764705882352941,10779.675102324341,0.6452380952380953,259,0 0 1368 13061 0 4142 -104,0.0 0.0 1.0 1.0 0.0 1.0 0.0,11010.0,0.6404761904761904,133
resolved-p28d-paper/resolved-p28d-3600-1st/nsp-n30-d28-r0.10-rp2-fp2-s9,2 11 3 12 0 130 -75,0.0 0.03383458646616541 0.02608695652173913 0.056451612903225805 0.0 0.04119850187265917 0.08771929824561403,3701.2795290541308,0.02976190476190476,760.0,3 8 2 10 0 124 -74,0.029411764705882353 0.022556390977443608 0.017391304347826087 0.04032258064516129 0.0 0.033707865168539325 0.10526315789473684,31882.081769559718,0.047619047619047616,624.0,2 15 1 13 0 120 -74,0.0 0.04887218045112782 0.008695652173913044 0.06451612903225806 0.0 0.02871410736579276 0.10526315789473684,5039.083100115723,0.02619047619047619,758,17 2 0 5 0 97 -79,0.4411764705882353 0.0 0.0 0.0 0.0 0.0 0.017543859649122806,441176.48813209496,0.008333333333333333,1,11 48 7 56 2 186 -53,0.2647058823529412 0.17293233082706766 0.06086956521739131 0.4112903225806452 0.2 0.1111111111111111 0.47368421052631576,283040.68620572414,0.09523809523809523,547,11 3 5 20 3 144 -80,0.2647058823529412 0.0037593984962406013 0.043478260869565216 0.12096774193548387 0.3 0.05867665418227216 0.0,265668.1593197382,0.041666666666666664,551,36 268 115 125 10 487 -59,1.0 1.0 1.0 0.967741935483871 1.0 0.4868913857677903 0.3684210526315789,1111072.9792703942,0.2642857142857143,570,21 258 19 84 6 858 -28,0.5588235294117647 0.9624060150375939 0.16521739130434782 0.6370967741935484 0.6 0.9500624219725343 0.9122807017543859,657423.8145076827,0.6059523809523809,1006,22 251 25 129 10 898 -23,0.5882352941176471 0.9360902255639098 0.21739130434782608 1.0 1.0 1.0 1.0,685129.2297175163,0.6011904761904762,528
resolved-p28d-paper/resolved-p28d-3600-1st/nsp-n40-d28-r0.10-rp2-fp2-s7,15 12 0 25 0 228 -103,0.07692307692307693 0.5 0.0 0.00038400614409830555 0.0 0.002192681924078388 1.0,126924.48285604027,0.024107142857142858,436.0,15 12 0 25 0 228 -103,0.07692307692307693 0.5 0.0 0.00038400614409830555 0.0 0.002192681924078388 1.0,126924.48285604027,0.024107142857142858,436.0,14 13 1 22 0 236 -103,0.0 0.5833333333333334 0.0003834355828220859 0.00024000384006144098 0.0 0.0032890228861175825 1.0,58338.44058323048,0.026785714285714284,453,27 7 1 17 0 212 -104,1.0 0.08333333333333333 0.0003834355828220859 0.0 0.0 0.0 0.9895833333333334,1008338.157272495,0.0125,1,25 18 6 21 1 240 -107,0.8461538461538461 1.0 0.0023006134969325155 0.00019200307204915277 1.0 0.0038371933671371796 0.9583333333333334,946278.0409971544,0.039285714285714285,1070,25 7 1 17 0 216 -105,0.8461538461538461 0.08333333333333333 0.0003834355828220859 0.0 0.0 0.000548170481019597 0.9791666666666666,854491.9984913792,0.016964285714285713,724,15 6 2608 20850 0 7509 -166,0.07692307692307693 0.0 1.0 1.0 0.0 1.0 0.34375,87933.42067307692,0.6616071428571428,99,15 6 2521 20590 0 7359 -199,0.07692307692307693 0.0 0.9666411042944786 0.9875198003168051 0.0 0.9794436069617651 0.0,87586.80220240813,0.6616071428571428,902,15 6 2493 20669 0 7320 -197,0.07692307692307693 0.0 0.9559049079754601 0.9913118609897759 0.0 0.974098944771824 0.020833333333333332,87483.19968660235,0.6625,939
resolved-p28d-paper/resolved-p28d-3600-1st/nsp-n50-d28-r0.10-rp2-fp2-s4,11 29 2 24 0 363 -82,0.0 1.0 0.0004598758335249483 0.0005364190198858193 0.0 0.0033681971281687645 0.9669421487603306,100006.13580147519,0.02857142857142857,442.0,12 23 3 27 0 372 -84,0.14285714285714285 0.7272727272727273 0.0006898137502874224 0.0006513659527184949 0.0 0.004165928026945577 0.9504132231404959,215592.9571603746,0.029285714285714286,435.0,12 25 3 29 0 360 -78,0.14285714285714285 0.8181818181818182 0.0006898137502874224 0.0007279972412736121 0.0 0.0031022868285764935 1.0,224683.9818329371,0.029285714285714286,423,18 24 1 21 0 325 -82,1.0 0.7727272727272727 0.00022993791676247414 0.0004214720870531438 0.0 0.0 0.9669421487603306,1077276.4150661307,0.02214285714285714,1,18 22 0 10 0 339 -86,1.0 0.6818181818181818 0.0 0.0 0.0 0.0012409147314305974 0.9338842975206612,1068182.764475263,0.03214285714285714,386,16 22 2 27 0 349 -82,0.7142857142857143 0.6818181818181818 0.0004598758335249483 0.0006513659527184949 0.0 0.002127282396738167 0.9669421487603306,782473.770806793,0.03214285714285714,403,18 14 4323 25234 0 11451 -199,1.0 0.3181818181818182 0.9940216141641757 0.9664738112571363 0.0 0.9861726644212019 0.0,1042734.7334977249,0.6428571428571429,360,18 7 4320 25948 1 11498 -194,1.0 0.0 0.9933318004138882 0.9938311812713131 1.0 0.9903385924481475 0.04132231404958678,1011037.0938936488,0.66,38,18 7 4349 26109 0 11607 -197,1.0 0.0 1.0 1.0 0.0 1.0 0.01652892561983471,1011010.0165289256,0.66,128
resolved-p28d-paper/resolved-p28d-3600-1st/nsp-n30-d28-r0.10-rp2-fp2-s6,16 156 530 586 182 1843 23,0.125 0.0 0.8234375 0.8047619047619048 0.9035532994923858 0.8597904915390814 0.7910447761194029,134138.88118440265,0.05,334.0,13 162 537 640 169 1933 14,0.0 0.028708133971291867 0.834375 0.8904761904761904 0.8375634517766497 0.9323126510878323 0.6567164179104478,12198.77577571183,0.030952380952380953,577.0,13 163 554 695 177 1912 17,0.0 0.03349282296650718 0.8609375 0.9777777777777777 0.8781725888324873 0.9153908138597905 0.7014925373134329,13034.107733987656,0.025,566,18 168 555 709 182 1915 21,0.20833333333333334 0.05741626794258373 0.8625 1.0 0.9035532994923858 0.9178082191780822 0.7611940298507462,223800.2547337626,0.016666666666666666,1,17 167 556 588 186 1953 19,0.16666666666666666 0.05263157894736842 0.8640625 0.807936507936508 0.9238578680203046 0.9484286865431104 0.7313432835820896,181480.98748629107,0.05,1131,17 166 643 623 201 2017 21,0.16666666666666666 0.04784688995215311 1.0 0.8634920634920635 1.0 1.0 0.7611940298507462,182425.6089194039,0.05,1125,37 365 385 427 64 1105 37,1.0 1.0 0.596875 0.5523809523809524 0.30456852791878175 0.26510878323932313 1.0,1106555.2388930053,0.4238095238095238,500,28 255 3 79 4 776 -30,0.625 0.47368421052631576 0.0 0.0 0.0 0.0 0.0,672368.4210526316,0.7226190476190476,1157,28 254 18 87 8 784 -25,0.625 0.4688995215311005 0.0234375 0.012698412698412698 0.02030456852791878 0.0064464141821112 0.07462686567164178,672139.1951136688,0.7226190476190476,750
resolved-p28d-paper/resolved-p28d-3600-1st/nsp-n20-d28-r0.10-rp2-fp2-s0,0 0 0 0 0 83 -43,0.0 0.0 0.0 0.0 0.0 0.0 0.34615384615384615,0.34615384615384615,0.22142857142857142,18.0,0 0 0 0 0 87 -45,0.0 0.0 0.0 0.0 0.0 0.018518518518518517 0.2692307692307692,0.4544159544159544,0.18035714285714285,11.0,0 0 0 0 0 87 -45,0.0 0.0 0.0 0.0 0.0 0.018518518518518517 0.2692307692307692,0.4544159544159544,0.18035714285714285,11,0 0 0 0 0 107 -52,0.0 0.0 0.0 0.0 0.0 0.1111111111111111 0.0,1.1111111111111112,0.1,20,0 0 0 0 0 101 -37,0.0 0.0 0.0 0.0 0.0 0.08333333333333333 0.5769230769230769,1.4102564102564101,0.22142857142857142,5,0 0 0 0 0 109 -49,0.0 0.0 0.0 0.0 0.0 0.12037037037037036 0.11538461538461539,1.3190883190883191,0.09642857142857143,30,0 0 0 0 0 253 -26,0.0 0.0 0.0 0.0 0.0 0.7870370370370371 1.0,8.87037037037037,0.4982142857142857,32,0 0 0 0 0 250 -29,0.0 0.0 0.0 0.0 0.0 0.7731481481481481 0.8846153846153846,8.616096866096866,0.5285714285714286,37,0 0 0 0 0 299 -33,0.0 0.0 0.0 0.0 0.0 1.0 0.7307692307692307,10.73076923076923,0.5035714285714286,25
resolved-p28d-paper/resolved-p28d-3600-1st/nsp-n50-d28-r0.10-rp2-fp2-s6,15 17 4 40 0 388 -154,0.0 1.0 0.0009205983889528193 0.0009714019272614237 0.0 0.0031305903398926656 0.9595959595959596,100011.16828767977,0.02642857142857143,365.0,15 17 5 36 0 388 -155,0.0 1.0 0.0011507479861910242 0.0008159776188995959 0.0 0.0031305903398926656 0.9494949494949495,100013.30425833371,0.02642857142857143,363.0,15 17 4 41 0 388 -155,0.0 1.0 0.0009205983889528193 0.0010102580043518806 0.0 0.0031305903398926656 0.9494949494949495,100011.19704274676,0.02642857142857143,364,25 15 1 27 0 353 -151,1.0 0.7777777777777778 0.00023014959723820482 0.00046627292508548337 0.0 0.0 0.98989898989899,1077781.535445665,0.016428571428571428,1,21 14 0 15 0 368 -154,0.6 0.6666666666666666 0.0 0.0 0.0 0.0013416815742397137 0.9595959595959596,666667.639679442,0.03785714285714286,702,23 14 1 15 0 365 -150,0.8 0.6666666666666666 0.00023014959723820482 0.0 0.0 0.001073345259391771 1.0,866669.9788960917,0.024285714285714285,294,20 8 4345 25751 0 11533 -234,0.5 0.0 1.0 1.0 0.0 1.0 0.15151515151515152,511010.1515151515,0.6528571428571428,25,19 8 4342 25658 1 11524 -249,0.4 0.0 0.9993095512082854 0.9963863848305875 1.0 0.9991949910554562 0.0,411099.47384682397,0.6542857142857142,105,19 8 4342 25719 1 11524 -249,0.4 0.0 0.9993095512082854 0.9987566055331054 1.0 0.9991949910554562 0.0,411101.8440675265,0.6542857142857142,98
resolved-p28d-paper/resolved-p28d-3600-1st/nsp-n40-d28-r0.10-rp2-fp2-s1,11 10 4 17 0 701 -119,0.0 0.14893617021276595 0.001569242840329541 0.0 0.0 0.007248520710059172 0.9230769230769231,14910.305011810067,0.039285714285714285,623.0,11 10 4 17 1 723 -109,0.0 0.14893617021276595 0.001569242840329541 0.0 1.0 0.010502958579881656 0.993006993006993,15010.407486258697,0.02857142857142857,587.0,11 10 4 17 1 706 -110,0.0 0.14893617021276595 0.001569242840329541 0.0 1.0 0.007988165680473372 0.986013986013986,15010.37534532271,0.030357142857142857,595,18 13 0 19 1 704 -108,1.0 0.2127659574468085 0.0 9.754194303550527e-05 1.0 0.007692307692307693 1.0,1021377.7702097008,0.014285714285714285,1,15 50 17 37 1 658 -121,0.5714285714285714 1.0 0.006669282071400549 0.0009754194303550526 1.0 0.0008875739644970414 0.9090909090909091,671597.1576353644,0.05089285714285714,476,16 49 18 44 1 652 -125,0.7142857142857143 0.9787234042553191 0.007061592781482934 0.0013168162309793211 1.0 0.0 0.8811188811188811,812330.8685741733,0.05357142857142857,568,17 7 2541 20057 0 7412 -224,0.8571428571428571 0.0851063829787234 0.9968615143193409 0.9773702692157628 0.0 1.0 0.1888111888111888,876609.6696643274,0.6526785714285714,386,16 3 2498 20216 0 7317 -251,0.7142857142857143 0.0 0.9799921537857984 0.9851248536870855 0.0 0.9859467455621301 0.0,725080.6201447151,0.6455357142857143,506,16 4 2549 20521 0 7373 -244,0.7142857142857143 0.02127659574468085 1.0 1.0 0.0 0.9942307692307693 0.04895104895104895,727423.3651189236,0.6491071428571429,247
resolved-p28d-paper/resolved-p28d-3600-1st/nsp-n10-d28-r0.10-rp0-fp0-s3,0 0 0 0 0 93 -30,0.0 0.0 0.0 0.0 0.0 0.0 0.3,0.3,0.26785714285714285,27.0,0 0 0 0 0 97 -23,0.0 0.0 0.0 0.0 0.0 0.038834951456310676 1.0,1.3883495145631066,0.19642857142857142,19.0,0 0 0 0 0 97 -23,0.0 0.0 0.0 0.0 0.0 0.038834951456310676 1.0,1.3883495145631066,0.19642857142857142,19,0 0 0 0 0 108 -33,0.0 0.0 0.0 0.0 0.0 0.14563106796116504 0.0,1.4563106796116503,0.08571428571428572,44,0 0 0 0 0 127 -30,0.0 0.0 0.0 0.0 0.0 0.3300970873786408 0.3,3.600970873786408,0.25357142857142856,5,0 0 0 0 0 108 -33,0.0 0.0 0.0 0.0 0.0 0.14563106796116504 0.0,1.4563106796116503,0.08571428571428572,32,0 0 0 0 0 184 -25,0.0 0.0 0.0 0.0 0.0 0.883495145631068 0.8,9.63495145631068,0.4035714285714286,23,0 0 0 0 0 155 -28,0.0 0.0 0.0 0.0 0.0 0.6019417475728155 0.5,6.519417475728154,0.6464285714285715,126,0 0 0 0 0 196 -26,0.0 0.0 0.0 0.0 0.0 1.0 0.7,10.7,0.4142857142857143,14
resolved-p28d-paper/resolved-p28d-3600-1st/nsp-n10-d28-r0.10-rp0-fp0-s5,0 0 2 2 0 137 -33,0.0 0.0 0.0 0.0 0.0 0.060658578856152515 0.09803921568627451,0.7046250042477996,0.12857142857142856,748.0,1 0 2 3 0 130 -34,0.16666666666666666 0.0 0.0 0.00199203187250996 0.0 0.04852686308492201 0.0784313725490196,166669.22239854257,0.10714285714285714,709.0,1 0 2 3 0 130 -32,0.16666666666666666 0.0 0.0 0.00199203187250996 0.0 0.04852686308492201 0.11764705882352941,166669.26161422883,0.1,708,6 1 3 3 0 102 -37,1.0 0.3333333333333333 0.01098901098901099 0.00199203187250996 0.0 0.0 0.0196078431372549,1033445.2350829392,0.014285714285714285,1,2 0 6 15 1 157 -34,0.3333333333333333 0.0 0.04395604395604396 0.025896414342629483 0.25 0.09532062391681109 0.0784313725490196,333824.82182484807,0.11428571428571428,2065,2 3 5 11 1 152 -38,0.3333333333333333 1.0 0.03296703296703297 0.017928286852589643 0.25 0.08665511265164645 0.0,433706.79850098275,0.07857142857142857,3230,6 1 3 3 0 102 -37,1.0 0.3333333333333333 0.01098901098901099 0.00199203187250996 0.0 0.0 0.0196078431372549,1033445.2350829392,0.014285714285714285,344,0 0 93 504 4 679 13,0.0 0.0 1.0 1.0 1.0 1.0 1.0,11111.0,0.6892857142857143,1781,0 0 56 173 3 505 1,0.0 0.0 0.5934065934065934 0.34063745019920316 0.75 0.6984402079722704 0.7647058823529411,6357.452492227213,0.5892857142857143,1896
resolved-p28d-paper/resolved-p28d-3600-1st/nsp-n20-d28-r0.10-rp2-fp2-s9,0 0 0 0 0 106 -17,0.0 0.0 0.0 0.0 0.0 0.0 0.5681818181818182,0.5681818181818182,0.2125,46.0,0 0 0 0 0 115 -28,0.0 0.0 0.0 0.0 0.0 0.046875 0.3181818181818182,0.7869318181818181,0.16607142857142856,21.0,0 0 0 0 0 115 -28,0.0 0.0 0.0 0.0 0.0 0.046875 0.3181818181818182,0.7869318181818181,0.16607142857142856,21,0 0 0 0 0 135 -39,0.0 0.0 0.0 0.0 0.0 0.15104166666666666 0.06818181818181818,1.5785984848484846,0.15892857142857142,15,0 0 0 0 0 132 -19,0.0 0.0 0.0 0.0 0.0 0.13541666666666666 0.5227272727272727,1.8768939393939392,0.35714285714285715,7,0 0 0 0 0 125 -42,0.0 0.0 0.0 0.0 0.0 0.09895833333333333 0.0,0.9895833333333333,0.13214285714285715,25,0 0 0 0 0 298 -8,0.0 0.0 0.0 0.0 0.0 1.0 0.7727272727272727,10.772727272727273,0.5035714285714286,48,0 0 0 0 0 228 2,0.0 0.0 0.0 0.0 0.0 0.6354166666666666 1.0,7.354166666666666,0.6107142857142858,95,0 0 0 0 0 283 -8,0.0 0.0 0.0 0.0 0.0 0.921875 0.7727272727272727,9.991477272727273,0.49464285714285716,58
resolved-p28d-paper/resolved-p28d-3600-1st/nsp-n50-d28-r0.10-rp2-fp2-s7,34 711 1258 1431 161 2379 50,0.9230769230769231 0.9538670284938942 0.006772009029345372 0.004192788403945214 0.8994413407821229 0.010534317984361425 0.9603399433427762,1018626.5486222113,0.022857142857142857,357.0,34 712 1252 1435 164 2351 50,0.9230769230769231 0.9552238805970149 0.004837149306675266 0.0043525136764764605 0.9162011173184358 0.007493483927019983 0.9603399433427762,1018744.6905298823,0.025714285714285714,351.0,34 712 1252 1444 161 2353 51,0.9230769230769231 0.9552238805970149 0.004837149306675266 0.0047118955396717645 0.8994413407821229 0.007710686359687228 0.9631728045325779,1018743.3789389775,0.025714285714285714,349,35 730 1295 1491 161 2396 64,1.0 0.9796472184531886 0.01870364398581103 0.006588667491913908 0.8994413407821229 0.012380538662033015 1.0,1098249.4148921338,0.012142857142857143,1,34 734 1237 1326 172 2282 31,0.9230769230769231 0.9850746268656716 0.0 0.0 0.9608938547486033 0.0 0.9065155807365439,1021681.381664546,0.07285714285714286,282,33 745 1265 1361 179 2282 38,0.8461538461538461 1.0 0.009029345372460496 0.0013975961346484047 1.0 0.0 0.9263456090651558,946346.4635493144,0.09857142857142857,335,22 14 4338 24642 0 11470 -236,0.0 0.008141112618724558 1.0 0.9310386135846345 0.0 0.9978279756733276 0.1501416430594901,11755.278296856884,0.7564285714285715,348,23 8 4251 26369 0 11388 -289,0.07692307692307693 0.0 0.9719445340212834 1.0 0.0 0.9889226759339704 0.0,87652.41149004908,0.7628571428571429,457,23 8 4323 26293 1 11490 -272,0.07692307692307693 0.0 0.9951628506933248 0.9969652198219063 0.00558659217877095 1.0 0.04815864022662889,87882.27746769019,0.76,139
resolved-p28d-paper/resolved-p28d-3600-1st/nsp-n30-d28-r0.10-rp2-fp2-s4,1 12 5 30 0 176 -77,0.0 0.18604651162790697 0.002807017543859649 0.0006105006105006105 0.0 0.007792207792207792 0.9473684210526315,18634.35712933877,0.0380952380952381,665.0,1 12 4 30 0 173 -77,0.0 0.18604651162790697 0.002105263157894737 0.0006105006105006105 0.0 0.0070838252656434475 0.9473684210526315,18627.332501653855,0.0380952380952381,667.0,1 12 1 27 0 164 -75,0.0 0.18604651162790697 0.0 0.000407000407000407 0.0 0.0049586776859504135 1.0,18606.10774997456,0.05119047619047619,723,11 10 2 26 0 143 -86,0.9090909090909091 0.13953488372093023 0.0007017543859649122 0.0003391670058336725 0.0 0.0 0.7105263157894737,923052.4647001835,0.02023809523809524,1,9 9 1 21 0 172 -85,0.7272727272727273 0.11627906976744186 0.0 0.0 0.0 0.006847697756788666 0.7368421052631579,738901.4395685543,0.0380952380952381,302,8 47 12 42 0 188 -79,0.6363636363636364 1.0 0.0077192982456140355 0.0014245014245014246 0.0 0.010625737898465172 0.8947368421052632,736443.2548417381,0.06547619047619048,209,12 5 1426 14027 0 4335 -88,1.0 0.023255813953488372 1.0 0.9500746167412835 0.0 0.9898465171192444 0.6578947368421053,1013286.2123719982,0.6523809523809524,398,11 4 1413 14526 0 4303 -113,0.9090909090909091 0.0 0.9908771929824561 0.9839234839234839 0.0 0.9822904368358913 0.0,919993.4274090255,0.6476190476190476,1013,11 4 1410 14763 0 4378 -111,0.9090909090909091 0.0 0.9887719298245614 1.0 0.0 1.0 0.05263157894736842,919988.6810207337,0.6476190476190476,1087
resolved-p28d-paper/resolved-p28d-3600-1st/nsp-n50-d28-r0.10-rp2-fp2-s1,17 16 2 20 1 413 -152,0.6296296296296297 0.48484848484848486 0.0 0.00030642619506216076 1.0 0.0025346071358939366 0.9538461538461539,678215.7637328984,0.025,365.0,17 16 2 20 1 425 -149,0.6296296296296297 0.48484848484848486 0.0 0.00030642619506216076 1.0 0.00370442581399883 1.0,678215.8215849313,0.025714285714285714,359.0,18 15 2 18 0 411 -150,0.6666666666666666 0.45454545454545453 0.0 0.0002188758536158291 0.0 0.0023396373562097877 0.9846153846153847,712122.4390088238,0.023571428571428573,292,27 13 2 22 0 387 -155,1.0 0.3939393939393939 0.0 0.0003939765365084924 0.0 0.0 0.9076923076923077,1039395.2410627836,0.013571428571428571,1,24 11 5 13 1 400 -155,0.8888888888888888 0.3333333333333333 0.0007686395080707148 0.0 1.0 0.0012673035679469683 0.9076923076923077,922330.8289826465,0.020714285714285713,439,25 19 3 21 0 405 -153,0.9259259259259259 0.5757575757575758 0.00025621316935690495 0.0003502013657853266 0.0 0.0017547280171573405 0.9384615384615385,983505.5518435615,0.02214285714285714,117,15 33 3565 17710 0 9794 -160,0.5555555555555556 1.0 0.9128875224186523 0.7746891962878655 0.0 0.9170403587443946 0.8307692307692308,665469.1211488482,0.5514285714285714,257,0 0 3872 22857 1 10594 -214,0.0 0.0 0.9915449654112222 1.0 1.0 0.9950282706180542 0.0,11025.399936818403,0.6492857142857142,224,0 0 3905 22578 1 10645 -213,0.0 0.0 1.0 0.9877867273682367 1.0 1.0 0.015384615384615385,11097.802111983621,0.6421428571428571,201
resolved-p28d-paper/resolved-p28d-3600-1st/nsp-n20-d28-r0.10-rp2-fp2-s7,0 0 0 0 0 95 -55,0.0 0.0 0.0 0.0 0.0 0.0398406374501992 0.0,0.398406374501992,0.22678571428571428,23.0,0 0 0 0 0 95 -55,0.0 0.0 0.0 0.0 0.0 0.0398406374501992 0.0,0.398406374501992,0.22678571428571428,23.0,0 0 0 0 0 95 -55,0.0 0.0 0.0 0.0 0.0 0.0398406374501992 0.0,0.398406374501992,0.22678571428571428,23,0 0 0 0 0 133 -40,0.0 0.0 0.0 0.0 0.0 0.19123505976095617 0.46875,2.381100597609562,0.20714285714285716,10,0 0 0 0 0 85 -23,0.0 0.0 0.0 0.0 0.0 0.0 1.0,1.0,0.5160714285714286,10,0 0 0 0 0 127 -37,0.0 0.0 0.0 0.0 0.0 0.16733067729083664 0.5625,2.2358067729083664,0.20535714285714285,18,0 0 0 0 0 336 -36,0.0 0.0 0.0 0.0 0.0 1.0 0.59375,10.59375,0.44821428571428573,13,0 0 0 0 0 291 -33,0.0 0.0 0.0 0.0 0.0 0.8207171314741036 0.6875,8.894671314741036,0.4589285714285714,8,0 0 0 0 0 322 -39,0.0 0.0 0.0 0.0 0.0 0.9442231075697212 0.5,9.942231075697212,0.425,42
resolved-p28d-paper/resolved-p28d-3600-1st/nsp-n10-d28-r0.10-rp0-fp0-s0,0 2 0 0 0 81 -29,0.0 0.007936507936507936 0.0 0.0 0.0 0.02512562814070352 0.0,793.9020499322006,0.12857142857142856,280.0,0 1 0 1 0 87 -24,0.0 0.0 0.0 0.027777777777777776 0.0 0.05527638190954774 0.4166666666666667,28.74720826353992,0.19642857142857142,347.0,0 1 0 1 0 87 -24,0.0 0.0 0.0 0.027777777777777776 0.0 0.05527638190954774 0.4166666666666667,28.74720826353992,0.19642857142857142,347,2 4 1 8 0 76 -28,0.6666666666666666 0.023809523809523808 0.07142857142857142 0.2222222222222222 0.0 0.0 0.08333333333333333,669984.2103174604,0.025,1,0 1 0 2 0 87 -25,0.0 0.0 0.0 0.05555555555555555 0.0 0.05527638190954774 0.3333333333333333,56.44165270798436,0.11785714285714285,558,0 3 0 36 1 152 -22,0.0 0.015873015873015872 0.0 1.0 1.0 0.38190954773869346 0.5833333333333334,2691.7040161123077,0.31785714285714284,505,3 5 1 13 0 79 -28,1.0 0.031746031746031744 0.07142857142857142 0.3611111111111111 0.0 0.01507537688442211 0.08333333333333333,1004250.2340871022,0.025,360,3 127 2 23 0 243 -19,1.0 1.0 0.14285714285714285 0.6388888888888888 0.0 0.8391959798994975 0.8333333333333334,1102076.6856105926,0.6714285714285714,3266,3 120 14 32 0 275 -17,1.0 0.9444444444444444 1.0 0.8888888888888888 0.0 1.0 1.0,1105344.3333333335,0.6642857142857143,3184
resolved-p28d-paper/resolved-p28d-3600-1st/nsp-n40-d28-r0.10-rp2-fp2-s3,9 18 1 21 0 293 -98,0.47368421052631576 0.6206896551724138 0.000441306266548985 0.0008956560680698612 0.0 0.0032119914346895075 0.8888888888888888,535759.4057710939,0.029464285714285714,559.0,10 16 1 20 0 292 -95,0.5263157894736842 0.5517241379310345 0.000441306266548985 0.0008396775638154949 0.0 0.0030590394616090547 0.9259259259259259,581494.4125233375,0.027678571428571427,472.0,9 18 1 21 0 300 -94,0.47368421052631576 0.6206896551724138 0.000441306266548985 0.0008956560680698612 0.0 0.004282655246252677 0.9382716049382716,535759.4658604481,0.03482142857142857,551,19 13 0 21 0 272 -95,1.0 0.4482758620689655 0.0 0.0008956560680698612 0.0 0.0 0.9259259259259259,1044829.4077888906,0.01607142857142857,1,18 12 0 7 0 275 -104,0.9473684210526315 0.41379310344827586 0.0 0.00011195700850873264 0.0 0.0004588559192413582 0.8148148148148148,988748.6627578416,0.03214285714285714,810,17 23 1 5 0 318 -97,0.8947368421052632 0.7931034482758621 0.000441306266548985 0.0 0.0 0.007035790761700826 0.9012345679012346,974052.5715879903,0.04107142857142857,185,14 29 1953 10722 0 5760 -89,0.7368421052631579 1.0 0.8618711385701677 0.5999216300940439 0.0 0.8394004282655246 1.0,846070.1322832362,0.5205357142857143,254,0 0 2266 17456 0 6810 -170,0.0 0.0 1.0 0.9768808777429467 0.0 1.0 0.0,10986.880877742948,0.6410714285714286,176,0 0 2263 17869 0 6782 -156,0.0 0.0 0.998676081200353 1.0 0.0 0.9957173447537473 0.1728395061728395,10996.89082495724,0.6357142857142857,139
resolved-p28d-paper/resolved-p28d-3600-1st/nsp-n30-d28-r0.10-rp2-fp2-s1,5 10 13 152 44 925 -14,0.2777777777777778 0.15625 0.004261363636363636 0.0005156157925751326 0.9361702127659575 0.0 0.7777777777777778,293540.3018289884,0.030952380952380953,728.0,5 9 14 161 44 946 -11,0.2777777777777778 0.140625 0.004971590909090909 0.0011785503830288745 0.9361702127659575 0.006191037735849057 0.8,291985.65116890566,0.030952380952380953,734.0,5 9 13 145 44 934 -18,0.2777777777777778 0.140625 0.004261363636363636 0.0 0.9361702127659575 0.0026533018867924527 0.7481481481481481,291977.28311658505,0.036904761904761905,752,18 6 7 169 47 957 -8,1.0 0.09375 0.0 0.0017678255745433118 1.0 0.009433962264150943 0.8222222222222222,1009477.6843874194,0.013095238095238096,1,16 10 12 203 40 1008 -4,0.8888888888888888 0.15625 0.0035511363636363635 0.00427224513847967 0.851063829787234 0.02446933962264151 0.8518518518518519,904639.8754258906,0.04285714285714286,336,16 37 12 194 47 1013 -12,0.8888888888888888 0.578125 0.0035511363636363635 0.003609310548025928 1.0 0.025943396226415096 0.7925925925925926,946841.5615896281,0.05119047619047619,361,18 64 626 2799 9 2189 16,1.0 1.0 0.4396306818181818 0.19549204478491455 0.19148936170212766 0.37264150943396224 1.0,1104615.6742142313,0.2988095238095238,592,0 0 1379 12681 0 4275 -112,0.0 0.0 0.9744318181818182 0.9233942251031232 0.0 0.9876179245283019 0.05185185185185185,10677.64043801844,0.65,281,0 0 1415 13721 2 4317 -119,0.0 0.0 1.0 1.0 0.0425531914893617 1.0 0.0,11014.255319148937,0.6523809523809524,98
resolved-p28d-paper/resolved-p28d-3600-1st/nsp-n20-d28-r0.10-rp2-fp2-s6,1 5 5 16 0 114 -84,0.0 0.36363636363636365 0.0014903129657228018 9.879470460383324e-05 0.0 0.013469577333952624 0.3125,36379.08548377154,0.08571428571428572,603.0,1 5 5 19 0 123 -76,0.0 0.36363636363636365 0.0014903129657228018 0.00039517881841533294 0.0 0.01764979098931723 0.8125,36379.923670021904,0.0625,532.0,1 5 5 19 0 123 -78,0.0 0.36363636363636365 0.0014903129657228018 0.00039517881841533294 0.0 0.01764979098931723 0.6875,36379.798670021904,0.0625,533,9 6 5 15 0 85 -77,1.0 0.45454545454545453 0.0014903129657228018 0.0 0.0 0.0 0.75,1045470.1985842027,0.014285714285714285,1,7 7 4 20 0 122 -73,0.75 0.5454545454545454 0.0 0.0004939735230191662 0.0 0.017185322805387832 1.0,804547.1203722056,0.05714285714285714,727,4 12 13 31 2 118 -73,0.375 1.0 0.013412816691505217 0.0015807152736613318 1.0 0.015327450069670227 1.0,475236.8621566894,0.04285714285714286,222,7 8 590 9503 0 2082 -81,0.75 0.6363636363636364 0.8733233979135618 0.9373641572811697 0.0 0.9275429633070135 0.5,823316.7372024135,0.5928571428571429,1668,7 1 671 10137 0 2238 -89,0.75 0.0 0.9940387481371088 1.0 0.0 1.0 0.0,760950.387481371,0.6446428571428572,1082,7 1 675 9656 0 2229 -88,0.75 0.0 1.0 0.9524797470855562 0.0 0.9958197863446354 0.0625,760962.500444949,0.6410714285714286,1164
resolved-p28d-paper/resolved-p28d-3600-1st/nsp-n20-d28-r0.10-rp2-fp2-s8,1 2 281 205 108 1648 43,0.0 0.0 0.6100217864923747 0.484149855907781 0.7428571428571429 0.9043165467625899 0.7272727272727273,6668.423873312141,0.0375,609.0,1 2 283 200 108 1663 45,0.0 0.0 0.6143790849673203 0.4697406340057637 0.7428571428571429 0.9151079136690647 0.7727272727272727,6697.7410043741,0.0375,595.0,1 2 278 205 108 1628 42,0.0 0.0 0.6034858387799564 0.484149855907781 0.7428571428571429 0.8899280575539569 0.7045454545454546,6602.897784023145,0.0375,610,13 3 297 224 120 1781 46,0.4444444444444444 0.006024096385542169 0.644880174291939 0.5389048991354467 0.8285714285714286 1.0 0.7954545454545454,452128.2133224561,0.008928571428571428,1,13 3 293 189 101 1731 45,0.4444444444444444 0.006024096385542169 0.6361655773420479 0.43804034582132567 0.6928571428571428 0.9640287769784173 0.7727272727272727,451926.24893156864,0.0875,580,9 56 460 384 144 1765 40,0.2962962962962963 0.3253012048192771 1.0 1.0 1.0 0.9884892086330935 0.6590909090909091,339936.96076121944,0.29464285714285715,606,28 101 348 253 106 1357 55,1.0 0.5963855421686747 0.7559912854030502 0.622478386167147 0.7285714285714285 0.6949640287769784 1.0,1067901.75224021,0.14107142857142857,643,14 168 1 37 4 391 11,0.48148148148148145 1.0 0.0 0.0 0.0 0.0 0.0,581481.4814814815,0.7178571428571429,717,14 165 18 87 5 424 37,0.48148148148148145 0.9819277108433735 0.037037037037037035 0.1440922190201729 0.007142857142857143 0.023741007194244605 0.5909090909090909,580190.2577600864,0.7142857142857143,1061
resolved-p28d-paper/resolved-p28d-3600-1st/nsp-n10-d28-r0.10-rp0-fp0-s2,0 0 0 0 0 80 -38,0.0 0.0 0.0 0.0 0.0 0.0 0.0,0.0,0.20714285714285716,32.0,0 0 0 0 0 84 -26,0.0 0.0 0.0 0.0 0.0 0.03361344537815126 0.7058823529411765,1.0420168067226891,0.16428571428571428,15.0,0 0 0 0 0 84 -26,0.0 0.0 0.0 0.0 0.0 0.03361344537815126 0.7058823529411765,1.0420168067226891,0.16428571428571428,15,0 0 0 0 0 90 -23,0.0 0.0 0.0 0.0 0.0 0.08403361344537816 0.8823529411764706,1.7226890756302522,0.10714285714285714,11,0 0 0 0 0 111 -21,0.0 0.0 0.0 0.0 0.0 0.2605042016806723 1.0,3.6050420168067228,0.3357142857142857,3,0 0 0 0 0 94 -28,0.0 0.0 0.0 0.0 0.0 0.11764705882352941 0.5882352941176471,1.7647058823529411,0.1,12,0 0 0 0 0 198 -28,0.0 0.0 0.0 0.0 0.0 0.9915966386554622 0.5882352941176471,10.504201680672269,0.42857142857142855,15,0 0 0 0 0 136 -29,0.0 0.0 0.0 0.0 0.0 0.47058823529411764 0.5294117647058824,5.235294117647059,0.6178571428571429,81,0 0 0 0 0 199 -24,0.0 0.0 0.0 0.0 0.0 1.0 0.8235294117647058,10.823529411764707,0.42857142857142855,15
resolved-p28d-paper/resolved-p28d-3600-1st/nsp-n50-d28-r0.10-rp2-fp2-s2,25 233 2108 1265 211 4194 40,0.25 0.7483660130718954 0.0 0.0 0.9504504504504504 0.001093344266776001 0.9216417910447762,324932.57892746833,0.02214285714285714,235.0,25 233 2108 1265 211 4194 40,0.25 0.7483660130718954 0.0 0.0 0.9504504504504504 0.001093344266776001 0.9216417910447762,324932.57892746833,0.02214285714285714,235.0,25 233 2111 1266 211 4186 40,0.25 0.7483660130718954 0.0013507429085997298 4.087638979725311e-05 0.9504504504504504 0.0 0.9216417910447762,324946.11629950145,0.02142857142857143,209,25 238 2172 1354 211 4242 41,0.25 0.7647058823529411 0.028815848716794237 0.0036379986919555267 0.9504504504504504 0.007653409867432008 0.9253731343283582,326858.431673432,0.012857142857142857,1,24 288 2303 1402 222 4389 61,0.0 0.9281045751633987 0.08779828905898245 0.005600065402223676 1.0 0.027743610769441027 1.0,93795.3179084396,0.12285714285714286,246,24 310 2179 1471 213 4386 55,0.0 1.0 0.031967582170193604 0.00842053629823414 0.9594594594594594 0.02733360666940003 0.9776119402985075,100425.2932519531,0.11642857142857142,251,28 8 4329 25185 0 11503 -190,1.0 0.013071895424836602 1.0 0.9777632439502943 0.0 1.0 0.06343283582089553,1012295.0162192698,0.7207142857142858,101,27 4 4280 25664 0 11474 -204,0.75 0.0 0.9779378658262045 0.9973430346631785 0.0 0.996036627032937 0.011194029850746268,760786.6932532253,0.715,473,27 4 4218 25729 0 11409 -207,0.75 0.0 0.95002251238181 1.0 0.0 0.9871532048653819 0.0,760510.0966558668,0.7157142857142857,471
resolved-p28d-paper/resolved-p28d-3600-1st/nsp-n10-d28-r0.10-rp0-fp0-s7,0 0 0 0 0 82 -20,0.0 0.0 0.0 0.0 0.0 0.0 0.2,0.2,0.2857142857142857,36.0,0 0 0 0 0 84 -18,0.0 0.0 0.0 0.0 0.0 0.019230769230769232 0.6,0.7923076923076923,0.16071428571428573,18.0,0 0 0 0 0 84 -18,0.0 0.0 0.0 0.0 0.0 0.019230769230769232 0.6,0.7923076923076923,0.16071428571428573,18,0 0 0 0 0 92 -19,0.0 0.0 0.0 0.0 0.0 0.09615384615384616 0.4,1.3615384615384616,0.14642857142857144,12,0 0 0 0 0 97 -17,0.0 0.0 0.0 0.0 0.0 0.14423076923076922 0.8,2.2423076923076923,0.3535714285714286,3,0 0 0 0 0 102 -21,0.0 0.0 0.0 0.0 0.0 0.19230769230769232 0.0,1.9230769230769231,0.1357142857142857,7,0 0 0 0 0 186 -19,0.0 0.0 0.0 0.0 0.0 1.0 0.4,10.4,0.45714285714285713,10,0 0 0 0 0 109 -21,0.0 0.0 0.0 0.0 0.0 0.25961538461538464 0.0,2.5961538461538463,0.625,128,0 0 0 0 0 171 -16,0.0 0.0 0.0 0.0 0.0 0.8557692307692307 1.0,9.557692307692307,0.44642857142857145,16
resolved-p28d-paper/resolved-p28d-3600-1st/nsp-n20-d28-r0.10-rp2-fp2-s1,0 9 4 18 0 89 -67,0.0 0.04093567251461988 0.5 0.2777777777777778 0.0 0.08620689655172414 0.10975609756097561,9372.316854302844,0.04642857142857143,766.0,0 5 3 20 0 95 -68,0.0 0.017543859649122806 0.375 0.3333333333333333 0.0 0.10689655172413794 0.0975609756097561,5838.885824738464,0.05892857142857143,907.0,0 4 5 22 0 102 -69,0.0 0.011695906432748537 0.625 0.3888888888888889 0.0 0.1310344827586207 0.08536585365853659,7809.875242844988,0.06964285714285715,944,15 2 0 8 0 64 -67,0.7142857142857143 0.0 0.0 0.0 0.0 0.0 0.10975609756097561,714285.8240418119,0.0125,1,14 6 4 44 1 145 -73,0.6666666666666666 0.023391812865497075 0.5 1.0 0.3333333333333333 0.2793103448275862 0.036585365853658534,675042.0109753638,0.06428571428571428,2029,13 25 6 29 0 181 -76,0.6190476190476191 0.13450292397660818 0.75 0.5833333333333334 0.0 0.40344827586206894 0.0,640585.2792613718,0.0875,1591,16 2 0 11 0 67 -67,0.7619047619047619 0.0 0.0 0.08333333333333333 0.0 0.010344827586206896 0.10975609756097561,761988.3084424686,0.0125,723,21 164 8 43 3 354 6,1.0 0.9473684210526315 1.0 0.9722222222222222 1.0 1.0 1.0,1105820.0643274854,0.6482142857142857,1155,21 173 2 35 3 347 -22,1.0 1.0 0.25 0.75 1.0 0.9758620689655172 0.6585365853658537,1103360.417157275,0.6375,1888
resolved-p28d-paper/resolved-p28d-3600-1st/nsp-n10-d28-r0.10-rp0-fp0-s9,0 0 0 0 0 85 -39,0.0 0.0 0.0 0.0 0.0 0.0 0.0,0.0,0.23214285714285715,31.0,0 0 0 0 0 91 -39,0.0 0.0 0.0 0.0 0.0 0.07142857142857142 0.0,0.7142857142857142,0.2357142857142857,22.0,0 0 0 0 0 91 -38,0.0 0.0 0.0 0.0 0.0 0.07142857142857142 0.0625,0.7767857142857142,0.20714285714285716,21,0 0 0 0 0 103 -29,0.0 0.0 0.0 0.0 0.0 0.21428571428571427 0.625,2.767857142857143,0.16428571428571428,19,0 0 0 0 0 103 -38,0.0 0.0 0.0 0.0 0.0 0.21428571428571427 0.0625,2.205357142857143,0.4928571428571429,8,0 0 0 0 0 107 -26,0.0 0.0 0.0 0.0 0.0 0.2619047619047619 0.8125,3.431547619047619,0.16428571428571428,16,0 0 0 0 0 169 -29,0.0 0.0 0.0 0.0 0.0 1.0 0.625,10.625,0.5821428571428572,40,0 0 0 0 0 123 -23,0.0 0.0 0.0 0.0 0.0 0.4523809523809524 1.0,5.523809523809524,0.6321428571428571,69,0 0 0 0 0 160 -33,0.0 0.0 0.0 0.0 0.0 0.8928571428571429 0.375,9.303571428571429,0.5821428571428572,39
resolved-p28d-paper/resolved-p28d-3600-1st/nsp-n40-d28-r0.10-rp2-fp2-s4,3 22 1 19 0 306 -127,0.0 0.5357142857142857 0.00039856516540454366 0.00015003750937734434 0.0 0.003535567812190638 1.0,53576.59961627011,0.03482142857142857,423.0,3 22 1 19 0 306 -127,0.0 0.5357142857142857 0.00039856516540454366 0.00015003750937734434 0.0 0.003535567812190638 1.0,53576.59961627011,0.03482142857142857,423.0,3 22 1 20 0 304 -127,0.0 0.5357142857142857 0.00039856516540454366 0.00020005001250312577 0.0 0.003252722387215387 1.0,53576.64680031899,0.03571428571428571,422,17 16 1 16 0 281 -128,1.0 0.32142857142857145 0.00039856516540454366 0.0 0.0 0.0 0.9895833333333334,1032147.8323778446,0.017857142857142856,1,16 35 0 34 0 348 -158,0.9285714285714286 1.0 0.0 0.000900225056264066 0.0 0.00947532173667091 0.6770833333333334,1028573.1006330356,0.05,1116,16 35 0 41 0 326 -159,0.9285714285714286 1.0 0.0 0.001250312578144536 0.0 0.006364022061943148 0.6666666666666666,1028573.4091908941,0.048214285714285716,1097,17 7 2506 19490 0 7316 -197,1.0 0.0 0.9988043045037863 0.9739434858714678 0.0 0.9949087823504454 0.2708333333333333,1010972.2064520662,0.65,227,16 7 2509 20004 0 7352 -223,0.9285714285714286 0.0 1.0 0.9996499124781195 0.0 1.0 0.0,939581.0784839068,0.6517857142857143,401,16 7 2452 20011 0 7337 -218,0.9285714285714286 0.0 0.977281785571941 1.0 0.0 0.9978786593126856 0.052083333333333336,939354.2772970744,0.6553571428571429,670
resolved-p28d-paper/resolved-p28d-3600-1st/nsp-n50-d28-r0.10-rp2-fp2-s9,0 0 0 0 0 598 -126,0.0 0.0 0.0 0.0 0.0 0.04880581516095535 0.4444444444444444,0.9325025960539979,0.145,3.0,0 0 0 0 0 570 -134,0.0 0.0 0.0 0.0 0.0 0.01973001038421599 0.0,0.1973001038421599,0.13785714285714284,5.0,0 0 0 0 0 638 -133,0.0 0.0 0.0 0.0 0.0 0.09034267912772585 0.05555555555555555,0.9589823468328141,0.165,1,0 0 0 0 0 573 -119,0.0 0.0 0.0 0.0 0.0 0.02284527518172378 0.8333333333333334,1.0617860851505712,0.1657142857142857,2,0 0 0 0 0 551 -116,0.0 0.0 0.0 0.0 0.0 0.0 1.0,1.0,0.2885714285714286,7,0 0 0 0 0 651 -123,0.0 0.0 0.0 0.0 0.0 0.10384215991692627 0.6111111111111112,1.6495327102803738,0.14214285714285715,19,0 0 0 0 0 1514 -122,0.0 0.0 0.0 0.0 0.0 1.0 0.6666666666666666,10.666666666666666,0.46714285714285714,12,0 0 0 0 0 1346 -119,0.0 0.0 0.0 0.0 0.0 0.8255451713395638 0.8333333333333334,9.088785046728972,0.4692857142857143,56,0 0 0 0 0 1487 -116,0.0 0.0 0.0 0.0 0.0 0.9719626168224299 1.0,10.719626168224298,0.4642857142857143,18
resolved-p28d-paper/resolved-p28d-3600-1st/nsp-n50-d28-r0.10-rp2-fp2-s0,22 255 2285 1330 276 4506 -32,0.0 0.9156626506024096 0.0 0.8904469763365469 0.9821428571428571 0.00711344065892924 0.8461538461538461,92555.84361054454,0.03,349.0,23 258 2316 1387 276 4468 -32,0.034482758620689655 0.9337349397590361 0.0025971849865951743 0.9404031551270815 0.9821428571428571 0.0 0.8461538461538461,128921.68804114673,0.023571428571428573,279.0,22 266 2381 1448 275 4533 -27,0.0 0.9819277108433735 0.00804289544235925 0.9938650306748467 0.9785714285714285 0.012167727442905278 0.9743589743589743,99366.01824854172,0.015714285714285715,288,23 269 2377 1455 275 4531 -26,0.034482758620689655 1.0 0.007707774798927614 1.0 0.9785714285714285 0.011793335829277425 1.0,135658.81144489435,0.013571428571428571,1,23 262 2366 1329 281 4520 -42,0.034482758620689655 0.9578313253012049 0.006786193029490617 0.8895705521472392 1.0 0.009734181954324224 0.5897435897435898,131324.01071866156,0.03428571428571429,423,23 262 2366 1329 281 4520 -42,0.034482758620689655 0.9578313253012049 0.006786193029490617 0.8895705521472392 1.0 0.009734181954324224 0.5897435897435898,131324.01071866156,0.03428571428571429,420,51 243 7676 1094 34 7674 -65,1.0 0.8433734939759037 0.4516588471849866 0.6836108676599474 0.11785714285714285 0.6001497566454511 0.0,1089555.3359489525,0.6271428571428571,178,35 103 13636 504 1 9810 -54,0.4482758620689655 0.0 0.9509886058981233 0.16652059596844873 0.0 1.0 0.28205128205128205,457962.5507751973,0.8021428571428572,400,33 113 14221 314 1 9762 -33,0.3793103448275862 0.060240963855421686 1.0 0.0 0.0 0.9910146012729315 0.8205128205128205,395345.1718719616,0.8021428571428572,409
resolved-p28d-paper/resolved-p28d-3600-1st/nsp-n40-d28-r0.10-rp2-fp2-s8,0 0 0 0 0 392 -106,0.0 0.0 0.0 0.0 0.0 0.03296703296703297 0.32,0.6496703296703297,0.12053571428571429,63.0,0 0 0 0 0 374 -112,0.0 0.0 0.0 0.0 0.0 0.0 0.08,0.08,0.10803571428571429,2.0,0 0 0 0 0 374 -112,0.0 0.0 0.0 0.0 0.0 0.0 0.08,0.08,0.10803571428571429,2,0 0 0 0 0 492 -114,0.0 0.0 0.0 0.0 0.0 0.21611721611721613 0.0,2.1611721611721615,0.12321428571428572,3,0 0 0 0 0 386 -89,0.0 0.0 0.0 0.0 0.0 0.02197802197802198 1.0,1.2197802197802199,0.2982142857142857,4,0 0 0 0 0 486 -98,0.0 0.0 0.0 0.0 0.0 0.20512820512820512 0.64,2.6912820512820512,0.11875,3,0 0 0 0 0 920 -100,0.0 0.0 0.0 0.0 0.0 1.0 0.56,10.56,0.4392857142857143,54,0 0 0 0 0 746 -108,0.0 0.0 0.0 0.0 0.0 0.6813186813186813 0.24,7.053186813186814,0.4616071428571429,90,0 0 0 0 0 919 -97,0.0 0.0 0.0 0.0 0.0 0.9981684981684982 0.68,10.661684981684981,0.4392857142857143,55
resolved-p28d-paper/resolved-p28d-3600-1st/nsp-n30-d28-r0.10-rp2-fp2-s8,3 12 4 18 0 142 -109,0.16666666666666666 0.12903225806451613 0.002881844380403458 0.0009344450833812536 0.0 0.006313744536182613 0.3739130434782609,179600.08241249452,0.02976190476190476,763.0,4 11 4 17 0 142 -109,0.2222222222222222 0.11827956989247312 0.002881844380403458 0.0008625646923519264 0.0 0.006313744536182613 0.3739130434782609,234080.2972704548,0.025,722.0,4 10 3 19 0 142 -104,0.2222222222222222 0.10752688172043011 0.002161383285302594 0.0010063254744105809 0.0 0.006313744536182613 0.41739130434782606,232998.01108134238,0.02857142857142857,733,18 4 0 5 0 116 -115,1.0 0.043010752688172046 0.0 0.0 0.0 0.0 0.3217391304347826,1004301.3970079477,0.007142857142857143,1,17 7 13 16 0 175 -117,0.9444444444444444 0.07526881720430108 0.009365994236311239 0.0007906843013225992 0.0 0.014327343370568237 0.30434782608695654,952066.2244127986,0.02857142857142857,1631,17 3 1 10 0 126 -112,0.9444444444444444 0.03225806451612903 0.0007204610951008645 0.000359401955146636 0.0 0.0024283632831471587 0.34782608695652173,947678.1870186832,0.02023809523809524,358,16 93 583 3083 0 1970 -37,0.8888888888888888 1.0 0.420028818443804 0.22124784358826913 0.0 0.4502185526954832 1.0,993315.9271024421,0.3273809523809524,532,0 0 1388 13917 0 4234 -152,0.0 0.0 1.0 1.0 0.0 1.0 0.0,11010.0,0.6464285714285715,255,0 0 1217 12313 4 3861 -141,0.0 0.0 0.8768011527377522 0.8847038527889591 1.0 0.9094220495386109 0.09565217391304348,9761.90525283578,0.6511904761904762,408
resolved-p28d-paper/resolved-p28d-3600-1st/nsp-n10-d28-r0.10-rp0-fp0-s1,0 1 2 6 0 105 -22,0.0 0.0 0.00980392156862745 0.02830188679245283 0.0 0.07945205479452055 0.2571428571428571,127.3927658838154,0.15714285714285714,724.0,0 1 2 6 0 105 -22,0.0 0.0 0.00980392156862745 0.02830188679245283 0.0 0.07945205479452055 0.2571428571428571,127.3927658838154,0.15714285714285714,724.0,0 1 2 6 0 105 -22,0.0 0.0 0.00980392156862745 0.02830188679245283 0.0 0.07945205479452055 0.2571428571428571,127.3927658838154,0.15714285714285714,724,9 1 1 0 0 76 -31,0.9 0.0 0.0 0.0 0.0 0.0 0.0,900000.0,0.007142857142857143,1,8 46 34 32 0 229 -27,0.8 0.6 0.3235294117647059 0.1509433962264151 0.0 0.4191780821917808 0.11428571428571428,863390.5435804097,0.42142857142857143,766,0 44 61 212 19 238 4,0.0 0.5733333333333334 0.5882352941176471 1.0 0.5135135135135135 0.4438356164383562 1.0,64272.47598202554,0.45714285714285713,1263,10 2 1 1 0 77 -31,1.0 0.013333333333333334 0.0 0.0047169811320754715 0.0 0.0027397260273972603 0.0,1001338.0777117257,0.007142857142857143,359,8 76 103 55 37 415 -10,0.8 1.0 1.0 0.25943396226415094 1.0 0.9287671232876712 0.6,910369.3216334969,0.6892857142857143,2576,9 57 80 71 10 441 -10,0.9 0.7466666666666667 0.7745098039215687 0.33490566037735847 0.2702702702702703 1.0 0.6,982784.2973932866,0.6321428571428571,2565
resolved-p28d-paper/resolved-p28d-3600-1st/nsp-n40-d28-r0.10-rp2-fp2-s5,20 389 612 902 145 2121 35,0.0 0.9683544303797469 0.0031725888324873096 0.9705304518664047 0.8848920863309353 0.010818120351588911 0.0,97926.29676800258,0.025892857142857145,239.0,20 389 613 902 150 2115 36,0.0 0.9683544303797469 0.003331218274111675 0.9705304518664047 0.920863309352518 0.00878972278566599 0.047619047619047616,97931.50751979295,0.025,236.0,20 389 613 902 150 2115 36,0.0 0.9683544303797469 0.003331218274111675 0.9705304518664047 0.920863309352518 0.00878972278566599 0.047619047619047616,97931.50751979295,0.025,236,20 399 616 917 158 2112 39,0.0 1.0 0.0038071065989847717 1.0 0.9784172661870504 0.00777552400270453 0.19047619047619047,101136.18102403905,0.017857142857142856,1,20 393 592 836 161 2089 37,0.0 0.9810126582278481 0.0 0.8408644400785854 1.0 0.0 0.09523809523809523,99042.22550095864,0.033035714285714286,780,20 393 592 883 161 2102 36,0.0 0.9810126582278481 0.0 0.9332023575638507 1.0 0.004394861392832995 0.047619047619047616,99134.5597480102,0.033035714285714286,763,46 209 6896 616 22 4960 56,1.0 0.3987341772151899 1.0 0.4086444007858546 0.0 0.9705882352941176 1.0,1050292.768004658,0.6464285714285715,321,29 106 6660 408 48 4986 50,0.34615384615384615 0.07278481012658228 0.9625634517766497 0.0 0.18705035971223022 0.9793779580797837 0.7142857142857143,363087.1747855371,0.7910714285714285,611,27 83 6499 477 45 5047 44,0.2692307692307692 0.0 0.9370241116751269 0.13555992141453832 0.16546762589928057 1.0 0.42857142857142855,278763.5456029535,0.7910714285714285,603
resolved-p28d-paper/resolved-p28d-3600-1st/nsp-n10-d28-r0.10-rp0-fp0-s6,1 3 2 6 0 113 -21,0.0 0.021739130434782608 0.010869565217391304 0.001948368241597662 0.0 0.04242424242424243 0.03125,2285.012556318014,0.060714285714285714,274.0,1 3 2 6 1 102 -21,0.0 0.021739130434782608 0.010869565217391304 0.001948368241597662 0.041666666666666664 0.025757575757575757 0.03125,2289.012556318014,0.06428571428571428,273.0,1 3 2 6 0 113 -21,0.0 0.021739130434782608 0.010869565217391304 0.001948368241597662 0.0 0.04242424242424243 0.03125,2285.012556318014,0.060714285714285714,274,5 4 1 2 0 85 -21,1.0 0.03260869565217391 0.0 0.0 0.0 0.0 0.03125,1003260.9008152174,0.017857142857142856,1,2 93 91 181 24 340 4,0.25 1.0 0.9782608695652174 0.08718947881149537 1.0 0.38636363636363635 0.8125,359974.4743108273,0.6571428571428571,2038,1 33 53 41 5 201 -22,0.0 0.34782608695652173 0.5652173913043478 0.018996590355577204 0.20833333333333334 0.17575757575757575 0.0,40476.370108142146,0.26785714285714285,1605,1 9 89 1057 4 738 -3,0.0 0.08695652173913043 0.9565217391304348 0.5138821237213833 0.16666666666666666 0.9893939393939394 0.59375,18801.906044999385,0.5071428571428571,2579,1 2 93 2055 1 745 -2,0.0 0.010869565217391304 1.0 1.0 0.041666666666666664 1.0 0.625,12101.748188405796,0.6571428571428571,2760,1 1 81 1651 3 726 10,0.0 0.0 0.8695652173913043 0.8032148075986362 0.125 0.9712121212121212 1.0,9522.079102723803,0.6285714285714286,2590
resolved-p28d-paper/resolved-p28d-3600-1st/nsp-n10-d28-r0.10-rp0-fp0-s4,1 5 0 5 0 96 -20,0.16666666666666666 0.0136986301369863 0.0 0.015873015873015872 0.0 0.004366812227074236 0.42857142857142855,168052.87493578915,0.11428571428571428,313.0,1 5 1 4 0 97 -18,0.16666666666666666 0.0136986301369863 0.019230769230769232 0.0 0.0 0.008733624454148471 0.5238095238095238,168229.44851844132,0.07857142857142857,260.0,1 5 1 4 0 95 -18,0.16666666666666666 0.0136986301369863 0.019230769230769232 0.0 0.0 0.0 0.5238095238095238,168229.3611821968,0.08571428571428572,263,2 6 4 4 0 99 -19,0.3333333333333333 0.0273972602739726 0.07692307692307693 0.0 0.0 0.017467248908296942 0.47619047619047616,336842.9409929266,0.025,1,0 38 52 67 6 324 -8,0.0 0.4657534246575342 1.0 1.0 1.0 1.0 1.0,57686.34246575342,0.5392857142857143,1264,2 4 7 14 1 126 -16,0.3333333333333333 0.0 0.1346153846153846 0.15873015873015872 0.16666666666666666 0.13537117903930132 0.6190476190476191,334856.8567642935,0.14642857142857144,1226,4 8 3 6 0 95 -19,0.6666666666666666 0.0547945205479452 0.057692307692307696 0.031746031746031744 0.0 0.0 0.47619047619047616,672755.2640206065,0.02857142857142857,344,5 77 0 9 0 254 -29,0.8333333333333334 1.0 0.0 0.07936507936507936 0.0 0.6943231441048034 0.0,933419.6416441395,0.675,3059,6 75 0 26 2 298 -13,1.0 0.9726027397260274 0.0 0.3492063492063492 0.3333333333333333 0.8864628820960698 0.7619047619047619,1097652.4401887252,0.6285714285714286,1593
resolved-p28d-paper/resolved-p28d-3600-1st/nsp-n40-d28-r0.10-rp2-fp2-s0,11 18 1 39 0 254 -93,0.55 0.06818181818181818 0.0 0.0008584612082841507 0.0 0.002388772767990445 0.5294117647058824,556819.5935788824,0.025,409.0,11 18 1 36 0 266 -90,0.55 0.06818181818181818 0.0 0.0006974997317308724 0.0 0.0041803523439832785 0.5588235294117647,556819.4799449664,0.02857142857142857,410.0,12 13 1 23 0 267 -97,0.6 0.04924242424242424 0.0 0.0 0.0 0.004329650641982681 0.49019607843137253,604924.7759168273,0.030357142857142857,406,20 12 1 25 0 238 -96,1.0 0.045454545454545456 0.0 0.00010730765103551884 0.0 0.0 0.5,1004546.0618531057,0.01607142857142857,1,17 264 311 535 27 646 -45,0.85 1.0 0.13141161509114033 0.027470758665092822 1.0 0.06091370558375635 1.0,951443.1960466324,0.23392857142857143,155,18 71 17 68 2 496 -107,0.9 0.2689393939393939 0.006782534972445952 0.0024144221482991736 0.07407407407407407 0.038518960883845925 0.39215686274509803,926972.3639196912,0.08482142857142858,351,10 66 1684 11642 0 5268 -73,0.5 0.25 0.7134378974141585 0.6234037986908466 0.0 0.7509704389369961 0.7254901960784313,532766.0179674178,0.5071428571428571,311,0 0 2312 18408 0 6853 -147,0.0 0.0 0.9796523950826621 0.9864255821440069 0.0 0.9876082412660495 0.0,10792.825615383288,0.6526785714285714,184,0 0 2360 18661 1 6936 -146,0.0 0.0 1.0 1.0 0.037037037037037035 1.0 0.00980392156862745,11013.713507625273,0.65,135
resolved-p28d-paper/resolved-p28d-3600-1st/nsp-n40-d28-r0.10-rp2-fp2-s9,10 8 4 187 22 1368 6,0.07142857142857142 0.6 0.0 0.0 0.6470588235294118 0.002457002457002457 0.9742489270386266,131494.27612987597,0.029464285714285714,629.0,9 10 8 194 28 1393 6,0.0 1.0 0.0015661707126076742 0.0003416634127294026 0.8235294117647058 0.006552006552006552 0.9742489270386266,100099.39608070784,0.023214285714285715,638.0,10 8 4 196 24 1353 6,0.07142857142857142 0.6 0.0 0.000439281530652089 0.7058823529411765 0.0 0.9742489270386266,131500.57319432322,0.025892857142857145,614,21 6 4 196 28 1423 12,0.8571428571428571 0.2 0.0 0.000439281530652089 0.8235294117647058 0.011466011466011465 1.0,877226.7640256789,0.010714285714285714,1,20 8 39 199 29 1553 3,0.7857142857142857 0.6 0.01370399373531715 0.0005857087075361187 0.8529411764705882 0.03276003276003276 0.9613733905579399,845938.4944517117,0.033035714285714286,1079,19 5 28 267 34 1494 0,0.7142857142857143 0.0 0.009397024275646046 0.003904724716907458 1.0 0.023095823095823097 0.9484978540772532,714484.7687092726,0.0375,1043,23 7 2419 18933 0 7074 -191,1.0 0.4 0.9455755677368833 0.9149746192893401 0.0 0.937100737100737 0.12875536480686695,1050380.230059394,0.6526785714285714,403,22 7 2558 20398 0 7458 -221,0.9285714285714286 0.4 1.0 0.9864798906677079 0.0 1.0 0.0,979567.9084620964,0.6517857142857143,496,22 7 2532 20675 0 7403 -219,0.9285714285714286 0.4 0.9898198903680501 1.0 0.0 0.990990990990991 0.008583690987124463,979479.5459687101,0.6526785714285714,833
resolved-p28d-paper/resolved-p28d-3600-1st/nsp-n20-d28-r0.10-rp2-fp2-s4,0 7 4 15 0 111 -55,0.0 0.19047619047619047 0.0032 0.0005538325210456358 0.0 0.01583374567046017 0.02,19080.3512175968,0.060714285714285714,610.0,0 7 4 15 0 111 -55,0.0 0.19047619047619047 0.0032 0.0005538325210456358 0.0 0.01583374567046017 0.02,19080.3512175968,0.060714285714285714,610.0,0 7 4 15 0 112 -54,0.0 0.19047619047619047 0.0032 0.0005538325210456358 0.0 0.01632855022266205 0.04,19080.37616564232,0.060714285714285714,609,9 9 2 10 0 79 -55,1.0 0.2857142857142857 0.0 0.0 0.0 0.0 0.02,1028571.4485714285,0.019642857142857142,1,7 24 39 59 5 217 -39,0.7777777777777778 1.0 0.0592 0.005427558706247231 1.0 0.06828302820385948 0.34,878476.228166766,0.14285714285714285,117,6 10 16 24 0 126 -41,0.6666666666666666 0.3333333333333333 0.0224 0.0015507310589277803 0.0 0.023255813953488372 0.3,700226.0832891985,0.05714285714285714,457,9 3 602 8513 0 2090 -55,1.0 0.0 0.96 0.9418475852902083 0.0 0.9950519544779812 0.02,1010551.818104835,0.6446428571428572,1545,9 3 576 9038 0 2025 -56,1.0 0.0 0.9184 1.0 0.0 0.962889658584859 0.0,1010193.6288965859,0.6535714285714286,1614,7 3 627 5957 0 2100 -6,0.7777777777777778 0.0 1.0 0.6587284005316792 0.0 1.0 1.0,788447.5061783094,0.6446428571428572,1173
resolved-p28d-paper/resolved-p28d-3600-1st/nsp-n30-d28-r0.10-rp2-fp2-s3,14 173 712 983 177 2371 20,0.0 0.9285714285714286 0.0935672514619883 0.0012844298558584272 0.9315789473684211 0.031050228310502283 0.9375,93888.50569863855,0.02738095238095238,479.0,14 173 712 983 177 2371 20,0.0 0.9285714285714286 0.0935672514619883 0.0012844298558584272 0.9315789473684211 0.031050228310502283 0.9375,93888.50569863855,0.02738095238095238,479.0,14 175 699 984 174 2343 24,0.0 0.9395604395604396 0.0783625730994152 0.0013557870700727844 0.9157894736842105 0.0182648401826484 0.96875,94833.75581987844,0.02738095238095238,469,16 186 689 1061 174 2303 26,0.5 1.0 0.06666666666666667 0.006850292564578279 0.9157894736842105 0.0 0.984375,600766.0802815997,0.017857142857142856,1,16 183 632 965 185 2372 28,0.5 0.9835164835164835 0.0 0.0 0.9736842105263158 0.031506849315068496 1.0,598450.3318411941,0.05357142857142857,813,16 182 745 1067 190 2422 25,0.5 0.978021978021978 0.13216374269005848 0.007278435849864422 1.0 0.054337899543379 0.9765625,599232.6336064435,0.07261904761904762,692,18 6 1487 14651 0 4493 -83,1.0 0.01098901098901099 1.0 0.9765948337376908 0.0 1.0 0.1328125,1012085.6287451388,0.7678571428571429,299,17 4 1429 14962 0 4392 -100,0.75 0.0 0.9321637426900585 0.998786927358356 0.0 0.9538812785388128 0.0,760329.9631670443,0.7726190476190476,1191,17 5 1434 14979 0 4415 -100,0.75 0.005494505494505495 0.9380116959064327 1.0 0.0 0.9643835616438357 0.0,760939.2113441314,0.7726190476190476,1240
resolved-p28d-paper/resolved-p28d-3600-1st/nsp-n40-d28-r0.10-rp2-fp2-s2,23 203 1850 1088 346 3973 -21,0.0 0.009146341463414634 0.9800646551724138 0.9117370892018779 1.0 0.9872734284612418 0.5263157894736842,11737.416837341563,0.025,509.0,23 203 1850 1084 346 3973 -21,0.0 0.009146341463414634 0.9800646551724138 0.907981220657277 1.0 0.9872734284612418 0.5263157894736842,11733.660968796963,0.025,511.0,23 203 1850 1084 346 3973 -21,0.0 0.009146341463414634 0.9800646551724138 0.907981220657277 1.0 0.9872734284612418 0.5263157894736842,11733.660968796963,0.025,511,23 213 1887 1182 341 3960 -6,0.0 0.039634146341463415 1.0 1.0 0.9851190476190477 0.9822599305823371 0.7236842105263158,15072.472822424597,0.010714285714285714,1,23 200 1845 1102 341 4004 -27,0.0 0.0 0.9773706896551724 0.9248826291079812 0.9851190476190477 0.9992286926340147 0.4473684210526316,10807.541085769006,0.02857142857142857,787,23 200 1841 1054 346 4006 -28,0.0 0.0 0.9752155172413793 0.8798122065727699 1.0 1.0 0.4342105263157895,10742.401589512878,0.03125,819,44 528 447 555 68 1511 15,1.0 1.0 0.22413793103448276 0.4112676056338028 0.17261904761904762 0.037794060933281914 1.0,1102671.2867613498,0.6151785714285715,293,30 346 31 117 10 1413 -56,0.3333333333333333 0.4451219512195122 0.0 0.0 0.0 0.0 0.06578947368421052,377845.59424475825,0.7464285714285714,602,28 341 54 128 12 1520 -61,0.23809523809523808 0.4298780487804878 0.012392241379310345 0.010328638497652582 0.005952380952380952 0.041264944080215964 0.0,281218.3019131137,0.7455357142857143,502
resolved-p28d-paper/resolved-p28d-3600-1st/nsp-n30-d28-r0.10-rp2-fp2-s7,0 0 0 0 0 175 -79,0.0 0.0 0.0 0.0 0.0 0.027848101265822784 0.3333333333333333,0.6118143459915611,0.1488095238095238,47.0,0 0 0 0 0 164 -83,0.0 0.0 0.0 0.0 0.0 0.0 0.14285714285714285,0.14285714285714285,0.12380952380952381,24.0,0 0 0 0 0 164 -83,0.0 0.0 0.0 0.0 0.0 0.0 0.14285714285714285,0.14285714285714285,0.12380952380952381,24,0 0 0 0 0 209 -86,0.0 0.0 0.0 0.0 0.0 0.11392405063291139 0.0,1.1392405063291138,0.12023809523809524,27,0 0 0 0 0 225 -68,0.0 0.0 0.0 0.0 0.0 0.15443037974683543 0.8571428571428571,2.4014466546112114,0.32976190476190476,4,0 0 0 0 0 230 -80,0.0 0.0 0.0 0.0 0.0 0.1670886075949367 0.2857142857142857,1.9566003616636527,0.12738095238095237,3,0 0 0 0 0 544 -65,0.0 0.0 0.0 0.0 0.0 0.9620253164556962 1.0,10.620253164556962,0.41785714285714287,18,0 0 0 0 0 413 -81,0.0 0.0 0.0 0.0 0.0 0.6303797468354431 0.23809523809523808,6.541892706449668,0.4261904761904762,125,0 0 0 0 0 559 -68,0.0 0.0 0.0 0.0 0.0 1.0 0.8571428571428571,10.857142857142858,0.4166666666666667,21
resolved-p28d-paper/resolved-p28d-3600-1st/nsp-n40-d28-r0.10-rp2-fp2-s6,2 19 0 17 0 264 -125,0.0 1.0 0.0 0.00044087391006172237 0.0 0.006188969880346582 0.9027777777777778,100001.40554138664,0.0375,469.0,2 19 0 16 0 253 -118,0.0 1.0 0.0 0.0003918879200548643 0.0 0.004676110576261862 1.0,100001.43864902582,0.039285714285714285,495.0,2 19 0 16 0 255 -118,0.0 1.0 0.0 0.0003918879200548643 0.0 0.004951175904277266 1.0,100001.4413996791,0.038392857142857145,487,16 12 0 18 0 219 -126,0.875 0.5625 0.0 0.0004898599000685804 0.0 0.0 0.8888888888888888,931251.378748789,0.016964285714285713,1,15 12 0 8 0 229 -129,0.8125 0.5625 0.0 0.0 0.0 0.0013753266400770184 0.8472222222222222,868750.8609754887,0.026785714285714284,63,14 12 0 8 0 248 -126,0.75 0.5625 0.0 0.0 0.0 0.003988447256223353 0.8888888888888888,806250.9287733615,0.03482142857142857,250,18 7 2597 20422 0 7490 -165,1.0 0.25 1.0 1.0 0.0 1.0 0.3472222222222222,1036010.3472222222,0.6517857142857143,47,17 3 2470 19887 0 7254 -185,0.9375 0.0 0.9510974201001156 0.9737924953463309 0.0 0.9675422912941823 0.06944444444444445,947994.5115637048,0.6455357142857143,543,17 3 2429 19788 0 7190 -190,0.9375 0.0 0.9353099730458221 0.968942882335652 0.0 0.9587402007976894 0.0,947831.6300148019,0.6419642857142858,840
resolved-p28d-paper/resolved-p28d-3600-1st/nsp-n50-d28-r0.10-rp2-fp2-s5,14 19 1 36 0 353 -103,0.5 0.6333333333333333 0.00025510204081632655 0.000711142717454109 0.0 0.0030692499520429697 0.9545454545454546,563337.5807344131,0.030714285714285715,400.0,14 20 1 37 0 354 -99,0.5 0.6666666666666666 0.00025510204081632655 0.0007555891372949909 0.0 0.0031651640130443124 0.990909090909091,566670.9958369432,0.030714285714285715,386.0,16 18 1 32 0 356 -103,0.5714285714285714 0.6 0.00025510204081632655 0.0005333570380905818 0.0 0.003356992135046998 0.9545454545454546,631432.6439213936,0.029285714285714286,296,28 13 0 21 0 321 -99,1.0 0.43333333333333335 0.0 4.4446419840881815e-05 0.0 0.0 0.990909090909091,1043334.3686888441,0.017857142857142856,1,24 12 2 20 0 363 -110,0.8571428571428571 0.4 0.0005102040816326531 0.0 0.0 0.004028390562056398 0.8909090909090909,897148.8903766698,0.030714285714285715,691,25 12 0 32 0 353 -98,0.8928571428571429 0.4 0.0 0.0005333570380905818 0.0 0.0030692499520429697 1.0,932858.7069066805,0.03214285714285714,465,13 30 3410 17464 1 9682 -139,0.4642857142857143 1.0 0.8698979591836735 0.7753233477043424 1.0 0.8978515250335699 0.6272727272727273,573869.6230132331,0.56,222,0 0 3732 22285 0 10331 -208,0.0 0.0 0.9520408163265306 0.9895995377572336 0.0 0.9600997506234414 0.0,10519.608698528775,0.64,232,0 0 3920 22519 1 10747 -195,0.0 0.0 1.0 1.0 1.0 1.0 0.11818181818181818,11110.118181818181,0.6435714285714286,201
resolved-p28d-paper/resolved-p28d-3600-1st/nsp-n20-d28-r0.10-rp2-fp2-s2,1 1 4 2 0 89 -48,0.08333333333333333 0.125 0.003305785123966942 0.0 0.0 0.013951170901843548 0.09090909090909091,95866.62160537293,0.09107142857142857,721.0,1 1 4 2 0 89 -49,0.08333333333333333 0.125 0.003305785123966942 0.0 0.0 0.013951170901843548 0.045454545454545456,95866.57615082747,0.09285714285714286,722.0,1 1 4 2 0 89 -50,0.08333333333333333 0.125 0.003305785123966942 0.0 0.0 0.013951170901843548 0.0,95866.53069628202,0.08928571428571429,723,11 2 4 7 0 61 -42,0.9166666666666666 0.25 0.003305785123966942 0.0006541077969649398 0.0 0.0 0.36363636363636365,941700.7422620669,0.0125,1,7 8 4 24 0 120 -50,0.5833333333333334 1.0 0.003305785123966942 0.0028780743066457353 0.0 0.029397110114598904 0.0,683369.5632299809,0.0625,2191,9 4 2 9 0 72 -42,0.75 0.5 0.0 0.0009157509157509158 0.0 0.005480817140009965 0.36363636363636365,800001.3341954508,0.039285714285714285,2126,12 2 5 7 0 61 -42,1.0 0.25 0.0049586776859504135 0.0006541077969649398 0.0 0.0 0.36363636363636365,1025050.6045210201,0.0125,714,0 0 597 5683 0 2068 -28,0.0 0.0 0.9834710743801653 0.7431972789115646 0.0 1.0 1.0,10588.908022713218,0.6714285714285714,736,0 0 607 7646 0 2048 -36,0.0 0.0 1.0 1.0 0.0 0.9900348779272546 0.6363636363636364,11010.536712415636,0.6375,655
resolved-p28d-paper/resolved-p28d-3600-1st/nsp-n20-d28-r0.10-rp2-fp2-s3,0 0 0 0 0 112 -46,0.0 0.0 0.0 0.0 0.0 0.0 0.13043478260869565,0.13043478260869565,0.18392857142857144,30.0,0 0 0 0 0 120 -45,0.0 0.0 0.0 0.0 0.0 0.0326530612244898 0.17391304347826086,0.5004436557231589,0.17142857142857143,21.0,0 0 0 0 0 120 -45,0.0 0.0 0.0 0.0 0.0 0.0326530612244898 0.17391304347826086,0.5004436557231589,0.17142857142857143,21,0 0 0 0 0 156 -49,0.0 0.0 0.0 0.0 0.0 0.17959183673469387 0.0,1.7959183673469385,0.15714285714285714,3,0 0 0 0 0 135 -42,0.0 0.0 0.0 0.0 0.0 0.09387755102040816 0.30434782608695654,1.2431233362910383,0.2839285714285714,3,0 0 0 0 0 163 -46,0.0 0.0 0.0 0.0 0.0 0.20816326530612245 0.13043478260869565,2.2120674356699204,0.15535714285714286,2,0 0 0 0 0 306 -26,0.0 0.0 0.0 0.0 0.0 0.7918367346938775 1.0,8.918367346938775,0.5178571428571429,18,0 0 0 0 0 293 -32,0.0 0.0 0.0 0.0 0.0 0.7387755102040816 0.7391304347826086,8.126885536823425,0.5321428571428571,4,0 0 0 0 0 357 -26,0.0 0.0 0.0 0.0 0.0 1.0 1.0,11.0,0.5125,24
resolved-p28d-paper/resolved-p28d-3600-1st/nsp-n20-d28-r0.10-rp2-fp2-s5,3 9 8 21 0 100 -24,0.0 0.7142857142857143 0.00974025974025974 0.0016587677725118483 0.0 0.015481373971940009 0.25,71528.03760748627,0.055357142857142855,786.0,3 9 12 22 0 114 -23,0.0 0.7142857142857143 0.016233766233766232 0.0017772511848341231 0.0 0.022254475084663765 0.2857142857142857,71593.1946011305,0.048214285714285716,769.0,3 10 6 26 1 97 -23,0.0 0.8571428571428571 0.006493506493506494 0.0022511848341232226 1.0 0.014029995162070633 0.2857142857142857,85881.89797829223,0.044642857142857144,759,15 9 2 7 0 68 -17,1.0 0.7142857142857143 0.0 0.0 0.0 0.0 0.5,1071429.0714285714,0.0125,1,9 11 2 27 1 117 -23,0.5 1.0 0.0 0.002369668246445498 1.0 0.02370585389453314 0.2857142857142857,600102.8924410711,0.05892857142857143,1775,9 7 3 12 0 97 -23,0.5 0.42857142857142855 0.0016233766233766235 0.0005924170616113745 0.0 0.014029995162070633 0.2857142857142857,542874.3950546755,0.05714285714285714,775,11 4 593 8447 0 2105 -15,0.6666666666666666 0.0 0.9594155844155844 1.0 0.0 0.9854862119013063 0.5714285714285714,677271.248801513,0.6464285714285715,893,8 5 571 6956 0 2076 -3,0.4166666666666667 0.14285714285714285 0.9237012987012987 0.8233412322274881 0.0 0.9714562167392357 1.0,441023.44973378885,0.6678571428571428,1292,11 4 618 8278 0 2135 -31,0.6666666666666666 0.0 1.0 0.9799763033175355 0.0 1.0 0.0,677656.6429699842,0.6553571428571429,927
resolved-p28d-paper/resolved-p28d-3600-1st/nsp-n30-d28-r0.10-rp2-fp2-s0,1 14 1 21 0 159 -78,0.0 1.0 0.000708215297450425 0.0009525753555147309 0.0 0.007757404795486601 1.0,100009.11230237798,0.04642857142857143,531.0,1 14 1 21 0 160 -78,0.0 1.0 0.000708215297450425 0.0009525753555147309 0.0 0.007992477668077104 1.0,100009.1146531067,0.04404761904761905,530.0,1 14 1 21 0 160 -78,0.0 1.0 0.000708215297450425 0.0009525753555147309 0.0 0.007992477668077104 1.0,100009.1146531067,0.04404761904761905,530,13 12 0 26 0 126 -81,1.0 0.6666666666666666 0.0 0.0012927808396271348 0.0 0.0 0.9423076923076923,1066668.9017551986,0.01904761904761905,1,11 10 0 34 0 149 -81,0.8333333333333334 0.3333333333333333 0.0 0.001837109614206981 0.0 0.0054066760695815706 0.9423076923076923,866669.5001507339,0.034523809523809526,425,10 10 0 7 0 140 -80,0.75 0.3333333333333333 0.0 0.0 0.0 0.003291020216267043 0.9615384615384616,783334.327781997,0.03214285714285714,299,9 12 1412 14166 0 4309 -95,0.6666666666666666 0.6666666666666666 1.0 0.9633938899095054 0.0 0.9833098260460743 0.6730769230769231,744307.2333984263,0.6392857142857142,763,7 8 1402 14704 1 4372 -122,0.5 0.0 0.9929178470254958 1.0 1.0 0.998119417019276 0.15384615384615385,511039.313510579,0.6595238095238095,1088,7 11 1404 14678 0 4380 -130,0.5 0.5 0.9943342776203966 0.9982309314826155 0.0 1.0 0.0,560951.5737076866,0.6511904761904762,1047
resolved-p28d-paper/resolved-p28d-3600-2nd/nsp-n50-d28-r0.10-rp2-fp2-s9,,,,,,0 0 0 0 0 626 -128,0.0 0.0 0.0 0.0 0.0 0.0778816199376947 0.29411764705882354,1.0729338464357705,0.145,2.0,0 0 0 0 0 638 -133,0.0 0.0 0.0 0.0 0.0 0.09034267912772585 0.0,0.9034267912772586,0.165,1,0 0 0 0 0 573 -119,0.0 0.0 0.0 0.0 0.0 0.02284527518172378 0.8235294117647058,1.0519821635819437,0.1657142857142857,2,0 0 0 0 0 551 -116,0.0 0.0 0.0 0.0 0.0 0.0 1.0,1.0,0.2885714285714286,7,0 0 0 0 0 651 -123,0.0 0.0 0.0 0.0 0.0 0.10384215991692627 0.5882352941176471,1.6266568932869099,0.14214285714285715,19,0 0 0 0 0 1514 -122,0.0 0.0 0.0 0.0 0.0 1.0 0.6470588235294118,10.647058823529411,0.46714285714285714,12,0 0 0 0 0 1346 -119,0.0 0.0 0.0 0.0 0.0 0.8255451713395638 0.8235294117647058,9.078981125160345,0.4692857142857143,56,0 0 0 0 0 1487 -116,0.0 0.0 0.0 0.0 0.0 0.9719626168224299 1.0,10.719626168224298,0.4642857142857143,18
